epoch,method,stage,selected,rejected,human
1,apra,apra_mad_filter,"[71, 32, 58, 4, 24, 62, 67, 43, 29]",[3],"{""median_norm"": 0.7099946825017343, ""mad"": 0.20383832697989518, ""k"": 4.524187090179797, ""num_accepted"": 9, ""safety_keep_used"": false, ""fallback_used"": false}"
1,apra,apra_hierarchical_cluster,"[71, 32, 58, 24, 62, 67, 43, 29]",[4],"{""best_k"": 2, ""best_score"": 0.7610056400299072, ""selected_cluster"": 0, ""cluster_scores"": {""0"": 6.567676067352295, ""1"": -1.0}, ""num_trusted"": 8, ""fallback_used"": false}"
1,apra,apra_trust_weighted_clip,"[71, 32, 58, 24, 62, 67, 43, 29]",[],"{""base_clip"": 1.0, ""trust_weights"": {""71"": 0.0, ""32"": 0.0, ""58"": 0.21662479639053345, ""24"": 0.0, ""62"": 0.21662479639053345, ""67"": 0.0, ""43"": 0.28337520360946655, ""29"": 0.28337520360946655}, ""num_aggregated"": 8}"
2,apra,apra_mad_filter,"[73, 72, 99, 20, 15, 37, 93, 74, 22]",[3],"{""median_norm"": 0.550440584094761, ""mad"": 0.08458554640860544, ""k"": 4.093653765389909, ""num_accepted"": 9, ""safety_keep_used"": false, ""fallback_used"": false}"
2,apra,apra_hierarchical_cluster,"[72, 99, 20, 15, 37, 93, 74, 22]",[73],"{""best_k"": 2, ""best_score"": 0.6238232254981995, ""selected_cluster"": 0, ""cluster_scores"": {""0"": 4.731339931488037, ""1"": -1.0}, ""num_trusted"": 8, ""fallback_used"": false}"
2,apra,apra_trust_weighted_clip,"[72, 99, 20, 15, 37, 93, 74, 22]",[],"{""base_clip"": 1.0, ""trust_weights"": {""72"": 0.0, ""99"": 0.1666666716337204, ""20"": 0.1666666716337204, ""15"": 0.0, ""37"": 0.1666666716337204, ""93"": 0.1666666716337204, ""74"": 0.1666666716337204, ""22"": 0.1666666716337204}, ""num_aggregated"": 8}"
3,apra,apra_mad_filter,"[11, 29, 61, 14, 62, 31, 55, 89]","[2, 0]","{""median_norm"": 0.817426306240129, ""mad"": 0.16140161936445369, ""k"": 3.7040911034085893, ""num_accepted"": 8, ""safety_keep_used"": false, ""fallback_used"": false}"
3,apra,apra_hierarchical_cluster,"[11, 29, 61, 14, 62, 55, 89]",[31],"{""best_k"": 2, ""best_score"": 0.7096707224845886, ""selected_cluster"": 0, ""cluster_scores"": {""0"": 6.80726957321167, ""1"": -1.0}, ""num_trusted"": 7, ""fallback_used"": false}"
3,apra,apra_trust_weighted_clip,"[11, 29, 61, 14, 62, 55, 89]",[],"{""base_clip"": 1.0, ""trust_weights"": {""11"": 0.0, ""29"": 0.1666666716337204, ""61"": 0.1666666716337204, ""14"": 0.1666666716337204, ""62"": 0.1666666716337204, ""55"": 0.1666666716337204, ""89"": 0.1666666716337204}, ""num_aggregated"": 7}"
4,apra,apra_mad_filter,"[73, 5, 68, 48, 28, 53, 72, 34]","[1, 88]","{""median_norm"": 0.7245428666981083, ""mad"": 0.08100755074944532, ""k"": 3.351600230178197, ""num_accepted"": 8, ""safety_keep_used"": false, ""fallback_used"": false}"
4,apra,apra_hierarchical_cluster,"[5, 68, 28, 53, 72, 34]","[73, 48]","{""best_k"": 3, ""best_score"": 0.6327313184738159, ""selected_cluster"": 0, ""cluster_scores"": {""0"": 5.548105716705322, ""1"": -1.0, ""2"": -1.0}, ""num_trusted"": 6, ""fallback_used"": false}"
4,apra,apra_trust_weighted_clip,"[5, 68, 28, 53, 72, 34]",[],"{""base_clip"": 1.0, ""trust_weights"": {""5"": 0.0, ""68"": 0.20000000298023224, ""28"": 0.20000000298023224, ""53"": 0.20000000298023224, ""72"": 0.20000000298023224, ""34"": 0.20000000298023224}, ""num_aggregated"": 6}"
5,apra,apra_mad_filter,"[27, 55, 98, 67, 16, 57, 21, 26, 69]",[4],"{""median_norm"": 0.6319872112129212, ""mad"": 0.06738691287470727, ""k"": 3.032653298563167, ""num_accepted"": 9, ""safety_keep_used"": false, ""fallback_used"": false}"
5,apra,apra_hierarchical_cluster,"[55, 98, 16, 57, 21, 26]","[27, 67, 69]","{""best_k"": 3, ""best_score"": 0.4880784749984741, ""selected_cluster"": 1, ""cluster_scores"": {""0"": 1.6367523670196533, ""1"": 5.090328693389893, ""2"": -1.0}, ""num_trusted"": 6, ""fallback_used"": false}"
5,apra,apra_trust_weighted_clip,"[55, 98, 16, 57, 21, 26]",[],"{""base_clip"": 1.0, ""trust_weights"": {""55"": 0.07519058138132095, ""98"": 0.2312023639678955, ""16"": 0.2312023639678955, ""57"": 0.2312023639678955, ""21"": 0.2312023639678955, ""26"": 0.0}, ""num_aggregated"": 6}"
6,apra,apra_mad_filter,"[55, 44, 86, 53, 6, 52, 61, 62, 48]",[3],"{""median_norm"": 0.6645638036909417, ""mad"": 0.07303032724593256, ""k"": 2.744058180470132, ""num_accepted"": 9, ""safety_keep_used"": false, ""fallback_used"": false}"
6,apra,apra_hierarchical_cluster,"[55, 44, 86, 53, 6, 52, 61, 62]",[48],"{""best_k"": 2, ""best_score"": 0.7154431939125061, ""selected_cluster"": 0, ""cluster_scores"": {""0"": 5.5122904777526855, ""1"": -1.0}, ""num_trusted"": 8, ""fallback_used"": false}"
6,apra,apra_trust_weighted_clip,"[55, 44, 86, 53, 6, 52, 61, 62]",[],"{""base_clip"": 1.0, ""trust_weights"": {""55"": 0.1428571492433548, ""44"": 0.0, ""86"": 0.1428571492433548, ""53"": 0.1428571492433548, ""6"": 0.1428571492433548, ""52"": 0.1428571492433548, ""61"": 0.1428571492433548, ""62"": 0.1428571492433548}, ""num_aggregated"": 8}"
7,apra,apra_mad_filter,"[73, 46, 58, 32, 95, 97, 42, 38, 13]",[2],"{""median_norm"": 0.7515178903862171, ""mad"": 0.09814229965196886, ""k"": 2.4829265189570475, ""num_accepted"": 9, ""safety_keep_used"": false, ""fallback_used"": false}"
7,apra,apra_hierarchical_cluster,"[73, 46, 58, 32, 97, 42, 38, 13]",[95],"{""best_k"": 2, ""best_score"": 0.4398095905780792, ""selected_cluster"": 0, ""cluster_scores"": {""0"": 3.232731819152832, ""1"": -1.0}, ""num_trusted"": 8, ""fallback_used"": false}"
7,apra,apra_trust_weighted_clip,"[73, 46, 58, 32, 97, 42, 38, 13]",[],"{""base_clip"": 1.0, ""trust_weights"": {""73"": 0.10767685621976852, ""46"": 0.19672663509845734, ""58"": 0.15969713032245636, ""32"": 0.19672663509845734, ""97"": 0.0, ""42"": 0.10767685621976852, ""38"": 0.15969713032245636, ""13"": 0.07179871946573257}, ""num_aggregated"": 8}"
8,apra,apra_mad_filter,"[41, 96, 97, 82, 86, 57, 62, 85, 17]",[0],"{""median_norm"": 0.6073532654610366, ""mad"": 0.14123566311137686, ""k"": 2.246644820586108, ""num_accepted"": 9, ""safety_keep_used"": false, ""fallback_used"": false}"
8,apra,apra_hierarchical_cluster,"[86, 57, 62, 85, 17]","[41, 96, 97, 82]","{""best_k"": 3, ""best_score"": 0.49553149938583374, ""selected_cluster"": 2, ""cluster_scores"": {""0"": 1.8538148403167725, ""1"": 1.920751929283142, ""2"": 4.629979610443115}, ""num_trusted"": 5, ""fallback_used"": false}"
8,apra,apra_trust_weighted_clip,"[86, 57, 62, 85, 17]",[],"{""base_clip"": 1.0, ""trust_weights"": {""86"": 0.3868955671787262, ""57"": 0.22620889544487, ""62"": 0.3868955671787262, ""85"": 0.0, ""17"": 0.0}, ""num_aggregated"": 5}"
9,apra,apra_mad_filter,"[6, 23, 43, 89, 96, 69, 84]","[2, 1, 38]","{""median_norm"": 0.684129461504902, ""mad"": 0.051418736968327605, ""k"": 2.0328482987029957, ""num_accepted"": 7, ""safety_keep_used"": false, ""fallback_used"": false}"
9,apra,apra_hierarchical_cluster,"[6, 23, 43, 89, 96, 84]",[69],"{""best_k"": 2, ""best_score"": 0.5196705460548401, ""selected_cluster"": 0, ""cluster_scores"": {""0"": 4.908962726593018, ""1"": -1.0}, ""num_trusted"": 6, ""fallback_used"": false}"
9,apra,apra_trust_weighted_clip,"[6, 23, 43, 89, 96, 84]",[],"{""base_clip"": 1.0, ""trust_weights"": {""6"": 0.24536874890327454, ""23"": 0.0, ""43"": 0.24536874890327454, ""89"": 0.24536874890327454, ""96"": 0.24536874890327454, ""84"": 0.018525050953030586}, ""num_aggregated"": 6}"
10,apra,apra_mad_filter,"[95, 65, 71, 9, 81, 70, 41, 42]","[4, 3]","{""median_norm"": 0.7318991006372952, ""mad"": 0.16550322433653575, ""k"": 2.0, ""num_accepted"": 8, ""safety_keep_used"": false, ""fallback_used"": false}"
10,apra,apra_hierarchical_cluster,"[65, 71, 9, 81, 70, 41, 42]",[95],"{""best_k"": 2, ""best_score"": 0.5249197483062744, ""selected_cluster"": 0, ""cluster_scores"": {""0"": 6.702114582061768, ""1"": -1.0}, ""num_trusted"": 7, ""fallback_used"": false}"
10,apra,apra_trust_weighted_clip,"[65, 71, 9, 81, 70, 41, 42]",[],"{""base_clip"": 1.0, ""trust_weights"": {""65"": 0.25, ""71"": 0.0, ""9"": 0.0, ""81"": 0.25, ""70"": 0.0, ""41"": 0.25, ""42"": 0.25}, ""num_aggregated"": 7}"
11,apra,apra_mad_filter,"[58, 20, 28, 44, 63, 65, 38, 97]","[4, 47]","{""median_norm"": 0.5610499863224916, ""mad"": 0.05664319217373687, ""k"": 2.0, ""num_accepted"": 8, ""safety_keep_used"": false, ""fallback_used"": false}"
11,apra,apra_hierarchical_cluster,"[58, 20, 28, 44, 63, 65, 38]",[97],"{""best_k"": 2, ""best_score"": 0.542302131652832, ""selected_cluster"": 0, ""cluster_scores"": {""0"": 1.6936748027801514, ""1"": -1.0}, ""num_trusted"": 7, ""fallback_used"": false}"
11,apra,apra_trust_weighted_clip,"[58, 20, 28, 44, 63, 65, 38]",[],"{""base_clip"": 1.0, ""trust_weights"": {""58"": 0.17042478919029236, ""20"": 0.1478760838508606, ""28"": 0.17042478919029236, ""44"": 0.0, ""63"": 0.17042478919029236, ""65"": 0.17042478919029236, ""38"": 0.17042478919029236}, ""num_aggregated"": 7}"
12,apra,apra_mad_filter,"[81, 20, 6, 68, 37, 15, 11, 48]","[3, 2]","{""median_norm"": 0.6377533029047648, ""mad"": 0.15910563962003382, ""k"": 2.0, ""num_accepted"": 8, ""safety_keep_used"": false, ""fallback_used"": false}"
12,apra,apra_hierarchical_cluster,"[81, 20, 6, 68, 37, 15, 11]",[48],"{""best_k"": 2, ""best_score"": 0.687048077583313, ""selected_cluster"": 0, ""cluster_scores"": {""0"": 5.909124851226807, ""1"": -1.0}, ""num_trusted"": 7, ""fallback_used"": false}"
12,apra,apra_trust_weighted_clip,"[81, 20, 6, 68, 37, 15, 11]",[],"{""base_clip"": 1.0, ""trust_weights"": {""81"": 0.17464499175548553, ""20"": 0.0, ""6"": 0.17464499175548553, ""68"": 0.17464499175548553, ""37"": 0.17464499175548553, ""15"": 0.17464499175548553, ""11"": 0.12677504122257233}, ""num_aggregated"": 7}"
13,apra,apra_mad_filter,"[60, 95, 98, 39, 75, 32, 15, 52, 49]",[0],"{""median_norm"": 0.6911235440163335, ""mad"": 0.14872655615093616, ""k"": 2.0, ""num_accepted"": 9, ""safety_keep_used"": false, ""fallback_used"": false}"
13,apra,apra_hierarchical_cluster,"[60, 98, 39, 75, 32, 15, 52, 49]",[95],"{""best_k"": 2, ""best_score"": 0.541263997554779, ""selected_cluster"": 0, ""cluster_scores"": {""0"": 4.94265079498291, ""1"": -1.0}, ""num_trusted"": 8, ""fallback_used"": false}"
13,apra,apra_trust_weighted_clip,"[60, 98, 39, 75, 32, 15, 52, 49]",[],"{""base_clip"": 1.0, ""trust_weights"": {""60"": 0.0, ""98"": 0.20000000298023224, ""39"": 0.20000000298023224, ""75"": 0.20000000298023224, ""32"": 0.0, ""15"": 0.0, ""52"": 0.20000000298023224, ""49"": 0.20000000298023224}, ""num_aggregated"": 8}"
14,apra,apra_mad_filter,"[86, 16, 55, 99, 15, 12, 44]","[0, 67, 88]","{""median_norm"": 0.49015512913659465, ""mad"": 0.03787189511875533, ""k"": 2.0, ""num_accepted"": 7, ""safety_keep_used"": false, ""fallback_used"": false}"
14,apra,apra_hierarchical_cluster,"[86, 16, 55, 12]","[99, 15, 44]","{""best_k"": 3, ""best_score"": 0.42056599259376526, ""selected_cluster"": 1, ""cluster_scores"": {""0"": 1.9648559093475342, ""1"": 3.9825823307037354, ""2"": -1.0}, ""num_trusted"": 4, ""fallback_used"": false}"
14,apra,apra_trust_weighted_clip,"[86, 16, 55, 12]",[],"{""base_clip"": 1.0, ""trust_weights"": {""86"": 0.3333333432674408, ""16"": 0.0, ""55"": 0.3333333432674408, ""12"": 0.3333333432674408}, ""num_aggregated"": 4}"
15,apra,apra_mad_filter,"[81, 49, 56, 12, 30, 83, 37, 91]","[2, 3]","{""median_norm"": 0.6829938328226599, ""mad"": 0.18945728429318354, ""k"": 2.0, ""num_accepted"": 8, ""safety_keep_used"": false, ""fallback_used"": false}"
15,apra,apra_hierarchical_cluster,"[81, 49, 12, 83, 37, 91]","[56, 30]","{""best_k"": 2, ""best_score"": 0.5947222709655762, ""selected_cluster"": 0, ""cluster_scores"": {""0"": 5.85770845413208, ""1"": 1.8762747049331665}, ""num_trusted"": 6, ""fallback_used"": false}"
15,apra,apra_trust_weighted_clip,"[81, 49, 12, 83, 37, 91]",[],"{""base_clip"": 1.0, ""trust_weights"": {""81"": 0.20000000298023224, ""49"": 0.0, ""12"": 0.20000000298023224, ""83"": 0.20000000298023224, ""37"": 0.20000000298023224, ""91"": 0.20000000298023224}, ""num_aggregated"": 6}"
16,apra,apra_mad_filter,"[57, 85, 84, 6, 43, 71, 39]","[2, 46, 40]","{""median_norm"": 0.6310758742247018, ""mad"": 0.036043095165155914, ""k"": 2.0, ""num_accepted"": 7, ""safety_keep_used"": false, ""fallback_used"": false}"
16,apra,apra_hierarchical_cluster,"[57, 84, 6, 43, 39]","[85, 71]","{""best_k"": 2, ""best_score"": 0.5681387782096863, ""selected_cluster"": 1, ""cluster_scores"": {""0"": 1.9276371002197266, ""1"": 4.789450645446777}, ""num_trusted"": 5, ""fallback_used"": false}"
16,apra,apra_trust_weighted_clip,"[57, 84, 6, 43, 39]",[],"{""base_clip"": 1.0, ""trust_weights"": {""57"": 0.2, ""84"": 0.2, ""6"": 0.2, ""43"": 0.2, ""39"": 0.2}, ""num_aggregated"": 5}"
17,apra,apra_mad_filter,"[83, 71, 76, 18, 17, 81, 62, 52]","[0, 3]","{""median_norm"": 0.8474466349285226, ""mad"": 0.18706099957881794, ""k"": 2.0, ""num_accepted"": 8, ""safety_keep_used"": false, ""fallback_used"": false}"
17,apra,apra_hierarchical_cluster,"[83, 76, 18, 17, 81, 62, 52]",[71],"{""best_k"": 2, ""best_score"": 0.6614300012588501, ""selected_cluster"": 0, ""cluster_scores"": {""0"": 6.816720485687256, ""1"": -1.0}, ""num_trusted"": 7, ""fallback_used"": false}"
17,apra,apra_trust_weighted_clip,"[83, 76, 18, 17, 81, 62, 52]",[],"{""base_clip"": 1.0, ""trust_weights"": {""83"": 0.1857650876045227, ""76"": 0.18008601665496826, ""18"": 0.1857650876045227, ""17"": 0.0, ""81"": 0.18008601665496826, ""62"": 0.1857650876045227, ""52"": 0.08253274857997894}, ""num_aggregated"": 7}"
18,apra,apra_mad_filter,"[4, 80, 88, 5, 84, 50, 40, 78, 31, 43]",[],"{""median_norm"": 0.7575614138032074, ""mad"": 0.20665551495398082, ""k"": 2.0, ""num_accepted"": 10, ""safety_keep_used"": false, ""fallback_used"": false}"
18,apra,apra_hierarchical_cluster,"[80, 5, 84, 50, 40, 78, 31, 43]","[4, 88]","{""best_k"": 3, ""best_score"": 0.7179686427116394, ""selected_cluster"": 0, ""cluster_scores"": {""0"": 6.192512512207031, ""1"": -1.0, ""2"": -1.0}, ""num_trusted"": 8, ""fallback_used"": false}"
18,apra,apra_trust_weighted_clip,"[80, 5, 84, 50, 40, 78, 31, 43]",[],"{""base_clip"": 1.0, ""trust_weights"": {""80"": 0.1428571492433548, ""5"": 0.1428571492433548, ""84"": 0.1428571492433548, ""50"": 0.1428571492433548, ""40"": 0.1428571492433548, ""78"": 0.1428571492433548, ""31"": 0.0, ""43"": 0.1428571492433548}, ""num_aggregated"": 8}"
19,apra,apra_mad_filter,"[45, 95, 90, 65, 6, 87, 29, 51]","[3, 84]","{""median_norm"": 0.6644993990662458, ""mad"": 0.09114622628505159, ""k"": 2.0, ""num_accepted"": 8, ""safety_keep_used"": false, ""fallback_used"": false}"
19,apra,apra_hierarchical_cluster,"[45, 90, 65, 6, 87, 29, 51]",[95],"{""best_k"": 2, ""best_score"": 0.6703903675079346, ""selected_cluster"": 0, ""cluster_scores"": {""0"": 5.126855373382568, ""1"": -1.0}, ""num_trusted"": 7, ""fallback_used"": false}"
19,apra,apra_trust_weighted_clip,"[45, 90, 65, 6, 87, 29, 51]",[],"{""base_clip"": 1.0, ""trust_weights"": {""45"": 0.20000000298023224, ""90"": 0.20000000298023224, ""65"": 0.0, ""6"": 0.20000000298023224, ""87"": 0.20000000298023224, ""29"": 0.0, ""51"": 0.20000000298023224}, ""num_aggregated"": 7}"
20,apra,apra_mad_filter,"[72, 28, 52, 38, 63, 18, 22, 39, 47]",[1],"{""median_norm"": 0.6100054736996016, ""mad"": 0.1448648430598846, ""k"": 2.0, ""num_accepted"": 9, ""safety_keep_used"": false, ""fallback_used"": false}"
20,apra,apra_hierarchical_cluster,"[72, 28, 52, 38, 63, 18, 22, 39]",[47],"{""best_k"": 2, ""best_score"": 0.6236340999603271, ""selected_cluster"": 0, ""cluster_scores"": {""0"": 6.495506763458252, ""1"": -1.0}, ""num_trusted"": 8, ""fallback_used"": false}"
20,apra,apra_trust_weighted_clip,"[72, 28, 52, 38, 63, 18, 22, 39]",[],"{""base_clip"": 1.0, ""trust_weights"": {""72"": 0.20000000298023224, ""28"": 0.20000000298023224, ""52"": 0.20000000298023224, ""38"": 0.20000000298023224, ""63"": 0.0, ""18"": 0.0, ""22"": 0.20000000298023224, ""39"": 0.0}, ""num_aggregated"": 8}"
21,apra,apra_mad_filter,"[99, 66, 96, 13, 63, 5, 68, 94, 29]",[2],"{""median_norm"": 0.6313992022441197, ""mad"": 0.04634808272815738, ""k"": 2.0, ""num_accepted"": 9, ""safety_keep_used"": false, ""fallback_used"": false}"
21,apra,apra_hierarchical_cluster,"[66, 96, 13, 63, 68, 94, 29]","[99, 5]","{""best_k"": 2, ""best_score"": 0.37277165055274963, ""selected_cluster"": 1, ""cluster_scores"": {""0"": 1.2472023963928223, ""1"": 4.739325046539307}, ""num_trusted"": 7, ""fallback_used"": false}"
21,apra,apra_trust_weighted_clip,"[66, 96, 13, 63, 68, 94, 29]",[],"{""base_clip"": 1.0, ""trust_weights"": {""66"": 0.20000000298023224, ""96"": 0.0, ""13"": 0.20000000298023224, ""63"": 0.20000000298023224, ""68"": 0.20000000298023224, ""94"": 0.20000000298023224, ""29"": 0.0}, ""num_aggregated"": 7}"
22,apra,apra_mad_filter,"[45, 9, 98, 99, 38, 83, 86, 24, 34]",[1],"{""median_norm"": 0.6873812696380224, ""mad"": 0.15481385741452552, ""k"": 2.0, ""num_accepted"": 9, ""safety_keep_used"": false, ""fallback_used"": false}"
22,apra,apra_hierarchical_cluster,"[45, 98, 99, 38, 83, 86, 24, 34]",[9],"{""best_k"": 2, ""best_score"": 0.6056999564170837, ""selected_cluster"": 0, ""cluster_scores"": {""0"": 5.772306442260742, ""1"": -1.0}, ""num_trusted"": 8, ""fallback_used"": false}"
22,apra,apra_trust_weighted_clip,"[45, 98, 99, 38, 83, 86, 24, 34]",[],"{""base_clip"": 1.0, ""trust_weights"": {""45"": 0.1428571492433548, ""98"": 0.1428571492433548, ""99"": 0.0, ""38"": 0.1428571492433548, ""83"": 0.1428571492433548, ""86"": 0.1428571492433548, ""24"": 0.1428571492433548, ""34"": 0.1428571492433548}, ""num_aggregated"": 8}"
23,apra,apra_mad_filter,"[83, 82, 79, 81, 91, 53, 52, 90, 32]",[2],"{""median_norm"": 0.5745364854453728, ""mad"": 0.10613760757203392, ""k"": 2.0, ""num_accepted"": 9, ""safety_keep_used"": false, ""fallback_used"": false}"
23,apra,apra_hierarchical_cluster,"[83, 79, 81, 91, 53, 52, 90, 32]",[82],"{""best_k"": 2, ""best_score"": 0.6550276279449463, ""selected_cluster"": 0, ""cluster_scores"": {""0"": 6.959585189819336, ""1"": -1.0}, ""num_trusted"": 8, ""fallback_used"": false}"
23,apra,apra_trust_weighted_clip,"[83, 79, 81, 91, 53, 52, 90, 32]",[],"{""base_clip"": 1.0, ""trust_weights"": {""83"": 0.1428571492433548, ""79"": 0.1428571492433548, ""81"": 0.1428571492433548, ""91"": 0.1428571492433548, ""53"": 0.1428571492433548, ""52"": 0.1428571492433548, ""90"": 0.1428571492433548, ""32"": 0.0}, ""num_aggregated"": 8}"
24,apra,apra_mad_filter,"[5, 99, 6, 94, 34, 46, 28, 76, 91]",[4],"{""median_norm"": 0.4900960636945843, ""mad"": 0.06045624116228915, ""k"": 2.0, ""num_accepted"": 9, ""safety_keep_used"": false, ""fallback_used"": false}"
24,apra,apra_hierarchical_cluster,"[5, 6, 94, 34, 46, 28, 76, 91]",[99],"{""best_k"": 2, ""best_score"": 0.589145839214325, ""selected_cluster"": 0, ""cluster_scores"": {""0"": 5.825037002563477, ""1"": -1.0}, ""num_trusted"": 8, ""fallback_used"": false}"
24,apra,apra_trust_weighted_clip,"[5, 6, 94, 34, 46, 28, 76, 91]",[],"{""base_clip"": 1.0, ""trust_weights"": {""5"": 0.06814432889223099, ""6"": 0.1562805324792862, ""94"": 0.1562805324792862, ""34"": 0.1562805324792862, ""46"": 0.15045294165611267, ""28"": 0.0, ""76"": 0.1562805324792862, ""91"": 0.1562805324792862}, ""num_aggregated"": 8}"
25,apra,apra_mad_filter,"[35, 90, 93, 71, 98, 70, 95, 54]","[4, 2]","{""median_norm"": 0.7634308890019591, ""mad"": 0.1887443626412431, ""k"": 2.0, ""num_accepted"": 8, ""safety_keep_used"": false, ""fallback_used"": false}"
25,apra,apra_hierarchical_cluster,"[35, 90, 93, 71, 98, 70, 95]",[54],"{""best_k"": 2, ""best_score"": 0.734681248664856, ""selected_cluster"": 0, ""cluster_scores"": {""0"": 6.123989105224609, ""1"": -1.0}, ""num_trusted"": 7, ""fallback_used"": false}"
25,apra,apra_trust_weighted_clip,"[35, 90, 93, 71, 98, 70, 95]",[],"{""base_clip"": 1.0, ""trust_weights"": {""35"": 0.0, ""90"": 0.1666666716337204, ""93"": 0.1666666716337204, ""71"": 0.1666666716337204, ""98"": 0.1666666716337204, ""70"": 0.1666666716337204, ""95"": 0.1666666716337204}, ""num_aggregated"": 7}"
26,apra,apra_mad_filter,"[81, 22, 41, 14, 39, 1, 88, 74, 49]",[3],"{""median_norm"": 0.9551540617566174, ""mad"": 0.33783906858030793, ""k"": 2.0, ""num_accepted"": 9, ""safety_keep_used"": false, ""fallback_used"": false}"
26,apra,apra_hierarchical_cluster,"[81, 22, 41, 14, 39, 74, 49]","[1, 88]","{""best_k"": 3, ""best_score"": 0.6892900466918945, ""selected_cluster"": 0, ""cluster_scores"": {""0"": 5.893631935119629, ""1"": -1.0, ""2"": -1.0}, ""num_trusted"": 7, ""fallback_used"": false}"
26,apra,apra_trust_weighted_clip,"[81, 22, 41, 14, 39, 74, 49]",[],"{""base_clip"": 1.0, ""trust_weights"": {""81"": 0.1666666716337204, ""22"": 0.1666666716337204, ""41"": 0.0, ""14"": 0.1666666716337204, ""39"": 0.1666666716337204, ""74"": 0.1666666716337204, ""49"": 0.1666666716337204}, ""num_aggregated"": 7}"
27,apra,apra_mad_filter,"[57, 7, 73, 75, 65, 58, 27, 10]","[0, 95]","{""median_norm"": 0.6549893100487798, ""mad"": 0.05819161761901981, ""k"": 2.0, ""num_accepted"": 8, ""safety_keep_used"": false, ""fallback_used"": false}"
27,apra,apra_hierarchical_cluster,"[57, 7, 75, 65, 58, 27, 10]",[73],"{""best_k"": 2, ""best_score"": 0.6655939817428589, ""selected_cluster"": 0, ""cluster_scores"": {""0"": 5.861809730529785, ""1"": -1.0}, ""num_trusted"": 7, ""fallback_used"": false}"
27,apra,apra_trust_weighted_clip,"[57, 7, 75, 65, 58, 27, 10]",[],"{""base_clip"": 1.0, ""trust_weights"": {""57"": 0.08332300186157227, ""7"": 0.18945349752902985, ""75"": 0.18945349752902985, ""65"": 0.15886299312114716, ""58"": 0.18945349752902985, ""27"": 0.18945349752902985, ""10"": 0.0}, ""num_aggregated"": 7}"
28,apra,apra_mad_filter,"[65, 15, 51, 53, 69, 72, 14]","[3, 1, 76]","{""median_norm"": 0.5717004974038375, ""mad"": 0.12258428090473089, ""k"": 2.0, ""num_accepted"": 7, ""safety_keep_used"": false, ""fallback_used"": false}"
28,apra,apra_hierarchical_cluster,"[65, 15, 51, 53, 72, 14]",[69],"{""best_k"": 2, ""best_score"": 0.43728718161582947, ""selected_cluster"": 0, ""cluster_scores"": {""0"": 5.8494062423706055, ""1"": -1.0}, ""num_trusted"": 6, ""fallback_used"": false}"
28,apra,apra_trust_weighted_clip,"[65, 15, 51, 53, 72, 14]",[],"{""base_clip"": 1.0, ""trust_weights"": {""65"": 0.0, ""15"": 0.22861653566360474, ""51"": 0.22861653566360474, ""53"": 0.22861653566360474, ""72"": 0.08553390204906464, ""14"": 0.22861653566360474}, ""num_aggregated"": 6}"
29,apra,apra_mad_filter,"[30, 81, 70, 38, 49, 78, 14, 87]","[1, 3]","{""median_norm"": 0.6108864618512366, ""mad"": 0.09755235045264393, ""k"": 2.0, ""num_accepted"": 8, ""safety_keep_used"": false, ""fallback_used"": false}"
29,apra,apra_hierarchical_cluster,"[81, 70, 38, 49, 78, 14, 87]",[30],"{""best_k"": 2, ""best_score"": 0.6402895450592041, ""selected_cluster"": 0, ""cluster_scores"": {""0"": 6.932920455932617, ""1"": -1.0}, ""num_trusted"": 7, ""fallback_used"": false}"
29,apra,apra_trust_weighted_clip,"[81, 70, 38, 49, 78, 14, 87]",[],"{""base_clip"": 1.0, ""trust_weights"": {""81"": 0.1666666716337204, ""70"": 0.0, ""38"": 0.1666666716337204, ""49"": 0.1666666716337204, ""78"": 0.1666666716337204, ""14"": 0.1666666716337204, ""87"": 0.1666666716337204}, ""num_aggregated"": 7}"
30,apra,apra_mad_filter,"[71, 13, 47, 7, 49, 33, 42, 34, 53]",[1],"{""median_norm"": 0.6937465885057814, ""mad"": 0.09228079676397283, ""k"": 2.0, ""num_accepted"": 9, ""safety_keep_used"": false, ""fallback_used"": false}"
30,apra,apra_hierarchical_cluster,"[71, 13, 7, 49, 33, 34, 53]","[47, 42]","{""best_k"": 2, ""best_score"": 0.5948178768157959, ""selected_cluster"": 1, ""cluster_scores"": {""0"": 1.4024227857589722, ""1"": 6.16483211517334}, ""num_trusted"": 7, ""fallback_used"": false}"
30,apra,apra_trust_weighted_clip,"[71, 13, 7, 49, 33, 34, 53]",[],"{""base_clip"": 1.0, ""trust_weights"": {""71"": 0.24047735333442688, ""13"": 0.24047735333442688, ""7"": 0.24047735333442688, ""49"": 0.03809056431055069, ""33"": 0.0, ""34"": 0.24047735333442688, ""53"": 0.0}, ""num_aggregated"": 7}"
31,apra,apra_mad_filter,"[20, 48, 57, 30, 15, 45, 29, 54, 14]",[3],"{""median_norm"": 0.6374113964301182, ""mad"": 0.12737332871397178, ""k"": 2.0, ""num_accepted"": 9, ""safety_keep_used"": false, ""fallback_used"": false}"
31,apra,apra_hierarchical_cluster,"[20, 57, 30, 15, 45, 29, 14]","[48, 54]","{""best_k"": 3, ""best_score"": 0.5998934507369995, ""selected_cluster"": 0, ""cluster_scores"": {""0"": 4.176663398742676, ""1"": -1.0, ""2"": -1.0}, ""num_trusted"": 7, ""fallback_used"": false}"
31,apra,apra_trust_weighted_clip,"[20, 57, 30, 15, 45, 29, 14]",[],"{""base_clip"": 1.0, ""trust_weights"": {""20"": 0.0, ""57"": 0.1666666716337204, ""30"": 0.1666666716337204, ""15"": 0.1666666716337204, ""45"": 0.1666666716337204, ""29"": 0.1666666716337204, ""14"": 0.1666666716337204}, ""num_aggregated"": 7}"
32,apra,apra_mad_filter,"[57, 52, 76, 65, 58, 51, 23, 99, 21]",[1],"{""median_norm"": 0.5984417884271113, ""mad"": 0.08681943326764902, ""k"": 2.0, ""num_accepted"": 9, ""safety_keep_used"": false, ""fallback_used"": false}"
32,apra,apra_hierarchical_cluster,"[57, 52, 76, 65, 51, 23, 21]","[58, 99]","{""best_k"": 2, ""best_score"": 0.5213093757629395, ""selected_cluster"": 0, ""cluster_scores"": {""0"": 4.712695121765137, ""1"": 1.8540029525756836}, ""num_trusted"": 7, ""fallback_used"": false}"
32,apra,apra_trust_weighted_clip,"[57, 52, 76, 65, 51, 23, 21]",[],"{""base_clip"": 1.0, ""trust_weights"": {""57"": 0.20000000298023224, ""52"": 0.20000000298023224, ""76"": 0.20000000298023224, ""65"": 0.0, ""51"": 0.20000000298023224, ""23"": 0.0, ""21"": 0.20000000298023224}, ""num_aggregated"": 7}"
33,apra,apra_mad_filter,"[46, 64, 96, 82, 75, 40, 63, 36, 47]",[4],"{""median_norm"": 0.601796065989983, ""mad"": 0.08525918880759437, ""k"": 2.0, ""num_accepted"": 9, ""safety_keep_used"": false, ""fallback_used"": false}"
33,apra,apra_hierarchical_cluster,"[46, 64, 96, 75, 40, 63, 36]","[82, 47]","{""best_k"": 3, ""best_score"": 0.4008869528770447, ""selected_cluster"": 0, ""cluster_scores"": {""0"": 2.066378355026245, ""1"": -1.0, ""2"": -1.0}, ""num_trusted"": 7, ""fallback_used"": false}"
33,apra,apra_trust_weighted_clip,"[46, 64, 96, 75, 40, 63, 36]",[],"{""base_clip"": 1.0, ""trust_weights"": {""46"": 0.1666666716337204, ""64"": 0.1666666716337204, ""96"": 0.1666666716337204, ""75"": 0.1666666716337204, ""40"": 0.1666666716337204, ""63"": 0.1666666716337204, ""36"": 0.0}, ""num_aggregated"": 7}"
34,apra,apra_mad_filter,"[8, 81, 73, 83, 65, 79, 58, 16]","[0, 72]","{""median_norm"": 0.6126797989064721, ""mad"": 0.04032972464477369, ""k"": 2.0, ""num_accepted"": 8, ""safety_keep_used"": false, ""fallback_used"": false}"
34,apra,apra_hierarchical_cluster,"[8, 81, 83, 65, 79, 58, 16]",[73],"{""best_k"": 2, ""best_score"": 0.7393547296524048, ""selected_cluster"": 0, ""cluster_scores"": {""0"": 5.884678840637207, ""1"": -1.0}, ""num_trusted"": 7, ""fallback_used"": false}"
34,apra,apra_trust_weighted_clip,"[8, 81, 83, 65, 79, 58, 16]",[],"{""base_clip"": 1.0, ""trust_weights"": {""8"": 0.0, ""81"": 0.1666666716337204, ""83"": 0.1666666716337204, ""65"": 0.1666666716337204, ""79"": 0.1666666716337204, ""58"": 0.1666666716337204, ""16"": 0.1666666716337204}, ""num_aggregated"": 7}"
35,apra,apra_mad_filter,"[84, 29, 12, 98, 44, 64, 13, 55]","[3, 30]","{""median_norm"": 0.5476747259588861, ""mad"": 0.04812041327719124, ""k"": 2.0, ""num_accepted"": 8, ""safety_keep_used"": false, ""fallback_used"": false}"
35,apra,apra_hierarchical_cluster,"[84, 29, 12, 98, 64, 13, 55]",[44],"{""best_k"": 2, ""best_score"": 0.43097060918807983, ""selected_cluster"": 0, ""cluster_scores"": {""0"": 4.983981132507324, ""1"": -1.0}, ""num_trusted"": 7, ""fallback_used"": false}"
35,apra,apra_trust_weighted_clip,"[84, 29, 12, 98, 64, 13, 55]",[],"{""base_clip"": 1.0, ""trust_weights"": {""84"": 0.0, ""29"": 0.20000000298023224, ""12"": 0.20000000298023224, ""98"": 0.20000000298023224, ""64"": 0.20000000298023224, ""13"": 0.0, ""55"": 0.20000000298023224}, ""num_aggregated"": 7}"
36,apra,apra_mad_filter,"[23, 49, 11, 34, 99, 33, 58]","[0, 36, 12]","{""median_norm"": 0.7487407668982351, ""mad"": 0.09236905632235948, ""k"": 2.0, ""num_accepted"": 7, ""safety_keep_used"": false, ""fallback_used"": false}"
36,apra,apra_hierarchical_cluster,"[23, 11, 34, 33]","[49, 99, 58]","{""best_k"": 3, ""best_score"": 0.47529155015945435, ""selected_cluster"": 1, ""cluster_scores"": {""0"": 1.902899980545044, ""1"": 3.936852216720581, ""2"": -1.0}, ""num_trusted"": 4, ""fallback_used"": false}"
36,apra,apra_trust_weighted_clip,"[23, 11, 34, 33]",[],"{""base_clip"": 1.0, ""trust_weights"": {""23"": 0.3333333432674408, ""11"": 0.0, ""34"": 0.3333333432674408, ""33"": 0.3333333432674408}, ""num_aggregated"": 4}"
37,apra,apra_mad_filter,"[5, 34, 99, 14, 24, 56, 37]","[3, 43, 48]","{""median_norm"": 0.5259559146702427, ""mad"": 0.10071080134908994, ""k"": 2.0, ""num_accepted"": 7, ""safety_keep_used"": false, ""fallback_used"": false}"
37,apra,apra_hierarchical_cluster,"[34, 14, 24, 37]","[5, 99, 56]","{""best_k"": 3, ""best_score"": 0.46231040358543396, ""selected_cluster"": 1, ""cluster_scores"": {""0"": 1.8520305156707764, ""1"": 3.8999648094177246, ""2"": -1.0}, ""num_trusted"": 4, ""fallback_used"": false}"
37,apra,apra_trust_weighted_clip,"[34, 14, 24, 37]",[],"{""base_clip"": 1.0, ""trust_weights"": {""34"": 0.3333333432674408, ""14"": 0.3333333432674408, ""24"": 0.0, ""37"": 0.3333333432674408}, ""num_aggregated"": 4}"
38,apra,apra_mad_filter,"[85, 65, 95, 82, 19, 77, 54, 37]","[2, 88]","{""median_norm"": 0.6839703422880039, ""mad"": 0.12600790721989946, ""k"": 2.0, ""num_accepted"": 8, ""safety_keep_used"": false, ""fallback_used"": false}"
38,apra,apra_hierarchical_cluster,"[85, 65, 82, 19, 77, 37]","[95, 54]","{""best_k"": 2, ""best_score"": 0.6547969579696655, ""selected_cluster"": 1, ""cluster_scores"": {""0"": 1.9211711883544922, ""1"": 5.838942527770996}, ""num_trusted"": 6, ""fallback_used"": false}"
38,apra,apra_trust_weighted_clip,"[85, 65, 82, 19, 77, 37]",[],"{""base_clip"": 1.0, ""trust_weights"": {""85"": 0.25984621047973633, ""65"": 0.25984621047973633, ""82"": 0.0, ""19"": 0.0, ""77"": 0.25984621047973633, ""37"": 0.22046136856079102}, ""num_aggregated"": 6}"
39,apra,apra_mad_filter,"[12, 85, 87, 74, 15, 29, 94, 60]","[2, 33]","{""median_norm"": 0.510314345436846, ""mad"": 0.09352176402580864, ""k"": 2.0, ""num_accepted"": 8, ""safety_keep_used"": false, ""fallback_used"": false}"
39,apra,apra_hierarchical_cluster,"[12, 87, 74, 15, 29, 94, 60]",[85],"{""best_k"": 2, ""best_score"": 0.594943642616272, ""selected_cluster"": 0, ""cluster_scores"": {""0"": 5.750250339508057, ""1"": -1.0}, ""num_trusted"": 7, ""fallback_used"": false}"
39,apra,apra_trust_weighted_clip,"[12, 87, 74, 15, 29, 94, 60]",[],"{""base_clip"": 1.0, ""trust_weights"": {""12"": 0.1666666716337204, ""87"": 0.1666666716337204, ""74"": 0.1666666716337204, ""15"": 0.0, ""29"": 0.1666666716337204, ""94"": 0.1666666716337204, ""60"": 0.1666666716337204}, ""num_aggregated"": 7}"
40,apra,apra_mad_filter,"[6, 33, 77, 65, 63, 55, 18, 78]","[4, 2]","{""median_norm"": 0.8125588912271446, ""mad"": 0.13691484585289537, ""k"": 2.0, ""num_accepted"": 8, ""safety_keep_used"": false, ""fallback_used"": false}"
40,apra,apra_hierarchical_cluster,"[6, 33, 77, 63, 55, 18, 78]",[65],"{""best_k"": 2, ""best_score"": 0.5878658294677734, ""selected_cluster"": 0, ""cluster_scores"": {""0"": 6.6731061935424805, ""1"": -1.0}, ""num_trusted"": 7, ""fallback_used"": false}"
40,apra,apra_trust_weighted_clip,"[6, 33, 77, 63, 55, 18, 78]",[],"{""base_clip"": 1.0, ""trust_weights"": {""6"": 0.20000000298023224, ""33"": 0.20000000298023224, ""77"": 0.20000000298023224, ""63"": 0.0, ""55"": 0.0, ""18"": 0.20000000298023224, ""78"": 0.20000000298023224}, ""num_aggregated"": 7}"
41,apra,apra_mad_filter,"[71, 25, 57, 32, 77, 51, 42, 95, 22]",[1],"{""median_norm"": 0.714423384531812, ""mad"": 0.1615751878947626, ""k"": 2.0, ""num_accepted"": 9, ""safety_keep_used"": false, ""fallback_used"": false}"
41,apra,apra_hierarchical_cluster,"[71, 25, 57, 32, 77, 51, 42, 22]",[95],"{""best_k"": 2, ""best_score"": 0.5510258078575134, ""selected_cluster"": 0, ""cluster_scores"": {""0"": 3.446211814880371, ""1"": -1.0}, ""num_trusted"": 8, ""fallback_used"": false}"
41,apra,apra_trust_weighted_clip,"[71, 25, 57, 32, 77, 51, 42, 22]",[],"{""base_clip"": 1.0, ""trust_weights"": {""71"": 0.1666666716337204, ""25"": 0.0, ""57"": 0.1666666716337204, ""32"": 0.0, ""77"": 0.1666666716337204, ""51"": 0.1666666716337204, ""42"": 0.1666666716337204, ""22"": 0.1666666716337204}, ""num_aggregated"": 8}"
42,apra,apra_mad_filter,"[23, 61, 86, 54, 91, 63, 37, 85]","[2, 0]","{""median_norm"": 0.7195877521216066, ""mad"": 0.2245977823548478, ""k"": 2.0, ""num_accepted"": 8, ""safety_keep_used"": false, ""fallback_used"": false}"
42,apra,apra_hierarchical_cluster,"[23, 61, 86, 91, 63, 37, 85]",[54],"{""best_k"": 2, ""best_score"": 0.7872058749198914, ""selected_cluster"": 0, ""cluster_scores"": {""0"": 6.863478660583496, ""1"": -1.0}, ""num_trusted"": 7, ""fallback_used"": false}"
42,apra,apra_trust_weighted_clip,"[23, 61, 86, 91, 63, 37, 85]",[],"{""base_clip"": 1.0, ""trust_weights"": {""23"": 0.2095029354095459, ""61"": 0.2095029354095459, ""86"": 0.0, ""91"": 0.1619882434606552, ""63"": 0.2095029354095459, ""37"": 0.2095029354095459, ""85"": 0.0}, ""num_aggregated"": 7}"
43,apra,apra_mad_filter,"[56, 34, 98, 35, 22, 89, 16]","[0, 40, 1]","{""median_norm"": 0.7218128106153396, ""mad"": 0.08030063268975851, ""k"": 2.0, ""num_accepted"": 7, ""safety_keep_used"": false, ""fallback_used"": false}"
43,apra,apra_hierarchical_cluster,"[34, 98, 35, 22, 89, 16]",[56],"{""best_k"": 2, ""best_score"": 0.5440464615821838, ""selected_cluster"": 0, ""cluster_scores"": {""0"": 5.957483768463135, ""1"": -1.0}, ""num_trusted"": 6, ""fallback_used"": false}"
43,apra,apra_trust_weighted_clip,"[34, 98, 35, 22, 89, 16]",[],"{""base_clip"": 1.0, ""trust_weights"": {""34"": 0.20000000298023224, ""98"": 0.20000000298023224, ""35"": 0.0, ""22"": 0.20000000298023224, ""89"": 0.20000000298023224, ""16"": 0.20000000298023224}, ""num_aggregated"": 6}"
44,apra,apra_mad_filter,"[46, 25, 37, 20, 42, 44, 50, 12, 72]",[1],"{""median_norm"": 0.5682208739180912, ""mad"": 0.06558428188999882, ""k"": 2.0, ""num_accepted"": 9, ""safety_keep_used"": false, ""fallback_used"": false}"
44,apra,apra_hierarchical_cluster,"[46, 37, 50, 12, 72]","[25, 20, 42, 44]","{""best_k"": 3, ""best_score"": 0.3289366662502289, ""selected_cluster"": 0, ""cluster_scores"": {""0"": 4.236770153045654, ""1"": 0.7485560774803162, ""2"": -1.0}, ""num_trusted"": 5, ""fallback_used"": false}"
44,apra,apra_trust_weighted_clip,"[46, 37, 50, 12, 72]",[],"{""base_clip"": 1.0, ""trust_weights"": {""46"": 0.0, ""37"": 0.3333333432674408, ""50"": 0.3333333432674408, ""12"": 0.3333333432674408, ""72"": 0.0}, ""num_aggregated"": 5}"
45,apra,apra_mad_filter,"[56, 93, 20, 12, 27, 69, 33, 16]","[1, 19]","{""median_norm"": 0.584537072332457, ""mad"": 0.07190199095263991, ""k"": 2.0, ""num_accepted"": 8, ""safety_keep_used"": false, ""fallback_used"": false}"
45,apra,apra_hierarchical_cluster,"[56, 93, 20, 12, 27, 33, 16]",[69],"{""best_k"": 2, ""best_score"": 0.5971560478210449, ""selected_cluster"": 0, ""cluster_scores"": {""0"": 4.748301029205322, ""1"": -1.0}, ""num_trusted"": 7, ""fallback_used"": false}"
45,apra,apra_trust_weighted_clip,"[56, 93, 20, 12, 27, 33, 16]",[],"{""base_clip"": 1.0, ""trust_weights"": {""56"": 0.10985112190246582, ""93"": 0.17802977561950684, ""20"": 0.0, ""12"": 0.17802977561950684, ""27"": 0.17802977561950684, ""33"": 0.17802977561950684, ""16"": 0.17802977561950684}, ""num_aggregated"": 7}"
46,apra,apra_mad_filter,"[45, 10, 74, 86, 46, 35, 17, 81]","[2, 1]","{""median_norm"": 0.9259907328182813, ""mad"": 0.25493159323397774, ""k"": 2.0, ""num_accepted"": 8, ""safety_keep_used"": false, ""fallback_used"": false}"
46,apra,apra_hierarchical_cluster,"[45, 74, 86, 46, 35, 17, 81]",[10],"{""best_k"": 2, ""best_score"": 0.5629931688308716, ""selected_cluster"": 0, ""cluster_scores"": {""0"": 6.257960796356201, ""1"": -1.0}, ""num_trusted"": 7, ""fallback_used"": false}"
46,apra,apra_trust_weighted_clip,"[45, 74, 86, 46, 35, 17, 81]",[],"{""base_clip"": 1.0, ""trust_weights"": {""45"": 0.1716236174106598, ""74"": 0.1716236174106598, ""86"": 0.1716236174106598, ""46"": 0.14188197255134583, ""35"": 0.1716236174106598, ""17"": 0.0, ""81"": 0.1716236174106598}, ""num_aggregated"": 7}"
47,apra,apra_mad_filter,"[99, 19, 62, 44, 52, 70, 65]","[2, 0, 48]","{""median_norm"": 0.6562035358153689, ""mad"": 0.09290996727163908, ""k"": 2.0, ""num_accepted"": 7, ""safety_keep_used"": false, ""fallback_used"": false}"
47,apra,apra_hierarchical_cluster,"[62, 52, 65]","[99, 19, 44, 70]","{""best_k"": 3, ""best_score"": 0.32985398173332214, ""selected_cluster"": 1, ""cluster_scores"": {""0"": 2.9064669609069824, ""1"": 2.9318668842315674, ""2"": -1.0}, ""num_trusted"": 3, ""fallback_used"": false}"
47,apra,apra_trust_weighted_clip,"[62, 52, 65]",[],"{""base_clip"": 1.0, ""trust_weights"": {""62"": 0.5, ""52"": 0.5, ""65"": 0.0}, ""num_aggregated"": 3}"
48,apra,apra_mad_filter,"[66, 36, 83, 68, 23, 90, 57, 21]","[0, 2]","{""median_norm"": 0.6466537972608697, ""mad"": 0.20918028921190662, ""k"": 2.0, ""num_accepted"": 8, ""safety_keep_used"": false, ""fallback_used"": false}"
48,apra,apra_hierarchical_cluster,"[66, 36, 83, 68, 90, 57, 21]",[23],"{""best_k"": 2, ""best_score"": 0.6509438753128052, ""selected_cluster"": 0, ""cluster_scores"": {""0"": 6.870222568511963, ""1"": -1.0}, ""num_trusted"": 7, ""fallback_used"": false}"
48,apra,apra_trust_weighted_clip,"[66, 36, 83, 68, 90, 57, 21]",[],"{""base_clip"": 1.0, ""trust_weights"": {""66"": 0.1666666716337204, ""36"": 0.0, ""83"": 0.1666666716337204, ""68"": 0.1666666716337204, ""90"": 0.1666666716337204, ""57"": 0.1666666716337204, ""21"": 0.1666666716337204}, ""num_aggregated"": 7}"
49,apra,apra_mad_filter,"[10, 20, 51, 25, 27, 40, 5, 89, 85]",[3],"{""median_norm"": 0.5344486441052019, ""mad"": 0.04717978438847606, ""k"": 2.0, ""num_accepted"": 9, ""safety_keep_used"": false, ""fallback_used"": false}"
49,apra,apra_hierarchical_cluster,"[20, 51, 25, 27, 40, 5, 89, 85]",[10],"{""best_k"": 2, ""best_score"": 0.5282371044158936, ""selected_cluster"": 0, ""cluster_scores"": {""0"": 5.970208644866943, ""1"": -1.0}, ""num_trusted"": 8, ""fallback_used"": false}"
49,apra,apra_trust_weighted_clip,"[20, 51, 25, 27, 40, 5, 89, 85]",[],"{""base_clip"": 1.0, ""trust_weights"": {""20"": 0.01725892908871174, ""51"": 0.0, ""25"": 0.01725892908871174, ""27"": 0.19309642910957336, ""40"": 0.19309642910957336, ""5"": 0.19309642910957336, ""89"": 0.19309642910957336, ""85"": 0.19309642910957336}, ""num_aggregated"": 8}"
50,apra,apra_mad_filter,"[80, 28, 63, 68, 14, 94, 32, 20]","[1, 85]","{""median_norm"": 0.5962669394747522, ""mad"": 0.06570872190606858, ""k"": 2.0, ""num_accepted"": 8, ""safety_keep_used"": false, ""fallback_used"": false}"
50,apra,apra_hierarchical_cluster,"[80, 28, 63, 68, 14, 94, 20]",[32],"{""best_k"": 2, ""best_score"": 0.5727863311767578, ""selected_cluster"": 0, ""cluster_scores"": {""0"": 5.741633415222168, ""1"": -1.0}, ""num_trusted"": 7, ""fallback_used"": false}"
50,apra,apra_trust_weighted_clip,"[80, 28, 63, 68, 14, 94, 20]",[],"{""base_clip"": 1.0, ""trust_weights"": {""80"": 0.1666666716337204, ""28"": 0.0, ""63"": 0.1666666716337204, ""68"": 0.1666666716337204, ""14"": 0.1666666716337204, ""94"": 0.1666666716337204, ""20"": 0.1666666716337204}, ""num_aggregated"": 7}"
51,apra,apra_mad_filter,"[21, 58, 32, 20, 53, 93, 55]","[3, 61, 17]","{""median_norm"": 0.5829357193764075, ""mad"": 0.04511398111202952, ""k"": 2.0, ""num_accepted"": 7, ""safety_keep_used"": false, ""fallback_used"": false}"
51,apra,apra_hierarchical_cluster,"[21, 58, 20, 53, 93, 55]",[32],"{""best_k"": 2, ""best_score"": 0.46077972650527954, ""selected_cluster"": 0, ""cluster_scores"": {""0"": 3.195246934890747, ""1"": -1.0}, ""num_trusted"": 6, ""fallback_used"": false}"
51,apra,apra_trust_weighted_clip,"[21, 58, 20, 53, 93, 55]",[],"{""base_clip"": 1.0, ""trust_weights"": {""21"": 0.25, ""58"": 0.25, ""20"": 0.0, ""53"": 0.0, ""93"": 0.25, ""55"": 0.25}, ""num_aggregated"": 6}"
52,apra,apra_mad_filter,"[56, 79, 43, 65, 66, 16, 75, 82]","[3, 38]","{""median_norm"": 0.5347684322235533, ""mad"": 0.03258675484576917, ""k"": 2.0, ""num_accepted"": 8, ""safety_keep_used"": false, ""fallback_used"": false}"
52,apra,apra_hierarchical_cluster,"[79, 43, 65, 66, 16, 75, 82]",[56],"{""best_k"": 2, ""best_score"": 0.48178786039352417, ""selected_cluster"": 0, ""cluster_scores"": {""0"": 6.469249248504639, ""1"": -1.0}, ""num_trusted"": 7, ""fallback_used"": false}"
52,apra,apra_trust_weighted_clip,"[79, 43, 65, 66, 16, 75, 82]",[],"{""base_clip"": 1.0, ""trust_weights"": {""79"": 0.1666666716337204, ""43"": 0.1666666716337204, ""65"": 0.1666666716337204, ""66"": 0.1666666716337204, ""16"": 0.1666666716337204, ""75"": 0.1666666716337204, ""82"": 0.0}, ""num_aggregated"": 7}"
53,apra,apra_mad_filter,"[50, 69, 58, 82, 91, 59, 38]","[2, 98, 97]","{""median_norm"": 0.584647167749241, ""mad"": 0.07361196257491048, ""k"": 2.0, ""num_accepted"": 7, ""safety_keep_used"": false, ""fallback_used"": false}"
53,apra,apra_hierarchical_cluster,"[50, 69, 58, 91, 38]","[82, 59]","{""best_k"": 2, ""best_score"": 0.6122826337814331, ""selected_cluster"": 0, ""cluster_scores"": {""0"": 4.632877349853516, ""1"": 1.9053454399108887}, ""num_trusted"": 5, ""fallback_used"": false}"
53,apra,apra_trust_weighted_clip,"[50, 69, 58, 91, 38]",[],"{""base_clip"": 1.0, ""trust_weights"": {""50"": 0.25, ""69"": 0.0, ""58"": 0.25, ""91"": 0.25, ""38"": 0.25}, ""num_aggregated"": 5}"
54,apra,apra_mad_filter,"[20, 74, 38, 35, 78, 79, 25, 10]","[4, 88]","{""median_norm"": 0.6312816106626828, ""mad"": 0.053893993986372735, ""k"": 2.0, ""num_accepted"": 8, ""safety_keep_used"": false, ""fallback_used"": false}"
54,apra,apra_hierarchical_cluster,"[74, 38, 35, 78, 79]","[20, 25, 10]","{""best_k"": 3, ""best_score"": 0.6394606232643127, ""selected_cluster"": 0, ""cluster_scores"": {""0"": 4.672243595123291, ""1"": 1.983738899230957, ""2"": -1.0}, ""num_trusted"": 5, ""fallback_used"": false}"
54,apra,apra_trust_weighted_clip,"[74, 38, 35, 78, 79]",[],"{""base_clip"": 1.0, ""trust_weights"": {""74"": 0.25, ""38"": 0.25, ""35"": 0.0, ""78"": 0.25, ""79"": 0.25}, ""num_aggregated"": 5}"
55,apra,apra_mad_filter,"[63, 45, 82, 64, 21, 94, 97, 52]","[1, 54]","{""median_norm"": 0.5419137959633168, ""mad"": 0.08607833388061362, ""k"": 2.0, ""num_accepted"": 8, ""safety_keep_used"": false, ""fallback_used"": false}"
55,apra,apra_hierarchical_cluster,"[63, 64, 21, 94, 52]","[45, 82, 97]","{""best_k"": 2, ""best_score"": 0.6115273833274841, ""selected_cluster"": 1, ""cluster_scores"": {""0"": 2.780644655227661, ""1"": 4.82375955581665}, ""num_trusted"": 5, ""fallback_used"": false}"
55,apra,apra_trust_weighted_clip,"[63, 64, 21, 94, 52]",[],"{""base_clip"": 1.0, ""trust_weights"": {""63"": 0.0, ""64"": 0.25, ""21"": 0.25, ""94"": 0.25, ""52"": 0.25}, ""num_aggregated"": 5}"
56,apra,apra_mad_filter,"[65, 34, 91, 78, 88, 43, 30, 52]","[3, 0]","{""median_norm"": 1.04719449641164, ""mad"": 0.30191921470834, ""k"": 2.0, ""num_accepted"": 8, ""safety_keep_used"": false, ""fallback_used"": false}"
56,apra,apra_hierarchical_cluster,"[65, 34, 91, 78, 43, 52]","[88, 30]","{""best_k"": 3, ""best_score"": 0.692158043384552, ""selected_cluster"": 0, ""cluster_scores"": {""0"": 5.9851603507995605, ""1"": -1.0, ""2"": -1.0}, ""num_trusted"": 6, ""fallback_used"": false}"
56,apra,apra_trust_weighted_clip,"[65, 34, 91, 78, 43, 52]",[],"{""base_clip"": 1.0, ""trust_weights"": {""65"": 0.15620987117290497, ""34"": 0.0, ""91"": 0.21094752848148346, ""78"": 0.21094752848148346, ""43"": 0.21094752848148346, ""52"": 0.21094752848148346}, ""num_aggregated"": 6}"
57,apra,apra_mad_filter,"[83, 65, 27, 98, 24, 5, 25, 10]","[3, 57]","{""median_norm"": 0.5524205445097763, ""mad"": 0.07579893580324787, ""k"": 2.0, ""num_accepted"": 8, ""safety_keep_used"": false, ""fallback_used"": false}"
57,apra,apra_hierarchical_cluster,"[83, 65, 27, 98, 24, 5, 25]",[10],"{""best_k"": 2, ""best_score"": 0.4349915087223053, ""selected_cluster"": 0, ""cluster_scores"": {""0"": 3.9109439849853516, ""1"": -1.0}, ""num_trusted"": 7, ""fallback_used"": false}"
57,apra,apra_trust_weighted_clip,"[83, 65, 27, 98, 24, 5, 25]",[],"{""base_clip"": 1.0, ""trust_weights"": {""83"": 0.22554202377796173, ""65"": 0.0, ""27"": 0.22554202377796173, ""98"": 0.22554202377796173, ""24"": 0.09783187508583069, ""5"": 0.22554202377796173, ""25"": 0.0}, ""num_aggregated"": 7}"
58,apra,apra_mad_filter,"[16, 92, 27, 14, 62, 58, 77, 44]","[3, 1]","{""median_norm"": 0.7809278104882803, ""mad"": 0.2915682796897413, ""k"": 2.0, ""num_accepted"": 8, ""safety_keep_used"": false, ""fallback_used"": false}"
58,apra,apra_hierarchical_cluster,"[16, 92, 14, 58, 77, 44]","[27, 62]","{""best_k"": 2, ""best_score"": 0.514928936958313, ""selected_cluster"": 0, ""cluster_scores"": {""0"": 5.852632999420166, ""1"": 1.9831138849258423}, ""num_trusted"": 6, ""fallback_used"": false}"
58,apra,apra_trust_weighted_clip,"[16, 92, 14, 58, 77, 44]",[],"{""base_clip"": 1.0, ""trust_weights"": {""16"": 0.20000000298023224, ""92"": 0.20000000298023224, ""14"": 0.20000000298023224, ""58"": 0.0, ""77"": 0.20000000298023224, ""44"": 0.20000000298023224}, ""num_aggregated"": 6}"
59,apra,apra_mad_filter,"[39, 6, 27, 71, 69, 29, 25, 26]","[1, 88]","{""median_norm"": 0.7991404336713961, ""mad"": 0.11637976282979978, ""k"": 2.0, ""num_accepted"": 8, ""safety_keep_used"": false, ""fallback_used"": false}"
59,apra,apra_hierarchical_cluster,"[39, 6, 27, 71, 69, 29, 25]",[26],"{""best_k"": 2, ""best_score"": 0.5765882730484009, ""selected_cluster"": 0, ""cluster_scores"": {""0"": 6.358611106872559, ""1"": -1.0}, ""num_trusted"": 7, ""fallback_used"": false}"
59,apra,apra_trust_weighted_clip,"[39, 6, 27, 71, 69, 29, 25]",[],"{""base_clip"": 1.0, ""trust_weights"": {""39"": 0.1666666716337204, ""6"": 0.1666666716337204, ""27"": 0.1666666716337204, ""71"": 0.1666666716337204, ""69"": 0.1666666716337204, ""29"": 0.1666666716337204, ""25"": 0.0}, ""num_aggregated"": 7}"
60,apra,apra_mad_filter,"[84, 41, 86, 94, 13, 66, 14, 51]","[0, 3]","{""median_norm"": 0.7431393162000713, ""mad"": 0.24957537300220867, ""k"": 2.0, ""num_accepted"": 8, ""safety_keep_used"": false, ""fallback_used"": false}"
60,apra,apra_hierarchical_cluster,"[84, 86, 94, 13, 66, 14, 51]",[41],"{""best_k"": 2, ""best_score"": 0.8283835649490356, ""selected_cluster"": 0, ""cluster_scores"": {""0"": 6.9382195472717285, ""1"": -1.0}, ""num_trusted"": 7, ""fallback_used"": false}"
60,apra,apra_trust_weighted_clip,"[84, 86, 94, 13, 66, 14, 51]",[],"{""base_clip"": 1.0, ""trust_weights"": {""84"": 0.0, ""86"": 0.1666666716337204, ""94"": 0.1666666716337204, ""13"": 0.1666666716337204, ""66"": 0.1666666716337204, ""14"": 0.1666666716337204, ""51"": 0.1666666716337204}, ""num_aggregated"": 7}"
61,apra,apra_mad_filter,"[36, 70, 21, 32, 55, 18, 69, 8]","[3, 1]","{""median_norm"": 0.6615279592554285, ""mad"": 0.09292446343092314, ""k"": 2.0, ""num_accepted"": 8, ""safety_keep_used"": false, ""fallback_used"": false}"
61,apra,apra_hierarchical_cluster,"[70, 21, 55, 18, 69]","[36, 32, 8]","{""best_k"": 2, ""best_score"": 0.3765714168548584, ""selected_cluster"": 0, ""cluster_scores"": {""0"": 4.535988807678223, ""1"": 2.334160566329956}, ""num_trusted"": 5, ""fallback_used"": false}"
61,apra,apra_trust_weighted_clip,"[70, 21, 55, 18, 69]",[],"{""base_clip"": 1.0, ""trust_weights"": {""70"": 0.25, ""21"": 0.25, ""55"": 0.25, ""18"": 0.25, ""69"": 0.0}, ""num_aggregated"": 5}"
62,apra,apra_mad_filter,"[29, 65, 68, 89, 95, 79, 83]","[0, 77, 47]","{""median_norm"": 0.6322398520686616, ""mad"": 0.070167709374169, ""k"": 2.0, ""num_accepted"": 7, ""safety_keep_used"": false, ""fallback_used"": false}"
62,apra,apra_hierarchical_cluster,"[29, 68, 89, 79, 83]","[65, 95]","{""best_k"": 2, ""best_score"": 0.6155313849449158, ""selected_cluster"": 0, ""cluster_scores"": {""0"": 4.611505508422852, ""1"": 1.9304484128952026}, ""num_trusted"": 5, ""fallback_used"": false}"
62,apra,apra_trust_weighted_clip,"[29, 68, 89, 79, 83]",[],"{""base_clip"": 1.0, ""trust_weights"": {""29"": 0.0, ""68"": 0.1261579692363739, ""89"": 0.29128068685531616, ""79"": 0.29128068685531616, ""83"": 0.29128068685531616}, ""num_aggregated"": 5}"
63,apra,apra_mad_filter,"[10, 15, 46, 36, 86, 73, 62, 70]","[1, 31]","{""median_norm"": 0.5871310545628889, ""mad"": 0.08135336854141739, ""k"": 2.0, ""num_accepted"": 8, ""safety_keep_used"": false, ""fallback_used"": false}"
63,apra,apra_hierarchical_cluster,"[15, 46, 36, 86, 62, 70]","[10, 73]","{""best_k"": 2, ""best_score"": 0.6513106822967529, ""selected_cluster"": 1, ""cluster_scores"": {""0"": 1.9279072284698486, ""1"": 4.4203972816467285}, ""num_trusted"": 6, ""fallback_used"": false}"
63,apra,apra_trust_weighted_clip,"[15, 46, 36, 86, 62, 70]",[],"{""base_clip"": 1.0, ""trust_weights"": {""15"": 0.20000000298023224, ""46"": 0.20000000298023224, ""36"": 0.0, ""86"": 0.20000000298023224, ""62"": 0.20000000298023224, ""70"": 0.20000000298023224}, ""num_aggregated"": 6}"
64,apra,apra_mad_filter,"[47, 63, 32, 34, 12, 41, 75, 11]","[0, 3]","{""median_norm"": 0.590982092639245, ""mad"": 0.13400221593965903, ""k"": 2.0, ""num_accepted"": 8, ""safety_keep_used"": false, ""fallback_used"": false}"
64,apra,apra_hierarchical_cluster,"[63, 32, 34, 12, 75, 11]","[47, 41]","{""best_k"": 3, ""best_score"": 0.5438772439956665, ""selected_cluster"": 0, ""cluster_scores"": {""0"": 5.849688529968262, ""1"": -1.0, ""2"": -1.0}, ""num_trusted"": 6, ""fallback_used"": false}"
64,apra,apra_trust_weighted_clip,"[63, 32, 34, 12, 75, 11]",[],"{""base_clip"": 1.0, ""trust_weights"": {""63"": 0.06047781556844711, ""32"": 0.0, ""34"": 0.23488053679466248, ""12"": 0.23488053679466248, ""75"": 0.23488053679466248, ""11"": 0.23488053679466248}, ""num_aggregated"": 6}"
65,apra,apra_mad_filter,"[55, 65, 54, 24, 31, 92, 49]","[3, 1, 46]","{""median_norm"": 0.888874794579066, ""mad"": 0.07506617620544598, ""k"": 2.0, ""num_accepted"": 7, ""safety_keep_used"": false, ""fallback_used"": false}"
65,apra,apra_hierarchical_cluster,"[55, 65, 24, 92, 49]","[54, 31]","{""best_k"": 3, ""best_score"": 0.6470361948013306, ""selected_cluster"": 0, ""cluster_scores"": {""0"": 4.889048099517822, ""1"": -1.0, ""2"": -1.0}, ""num_trusted"": 5, ""fallback_used"": false}"
65,apra,apra_trust_weighted_clip,"[55, 65, 24, 92, 49]",[],"{""base_clip"": 1.0, ""trust_weights"": {""55"": 0.0, ""65"": 0.0, ""24"": 0.0, ""92"": 0.5, ""49"": 0.5}, ""num_aggregated"": 5}"
66,apra,apra_mad_filter,"[51, 5, 19, 53, 84, 23, 40, 64]","[0, 38]","{""median_norm"": 0.8586599853828805, ""mad"": 0.12108523476818511, ""k"": 2.0, ""num_accepted"": 8, ""safety_keep_used"": false, ""fallback_used"": false}"
66,apra,apra_hierarchical_cluster,"[5, 19, 53, 84, 23, 40, 64]",[51],"{""best_k"": 2, ""best_score"": 0.4406087398529053, ""selected_cluster"": 0, ""cluster_scores"": {""0"": 6.0406012535095215, ""1"": -1.0}, ""num_trusted"": 7, ""fallback_used"": false}"
66,apra,apra_trust_weighted_clip,"[5, 19, 53, 84, 23, 40, 64]",[],"{""base_clip"": 1.0, ""trust_weights"": {""5"": 0.17740991711616516, ""19"": 0.0, ""53"": 0.2047029733657837, ""84"": 0.20109514892101288, ""23"": 0.2047029733657837, ""40"": 0.01099381223320961, ""64"": 0.20109514892101288}, ""num_aggregated"": 7}"
67,apra,apra_mad_filter,"[82, 78, 17, 19, 44, 14, 71, 90, 55]",[4],"{""median_norm"": 0.7176952286267615, ""mad"": 0.12996328523631634, ""k"": 2.0, ""num_accepted"": 9, ""safety_keep_used"": false, ""fallback_used"": false}"
67,apra,apra_hierarchical_cluster,"[78, 17, 19, 44, 14, 71, 90, 55]",[82],"{""best_k"": 2, ""best_score"": 0.5760894417762756, ""selected_cluster"": 0, ""cluster_scores"": {""0"": 6.596132278442383, ""1"": -1.0}, ""num_trusted"": 8, ""fallback_used"": false}"
67,apra,apra_trust_weighted_clip,"[78, 17, 19, 44, 14, 71, 90, 55]",[],"{""base_clip"": 1.0, ""trust_weights"": {""78"": 0.14746664464473724, ""17"": 0.14746664464473724, ""19"": 0.0, ""44"": 0.14746664464473724, ""14"": 0.14746664464473724, ""71"": 0.11520015448331833, ""90"": 0.14746664464473724, ""55"": 0.14746664464473724}, ""num_aggregated"": 8}"
68,apra,apra_mad_filter,"[44, 6, 54, 17, 9, 8, 68, 38]","[0, 32]","{""median_norm"": 0.6111596458680301, ""mad"": 0.13626201796793588, ""k"": 2.0, ""num_accepted"": 8, ""safety_keep_used"": false, ""fallback_used"": false}"
68,apra,apra_hierarchical_cluster,"[44, 6, 17, 9, 8, 68, 38]",[54],"{""best_k"": 2, ""best_score"": 0.5739349126815796, ""selected_cluster"": 0, ""cluster_scores"": {""0"": 3.5437631607055664, ""1"": -1.0}, ""num_trusted"": 7, ""fallback_used"": false}"
68,apra,apra_trust_weighted_clip,"[44, 6, 17, 9, 8, 68, 38]",[],"{""base_clip"": 1.0, ""trust_weights"": {""44"": 0.0, ""6"": 0.2242443561553955, ""17"": 0.2242443561553955, ""9"": 0.10302262753248215, ""8"": 0.0, ""68"": 0.2242443561553955, ""38"": 0.2242443561553955}, ""num_aggregated"": 7}"
69,apra,apra_mad_filter,"[10, 42, 62, 79, 75, 64, 84]","[0, 3, 51]","{""median_norm"": 0.6206080179646047, ""mad"": 0.142800453943222, ""k"": 2.0, ""num_accepted"": 7, ""safety_keep_used"": false, ""fallback_used"": false}"
69,apra,apra_hierarchical_cluster,"[42, 62, 79, 75, 64, 84]",[10],"{""best_k"": 2, ""best_score"": 0.5752307772636414, ""selected_cluster"": 0, ""cluster_scores"": {""0"": 5.866877555847168, ""1"": -1.0}, ""num_trusted"": 6, ""fallback_used"": false}"
69,apra,apra_trust_weighted_clip,"[42, 62, 79, 75, 64, 84]",[],"{""base_clip"": 1.0, ""trust_weights"": {""42"": 0.0, ""62"": 0.25, ""79"": 0.25, ""75"": 0.0, ""64"": 0.25, ""84"": 0.25}, ""num_aggregated"": 6}"
70,apra,apra_mad_filter,"[79, 68, 9, 73, 62, 83, 46]","[1, 91, 5]","{""median_norm"": 0.5790702009072044, ""mad"": 0.07487653475113376, ""k"": 2.0, ""num_accepted"": 7, ""safety_keep_used"": false, ""fallback_used"": false}"
70,apra,apra_hierarchical_cluster,"[79, 68, 9, 62, 83, 46]",[73],"{""best_k"": 2, ""best_score"": 0.647099494934082, ""selected_cluster"": 0, ""cluster_scores"": {""0"": 4.539491176605225, ""1"": -1.0}, ""num_trusted"": 6, ""fallback_used"": false}"
70,apra,apra_trust_weighted_clip,"[79, 68, 9, 62, 83, 46]",[],"{""base_clip"": 1.0, ""trust_weights"": {""79"": 0.20000000298023224, ""68"": 0.20000000298023224, ""9"": 0.20000000298023224, ""62"": 0.20000000298023224, ""83"": 0.20000000298023224, ""46"": 0.0}, ""num_aggregated"": 6}"
71,apra,apra_mad_filter,"[55, 68, 51, 54, 48, 7, 69, 28, 71]",[1],"{""median_norm"": 0.6726327516630684, ""mad"": 0.07962698214153169, ""k"": 2.0, ""num_accepted"": 9, ""safety_keep_used"": false, ""fallback_used"": false}"
71,apra,apra_hierarchical_cluster,"[55, 68, 51, 48, 7, 69, 28, 71]",[54],"{""best_k"": 2, ""best_score"": 0.6430954337120056, ""selected_cluster"": 0, ""cluster_scores"": {""0"": 6.772266387939453, ""1"": -1.0}, ""num_trusted"": 8, ""fallback_used"": false}"
71,apra,apra_trust_weighted_clip,"[55, 68, 51, 48, 7, 69, 28, 71]",[],"{""base_clip"": 1.0, ""trust_weights"": {""55"": 0.1428571492433548, ""68"": 0.1428571492433548, ""51"": 0.1428571492433548, ""48"": 0.0, ""7"": 0.1428571492433548, ""69"": 0.1428571492433548, ""28"": 0.1428571492433548, ""71"": 0.1428571492433548}, ""num_aggregated"": 8}"
72,apra,apra_mad_filter,"[51, 72, 87, 21, 15, 38, 6, 57]","[0, 98]","{""median_norm"": 0.490937725795513, ""mad"": 0.09587088827807946, ""k"": 2.0, ""num_accepted"": 8, ""safety_keep_used"": false, ""fallback_used"": false}"
72,apra,apra_hierarchical_cluster,"[72, 87, 21, 38, 6, 57]","[51, 15]","{""best_k"": 2, ""best_score"": 0.44011279940605164, ""selected_cluster"": 0, ""cluster_scores"": {""0"": 5.66917610168457, ""1"": 1.4398763179779053}, ""num_trusted"": 6, ""fallback_used"": false}"
72,apra,apra_trust_weighted_clip,"[72, 87, 21, 38, 6, 57]",[],"{""base_clip"": 1.0, ""trust_weights"": {""72"": 0.0, ""87"": 0.2407444417476654, ""21"": 0.2407444417476654, ""38"": 0.2407444417476654, ""6"": 0.03702223673462868, ""57"": 0.2407444417476654}, ""num_aggregated"": 6}"
73,apra,apra_mad_filter,"[61, 26, 7, 68, 59, 11, 36, 97]","[1, 88]","{""median_norm"": 0.610253749368191, ""mad"": 0.07386178644451408, ""k"": 2.0, ""num_accepted"": 8, ""safety_keep_used"": false, ""fallback_used"": false}"
73,apra,apra_hierarchical_cluster,"[61, 26, 7, 68, 11, 36]","[59, 97]","{""best_k"": 2, ""best_score"": 0.5361816883087158, ""selected_cluster"": 0, ""cluster_scores"": {""0"": 5.598269939422607, ""1"": 1.922123908996582}, ""num_trusted"": 6, ""fallback_used"": false}"
73,apra,apra_trust_weighted_clip,"[61, 26, 7, 68, 11, 36]",[],"{""base_clip"": 1.0, ""trust_weights"": {""61"": 0.22309273481369019, ""26"": 0.10762901604175568, ""7"": 0.22309273481369019, ""68"": 0.22309273481369019, ""11"": 0.22309273481369019, ""36"": 0.0}, ""num_aggregated"": 6}"
74,apra,apra_mad_filter,"[1, 75, 25, 80, 2, 78, 20, 4, 7]",[3],"{""median_norm"": 0.9033854348416619, ""mad"": 0.38059519324025776, ""k"": 2.0, ""num_accepted"": 9, ""safety_keep_used"": false, ""fallback_used"": false}"
74,apra,apra_hierarchical_cluster,"[1, 75, 25, 80, 2, 78, 20, 7]",[4],"{""best_k"": 2, ""best_score"": 0.6359431743621826, ""selected_cluster"": 0, ""cluster_scores"": {""0"": 2.885315179824829, ""1"": -1.0}, ""num_trusted"": 8, ""fallback_used"": false}"
74,apra,apra_trust_weighted_clip,"[1, 75, 25, 80, 2, 78, 20, 7]",[],"{""base_clip"": 1.0, ""trust_weights"": {""1"": 0.0, ""75"": 0.1666666716337204, ""25"": 0.1666666716337204, ""80"": 0.1666666716337204, ""2"": 0.0, ""78"": 0.1666666716337204, ""20"": 0.1666666716337204, ""7"": 0.1666666716337204}, ""num_aggregated"": 8}"
75,apra,apra_mad_filter,"[95, 86, 51, 23, 6, 62, 81, 84]","[2, 0]","{""median_norm"": 0.7255815448029387, ""mad"": 0.11944293245209558, ""k"": 2.0, ""num_accepted"": 8, ""safety_keep_used"": false, ""fallback_used"": false}"
75,apra,apra_hierarchical_cluster,"[86, 51, 23, 6, 62, 81, 84]",[95],"{""best_k"": 2, ""best_score"": 0.6603395342826843, ""selected_cluster"": 0, ""cluster_scores"": {""0"": 6.6984543800354, ""1"": -1.0}, ""num_trusted"": 7, ""fallback_used"": false}"
75,apra,apra_trust_weighted_clip,"[86, 51, 23, 6, 62, 81, 84]",[],"{""base_clip"": 1.0, ""trust_weights"": {""86"": 0.20842422544956207, ""51"": 0.0, ""23"": 0.20842422544956207, ""6"": 0.20842422544956207, ""62"": 0.0, ""81"": 0.20842422544956207, ""84"": 0.1663031429052353}, ""num_aggregated"": 7}"
76,apra,apra_mad_filter,"[64, 37, 66, 42, 84, 58, 80, 67, 92]",[2],"{""median_norm"": 0.6480389477502893, ""mad"": 0.0845265519303503, ""k"": 2.0, ""num_accepted"": 9, ""safety_keep_used"": false, ""fallback_used"": false}"
76,apra,apra_hierarchical_cluster,"[64, 37, 66, 84, 58, 80, 67, 92]",[42],"{""best_k"": 2, ""best_score"": 0.6291215419769287, ""selected_cluster"": 0, ""cluster_scores"": {""0"": 6.824060916900635, ""1"": -1.0}, ""num_trusted"": 8, ""fallback_used"": false}"
76,apra,apra_trust_weighted_clip,"[64, 37, 66, 84, 58, 80, 67, 92]",[],"{""base_clip"": 1.0, ""trust_weights"": {""64"": 0.0, ""37"": 0.3333333432674408, ""66"": 0.0, ""84"": 0.3333333432674408, ""58"": 0.0, ""80"": 0.0, ""67"": 0.0, ""92"": 0.3333333432674408}, ""num_aggregated"": 8}"
77,apra,apra_mad_filter,"[68, 79, 9, 30, 60, 69, 16, 43]","[4, 22]","{""median_norm"": 0.6034329031715477, ""mad"": 0.05096690546415106, ""k"": 2.0, ""num_accepted"": 8, ""safety_keep_used"": false, ""fallback_used"": false}"
77,apra,apra_hierarchical_cluster,"[68, 79, 60, 16, 43]","[9, 30, 69]","{""best_k"": 3, ""best_score"": 0.5213088393211365, ""selected_cluster"": 0, ""cluster_scores"": {""0"": 4.6460862159729, ""1"": 1.9127719402313232, ""2"": -1.0}, ""num_trusted"": 5, ""fallback_used"": false}"
77,apra,apra_trust_weighted_clip,"[68, 79, 60, 16, 43]",[],"{""base_clip"": 1.0, ""trust_weights"": {""68"": 0.25, ""79"": 0.25, ""60"": 0.0, ""16"": 0.25, ""43"": 0.25}, ""num_aggregated"": 5}"
78,apra,apra_mad_filter,"[20, 77, 27, 23, 18, 74, 59, 86, 87]",[1],"{""median_norm"": 0.5790161128803286, ""mad"": 0.11278371543252064, ""k"": 2.0, ""num_accepted"": 9, ""safety_keep_used"": false, ""fallback_used"": false}"
78,apra,apra_hierarchical_cluster,"[20, 77, 27, 23, 18, 74, 86, 87]",[59],"{""best_k"": 2, ""best_score"": 0.4823288321495056, ""selected_cluster"": 0, ""cluster_scores"": {""0"": 4.829060077667236, ""1"": -1.0}, ""num_trusted"": 8, ""fallback_used"": false}"
78,apra,apra_trust_weighted_clip,"[20, 77, 27, 23, 18, 74, 86, 87]",[],"{""base_clip"": 1.0, ""trust_weights"": {""20"": 0.0, ""77"": 0.1428571492433548, ""27"": 0.1428571492433548, ""23"": 0.1428571492433548, ""18"": 0.1428571492433548, ""74"": 0.1428571492433548, ""86"": 0.1428571492433548, ""87"": 0.1428571492433548}, ""num_aggregated"": 8}"
79,apra,apra_mad_filter,"[99, 42, 33, 15, 38, 76, 86, 87]","[1, 5]","{""median_norm"": 0.5612540188400197, ""mad"": 0.08684548530526776, ""k"": 2.0, ""num_accepted"": 8, ""safety_keep_used"": false, ""fallback_used"": false}"
79,apra,apra_hierarchical_cluster,"[33, 15, 38, 76, 86, 87]","[99, 42]","{""best_k"": 3, ""best_score"": 0.559794545173645, ""selected_cluster"": 0, ""cluster_scores"": {""0"": 5.2603840827941895, ""1"": -1.0, ""2"": -1.0}, ""num_trusted"": 6, ""fallback_used"": false}"
79,apra,apra_trust_weighted_clip,"[33, 15, 38, 76, 86, 87]",[],"{""base_clip"": 1.0, ""trust_weights"": {""33"": 0.20000000298023224, ""15"": 0.0, ""38"": 0.20000000298023224, ""76"": 0.20000000298023224, ""86"": 0.20000000298023224, ""87"": 0.20000000298023224}, ""num_aggregated"": 6}"
80,apra,apra_mad_filter,"[71, 88, 38, 63, 99, 48, 31, 83, 11]",[1],"{""median_norm"": 0.6870124417867298, ""mad"": 0.16462801331709803, ""k"": 2.0, ""num_accepted"": 9, ""safety_keep_used"": false, ""fallback_used"": false}"
80,apra,apra_hierarchical_cluster,"[71, 38, 63, 99, 48, 83, 11]","[88, 31]","{""best_k"": 2, ""best_score"": 0.7852557301521301, ""selected_cluster"": 0, ""cluster_scores"": {""0"": 5.260531425476074, ""1"": 1.972264289855957}, ""num_trusted"": 7, ""fallback_used"": false}"
80,apra,apra_trust_weighted_clip,"[71, 38, 63, 99, 48, 83, 11]",[],"{""base_clip"": 1.0, ""trust_weights"": {""71"": 0.20000000298023224, ""38"": 0.20000000298023224, ""63"": 0.20000000298023224, ""99"": 0.0, ""48"": 0.0, ""83"": 0.20000000298023224, ""11"": 0.20000000298023224}, ""num_aggregated"": 7}"
81,apra,apra_mad_filter,"[69, 52, 40, 47, 77, 35, 59, 70, 7]",[4],"{""median_norm"": 0.6985843869174166, ""mad"": 0.07071148200616445, ""k"": 2.0, ""num_accepted"": 9, ""safety_keep_used"": false, ""fallback_used"": false}"
81,apra,apra_hierarchical_cluster,"[69, 52, 40, 77, 35, 59, 70, 7]",[47],"{""best_k"": 2, ""best_score"": 0.6689965724945068, ""selected_cluster"": 0, ""cluster_scores"": {""0"": 6.172290325164795, ""1"": -1.0}, ""num_trusted"": 8, ""fallback_used"": false}"
81,apra,apra_trust_weighted_clip,"[69, 52, 40, 77, 35, 59, 70, 7]",[],"{""base_clip"": 1.0, ""trust_weights"": {""69"": 0.0, ""52"": 0.1428571492433548, ""40"": 0.1428571492433548, ""77"": 0.1428571492433548, ""35"": 0.1428571492433548, ""59"": 0.1428571492433548, ""70"": 0.1428571492433548, ""7"": 0.1428571492433548}, ""num_aggregated"": 8}"
82,apra,apra_mad_filter,"[61, 81, 74, 23, 95, 35, 97, 55, 28]",[0],"{""median_norm"": 0.6347221700651255, ""mad"": 0.19118662155325514, ""k"": 2.0, ""num_accepted"": 9, ""safety_keep_used"": false, ""fallback_used"": false}"
82,apra,apra_hierarchical_cluster,"[61, 81, 74, 23, 35, 97, 55, 28]",[95],"{""best_k"": 2, ""best_score"": 0.6984034776687622, ""selected_cluster"": 0, ""cluster_scores"": {""0"": 7.402565002441406, ""1"": -1.0}, ""num_trusted"": 8, ""fallback_used"": false}"
82,apra,apra_trust_weighted_clip,"[61, 81, 74, 23, 35, 97, 55, 28]",[],"{""base_clip"": 1.0, ""trust_weights"": {""61"": 0.1428571492433548, ""81"": 0.1428571492433548, ""74"": 0.1428571492433548, ""23"": 0.1428571492433548, ""35"": 0.1428571492433548, ""97"": 0.0, ""55"": 0.1428571492433548, ""28"": 0.1428571492433548}, ""num_aggregated"": 8}"
83,apra,apra_mad_filter,"[53, 77, 67, 31, 62, 45, 47, 82, 84]",[3],"{""median_norm"": 0.7651699420362601, ""mad"": 0.15066290882331523, ""k"": 2.0, ""num_accepted"": 9, ""safety_keep_used"": false, ""fallback_used"": false}"
83,apra,apra_hierarchical_cluster,"[53, 77, 67, 62, 45, 82, 84]","[31, 47]","{""best_k"": 2, ""best_score"": 0.5284690856933594, ""selected_cluster"": 0, ""cluster_scores"": {""0"": 5.270529270172119, ""1"": 1.5500496625900269}, ""num_trusted"": 7, ""fallback_used"": false}"
83,apra,apra_trust_weighted_clip,"[53, 77, 67, 62, 45, 82, 84]",[],"{""base_clip"": 1.0, ""trust_weights"": {""53"": 0.1666666716337204, ""77"": 0.1666666716337204, ""67"": 0.1666666716337204, ""62"": 0.1666666716337204, ""45"": 0.1666666716337204, ""82"": 0.0, ""84"": 0.1666666716337204}, ""num_aggregated"": 7}"
84,apra,apra_mad_filter,"[83, 44, 70, 32, 64, 47, 5]","[2, 3, 36]","{""median_norm"": 0.70803548142728, ""mad"": 0.08318593582972711, ""k"": 2.0, ""num_accepted"": 7, ""safety_keep_used"": false, ""fallback_used"": false}"
84,apra,apra_hierarchical_cluster,"[83, 44, 70, 32, 64, 5]",[47],"{""best_k"": 2, ""best_score"": 0.5401867628097534, ""selected_cluster"": 0, ""cluster_scores"": {""0"": 4.944884300231934, ""1"": -1.0}, ""num_trusted"": 6, ""fallback_used"": false}"
84,apra,apra_trust_weighted_clip,"[83, 44, 70, 32, 64, 5]",[],"{""base_clip"": 1.0, ""trust_weights"": {""83"": 0.20000000298023224, ""44"": 0.20000000298023224, ""70"": 0.20000000298023224, ""32"": 0.0, ""64"": 0.20000000298023224, ""5"": 0.20000000298023224}, ""num_aggregated"": 6}"
85,apra,apra_mad_filter,"[95, 64, 96, 60, 5, 79, 75, 7, 94]",[0],"{""median_norm"": 0.6279263184770304, ""mad"": 0.12031026337768458, ""k"": 2.0, ""num_accepted"": 9, ""safety_keep_used"": false, ""fallback_used"": false}"
85,apra,apra_hierarchical_cluster,"[64, 60, 79, 75, 7, 94]","[95, 96, 5]","{""best_k"": 3, ""best_score"": 0.6939970850944519, ""selected_cluster"": 0, ""cluster_scores"": {""0"": 5.498115062713623, ""1"": 1.9970941543579102, ""2"": -1.0}, ""num_trusted"": 6, ""fallback_used"": false}"
85,apra,apra_trust_weighted_clip,"[64, 60, 79, 75, 7, 94]",[],"{""base_clip"": 1.0, ""trust_weights"": {""64"": 0.20000000298023224, ""60"": 0.0, ""79"": 0.20000000298023224, ""75"": 0.20000000298023224, ""7"": 0.20000000298023224, ""94"": 0.20000000298023224}, ""num_aggregated"": 6}"
86,apra,apra_mad_filter,"[15, 57, 19, 13, 81, 10, 30, 99, 47]",[1],"{""median_norm"": 0.5498979951848579, ""mad"": 0.1072494504259631, ""k"": 2.0, ""num_accepted"": 9, ""safety_keep_used"": false, ""fallback_used"": false}"
86,apra,apra_hierarchical_cluster,"[15, 57, 19, 13, 81, 10, 99, 47]",[30],"{""best_k"": 2, ""best_score"": 0.47726359963417053, ""selected_cluster"": 0, ""cluster_scores"": {""0"": 3.4253811836242676, ""1"": -1.0}, ""num_trusted"": 8, ""fallback_used"": false}"
86,apra,apra_trust_weighted_clip,"[15, 57, 19, 13, 81, 10, 99, 47]",[],"{""base_clip"": 1.0, ""trust_weights"": {""15"": 0.0, ""57"": 0.1428571492433548, ""19"": 0.1428571492433548, ""13"": 0.1428571492433548, ""81"": 0.1428571492433548, ""10"": 0.1428571492433548, ""99"": 0.1428571492433548, ""47"": 0.1428571492433548}, ""num_aggregated"": 8}"
87,apra,apra_mad_filter,"[91, 65, 37, 25, 27, 31, 15, 97]","[4, 0]","{""median_norm"": 0.7344886774274335, ""mad"": 0.21313872122613675, ""k"": 2.0, ""num_accepted"": 8, ""safety_keep_used"": false, ""fallback_used"": false}"
87,apra,apra_hierarchical_cluster,"[91, 65, 37, 27, 15, 97]","[25, 31]","{""best_k"": 3, ""best_score"": 0.4416126012802124, ""selected_cluster"": 0, ""cluster_scores"": {""0"": 5.8992838859558105, ""1"": -1.0, ""2"": -1.0}, ""num_trusted"": 6, ""fallback_used"": false}"
87,apra,apra_trust_weighted_clip,"[91, 65, 37, 27, 15, 97]",[],"{""base_clip"": 1.0, ""trust_weights"": {""91"": 0.20000000298023224, ""65"": 0.20000000298023224, ""37"": 0.20000000298023224, ""27"": 0.20000000298023224, ""15"": 0.20000000298023224, ""97"": 0.0}, ""num_aggregated"": 6}"
88,apra,apra_mad_filter,"[87, 54, 75, 34, 15, 7, 11, 40]","[2, 3]","{""median_norm"": 0.7300299145632234, ""mad"": 0.15640188568959118, ""k"": 2.0, ""num_accepted"": 8, ""safety_keep_used"": false, ""fallback_used"": false}"
88,apra,apra_hierarchical_cluster,"[87, 75, 34, 15, 7, 11, 40]",[54],"{""best_k"": 2, ""best_score"": 0.7911339402198792, ""selected_cluster"": 0, ""cluster_scores"": {""0"": 6.276999473571777, ""1"": -1.0}, ""num_trusted"": 7, ""fallback_used"": false}"
88,apra,apra_trust_weighted_clip,"[87, 75, 34, 15, 7, 11, 40]",[],"{""base_clip"": 1.0, ""trust_weights"": {""87"": 0.1666666716337204, ""75"": 0.1666666716337204, ""34"": 0.1666666716337204, ""15"": 0.0, ""7"": 0.1666666716337204, ""11"": 0.1666666716337204, ""40"": 0.1666666716337204}, ""num_aggregated"": 7}"
89,apra,apra_mad_filter,"[12, 80, 87, 26, 27, 42, 24]","[3, 4, 0]","{""median_norm"": 0.7167770511915257, ""mad"": 0.22804522173741718, ""k"": 2.0, ""num_accepted"": 7, ""safety_keep_used"": false, ""fallback_used"": false}"
89,apra,apra_hierarchical_cluster,"[12, 80, 87, 27, 42, 24]",[26],"{""best_k"": 2, ""best_score"": 0.6716788411140442, ""selected_cluster"": 0, ""cluster_scores"": {""0"": 5.935643196105957, ""1"": -1.0}, ""num_trusted"": 6, ""fallback_used"": false}"
89,apra,apra_trust_weighted_clip,"[12, 80, 87, 27, 42, 24]",[],"{""base_clip"": 1.0, ""trust_weights"": {""12"": 0.25, ""80"": 0.25, ""87"": 0.25, ""27"": 0.25, ""42"": 0.0, ""24"": 0.0}, ""num_aggregated"": 6}"
90,apra,apra_mad_filter,"[22, 23, 50, 7, 73, 27, 10, 96]","[3, 88]","{""median_norm"": 0.7526584823025746, ""mad"": 0.1414293732974392, ""k"": 2.0, ""num_accepted"": 8, ""safety_keep_used"": false, ""fallback_used"": false}"
90,apra,apra_hierarchical_cluster,"[22, 23, 50, 7, 27, 96]","[73, 10]","{""best_k"": 2, ""best_score"": 0.7894236445426941, ""selected_cluster"": 1, ""cluster_scores"": {""0"": 1.9290868043899536, ""1"": 5.729626178741455}, ""num_trusted"": 6, ""fallback_used"": false}"
90,apra,apra_trust_weighted_clip,"[22, 23, 50, 7, 27, 96]",[],"{""base_clip"": 1.0, ""trust_weights"": {""22"": 0.20000000298023224, ""23"": 0.20000000298023224, ""50"": 0.20000000298023224, ""7"": 0.0, ""27"": 0.20000000298023224, ""96"": 0.20000000298023224}, ""num_aggregated"": 6}"
91,apra,apra_mad_filter,"[17, 98, 50, 52, 30, 15, 49, 13, 38]",[2],"{""median_norm"": 0.7144044988548771, ""mad"": 0.18179444498738473, ""k"": 2.0, ""num_accepted"": 9, ""safety_keep_used"": false, ""fallback_used"": false}"
91,apra,apra_hierarchical_cluster,"[17, 98, 50, 52, 15, 49, 13, 38]",[30],"{""best_k"": 2, ""best_score"": 0.7080554366111755, ""selected_cluster"": 0, ""cluster_scores"": {""0"": 6.313869476318359, ""1"": -1.0}, ""num_trusted"": 8, ""fallback_used"": false}"
91,apra,apra_trust_weighted_clip,"[17, 98, 50, 52, 15, 49, 13, 38]",[],"{""base_clip"": 1.0, ""trust_weights"": {""17"": 0.0, ""98"": 0.1666666716337204, ""50"": 0.1666666716337204, ""52"": 0.1666666716337204, ""15"": 0.0, ""49"": 0.1666666716337204, ""13"": 0.1666666716337204, ""38"": 0.1666666716337204}, ""num_aggregated"": 8}"
92,apra,apra_mad_filter,"[71, 20, 25, 14, 9, 61, 11, 89]","[0, 1]","{""median_norm"": 0.6680950071414078, ""mad"": 0.25119773529656675, ""k"": 2.0, ""num_accepted"": 8, ""safety_keep_used"": false, ""fallback_used"": false}"
92,apra,apra_hierarchical_cluster,"[71, 14, 9, 61, 11, 89]","[20, 25]","{""best_k"": 2, ""best_score"": 0.5076439380645752, ""selected_cluster"": 0, ""cluster_scores"": {""0"": 5.800313472747803, ""1"": 1.9805517196655273}, ""num_trusted"": 6, ""fallback_used"": false}"
92,apra,apra_trust_weighted_clip,"[71, 14, 9, 61, 11, 89]",[],"{""base_clip"": 1.0, ""trust_weights"": {""71"": 0.0, ""14"": 0.25, ""9"": 0.0, ""61"": 0.25, ""11"": 0.25, ""89"": 0.25}, ""num_aggregated"": 6}"
93,apra,apra_mad_filter,"[78, 75, 38, 41, 60, 95, 33, 6]","[3, 16]","{""median_norm"": 0.615281837314366, ""mad"": 0.08797909549130778, ""k"": 2.0, ""num_accepted"": 8, ""safety_keep_used"": false, ""fallback_used"": false}"
93,apra,apra_hierarchical_cluster,"[78, 75, 38, 60, 33, 6]","[41, 95]","{""best_k"": 2, ""best_score"": 0.7051339149475098, ""selected_cluster"": 1, ""cluster_scores"": {""0"": 1.6201412677764893, ""1"": 5.988203525543213}, ""num_trusted"": 6, ""fallback_used"": false}"
93,apra,apra_trust_weighted_clip,"[78, 75, 38, 60, 33, 6]",[],"{""base_clip"": 1.0, ""trust_weights"": {""78"": 0.0, ""75"": 0.5, ""38"": 0.0, ""60"": 0.5, ""33"": 0.0, ""6"": 0.0}, ""num_aggregated"": 6}"
94,apra,apra_mad_filter,"[98, 15, 78, 86, 82, 74, 47, 71]","[2, 4]","{""median_norm"": 0.5634203015902088, ""mad"": 0.15351430450142695, ""k"": 2.0, ""num_accepted"": 8, ""safety_keep_used"": false, ""fallback_used"": false}"
94,apra,apra_hierarchical_cluster,"[98, 15, 78, 86, 82, 74, 71]",[47],"{""best_k"": 2, ""best_score"": 0.5145209431648254, ""selected_cluster"": 0, ""cluster_scores"": {""0"": 5.607980728149414, ""1"": -1.0}, ""num_trusted"": 7, ""fallback_used"": false}"
94,apra,apra_trust_weighted_clip,"[98, 15, 78, 86, 82, 74, 71]",[],"{""base_clip"": 1.0, ""trust_weights"": {""98"": 0.1666666716337204, ""15"": 0.0, ""78"": 0.1666666716337204, ""86"": 0.1666666716337204, ""82"": 0.1666666716337204, ""74"": 0.1666666716337204, ""71"": 0.1666666716337204}, ""num_aggregated"": 7}"
95,apra,apra_mad_filter,"[77, 91, 97, 43, 53, 99, 57]","[0, 2, 1]","{""median_norm"": 0.6662531971869671, ""mad"": 0.19073894850837372, ""k"": 2.0, ""num_accepted"": 7, ""safety_keep_used"": false, ""fallback_used"": false}"
95,apra,apra_hierarchical_cluster,"[77, 91, 43, 53, 99, 57]",[97],"{""best_k"": 2, ""best_score"": 0.7130900621414185, ""selected_cluster"": 0, ""cluster_scores"": {""0"": 5.808950424194336, ""1"": -1.0}, ""num_trusted"": 6, ""fallback_used"": false}"
95,apra,apra_trust_weighted_clip,"[77, 91, 43, 53, 99, 57]",[],"{""base_clip"": 1.0, ""trust_weights"": {""77"": 0.20000000298023224, ""91"": 0.20000000298023224, ""43"": 0.20000000298023224, ""53"": 0.20000000298023224, ""99"": 0.0, ""57"": 0.20000000298023224}, ""num_aggregated"": 6}"
96,apra,apra_mad_filter,"[82, 46, 21, 54, 29, 47, 77, 48, 12]",[1],"{""median_norm"": 0.7525444070985174, ""mad"": 0.08335030753329403, ""k"": 2.0, ""num_accepted"": 9, ""safety_keep_used"": false, ""fallback_used"": false}"
96,apra,apra_hierarchical_cluster,"[82, 46, 21, 29, 47, 77, 48, 12]",[54],"{""best_k"": 2, ""best_score"": 0.6525275707244873, ""selected_cluster"": 0, ""cluster_scores"": {""0"": 4.777601718902588, ""1"": -1.0}, ""num_trusted"": 8, ""fallback_used"": false}"
96,apra,apra_trust_weighted_clip,"[82, 46, 21, 29, 47, 77, 48, 12]",[],"{""base_clip"": 1.0, ""trust_weights"": {""82"": 0.1428571492433548, ""46"": 0.1428571492433548, ""21"": 0.1428571492433548, ""29"": 0.1428571492433548, ""47"": 0.1428571492433548, ""77"": 0.1428571492433548, ""48"": 0.0, ""12"": 0.1428571492433548}, ""num_aggregated"": 8}"
97,apra,apra_mad_filter,"[56, 31, 47, 24, 34, 15, 84, 4, 20]",[3],"{""median_norm"": 0.9102867656249705, ""mad"": 0.18059888279335845, ""k"": 2.0, ""num_accepted"": 9, ""safety_keep_used"": false, ""fallback_used"": false}"
97,apra,apra_hierarchical_cluster,"[56, 47, 24, 34, 15, 84, 20]","[31, 4]","{""best_k"": 3, ""best_score"": 0.5707298517227173, ""selected_cluster"": 0, ""cluster_scores"": {""0"": 5.508969783782959, ""1"": -1.0, ""2"": -1.0}, ""num_trusted"": 7, ""fallback_used"": false}"
97,apra,apra_trust_weighted_clip,"[56, 47, 24, 34, 15, 84, 20]",[],"{""base_clip"": 1.0, ""trust_weights"": {""56"": 0.20000000298023224, ""47"": 0.0, ""24"": 0.20000000298023224, ""34"": 0.20000000298023224, ""15"": 0.20000000298023224, ""84"": 0.20000000298023224, ""20"": 0.0}, ""num_aggregated"": 7}"
98,apra,apra_mad_filter,"[68, 97, 49, 62, 13, 7, 51, 42]","[1, 54]","{""median_norm"": 0.597286877277551, ""mad"": 0.0717172433687247, ""k"": 2.0, ""num_accepted"": 8, ""safety_keep_used"": false, ""fallback_used"": false}"
98,apra,apra_hierarchical_cluster,"[68, 49, 62, 13, 7, 51, 42]",[97],"{""best_k"": 2, ""best_score"": 0.6761640310287476, ""selected_cluster"": 0, ""cluster_scores"": {""0"": 6.634091854095459, ""1"": -1.0}, ""num_trusted"": 7, ""fallback_used"": false}"
98,apra,apra_trust_weighted_clip,"[68, 49, 62, 13, 7, 51, 42]",[],"{""base_clip"": 1.0, ""trust_weights"": {""68"": 0.1666666716337204, ""49"": 0.1666666716337204, ""62"": 0.1666666716337204, ""13"": 0.0, ""7"": 0.1666666716337204, ""51"": 0.1666666716337204, ""42"": 0.1666666716337204}, ""num_aggregated"": 7}"
99,apra,apra_mad_filter,"[22, 38, 75, 25, 47, 58, 57, 37]","[3, 2]","{""median_norm"": 0.639252132480536, ""mad"": 0.1613816569642593, ""k"": 2.0, ""num_accepted"": 8, ""safety_keep_used"": false, ""fallback_used"": false}"
99,apra,apra_hierarchical_cluster,"[22, 38, 75, 25, 58, 57, 37]",[47],"{""best_k"": 2, ""best_score"": 0.6170791387557983, ""selected_cluster"": 0, ""cluster_scores"": {""0"": 6.9259796142578125, ""1"": -1.0}, ""num_trusted"": 7, ""fallback_used"": false}"
99,apra,apra_trust_weighted_clip,"[22, 38, 75, 25, 58, 57, 37]",[],"{""base_clip"": 1.0, ""trust_weights"": {""22"": 0.25, ""38"": 0.25, ""75"": 0.0, ""25"": 0.0, ""58"": 0.0, ""57"": 0.25, ""37"": 0.25}, ""num_aggregated"": 7}"
100,apra,apra_mad_filter,"[0, 86, 39, 75, 6, 48, 61, 11, 64, 44]",[],"{""median_norm"": 0.6261580995493692, ""mad"": 0.05002961162352393, ""k"": 2.0, ""num_accepted"": 10, ""safety_keep_used"": false, ""fallback_used"": false}"
100,apra,apra_hierarchical_cluster,"[0, 86, 39, 75, 6, 61, 11, 64, 44]",[48],"{""best_k"": 2, ""best_score"": 0.7542306184768677, ""selected_cluster"": 0, ""cluster_scores"": {""0"": 5.607010841369629, ""1"": -1.0}, ""num_trusted"": 9, ""fallback_used"": false}"
100,apra,apra_trust_weighted_clip,"[0, 86, 39, 75, 6, 61, 11, 64, 44]",[],"{""base_clip"": 1.0, ""trust_weights"": {""0"": 0.0, ""86"": 0.1428571492433548, ""39"": 0.1428571492433548, ""75"": 0.1428571492433548, ""6"": 0.1428571492433548, ""61"": 0.1428571492433548, ""11"": 0.1428571492433548, ""64"": 0.1428571492433548, ""44"": 0.0}, ""num_aggregated"": 9}"
101,apra,apra_mad_filter,"[1, 20, 64, 80, 89, 87, 99]","[17, 92, 88]","{""median_norm"": 0.590790816877232, ""mad"": 0.07649230560034567, ""k"": 2.0, ""num_accepted"": 7, ""safety_keep_used"": false, ""fallback_used"": false}"
101,apra,apra_hierarchical_cluster,"[1, 20, 64, 80, 89, 87]",[99],"{""best_k"": 2, ""best_score"": 0.6527549028396606, ""selected_cluster"": 0, ""cluster_scores"": {""0"": 5.516340732574463, ""1"": -1.0}, ""num_trusted"": 6, ""fallback_used"": false}"
101,apra,apra_trust_weighted_clip,"[1, 20, 64, 80, 89, 87]",[],"{""base_clip"": 1.0, ""trust_weights"": {""1"": 0.20000000298023224, ""20"": 0.0, ""64"": 0.20000000298023224, ""80"": 0.20000000298023224, ""89"": 0.20000000298023224, ""87"": 0.20000000298023224}, ""num_aggregated"": 6}"
102,apra,apra_mad_filter,"[2, 21, 51, 16, 41, 68, 60, 67, 91]",[80],"{""median_norm"": 0.6419823885163324, ""mad"": 0.05505982311021623, ""k"": 2.0, ""num_accepted"": 9, ""safety_keep_used"": false, ""fallback_used"": false}"
102,apra,apra_hierarchical_cluster,"[21, 16, 68, 60, 67, 91]","[2, 51, 41]","{""best_k"": 3, ""best_score"": 0.6021498441696167, ""selected_cluster"": 1, ""cluster_scores"": {""0"": 1.9743895530700684, ""1"": 4.901851654052734, ""2"": -1.0}, ""num_trusted"": 6, ""fallback_used"": false}"
102,apra,apra_trust_weighted_clip,"[21, 16, 68, 60, 67, 91]",[],"{""base_clip"": 1.0, ""trust_weights"": {""21"": 0.20000000298023224, ""16"": 0.20000000298023224, ""68"": 0.20000000298023224, ""60"": 0.20000000298023224, ""67"": 0.0, ""91"": 0.20000000298023224}, ""num_aggregated"": 6}"
103,apra,apra_mad_filter,"[4, 77, 92, 15, 94, 71, 32, 13, 62]",[52],"{""median_norm"": 0.5693585956119294, ""mad"": 0.04663415434765472, ""k"": 2.0, ""num_accepted"": 9, ""safety_keep_used"": false, ""fallback_used"": false}"
103,apra,apra_hierarchical_cluster,"[4, 77, 92, 94, 62]","[15, 71, 32, 13]","{""best_k"": 3, ""best_score"": 0.6149484515190125, ""selected_cluster"": 1, ""cluster_scores"": {""0"": 1.532655954360962, ""1"": 4.667486667633057, ""2"": 1.9963932037353516}, ""num_trusted"": 5, ""fallback_used"": false}"
103,apra,apra_trust_weighted_clip,"[4, 77, 92, 94, 62]",[],"{""base_clip"": 1.0, ""trust_weights"": {""4"": 0.5, ""77"": 0.0, ""92"": 0.5, ""94"": 0.0, ""62"": 0.0}, ""num_aggregated"": 5}"
104,apra,apra_mad_filter,"[15, 12, 34, 21, 93, 38, 90]","[0, 41, 9]","{""median_norm"": 0.5286443697093761, ""mad"": 0.0440020941890768, ""k"": 2.0, ""num_accepted"": 7, ""safety_keep_used"": false, ""fallback_used"": false}"
104,apra,apra_hierarchical_cluster,"[34, 21, 93, 38, 90]","[15, 12]","{""best_k"": 2, ""best_score"": 0.4283258616924286, ""selected_cluster"": 1, ""cluster_scores"": {""0"": 1.2849756479263306, ""1"": 4.279477119445801}, ""num_trusted"": 5, ""fallback_used"": false}"
104,apra,apra_trust_weighted_clip,"[34, 21, 93, 38, 90]",[],"{""base_clip"": 1.0, ""trust_weights"": {""34"": 0.25, ""21"": 0.25, ""93"": 0.0, ""38"": 0.25, ""90"": 0.25}, ""num_aggregated"": 5}"
105,apra,apra_mad_filter,"[40, 54, 57, 28, 10, 87, 27, 95]","[4, 47]","{""median_norm"": 0.5981410617070348, ""mad"": 0.06560161979287932, ""k"": 2.0, ""num_accepted"": 8, ""safety_keep_used"": false, ""fallback_used"": false}"
105,apra,apra_hierarchical_cluster,"[40, 57, 28, 10, 87, 27]","[54, 95]","{""best_k"": 2, ""best_score"": 0.5624030828475952, ""selected_cluster"": 1, ""cluster_scores"": {""0"": 1.6810848712921143, ""1"": 3.7742557525634766}, ""num_trusted"": 6, ""fallback_used"": false}"
105,apra,apra_trust_weighted_clip,"[40, 57, 28, 10, 87, 27]",[],"{""base_clip"": 1.0, ""trust_weights"": {""40"": 0.20000000298023224, ""57"": 0.20000000298023224, ""28"": 0.20000000298023224, ""10"": 0.0, ""87"": 0.20000000298023224, ""27"": 0.20000000298023224}, ""num_aggregated"": 6}"
106,apra,apra_mad_filter,"[3, 92, 34, 12, 74, 0, 88, 53, 52, 77]",[],"{""median_norm"": 0.6106948186278667, ""mad"": 0.16362357893647708, ""k"": 2.0, ""num_accepted"": 10, ""safety_keep_used"": false, ""fallback_used"": false}"
106,apra,apra_hierarchical_cluster,"[3, 92, 34, 12, 74, 0, 53, 52, 77]",[88],"{""best_k"": 2, ""best_score"": 0.8024148941040039, ""selected_cluster"": 0, ""cluster_scores"": {""0"": 6.976795196533203, ""1"": -1.0}, ""num_trusted"": 9, ""fallback_used"": false}"
106,apra,apra_trust_weighted_clip,"[3, 92, 34, 12, 74, 0, 53, 52, 77]",[],"{""base_clip"": 1.0, ""trust_weights"": {""3"": 0.125, ""92"": 0.125, ""34"": 0.125, ""12"": 0.125, ""74"": 0.125, ""0"": 0.0, ""53"": 0.125, ""52"": 0.125, ""77"": 0.125}, ""num_aggregated"": 9}"
107,apra,apra_mad_filter,"[2, 40, 41, 84, 7, 70, 46, 61, 95]",[0],"{""median_norm"": 0.5591523786647505, ""mad"": 0.07141666703732055, ""k"": 2.0, ""num_accepted"": 9, ""safety_keep_used"": false, ""fallback_used"": false}"
107,apra,apra_hierarchical_cluster,"[40, 84, 7, 70, 46, 61]","[2, 41, 95]","{""best_k"": 3, ""best_score"": 0.6532316207885742, ""selected_cluster"": 0, ""cluster_scores"": {""0"": 5.29795503616333, ""1"": 1.999921202659607, ""2"": -1.0}, ""num_trusted"": 6, ""fallback_used"": false}"
107,apra,apra_trust_weighted_clip,"[40, 84, 7, 70, 46, 61]",[],"{""base_clip"": 1.0, ""trust_weights"": {""40"": 0.20000000298023224, ""84"": 0.20000000298023224, ""7"": 0.20000000298023224, ""70"": 0.20000000298023224, ""46"": 0.20000000298023224, ""61"": 0.0}, ""num_aggregated"": 6}"
108,apra,apra_mad_filter,"[1, 33, 0, 16, 84, 12, 64, 52, 60, 4]",[],"{""median_norm"": 0.5740601735924211, ""mad"": 0.11017878490822475, ""k"": 2.0, ""num_accepted"": 10, ""safety_keep_used"": false, ""fallback_used"": false}"
108,apra,apra_hierarchical_cluster,"[1, 33, 16, 84, 12, 64, 52, 60, 4]",[0],"{""best_k"": 2, ""best_score"": 0.7964633703231812, ""selected_cluster"": 0, ""cluster_scores"": {""0"": 5.679157257080078, ""1"": -1.0}, ""num_trusted"": 9, ""fallback_used"": false}"
108,apra,apra_trust_weighted_clip,"[1, 33, 16, 84, 12, 64, 52, 60, 4]",[],"{""base_clip"": 1.0, ""trust_weights"": {""1"": 0.0, ""33"": 0.125, ""16"": 0.125, ""84"": 0.125, ""12"": 0.125, ""64"": 0.125, ""52"": 0.125, ""60"": 0.125, ""4"": 0.125}, ""num_aggregated"": 9}"
109,apra,apra_mad_filter,"[3, 27, 84, 15, 87, 58, 28]","[14, 5, 17]","{""median_norm"": 0.48489291682057667, ""mad"": 0.025915660904081067, ""k"": 2.0, ""num_accepted"": 7, ""safety_keep_used"": false, ""fallback_used"": false}"
109,apra,apra_hierarchical_cluster,"[3, 58]","[27, 84, 15, 87, 28]","{""best_k"": 2, ""best_score"": 0.35635462403297424, ""selected_cluster"": 1, ""cluster_scores"": {""0"": 0.7073829174041748, ""1"": 1.5789048671722412}, ""num_trusted"": 2, ""fallback_used"": false}"
109,apra,apra_trust_weighted_clip,"[3, 58]",[],"{""base_clip"": 1.0, ""trust_weights"": {""3"": 0.5, ""58"": 0.5}, ""num_aggregated"": 2}"
110,apra,apra_mad_filter,"[4, 29, 12, 86, 67, 81, 84, 59, 21, 3]",[],"{""median_norm"": 0.5428192959577949, ""mad"": 0.07082635933255099, ""k"": 2.0, ""num_accepted"": 10, ""safety_keep_used"": false, ""fallback_used"": false}"
110,apra,apra_hierarchical_cluster,"[4, 29, 12, 86, 67, 81, 84, 21, 3]",[59],"{""best_k"": 2, ""best_score"": 0.5325242877006531, ""selected_cluster"": 0, ""cluster_scores"": {""0"": 1.8307758569717407, ""1"": -1.0}, ""num_trusted"": 9, ""fallback_used"": false}"
110,apra,apra_trust_weighted_clip,"[4, 29, 12, 86, 67, 81, 84, 21, 3]",[],"{""base_clip"": 1.0, ""trust_weights"": {""4"": 0.0, ""29"": 0.0, ""12"": 0.1428571492433548, ""86"": 0.1428571492433548, ""67"": 0.1428571492433548, ""81"": 0.1428571492433548, ""84"": 0.1428571492433548, ""21"": 0.1428571492433548, ""3"": 0.1428571492433548}, ""num_aggregated"": 9}"
111,apra,apra_mad_filter,"[1, 41, 61, 76, 49, 46, 55, 34, 2, 4]",[],"{""median_norm"": 0.5423631910138262, ""mad"": 0.061307914340015396, ""k"": 2.0, ""num_accepted"": 10, ""safety_keep_used"": false, ""fallback_used"": false}"
111,apra,apra_hierarchical_cluster,"[1, 61, 76, 49, 46, 55, 34]","[41, 2, 4]","{""best_k"": 3, ""best_score"": 0.6930316090583801, ""selected_cluster"": 2, ""cluster_scores"": {""0"": 1.9543391466140747, ""1"": -1.0, ""2"": 6.050929546356201}, ""num_trusted"": 7, ""fallback_used"": false}"
111,apra,apra_trust_weighted_clip,"[1, 61, 76, 49, 46, 55, 34]",[],"{""base_clip"": 1.0, ""trust_weights"": {""1"": 0.02373412624001503, ""61"": 0.0, ""76"": 0.47626587748527527, ""49"": 0.0, ""46"": 0.0, ""55"": 0.02373412624001503, ""34"": 0.47626587748527527}, ""num_aggregated"": 7}"
112,apra,apra_mad_filter,"[0, 73, 9, 86, 84, 95, 41, 38, 17]",[52],"{""median_norm"": 0.6362528747849161, ""mad"": 0.08155880905083401, ""k"": 2.0, ""num_accepted"": 9, ""safety_keep_used"": false, ""fallback_used"": false}"
112,apra,apra_hierarchical_cluster,"[86, 84, 41, 38, 17]","[0, 73, 9, 95]","{""best_k"": 4, ""best_score"": 0.538625955581665, ""selected_cluster"": 0, ""cluster_scores"": {""0"": 3.5999395847320557, ""1"": -1.0, ""2"": 1.973076581954956, ""3"": -1.0}, ""num_trusted"": 5, ""fallback_used"": false}"
112,apra,apra_trust_weighted_clip,"[86, 84, 41, 38, 17]",[],"{""base_clip"": 1.0, ""trust_weights"": {""86"": 0.25, ""84"": 0.25, ""41"": 0.0, ""38"": 0.25, ""17"": 0.25}, ""num_aggregated"": 5}"
113,apra,apra_mad_filter,"[0, 91, 57, 71, 20, 38, 10, 16, 54, 36]",[],"{""median_norm"": 0.6258645753680623, ""mad"": 0.07374698086279757, ""k"": 2.0, ""num_accepted"": 10, ""safety_keep_used"": false, ""fallback_used"": false}"
113,apra,apra_hierarchical_cluster,"[0, 91, 57, 71, 20, 38, 10, 16, 36]",[54],"{""best_k"": 2, ""best_score"": 0.6731746196746826, ""selected_cluster"": 0, ""cluster_scores"": {""0"": 2.7569897174835205, ""1"": -1.0}, ""num_trusted"": 9, ""fallback_used"": false}"
113,apra,apra_trust_weighted_clip,"[0, 91, 57, 71, 20, 38, 10, 16, 36]",[],"{""base_clip"": 1.0, ""trust_weights"": {""0"": 0.1666666716337204, ""91"": 0.1666666716337204, ""57"": 0.1666666716337204, ""71"": 0.0, ""20"": 0.0, ""38"": 0.1666666716337204, ""10"": 0.0, ""16"": 0.1666666716337204, ""36"": 0.1666666716337204}, ""num_aggregated"": 9}"
114,apra,apra_mad_filter,"[1, 35, 98, 89, 23, 39, 85, 91, 9, 16]",[],"{""median_norm"": 0.5489540828706271, ""mad"": 0.09332336973804248, ""k"": 2.0, ""num_accepted"": 10, ""safety_keep_used"": false, ""fallback_used"": false}"
114,apra,apra_hierarchical_cluster,"[98, 89, 23, 39, 91, 16]","[1, 35, 85, 9]","{""best_k"": 4, ""best_score"": 0.4555091857910156, ""selected_cluster"": 0, ""cluster_scores"": {""0"": 3.6333203315734863, ""1"": 1.9982469081878662, ""2"": -1.0, ""3"": -1.0}, ""num_trusted"": 6, ""fallback_used"": false}"
114,apra,apra_trust_weighted_clip,"[98, 89, 23, 39, 91, 16]",[],"{""base_clip"": 1.0, ""trust_weights"": {""98"": 0.0, ""89"": 0.20000000298023224, ""23"": 0.20000000298023224, ""39"": 0.20000000298023224, ""91"": 0.20000000298023224, ""16"": 0.20000000298023224}, ""num_aggregated"": 6}"
115,apra,apra_mad_filter,"[2, 41, 38, 85, 51, 56, 19, 36, 97]",[61],"{""median_norm"": 0.5457287364253587, ""mad"": 0.04341852036625335, ""k"": 2.0, ""num_accepted"": 9, ""safety_keep_used"": false, ""fallback_used"": false}"
115,apra,apra_hierarchical_cluster,"[2, 41, 38, 85, 51, 56, 19, 36]",[97],"{""best_k"": 2, ""best_score"": 0.5626847743988037, ""selected_cluster"": 0, ""cluster_scores"": {""0"": 1.9679495096206665, ""1"": -1.0}, ""num_trusted"": 8, ""fallback_used"": false}"
115,apra,apra_trust_weighted_clip,"[2, 41, 38, 85, 51, 56, 19, 36]",[],"{""base_clip"": 1.0, ""trust_weights"": {""2"": 0.1666666716337204, ""41"": 0.1666666716337204, ""38"": 0.1666666716337204, ""85"": 0.0, ""51"": 0.1666666716337204, ""56"": 0.0, ""19"": 0.1666666716337204, ""36"": 0.1666666716337204}, ""num_aggregated"": 8}"
116,apra,apra_mad_filter,"[4, 19, 8, 83, 55, 38, 96, 10]","[17, 30]","{""median_norm"": 0.5778421632676012, ""mad"": 0.06400486193010241, ""k"": 2.0, ""num_accepted"": 8, ""safety_keep_used"": false, ""fallback_used"": false}"
116,apra,apra_hierarchical_cluster,"[4, 19, 8, 83, 55, 38, 96]",[10],"{""best_k"": 2, ""best_score"": 0.5664559602737427, ""selected_cluster"": 0, ""cluster_scores"": {""0"": 1.1199930906295776, ""1"": -1.0}, ""num_trusted"": 7, ""fallback_used"": false}"
116,apra,apra_trust_weighted_clip,"[4, 19, 8, 83, 55, 38, 96]",[],"{""base_clip"": 1.0, ""trust_weights"": {""4"": 0.0, ""19"": 0.0, ""8"": 0.0, ""83"": 0.25, ""55"": 0.25, ""38"": 0.25, ""96"": 0.25}, ""num_aggregated"": 7}"
117,apra,apra_mad_filter,"[0, 66, 34, 52, 8, 29, 67, 77, 45]",[55],"{""median_norm"": 0.596950111010357, ""mad"": 0.05189804654203861, ""k"": 2.0, ""num_accepted"": 9, ""safety_keep_used"": false, ""fallback_used"": false}"
117,apra,apra_hierarchical_cluster,"[66, 34, 52, 8, 29, 67, 77]","[0, 45]","{""best_k"": 3, ""best_score"": 0.5684550404548645, ""selected_cluster"": 0, ""cluster_scores"": {""0"": 4.203341484069824, ""1"": -1.0, ""2"": -1.0}, ""num_trusted"": 7, ""fallback_used"": false}"
117,apra,apra_trust_weighted_clip,"[66, 34, 52, 8, 29, 67, 77]",[],"{""base_clip"": 1.0, ""trust_weights"": {""66"": 0.16967056691646576, ""34"": 0.16967056691646576, ""52"": 0.1516471654176712, ""8"": 0.0, ""29"": 0.16967056691646576, ""67"": 0.16967056691646576, ""77"": 0.16967056691646576}, ""num_aggregated"": 7}"
118,apra,apra_mad_filter,"[0, 81, 90, 44, 79, 20, 36, 89, 55]",[31],"{""median_norm"": 0.5530772263662866, ""mad"": 0.056702127490801446, ""k"": 2.0, ""num_accepted"": 9, ""safety_keep_used"": false, ""fallback_used"": false}"
118,apra,apra_hierarchical_cluster,"[81, 90, 44, 79, 20, 36, 89, 55]",[0],"{""best_k"": 2, ""best_score"": 0.7241502404212952, ""selected_cluster"": 0, ""cluster_scores"": {""0"": 7.0965895652771, ""1"": -1.0}, ""num_trusted"": 8, ""fallback_used"": false}"
118,apra,apra_trust_weighted_clip,"[81, 90, 44, 79, 20, 36, 89, 55]",[],"{""base_clip"": 1.0, ""trust_weights"": {""81"": 0.1428571492433548, ""90"": 0.1428571492433548, ""44"": 0.1428571492433548, ""79"": 0.1428571492433548, ""20"": 0.0, ""36"": 0.1428571492433548, ""89"": 0.1428571492433548, ""55"": 0.1428571492433548}, ""num_aggregated"": 8}"
119,apra,apra_mad_filter,"[3, 41, 19, 9, 97, 64, 37, 55, 33, 42]",[],"{""median_norm"": 0.6091442214855196, ""mad"": 0.0767066290618873, ""k"": 2.0, ""num_accepted"": 10, ""safety_keep_used"": false, ""fallback_used"": false}"
119,apra,apra_hierarchical_cluster,"[3, 41, 19, 64, 37, 55, 33, 42]","[9, 97]","{""best_k"": 2, ""best_score"": 0.5293716788291931, ""selected_cluster"": 0, ""cluster_scores"": {""0"": 2.1710803508758545, ""1"": 1.9290733337402344}, ""num_trusted"": 8, ""fallback_used"": false}"
119,apra,apra_trust_weighted_clip,"[3, 41, 19, 64, 37, 55, 33, 42]",[],"{""base_clip"": 1.0, ""trust_weights"": {""3"": 0.1428571492433548, ""41"": 0.1428571492433548, ""19"": 0.0, ""64"": 0.1428571492433548, ""37"": 0.1428571492433548, ""55"": 0.1428571492433548, ""33"": 0.1428571492433548, ""42"": 0.1428571492433548}, ""num_aggregated"": 8}"
120,apra,apra_mad_filter,"[1, 98, 13, 56, 97, 35, 75, 41, 2]",[30],"{""median_norm"": 0.4713297835246114, ""mad"": 0.05034854084796914, ""k"": 2.0, ""num_accepted"": 9, ""safety_keep_used"": false, ""fallback_used"": false}"
120,apra,apra_hierarchical_cluster,"[1, 98, 13, 56, 35, 75, 41, 2]",[97],"{""best_k"": 2, ""best_score"": 0.5085682272911072, ""selected_cluster"": 0, ""cluster_scores"": {""0"": 1.139357328414917, ""1"": -1.0}, ""num_trusted"": 8, ""fallback_used"": false}"
120,apra,apra_trust_weighted_clip,"[1, 98, 13, 56, 35, 75, 41, 2]",[],"{""base_clip"": 1.0, ""trust_weights"": {""1"": 0.0, ""98"": 0.18397599458694458, ""13"": 0.0, ""56"": 0.18397599458694458, ""35"": 0.1762087047100067, ""75"": 0.18397599458694458, ""41"": 0.13593167066574097, ""2"": 0.13593167066574097}, ""num_aggregated"": 8}"
121,apra,apra_mad_filter,"[3, 5, 42, 83, 37, 14, 13, 89, 28, 61]",[],"{""median_norm"": 0.46853114982711563, ""mad"": 0.03548005319654082, ""k"": 2.0, ""num_accepted"": 10, ""safety_keep_used"": false, ""fallback_used"": false}"
121,apra,apra_hierarchical_cluster,"[3, 5, 83, 37, 14, 89, 28, 61]","[42, 13]","{""best_k"": 2, ""best_score"": 0.5462731122970581, ""selected_cluster"": 0, ""cluster_scores"": {""0"": 2.332470417022705, ""1"": 1.8918592929840088}, ""num_trusted"": 8, ""fallback_used"": false}"
121,apra,apra_trust_weighted_clip,"[3, 5, 83, 37, 14, 89, 28, 61]",[],"{""base_clip"": 1.0, ""trust_weights"": {""3"": 0.1666666716337204, ""5"": 0.1666666716337204, ""83"": 0.1666666716337204, ""37"": 0.1666666716337204, ""14"": 0.0, ""89"": 0.1666666716337204, ""28"": 0.0, ""61"": 0.1666666716337204}, ""num_aggregated"": 8}"
122,apra,apra_mad_filter,"[0, 29, 83, 87, 38, 55, 96, 31, 81, 14]",[],"{""median_norm"": 0.6306366165780591, ""mad"": 0.10561184893343606, ""k"": 2.0, ""num_accepted"": 10, ""safety_keep_used"": false, ""fallback_used"": false}"
122,apra,apra_hierarchical_cluster,"[0, 29, 83, 87, 38, 55, 96, 81, 14]",[31],"{""best_k"": 2, ""best_score"": 0.6129952669143677, ""selected_cluster"": 0, ""cluster_scores"": {""0"": 3.398935317993164, ""1"": -1.0}, ""num_trusted"": 9, ""fallback_used"": false}"
122,apra,apra_trust_weighted_clip,"[0, 29, 83, 87, 38, 55, 96, 81, 14]",[],"{""base_clip"": 1.0, ""trust_weights"": {""0"": 0.0, ""29"": 0.11153491586446762, ""83"": 0.17769302427768707, ""87"": 0.17769302427768707, ""38"": 0.17769302427768707, ""55"": 0.0, ""96"": 0.0, ""81"": 0.17769302427768707, ""14"": 0.17769302427768707}, ""num_aggregated"": 9}"
123,apra,apra_mad_filter,"[0, 64, 70, 77, 6, 82, 62, 69, 55]",[88],"{""median_norm"": 0.5599567484966235, ""mad"": 0.06230530399880552, ""k"": 2.0, ""num_accepted"": 9, ""safety_keep_used"": false, ""fallback_used"": false}"
123,apra,apra_hierarchical_cluster,"[64, 70, 77, 6, 82, 62, 69, 55]",[0],"{""best_k"": 2, ""best_score"": 0.6120984554290771, ""selected_cluster"": 0, ""cluster_scores"": {""0"": 7.062926769256592, ""1"": -1.0}, ""num_trusted"": 8, ""fallback_used"": false}"
123,apra,apra_trust_weighted_clip,"[64, 70, 77, 6, 82, 62, 69, 55]",[],"{""base_clip"": 1.0, ""trust_weights"": {""64"": 0.1428571492433548, ""70"": 0.1428571492433548, ""77"": 0.1428571492433548, ""6"": 0.1428571492433548, ""82"": 0.0, ""62"": 0.1428571492433548, ""69"": 0.1428571492433548, ""55"": 0.1428571492433548}, ""num_aggregated"": 8}"
124,apra,apra_mad_filter,"[4, 96, 42, 49, 15, 72, 99]","[88, 58, 7]","{""median_norm"": 0.5645767751733562, ""mad"": 0.028144226032550124, ""k"": 2.0, ""num_accepted"": 7, ""safety_keep_used"": false, ""fallback_used"": false}"
124,apra,apra_hierarchical_cluster,"[4, 96, 42, 49, 15]","[72, 99]","{""best_k"": 2, ""best_score"": 0.4099288582801819, ""selected_cluster"": 0, ""cluster_scores"": {""0"": 2.506283760070801, ""1"": 1.9066104888916016}, ""num_trusted"": 5, ""fallback_used"": false}"
124,apra,apra_trust_weighted_clip,"[4, 96, 42, 49, 15]",[],"{""base_clip"": 1.0, ""trust_weights"": {""4"": 0.0, ""96"": 0.0, ""42"": 0.07102043181657791, ""49"": 0.46448981761932373, ""15"": 0.46448981761932373}, ""num_aggregated"": 5}"
125,apra,apra_mad_filter,"[4, 1, 36, 14, 90, 87, 42, 82, 37]",[30],"{""median_norm"": 0.5446370042129713, ""mad"": 0.03831150113479451, ""k"": 2.0, ""num_accepted"": 9, ""safety_keep_used"": false, ""fallback_used"": false}"
125,apra,apra_hierarchical_cluster,"[1, 36, 14, 90, 87, 42, 82, 37]",[4],"{""best_k"": 2, ""best_score"": 0.5649177432060242, ""selected_cluster"": 0, ""cluster_scores"": {""0"": 3.1642065048217773, ""1"": -1.0}, ""num_trusted"": 8, ""fallback_used"": false}"
125,apra,apra_trust_weighted_clip,"[1, 36, 14, 90, 87, 42, 82, 37]",[],"{""base_clip"": 1.0, ""trust_weights"": {""1"": 0.15130217373371124, ""36"": 0.12174457311630249, ""14"": 0.15130217373371124, ""90"": 0.15130217373371124, ""87"": 0.15130217373371124, ""42"": 0.12174457311630249, ""82"": 0.0, ""37"": 0.15130217373371124}, ""num_aggregated"": 8}"
126,apra,apra_mad_filter,"[3, 64, 35, 90, 84, 78]","[40, 31, 29, 48]","{""median_norm"": 0.6006489883930088, ""mad"": 0.05324787726126051, ""k"": 2.0, ""num_accepted"": 6, ""safety_keep_used"": false, ""fallback_used"": false}"
126,apra,apra_hierarchical_cluster,"[35, 90, 84, 78]","[3, 64]","{""best_k"": 2, ""best_score"": 0.29307863116264343, ""selected_cluster"": 0, ""cluster_scores"": {""0"": 3.3264265060424805, ""1"": 1.8896549940109253}, ""num_trusted"": 4, ""fallback_used"": false}"
126,apra,apra_trust_weighted_clip,"[35, 90, 84, 78]",[],"{""base_clip"": 1.0, ""trust_weights"": {""35"": 0.0, ""90"": 0.5, ""84"": 0.0, ""78"": 0.5}, ""num_aggregated"": 4}"
127,apra,apra_mad_filter,"[3, 56, 98, 78, 62, 5, 13, 86, 55]",[32],"{""median_norm"": 0.5611983975430155, ""mad"": 0.0652168971531209, ""k"": 2.0, ""num_accepted"": 9, ""safety_keep_used"": false, ""fallback_used"": false}"
127,apra,apra_hierarchical_cluster,"[3, 56, 98, 78, 5, 13, 86, 55]",[62],"{""best_k"": 2, ""best_score"": 0.43650251626968384, ""selected_cluster"": 0, ""cluster_scores"": {""0"": 1.7674167156219482, ""1"": -1.0}, ""num_trusted"": 8, ""fallback_used"": false}"
127,apra,apra_trust_weighted_clip,"[3, 56, 98, 78, 5, 13, 86, 55]",[],"{""base_clip"": 1.0, ""trust_weights"": {""3"": 0.0, ""56"": 0.0, ""98"": 0.18268254399299622, ""78"": 0.18268254399299622, ""5"": 0.18268254399299622, ""13"": 0.08658725768327713, ""86"": 0.18268254399299622, ""55"": 0.18268254399299622}, ""num_aggregated"": 8}"
128,apra,apra_mad_filter,"[4, 99, 20, 31, 10, 86, 90, 62, 41]",[47],"{""median_norm"": 0.6263475130166468, ""mad"": 0.08582927772046167, ""k"": 2.0, ""num_accepted"": 9, ""safety_keep_used"": false, ""fallback_used"": false}"
128,apra,apra_hierarchical_cluster,"[4, 99, 20, 10, 86, 90, 62, 41]",[31],"{""best_k"": 2, ""best_score"": 0.6492547392845154, ""selected_cluster"": 0, ""cluster_scores"": {""0"": 2.197953224182129, ""1"": -1.0}, ""num_trusted"": 8, ""fallback_used"": false}"
128,apra,apra_trust_weighted_clip,"[4, 99, 20, 10, 86, 90, 62, 41]",[],"{""base_clip"": 1.0, ""trust_weights"": {""4"": 0.06820269674062729, ""99"": 0.06820269674062729, ""20"": 0.21589864790439606, ""10"": 0.0, ""86"": 0.21589864790439606, ""90"": 0.21589864790439606, ""62"": 0.0, ""41"": 0.21589864790439606}, ""num_aggregated"": 8}"
129,apra,apra_mad_filter,"[0, 33, 1, 73, 28, 61, 3, 11, 96, 15]",[],"{""median_norm"": 0.5658531109095571, ""mad"": 0.09065622263006914, ""k"": 2.0, ""num_accepted"": 10, ""safety_keep_used"": false, ""fallback_used"": false}"
129,apra,apra_hierarchical_cluster,"[0, 33, 1, 28, 61, 3, 11, 96, 15]",[73],"{""best_k"": 2, ""best_score"": 0.7369515895843506, ""selected_cluster"": 0, ""cluster_scores"": {""0"": 4.04636287689209, ""1"": -1.0}, ""num_trusted"": 9, ""fallback_used"": false}"
129,apra,apra_trust_weighted_clip,"[0, 33, 1, 28, 61, 3, 11, 96, 15]",[],"{""base_clip"": 1.0, ""trust_weights"": {""0"": 0.0, ""33"": 0.125, ""1"": 0.125, ""28"": 0.125, ""61"": 0.125, ""3"": 0.125, ""11"": 0.125, ""96"": 0.125, ""15"": 0.125}, ""num_aggregated"": 9}"
130,apra,apra_mad_filter,"[4, 42, 80, 51, 72, 74, 90, 58, 35, 83]",[],"{""median_norm"": 0.548177327307096, ""mad"": 0.05356502869895213, ""k"": 2.0, ""num_accepted"": 10, ""safety_keep_used"": false, ""fallback_used"": false}"
130,apra,apra_hierarchical_cluster,"[74, 90, 83]","[4, 42, 80, 51, 72, 58, 35]","{""best_k"": 5, ""best_score"": 0.4271862506866455, ""selected_cluster"": 4, ""cluster_scores"": {""0"": 2.6504149436950684, ""1"": 1.9586009979248047, ""2"": -1.0, ""3"": -1.0, ""4"": 2.893808603286743}, ""num_trusted"": 3, ""fallback_used"": false}"
130,apra,apra_trust_weighted_clip,"[74, 90, 83]",[],"{""base_clip"": 1.0, ""trust_weights"": {""74"": 0.0, ""90"": 0.5, ""83"": 0.5}, ""num_aggregated"": 3}"
131,apra,apra_mad_filter,"[0, 95, 80, 46, 22, 73, 3, 42, 93, 85]",[],"{""median_norm"": 0.8073786036244647, ""mad"": 0.05459713688486367, ""k"": 2.0, ""num_accepted"": 10, ""safety_keep_used"": false, ""fallback_used"": false}"
131,apra,apra_hierarchical_cluster,"[0, 95, 80, 46, 22, 3, 93, 85]","[73, 42]","{""best_k"": 2, ""best_score"": 0.6081061959266663, ""selected_cluster"": 0, ""cluster_scores"": {""0"": 3.3805277347564697, ""1"": 1.916480302810669}, ""num_trusted"": 8, ""fallback_used"": false}"
131,apra,apra_trust_weighted_clip,"[0, 95, 80, 46, 22, 3, 93, 85]",[],"{""base_clip"": 1.0, ""trust_weights"": {""0"": 0.0, ""95"": 0.1666666716337204, ""80"": 0.1666666716337204, ""46"": 0.1666666716337204, ""22"": 0.1666666716337204, ""3"": 0.1666666716337204, ""93"": 0.1666666716337204, ""85"": 0.0}, ""num_aggregated"": 8}"
132,apra,apra_mad_filter,"[2, 5, 77, 45, 62, 74, 20, 65, 9, 68]",[],"{""median_norm"": 0.6406511959867653, ""mad"": 0.14851724786468853, ""k"": 2.0, ""num_accepted"": 10, ""safety_keep_used"": false, ""fallback_used"": false}"
132,apra,apra_hierarchical_cluster,"[2, 5, 77, 45, 62, 74, 65, 68]","[20, 9]","{""best_k"": 3, ""best_score"": 0.561263382434845, ""selected_cluster"": 0, ""cluster_scores"": {""0"": 3.0475380420684814, ""1"": -1.0, ""2"": -1.0}, ""num_trusted"": 8, ""fallback_used"": false}"
132,apra,apra_trust_weighted_clip,"[2, 5, 77, 45, 62, 74, 65, 68]",[],"{""base_clip"": 1.0, ""trust_weights"": {""2"": 0.1428571492433548, ""5"": 0.1428571492433548, ""77"": 0.1428571492433548, ""45"": 0.1428571492433548, ""62"": 0.1428571492433548, ""74"": 0.1428571492433548, ""65"": 0.1428571492433548, ""68"": 0.0}, ""num_aggregated"": 8}"
133,apra,apra_mad_filter,"[2, 58, 94, 20, 50, 65, 7, 27]","[51, 95]","{""median_norm"": 0.4890915887196213, ""mad"": 0.05161330787790805, ""k"": 2.0, ""num_accepted"": 8, ""safety_keep_used"": false, ""fallback_used"": false}"
133,apra,apra_hierarchical_cluster,"[2, 94, 20, 50, 65, 7]","[58, 27]","{""best_k"": 2, ""best_score"": 0.5583257675170898, ""selected_cluster"": 0, ""cluster_scores"": {""0"": 2.7564685344696045, ""1"": 1.8927319049835205}, ""num_trusted"": 6, ""fallback_used"": false}"
133,apra,apra_trust_weighted_clip,"[2, 94, 20, 50, 65, 7]",[],"{""base_clip"": 1.0, ""trust_weights"": {""2"": 0.0, ""94"": 0.25, ""20"": 0.0, ""50"": 0.25, ""65"": 0.25, ""7"": 0.25}, ""num_aggregated"": 6}"
134,apra,apra_mad_filter,"[4, 78, 82, 23, 37, 10, 55, 13, 12, 77]",[],"{""median_norm"": 0.46224094503564506, ""mad"": 0.047405718941468306, ""k"": 2.0, ""num_accepted"": 10, ""safety_keep_used"": false, ""fallback_used"": false}"
134,apra,apra_hierarchical_cluster,"[4, 78, 23, 37, 10, 55, 13, 12, 77]",[82],"{""best_k"": 2, ""best_score"": 0.5482450723648071, ""selected_cluster"": 0, ""cluster_scores"": {""0"": 1.4593141078948975, ""1"": -1.0}, ""num_trusted"": 9, ""fallback_used"": false}"
134,apra,apra_trust_weighted_clip,"[4, 78, 23, 37, 10, 55, 13, 12, 77]",[],"{""base_clip"": 1.0, ""trust_weights"": {""4"": 0.038042161613702774, ""78"": 0.1486700177192688, ""23"": 0.1486700177192688, ""37"": 0.0, ""10"": 0.1486700177192688, ""55"": 0.1486700177192688, ""13"": 0.06993772834539413, ""12"": 0.1486700177192688, ""77"": 0.1486700177192688}, ""num_aggregated"": 9}"
135,apra,apra_mad_filter,"[2, 35, 89, 82, 23, 63]","[5, 93, 49, 95]","{""median_norm"": 0.5130421930364383, ""mad"": 0.027845209488533806, ""k"": 2.0, ""num_accepted"": 6, ""safety_keep_used"": false, ""fallback_used"": false}"
135,apra,apra_hierarchical_cluster,"[2, 35, 89, 23, 63]",[82],"{""best_k"": 2, ""best_score"": 0.5368666648864746, ""selected_cluster"": 0, ""cluster_scores"": {""0"": 2.8576719760894775, ""1"": -1.0}, ""num_trusted"": 5, ""fallback_used"": false}"
135,apra,apra_trust_weighted_clip,"[2, 35, 89, 23, 63]",[],"{""base_clip"": 1.0, ""trust_weights"": {""2"": 0.0, ""35"": 0.0, ""89"": 0.3657371401786804, ""23"": 0.3657371401786804, ""63"": 0.26852571964263916}, ""num_aggregated"": 5}"
136,apra,apra_mad_filter,"[4, 83, 79, 69, 95, 96, 84]","[3, 66, 7]","{""median_norm"": 0.6404652707032357, ""mad"": 0.036404028495656715, ""k"": 2.0, ""num_accepted"": 7, ""safety_keep_used"": false, ""fallback_used"": false}"
136,apra,apra_hierarchical_cluster,"[4, 83, 79, 84]","[69, 95, 96]","{""best_k"": 3, ""best_score"": 0.4178059995174408, ""selected_cluster"": 1, ""cluster_scores"": {""0"": 1.4196152687072754, ""1"": 3.2975919246673584, ""2"": -1.0}, ""num_trusted"": 4, ""fallback_used"": false}"
136,apra,apra_trust_weighted_clip,"[4, 83, 79, 84]",[],"{""base_clip"": 1.0, ""trust_weights"": {""4"": 0.0, ""83"": 0.3333333432674408, ""79"": 0.3333333432674408, ""84"": 0.3333333432674408}, ""num_aggregated"": 4}"
137,apra,apra_mad_filter,"[3, 65, 26, 12, 98, 20, 86, 75]","[16, 59]","{""median_norm"": 0.5511281248275095, ""mad"": 0.03391958918054716, ""k"": 2.0, ""num_accepted"": 8, ""safety_keep_used"": false, ""fallback_used"": false}"
137,apra,apra_hierarchical_cluster,"[3, 65, 12, 98, 20, 86, 75]",[26],"{""best_k"": 2, ""best_score"": 0.5711789727210999, ""selected_cluster"": 0, ""cluster_scores"": {""0"": 3.823420286178589, ""1"": -1.0}, ""num_trusted"": 7, ""fallback_used"": false}"
137,apra,apra_trust_weighted_clip,"[3, 65, 12, 98, 20, 86, 75]",[],"{""base_clip"": 1.0, ""trust_weights"": {""3"": 0.0, ""65"": 0.2912071645259857, ""12"": 0.2912071645259857, ""98"": 0.2087928205728531, ""20"": 0.0, ""86"": 0.0, ""75"": 0.2087928205728531}, ""num_aggregated"": 7}"
138,apra,apra_mad_filter,"[2, 78, 18, 71, 20, 21, 27]","[31, 11, 24]","{""median_norm"": 0.49305208260667843, ""mad"": 0.07314022945009135, ""k"": 2.0, ""num_accepted"": 7, ""safety_keep_used"": false, ""fallback_used"": false}"
138,apra,apra_hierarchical_cluster,"[78, 18, 20, 21]","[2, 71, 27]","{""best_k"": 2, ""best_score"": 0.3404759466648102, ""selected_cluster"": 0, ""cluster_scores"": {""0"": 3.451559543609619, ""1"": 2.458986759185791}, ""num_trusted"": 4, ""fallback_used"": false}"
138,apra,apra_trust_weighted_clip,"[78, 18, 20, 21]",[],"{""base_clip"": 1.0, ""trust_weights"": {""78"": 0.0, ""18"": 0.5, ""20"": 0.0, ""21"": 0.5}, ""num_aggregated"": 4}"
139,apra,apra_mad_filter,"[2, 50, 63, 64, 18, 45, 0, 89, 28]",[91],"{""median_norm"": 0.6497348373758485, ""mad"": 0.0866177528826722, ""k"": 2.0, ""num_accepted"": 9, ""safety_keep_used"": false, ""fallback_used"": false}"
139,apra,apra_hierarchical_cluster,"[2, 50, 63, 64, 18, 45, 89, 28]",[0],"{""best_k"": 2, ""best_score"": 0.7014967799186707, ""selected_cluster"": 0, ""cluster_scores"": {""0"": 2.8367912769317627, ""1"": -1.0}, ""num_trusted"": 8, ""fallback_used"": false}"
139,apra,apra_trust_weighted_clip,"[2, 50, 63, 64, 18, 45, 89, 28]",[],"{""base_clip"": 1.0, ""trust_weights"": {""2"": 0.0, ""50"": 0.25, ""63"": 0.0, ""64"": 0.25, ""18"": 0.25, ""45"": 0.0, ""89"": 0.25, ""28"": 0.0}, ""num_aggregated"": 8}"
140,apra,apra_mad_filter,"[97, 55, 16, 23, 89, 59, 90, 15]","[4, 45]","{""median_norm"": 0.49795328725307697, ""mad"": 0.025930787209562545, ""k"": 2.0, ""num_accepted"": 8, ""safety_keep_used"": false, ""fallback_used"": false}"
140,apra,apra_hierarchical_cluster,"[55, 16, 23, 89, 90, 15]","[97, 59]","{""best_k"": 2, ""best_score"": 0.6150492429733276, ""selected_cluster"": 1, ""cluster_scores"": {""0"": 1.6522550582885742, ""1"": 3.5459799766540527}, ""num_trusted"": 6, ""fallback_used"": false}"
140,apra,apra_trust_weighted_clip,"[55, 16, 23, 89, 90, 15]",[],"{""base_clip"": 1.0, ""trust_weights"": {""55"": 0.0, ""16"": 0.21143415570259094, ""23"": 0.15426330268383026, ""89"": 0.21143415570259094, ""90"": 0.21143415570259094, ""15"": 0.21143415570259094}, ""num_aggregated"": 6}"
141,apra,apra_mad_filter,"[2, 12, 25, 36, 23, 64, 84, 91, 26]",[19],"{""median_norm"": 0.5203965795748182, ""mad"": 0.030969462444493, ""k"": 2.0, ""num_accepted"": 9, ""safety_keep_used"": false, ""fallback_used"": false}"
141,apra,apra_hierarchical_cluster,"[12, 25, 36, 23, 64, 84, 91, 26]",[2],"{""best_k"": 2, ""best_score"": 0.5512297749519348, ""selected_cluster"": 0, ""cluster_scores"": {""0"": 2.121473789215088, ""1"": -1.0}, ""num_trusted"": 8, ""fallback_used"": false}"
141,apra,apra_trust_weighted_clip,"[12, 25, 36, 23, 64, 84, 91, 26]",[],"{""base_clip"": 1.0, ""trust_weights"": {""12"": 0.1523236632347107, ""25"": 0.1523236632347107, ""36"": 0.1523236632347107, ""23"": 0.1523236632347107, ""64"": 0.15196919441223145, ""84"": 0.0864124670624733, ""91"": 0.1523236632347107, ""26"": 0.0}, ""num_aggregated"": 8}"
142,apra,apra_mad_filter,"[2, 84, 63, 30, 90, 33, 24, 13, 87, 40]",[],"{""median_norm"": 0.6351320917970339, ""mad"": 0.12208055595678097, ""k"": 2.0, ""num_accepted"": 10, ""safety_keep_used"": false, ""fallback_used"": false}"
142,apra,apra_hierarchical_cluster,"[2, 84, 63, 90, 33, 13, 87, 40]","[30, 24]","{""best_k"": 2, ""best_score"": 0.5449590682983398, ""selected_cluster"": 0, ""cluster_scores"": {""0"": 3.997880697250366, ""1"": 1.889173984527588}, ""num_trusted"": 8, ""fallback_used"": false}"
142,apra,apra_trust_weighted_clip,"[2, 84, 63, 90, 33, 13, 87, 40]",[],"{""base_clip"": 1.0, ""trust_weights"": {""2"": 0.0, ""84"": 0.1666666716337204, ""63"": 0.1666666716337204, ""90"": 0.1666666716337204, ""33"": 0.1666666716337204, ""13"": 0.0, ""87"": 0.1666666716337204, ""40"": 0.1666666716337204}, ""num_aggregated"": 8}"
143,apra,apra_mad_filter,"[1, 2, 78, 33, 24, 5, 57, 77, 31, 62]",[],"{""median_norm"": 0.52789702363504, ""mad"": 0.10467429927087663, ""k"": 2.0, ""num_accepted"": 10, ""safety_keep_used"": false, ""fallback_used"": false}"
143,apra,apra_hierarchical_cluster,"[1, 2, 78, 33, 24, 5, 57, 77, 62]",[31],"{""best_k"": 2, ""best_score"": 0.6782253980636597, ""selected_cluster"": 0, ""cluster_scores"": {""0"": 4.01975154876709, ""1"": -1.0}, ""num_trusted"": 9, ""fallback_used"": false}"
143,apra,apra_trust_weighted_clip,"[1, 2, 78, 33, 24, 5, 57, 77, 62]",[],"{""base_clip"": 1.0, ""trust_weights"": {""1"": 0.1428571492433548, ""2"": 0.0, ""78"": 0.1428571492433548, ""33"": 0.1428571492433548, ""24"": 0.1428571492433548, ""5"": 0.0, ""57"": 0.1428571492433548, ""77"": 0.1428571492433548, ""62"": 0.1428571492433548}, ""num_aggregated"": 9}"
144,apra,apra_mad_filter,"[2, 15, 84, 66, 59, 80, 91, 79]","[48, 9]","{""median_norm"": 0.5622225790860511, ""mad"": 0.06302195939767338, ""k"": 2.0, ""num_accepted"": 8, ""safety_keep_used"": false, ""fallback_used"": false}"
144,apra,apra_hierarchical_cluster,"[15, 84, 66, 59, 80, 91, 79]",[2],"{""best_k"": 2, ""best_score"": 0.5706967115402222, ""selected_cluster"": 0, ""cluster_scores"": {""0"": 2.042588710784912, ""1"": -1.0}, ""num_trusted"": 7, ""fallback_used"": false}"
144,apra,apra_trust_weighted_clip,"[15, 84, 66, 59, 80, 91, 79]",[],"{""base_clip"": 1.0, ""trust_weights"": {""15"": 0.0, ""84"": 0.1666666716337204, ""66"": 0.1666666716337204, ""59"": 0.1666666716337204, ""80"": 0.1666666716337204, ""91"": 0.1666666716337204, ""79"": 0.1666666716337204}, ""num_aggregated"": 7}"
145,apra,apra_mad_filter,"[2, 19, 44, 7, 85, 43, 73, 18, 29, 83]",[],"{""median_norm"": 0.6647172591130406, ""mad"": 0.13292799101002806, ""k"": 2.0, ""num_accepted"": 10, ""safety_keep_used"": false, ""fallback_used"": false}"
145,apra,apra_hierarchical_cluster,"[2, 19, 44, 7, 85, 43, 18, 29, 83]",[73],"{""best_k"": 2, ""best_score"": 0.6215171813964844, ""selected_cluster"": 0, ""cluster_scores"": {""0"": 2.8658275604248047, ""1"": -1.0}, ""num_trusted"": 9, ""fallback_used"": false}"
145,apra,apra_trust_weighted_clip,"[2, 19, 44, 7, 85, 43, 18, 29, 83]",[],"{""base_clip"": 1.0, ""trust_weights"": {""2"": 0.02410428784787655, ""19"": 0.0, ""44"": 0.11645152419805527, ""7"": 0.1718888282775879, ""85"": 0.0, ""43"": 0.1718888282775879, ""18"": 0.1718888282775879, ""29"": 0.1718888282775879, ""83"": 0.1718888282775879}, ""num_aggregated"": 9}"
146,apra,apra_mad_filter,"[0, 99, 74, 47, 46, 89, 95, 71, 63]",[88],"{""median_norm"": 0.5615813373809915, ""mad"": 0.13364794009713876, ""k"": 2.0, ""num_accepted"": 9, ""safety_keep_used"": false, ""fallback_used"": false}"
146,apra,apra_hierarchical_cluster,"[99, 74, 47, 46, 89, 95, 71, 63]",[0],"{""best_k"": 2, ""best_score"": 0.5619699954986572, ""selected_cluster"": 0, ""cluster_scores"": {""0"": 3.827153444290161, ""1"": -1.0}, ""num_trusted"": 8, ""fallback_used"": false}"
146,apra,apra_trust_weighted_clip,"[99, 74, 47, 46, 89, 95, 71, 63]",[],"{""base_clip"": 1.0, ""trust_weights"": {""99"": 0.0, ""74"": 0.20000000298023224, ""47"": 0.0, ""46"": 0.20000000298023224, ""89"": 0.20000000298023224, ""95"": 0.0, ""71"": 0.20000000298023224, ""63"": 0.20000000298023224}, ""num_aggregated"": 8}"
147,apra,apra_mad_filter,"[3, 78, 91, 29, 51, 38, 86, 63, 27]",[24],"{""median_norm"": 0.4893375695816054, ""mad"": 0.06664742980734026, ""k"": 2.0, ""num_accepted"": 9, ""safety_keep_used"": false, ""fallback_used"": false}"
147,apra,apra_hierarchical_cluster,"[3, 78, 91, 29, 38, 86, 63, 27]",[51],"{""best_k"": 2, ""best_score"": 0.5890070199966431, ""selected_cluster"": 0, ""cluster_scores"": {""0"": 3.085695266723633, ""1"": -1.0}, ""num_trusted"": 8, ""fallback_used"": false}"
147,apra,apra_trust_weighted_clip,"[3, 78, 91, 29, 38, 86, 63, 27]",[],"{""base_clip"": 1.0, ""trust_weights"": {""3"": 0.20653226971626282, ""78"": 0.07458338886499405, ""91"": 0.20653226971626282, ""29"": 0.0, ""38"": 0.20653226971626282, ""86"": 0.0884217768907547, ""63"": 0.20653226971626282, ""27"": 0.010865806601941586}, ""num_aggregated"": 8}"
148,apra,apra_mad_filter,"[3, 75, 59, 20, 29, 67, 93, 81, 13]",[45],"{""median_norm"": 0.47510780280448484, ""mad"": 0.03822296424617991, ""k"": 2.0, ""num_accepted"": 9, ""safety_keep_used"": false, ""fallback_used"": false}"
148,apra,apra_hierarchical_cluster,"[3, 75, 20, 29, 67, 93, 81, 13]",[59],"{""best_k"": 2, ""best_score"": 0.5912579298019409, ""selected_cluster"": 0, ""cluster_scores"": {""0"": 0.8101279139518738, ""1"": -1.0}, ""num_trusted"": 8, ""fallback_used"": false}"
148,apra,apra_trust_weighted_clip,"[3, 75, 20, 29, 67, 93, 81, 13]",[],"{""base_clip"": 1.0, ""trust_weights"": {""3"": 0.1666666716337204, ""75"": 0.1666666716337204, ""20"": 0.1666666716337204, ""29"": 0.1666666716337204, ""67"": 0.0, ""93"": 0.0, ""81"": 0.1666666716337204, ""13"": 0.1666666716337204}, ""num_aggregated"": 8}"
149,apra,apra_mad_filter,"[3, 10, 17, 75, 20, 11, 31, 42, 14]",[88],"{""median_norm"": 0.6952616102593878, ""mad"": 0.16819684440627133, ""k"": 2.0, ""num_accepted"": 9, ""safety_keep_used"": false, ""fallback_used"": false}"
149,apra,apra_hierarchical_cluster,"[3, 10, 17, 75, 20, 11, 42, 14]",[31],"{""best_k"": 2, ""best_score"": 0.6875359416007996, ""selected_cluster"": 0, ""cluster_scores"": {""0"": 5.833493232727051, ""1"": -1.0}, ""num_trusted"": 8, ""fallback_used"": false}"
149,apra,apra_trust_weighted_clip,"[3, 10, 17, 75, 20, 11, 42, 14]",[],"{""base_clip"": 1.0, ""trust_weights"": {""3"": 0.16341155767440796, ""10"": 0.0, ""17"": 0.16341155767440796, ""75"": 0.16341155767440796, ""20"": 0.16341155767440796, ""11"": 0.16341155767440796, ""42"": 0.01953066885471344, ""14"": 0.16341155767440796}, ""num_aggregated"": 8}"
150,apra,apra_mad_filter,"[0, 85, 82, 10, 31, 84, 7, 4]","[27, 14]","{""median_norm"": 0.666604529745854, ""mad"": 0.04745581658712822, ""k"": 2.0, ""num_accepted"": 8, ""safety_keep_used"": false, ""fallback_used"": false}"
150,apra,apra_hierarchical_cluster,"[85, 82, 10, 31, 84, 7, 4]",[0],"{""best_k"": 2, ""best_score"": 0.5164903402328491, ""selected_cluster"": 0, ""cluster_scores"": {""0"": 1.6391236782073975, ""1"": -1.0}, ""num_trusted"": 7, ""fallback_used"": false}"
150,apra,apra_trust_weighted_clip,"[85, 82, 10, 31, 84, 7, 4]",[],"{""base_clip"": 1.0, ""trust_weights"": {""85"": 0.18230780959129333, ""82"": 0.08846092224121094, ""10"": 0.18230780959129333, ""31"": 0.0, ""84"": 0.18230780959129333, ""7"": 0.18230780959129333, ""4"": 0.18230780959129333}, ""num_aggregated"": 7}"
151,apra,apra_mad_filter,"[3, 43, 25, 48, 98, 87, 6, 23, 34]",[52],"{""median_norm"": 0.5301958603012555, ""mad"": 0.07223292164047523, ""k"": 2.0, ""num_accepted"": 9, ""safety_keep_used"": false, ""fallback_used"": false}"
151,apra,apra_hierarchical_cluster,"[3, 43, 25, 98, 87, 6, 23, 34]",[48],"{""best_k"": 2, ""best_score"": 0.730991542339325, ""selected_cluster"": 0, ""cluster_scores"": {""0"": 3.318265914916992, ""1"": -1.0}, ""num_trusted"": 8, ""fallback_used"": false}"
151,apra,apra_trust_weighted_clip,"[3, 43, 25, 98, 87, 6, 23, 34]",[],"{""base_clip"": 1.0, ""trust_weights"": {""3"": 0.1428571492433548, ""43"": 0.1428571492433548, ""25"": 0.0, ""98"": 0.1428571492433548, ""87"": 0.1428571492433548, ""6"": 0.1428571492433548, ""23"": 0.1428571492433548, ""34"": 0.1428571492433548}, ""num_aggregated"": 8}"
152,apra,apra_mad_filter,"[36, 68, 37, 92, 94, 14, 22, 28, 18]",[4],"{""median_norm"": 0.48270849331545673, ""mad"": 0.05410972832312033, ""k"": 2.0, ""num_accepted"": 9, ""safety_keep_used"": false, ""fallback_used"": false}"
152,apra,apra_hierarchical_cluster,"[68, 37, 92, 94, 14, 22, 28, 18]",[36],"{""best_k"": 2, ""best_score"": 0.6575224995613098, ""selected_cluster"": 0, ""cluster_scores"": {""0"": 4.162850856781006, ""1"": -1.0}, ""num_trusted"": 8, ""fallback_used"": false}"
152,apra,apra_trust_weighted_clip,"[68, 37, 92, 94, 14, 22, 28, 18]",[],"{""base_clip"": 1.0, ""trust_weights"": {""68"": 0.1435403674840927, ""37"": 0.0, ""92"": 0.13875778019428253, ""94"": 0.1435403674840927, ""14"": 0.1435403674840927, ""22"": 0.1435403674840927, ""28"": 0.1435403674840927, ""18"": 0.1435403674840927}, ""num_aggregated"": 8}"
153,apra,apra_mad_filter,"[1, 24, 30, 22, 5, 72, 62, 32, 68, 97]",[],"{""median_norm"": 0.5372215677911777, ""mad"": 0.06618807249600103, ""k"": 2.0, ""num_accepted"": 10, ""safety_keep_used"": false, ""fallback_used"": false}"
153,apra,apra_hierarchical_cluster,"[1, 24, 30, 22, 5, 72, 32, 68, 97]",[62],"{""best_k"": 2, ""best_score"": 0.46209388971328735, ""selected_cluster"": 0, ""cluster_scores"": {""0"": 1.2714585065841675, ""1"": -1.0}, ""num_trusted"": 9, ""fallback_used"": false}"
153,apra,apra_trust_weighted_clip,"[1, 24, 30, 22, 5, 72, 32, 68, 97]",[],"{""base_clip"": 1.0, ""trust_weights"": {""1"": 0.1478300541639328, ""24"": 0.0, ""30"": 0.1478300541639328, ""22"": 0.1478300541639328, ""5"": 0.1478300541639328, ""72"": 0.1478300541639328, ""32"": 0.0, ""68"": 0.1478300541639328, ""97"": 0.11301968991756439}, ""num_aggregated"": 9}"
154,apra,apra_mad_filter,"[91, 61, 99, 97, 98, 93, 39]","[2, 8, 74]","{""median_norm"": 0.5015420878524847, ""mad"": 0.020804842819454272, ""k"": 2.0, ""num_accepted"": 7, ""safety_keep_used"": false, ""fallback_used"": false}"
154,apra,apra_hierarchical_cluster,"[91, 61, 97, 98, 93, 39]",[99],"{""best_k"": 2, ""best_score"": 0.3378729820251465, ""selected_cluster"": 0, ""cluster_scores"": {""0"": 1.7580175399780273, ""1"": -1.0}, ""num_trusted"": 6, ""fallback_used"": false}"
154,apra,apra_trust_weighted_clip,"[91, 61, 97, 98, 93, 39]",[],"{""base_clip"": 1.0, ""trust_weights"": {""91"": 0.0, ""61"": 0.25, ""97"": 0.25, ""98"": 0.25, ""93"": 0.25, ""39"": 0.0}, ""num_aggregated"": 6}"
155,apra,apra_mad_filter,"[1, 75, 14, 32, 2, 68, 46, 72, 57]",[62],"{""median_norm"": 0.6140693447122698, ""mad"": 0.04179156852549781, ""k"": 2.0, ""num_accepted"": 9, ""safety_keep_used"": false, ""fallback_used"": false}"
155,apra,apra_hierarchical_cluster,"[1, 75, 14, 68, 46, 72, 57]","[32, 2]","{""best_k"": 3, ""best_score"": 0.5724047422409058, ""selected_cluster"": 0, ""cluster_scores"": {""0"": 3.6917433738708496, ""1"": -1.0, ""2"": -1.0}, ""num_trusted"": 7, ""fallback_used"": false}"
155,apra,apra_trust_weighted_clip,"[1, 75, 14, 68, 46, 72, 57]",[],"{""base_clip"": 1.0, ""trust_weights"": {""1"": 0.1666666716337204, ""75"": 0.1666666716337204, ""14"": 0.1666666716337204, ""68"": 0.1666666716337204, ""46"": 0.0, ""72"": 0.1666666716337204, ""57"": 0.1666666716337204}, ""num_aggregated"": 7}"
156,apra,apra_mad_filter,"[27, 80, 22, 16, 29, 15, 55]","[4, 62, 95]","{""median_norm"": 0.4709150281553848, ""mad"": 0.04889836583429982, ""k"": 2.0, ""num_accepted"": 7, ""safety_keep_used"": false, ""fallback_used"": false}"
156,apra,apra_hierarchical_cluster,"[27, 80, 22, 16, 29, 15]",[55],"{""best_k"": 2, ""best_score"": 0.6153752207756042, ""selected_cluster"": 0, ""cluster_scores"": {""0"": 5.4100775718688965, ""1"": -1.0}, ""num_trusted"": 6, ""fallback_used"": false}"
156,apra,apra_trust_weighted_clip,"[27, 80, 22, 16, 29, 15]",[],"{""base_clip"": 1.0, ""trust_weights"": {""27"": 0.25, ""80"": 0.25, ""22"": 0.25, ""16"": 0.25, ""29"": 0.0, ""15"": 0.0}, ""num_aggregated"": 6}"
157,apra,apra_mad_filter,"[4, 24, 18, 49, 84, 7, 67, 0, 80, 77]",[],"{""median_norm"": 0.6077337880494118, ""mad"": 0.07813621917582309, ""k"": 2.0, ""num_accepted"": 10, ""safety_keep_used"": false, ""fallback_used"": false}"
157,apra,apra_hierarchical_cluster,"[4, 24, 18, 49, 84, 7, 67, 80, 77]",[0],"{""best_k"": 2, ""best_score"": 0.7092215418815613, ""selected_cluster"": 0, ""cluster_scores"": {""0"": 2.918745756149292, ""1"": -1.0}, ""num_trusted"": 9, ""fallback_used"": false}"
157,apra,apra_trust_weighted_clip,"[4, 24, 18, 49, 84, 7, 67, 80, 77]",[],"{""base_clip"": 1.0, ""trust_weights"": {""4"": 0.0, ""24"": 0.0865909606218338, ""18"": 0.3474687337875366, ""49"": 0.0865909606218338, ""84"": 0.06594029068946838, ""7"": 0.06594029068946838, ""67"": 0.0, ""80"": 0.3474687337875366, ""77"": 0.0}, ""num_aggregated"": 9}"
158,apra,apra_mad_filter,"[1, 58, 9, 48, 14, 80, 30, 10, 70, 39]",[],"{""median_norm"": 0.5789885545284714, ""mad"": 0.07771772369000404, ""k"": 2.0, ""num_accepted"": 10, ""safety_keep_used"": false, ""fallback_used"": false}"
158,apra,apra_hierarchical_cluster,"[1, 58, 9, 14, 80, 30, 10, 70, 39]",[48],"{""best_k"": 2, ""best_score"": 0.634203314781189, ""selected_cluster"": 0, ""cluster_scores"": {""0"": 4.330548286437988, ""1"": -1.0}, ""num_trusted"": 9, ""fallback_used"": false}"
158,apra,apra_trust_weighted_clip,"[1, 58, 9, 14, 80, 30, 10, 70, 39]",[],"{""base_clip"": 1.0, ""trust_weights"": {""1"": 0.125, ""58"": 0.125, ""9"": 0.125, ""14"": 0.125, ""80"": 0.125, ""30"": 0.0, ""10"": 0.125, ""70"": 0.125, ""39"": 0.125}, ""num_aggregated"": 9}"
159,apra,apra_mad_filter,"[2, 92, 77, 70, 72, 99, 32, 26]","[0, 57]","{""median_norm"": 0.6446781420771726, ""mad"": 0.01971197416655457, ""k"": 2.0, ""num_accepted"": 8, ""safety_keep_used"": false, ""fallback_used"": false}"
159,apra,apra_hierarchical_cluster,"[2, 92, 77, 70, 72, 99]","[32, 26]","{""best_k"": 2, ""best_score"": 0.5386857986450195, ""selected_cluster"": 1, ""cluster_scores"": {""0"": 1.2877626419067383, ""1"": 3.8260903358459473}, ""num_trusted"": 6, ""fallback_used"": false}"
159,apra,apra_trust_weighted_clip,"[2, 92, 77, 70, 72, 99]",[],"{""base_clip"": 1.0, ""trust_weights"": {""2"": 0.20000000298023224, ""92"": 0.20000000298023224, ""77"": 0.20000000298023224, ""70"": 0.20000000298023224, ""72"": 0.20000000298023224, ""99"": 0.0}, ""num_aggregated"": 6}"
160,apra,apra_mad_filter,"[2, 84, 57, 95, 30, 70, 16, 13, 29, 27]",[],"{""median_norm"": 0.5011610114214753, ""mad"": 0.09818509492138133, ""k"": 2.0, ""num_accepted"": 10, ""safety_keep_used"": false, ""fallback_used"": false}"
160,apra,apra_hierarchical_cluster,"[2, 84, 57, 30, 70, 16, 13, 29, 27]",[95],"{""best_k"": 2, ""best_score"": 0.6012331247329712, ""selected_cluster"": 0, ""cluster_scores"": {""0"": 1.9519344568252563, ""1"": -1.0}, ""num_trusted"": 9, ""fallback_used"": false}"
160,apra,apra_trust_weighted_clip,"[2, 84, 57, 30, 70, 16, 13, 29, 27]",[],"{""base_clip"": 1.0, ""trust_weights"": {""2"": 0.0, ""84"": 0.125, ""57"": 0.125, ""30"": 0.125, ""70"": 0.125, ""16"": 0.125, ""13"": 0.125, ""29"": 0.125, ""27"": 0.125}, ""num_aggregated"": 9}"
161,apra,apra_mad_filter,"[3, 8, 86, 33, 74, 35, 51, 22, 40]",[47],"{""median_norm"": 0.5291121978459092, ""mad"": 0.07021142670930278, ""k"": 2.0, ""num_accepted"": 9, ""safety_keep_used"": false, ""fallback_used"": false}"
161,apra,apra_hierarchical_cluster,"[3, 8, 86, 33, 74, 35, 22, 40]",[51],"{""best_k"": 2, ""best_score"": 0.6403661370277405, ""selected_cluster"": 0, ""cluster_scores"": {""0"": 2.5925400257110596, ""1"": -1.0}, ""num_trusted"": 8, ""fallback_used"": false}"
161,apra,apra_trust_weighted_clip,"[3, 8, 86, 33, 74, 35, 22, 40]",[],"{""base_clip"": 1.0, ""trust_weights"": {""3"": 0.0, ""8"": 0.0, ""86"": 0.1666666716337204, ""33"": 0.1666666716337204, ""74"": 0.1666666716337204, ""35"": 0.1666666716337204, ""22"": 0.1666666716337204, ""40"": 0.1666666716337204}, ""num_aggregated"": 8}"
162,apra,apra_mad_filter,"[2, 4, 57, 63, 1, 42, 30, 46, 84]",[40],"{""median_norm"": 0.5596031351194362, ""mad"": 0.05759108119245501, ""k"": 2.0, ""num_accepted"": 9, ""safety_keep_used"": false, ""fallback_used"": false}"
162,apra,apra_hierarchical_cluster,"[2, 4, 57, 63, 1, 30, 46, 84]",[42],"{""best_k"": 2, ""best_score"": 0.4733026921749115, ""selected_cluster"": 0, ""cluster_scores"": {""0"": 0.3814518451690674, ""1"": -1.0}, ""num_trusted"": 8, ""fallback_used"": false}"
162,apra,apra_trust_weighted_clip,"[2, 4, 57, 63, 1, 30, 46, 84]",[],"{""base_clip"": 1.0, ""trust_weights"": {""2"": 0.0, ""4"": 0.20000000298023224, ""57"": 0.20000000298023224, ""63"": 0.20000000298023224, ""1"": 0.0, ""30"": 0.20000000298023224, ""46"": 0.20000000298023224, ""84"": 0.0}, ""num_aggregated"": 8}"
163,apra,apra_mad_filter,"[4, 67, 27, 34, 71, 93, 13, 86, 16]",[17],"{""median_norm"": 0.519609979779962, ""mad"": 0.08981768233172677, ""k"": 2.0, ""num_accepted"": 9, ""safety_keep_used"": false, ""fallback_used"": false}"
163,apra,apra_hierarchical_cluster,"[4, 27, 34, 71, 93, 13, 86, 16]",[67],"{""best_k"": 2, ""best_score"": 0.43495047092437744, ""selected_cluster"": 0, ""cluster_scores"": {""0"": 0.9548866748809814, ""1"": -1.0}, ""num_trusted"": 8, ""fallback_used"": false}"
163,apra,apra_trust_weighted_clip,"[4, 27, 34, 71, 93, 13, 86, 16]",[],"{""base_clip"": 1.0, ""trust_weights"": {""4"": 0.0, ""27"": 0.5, ""34"": 0.0, ""71"": 0.0, ""93"": 0.0, ""13"": 0.5, ""86"": 0.0, ""16"": 0.0}, ""num_aggregated"": 8}"
164,apra,apra_mad_filter,"[4, 3, 86, 72, 23, 73, 84, 96, 30, 67]",[],"{""median_norm"": 0.689200749197032, ""mad"": 0.09172313219170652, ""k"": 2.0, ""num_accepted"": 10, ""safety_keep_used"": false, ""fallback_used"": false}"
164,apra,apra_hierarchical_cluster,"[4, 3, 86, 72, 23, 73, 84, 30, 67]",[96],"{""best_k"": 2, ""best_score"": 0.7729613184928894, ""selected_cluster"": 0, ""cluster_scores"": {""0"": 5.899143695831299, ""1"": -1.0}, ""num_trusted"": 9, ""fallback_used"": false}"
164,apra,apra_trust_weighted_clip,"[4, 3, 86, 72, 23, 73, 84, 30, 67]",[],"{""base_clip"": 1.0, ""trust_weights"": {""4"": 0.134612575173378, ""3"": 0.134612575173378, ""86"": 0.134612575173378, ""72"": 0.0, ""23"": 0.134612575173378, ""73"": 0.134612575173378, ""84"": 0.134612575173378, ""30"": 0.05771195515990257, ""67"": 0.134612575173378}, ""num_aggregated"": 9}"
165,apra,apra_mad_filter,"[8, 18, 94, 69, 36, 62]","[2, 63, 76, 71]","{""median_norm"": 0.5864170122468875, ""mad"": 0.024141751445605097, ""k"": 2.0, ""num_accepted"": 6, ""safety_keep_used"": false, ""fallback_used"": false}"
165,apra,apra_hierarchical_cluster,"[8, 36]","[18, 94, 69, 62]","{""best_k"": 2, ""best_score"": 0.4518061876296997, ""selected_cluster"": 1, ""cluster_scores"": {""0"": 1.6069468259811401, ""1"": 1.7275221347808838}, ""num_trusted"": 2, ""fallback_used"": false}"
165,apra,apra_trust_weighted_clip,"[8, 36]",[],"{""base_clip"": 1.0, ""trust_weights"": {""8"": 0.5, ""36"": 0.5}, ""num_aggregated"": 2}"
166,apra,apra_mad_filter,"[1, 44, 66, 63, 95, 46, 29, 60, 9, 48]",[],"{""median_norm"": 0.6203007372480019, ""mad"": 0.04939376476749752, ""k"": 2.0, ""num_accepted"": 10, ""safety_keep_used"": false, ""fallback_used"": false}"
166,apra,apra_hierarchical_cluster,"[1, 44, 66, 63, 46, 29, 60, 9, 48]",[95],"{""best_k"": 2, ""best_score"": 0.6259396076202393, ""selected_cluster"": 0, ""cluster_scores"": {""0"": 2.3015129566192627, ""1"": -1.0}, ""num_trusted"": 9, ""fallback_used"": false}"
166,apra,apra_trust_weighted_clip,"[1, 44, 66, 63, 46, 29, 60, 9, 48]",[],"{""base_clip"": 1.0, ""trust_weights"": {""1"": 0.1428571492433548, ""44"": 0.1428571492433548, ""66"": 0.1428571492433548, ""63"": 0.1428571492433548, ""46"": 0.1428571492433548, ""29"": 0.1428571492433548, ""60"": 0.1428571492433548, ""9"": 0.0, ""48"": 0.0}, ""num_aggregated"": 9}"
167,apra,apra_mad_filter,"[3, 99, 38, 13, 42, 28, 96, 58]","[31, 5]","{""median_norm"": 0.526633987983141, ""mad"": 0.06360794281671814, ""k"": 2.0, ""num_accepted"": 8, ""safety_keep_used"": false, ""fallback_used"": false}"
167,apra,apra_hierarchical_cluster,"[3, 38, 13, 42, 96]","[99, 28, 58]","{""best_k"": 2, ""best_score"": 0.3307405710220337, ""selected_cluster"": 1, ""cluster_scores"": {""0"": 1.8485784530639648, ""1"": 3.514673948287964}, ""num_trusted"": 5, ""fallback_used"": false}"
167,apra,apra_trust_weighted_clip,"[3, 38, 13, 42, 96]",[],"{""base_clip"": 1.0, ""trust_weights"": {""3"": 0.25, ""38"": 0.25, ""13"": 0.25, ""42"": 0.25, ""96"": 0.0}, ""num_aggregated"": 5}"
168,apra,apra_mad_filter,"[0, 49, 53, 54, 64, 8, 83, 85, 90]",[88],"{""median_norm"": 0.6758813901639946, ""mad"": 0.1743440094575931, ""k"": 2.0, ""num_accepted"": 9, ""safety_keep_used"": false, ""fallback_used"": false}"
168,apra,apra_hierarchical_cluster,"[0, 49, 53, 64, 8, 83, 85, 90]",[54],"{""best_k"": 2, ""best_score"": 0.6944683194160461, ""selected_cluster"": 0, ""cluster_scores"": {""0"": 5.835134506225586, ""1"": -1.0}, ""num_trusted"": 8, ""fallback_used"": false}"
168,apra,apra_trust_weighted_clip,"[0, 49, 53, 64, 8, 83, 85, 90]",[],"{""base_clip"": 1.0, ""trust_weights"": {""0"": 0.0, ""49"": 0.1428571492433548, ""53"": 0.1428571492433548, ""64"": 0.1428571492433548, ""8"": 0.1428571492433548, ""83"": 0.1428571492433548, ""85"": 0.1428571492433548, ""90"": 0.1428571492433548}, ""num_aggregated"": 8}"
169,apra,apra_mad_filter,"[3, 28, 98, 13, 74, 9, 92, 56]","[30, 12]","{""median_norm"": 0.4784469474669474, ""mad"": 0.02981987607917644, ""k"": 2.0, ""num_accepted"": 8, ""safety_keep_used"": false, ""fallback_used"": false}"
169,apra,apra_hierarchical_cluster,"[3, 98, 13, 74, 9, 92, 56]",[28],"{""best_k"": 2, ""best_score"": 0.5357227325439453, ""selected_cluster"": 0, ""cluster_scores"": {""0"": 2.4217441082000732, ""1"": -1.0}, ""num_trusted"": 7, ""fallback_used"": false}"
169,apra,apra_trust_weighted_clip,"[3, 98, 13, 74, 9, 92, 56]",[],"{""base_clip"": 1.0, ""trust_weights"": {""3"": 0.20000000298023224, ""98"": 0.20000000298023224, ""13"": 0.20000000298023224, ""74"": 0.20000000298023224, ""9"": 0.0, ""92"": 0.20000000298023224, ""56"": 0.0}, ""num_aggregated"": 7}"
170,apra,apra_mad_filter,"[0, 14, 76, 43, 44, 96, 29, 4, 77, 32]",[],"{""median_norm"": 0.6485580171314325, ""mad"": 0.08431408516360017, ""k"": 2.0, ""num_accepted"": 10, ""safety_keep_used"": false, ""fallback_used"": false}"
170,apra,apra_hierarchical_cluster,"[14, 76, 43, 44, 29, 4, 77]","[0, 96, 32]","{""best_k"": 3, ""best_score"": 0.5294229984283447, ""selected_cluster"": 1, ""cluster_scores"": {""0"": 1.6260268688201904, ""1"": 3.904484272003174, ""2"": -1.0}, ""num_trusted"": 7, ""fallback_used"": false}"
170,apra,apra_trust_weighted_clip,"[14, 76, 43, 44, 29, 4, 77]",[],"{""base_clip"": 1.0, ""trust_weights"": {""14"": 0.2477058470249176, ""76"": 0.2477058470249176, ""43"": 0.2477058470249176, ""44"": 0.0, ""29"": 0.0, ""4"": 0.009176588617265224, ""77"": 0.2477058470249176}, ""num_aggregated"": 7}"
171,apra,apra_mad_filter,"[3, 27, 93, 15, 25, 33, 8, 63]","[88, 30]","{""median_norm"": 0.5893826287948514, ""mad"": 0.035329024775781814, ""k"": 2.0, ""num_accepted"": 8, ""safety_keep_used"": false, ""fallback_used"": false}"
171,apra,apra_hierarchical_cluster,"[3, 33, 63]","[27, 93, 15, 25, 8]","{""best_k"": 3, ""best_score"": 0.5033886432647705, ""selected_cluster"": 1, ""cluster_scores"": {""0"": 2.510366916656494, ""1"": 2.9534809589385986, ""2"": 1.9660778045654297}, ""num_trusted"": 3, ""fallback_used"": false}"
171,apra,apra_trust_weighted_clip,"[3, 33, 63]",[],"{""base_clip"": 1.0, ""trust_weights"": {""3"": 0.5, ""33"": 0.0, ""63"": 0.5}, ""num_aggregated"": 3}"
172,apra,apra_mad_filter,"[80, 10, 60, 1, 28, 63, 74, 81, 84]",[3],"{""median_norm"": 0.5538593461440046, ""mad"": 0.04737968476867649, ""k"": 2.0, ""num_accepted"": 9, ""safety_keep_used"": false, ""fallback_used"": false}"
172,apra,apra_hierarchical_cluster,"[80, 60, 1, 28, 63, 74, 81, 84]",[10],"{""best_k"": 2, ""best_score"": 0.6780305504798889, ""selected_cluster"": 0, ""cluster_scores"": {""0"": 2.6770267486572266, ""1"": -1.0}, ""num_trusted"": 8, ""fallback_used"": false}"
172,apra,apra_trust_weighted_clip,"[80, 60, 1, 28, 63, 74, 81, 84]",[],"{""base_clip"": 1.0, ""trust_weights"": {""80"": 0.1511266827583313, ""60"": 0.12218330055475235, ""1"": 0.1511266827583313, ""28"": 0.12218330055475235, ""63"": 0.1511266827583313, ""74"": 0.1511266827583313, ""81"": 0.1511266827583313, ""84"": 0.0}, ""num_aggregated"": 8}"
173,apra,apra_mad_filter,"[1, 13, 69, 75, 18, 7, 2, 37]","[4, 54]","{""median_norm"": 0.5065346653226727, ""mad"": 0.05292240811530191, ""k"": 2.0, ""num_accepted"": 8, ""safety_keep_used"": false, ""fallback_used"": false}"
173,apra,apra_hierarchical_cluster,"[1, 13, 75, 18, 7, 2, 37]",[69],"{""best_k"": 2, ""best_score"": 0.5673619508743286, ""selected_cluster"": 0, ""cluster_scores"": {""0"": 2.91861891746521, ""1"": -1.0}, ""num_trusted"": 7, ""fallback_used"": false}"
173,apra,apra_trust_weighted_clip,"[1, 13, 75, 18, 7, 2, 37]",[],"{""base_clip"": 1.0, ""trust_weights"": {""1"": 0.1700659841299057, ""13"": 0.1700659841299057, ""75"": 0.1496700793504715, ""18"": 0.1700659841299057, ""7"": 0.1700659841299057, ""2"": 0.0, ""37"": 0.1700659841299057}, ""num_aggregated"": 7}"
174,apra,apra_mad_filter,"[2, 67, 6, 62, 19, 51, 24, 35]","[17, 13]","{""median_norm"": 0.6911838494614181, ""mad"": 0.07607680243392129, ""k"": 2.0, ""num_accepted"": 8, ""safety_keep_used"": false, ""fallback_used"": false}"
174,apra,apra_hierarchical_cluster,"[2, 67, 6, 62, 51, 24, 35]",[19],"{""best_k"": 2, ""best_score"": 0.49244558811187744, ""selected_cluster"": 0, ""cluster_scores"": {""0"": 1.026774287223816, ""1"": -1.0}, ""num_trusted"": 7, ""fallback_used"": false}"
174,apra,apra_trust_weighted_clip,"[2, 67, 6, 62, 51, 24, 35]",[],"{""base_clip"": 1.0, ""trust_weights"": {""2"": 0.0, ""67"": 0.5, ""6"": 0.0, ""62"": 0.0, ""51"": 0.0, ""24"": 0.0, ""35"": 0.5}, ""num_aggregated"": 7}"
175,apra,apra_mad_filter,"[3, 89, 39, 17, 56, 72, 35, 19]","[62, 32]","{""median_norm"": 0.5468685213837257, ""mad"": 0.05114965501230337, ""k"": 2.0, ""num_accepted"": 8, ""safety_keep_used"": false, ""fallback_used"": false}"
175,apra,apra_hierarchical_cluster,"[3, 89, 39, 17, 56, 72, 35]",[19],"{""best_k"": 2, ""best_score"": 0.4557163715362549, ""selected_cluster"": 0, ""cluster_scores"": {""0"": 2.25573468208313, ""1"": -1.0}, ""num_trusted"": 7, ""fallback_used"": false}"
175,apra,apra_trust_weighted_clip,"[3, 89, 39, 17, 56, 72, 35]",[],"{""base_clip"": 1.0, ""trust_weights"": {""3"": 0.1666666716337204, ""89"": 0.1666666716337204, ""39"": 0.1666666716337204, ""17"": 0.1666666716337204, ""56"": 0.1666666716337204, ""72"": 0.0, ""35"": 0.1666666716337204}, ""num_aggregated"": 7}"
176,apra,apra_mad_filter,"[2, 42, 8, 99, 55, 43, 18, 74, 85, 78]",[],"{""median_norm"": 0.4993991111212959, ""mad"": 0.07717158576114458, ""k"": 2.0, ""num_accepted"": 10, ""safety_keep_used"": false, ""fallback_used"": false}"
176,apra,apra_hierarchical_cluster,"[2, 42, 55, 43, 18, 74, 85, 78]","[8, 99]","{""best_k"": 2, ""best_score"": 0.4892314076423645, ""selected_cluster"": 0, ""cluster_scores"": {""0"": 2.3382863998413086, ""1"": 1.4995089769363403}, ""num_trusted"": 8, ""fallback_used"": false}"
176,apra,apra_trust_weighted_clip,"[2, 42, 55, 43, 18, 74, 85, 78]",[],"{""base_clip"": 1.0, ""trust_weights"": {""2"": 0.1459355503320694, ""42"": 0.1459355503320694, ""55"": 0.12438668310642242, ""43"": 0.1459355503320694, ""18"": 0.1459355503320694, ""74"": 0.1459355503320694, ""85"": 0.1459355503320694, ""78"": 0.0}, ""num_aggregated"": 8}"
177,apra,apra_mad_filter,"[0, 43, 92, 29, 50, 57, 80, 82, 16]",[17],"{""median_norm"": 0.5219326028948287, ""mad"": 0.08098873100152792, ""k"": 2.0, ""num_accepted"": 9, ""safety_keep_used"": false, ""fallback_used"": false}"
177,apra,apra_hierarchical_cluster,"[43, 92, 29, 50, 57, 80, 82, 16]",[0],"{""best_k"": 2, ""best_score"": 0.8218215703964233, ""selected_cluster"": 0, ""cluster_scores"": {""0"": 6.410145282745361, ""1"": -1.0}, ""num_trusted"": 8, ""fallback_used"": false}"
177,apra,apra_trust_weighted_clip,"[43, 92, 29, 50, 57, 80, 82, 16]",[],"{""base_clip"": 1.0, ""trust_weights"": {""43"": 0.15167419612407684, ""92"": 0.15167419612407684, ""29"": 0.0, ""50"": 0.15167419612407684, ""57"": 0.15167419612407684, ""80"": 0.15167419612407684, ""82"": 0.08995486050844193, ""16"": 0.15167419612407684}, ""num_aggregated"": 8}"
178,apra,apra_mad_filter,"[0, 58, 21, 96, 94, 5, 80, 45, 62, 71]",[],"{""median_norm"": 0.5192409093127952, ""mad"": 0.06268022301702947, ""k"": 2.0, ""num_accepted"": 10, ""safety_keep_used"": false, ""fallback_used"": false}"
178,apra,apra_hierarchical_cluster,"[58, 21, 96, 94, 5, 80, 45, 62, 71]",[0],"{""best_k"": 2, ""best_score"": 0.6254109144210815, ""selected_cluster"": 0, ""cluster_scores"": {""0"": 2.753293514251709, ""1"": -1.0}, ""num_trusted"": 9, ""fallback_used"": false}"
178,apra,apra_trust_weighted_clip,"[58, 21, 96, 94, 5, 80, 45, 62, 71]",[],"{""base_clip"": 1.0, ""trust_weights"": {""58"": 0.125, ""21"": 0.125, ""96"": 0.125, ""94"": 0.125, ""5"": 0.125, ""80"": 0.125, ""45"": 0.125, ""62"": 0.0, ""71"": 0.125}, ""num_aggregated"": 9}"
179,apra,apra_mad_filter,"[4, 2, 30, 41, 90, 42, 1, 69]","[13, 73]","{""median_norm"": 0.5807713485338348, ""mad"": 0.03311651223141576, ""k"": 2.0, ""num_accepted"": 8, ""safety_keep_used"": false, ""fallback_used"": false}"
179,apra,apra_hierarchical_cluster,"[4, 30, 90, 42, 1]","[2, 41, 69]","{""best_k"": 3, ""best_score"": 0.4430982172489166, ""selected_cluster"": 0, ""cluster_scores"": {""0"": 2.3017964363098145, ""1"": 1.9730472564697266, ""2"": -1.0}, ""num_trusted"": 5, ""fallback_used"": false}"
179,apra,apra_trust_weighted_clip,"[4, 30, 90, 42, 1]",[],"{""base_clip"": 1.0, ""trust_weights"": {""4"": 0.25, ""30"": 0.25, ""90"": 0.25, ""42"": 0.0, ""1"": 0.25}, ""num_aggregated"": 5}"
180,apra,apra_mad_filter,"[4, 97, 70, 96, 34, 36, 42, 56, 91]",[54],"{""median_norm"": 0.5434275809186215, ""mad"": 0.04926276406808247, ""k"": 2.0, ""num_accepted"": 9, ""safety_keep_used"": false, ""fallback_used"": false}"
180,apra,apra_hierarchical_cluster,"[4, 97, 70, 96, 34, 42, 56, 91]",[36],"{""best_k"": 2, ""best_score"": 0.44218385219573975, ""selected_cluster"": 0, ""cluster_scores"": {""0"": 5.505945205688477, ""1"": -1.0}, ""num_trusted"": 8, ""fallback_used"": false}"
180,apra,apra_trust_weighted_clip,"[4, 97, 70, 96, 34, 42, 56, 91]",[],"{""base_clip"": 1.0, ""trust_weights"": {""4"": 0.1428571492433548, ""97"": 0.1428571492433548, ""70"": 0.1428571492433548, ""96"": 0.1428571492433548, ""34"": 0.1428571492433548, ""42"": 0.0, ""56"": 0.1428571492433548, ""91"": 0.1428571492433548}, ""num_aggregated"": 8}"
181,apra,apra_mad_filter,"[3, 96, 90, 93, 69, 11, 94, 58, 34, 38]",[],"{""median_norm"": 0.47549302688608475, ""mad"": 0.031125416068875977, ""k"": 2.0, ""num_accepted"": 10, ""safety_keep_used"": false, ""fallback_used"": false}"
181,apra,apra_hierarchical_cluster,"[3, 96, 90, 93, 11, 94, 58, 34, 38]",[69],"{""best_k"": 2, ""best_score"": 0.561531126499176, ""selected_cluster"": 0, ""cluster_scores"": {""0"": 2.213134288787842, ""1"": -1.0}, ""num_trusted"": 9, ""fallback_used"": false}"
181,apra,apra_trust_weighted_clip,"[3, 96, 90, 93, 11, 94, 58, 34, 38]",[],"{""base_clip"": 1.0, ""trust_weights"": {""3"": 0.1352052539587021, ""96"": 0.0, ""90"": 0.1352052539587021, ""93"": 0.1352052539587021, ""11"": 0.1352052539587021, ""94"": 0.13061976432800293, ""58"": 0.058148760348558426, ""34"": 0.1352052539587021, ""38"": 0.1352052539587021}, ""num_aggregated"": 9}"
182,apra,apra_mad_filter,"[1, 41, 34, 8, 82, 47, 11, 48, 89]",[5],"{""median_norm"": 0.5918984838564405, ""mad"": 0.07110293571313914, ""k"": 2.0, ""num_accepted"": 9, ""safety_keep_used"": false, ""fallback_used"": false}"
182,apra,apra_hierarchical_cluster,"[1, 34, 8, 82, 47, 11, 48, 89]",[41],"{""best_k"": 2, ""best_score"": 0.6622511148452759, ""selected_cluster"": 0, ""cluster_scores"": {""0"": 4.075651168823242, ""1"": -1.0}, ""num_trusted"": 8, ""fallback_used"": false}"
182,apra,apra_trust_weighted_clip,"[1, 34, 8, 82, 47, 11, 48, 89]",[],"{""base_clip"": 1.0, ""trust_weights"": {""1"": 0.1428571492433548, ""34"": 0.1428571492433548, ""8"": 0.1428571492433548, ""82"": 0.1428571492433548, ""47"": 0.0, ""11"": 0.1428571492433548, ""48"": 0.1428571492433548, ""89"": 0.1428571492433548}, ""num_aggregated"": 8}"
183,apra,apra_mad_filter,"[2, 54, 62, 36, 1, 73, 23, 7, 15, 94]",[],"{""median_norm"": 0.551865899569942, ""mad"": 0.09219687153188724, ""k"": 2.0, ""num_accepted"": 10, ""safety_keep_used"": false, ""fallback_used"": false}"
183,apra,apra_hierarchical_cluster,"[2, 62, 36, 1, 73, 23, 7, 15, 94]",[54],"{""best_k"": 2, ""best_score"": 0.6749707460403442, ""selected_cluster"": 0, ""cluster_scores"": {""0"": 2.858064651489258, ""1"": -1.0}, ""num_trusted"": 9, ""fallback_used"": false}"
183,apra,apra_trust_weighted_clip,"[2, 62, 36, 1, 73, 23, 7, 15, 94]",[],"{""base_clip"": 1.0, ""trust_weights"": {""2"": 0.0, ""62"": 0.0, ""36"": 0.1666666716337204, ""1"": 0.1666666716337204, ""73"": 0.0, ""23"": 0.1666666716337204, ""7"": 0.1666666716337204, ""15"": 0.1666666716337204, ""94"": 0.1666666716337204}, ""num_aggregated"": 9}"
184,apra,apra_mad_filter,"[3, 83, 64, 41, 77, 95, 87, 32, 5, 4]",[],"{""median_norm"": 0.6041110168977912, ""mad"": 0.1341236801226817, ""k"": 2.0, ""num_accepted"": 10, ""safety_keep_used"": false, ""fallback_used"": false}"
184,apra,apra_hierarchical_cluster,"[3, 83, 64, 77, 87, 32, 4]","[41, 95, 5]","{""best_k"": 3, ""best_score"": 0.639283299446106, ""selected_cluster"": 0, ""cluster_scores"": {""0"": 5.178840637207031, ""1"": -1.0, ""2"": 1.956310749053955}, ""num_trusted"": 7, ""fallback_used"": false}"
184,apra,apra_trust_weighted_clip,"[3, 83, 64, 77, 87, 32, 4]",[],"{""base_clip"": 1.0, ""trust_weights"": {""3"": 0.1666666716337204, ""83"": 0.1666666716337204, ""64"": 0.1666666716337204, ""77"": 0.1666666716337204, ""87"": 0.1666666716337204, ""32"": 0.1666666716337204, ""4"": 0.0}, ""num_aggregated"": 7}"
185,apra,apra_mad_filter,"[0, 29, 33, 81, 11, 39, 5, 95, 69]",[45],"{""median_norm"": 0.5736926716880171, ""mad"": 0.03516545200220239, ""k"": 2.0, ""num_accepted"": 9, ""safety_keep_used"": false, ""fallback_used"": false}"
185,apra,apra_hierarchical_cluster,"[0, 29, 33, 81, 11, 39, 5, 69]",[95],"{""best_k"": 2, ""best_score"": 0.5850194692611694, ""selected_cluster"": 0, ""cluster_scores"": {""0"": 2.7875242233276367, ""1"": -1.0}, ""num_trusted"": 8, ""fallback_used"": false}"
185,apra,apra_trust_weighted_clip,"[0, 29, 33, 81, 11, 39, 5, 69]",[],"{""base_clip"": 1.0, ""trust_weights"": {""0"": 0.07812247425317764, ""29"": 0.147371307015419, ""33"": 0.15490123629570007, ""81"": 0.15490123629570007, ""11"": 0.15490123629570007, ""39"": 0.15490123629570007, ""5"": 0.15490123629570007, ""69"": 0.0}, ""num_aggregated"": 8}"
186,apra,apra_mad_filter,"[0, 50, 81, 62, 3, 74, 10, 33, 35, 56]",[],"{""median_norm"": 0.5202216429898094, ""mad"": 0.06664885530251888, ""k"": 2.0, ""num_accepted"": 10, ""safety_keep_used"": false, ""fallback_used"": false}"
186,apra,apra_hierarchical_cluster,"[50, 81, 62, 3, 74, 33, 35, 56]","[0, 10]","{""best_k"": 3, ""best_score"": 0.584315836429596, ""selected_cluster"": 0, ""cluster_scores"": {""0"": 3.7152328491210938, ""1"": -1.0, ""2"": -1.0}, ""num_trusted"": 8, ""fallback_used"": false}"
186,apra,apra_trust_weighted_clip,"[50, 81, 62, 3, 74, 33, 35, 56]",[],"{""base_clip"": 1.0, ""trust_weights"": {""50"": 0.0, ""81"": 0.1666666716337204, ""62"": 0.1666666716337204, ""3"": 0.1666666716337204, ""74"": 0.1666666716337204, ""33"": 0.1666666716337204, ""35"": 0.0, ""56"": 0.1666666716337204}, ""num_aggregated"": 8}"
187,apra,apra_mad_filter,"[2, 40, 67, 0, 7, 1, 6, 38, 5]",[33],"{""median_norm"": 0.5413161436814902, ""mad"": 0.053921166431871725, ""k"": 2.0, ""num_accepted"": 9, ""safety_keep_used"": false, ""fallback_used"": false}"
187,apra,apra_hierarchical_cluster,"[2, 40, 67, 7, 1, 6, 38, 5]",[0],"{""best_k"": 2, ""best_score"": 0.519390344619751, ""selected_cluster"": 0, ""cluster_scores"": {""0"": 1.8485321998596191, ""1"": -1.0}, ""num_trusted"": 8, ""fallback_used"": false}"
187,apra,apra_trust_weighted_clip,"[2, 40, 67, 7, 1, 6, 38, 5]",[],"{""base_clip"": 1.0, ""trust_weights"": {""2"": 0.0, ""40"": 0.1428571492433548, ""67"": 0.1428571492433548, ""7"": 0.1428571492433548, ""1"": 0.1428571492433548, ""6"": 0.1428571492433548, ""38"": 0.1428571492433548, ""5"": 0.1428571492433548}, ""num_aggregated"": 8}"
188,apra,apra_mad_filter,"[0, 38, 92, 53, 33, 46, 80, 60, 50, 68]",[],"{""median_norm"": 0.4958716653949816, ""mad"": 0.06847384298358516, ""k"": 2.0, ""num_accepted"": 10, ""safety_keep_used"": false, ""fallback_used"": false}"
188,apra,apra_hierarchical_cluster,"[38, 92, 53, 33, 46, 80, 60, 50, 68]",[0],"{""best_k"": 2, ""best_score"": 0.733527421951294, ""selected_cluster"": 0, ""cluster_scores"": {""0"": 5.156163215637207, ""1"": -1.0}, ""num_trusted"": 9, ""fallback_used"": false}"
188,apra,apra_trust_weighted_clip,"[38, 92, 53, 33, 46, 80, 60, 50, 68]",[],"{""base_clip"": 1.0, ""trust_weights"": {""38"": 0.1428571492433548, ""92"": 0.1428571492433548, ""53"": 0.1428571492433548, ""33"": 0.1428571492433548, ""46"": 0.0, ""80"": 0.1428571492433548, ""60"": 0.1428571492433548, ""50"": 0.1428571492433548, ""68"": 0.0}, ""num_aggregated"": 9}"
189,apra,apra_mad_filter,"[1, 38, 94, 69, 57, 22, 53, 3]","[45, 47]","{""median_norm"": 0.5060291976158457, ""mad"": 0.041665522778780106, ""k"": 2.0, ""num_accepted"": 8, ""safety_keep_used"": false, ""fallback_used"": false}"
189,apra,apra_hierarchical_cluster,"[1, 38, 94, 57, 22, 53, 3]",[69],"{""best_k"": 2, ""best_score"": 0.570706307888031, ""selected_cluster"": 0, ""cluster_scores"": {""0"": 3.839982748031616, ""1"": -1.0}, ""num_trusted"": 7, ""fallback_used"": false}"
189,apra,apra_trust_weighted_clip,"[1, 38, 94, 57, 22, 53, 3]",[],"{""base_clip"": 1.0, ""trust_weights"": {""1"": 0.0, ""38"": 0.43792831897735596, ""94"": 0.0, ""57"": 0.0, ""22"": 0.43792831897735596, ""53"": 0.011117315851151943, ""3"": 0.11302612721920013}, ""num_aggregated"": 7}"
190,apra,apra_mad_filter,"[2, 71, 75, 78, 19, 37, 51, 55, 18, 41]",[],"{""median_norm"": 0.5460153484993387, ""mad"": 0.05995743507446322, ""k"": 2.0, ""num_accepted"": 10, ""safety_keep_used"": false, ""fallback_used"": false}"
190,apra,apra_hierarchical_cluster,"[71, 75, 51, 55]","[2, 78, 19, 37, 18, 41]","{""best_k"": 4, ""best_score"": 0.44071274995803833, ""selected_cluster"": 0, ""cluster_scores"": {""0"": 3.1112656593322754, ""1"": 1.9788875579833984, ""2"": -1.0, ""3"": 2.9226768016815186}, ""num_trusted"": 4, ""fallback_used"": false}"
190,apra,apra_trust_weighted_clip,"[71, 75, 51, 55]",[],"{""base_clip"": 1.0, ""trust_weights"": {""71"": 0.5, ""75"": 0.5, ""51"": 0.0, ""55"": 0.0}, ""num_aggregated"": 4}"
191,apra,apra_mad_filter,"[3, 55, 8, 11, 25, 68, 6, 90, 61, 78]",[],"{""median_norm"": 0.7199364702208588, ""mad"": 0.0759446843139796, ""k"": 2.0, ""num_accepted"": 10, ""safety_keep_used"": false, ""fallback_used"": false}"
191,apra,apra_hierarchical_cluster,"[55, 11, 68, 90, 78]","[3, 8, 25, 6, 61]","{""best_k"": 3, ""best_score"": 0.44753164052963257, ""selected_cluster"": 2, ""cluster_scores"": {""0"": 2.2849280834198, ""1"": 1.8367023468017578, ""2"": 3.3082218170166016}, ""num_trusted"": 5, ""fallback_used"": false}"
191,apra,apra_trust_weighted_clip,"[55, 11, 68, 90, 78]",[],"{""base_clip"": 1.0, ""trust_weights"": {""55"": 0.3333333432674408, ""11"": 0.0, ""68"": 0.0, ""90"": 0.3333333432674408, ""78"": 0.3333333432674408}, ""num_aggregated"": 5}"
192,apra,apra_mad_filter,"[2, 11, 12, 65, 15, 22, 86, 14, 50]",[95],"{""median_norm"": 0.5193891874011116, ""mad"": 0.059768336406758826, ""k"": 2.0, ""num_accepted"": 9, ""safety_keep_used"": false, ""fallback_used"": false}"
192,apra,apra_hierarchical_cluster,"[11, 12, 15, 22, 86, 14, 50]","[2, 65]","{""best_k"": 2, ""best_score"": 0.6187160015106201, ""selected_cluster"": 0, ""cluster_scores"": {""0"": 4.501474857330322, ""1"": 1.7192522287368774}, ""num_trusted"": 7, ""fallback_used"": false}"
192,apra,apra_trust_weighted_clip,"[11, 12, 15, 22, 86, 14, 50]",[],"{""base_clip"": 1.0, ""trust_weights"": {""11"": 0.2163200080394745, ""12"": 0.11334643512964249, ""15"": 0.02137354016304016, ""22"": 0.2163200080394745, ""86"": 0.0, ""14"": 0.2163200080394745, ""50"": 0.2163200080394745}, ""num_aggregated"": 7}"
193,apra,apra_mad_filter,"[2, 23, 85, 8, 72, 87, 16]","[88, 48, 73]","{""median_norm"": 0.5094757964513557, ""mad"": 0.060407582810958926, ""k"": 2.0, ""num_accepted"": 7, ""safety_keep_used"": false, ""fallback_used"": false}"
193,apra,apra_hierarchical_cluster,"[2, 23, 85, 72, 87, 16]",[8],"{""best_k"": 2, ""best_score"": 0.691521167755127, ""selected_cluster"": 0, ""cluster_scores"": {""0"": 5.684736728668213, ""1"": -1.0}, ""num_trusted"": 6, ""fallback_used"": false}"
193,apra,apra_trust_weighted_clip,"[2, 23, 85, 72, 87, 16]",[],"{""base_clip"": 1.0, ""trust_weights"": {""2"": 0.25, ""23"": 0.25, ""85"": 0.0, ""72"": 0.0, ""87"": 0.25, ""16"": 0.25}, ""num_aggregated"": 6}"
194,apra,apra_mad_filter,"[2, 78, 3, 40, 31, 14, 44, 57, 10, 64]",[],"{""median_norm"": 0.5499605628974122, ""mad"": 0.09921184701311686, ""k"": 2.0, ""num_accepted"": 10, ""safety_keep_used"": false, ""fallback_used"": false}"
194,apra,apra_hierarchical_cluster,"[2, 78, 3, 40, 31, 14, 44, 57, 64]",[10],"{""best_k"": 2, ""best_score"": 0.5114355683326721, ""selected_cluster"": 0, ""cluster_scores"": {""0"": 1.3457585573196411, ""1"": -1.0}, ""num_trusted"": 9, ""fallback_used"": false}"
194,apra,apra_trust_weighted_clip,"[2, 78, 3, 40, 31, 14, 44, 57, 64]",[],"{""base_clip"": 1.0, ""trust_weights"": {""2"": 0.02347649447619915, ""78"": 0.22548513114452362, ""3"": 0.0, ""40"": 0.051106516271829605, ""31"": 0.0, ""14"": 0.22548513114452362, ""44"": 0.22548513114452362, ""57"": 0.22548513114452362, ""64"": 0.02347649447619915}, ""num_aggregated"": 9}"
195,apra,apra_mad_filter,"[2, 10, 81, 56, 36, 62, 99, 93, 85]",[88],"{""median_norm"": 0.558168685464335, ""mad"": 0.08113859828870709, ""k"": 2.0, ""num_accepted"": 9, ""safety_keep_used"": false, ""fallback_used"": false}"
195,apra,apra_hierarchical_cluster,"[2, 81, 56, 36, 99, 93, 85]","[10, 62]","{""best_k"": 3, ""best_score"": 0.49835559725761414, ""selected_cluster"": 0, ""cluster_scores"": {""0"": 5.477970123291016, ""1"": -1.0, ""2"": -1.0}, ""num_trusted"": 7, ""fallback_used"": false}"
195,apra,apra_trust_weighted_clip,"[2, 81, 56, 36, 99, 93, 85]",[],"{""base_clip"": 1.0, ""trust_weights"": {""2"": 0.16957198083400726, ""81"": 0.16085605323314667, ""56"": 0.16957198083400726, ""36"": 0.16957198083400726, ""99"": 0.0, ""93"": 0.16957198083400726, ""85"": 0.16085605323314667}, ""num_aggregated"": 7}"
196,apra,apra_mad_filter,"[3, 25, 99, 13, 81, 6, 30, 90]","[89, 21]","{""median_norm"": 0.5097480073888226, ""mad"": 0.03324336632289018, ""k"": 2.0, ""num_accepted"": 8, ""safety_keep_used"": false, ""fallback_used"": false}"
196,apra,apra_hierarchical_cluster,"[25, 99, 13, 81, 30, 90]","[3, 6]","{""best_k"": 2, ""best_score"": 0.4219641089439392, ""selected_cluster"": 0, ""cluster_scores"": {""0"": 1.9780795574188232, ""1"": 1.9325454235076904}, ""num_trusted"": 6, ""fallback_used"": false}"
196,apra,apra_trust_weighted_clip,"[25, 99, 13, 81, 30, 90]",[],"{""base_clip"": 1.0, ""trust_weights"": {""25"": 0.25, ""99"": 0.0, ""13"": 0.25, ""81"": 0.25, ""30"": 0.0, ""90"": 0.25}, ""num_aggregated"": 6}"
197,apra,apra_mad_filter,"[1, 16, 75, 59, 61, 8, 21, 40]","[52, 47]","{""median_norm"": 0.4671756835415186, ""mad"": 0.040912342823901354, ""k"": 2.0, ""num_accepted"": 8, ""safety_keep_used"": false, ""fallback_used"": false}"
197,apra,apra_hierarchical_cluster,"[1, 16, 75, 61, 21, 40]","[59, 8]","{""best_k"": 2, ""best_score"": 0.5009404420852661, ""selected_cluster"": 1, ""cluster_scores"": {""0"": 1.6459612846374512, ""1"": 2.6257314682006836}, ""num_trusted"": 6, ""fallback_used"": false}"
197,apra,apra_trust_weighted_clip,"[1, 16, 75, 61, 21, 40]",[],"{""base_clip"": 1.0, ""trust_weights"": {""1"": 0.3957824110984802, ""16"": 0.10421759635210037, ""75"": 0.10421759635210037, ""61"": 0.0, ""21"": 0.3957824110984802, ""40"": 0.0}, ""num_aggregated"": 6}"
198,apra,apra_mad_filter,"[3, 13, 53, 66, 33, 38, 36, 49, 76]",[54],"{""median_norm"": 0.5806356939365432, ""mad"": 0.05479573367566126, ""k"": 2.0, ""num_accepted"": 9, ""safety_keep_used"": false, ""fallback_used"": false}"
198,apra,apra_hierarchical_cluster,"[3, 53, 33, 38, 36, 49, 76]","[13, 66]","{""best_k"": 2, ""best_score"": 0.5152027606964111, ""selected_cluster"": 0, ""cluster_scores"": {""0"": 3.9975972175598145, ""1"": 1.9693243503570557}, ""num_trusted"": 7, ""fallback_used"": false}"
198,apra,apra_trust_weighted_clip,"[3, 53, 33, 38, 36, 49, 76]",[],"{""base_clip"": 1.0, ""trust_weights"": {""3"": 0.20000000298023224, ""53"": 0.0, ""33"": 0.20000000298023224, ""38"": 0.20000000298023224, ""36"": 0.20000000298023224, ""49"": 0.0, ""76"": 0.20000000298023224}, ""num_aggregated"": 7}"
199,apra,apra_mad_filter,"[2, 47, 98, 83, 65, 78, 24, 33, 40]",[88],"{""median_norm"": 0.6231690835207805, ""mad"": 0.06934478225577906, ""k"": 2.0, ""num_accepted"": 9, ""safety_keep_used"": false, ""fallback_used"": false}"
199,apra,apra_hierarchical_cluster,"[2, 98, 83, 65, 78, 24, 33, 40]",[47],"{""best_k"": 2, ""best_score"": 0.6913499236106873, ""selected_cluster"": 0, ""cluster_scores"": {""0"": 6.722742080688477, ""1"": -1.0}, ""num_trusted"": 8, ""fallback_used"": false}"
199,apra,apra_trust_weighted_clip,"[2, 98, 83, 65, 78, 24, 33, 40]",[],"{""base_clip"": 1.0, ""trust_weights"": {""2"": 0.1428571492433548, ""98"": 0.1428571492433548, ""83"": 0.1428571492433548, ""65"": 0.1428571492433548, ""78"": 0.1428571492433548, ""24"": 0.0, ""33"": 0.1428571492433548, ""40"": 0.1428571492433548}, ""num_aggregated"": 8}"
200,apra,apra_mad_filter,"[0, 86, 70, 24, 66, 99, 9, 12, 31]",[30],"{""median_norm"": 0.5376079556601714, ""mad"": 0.06404597908066087, ""k"": 2.0, ""num_accepted"": 9, ""safety_keep_used"": false, ""fallback_used"": false}"
200,apra,apra_hierarchical_cluster,"[0, 86, 70, 24, 66, 99, 9, 12]",[31],"{""best_k"": 2, ""best_score"": 0.655836284160614, ""selected_cluster"": 0, ""cluster_scores"": {""0"": 3.9013051986694336, ""1"": -1.0}, ""num_trusted"": 8, ""fallback_used"": false}"
200,apra,apra_trust_weighted_clip,"[0, 86, 70, 24, 66, 99, 9, 12]",[],"{""base_clip"": 1.0, ""trust_weights"": {""0"": 0.0, ""86"": 0.1666666716337204, ""70"": 0.1666666716337204, ""24"": 0.1666666716337204, ""66"": 0.1666666716337204, ""99"": 0.0, ""9"": 0.1666666716337204, ""12"": 0.1666666716337204}, ""num_aggregated"": 8}"
201,apra,apra_mad_filter,"[3, 81, 35, 96, 36, 99, 64, 92]","[17, 88]","{""median_norm"": 0.515161183416131, ""mad"": 0.06423876734803546, ""k"": 2.0, ""num_accepted"": 8, ""safety_keep_used"": false, ""fallback_used"": false}"
201,apra,apra_hierarchical_cluster,"[3, 81, 35, 96, 36, 64, 92]",[99],"{""best_k"": 2, ""best_score"": 0.4983040690422058, ""selected_cluster"": 0, ""cluster_scores"": {""0"": 6.78510046005249, ""1"": -1.0}, ""num_trusted"": 7, ""fallback_used"": false}"
201,apra,apra_trust_weighted_clip,"[3, 81, 35, 96, 36, 64, 92]",[],"{""base_clip"": 1.0, ""trust_weights"": {""3"": 0.1666666716337204, ""81"": 0.1666666716337204, ""35"": 0.1666666716337204, ""96"": 0.0, ""36"": 0.1666666716337204, ""64"": 0.1666666716337204, ""92"": 0.1666666716337204}, ""num_aggregated"": 7}"
202,apra,apra_mad_filter,"[4, 91, 21, 75, 59, 96, 92, 42, 74, 12]",[],"{""median_norm"": 0.4635239560138604, ""mad"": 0.0917856164453219, ""k"": 2.0, ""num_accepted"": 10, ""safety_keep_used"": false, ""fallback_used"": false}"
202,apra,apra_hierarchical_cluster,"[4, 91, 21, 75, 96, 92, 42, 74, 12]",[59],"{""best_k"": 2, ""best_score"": 0.45349249243736267, ""selected_cluster"": 0, ""cluster_scores"": {""0"": 1.2208757400512695, ""1"": -1.0}, ""num_trusted"": 9, ""fallback_used"": false}"
202,apra,apra_trust_weighted_clip,"[4, 91, 21, 75, 96, 92, 42, 74, 12]",[],"{""base_clip"": 1.0, ""trust_weights"": {""4"": 0.11519747227430344, ""91"": 0.12640036642551422, ""21"": 0.12640036642551422, ""75"": 0.12640036642551422, ""96"": 0.0, ""92"": 0.12640036642551422, ""42"": 0.12640036642551422, ""74"": 0.12640036642551422, ""12"": 0.12640036642551422}, ""num_aggregated"": 9}"
203,apra,apra_mad_filter,"[2, 39, 68, 74, 40, 3, 50, 44]","[0, 85]","{""median_norm"": 0.4832288052775617, ""mad"": 0.042619389940258934, ""k"": 2.0, ""num_accepted"": 8, ""safety_keep_used"": false, ""fallback_used"": false}"
203,apra,apra_hierarchical_cluster,"[39, 68, 74, 40, 3, 50, 44]",[2],"{""best_k"": 2, ""best_score"": 0.5438242554664612, ""selected_cluster"": 0, ""cluster_scores"": {""0"": 4.309145927429199, ""1"": -1.0}, ""num_trusted"": 7, ""fallback_used"": false}"
203,apra,apra_trust_weighted_clip,"[39, 68, 74, 40, 3, 50, 44]",[],"{""base_clip"": 1.0, ""trust_weights"": {""39"": 0.1426602154970169, ""68"": 0.18860572576522827, ""74"": 0.18860572576522827, ""40"": 0.18860572576522827, ""3"": 0.10291680693626404, ""50"": 0.18860572576522827, ""44"": 0.0}, ""num_aggregated"": 7}"
204,apra,apra_mad_filter,"[4, 33, 52, 75, 20, 83, 96, 38, 72]",[31],"{""median_norm"": 0.6063790107602695, ""mad"": 0.13287594560023389, ""k"": 2.0, ""num_accepted"": 9, ""safety_keep_used"": false, ""fallback_used"": false}"
204,apra,apra_hierarchical_cluster,"[33, 52, 75, 83, 96, 38]","[4, 20, 72]","{""best_k"": 2, ""best_score"": 0.29253479838371277, ""selected_cluster"": 0, ""cluster_scores"": {""0"": 3.601269245147705, ""1"": 2.0699026584625244}, ""num_trusted"": 6, ""fallback_used"": false}"
204,apra,apra_trust_weighted_clip,"[33, 52, 75, 83, 96, 38]",[],"{""base_clip"": 1.0, ""trust_weights"": {""33"": 0.0, ""52"": 0.20000000298023224, ""75"": 0.20000000298023224, ""83"": 0.20000000298023224, ""96"": 0.20000000298023224, ""38"": 0.20000000298023224}, ""num_aggregated"": 6}"
205,apra,apra_mad_filter,"[4, 64, 72, 2, 83, 62, 86]","[97, 32, 51]","{""median_norm"": 0.47594946260911064, ""mad"": 0.040040194430554454, ""k"": 2.0, ""num_accepted"": 7, ""safety_keep_used"": false, ""fallback_used"": false}"
205,apra,apra_hierarchical_cluster,"[4, 64, 2, 83, 62, 86]",[72],"{""best_k"": 2, ""best_score"": 0.47539588809013367, ""selected_cluster"": 0, ""cluster_scores"": {""0"": 3.012388229370117, ""1"": -1.0}, ""num_trusted"": 6, ""fallback_used"": false}"
205,apra,apra_trust_weighted_clip,"[4, 64, 2, 83, 62, 86]",[],"{""base_clip"": 1.0, ""trust_weights"": {""4"": 0.25, ""64"": 0.0, ""2"": 0.25, ""83"": 0.25, ""62"": 0.0, ""86"": 0.25}, ""num_aggregated"": 6}"
206,apra,apra_mad_filter,"[3, 33, 74, 61, 27, 58, 68, 6]","[54, 42]","{""median_norm"": 0.49588999235424003, ""mad"": 0.035910030106851426, ""k"": 2.0, ""num_accepted"": 8, ""safety_keep_used"": false, ""fallback_used"": false}"
206,apra,apra_hierarchical_cluster,"[3, 33, 74, 61, 27, 58, 6]",[68],"{""best_k"": 2, ""best_score"": 0.4487127661705017, ""selected_cluster"": 0, ""cluster_scores"": {""0"": 5.212573528289795, ""1"": -1.0}, ""num_trusted"": 7, ""fallback_used"": false}"
206,apra,apra_trust_weighted_clip,"[3, 33, 74, 61, 27, 58, 6]",[],"{""base_clip"": 1.0, ""trust_weights"": {""3"": 0.20000000298023224, ""33"": 0.20000000298023224, ""74"": 0.20000000298023224, ""61"": 0.20000000298023224, ""27"": 0.0, ""58"": 0.0, ""6"": 0.20000000298023224}, ""num_aggregated"": 7}"
207,apra,apra_mad_filter,"[1, 36, 19, 15, 13, 69, 59]","[45, 73, 16]","{""median_norm"": 0.5776073421211814, ""mad"": 0.03461204019951508, ""k"": 2.0, ""num_accepted"": 7, ""safety_keep_used"": false, ""fallback_used"": false}"
207,apra,apra_hierarchical_cluster,"[1, 36, 19, 15, 13, 69]",[59],"{""best_k"": 2, ""best_score"": 0.30088329315185547, ""selected_cluster"": 0, ""cluster_scores"": {""0"": 1.1785179376602173, ""1"": -1.0}, ""num_trusted"": 6, ""fallback_used"": false}"
207,apra,apra_trust_weighted_clip,"[1, 36, 19, 15, 13, 69]",[],"{""base_clip"": 1.0, ""trust_weights"": {""1"": 0.25, ""36"": 0.25, ""19"": 0.0, ""15"": 0.25, ""13"": 0.0, ""69"": 0.25}, ""num_aggregated"": 6}"
208,apra,apra_mad_filter,"[3, 69, 74, 58, 40, 57, 59, 55]","[17, 56]","{""median_norm"": 0.5001482914692594, ""mad"": 0.03932505185908819, ""k"": 2.0, ""num_accepted"": 8, ""safety_keep_used"": false, ""fallback_used"": false}"
208,apra,apra_hierarchical_cluster,"[3, 74, 58, 40, 57, 59, 55]",[69],"{""best_k"": 2, ""best_score"": 0.5296615362167358, ""selected_cluster"": 0, ""cluster_scores"": {""0"": 0.990307629108429, ""1"": -1.0}, ""num_trusted"": 7, ""fallback_used"": false}"
208,apra,apra_trust_weighted_clip,"[3, 74, 58, 40, 57, 59, 55]",[],"{""base_clip"": 1.0, ""trust_weights"": {""3"": 0.1666666716337204, ""74"": 0.0, ""58"": 0.1666666716337204, ""40"": 0.1666666716337204, ""57"": 0.1666666716337204, ""59"": 0.1666666716337204, ""55"": 0.1666666716337204}, ""num_aggregated"": 7}"
209,apra,apra_mad_filter,"[3, 97, 8, 89, 79, 11, 76, 16, 77, 25]",[],"{""median_norm"": 0.6265301378606658, ""mad"": 0.09412058755660341, ""k"": 2.0, ""num_accepted"": 10, ""safety_keep_used"": false, ""fallback_used"": false}"
209,apra,apra_hierarchical_cluster,"[3, 97, 89, 79, 11, 76, 16, 77, 25]",[8],"{""best_k"": 2, ""best_score"": 0.5286837816238403, ""selected_cluster"": 0, ""cluster_scores"": {""0"": 2.5214788913726807, ""1"": -1.0}, ""num_trusted"": 9, ""fallback_used"": false}"
209,apra,apra_trust_weighted_clip,"[3, 97, 89, 79, 11, 76, 16, 77, 25]",[],"{""base_clip"": 1.0, ""trust_weights"": {""3"": 0.1666666716337204, ""97"": 0.0, ""89"": 0.1666666716337204, ""79"": 0.1666666716337204, ""11"": 0.0, ""76"": 0.1666666716337204, ""16"": 0.1666666716337204, ""77"": 0.1666666716337204, ""25"": 0.0}, ""num_aggregated"": 9}"
210,apra,apra_mad_filter,"[2, 21, 49, 33, 74, 85, 84, 79]","[17, 44]","{""median_norm"": 0.48187847872382694, ""mad"": 0.08476529140824265, ""k"": 2.0, ""num_accepted"": 8, ""safety_keep_used"": false, ""fallback_used"": false}"
210,apra,apra_hierarchical_cluster,"[2, 21, 33, 74, 85, 84, 79]",[49],"{""best_k"": 2, ""best_score"": 0.4356492757797241, ""selected_cluster"": 0, ""cluster_scores"": {""0"": 2.1235597133636475, ""1"": -1.0}, ""num_trusted"": 7, ""fallback_used"": false}"
210,apra,apra_trust_weighted_clip,"[2, 21, 33, 74, 85, 84, 79]",[],"{""base_clip"": 1.0, ""trust_weights"": {""2"": 0.0025192254688590765, ""21"": 0.3324936032295227, ""33"": 0.0, ""74"": 0.3324936032295227, ""85"": 0.0, ""84"": 0.0, ""79"": 0.3324936032295227}, ""num_aggregated"": 7}"
211,apra,apra_mad_filter,"[1, 15, 58, 56, 75, 64, 2, 68]","[46, 54]","{""median_norm"": 0.4540121855349608, ""mad"": 0.04919569779209601, ""k"": 2.0, ""num_accepted"": 8, ""safety_keep_used"": false, ""fallback_used"": false}"
211,apra,apra_hierarchical_cluster,"[1, 56, 64]","[15, 58, 75, 2, 68]","{""best_k"": 2, ""best_score"": 0.3914547562599182, ""selected_cluster"": 1, ""cluster_scores"": {""0"": 2.647857666015625, ""1"": 2.7284679412841797}, ""num_trusted"": 3, ""fallback_used"": false}"
211,apra,apra_trust_weighted_clip,"[1, 56, 64]",[],"{""base_clip"": 1.0, ""trust_weights"": {""1"": 0.3333333333333333, ""56"": 0.3333333333333333, ""64"": 0.3333333333333333}, ""num_aggregated"": 3}"
212,apra,apra_mad_filter,"[3, 41, 74, 15, 4, 81, 48, 84, 56, 94]",[],"{""median_norm"": 0.5993115768353902, ""mad"": 0.09283825468006474, ""k"": 2.0, ""num_accepted"": 10, ""safety_keep_used"": false, ""fallback_used"": false}"
212,apra,apra_hierarchical_cluster,"[3, 41, 74, 15, 4, 81, 84, 56, 94]",[48],"{""best_k"": 2, ""best_score"": 0.6878723502159119, ""selected_cluster"": 0, ""cluster_scores"": {""0"": 4.462693214416504, ""1"": -1.0}, ""num_trusted"": 9, ""fallback_used"": false}"
212,apra,apra_trust_weighted_clip,"[3, 41, 74, 15, 4, 81, 84, 56, 94]",[],"{""base_clip"": 1.0, ""trust_weights"": {""3"": 0.125, ""41"": 0.0, ""74"": 0.125, ""15"": 0.125, ""4"": 0.125, ""81"": 0.125, ""84"": 0.125, ""56"": 0.125, ""94"": 0.125}, ""num_aggregated"": 9}"
213,apra,apra_mad_filter,"[1, 94, 76, 86, 63, 6, 85, 39]","[84, 54]","{""median_norm"": 0.48989001652683734, ""mad"": 0.036672207525576456, ""k"": 2.0, ""num_accepted"": 8, ""safety_keep_used"": false, ""fallback_used"": false}"
213,apra,apra_hierarchical_cluster,"[1, 94, 76, 86, 63, 6, 39]",[85],"{""best_k"": 2, ""best_score"": 0.6764570474624634, ""selected_cluster"": 0, ""cluster_scores"": {""0"": 5.468586444854736, ""1"": -1.0}, ""num_trusted"": 7, ""fallback_used"": false}"
213,apra,apra_trust_weighted_clip,"[1, 94, 76, 86, 63, 6, 39]",[],"{""base_clip"": 1.0, ""trust_weights"": {""1"": 0.1666666716337204, ""94"": 0.1666666716337204, ""76"": 0.1666666716337204, ""86"": 0.1666666716337204, ""63"": 0.1666666716337204, ""6"": 0.1666666716337204, ""39"": 0.0}, ""num_aggregated"": 7}"
214,apra,apra_mad_filter,"[2, 58, 15, 35, 46, 60, 8, 18]","[62, 5]","{""median_norm"": 0.6095228658484516, ""mad"": 0.032641439874413425, ""k"": 2.0, ""num_accepted"": 8, ""safety_keep_used"": false, ""fallback_used"": false}"
214,apra,apra_hierarchical_cluster,"[2, 58, 15, 35, 60, 8, 18]",[46],"{""best_k"": 2, ""best_score"": 0.5541982054710388, ""selected_cluster"": 0, ""cluster_scores"": {""0"": 3.8338232040405273, ""1"": -1.0}, ""num_trusted"": 7, ""fallback_used"": false}"
214,apra,apra_trust_weighted_clip,"[2, 58, 15, 35, 60, 8, 18]",[],"{""base_clip"": 1.0, ""trust_weights"": {""2"": 0.20000000298023224, ""58"": 0.20000000298023224, ""15"": 0.20000000298023224, ""35"": 0.0, ""60"": 0.20000000298023224, ""8"": 0.0, ""18"": 0.20000000298023224}, ""num_aggregated"": 7}"
215,apra,apra_mad_filter,"[2, 96, 3, 90, 11, 48, 37, 33, 80]",[47],"{""median_norm"": 0.5010915301686094, ""mad"": 0.06788161772515089, ""k"": 2.0, ""num_accepted"": 9, ""safety_keep_used"": false, ""fallback_used"": false}"
215,apra,apra_hierarchical_cluster,"[2, 3, 90, 11, 37, 33, 80]","[96, 48]","{""best_k"": 3, ""best_score"": 0.6412447094917297, ""selected_cluster"": 0, ""cluster_scores"": {""0"": 4.234801292419434, ""1"": -1.0, ""2"": -1.0}, ""num_trusted"": 7, ""fallback_used"": false}"
215,apra,apra_trust_weighted_clip,"[2, 3, 90, 11, 37, 33, 80]",[],"{""base_clip"": 1.0, ""trust_weights"": {""2"": 0.0, ""3"": 0.1666666716337204, ""90"": 0.1666666716337204, ""11"": 0.1666666716337204, ""37"": 0.1666666716337204, ""33"": 0.1666666716337204, ""80"": 0.1666666716337204}, ""num_aggregated"": 7}"
216,apra,apra_mad_filter,"[2, 5, 82, 80, 89, 69, 42, 59, 48]",[17],"{""median_norm"": 0.5450828567674088, ""mad"": 0.041278376484618406, ""k"": 2.0, ""num_accepted"": 9, ""safety_keep_used"": false, ""fallback_used"": false}"
216,apra,apra_hierarchical_cluster,"[2, 5, 80, 89, 69, 42]","[82, 59, 48]","{""best_k"": 3, ""best_score"": 0.5562993288040161, ""selected_cluster"": 0, ""cluster_scores"": {""0"": 3.605760097503662, ""1"": -1.0, ""2"": 1.9949404001235962}, ""num_trusted"": 6, ""fallback_used"": false}"
216,apra,apra_trust_weighted_clip,"[2, 5, 80, 89, 69, 42]",[],"{""base_clip"": 1.0, ""trust_weights"": {""2"": 0.20000000298023224, ""5"": 0.20000000298023224, ""80"": 0.20000000298023224, ""89"": 0.20000000298023224, ""69"": 0.0, ""42"": 0.20000000298023224}, ""num_aggregated"": 6}"
217,apra,apra_mad_filter,"[3, 81, 28, 63, 34, 35, 96, 71, 46, 44]",[],"{""median_norm"": 0.5956620037590774, ""mad"": 0.04375552337765337, ""k"": 2.0, ""num_accepted"": 10, ""safety_keep_used"": false, ""fallback_used"": false}"
217,apra,apra_hierarchical_cluster,"[3, 28, 63, 34, 35, 46, 44]","[81, 96, 71]","{""best_k"": 2, ""best_score"": 0.35254979133605957, ""selected_cluster"": 0, ""cluster_scores"": {""0"": 2.1738526821136475, ""1"": 1.8448741436004639}, ""num_trusted"": 7, ""fallback_used"": false}"
217,apra,apra_trust_weighted_clip,"[3, 28, 63, 34, 35, 46, 44]",[],"{""base_clip"": 1.0, ""trust_weights"": {""3"": 0.19808930158615112, ""28"": 0.23552267253398895, ""63"": 0.19808930158615112, ""34"": 0.0, ""35"": 0.23552267253398895, ""46"": 0.0, ""44"": 0.13277608156204224}, ""num_aggregated"": 7}"
218,apra,apra_mad_filter,"[2, 91, 86, 84, 61, 50, 87, 53, 27]",[97],"{""median_norm"": 0.41681925184867463, ""mad"": 0.04152894340393545, ""k"": 2.0, ""num_accepted"": 9, ""safety_keep_used"": false, ""fallback_used"": false}"
218,apra,apra_hierarchical_cluster,"[2, 91, 86, 61, 50, 87, 53]","[84, 27]","{""best_k"": 2, ""best_score"": 0.49139323830604553, ""selected_cluster"": 0, ""cluster_scores"": {""0"": 3.130629062652588, ""1"": 1.5078554153442383}, ""num_trusted"": 7, ""fallback_used"": false}"
218,apra,apra_trust_weighted_clip,"[2, 91, 86, 61, 50, 87, 53]",[],"{""base_clip"": 1.0, ""trust_weights"": {""2"": 0.13393861055374146, ""91"": 0.17321227490901947, ""86"": 0.0, ""61"": 0.17321227490901947, ""50"": 0.17321227490901947, ""87"": 0.17321227490901947, ""53"": 0.17321227490901947}, ""num_aggregated"": 7}"
219,apra,apra_mad_filter,"[1, 44, 89, 35, 24, 0, 91, 43, 4, 73]",[],"{""median_norm"": 0.6673725977908308, ""mad"": 0.13120488708124717, ""k"": 2.0, ""num_accepted"": 10, ""safety_keep_used"": false, ""fallback_used"": false}"
219,apra,apra_hierarchical_cluster,"[1, 44, 89, 35, 24, 91, 43, 4, 73]",[0],"{""best_k"": 2, ""best_score"": 0.5954272747039795, ""selected_cluster"": 0, ""cluster_scores"": {""0"": 3.1914143562316895, ""1"": -1.0}, ""num_trusted"": 9, ""fallback_used"": false}"
219,apra,apra_trust_weighted_clip,"[1, 44, 89, 35, 24, 91, 43, 4, 73]",[],"{""base_clip"": 1.0, ""trust_weights"": {""1"": 0.1324564516544342, ""44"": 0.1324564516544342, ""89"": 0.1324564516544342, ""35"": 0.1324564516544342, ""24"": 0.07280480861663818, ""91"": 0.1324564516544342, ""43"": 0.1324564516544342, ""4"": 0.1324564516544342, ""73"": 0.0}, ""num_aggregated"": 9}"
220,apra,apra_mad_filter,"[2, 28, 1, 58, 21, 61, 94, 17, 68]",[88],"{""median_norm"": 0.48653167727910884, ""mad"": 0.07399830637654461, ""k"": 2.0, ""num_accepted"": 9, ""safety_keep_used"": false, ""fallback_used"": false}"
220,apra,apra_hierarchical_cluster,"[2, 28, 1, 58, 21, 61, 94, 17]",[68],"{""best_k"": 2, ""best_score"": 0.5467831492424011, ""selected_cluster"": 0, ""cluster_scores"": {""0"": 5.127411842346191, ""1"": -1.0}, ""num_trusted"": 8, ""fallback_used"": false}"
220,apra,apra_trust_weighted_clip,"[2, 28, 1, 58, 21, 61, 94, 17]",[],"{""base_clip"": 1.0, ""trust_weights"": {""2"": 0.0, ""28"": 0.2381674200296402, ""1"": 0.2381674200296402, ""58"": 0.2381674200296402, ""21"": 0.047330327332019806, ""61"": 0.0, ""94"": 0.2381674200296402, ""17"": 0.0}, ""num_aggregated"": 8}"
221,apra,apra_mad_filter,"[1, 61, 50, 74, 42, 87, 65, 72, 64, 8]",[],"{""median_norm"": 0.45626878582552044, ""mad"": 0.057089232177759214, ""k"": 2.0, ""num_accepted"": 10, ""safety_keep_used"": false, ""fallback_used"": false}"
221,apra,apra_hierarchical_cluster,"[1, 61, 50, 74, 42, 87, 65, 72, 64]",[8],"{""best_k"": 2, ""best_score"": 0.5832477807998657, ""selected_cluster"": 0, ""cluster_scores"": {""0"": 2.2076427936553955, ""1"": -1.0}, ""num_trusted"": 9, ""fallback_used"": false}"
221,apra,apra_trust_weighted_clip,"[1, 61, 50, 74, 42, 87, 65, 72, 64]",[],"{""base_clip"": 1.0, ""trust_weights"": {""1"": 0.19599415361881256, ""61"": 0.010014591738581657, ""50"": 0.010014591738581657, ""74"": 0.19599415361881256, ""42"": 0.0, ""87"": 0.19599415361881256, ""65"": 0.0, ""72"": 0.19599415361881256, ""64"": 0.19599415361881256}, ""num_aggregated"": 9}"
222,apra,apra_mad_filter,"[4, 75, 35, 21, 83, 55, 2]","[95, 52, 31]","{""median_norm"": 0.4854999248156059, ""mad"": 0.060216068053373595, ""k"": 2.0, ""num_accepted"": 7, ""safety_keep_used"": false, ""fallback_used"": false}"
222,apra,apra_hierarchical_cluster,"[4, 35, 21, 83, 55]","[75, 2]","{""best_k"": 2, ""best_score"": 0.40987008810043335, ""selected_cluster"": 1, ""cluster_scores"": {""0"": 1.4476194381713867, ""1"": 3.022702932357788}, ""num_trusted"": 5, ""fallback_used"": false}"
222,apra,apra_trust_weighted_clip,"[4, 35, 21, 83, 55]",[],"{""base_clip"": 1.0, ""trust_weights"": {""4"": 0.25, ""35"": 0.25, ""21"": 0.25, ""83"": 0.25, ""55"": 0.0}, ""num_aggregated"": 5}"
223,apra,apra_mad_filter,"[3, 55, 79, 70, 4, 82, 60, 56]","[24, 88]","{""median_norm"": 0.5218977445968604, ""mad"": 0.04246135905561085, ""k"": 2.0, ""num_accepted"": 8, ""safety_keep_used"": false, ""fallback_used"": false}"
223,apra,apra_hierarchical_cluster,"[3, 55, 79, 70, 82, 60, 56]",[4],"{""best_k"": 2, ""best_score"": 0.5009261965751648, ""selected_cluster"": 0, ""cluster_scores"": {""0"": 3.406076192855835, ""1"": -1.0}, ""num_trusted"": 7, ""fallback_used"": false}"
223,apra,apra_trust_weighted_clip,"[3, 55, 79, 70, 82, 60, 56]",[],"{""base_clip"": 1.0, ""trust_weights"": {""3"": 0.20000000298023224, ""55"": 0.0, ""79"": 0.20000000298023224, ""70"": 0.20000000298023224, ""82"": 0.0, ""60"": 0.20000000298023224, ""56"": 0.20000000298023224}, ""num_aggregated"": 7}"
224,apra,apra_mad_filter,"[34, 70, 23, 83, 99, 77, 26, 89]","[2, 37]","{""median_norm"": 0.49585992605503704, ""mad"": 0.021921649901010254, ""k"": 2.0, ""num_accepted"": 8, ""safety_keep_used"": false, ""fallback_used"": false}"
224,apra,apra_hierarchical_cluster,"[34, 70, 23, 83, 99, 77, 89]",[26],"{""best_k"": 2, ""best_score"": 0.4929952025413513, ""selected_cluster"": 0, ""cluster_scores"": {""0"": 1.3922063112258911, ""1"": -1.0}, ""num_trusted"": 7, ""fallback_used"": false}"
224,apra,apra_trust_weighted_clip,"[34, 70, 23, 83, 99, 77, 89]",[],"{""base_clip"": 1.0, ""trust_weights"": {""34"": 0.20000000298023224, ""70"": 0.0, ""23"": 0.0, ""83"": 0.20000000298023224, ""99"": 0.20000000298023224, ""77"": 0.20000000298023224, ""89"": 0.20000000298023224}, ""num_aggregated"": 7}"
225,apra,apra_mad_filter,"[2, 6, 8, 62, 78, 51, 14, 56, 46, 29]",[],"{""median_norm"": 0.4866001757771612, ""mad"": 0.07303508495604721, ""k"": 2.0, ""num_accepted"": 10, ""safety_keep_used"": false, ""fallback_used"": false}"
225,apra,apra_hierarchical_cluster,"[2, 6, 8, 78, 14, 56, 46, 29]","[62, 51]","{""best_k"": 2, ""best_score"": 0.5744212865829468, ""selected_cluster"": 0, ""cluster_scores"": {""0"": 3.0042293071746826, ""1"": 1.937380075454712}, ""num_trusted"": 8, ""fallback_used"": false}"
225,apra,apra_trust_weighted_clip,"[2, 6, 8, 78, 14, 56, 46, 29]",[],"{""base_clip"": 1.0, ""trust_weights"": {""2"": 0.15765684843063354, ""6"": 0.15765684843063354, ""8"": 0.0, ""78"": 0.15765684843063354, ""14"": 0.15402349829673767, ""56"": 0.15765684843063354, ""46"": 0.057692237198352814, ""29"": 0.15765684843063354}, ""num_aggregated"": 8}"
226,apra,apra_mad_filter,"[3, 64, 60, 68, 33, 18, 36, 63, 14]",[88],"{""median_norm"": 0.5175374277813751, ""mad"": 0.07049671397757945, ""k"": 2.0, ""num_accepted"": 9, ""safety_keep_used"": false, ""fallback_used"": false}"
226,apra,apra_hierarchical_cluster,"[3, 64, 60, 68, 33, 18, 63, 14]",[36],"{""best_k"": 2, ""best_score"": 0.5737307071685791, ""selected_cluster"": 0, ""cluster_scores"": {""0"": 7.20969820022583, ""1"": -1.0}, ""num_trusted"": 8, ""fallback_used"": false}"
226,apra,apra_trust_weighted_clip,"[3, 64, 60, 68, 33, 18, 63, 14]",[],"{""base_clip"": 1.0, ""trust_weights"": {""3"": 0.1428571492433548, ""64"": 0.0, ""60"": 0.1428571492433548, ""68"": 0.1428571492433548, ""33"": 0.1428571492433548, ""18"": 0.1428571492433548, ""63"": 0.1428571492433548, ""14"": 0.1428571492433548}, ""num_aggregated"": 8}"
227,apra,apra_mad_filter,"[3, 37, 73, 9, 76, 15, 50, 25, 55]",[88],"{""median_norm"": 0.5363141400442334, ""mad"": 0.13237532334606159, ""k"": 2.0, ""num_accepted"": 9, ""safety_keep_used"": false, ""fallback_used"": false}"
227,apra,apra_hierarchical_cluster,"[3, 37, 9, 76, 15, 50, 25, 55]",[73],"{""best_k"": 2, ""best_score"": 0.7303745746612549, ""selected_cluster"": 0, ""cluster_scores"": {""0"": 6.201900482177734, ""1"": -1.0}, ""num_trusted"": 8, ""fallback_used"": false}"
227,apra,apra_trust_weighted_clip,"[3, 37, 9, 76, 15, 50, 25, 55]",[],"{""base_clip"": 1.0, ""trust_weights"": {""3"": 0.1428571492433548, ""37"": 0.1428571492433548, ""9"": 0.0, ""76"": 0.1428571492433548, ""15"": 0.1428571492433548, ""50"": 0.1428571492433548, ""25"": 0.1428571492433548, ""55"": 0.1428571492433548}, ""num_aggregated"": 8}"
228,apra,apra_mad_filter,"[4, 43, 2, 61, 23, 44, 78, 45, 5]",[88],"{""median_norm"": 0.5682490303667831, ""mad"": 0.11020092251085331, ""k"": 2.0, ""num_accepted"": 9, ""safety_keep_used"": false, ""fallback_used"": false}"
228,apra,apra_hierarchical_cluster,"[43, 2, 61, 23, 44, 78, 45, 5]",[4],"{""best_k"": 2, ""best_score"": 0.8479939103126526, ""selected_cluster"": 0, ""cluster_scores"": {""0"": 7.948193550109863, ""1"": -1.0}, ""num_trusted"": 8, ""fallback_used"": false}"
228,apra,apra_trust_weighted_clip,"[43, 2, 61, 23, 44, 78, 45, 5]",[],"{""base_clip"": 1.0, ""trust_weights"": {""43"": 0.148024320602417, ""2"": 0.14597579836845398, ""61"": 0.148024320602417, ""23"": 0.11390261352062225, ""44"": 0.0, ""78"": 0.148024320602417, ""45"": 0.148024320602417, ""5"": 0.148024320602417}, ""num_aggregated"": 8}"
229,apra,apra_mad_filter,"[50, 78, 10, 45, 55, 79, 61, 68]","[0, 8]","{""median_norm"": 0.5108267039595529, ""mad"": 0.05831733162496183, ""k"": 2.0, ""num_accepted"": 8, ""safety_keep_used"": false, ""fallback_used"": false}"
229,apra,apra_hierarchical_cluster,"[50, 78, 45, 55, 79, 61, 68]",[10],"{""best_k"": 2, ""best_score"": 0.7398455142974854, ""selected_cluster"": 0, ""cluster_scores"": {""0"": 4.434719085693359, ""1"": -1.0}, ""num_trusted"": 7, ""fallback_used"": false}"
229,apra,apra_trust_weighted_clip,"[50, 78, 45, 55, 79, 61, 68]",[],"{""base_clip"": 1.0, ""trust_weights"": {""50"": 0.1666666716337204, ""78"": 0.1666666716337204, ""45"": 0.1666666716337204, ""55"": 0.0, ""79"": 0.1666666716337204, ""61"": 0.1666666716337204, ""68"": 0.1666666716337204}, ""num_aggregated"": 7}"
230,apra,apra_mad_filter,"[3, 66, 27, 62, 86, 6, 2]","[80, 19, 7]","{""median_norm"": 0.5520485605582732, ""mad"": 0.04179139682909988, ""k"": 2.0, ""num_accepted"": 7, ""safety_keep_used"": false, ""fallback_used"": false}"
230,apra,apra_hierarchical_cluster,"[66, 27]","[3, 62, 86, 6, 2]","{""best_k"": 2, ""best_score"": 0.4352510869503021, ""selected_cluster"": 1, ""cluster_scores"": {""0"": 1.6692615747451782, ""1"": 1.7371037006378174}, ""num_trusted"": 2, ""fallback_used"": false}"
230,apra,apra_trust_weighted_clip,"[66, 27]",[],"{""base_clip"": 1.0, ""trust_weights"": {""66"": 0.5, ""27"": 0.5}, ""num_aggregated"": 2}"
231,apra,apra_mad_filter,"[26, 28, 97, 40, 75, 2]","[4, 9, 96, 95]","{""median_norm"": 0.5835385505476134, ""mad"": 0.02409967685429182, ""k"": 2.0, ""num_accepted"": 6, ""safety_keep_used"": false, ""fallback_used"": false}"
231,apra,apra_hierarchical_cluster,"[26, 28, 97, 40, 75]",[2],"{""best_k"": 2, ""best_score"": 0.43162062764167786, ""selected_cluster"": 0, ""cluster_scores"": {""0"": 3.4783058166503906, ""1"": -1.0}, ""num_trusted"": 5, ""fallback_used"": false}"
231,apra,apra_trust_weighted_clip,"[26, 28, 97, 40, 75]",[],"{""base_clip"": 1.0, ""trust_weights"": {""26"": 0.18424297869205475, ""28"": 0.31575700640678406, ""97"": 0.18424297869205475, ""40"": 0.0, ""75"": 0.31575700640678406}, ""num_aggregated"": 5}"
232,apra,apra_mad_filter,"[99, 62, 39, 30, 23, 56, 74, 92]","[1, 27]","{""median_norm"": 0.5713018021024907, ""mad"": 0.04090841836607506, ""k"": 2.0, ""num_accepted"": 8, ""safety_keep_used"": false, ""fallback_used"": false}"
232,apra,apra_hierarchical_cluster,"[30, 74, 92]","[99, 62, 39, 23, 56]","{""best_k"": 4, ""best_score"": 0.3233315050601959, ""selected_cluster"": 1, ""cluster_scores"": {""0"": 1.5179314613342285, ""1"": 2.280261754989624, ""2"": -1.0, ""3"": 1.9488532543182373}, ""num_trusted"": 3, ""fallback_used"": false}"
232,apra,apra_trust_weighted_clip,"[30, 74, 92]",[],"{""base_clip"": 1.0, ""trust_weights"": {""30"": 0.5, ""74"": 0.5, ""92"": 0.0}, ""num_aggregated"": 3}"
233,apra,apra_mad_filter,"[1, 98, 36, 80, 37, 13, 12, 90]","[71, 0]","{""median_norm"": 0.5275326482955844, ""mad"": 0.08471240081942213, ""k"": 2.0, ""num_accepted"": 8, ""safety_keep_used"": false, ""fallback_used"": false}"
233,apra,apra_hierarchical_cluster,"[1, 98, 80, 37, 13, 12, 90]",[36],"{""best_k"": 2, ""best_score"": 0.6014372706413269, ""selected_cluster"": 0, ""cluster_scores"": {""0"": 5.906331539154053, ""1"": -1.0}, ""num_trusted"": 7, ""fallback_used"": false}"
233,apra,apra_trust_weighted_clip,"[1, 98, 80, 37, 13, 12, 90]",[],"{""base_clip"": 1.0, ""trust_weights"": {""1"": 0.1666666716337204, ""98"": 0.1666666716337204, ""80"": 0.1666666716337204, ""37"": 0.1666666716337204, ""13"": 0.0, ""12"": 0.1666666716337204, ""90"": 0.1666666716337204}, ""num_aggregated"": 7}"
234,apra,apra_mad_filter,"[3, 87, 74, 46, 79, 16, 83, 89, 23]",[82],"{""median_norm"": 0.6553788820463659, ""mad"": 0.0501795587322128, ""k"": 2.0, ""num_accepted"": 9, ""safety_keep_used"": false, ""fallback_used"": false}"
234,apra,apra_hierarchical_cluster,"[3, 87, 74, 79, 16, 83, 89, 23]",[46],"{""best_k"": 2, ""best_score"": 0.6957663297653198, ""selected_cluster"": 0, ""cluster_scores"": {""0"": 2.0558743476867676, ""1"": -1.0}, ""num_trusted"": 8, ""fallback_used"": false}"
234,apra,apra_trust_weighted_clip,"[3, 87, 74, 79, 16, 83, 89, 23]",[],"{""base_clip"": 1.0, ""trust_weights"": {""3"": 0.0, ""87"": 0.20000000298023224, ""74"": 0.20000000298023224, ""79"": 0.20000000298023224, ""16"": 0.20000000298023224, ""83"": 0.20000000298023224, ""89"": 0.0, ""23"": 0.0}, ""num_aggregated"": 8}"
235,apra,apra_mad_filter,"[4, 39, 34, 6, 32, 9, 14, 70, 20]",[54],"{""median_norm"": 0.5644537492807703, ""mad"": 0.07156117099352899, ""k"": 2.0, ""num_accepted"": 9, ""safety_keep_used"": false, ""fallback_used"": false}"
235,apra,apra_hierarchical_cluster,"[39, 34, 6, 32, 9, 14, 70, 20]",[4],"{""best_k"": 2, ""best_score"": 0.64634770154953, ""selected_cluster"": 0, ""cluster_scores"": {""0"": 4.105100154876709, ""1"": -1.0}, ""num_trusted"": 8, ""fallback_used"": false}"
235,apra,apra_trust_weighted_clip,"[39, 34, 6, 32, 9, 14, 70, 20]",[],"{""base_clip"": 1.0, ""trust_weights"": {""39"": 0.118251733481884, ""34"": 0.22043706476688385, ""6"": 0.22043706476688385, ""32"": 0.0, ""9"": 0.22043706476688385, ""14"": 0.22043706476688385, ""70"": 0.0, ""20"": 0.0}, ""num_aggregated"": 8}"
236,apra,apra_mad_filter,"[4, 60, 77, 13, 34, 56, 46, 76, 45, 11]",[],"{""median_norm"": 0.6058476906972161, ""mad"": 0.09088864645827599, ""k"": 2.0, ""num_accepted"": 10, ""safety_keep_used"": false, ""fallback_used"": false}"
236,apra,apra_hierarchical_cluster,"[4, 60, 77, 13, 34, 56, 76, 45, 11]",[46],"{""best_k"": 2, ""best_score"": 0.5150468945503235, ""selected_cluster"": 0, ""cluster_scores"": {""0"": 0.666111946105957, ""1"": -1.0}, ""num_trusted"": 9, ""fallback_used"": false}"
236,apra,apra_trust_weighted_clip,"[4, 60, 77, 13, 34, 56, 76, 45, 11]",[],"{""base_clip"": 1.0, ""trust_weights"": {""4"": 0.23680557310581207, ""60"": 0.0, ""77"": 0.0, ""13"": 0.23680557310581207, ""34"": 0.05277770012617111, ""56"": 0.0, ""76"": 0.23680557310581207, ""45"": 0.0, ""11"": 0.23680557310581207}, ""num_aggregated"": 9}"
237,apra,apra_mad_filter,"[1, 4, 25, 30, 73, 96, 8, 48, 78, 50]",[],"{""median_norm"": 0.5877277782598594, ""mad"": 0.0878819525946005, ""k"": 2.0, ""num_accepted"": 10, ""safety_keep_used"": false, ""fallback_used"": false}"
237,apra,apra_hierarchical_cluster,"[1, 4, 25, 30, 73, 96, 8, 78, 50]",[48],"{""best_k"": 2, ""best_score"": 0.6853615045547485, ""selected_cluster"": 0, ""cluster_scores"": {""0"": 4.021787643432617, ""1"": -1.0}, ""num_trusted"": 9, ""fallback_used"": false}"
237,apra,apra_trust_weighted_clip,"[1, 4, 25, 30, 73, 96, 8, 78, 50]",[],"{""base_clip"": 1.0, ""trust_weights"": {""1"": 0.125, ""4"": 0.125, ""25"": 0.125, ""30"": 0.125, ""73"": 0.125, ""96"": 0.125, ""8"": 0.0, ""78"": 0.125, ""50"": 0.125}, ""num_aggregated"": 9}"
238,apra,apra_mad_filter,"[3, 56, 83, 75, 33, 20, 28, 74]","[88, 38]","{""median_norm"": 0.5053242507175377, ""mad"": 0.03273447853871542, ""k"": 2.0, ""num_accepted"": 8, ""safety_keep_used"": false, ""fallback_used"": false}"
238,apra,apra_hierarchical_cluster,"[3, 56, 83, 75, 33, 28, 74]",[20],"{""best_k"": 2, ""best_score"": 0.4628896117210388, ""selected_cluster"": 0, ""cluster_scores"": {""0"": 5.668534278869629, ""1"": -1.0}, ""num_trusted"": 7, ""fallback_used"": false}"
238,apra,apra_trust_weighted_clip,"[3, 56, 83, 75, 33, 28, 74]",[],"{""base_clip"": 1.0, ""trust_weights"": {""3"": 0.0, ""56"": 0.0, ""83"": 0.20000000298023224, ""75"": 0.20000000298023224, ""33"": 0.20000000298023224, ""28"": 0.20000000298023224, ""74"": 0.20000000298023224}, ""num_aggregated"": 7}"
239,apra,apra_mad_filter,"[1, 72, 87, 27, 93, 62, 96, 37, 21]",[46],"{""median_norm"": 0.5215778114780885, ""mad"": 0.04644127067446899, ""k"": 2.0, ""num_accepted"": 9, ""safety_keep_used"": false, ""fallback_used"": false}"
239,apra,apra_hierarchical_cluster,"[1, 72, 87, 27, 93, 62, 37]","[96, 21]","{""best_k"": 2, ""best_score"": 0.5001037120819092, ""selected_cluster"": 1, ""cluster_scores"": {""0"": 1.322721004486084, ""1"": 4.102104187011719}, ""num_trusted"": 7, ""fallback_used"": false}"
239,apra,apra_trust_weighted_clip,"[1, 72, 87, 27, 93, 62, 37]",[],"{""base_clip"": 1.0, ""trust_weights"": {""1"": 0.1666666716337204, ""72"": 0.1666666716337204, ""87"": 0.1666666716337204, ""27"": 0.1666666716337204, ""93"": 0.1666666716337204, ""62"": 0.1666666716337204, ""37"": 0.0}, ""num_aggregated"": 7}"
240,apra,apra_mad_filter,"[4, 65, 39, 50, 32, 61, 62, 40]","[93, 31]","{""median_norm"": 0.5374360544468073, ""mad"": 0.03821471327004944, ""k"": 2.0, ""num_accepted"": 8, ""safety_keep_used"": false, ""fallback_used"": false}"
240,apra,apra_hierarchical_cluster,"[4, 65, 39, 50, 61, 62, 40]",[32],"{""best_k"": 2, ""best_score"": 0.5728721618652344, ""selected_cluster"": 0, ""cluster_scores"": {""0"": 2.3398683071136475, ""1"": -1.0}, ""num_trusted"": 7, ""fallback_used"": false}"
240,apra,apra_trust_weighted_clip,"[4, 65, 39, 50, 61, 62, 40]",[],"{""base_clip"": 1.0, ""trust_weights"": {""4"": 0.0, ""65"": 0.2048133760690689, ""39"": 0.2048133760690689, ""50"": 0.1202310249209404, ""61"": 0.06051547825336456, ""62"": 0.2048133760690689, ""40"": 0.2048133760690689}, ""num_aggregated"": 7}"
241,apra,apra_mad_filter,"[4, 81, 42, 7, 95, 32, 1, 94, 23, 58]",[],"{""median_norm"": 0.5954414651238384, ""mad"": 0.07805044101511005, ""k"": 2.0, ""num_accepted"": 10, ""safety_keep_used"": false, ""fallback_used"": false}"
241,apra,apra_hierarchical_cluster,"[4, 81, 42, 7, 32, 1, 94, 23, 58]",[95],"{""best_k"": 2, ""best_score"": 0.6339086890220642, ""selected_cluster"": 0, ""cluster_scores"": {""0"": 3.9432754516601562, ""1"": -1.0}, ""num_trusted"": 9, ""fallback_used"": false}"
241,apra,apra_trust_weighted_clip,"[4, 81, 42, 7, 32, 1, 94, 23, 58]",[],"{""base_clip"": 1.0, ""trust_weights"": {""4"": 0.13985469937324524, ""81"": 0.13985469937324524, ""42"": 0.0, ""7"": 0.1009054183959961, ""32"": 0.05996636673808098, ""1"": 0.13985469937324524, ""94"": 0.13985469937324524, ""23"": 0.13985469937324524, ""58"": 0.13985469937324524}, ""num_aggregated"": 9}"
242,apra,apra_mad_filter,"[3, 18, 11, 59, 74, 27, 10, 52, 21]",[88],"{""median_norm"": 0.570955299475316, ""mad"": 0.0671391422813554, ""k"": 2.0, ""num_accepted"": 9, ""safety_keep_used"": false, ""fallback_used"": false}"
242,apra,apra_hierarchical_cluster,"[3, 18, 11, 59, 74, 27, 52, 21]",[10],"{""best_k"": 2, ""best_score"": 0.5968997478485107, ""selected_cluster"": 0, ""cluster_scores"": {""0"": 5.362115383148193, ""1"": -1.0}, ""num_trusted"": 8, ""fallback_used"": false}"
242,apra,apra_trust_weighted_clip,"[3, 18, 11, 59, 74, 27, 52, 21]",[],"{""base_clip"": 1.0, ""trust_weights"": {""3"": 0.17114299535751343, ""18"": 0.17114299535751343, ""11"": 0.17114299535751343, ""59"": 0.0, ""74"": 0.17114299535751343, ""27"": 0.0, ""52"": 0.17114299535751343, ""21"": 0.14428508281707764}, ""num_aggregated"": 8}"
243,apra,apra_mad_filter,"[2, 6, 46, 21, 55, 57, 80, 78]","[43, 26]","{""median_norm"": 0.4636941814554011, ""mad"": 0.04221329234545268, ""k"": 2.0, ""num_accepted"": 8, ""safety_keep_used"": false, ""fallback_used"": false}"
243,apra,apra_hierarchical_cluster,"[46, 21]","[2, 6, 55, 57, 80, 78]","{""best_k"": 3, ""best_score"": 0.46027708053588867, ""selected_cluster"": 0, ""cluster_scores"": {""0"": 1.9549570083618164, ""1"": 1.9158238172531128, ""2"": -1.0}, ""num_trusted"": 2, ""fallback_used"": false}"
243,apra,apra_trust_weighted_clip,"[46, 21]",[],"{""base_clip"": 1.0, ""trust_weights"": {""46"": 0.5, ""21"": 0.5}, ""num_aggregated"": 2}"
244,apra,apra_mad_filter,"[1, 36, 84, 82, 40, 87, 66, 32, 89]",[90],"{""median_norm"": 0.5813399637614028, ""mad"": 0.024347560033387117, ""k"": 2.0, ""num_accepted"": 9, ""safety_keep_used"": false, ""fallback_used"": false}"
244,apra,apra_hierarchical_cluster,"[1, 84, 40, 87, 66, 89]","[36, 82, 32]","{""best_k"": 3, ""best_score"": 0.4320997893810272, ""selected_cluster"": 0, ""cluster_scores"": {""0"": 1.7826497554779053, ""1"": 1.6297789812088013, ""2"": -1.0}, ""num_trusted"": 6, ""fallback_used"": false}"
244,apra,apra_trust_weighted_clip,"[1, 84, 40, 87, 66, 89]",[],"{""base_clip"": 1.0, ""trust_weights"": {""1"": 0.11495234072208405, ""84"": 0.2212619036436081, ""40"": 0.0, ""87"": 0.2212619036436081, ""66"": 0.2212619036436081, ""89"": 0.2212619036436081}, ""num_aggregated"": 6}"
245,apra,apra_mad_filter,"[3, 51, 72, 92, 60, 98, 91, 63, 76]",[19],"{""median_norm"": 0.4823929374956989, ""mad"": 0.05768008042536857, ""k"": 2.0, ""num_accepted"": 9, ""safety_keep_used"": false, ""fallback_used"": false}"
245,apra,apra_hierarchical_cluster,"[3, 72, 92, 60, 98, 91, 63, 76]",[51],"{""best_k"": 2, ""best_score"": 0.7474415302276611, ""selected_cluster"": 0, ""cluster_scores"": {""0"": 4.612459659576416, ""1"": -1.0}, ""num_trusted"": 8, ""fallback_used"": false}"
245,apra,apra_trust_weighted_clip,"[3, 72, 92, 60, 98, 91, 63, 76]",[],"{""base_clip"": 1.0, ""trust_weights"": {""3"": 0.1666666716337204, ""72"": 0.0, ""92"": 0.1666666716337204, ""60"": 0.0, ""98"": 0.1666666716337204, ""91"": 0.1666666716337204, ""63"": 0.1666666716337204, ""76"": 0.1666666716337204}, ""num_aggregated"": 8}"
246,apra,apra_mad_filter,"[1, 94, 66, 86, 68, 35, 77, 11, 22]",[73],"{""median_norm"": 0.5485800915698418, ""mad"": 0.04172043532186587, ""k"": 2.0, ""num_accepted"": 9, ""safety_keep_used"": false, ""fallback_used"": false}"
246,apra,apra_hierarchical_cluster,"[1, 94, 86, 35, 77, 22]","[66, 68, 11]","{""best_k"": 3, ""best_score"": 0.482858806848526, ""selected_cluster"": 0, ""cluster_scores"": {""0"": 5.116534233093262, ""1"": -1.0, ""2"": 1.2876896858215332}, ""num_trusted"": 6, ""fallback_used"": false}"
246,apra,apra_trust_weighted_clip,"[1, 94, 86, 35, 77, 22]",[],"{""base_clip"": 1.0, ""trust_weights"": {""1"": 0.20000000298023224, ""94"": 0.20000000298023224, ""86"": 0.0, ""35"": 0.20000000298023224, ""77"": 0.20000000298023224, ""22"": 0.20000000298023224}, ""num_aggregated"": 6}"
247,apra,apra_mad_filter,"[4, 56, 57, 22, 65, 63, 62, 33, 64, 69]",[],"{""median_norm"": 0.4828811516725497, ""mad"": 0.06481211691776062, ""k"": 2.0, ""num_accepted"": 10, ""safety_keep_used"": false, ""fallback_used"": false}"
247,apra,apra_hierarchical_cluster,"[4, 56, 57, 22, 65, 63, 62, 33, 64]",[69],"{""best_k"": 2, ""best_score"": 0.5777310132980347, ""selected_cluster"": 0, ""cluster_scores"": {""0"": 2.193794012069702, ""1"": -1.0}, ""num_trusted"": 9, ""fallback_used"": false}"
247,apra,apra_trust_weighted_clip,"[4, 56, 57, 22, 65, 63, 62, 33, 64]",[],"{""base_clip"": 1.0, ""trust_weights"": {""4"": 0.19913053512573242, ""56"": 0.0, ""57"": 0.0, ""22"": 0.19913053512573242, ""65"": 0.19913053512573242, ""63"": 0.09070725739002228, ""62"": 0.19913053512573242, ""33"": 0.11277064681053162, ""64"": 0.0}, ""num_aggregated"": 9}"
248,apra,apra_mad_filter,"[3, 79, 11, 38, 2, 57, 49, 91, 22]",[7],"{""median_norm"": 0.47677525115494074, ""mad"": 0.04617897290601081, ""k"": 2.0, ""num_accepted"": 9, ""safety_keep_used"": false, ""fallback_used"": false}"
248,apra,apra_hierarchical_cluster,"[3, 79, 11, 38, 57, 49, 91, 22]",[2],"{""best_k"": 2, ""best_score"": 0.4188440144062042, ""selected_cluster"": 0, ""cluster_scores"": {""0"": 0.5623182058334351, ""1"": -1.0}, ""num_trusted"": 8, ""fallback_used"": false}"
248,apra,apra_trust_weighted_clip,"[3, 79, 11, 38, 57, 49, 91, 22]",[],"{""base_clip"": 1.0, ""trust_weights"": {""3"": 0.16469894349575043, ""79"": 0.0, ""11"": 0.16469894349575043, ""38"": 0.13839934766292572, ""57"": 0.16469894349575043, ""49"": 0.13839934766292572, ""91"": 0.06440550833940506, ""22"": 0.16469894349575043}, ""num_aggregated"": 8}"
249,apra,apra_mad_filter,"[4, 49, 80, 41, 24, 96, 37, 13, 63, 29]",[],"{""median_norm"": 0.6255081943660447, ""mad"": 0.10952945248477558, ""k"": 2.0, ""num_accepted"": 10, ""safety_keep_used"": false, ""fallback_used"": false}"
249,apra,apra_hierarchical_cluster,"[4, 80, 37, 13, 63, 29]","[49, 41, 24, 96]","{""best_k"": 3, ""best_score"": 0.5152082443237305, ""selected_cluster"": 0, ""cluster_scores"": {""0"": 3.614393949508667, ""1"": 1.90671706199646, ""2"": 1.8529152870178223}, ""num_trusted"": 6, ""fallback_used"": false}"
249,apra,apra_trust_weighted_clip,"[4, 80, 37, 13, 63, 29]",[],"{""base_clip"": 1.0, ""trust_weights"": {""4"": 0.20125967264175415, ""80"": 0.20125967264175415, ""37"": 0.20125967264175415, ""13"": 0.0, ""63"": 0.1949613243341446, ""29"": 0.20125967264175415}, ""num_aggregated"": 6}"
250,apra,apra_mad_filter,"[0, 86, 66, 7, 19, 3, 37, 34, 10, 91]",[],"{""median_norm"": 0.5690184780406471, ""mad"": 0.09785892038733293, ""k"": 2.0, ""num_accepted"": 10, ""safety_keep_used"": false, ""fallback_used"": false}"
250,apra,apra_hierarchical_cluster,"[86, 66, 7, 19, 3, 37, 34, 10, 91]",[0],"{""best_k"": 2, ""best_score"": 0.547460675239563, ""selected_cluster"": 0, ""cluster_scores"": {""0"": 2.7903332710266113, ""1"": -1.0}, ""num_trusted"": 9, ""fallback_used"": false}"
250,apra,apra_trust_weighted_clip,"[86, 66, 7, 19, 3, 37, 34, 10, 91]",[],"{""base_clip"": 1.0, ""trust_weights"": {""86"": 0.15116001665592194, ""66"": 0.046519968658685684, ""7"": 0.15116001665592194, ""19"": 0.0, ""3"": 0.15116001665592194, ""37"": 0.15116001665592194, ""34"": 0.15116001665592194, ""10"": 0.046519968658685684, ""91"": 0.15116001665592194}, ""num_aggregated"": 9}"
251,apra,apra_mad_filter,"[0, 59, 14, 73, 9, 18, 77, 36, 32, 89]",[],"{""median_norm"": 0.5816432800773361, ""mad"": 0.0685212064128895, ""k"": 2.0, ""num_accepted"": 10, ""safety_keep_used"": false, ""fallback_used"": false}"
251,apra,apra_hierarchical_cluster,"[59, 14, 73, 9, 18, 77, 36, 32, 89]",[0],"{""best_k"": 2, ""best_score"": 0.6278601288795471, ""selected_cluster"": 0, ""cluster_scores"": {""0"": 3.0091171264648438, ""1"": -1.0}, ""num_trusted"": 9, ""fallback_used"": false}"
251,apra,apra_trust_weighted_clip,"[59, 14, 73, 9, 18, 77, 36, 32, 89]",[],"{""base_clip"": 1.0, ""trust_weights"": {""59"": 0.1439826488494873, ""14"": 0.1439826488494873, ""73"": 0.1361040621995926, ""9"": 0.1439826488494873, ""18"": 0.1439826488494873, ""77"": 0.1439826488494873, ""36"": 0.0, ""32"": 0.0, ""89"": 0.1439826488494873}, ""num_aggregated"": 9}"
252,apra,apra_mad_filter,"[1, 59, 8, 24, 55, 57, 68, 13, 38]",[47],"{""median_norm"": 0.5781812438497962, ""mad"": 0.10169443203755252, ""k"": 2.0, ""num_accepted"": 9, ""safety_keep_used"": false, ""fallback_used"": false}"
252,apra,apra_hierarchical_cluster,"[1, 59, 24, 55, 57, 68, 13, 38]",[8],"{""best_k"": 2, ""best_score"": 0.5335795879364014, ""selected_cluster"": 0, ""cluster_scores"": {""0"": 3.3189749717712402, ""1"": -1.0}, ""num_trusted"": 8, ""fallback_used"": false}"
252,apra,apra_trust_weighted_clip,"[1, 59, 24, 55, 57, 68, 13, 38]",[],"{""base_clip"": 1.0, ""trust_weights"": {""1"": 0.0, ""59"": 0.0, ""24"": 0.20000000298023224, ""55"": 0.20000000298023224, ""57"": 0.20000000298023224, ""68"": 0.0, ""13"": 0.20000000298023224, ""38"": 0.20000000298023224}, ""num_aggregated"": 8}"
253,apra,apra_mad_filter,"[4, 29, 46, 41, 3, 11, 75, 27]","[51, 48]","{""median_norm"": 0.5735202954470512, ""mad"": 0.04724729992748827, ""k"": 2.0, ""num_accepted"": 8, ""safety_keep_used"": false, ""fallback_used"": false}"
253,apra,apra_hierarchical_cluster,"[29, 46, 3, 11, 75, 27]","[4, 41]","{""best_k"": 2, ""best_score"": 0.438593327999115, ""selected_cluster"": 1, ""cluster_scores"": {""0"": 1.183293342590332, ""1"": 3.4616010189056396}, ""num_trusted"": 6, ""fallback_used"": false}"
253,apra,apra_trust_weighted_clip,"[29, 46, 3, 11, 75, 27]",[],"{""base_clip"": 1.0, ""trust_weights"": {""29"": 0.0, ""46"": 0.0, ""3"": 0.0, ""11"": 0.0, ""75"": 0.5, ""27"": 0.5}, ""num_aggregated"": 6}"
254,apra,apra_mad_filter,"[1, 9, 85, 11, 4, 15, 93, 42, 66, 39]",[],"{""median_norm"": 0.5341448348663336, ""mad"": 0.09074277831401495, ""k"": 2.0, ""num_accepted"": 10, ""safety_keep_used"": false, ""fallback_used"": false}"
254,apra,apra_hierarchical_cluster,"[1, 9, 85, 11, 4, 15, 93, 66, 39]",[42],"{""best_k"": 2, ""best_score"": 0.536827802658081, ""selected_cluster"": 0, ""cluster_scores"": {""0"": 2.287346839904785, ""1"": -1.0}, ""num_trusted"": 9, ""fallback_used"": false}"
254,apra,apra_trust_weighted_clip,"[1, 9, 85, 11, 4, 15, 93, 66, 39]",[],"{""base_clip"": 1.0, ""trust_weights"": {""1"": 0.17058953642845154, ""9"": 0.04026562720537186, ""85"": 0.0, ""11"": 0.17058953642845154, ""4"": 0.0, ""15"": 0.17058953642845154, ""93"": 0.10678662359714508, ""66"": 0.17058953642845154, ""39"": 0.17058953642845154}, ""num_aggregated"": 9}"
255,apra,apra_mad_filter,"[2, 51, 57, 29, 12, 62, 8, 89, 6, 93]",[],"{""median_norm"": 0.5381613919475805, ""mad"": 0.045444868053816034, ""k"": 2.0, ""num_accepted"": 10, ""safety_keep_used"": false, ""fallback_used"": false}"
255,apra,apra_hierarchical_cluster,"[2, 57, 29, 12, 62, 8, 89, 6, 93]",[51],"{""best_k"": 2, ""best_score"": 0.508800745010376, ""selected_cluster"": 0, ""cluster_scores"": {""0"": 0.9532583951950073, ""1"": -1.0}, ""num_trusted"": 9, ""fallback_used"": false}"
255,apra,apra_trust_weighted_clip,"[2, 57, 29, 12, 62, 8, 89, 6, 93]",[],"{""base_clip"": 1.0, ""trust_weights"": {""2"": 0.1307910829782486, ""57"": 0.1307910829782486, ""29"": 0.0, ""12"": 0.1307910829782486, ""62"": 0.08446241915225983, ""8"": 0.1307910829782486, ""89"": 0.1307910829782486, ""6"": 0.1307910829782486, ""93"": 0.1307910829782486}, ""num_aggregated"": 9}"
256,apra,apra_mad_filter,"[0, 86, 89, 60, 36, 73, 25, 58]","[12, 47]","{""median_norm"": 0.5695222763032972, ""mad"": 0.06268444960797304, ""k"": 2.0, ""num_accepted"": 8, ""safety_keep_used"": false, ""fallback_used"": false}"
256,apra,apra_hierarchical_cluster,"[86, 89, 60, 36, 25, 58]","[0, 73]","{""best_k"": 3, ""best_score"": 0.6393044590950012, ""selected_cluster"": 0, ""cluster_scores"": {""0"": 4.556851387023926, ""1"": -1.0, ""2"": -1.0}, ""num_trusted"": 6, ""fallback_used"": false}"
256,apra,apra_trust_weighted_clip,"[86, 89, 60, 36, 25, 58]",[],"{""base_clip"": 1.0, ""trust_weights"": {""86"": 0.2585718035697937, ""89"": 0.2585718035697937, ""60"": 0.17290133237838745, ""36"": 0.05138320103287697, ""25"": 0.2585718035697937, ""58"": 0.0}, ""num_aggregated"": 6}"
257,apra,apra_mad_filter,"[3, 64, 30, 0, 24, 14, 91, 90, 57]",[4],"{""median_norm"": 0.5296165888639329, ""mad"": 0.08791230954868168, ""k"": 2.0, ""num_accepted"": 9, ""safety_keep_used"": false, ""fallback_used"": false}"
257,apra,apra_hierarchical_cluster,"[3, 64, 24, 14, 91, 90, 57]","[30, 0]","{""best_k"": 2, ""best_score"": 0.7303822040557861, ""selected_cluster"": 1, ""cluster_scores"": {""0"": 1.8075981140136719, ""1"": 5.786257266998291}, ""num_trusted"": 7, ""fallback_used"": false}"
257,apra,apra_trust_weighted_clip,"[3, 64, 24, 14, 91, 90, 57]",[],"{""base_clip"": 1.0, ""trust_weights"": {""3"": 0.1666666716337204, ""64"": 0.1666666716337204, ""24"": 0.0, ""14"": 0.1666666716337204, ""91"": 0.1666666716337204, ""90"": 0.1666666716337204, ""57"": 0.1666666716337204}, ""num_aggregated"": 7}"
258,apra,apra_mad_filter,"[1, 59, 28, 31, 77, 62, 82, 85, 6, 11]",[],"{""median_norm"": 0.5700179457765342, ""mad"": 0.12306903229559951, ""k"": 2.0, ""num_accepted"": 10, ""safety_keep_used"": false, ""fallback_used"": false}"
258,apra,apra_hierarchical_cluster,"[1, 59, 28, 77, 62, 82, 85, 6, 11]",[31],"{""best_k"": 2, ""best_score"": 0.6682732701301575, ""selected_cluster"": 0, ""cluster_scores"": {""0"": 3.3026981353759766, ""1"": -1.0}, ""num_trusted"": 9, ""fallback_used"": false}"
258,apra,apra_trust_weighted_clip,"[1, 59, 28, 77, 62, 82, 85, 6, 11]",[],"{""base_clip"": 1.0, ""trust_weights"": {""1"": 0.125, ""59"": 0.125, ""28"": 0.125, ""77"": 0.125, ""62"": 0.0, ""82"": 0.125, ""85"": 0.125, ""6"": 0.125, ""11"": 0.125}, ""num_aggregated"": 9}"
259,apra,apra_mad_filter,"[0, 13, 85, 73, 22, 53, 21, 10, 71]",[38],"{""median_norm"": 0.6077419115984413, ""mad"": 0.04988611790768993, ""k"": 2.0, ""num_accepted"": 9, ""safety_keep_used"": false, ""fallback_used"": false}"
259,apra,apra_hierarchical_cluster,"[13, 85, 73, 22, 53, 21, 10, 71]",[0],"{""best_k"": 2, ""best_score"": 0.5837094783782959, ""selected_cluster"": 0, ""cluster_scores"": {""0"": 1.7193474769592285, ""1"": -1.0}, ""num_trusted"": 8, ""fallback_used"": false}"
259,apra,apra_trust_weighted_clip,"[13, 85, 73, 22, 53, 21, 10, 71]",[],"{""base_clip"": 1.0, ""trust_weights"": {""13"": 0.1428571492433548, ""85"": 0.1428571492433548, ""73"": 0.0, ""22"": 0.1428571492433548, ""53"": 0.1428571492433548, ""21"": 0.1428571492433548, ""10"": 0.1428571492433548, ""71"": 0.1428571492433548}, ""num_aggregated"": 8}"
260,apra,apra_mad_filter,"[4, 21, 93, 87, 34, 1, 0, 10, 27]",[54],"{""median_norm"": 0.5243853849819382, ""mad"": 0.08584519176202293, ""k"": 2.0, ""num_accepted"": 9, ""safety_keep_used"": false, ""fallback_used"": false}"
260,apra,apra_hierarchical_cluster,"[4, 21, 93, 87, 34, 1, 27]","[0, 10]","{""best_k"": 3, ""best_score"": 0.5716516971588135, ""selected_cluster"": 0, ""cluster_scores"": {""0"": 5.53529167175293, ""1"": -1.0, ""2"": -1.0}, ""num_trusted"": 7, ""fallback_used"": false}"
260,apra,apra_trust_weighted_clip,"[4, 21, 93, 87, 34, 1, 27]",[],"{""base_clip"": 1.0, ""trust_weights"": {""4"": 0.0, ""21"": 0.18064585328102112, ""93"": 0.18064585328102112, ""87"": 0.18064585328102112, ""34"": 0.09677080065011978, ""1"": 0.18064585328102112, ""27"": 0.18064585328102112}, ""num_aggregated"": 7}"
261,apra,apra_mad_filter,"[4, 49, 43, 35, 89, 76, 55, 52, 7, 22]",[],"{""median_norm"": 0.6676266078477753, ""mad"": 0.09560289540434735, ""k"": 2.0, ""num_accepted"": 10, ""safety_keep_used"": false, ""fallback_used"": false}"
261,apra,apra_hierarchical_cluster,"[4, 49, 43, 35, 89, 76, 52, 7, 22]",[55],"{""best_k"": 2, ""best_score"": 0.5541856288909912, ""selected_cluster"": 0, ""cluster_scores"": {""0"": 1.480799674987793, ""1"": -1.0}, ""num_trusted"": 9, ""fallback_used"": false}"
261,apra,apra_trust_weighted_clip,"[4, 49, 43, 35, 89, 76, 52, 7, 22]",[],"{""base_clip"": 1.0, ""trust_weights"": {""4"": 0.1428571492433548, ""49"": 0.1428571492433548, ""43"": 0.1428571492433548, ""35"": 0.1428571492433548, ""89"": 0.0, ""76"": 0.1428571492433548, ""52"": 0.1428571492433548, ""7"": 0.0, ""22"": 0.1428571492433548}, ""num_aggregated"": 9}"
262,apra,apra_mad_filter,"[2, 11, 35, 44, 70, 93, 6, 36, 61]",[32],"{""median_norm"": 0.5488750425415883, ""mad"": 0.0622273816417, ""k"": 2.0, ""num_accepted"": 9, ""safety_keep_used"": false, ""fallback_used"": false}"
262,apra,apra_hierarchical_cluster,"[2, 70]","[11, 35, 44, 93, 6, 36, 61]","{""best_k"": 3, ""best_score"": 0.4275430142879486, ""selected_cluster"": 1, ""cluster_scores"": {""0"": 1.8820805549621582, ""1"": 1.9062819480895996, ""2"": -1.0}, ""num_trusted"": 2, ""fallback_used"": false}"
262,apra,apra_trust_weighted_clip,"[2, 70]",[],"{""base_clip"": 1.0, ""trust_weights"": {""2"": 0.5, ""70"": 0.5}, ""num_aggregated"": 2}"
263,apra,apra_mad_filter,"[0, 9, 72, 92, 4, 5, 39, 44, 7, 11]",[],"{""median_norm"": 0.6013135415894266, ""mad"": 0.0975985173604641, ""k"": 2.0, ""num_accepted"": 10, ""safety_keep_used"": false, ""fallback_used"": false}"
263,apra,apra_hierarchical_cluster,"[0, 9, 72, 92, 4, 39, 44, 7, 11]",[5],"{""best_k"": 2, ""best_score"": 0.6662748456001282, ""selected_cluster"": 0, ""cluster_scores"": {""0"": 3.9346745014190674, ""1"": -1.0}, ""num_trusted"": 9, ""fallback_used"": false}"
263,apra,apra_trust_weighted_clip,"[0, 9, 72, 92, 4, 39, 44, 7, 11]",[],"{""base_clip"": 1.0, ""trust_weights"": {""0"": 0.0, ""9"": 0.1428571492433548, ""72"": 0.1428571492433548, ""92"": 0.1428571492433548, ""4"": 0.1428571492433548, ""39"": 0.1428571492433548, ""44"": 0.0, ""7"": 0.1428571492433548, ""11"": 0.1428571492433548}, ""num_aggregated"": 9}"
264,apra,apra_mad_filter,"[2, 96, 32, 9, 91, 15, 74, 42, 79, 81]",[],"{""median_norm"": 0.5723071405350217, ""mad"": 0.06486684861028111, ""k"": 2.0, ""num_accepted"": 10, ""safety_keep_used"": false, ""fallback_used"": false}"
264,apra,apra_hierarchical_cluster,"[2, 32, 9, 91, 15, 74, 42, 79, 81]",[96],"{""best_k"": 2, ""best_score"": 0.6355454325675964, ""selected_cluster"": 0, ""cluster_scores"": {""0"": 3.0961825847625732, ""1"": -1.0}, ""num_trusted"": 9, ""fallback_used"": false}"
264,apra,apra_trust_weighted_clip,"[2, 32, 9, 91, 15, 74, 42, 79, 81]",[],"{""base_clip"": 1.0, ""trust_weights"": {""2"": 0.11133301258087158, ""32"": 0.0, ""9"": 0.13524404168128967, ""91"": 0.13524404168128967, ""15"": 0.10111375898122787, ""74"": 0.13524404168128967, ""42"": 0.11133301258087158, ""79"": 0.13524404168128967, ""81"": 0.13524404168128967}, ""num_aggregated"": 9}"
265,apra,apra_mad_filter,"[3, 8, 20, 62, 52, 77, 25, 90, 36, 97]",[],"{""median_norm"": 0.5915826785004721, ""mad"": 0.086506452139715, ""k"": 2.0, ""num_accepted"": 10, ""safety_keep_used"": false, ""fallback_used"": false}"
265,apra,apra_hierarchical_cluster,"[3, 8, 20, 62, 52, 77, 25, 90, 36]",[97],"{""best_k"": 2, ""best_score"": 0.5096041560173035, ""selected_cluster"": 0, ""cluster_scores"": {""0"": 1.6726610660552979, ""1"": -1.0}, ""num_trusted"": 9, ""fallback_used"": false}"
265,apra,apra_trust_weighted_clip,"[3, 8, 20, 62, 52, 77, 25, 90, 36]",[],"{""base_clip"": 1.0, ""trust_weights"": {""3"": 0.1428571492433548, ""8"": 0.0, ""20"": 0.0, ""62"": 0.1428571492433548, ""52"": 0.1428571492433548, ""77"": 0.1428571492433548, ""25"": 0.1428571492433548, ""90"": 0.1428571492433548, ""36"": 0.1428571492433548}, ""num_aggregated"": 9}"
266,apra,apra_mad_filter,"[3, 63, 7, 42, 33, 65, 43]","[78, 56, 54]","{""median_norm"": 0.6067101021319192, ""mad"": 0.024947900766665587, ""k"": 2.0, ""num_accepted"": 7, ""safety_keep_used"": false, ""fallback_used"": false}"
266,apra,apra_hierarchical_cluster,"[3, 63, 7, 33, 65, 43]",[42],"{""best_k"": 2, ""best_score"": 0.5837448835372925, ""selected_cluster"": 0, ""cluster_scores"": {""0"": 4.351105213165283, ""1"": -1.0}, ""num_trusted"": 6, ""fallback_used"": false}"
266,apra,apra_trust_weighted_clip,"[3, 63, 7, 33, 65, 43]",[],"{""base_clip"": 1.0, ""trust_weights"": {""3"": 0.22522903978824615, ""63"": 0.22522903978824615, ""7"": 0.22522903978824615, ""33"": 0.09908384829759598, ""65"": 0.0, ""43"": 0.22522903978824615}, ""num_aggregated"": 6}"
267,apra,apra_mad_filter,"[3, 20, 41, 61, 45, 1, 35, 22, 23, 40]",[],"{""median_norm"": 0.4697308935773301, ""mad"": 0.06515331505073468, ""k"": 2.0, ""num_accepted"": 10, ""safety_keep_used"": false, ""fallback_used"": false}"
267,apra,apra_hierarchical_cluster,"[3, 20, 61, 45, 1, 35, 22, 23, 40]",[41],"{""best_k"": 2, ""best_score"": 0.541917622089386, ""selected_cluster"": 0, ""cluster_scores"": {""0"": 1.1931939125061035, ""1"": -1.0}, ""num_trusted"": 9, ""fallback_used"": false}"
267,apra,apra_trust_weighted_clip,"[3, 20, 61, 45, 1, 35, 22, 23, 40]",[],"{""base_clip"": 1.0, ""trust_weights"": {""3"": 0.1364474892616272, ""20"": 0.1364474892616272, ""61"": 0.1364474892616272, ""45"": 0.0, ""1"": 0.04486757144331932, ""35"": 0.1364474892616272, ""22"": 0.1364474892616272, ""23"": 0.1364474892616272, ""40"": 0.1364474892616272}, ""num_aggregated"": 9}"
268,apra,apra_mad_filter,"[3, 34, 97, 8, 50, 76, 85, 96, 89, 65]",[],"{""median_norm"": 0.5215316592656674, ""mad"": 0.0894063194687729, ""k"": 2.0, ""num_accepted"": 10, ""safety_keep_used"": false, ""fallback_used"": false}"
268,apra,apra_hierarchical_cluster,"[3, 34, 8, 50, 76, 85, 96, 89, 65]",[97],"{""best_k"": 2, ""best_score"": 0.5578932166099548, ""selected_cluster"": 0, ""cluster_scores"": {""0"": 2.3176190853118896, ""1"": -1.0}, ""num_trusted"": 9, ""fallback_used"": false}"
268,apra,apra_trust_weighted_clip,"[3, 34, 8, 50, 76, 85, 96, 89, 65]",[],"{""base_clip"": 1.0, ""trust_weights"": {""3"": 0.14954137802124023, ""34"": 0.1027517095208168, ""8"": 0.0, ""50"": 0.14954137802124023, ""76"": 0.14954137802124023, ""85"": 0.0, ""96"": 0.14954137802124023, ""89"": 0.14954137802124023, ""65"": 0.14954137802124023}, ""num_aggregated"": 9}"
269,apra,apra_mad_filter,"[3, 97, 15, 94, 98, 63, 44, 34, 14, 95]",[],"{""median_norm"": 0.5351056792406239, ""mad"": 0.07311536918423156, ""k"": 2.0, ""num_accepted"": 10, ""safety_keep_used"": false, ""fallback_used"": false}"
269,apra,apra_hierarchical_cluster,"[3, 97, 15, 94, 98, 63, 44, 34, 14]",[95],"{""best_k"": 2, ""best_score"": 0.5742713212966919, ""selected_cluster"": 0, ""cluster_scores"": {""0"": 1.7793567180633545, ""1"": -1.0}, ""num_trusted"": 9, ""fallback_used"": false}"
269,apra,apra_trust_weighted_clip,"[3, 97, 15, 94, 98, 63, 44, 34, 14]",[],"{""base_clip"": 1.0, ""trust_weights"": {""3"": 0.15788255631923676, ""97"": 0.0, ""15"": 0.15788255631923676, ""94"": 0.15788255631923676, ""98"": 0.15788255631923676, ""63"": 0.15788255631923676, ""44"": 0.021727802231907845, ""34"": 0.15788255631923676, ""14"": 0.03097681514918804}, ""num_aggregated"": 9}"
270,apra,apra_mad_filter,"[21, 64, 14, 15, 39, 13, 49, 8]","[4, 72]","{""median_norm"": 0.45750463030063404, ""mad"": 0.05192063216941714, ""k"": 2.0, ""num_accepted"": 8, ""safety_keep_used"": false, ""fallback_used"": false}"
270,apra,apra_hierarchical_cluster,"[21, 64, 14, 15, 39, 13, 8]",[49],"{""best_k"": 2, ""best_score"": 0.4716734290122986, ""selected_cluster"": 0, ""cluster_scores"": {""0"": 2.68882417678833, ""1"": -1.0}, ""num_trusted"": 7, ""fallback_used"": false}"
270,apra,apra_trust_weighted_clip,"[21, 64, 14, 15, 39, 13, 8]",[],"{""base_clip"": 1.0, ""trust_weights"": {""21"": 0.25, ""64"": 0.25, ""14"": 0.25, ""15"": 0.0, ""39"": 0.25, ""13"": 0.0, ""8"": 0.0}, ""num_aggregated"": 7}"
271,apra,apra_mad_filter,"[2, 72, 3, 10, 64, 86, 43, 46, 63]",[73],"{""median_norm"": 0.5385605737046864, ""mad"": 0.04105823519780438, ""k"": 2.0, ""num_accepted"": 9, ""safety_keep_used"": false, ""fallback_used"": false}"
271,apra,apra_hierarchical_cluster,"[2, 72, 3, 64, 86, 43, 46, 63]",[10],"{""best_k"": 2, ""best_score"": 0.7006628513336182, ""selected_cluster"": 0, ""cluster_scores"": {""0"": 5.846435546875, ""1"": -1.0}, ""num_trusted"": 8, ""fallback_used"": false}"
271,apra,apra_trust_weighted_clip,"[2, 72, 3, 64, 86, 43, 46, 63]",[],"{""base_clip"": 1.0, ""trust_weights"": {""2"": 0.0, ""72"": 0.19981569051742554, ""3"": 0.19981569051742554, ""64"": 0.0009215199388563633, ""86"": 0.19981569051742554, ""43"": 0.19981569051742554, ""46"": 0.0, ""63"": 0.19981569051742554}, ""num_aggregated"": 8}"
272,apra,apra_mad_filter,"[0, 72, 22, 52, 63, 95, 71, 49, 42, 6]",[],"{""median_norm"": 0.5757259699500072, ""mad"": 0.10013227025441807, ""k"": 2.0, ""num_accepted"": 10, ""safety_keep_used"": false, ""fallback_used"": false}"
272,apra,apra_hierarchical_cluster,"[72, 22, 52, 63, 71, 49, 42, 6]","[0, 95]","{""best_k"": 3, ""best_score"": 0.611425518989563, ""selected_cluster"": 0, ""cluster_scores"": {""0"": 4.050941467285156, ""1"": -1.0, ""2"": -1.0}, ""num_trusted"": 8, ""fallback_used"": false}"
272,apra,apra_trust_weighted_clip,"[72, 22, 52, 63, 71, 49, 42, 6]",[],"{""base_clip"": 1.0, ""trust_weights"": {""72"": 0.0844661071896553, ""22"": 0.0, ""52"": 0.0, ""63"": 0.385213702917099, ""71"": 0.060640402138233185, ""49"": 0.0, ""42"": 0.0844661071896553, ""6"": 0.385213702917099}, ""num_aggregated"": 8}"
273,apra,apra_mad_filter,"[2, 35, 94, 38, 12, 39, 36, 18, 80]",[96],"{""median_norm"": 0.4514356566922856, ""mad"": 0.028048391614747897, ""k"": 2.0, ""num_accepted"": 9, ""safety_keep_used"": false, ""fallback_used"": false}"
273,apra,apra_hierarchical_cluster,"[2, 35, 94, 38, 12, 39, 18, 80]",[36],"{""best_k"": 2, ""best_score"": 0.607994794845581, ""selected_cluster"": 0, ""cluster_scores"": {""0"": 2.036332368850708, ""1"": -1.0}, ""num_trusted"": 8, ""fallback_used"": false}"
273,apra,apra_trust_weighted_clip,"[2, 35, 94, 38, 12, 39, 18, 80]",[],"{""base_clip"": 1.0, ""trust_weights"": {""2"": 0.07389391213655472, ""35"": 0.0, ""94"": 0.17044243216514587, ""38"": 0.17044243216514587, ""12"": 0.17044243216514587, ""39"": 0.07389391213655472, ""18"": 0.17044243216514587, ""80"": 0.17044243216514587}, ""num_aggregated"": 8}"
274,apra,apra_mad_filter,"[2, 99, 96, 64, 81, 3, 68, 69]","[19, 52]","{""median_norm"": 0.6091148761099012, ""mad"": 0.09229949897384676, ""k"": 2.0, ""num_accepted"": 8, ""safety_keep_used"": false, ""fallback_used"": false}"
274,apra,apra_hierarchical_cluster,"[2, 99, 96, 64, 81, 3, 68]",[69],"{""best_k"": 2, ""best_score"": 0.46245917677879333, ""selected_cluster"": 0, ""cluster_scores"": {""0"": 1.924109697341919, ""1"": -1.0}, ""num_trusted"": 7, ""fallback_used"": false}"
274,apra,apra_trust_weighted_clip,"[2, 99, 96, 64, 81, 3, 68]",[],"{""base_clip"": 1.0, ""trust_weights"": {""2"": 0.20000000298023224, ""99"": 0.0, ""96"": 0.20000000298023224, ""64"": 0.20000000298023224, ""81"": 0.0, ""3"": 0.20000000298023224, ""68"": 0.20000000298023224}, ""num_aggregated"": 7}"
275,apra,apra_mad_filter,"[0, 90, 45, 6, 9, 43, 16, 57, 86]",[30],"{""median_norm"": 0.5490467391675555, ""mad"": 0.07125608690614915, ""k"": 2.0, ""num_accepted"": 9, ""safety_keep_used"": false, ""fallback_used"": false}"
275,apra,apra_hierarchical_cluster,"[90, 45, 6, 9, 43, 16, 57, 86]",[0],"{""best_k"": 2, ""best_score"": 0.8148316740989685, ""selected_cluster"": 0, ""cluster_scores"": {""0"": 7.441102027893066, ""1"": -1.0}, ""num_trusted"": 8, ""fallback_used"": false}"
275,apra,apra_trust_weighted_clip,"[90, 45, 6, 9, 43, 16, 57, 86]",[],"{""base_clip"": 1.0, ""trust_weights"": {""90"": 0.1428571492433548, ""45"": 0.1428571492433548, ""6"": 0.1428571492433548, ""9"": 0.0, ""43"": 0.1428571492433548, ""16"": 0.1428571492433548, ""57"": 0.1428571492433548, ""86"": 0.1428571492433548}, ""num_aggregated"": 8}"
276,apra,apra_mad_filter,"[4, 85, 99, 23, 53, 66, 33, 80, 57]",[54],"{""median_norm"": 0.5666535885515538, ""mad"": 0.056163064139658936, ""k"": 2.0, ""num_accepted"": 9, ""safety_keep_used"": false, ""fallback_used"": false}"
276,apra,apra_hierarchical_cluster,"[4, 53, 33, 80, 57]","[85, 99, 23, 66]","{""best_k"": 3, ""best_score"": 0.5803393125534058, ""selected_cluster"": 0, ""cluster_scores"": {""0"": 4.261457920074463, ""1"": 1.884483814239502, ""2"": 1.8374172449111938}, ""num_trusted"": 5, ""fallback_used"": false}"
276,apra,apra_trust_weighted_clip,"[4, 53, 33, 80, 57]",[],"{""base_clip"": 1.0, ""trust_weights"": {""4"": 0.3333333432674408, ""53"": 0.0, ""33"": 0.3333333432674408, ""80"": 0.3333333432674408, ""57"": 0.0}, ""num_aggregated"": 5}"
277,apra,apra_mad_filter,"[38, 19, 33, 9, 53, 93, 73, 86, 65]",[0],"{""median_norm"": 0.5528560893192891, ""mad"": 0.052573046179988286, ""k"": 2.0, ""num_accepted"": 9, ""safety_keep_used"": false, ""fallback_used"": false}"
277,apra,apra_hierarchical_cluster,"[38, 19, 33, 9, 53, 93, 86, 65]",[73],"{""best_k"": 2, ""best_score"": 0.7104381322860718, ""selected_cluster"": 0, ""cluster_scores"": {""0"": 6.393551826477051, ""1"": -1.0}, ""num_trusted"": 8, ""fallback_used"": false}"
277,apra,apra_trust_weighted_clip,"[38, 19, 33, 9, 53, 93, 86, 65]",[],"{""base_clip"": 1.0, ""trust_weights"": {""38"": 0.1428571492433548, ""19"": 0.0, ""33"": 0.1428571492433548, ""9"": 0.1428571492433548, ""53"": 0.1428571492433548, ""93"": 0.1428571492433548, ""86"": 0.1428571492433548, ""65"": 0.1428571492433548}, ""num_aggregated"": 8}"
278,apra,apra_mad_filter,"[38, 20, 1, 57, 49, 85, 69, 11, 84]",[0],"{""median_norm"": 0.5259295075696624, ""mad"": 0.04180078968830528, ""k"": 2.0, ""num_accepted"": 9, ""safety_keep_used"": false, ""fallback_used"": false}"
278,apra,apra_hierarchical_cluster,"[38, 1, 57, 49, 85, 11, 84]","[20, 69]","{""best_k"": 2, ""best_score"": 0.4470623731613159, ""selected_cluster"": 0, ""cluster_scores"": {""0"": 5.031364440917969, ""1"": 1.1799722909927368}, ""num_trusted"": 7, ""fallback_used"": false}"
278,apra,apra_trust_weighted_clip,"[38, 1, 57, 49, 85, 11, 84]",[],"{""base_clip"": 1.0, ""trust_weights"": {""38"": 0.18203619122505188, ""1"": 0.18203619122505188, ""57"": 0.18203619122505188, ""49"": 0.08981907367706299, ""85"": 0.0, ""11"": 0.18203619122505188, ""84"": 0.18203619122505188}, ""num_aggregated"": 7}"
279,apra,apra_mad_filter,"[0, 6, 55, 69, 10, 34, 29, 61]","[47, 74]","{""median_norm"": 0.5363540235550069, ""mad"": 0.04980449706421522, ""k"": 2.0, ""num_accepted"": 8, ""safety_keep_used"": false, ""fallback_used"": false}"
279,apra,apra_hierarchical_cluster,"[6, 55, 69, 10, 34, 29, 61]",[0],"{""best_k"": 2, ""best_score"": 0.6933237314224243, ""selected_cluster"": 0, ""cluster_scores"": {""0"": 2.3231794834136963, ""1"": -1.0}, ""num_trusted"": 7, ""fallback_used"": false}"
279,apra,apra_trust_weighted_clip,"[6, 55, 69, 10, 34, 29, 61]",[],"{""base_clip"": 1.0, ""trust_weights"": {""6"": 0.2763175070285797, ""55"": 0.0, ""69"": 0.0, ""10"": 0.0, ""34"": 0.2763175070285797, ""29"": 0.2763175070285797, ""61"": 0.17104746401309967}, ""num_aggregated"": 7}"
280,apra,apra_mad_filter,"[1, 86, 29, 77, 96, 84, 51, 53]","[60, 95]","{""median_norm"": 0.4894693449355326, ""mad"": 0.04790255949650274, ""k"": 2.0, ""num_accepted"": 8, ""safety_keep_used"": false, ""fallback_used"": false}"
280,apra,apra_hierarchical_cluster,"[1, 86, 29, 77, 53]","[96, 84, 51]","{""best_k"": 3, ""best_score"": 0.5902818441390991, ""selected_cluster"": 0, ""cluster_scores"": {""0"": 3.8816440105438232, ""1"": 1.8881030082702637, ""2"": -1.0}, ""num_trusted"": 5, ""fallback_used"": false}"
280,apra,apra_trust_weighted_clip,"[1, 86, 29, 77, 53]",[],"{""base_clip"": 1.0, ""trust_weights"": {""1"": 0.25, ""86"": 0.25, ""29"": 0.0, ""77"": 0.25, ""53"": 0.25}, ""num_aggregated"": 5}"
281,apra,apra_mad_filter,"[0, 7, 41, 33, 16, 59, 11, 42, 5]",[88],"{""median_norm"": 0.7312317406692521, ""mad"": 0.089129193031038, ""k"": 2.0, ""num_accepted"": 9, ""safety_keep_used"": false, ""fallback_used"": false}"
281,apra,apra_hierarchical_cluster,"[0, 7, 41, 33, 16, 59, 11, 42]",[5],"{""best_k"": 2, ""best_score"": 0.6854743957519531, ""selected_cluster"": 0, ""cluster_scores"": {""0"": 3.769160509109497, ""1"": -1.0}, ""num_trusted"": 8, ""fallback_used"": false}"
281,apra,apra_trust_weighted_clip,"[0, 7, 41, 33, 16, 59, 11, 42]",[],"{""base_clip"": 1.0, ""trust_weights"": {""0"": 0.0, ""7"": 0.20000000298023224, ""41"": 0.0, ""33"": 0.20000000298023224, ""16"": 0.20000000298023224, ""59"": 0.20000000298023224, ""11"": 0.20000000298023224, ""42"": 0.0}, ""num_aggregated"": 8}"
282,apra,apra_mad_filter,"[56, 2, 11, 89, 59, 45, 97, 15]","[0, 64]","{""median_norm"": 0.5741705422874728, ""mad"": 0.07780179685459801, ""k"": 2.0, ""num_accepted"": 8, ""safety_keep_used"": false, ""fallback_used"": false}"
282,apra,apra_hierarchical_cluster,"[56, 11, 89, 59, 45, 97, 15]",[2],"{""best_k"": 2, ""best_score"": 0.4641067385673523, ""selected_cluster"": 0, ""cluster_scores"": {""0"": 3.1967577934265137, ""1"": -1.0}, ""num_trusted"": 7, ""fallback_used"": false}"
282,apra,apra_trust_weighted_clip,"[56, 11, 89, 59, 45, 97, 15]",[],"{""base_clip"": 1.0, ""trust_weights"": {""56"": 0.0, ""11"": 0.17701493203639984, ""89"": 0.17701493203639984, ""59"": 0.17701493203639984, ""45"": 0.17701493203639984, ""97"": 0.17701493203639984, ""15"": 0.11492537707090378}, ""num_aggregated"": 7}"
283,apra,apra_mad_filter,"[4, 0, 58, 61, 71, 33, 23, 65, 37, 48]",[],"{""median_norm"": 0.526779557480589, ""mad"": 0.0824568288237468, ""k"": 2.0, ""num_accepted"": 10, ""safety_keep_used"": false, ""fallback_used"": false}"
283,apra,apra_hierarchical_cluster,"[4, 0, 58, 61, 71, 33, 23, 65, 37]",[48],"{""best_k"": 2, ""best_score"": 0.6980273127555847, ""selected_cluster"": 0, ""cluster_scores"": {""0"": 4.6129302978515625, ""1"": -1.0}, ""num_trusted"": 9, ""fallback_used"": false}"
283,apra,apra_trust_weighted_clip,"[4, 0, 58, 61, 71, 33, 23, 65, 37]",[],"{""base_clip"": 1.0, ""trust_weights"": {""4"": 0.0, ""0"": 0.0, ""58"": 0.1428571492433548, ""61"": 0.1428571492433548, ""71"": 0.1428571492433548, ""33"": 0.1428571492433548, ""23"": 0.1428571492433548, ""65"": 0.1428571492433548, ""37"": 0.1428571492433548}, ""num_aggregated"": 9}"
284,apra,apra_mad_filter,"[2, 59, 56, 14, 68, 81, 55, 62, 6, 63]",[],"{""median_norm"": 0.5960391506877636, ""mad"": 0.08276434108350983, ""k"": 2.0, ""num_accepted"": 10, ""safety_keep_used"": false, ""fallback_used"": false}"
284,apra,apra_hierarchical_cluster,"[2, 59, 56, 14, 68, 81, 55, 6, 63]",[62],"{""best_k"": 2, ""best_score"": 0.659537136554718, ""selected_cluster"": 0, ""cluster_scores"": {""0"": 1.7019442319869995, ""1"": -1.0}, ""num_trusted"": 9, ""fallback_used"": false}"
284,apra,apra_trust_weighted_clip,"[2, 59, 56, 14, 68, 81, 55, 6, 63]",[],"{""base_clip"": 1.0, ""trust_weights"": {""2"": 0.0, ""59"": 0.0, ""56"": 0.0, ""14"": 0.20000000298023224, ""68"": 0.20000000298023224, ""81"": 0.20000000298023224, ""55"": 0.0, ""6"": 0.20000000298023224, ""63"": 0.20000000298023224}, ""num_aggregated"": 9}"
285,apra,apra_mad_filter,"[1, 89, 12, 78, 93, 21, 23, 98, 30]",[71],"{""median_norm"": 0.4726823881987627, ""mad"": 0.04940035548539423, ""k"": 2.0, ""num_accepted"": 9, ""safety_keep_used"": false, ""fallback_used"": false}"
285,apra,apra_hierarchical_cluster,"[1, 89, 12, 78, 93, 21, 23, 98]",[30],"{""best_k"": 2, ""best_score"": 0.7988320589065552, ""selected_cluster"": 0, ""cluster_scores"": {""0"": 5.839179992675781, ""1"": -1.0}, ""num_trusted"": 8, ""fallback_used"": false}"
285,apra,apra_trust_weighted_clip,"[1, 89, 12, 78, 93, 21, 23, 98]",[],"{""base_clip"": 1.0, ""trust_weights"": {""1"": 0.23759841918945312, ""89"": 0.04960634931921959, ""12"": 0.23759841918945312, ""78"": 0.23759841918945312, ""93"": 0.0, ""21"": 0.0, ""23"": 0.23759841918945312, ""98"": 0.0}, ""num_aggregated"": 8}"
286,apra,apra_mad_filter,"[2, 76, 16, 34, 82, 20, 15]","[27, 1, 47]","{""median_norm"": 0.4921113555799458, ""mad"": 0.01627042748552293, ""k"": 2.0, ""num_accepted"": 7, ""safety_keep_used"": false, ""fallback_used"": false}"
286,apra,apra_hierarchical_cluster,"[2, 76, 16, 34]","[82, 20, 15]","{""best_k"": 3, ""best_score"": 0.49872344732284546, ""selected_cluster"": 1, ""cluster_scores"": {""0"": 1.774026870727539, ""1"": 2.645923137664795, ""2"": -1.0}, ""num_trusted"": 4, ""fallback_used"": false}"
286,apra,apra_trust_weighted_clip,"[2, 76, 16, 34]",[],"{""base_clip"": 1.0, ""trust_weights"": {""2"": 0.0, ""76"": 0.35209164023399353, ""16"": 0.29581671953201294, ""34"": 0.35209164023399353}, ""num_aggregated"": 4}"
287,apra,apra_mad_filter,"[1, 58, 23, 96, 80, 63, 69, 29, 26]",[47],"{""median_norm"": 0.5198783574909256, ""mad"": 0.04106162595007126, ""k"": 2.0, ""num_accepted"": 9, ""safety_keep_used"": false, ""fallback_used"": false}"
287,apra,apra_hierarchical_cluster,"[1, 23, 96, 80, 63, 29, 26]","[58, 69]","{""best_k"": 2, ""best_score"": 0.48209014534950256, ""selected_cluster"": 1, ""cluster_scores"": {""0"": 0.7556067109107971, ""1"": 5.967365741729736}, ""num_trusted"": 7, ""fallback_used"": false}"
287,apra,apra_trust_weighted_clip,"[1, 23, 96, 80, 63, 29, 26]",[],"{""base_clip"": 1.0, ""trust_weights"": {""1"": 0.1666666716337204, ""23"": 0.1666666716337204, ""96"": 0.1666666716337204, ""80"": 0.1666666716337204, ""63"": 0.1666666716337204, ""29"": 0.1666666716337204, ""26"": 0.0}, ""num_aggregated"": 7}"
288,apra,apra_mad_filter,"[3, 60, 36, 89, 68, 87, 74]","[7, 14, 22]","{""median_norm"": 0.49832864390649545, ""mad"": 0.014386615676669323, ""k"": 2.0, ""num_accepted"": 7, ""safety_keep_used"": false, ""fallback_used"": false}"
288,apra,apra_hierarchical_cluster,"[3, 60, 89, 68, 87, 74]",[36],"{""best_k"": 2, ""best_score"": 0.5971068143844604, ""selected_cluster"": 0, ""cluster_scores"": {""0"": 2.0340373516082764, ""1"": -1.0}, ""num_trusted"": 6, ""fallback_used"": false}"
288,apra,apra_trust_weighted_clip,"[3, 60, 89, 68, 87, 74]",[],"{""base_clip"": 1.0, ""trust_weights"": {""3"": 0.24059857428073883, ""60"": 0.0, ""89"": 0.25940144062042236, ""68"": 0.24059857428073883, ""87"": 0.0, ""74"": 0.25940144062042236}, ""num_aggregated"": 6}"
289,apra,apra_mad_filter,"[45, 76, 75, 35, 37, 89, 60, 81, 99]",[0],"{""median_norm"": 0.48928498506322105, ""mad"": 0.052579649651938454, ""k"": 2.0, ""num_accepted"": 9, ""safety_keep_used"": false, ""fallback_used"": false}"
289,apra,apra_hierarchical_cluster,"[45, 76, 75, 35, 37, 89, 60, 81]",[99],"{""best_k"": 2, ""best_score"": 0.6414094567298889, ""selected_cluster"": 0, ""cluster_scores"": {""0"": 5.555728435516357, ""1"": -1.0}, ""num_trusted"": 8, ""fallback_used"": false}"
289,apra,apra_trust_weighted_clip,"[45, 76, 75, 35, 37, 89, 60, 81]",[],"{""base_clip"": 1.0, ""trust_weights"": {""45"": 0.14557352662086487, ""76"": 0.14557352662086487, ""75"": 0.14557352662086487, ""35"": 0.14557352662086487, ""37"": 0.14557352662086487, ""89"": 0.12655887007713318, ""60"": 0.0, ""81"": 0.14557352662086487}, ""num_aggregated"": 8}"
290,apra,apra_mad_filter,"[3, 76, 69, 70, 4, 23]","[95, 12, 86, 22]","{""median_norm"": 0.5294660057202895, ""mad"": 0.02608909315069141, ""k"": 2.0, ""num_accepted"": 6, ""safety_keep_used"": false, ""fallback_used"": false}"
290,apra,apra_hierarchical_cluster,"[3, 76, 70, 4, 23]",[69],"{""best_k"": 2, ""best_score"": 0.4469625651836395, ""selected_cluster"": 0, ""cluster_scores"": {""0"": 2.0721654891967773, ""1"": -1.0}, ""num_trusted"": 5, ""fallback_used"": false}"
290,apra,apra_trust_weighted_clip,"[3, 76, 70, 4, 23]",[],"{""base_clip"": 1.0, ""trust_weights"": {""3"": 0.3333333432674408, ""76"": 0.3333333432674408, ""70"": 0.0, ""4"": 0.0, ""23"": 0.3333333432674408}, ""num_aggregated"": 5}"
291,apra,apra_mad_filter,"[2, 97, 52, 8, 69, 28, 54, 13, 96]",[17],"{""median_norm"": 0.6245695272313214, ""mad"": 0.10576463046955015, ""k"": 2.0, ""num_accepted"": 9, ""safety_keep_used"": false, ""fallback_used"": false}"
291,apra,apra_hierarchical_cluster,"[2, 97, 52, 69, 28, 13, 96]","[8, 54]","{""best_k"": 3, ""best_score"": 0.5017761588096619, ""selected_cluster"": 0, ""cluster_scores"": {""0"": 1.874335527420044, ""1"": -1.0, ""2"": -1.0}, ""num_trusted"": 7, ""fallback_used"": false}"
291,apra,apra_trust_weighted_clip,"[2, 97, 52, 69, 28, 13, 96]",[],"{""base_clip"": 1.0, ""trust_weights"": {""2"": 0.0, ""97"": 0.2567749619483948, ""52"": 0.2432250678539276, ""69"": 0.2567749619483948, ""28"": 0.2432250678539276, ""13"": 0.0, ""96"": 0.0}, ""num_aggregated"": 7}"
292,apra,apra_mad_filter,"[0, 72, 70, 20, 46, 63, 85, 9, 52]",[5],"{""median_norm"": 0.6358381246366192, ""mad"": 0.09151031545893862, ""k"": 2.0, ""num_accepted"": 9, ""safety_keep_used"": false, ""fallback_used"": false}"
292,apra,apra_hierarchical_cluster,"[72, 70, 20, 46, 63, 85, 9, 52]",[0],"{""best_k"": 2, ""best_score"": 0.6172150373458862, ""selected_cluster"": 0, ""cluster_scores"": {""0"": 3.0168910026550293, ""1"": -1.0}, ""num_trusted"": 8, ""fallback_used"": false}"
292,apra,apra_trust_weighted_clip,"[72, 70, 20, 46, 63, 85, 9, 52]",[],"{""base_clip"": 1.0, ""trust_weights"": {""72"": 0.1428571492433548, ""70"": 0.1428571492433548, ""20"": 0.0, ""46"": 0.1428571492433548, ""63"": 0.1428571492433548, ""85"": 0.1428571492433548, ""9"": 0.1428571492433548, ""52"": 0.1428571492433548}, ""num_aggregated"": 8}"
293,apra,apra_mad_filter,"[1, 92, 7, 95, 84, 51, 31, 59, 8, 29]",[],"{""median_norm"": 0.5682015289800542, ""mad"": 0.08498327176423634, ""k"": 2.0, ""num_accepted"": 10, ""safety_keep_used"": false, ""fallback_used"": false}"
293,apra,apra_hierarchical_cluster,"[1, 92, 7, 95, 84, 51, 59, 8, 29]",[31],"{""best_k"": 2, ""best_score"": 0.738763153553009, ""selected_cluster"": 0, ""cluster_scores"": {""0"": 4.992630481719971, ""1"": -1.0}, ""num_trusted"": 9, ""fallback_used"": false}"
293,apra,apra_trust_weighted_clip,"[1, 92, 7, 95, 84, 51, 59, 8, 29]",[],"{""base_clip"": 1.0, ""trust_weights"": {""1"": 0.13207514584064484, ""92"": 0.07547394186258316, ""7"": 0.13207514584064484, ""95"": 0.13207514584064484, ""84"": 0.13207514584064484, ""51"": 0.13207514584064484, ""59"": 0.13207514584064484, ""8"": 0.0, ""29"": 0.13207514584064484}, ""num_aggregated"": 9}"
294,apra,apra_mad_filter,"[2, 44, 80, 46, 14, 16, 51, 57, 49]",[41],"{""median_norm"": 0.49218517613716806, ""mad"": 0.04374018787053896, ""k"": 2.0, ""num_accepted"": 9, ""safety_keep_used"": false, ""fallback_used"": false}"
294,apra,apra_hierarchical_cluster,"[2, 80, 46, 14, 16, 57, 49]","[44, 51]","{""best_k"": 2, ""best_score"": 0.5432409048080444, ""selected_cluster"": 1, ""cluster_scores"": {""0"": 1.8237049579620361, ""1"": 3.8039376735687256}, ""num_trusted"": 7, ""fallback_used"": false}"
294,apra,apra_trust_weighted_clip,"[2, 80, 46, 14, 16, 57, 49]",[],"{""base_clip"": 1.0, ""trust_weights"": {""2"": 0.0, ""80"": 0.1666666716337204, ""46"": 0.1666666716337204, ""14"": 0.1666666716337204, ""16"": 0.1666666716337204, ""57"": 0.1666666716337204, ""49"": 0.1666666716337204}, ""num_aggregated"": 7}"
295,apra,apra_mad_filter,"[0, 56, 91, 53, 20, 74, 52, 70, 51]",[45],"{""median_norm"": 0.4997570888865146, ""mad"": 0.10390758147041748, ""k"": 2.0, ""num_accepted"": 9, ""safety_keep_used"": false, ""fallback_used"": false}"
295,apra,apra_hierarchical_cluster,"[56, 91, 53, 20, 74, 52, 70, 51]",[0],"{""best_k"": 2, ""best_score"": 0.757051944732666, ""selected_cluster"": 0, ""cluster_scores"": {""0"": 3.742476224899292, ""1"": -1.0}, ""num_trusted"": 8, ""fallback_used"": false}"
295,apra,apra_trust_weighted_clip,"[56, 91, 53, 20, 74, 52, 70, 51]",[],"{""base_clip"": 1.0, ""trust_weights"": {""56"": 0.1666666716337204, ""91"": 0.1666666716337204, ""53"": 0.1666666716337204, ""20"": 0.0, ""74"": 0.1666666716337204, ""52"": 0.1666666716337204, ""70"": 0.0, ""51"": 0.1666666716337204}, ""num_aggregated"": 8}"
296,apra,apra_mad_filter,"[1, 50, 7, 32, 49, 66, 63, 25]","[17, 47]","{""median_norm"": 0.5175466705227971, ""mad"": 0.05168807567769246, ""k"": 2.0, ""num_accepted"": 8, ""safety_keep_used"": false, ""fallback_used"": false}"
296,apra,apra_hierarchical_cluster,"[1, 50, 7, 49, 66, 63, 25]",[32],"{""best_k"": 2, ""best_score"": 0.6901105046272278, ""selected_cluster"": 0, ""cluster_scores"": {""0"": 4.292804718017578, ""1"": -1.0}, ""num_trusted"": 7, ""fallback_used"": false}"
296,apra,apra_trust_weighted_clip,"[1, 50, 7, 49, 66, 63, 25]",[],"{""base_clip"": 1.0, ""trust_weights"": {""1"": 0.1666666716337204, ""50"": 0.1666666716337204, ""7"": 0.1666666716337204, ""49"": 0.1666666716337204, ""66"": 0.0, ""63"": 0.1666666716337204, ""25"": 0.1666666716337204}, ""num_aggregated"": 7}"
297,apra,apra_mad_filter,"[1, 8, 80, 19, 23, 42, 36, 6, 71]",[47],"{""median_norm"": 0.5137321869972866, ""mad"": 0.06037041746269439, ""k"": 2.0, ""num_accepted"": 9, ""safety_keep_used"": false, ""fallback_used"": false}"
297,apra,apra_hierarchical_cluster,"[1, 8, 80, 19, 23, 36, 6]","[42, 71]","{""best_k"": 2, ""best_score"": 0.5243383049964905, ""selected_cluster"": 0, ""cluster_scores"": {""0"": 4.083995342254639, ""1"": 1.6235922574996948}, ""num_trusted"": 7, ""fallback_used"": false}"
297,apra,apra_trust_weighted_clip,"[1, 8, 80, 19, 23, 36, 6]",[],"{""base_clip"": 1.0, ""trust_weights"": {""1"": 0.19351936876773834, ""8"": 0.19351936876773834, ""80"": 0.19351936876773834, ""19"": 0.03240314871072769, ""23"": 0.0, ""36"": 0.19351936876773834, ""6"": 0.19351936876773834}, ""num_aggregated"": 7}"
298,apra,apra_mad_filter,"[0, 50, 79, 35, 3, 57, 72, 60, 27, 84]",[],"{""median_norm"": 0.5389680885926976, ""mad"": 0.06038697921448358, ""k"": 2.0, ""num_accepted"": 10, ""safety_keep_used"": false, ""fallback_used"": false}"
298,apra,apra_hierarchical_cluster,"[50, 79, 35, 3, 57, 72, 60, 27, 84]",[0],"{""best_k"": 2, ""best_score"": 0.70203697681427, ""selected_cluster"": 0, ""cluster_scores"": {""0"": 3.968550205230713, ""1"": -1.0}, ""num_trusted"": 9, ""fallback_used"": false}"
298,apra,apra_trust_weighted_clip,"[50, 79, 35, 3, 57, 72, 60, 27, 84]",[],"{""base_clip"": 1.0, ""trust_weights"": {""50"": 0.06510788202285767, ""79"": 0.19893275201320648, ""35"": 0.06510788202285767, ""3"": 0.07405325025320053, ""57"": 0.19893275201320648, ""72"": 0.0, ""60"": 0.19893275201320648, ""27"": 0.19893275201320648, ""84"": 0.0}, ""num_aggregated"": 9}"
299,apra,apra_mad_filter,"[64, 13, 69, 26, 82, 37, 16, 97, 8]",[4],"{""median_norm"": 0.4988489030975455, ""mad"": 0.02155640611548268, ""k"": 2.0, ""num_accepted"": 9, ""safety_keep_used"": false, ""fallback_used"": false}"
299,apra,apra_hierarchical_cluster,"[64, 13, 69, 26, 82, 37, 16, 97]",[8],"{""best_k"": 2, ""best_score"": 0.3866052031517029, ""selected_cluster"": 0, ""cluster_scores"": {""0"": 0.140326127409935, ""1"": -1.0}, ""num_trusted"": 8, ""fallback_used"": false}"
299,apra,apra_trust_weighted_clip,"[64, 13, 69, 26, 82, 37, 16, 97]",[],"{""base_clip"": 1.0, ""trust_weights"": {""64"": 0.15331892669200897, ""13"": 0.15331892669200897, ""69"": 0.0, ""26"": 0.15331892669200897, ""82"": 0.08008651435375214, ""37"": 0.15331892669200897, ""16"": 0.15331892669200897, ""97"": 0.15331892669200897}, ""num_aggregated"": 8}"
300,apra,apra_mad_filter,"[82, 1, 56, 50, 70, 38, 66, 37]","[0, 42]","{""median_norm"": 0.5210845868924807, ""mad"": 0.047862117649774355, ""k"": 2.0, ""num_accepted"": 8, ""safety_keep_used"": false, ""fallback_used"": false}"
300,apra,apra_hierarchical_cluster,"[82, 1, 56, 50, 70, 38, 37]",[66],"{""best_k"": 2, ""best_score"": 0.6532296538352966, ""selected_cluster"": 0, ""cluster_scores"": {""0"": 6.031460285186768, ""1"": -1.0}, ""num_trusted"": 7, ""fallback_used"": false}"
300,apra,apra_trust_weighted_clip,"[82, 1, 56, 50, 70, 38, 37]",[],"{""base_clip"": 1.0, ""trust_weights"": {""82"": 0.1666666716337204, ""1"": 0.1666666716337204, ""56"": 0.0, ""50"": 0.1666666716337204, ""70"": 0.1666666716337204, ""38"": 0.1666666716337204, ""37"": 0.1666666716337204}, ""num_aggregated"": 7}"
301,apra,apra_mad_filter,"[1, 92, 97, 73, 30, 0, 36, 56, 8]",[4],"{""median_norm"": 0.562966888175755, ""mad"": 0.0633798776682247, ""k"": 2.0, ""num_accepted"": 9, ""safety_keep_used"": false, ""fallback_used"": false}"
301,apra,apra_hierarchical_cluster,"[1, 92, 97, 30, 0, 36, 56, 8]",[73],"{""best_k"": 2, ""best_score"": 0.7149596810340881, ""selected_cluster"": 0, ""cluster_scores"": {""0"": 4.008567810058594, ""1"": -1.0}, ""num_trusted"": 8, ""fallback_used"": false}"
301,apra,apra_trust_weighted_clip,"[1, 92, 97, 30, 0, 36, 56, 8]",[],"{""base_clip"": 1.0, ""trust_weights"": {""1"": 0.1428571492433548, ""92"": 0.1428571492433548, ""97"": 0.1428571492433548, ""30"": 0.1428571492433548, ""0"": 0.0, ""36"": 0.1428571492433548, ""56"": 0.1428571492433548, ""8"": 0.1428571492433548}, ""num_aggregated"": 8}"
302,apra,apra_mad_filter,"[1, 90, 41, 84, 92, 54, 0, 91, 69, 78]",[],"{""median_norm"": 0.6034635876133401, ""mad"": 0.1382391561900178, ""k"": 2.0, ""num_accepted"": 10, ""safety_keep_used"": false, ""fallback_used"": false}"
302,apra,apra_hierarchical_cluster,"[1, 90, 41, 84, 92, 0, 91, 69, 78]",[54],"{""best_k"": 2, ""best_score"": 0.6723141670227051, ""selected_cluster"": 0, ""cluster_scores"": {""0"": 3.66790771484375, ""1"": -1.0}, ""num_trusted"": 9, ""fallback_used"": false}"
302,apra,apra_trust_weighted_clip,"[1, 90, 41, 84, 92, 0, 91, 69, 78]",[],"{""base_clip"": 1.0, ""trust_weights"": {""1"": 0.12612445652484894, ""90"": 0.12612445652484894, ""41"": 0.12612445652484894, ""84"": 0.12612445652484894, ""92"": 0.12612445652484894, ""0"": 0.0, ""91"": 0.12612445652484894, ""69"": 0.11712881177663803, ""78"": 0.12612445652484894}, ""num_aggregated"": 9}"
303,apra,apra_mad_filter,"[3, 5, 50, 36, 32, 61, 80]","[73, 88, 48]","{""median_norm"": 0.4988287680225219, ""mad"": 0.06493751693630823, ""k"": 2.0, ""num_accepted"": 7, ""safety_keep_used"": false, ""fallback_used"": false}"
303,apra,apra_hierarchical_cluster,"[3, 5, 50, 36, 61, 80]",[32],"{""best_k"": 2, ""best_score"": 0.6076948046684265, ""selected_cluster"": 0, ""cluster_scores"": {""0"": 4.847423553466797, ""1"": -1.0}, ""num_trusted"": 6, ""fallback_used"": false}"
303,apra,apra_trust_weighted_clip,"[3, 5, 50, 36, 61, 80]",[],"{""base_clip"": 1.0, ""trust_weights"": {""3"": 0.21732620894908905, ""5"": 0.13069520890712738, ""50"": 0.21732620894908905, ""36"": 0.0, ""61"": 0.21732620894908905, ""80"": 0.21732620894908905}, ""num_aggregated"": 6}"
304,apra,apra_mad_filter,"[0, 37, 60, 79, 7, 82, 41, 96, 71, 32]",[],"{""median_norm"": 0.6280912632360299, ""mad"": 0.09713571902147122, ""k"": 2.0, ""num_accepted"": 10, ""safety_keep_used"": false, ""fallback_used"": false}"
304,apra,apra_hierarchical_cluster,"[0, 37, 60, 79, 7, 82, 71, 32]","[41, 96]","{""best_k"": 2, ""best_score"": 0.5664781332015991, ""selected_cluster"": 0, ""cluster_scores"": {""0"": 3.3443260192871094, ""1"": 1.907951831817627}, ""num_trusted"": 8, ""fallback_used"": false}"
304,apra,apra_trust_weighted_clip,"[0, 37, 60, 79, 7, 82, 71, 32]",[],"{""base_clip"": 1.0, ""trust_weights"": {""0"": 0.0, ""37"": 0.16774991154670715, ""60"": 0.16774991154670715, ""79"": 0.16774991154670715, ""7"": 0.16774991154670715, ""82"": 0.16774991154670715, ""71"": 0.0, ""32"": 0.16125042736530304}, ""num_aggregated"": 8}"
305,apra,apra_mad_filter,"[0, 34, 61, 2, 63, 84, 68, 74, 4]",[17],"{""median_norm"": 0.5681609964621324, ""mad"": 0.11002281746249457, ""k"": 2.0, ""num_accepted"": 9, ""safety_keep_used"": false, ""fallback_used"": false}"
305,apra,apra_hierarchical_cluster,"[34, 61, 2, 63, 84, 68, 74, 4]",[0],"{""best_k"": 2, ""best_score"": 0.7417066693305969, ""selected_cluster"": 0, ""cluster_scores"": {""0"": 4.747542381286621, ""1"": -1.0}, ""num_trusted"": 8, ""fallback_used"": false}"
305,apra,apra_trust_weighted_clip,"[34, 61, 2, 63, 84, 68, 74, 4]",[],"{""base_clip"": 1.0, ""trust_weights"": {""34"": 0.1666666716337204, ""61"": 0.1666666716337204, ""2"": 0.0, ""63"": 0.1666666716337204, ""84"": 0.1666666716337204, ""68"": 0.1666666716337204, ""74"": 0.1666666716337204, ""4"": 0.0}, ""num_aggregated"": 8}"
306,apra,apra_mad_filter,"[1, 59, 55, 34, 48, 15, 25, 0, 99]",[88],"{""median_norm"": 0.5703187132335792, ""mad"": 0.07071480080815543, ""k"": 2.0, ""num_accepted"": 9, ""safety_keep_used"": false, ""fallback_used"": false}"
306,apra,apra_hierarchical_cluster,"[1, 59, 55, 34, 15, 25, 99]","[48, 0]","{""best_k"": 3, ""best_score"": 0.6175327301025391, ""selected_cluster"": 0, ""cluster_scores"": {""0"": 5.886366844177246, ""1"": -1.0, ""2"": -1.0}, ""num_trusted"": 7, ""fallback_used"": false}"
306,apra,apra_trust_weighted_clip,"[1, 59, 55, 34, 15, 25, 99]",[],"{""base_clip"": 1.0, ""trust_weights"": {""1"": 0.16879305243492126, ""59"": 0.16879305243492126, ""55"": 0.15603478252887726, ""34"": 0.16879305243492126, ""15"": 0.16879305243492126, ""25"": 0.16879305243492126, ""99"": 0.0}, ""num_aggregated"": 7}"
307,apra,apra_mad_filter,"[0, 42, 7, 16, 70, 63, 43, 39]","[81, 80]","{""median_norm"": 0.6345259995289545, ""mad"": 0.03701713133703177, ""k"": 2.0, ""num_accepted"": 8, ""safety_keep_used"": false, ""fallback_used"": false}"
307,apra,apra_hierarchical_cluster,"[7, 16, 70, 63, 43, 39]","[0, 42]","{""best_k"": 3, ""best_score"": 0.670712947845459, ""selected_cluster"": 0, ""cluster_scores"": {""0"": 5.22149133682251, ""1"": -1.0, ""2"": -1.0}, ""num_trusted"": 6, ""fallback_used"": false}"
307,apra,apra_trust_weighted_clip,"[7, 16, 70, 63, 43, 39]",[],"{""base_clip"": 1.0, ""trust_weights"": {""7"": 0.0, ""16"": 0.25106292963027954, ""70"": 0.24893705546855927, ""63"": 0.0, ""43"": 0.25106292963027954, ""39"": 0.24893705546855927}, ""num_aggregated"": 6}"
308,apra,apra_mad_filter,"[3, 27, 66, 37, 63, 40, 4]","[70, 0, 24]","{""median_norm"": 0.5309713880900586, ""mad"": 0.040153083753861646, ""k"": 2.0, ""num_accepted"": 7, ""safety_keep_used"": false, ""fallback_used"": false}"
308,apra,apra_hierarchical_cluster,"[3, 37, 63, 40, 4]","[27, 66]","{""best_k"": 2, ""best_score"": 0.3913274109363556, ""selected_cluster"": 0, ""cluster_scores"": {""0"": 2.8404111862182617, ""1"": 1.9837199449539185}, ""num_trusted"": 5, ""fallback_used"": false}"
308,apra,apra_trust_weighted_clip,"[3, 37, 63, 40, 4]",[],"{""base_clip"": 1.0, ""trust_weights"": {""3"": 0.32471194863319397, ""37"": 0.32471194863319397, ""63"": 0.0, ""40"": 0.32471194863319397, ""4"": 0.02586413361132145}, ""num_aggregated"": 5}"
309,apra,apra_mad_filter,"[3, 21, 66, 22, 65, 42, 0, 57, 45, 41]",[],"{""median_norm"": 0.5420224839551571, ""mad"": 0.09436766813666492, ""k"": 2.0, ""num_accepted"": 10, ""safety_keep_used"": false, ""fallback_used"": false}"
309,apra,apra_hierarchical_cluster,"[3, 21, 66, 22, 65, 57, 45]","[42, 0, 41]","{""best_k"": 4, ""best_score"": 0.587556004524231, ""selected_cluster"": 0, ""cluster_scores"": {""0"": 5.844757080078125, ""1"": -1.0, ""2"": -1.0, ""3"": -1.0}, ""num_trusted"": 7, ""fallback_used"": false}"
309,apra,apra_trust_weighted_clip,"[3, 21, 66, 22, 65, 57, 45]",[],"{""base_clip"": 1.0, ""trust_weights"": {""3"": 0.20000000298023224, ""21"": 0.20000000298023224, ""66"": 0.0, ""22"": 0.20000000298023224, ""65"": 0.0, ""57"": 0.20000000298023224, ""45"": 0.20000000298023224}, ""num_aggregated"": 7}"
310,apra,apra_mad_filter,"[1, 2, 48, 89, 18, 69, 47, 10, 41]",[24],"{""median_norm"": 0.6219015993379555, ""mad"": 0.07413397445921821, ""k"": 2.0, ""num_accepted"": 9, ""safety_keep_used"": false, ""fallback_used"": false}"
310,apra,apra_hierarchical_cluster,"[1, 2, 89, 18, 69, 47, 10, 41]",[48],"{""best_k"": 2, ""best_score"": 0.45098182559013367, ""selected_cluster"": 0, ""cluster_scores"": {""0"": 0.6077848076820374, ""1"": -1.0}, ""num_trusted"": 8, ""fallback_used"": false}"
310,apra,apra_trust_weighted_clip,"[1, 2, 89, 18, 69, 47, 10, 41]",[],"{""base_clip"": 1.0, ""trust_weights"": {""1"": 0.20000000298023224, ""2"": 0.20000000298023224, ""89"": 0.20000000298023224, ""18"": 0.0, ""69"": 0.20000000298023224, ""47"": 0.0, ""10"": 0.0, ""41"": 0.20000000298023224}, ""num_aggregated"": 8}"
311,apra,apra_mad_filter,"[2, 8, 15, 25, 43, 21, 33, 60, 12]",[11],"{""median_norm"": 0.5570563591284312, ""mad"": 0.047473642985453035, ""k"": 2.0, ""num_accepted"": 9, ""safety_keep_used"": false, ""fallback_used"": false}"
311,apra,apra_hierarchical_cluster,"[2, 15, 25, 43, 21, 33, 60, 12]",[8],"{""best_k"": 2, ""best_score"": 0.6309416890144348, ""selected_cluster"": 0, ""cluster_scores"": {""0"": 2.2533302307128906, ""1"": -1.0}, ""num_trusted"": 8, ""fallback_used"": false}"
311,apra,apra_trust_weighted_clip,"[2, 15, 25, 43, 21, 33, 60, 12]",[],"{""base_clip"": 1.0, ""trust_weights"": {""2"": 0.06695981323719025, ""15"": 0.0, ""25"": 0.0, ""43"": 0.18660804629325867, ""21"": 0.18660804629325867, ""33"": 0.18660804629325867, ""60"": 0.18660804629325867, ""12"": 0.18660804629325867}, ""num_aggregated"": 8}"
312,apra,apra_mad_filter,"[3, 66, 61, 87, 98, 45, 1, 93]","[71, 47]","{""median_norm"": 0.5300365976367993, ""mad"": 0.0414698148525674, ""k"": 2.0, ""num_accepted"": 8, ""safety_keep_used"": false, ""fallback_used"": false}"
312,apra,apra_hierarchical_cluster,"[3, 61, 87, 98, 45, 1, 93]",[66],"{""best_k"": 2, ""best_score"": 0.7348300814628601, ""selected_cluster"": 0, ""cluster_scores"": {""0"": 6.470498085021973, ""1"": -1.0}, ""num_trusted"": 7, ""fallback_used"": false}"
312,apra,apra_trust_weighted_clip,"[3, 61, 87, 98, 45, 1, 93]",[],"{""base_clip"": 1.0, ""trust_weights"": {""3"": 0.19552341103553772, ""61"": 0.07078546285629272, ""87"": 0.19552341103553772, ""98"": 0.14712095260620117, ""45"": 0.19552341103553772, ""1"": 0.19552341103553772, ""93"": 0.0}, ""num_aggregated"": 7}"
313,apra,apra_mad_filter,"[27, 80, 89, 16, 68, 82, 35, 12]","[0, 96]","{""median_norm"": 0.4624104083702377, ""mad"": 0.05210023281696624, ""k"": 2.0, ""num_accepted"": 8, ""safety_keep_used"": false, ""fallback_used"": false}"
313,apra,apra_hierarchical_cluster,"[27, 80, 89, 16, 68, 35, 12]",[82],"{""best_k"": 2, ""best_score"": 0.5457656383514404, ""selected_cluster"": 0, ""cluster_scores"": {""0"": 5.50687837600708, ""1"": -1.0}, ""num_trusted"": 7, ""fallback_used"": false}"
313,apra,apra_trust_weighted_clip,"[27, 80, 89, 16, 68, 35, 12]",[],"{""base_clip"": 1.0, ""trust_weights"": {""27"": 0.5, ""80"": 0.0, ""89"": 0.0, ""16"": 0.0, ""68"": 0.0, ""35"": 0.0, ""12"": 0.5}, ""num_aggregated"": 7}"
314,apra,apra_mad_filter,"[4, 3, 46, 96, 12, 38, 14, 2, 92]",[17],"{""median_norm"": 0.6565352541679579, ""mad"": 0.09951494887932544, ""k"": 2.0, ""num_accepted"": 9, ""safety_keep_used"": false, ""fallback_used"": false}"
314,apra,apra_hierarchical_cluster,"[3, 46, 96, 12, 38, 14, 2, 92]",[4],"{""best_k"": 2, ""best_score"": 0.48417171835899353, ""selected_cluster"": 0, ""cluster_scores"": {""0"": 3.535783290863037, ""1"": -1.0}, ""num_trusted"": 8, ""fallback_used"": false}"
314,apra,apra_trust_weighted_clip,"[3, 46, 96, 12, 38, 14, 2, 92]",[],"{""base_clip"": 1.0, ""trust_weights"": {""3"": 0.1666666716337204, ""46"": 0.0, ""96"": 0.1666666716337204, ""12"": 0.1666666716337204, ""38"": 0.1666666716337204, ""14"": 0.0, ""2"": 0.1666666716337204, ""92"": 0.1666666716337204}, ""num_aggregated"": 8}"
315,apra,apra_mad_filter,"[0, 64, 34, 81, 6, 36, 95, 48, 9, 43]",[],"{""median_norm"": 0.5947114250772254, ""mad"": 0.06760080759989157, ""k"": 2.0, ""num_accepted"": 10, ""safety_keep_used"": false, ""fallback_used"": false}"
315,apra,apra_hierarchical_cluster,"[0, 64, 34, 81, 6, 36, 95, 9, 43]",[48],"{""best_k"": 2, ""best_score"": 0.6723273992538452, ""selected_cluster"": 0, ""cluster_scores"": {""0"": 4.298402309417725, ""1"": -1.0}, ""num_trusted"": 9, ""fallback_used"": false}"
315,apra,apra_trust_weighted_clip,"[0, 64, 34, 81, 6, 36, 95, 9, 43]",[],"{""base_clip"": 1.0, ""trust_weights"": {""0"": 0.0, ""64"": 0.12831838428974152, ""34"": 0.12831838428974152, ""81"": 0.12831838428974152, ""6"": 0.12831838428974152, ""36"": 0.1017712727189064, ""95"": 0.12831838428974152, ""9"": 0.12831838428974152, ""43"": 0.12831838428974152}, ""num_aggregated"": 9}"
316,apra,apra_mad_filter,"[3, 75, 78, 28, 20, 61, 53, 90, 80]",[99],"{""median_norm"": 0.5541036156774269, ""mad"": 0.0608466750666502, ""k"": 2.0, ""num_accepted"": 9, ""safety_keep_used"": false, ""fallback_used"": false}"
316,apra,apra_hierarchical_cluster,"[3, 75, 78, 28, 61, 53, 90, 80]",[20],"{""best_k"": 2, ""best_score"": 0.41606515645980835, ""selected_cluster"": 0, ""cluster_scores"": {""0"": 1.862769365310669, ""1"": -1.0}, ""num_trusted"": 8, ""fallback_used"": false}"
316,apra,apra_trust_weighted_clip,"[3, 75, 78, 28, 61, 53, 90, 80]",[],"{""base_clip"": 1.0, ""trust_weights"": {""3"": 0.15930067002773285, ""75"": 0.04543042555451393, ""78"": 0.0, ""28"": 0.15930067002773285, ""61"": 0.15930067002773285, ""53"": 0.15930067002773285, ""90"": 0.15930067002773285, ""80"": 0.15806615352630615}, ""num_aggregated"": 8}"
317,apra,apra_mad_filter,"[1, 72, 74, 75, 34, 58, 29, 66, 60]",[49],"{""median_norm"": 0.510837190123496, ""mad"": 0.02227427037481511, ""k"": 2.0, ""num_accepted"": 9, ""safety_keep_used"": false, ""fallback_used"": false}"
317,apra,apra_hierarchical_cluster,"[1, 74, 34, 58, 29, 60]","[72, 75, 66]","{""best_k"": 3, ""best_score"": 0.5431135892868042, ""selected_cluster"": 0, ""cluster_scores"": {""0"": 1.9568753242492676, ""1"": 1.9024152755737305, ""2"": -1.0}, ""num_trusted"": 6, ""fallback_used"": false}"
317,apra,apra_trust_weighted_clip,"[1, 74, 34, 58, 29, 60]",[],"{""base_clip"": 1.0, ""trust_weights"": {""1"": 0.20000000298023224, ""74"": 0.20000000298023224, ""34"": 0.0, ""58"": 0.20000000298023224, ""29"": 0.20000000298023224, ""60"": 0.20000000298023224}, ""num_aggregated"": 6}"
318,apra,apra_mad_filter,"[26, 6, 20, 87, 23, 27, 78]","[4, 73, 48]","{""median_norm"": 0.5106878740436093, ""mad"": 0.04374927788825142, ""k"": 2.0, ""num_accepted"": 7, ""safety_keep_used"": false, ""fallback_used"": false}"
318,apra,apra_hierarchical_cluster,"[26, 6, 20, 87, 23]","[27, 78]","{""best_k"": 2, ""best_score"": 0.47451096773147583, ""selected_cluster"": 0, ""cluster_scores"": {""0"": 4.578692436218262, ""1"": 1.690575361251831}, ""num_trusted"": 5, ""fallback_used"": false}"
318,apra,apra_trust_weighted_clip,"[26, 6, 20, 87, 23]",[],"{""base_clip"": 1.0, ""trust_weights"": {""26"": 0.25, ""6"": 0.25, ""20"": 0.0, ""87"": 0.25, ""23"": 0.25}, ""num_aggregated"": 5}"
319,apra,apra_mad_filter,"[0, 49, 7, 47, 53, 26, 6, 57, 11, 20]",[],"{""median_norm"": 0.6471160386234728, ""mad"": 0.08755166744732218, ""k"": 2.0, ""num_accepted"": 10, ""safety_keep_used"": false, ""fallback_used"": false}"
319,apra,apra_hierarchical_cluster,"[0, 49, 7, 47, 53, 6, 57, 11, 20]",[26],"{""best_k"": 2, ""best_score"": 0.5816481709480286, ""selected_cluster"": 0, ""cluster_scores"": {""0"": 2.8280231952667236, ""1"": -1.0}, ""num_trusted"": 9, ""fallback_used"": false}"
319,apra,apra_trust_weighted_clip,"[0, 49, 7, 47, 53, 6, 57, 11, 20]",[],"{""base_clip"": 1.0, ""trust_weights"": {""0"": 0.125, ""49"": 0.125, ""7"": 0.125, ""47"": 0.0, ""53"": 0.125, ""6"": 0.125, ""57"": 0.125, ""11"": 0.125, ""20"": 0.125}, ""num_aggregated"": 9}"
320,apra,apra_mad_filter,"[2, 16, 27, 62, 79, 39, 12, 18, 83]",[41],"{""median_norm"": 0.48009835168105824, ""mad"": 0.042244999037783504, ""k"": 2.0, ""num_accepted"": 9, ""safety_keep_used"": false, ""fallback_used"": false}"
320,apra,apra_hierarchical_cluster,"[2, 16, 27, 79, 39, 12, 18, 83]",[62],"{""best_k"": 2, ""best_score"": 0.5678271651268005, ""selected_cluster"": 0, ""cluster_scores"": {""0"": 2.512065887451172, ""1"": -1.0}, ""num_trusted"": 8, ""fallback_used"": false}"
320,apra,apra_trust_weighted_clip,"[2, 16, 27, 79, 39, 12, 18, 83]",[],"{""base_clip"": 1.0, ""trust_weights"": {""2"": 0.0, ""16"": 0.0, ""27"": 0.25, ""79"": 0.25, ""39"": 0.0, ""12"": 0.25, ""18"": 0.0, ""83"": 0.25}, ""num_aggregated"": 8}"
321,apra,apra_mad_filter,"[4, 9, 73, 29, 56, 50, 75, 37, 25, 39]",[],"{""median_norm"": 0.5076543446090274, ""mad"": 0.0865197415313301, ""k"": 2.0, ""num_accepted"": 10, ""safety_keep_used"": false, ""fallback_used"": false}"
321,apra,apra_hierarchical_cluster,"[4, 9, 29, 56, 50, 75, 37, 25, 39]",[73],"{""best_k"": 2, ""best_score"": 0.5799109935760498, ""selected_cluster"": 0, ""cluster_scores"": {""0"": 2.8842761516571045, ""1"": -1.0}, ""num_trusted"": 9, ""fallback_used"": false}"
321,apra,apra_trust_weighted_clip,"[4, 9, 29, 56, 50, 75, 37, 25, 39]",[],"{""base_clip"": 1.0, ""trust_weights"": {""4"": 0.0, ""9"": 0.0, ""29"": 0.1428571492433548, ""56"": 0.1428571492433548, ""50"": 0.1428571492433548, ""75"": 0.1428571492433548, ""37"": 0.1428571492433548, ""25"": 0.1428571492433548, ""39"": 0.1428571492433548}, ""num_aggregated"": 9}"
322,apra,apra_mad_filter,"[1, 55, 45, 87, 89, 25, 11, 85, 95]",[40],"{""median_norm"": 0.5795230192193008, ""mad"": 0.06160961839566076, ""k"": 2.0, ""num_accepted"": 9, ""safety_keep_used"": false, ""fallback_used"": false}"
322,apra,apra_hierarchical_cluster,"[1, 55, 45, 87, 89, 25, 11, 85]",[95],"{""best_k"": 2, ""best_score"": 0.44686657190322876, ""selected_cluster"": 0, ""cluster_scores"": {""0"": 1.7550156116485596, ""1"": -1.0}, ""num_trusted"": 8, ""fallback_used"": false}"
322,apra,apra_trust_weighted_clip,"[1, 55, 45, 87, 89, 25, 11, 85]",[],"{""base_clip"": 1.0, ""trust_weights"": {""1"": 0.17435331642627716, ""55"": 0.0, ""45"": 0.17435331642627716, ""87"": 0.17435331642627716, ""89"": 0.17435331642627716, ""25"": 0.17435331642627716, ""11"": 0.1282334327697754, ""85"": 0.0}, ""num_aggregated"": 8}"
323,apra,apra_mad_filter,"[2, 89, 77, 36, 48, 54, 71, 98, 16, 5]",[],"{""median_norm"": 0.5612947903887775, ""mad"": 0.12696159613649352, ""k"": 2.0, ""num_accepted"": 10, ""safety_keep_used"": false, ""fallback_used"": false}"
323,apra,apra_hierarchical_cluster,"[2, 89, 77, 36, 71, 98, 16, 5]","[48, 54]","{""best_k"": 3, ""best_score"": 0.6719440221786499, ""selected_cluster"": 0, ""cluster_scores"": {""0"": 4.685841083526611, ""1"": -1.0, ""2"": -1.0}, ""num_trusted"": 8, ""fallback_used"": false}"
323,apra,apra_trust_weighted_clip,"[2, 89, 77, 36, 71, 98, 16, 5]",[],"{""base_clip"": 1.0, ""trust_weights"": {""2"": 0.0, ""89"": 0.1666666716337204, ""77"": 0.1666666716337204, ""36"": 0.1666666716337204, ""71"": 0.0, ""98"": 0.1666666716337204, ""16"": 0.1666666716337204, ""5"": 0.1666666716337204}, ""num_aggregated"": 8}"
324,apra,apra_mad_filter,"[4, 75, 41, 14, 38, 49, 90, 30, 84, 69]",[],"{""median_norm"": 0.6469985231144117, ""mad"": 0.08889583755588892, ""k"": 2.0, ""num_accepted"": 10, ""safety_keep_used"": false, ""fallback_used"": false}"
324,apra,apra_hierarchical_cluster,"[75, 41, 14, 38, 49, 90, 30, 84, 69]",[4],"{""best_k"": 2, ""best_score"": 0.5811622142791748, ""selected_cluster"": 0, ""cluster_scores"": {""0"": 2.4700706005096436, ""1"": -1.0}, ""num_trusted"": 9, ""fallback_used"": false}"
324,apra,apra_trust_weighted_clip,"[75, 41, 14, 38, 49, 90, 30, 84, 69]",[],"{""base_clip"": 1.0, ""trust_weights"": {""75"": 0.1428571492433548, ""41"": 0.0, ""14"": 0.0, ""38"": 0.1428571492433548, ""49"": 0.1428571492433548, ""90"": 0.1428571492433548, ""30"": 0.1428571492433548, ""84"": 0.1428571492433548, ""69"": 0.1428571492433548}, ""num_aggregated"": 9}"
325,apra,apra_mad_filter,"[3, 80, 71, 75, 62, 53, 30, 31, 87, 98]",[],"{""median_norm"": 0.5569401487303265, ""mad"": 0.09290663892819151, ""k"": 2.0, ""num_accepted"": 10, ""safety_keep_used"": false, ""fallback_used"": false}"
325,apra,apra_hierarchical_cluster,"[3, 80, 71, 75, 62, 53, 30, 87, 98]",[31],"{""best_k"": 2, ""best_score"": 0.8155123591423035, ""selected_cluster"": 0, ""cluster_scores"": {""0"": 6.2694220542907715, ""1"": -1.0}, ""num_trusted"": 9, ""fallback_used"": false}"
325,apra,apra_trust_weighted_clip,"[3, 80, 71, 75, 62, 53, 30, 87, 98]",[],"{""base_clip"": 1.0, ""trust_weights"": {""3"": 0.0, ""80"": 0.14407147467136383, ""71"": 0.14407147467136383, ""75"": 0.09777237474918365, ""62"": 0.14407147467136383, ""53"": 0.14407147467136383, ""30"": 0.037798743695020676, ""87"": 0.14407147467136383, ""98"": 0.14407147467136383}, ""num_aggregated"": 9}"
326,apra,apra_mad_filter,"[26, 2, 36, 20, 27, 29, 89]","[0, 17, 31]","{""median_norm"": 0.5109512394508928, ""mad"": 0.03298463086227321, ""k"": 2.0, ""num_accepted"": 7, ""safety_keep_used"": false, ""fallback_used"": false}"
326,apra,apra_hierarchical_cluster,"[26, 2, 36, 27, 29, 89]",[20],"{""best_k"": 2, ""best_score"": 0.3390752375125885, ""selected_cluster"": 0, ""cluster_scores"": {""0"": 4.791404724121094, ""1"": -1.0}, ""num_trusted"": 6, ""fallback_used"": false}"
326,apra,apra_trust_weighted_clip,"[26, 2, 36, 27, 29, 89]",[],"{""base_clip"": 1.0, ""trust_weights"": {""26"": 0.0, ""2"": 0.24426354467868805, ""36"": 0.03017324209213257, ""27"": 0.23703615367412567, ""29"": 0.24426354467868805, ""89"": 0.24426354467868805}, ""num_aggregated"": 6}"
327,apra,apra_mad_filter,"[4, 68, 81, 98, 14, 85, 73, 50, 0]",[31],"{""median_norm"": 0.6211768577765863, ""mad"": 0.09524904543760893, ""k"": 2.0, ""num_accepted"": 9, ""safety_keep_used"": false, ""fallback_used"": false}"
327,apra,apra_hierarchical_cluster,"[4, 68, 81, 98, 14, 85, 73, 50]",[0],"{""best_k"": 2, ""best_score"": 0.743920624256134, ""selected_cluster"": 0, ""cluster_scores"": {""0"": 5.866768836975098, ""1"": -1.0}, ""num_trusted"": 8, ""fallback_used"": false}"
327,apra,apra_trust_weighted_clip,"[4, 68, 81, 98, 14, 85, 73, 50]",[],"{""base_clip"": 1.0, ""trust_weights"": {""4"": 0.1428571492433548, ""68"": 0.1428571492433548, ""81"": 0.1428571492433548, ""98"": 0.1428571492433548, ""14"": 0.1428571492433548, ""85"": 0.1428571492433548, ""73"": 0.0, ""50"": 0.1428571492433548}, ""num_aggregated"": 8}"
328,apra,apra_mad_filter,"[1, 42, 4, 79, 93, 92, 85, 20, 64, 3]",[],"{""median_norm"": 0.55511780914975, ""mad"": 0.0702761463277431, ""k"": 2.0, ""num_accepted"": 10, ""safety_keep_used"": false, ""fallback_used"": false}"
328,apra,apra_hierarchical_cluster,"[1, 4, 79, 93, 92, 85, 20, 64, 3]",[42],"{""best_k"": 2, ""best_score"": 0.7273424863815308, ""selected_cluster"": 0, ""cluster_scores"": {""0"": 4.168421268463135, ""1"": -1.0}, ""num_trusted"": 9, ""fallback_used"": false}"
328,apra,apra_trust_weighted_clip,"[1, 4, 79, 93, 92, 85, 20, 64, 3]",[],"{""base_clip"": 1.0, ""trust_weights"": {""1"": 0.15171730518341064, ""4"": 0.07316750288009644, ""79"": 0.15171730518341064, ""93"": 0.09460975229740143, ""92"": 0.15171730518341064, ""85"": 0.0, ""20"": 0.15171730518341064, ""64"": 0.07363615185022354, ""3"": 0.15171730518341064}, ""num_aggregated"": 9}"
329,apra,apra_mad_filter,"[2, 0, 4, 40, 32, 70, 56, 49, 55, 66]",[],"{""median_norm"": 0.5426152438439777, ""mad"": 0.07911598978550488, ""k"": 2.0, ""num_accepted"": 10, ""safety_keep_used"": false, ""fallback_used"": false}"
329,apra,apra_hierarchical_cluster,"[2, 4, 40, 32, 70, 56, 49, 55, 66]",[0],"{""best_k"": 2, ""best_score"": 0.6049009561538696, ""selected_cluster"": 0, ""cluster_scores"": {""0"": 2.903593063354492, ""1"": -1.0}, ""num_trusted"": 9, ""fallback_used"": false}"
329,apra,apra_trust_weighted_clip,"[2, 4, 40, 32, 70, 56, 49, 55, 66]",[],"{""base_clip"": 1.0, ""trust_weights"": {""2"": 0.15288245677947998, ""4"": 0.08507326245307922, ""40"": 0.15288245677947998, ""32"": 0.0, ""70"": 0.15288245677947998, ""56"": 0.15288245677947998, ""49"": 0.06544116139411926, ""55"": 0.08507326245307922, ""66"": 0.15288245677947998}, ""num_aggregated"": 9}"
330,apra,apra_mad_filter,"[2, 60, 6, 64, 84, 20, 21]","[50, 95, 41]","{""median_norm"": 0.5042640444661439, ""mad"": 0.027071855242875947, ""k"": 2.0, ""num_accepted"": 7, ""safety_keep_used"": false, ""fallback_used"": false}"
330,apra,apra_hierarchical_cluster,"[6, 64, 20]","[2, 60, 84, 21]","{""best_k"": 3, ""best_score"": 0.35286590456962585, ""selected_cluster"": 0, ""cluster_scores"": {""0"": 2.8076295852661133, ""1"": 0.5532674193382263, ""2"": 1.927441120147705}, ""num_trusted"": 3, ""fallback_used"": false}"
330,apra,apra_trust_weighted_clip,"[6, 64, 20]",[],"{""base_clip"": 1.0, ""trust_weights"": {""6"": 0.0, ""64"": 0.5, ""20"": 0.5}, ""num_aggregated"": 3}"
331,apra,apra_mad_filter,"[3, 94, 65, 78, 54, 55, 26, 53, 4, 46]",[],"{""median_norm"": 0.5923513061622976, ""mad"": 0.10050321292746026, ""k"": 2.0, ""num_accepted"": 10, ""safety_keep_used"": false, ""fallback_used"": false}"
331,apra,apra_hierarchical_cluster,"[3, 94, 65, 78, 55, 26, 53, 4, 46]",[54],"{""best_k"": 2, ""best_score"": 0.6411270499229431, ""selected_cluster"": 0, ""cluster_scores"": {""0"": 2.800515651702881, ""1"": -1.0}, ""num_trusted"": 9, ""fallback_used"": false}"
331,apra,apra_trust_weighted_clip,"[3, 94, 65, 78, 55, 26, 53, 4, 46]",[],"{""base_clip"": 1.0, ""trust_weights"": {""3"": 0.1666666716337204, ""94"": 0.1666666716337204, ""65"": 0.0, ""78"": 0.1666666716337204, ""55"": 0.0, ""26"": 0.0, ""53"": 0.1666666716337204, ""4"": 0.1666666716337204, ""46"": 0.1666666716337204}, ""num_aggregated"": 9}"
332,apra,apra_mad_filter,"[1, 63, 25, 68, 8, 72, 19, 6, 73]",[26],"{""median_norm"": 0.5366133649241847, ""mad"": 0.08201744705088312, ""k"": 2.0, ""num_accepted"": 9, ""safety_keep_used"": false, ""fallback_used"": false}"
332,apra,apra_hierarchical_cluster,"[1, 63, 25, 68, 8, 72, 19, 6]",[73],"{""best_k"": 2, ""best_score"": 0.6819866895675659, ""selected_cluster"": 0, ""cluster_scores"": {""0"": 2.9873876571655273, ""1"": -1.0}, ""num_trusted"": 8, ""fallback_used"": false}"
332,apra,apra_trust_weighted_clip,"[1, 63, 25, 68, 8, 72, 19, 6]",[],"{""base_clip"": 1.0, ""trust_weights"": {""1"": 0.1428571492433548, ""63"": 0.1428571492433548, ""25"": 0.1428571492433548, ""68"": 0.0, ""8"": 0.1428571492433548, ""72"": 0.1428571492433548, ""19"": 0.1428571492433548, ""6"": 0.1428571492433548}, ""num_aggregated"": 8}"
333,apra,apra_mad_filter,"[3, 4, 12, 78, 75, 70, 22, 38, 60, 64]",[],"{""median_norm"": 0.4537384112985494, ""mad"": 0.04465668477432949, ""k"": 2.0, ""num_accepted"": 10, ""safety_keep_used"": false, ""fallback_used"": false}"
333,apra,apra_hierarchical_cluster,"[3, 4, 12, 78, 75, 22, 38, 60, 64]",[70],"{""best_k"": 2, ""best_score"": 0.5826390981674194, ""selected_cluster"": 0, ""cluster_scores"": {""0"": 0.881936252117157, ""1"": -1.0}, ""num_trusted"": 9, ""fallback_used"": false}"
333,apra,apra_trust_weighted_clip,"[3, 4, 12, 78, 75, 22, 38, 60, 64]",[],"{""base_clip"": 1.0, ""trust_weights"": {""3"": 0.07218603044748306, ""4"": 0.14745919406414032, ""12"": 0.14745919406414032, ""78"": 0.14745919406414032, ""75"": 0.14745919406414032, ""22"": 0.14745919406414032, ""38"": 0.0, ""60"": 0.14745919406414032, ""64"": 0.04305877909064293}, ""num_aggregated"": 9}"
334,apra,apra_mad_filter,"[0, 81, 60, 47, 13, 68, 89, 51, 18]",[88],"{""median_norm"": 0.6505405351222387, ""mad"": 0.0788348733623579, ""k"": 2.0, ""num_accepted"": 9, ""safety_keep_used"": false, ""fallback_used"": false}"
334,apra,apra_hierarchical_cluster,"[81, 60, 47, 13, 68, 89, 51, 18]",[0],"{""best_k"": 2, ""best_score"": 0.5910279750823975, ""selected_cluster"": 0, ""cluster_scores"": {""0"": 4.274919033050537, ""1"": -1.0}, ""num_trusted"": 8, ""fallback_used"": false}"
334,apra,apra_trust_weighted_clip,"[81, 60, 47, 13, 68, 89, 51, 18]",[],"{""base_clip"": 1.0, ""trust_weights"": {""81"": 0.20000000298023224, ""60"": 0.20000000298023224, ""47"": 0.0, ""13"": 0.20000000298023224, ""68"": 0.0, ""89"": 0.20000000298023224, ""51"": 0.0, ""18"": 0.20000000298023224}, ""num_aggregated"": 8}"
335,apra,apra_mad_filter,"[0, 1, 73, 65, 85, 81, 84, 53, 25, 52]",[],"{""median_norm"": 0.5473556627902716, ""mad"": 0.06487089416343655, ""k"": 2.0, ""num_accepted"": 10, ""safety_keep_used"": false, ""fallback_used"": false}"
335,apra,apra_hierarchical_cluster,"[0, 1, 65, 85, 81, 84, 53, 25, 52]",[73],"{""best_k"": 2, ""best_score"": 0.6678004264831543, ""selected_cluster"": 0, ""cluster_scores"": {""0"": 3.8329100608825684, ""1"": -1.0}, ""num_trusted"": 9, ""fallback_used"": false}"
335,apra,apra_trust_weighted_clip,"[0, 1, 65, 85, 81, 84, 53, 25, 52]",[],"{""base_clip"": 1.0, ""trust_weights"": {""0"": 0.0, ""1"": 0.125, ""65"": 0.125, ""85"": 0.125, ""81"": 0.125, ""84"": 0.125, ""53"": 0.125, ""25"": 0.125, ""52"": 0.125}, ""num_aggregated"": 9}"
336,apra,apra_mad_filter,"[3, 68, 23, 65, 84, 9, 55, 70, 74]",[88],"{""median_norm"": 0.5572040789874416, ""mad"": 0.06597113710112129, ""k"": 2.0, ""num_accepted"": 9, ""safety_keep_used"": false, ""fallback_used"": false}"
336,apra,apra_hierarchical_cluster,"[3, 23, 65, 84, 9, 55, 70, 74]",[68],"{""best_k"": 2, ""best_score"": 0.45860958099365234, ""selected_cluster"": 0, ""cluster_scores"": {""0"": 6.5810723304748535, ""1"": -1.0}, ""num_trusted"": 8, ""fallback_used"": false}"
336,apra,apra_trust_weighted_clip,"[3, 23, 65, 84, 9, 55, 70, 74]",[],"{""base_clip"": 1.0, ""trust_weights"": {""3"": 0.15808866918087006, ""23"": 0.15808866918087006, ""65"": 0.0, ""84"": 0.15808866918087006, ""9"": 0.08924400061368942, ""55"": 0.15808866918087006, ""70"": 0.1203126385807991, ""74"": 0.15808866918087006}, ""num_aggregated"": 8}"
337,apra,apra_mad_filter,"[3, 1, 49, 52, 65, 68, 9, 21, 63]",[88],"{""median_norm"": 0.5188925599803362, ""mad"": 0.08128109095106131, ""k"": 2.0, ""num_accepted"": 9, ""safety_keep_used"": false, ""fallback_used"": false}"
337,apra,apra_hierarchical_cluster,"[3, 1, 49, 52, 65, 68, 21, 63]",[9],"{""best_k"": 2, ""best_score"": 0.7204083204269409, ""selected_cluster"": 0, ""cluster_scores"": {""0"": 7.662107467651367, ""1"": -1.0}, ""num_trusted"": 8, ""fallback_used"": false}"
337,apra,apra_trust_weighted_clip,"[3, 1, 49, 52, 65, 68, 21, 63]",[],"{""base_clip"": 1.0, ""trust_weights"": {""3"": 0.1666666716337204, ""1"": 0.1666666716337204, ""49"": 0.1666666716337204, ""52"": 0.1666666716337204, ""65"": 0.0, ""68"": 0.1666666716337204, ""21"": 0.0, ""63"": 0.1666666716337204}, ""num_aggregated"": 8}"
338,apra,apra_mad_filter,"[4, 7, 40, 94, 21, 22, 70, 87, 35]",[48],"{""median_norm"": 0.47911245631867616, ""mad"": 0.09155431697745811, ""k"": 2.0, ""num_accepted"": 9, ""safety_keep_used"": false, ""fallback_used"": false}"
338,apra,apra_hierarchical_cluster,"[40, 94, 21, 22, 70, 87]","[4, 7, 35]","{""best_k"": 3, ""best_score"": 0.4158562123775482, ""selected_cluster"": 0, ""cluster_scores"": {""0"": 3.4065334796905518, ""1"": 1.7909135818481445, ""2"": -1.0}, ""num_trusted"": 6, ""fallback_used"": false}"
338,apra,apra_trust_weighted_clip,"[40, 94, 21, 22, 70, 87]",[],"{""base_clip"": 1.0, ""trust_weights"": {""40"": 0.0, ""94"": 0.20000000298023224, ""21"": 0.20000000298023224, ""22"": 0.20000000298023224, ""70"": 0.20000000298023224, ""87"": 0.20000000298023224}, ""num_aggregated"": 6}"
339,apra,apra_mad_filter,"[42, 65, 2, 55, 70, 87, 58, 77]","[3, 10]","{""median_norm"": 0.5551642925781075, ""mad"": 0.02776164720292984, ""k"": 2.0, ""num_accepted"": 8, ""safety_keep_used"": false, ""fallback_used"": false}"
339,apra,apra_hierarchical_cluster,"[65, 2, 55, 70, 87, 58, 77]",[42],"{""best_k"": 2, ""best_score"": 0.6540324687957764, ""selected_cluster"": 0, ""cluster_scores"": {""0"": 3.961972713470459, ""1"": -1.0}, ""num_trusted"": 7, ""fallback_used"": false}"
339,apra,apra_trust_weighted_clip,"[65, 2, 55, 70, 87, 58, 77]",[],"{""base_clip"": 1.0, ""trust_weights"": {""65"": 0.11820406466722488, ""2"": 0.11820406466722488, ""55"": 0.0, ""70"": 0.19089797139167786, ""87"": 0.19089797139167786, ""58"": 0.19089797139167786, ""77"": 0.19089797139167786}, ""num_aggregated"": 7}"
340,apra,apra_mad_filter,"[1, 21, 81, 37, 13, 86, 79, 78, 57]",[59],"{""median_norm"": 0.4667632269423991, ""mad"": 0.028863956215485653, ""k"": 2.0, ""num_accepted"": 9, ""safety_keep_used"": false, ""fallback_used"": false}"
340,apra,apra_hierarchical_cluster,"[1, 21, 81, 37, 86, 79, 78, 57]",[13],"{""best_k"": 2, ""best_score"": 0.662769615650177, ""selected_cluster"": 0, ""cluster_scores"": {""0"": 2.623929262161255, ""1"": -1.0}, ""num_trusted"": 8, ""fallback_used"": false}"
340,apra,apra_trust_weighted_clip,"[1, 21, 81, 37, 86, 79, 78, 57]",[],"{""base_clip"": 1.0, ""trust_weights"": {""1"": 0.1428571492433548, ""21"": 0.1428571492433548, ""81"": 0.1428571492433548, ""37"": 0.1428571492433548, ""86"": 0.1428571492433548, ""79"": 0.1428571492433548, ""78"": 0.1428571492433548, ""57"": 0.0}, ""num_aggregated"": 8}"
341,apra,apra_mad_filter,"[28, 16, 6, 72, 8, 68, 34, 93, 1]",[0],"{""median_norm"": 0.4869453408897776, ""mad"": 0.056004258520502004, ""k"": 2.0, ""num_accepted"": 9, ""safety_keep_used"": false, ""fallback_used"": false}"
341,apra,apra_hierarchical_cluster,"[28, 16, 6, 68, 34, 93, 1]","[72, 8]","{""best_k"": 2, ""best_score"": 0.6754019260406494, ""selected_cluster"": 1, ""cluster_scores"": {""0"": 1.5809767246246338, ""1"": 6.372371196746826}, ""num_trusted"": 7, ""fallback_used"": false}"
341,apra,apra_trust_weighted_clip,"[28, 16, 6, 68, 34, 93, 1]",[],"{""base_clip"": 1.0, ""trust_weights"": {""28"": 0.2088020294904709, ""16"": 0.2088020294904709, ""6"": 0.2088020294904709, ""68"": 0.03383880853652954, ""34"": 0.0, ""93"": 0.13095304369926453, ""1"": 0.2088020294904709}, ""num_aggregated"": 7}"
342,apra,apra_mad_filter,"[4, 70, 93, 33, 68, 59, 74]","[45, 34, 71]","{""median_norm"": 0.548281363810089, ""mad"": 0.03606894271264355, ""k"": 2.0, ""num_accepted"": 7, ""safety_keep_used"": false, ""fallback_used"": false}"
342,apra,apra_hierarchical_cluster,"[4, 70, 93, 33, 59, 74]",[68],"{""best_k"": 2, ""best_score"": 0.5883429646492004, ""selected_cluster"": 0, ""cluster_scores"": {""0"": 3.1657285690307617, ""1"": -1.0}, ""num_trusted"": 6, ""fallback_used"": false}"
342,apra,apra_trust_weighted_clip,"[4, 70, 93, 33, 59, 74]",[],"{""base_clip"": 1.0, ""trust_weights"": {""4"": 0.09142091125249863, ""70"": 0.37554872035980225, ""93"": 0.0, ""33"": 0.09142091125249863, ""59"": 0.37554872035980225, ""74"": 0.06606073677539825}, ""num_aggregated"": 6}"
343,apra,apra_mad_filter,"[0, 35, 69, 32, 25, 33, 54, 41, 70, 49]",[],"{""median_norm"": 0.6310181034598847, ""mad"": 0.07495721734568284, ""k"": 2.0, ""num_accepted"": 10, ""safety_keep_used"": false, ""fallback_used"": false}"
343,apra,apra_hierarchical_cluster,"[0, 35, 69, 32, 25, 33, 41, 70, 49]",[54],"{""best_k"": 2, ""best_score"": 0.5500117540359497, ""selected_cluster"": 0, ""cluster_scores"": {""0"": 2.479278564453125, ""1"": -1.0}, ""num_trusted"": 9, ""fallback_used"": false}"
343,apra,apra_trust_weighted_clip,"[0, 35, 69, 32, 25, 33, 41, 70, 49]",[],"{""base_clip"": 1.0, ""trust_weights"": {""0"": 0.0, ""35"": 0.17430180311203003, ""69"": 0.17430180311203003, ""32"": 0.0, ""25"": 0.12849102914333344, ""33"": 0.17430180311203003, ""41"": 0.0, ""70"": 0.17430180311203003, ""49"": 0.17430180311203003}, ""num_aggregated"": 9}"
344,apra,apra_mad_filter,"[3, 95, 82, 18, 50, 8, 24, 13, 28, 9]",[],"{""median_norm"": 0.5680852804479, ""mad"": 0.09334266006635841, ""k"": 2.0, ""num_accepted"": 10, ""safety_keep_used"": false, ""fallback_used"": false}"
344,apra,apra_hierarchical_cluster,"[3, 82, 18, 50, 8, 24, 13, 28, 9]",[95],"{""best_k"": 2, ""best_score"": 0.47981777787208557, ""selected_cluster"": 0, ""cluster_scores"": {""0"": 1.781132459640503, ""1"": -1.0}, ""num_trusted"": 9, ""fallback_used"": false}"
344,apra,apra_trust_weighted_clip,"[3, 82, 18, 50, 8, 24, 13, 28, 9]",[],"{""base_clip"": 1.0, ""trust_weights"": {""3"": 0.1666666716337204, ""82"": 0.1666666716337204, ""18"": 0.1666666716337204, ""50"": 0.1666666716337204, ""8"": 0.1666666716337204, ""24"": 0.0, ""13"": 0.0, ""28"": 0.1666666716337204, ""9"": 0.0}, ""num_aggregated"": 9}"
345,apra,apra_mad_filter,"[4, 89, 3, 55, 91, 96, 94, 54, 39, 8]",[],"{""median_norm"": 0.5944316600705251, ""mad"": 0.12233475110656064, ""k"": 2.0, ""num_accepted"": 10, ""safety_keep_used"": false, ""fallback_used"": false}"
345,apra,apra_hierarchical_cluster,"[4, 89, 3, 55, 91, 96, 94, 39, 8]",[54],"{""best_k"": 2, ""best_score"": 0.8064804077148438, ""selected_cluster"": 0, ""cluster_scores"": {""0"": 5.611207485198975, ""1"": -1.0}, ""num_trusted"": 9, ""fallback_used"": false}"
345,apra,apra_trust_weighted_clip,"[4, 89, 3, 55, 91, 96, 94, 39, 8]",[],"{""base_clip"": 1.0, ""trust_weights"": {""4"": 0.125, ""89"": 0.125, ""3"": 0.125, ""55"": 0.0, ""91"": 0.125, ""96"": 0.125, ""94"": 0.125, ""39"": 0.125, ""8"": 0.125}, ""num_aggregated"": 9}"
346,apra,apra_mad_filter,"[2, 82, 78, 74, 61, 39, 29, 4, 68]",[88],"{""median_norm"": 0.5098718035147088, ""mad"": 0.059366647060149214, ""k"": 2.0, ""num_accepted"": 9, ""safety_keep_used"": false, ""fallback_used"": false}"
346,apra,apra_hierarchical_cluster,"[2, 78, 74, 61, 39, 29, 4, 68]",[82],"{""best_k"": 2, ""best_score"": 0.5192536115646362, ""selected_cluster"": 0, ""cluster_scores"": {""0"": 7.907040596008301, ""1"": -1.0}, ""num_trusted"": 8, ""fallback_used"": false}"
346,apra,apra_trust_weighted_clip,"[2, 78, 74, 61, 39, 29, 4, 68]",[],"{""base_clip"": 1.0, ""trust_weights"": {""2"": 0.1428571492433548, ""78"": 0.1428571492433548, ""74"": 0.1428571492433548, ""61"": 0.1428571492433548, ""39"": 0.1428571492433548, ""29"": 0.1428571492433548, ""4"": 0.1428571492433548, ""68"": 0.0}, ""num_aggregated"": 8}"
347,apra,apra_mad_filter,"[3, 93, 72, 1, 90, 28, 57, 68, 23, 83]",[],"{""median_norm"": 0.5068488191432383, ""mad"": 0.0543243345766104, ""k"": 2.0, ""num_accepted"": 10, ""safety_keep_used"": false, ""fallback_used"": false}"
347,apra,apra_hierarchical_cluster,"[3, 93, 1, 90, 28, 57, 68, 23, 83]",[72],"{""best_k"": 2, ""best_score"": 0.4448796212673187, ""selected_cluster"": 0, ""cluster_scores"": {""0"": 0.9699794054031372, ""1"": -1.0}, ""num_trusted"": 9, ""fallback_used"": false}"
347,apra,apra_trust_weighted_clip,"[3, 93, 1, 90, 28, 57, 68, 23, 83]",[],"{""base_clip"": 1.0, ""trust_weights"": {""3"": 0.14003799855709076, ""93"": 0.13903017342090607, ""1"": 0.14003799855709076, ""90"": 0.14003799855709076, ""28"": 0.0, ""57"": 0.08038990944623947, ""68"": 0.14003799855709076, ""23"": 0.08038990944623947, ""83"": 0.14003799855709076}, ""num_aggregated"": 9}"
348,apra,apra_mad_filter,"[2, 91, 31, 57, 14, 17, 54, 95, 68, 64]",[],"{""median_norm"": 0.5306052392685952, ""mad"": 0.13925368043699587, ""k"": 2.0, ""num_accepted"": 10, ""safety_keep_used"": false, ""fallback_used"": false}"
348,apra,apra_hierarchical_cluster,"[2, 91, 57, 14, 17, 68, 64]","[31, 54, 95]","{""best_k"": 3, ""best_score"": 0.6669818162918091, ""selected_cluster"": 1, ""cluster_scores"": {""0"": 1.7261488437652588, ""1"": 6.221297264099121, ""2"": -1.0}, ""num_trusted"": 7, ""fallback_used"": false}"
348,apra,apra_trust_weighted_clip,"[2, 91, 57, 14, 17, 68, 64]",[],"{""base_clip"": 1.0, ""trust_weights"": {""2"": 0.0, ""91"": 0.1666666716337204, ""57"": 0.1666666716337204, ""14"": 0.1666666716337204, ""17"": 0.1666666716337204, ""68"": 0.1666666716337204, ""64"": 0.1666666716337204}, ""num_aggregated"": 7}"
349,apra,apra_mad_filter,"[37, 11, 43, 41, 63, 70, 82, 13, 31]",[0],"{""median_norm"": 0.5794196796942195, ""mad"": 0.061313676954066865, ""k"": 2.0, ""num_accepted"": 9, ""safety_keep_used"": false, ""fallback_used"": false}"
349,apra,apra_hierarchical_cluster,"[37, 11, 43, 41, 63, 70, 82, 13]",[31],"{""best_k"": 2, ""best_score"": 0.7338736653327942, ""selected_cluster"": 0, ""cluster_scores"": {""0"": 5.734504699707031, ""1"": -1.0}, ""num_trusted"": 8, ""fallback_used"": false}"
349,apra,apra_trust_weighted_clip,"[37, 11, 43, 41, 63, 70, 82, 13]",[],"{""base_clip"": 1.0, ""trust_weights"": {""37"": 0.25, ""11"": 0.0, ""43"": 0.25, ""41"": 0.0, ""63"": 0.25, ""70"": 0.25, ""82"": 0.0, ""13"": 0.0}, ""num_aggregated"": 8}"
350,apra,apra_mad_filter,"[3, 26, 92, 10, 37, 22, 16, 62, 86, 44]",[],"{""median_norm"": 0.49145500704608436, ""mad"": 0.10383092212058892, ""k"": 2.0, ""num_accepted"": 10, ""safety_keep_used"": false, ""fallback_used"": false}"
350,apra,apra_hierarchical_cluster,"[3, 26, 92, 37, 22, 16, 62, 86, 44]",[10],"{""best_k"": 2, ""best_score"": 0.6497470140457153, ""selected_cluster"": 0, ""cluster_scores"": {""0"": 3.3099660873413086, ""1"": -1.0}, ""num_trusted"": 9, ""fallback_used"": false}"
350,apra,apra_trust_weighted_clip,"[3, 26, 92, 37, 22, 16, 62, 86, 44]",[],"{""base_clip"": 1.0, ""trust_weights"": {""3"": 0.20000000298023224, ""26"": 0.0, ""92"": 0.20000000298023224, ""37"": 0.20000000298023224, ""22"": 0.20000000298023224, ""16"": 0.20000000298023224, ""62"": 0.0, ""86"": 0.0, ""44"": 0.0}, ""num_aggregated"": 9}"
351,apra,apra_mad_filter,"[3, 18, 35, 78, 36, 93, 33, 32]","[62, 77]","{""median_norm"": 0.5029173625918136, ""mad"": 0.04492829902822934, ""k"": 2.0, ""num_accepted"": 8, ""safety_keep_used"": false, ""fallback_used"": false}"
351,apra,apra_hierarchical_cluster,"[3, 18, 35, 78, 93, 33]","[36, 32]","{""best_k"": 3, ""best_score"": 0.49736735224723816, ""selected_cluster"": 0, ""cluster_scores"": {""0"": 2.889540910720825, ""1"": -1.0, ""2"": -1.0}, ""num_trusted"": 6, ""fallback_used"": false}"
351,apra,apra_trust_weighted_clip,"[3, 18, 35, 78, 93, 33]",[],"{""base_clip"": 1.0, ""trust_weights"": {""3"": 0.20000000298023224, ""18"": 0.0, ""35"": 0.20000000298023224, ""78"": 0.20000000298023224, ""93"": 0.20000000298023224, ""33"": 0.20000000298023224}, ""num_aggregated"": 6}"
352,apra,apra_mad_filter,"[1, 15, 64, 70, 21, 58, 29, 93, 5]",[46],"{""median_norm"": 0.4917369938939872, ""mad"": 0.04045032109296709, ""k"": 2.0, ""num_accepted"": 9, ""safety_keep_used"": false, ""fallback_used"": false}"
352,apra,apra_hierarchical_cluster,"[1, 15, 70, 21, 58, 29, 93, 5]",[64],"{""best_k"": 2, ""best_score"": 0.44984185695648193, ""selected_cluster"": 0, ""cluster_scores"": {""0"": 3.1509604454040527, ""1"": -1.0}, ""num_trusted"": 8, ""fallback_used"": false}"
352,apra,apra_trust_weighted_clip,"[1, 15, 70, 21, 58, 29, 93, 5]",[],"{""base_clip"": 1.0, ""trust_weights"": {""1"": 0.16118453443050385, ""15"": 0.09703867882490158, ""70"": 0.16118453443050385, ""21"": 0.16118453443050385, ""58"": 0.09703867882490158, ""29"": 0.16118453443050385, ""93"": 0.16118453443050385, ""5"": 0.0}, ""num_aggregated"": 8}"
353,apra,apra_mad_filter,"[4, 62, 53, 56, 18, 5, 68, 40, 1, 57]",[],"{""median_norm"": 0.5381253329041904, ""mad"": 0.09106392977148775, ""k"": 2.0, ""num_accepted"": 10, ""safety_keep_used"": false, ""fallback_used"": false}"
353,apra,apra_hierarchical_cluster,"[4, 62, 53, 56, 18, 5, 40, 1, 57]",[68],"{""best_k"": 2, ""best_score"": 0.646239161491394, ""selected_cluster"": 0, ""cluster_scores"": {""0"": 2.080408811569214, ""1"": -1.0}, ""num_trusted"": 9, ""fallback_used"": false}"
353,apra,apra_trust_weighted_clip,"[4, 62, 53, 56, 18, 5, 40, 1, 57]",[],"{""base_clip"": 1.0, ""trust_weights"": {""4"": 0.13252905011177063, ""62"": 0.10390888899564743, ""53"": 0.13252905011177063, ""56"": 0.1310330033302307, ""18"": 0.10390888899564743, ""5"": 0.13252905011177063, ""40"": 0.1310330033302307, ""1"": 0.0, ""57"": 0.13252905011177063}, ""num_aggregated"": 9}"
354,apra,apra_mad_filter,"[4, 36, 92, 1, 98, 15, 43, 57]","[52, 33]","{""median_norm"": 0.5129716421539483, ""mad"": 0.043210883392828414, ""k"": 2.0, ""num_accepted"": 8, ""safety_keep_used"": false, ""fallback_used"": false}"
354,apra,apra_hierarchical_cluster,"[4, 92, 1, 98, 43, 57]","[36, 15]","{""best_k"": 2, ""best_score"": 0.447807252407074, ""selected_cluster"": 1, ""cluster_scores"": {""0"": 1.3344018459320068, ""1"": 1.5386605262756348}, ""num_trusted"": 6, ""fallback_used"": false}"
354,apra,apra_trust_weighted_clip,"[4, 92, 1, 98, 43, 57]",[],"{""base_clip"": 1.0, ""trust_weights"": {""4"": 0.37715235352516174, ""92"": 0.37715235352516174, ""1"": 0.0, ""98"": 0.11738813668489456, ""43"": 0.01091906800866127, ""57"": 0.11738813668489456}, ""num_aggregated"": 6}"
355,apra,apra_mad_filter,"[38, 53, 15, 77, 79, 90, 63]","[3, 50, 18]","{""median_norm"": 0.4621992572221407, ""mad"": 0.022492028314988977, ""k"": 2.0, ""num_accepted"": 7, ""safety_keep_used"": false, ""fallback_used"": false}"
355,apra,apra_hierarchical_cluster,"[38, 53, 77, 79, 90, 63]",[15],"{""best_k"": 2, ""best_score"": 0.5415359139442444, ""selected_cluster"": 0, ""cluster_scores"": {""0"": 1.692537784576416, ""1"": -1.0}, ""num_trusted"": 6, ""fallback_used"": false}"
355,apra,apra_trust_weighted_clip,"[38, 53, 77, 79, 90, 63]",[],"{""base_clip"": 1.0, ""trust_weights"": {""38"": 0.0, ""53"": 0.0, ""77"": 0.3699016571044922, ""79"": 0.260196715593338, ""90"": 0.3699016571044922, ""63"": 0.0}, ""num_aggregated"": 6}"
356,apra,apra_mad_filter,"[4, 85, 41, 55, 44, 81, 39, 20, 34]",[17],"{""median_norm"": 0.6108144463714802, ""mad"": 0.06862425662276833, ""k"": 2.0, ""num_accepted"": 9, ""safety_keep_used"": false, ""fallback_used"": false}"
356,apra,apra_hierarchical_cluster,"[4, 85, 55, 44, 81, 39, 20, 34]",[41],"{""best_k"": 2, ""best_score"": 0.4017389416694641, ""selected_cluster"": 0, ""cluster_scores"": {""0"": 1.0173581838607788, ""1"": -1.0}, ""num_trusted"": 8, ""fallback_used"": false}"
356,apra,apra_trust_weighted_clip,"[4, 85, 55, 44, 81, 39, 20, 34]",[],"{""base_clip"": 1.0, ""trust_weights"": {""4"": 0.0, ""85"": 0.17742280662059784, ""55"": 0.17742280662059784, ""44"": 0.14515437185764313, ""81"": 0.17742280662059784, ""39"": 0.0, ""20"": 0.14515437185764313, ""34"": 0.17742280662059784}, ""num_aggregated"": 8}"
357,apra,apra_mad_filter,"[2, 72, 55, 59, 23, 79, 74, 78, 8]",[52],"{""median_norm"": 0.522202640277905, ""mad"": 0.039338446808724836, ""k"": 2.0, ""num_accepted"": 9, ""safety_keep_used"": false, ""fallback_used"": false}"
357,apra,apra_hierarchical_cluster,"[2, 72, 23, 79, 74, 78, 8]","[55, 59]","{""best_k"": 2, ""best_score"": 0.6355001926422119, ""selected_cluster"": 1, ""cluster_scores"": {""0"": 1.6663293838500977, ""1"": 4.285198211669922}, ""num_trusted"": 7, ""fallback_used"": false}"
357,apra,apra_trust_weighted_clip,"[2, 72, 23, 79, 74, 78, 8]",[],"{""base_clip"": 1.0, ""trust_weights"": {""2"": 0.0, ""72"": 0.0, ""23"": 0.20000000298023224, ""79"": 0.20000000298023224, ""74"": 0.20000000298023224, ""78"": 0.20000000298023224, ""8"": 0.20000000298023224}, ""num_aggregated"": 7}"
358,apra,apra_mad_filter,"[3, 21, 18, 92, 61, 79, 35, 6, 56]",[54],"{""median_norm"": 0.5148619977837549, ""mad"": 0.055084046912038914, ""k"": 2.0, ""num_accepted"": 9, ""safety_keep_used"": false, ""fallback_used"": false}"
358,apra,apra_hierarchical_cluster,"[3, 21, 18, 92, 61, 79, 35, 6]",[56],"{""best_k"": 2, ""best_score"": 0.47290658950805664, ""selected_cluster"": 0, ""cluster_scores"": {""0"": 7.037398338317871, ""1"": -1.0}, ""num_trusted"": 8, ""fallback_used"": false}"
358,apra,apra_trust_weighted_clip,"[3, 21, 18, 92, 61, 79, 35, 6]",[],"{""base_clip"": 1.0, ""trust_weights"": {""3"": 0.1793368011713028, ""21"": 0.1793368011713028, ""18"": 0.0, ""92"": 0.1793368011713028, ""61"": 0.0, ""79"": 0.1793368011713028, ""35"": 0.10331597179174423, ""6"": 0.1793368011713028}, ""num_aggregated"": 8}"
359,apra,apra_mad_filter,"[0, 13, 41, 34, 14, 30, 67, 21, 57, 92]",[],"{""median_norm"": 0.6107395264087563, ""mad"": 0.11367858980598328, ""k"": 2.0, ""num_accepted"": 10, ""safety_keep_used"": false, ""fallback_used"": false}"
359,apra,apra_hierarchical_cluster,"[13, 34, 14, 30, 67, 21, 57, 92]","[0, 41]","{""best_k"": 3, ""best_score"": 0.6561559438705444, ""selected_cluster"": 0, ""cluster_scores"": {""0"": 5.439215660095215, ""1"": -1.0, ""2"": -1.0}, ""num_trusted"": 8, ""fallback_used"": false}"
359,apra,apra_trust_weighted_clip,"[13, 34, 14, 30, 67, 21, 57, 92]",[],"{""base_clip"": 1.0, ""trust_weights"": {""13"": 0.1646948903799057, ""34"": 0.1646948903799057, ""14"": 0.1646948903799057, ""30"": 0.011830579489469528, ""67"": 0.0, ""21"": 0.1646948903799057, ""57"": 0.1646948903799057, ""92"": 0.1646948903799057}, ""num_aggregated"": 8}"
360,apra,apra_mad_filter,"[1, 72, 53, 86, 69, 68, 28, 79, 18]",[31],"{""median_norm"": 0.5334730908535009, ""mad"": 0.06975268917636329, ""k"": 2.0, ""num_accepted"": 9, ""safety_keep_used"": false, ""fallback_used"": false}"
360,apra,apra_hierarchical_cluster,"[1, 72, 53, 86, 68, 28, 79, 18]",[69],"{""best_k"": 2, ""best_score"": 0.4889739453792572, ""selected_cluster"": 0, ""cluster_scores"": {""0"": 5.224884986877441, ""1"": -1.0}, ""num_trusted"": 8, ""fallback_used"": false}"
360,apra,apra_trust_weighted_clip,"[1, 72, 53, 86, 68, 28, 79, 18]",[],"{""base_clip"": 1.0, ""trust_weights"": {""1"": 0.1666666716337204, ""72"": 0.0, ""53"": 0.1666666716337204, ""86"": 0.1666666716337204, ""68"": 0.1666666716337204, ""28"": 0.0, ""79"": 0.1666666716337204, ""18"": 0.1666666716337204}, ""num_aggregated"": 8}"
361,apra,apra_mad_filter,"[1, 69, 86, 97, 78, 68, 50, 18, 20, 46]",[],"{""median_norm"": 0.510572841835943, ""mad"": 0.07941785648581678, ""k"": 2.0, ""num_accepted"": 10, ""safety_keep_used"": false, ""fallback_used"": false}"
361,apra,apra_hierarchical_cluster,"[1, 86, 97, 78, 68, 50, 18, 20, 46]",[69],"{""best_k"": 2, ""best_score"": 0.5902760624885559, ""selected_cluster"": 0, ""cluster_scores"": {""0"": 2.671549081802368, ""1"": -1.0}, ""num_trusted"": 9, ""fallback_used"": false}"
361,apra,apra_trust_weighted_clip,"[1, 86, 97, 78, 68, 50, 18, 20, 46]",[],"{""base_clip"": 1.0, ""trust_weights"": {""1"": 0.09971224516630173, ""86"": 0.180057555437088, ""97"": 0.180057555437088, ""78"": 0.180057555437088, ""68"": 0.0, ""50"": 0.0, ""18"": 0.180057555437088, ""20"": 0.0, ""46"": 0.180057555437088}, ""num_aggregated"": 9}"
362,apra,apra_mad_filter,"[2, 55, 84, 65, 95, 24, 73, 53, 56]",[54],"{""median_norm"": 0.667081747211353, ""mad"": 0.05931649197247091, ""k"": 2.0, ""num_accepted"": 9, ""safety_keep_used"": false, ""fallback_used"": false}"
362,apra,apra_hierarchical_cluster,"[2, 55, 84, 65, 24, 73, 53, 56]",[95],"{""best_k"": 2, ""best_score"": 0.6444227695465088, ""selected_cluster"": 0, ""cluster_scores"": {""0"": 5.405226707458496, ""1"": -1.0}, ""num_trusted"": 8, ""fallback_used"": false}"
362,apra,apra_trust_weighted_clip,"[2, 55, 84, 65, 24, 73, 53, 56]",[],"{""base_clip"": 1.0, ""trust_weights"": {""2"": 0.0, ""55"": 0.1666666716337204, ""84"": 0.1666666716337204, ""65"": 0.1666666716337204, ""24"": 0.1666666716337204, ""73"": 0.0, ""53"": 0.1666666716337204, ""56"": 0.1666666716337204}, ""num_aggregated"": 8}"
363,apra,apra_mad_filter,"[0, 8, 30, 47, 52, 48, 64, 35, 83, 71]",[],"{""median_norm"": 0.6698344409022527, ""mad"": 0.09371462056777952, ""k"": 2.0, ""num_accepted"": 10, ""safety_keep_used"": false, ""fallback_used"": false}"
363,apra,apra_hierarchical_cluster,"[8, 52, 64, 35, 83, 71]","[0, 30, 47, 48]","{""best_k"": 4, ""best_score"": 0.40045052766799927, ""selected_cluster"": 1, ""cluster_scores"": {""0"": 1.446991205215454, ""1"": 1.7047008275985718, ""2"": -1.0, ""3"": -1.0}, ""num_trusted"": 6, ""fallback_used"": false}"
363,apra,apra_trust_weighted_clip,"[8, 52, 64, 35, 83, 71]",[],"{""base_clip"": 1.0, ""trust_weights"": {""8"": 0.0, ""52"": 0.27308744192123413, ""64"": 0.27308744192123413, ""35"": 0.1807377189397812, ""83"": 0.27308744192123413, ""71"": 0.0}, ""num_aggregated"": 6}"
364,apra,apra_mad_filter,"[72, 40, 26, 63, 84, 11, 91, 99, 75]",[0],"{""median_norm"": 0.5221653672667756, ""mad"": 0.08896023988950619, ""k"": 2.0, ""num_accepted"": 9, ""safety_keep_used"": false, ""fallback_used"": false}"
364,apra,apra_hierarchical_cluster,"[72, 40, 63, 84, 11, 91, 99, 75]",[26],"{""best_k"": 2, ""best_score"": 0.7243734002113342, ""selected_cluster"": 0, ""cluster_scores"": {""0"": 5.224918365478516, ""1"": -1.0}, ""num_trusted"": 8, ""fallback_used"": false}"
364,apra,apra_trust_weighted_clip,"[72, 40, 63, 84, 11, 91, 99, 75]",[],"{""base_clip"": 1.0, ""trust_weights"": {""72"": 0.16506649553775787, ""40"": 0.20873337984085083, ""63"": 0.20873337984085083, ""84"": 0.0, ""11"": 0.0, ""91"": 0.20873337984085083, ""99"": 0.20873337984085083, ""75"": 0.0}, ""num_aggregated"": 8}"
365,apra,apra_mad_filter,"[1, 53, 19, 62, 30, 81, 47, 0, 83, 52]",[],"{""median_norm"": 0.7493647758848799, ""mad"": 0.11352752572393138, ""k"": 2.0, ""num_accepted"": 10, ""safety_keep_used"": false, ""fallback_used"": false}"
365,apra,apra_hierarchical_cluster,"[1, 53, 19, 62, 30, 81, 47, 83, 52]",[0],"{""best_k"": 2, ""best_score"": 0.5758131742477417, ""selected_cluster"": 0, ""cluster_scores"": {""0"": 2.9764652252197266, ""1"": -1.0}, ""num_trusted"": 9, ""fallback_used"": false}"
365,apra,apra_trust_weighted_clip,"[1, 53, 19, 62, 30, 81, 47, 83, 52]",[],"{""base_clip"": 1.0, ""trust_weights"": {""1"": 0.1378929764032364, ""53"": 0.1378929764032364, ""19"": 0.08632107824087143, ""62"": 0.1378929764032364, ""30"": 0.08632107824087143, ""81"": 0.1378929764032364, ""47"": 0.0, ""83"": 0.1378929764032364, ""52"": 0.1378929764032364}, ""num_aggregated"": 9}"
366,apra,apra_mad_filter,"[0, 7, 94, 10, 20, 55, 53, 37, 50, 82]",[],"{""median_norm"": 0.5387010538389971, ""mad"": 0.1103117354172608, ""k"": 2.0, ""num_accepted"": 10, ""safety_keep_used"": false, ""fallback_used"": false}"
366,apra,apra_hierarchical_cluster,"[7, 94, 10, 20, 55, 53, 37, 50, 82]",[0],"{""best_k"": 2, ""best_score"": 0.5468252897262573, ""selected_cluster"": 0, ""cluster_scores"": {""0"": 2.7614283561706543, ""1"": -1.0}, ""num_trusted"": 9, ""fallback_used"": false}"
366,apra,apra_trust_weighted_clip,"[7, 94, 10, 20, 55, 53, 37, 50, 82]",[],"{""base_clip"": 1.0, ""trust_weights"": {""7"": 0.1388162523508072, ""94"": 0.1388162523508072, ""10"": 0.0, ""20"": 0.08355126529932022, ""55"": 0.08355126529932022, ""53"": 0.1388162523508072, ""37"": 0.1388162523508072, ""50"": 0.1388162523508072, ""82"": 0.1388162523508072}, ""num_aggregated"": 9}"
367,apra,apra_mad_filter,"[0, 75, 56, 10, 37, 78, 73, 11, 1]",[5],"{""median_norm"": 0.5177634641093674, ""mad"": 0.12094333878432587, ""k"": 2.0, ""num_accepted"": 9, ""safety_keep_used"": false, ""fallback_used"": false}"
367,apra,apra_hierarchical_cluster,"[0, 75, 56, 37, 78, 11, 1]","[10, 73]","{""best_k"": 2, ""best_score"": 0.6295556426048279, ""selected_cluster"": 0, ""cluster_scores"": {""0"": 4.8778462409973145, ""1"": 1.8363370895385742}, ""num_trusted"": 7, ""fallback_used"": false}"
367,apra,apra_trust_weighted_clip,"[0, 75, 56, 37, 78, 11, 1]",[],"{""base_clip"": 1.0, ""trust_weights"": {""0"": 0.14823243021965027, ""75"": 0.0, ""56"": 0.21294188499450684, ""37"": 0.21294188499450684, ""78"": 0.21294188499450684, ""11"": 0.0, ""1"": 0.21294188499450684}, ""num_aggregated"": 7}"
368,apra,apra_mad_filter,"[0, 77, 14, 56, 51, 46, 86, 76, 42, 40]",[],"{""median_norm"": 0.4653081316272277, ""mad"": 0.045797744438668936, ""k"": 2.0, ""num_accepted"": 10, ""safety_keep_used"": false, ""fallback_used"": false}"
368,apra,apra_hierarchical_cluster,"[0, 77, 14, 56, 51, 46, 86, 76, 40]",[42],"{""best_k"": 2, ""best_score"": 0.663388729095459, ""selected_cluster"": 0, ""cluster_scores"": {""0"": 4.447437763214111, ""1"": -1.0}, ""num_trusted"": 9, ""fallback_used"": false}"
368,apra,apra_trust_weighted_clip,"[0, 77, 14, 56, 51, 46, 86, 76, 40]",[],"{""base_clip"": 1.0, ""trust_weights"": {""0"": 0.0, ""77"": 0.1428571492433548, ""14"": 0.1428571492433548, ""56"": 0.1428571492433548, ""51"": 0.0, ""46"": 0.1428571492433548, ""86"": 0.1428571492433548, ""76"": 0.1428571492433548, ""40"": 0.1428571492433548}, ""num_aggregated"": 9}"
369,apra,apra_mad_filter,"[2, 40, 93, 32, 7, 13, 61, 67, 35]",[5],"{""median_norm"": 0.5532866490604162, ""mad"": 0.07941544945774828, ""k"": 2.0, ""num_accepted"": 9, ""safety_keep_used"": false, ""fallback_used"": false}"
369,apra,apra_hierarchical_cluster,"[2, 40, 93, 7, 13, 61, 67, 35]",[32],"{""best_k"": 2, ""best_score"": 0.5795166492462158, ""selected_cluster"": 0, ""cluster_scores"": {""0"": 3.8326759338378906, ""1"": -1.0}, ""num_trusted"": 8, ""fallback_used"": false}"
369,apra,apra_trust_weighted_clip,"[2, 40, 93, 7, 13, 61, 67, 35]",[],"{""base_clip"": 1.0, ""trust_weights"": {""2"": 0.0, ""40"": 0.19813111424446106, ""93"": 0.19813111424446106, ""7"": 0.009344399906694889, ""13"": 0.19813111424446106, ""61"": 0.0, ""67"": 0.19813111424446106, ""35"": 0.19813111424446106}, ""num_aggregated"": 8}"
370,apra,apra_mad_filter,"[3, 84, 63, 94, 39, 98, 89, 21]","[17, 95]","{""median_norm"": 0.5232345651624484, ""mad"": 0.04949204288035669, ""k"": 2.0, ""num_accepted"": 8, ""safety_keep_used"": false, ""fallback_used"": false}"
370,apra,apra_hierarchical_cluster,"[3, 84, 39, 98, 89, 21]","[63, 94]","{""best_k"": 2, ""best_score"": 0.3081776797771454, ""selected_cluster"": 0, ""cluster_scores"": {""0"": 3.4964442253112793, ""1"": 1.7289001941680908}, ""num_trusted"": 6, ""fallback_used"": false}"
370,apra,apra_trust_weighted_clip,"[3, 84, 39, 98, 89, 21]",[],"{""base_clip"": 1.0, ""trust_weights"": {""3"": 0.2196016013622284, ""84"": 0.2196016013622284, ""39"": 0.0, ""98"": 0.2196016013622284, ""89"": 0.2196016013622284, ""21"": 0.12159357964992523}, ""num_aggregated"": 6}"
371,apra,apra_mad_filter,"[0, 83, 41, 24, 92, 44, 86, 87, 71]",[17],"{""median_norm"": 0.6454586652827168, ""mad"": 0.06350842432577031, ""k"": 2.0, ""num_accepted"": 9, ""safety_keep_used"": false, ""fallback_used"": false}"
371,apra,apra_hierarchical_cluster,"[83, 41, 24, 92, 44, 86, 87, 71]",[0],"{""best_k"": 2, ""best_score"": 0.5876261591911316, ""selected_cluster"": 0, ""cluster_scores"": {""0"": 1.284232497215271, ""1"": -1.0}, ""num_trusted"": 8, ""fallback_used"": false}"
371,apra,apra_trust_weighted_clip,"[83, 41, 24, 92, 44, 86, 87, 71]",[],"{""base_clip"": 1.0, ""trust_weights"": {""83"": 0.16982176899909973, ""41"": 0.1018991619348526, ""24"": 0.1305721551179886, ""92"": 0.16982176899909973, ""44"": 0.0, ""86"": 0.15616419911384583, ""87"": 0.16982176899909973, ""71"": 0.1018991619348526}, ""num_aggregated"": 8}"
372,apra,apra_mad_filter,"[4, 65, 59, 26, 8, 64, 21, 14, 53]",[88],"{""median_norm"": 0.6065715567917892, ""mad"": 0.08907693415043322, ""k"": 2.0, ""num_accepted"": 9, ""safety_keep_used"": false, ""fallback_used"": false}"
372,apra,apra_hierarchical_cluster,"[4, 65, 59, 8, 64, 21, 14, 53]",[26],"{""best_k"": 2, ""best_score"": 0.643190324306488, ""selected_cluster"": 0, ""cluster_scores"": {""0"": 6.796384811401367, ""1"": -1.0}, ""num_trusted"": 8, ""fallback_used"": false}"
372,apra,apra_trust_weighted_clip,"[4, 65, 59, 8, 64, 21, 14, 53]",[],"{""base_clip"": 1.0, ""trust_weights"": {""4"": 0.1666666716337204, ""65"": 0.1666666716337204, ""59"": 0.0, ""8"": 0.0, ""64"": 0.1666666716337204, ""21"": 0.1666666716337204, ""14"": 0.1666666716337204, ""53"": 0.1666666716337204}, ""num_aggregated"": 8}"
373,apra,apra_mad_filter,"[3, 48, 52, 73, 14, 6, 96, 58, 8, 81]",[],"{""median_norm"": 0.5711098352092057, ""mad"": 0.07599799139498936, ""k"": 2.0, ""num_accepted"": 10, ""safety_keep_used"": false, ""fallback_used"": false}"
373,apra,apra_hierarchical_cluster,"[3, 52, 73, 14, 6, 96, 58, 8, 81]",[48],"{""best_k"": 2, ""best_score"": 0.678789496421814, ""selected_cluster"": 0, ""cluster_scores"": {""0"": 3.5619211196899414, ""1"": -1.0}, ""num_trusted"": 9, ""fallback_used"": false}"
373,apra,apra_trust_weighted_clip,"[3, 52, 73, 14, 6, 96, 58, 8, 81]",[],"{""base_clip"": 1.0, ""trust_weights"": {""3"": 0.16556333005428314, ""52"": 0.16556333005428314, ""73"": 0.0, ""14"": 0.16556333005428314, ""6"": 0.16556333005428314, ""96"": 0.16556333005428314, ""58"": 0.0, ""8"": 0.006619961466640234, ""81"": 0.16556333005428314}, ""num_aggregated"": 9}"
374,apra,apra_mad_filter,"[4, 87, 86, 97, 9, 16, 64, 12, 28]",[52],"{""median_norm"": 0.5073916427086638, ""mad"": 0.06723392545467921, ""k"": 2.0, ""num_accepted"": 9, ""safety_keep_used"": false, ""fallback_used"": false}"
374,apra,apra_hierarchical_cluster,"[4, 87, 86, 97, 16, 64, 12, 28]",[9],"{""best_k"": 2, ""best_score"": 0.5901094675064087, ""selected_cluster"": 0, ""cluster_scores"": {""0"": 2.39384126663208, ""1"": -1.0}, ""num_trusted"": 8, ""fallback_used"": false}"
374,apra,apra_trust_weighted_clip,"[4, 87, 86, 97, 16, 64, 12, 28]",[],"{""base_clip"": 1.0, ""trust_weights"": {""4"": 0.08547931909561157, ""87"": 0.15242011845111847, ""86"": 0.15242011845111847, ""97"": 0.0, ""16"": 0.15242011845111847, ""64"": 0.15242011845111847, ""12"": 0.15242011845111847, ""28"": 0.15242011845111847}, ""num_aggregated"": 8}"
375,apra,apra_mad_filter,"[2, 0, 82, 19, 46, 5, 3, 53, 35, 23]",[],"{""median_norm"": 0.5623140401756281, ""mad"": 0.04951608109338934, ""k"": 2.0, ""num_accepted"": 10, ""safety_keep_used"": false, ""fallback_used"": false}"
375,apra,apra_hierarchical_cluster,"[2, 82, 19, 46, 5, 3, 53, 35, 23]",[0],"{""best_k"": 2, ""best_score"": 0.7557641267776489, ""selected_cluster"": 0, ""cluster_scores"": {""0"": 5.250637054443359, ""1"": -1.0}, ""num_trusted"": 9, ""fallback_used"": false}"
375,apra,apra_trust_weighted_clip,"[2, 82, 19, 46, 5, 3, 53, 35, 23]",[],"{""base_clip"": 1.0, ""trust_weights"": {""2"": 0.1428571492433548, ""82"": 0.1428571492433548, ""19"": 0.0, ""46"": 0.1428571492433548, ""5"": 0.1428571492433548, ""3"": 0.1428571492433548, ""53"": 0.1428571492433548, ""35"": 0.1428571492433548, ""23"": 0.0}, ""num_aggregated"": 9}"
376,apra,apra_mad_filter,"[1, 59, 33, 32, 40, 74, 83, 98, 86]",[54],"{""median_norm"": 0.5628491078866205, ""mad"": 0.06725811456003489, ""k"": 2.0, ""num_accepted"": 9, ""safety_keep_used"": false, ""fallback_used"": false}"
376,apra,apra_hierarchical_cluster,"[1, 33, 40, 74, 83, 98, 86]","[59, 32]","{""best_k"": 3, ""best_score"": 0.6107629537582397, ""selected_cluster"": 0, ""cluster_scores"": {""0"": 6.473127365112305, ""1"": -1.0, ""2"": -1.0}, ""num_trusted"": 7, ""fallback_used"": false}"
376,apra,apra_trust_weighted_clip,"[1, 33, 40, 74, 83, 98, 86]",[],"{""base_clip"": 1.0, ""trust_weights"": {""1"": 0.0, ""33"": 0.21993860602378845, ""40"": 0.0, ""74"": 0.21993860602378845, ""83"": 0.21993860602378845, ""98"": 0.120245561003685, ""86"": 0.21993860602378845}, ""num_aggregated"": 7}"
377,apra,apra_mad_filter,"[3, 44, 18, 56, 87, 46, 8, 41, 25]",[88],"{""median_norm"": 0.4766577880564558, ""mad"": 0.08029291508528522, ""k"": 2.0, ""num_accepted"": 9, ""safety_keep_used"": false, ""fallback_used"": false}"
377,apra,apra_hierarchical_cluster,"[3, 44, 18, 56, 87, 46]","[8, 41, 25]","{""best_k"": 2, ""best_score"": 0.48399433493614197, ""selected_cluster"": 1, ""cluster_scores"": {""0"": 2.645009994506836, ""1"": 5.6692728996276855}, ""num_trusted"": 6, ""fallback_used"": false}"
377,apra,apra_trust_weighted_clip,"[3, 44, 18, 56, 87, 46]",[],"{""base_clip"": 1.0, ""trust_weights"": {""3"": 0.3333333432674408, ""44"": 0.0, ""18"": 0.3333333432674408, ""56"": 0.0, ""87"": 0.3333333432674408, ""46"": 0.0}, ""num_aggregated"": 6}"
378,apra,apra_mad_filter,"[2, 63, 87, 34, 53, 1, 21, 66]","[64, 11]","{""median_norm"": 0.5572115467424221, ""mad"": 0.03612087521487156, ""k"": 2.0, ""num_accepted"": 8, ""safety_keep_used"": false, ""fallback_used"": false}"
378,apra,apra_hierarchical_cluster,"[63, 87, 34, 53, 1, 21]","[2, 66]","{""best_k"": 3, ""best_score"": 0.4860716462135315, ""selected_cluster"": 0, ""cluster_scores"": {""0"": 3.468402862548828, ""1"": -1.0, ""2"": -1.0}, ""num_trusted"": 6, ""fallback_used"": false}"
378,apra,apra_trust_weighted_clip,"[63, 87, 34, 53, 1, 21]",[],"{""base_clip"": 1.0, ""trust_weights"": {""63"": 0.20000000298023224, ""87"": 0.20000000298023224, ""34"": 0.20000000298023224, ""53"": 0.0, ""1"": 0.20000000298023224, ""21"": 0.20000000298023224}, ""num_aggregated"": 6}"
379,apra,apra_mad_filter,"[2, 90, 74, 46, 25, 92, 93, 64]","[71, 69]","{""median_norm"": 0.4896233759374774, ""mad"": 0.023115213411127378, ""k"": 2.0, ""num_accepted"": 8, ""safety_keep_used"": false, ""fallback_used"": false}"
379,apra,apra_hierarchical_cluster,"[2, 90, 74, 46, 92, 93, 64]",[25],"{""best_k"": 2, ""best_score"": 0.5688217282295227, ""selected_cluster"": 0, ""cluster_scores"": {""0"": 4.33568811416626, ""1"": -1.0}, ""num_trusted"": 7, ""fallback_used"": false}"
379,apra,apra_trust_weighted_clip,"[2, 90, 74, 46, 92, 93, 64]",[],"{""base_clip"": 1.0, ""trust_weights"": {""2"": 0.0, ""90"": 0.1816559135913849, ""74"": 0.1816559135913849, ""46"": 0.1816559135913849, ""92"": 0.1816559135913849, ""93"": 0.09172040969133377, ""64"": 0.1816559135913849}, ""num_aggregated"": 7}"
380,apra,apra_mad_filter,"[2, 46, 77, 82, 72, 64, 41, 73, 95, 24]",[],"{""median_norm"": 0.512824422085014, ""mad"": 0.09928373763359227, ""k"": 2.0, ""num_accepted"": 10, ""safety_keep_used"": false, ""fallback_used"": false}"
380,apra,apra_hierarchical_cluster,"[2, 46, 77, 82, 72, 64, 41, 95, 24]",[73],"{""best_k"": 2, ""best_score"": 0.6147778630256653, ""selected_cluster"": 0, ""cluster_scores"": {""0"": 2.378065824508667, ""1"": -1.0}, ""num_trusted"": 9, ""fallback_used"": false}"
380,apra,apra_trust_weighted_clip,"[2, 46, 77, 82, 72, 64, 41, 95, 24]",[],"{""base_clip"": 1.0, ""trust_weights"": {""2"": 0.0, ""46"": 0.1666666716337204, ""77"": 0.1666666716337204, ""82"": 0.0, ""72"": 0.1666666716337204, ""64"": 0.1666666716337204, ""41"": 0.1666666716337204, ""95"": 0.1666666716337204, ""24"": 0.0}, ""num_aggregated"": 9}"
381,apra,apra_mad_filter,"[0, 34, 93, 9, 87, 45, 42, 21, 68, 95]",[],"{""median_norm"": 0.5310521731457809, ""mad"": 0.10024061628417766, ""k"": 2.0, ""num_accepted"": 10, ""safety_keep_used"": false, ""fallback_used"": false}"
381,apra,apra_hierarchical_cluster,"[34, 93, 9, 87, 45, 42, 21, 68, 95]",[0],"{""best_k"": 2, ""best_score"": 0.5681893229484558, ""selected_cluster"": 0, ""cluster_scores"": {""0"": 1.7002167701721191, ""1"": -1.0}, ""num_trusted"": 9, ""fallback_used"": false}"
381,apra,apra_trust_weighted_clip,"[34, 93, 9, 87, 45, 42, 21, 68, 95]",[],"{""base_clip"": 1.0, ""trust_weights"": {""34"": 0.1428571492433548, ""93"": 0.0, ""9"": 0.1428571492433548, ""87"": 0.1428571492433548, ""45"": 0.1428571492433548, ""42"": 0.0, ""21"": 0.1428571492433548, ""68"": 0.1428571492433548, ""95"": 0.1428571492433548}, ""num_aggregated"": 9}"
382,apra,apra_mad_filter,"[1, 98, 30, 13, 36, 94, 3, 85]","[7, 52]","{""median_norm"": 0.5141266173966358, ""mad"": 0.04053969269671204, ""k"": 2.0, ""num_accepted"": 8, ""safety_keep_used"": false, ""fallback_used"": false}"
382,apra,apra_hierarchical_cluster,"[1, 98, 30, 36, 94, 3]","[13, 85]","{""best_k"": 2, ""best_score"": 0.6406481862068176, ""selected_cluster"": 1, ""cluster_scores"": {""0"": 1.6689679622650146, ""1"": 3.834224224090576}, ""num_trusted"": 6, ""fallback_used"": false}"
382,apra,apra_trust_weighted_clip,"[1, 98, 30, 36, 94, 3]",[],"{""base_clip"": 1.0, ""trust_weights"": {""1"": 0.21657085418701172, ""98"": 0.21657085418701172, ""30"": 0.0, ""36"": 0.13371656835079193, ""94"": 0.21657085418701172, ""3"": 0.21657085418701172}, ""num_aggregated"": 6}"
383,apra,apra_mad_filter,"[1, 81, 18, 78, 64, 59, 91, 36, 38, 83]",[],"{""median_norm"": 0.4304975037880046, ""mad"": 0.04810015088914266, ""k"": 2.0, ""num_accepted"": 10, ""safety_keep_used"": false, ""fallback_used"": false}"
383,apra,apra_hierarchical_cluster,"[59, 36]","[1, 81, 18, 78, 64, 91, 38, 83]","{""best_k"": 2, ""best_score"": 0.3322110176086426, ""selected_cluster"": 0, ""cluster_scores"": {""0"": 0.9316114187240601, ""1"": 0.7309672832489014}, ""num_trusted"": 2, ""fallback_used"": false}"
383,apra,apra_trust_weighted_clip,"[59, 36]",[],"{""base_clip"": 1.0, ""trust_weights"": {""59"": 0.5, ""36"": 0.5}, ""num_aggregated"": 2}"
384,apra,apra_mad_filter,"[30, 92, 19, 76, 90, 45, 87]","[2, 40, 59]","{""median_norm"": 0.9353456730315195, ""mad"": 0.05977396959922926, ""k"": 2.0, ""num_accepted"": 7, ""safety_keep_used"": false, ""fallback_used"": false}"
384,apra,apra_hierarchical_cluster,"[30, 92, 76, 90, 45, 87]",[19],"{""best_k"": 2, ""best_score"": 0.6298489570617676, ""selected_cluster"": 0, ""cluster_scores"": {""0"": 2.420436382293701, ""1"": -1.0}, ""num_trusted"": 6, ""fallback_used"": false}"
384,apra,apra_trust_weighted_clip,"[30, 92, 76, 90, 45, 87]",[],"{""base_clip"": 1.0, ""trust_weights"": {""30"": 0.0, ""92"": 0.25, ""76"": 0.25, ""90"": 0.25, ""45"": 0.0, ""87"": 0.25}, ""num_aggregated"": 6}"
385,apra,apra_mad_filter,"[4, 55, 64, 89, 83, 94, 37, 91, 7, 38]",[],"{""median_norm"": 0.5965679719673055, ""mad"": 0.05880889058729971, ""k"": 2.0, ""num_accepted"": 10, ""safety_keep_used"": false, ""fallback_used"": false}"
385,apra,apra_hierarchical_cluster,"[55, 64, 89, 83, 94, 37, 91, 7, 38]",[4],"{""best_k"": 2, ""best_score"": 0.7891569137573242, ""selected_cluster"": 0, ""cluster_scores"": {""0"": 5.9988579750061035, ""1"": -1.0}, ""num_trusted"": 9, ""fallback_used"": false}"
385,apra,apra_trust_weighted_clip,"[55, 64, 89, 83, 94, 37, 91, 7, 38]",[],"{""base_clip"": 1.0, ""trust_weights"": {""55"": 0.0, ""64"": 0.13968001306056976, ""89"": 0.13968001306056976, ""83"": 0.13968001306056976, ""94"": 0.13968001306056976, ""37"": 0.13968001306056976, ""91"": 0.13968001306056976, ""7"": 0.02223988249897957, ""38"": 0.13968001306056976}, ""num_aggregated"": 9}"
386,apra,apra_mad_filter,"[3, 59, 34, 82, 98, 51, 93, 36, 80]",[17],"{""median_norm"": 0.47201035294184723, ""mad"": 0.04857621779035007, ""k"": 2.0, ""num_accepted"": 9, ""safety_keep_used"": false, ""fallback_used"": false}"
386,apra,apra_hierarchical_cluster,"[3, 34, 98, 51, 93, 36, 80]","[59, 82]","{""best_k"": 2, ""best_score"": 0.40909668803215027, ""selected_cluster"": 0, ""cluster_scores"": {""0"": 3.0124528408050537, ""1"": 1.7017314434051514}, ""num_trusted"": 7, ""fallback_used"": false}"
386,apra,apra_trust_weighted_clip,"[3, 34, 98, 51, 93, 36, 80]",[],"{""base_clip"": 1.0, ""trust_weights"": {""3"": 0.25, ""34"": 0.25, ""98"": 0.25, ""51"": 0.25, ""93"": 0.0, ""36"": 0.0, ""80"": 0.0}, ""num_aggregated"": 7}"
387,apra,apra_mad_filter,"[3, 20, 95, 66, 28, 85, 38, 14, 1]",[73],"{""median_norm"": 0.48838430078597583, ""mad"": 0.06509917978605917, ""k"": 2.0, ""num_accepted"": 9, ""safety_keep_used"": false, ""fallback_used"": false}"
387,apra,apra_hierarchical_cluster,"[3, 20, 66, 28, 85, 38, 14, 1]",[95],"{""best_k"": 2, ""best_score"": 0.6545441746711731, ""selected_cluster"": 0, ""cluster_scores"": {""0"": 3.038198947906494, ""1"": -1.0}, ""num_trusted"": 8, ""fallback_used"": false}"
387,apra,apra_trust_weighted_clip,"[3, 20, 66, 28, 85, 38, 14, 1]",[],"{""base_clip"": 1.0, ""trust_weights"": {""3"": 0.18691398203372955, ""20"": 0.18691398203372955, ""66"": 0.0, ""28"": 0.0811745822429657, ""85"": 0.0, ""38"": 0.17116953432559967, ""14"": 0.18691398203372955, ""1"": 0.18691398203372955}, ""num_aggregated"": 8}"
388,apra,apra_mad_filter,"[58, 81, 10, 2, 5, 77, 74, 57]","[3, 85]","{""median_norm"": 0.5737434855129593, ""mad"": 0.045178248341124216, ""k"": 2.0, ""num_accepted"": 8, ""safety_keep_used"": false, ""fallback_used"": false}"
388,apra,apra_hierarchical_cluster,"[58, 81, 2, 5, 77, 74, 57]",[10],"{""best_k"": 2, ""best_score"": 0.7843143939971924, ""selected_cluster"": 0, ""cluster_scores"": {""0"": 5.396770477294922, ""1"": -1.0}, ""num_trusted"": 7, ""fallback_used"": false}"
388,apra,apra_trust_weighted_clip,"[58, 81, 2, 5, 77, 74, 57]",[],"{""base_clip"": 1.0, ""trust_weights"": {""58"": 0.0, ""81"": 0.1938023567199707, ""2"": 0.03098824806511402, ""5"": 0.1938023567199707, ""77"": 0.1938023567199707, ""74"": 0.1938023567199707, ""57"": 0.1938023567199707}, ""num_aggregated"": 7}"
389,apra,apra_mad_filter,"[4, 38, 23, 79, 66, 22, 75, 9]","[73, 32]","{""median_norm"": 0.542103301456343, ""mad"": 0.045394705233510746, ""k"": 2.0, ""num_accepted"": 8, ""safety_keep_used"": false, ""fallback_used"": false}"
389,apra,apra_hierarchical_cluster,"[38, 23, 79, 66, 22, 75, 9]",[4],"{""best_k"": 2, ""best_score"": 0.7299787998199463, ""selected_cluster"": 0, ""cluster_scores"": {""0"": 4.849542140960693, ""1"": -1.0}, ""num_trusted"": 7, ""fallback_used"": false}"
389,apra,apra_trust_weighted_clip,"[38, 23, 79, 66, 22, 75, 9]",[],"{""base_clip"": 1.0, ""trust_weights"": {""38"": 0.25, ""23"": 0.0, ""79"": 0.25, ""66"": 0.0, ""22"": 0.25, ""75"": 0.0, ""9"": 0.25}, ""num_aggregated"": 7}"
390,apra,apra_mad_filter,"[3, 82, 34, 16, 65, 55, 46, 45, 78]",[17],"{""median_norm"": 0.5630400057199418, ""mad"": 0.08649425657787127, ""k"": 2.0, ""num_accepted"": 9, ""safety_keep_used"": false, ""fallback_used"": false}"
390,apra,apra_hierarchical_cluster,"[3, 82, 34, 16, 65, 55, 46, 78]",[45],"{""best_k"": 2, ""best_score"": 0.5298801064491272, ""selected_cluster"": 0, ""cluster_scores"": {""0"": 2.5803065299987793, ""1"": -1.0}, ""num_trusted"": 8, ""fallback_used"": false}"
390,apra,apra_trust_weighted_clip,"[3, 82, 34, 16, 65, 55, 46, 78]",[],"{""base_clip"": 1.0, ""trust_weights"": {""3"": 0.18645736575126648, ""82"": 0.18645736575126648, ""34"": 0.0, ""16"": 0.18645736575126648, ""65"": 0.18645736575126648, ""55"": 0.18645736575126648, ""46"": 0.06771311163902283, ""78"": 0.0}, ""num_aggregated"": 8}"
391,apra,apra_mad_filter,"[3, 7, 99, 24, 37, 67, 76, 10, 0, 44]",[],"{""median_norm"": 0.6077551194681652, ""mad"": 0.059404047992534736, ""k"": 2.0, ""num_accepted"": 10, ""safety_keep_used"": false, ""fallback_used"": false}"
391,apra,apra_hierarchical_cluster,"[3, 7, 99, 24, 37, 67, 76, 10, 44]",[0],"{""best_k"": 2, ""best_score"": 0.5919569730758667, ""selected_cluster"": 0, ""cluster_scores"": {""0"": 2.5815536975860596, ""1"": -1.0}, ""num_trusted"": 9, ""fallback_used"": false}"
391,apra,apra_trust_weighted_clip,"[3, 7, 99, 24, 37, 67, 76, 10, 44]",[],"{""base_clip"": 1.0, ""trust_weights"": {""3"": 0.1666666716337204, ""7"": 0.1666666716337204, ""99"": 0.0, ""24"": 0.1666666716337204, ""37"": 0.1666666716337204, ""67"": 0.1666666716337204, ""76"": 0.1666666716337204, ""10"": 0.0, ""44"": 0.0}, ""num_aggregated"": 9}"
392,apra,apra_mad_filter,"[2, 61, 74, 12, 99, 68, 96, 34]","[73, 47]","{""median_norm"": 0.49750003503891554, ""mad"": 0.03937622553959183, ""k"": 2.0, ""num_accepted"": 8, ""safety_keep_used"": false, ""fallback_used"": false}"
392,apra,apra_hierarchical_cluster,"[2, 61, 74, 12, 99, 96, 34]",[68],"{""best_k"": 2, ""best_score"": 0.5987585186958313, ""selected_cluster"": 0, ""cluster_scores"": {""0"": 4.1099090576171875, ""1"": -1.0}, ""num_trusted"": 7, ""fallback_used"": false}"
392,apra,apra_trust_weighted_clip,"[2, 61, 74, 12, 99, 96, 34]",[],"{""base_clip"": 1.0, ""trust_weights"": {""2"": 0.1912151575088501, ""61"": 0.04392421245574951, ""74"": 0.1912151575088501, ""12"": 0.1912151575088501, ""99"": 0.1912151575088501, ""96"": 0.1912151575088501, ""34"": 0.0}, ""num_aggregated"": 7}"
393,apra,apra_mad_filter,"[1, 34, 87, 45, 15, 84, 99]","[49, 19, 29]","{""median_norm"": 0.5686932348105068, ""mad"": 0.03412500051080902, ""k"": 2.0, ""num_accepted"": 7, ""safety_keep_used"": false, ""fallback_used"": false}"
393,apra,apra_hierarchical_cluster,"[1, 34, 87, 45]","[15, 84, 99]","{""best_k"": 3, ""best_score"": 0.39503979682922363, ""selected_cluster"": 0, ""cluster_scores"": {""0"": 2.811887741088867, ""1"": -1.0, ""2"": 1.7091236114501953}, ""num_trusted"": 4, ""fallback_used"": false}"
393,apra,apra_trust_weighted_clip,"[1, 34, 87, 45]",[],"{""base_clip"": 1.0, ""trust_weights"": {""1"": 0.3610190153121948, ""34"": 0.0, ""87"": 0.3610190153121948, ""45"": 0.27796199917793274}, ""num_aggregated"": 4}"
394,apra,apra_mad_filter,"[2, 27, 34, 36, 8, 92, 60, 89, 4, 66]",[],"{""median_norm"": 0.546523267534635, ""mad"": 0.08015913611607445, ""k"": 2.0, ""num_accepted"": 10, ""safety_keep_used"": false, ""fallback_used"": false}"
394,apra,apra_hierarchical_cluster,"[2, 27, 34, 92, 60, 89, 4]","[36, 8, 66]","{""best_k"": 3, ""best_score"": 0.5199737548828125, ""selected_cluster"": 0, ""cluster_scores"": {""0"": 3.005920886993408, ""1"": 1.9638049602508545, ""2"": -1.0}, ""num_trusted"": 7, ""fallback_used"": false}"
394,apra,apra_trust_weighted_clip,"[2, 27, 34, 92, 60, 89, 4]",[],"{""base_clip"": 1.0, ""trust_weights"": {""2"": 0.02032352052628994, ""27"": 0.21950925886631012, ""34"": 0.21950925886631012, ""92"": 0.21950925886631012, ""60"": 0.10163944959640503, ""89"": 0.21950925886631012, ""4"": 0.0}, ""num_aggregated"": 7}"
395,apra,apra_mad_filter,"[0, 54, 84, 28, 10, 94, 31, 76, 43, 79]",[],"{""median_norm"": 0.5909299063309397, ""mad"": 0.07522193119638743, ""k"": 2.0, ""num_accepted"": 10, ""safety_keep_used"": false, ""fallback_used"": false}"
395,apra,apra_hierarchical_cluster,"[84, 28, 10, 94, 76, 43, 79]","[0, 54, 31]","{""best_k"": 4, ""best_score"": 0.6611940860748291, ""selected_cluster"": 0, ""cluster_scores"": {""0"": 6.8795342445373535, ""1"": -1.0, ""2"": -1.0, ""3"": -1.0}, ""num_trusted"": 7, ""fallback_used"": false}"
395,apra,apra_trust_weighted_clip,"[84, 28, 10, 94, 76, 43, 79]",[],"{""base_clip"": 1.0, ""trust_weights"": {""84"": 0.20000000298023224, ""28"": 0.20000000298023224, ""10"": 0.20000000298023224, ""94"": 0.20000000298023224, ""76"": 0.0, ""43"": 0.20000000298023224, ""79"": 0.0}, ""num_aggregated"": 7}"
396,apra,apra_mad_filter,"[2, 42, 58, 70, 96, 84, 35, 80, 3]",[31],"{""median_norm"": 0.5040137893696919, ""mad"": 0.06344658163206501, ""k"": 2.0, ""num_accepted"": 9, ""safety_keep_used"": false, ""fallback_used"": false}"
396,apra,apra_hierarchical_cluster,"[2, 58, 70, 96, 84, 35, 80, 3]",[42],"{""best_k"": 2, ""best_score"": 0.48353925347328186, ""selected_cluster"": 0, ""cluster_scores"": {""0"": 2.5702602863311768, ""1"": -1.0}, ""num_trusted"": 8, ""fallback_used"": false}"
396,apra,apra_trust_weighted_clip,"[2, 58, 70, 96, 84, 35, 80, 3]",[],"{""base_clip"": 1.0, ""trust_weights"": {""2"": 0.1428571492433548, ""58"": 0.0, ""70"": 0.1428571492433548, ""96"": 0.1428571492433548, ""84"": 0.1428571492433548, ""35"": 0.1428571492433548, ""80"": 0.1428571492433548, ""3"": 0.1428571492433548}, ""num_aggregated"": 8}"
397,apra,apra_mad_filter,"[3, 27, 89, 94, 16, 20, 21, 82]","[67, 10]","{""median_norm"": 0.5002569013879292, ""mad"": 0.03187057047009545, ""k"": 2.0, ""num_accepted"": 8, ""safety_keep_used"": false, ""fallback_used"": false}"
397,apra,apra_hierarchical_cluster,"[3, 27, 89, 94, 16, 20, 21]",[82],"{""best_k"": 2, ""best_score"": 0.5671191215515137, ""selected_cluster"": 0, ""cluster_scores"": {""0"": 3.073503255844116, ""1"": -1.0}, ""num_trusted"": 7, ""fallback_used"": false}"
397,apra,apra_trust_weighted_clip,"[3, 27, 89, 94, 16, 20, 21]",[],"{""base_clip"": 1.0, ""trust_weights"": {""3"": 0.25, ""27"": 0.0, ""89"": 0.0, ""94"": 0.25, ""16"": 0.0, ""20"": 0.25, ""21"": 0.25}, ""num_aggregated"": 7}"
398,apra,apra_mad_filter,"[0, 10, 24, 51, 40, 82, 20, 13, 85, 66]",[],"{""median_norm"": 0.5599750524961469, ""mad"": 0.08237750702877175, ""k"": 2.0, ""num_accepted"": 10, ""safety_keep_used"": false, ""fallback_used"": false}"
398,apra,apra_hierarchical_cluster,"[10, 24, 40, 82, 20, 13, 85, 66]","[0, 51]","{""best_k"": 2, ""best_score"": 0.6107385158538818, ""selected_cluster"": 1, ""cluster_scores"": {""0"": 1.683107614517212, ""1"": 3.9568395614624023}, ""num_trusted"": 8, ""fallback_used"": false}"
398,apra,apra_trust_weighted_clip,"[10, 24, 40, 82, 20, 13, 85, 66]",[],"{""base_clip"": 1.0, ""trust_weights"": {""10"": 0.1666666716337204, ""24"": 0.0, ""40"": 0.1666666716337204, ""82"": 0.1666666716337204, ""20"": 0.0, ""13"": 0.1666666716337204, ""85"": 0.1666666716337204, ""66"": 0.1666666716337204}, ""num_aggregated"": 8}"
399,apra,apra_mad_filter,"[0, 41, 33, 34, 99, 64, 71, 65, 75, 28]",[],"{""median_norm"": 0.6854602269701375, ""mad"": 0.10054387846869511, ""k"": 2.0, ""num_accepted"": 10, ""safety_keep_used"": false, ""fallback_used"": false}"
399,apra,apra_hierarchical_cluster,"[33, 34, 64, 71, 75, 28]","[0, 41, 99, 65]","{""best_k"": 4, ""best_score"": 0.44150352478027344, ""selected_cluster"": 0, ""cluster_scores"": {""0"": 3.9650466442108154, ""1"": -1.0, ""2"": 1.993509292602539, ""3"": -1.0}, ""num_trusted"": 6, ""fallback_used"": false}"
399,apra,apra_trust_weighted_clip,"[33, 34, 64, 71, 75, 28]",[],"{""base_clip"": 1.0, ""trust_weights"": {""33"": 0.22081036865711212, ""34"": 0.25972986221313477, ""64"": 0.0, ""71"": 0.25972986221313477, ""75"": 0.25972986221313477, ""28"": 0.0}, ""num_aggregated"": 6}"
400,apra,apra_mad_filter,"[3, 82, 59, 7, 63, 8, 4, 57, 80]",[48],"{""median_norm"": 0.5024797878808349, ""mad"": 0.058388598542854664, ""k"": 2.0, ""num_accepted"": 9, ""safety_keep_used"": false, ""fallback_used"": false}"
400,apra,apra_hierarchical_cluster,"[3, 82, 59, 7, 63, 4, 57, 80]",[8],"{""best_k"": 2, ""best_score"": 0.6814785599708557, ""selected_cluster"": 0, ""cluster_scores"": {""0"": 6.21124792098999, ""1"": -1.0}, ""num_trusted"": 8, ""fallback_used"": false}"
400,apra,apra_trust_weighted_clip,"[3, 82, 59, 7, 63, 4, 57, 80]",[],"{""base_clip"": 1.0, ""trust_weights"": {""3"": 0.21977117657661438, ""82"": 0.060457661747932434, ""59"": 0.060457661747932434, ""7"": 0.0, ""63"": 0.0, ""4"": 0.21977117657661438, ""57"": 0.21977117657661438, ""80"": 0.21977117657661438}, ""num_aggregated"": 8}"
401,apra,apra_mad_filter,"[2, 83, 93, 3, 82, 52, 17, 50, 86, 28]",[],"{""median_norm"": 0.6938685529397944, ""mad"": 0.17287182459861594, ""k"": 2.0, ""num_accepted"": 10, ""safety_keep_used"": false, ""fallback_used"": false}"
401,apra,apra_hierarchical_cluster,"[2, 83, 93, 3, 82, 52, 50, 86, 28]",[17],"{""best_k"": 2, ""best_score"": 0.4975923001766205, ""selected_cluster"": 0, ""cluster_scores"": {""0"": 1.0549125671386719, ""1"": -1.0}, ""num_trusted"": 9, ""fallback_used"": false}"
401,apra,apra_trust_weighted_clip,"[2, 83, 93, 3, 82, 52, 50, 86, 28]",[],"{""base_clip"": 1.0, ""trust_weights"": {""2"": 0.15463906526565552, ""83"": 0.15463906526565552, ""93"": 0.07216561585664749, ""3"": 0.15463906526565552, ""82"": 0.0, ""52"": 0.0, ""50"": 0.15463906526565552, ""86"": 0.15463906526565552, ""28"": 0.15463906526565552}, ""num_aggregated"": 9}"
402,apra,apra_mad_filter,"[1, 57, 52, 23, 33, 92, 85, 98, 17]",[26],"{""median_norm"": 0.5175382232486903, ""mad"": 0.06852864312146636, ""k"": 2.0, ""num_accepted"": 9, ""safety_keep_used"": false, ""fallback_used"": false}"
402,apra,apra_hierarchical_cluster,"[1, 57, 52, 23, 33, 92, 85, 98]",[17],"{""best_k"": 2, ""best_score"": 0.7081413269042969, ""selected_cluster"": 0, ""cluster_scores"": {""0"": 4.478165626525879, ""1"": -1.0}, ""num_trusted"": 8, ""fallback_used"": false}"
402,apra,apra_trust_weighted_clip,"[1, 57, 52, 23, 33, 92, 85, 98]",[],"{""base_clip"": 1.0, ""trust_weights"": {""1"": 0.1428571492433548, ""57"": 0.1428571492433548, ""52"": 0.1428571492433548, ""23"": 0.1428571492433548, ""33"": 0.1428571492433548, ""92"": 0.1428571492433548, ""85"": 0.0, ""98"": 0.1428571492433548}, ""num_aggregated"": 8}"
403,apra,apra_mad_filter,"[3, 43, 58, 20, 99, 64, 78, 68, 7]",[0],"{""median_norm"": 0.46801785500752546, ""mad"": 0.049057542769843504, ""k"": 2.0, ""num_accepted"": 9, ""safety_keep_used"": false, ""fallback_used"": false}"
403,apra,apra_hierarchical_cluster,"[3, 43, 58, 99, 64, 78, 68, 7]",[20],"{""best_k"": 2, ""best_score"": 0.5133392810821533, ""selected_cluster"": 0, ""cluster_scores"": {""0"": 5.489592552185059, ""1"": -1.0}, ""num_trusted"": 8, ""fallback_used"": false}"
403,apra,apra_trust_weighted_clip,"[3, 43, 58, 99, 64, 78, 68, 7]",[],"{""base_clip"": 1.0, ""trust_weights"": {""3"": 0.1666666716337204, ""43"": 0.1666666716337204, ""58"": 0.1666666716337204, ""99"": 0.0, ""64"": 0.1666666716337204, ""78"": 0.1666666716337204, ""68"": 0.1666666716337204, ""7"": 0.0}, ""num_aggregated"": 8}"
404,apra,apra_mad_filter,"[2, 95, 63, 6, 66, 80, 96, 83]","[62, 31]","{""median_norm"": 0.5676077586816974, ""mad"": 0.05772154405773916, ""k"": 2.0, ""num_accepted"": 8, ""safety_keep_used"": false, ""fallback_used"": false}"
404,apra,apra_hierarchical_cluster,"[2, 63, 6, 66, 80, 96, 83]",[95],"{""best_k"": 2, ""best_score"": 0.5967792868614197, ""selected_cluster"": 0, ""cluster_scores"": {""0"": 2.038090229034424, ""1"": -1.0}, ""num_trusted"": 7, ""fallback_used"": false}"
404,apra,apra_trust_weighted_clip,"[2, 63, 6, 66, 80, 96, 83]",[],"{""base_clip"": 1.0, ""trust_weights"": {""2"": 0.1666666716337204, ""63"": 0.1666666716337204, ""6"": 0.1666666716337204, ""66"": 0.0, ""80"": 0.1666666716337204, ""96"": 0.1666666716337204, ""83"": 0.1666666716337204}, ""num_aggregated"": 7}"
405,apra,apra_mad_filter,"[3, 78, 67, 64, 85, 43, 21, 90, 84, 25]",[],"{""median_norm"": 0.518443806227687, ""mad"": 0.05992583642402752, ""k"": 2.0, ""num_accepted"": 10, ""safety_keep_used"": false, ""fallback_used"": false}"
405,apra,apra_hierarchical_cluster,"[3, 78, 67, 64, 43, 21, 90, 84, 25]",[85],"{""best_k"": 2, ""best_score"": 0.5882257223129272, ""selected_cluster"": 0, ""cluster_scores"": {""0"": 2.7049050331115723, ""1"": -1.0}, ""num_trusted"": 9, ""fallback_used"": false}"
405,apra,apra_trust_weighted_clip,"[3, 78, 67, 64, 43, 21, 90, 84, 25]",[],"{""base_clip"": 1.0, ""trust_weights"": {""3"": 0.1666666716337204, ""78"": 0.1666666716337204, ""67"": 0.0, ""64"": 0.1666666716337204, ""43"": 0.1666666716337204, ""21"": 0.1666666716337204, ""90"": 0.1666666716337204, ""84"": 0.0, ""25"": 0.0}, ""num_aggregated"": 9}"
406,apra,apra_mad_filter,"[76, 80, 56, 25, 50, 14, 67, 39]","[4, 73]","{""median_norm"": 0.5541178066823693, ""mad"": 0.038285402436330496, ""k"": 2.0, ""num_accepted"": 8, ""safety_keep_used"": false, ""fallback_used"": false}"
406,apra,apra_hierarchical_cluster,"[76, 80, 56, 25, 50, 14, 39]",[67],"{""best_k"": 2, ""best_score"": 0.4918607771396637, ""selected_cluster"": 0, ""cluster_scores"": {""0"": 3.7602639198303223, ""1"": -1.0}, ""num_trusted"": 7, ""fallback_used"": false}"
406,apra,apra_trust_weighted_clip,"[76, 80, 56, 25, 50, 14, 39]",[],"{""base_clip"": 1.0, ""trust_weights"": {""76"": 0.20000000298023224, ""80"": 0.20000000298023224, ""56"": 0.20000000298023224, ""25"": 0.0, ""50"": 0.20000000298023224, ""14"": 0.20000000298023224, ""39"": 0.0}, ""num_aggregated"": 7}"
407,apra,apra_mad_filter,"[2, 36, 35, 14, 87, 76, 70, 29, 65]",[47],"{""median_norm"": 0.5350561292900601, ""mad"": 0.08108842531696736, ""k"": 2.0, ""num_accepted"": 9, ""safety_keep_used"": false, ""fallback_used"": false}"
407,apra,apra_hierarchical_cluster,"[2, 14, 87, 76, 29, 65]","[36, 35, 70]","{""best_k"": 3, ""best_score"": 0.3881613612174988, ""selected_cluster"": 0, ""cluster_scores"": {""0"": 4.305148601531982, ""1"": 1.9896173477172852, ""2"": -1.0}, ""num_trusted"": 6, ""fallback_used"": false}"
407,apra,apra_trust_weighted_clip,"[2, 14, 87, 76, 29, 65]",[],"{""base_clip"": 1.0, ""trust_weights"": {""2"": 0.5, ""14"": 0.0, ""87"": 0.0, ""76"": 0.5, ""29"": 0.0, ""65"": 0.0}, ""num_aggregated"": 6}"
408,apra,apra_mad_filter,"[3, 92, 73, 20, 68, 22, 52, 96, 78]",[19],"{""median_norm"": 0.5193382456795526, ""mad"": 0.08161438071247748, ""k"": 2.0, ""num_accepted"": 9, ""safety_keep_used"": false, ""fallback_used"": false}"
408,apra,apra_hierarchical_cluster,"[3, 92, 20, 68, 22, 52, 96, 78]",[73],"{""best_k"": 2, ""best_score"": 0.7450364232063293, ""selected_cluster"": 0, ""cluster_scores"": {""0"": 4.156108379364014, ""1"": -1.0}, ""num_trusted"": 8, ""fallback_used"": false}"
408,apra,apra_trust_weighted_clip,"[3, 92, 20, 68, 22, 52, 96, 78]",[],"{""base_clip"": 1.0, ""trust_weights"": {""3"": 0.0, ""92"": 0.1428571492433548, ""20"": 0.1428571492433548, ""68"": 0.1428571492433548, ""22"": 0.1428571492433548, ""52"": 0.1428571492433548, ""96"": 0.1428571492433548, ""78"": 0.1428571492433548}, ""num_aggregated"": 8}"
409,apra,apra_mad_filter,"[0, 13, 54, 46, 14, 41, 78, 93, 74, 22]",[],"{""median_norm"": 0.5328913427877227, ""mad"": 0.13250228570526046, ""k"": 2.0, ""num_accepted"": 10, ""safety_keep_used"": false, ""fallback_used"": false}"
409,apra,apra_hierarchical_cluster,"[13, 46, 14, 93, 74, 22]","[0, 54, 41, 78]","{""best_k"": 3, ""best_score"": 0.6147745251655579, ""selected_cluster"": 2, ""cluster_scores"": {""0"": 1.8816466331481934, ""1"": 1.9861433506011963, ""2"": 5.431466579437256}, ""num_trusted"": 6, ""fallback_used"": false}"
409,apra,apra_trust_weighted_clip,"[13, 46, 14, 93, 74, 22]",[],"{""base_clip"": 1.0, ""trust_weights"": {""13"": 0.17990584671497345, ""46"": 0.0, ""14"": 0.20502354204654694, ""93"": 0.20502354204654694, ""74"": 0.20502354204654694, ""22"": 0.20502354204654694}, ""num_aggregated"": 6}"
410,apra,apra_mad_filter,"[3, 37, 58, 70, 95, 64, 13, 47, 83, 43]",[],"{""median_norm"": 0.5854363282221943, ""mad"": 0.15731109409346344, ""k"": 2.0, ""num_accepted"": 10, ""safety_keep_used"": false, ""fallback_used"": false}"
410,apra,apra_hierarchical_cluster,"[3, 37, 58, 70, 95, 64, 13, 83, 43]",[47],"{""best_k"": 2, ""best_score"": 0.6731472611427307, ""selected_cluster"": 0, ""cluster_scores"": {""0"": 3.3141918182373047, ""1"": -1.0}, ""num_trusted"": 9, ""fallback_used"": false}"
410,apra,apra_trust_weighted_clip,"[3, 37, 58, 70, 95, 64, 13, 83, 43]",[],"{""base_clip"": 1.0, ""trust_weights"": {""3"": 0.1428571492433548, ""37"": 0.1428571492433548, ""58"": 0.1428571492433548, ""70"": 0.0, ""95"": 0.0, ""64"": 0.1428571492433548, ""13"": 0.1428571492433548, ""83"": 0.1428571492433548, ""43"": 0.1428571492433548}, ""num_aggregated"": 9}"
411,apra,apra_mad_filter,"[1, 25, 27, 10, 83, 58, 74, 30, 86, 28]",[],"{""median_norm"": 0.5405904025618892, ""mad"": 0.04834318777304672, ""k"": 2.0, ""num_accepted"": 10, ""safety_keep_used"": false, ""fallback_used"": false}"
411,apra,apra_hierarchical_cluster,"[1, 25, 27, 83, 74, 86]","[10, 58, 30, 28]","{""best_k"": 2, ""best_score"": 0.36889511346817017, ""selected_cluster"": 1, ""cluster_scores"": {""0"": 1.8144700527191162, ""1"": 3.922306537628174}, ""num_trusted"": 6, ""fallback_used"": false}"
411,apra,apra_trust_weighted_clip,"[1, 25, 27, 83, 74, 86]",[],"{""base_clip"": 1.0, ""trust_weights"": {""1"": 0.3830932378768921, ""25"": 0.0, ""27"": 0.3830932378768921, ""83"": 0.0, ""74"": 0.0, ""86"": 0.23381349444389343}, ""num_aggregated"": 6}"
412,apra,apra_mad_filter,"[2, 64, 43, 50, 9, 79, 55, 96, 13, 60]",[],"{""median_norm"": 0.5132183583261902, ""mad"": 0.057154933135370845, ""k"": 2.0, ""num_accepted"": 10, ""safety_keep_used"": false, ""fallback_used"": false}"
412,apra,apra_hierarchical_cluster,"[2, 43, 50, 9, 79, 55, 96, 13, 60]",[64],"{""best_k"": 2, ""best_score"": 0.46199455857276917, ""selected_cluster"": 0, ""cluster_scores"": {""0"": 0.6034849882125854, ""1"": -1.0}, ""num_trusted"": 9, ""fallback_used"": false}"
412,apra,apra_trust_weighted_clip,"[2, 43, 50, 9, 79, 55, 96, 13, 60]",[],"{""base_clip"": 1.0, ""trust_weights"": {""2"": 0.1428571492433548, ""43"": 0.0, ""50"": 0.1428571492433548, ""9"": 0.1428571492433548, ""79"": 0.1428571492433548, ""55"": 0.1428571492433548, ""96"": 0.1428571492433548, ""13"": 0.0, ""60"": 0.1428571492433548}, ""num_aggregated"": 9}"
413,apra,apra_mad_filter,"[3, 47, 81, 7, 15, 2, 6, 22, 64]",[19],"{""median_norm"": 0.5373890620708135, ""mad"": 0.09171641013207418, ""k"": 2.0, ""num_accepted"": 9, ""safety_keep_used"": false, ""fallback_used"": false}"
413,apra,apra_hierarchical_cluster,"[3, 81, 7, 15, 2, 6, 22, 64]",[47],"{""best_k"": 2, ""best_score"": 0.712805986404419, ""selected_cluster"": 0, ""cluster_scores"": {""0"": 5.18886661529541, ""1"": -1.0}, ""num_trusted"": 8, ""fallback_used"": false}"
413,apra,apra_trust_weighted_clip,"[3, 81, 7, 15, 2, 6, 22, 64]",[],"{""base_clip"": 1.0, ""trust_weights"": {""3"": 0.15750445425510406, ""81"": 0.15750445425510406, ""7"": 0.05497321859002113, ""15"": 0.0, ""2"": 0.15750445425510406, ""6"": 0.15750445425510406, ""22"": 0.15750445425510406, ""64"": 0.15750445425510406}, ""num_aggregated"": 8}"
414,apra,apra_mad_filter,"[4, 55, 40, 85, 99, 46, 67, 86]","[79, 73]","{""median_norm"": 0.5587714445635745, ""mad"": 0.03462137654408515, ""k"": 2.0, ""num_accepted"": 8, ""safety_keep_used"": false, ""fallback_used"": false}"
414,apra,apra_hierarchical_cluster,"[4, 55, 40, 85, 86]","[99, 46, 67]","{""best_k"": 2, ""best_score"": 0.41456758975982666, ""selected_cluster"": 1, ""cluster_scores"": {""0"": 2.3940560817718506, ""1"": 3.4724788665771484}, ""num_trusted"": 5, ""fallback_used"": false}"
414,apra,apra_trust_weighted_clip,"[4, 55, 40, 85, 86]",[],"{""base_clip"": 1.0, ""trust_weights"": {""4"": 0.3642849326133728, ""55"": 0.13571500778198242, ""40"": 0.3642849326133728, ""85"": 0.13571500778198242, ""86"": 0.0}, ""num_aggregated"": 5}"
415,apra,apra_mad_filter,"[3, 8, 99, 0, 45, 16, 82, 17, 42, 30]",[],"{""median_norm"": 0.618819466939399, ""mad"": 0.05015987505218866, ""k"": 2.0, ""num_accepted"": 10, ""safety_keep_used"": false, ""fallback_used"": false}"
415,apra,apra_hierarchical_cluster,"[3, 8, 99, 45, 16, 82, 17, 42, 30]",[0],"{""best_k"": 2, ""best_score"": 0.6133038997650146, ""selected_cluster"": 0, ""cluster_scores"": {""0"": 1.8541299104690552, ""1"": -1.0}, ""num_trusted"": 9, ""fallback_used"": false}"
415,apra,apra_trust_weighted_clip,"[3, 8, 99, 45, 16, 82, 17, 42, 30]",[],"{""base_clip"": 1.0, ""trust_weights"": {""3"": 0.1861332505941391, ""8"": 0.034666869789361954, ""99"": 0.034666869789361954, ""45"": 0.1861332505941391, ""16"": 0.1861332505941391, ""82"": 0.1861332505941391, ""17"": 0.1861332505941391, ""42"": 0.0, ""30"": 0.0}, ""num_aggregated"": 9}"
416,apra,apra_mad_filter,"[4, 84, 7, 54, 25, 13, 79, 90, 0, 43]",[],"{""median_norm"": 0.5245116571907249, ""mad"": 0.08223481071430105, ""k"": 2.0, ""num_accepted"": 10, ""safety_keep_used"": false, ""fallback_used"": false}"
416,apra,apra_hierarchical_cluster,"[4, 84, 7, 25, 13, 79, 90, 0, 43]",[54],"{""best_k"": 2, ""best_score"": 0.7111622095108032, ""selected_cluster"": 0, ""cluster_scores"": {""0"": 5.241184234619141, ""1"": -1.0}, ""num_trusted"": 9, ""fallback_used"": false}"
416,apra,apra_trust_weighted_clip,"[4, 84, 7, 25, 13, 79, 90, 0, 43]",[],"{""base_clip"": 1.0, ""trust_weights"": {""4"": 0.125, ""84"": 0.125, ""7"": 0.125, ""25"": 0.125, ""13"": 0.125, ""79"": 0.125, ""90"": 0.125, ""0"": 0.0, ""43"": 0.125}, ""num_aggregated"": 9}"
417,apra,apra_mad_filter,"[1, 64, 50, 77, 27, 22, 94, 72, 60, 82]",[],"{""median_norm"": 0.44236137974036127, ""mad"": 0.04249710897157877, ""k"": 2.0, ""num_accepted"": 10, ""safety_keep_used"": false, ""fallback_used"": false}"
417,apra,apra_hierarchical_cluster,"[1, 64, 50, 77, 22, 94, 72, 60]","[27, 82]","{""best_k"": 2, ""best_score"": 0.5245402455329895, ""selected_cluster"": 1, ""cluster_scores"": {""0"": 1.3516825437545776, ""1"": 2.8871779441833496}, ""num_trusted"": 8, ""fallback_used"": false}"
417,apra,apra_trust_weighted_clip,"[1, 64, 50, 77, 22, 94, 72, 60]",[],"{""base_clip"": 1.0, ""trust_weights"": {""1"": 0.0, ""64"": 0.1428571492433548, ""50"": 0.1428571492433548, ""77"": 0.1428571492433548, ""22"": 0.1428571492433548, ""94"": 0.1428571492433548, ""72"": 0.1428571492433548, ""60"": 0.1428571492433548}, ""num_aggregated"": 8}"
418,apra,apra_mad_filter,"[4, 22, 91, 64, 37, 87, 50, 24, 23]",[88],"{""median_norm"": 0.4795796365623289, ""mad"": 0.0863249481249024, ""k"": 2.0, ""num_accepted"": 9, ""safety_keep_used"": false, ""fallback_used"": false}"
418,apra,apra_hierarchical_cluster,"[64, 37, 24, 23]","[4, 22, 91, 87, 50]","{""best_k"": 2, ""best_score"": 0.30191895365715027, ""selected_cluster"": 0, ""cluster_scores"": {""0"": 3.4069643020629883, ""1"": 3.209261417388916}, ""num_trusted"": 4, ""fallback_used"": false}"
418,apra,apra_trust_weighted_clip,"[64, 37, 24, 23]",[],"{""base_clip"": 1.0, ""trust_weights"": {""64"": 0.25, ""37"": 0.25, ""24"": 0.25, ""23"": 0.25}, ""num_aggregated"": 4}"
419,apra,apra_mad_filter,"[3, 66, 87, 79, 61, 25, 12, 10, 96]",[41],"{""median_norm"": 0.506066550589996, ""mad"": 0.04616574045858307, ""k"": 2.0, ""num_accepted"": 9, ""safety_keep_used"": false, ""fallback_used"": false}"
419,apra,apra_hierarchical_cluster,"[3, 66, 87, 79, 61, 25, 12, 96]",[10],"{""best_k"": 2, ""best_score"": 0.4830434024333954, ""selected_cluster"": 0, ""cluster_scores"": {""0"": 2.0466837882995605, ""1"": -1.0}, ""num_trusted"": 8, ""fallback_used"": false}"
419,apra,apra_trust_weighted_clip,"[3, 66, 87, 79, 61, 25, 12, 96]",[],"{""base_clip"": 1.0, ""trust_weights"": {""3"": 0.20000000298023224, ""66"": 0.0, ""87"": 0.20000000298023224, ""79"": 0.20000000298023224, ""61"": 0.20000000298023224, ""25"": 0.0, ""12"": 0.20000000298023224, ""96"": 0.0}, ""num_aggregated"": 8}"
420,apra,apra_mad_filter,"[2, 21, 86, 34, 98, 69, 63, 18, 85]",[27],"{""median_norm"": 0.5034036266032362, ""mad"": 0.0390945733755019, ""k"": 2.0, ""num_accepted"": 9, ""safety_keep_used"": false, ""fallback_used"": false}"
420,apra,apra_hierarchical_cluster,"[21, 86, 34, 98, 69, 63, 18, 85]",[2],"{""best_k"": 2, ""best_score"": 0.5334300398826599, ""selected_cluster"": 0, ""cluster_scores"": {""0"": 2.7617998123168945, ""1"": -1.0}, ""num_trusted"": 8, ""fallback_used"": false}"
420,apra,apra_trust_weighted_clip,"[21, 86, 34, 98, 69, 63, 18, 85]",[],"{""base_clip"": 1.0, ""trust_weights"": {""21"": 0.16910666227340698, ""86"": 0.16910666227340698, ""34"": 0.16910666227340698, ""98"": 0.16910666227340698, ""69"": 0.0, ""63"": 0.16910666227340698, ""18"": 0.1544666290283203, ""85"": 0.0}, ""num_aggregated"": 8}"
421,apra,apra_mad_filter,"[57, 58, 78, 25, 94, 13, 40, 84]","[0, 42]","{""median_norm"": 0.4629552946070996, ""mad"": 0.03747911808653137, ""k"": 2.0, ""num_accepted"": 8, ""safety_keep_used"": false, ""fallback_used"": false}"
421,apra,apra_hierarchical_cluster,"[57, 58, 78, 25, 94, 40, 84]",[13],"{""best_k"": 2, ""best_score"": 0.5144143104553223, ""selected_cluster"": 0, ""cluster_scores"": {""0"": 4.601353645324707, ""1"": -1.0}, ""num_trusted"": 7, ""fallback_used"": false}"
421,apra,apra_trust_weighted_clip,"[57, 58, 78, 25, 94, 40, 84]",[],"{""base_clip"": 1.0, ""trust_weights"": {""57"": 0.1666666716337204, ""58"": 0.1666666716337204, ""78"": 0.1666666716337204, ""25"": 0.0, ""94"": 0.1666666716337204, ""40"": 0.1666666716337204, ""84"": 0.1666666716337204}, ""num_aggregated"": 7}"
422,apra,apra_mad_filter,"[2, 33, 84, 78, 35, 15, 76, 91, 73, 49]",[],"{""median_norm"": 0.6244270485848056, ""mad"": 0.09186811285118113, ""k"": 2.0, ""num_accepted"": 10, ""safety_keep_used"": false, ""fallback_used"": false}"
422,apra,apra_hierarchical_cluster,"[2, 33, 84, 78, 35, 15, 76, 91, 49]",[73],"{""best_k"": 2, ""best_score"": 0.7810973525047302, ""selected_cluster"": 0, ""cluster_scores"": {""0"": 6.0223307609558105, ""1"": -1.0}, ""num_trusted"": 9, ""fallback_used"": false}"
422,apra,apra_trust_weighted_clip,"[2, 33, 84, 78, 35, 15, 76, 91, 49]",[],"{""base_clip"": 1.0, ""trust_weights"": {""2"": 0.125, ""33"": 0.125, ""84"": 0.125, ""78"": 0.125, ""35"": 0.125, ""15"": 0.0, ""76"": 0.125, ""91"": 0.125, ""49"": 0.125}, ""num_aggregated"": 9}"
423,apra,apra_mad_filter,"[2, 87, 74, 98, 84, 50, 23, 82, 34]",[41],"{""median_norm"": 0.47553155930871926, ""mad"": 0.05850793907756832, ""k"": 2.0, ""num_accepted"": 9, ""safety_keep_used"": false, ""fallback_used"": false}"
423,apra,apra_hierarchical_cluster,"[87, 74, 98, 84, 50, 23, 82, 34]",[2],"{""best_k"": 2, ""best_score"": 0.49709251523017883, ""selected_cluster"": 0, ""cluster_scores"": {""0"": 5.652453422546387, ""1"": -1.0}, ""num_trusted"": 8, ""fallback_used"": false}"
423,apra,apra_trust_weighted_clip,"[87, 74, 98, 84, 50, 23, 82, 34]",[],"{""base_clip"": 1.0, ""trust_weights"": {""87"": 0.1804676055908203, ""74"": 0.1804676055908203, ""98"": 0.1804676055908203, ""84"": 0.0, ""50"": 0.09766197949647903, ""23"": 0.1804676055908203, ""82"": 0.0, ""34"": 0.1804676055908203}, ""num_aggregated"": 8}"
424,apra,apra_mad_filter,"[1, 71, 36, 74, 92, 19, 99, 64, 58]",[0],"{""median_norm"": 0.5179934913531619, ""mad"": 0.05839724558790252, ""k"": 2.0, ""num_accepted"": 9, ""safety_keep_used"": false, ""fallback_used"": false}"
424,apra,apra_hierarchical_cluster,"[1, 71, 36, 74, 92, 99, 64, 58]",[19],"{""best_k"": 2, ""best_score"": 0.6699765920639038, ""selected_cluster"": 0, ""cluster_scores"": {""0"": 4.370026588439941, ""1"": -1.0}, ""num_trusted"": 8, ""fallback_used"": false}"
424,apra,apra_trust_weighted_clip,"[1, 71, 36, 74, 92, 99, 64, 58]",[],"{""base_clip"": 1.0, ""trust_weights"": {""1"": 0.16879133880138397, ""71"": 0.15604336559772491, ""36"": 0.0, ""74"": 0.16879133880138397, ""92"": 0.16879133880138397, ""99"": 0.0, ""64"": 0.16879133880138397, ""58"": 0.16879133880138397}, ""num_aggregated"": 8}"
425,apra,apra_mad_filter,"[0, 46, 58, 30, 86, 53, 68, 1]","[82, 43]","{""median_norm"": 0.5573232158529607, ""mad"": 0.027719926202354417, ""k"": 2.0, ""num_accepted"": 8, ""safety_keep_used"": false, ""fallback_used"": false}"
425,apra,apra_hierarchical_cluster,"[46, 58, 30, 86, 53, 68, 1]",[0],"{""best_k"": 2, ""best_score"": 0.6594926714897156, ""selected_cluster"": 0, ""cluster_scores"": {""0"": 2.300025701522827, ""1"": -1.0}, ""num_trusted"": 7, ""fallback_used"": false}"
425,apra,apra_trust_weighted_clip,"[46, 58, 30, 86, 53, 68, 1]",[],"{""base_clip"": 1.0, ""trust_weights"": {""46"": 0.1666666716337204, ""58"": 0.1666666716337204, ""30"": 0.0, ""86"": 0.1666666716337204, ""53"": 0.1666666716337204, ""68"": 0.1666666716337204, ""1"": 0.1666666716337204}, ""num_aggregated"": 7}"
426,apra,apra_mad_filter,"[3, 8, 87, 15, 70, 20, 45, 12, 83]",[42],"{""median_norm"": 0.4907437286178304, ""mad"": 0.05322154655533068, ""k"": 2.0, ""num_accepted"": 9, ""safety_keep_used"": false, ""fallback_used"": false}"
426,apra,apra_hierarchical_cluster,"[3, 87, 15, 70, 45, 12, 83]","[8, 20]","{""best_k"": 3, ""best_score"": 0.5255012512207031, ""selected_cluster"": 0, ""cluster_scores"": {""0"": 4.737541198730469, ""1"": -1.0, ""2"": -1.0}, ""num_trusted"": 7, ""fallback_used"": false}"
426,apra,apra_trust_weighted_clip,"[3, 87, 15, 70, 45, 12, 83]",[],"{""base_clip"": 1.0, ""trust_weights"": {""3"": 0.2395496815443039, ""87"": 0.2395496815443039, ""15"": 0.0, ""70"": 0.0, ""45"": 0.04180122911930084, ""12"": 0.2395496815443039, ""83"": 0.2395496815443039}, ""num_aggregated"": 7}"
427,apra,apra_mad_filter,"[0, 4, 25, 12, 84, 69, 56, 58, 3]",[17],"{""median_norm"": 0.5325504205362883, ""mad"": 0.08309701977099998, ""k"": 2.0, ""num_accepted"": 9, ""safety_keep_used"": false, ""fallback_used"": false}"
427,apra,apra_hierarchical_cluster,"[4, 25, 12, 84, 69, 56, 58, 3]",[0],"{""best_k"": 2, ""best_score"": 0.5388660430908203, ""selected_cluster"": 0, ""cluster_scores"": {""0"": 2.4780516624450684, ""1"": -1.0}, ""num_trusted"": 8, ""fallback_used"": false}"
427,apra,apra_trust_weighted_clip,"[4, 25, 12, 84, 69, 56, 58, 3]",[],"{""base_clip"": 1.0, ""trust_weights"": {""4"": 0.0, ""25"": 0.0, ""12"": 0.28097018599510193, ""84"": 0.15708936750888824, ""69"": 0.0, ""56"": 0.28097018599510193, ""58"": 0.0, ""3"": 0.28097018599510193}, ""num_aggregated"": 8}"
428,apra,apra_mad_filter,"[3, 46, 75, 14, 36, 95, 48, 54, 55, 10]",[],"{""median_norm"": 0.6097135661871165, ""mad"": 0.09750584720945993, ""k"": 2.0, ""num_accepted"": 10, ""safety_keep_used"": false, ""fallback_used"": false}"
428,apra,apra_hierarchical_cluster,"[3, 46, 75, 14, 36, 95, 54, 55, 10]",[48],"{""best_k"": 2, ""best_score"": 0.5920267105102539, ""selected_cluster"": 0, ""cluster_scores"": {""0"": 2.6765084266662598, ""1"": -1.0}, ""num_trusted"": 9, ""fallback_used"": false}"
428,apra,apra_trust_weighted_clip,"[3, 46, 75, 14, 36, 95, 54, 55, 10]",[],"{""base_clip"": 1.0, ""trust_weights"": {""3"": 0.16329392790794373, ""46"": 0.16329392790794373, ""75"": 0.0, ""14"": 0.16329392790794373, ""36"": 0.16329392790794373, ""95"": 0.09176516532897949, ""54"": 0.09176516532897949, ""55"": 0.16329392790794373, ""10"": 0.0}, ""num_aggregated"": 9}"
429,apra,apra_mad_filter,"[4, 53, 52, 94, 59, 88, 49, 1, 12, 93]",[],"{""median_norm"": 0.7518413965293076, ""mad"": 0.2787811834948465, ""k"": 2.0, ""num_accepted"": 10, ""safety_keep_used"": false, ""fallback_used"": false}"
429,apra,apra_hierarchical_cluster,"[4, 53, 52, 94, 59, 49, 1, 12, 93]",[88],"{""best_k"": 2, ""best_score"": 0.7829476594924927, ""selected_cluster"": 0, ""cluster_scores"": {""0"": 5.7286906242370605, ""1"": -1.0}, ""num_trusted"": 9, ""fallback_used"": false}"
429,apra,apra_trust_weighted_clip,"[4, 53, 52, 94, 59, 49, 1, 12, 93]",[],"{""base_clip"": 1.0, ""trust_weights"": {""4"": 0.0, ""53"": 0.17082326114177704, ""52"": 0.17082326114177704, ""94"": 0.17082326114177704, ""59"": 0.0, ""49"": 0.05552583187818527, ""1"": 0.17082326114177704, ""12"": 0.17082326114177704, ""93"": 0.09035785496234894}, ""num_aggregated"": 9}"
430,apra,apra_mad_filter,"[2, 7, 92, 35, 31, 0, 99, 11, 24, 51]",[],"{""median_norm"": 0.5890226328096722, ""mad"": 0.05577160425404354, ""k"": 2.0, ""num_accepted"": 10, ""safety_keep_used"": false, ""fallback_used"": false}"
430,apra,apra_hierarchical_cluster,"[2, 7, 92, 35, 31, 99, 11, 24, 51]",[0],"{""best_k"": 2, ""best_score"": 0.6814595460891724, ""selected_cluster"": 0, ""cluster_scores"": {""0"": 3.7890217304229736, ""1"": -1.0}, ""num_trusted"": 9, ""fallback_used"": false}"
430,apra,apra_trust_weighted_clip,"[2, 7, 92, 35, 31, 99, 11, 24, 51]",[],"{""base_clip"": 1.0, ""trust_weights"": {""2"": 0.1428571492433548, ""7"": 0.1428571492433548, ""92"": 0.1428571492433548, ""35"": 0.1428571492433548, ""31"": 0.0, ""99"": 0.0, ""11"": 0.1428571492433548, ""24"": 0.1428571492433548, ""51"": 0.1428571492433548}, ""num_aggregated"": 9}"
431,apra,apra_mad_filter,"[2, 44, 59, 49, 89, 39, 60, 48, 54, 83]",[],"{""median_norm"": 0.5517685458406538, ""mad"": 0.09983920044117009, ""k"": 2.0, ""num_accepted"": 10, ""safety_keep_used"": false, ""fallback_used"": false}"
431,apra,apra_hierarchical_cluster,"[2, 44, 59, 49, 89, 39, 60, 54, 83]",[48],"{""best_k"": 2, ""best_score"": 0.5552129149436951, ""selected_cluster"": 0, ""cluster_scores"": {""0"": 2.170071601867676, ""1"": -1.0}, ""num_trusted"": 9, ""fallback_used"": false}"
431,apra,apra_trust_weighted_clip,"[2, 44, 59, 49, 89, 39, 60, 54, 83]",[],"{""base_clip"": 1.0, ""trust_weights"": {""2"": 0.1575683206319809, ""44"": 0.0, ""59"": 0.0, ""49"": 0.1575683206319809, ""89"": 0.1575683206319809, ""39"": 0.1575683206319809, ""60"": 0.05459003895521164, ""54"": 0.1575683206319809, ""83"": 0.1575683206319809}, ""num_aggregated"": 9}"
432,apra,apra_mad_filter,"[3, 59, 25, 93, 18, 76, 83, 62]","[47, 96]","{""median_norm"": 0.4605623190762054, ""mad"": 0.05106658403218023, ""k"": 2.0, ""num_accepted"": 8, ""safety_keep_used"": false, ""fallback_used"": false}"
432,apra,apra_hierarchical_cluster,"[3, 93, 18, 76, 83, 62]","[59, 25]","{""best_k"": 2, ""best_score"": 0.5617051124572754, ""selected_cluster"": 1, ""cluster_scores"": {""0"": 1.6898343563079834, ""1"": 3.4971046447753906}, ""num_trusted"": 6, ""fallback_used"": false}"
432,apra,apra_trust_weighted_clip,"[3, 93, 18, 76, 83, 62]",[],"{""base_clip"": 1.0, ""trust_weights"": {""3"": 0.17288516461849213, ""93"": 0.18525327742099762, ""18"": 0.22830413281917572, ""76"": 0.18525327742099762, ""83"": 0.22830413281917572, ""62"": 0.0}, ""num_aggregated"": 6}"
433,apra,apra_mad_filter,"[3, 39, 11, 98, 8, 44, 0, 56, 67, 42]",[],"{""median_norm"": 0.5699645837072458, ""mad"": 0.07070571464467806, ""k"": 2.0, ""num_accepted"": 10, ""safety_keep_used"": false, ""fallback_used"": false}"
433,apra,apra_hierarchical_cluster,"[3, 39, 11, 98, 8, 44, 56, 67, 42]",[0],"{""best_k"": 2, ""best_score"": 0.6749797463417053, ""selected_cluster"": 0, ""cluster_scores"": {""0"": 1.8497185707092285, ""1"": -1.0}, ""num_trusted"": 9, ""fallback_used"": false}"
433,apra,apra_trust_weighted_clip,"[3, 39, 11, 98, 8, 44, 56, 67, 42]",[],"{""base_clip"": 1.0, ""trust_weights"": {""3"": 0.14536753296852112, ""39"": 0.14536753296852112, ""11"": 0.14536753296852112, ""98"": 0.14536753296852112, ""8"": 0.12779481709003448, ""44"": 0.0, ""56"": 0.14536753296852112, ""67"": 0.0, ""42"": 0.14536753296852112}, ""num_aggregated"": 9}"
434,apra,apra_mad_filter,"[2, 97, 93, 20, 32, 7, 79, 39]","[4, 31]","{""median_norm"": 0.5031400999055964, ""mad"": 0.047728495282963884, ""k"": 2.0, ""num_accepted"": 8, ""safety_keep_used"": false, ""fallback_used"": false}"
434,apra,apra_hierarchical_cluster,"[2, 97, 93, 20, 7, 79, 39]",[32],"{""best_k"": 2, ""best_score"": 0.6192722320556641, ""selected_cluster"": 0, ""cluster_scores"": {""0"": 4.853544235229492, ""1"": -1.0}, ""num_trusted"": 7, ""fallback_used"": false}"
434,apra,apra_trust_weighted_clip,"[2, 97, 93, 20, 7, 79, 39]",[],"{""base_clip"": 1.0, ""trust_weights"": {""2"": 0.25, ""97"": 0.0, ""93"": 0.0, ""20"": 0.0, ""7"": 0.25, ""79"": 0.25, ""39"": 0.25}, ""num_aggregated"": 7}"
435,apra,apra_mad_filter,"[3, 98, 90, 16, 40, 63, 82, 2]","[24, 54]","{""median_norm"": 0.5099436349654427, ""mad"": 0.06400568122545527, ""k"": 2.0, ""num_accepted"": 8, ""safety_keep_used"": false, ""fallback_used"": false}"
435,apra,apra_hierarchical_cluster,"[3, 98, 90, 16, 40, 63, 2]",[82],"{""best_k"": 2, ""best_score"": 0.7744309902191162, ""selected_cluster"": 0, ""cluster_scores"": {""0"": 6.2211456298828125, ""1"": -1.0}, ""num_trusted"": 7, ""fallback_used"": false}"
435,apra,apra_trust_weighted_clip,"[3, 98, 90, 16, 40, 63, 2]",[],"{""base_clip"": 1.0, ""trust_weights"": {""3"": 0.1666666716337204, ""98"": 0.0, ""90"": 0.1666666716337204, ""16"": 0.1666666716337204, ""40"": 0.1666666716337204, ""63"": 0.1666666716337204, ""2"": 0.1666666716337204}, ""num_aggregated"": 7}"
436,apra,apra_mad_filter,"[49, 43, 29, 60, 2, 42, 27, 38, 22]",[0],"{""median_norm"": 0.4688088834705577, ""mad"": 0.07942393031068656, ""k"": 2.0, ""num_accepted"": 9, ""safety_keep_used"": false, ""fallback_used"": false}"
436,apra,apra_hierarchical_cluster,"[49, 43, 29, 60, 2, 27, 38, 22]",[42],"{""best_k"": 2, ""best_score"": 0.742034912109375, ""selected_cluster"": 0, ""cluster_scores"": {""0"": 4.579138278961182, ""1"": -1.0}, ""num_trusted"": 8, ""fallback_used"": false}"
436,apra,apra_trust_weighted_clip,"[49, 43, 29, 60, 2, 27, 38, 22]",[],"{""base_clip"": 1.0, ""trust_weights"": {""49"": 0.0, ""43"": 0.0, ""29"": 0.0, ""60"": 0.3076704144477844, ""2"": 0.17361652851104736, ""27"": 0.3076704144477844, ""38"": 0.17361652851104736, ""22"": 0.037426117807626724}, ""num_aggregated"": 8}"
437,apra,apra_mad_filter,"[4, 77, 0, 63, 91, 68, 9, 82, 54, 20]",[],"{""median_norm"": 0.5489833717639809, ""mad"": 0.10738378144946936, ""k"": 2.0, ""num_accepted"": 10, ""safety_keep_used"": false, ""fallback_used"": false}"
437,apra,apra_hierarchical_cluster,"[4, 77, 63, 91, 68, 9, 82, 54, 20]",[0],"{""best_k"": 2, ""best_score"": 0.5930067300796509, ""selected_cluster"": 0, ""cluster_scores"": {""0"": 2.8225505352020264, ""1"": -1.0}, ""num_trusted"": 9, ""fallback_used"": false}"
437,apra,apra_trust_weighted_clip,"[4, 77, 63, 91, 68, 9, 82, 54, 20]",[],"{""base_clip"": 1.0, ""trust_weights"": {""4"": 0.1316480189561844, ""77"": 0.1316480189561844, ""63"": 0.1316480189561844, ""91"": 0.1316480189561844, ""68"": 0.1316480189561844, ""9"": 0.07846377789974213, ""82"": 0.1316480189561844, ""54"": 0.0, ""20"": 0.1316480189561844}, ""num_aggregated"": 9}"
438,apra,apra_mad_filter,"[4, 26, 8, 74, 84, 49, 15, 46, 62, 7]",[],"{""median_norm"": 0.5409684668903776, ""mad"": 0.0730265029755959, ""k"": 2.0, ""num_accepted"": 10, ""safety_keep_used"": false, ""fallback_used"": false}"
438,apra,apra_hierarchical_cluster,"[4, 26, 8, 74, 84, 49, 15, 46, 7]",[62],"{""best_k"": 2, ""best_score"": 0.5736809968948364, ""selected_cluster"": 0, ""cluster_scores"": {""0"": 1.8221156597137451, ""1"": -1.0}, ""num_trusted"": 9, ""fallback_used"": false}"
438,apra,apra_trust_weighted_clip,"[4, 26, 8, 74, 84, 49, 15, 46, 7]",[],"{""base_clip"": 1.0, ""trust_weights"": {""4"": 0.13327881693840027, ""26"": 0.0, ""8"": 0.09928281605243683, ""74"": 0.13327881693840027, ""84"": 0.13327881693840027, ""49"": 0.13327881693840027, ""15"": 0.10104432702064514, ""46"": 0.13327881693840027, ""7"": 0.13327881693840027}, ""num_aggregated"": 9}"
439,apra,apra_mad_filter,"[3, 51, 16, 78, 7, 29, 56, 59, 8, 43]",[],"{""median_norm"": 0.46223529638630684, ""mad"": 0.06265126783201241, ""k"": 2.0, ""num_accepted"": 10, ""safety_keep_used"": false, ""fallback_used"": false}"
439,apra,apra_hierarchical_cluster,"[3, 51, 16, 78, 7, 29, 56, 59, 43]",[8],"{""best_k"": 2, ""best_score"": 0.586073637008667, ""selected_cluster"": 0, ""cluster_scores"": {""0"": 2.1542015075683594, ""1"": -1.0}, ""num_trusted"": 9, ""fallback_used"": false}"
439,apra,apra_trust_weighted_clip,"[3, 51, 16, 78, 7, 29, 56, 59, 43]",[],"{""base_clip"": 1.0, ""trust_weights"": {""3"": 0.1428571492433548, ""51"": 0.1428571492433548, ""16"": 0.1428571492433548, ""78"": 0.1428571492433548, ""7"": 0.1428571492433548, ""29"": 0.1428571492433548, ""56"": 0.0, ""59"": 0.0, ""43"": 0.1428571492433548}, ""num_aggregated"": 9}"
440,apra,apra_mad_filter,"[4, 8, 35, 16, 59, 85, 74, 82, 61]",[88],"{""median_norm"": 0.518325998944072, ""mad"": 0.08152142930335804, ""k"": 2.0, ""num_accepted"": 9, ""safety_keep_used"": false, ""fallback_used"": false}"
440,apra,apra_hierarchical_cluster,"[4, 8, 35, 16, 74, 61]","[59, 85, 82]","{""best_k"": 2, ""best_score"": 0.3683493435382843, ""selected_cluster"": 1, ""cluster_scores"": {""0"": 2.271585702896118, ""1"": 5.581279277801514}, ""num_trusted"": 6, ""fallback_used"": false}"
440,apra,apra_trust_weighted_clip,"[4, 8, 35, 16, 74, 61]",[],"{""base_clip"": 1.0, ""trust_weights"": {""4"": 0.20000000298023224, ""8"": 0.20000000298023224, ""35"": 0.20000000298023224, ""16"": 0.20000000298023224, ""74"": 0.20000000298023224, ""61"": 0.0}, ""num_aggregated"": 6}"
441,apra,apra_mad_filter,"[3, 78, 56, 87, 26, 14, 77, 74, 37, 53]",[],"{""median_norm"": 0.5194713188422363, ""mad"": 0.05603762352302949, ""k"": 2.0, ""num_accepted"": 10, ""safety_keep_used"": false, ""fallback_used"": false}"
441,apra,apra_hierarchical_cluster,"[3, 78, 56, 87, 14, 77, 74, 37, 53]",[26],"{""best_k"": 2, ""best_score"": 0.7411216497421265, ""selected_cluster"": 0, ""cluster_scores"": {""0"": 3.93160080909729, ""1"": -1.0}, ""num_trusted"": 9, ""fallback_used"": false}"
441,apra,apra_trust_weighted_clip,"[3, 78, 56, 87, 14, 77, 74, 37, 53]",[],"{""base_clip"": 1.0, ""trust_weights"": {""3"": 0.125, ""78"": 0.125, ""56"": 0.0, ""87"": 0.125, ""14"": 0.125, ""77"": 0.125, ""74"": 0.125, ""37"": 0.125, ""53"": 0.125}, ""num_aggregated"": 9}"
442,apra,apra_mad_filter,"[3, 5, 80, 50, 87, 7, 71, 60, 35]",[73],"{""median_norm"": 0.45253503330489364, ""mad"": 0.06943262275144582, ""k"": 2.0, ""num_accepted"": 9, ""safety_keep_used"": false, ""fallback_used"": false}"
442,apra,apra_hierarchical_cluster,"[3, 80, 50, 87, 7, 71, 60, 35]",[5],"{""best_k"": 2, ""best_score"": 0.5608482360839844, ""selected_cluster"": 0, ""cluster_scores"": {""0"": 3.530649185180664, ""1"": -1.0}, ""num_trusted"": 8, ""fallback_used"": false}"
442,apra,apra_trust_weighted_clip,"[3, 80, 50, 87, 7, 71, 60, 35]",[],"{""base_clip"": 1.0, ""trust_weights"": {""3"": 0.1666666716337204, ""80"": 0.0, ""50"": 0.1666666716337204, ""87"": 0.1666666716337204, ""7"": 0.1666666716337204, ""71"": 0.0, ""60"": 0.1666666716337204, ""35"": 0.1666666716337204}, ""num_aggregated"": 8}"
443,apra,apra_mad_filter,"[4, 9, 20, 78, 66, 29, 2, 86, 97]",[54],"{""median_norm"": 0.5416335203549918, ""mad"": 0.06215973487469767, ""k"": 2.0, ""num_accepted"": 9, ""safety_keep_used"": false, ""fallback_used"": false}"
443,apra,apra_hierarchical_cluster,"[4, 9, 20, 78, 66, 29, 2, 86]",[97],"{""best_k"": 2, ""best_score"": 0.5682018399238586, ""selected_cluster"": 0, ""cluster_scores"": {""0"": 1.7494374513626099, ""1"": -1.0}, ""num_trusted"": 8, ""fallback_used"": false}"
443,apra,apra_trust_weighted_clip,"[4, 9, 20, 78, 66, 29, 2, 86]",[],"{""base_clip"": 1.0, ""trust_weights"": {""4"": 0.32234448194503784, ""9"": 0.08009416610002518, ""20"": 0.0975613221526146, ""78"": 0.32234448194503784, ""66"": 0.0, ""29"": 0.0975613221526146, ""2"": 0.0, ""86"": 0.08009416610002518}, ""num_aggregated"": 8}"
444,apra,apra_mad_filter,"[3, 70, 67, 40, 92, 61, 58, 66, 65]",[73],"{""median_norm"": 0.509650734994076, ""mad"": 0.06328930360923282, ""k"": 2.0, ""num_accepted"": 9, ""safety_keep_used"": false, ""fallback_used"": false}"
444,apra,apra_hierarchical_cluster,"[3, 40, 92, 58, 65]","[70, 67, 61, 66]","{""best_k"": 3, ""best_score"": 0.47252368927001953, ""selected_cluster"": 1, ""cluster_scores"": {""0"": 1.191897988319397, ""1"": 4.426945209503174, ""2"": 1.9457899332046509}, ""num_trusted"": 5, ""fallback_used"": false}"
444,apra,apra_trust_weighted_clip,"[3, 40, 92, 58, 65]",[],"{""base_clip"": 1.0, ""trust_weights"": {""3"": 0.0, ""40"": 0.0, ""92"": 0.5, ""58"": 0.0, ""65"": 0.5}, ""num_aggregated"": 5}"
445,apra,apra_mad_filter,"[1, 33, 28, 59, 45, 80, 52, 68, 95, 51]",[],"{""median_norm"": 0.5213470270193258, ""mad"": 0.08805919540488072, ""k"": 2.0, ""num_accepted"": 10, ""safety_keep_used"": false, ""fallback_used"": false}"
445,apra,apra_hierarchical_cluster,"[1, 33, 28, 59, 45, 80, 52, 68, 51]",[95],"{""best_k"": 2, ""best_score"": 0.5484179258346558, ""selected_cluster"": 0, ""cluster_scores"": {""0"": 1.7890738248825073, ""1"": -1.0}, ""num_trusted"": 9, ""fallback_used"": false}"
445,apra,apra_trust_weighted_clip,"[1, 33, 28, 59, 45, 80, 52, 68, 51]",[],"{""base_clip"": 1.0, ""trust_weights"": {""1"": 0.1666666716337204, ""33"": 0.1666666716337204, ""28"": 0.1666666716337204, ""59"": 0.0, ""45"": 0.0, ""80"": 0.1666666716337204, ""52"": 0.1666666716337204, ""68"": 0.0, ""51"": 0.1666666716337204}, ""num_aggregated"": 9}"
446,apra,apra_mad_filter,"[4, 56, 23, 58, 33, 65, 24, 90, 30]",[88],"{""median_norm"": 0.5614462613067599, ""mad"": 0.08053101628287446, ""k"": 2.0, ""num_accepted"": 9, ""safety_keep_used"": false, ""fallback_used"": false}"
446,apra,apra_hierarchical_cluster,"[4, 56, 23, 58, 33, 65, 24, 90]",[30],"{""best_k"": 2, ""best_score"": 0.6241843104362488, ""selected_cluster"": 0, ""cluster_scores"": {""0"": 7.552282333374023, ""1"": -1.0}, ""num_trusted"": 8, ""fallback_used"": false}"
446,apra,apra_trust_weighted_clip,"[4, 56, 23, 58, 33, 65, 24, 90]",[],"{""base_clip"": 1.0, ""trust_weights"": {""4"": 0.1428571492433548, ""56"": 0.1428571492433548, ""23"": 0.1428571492433548, ""58"": 0.1428571492433548, ""33"": 0.1428571492433548, ""65"": 0.1428571492433548, ""24"": 0.0, ""90"": 0.1428571492433548}, ""num_aggregated"": 8}"
447,apra,apra_mad_filter,"[5, 73, 92, 57, 9, 42, 33, 63, 43]",[0],"{""median_norm"": 0.5381885134789788, ""mad"": 0.08760519364021865, ""k"": 2.0, ""num_accepted"": 9, ""safety_keep_used"": false, ""fallback_used"": false}"
447,apra,apra_hierarchical_cluster,"[5, 92, 57, 42, 33, 63, 43]","[73, 9]","{""best_k"": 3, ""best_score"": 0.6455427408218384, ""selected_cluster"": 0, ""cluster_scores"": {""0"": 4.165804386138916, ""1"": -1.0, ""2"": -1.0}, ""num_trusted"": 7, ""fallback_used"": false}"
447,apra,apra_trust_weighted_clip,"[5, 92, 57, 42, 33, 63, 43]",[],"{""base_clip"": 1.0, ""trust_weights"": {""5"": 0.1666666716337204, ""92"": 0.1666666716337204, ""57"": 0.1666666716337204, ""42"": 0.0, ""33"": 0.1666666716337204, ""63"": 0.1666666716337204, ""43"": 0.1666666716337204}, ""num_aggregated"": 7}"
448,apra,apra_mad_filter,"[46, 2, 15, 25, 98, 28, 50, 58, 20]",[4],"{""median_norm"": 0.47799674386879676, ""mad"": 0.0432094673215741, ""k"": 2.0, ""num_accepted"": 9, ""safety_keep_used"": false, ""fallback_used"": false}"
448,apra,apra_hierarchical_cluster,"[98, 28, 50, 20]","[46, 2, 15, 25, 58]","{""best_k"": 4, ""best_score"": 0.4530594050884247, ""selected_cluster"": 1, ""cluster_scores"": {""0"": 2.5093069076538086, ""1"": 3.182558059692383, ""2"": -1.0, ""3"": -1.0}, ""num_trusted"": 4, ""fallback_used"": false}"
448,apra,apra_trust_weighted_clip,"[98, 28, 50, 20]",[],"{""base_clip"": 1.0, ""trust_weights"": {""98"": 0.5, ""28"": 0.0, ""50"": 0.5, ""20"": 0.0}, ""num_aggregated"": 4}"
449,apra,apra_mad_filter,"[0, 9, 42, 49, 58, 98, 94, 67, 36, 3]",[],"{""median_norm"": 0.5172288340088214, ""mad"": 0.07816504508457284, ""k"": 2.0, ""num_accepted"": 10, ""safety_keep_used"": false, ""fallback_used"": false}"
449,apra,apra_hierarchical_cluster,"[9, 42, 49, 58, 98, 94, 67, 36, 3]",[0],"{""best_k"": 2, ""best_score"": 0.7315581440925598, ""selected_cluster"": 0, ""cluster_scores"": {""0"": 3.3022706508636475, ""1"": -1.0}, ""num_trusted"": 9, ""fallback_used"": false}"
449,apra,apra_trust_weighted_clip,"[9, 42, 49, 58, 98, 94, 67, 36, 3]",[],"{""base_clip"": 1.0, ""trust_weights"": {""9"": 0.13906091451644897, ""42"": 0.0, ""49"": 0.13906091451644897, ""58"": 0.13906091451644897, ""98"": 0.13906091451644897, ""94"": 0.13906091451644897, ""67"": 0.13906091451644897, ""36"": 0.02657363750040531, ""3"": 0.13906091451644897}, ""num_aggregated"": 9}"
450,apra,apra_mad_filter,"[4, 21, 69, 24, 38, 97, 52, 40, 78, 83]",[],"{""median_norm"": 0.6027885833872046, ""mad"": 0.06747369027204037, ""k"": 2.0, ""num_accepted"": 10, ""safety_keep_used"": false, ""fallback_used"": false}"
450,apra,apra_hierarchical_cluster,"[4, 21, 24, 38, 52, 40, 78, 83]","[69, 97]","{""best_k"": 2, ""best_score"": 0.5519410371780396, ""selected_cluster"": 0, ""cluster_scores"": {""0"": 4.662814140319824, ""1"": 1.6091303825378418}, ""num_trusted"": 8, ""fallback_used"": false}"
450,apra,apra_trust_weighted_clip,"[4, 21, 24, 38, 52, 40, 78, 83]",[],"{""base_clip"": 1.0, ""trust_weights"": {""4"": 0.0, ""21"": 0.18501803278923035, ""24"": 0.0, ""38"": 0.18501803278923035, ""52"": 0.18501803278923035, ""40"": 0.07490986585617065, ""78"": 0.18501803278923035, ""83"": 0.18501803278923035}, ""num_aggregated"": 8}"
451,apra,apra_mad_filter,"[0, 83, 31, 58, 11, 54, 42, 8, 73, 36]",[],"{""median_norm"": 0.6036059454790723, ""mad"": 0.09880718883108813, ""k"": 2.0, ""num_accepted"": 10, ""safety_keep_used"": false, ""fallback_used"": false}"
451,apra,apra_hierarchical_cluster,"[0, 83, 31, 58, 11, 54, 8, 36]","[42, 73]","{""best_k"": 2, ""best_score"": 0.5868985652923584, ""selected_cluster"": 0, ""cluster_scores"": {""0"": 4.145448684692383, ""1"": 1.9995604753494263}, ""num_trusted"": 8, ""fallback_used"": false}"
451,apra,apra_trust_weighted_clip,"[0, 83, 31, 58, 11, 54, 8, 36]",[],"{""base_clip"": 1.0, ""trust_weights"": {""0"": 0.0, ""83"": 0.19135373830795288, ""31"": 0.19135373830795288, ""58"": 0.19135373830795288, ""11"": 0.04323126748204231, ""54"": 0.0, ""8"": 0.19135373830795288, ""36"": 0.19135373830795288}, ""num_aggregated"": 8}"
452,apra,apra_mad_filter,"[1, 85, 28, 14, 53, 82, 31, 61]","[48, 73]","{""median_norm"": 0.5254205869709804, ""mad"": 0.059011424210456326, ""k"": 2.0, ""num_accepted"": 8, ""safety_keep_used"": false, ""fallback_used"": false}"
452,apra,apra_hierarchical_cluster,"[1, 85, 28, 14, 53, 82, 61]",[31],"{""best_k"": 2, ""best_score"": 0.49888771772384644, ""selected_cluster"": 0, ""cluster_scores"": {""0"": 3.987220287322998, ""1"": -1.0}, ""num_trusted"": 7, ""fallback_used"": false}"
452,apra,apra_trust_weighted_clip,"[1, 85, 28, 14, 53, 82, 61]",[],"{""base_clip"": 1.0, ""trust_weights"": {""1"": 0.1896786242723465, ""85"": 0.0, ""28"": 0.1896786242723465, ""14"": 0.1896786242723465, ""53"": 0.1896786242723465, ""82"": 0.051606833934783936, ""61"": 0.1896786242723465}, ""num_aggregated"": 7}"
453,apra,apra_mad_filter,"[4, 11, 29, 16, 84, 79, 9, 47, 14, 66]",[],"{""median_norm"": 0.6085853761250205, ""mad"": 0.07691841977031888, ""k"": 2.0, ""num_accepted"": 10, ""safety_keep_used"": false, ""fallback_used"": false}"
453,apra,apra_hierarchical_cluster,"[4, 11, 29, 16, 84, 79, 9, 14, 66]",[47],"{""best_k"": 2, ""best_score"": 0.6785491108894348, ""selected_cluster"": 0, ""cluster_scores"": {""0"": 4.259913921356201, ""1"": -1.0}, ""num_trusted"": 9, ""fallback_used"": false}"
453,apra,apra_trust_weighted_clip,"[4, 11, 29, 16, 84, 79, 9, 14, 66]",[],"{""base_clip"": 1.0, ""trust_weights"": {""4"": 0.1428571492433548, ""11"": 0.1428571492433548, ""29"": 0.1428571492433548, ""16"": 0.1428571492433548, ""84"": 0.1428571492433548, ""79"": 0.1428571492433548, ""9"": 0.0, ""14"": 0.1428571492433548, ""66"": 0.0}, ""num_aggregated"": 9}"
454,apra,apra_mad_filter,"[91, 31, 75, 3, 4, 36, 57, 77]","[0, 49]","{""median_norm"": 0.47270718892624464, ""mad"": 0.05227516467442367, ""k"": 2.0, ""num_accepted"": 8, ""safety_keep_used"": false, ""fallback_used"": false}"
454,apra,apra_hierarchical_cluster,"[91, 75, 3, 4, 36, 57, 77]",[31],"{""best_k"": 2, ""best_score"": 0.653519868850708, ""selected_cluster"": 0, ""cluster_scores"": {""0"": 3.33673095703125, ""1"": -1.0}, ""num_trusted"": 7, ""fallback_used"": false}"
454,apra,apra_trust_weighted_clip,"[91, 75, 3, 4, 36, 57, 77]",[],"{""base_clip"": 1.0, ""trust_weights"": {""91"": 0.20000000298023224, ""75"": 0.20000000298023224, ""3"": 0.20000000298023224, ""4"": 0.0, ""36"": 0.0, ""57"": 0.20000000298023224, ""77"": 0.20000000298023224}, ""num_aggregated"": 7}"
455,apra,apra_mad_filter,"[39, 56, 94, 40, 37, 77, 8, 99]","[0, 34]","{""median_norm"": 0.45638563367518803, ""mad"": 0.026090754519109027, ""k"": 2.0, ""num_accepted"": 8, ""safety_keep_used"": false, ""fallback_used"": false}"
455,apra,apra_hierarchical_cluster,"[39, 56, 94, 40, 37, 77, 8]",[99],"{""best_k"": 2, ""best_score"": 0.49897730350494385, ""selected_cluster"": 0, ""cluster_scores"": {""0"": 2.2306883335113525, ""1"": -1.0}, ""num_trusted"": 7, ""fallback_used"": false}"
455,apra,apra_trust_weighted_clip,"[39, 56, 94, 40, 37, 77, 8]",[],"{""base_clip"": 1.0, ""trust_weights"": {""39"": 0.17587369680404663, ""56"": 0.12921978533267975, ""94"": 0.17587369680404663, ""40"": 0.1672854870557785, ""37"": 0.17587369680404663, ""77"": 0.17587369680404663, ""8"": 0.0}, ""num_aggregated"": 7}"
456,apra,apra_mad_filter,"[2, 70, 9, 43, 13, 78, 98, 29, 79]",[88],"{""median_norm"": 0.5435581253681712, ""mad"": 0.05174789979437938, ""k"": 2.0, ""num_accepted"": 9, ""safety_keep_used"": false, ""fallback_used"": false}"
456,apra,apra_hierarchical_cluster,"[2, 70, 43, 13, 78, 98, 29, 79]",[9],"{""best_k"": 2, ""best_score"": 0.5660241842269897, ""selected_cluster"": 0, ""cluster_scores"": {""0"": 7.2438459396362305, ""1"": -1.0}, ""num_trusted"": 8, ""fallback_used"": false}"
456,apra,apra_trust_weighted_clip,"[2, 70, 43, 13, 78, 98, 29, 79]",[],"{""base_clip"": 1.0, ""trust_weights"": {""2"": 0.1428571492433548, ""70"": 0.1428571492433548, ""43"": 0.1428571492433548, ""13"": 0.0, ""78"": 0.1428571492433548, ""98"": 0.1428571492433548, ""29"": 0.1428571492433548, ""79"": 0.1428571492433548}, ""num_aggregated"": 8}"
457,apra,apra_mad_filter,"[2, 20, 72, 12, 91, 81, 80]","[64, 73, 10]","{""median_norm"": 0.46375774595265495, ""mad"": 0.01798588572255591, ""k"": 2.0, ""num_accepted"": 7, ""safety_keep_used"": false, ""fallback_used"": false}"
457,apra,apra_hierarchical_cluster,"[2, 20, 12, 91, 81, 80]",[72],"{""best_k"": 2, ""best_score"": 0.6528202295303345, ""selected_cluster"": 0, ""cluster_scores"": {""0"": 3.1570258140563965, ""1"": -1.0}, ""num_trusted"": 6, ""fallback_used"": false}"
457,apra,apra_trust_weighted_clip,"[2, 20, 12, 91, 81, 80]",[],"{""base_clip"": 1.0, ""trust_weights"": {""2"": 0.10757247358560562, ""20"": 0.22310687601566315, ""12"": 0.22310687601566315, ""91"": 0.22310687601566315, ""81"": 0.0, ""80"": 0.22310687601566315}, ""num_aggregated"": 6}"
458,apra,apra_mad_filter,"[1, 56, 69, 3, 65, 55, 87]","[77, 7, 80]","{""median_norm"": 0.6216744524849214, ""mad"": 0.023029601511630804, ""k"": 2.0, ""num_accepted"": 7, ""safety_keep_used"": false, ""fallback_used"": false}"
458,apra,apra_hierarchical_cluster,"[1, 56, 3, 65, 55, 87]",[69],"{""best_k"": 2, ""best_score"": 0.6899494528770447, ""selected_cluster"": 0, ""cluster_scores"": {""0"": 2.585299253463745, ""1"": -1.0}, ""num_trusted"": 6, ""fallback_used"": false}"
458,apra,apra_trust_weighted_clip,"[1, 56, 3, 65, 55, 87]",[],"{""base_clip"": 1.0, ""trust_weights"": {""1"": 0.5, ""56"": 0.0, ""3"": 0.5, ""65"": 0.0, ""55"": 0.0, ""87"": 0.0}, ""num_aggregated"": 6}"
459,apra,apra_mad_filter,"[0, 82, 55, 67, 10, 38, 40, 11, 93, 50]",[],"{""median_norm"": 0.5399054094905358, ""mad"": 0.06966696580797216, ""k"": 2.0, ""num_accepted"": 10, ""safety_keep_used"": false, ""fallback_used"": false}"
459,apra,apra_hierarchical_cluster,"[82, 55, 67, 10, 38, 40, 11, 93, 50]",[0],"{""best_k"": 2, ""best_score"": 0.5753108263015747, ""selected_cluster"": 0, ""cluster_scores"": {""0"": 2.9870598316192627, ""1"": -1.0}, ""num_trusted"": 9, ""fallback_used"": false}"
459,apra,apra_trust_weighted_clip,"[82, 55, 67, 10, 38, 40, 11, 93, 50]",[],"{""base_clip"": 1.0, ""trust_weights"": {""82"": 0.10879557579755783, ""55"": 0.0, ""67"": 0.14853407442569733, ""10"": 0.0, ""38"": 0.14853407442569733, ""40"": 0.14853407442569733, ""11"": 0.14853407442569733, ""93"": 0.14853407442569733, ""50"": 0.14853407442569733}, ""num_aggregated"": 9}"
460,apra,apra_mad_filter,"[14, 98, 60, 20, 78, 36, 21]","[0, 62, 88]","{""median_norm"": 0.48765721034666887, ""mad"": 0.03741878808342533, ""k"": 2.0, ""num_accepted"": 7, ""safety_keep_used"": false, ""fallback_used"": false}"
460,apra,apra_hierarchical_cluster,"[14, 98, 60, 78, 21]","[20, 36]","{""best_k"": 2, ""best_score"": 0.5906506776809692, ""selected_cluster"": 0, ""cluster_scores"": {""0"": 4.907756805419922, ""1"": 1.9841551780700684}, ""num_trusted"": 5, ""fallback_used"": false}"
460,apra,apra_trust_weighted_clip,"[14, 98, 60, 78, 21]",[],"{""base_clip"": 1.0, ""trust_weights"": {""14"": 0.25, ""98"": 0.25, ""60"": 0.0, ""78"": 0.25, ""21"": 0.25}, ""num_aggregated"": 5}"
461,apra,apra_mad_filter,"[0, 53, 61, 7, 72, 44, 95, 67, 96]",[4],"{""median_norm"": 0.6680193415109739, ""mad"": 0.07456802350007985, ""k"": 2.0, ""num_accepted"": 9, ""safety_keep_used"": false, ""fallback_used"": false}"
461,apra,apra_hierarchical_cluster,"[53, 61, 7, 72, 44, 95, 67, 96]",[0],"{""best_k"": 2, ""best_score"": 0.5920242667198181, ""selected_cluster"": 0, ""cluster_scores"": {""0"": 1.790524959564209, ""1"": -1.0}, ""num_trusted"": 8, ""fallback_used"": false}"
461,apra,apra_trust_weighted_clip,"[53, 61, 7, 72, 44, 95, 67, 96]",[],"{""base_clip"": 1.0, ""trust_weights"": {""53"": 0.1428571492433548, ""61"": 0.1428571492433548, ""7"": 0.1428571492433548, ""72"": 0.1428571492433548, ""44"": 0.0, ""95"": 0.1428571492433548, ""67"": 0.1428571492433548, ""96"": 0.1428571492433548}, ""num_aggregated"": 8}"
462,apra,apra_mad_filter,"[2, 71, 20, 36, 1, 33, 83]","[87, 80, 62]","{""median_norm"": 0.510123849101126, ""mad"": 0.02712124739314889, ""k"": 2.0, ""num_accepted"": 7, ""safety_keep_used"": false, ""fallback_used"": false}"
462,apra,apra_hierarchical_cluster,"[20, 36, 1, 33, 83]","[2, 71]","{""best_k"": 2, ""best_score"": 0.4709542691707611, ""selected_cluster"": 1, ""cluster_scores"": {""0"": 1.3929214477539062, ""1"": 2.891258716583252}, ""num_trusted"": 5, ""fallback_used"": false}"
462,apra,apra_trust_weighted_clip,"[20, 36, 1, 33, 83]",[],"{""base_clip"": 1.0, ""trust_weights"": {""20"": 0.4250185489654541, ""36"": 0.0, ""1"": 0.14996285736560822, ""33"": 0.4250185489654541, ""83"": 0.0}, ""num_aggregated"": 5}"
463,apra,apra_mad_filter,"[3, 92, 76, 90, 42, 62, 23, 37, 0]",[88],"{""median_norm"": 0.595197098372071, ""mad"": 0.13108182878589855, ""k"": 2.0, ""num_accepted"": 9, ""safety_keep_used"": false, ""fallback_used"": false}"
463,apra,apra_hierarchical_cluster,"[3, 92, 76, 90, 42, 62, 23, 37]",[0],"{""best_k"": 2, ""best_score"": 0.7059547305107117, ""selected_cluster"": 0, ""cluster_scores"": {""0"": 5.294692039489746, ""1"": -1.0}, ""num_trusted"": 8, ""fallback_used"": false}"
463,apra,apra_trust_weighted_clip,"[3, 92, 76, 90, 42, 62, 23, 37]",[],"{""base_clip"": 1.0, ""trust_weights"": {""3"": 0.1428571492433548, ""92"": 0.1428571492433548, ""76"": 0.1428571492433548, ""90"": 0.1428571492433548, ""42"": 0.0, ""62"": 0.1428571492433548, ""23"": 0.1428571492433548, ""37"": 0.1428571492433548}, ""num_aggregated"": 8}"
464,apra,apra_mad_filter,"[0, 30, 8, 26, 11, 47, 9, 96, 67, 53]",[],"{""median_norm"": 0.6449655883657281, ""mad"": 0.09742454612958679, ""k"": 2.0, ""num_accepted"": 10, ""safety_keep_used"": false, ""fallback_used"": false}"
464,apra,apra_hierarchical_cluster,"[8, 26, 11, 47, 9, 96, 67, 53]","[0, 30]","{""best_k"": 2, ""best_score"": 0.478281170129776, ""selected_cluster"": 1, ""cluster_scores"": {""0"": 1.152803659439087, ""1"": 3.1990370750427246}, ""num_trusted"": 8, ""fallback_used"": false}"
464,apra,apra_trust_weighted_clip,"[8, 26, 11, 47, 9, 96, 67, 53]",[],"{""base_clip"": 1.0, ""trust_weights"": {""8"": 0.0, ""26"": 0.0, ""11"": 0.25, ""47"": 0.0, ""9"": 0.25, ""96"": 0.0, ""67"": 0.25, ""53"": 0.25}, ""num_aggregated"": 8}"
465,apra,apra_mad_filter,"[58, 76, 72, 78, 56, 23, 99, 20]","[0, 45]","{""median_norm"": 0.4980042844106944, ""mad"": 0.04155060784686487, ""k"": 2.0, ""num_accepted"": 8, ""safety_keep_used"": false, ""fallback_used"": false}"
465,apra,apra_hierarchical_cluster,"[58, 76, 72, 78, 56, 23, 20]",[99],"{""best_k"": 2, ""best_score"": 0.6934058666229248, ""selected_cluster"": 0, ""cluster_scores"": {""0"": 5.5325469970703125, ""1"": -1.0}, ""num_trusted"": 7, ""fallback_used"": false}"
465,apra,apra_trust_weighted_clip,"[58, 76, 72, 78, 56, 23, 20]",[],"{""base_clip"": 1.0, ""trust_weights"": {""58"": 0.1666666716337204, ""76"": 0.1666666716337204, ""72"": 0.1666666716337204, ""78"": 0.1666666716337204, ""56"": 0.1666666716337204, ""23"": 0.1666666716337204, ""20"": 0.0}, ""num_aggregated"": 7}"
466,apra,apra_mad_filter,"[2, 79, 39, 82, 34, 83, 13, 35]","[60, 54]","{""median_norm"": 0.5244230782652619, ""mad"": 0.03608433772128011, ""k"": 2.0, ""num_accepted"": 8, ""safety_keep_used"": false, ""fallback_used"": false}"
466,apra,apra_hierarchical_cluster,"[2, 79, 39, 82, 34, 83, 35]",[13],"{""best_k"": 2, ""best_score"": 0.5060903429985046, ""selected_cluster"": 0, ""cluster_scores"": {""0"": 3.516507387161255, ""1"": -1.0}, ""num_trusted"": 7, ""fallback_used"": false}"
466,apra,apra_trust_weighted_clip,"[2, 79, 39, 82, 34, 83, 35]",[],"{""base_clip"": 1.0, ""trust_weights"": {""2"": 0.20000000298023224, ""79"": 0.20000000298023224, ""39"": 0.20000000298023224, ""82"": 0.0, ""34"": 0.20000000298023224, ""83"": 0.20000000298023224, ""35"": 0.0}, ""num_aggregated"": 7}"
467,apra,apra_mad_filter,"[4, 45, 65, 28, 24, 47, 10, 77, 74]",[5],"{""median_norm"": 0.6634003514074001, ""mad"": 0.0841416171298191, ""k"": 2.0, ""num_accepted"": 9, ""safety_keep_used"": false, ""fallback_used"": false}"
467,apra,apra_hierarchical_cluster,"[4, 45, 65, 28, 24, 77, 74]","[47, 10]","{""best_k"": 2, ""best_score"": 0.5188404321670532, ""selected_cluster"": 0, ""cluster_scores"": {""0"": 5.983369827270508, ""1"": 1.6710611581802368}, ""num_trusted"": 7, ""fallback_used"": false}"
467,apra,apra_trust_weighted_clip,"[4, 45, 65, 28, 24, 77, 74]",[],"{""base_clip"": 1.0, ""trust_weights"": {""4"": 0.20000000298023224, ""45"": 0.20000000298023224, ""65"": 0.20000000298023224, ""28"": 0.0, ""24"": 0.0, ""77"": 0.20000000298023224, ""74"": 0.20000000298023224}, ""num_aggregated"": 7}"
468,apra,apra_mad_filter,"[2, 52, 30, 28, 34, 80, 19, 57]","[0, 18]","{""median_norm"": 0.5031983106161887, ""mad"": 0.06797744262146113, ""k"": 2.0, ""num_accepted"": 8, ""safety_keep_used"": false, ""fallback_used"": false}"
468,apra,apra_hierarchical_cluster,"[2, 52, 30, 28, 34, 80, 57]",[19],"{""best_k"": 2, ""best_score"": 0.5595507621765137, ""selected_cluster"": 0, ""cluster_scores"": {""0"": 3.1448917388916016, ""1"": -1.0}, ""num_trusted"": 7, ""fallback_used"": false}"
468,apra,apra_trust_weighted_clip,"[2, 52, 30, 28, 34, 80, 57]",[],"{""base_clip"": 1.0, ""trust_weights"": {""2"": 0.1666666716337204, ""52"": 0.1666666716337204, ""30"": 0.1666666716337204, ""28"": 0.0, ""34"": 0.1666666716337204, ""80"": 0.1666666716337204, ""57"": 0.1666666716337204}, ""num_aggregated"": 7}"
469,apra,apra_mad_filter,"[3, 90, 98, 61, 8, 69, 42, 74, 40, 87]",[],"{""median_norm"": 0.4568126312496908, ""mad"": 0.08428425336887044, ""k"": 2.0, ""num_accepted"": 10, ""safety_keep_used"": false, ""fallback_used"": false}"
469,apra,apra_hierarchical_cluster,"[3, 90, 98, 61, 8, 69, 74, 40, 87]",[42],"{""best_k"": 2, ""best_score"": 0.597618579864502, ""selected_cluster"": 0, ""cluster_scores"": {""0"": 2.667428731918335, ""1"": -1.0}, ""num_trusted"": 9, ""fallback_used"": false}"
469,apra,apra_trust_weighted_clip,"[3, 90, 98, 61, 8, 69, 74, 40, 87]",[],"{""base_clip"": 1.0, ""trust_weights"": {""3"": 0.144992858171463, ""90"": 0.144992858171463, ""98"": 0.144992858171463, ""61"": 0.144992858171463, ""8"": 0.0, ""69"": 0.144992858171463, ""74"": 0.13004282116889954, ""40"": 0.0, ""87"": 0.144992858171463}, ""num_aggregated"": 9}"
470,apra,apra_mad_filter,"[1, 55, 65, 23, 79, 85, 96, 47, 95]",[31],"{""median_norm"": 0.6030457837320224, ""mad"": 0.06913396395843757, ""k"": 2.0, ""num_accepted"": 9, ""safety_keep_used"": false, ""fallback_used"": false}"
470,apra,apra_hierarchical_cluster,"[1, 55, 65, 23, 79, 85, 96, 95]",[47],"{""best_k"": 2, ""best_score"": 0.6975256204605103, ""selected_cluster"": 0, ""cluster_scores"": {""0"": 5.846478462219238, ""1"": -1.0}, ""num_trusted"": 8, ""fallback_used"": false}"
470,apra,apra_trust_weighted_clip,"[1, 55, 65, 23, 79, 85, 96, 95]",[],"{""base_clip"": 1.0, ""trust_weights"": {""1"": 0.25, ""55"": 0.0, ""65"": 0.0, ""23"": 0.25, ""79"": 0.25, ""85"": 0.0, ""96"": 0.0, ""95"": 0.25}, ""num_aggregated"": 8}"
471,apra,apra_mad_filter,"[2, 34, 26, 89, 36, 33, 69, 24, 12, 31]",[],"{""median_norm"": 0.503685690189966, ""mad"": 0.06944521286061861, ""k"": 2.0, ""num_accepted"": 10, ""safety_keep_used"": false, ""fallback_used"": false}"
471,apra,apra_hierarchical_cluster,"[2, 34, 26, 89, 36, 33, 69, 24, 12]",[31],"{""best_k"": 2, ""best_score"": 0.5335355401039124, ""selected_cluster"": 0, ""cluster_scores"": {""0"": 1.159805417060852, ""1"": -1.0}, ""num_trusted"": 9, ""fallback_used"": false}"
471,apra,apra_trust_weighted_clip,"[2, 34, 26, 89, 36, 33, 69, 24, 12]",[],"{""base_clip"": 1.0, ""trust_weights"": {""2"": 0.1290169507265091, ""34"": 0.153006449341774, ""26"": 0.153006449341774, ""89"": 0.153006449341774, ""36"": 0.0, ""33"": 0.04816635325551033, ""69"": 0.153006449341774, ""24"": 0.153006449341774, ""12"": 0.05778442323207855}, ""num_aggregated"": 9}"
472,apra,apra_mad_filter,"[4, 82, 0, 16, 41, 83, 44, 62, 52, 78]",[],"{""median_norm"": 0.5759590514983937, ""mad"": 0.092070532520279, ""k"": 2.0, ""num_accepted"": 10, ""safety_keep_used"": false, ""fallback_used"": false}"
472,apra,apra_hierarchical_cluster,"[4, 82, 16, 41, 83, 44, 62, 52, 78]",[0],"{""best_k"": 2, ""best_score"": 0.4968259930610657, ""selected_cluster"": 0, ""cluster_scores"": {""0"": 1.4435349702835083, ""1"": -1.0}, ""num_trusted"": 9, ""fallback_used"": false}"
472,apra,apra_trust_weighted_clip,"[4, 82, 16, 41, 83, 44, 62, 52, 78]",[],"{""base_clip"": 1.0, ""trust_weights"": {""4"": 0.125, ""82"": 0.125, ""16"": 0.125, ""41"": 0.125, ""83"": 0.125, ""44"": 0.0, ""62"": 0.125, ""52"": 0.125, ""78"": 0.125}, ""num_aggregated"": 9}"
473,apra,apra_mad_filter,"[2, 13, 87, 14, 27, 80, 70, 98, 47]",[48],"{""median_norm"": 0.5955867387320657, ""mad"": 0.06302597208353578, ""k"": 2.0, ""num_accepted"": 9, ""safety_keep_used"": false, ""fallback_used"": false}"
473,apra,apra_hierarchical_cluster,"[2, 13, 87, 14, 27, 80, 70, 98]",[47],"{""best_k"": 2, ""best_score"": 0.7055615186691284, ""selected_cluster"": 0, ""cluster_scores"": {""0"": 6.434704303741455, ""1"": -1.0}, ""num_trusted"": 8, ""fallback_used"": false}"
473,apra,apra_trust_weighted_clip,"[2, 13, 87, 14, 27, 80, 70, 98]",[],"{""base_clip"": 1.0, ""trust_weights"": {""2"": 0.1666666716337204, ""13"": 0.1666666716337204, ""87"": 0.1666666716337204, ""14"": 0.0, ""27"": 0.1666666716337204, ""80"": 0.1666666716337204, ""70"": 0.0, ""98"": 0.1666666716337204}, ""num_aggregated"": 8}"
474,apra,apra_mad_filter,"[2, 32, 21, 27, 61, 1, 65, 98, 28]",[47],"{""median_norm"": 0.5553128228923794, ""mad"": 0.09078451786606223, ""k"": 2.0, ""num_accepted"": 9, ""safety_keep_used"": false, ""fallback_used"": false}"
474,apra,apra_hierarchical_cluster,"[2, 21, 27, 61, 1, 65, 98, 28]",[32],"{""best_k"": 2, ""best_score"": 0.5918427109718323, ""selected_cluster"": 0, ""cluster_scores"": {""0"": 4.7246599197387695, ""1"": -1.0}, ""num_trusted"": 8, ""fallback_used"": false}"
474,apra,apra_trust_weighted_clip,"[2, 21, 27, 61, 1, 65, 98, 28]",[],"{""base_clip"": 1.0, ""trust_weights"": {""2"": 0.1428571492433548, ""21"": 0.1428571492433548, ""27"": 0.1428571492433548, ""61"": 0.1428571492433548, ""1"": 0.1428571492433548, ""65"": 0.1428571492433548, ""98"": 0.1428571492433548, ""28"": 0.0}, ""num_aggregated"": 8}"
475,apra,apra_mad_filter,"[4, 64, 32, 16, 60, 41, 22, 20]","[88, 92]","{""median_norm"": 0.5885748737638308, ""mad"": 0.0962432392134503, ""k"": 2.0, ""num_accepted"": 8, ""safety_keep_used"": false, ""fallback_used"": false}"
475,apra,apra_hierarchical_cluster,"[4, 64, 16, 60, 41, 22, 20]",[32],"{""best_k"": 2, ""best_score"": 0.5782303810119629, ""selected_cluster"": 0, ""cluster_scores"": {""0"": 5.210221290588379, ""1"": -1.0}, ""num_trusted"": 7, ""fallback_used"": false}"
475,apra,apra_trust_weighted_clip,"[4, 64, 16, 60, 41, 22, 20]",[],"{""base_clip"": 1.0, ""trust_weights"": {""4"": 0.20000000298023224, ""64"": 0.20000000298023224, ""16"": 0.20000000298023224, ""60"": 0.20000000298023224, ""41"": 0.0, ""22"": 0.20000000298023224, ""20"": 0.0}, ""num_aggregated"": 7}"
476,apra,apra_mad_filter,"[1, 19, 31, 33, 90, 95, 27, 73]","[36, 13]","{""median_norm"": 0.6853841990127947, ""mad"": 0.059374514707719594, ""k"": 2.0, ""num_accepted"": 8, ""safety_keep_used"": false, ""fallback_used"": false}"
476,apra,apra_hierarchical_cluster,"[1, 19, 31, 33, 90, 95, 27]",[73],"{""best_k"": 2, ""best_score"": 0.5581854581832886, ""selected_cluster"": 0, ""cluster_scores"": {""0"": 3.5931508541107178, ""1"": -1.0}, ""num_trusted"": 7, ""fallback_used"": false}"
476,apra,apra_trust_weighted_clip,"[1, 19, 31, 33, 90, 95, 27]",[],"{""base_clip"": 1.0, ""trust_weights"": {""1"": 0.20000000298023224, ""19"": 0.0, ""31"": 0.0, ""33"": 0.20000000298023224, ""90"": 0.20000000298023224, ""95"": 0.20000000298023224, ""27"": 0.20000000298023224}, ""num_aggregated"": 7}"
477,apra,apra_mad_filter,"[2, 95, 62, 74, 56, 42, 22, 71, 0, 63]",[],"{""median_norm"": 0.5849505702343938, ""mad"": 0.0769276474070189, ""k"": 2.0, ""num_accepted"": 10, ""safety_keep_used"": false, ""fallback_used"": false}"
477,apra,apra_hierarchical_cluster,"[2, 95, 62, 74, 56, 22, 71, 63]","[42, 0]","{""best_k"": 3, ""best_score"": 0.528483510017395, ""selected_cluster"": 0, ""cluster_scores"": {""0"": 2.9973325729370117, ""1"": -1.0, ""2"": -1.0}, ""num_trusted"": 8, ""fallback_used"": false}"
477,apra,apra_trust_weighted_clip,"[2, 95, 62, 74, 56, 22, 71, 63]",[],"{""base_clip"": 1.0, ""trust_weights"": {""2"": 0.1666666716337204, ""95"": 0.1666666716337204, ""62"": 0.1666666716337204, ""74"": 0.1666666716337204, ""56"": 0.0, ""22"": 0.1666666716337204, ""71"": 0.0, ""63"": 0.1666666716337204}, ""num_aggregated"": 8}"
478,apra,apra_mad_filter,"[1, 29, 48, 3, 2, 54, 91, 34, 89, 42]",[],"{""median_norm"": 0.5188706270971704, ""mad"": 0.07735384512752458, ""k"": 2.0, ""num_accepted"": 10, ""safety_keep_used"": false, ""fallback_used"": false}"
478,apra,apra_hierarchical_cluster,"[1, 29, 3, 2, 54, 91, 34, 89, 42]",[48],"{""best_k"": 2, ""best_score"": 0.7397827506065369, ""selected_cluster"": 0, ""cluster_scores"": {""0"": 5.533586025238037, ""1"": -1.0}, ""num_trusted"": 9, ""fallback_used"": false}"
478,apra,apra_trust_weighted_clip,"[1, 29, 3, 2, 54, 91, 34, 89, 42]",[],"{""base_clip"": 1.0, ""trust_weights"": {""1"": 0.13747559487819672, ""29"": 0.13747559487819672, ""3"": 0.13747559487819672, ""2"": 0.13747559487819672, ""54"": 0.03767084330320358, ""91"": 0.13747559487819672, ""34"": 0.13747559487819672, ""89"": 0.13747559487819672, ""42"": 0.0}, ""num_aggregated"": 9}"
479,apra,apra_mad_filter,"[2, 93, 6, 40, 22, 79, 38, 61, 87]",[67],"{""median_norm"": 0.513858256380802, ""mad"": 0.056362891834884604, ""k"": 2.0, ""num_accepted"": 9, ""safety_keep_used"": false, ""fallback_used"": false}"
479,apra,apra_hierarchical_cluster,"[2, 93, 6, 22, 79, 38, 61, 87]",[40],"{""best_k"": 2, ""best_score"": 0.5299837589263916, ""selected_cluster"": 0, ""cluster_scores"": {""0"": 2.4717721939086914, ""1"": -1.0}, ""num_trusted"": 8, ""fallback_used"": false}"
479,apra,apra_trust_weighted_clip,"[2, 93, 6, 22, 79, 38, 61, 87]",[],"{""base_clip"": 1.0, ""trust_weights"": {""2"": 0.1666666716337204, ""93"": 0.0, ""6"": 0.1666666716337204, ""22"": 0.1666666716337204, ""79"": 0.1666666716337204, ""38"": 0.1666666716337204, ""61"": 0.0, ""87"": 0.1666666716337204}, ""num_aggregated"": 8}"
480,apra,apra_mad_filter,"[4, 21, 67, 49, 24, 95, 45, 57, 96]",[47],"{""median_norm"": 0.5668611193665826, ""mad"": 0.056113005298826846, ""k"": 2.0, ""num_accepted"": 9, ""safety_keep_used"": false, ""fallback_used"": false}"
480,apra,apra_hierarchical_cluster,"[21, 49, 24, 95, 45, 57, 96]","[4, 67]","{""best_k"": 2, ""best_score"": 0.5060664415359497, ""selected_cluster"": 0, ""cluster_scores"": {""0"": 4.59410285949707, ""1"": 1.9759085178375244}, ""num_trusted"": 7, ""fallback_used"": false}"
480,apra,apra_trust_weighted_clip,"[21, 49, 24, 95, 45, 57, 96]",[],"{""base_clip"": 1.0, ""trust_weights"": {""21"": 0.1666666716337204, ""49"": 0.1666666716337204, ""24"": 0.1666666716337204, ""95"": 0.1666666716337204, ""45"": 0.0, ""57"": 0.1666666716337204, ""96"": 0.1666666716337204}, ""num_aggregated"": 7}"
481,apra,apra_mad_filter,"[1, 25, 94, 96, 58, 3, 99, 55, 97]",[74],"{""median_norm"": 0.4851163960625643, ""mad"": 0.0348343895428799, ""k"": 2.0, ""num_accepted"": 9, ""safety_keep_used"": false, ""fallback_used"": false}"
481,apra,apra_hierarchical_cluster,"[1, 25, 94, 58, 3, 99, 55]","[96, 97]","{""best_k"": 3, ""best_score"": 0.41414985060691833, ""selected_cluster"": 0, ""cluster_scores"": {""0"": 1.1507805585861206, ""1"": -1.0, ""2"": -1.0}, ""num_trusted"": 7, ""fallback_used"": false}"
481,apra,apra_trust_weighted_clip,"[1, 25, 94, 58, 3, 99, 55]",[],"{""base_clip"": 1.0, ""trust_weights"": {""1"": 0.1726991981267929, ""25"": 0.0, ""94"": 0.1726991981267929, ""58"": 0.1726991981267929, ""3"": 0.1726991981267929, ""99"": 0.1726991981267929, ""55"": 0.13650402426719666}, ""num_aggregated"": 7}"
482,apra,apra_mad_filter,"[1, 81, 82, 65, 60, 93, 28, 49, 3]",[47],"{""median_norm"": 0.5552996898804423, ""mad"": 0.07281012692283273, ""k"": 2.0, ""num_accepted"": 9, ""safety_keep_used"": false, ""fallback_used"": false}"
482,apra,apra_hierarchical_cluster,"[1, 81, 82, 65, 60, 93, 49, 3]",[28],"{""best_k"": 2, ""best_score"": 0.6284382343292236, ""selected_cluster"": 0, ""cluster_scores"": {""0"": 5.362106800079346, ""1"": -1.0}, ""num_trusted"": 8, ""fallback_used"": false}"
482,apra,apra_trust_weighted_clip,"[1, 81, 82, 65, 60, 93, 49, 3]",[],"{""base_clip"": 1.0, ""trust_weights"": {""1"": 0.15840640664100647, ""81"": 0.15840640664100647, ""82"": 0.0, ""65"": 0.15840640664100647, ""60"": 0.15840640664100647, ""93"": 0.04956160485744476, ""49"": 0.15840640664100647, ""3"": 0.15840640664100647}, ""num_aggregated"": 8}"
483,apra,apra_mad_filter,"[4, 8, 69, 18, 54, 19, 97]","[48, 46, 87]","{""median_norm"": 0.560343869772752, ""mad"": 0.04766967540955841, ""k"": 2.0, ""num_accepted"": 7, ""safety_keep_used"": false, ""fallback_used"": false}"
483,apra,apra_hierarchical_cluster,"[4, 8, 69, 18, 19, 97]",[54],"{""best_k"": 2, ""best_score"": 0.44993332028388977, ""selected_cluster"": 0, ""cluster_scores"": {""0"": 0.9151837825775146, ""1"": -1.0}, ""num_trusted"": 6, ""fallback_used"": false}"
483,apra,apra_trust_weighted_clip,"[4, 8, 69, 18, 19, 97]",[],"{""base_clip"": 1.0, ""trust_weights"": {""4"": 0.25, ""8"": 0.25, ""69"": 0.0, ""18"": 0.25, ""19"": 0.0, ""97"": 0.25}, ""num_aggregated"": 6}"
484,apra,apra_mad_filter,"[1, 91, 86, 11, 53, 59, 48, 3, 9]",[26],"{""median_norm"": 0.4976267704218908, ""mad"": 0.07722163663510609, ""k"": 2.0, ""num_accepted"": 9, ""safety_keep_used"": false, ""fallback_used"": false}"
484,apra,apra_hierarchical_cluster,"[1, 91, 86, 11, 53, 59, 3, 9]",[48],"{""best_k"": 2, ""best_score"": 0.6417015790939331, ""selected_cluster"": 0, ""cluster_scores"": {""0"": 3.7848052978515625, ""1"": -1.0}, ""num_trusted"": 8, ""fallback_used"": false}"
484,apra,apra_trust_weighted_clip,"[1, 91, 86, 11, 53, 59, 3, 9]",[],"{""base_clip"": 1.0, ""trust_weights"": {""1"": 0.1666666716337204, ""91"": 0.1666666716337204, ""86"": 0.1666666716337204, ""11"": 0.1666666716337204, ""53"": 0.1666666716337204, ""59"": 0.0, ""3"": 0.1666666716337204, ""9"": 0.0}, ""num_aggregated"": 8}"
485,apra,apra_mad_filter,"[1, 82, 58, 96, 4, 28, 39, 99, 13, 37]",[],"{""median_norm"": 0.5392752676949817, ""mad"": 0.10499875965072353, ""k"": 2.0, ""num_accepted"": 10, ""safety_keep_used"": false, ""fallback_used"": false}"
485,apra,apra_hierarchical_cluster,"[1, 82, 58, 4, 28, 39, 99, 13, 37]",[96],"{""best_k"": 2, ""best_score"": 0.6472223997116089, ""selected_cluster"": 0, ""cluster_scores"": {""0"": 1.4400755167007446, ""1"": -1.0}, ""num_trusted"": 9, ""fallback_used"": false}"
485,apra,apra_trust_weighted_clip,"[1, 82, 58, 4, 28, 39, 99, 13, 37]",[],"{""base_clip"": 1.0, ""trust_weights"": {""1"": 0.13354052603244781, ""82"": 0.13354052603244781, ""58"": 0.06521625816822052, ""4"": 0.13354052603244781, ""28"": 0.13354052603244781, ""39"": 0.0, ""99"": 0.13354052603244781, ""13"": 0.13354052603244781, ""37"": 0.13354052603244781}, ""num_aggregated"": 9}"
486,apra,apra_mad_filter,"[3, 62, 44, 97, 49, 90, 70, 66, 87, 54]",[],"{""median_norm"": 0.541053885831799, ""mad"": 0.0621249049832614, ""k"": 2.0, ""num_accepted"": 10, ""safety_keep_used"": false, ""fallback_used"": false}"
486,apra,apra_hierarchical_cluster,"[3, 62, 44, 97, 49, 90, 70, 66, 87]",[54],"{""best_k"": 2, ""best_score"": 0.6558219790458679, ""selected_cluster"": 0, ""cluster_scores"": {""0"": 3.658643960952759, ""1"": -1.0}, ""num_trusted"": 9, ""fallback_used"": false}"
486,apra,apra_trust_weighted_clip,"[3, 62, 44, 97, 49, 90, 70, 66, 87]",[],"{""base_clip"": 1.0, ""trust_weights"": {""3"": 0.12842945754528046, ""62"": 0.12842945754528046, ""44"": 0.12842945754528046, ""97"": 0.0, ""49"": 0.12842945754528046, ""90"": 0.12842945754528046, ""70"": 0.10099376738071442, ""66"": 0.12842945754528046, ""87"": 0.12842945754528046}, ""num_aggregated"": 9}"
487,apra,apra_mad_filter,"[1, 63, 12, 31, 57, 76, 69, 61, 2]",[95],"{""median_norm"": 0.4847509961654749, ""mad"": 0.04541718677857384, ""k"": 2.0, ""num_accepted"": 9, ""safety_keep_used"": false, ""fallback_used"": false}"
487,apra,apra_hierarchical_cluster,"[1, 63, 12, 57, 76, 69, 61, 2]",[31],"{""best_k"": 2, ""best_score"": 0.7138854265213013, ""selected_cluster"": 0, ""cluster_scores"": {""0"": 3.869339942932129, ""1"": -1.0}, ""num_trusted"": 8, ""fallback_used"": false}"
487,apra,apra_trust_weighted_clip,"[1, 63, 12, 57, 76, 69, 61, 2]",[],"{""base_clip"": 1.0, ""trust_weights"": {""1"": 0.1666666716337204, ""63"": 0.1666666716337204, ""12"": 0.1666666716337204, ""57"": 0.1666666716337204, ""76"": 0.1666666716337204, ""69"": 0.0, ""61"": 0.1666666716337204, ""2"": 0.0}, ""num_aggregated"": 8}"
488,apra,apra_mad_filter,"[4, 3, 89, 43, 32, 65, 24, 70, 75, 71]",[],"{""median_norm"": 0.5555974551201696, ""mad"": 0.08205555701316092, ""k"": 2.0, ""num_accepted"": 10, ""safety_keep_used"": false, ""fallback_used"": false}"
488,apra,apra_hierarchical_cluster,"[4, 3, 89, 43, 65, 24, 70, 75, 71]",[32],"{""best_k"": 2, ""best_score"": 0.629199206829071, ""selected_cluster"": 0, ""cluster_scores"": {""0"": 2.345456123352051, ""1"": -1.0}, ""num_trusted"": 9, ""fallback_used"": false}"
488,apra,apra_trust_weighted_clip,"[4, 3, 89, 43, 65, 24, 70, 75, 71]",[],"{""base_clip"": 1.0, ""trust_weights"": {""4"": 0.38149285316467285, ""3"": 0.0, ""89"": 0.0, ""43"": 0.0, ""65"": 0.0, ""24"": 0.0, ""70"": 0.38149285316467285, ""75"": 0.11850715428590775, ""71"": 0.11850715428590775}, ""num_aggregated"": 9}"
489,apra,apra_mad_filter,"[23, 91, 20, 84, 29, 85, 79, 50, 43]",[0],"{""median_norm"": 0.5153502367690992, ""mad"": 0.060248544407104504, ""k"": 2.0, ""num_accepted"": 9, ""safety_keep_used"": false, ""fallback_used"": false}"
489,apra,apra_hierarchical_cluster,"[23, 91, 20, 84, 29, 79, 50, 43]",[85],"{""best_k"": 2, ""best_score"": 0.47269999980926514, ""selected_cluster"": 0, ""cluster_scores"": {""0"": 6.170101165771484, ""1"": -1.0}, ""num_trusted"": 8, ""fallback_used"": false}"
489,apra,apra_trust_weighted_clip,"[23, 91, 20, 84, 29, 79, 50, 43]",[],"{""base_clip"": 1.0, ""trust_weights"": {""23"": 0.1465015858411789, ""91"": 0.1465015858411789, ""20"": 0.0, ""84"": 0.1465015858411789, ""29"": 0.12099046260118484, ""79"": 0.1465015858411789, ""50"": 0.1465015858411789, ""43"": 0.1465015858411789}, ""num_aggregated"": 8}"
490,apra,apra_mad_filter,"[89, 96, 25, 98, 83, 63, 50, 35]","[3, 47]","{""median_norm"": 0.5713442628451328, ""mad"": 0.04888808014030577, ""k"": 2.0, ""num_accepted"": 8, ""safety_keep_used"": false, ""fallback_used"": false}"
490,apra,apra_hierarchical_cluster,"[89, 96, 25, 98, 83, 63, 50]",[35],"{""best_k"": 2, ""best_score"": 0.35584163665771484, ""selected_cluster"": 0, ""cluster_scores"": {""0"": 3.696554183959961, ""1"": -1.0}, ""num_trusted"": 7, ""fallback_used"": false}"
490,apra,apra_trust_weighted_clip,"[89, 96, 25, 98, 83, 63, 50]",[],"{""base_clip"": 1.0, ""trust_weights"": {""89"": 0.1666666716337204, ""96"": 0.1666666716337204, ""25"": 0.1666666716337204, ""98"": 0.1666666716337204, ""83"": 0.1666666716337204, ""63"": 0.0, ""50"": 0.1666666716337204}, ""num_aggregated"": 7}"
491,apra,apra_mad_filter,"[2, 43, 15, 21, 42, 50, 20, 22]","[81, 1]","{""median_norm"": 0.4971235315466618, ""mad"": 0.030226168067928272, ""k"": 2.0, ""num_accepted"": 8, ""safety_keep_used"": false, ""fallback_used"": false}"
491,apra,apra_hierarchical_cluster,"[2, 43, 15, 21, 50, 20, 22]",[42],"{""best_k"": 2, ""best_score"": 0.5731120109558105, ""selected_cluster"": 0, ""cluster_scores"": {""0"": 2.156177282333374, ""1"": -1.0}, ""num_trusted"": 7, ""fallback_used"": false}"
491,apra,apra_trust_weighted_clip,"[2, 43, 15, 21, 50, 20, 22]",[],"{""base_clip"": 1.0, ""trust_weights"": {""2"": 0.20000000298023224, ""43"": 0.20000000298023224, ""15"": 0.0, ""21"": 0.0, ""50"": 0.20000000298023224, ""20"": 0.20000000298023224, ""22"": 0.20000000298023224}, ""num_aggregated"": 7}"
492,apra,apra_mad_filter,"[4, 85, 27, 36, 99, 53, 33, 87, 35]",[17],"{""median_norm"": 0.5242469784155581, ""mad"": 0.07180271820781986, ""k"": 2.0, ""num_accepted"": 9, ""safety_keep_used"": false, ""fallback_used"": false}"
492,apra,apra_hierarchical_cluster,"[4, 85, 27, 99, 53, 33, 87, 35]",[36],"{""best_k"": 2, ""best_score"": 0.4861817955970764, ""selected_cluster"": 0, ""cluster_scores"": {""0"": 1.1383978128433228, ""1"": -1.0}, ""num_trusted"": 8, ""fallback_used"": false}"
492,apra,apra_trust_weighted_clip,"[4, 85, 27, 99, 53, 33, 87, 35]",[],"{""base_clip"": 1.0, ""trust_weights"": {""4"": 0.0, ""85"": 0.1666666716337204, ""27"": 0.1666666716337204, ""99"": 0.0, ""53"": 0.1666666716337204, ""33"": 0.1666666716337204, ""87"": 0.1666666716337204, ""35"": 0.1666666716337204}, ""num_aggregated"": 8}"
493,apra,apra_mad_filter,"[4, 73, 94, 50, 16, 27, 67, 8, 58]",[88],"{""median_norm"": 0.5699792072767927, ""mad"": 0.13112359640436572, ""k"": 2.0, ""num_accepted"": 9, ""safety_keep_used"": false, ""fallback_used"": false}"
493,apra,apra_hierarchical_cluster,"[4, 94, 50, 16, 27, 67, 8, 58]",[73],"{""best_k"": 2, ""best_score"": 0.801391065120697, ""selected_cluster"": 0, ""cluster_scores"": {""0"": 7.335038661956787, ""1"": -1.0}, ""num_trusted"": 8, ""fallback_used"": false}"
493,apra,apra_trust_weighted_clip,"[4, 94, 50, 16, 27, 67, 8, 58]",[],"{""base_clip"": 1.0, ""trust_weights"": {""4"": 0.1666666716337204, ""94"": 0.1666666716337204, ""50"": 0.1666666716337204, ""16"": 0.1666666716337204, ""27"": 0.1666666716337204, ""67"": 0.0, ""8"": 0.0, ""58"": 0.1666666716337204}, ""num_aggregated"": 8}"
494,apra,apra_mad_filter,"[72, 87, 49, 6, 94, 56, 76, 84]","[0, 73]","{""median_norm"": 0.5368314914912972, ""mad"": 0.06248798484056034, ""k"": 2.0, ""num_accepted"": 8, ""safety_keep_used"": false, ""fallback_used"": false}"
494,apra,apra_hierarchical_cluster,"[87, 49, 6, 94, 56, 76, 84]",[72],"{""best_k"": 2, ""best_score"": 0.43843740224838257, ""selected_cluster"": 0, ""cluster_scores"": {""0"": 6.236693382263184, ""1"": -1.0}, ""num_trusted"": 7, ""fallback_used"": false}"
494,apra,apra_trust_weighted_clip,"[87, 49, 6, 94, 56, 76, 84]",[],"{""base_clip"": 1.0, ""trust_weights"": {""87"": 0.0, ""49"": 0.0, ""6"": 0.25, ""94"": 0.25, ""56"": 0.0, ""76"": 0.25, ""84"": 0.25}, ""num_aggregated"": 7}"
495,apra,apra_mad_filter,"[1, 78, 77, 34, 44, 10, 5, 50, 85, 68]",[],"{""median_norm"": 0.4790642468322276, ""mad"": 0.04498076406603996, ""k"": 2.0, ""num_accepted"": 10, ""safety_keep_used"": false, ""fallback_used"": false}"
495,apra,apra_hierarchical_cluster,"[1, 78, 77, 34, 44, 5, 50, 85, 68]",[10],"{""best_k"": 2, ""best_score"": 0.6200194954872131, ""selected_cluster"": 0, ""cluster_scores"": {""0"": 3.732924699783325, ""1"": -1.0}, ""num_trusted"": 9, ""fallback_used"": false}"
495,apra,apra_trust_weighted_clip,"[1, 78, 77, 34, 44, 5, 50, 85, 68]",[],"{""base_clip"": 1.0, ""trust_weights"": {""1"": 0.1428571492433548, ""78"": 0.1428571492433548, ""77"": 0.1428571492433548, ""34"": 0.1428571492433548, ""44"": 0.0, ""5"": 0.1428571492433548, ""50"": 0.1428571492433548, ""85"": 0.0, ""68"": 0.1428571492433548}, ""num_aggregated"": 9}"
496,apra,apra_mad_filter,"[1, 67, 93, 20, 79, 19, 10, 49, 75, 94]",[],"{""median_norm"": 0.492706875412916, ""mad"": 0.07225240702915214, ""k"": 2.0, ""num_accepted"": 10, ""safety_keep_used"": false, ""fallback_used"": false}"
496,apra,apra_hierarchical_cluster,"[1, 67, 93, 20, 79, 19, 49, 75, 94]",[10],"{""best_k"": 2, ""best_score"": 0.5898206233978271, ""selected_cluster"": 0, ""cluster_scores"": {""0"": 2.5232434272766113, ""1"": -1.0}, ""num_trusted"": 9, ""fallback_used"": false}"
496,apra,apra_trust_weighted_clip,"[1, 67, 93, 20, 79, 19, 49, 75, 94]",[],"{""base_clip"": 1.0, ""trust_weights"": {""1"": 0.1428571492433548, ""67"": 0.1428571492433548, ""93"": 0.1428571492433548, ""20"": 0.1428571492433548, ""79"": 0.1428571492433548, ""19"": 0.0, ""49"": 0.0, ""75"": 0.1428571492433548, ""94"": 0.1428571492433548}, ""num_aggregated"": 9}"
497,apra,apra_mad_filter,"[3, 1, 40, 89, 63, 65, 48, 90, 64]",[24],"{""median_norm"": 0.481663172150377, ""mad"": 0.05967896215384155, ""k"": 2.0, ""num_accepted"": 9, ""safety_keep_used"": false, ""fallback_used"": false}"
497,apra,apra_hierarchical_cluster,"[3, 1, 40, 89, 63, 65, 90, 64]",[48],"{""best_k"": 2, ""best_score"": 0.7368695139884949, ""selected_cluster"": 0, ""cluster_scores"": {""0"": 4.215712547302246, ""1"": -1.0}, ""num_trusted"": 8, ""fallback_used"": false}"
497,apra,apra_trust_weighted_clip,"[3, 1, 40, 89, 63, 65, 90, 64]",[],"{""base_clip"": 1.0, ""trust_weights"": {""3"": 0.0, ""1"": 0.2671433985233307, ""40"": 0.19134895503520966, ""89"": 0.0, ""63"": 0.0830153375864029, ""65"": 0.19134895503520966, ""90"": 0.0, ""64"": 0.2671433985233307}, ""num_aggregated"": 8}"
498,apra,apra_mad_filter,"[0, 97, 8, 32, 54, 84, 25, 82, 2]",[47],"{""median_norm"": 0.5961505001401053, ""mad"": 0.04861192306313533, ""k"": 2.0, ""num_accepted"": 9, ""safety_keep_used"": false, ""fallback_used"": false}"
498,apra,apra_hierarchical_cluster,"[97, 8, 32, 54, 84, 25, 82, 2]",[0],"{""best_k"": 2, ""best_score"": 0.510288655757904, ""selected_cluster"": 0, ""cluster_scores"": {""0"": 2.000755786895752, ""1"": -1.0}, ""num_trusted"": 8, ""fallback_used"": false}"
498,apra,apra_trust_weighted_clip,"[97, 8, 32, 54, 84, 25, 82, 2]",[],"{""base_clip"": 1.0, ""trust_weights"": {""97"": 0.1428571492433548, ""8"": 0.1428571492433548, ""32"": 0.1428571492433548, ""54"": 0.0, ""84"": 0.1428571492433548, ""25"": 0.1428571492433548, ""82"": 0.1428571492433548, ""2"": 0.1428571492433548}, ""num_aggregated"": 8}"
499,apra,apra_mad_filter,"[3, 77, 43, 84, 54, 23, 41, 81, 5]",[97],"{""median_norm"": 0.7432243059894332, ""mad"": 0.06415598816661583, ""k"": 2.0, ""num_accepted"": 9, ""safety_keep_used"": false, ""fallback_used"": false}"
499,apra,apra_hierarchical_cluster,"[3, 77, 43, 84, 23, 41, 81, 5]",[54],"{""best_k"": 2, ""best_score"": 0.7057813405990601, ""selected_cluster"": 0, ""cluster_scores"": {""0"": 4.45616340637207, ""1"": -1.0}, ""num_trusted"": 8, ""fallback_used"": false}"
499,apra,apra_trust_weighted_clip,"[3, 77, 43, 84, 23, 41, 81, 5]",[],"{""base_clip"": 1.0, ""trust_weights"": {""3"": 0.1666666716337204, ""77"": 0.1666666716337204, ""43"": 0.1666666716337204, ""84"": 0.1666666716337204, ""23"": 0.1666666716337204, ""41"": 0.0, ""81"": 0.0, ""5"": 0.1666666716337204}, ""num_aggregated"": 8}"
500,apra,apra_mad_filter,"[4, 50, 79, 39, 10, 18, 28, 41, 22, 71]",[],"{""median_norm"": 0.5391094901637592, ""mad"": 0.06705082681362082, ""k"": 2.0, ""num_accepted"": 10, ""safety_keep_used"": false, ""fallback_used"": false}"
500,apra,apra_hierarchical_cluster,"[4, 50, 79, 39, 18, 28, 41, 22, 71]",[10],"{""best_k"": 2, ""best_score"": 0.651229977607727, ""selected_cluster"": 0, ""cluster_scores"": {""0"": 2.0836362838745117, ""1"": -1.0}, ""num_trusted"": 9, ""fallback_used"": false}"
500,apra,apra_trust_weighted_clip,"[4, 50, 79, 39, 18, 28, 41, 22, 71]",[],"{""base_clip"": 1.0, ""trust_weights"": {""4"": 0.18324591219425201, ""50"": 0.18324591219425201, ""79"": 0.18324591219425201, ""39"": 0.0, ""18"": 0.18324591219425201, ""28"": 0.08377043902873993, ""41"": 0.0, ""22"": 0.18324591219425201, ""71"": 0.0}, ""num_aggregated"": 9}"
