epoch,num_sampled,num_adversaries,sampled_ids,sampled_benign_ids,sampled_malicious_ids,mad_median_norm,mad_mad,mad_k,mad_safety_keep_used,mad_fallback_used,mad_pass_ids,mad_reject_ids,mad_effective_pass_ids,mad_effective_reject_ids,mad_pass_benign_ids,mad_pass_malicious_ids,mad_reject_benign_ids,mad_reject_malicious_ids,cluster_best_k,cluster_best_score,cluster_scores,cluster_selected_cluster,cluster_fallback_used,cluster_pass_ids,cluster_reject_ids,cluster_effective_pass_ids,cluster_effective_reject_ids,cluster_pass_benign_ids,cluster_pass_malicious_ids,cluster_reject_benign_ids,cluster_reject_malicious_ids,final_selected_ids,final_rejected_ids,final_selected_benign_ids,final_selected_malicious_ids,final_rejected_benign_ids,final_rejected_malicious_ids,final_selected_benign_count,final_selected_malicious_count,final_rejected_benign_count,final_rejected_malicious_count
1,10,5,"[4, 32, 71, 58, 3, 24, 62, 67, 43, 29]","[32, 71, 58, 24, 62, 67, 43, 29]","[4, 3]",0.7390354846622206,0.13900957443650808,4.524187090179797,0,0,"[32, 71, 58, 24, 62, 67, 43, 29]","[4, 3]","[32, 71, 58, 24, 62, 67, 43, 29]","[4, 3]","[32, 71, 58, 24, 62, 67, 43, 29]",[],[],"[4, 3]",2,0.37927132844924927,"{""0"": 2.86340594291687, ""1"": -1.0}",0,0,"[32, 58, 24, 62, 67, 43, 29]","[4, 71, 3]","[32, 58, 24, 62, 67, 43, 29]","[4, 71, 3]","[32, 58, 24, 62, 67, 43, 29]",[],[71],"[4, 3]","[32, 58, 24, 62, 67, 43, 29]","[4, 71, 3]","[32, 58, 24, 62, 67, 43, 29]",[],[71],"[4, 3]",7,0,1,2
2,10,5,"[3, 73, 72, 99, 20, 15, 37, 93, 74, 22]","[73, 72, 99, 20, 15, 37, 93, 74, 22]",[3],0.9591726347565996,0.10626665860412621,4.093653765389909,0,0,"[73, 72, 99, 20, 15, 37, 93, 74, 22]",[3],"[73, 72, 99, 20, 15, 37, 93, 74, 22]",[3],"[73, 72, 99, 20, 15, 37, 93, 74, 22]",[],[],[3],2,0.3526797890663147,"{""0"": 0.6856352686882019, ""1"": -1.0}",0,0,"[73, 99, 20, 15, 37, 93, 74, 22]","[3, 72]","[73, 99, 20, 15, 37, 93, 74, 22]","[3, 72]","[73, 99, 20, 15, 37, 93, 74, 22]",[],[72],[3],"[73, 99, 20, 15, 37, 93, 74, 22]","[3, 72]","[73, 99, 20, 15, 37, 93, 74, 22]",[],[72],[3],8,0,1,1
3,10,5,"[2, 11, 29, 61, 14, 62, 31, 0, 55, 89]","[11, 29, 61, 14, 62, 31, 55, 89]","[2, 0]",0.9035802121882042,0.17242963823375423,3.7040911034085893,0,0,"[11, 29, 61, 14, 62, 31, 55, 89]","[2, 0]","[11, 29, 61, 14, 62, 31, 55, 89]","[2, 0]","[11, 29, 61, 14, 62, 31, 55, 89]",[],[],"[2, 0]",2,0.49221327900886536,"{""0"": 5.800688743591309, ""1"": -1.0}",0,0,"[11, 29, 61, 14, 62, 55, 89]","[2, 31, 0]","[11, 29, 61, 14, 62, 55, 89]","[2, 31, 0]","[11, 29, 61, 14, 62, 55, 89]",[],[31],"[2, 0]","[11, 29, 61, 14, 62, 55, 89]","[2, 31, 0]","[11, 29, 61, 14, 62, 55, 89]",[],[31],"[2, 0]",7,0,1,2
4,10,5,"[1, 73, 5, 68, 48, 28, 53, 72, 34, 88]","[73, 5, 68, 48, 28, 53, 72, 34, 88]",[1],0.8053160054344379,0.24888175964096043,3.351600230178197,0,0,"[73, 5, 68, 48, 28, 53, 72, 34, 88]",[1],"[73, 5, 68, 48, 28, 53, 72, 34, 88]",[1],"[73, 5, 68, 48, 28, 53, 72, 34, 88]",[],[],[1],2,0.708500325679779,"{""0"": 5.7499284744262695, ""1"": -1.0}",0,0,"[73, 5, 68, 48, 28, 53, 72, 34]","[1, 88]","[73, 5, 68, 48, 28, 53, 72, 34]","[1, 88]","[73, 5, 68, 48, 28, 53, 72, 34]",[],[88],[1],"[73, 5, 68, 48, 28, 53, 72, 34]","[1, 88]","[73, 5, 68, 48, 28, 53, 72, 34]",[],[88],[1],8,0,1,1
5,10,5,"[4, 27, 55, 98, 67, 16, 57, 21, 26, 69]","[27, 55, 98, 67, 16, 57, 21, 26, 69]",[4],0.9117307005156956,0.1873365922419385,3.032653298563167,0,0,"[27, 55, 98, 67, 16, 57, 21, 26, 69]",[4],"[27, 55, 98, 67, 16, 57, 21, 26, 69]",[4],"[27, 55, 98, 67, 16, 57, 21, 26, 69]",[],[],[4],2,0.6323519349098206,"{""0"": 4.039701461791992, ""1"": -1.0}",0,0,"[27, 55, 98, 67, 16, 57, 21, 26]","[4, 69]","[27, 55, 98, 67, 16, 57, 21, 26]","[4, 69]","[27, 55, 98, 67, 16, 57, 21, 26]",[],[69],[4],"[27, 55, 98, 67, 16, 57, 21, 26]","[4, 69]","[27, 55, 98, 67, 16, 57, 21, 26]",[],[69],[4],8,0,1,1
6,10,5,"[3, 55, 44, 86, 53, 6, 52, 61, 62, 48]","[55, 44, 86, 53, 6, 52, 61, 62, 48]",[3],0.8705928144624263,0.08864015121906405,2.744058180470132,0,0,"[55, 44, 86, 53, 6, 52, 61, 62, 48]",[3],"[55, 44, 86, 53, 6, 52, 61, 62, 48]",[3],"[55, 44, 86, 53, 6, 52, 61, 62, 48]",[],[],[3],4,0.2736552953720093,"{""0"": 3.0201756954193115, ""1"": 1.61344575881958, ""2"": -1.0, ""3"": -1.0}",0,0,"[55, 86, 6, 52, 62]","[3, 44, 53, 61, 48]","[55, 86, 6, 52, 62]","[3, 44, 53, 61, 48]","[55, 86, 6, 52, 62]",[],"[44, 53, 61, 48]",[3],"[55, 86, 6, 52, 62]","[3, 44, 53, 61, 48]","[55, 86, 6, 52, 62]",[],"[44, 53, 61, 48]",[3],5,0,4,1
7,10,5,"[2, 73, 46, 58, 32, 95, 97, 42, 38, 13]","[73, 46, 58, 32, 95, 97, 42, 38, 13]",[2],1.0179735940668655,0.15544157979040335,2.4829265189570475,0,0,"[73, 46, 58, 32, 95, 97, 42, 38, 13]",[2],"[73, 46, 58, 32, 95, 97, 42, 38, 13]",[2],"[73, 46, 58, 32, 95, 97, 42, 38, 13]",[],[],[2],2,0.48927730321884155,"{""0"": 3.1218111515045166, ""1"": -1.0}",0,0,"[73, 46, 58, 32, 97, 42, 38, 13]","[2, 95]","[73, 46, 58, 32, 97, 42, 38, 13]","[2, 95]","[73, 46, 58, 32, 97, 42, 38, 13]",[],[95],[2],"[73, 46, 58, 32, 97, 42, 38, 13]","[2, 95]","[73, 46, 58, 32, 97, 42, 38, 13]",[],[95],[2],8,0,1,1
8,10,5,"[0, 41, 96, 97, 82, 86, 57, 62, 85, 17]","[41, 96, 97, 82, 86, 57, 62, 85, 17]",[0],1.059880581905881,0.37832576649537863,2.246644820586108,0,0,"[41, 96, 97, 82, 86, 57, 62, 85, 17]",[0],"[41, 96, 97, 82, 86, 57, 62, 85, 17]",[0],"[41, 96, 97, 82, 86, 57, 62, 85, 17]",[],[],[0],2,0.6958793997764587,"{""0"": 3.991895914077759, ""1"": 1.9672231674194336}",0,0,"[97, 82, 86, 57, 62, 85, 17]","[0, 41, 96]","[97, 82, 86, 57, 62, 85, 17]","[0, 41, 96]","[97, 82, 86, 57, 62, 85, 17]",[],"[41, 96]",[0],"[97, 82, 86, 57, 62, 85, 17]","[0, 41, 96]","[97, 82, 86, 57, 62, 85, 17]",[],"[41, 96]",[0],7,0,2,1
9,10,5,"[2, 1, 38, 6, 23, 43, 89, 96, 69, 84]","[38, 6, 23, 43, 89, 96, 69, 84]","[2, 1]",0.9657730403298657,0.1050273609733427,2.0328482987029957,0,0,"[38, 6, 23, 43, 89, 96, 69, 84]","[2, 1]","[38, 6, 23, 43, 89, 96, 69, 84]","[2, 1]","[38, 6, 23, 43, 89, 96, 69, 84]",[],[],"[2, 1]",2,0.5646443367004395,"{""0"": 4.2050909996032715, ""1"": -1.0}",0,0,"[38, 6, 23, 43, 89, 69, 84]","[2, 1, 96]","[38, 6, 23, 43, 89, 69, 84]","[2, 1, 96]","[38, 6, 23, 43, 89, 69, 84]",[],[96],"[2, 1]","[38, 6, 23, 43, 89, 69, 84]","[2, 1, 96]","[38, 6, 23, 43, 89, 69, 84]",[],[96],"[2, 1]",7,0,1,2
10,10,5,"[4, 95, 65, 71, 9, 3, 81, 70, 41, 42]","[95, 65, 71, 9, 81, 70, 41, 42]","[4, 3]",0.91096992962614,0.10858344394924835,2.0,0,0,"[95, 65, 71, 9, 81, 70, 41, 42]","[4, 3]","[95, 65, 71, 9, 81, 70, 41, 42]","[4, 3]","[95, 65, 71, 9, 81, 70, 41, 42]",[],[],"[4, 3]",2,0.5367851257324219,"{""0"": 2.6752231121063232, ""1"": 1.9651391506195068}",0,0,"[65, 71, 9, 81, 70, 42]","[4, 95, 3, 41]","[65, 71, 9, 81, 70, 42]","[4, 95, 3, 41]","[65, 71, 9, 81, 70, 42]",[],"[95, 41]","[4, 3]","[65, 71, 9, 81, 70, 42]","[4, 95, 3, 41]","[65, 71, 9, 81, 70, 42]",[],"[95, 41]","[4, 3]",6,0,2,2
11,10,5,"[4, 58, 20, 28, 44, 63, 65, 38, 97, 47]","[58, 20, 28, 44, 63, 65, 38, 97, 47]",[4],0.8711289480400415,0.16879432397782945,2.0,0,0,"[58, 20, 28, 44, 63, 65, 38, 97, 47]",[4],"[58, 20, 28, 44, 63, 65, 38, 97, 47]",[4],"[58, 20, 28, 44, 63, 65, 38, 97, 47]",[],[],[4],3,0.493097186088562,"{""0"": 3.720829963684082, ""1"": -1.0, ""2"": -1.0}",0,0,"[58, 20, 28, 44, 63, 65, 38]","[4, 97, 47]","[58, 20, 28, 44, 63, 65, 38]","[4, 97, 47]","[58, 20, 28, 44, 63, 65, 38]",[],"[97, 47]",[4],"[58, 20, 28, 44, 63, 65, 38]","[4, 97, 47]","[58, 20, 28, 44, 63, 65, 38]",[],"[97, 47]",[4],7,0,2,1
12,10,5,"[3, 81, 20, 6, 68, 2, 37, 15, 11, 48]","[81, 20, 6, 68, 37, 15, 11, 48]","[3, 2]",0.8010872257818653,0.19270674659648462,2.0,0,0,"[81, 20, 6, 68, 37, 15, 11, 48]","[3, 2]","[81, 20, 6, 68, 37, 15, 11, 48]","[3, 2]","[81, 20, 6, 68, 37, 15, 11, 48]",[],[],"[3, 2]",4,0.3750257194042206,"{""0"": 1.7886511087417603, ""1"": 1.739725112915039, ""2"": -1.0, ""3"": -1.0}",0,0,"[81, 68]","[3, 20, 6, 2, 37, 15, 11, 48]","[81, 68]","[3, 20, 6, 2, 37, 15, 11, 48]","[81, 68]",[],"[20, 6, 37, 15, 11, 48]","[3, 2]","[81, 68]","[3, 20, 6, 2, 37, 15, 11, 48]","[81, 68]",[],"[20, 6, 37, 15, 11, 48]","[3, 2]",2,0,6,2
13,10,5,"[0, 60, 95, 98, 39, 75, 32, 15, 52, 49]","[60, 95, 98, 39, 75, 32, 15, 52, 49]",[0],0.9242142756841525,0.14994132898116197,2.0,0,0,"[60, 95, 98, 39, 75, 32, 15, 52, 49]",[0],"[60, 95, 98, 39, 75, 32, 15, 52, 49]",[0],"[60, 95, 98, 39, 75, 32, 15, 52, 49]",[],[],[0],2,0.616050124168396,"{""0"": 5.850618839263916, ""1"": -1.0}",0,0,"[60, 98, 39, 75, 32, 15, 52, 49]","[0, 95]","[60, 98, 39, 75, 32, 15, 52, 49]","[0, 95]","[60, 98, 39, 75, 32, 15, 52, 49]",[],[95],[0],"[60, 98, 39, 75, 32, 15, 52, 49]","[0, 95]","[60, 98, 39, 75, 32, 15, 52, 49]",[],[95],[0],8,0,1,1
14,10,5,"[0, 67, 86, 16, 55, 99, 88, 15, 12, 44]","[67, 86, 16, 55, 99, 88, 15, 12, 44]",[0],0.8342503968778501,0.10175390911097204,2.0,0,0,"[67, 86, 16, 55, 99, 15, 44]","[0, 88, 12]","[67, 86, 16, 55, 99, 15, 44]","[0, 88, 12]","[67, 86, 16, 55, 99, 15, 44]",[],"[88, 12]",[0],2,0.5479735732078552,"{""0"": 0.34282195568084717, ""1"": 4.716693878173828}",1,0,"[67, 86, 16, 55, 99]","[0, 88, 15, 12, 44]","[67, 86, 16, 55, 99]","[0, 88, 15, 12, 44]","[67, 86, 16, 55, 99]",[],"[88, 15, 12, 44]",[0],"[67, 86, 16, 55, 99]","[0, 88, 15, 12, 44]","[67, 86, 16, 55, 99]",[],"[88, 15, 12, 44]",[0],5,0,4,1
15,10,5,"[2, 81, 49, 56, 12, 30, 83, 37, 3, 91]","[81, 49, 56, 12, 30, 83, 37, 91]","[2, 3]",0.7319845221742614,0.16300298709378613,2.0,0,0,"[81, 49, 56, 12, 30, 83, 37, 91]","[2, 3]","[81, 49, 56, 12, 30, 83, 37, 91]","[2, 3]","[81, 49, 56, 12, 30, 83, 37, 91]",[],[],"[2, 3]",2,0.4367556571960449,"{""0"": 0.32143300771713257, ""1"": 4.6876325607299805}",1,0,"[81, 49, 12, 83, 91]","[2, 56, 30, 37, 3]","[81, 49, 12, 83, 91]","[2, 56, 30, 37, 3]","[81, 49, 12, 83, 91]",[],"[56, 30, 37]","[2, 3]","[81, 49, 12, 83, 91]","[2, 56, 30, 37, 3]","[81, 49, 12, 83, 91]",[],"[56, 30, 37]","[2, 3]",5,0,3,2
16,10,5,"[2, 57, 85, 84, 46, 6, 40, 43, 71, 39]","[57, 85, 84, 46, 6, 40, 43, 71, 39]",[2],0.9702169341707734,0.061308425413455714,2.0,0,0,"[85, 84, 46, 6, 40, 43, 71, 39]","[2, 57]","[85, 84, 46, 6, 40, 43, 71, 39]","[2, 57]","[85, 84, 46, 6, 40, 43, 71, 39]",[],[57],[2],2,0.46303585171699524,"{""0"": 2.5922186374664307, ""1"": -1.0}",0,0,"[85, 84, 46, 6, 40, 43, 39]","[2, 57, 71]","[85, 84, 46, 6, 40, 43, 39]","[2, 57, 71]","[85, 84, 46, 6, 40, 43, 39]",[],"[57, 71]",[2],"[85, 84, 46, 6, 40, 43, 39]","[2, 57, 71]","[85, 84, 46, 6, 40, 43, 39]",[],"[57, 71]",[2],7,0,2,1
17,10,5,"[0, 83, 71, 76, 18, 17, 81, 62, 3, 52]","[83, 71, 76, 18, 17, 81, 62, 52]","[0, 3]",0.9612684069694002,0.10525823224904723,2.0,0,0,"[83, 71, 76, 18, 17, 81, 62, 52]","[0, 3]","[83, 71, 76, 18, 17, 81, 62, 52]","[0, 3]","[83, 71, 76, 18, 17, 81, 62, 52]",[],[],"[0, 3]",2,0.5224514007568359,"{""0"": 5.52012825012207, ""1"": -1.0}",0,0,"[83, 76, 18, 17, 81, 62, 52]","[0, 71, 3]","[83, 76, 18, 17, 81, 62, 52]","[0, 71, 3]","[83, 76, 18, 17, 81, 62, 52]",[],[71],"[0, 3]","[83, 76, 18, 17, 81, 62, 52]","[0, 71, 3]","[83, 76, 18, 17, 81, 62, 52]",[],[71],"[0, 3]",7,0,1,2
18,10,5,"[4, 80, 88, 5, 84, 50, 40, 78, 31, 43]","[80, 88, 5, 84, 50, 40, 78, 31, 43]",[4],0.7473506415179547,0.21621180241386478,2.0,0,0,"[80, 5, 84, 50, 40, 78, 31, 43]","[4, 88]","[80, 5, 84, 50, 40, 78, 31, 43]","[4, 88]","[80, 5, 84, 50, 40, 78, 31, 43]",[],[88],[4],2,0.557007908821106,"{""0"": 3.2465786933898926, ""1"": -1.0}",0,0,"[80, 84, 50, 40, 78, 31, 43]","[4, 88, 5]","[80, 84, 50, 40, 78, 31, 43]","[4, 88, 5]","[80, 84, 50, 40, 78, 31, 43]",[],"[88, 5]",[4],"[80, 84, 50, 40, 78, 31, 43]","[4, 88, 5]","[80, 84, 50, 40, 78, 31, 43]",[],"[88, 5]",[4],7,0,2,1
19,10,5,"[3, 84, 45, 95, 90, 65, 6, 87, 29, 51]","[84, 45, 95, 90, 65, 6, 87, 29, 51]",[3],0.755113806624865,0.10397250871063551,2.0,0,0,"[84, 45, 95, 90, 65, 6, 87, 29, 51]",[3],"[84, 45, 95, 90, 65, 6, 87, 29, 51]",[3],"[84, 45, 95, 90, 65, 6, 87, 29, 51]",[],[],[3],4,0.3293142318725586,"{""0"": 1.678694248199463, ""1"": 2.9632701873779297, ""2"": -1.0, ""3"": -1.0}",1,0,"[45, 90, 87]","[3, 84, 95, 65, 6, 29, 51]","[45, 90, 87]","[3, 84, 95, 65, 6, 29, 51]","[45, 90, 87]",[],"[84, 95, 65, 6, 29, 51]",[3],"[45, 90, 87]","[3, 84, 95, 65, 6, 29, 51]","[45, 90, 87]",[],"[84, 95, 65, 6, 29, 51]",[3],3,0,6,1
20,10,5,"[1, 72, 28, 52, 38, 63, 18, 22, 39, 47]","[72, 28, 52, 38, 63, 18, 22, 39, 47]",[1],0.9153520942786685,0.17546861768722,2.0,0,0,"[72, 28, 52, 38, 63, 18, 22, 39, 47]",[1],"[72, 28, 52, 38, 63, 18, 22, 39, 47]",[1],"[72, 28, 52, 38, 63, 18, 22, 39, 47]",[],[],[1],3,0.4043888449668884,"{""0"": 1.961470127105713, ""1"": 1.9882447719573975, ""2"": 1.9301841259002686}",1,0,"[52, 63]","[1, 72, 28, 38, 18, 22, 39, 47]","[52, 63]","[1, 72, 28, 38, 18, 22, 39, 47]","[52, 63]",[],"[72, 28, 38, 18, 22, 39, 47]",[1],"[52, 63]","[1, 72, 28, 38, 18, 22, 39, 47]","[52, 63]",[],"[72, 28, 38, 18, 22, 39, 47]",[1],2,0,7,1
21,10,5,"[2, 99, 66, 96, 13, 63, 5, 68, 94, 29]","[99, 66, 96, 13, 63, 5, 68, 94, 29]",[2],0.8154548926990999,0.10257123982065902,2.0,0,0,"[99, 66, 96, 13, 63, 5, 68, 94, 29]",[2],"[99, 66, 96, 13, 63, 5, 68, 94, 29]",[2],"[99, 66, 96, 13, 63, 5, 68, 94, 29]",[],[],[2],4,0.3897910416126251,"{""0"": 1.8044486045837402, ""1"": 4.5432024002075195, ""2"": -1.0, ""3"": -1.0}",1,0,"[63, 5, 68, 94, 29]","[2, 99, 66, 96, 13]","[63, 5, 68, 94, 29]","[2, 99, 66, 96, 13]","[63, 5, 68, 94, 29]",[],"[99, 66, 96, 13]",[2],"[63, 5, 68, 94, 29]","[2, 99, 66, 96, 13]","[63, 5, 68, 94, 29]",[],"[99, 66, 96, 13]",[2],5,0,4,1
22,10,5,"[1, 45, 9, 98, 99, 38, 83, 86, 24, 34]","[45, 9, 98, 99, 38, 83, 86, 24, 34]",[1],0.6832278557312944,0.14509171765528567,2.0,0,0,"[45, 9, 98, 99, 38, 83, 86, 24, 34]",[1],"[45, 9, 98, 99, 38, 83, 86, 24, 34]",[1],"[45, 9, 98, 99, 38, 83, 86, 24, 34]",[],[],[1],2,0.6868301630020142,"{""0"": 5.631256103515625, ""1"": -1.0}",0,0,"[45, 98, 99, 38, 83, 86, 24, 34]","[1, 9]","[45, 98, 99, 38, 83, 86, 24, 34]","[1, 9]","[45, 98, 99, 38, 83, 86, 24, 34]",[],[9],[1],"[45, 98, 99, 38, 83, 86, 24, 34]","[1, 9]","[45, 98, 99, 38, 83, 86, 24, 34]",[],[9],[1],8,0,1,1
23,10,5,"[2, 83, 82, 79, 81, 91, 53, 52, 90, 32]","[83, 82, 79, 81, 91, 53, 52, 90, 32]",[2],0.8041859215377664,0.22256675583805569,2.0,0,0,"[83, 82, 79, 81, 91, 53, 52, 90, 32]",[2],"[83, 82, 79, 81, 91, 53, 52, 90, 32]",[2],"[83, 82, 79, 81, 91, 53, 52, 90, 32]",[],[],[2],2,0.4961863160133362,"{""0"": 1.1123852729797363, ""1"": 4.7759599685668945}",1,0,"[83, 82, 81, 91, 53, 52, 90]","[2, 79, 32]","[83, 82, 81, 91, 53, 52, 90]","[2, 79, 32]","[83, 82, 81, 91, 53, 52, 90]",[],"[79, 32]",[2],"[83, 82, 81, 91, 53, 52, 90]","[2, 79, 32]","[83, 82, 81, 91, 53, 52, 90]",[],"[79, 32]",[2],7,0,2,1
24,10,5,"[4, 5, 99, 6, 94, 34, 46, 28, 76, 91]","[5, 99, 6, 94, 34, 46, 28, 76, 91]",[4],0.6772716050853347,0.11522571524279368,2.0,0,0,"[5, 99, 6, 94, 34, 28, 76, 91]","[4, 46]","[5, 99, 6, 94, 34, 28, 76, 91]","[4, 46]","[5, 99, 6, 94, 34, 28, 76, 91]",[],[46],[4],2,0.6384085416793823,"{""0"": 4.245887279510498, ""1"": -1.0}",0,0,"[5, 6, 94, 34, 28, 76, 91]","[4, 99, 46]","[5, 6, 94, 34, 28, 76, 91]","[4, 99, 46]","[5, 6, 94, 34, 28, 76, 91]",[],"[99, 46]",[4],"[5, 6, 94, 34, 28, 76, 91]","[4, 99, 46]","[5, 6, 94, 34, 28, 76, 91]",[],"[99, 46]",[4],7,0,2,1
25,10,5,"[4, 2, 35, 90, 93, 71, 98, 70, 95, 54]","[35, 90, 93, 71, 98, 70, 95, 54]","[4, 2]",0.8746626901185494,0.26923988205289995,2.0,0,0,"[35, 90, 93, 71, 98, 70, 95, 54]","[4, 2]","[35, 90, 93, 71, 98, 70, 95, 54]","[4, 2]","[35, 90, 93, 71, 98, 70, 95, 54]",[],[],"[4, 2]",2,0.6278603076934814,"{""0"": 4.0405354499816895, ""1"": -1.0}",0,0,"[35, 90, 93, 71, 98, 70, 95]","[4, 2, 54]","[35, 90, 93, 71, 98, 70, 95]","[4, 2, 54]","[35, 90, 93, 71, 98, 70, 95]",[],[54],"[4, 2]","[35, 90, 93, 71, 98, 70, 95]","[4, 2, 54]","[35, 90, 93, 71, 98, 70, 95]",[],[54],"[4, 2]",7,0,1,2
26,10,5,"[3, 81, 22, 41, 14, 39, 1, 88, 74, 49]","[81, 22, 41, 14, 39, 88, 74, 49]","[3, 1]",0.9251564022506318,0.27961904492058637,2.0,0,0,"[81, 22, 41, 14, 39, 74, 49]","[3, 1, 88]","[81, 22, 41, 14, 39, 74, 49]","[3, 1, 88]","[81, 22, 41, 14, 39, 74, 49]",[],[88],"[3, 1]",2,0.6517508625984192,"{""0"": 5.6347198486328125, ""1"": -1.0}",0,0,"[81, 22, 41, 14, 39, 74]","[3, 1, 88, 49]","[81, 22, 41, 14, 39, 74]","[3, 1, 88, 49]","[81, 22, 41, 14, 39, 74]",[],"[88, 49]","[3, 1]","[81, 22, 41, 14, 39, 74]","[3, 1, 88, 49]","[81, 22, 41, 14, 39, 74]",[],"[88, 49]","[3, 1]",6,0,2,2
27,10,5,"[0, 95, 57, 7, 73, 75, 65, 58, 27, 10]","[95, 57, 7, 73, 75, 65, 58, 27, 10]",[0],0.7949961693441221,0.19070357353970835,2.0,0,0,"[95, 57, 7, 73, 75, 65, 58, 27, 10]",[0],"[95, 57, 7, 73, 75, 65, 58, 27, 10]",[0],"[95, 57, 7, 73, 75, 65, 58, 27, 10]",[],[],[0],2,0.32238706946372986,"{""0"": 5.5056562423706055, ""1"": -1.0}",0,0,"[57, 7, 73, 75, 65, 58, 27, 10]","[0, 95]","[57, 7, 73, 75, 65, 58, 27, 10]","[0, 95]","[57, 7, 73, 75, 65, 58, 27, 10]",[],[95],[0],"[57, 7, 73, 75, 65, 58, 27, 10]","[0, 95]","[57, 7, 73, 75, 65, 58, 27, 10]",[],[95],[0],8,0,1,1
28,10,5,"[3, 1, 76, 65, 15, 51, 53, 69, 72, 14]","[76, 65, 15, 51, 53, 69, 72, 14]","[3, 1]",0.7377857071873368,0.17967346178614868,2.0,0,0,"[76, 65, 15, 51, 53, 69, 72, 14]","[3, 1]","[76, 65, 15, 51, 53, 69, 72, 14]","[3, 1]","[76, 65, 15, 51, 53, 69, 72, 14]",[],[],"[3, 1]",3,0.4730725884437561,"{""0"": 1.785764217376709, ""1"": 1.7924723625183105, ""2"": 3.8345608711242676}",2,0,"[76, 69, 72, 14]","[3, 1, 65, 15, 51, 53]","[76, 69, 72, 14]","[3, 1, 65, 15, 51, 53]","[76, 69, 72, 14]",[],"[65, 15, 51, 53]","[3, 1]","[76, 69, 72, 14]","[3, 1, 65, 15, 51, 53]","[76, 69, 72, 14]",[],"[65, 15, 51, 53]","[3, 1]",4,0,4,2
29,10,5,"[1, 3, 30, 81, 70, 38, 49, 78, 14, 87]","[30, 81, 70, 38, 49, 78, 14, 87]","[1, 3]",0.8953593288612156,0.1884415928568517,2.0,0,0,"[30, 81, 70, 38, 49, 78, 14, 87]","[1, 3]","[30, 81, 70, 38, 49, 78, 14, 87]","[1, 3]","[30, 81, 70, 38, 49, 78, 14, 87]",[],[],"[1, 3]",4,0.5491234660148621,"{""0"": 2.9536948204040527, ""1"": 1.9050416946411133, ""2"": -1.0, ""3"": 1.995213270187378}",0,0,"[81, 49, 14]","[1, 3, 30, 70, 38, 78, 87]","[81, 49, 14]","[1, 3, 30, 70, 38, 78, 87]","[81, 49, 14]",[],"[30, 70, 38, 78, 87]","[1, 3]","[81, 49, 14]","[1, 3, 30, 70, 38, 78, 87]","[81, 49, 14]",[],"[30, 70, 38, 78, 87]","[1, 3]",3,0,5,2
30,10,5,"[1, 71, 13, 47, 7, 49, 33, 42, 34, 53]","[71, 13, 47, 7, 49, 33, 42, 34, 53]",[1],1.0342924447372532,0.26701188439289736,2.0,0,0,"[71, 13, 47, 7, 49, 33, 42, 34, 53]",[1],"[71, 13, 47, 7, 49, 33, 42, 34, 53]",[1],"[71, 13, 47, 7, 49, 33, 42, 34, 53]",[],[],[1],2,0.4200529456138611,"{""0"": 0.7057197690010071, ""1"": -1.0}",0,0,"[71, 13, 7, 49, 33, 42, 34, 53]","[1, 47]","[71, 13, 7, 49, 33, 42, 34, 53]","[1, 47]","[71, 13, 7, 49, 33, 42, 34, 53]",[],[47],[1],"[71, 13, 7, 49, 33, 42, 34, 53]","[1, 47]","[71, 13, 7, 49, 33, 42, 34, 53]",[],[47],[1],8,0,1,1
31,10,5,"[3, 20, 48, 57, 30, 15, 45, 29, 54, 14]","[20, 48, 57, 30, 15, 45, 29, 54, 14]",[3],0.8042981910717995,0.10262507181617675,2.0,0,0,"[20, 57, 30, 15, 45, 29, 14]","[3, 48, 54]","[20, 57, 30, 15, 45, 29, 14]","[3, 48, 54]","[20, 57, 30, 15, 45, 29, 14]",[],"[48, 54]",[3],2,0.3736480176448822,"{""0"": 3.524754762649536, ""1"": 2.588693141937256}",0,0,"[57, 45, 29, 14]","[3, 20, 48, 30, 15, 54]","[57, 45, 29, 14]","[3, 20, 48, 30, 15, 54]","[57, 45, 29, 14]",[],"[20, 48, 30, 15, 54]",[3],"[57, 45, 29, 14]","[3, 20, 48, 30, 15, 54]","[57, 45, 29, 14]",[],"[20, 48, 30, 15, 54]",[3],4,0,5,1
32,10,5,"[1, 57, 52, 76, 65, 58, 51, 23, 99, 21]","[57, 52, 76, 65, 58, 51, 23, 99, 21]",[1],0.6821861571400993,0.1405081191509031,2.0,0,0,"[57, 52, 76, 65, 58, 51, 23, 99, 21]",[1],"[57, 52, 76, 65, 58, 51, 23, 99, 21]",[1],"[57, 52, 76, 65, 58, 51, 23, 99, 21]",[],[],[1],2,0.5159804821014404,"{""0"": 1.982720136642456, ""1"": -1.0}",0,0,"[57, 52, 76, 65, 58, 51, 99, 21]","[1, 23]","[57, 52, 76, 65, 58, 51, 99, 21]","[1, 23]","[57, 52, 76, 65, 58, 51, 99, 21]",[],[23],[1],"[57, 52, 76, 65, 58, 51, 99, 21]","[1, 23]","[57, 52, 76, 65, 58, 51, 99, 21]",[],[23],[1],8,0,1,1
33,10,5,"[4, 46, 64, 96, 82, 75, 40, 63, 36, 47]","[46, 64, 96, 82, 75, 40, 63, 36, 47]",[4],1.0261196842277374,0.161920233426891,2.0,0,0,"[46, 64, 96, 82, 75, 40, 63, 36, 47]",[4],"[46, 64, 96, 82, 75, 40, 63, 36, 47]",[4],"[46, 64, 96, 82, 75, 40, 63, 36, 47]",[],[],[4],2,0.5457897186279297,"{""0"": 1.9063801765441895, ""1"": -1.0}",0,0,"[46, 64, 96, 75, 40, 63, 36, 47]","[4, 82]","[46, 64, 96, 75, 40, 63, 36, 47]","[4, 82]","[46, 64, 96, 75, 40, 63, 36, 47]",[],[82],[4],"[46, 64, 96, 75, 40, 63, 36, 47]","[4, 82]","[46, 64, 96, 75, 40, 63, 36, 47]",[],[82],[4],8,0,1,1
34,10,5,"[0, 72, 8, 81, 73, 83, 65, 79, 58, 16]","[72, 8, 81, 73, 83, 65, 79, 58, 16]",[0],0.8445316733786238,0.08894499936437178,2.0,0,0,"[72, 8, 81, 83, 65, 79, 58, 16]","[0, 73]","[72, 8, 81, 83, 65, 79, 58, 16]","[0, 73]","[72, 8, 81, 83, 65, 79, 58, 16]",[],[73],[0],2,0.5197045803070068,"{""0"": 3.990453004837036, ""1"": -1.0}",0,0,"[72, 8, 81, 83, 79, 58, 16]","[0, 73, 65]","[72, 8, 81, 83, 79, 58, 16]","[0, 73, 65]","[72, 8, 81, 83, 79, 58, 16]",[],"[73, 65]",[0],"[72, 8, 81, 83, 79, 58, 16]","[0, 73, 65]","[72, 8, 81, 83, 79, 58, 16]",[],"[73, 65]",[0],7,0,2,1
35,10,5,"[3, 30, 84, 29, 12, 98, 44, 64, 13, 55]","[30, 84, 29, 12, 98, 44, 64, 13, 55]",[3],0.7279810463521337,0.08901292413972706,2.0,0,0,"[30, 84, 29, 12, 98, 44, 64, 13, 55]",[3],"[30, 84, 29, 12, 98, 44, 64, 13, 55]",[3],"[30, 84, 29, 12, 98, 44, 64, 13, 55]",[],[],[3],4,0.43828558921813965,"{""0"": 2.3833961486816406, ""1"": 1.8180177211761475, ""2"": -1.0, ""3"": 1.8668327331542969}",0,0,"[29, 98, 64, 55]","[3, 30, 84, 12, 44, 13]","[29, 98, 64, 55]","[3, 30, 84, 12, 44, 13]","[29, 98, 64, 55]",[],"[30, 84, 12, 44, 13]",[3],"[29, 98, 64, 55]","[3, 30, 84, 12, 44, 13]","[29, 98, 64, 55]",[],"[30, 84, 12, 44, 13]",[3],4,0,5,1
36,10,5,"[0, 36, 23, 49, 11, 34, 99, 33, 58, 12]","[36, 23, 49, 11, 34, 99, 33, 58, 12]",[0],1.016965814391177,0.10546719939307947,2.0,0,0,"[36, 23, 49, 11, 34, 99, 33, 58]","[0, 12]","[36, 23, 49, 11, 34, 99, 33, 58]","[0, 12]","[36, 23, 49, 11, 34, 99, 33, 58]",[],[12],[0],2,0.37013155221939087,"{""0"": 2.3795907497406006, ""1"": 1.3734807968139648}",0,0,"[36, 23, 49, 11, 34, 58]","[0, 99, 33, 12]","[36, 23, 49, 11, 34, 58]","[0, 99, 33, 12]","[36, 23, 49, 11, 34, 58]",[],"[99, 33, 12]",[0],"[36, 23, 49, 11, 34, 58]","[0, 99, 33, 12]","[36, 23, 49, 11, 34, 58]",[],"[99, 33, 12]",[0],6,0,3,1
37,10,5,"[3, 43, 5, 34, 99, 14, 48, 24, 56, 37]","[43, 5, 34, 99, 14, 48, 24, 56, 37]",[3],0.7664524851397513,0.27480175059704204,2.0,0,0,"[43, 5, 34, 99, 14, 48, 24, 56, 37]",[3],"[43, 5, 34, 99, 14, 48, 24, 56, 37]",[3],"[43, 5, 34, 99, 14, 48, 24, 56, 37]",[],[],[3],3,0.5552804470062256,"{""0"": 2.1611156463623047, ""1"": 1.9946845769882202, ""2"": 3.9036998748779297}",2,0,"[34, 14, 24, 37]","[3, 43, 5, 99, 48, 56]","[34, 14, 24, 37]","[3, 43, 5, 99, 48, 56]","[34, 14, 24, 37]",[],"[43, 5, 99, 48, 56]",[3],"[34, 14, 24, 37]","[3, 43, 5, 99, 48, 56]","[34, 14, 24, 37]",[],"[43, 5, 99, 48, 56]",[3],4,0,5,1
38,10,5,"[2, 88, 85, 65, 95, 82, 19, 77, 54, 37]","[88, 85, 65, 95, 82, 19, 77, 54, 37]",[2],1.0879470357512677,0.2769208566778041,2.0,0,0,"[88, 85, 65, 95, 82, 19, 77, 54, 37]",[2],"[88, 85, 65, 95, 82, 19, 77, 54, 37]",[2],"[88, 85, 65, 95, 82, 19, 77, 54, 37]",[],[],[2],3,0.5271105170249939,"{""0"": 3.074544906616211, ""1"": 1.9293462038040161, ""2"": -1.0}",0,0,"[85, 65, 82, 19, 77, 37]","[2, 88, 95, 54]","[85, 65, 82, 19, 77, 37]","[2, 88, 95, 54]","[85, 65, 82, 19, 77, 37]",[],"[88, 95, 54]",[2],"[85, 65, 82, 19, 77, 37]","[2, 88, 95, 54]","[85, 65, 82, 19, 77, 37]",[],"[88, 95, 54]",[2],6,0,3,1
39,10,5,"[2, 33, 12, 85, 87, 74, 15, 29, 94, 60]","[33, 12, 85, 87, 74, 15, 29, 94, 60]",[2],0.7103616240957396,0.15574809086267494,2.0,0,0,"[12, 85, 87, 74, 15, 29, 94, 60]","[2, 33]","[12, 85, 87, 74, 15, 29, 94, 60]","[2, 33]","[12, 85, 87, 74, 15, 29, 94, 60]",[],[33],[2],3,0.5483084917068481,"{""0"": 2.585291624069214, ""1"": 1.9567452669143677, ""2"": -1.0}",0,0,"[87, 74, 15, 29, 94]","[2, 33, 12, 85, 60]","[87, 74, 15, 29, 94]","[2, 33, 12, 85, 60]","[87, 74, 15, 29, 94]",[],"[33, 12, 85, 60]",[2],"[87, 74, 15, 29, 94]","[2, 33, 12, 85, 60]","[87, 74, 15, 29, 94]",[],"[33, 12, 85, 60]",[2],5,0,4,1
40,10,5,"[4, 6, 33, 77, 65, 63, 55, 18, 2, 78]","[6, 33, 77, 65, 63, 55, 18, 78]","[4, 2]",0.8402764440252537,0.11435236234153673,2.0,0,0,"[6, 33, 77, 65, 63, 55, 18, 78]","[4, 2]","[6, 33, 77, 65, 63, 55, 18, 78]","[4, 2]","[6, 33, 77, 65, 63, 55, 18, 78]",[],[],"[4, 2]",2,0.6489409804344177,"{""0"": 6.0646209716796875, ""1"": -1.0}",0,0,"[6, 33, 77, 65, 63, 55, 78]","[4, 18, 2]","[6, 33, 77, 65, 63, 55, 78]","[4, 18, 2]","[6, 33, 77, 65, 63, 55, 78]",[],[18],"[4, 2]","[6, 33, 77, 65, 63, 55, 78]","[4, 18, 2]","[6, 33, 77, 65, 63, 55, 78]",[],[18],"[4, 2]",7,0,1,2
41,10,5,"[1, 71, 25, 57, 32, 77, 51, 42, 95, 22]","[71, 25, 57, 32, 77, 51, 42, 95, 22]",[1],0.7431154732757097,0.1707174263705652,2.0,0,0,"[71, 25, 57, 32, 77, 51, 42, 95, 22]",[1],"[71, 25, 57, 32, 77, 51, 42, 95, 22]",[1],"[71, 25, 57, 32, 77, 51, 42, 95, 22]",[],[],[1],2,0.635496199131012,"{""0"": 3.3389248847961426, ""1"": -1.0}",0,0,"[71, 25, 57, 32, 77, 51, 42, 22]","[1, 95]","[71, 25, 57, 32, 77, 51, 42, 22]","[1, 95]","[71, 25, 57, 32, 77, 51, 42, 22]",[],[95],[1],"[71, 25, 57, 32, 77, 51, 42, 22]","[1, 95]","[71, 25, 57, 32, 77, 51, 42, 22]",[],[95],[1],8,0,1,1
42,10,5,"[2, 23, 61, 86, 54, 0, 91, 63, 37, 85]","[23, 61, 86, 54, 91, 63, 37, 85]","[2, 0]",0.9052903654168805,0.18416097556299826,2.0,0,0,"[23, 61, 86, 54, 91, 63, 37, 85]","[2, 0]","[23, 61, 86, 54, 91, 63, 37, 85]","[2, 0]","[23, 61, 86, 54, 91, 63, 37, 85]",[],[],"[2, 0]",2,0.7878644466400146,"{""0"": 6.361288070678711, ""1"": -1.0}",0,0,"[23, 61, 86, 91, 63, 37, 85]","[2, 54, 0]","[23, 61, 86, 91, 63, 37, 85]","[2, 54, 0]","[23, 61, 86, 91, 63, 37, 85]",[],[54],"[2, 0]","[23, 61, 86, 91, 63, 37, 85]","[2, 54, 0]","[23, 61, 86, 91, 63, 37, 85]",[],[54],"[2, 0]",7,0,1,2
43,10,5,"[0, 40, 56, 34, 98, 35, 1, 22, 89, 16]","[40, 56, 34, 98, 35, 22, 89, 16]","[0, 1]",0.7187614091575393,0.12132564039577598,2.0,0,0,"[56, 34, 98, 35, 22, 89, 16]","[0, 40, 1]","[56, 34, 98, 35, 22, 89, 16]","[0, 40, 1]","[56, 34, 98, 35, 22, 89, 16]",[],[40],"[0, 1]",2,0.4734354019165039,"{""0"": 5.801111698150635, ""1"": -1.0}",0,0,"[34, 98, 35, 22, 89, 16]","[0, 40, 56, 1]","[34, 98, 35, 22, 89, 16]","[0, 40, 56, 1]","[34, 98, 35, 22, 89, 16]",[],"[40, 56]","[0, 1]","[34, 98, 35, 22, 89, 16]","[0, 40, 56, 1]","[34, 98, 35, 22, 89, 16]",[],"[40, 56]","[0, 1]",6,0,2,2
44,10,5,"[1, 46, 25, 37, 20, 42, 44, 50, 12, 72]","[46, 25, 37, 20, 42, 44, 50, 12, 72]",[1],0.6749701774102568,0.05514808171879648,2.0,0,0,"[25, 37, 20, 42, 44, 12, 72]","[1, 46, 50]","[25, 37, 20, 42, 44, 12, 72]","[1, 46, 50]","[25, 37, 20, 42, 44, 12, 72]",[],"[46, 50]",[1],3,0.41555193066596985,"{""0"": 1.5096139907836914, ""1"": -1.0, ""2"": 1.8821299076080322}",2,0,"[25, 44]","[1, 46, 37, 20, 42, 50, 12, 72]","[25, 44]","[1, 46, 37, 20, 42, 50, 12, 72]","[25, 44]",[],"[46, 37, 20, 42, 50, 12, 72]",[1],"[25, 44]","[1, 46, 37, 20, 42, 50, 12, 72]","[25, 44]",[],"[46, 37, 20, 42, 50, 12, 72]",[1],2,0,7,1
45,10,5,"[1, 19, 56, 93, 20, 12, 27, 69, 33, 16]","[19, 56, 93, 20, 12, 27, 69, 33, 16]",[1],0.8199681055085203,0.1328370156810214,2.0,0,0,"[19, 56, 93, 20, 12, 27, 69, 33, 16]",[1],"[19, 56, 93, 20, 12, 27, 69, 33, 16]",[1],"[19, 56, 93, 20, 12, 27, 69, 33, 16]",[],[],[1],3,0.577751874923706,"{""0"": 2.578321695327759, ""1"": 1.9197430610656738, ""2"": 3.598393440246582}",2,0,"[56, 20, 33, 16]","[1, 19, 93, 12, 27, 69]","[56, 20, 33, 16]","[1, 19, 93, 12, 27, 69]","[56, 20, 33, 16]",[],"[19, 93, 12, 27, 69]",[1],"[56, 20, 33, 16]","[1, 19, 93, 12, 27, 69]","[56, 20, 33, 16]",[],"[19, 93, 12, 27, 69]",[1],4,0,5,1
46,10,5,"[2, 45, 10, 1, 74, 86, 46, 35, 17, 81]","[45, 10, 74, 86, 46, 35, 17, 81]","[2, 1]",1.0741269622241707,0.1888255569972862,2.0,0,0,"[45, 10, 74, 86, 46, 35, 17, 81]","[2, 1]","[45, 10, 74, 86, 46, 35, 17, 81]","[2, 1]","[45, 10, 74, 86, 46, 35, 17, 81]",[],[],"[2, 1]",3,0.37203243374824524,"{""0"": 2.0592257976531982, ""1"": 2.8481979370117188, ""2"": -1.0}",1,0,"[45, 74, 35]","[2, 10, 1, 86, 46, 17, 81]","[45, 74, 35]","[2, 10, 1, 86, 46, 17, 81]","[45, 74, 35]",[],"[10, 86, 46, 17, 81]","[2, 1]","[45, 74, 35]","[2, 10, 1, 86, 46, 17, 81]","[45, 74, 35]",[],"[10, 86, 46, 17, 81]","[2, 1]",3,0,5,2
47,10,5,"[2, 99, 19, 62, 44, 0, 48, 52, 70, 65]","[99, 19, 62, 44, 48, 52, 70, 65]","[2, 0]",0.8945923254559814,0.17251738917128562,2.0,0,0,"[99, 19, 62, 44, 48, 52, 70, 65]","[2, 0]","[99, 19, 62, 44, 48, 52, 70, 65]","[2, 0]","[99, 19, 62, 44, 48, 52, 70, 65]",[],[],"[2, 0]",2,0.3861980438232422,"{""0"": 5.189594268798828, ""1"": 1.8929767608642578}",0,0,"[19, 62, 44, 52, 70, 65]","[2, 99, 0, 48]","[19, 62, 44, 52, 70, 65]","[2, 99, 0, 48]","[19, 62, 44, 52, 70, 65]",[],"[99, 48]","[2, 0]","[19, 62, 44, 52, 70, 65]","[2, 99, 0, 48]","[19, 62, 44, 52, 70, 65]",[],"[99, 48]","[2, 0]",6,0,2,2
48,10,5,"[0, 66, 36, 83, 68, 23, 90, 2, 57, 21]","[66, 36, 83, 68, 23, 90, 57, 21]","[0, 2]",0.7572883607129455,0.1526402753462474,2.0,0,0,"[66, 36, 83, 68, 23, 90, 57, 21]","[0, 2]","[66, 36, 83, 68, 23, 90, 57, 21]","[0, 2]","[66, 36, 83, 68, 23, 90, 57, 21]",[],[],"[0, 2]",2,0.4067131280899048,"{""0"": 5.82390832901001, ""1"": -1.0}",0,0,"[66, 83, 68, 23, 90, 57, 21]","[0, 36, 2]","[66, 83, 68, 23, 90, 57, 21]","[0, 36, 2]","[66, 83, 68, 23, 90, 57, 21]",[],[36],"[0, 2]","[66, 83, 68, 23, 90, 57, 21]","[0, 36, 2]","[66, 83, 68, 23, 90, 57, 21]",[],[36],"[0, 2]",7,0,1,2
49,10,5,"[3, 10, 20, 51, 25, 27, 40, 5, 89, 85]","[10, 20, 51, 25, 27, 40, 5, 89, 85]",[3],0.7891574943363739,0.12026808900584812,2.0,0,0,"[10, 20, 51, 25, 27, 40, 5, 89, 85]",[3],"[10, 20, 51, 25, 27, 40, 5, 89, 85]",[3],"[10, 20, 51, 25, 27, 40, 5, 89, 85]",[],[],[3],2,0.3513701558113098,"{""0"": 0.4208593964576721, ""1"": -1.0}",0,0,"[10, 20, 51, 25, 27, 40, 5, 85]","[3, 89]","[10, 20, 51, 25, 27, 40, 5, 85]","[3, 89]","[10, 20, 51, 25, 27, 40, 5, 85]",[],[89],[3],"[10, 20, 51, 25, 27, 40, 5, 85]","[3, 89]","[10, 20, 51, 25, 27, 40, 5, 85]",[],[89],[3],8,0,1,1
50,10,5,"[1, 85, 80, 28, 63, 68, 14, 94, 32, 20]","[85, 80, 28, 63, 68, 14, 94, 32, 20]",[1],0.7323381825884108,0.10779845714692377,2.0,0,0,"[85, 80, 28, 63, 68, 14, 94, 32, 20]",[1],"[85, 80, 28, 63, 68, 14, 94, 32, 20]",[1],"[85, 80, 28, 63, 68, 14, 94, 32, 20]",[],[],[1],3,0.5897775292396545,"{""0"": 3.360835313796997, ""1"": 1.9226593971252441, ""2"": 2.650611162185669}",0,0,"[85, 80, 28, 14]","[1, 63, 68, 94, 32, 20]","[85, 80, 28, 14]","[1, 63, 68, 94, 32, 20]","[85, 80, 28, 14]",[],"[63, 68, 94, 32, 20]",[1],"[85, 80, 28, 14]","[1, 63, 68, 94, 32, 20]","[85, 80, 28, 14]",[],"[63, 68, 94, 32, 20]",[1],4,0,5,1
51,10,5,"[3, 61, 21, 58, 32, 20, 53, 17, 93, 55]","[61, 21, 58, 32, 20, 53, 17, 93, 55]",[3],0.7803354375620104,0.15424470677442398,2.0,0,0,"[61, 21, 58, 32, 20, 53, 17, 93, 55]",[3],"[61, 21, 58, 32, 20, 53, 17, 93, 55]",[3],"[61, 21, 58, 32, 20, 53, 17, 93, 55]",[],[],[3],3,0.46902984380722046,"{""0"": 2.994586229324341, ""1"": 1.8089429140090942, ""2"": 1.943615198135376}",0,0,"[61, 21, 17, 93, 55]","[3, 58, 32, 20, 53]","[61, 21, 17, 93, 55]","[3, 58, 32, 20, 53]","[61, 21, 17, 93, 55]",[],"[58, 32, 20, 53]",[3],"[61, 21, 17, 93, 55]","[3, 58, 32, 20, 53]","[61, 21, 17, 93, 55]",[],"[58, 32, 20, 53]",[3],5,0,4,1
52,10,5,"[3, 38, 56, 79, 43, 65, 66, 16, 75, 82]","[38, 56, 79, 43, 65, 66, 16, 75, 82]",[3],0.8925396807773749,0.06341877394001988,2.0,0,0,"[38, 56, 79, 65, 66, 16, 75, 82]","[3, 43]","[38, 56, 79, 65, 66, 16, 75, 82]","[3, 43]","[38, 56, 79, 65, 66, 16, 75, 82]",[],[43],[3],2,0.42717960476875305,"{""0"": 1.7029041051864624, ""1"": -1.0}",0,0,"[38, 56, 79, 66, 16, 75, 82]","[3, 43, 65]","[38, 56, 79, 66, 16, 75, 82]","[3, 43, 65]","[38, 56, 79, 66, 16, 75, 82]",[],"[43, 65]",[3],"[38, 56, 79, 66, 16, 75, 82]","[3, 43, 65]","[38, 56, 79, 66, 16, 75, 82]",[],"[43, 65]",[3],7,0,2,1
53,10,5,"[2, 98, 50, 69, 58, 82, 91, 59, 97, 38]","[98, 50, 69, 58, 82, 91, 59, 97, 38]",[2],0.7275650533791442,0.23763852681705308,2.0,0,0,"[98, 50, 69, 58, 82, 91, 59, 97, 38]",[2],"[98, 50, 69, 58, 82, 91, 59, 97, 38]",[2],"[98, 50, 69, 58, 82, 91, 59, 97, 38]",[],[],[2],2,0.432017058134079,"{""0"": 2.0263659954071045, ""1"": 4.822708606719971}",1,0,"[98, 50, 82, 59, 97, 38]","[2, 69, 58, 91]","[98, 50, 82, 59, 97, 38]","[2, 69, 58, 91]","[98, 50, 82, 59, 97, 38]",[],"[69, 58, 91]",[2],"[98, 50, 82, 59, 97, 38]","[2, 69, 58, 91]","[98, 50, 82, 59, 97, 38]",[],"[69, 58, 91]",[2],6,0,3,1
54,10,5,"[4, 88, 20, 74, 38, 35, 78, 79, 25, 10]","[88, 20, 74, 38, 35, 78, 79, 25, 10]",[4],1.1162726724313488,0.19562240784367307,2.0,0,0,"[20, 74, 38, 35, 78, 25, 10]","[4, 88, 79]","[20, 74, 38, 35, 78, 25, 10]","[4, 88, 79]","[20, 74, 38, 35, 78, 25, 10]",[],"[88, 79]",[4],2,0.5342540740966797,"{""0"": 1.81297767162323, ""1"": -1.0}",0,0,"[20, 74, 38, 35, 78, 25]","[4, 88, 79, 10]","[20, 74, 38, 35, 78, 25]","[4, 88, 79, 10]","[20, 74, 38, 35, 78, 25]",[],"[88, 79, 10]",[4],"[20, 74, 38, 35, 78, 25]","[4, 88, 79, 10]","[20, 74, 38, 35, 78, 25]",[],"[88, 79, 10]",[4],6,0,3,1
55,10,5,"[1, 54, 63, 45, 82, 64, 21, 94, 97, 52]","[54, 63, 45, 82, 64, 21, 94, 97, 52]",[1],0.7021193190621062,0.08726908307197839,2.0,0,0,"[63, 45, 82, 64, 21, 94, 52]","[1, 54, 97]","[63, 45, 82, 64, 21, 94, 52]","[1, 54, 97]","[63, 45, 82, 64, 21, 94, 52]",[],"[54, 97]",[1],2,0.34102150797843933,"{""0"": 2.5049667358398438, ""1"": 3.4030375480651855}",1,0,"[45, 82, 21, 94]","[1, 54, 63, 64, 97, 52]","[45, 82, 21, 94]","[1, 54, 63, 64, 97, 52]","[45, 82, 21, 94]",[],"[54, 63, 64, 97, 52]",[1],"[45, 82, 21, 94]","[1, 54, 63, 64, 97, 52]","[45, 82, 21, 94]",[],"[54, 63, 64, 97, 52]",[1],4,0,5,1
56,10,5,"[3, 65, 34, 91, 78, 0, 88, 43, 30, 52]","[65, 34, 91, 78, 88, 43, 30, 52]","[3, 0]",0.9821883709430321,0.4040931469373331,2.0,0,0,"[65, 34, 91, 78, 88, 43, 30, 52]","[3, 0]","[65, 34, 91, 78, 88, 43, 30, 52]","[3, 0]","[65, 34, 91, 78, 88, 43, 30, 52]",[],[],"[3, 0]",2,0.39131197333335876,"{""0"": 2.3959009647369385, ""1"": -1.0}",0,0,"[65, 34, 91, 78, 43, 30, 52]","[3, 0, 88]","[65, 34, 91, 78, 43, 30, 52]","[3, 0, 88]","[65, 34, 91, 78, 43, 30, 52]",[],[88],"[3, 0]","[65, 34, 91, 78, 43, 30, 52]","[3, 0, 88]","[65, 34, 91, 78, 43, 30, 52]",[],[88],"[3, 0]",7,0,1,2
57,10,5,"[3, 57, 83, 65, 27, 98, 24, 5, 25, 10]","[57, 83, 65, 27, 98, 24, 5, 25, 10]",[3],0.7034139967390198,0.13029083078792264,2.0,0,0,"[57, 83, 65, 27, 98, 24, 5, 25, 10]",[3],"[57, 83, 65, 27, 98, 24, 5, 25, 10]",[3],"[57, 83, 65, 27, 98, 24, 5, 25, 10]",[],[],[3],3,0.4956117272377014,"{""0"": 1.74525785446167, ""1"": 1.7938530445098877, ""2"": -1.0}",1,0,"[24, 10]","[3, 57, 83, 65, 27, 98, 5, 25]","[24, 10]","[3, 57, 83, 65, 27, 98, 5, 25]","[24, 10]",[],"[57, 83, 65, 27, 98, 5, 25]",[3],"[24, 10]","[3, 57, 83, 65, 27, 98, 5, 25]","[24, 10]",[],"[57, 83, 65, 27, 98, 5, 25]",[3],2,0,7,1
58,10,5,"[3, 16, 92, 27, 14, 62, 58, 77, 1, 44]","[16, 92, 27, 14, 62, 58, 77, 44]","[3, 1]",1.0257175029934322,0.2869657628306459,2.0,0,0,"[16, 92, 27, 14, 62, 58, 77, 44]","[3, 1]","[16, 92, 27, 14, 62, 58, 77, 44]","[3, 1]","[16, 92, 27, 14, 62, 58, 77, 44]",[],[],"[3, 1]",2,0.5054870843887329,"{""0"": 4.532968997955322, ""1"": -1.0}",0,0,"[16, 92, 27, 14, 62, 58, 77]","[3, 1, 44]","[16, 92, 27, 14, 62, 58, 77]","[3, 1, 44]","[16, 92, 27, 14, 62, 58, 77]",[],[44],"[3, 1]","[16, 92, 27, 14, 62, 58, 77]","[3, 1, 44]","[16, 92, 27, 14, 62, 58, 77]",[],[44],"[3, 1]",7,0,1,2
59,10,5,"[1, 39, 6, 27, 71, 88, 69, 29, 25, 26]","[39, 6, 27, 71, 88, 69, 29, 25, 26]",[1],0.8768830393026379,0.12225236502679676,2.0,0,0,"[39, 6, 27, 71, 69, 29, 25, 26]","[1, 88]","[39, 6, 27, 71, 69, 29, 25, 26]","[1, 88]","[39, 6, 27, 71, 69, 29, 25, 26]",[],[88],[1],3,0.37996727228164673,"{""0"": 2.7949059009552, ""1"": 1.9265124797821045, ""2"": 2.7606921195983887}",0,0,"[69, 29, 26]","[1, 39, 6, 27, 71, 88, 25]","[69, 29, 26]","[1, 39, 6, 27, 71, 88, 25]","[69, 29, 26]",[],"[39, 6, 27, 71, 88, 25]",[1],"[69, 29, 26]","[1, 39, 6, 27, 71, 88, 25]","[69, 29, 26]",[],"[39, 6, 27, 71, 88, 25]",[1],3,0,6,1
60,10,5,"[0, 84, 41, 86, 94, 13, 66, 3, 14, 51]","[84, 41, 86, 94, 13, 66, 14, 51]","[0, 3]",1.1137341305874002,0.2191497685555981,2.0,0,0,"[84, 41, 86, 94, 13, 66, 14, 51]","[0, 3]","[84, 41, 86, 94, 13, 66, 14, 51]","[0, 3]","[84, 41, 86, 94, 13, 66, 14, 51]",[],[],"[0, 3]",2,0.6225597858428955,"{""0"": 2.276991128921509, ""1"": -1.0}",0,0,"[84, 86, 94, 13, 66, 14, 51]","[0, 41, 3]","[84, 86, 94, 13, 66, 14, 51]","[0, 41, 3]","[84, 86, 94, 13, 66, 14, 51]",[],[41],"[0, 3]","[84, 86, 94, 13, 66, 14, 51]","[0, 41, 3]","[84, 86, 94, 13, 66, 14, 51]",[],[41],"[0, 3]",7,0,1,2
61,10,5,"[3, 36, 70, 1, 21, 32, 55, 18, 69, 8]","[36, 70, 21, 32, 55, 18, 69, 8]","[3, 1]",0.8403795166956034,0.06101060170439898,2.0,0,0,"[36, 21, 32, 55, 18, 69, 8]","[3, 70, 1]","[36, 21, 32, 55, 18, 69, 8]","[3, 70, 1]","[36, 21, 32, 55, 18, 69, 8]",[],[70],"[3, 1]",3,0.43216556310653687,"{""0"": 2.348334312438965, ""1"": 2.5353572368621826, ""2"": -1.0}",1,0,"[21, 55, 69]","[3, 36, 70, 1, 32, 18, 8]","[21, 55, 69]","[3, 36, 70, 1, 32, 18, 8]","[21, 55, 69]",[],"[36, 70, 32, 18, 8]","[3, 1]","[21, 55, 69]","[3, 36, 70, 1, 32, 18, 8]","[21, 55, 69]",[],"[36, 70, 32, 18, 8]","[3, 1]",3,0,5,2
62,10,5,"[0, 77, 29, 65, 68, 89, 95, 79, 83, 47]","[77, 29, 65, 68, 89, 95, 79, 83, 47]",[0],0.8539864501226473,0.14837366257676454,2.0,0,0,"[77, 29, 65, 68, 89, 95, 79, 83, 47]",[0],"[77, 29, 65, 68, 89, 95, 79, 83, 47]",[0],"[77, 29, 65, 68, 89, 95, 79, 83, 47]",[],[],[0],2,0.5210017561912537,"{""0"": 2.9814274311065674, ""1"": 1.8268156051635742}",0,0,"[77, 29, 68, 89, 79, 83, 47]","[0, 65, 95]","[77, 29, 68, 89, 79, 83, 47]","[0, 65, 95]","[77, 29, 68, 89, 79, 83, 47]",[],"[65, 95]",[0],"[77, 29, 68, 89, 79, 83, 47]","[0, 65, 95]","[77, 29, 68, 89, 79, 83, 47]",[],"[65, 95]",[0],7,0,2,1
63,10,5,"[1, 10, 15, 46, 36, 86, 31, 73, 62, 70]","[10, 15, 46, 36, 86, 31, 73, 62, 70]",[1],0.9019902835934372,0.2929430181304517,2.0,0,0,"[10, 15, 46, 36, 86, 31, 73, 62, 70]",[1],"[10, 15, 46, 36, 86, 31, 73, 62, 70]",[1],"[10, 15, 46, 36, 86, 31, 73, 62, 70]",[],[],[1],2,0.6769095659255981,"{""0"": 3.59985089302063, ""1"": -1.0}",0,0,"[10, 15, 46, 36, 86, 73, 62, 70]","[1, 31]","[10, 15, 46, 36, 86, 73, 62, 70]","[1, 31]","[10, 15, 46, 36, 86, 73, 62, 70]",[],[31],[1],"[10, 15, 46, 36, 86, 73, 62, 70]","[1, 31]","[10, 15, 46, 36, 86, 73, 62, 70]",[],[31],[1],8,0,1,1
64,10,5,"[0, 47, 63, 32, 34, 12, 41, 75, 11, 3]","[47, 63, 32, 34, 12, 41, 75, 11]","[0, 3]",0.8862507128482058,0.26103246491999793,2.0,0,0,"[47, 63, 32, 34, 12, 41, 75, 11]","[0, 3]","[47, 63, 32, 34, 12, 41, 75, 11]","[0, 3]","[47, 63, 32, 34, 12, 41, 75, 11]",[],[],"[0, 3]",4,0.4097434878349304,"{""0"": 3.418818473815918, ""1"": -1.0, ""2"": -1.0, ""3"": -1.0}",0,0,"[63, 34, 12, 75, 11]","[0, 47, 32, 41, 3]","[63, 34, 12, 75, 11]","[0, 47, 32, 41, 3]","[63, 34, 12, 75, 11]",[],"[47, 32, 41]","[0, 3]","[63, 34, 12, 75, 11]","[0, 47, 32, 41, 3]","[63, 34, 12, 75, 11]",[],"[47, 32, 41]","[0, 3]",5,0,3,2
65,10,5,"[3, 55, 1, 65, 54, 24, 31, 92, 49, 46]","[55, 65, 54, 24, 31, 92, 49, 46]","[3, 1]",1.059989389443445,0.2553995569572222,2.0,0,0,"[55, 65, 54, 24, 31, 92, 49, 46]","[3, 1]","[55, 65, 54, 24, 31, 92, 49, 46]","[3, 1]","[55, 65, 54, 24, 31, 92, 49, 46]",[],[],"[3, 1]",2,0.5886025428771973,"{""0"": 1.7313086986541748, ""1"": -1.0}",0,0,"[55, 65, 24, 31, 92, 49, 46]","[3, 1, 54]","[55, 65, 24, 31, 92, 49, 46]","[3, 1, 54]","[55, 65, 24, 31, 92, 49, 46]",[],[54],"[3, 1]","[55, 65, 24, 31, 92, 49, 46]","[3, 1, 54]","[55, 65, 24, 31, 92, 49, 46]",[],[54],"[3, 1]",7,0,1,2
66,10,5,"[0, 38, 51, 5, 19, 53, 84, 23, 40, 64]","[38, 51, 5, 19, 53, 84, 23, 40, 64]",[0],0.8461417978531569,0.040936315584120475,2.0,0,0,"[38, 51, 84, 23, 40, 64]","[0, 5, 19, 53]","[38, 51, 84, 23, 40, 64]","[0, 5, 19, 53]","[38, 51, 84, 23, 40, 64]",[],"[5, 19, 53]",[0],2,0.48987600207328796,"{""0"": 2.9391627311706543, ""1"": -1.0}",0,0,"[38, 51, 23, 40, 64]","[0, 5, 19, 53, 84]","[38, 51, 23, 40, 64]","[0, 5, 19, 53, 84]","[38, 51, 23, 40, 64]",[],"[5, 19, 53, 84]",[0],"[38, 51, 23, 40, 64]","[0, 5, 19, 53, 84]","[38, 51, 23, 40, 64]",[],"[5, 19, 53, 84]",[0],5,0,4,1
67,10,5,"[4, 82, 78, 17, 19, 44, 14, 71, 90, 55]","[82, 78, 17, 19, 44, 14, 71, 90, 55]",[4],1.0025425450156635,0.15965938365191656,2.0,0,0,"[82, 78, 17, 19, 44, 14, 71, 90, 55]",[4],"[82, 78, 17, 19, 44, 14, 71, 90, 55]",[4],"[82, 78, 17, 19, 44, 14, 71, 90, 55]",[],[],[4],2,0.42793744802474976,"{""0"": 0.597772479057312, ""1"": -1.0}",0,0,"[82, 78, 17, 44, 14, 71, 90, 55]","[4, 19]","[82, 78, 17, 44, 14, 71, 90, 55]","[4, 19]","[82, 78, 17, 44, 14, 71, 90, 55]",[],[19],[4],"[82, 78, 17, 44, 14, 71, 90, 55]","[4, 19]","[82, 78, 17, 44, 14, 71, 90, 55]",[],[19],[4],8,0,1,1
68,10,5,"[0, 32, 44, 6, 54, 17, 9, 8, 68, 38]","[32, 44, 6, 54, 17, 9, 8, 68, 38]",[0],0.7583874087596723,0.18635552824232493,2.0,0,0,"[32, 44, 6, 17, 9, 8, 68, 38]","[0, 54]","[32, 44, 6, 17, 9, 8, 68, 38]","[0, 54]","[32, 44, 6, 17, 9, 8, 68, 38]",[],[54],[0],2,0.7399336099624634,"{""0"": 4.04042911529541, ""1"": 1.9947521686553955}",0,0,"[44, 6, 17, 9, 68, 38]","[0, 32, 54, 8]","[44, 6, 17, 9, 68, 38]","[0, 32, 54, 8]","[44, 6, 17, 9, 68, 38]",[],"[32, 54, 8]",[0],"[44, 6, 17, 9, 68, 38]","[0, 32, 54, 8]","[44, 6, 17, 9, 68, 38]",[],"[32, 54, 8]",[0],6,0,3,1
69,10,5,"[0, 10, 42, 62, 79, 75, 64, 84, 3, 51]","[10, 42, 62, 79, 75, 64, 84, 51]","[0, 3]",0.8665539112221599,0.20228203960200086,2.0,0,0,"[10, 42, 62, 79, 75, 64, 84, 51]","[0, 3]","[10, 42, 62, 79, 75, 64, 84, 51]","[0, 3]","[10, 42, 62, 79, 75, 64, 84, 51]",[],[],"[0, 3]",4,0.5884835720062256,"{""0"": 1.9621756076812744, ""1"": 2.882962942123413, ""2"": -1.0, ""3"": 1.9944994449615479}",1,0,"[79, 64, 84]","[0, 10, 42, 62, 75, 3, 51]","[79, 64, 84]","[0, 10, 42, 62, 75, 3, 51]","[79, 64, 84]",[],"[10, 42, 62, 75, 51]","[0, 3]","[79, 64, 84]","[0, 10, 42, 62, 75, 3, 51]","[79, 64, 84]",[],"[10, 42, 62, 75, 51]","[0, 3]",3,0,5,2
70,10,5,"[1, 91, 79, 68, 9, 5, 73, 62, 83, 46]","[91, 79, 68, 9, 5, 73, 62, 83, 46]",[1],0.7869559384312548,0.1060083172648027,2.0,0,0,"[91, 79, 68, 9, 5, 62, 83, 46]","[1, 73]","[91, 79, 68, 9, 5, 62, 83, 46]","[1, 73]","[91, 79, 68, 9, 5, 62, 83, 46]",[],[73],[1],2,0.6580155491828918,"{""0"": 2.9158899784088135, ""1"": -1.0}",0,0,"[91, 79, 68, 5, 62, 83, 46]","[1, 9, 73]","[91, 79, 68, 5, 62, 83, 46]","[1, 9, 73]","[91, 79, 68, 5, 62, 83, 46]",[],"[9, 73]",[1],"[91, 79, 68, 5, 62, 83, 46]","[1, 9, 73]","[91, 79, 68, 5, 62, 83, 46]",[],"[9, 73]",[1],7,0,2,1
71,10,5,"[1, 55, 68, 51, 54, 48, 7, 69, 28, 71]","[55, 68, 51, 54, 48, 7, 69, 28, 71]",[1],0.8249054064413056,0.14382779601336915,2.0,0,0,"[55, 68, 51, 48, 7, 69, 28, 71]","[1, 54]","[55, 68, 51, 48, 7, 69, 28, 71]","[1, 54]","[55, 68, 51, 48, 7, 69, 28, 71]",[],[54],[1],2,0.6741577386856079,"{""0"": 3.615079402923584, ""1"": -1.0}",0,0,"[55, 68, 51, 7, 69, 28, 71]","[1, 54, 48]","[55, 68, 51, 7, 69, 28, 71]","[1, 54, 48]","[55, 68, 51, 7, 69, 28, 71]",[],"[54, 48]",[1],"[55, 68, 51, 7, 69, 28, 71]","[1, 54, 48]","[55, 68, 51, 7, 69, 28, 71]",[],"[54, 48]",[1],7,0,2,1
72,10,5,"[0, 98, 51, 72, 87, 21, 15, 38, 6, 57]","[98, 51, 72, 87, 21, 15, 38, 6, 57]",[0],0.7920228549367425,0.08029669150036856,2.0,0,0,"[98, 72, 87, 21, 15, 38, 6, 57]","[0, 51]","[98, 72, 87, 21, 15, 38, 6, 57]","[0, 51]","[98, 72, 87, 21, 15, 38, 6, 57]",[],[51],[0],2,0.49783119559288025,"{""0"": 1.2558166980743408, ""1"": 5.24818754196167}",1,0,"[98, 87, 21, 38, 6, 57]","[0, 51, 72, 15]","[98, 87, 21, 38, 6, 57]","[0, 51, 72, 15]","[98, 87, 21, 38, 6, 57]",[],"[51, 72, 15]",[0],"[98, 87, 21, 38, 6, 57]","[0, 51, 72, 15]","[98, 87, 21, 38, 6, 57]",[],"[51, 72, 15]",[0],6,0,3,1
73,10,5,"[1, 61, 26, 7, 68, 88, 59, 11, 36, 97]","[61, 26, 7, 68, 88, 59, 11, 36, 97]",[1],0.8872276429514063,0.15822156677777144,2.0,0,0,"[61, 26, 7, 68, 59, 11, 36, 97]","[1, 88]","[61, 26, 7, 68, 59, 11, 36, 97]","[1, 88]","[61, 26, 7, 68, 59, 11, 36, 97]",[],[88],[1],3,0.5212979316711426,"{""0"": 2.77510142326355, ""1"": 3.8388302326202393, ""2"": -1.0}",1,0,"[61, 7, 68, 11]","[1, 26, 88, 59, 36, 97]","[61, 7, 68, 11]","[1, 26, 88, 59, 36, 97]","[61, 7, 68, 11]",[],"[26, 88, 59, 36, 97]",[1],"[61, 7, 68, 11]","[1, 26, 88, 59, 36, 97]","[61, 7, 68, 11]",[],"[26, 88, 59, 36, 97]",[1],4,0,5,1
74,10,5,"[1, 75, 3, 25, 80, 2, 78, 20, 4, 7]","[75, 25, 80, 78, 20, 7]","[1, 3, 2, 4]",1.1599808127546496,0.4271655686585305,2.0,0,0,"[1, 75, 25, 80, 2, 78, 20, 4, 7]",[3],"[1, 75, 25, 80, 2, 78, 20, 4, 7]",[3],"[75, 25, 80, 78, 20, 7]","[1, 2, 4]",[],[3],2,0.7501104474067688,"{""0"": 3.4369421005249023, ""1"": -1.0}",0,0,"[1, 75, 25, 80, 78, 20, 4, 7]","[3, 2]","[1, 75, 25, 80, 78, 20, 4, 7]","[3, 2]","[75, 25, 80, 78, 20, 7]","[1, 4]",[],"[3, 2]","[1, 75, 25, 80, 78, 20, 4, 7]","[3, 2]","[75, 25, 80, 78, 20, 7]","[1, 4]",[],"[3, 2]",6,2,0,2
75,10,5,"[2, 95, 86, 51, 23, 6, 62, 0, 81, 84]","[95, 86, 51, 23, 6, 62, 81, 84]","[2, 0]",0.7155306172944198,0.09608790479344198,2.0,0,0,"[86, 51, 23, 6, 62, 81, 84]","[2, 95, 0]","[86, 51, 23, 6, 62, 81, 84]","[2, 95, 0]","[86, 51, 23, 6, 62, 81, 84]",[],[95],"[2, 0]",2,0.4884484112262726,"{""0"": 3.3464677333831787, ""1"": 2.939723491668701}",0,0,"[86, 6, 62, 81]","[2, 95, 51, 23, 0, 84]","[86, 6, 62, 81]","[2, 95, 51, 23, 0, 84]","[86, 6, 62, 81]",[],"[95, 51, 23, 84]","[2, 0]","[86, 6, 62, 81]","[2, 95, 51, 23, 0, 84]","[86, 6, 62, 81]",[],"[95, 51, 23, 84]","[2, 0]",4,0,4,2
76,10,5,"[2, 64, 37, 66, 42, 84, 58, 80, 67, 92]","[64, 37, 66, 42, 84, 58, 80, 67, 92]",[2],0.990953723826909,0.12312428382043727,2.0,0,0,"[64, 37, 66, 42, 84, 58, 80, 67, 92]",[2],"[64, 37, 66, 42, 84, 58, 80, 67, 92]",[2],"[64, 37, 66, 42, 84, 58, 80, 67, 92]",[],[],[2],2,0.3543306589126587,"{""0"": 2.060133457183838, ""1"": -1.0}",0,0,"[64, 37, 66, 84, 58, 80, 67, 92]","[2, 42]","[64, 37, 66, 84, 58, 80, 67, 92]","[2, 42]","[64, 37, 66, 84, 58, 80, 67, 92]",[],[42],[2],"[64, 37, 66, 84, 58, 80, 67, 92]","[2, 42]","[64, 37, 66, 84, 58, 80, 67, 92]",[],[42],[2],8,0,1,1
77,10,5,"[4, 68, 79, 22, 9, 30, 60, 69, 16, 43]","[68, 79, 22, 9, 30, 60, 69, 16, 43]",[4],0.8780316972875211,0.1197805897566056,2.0,0,0,"[68, 79, 22, 9, 30, 60, 69, 16, 43]",[4],"[68, 79, 22, 9, 30, 60, 69, 16, 43]",[4],"[68, 79, 22, 9, 30, 60, 69, 16, 43]",[],[],[4],4,0.45178425312042236,"{""0"": 1.900395154953003, ""1"": 3.7855255603790283, ""2"": -1.0, ""3"": -1.0}",1,0,"[68, 79, 22, 16, 43]","[4, 9, 30, 60, 69]","[68, 79, 22, 16, 43]","[4, 9, 30, 60, 69]","[68, 79, 22, 16, 43]",[],"[9, 30, 60, 69]",[4],"[68, 79, 22, 16, 43]","[4, 9, 30, 60, 69]","[68, 79, 22, 16, 43]",[],"[9, 30, 60, 69]",[4],5,0,4,1
78,10,5,"[1, 20, 77, 27, 23, 18, 74, 59, 86, 87]","[20, 77, 27, 23, 18, 74, 59, 86, 87]",[1],0.6728445409276811,0.1947242099788831,2.0,0,0,"[20, 77, 27, 23, 18, 74, 59, 86, 87]",[1],"[20, 77, 27, 23, 18, 74, 59, 86, 87]",[1],"[20, 77, 27, 23, 18, 74, 59, 86, 87]",[],[],[1],4,0.3900664448738098,"{""0"": 1.460594892501831, ""1"": 2.944242477416992, ""2"": 2.471949577331543, ""3"": -1.0}",1,0,"[74, 86, 87]","[1, 20, 77, 27, 23, 18, 59]","[74, 86, 87]","[1, 20, 77, 27, 23, 18, 59]","[74, 86, 87]",[],"[20, 77, 27, 23, 18, 59]",[1],"[74, 86, 87]","[1, 20, 77, 27, 23, 18, 59]","[74, 86, 87]",[],"[20, 77, 27, 23, 18, 59]",[1],3,0,6,1
79,10,5,"[1, 99, 42, 33, 5, 15, 38, 76, 86, 87]","[99, 42, 33, 5, 15, 38, 76, 86, 87]",[1],0.6549414282263172,0.13446975838391795,2.0,0,0,"[99, 42, 33, 5, 15, 38, 76, 86, 87]",[1],"[99, 42, 33, 5, 15, 38, 76, 86, 87]",[1],"[99, 42, 33, 5, 15, 38, 76, 86, 87]",[],[],[1],3,0.58122318983078,"{""0"": 4.3997721672058105, ""1"": -1.0, ""2"": -1.0}",0,0,"[33, 5, 15, 38, 76, 86, 87]","[1, 99, 42]","[33, 5, 15, 38, 76, 86, 87]","[1, 99, 42]","[33, 5, 15, 38, 76, 86, 87]",[],"[99, 42]",[1],"[33, 5, 15, 38, 76, 86, 87]","[1, 99, 42]","[33, 5, 15, 38, 76, 86, 87]",[],"[99, 42]",[1],7,0,2,1
80,10,5,"[1, 71, 88, 38, 63, 99, 48, 31, 83, 11]","[71, 88, 38, 63, 99, 48, 31, 83, 11]",[1],0.8163865277102438,0.1989614417474796,2.0,0,0,"[71, 38, 63, 99, 48, 31, 83, 11]","[1, 88]","[71, 38, 63, 99, 48, 31, 83, 11]","[1, 88]","[71, 38, 63, 99, 48, 31, 83, 11]",[],[88],[1],2,0.6036818623542786,"{""0"": 1.9537369012832642, ""1"": -1.0}",0,0,"[71, 38, 63, 99, 31, 83, 11]","[1, 88, 48]","[71, 38, 63, 99, 31, 83, 11]","[1, 88, 48]","[71, 38, 63, 99, 31, 83, 11]",[],"[88, 48]",[1],"[71, 38, 63, 99, 31, 83, 11]","[1, 88, 48]","[71, 38, 63, 99, 31, 83, 11]",[],"[88, 48]",[1],7,0,2,1
81,10,5,"[4, 69, 52, 40, 47, 77, 35, 59, 70, 7]","[69, 52, 40, 47, 77, 35, 59, 70, 7]",[4],0.8171011865006637,0.13038642423156244,2.0,0,0,"[69, 52, 40, 47, 77, 35, 59, 70, 7]",[4],"[69, 52, 40, 47, 77, 35, 59, 70, 7]",[4],"[69, 52, 40, 47, 77, 35, 59, 70, 7]",[],[],[4],2,0.39282554388046265,"{""0"": 2.783672332763672, ""1"": -1.0}",0,0,"[69, 52, 40, 77, 35, 59, 70, 7]","[4, 47]","[69, 52, 40, 77, 35, 59, 70, 7]","[4, 47]","[69, 52, 40, 77, 35, 59, 70, 7]",[],[47],[4],"[69, 52, 40, 77, 35, 59, 70, 7]","[4, 47]","[69, 52, 40, 77, 35, 59, 70, 7]",[],[47],[4],8,0,1,1
82,10,5,"[0, 61, 81, 74, 23, 95, 35, 97, 55, 28]","[61, 81, 74, 23, 95, 35, 97, 55, 28]",[0],0.7468198125070533,0.22972563085158065,2.0,0,0,"[61, 81, 74, 23, 35, 55, 28]","[0, 95, 97]","[61, 81, 74, 23, 35, 55, 28]","[0, 95, 97]","[61, 81, 74, 23, 35, 55, 28]",[],"[95, 97]",[0],2,0.6923742294311523,"{""0"": 2.9194858074188232, ""1"": 3.9505107402801514}",1,0,"[74, 23, 35, 28]","[0, 61, 81, 95, 97, 55]","[74, 23, 35, 28]","[0, 61, 81, 95, 97, 55]","[74, 23, 35, 28]",[],"[61, 81, 95, 97, 55]",[0],"[74, 23, 35, 28]","[0, 61, 81, 95, 97, 55]","[74, 23, 35, 28]",[],"[61, 81, 95, 97, 55]",[0],4,0,5,1
83,10,5,"[3, 53, 77, 67, 31, 62, 45, 47, 82, 84]","[53, 77, 67, 31, 62, 45, 47, 82, 84]",[3],0.8438640990503755,0.1497630277929083,2.0,0,0,"[53, 77, 67, 31, 62, 45, 47, 82, 84]",[3],"[53, 77, 67, 31, 62, 45, 47, 82, 84]",[3],"[53, 77, 67, 31, 62, 45, 47, 82, 84]",[],[],[3],2,0.4020916223526001,"{""0"": 1.2185138463974, ""1"": 1.7170944213867188}",1,0,"[31, 47]","[3, 53, 77, 67, 62, 45, 82, 84]","[31, 47]","[3, 53, 77, 67, 62, 45, 82, 84]","[31, 47]",[],"[53, 77, 67, 62, 45, 82, 84]",[3],"[31, 47]","[3, 53, 77, 67, 62, 45, 82, 84]","[31, 47]",[],"[53, 77, 67, 62, 45, 82, 84]",[3],2,0,7,1
84,10,5,"[2, 83, 3, 36, 44, 70, 32, 64, 47, 5]","[83, 36, 44, 70, 32, 64, 47, 5]","[2, 3]",1.1573412569307644,0.2766065404547625,2.0,0,0,"[83, 36, 44, 70, 32, 64, 47, 5]","[2, 3]","[83, 36, 44, 70, 32, 64, 47, 5]","[2, 3]","[83, 36, 44, 70, 32, 64, 47, 5]",[],[],"[2, 3]",2,0.4845917522907257,"{""0"": 1.0650756359100342, ""1"": 4.357327461242676}",1,0,"[83, 70, 64, 47, 5]","[2, 3, 36, 44, 32]","[83, 70, 64, 47, 5]","[2, 3, 36, 44, 32]","[83, 70, 64, 47, 5]",[],"[36, 44, 32]","[2, 3]","[83, 70, 64, 47, 5]","[2, 3, 36, 44, 32]","[83, 70, 64, 47, 5]",[],"[36, 44, 32]","[2, 3]",5,0,3,2
85,10,5,"[0, 95, 64, 96, 60, 5, 79, 75, 7, 94]","[95, 64, 96, 60, 5, 79, 75, 7, 94]",[0],1.2475825239828926,0.15716099856357024,2.0,0,0,"[95, 96, 60, 5, 79, 75, 7, 94]","[0, 64]","[95, 96, 60, 5, 79, 75, 7, 94]","[0, 64]","[95, 96, 60, 5, 79, 75, 7, 94]",[],[64],[0],2,0.7150778770446777,"{""0"": 2.2108120918273926, ""1"": 1.9993579387664795}",0,0,"[60, 5, 79, 75, 7, 94]","[0, 95, 64, 96]","[60, 5, 79, 75, 7, 94]","[0, 95, 64, 96]","[60, 5, 79, 75, 7, 94]",[],"[95, 64, 96]",[0],"[60, 5, 79, 75, 7, 94]","[0, 95, 64, 96]","[60, 5, 79, 75, 7, 94]",[],"[95, 64, 96]",[0],6,0,3,1
86,10,5,"[1, 15, 57, 19, 13, 81, 10, 30, 99, 47]","[15, 57, 19, 13, 81, 10, 30, 99, 47]",[1],0.8258418320687004,0.055947202132850704,2.0,0,0,"[15, 57, 13, 81, 10, 30, 99, 47]","[1, 19]","[15, 57, 13, 81, 10, 30, 99, 47]","[1, 19]","[15, 57, 13, 81, 10, 30, 99, 47]",[],[19],[1],3,0.4751749336719513,"{""0"": 2.9590296745300293, ""1"": 1.990040898323059, ""2"": 1.8803101778030396}",0,0,"[57, 13, 81, 10]","[1, 15, 19, 30, 99, 47]","[57, 13, 81, 10]","[1, 15, 19, 30, 99, 47]","[57, 13, 81, 10]",[],"[15, 19, 30, 99, 47]",[1],"[57, 13, 81, 10]","[1, 15, 19, 30, 99, 47]","[57, 13, 81, 10]",[],"[15, 19, 30, 99, 47]",[1],4,0,5,1
87,10,5,"[4, 91, 65, 0, 37, 25, 27, 31, 15, 97]","[91, 65, 37, 25, 27, 31, 15, 97]","[4, 0]",0.8646719043721494,0.18340231068072366,2.0,0,0,"[91, 65, 37, 25, 27, 31, 15, 97]","[4, 0]","[91, 65, 37, 25, 27, 31, 15, 97]","[4, 0]","[91, 65, 37, 25, 27, 31, 15, 97]",[],[],"[4, 0]",2,0.5119684934616089,"{""0"": 2.9025611877441406, ""1"": -1.0}",0,0,"[91, 65, 37, 25, 27, 15, 97]","[4, 0, 31]","[91, 65, 37, 25, 27, 15, 97]","[4, 0, 31]","[91, 65, 37, 25, 27, 15, 97]",[],[31],"[4, 0]","[91, 65, 37, 25, 27, 15, 97]","[4, 0, 31]","[91, 65, 37, 25, 27, 15, 97]",[],[31],"[4, 0]",7,0,1,2
88,10,5,"[2, 87, 54, 75, 34, 3, 15, 7, 11, 40]","[87, 54, 75, 34, 15, 7, 11, 40]","[2, 3]",1.0020017150470062,0.20416213682740159,2.0,0,0,"[87, 54, 75, 34, 15, 7, 11, 40]","[2, 3]","[87, 54, 75, 34, 15, 7, 11, 40]","[2, 3]","[87, 54, 75, 34, 15, 7, 11, 40]",[],[],"[2, 3]",2,0.44225549697875977,"{""0"": 1.5465607643127441, ""1"": 2.8515450954437256}",1,0,"[75, 34, 11]","[2, 87, 54, 3, 15, 7, 40]","[75, 34, 11]","[2, 87, 54, 3, 15, 7, 40]","[75, 34, 11]",[],"[87, 54, 15, 7, 40]","[2, 3]","[75, 34, 11]","[2, 87, 54, 3, 15, 7, 40]","[75, 34, 11]",[],"[87, 54, 15, 7, 40]","[2, 3]",3,0,5,2
89,10,5,"[3, 4, 12, 80, 87, 26, 27, 42, 24, 0]","[12, 80, 87, 26, 27, 42, 24]","[3, 4, 0]",0.8022150362856902,0.12050233095040641,2.0,0,0,"[12, 80, 87, 26, 27, 42, 24]","[3, 4, 0]","[12, 80, 87, 26, 27, 42, 24]","[3, 4, 0]","[12, 80, 87, 26, 27, 42, 24]",[],[],"[3, 4, 0]",3,0.4228200316429138,"{""0"": 2.763512372970581, ""1"": -1.0, ""2"": 2.9256582260131836}",2,0,"[80, 26, 27]","[3, 4, 12, 87, 42, 24, 0]","[80, 26, 27]","[3, 4, 12, 87, 42, 24, 0]","[80, 26, 27]",[],"[12, 87, 42, 24]","[3, 4, 0]","[80, 26, 27]","[3, 4, 12, 87, 42, 24, 0]","[80, 26, 27]",[],"[12, 87, 42, 24]","[3, 4, 0]",3,0,4,3
90,10,5,"[3, 22, 23, 50, 7, 88, 73, 27, 10, 96]","[22, 23, 50, 7, 88, 73, 27, 10, 96]",[3],1.0734329580595046,0.2304531368058752,2.0,0,0,"[22, 23, 50, 7, 73, 27, 10, 96]","[3, 88]","[22, 23, 50, 7, 73, 27, 10, 96]","[3, 88]","[22, 23, 50, 7, 73, 27, 10, 96]",[],[88],[3],2,0.7270660996437073,"{""0"": 5.488514423370361, ""1"": -1.0}",0,0,"[22, 23, 50, 7, 73, 27, 10]","[3, 88, 96]","[22, 23, 50, 7, 73, 27, 10]","[3, 88, 96]","[22, 23, 50, 7, 73, 27, 10]",[],"[88, 96]",[3],"[22, 23, 50, 7, 73, 27, 10]","[3, 88, 96]","[22, 23, 50, 7, 73, 27, 10]",[],"[88, 96]",[3],7,0,2,1
91,10,5,"[2, 17, 98, 50, 52, 30, 15, 49, 13, 38]","[17, 98, 50, 52, 30, 15, 49, 13, 38]",[2],1.0594537285787498,0.2648604727411299,2.0,0,0,"[17, 98, 50, 52, 30, 15, 49, 13, 38]",[2],"[17, 98, 50, 52, 30, 15, 49, 13, 38]",[2],"[17, 98, 50, 52, 30, 15, 49, 13, 38]",[],[],[2],2,0.45483410358428955,"{""0"": 1.874136209487915, ""1"": -1.0}",0,0,"[17, 98, 52, 30, 15, 49, 13, 38]","[2, 50]","[17, 98, 52, 30, 15, 49, 13, 38]","[2, 50]","[17, 98, 52, 30, 15, 49, 13, 38]",[],[50],[2],"[17, 98, 52, 30, 15, 49, 13, 38]","[2, 50]","[17, 98, 52, 30, 15, 49, 13, 38]",[],[50],[2],8,0,1,1
92,10,5,"[0, 71, 20, 25, 14, 1, 9, 61, 11, 89]","[71, 20, 25, 14, 9, 61, 11, 89]","[0, 1]",1.0457812889481417,0.2380351848501313,2.0,0,0,"[71, 20, 25, 14, 9, 61, 11, 89]","[0, 1]","[71, 20, 25, 14, 9, 61, 11, 89]","[0, 1]","[71, 20, 25, 14, 9, 61, 11, 89]",[],[],"[0, 1]",2,0.4033234417438507,"{""0"": 2.0304298400878906, ""1"": 1.906033992767334}",0,0,"[20, 25, 14, 61, 11, 89]","[0, 71, 1, 9]","[20, 25, 14, 61, 11, 89]","[0, 71, 1, 9]","[20, 25, 14, 61, 11, 89]",[],"[71, 9]","[0, 1]","[20, 25, 14, 61, 11, 89]","[0, 71, 1, 9]","[20, 25, 14, 61, 11, 89]",[],"[71, 9]","[0, 1]",6,0,2,2
93,10,5,"[3, 16, 78, 75, 38, 41, 60, 95, 33, 6]","[16, 78, 75, 38, 41, 60, 95, 33, 6]",[3],0.7360355475123219,0.14179100495469282,2.0,0,0,"[78, 75, 38, 41, 60, 95, 33, 6]","[3, 16]","[78, 75, 38, 41, 60, 95, 33, 6]","[3, 16]","[78, 75, 38, 41, 60, 95, 33, 6]",[],[16],[3],2,0.7006698250770569,"{""0"": 4.0770792961120605, ""1"": 1.8835482597351074}",0,0,"[78, 75, 38, 60, 33, 6]","[3, 16, 41, 95]","[78, 75, 38, 60, 33, 6]","[3, 16, 41, 95]","[78, 75, 38, 60, 33, 6]",[],"[16, 41, 95]",[3],"[78, 75, 38, 60, 33, 6]","[3, 16, 41, 95]","[78, 75, 38, 60, 33, 6]",[],"[16, 41, 95]",[3],6,0,3,1
94,10,5,"[2, 98, 15, 78, 86, 82, 74, 47, 4, 71]","[98, 15, 78, 86, 82, 74, 47, 71]","[2, 4]",0.7865690031722945,0.23245106343738942,2.0,0,0,"[98, 15, 78, 86, 82, 74, 47, 71]","[2, 4]","[98, 15, 78, 86, 82, 74, 47, 71]","[2, 4]","[98, 15, 78, 86, 82, 74, 47, 71]",[],[],"[2, 4]",2,0.5416900515556335,"{""0"": 4.487815856933594, ""1"": -1.0}",0,0,"[98, 15, 78, 86, 74, 47, 71]","[2, 82, 4]","[98, 15, 78, 86, 74, 47, 71]","[2, 82, 4]","[98, 15, 78, 86, 74, 47, 71]",[],[82],"[2, 4]","[98, 15, 78, 86, 74, 47, 71]","[2, 82, 4]","[98, 15, 78, 86, 74, 47, 71]",[],[82],"[2, 4]",7,0,1,2
95,10,5,"[0, 77, 91, 2, 1, 97, 43, 53, 99, 57]","[77, 91, 97, 43, 53, 99, 57]","[0, 2, 1]",1.0078226423663832,0.3323929889797563,2.0,0,0,"[77, 91, 97, 43, 53, 99, 57]","[0, 2, 1]","[77, 91, 97, 43, 53, 99, 57]","[0, 2, 1]","[77, 91, 97, 43, 53, 99, 57]",[],[],"[0, 2, 1]",2,0.4613535702228546,"{""0"": 4.451375484466553, ""1"": -1.0}",0,0,"[77, 91, 43, 53, 99, 57]","[0, 2, 1, 97]","[77, 91, 43, 53, 99, 57]","[0, 2, 1, 97]","[77, 91, 43, 53, 99, 57]",[],[97],"[0, 2, 1]","[77, 91, 43, 53, 99, 57]","[0, 2, 1, 97]","[77, 91, 43, 53, 99, 57]",[],[97],"[0, 2, 1]",6,0,1,3
96,10,5,"[1, 82, 46, 21, 54, 29, 47, 77, 48, 12]","[82, 46, 21, 54, 29, 47, 77, 48, 12]",[1],0.865427836642902,0.14382211276982465,2.0,0,0,"[82, 46, 21, 54, 29, 47, 77, 48, 12]",[1],"[82, 46, 21, 54, 29, 47, 77, 48, 12]",[1],"[82, 46, 21, 54, 29, 47, 77, 48, 12]",[],[],[1],2,0.5315181612968445,"{""0"": 3.3100903034210205, ""1"": -1.0}",0,0,"[82, 46, 21, 29, 47, 77, 48, 12]","[1, 54]","[82, 46, 21, 29, 47, 77, 48, 12]","[1, 54]","[82, 46, 21, 29, 47, 77, 48, 12]",[],[54],[1],"[82, 46, 21, 29, 47, 77, 48, 12]","[1, 54]","[82, 46, 21, 29, 47, 77, 48, 12]",[],[54],[1],8,0,1,1
97,10,5,"[3, 56, 31, 47, 24, 34, 15, 84, 4, 20]","[56, 31, 47, 24, 34, 15, 84, 20]","[3, 4]",1.1066671210947299,0.248735790393862,2.0,0,0,"[56, 31, 47, 24, 34, 15, 84, 20]","[3, 4]","[56, 31, 47, 24, 34, 15, 84, 20]","[3, 4]","[56, 31, 47, 24, 34, 15, 84, 20]",[],[],"[3, 4]",2,0.5690808296203613,"{""0"": 2.79846453666687, ""1"": -1.0}",0,0,"[56, 47, 24, 34, 15, 84, 20]","[3, 31, 4]","[56, 47, 24, 34, 15, 84, 20]","[3, 31, 4]","[56, 47, 24, 34, 15, 84, 20]",[],[31],"[3, 4]","[56, 47, 24, 34, 15, 84, 20]","[3, 31, 4]","[56, 47, 24, 34, 15, 84, 20]",[],[31],"[3, 4]",7,0,1,2
98,10,5,"[1, 68, 97, 49, 62, 13, 7, 51, 54, 42]","[68, 97, 49, 62, 13, 7, 51, 54, 42]",[1],0.9724539556022669,0.2675188976303723,2.0,0,0,"[68, 97, 49, 62, 13, 7, 51, 54, 42]",[1],"[68, 97, 49, 62, 13, 7, 51, 54, 42]",[1],"[68, 97, 49, 62, 13, 7, 51, 54, 42]",[],[],[1],2,0.7077414989471436,"{""0"": 4.309837818145752, ""1"": -1.0}",0,0,"[68, 97, 49, 62, 13, 7, 51, 42]","[1, 54]","[68, 97, 49, 62, 13, 7, 51, 42]","[1, 54]","[68, 97, 49, 62, 13, 7, 51, 42]",[],[54],[1],"[68, 97, 49, 62, 13, 7, 51, 42]","[1, 54]","[68, 97, 49, 62, 13, 7, 51, 42]",[],[54],[1],8,0,1,1
99,10,5,"[3, 2, 22, 38, 75, 25, 47, 58, 57, 37]","[22, 38, 75, 25, 47, 58, 57, 37]","[3, 2]",0.748937320843748,0.16776852933561792,2.0,0,0,"[22, 38, 75, 25, 47, 58, 57, 37]","[3, 2]","[22, 38, 75, 25, 47, 58, 57, 37]","[3, 2]","[22, 38, 75, 25, 47, 58, 57, 37]",[],[],"[3, 2]",2,0.46576955914497375,"{""0"": 3.982600688934326, ""1"": -1.0}",0,0,"[22, 38, 75, 25, 58, 57, 37]","[3, 2, 47]","[22, 38, 75, 25, 58, 57, 37]","[3, 2, 47]","[22, 38, 75, 25, 58, 57, 37]",[],[47],"[3, 2]","[22, 38, 75, 25, 58, 57, 37]","[3, 2, 47]","[22, 38, 75, 25, 58, 57, 37]",[],[47],"[3, 2]",7,0,1,2
100,10,5,"[0, 86, 39, 75, 6, 48, 61, 11, 64, 44]","[86, 39, 75, 6, 48, 61, 11, 64, 44]",[0],0.7256328557006286,0.10486227609559057,2.0,0,0,"[86, 39, 75, 6, 61, 11, 64, 44]","[0, 48]","[86, 39, 75, 6, 61, 11, 64, 44]","[0, 48]","[86, 39, 75, 6, 61, 11, 64, 44]",[],[48],[0],3,0.49123501777648926,"{""0"": 3.7323694229125977, ""1"": -1.0, ""2"": 1.9955024719238281}",0,0,"[86, 39, 6, 61, 64]","[0, 75, 48, 11, 44]","[86, 39, 6, 61, 64]","[0, 75, 48, 11, 44]","[86, 39, 6, 61, 64]",[],"[75, 48, 11, 44]",[0],"[86, 39, 6, 61, 64]","[0, 75, 48, 11, 44]","[86, 39, 6, 61, 64]",[],"[75, 48, 11, 44]",[0],5,0,4,1
101,10,5,"[1, 20, 17, 92, 64, 88, 80, 89, 87, 99]","[20, 17, 92, 64, 88, 80, 89, 87, 99]",[1],0.8313750467672656,0.10396838054861568,2.0,0,0,"[1, 20, 17, 92, 64, 80, 89, 87, 99]",[88],"[1, 20, 17, 92, 64, 80, 89, 87, 99]",[88],"[20, 17, 92, 64, 80, 89, 87, 99]",[1],[88],[],2,0.4762137234210968,"{""0"": 5.131808280944824, ""1"": -1.0}",0,0,"[1, 20, 92, 64, 80, 89, 87, 99]","[17, 88]","[1, 20, 92, 64, 80, 89, 87, 99]","[17, 88]","[20, 92, 64, 80, 89, 87, 99]",[1],"[17, 88]",[],"[1, 20, 92, 64, 80, 89, 87, 99]","[17, 88]","[20, 92, 64, 80, 89, 87, 99]",[1],"[17, 88]",[],7,1,2,0
102,10,5,"[2, 21, 51, 16, 41, 68, 60, 67, 80, 91]","[21, 51, 16, 41, 68, 60, 67, 80, 91]",[2],0.630080606289754,0.14215583814808216,2.0,0,0,"[2, 21, 51, 16, 68, 60, 67, 80, 91]",[41],"[2, 21, 51, 16, 68, 60, 67, 80, 91]",[41],"[21, 51, 16, 68, 60, 67, 80, 91]",[2],[41],[],2,0.7383432984352112,"{""0"": 6.130109786987305, ""1"": -1.0}",0,0,"[21, 51, 16, 68, 60, 67, 80, 91]","[2, 41]","[21, 51, 16, 68, 60, 67, 80, 91]","[2, 41]","[21, 51, 16, 68, 60, 67, 80, 91]",[],[41],[2],"[21, 51, 16, 68, 60, 67, 80, 91]","[2, 41]","[21, 51, 16, 68, 60, 67, 80, 91]",[],[41],[2],8,0,1,1
103,10,5,"[4, 77, 92, 15, 52, 94, 71, 32, 13, 62]","[77, 92, 15, 52, 94, 71, 32, 13, 62]",[4],0.7619695688491136,0.09394966035189306,2.0,0,0,"[4, 77, 92, 15, 52, 94, 71, 32, 13, 62]",[],"[4, 77, 92, 15, 52, 94, 71, 32, 13, 62]",[],"[77, 92, 15, 52, 94, 71, 32, 13, 62]",[4],[],[],2,0.4511135518550873,"{""0"": 1.8184384107589722, ""1"": 1.5675103664398193}",0,0,"[4, 77, 92, 15, 52, 94, 32, 62]","[71, 13]","[4, 77, 92, 15, 52, 94, 32, 62]","[71, 13]","[77, 92, 15, 52, 94, 32, 62]",[4],"[71, 13]",[],"[4, 77, 92, 15, 52, 94, 32, 62]","[71, 13]","[77, 92, 15, 52, 94, 32, 62]",[4],"[71, 13]",[],7,1,2,0
104,10,5,"[0, 41, 15, 12, 9, 34, 21, 93, 38, 90]","[41, 15, 12, 9, 34, 21, 93, 38, 90]",[0],0.7506924046185466,0.15981089628334855,2.0,0,0,"[41, 15, 12, 9, 34, 21, 93, 38, 90]",[0],"[41, 15, 12, 9, 34, 21, 93, 38, 90]",[0],"[41, 15, 12, 9, 34, 21, 93, 38, 90]",[],[],[0],2,0.6004059314727783,"{""0"": 3.912029266357422, ""1"": -1.0}",0,0,"[15, 12, 9, 34, 21, 93, 38, 90]","[0, 41]","[15, 12, 9, 34, 21, 93, 38, 90]","[0, 41]","[15, 12, 9, 34, 21, 93, 38, 90]",[],[41],[0],"[15, 12, 9, 34, 21, 93, 38, 90]","[0, 41]","[15, 12, 9, 34, 21, 93, 38, 90]",[],[41],[0],8,0,1,1
105,10,5,"[4, 40, 47, 54, 57, 28, 10, 87, 27, 95]","[40, 47, 54, 57, 28, 10, 87, 27, 95]",[4],0.8220090789877731,0.2399605959702349,2.0,0,0,"[4, 40, 47, 54, 57, 28, 10, 87, 27, 95]",[],"[4, 40, 47, 54, 57, 28, 10, 87, 27, 95]",[],"[40, 47, 54, 57, 28, 10, 87, 27, 95]",[4],[],[],2,0.6819477081298828,"{""0"": 3.2012481689453125, ""1"": -1.0}",0,0,"[4, 40, 47, 57, 28, 10, 87, 27, 95]",[54],"[4, 40, 47, 57, 28, 10, 87, 27, 95]",[54],"[40, 47, 57, 28, 10, 87, 27, 95]",[4],[54],[],"[4, 40, 47, 57, 28, 10, 87, 27, 95]",[54],"[40, 47, 57, 28, 10, 87, 27, 95]",[4],[54],[],8,1,1,0
106,10,5,"[3, 92, 34, 12, 74, 0, 88, 53, 52, 77]","[92, 34, 12, 74, 88, 53, 52, 77]","[3, 0]",0.6609889845189361,0.16123386614513788,2.0,0,0,"[3, 92, 34, 12, 74, 53, 52, 77]","[0, 88]","[3, 92, 34, 12, 74, 53, 52, 77]","[0, 88]","[92, 34, 12, 74, 53, 52, 77]",[3],[88],[0],2,0.5189738273620605,"{""0"": 1.65061616897583, ""1"": 5.549944877624512}",1,0,"[92, 34, 12, 74, 52, 77]","[3, 0, 88, 53]","[92, 34, 12, 74, 52, 77]","[3, 0, 88, 53]","[92, 34, 12, 74, 52, 77]",[],"[88, 53]","[3, 0]","[92, 34, 12, 74, 52, 77]","[3, 0, 88, 53]","[92, 34, 12, 74, 52, 77]",[],"[88, 53]","[3, 0]",6,0,2,2
107,10,5,"[2, 40, 41, 84, 7, 70, 46, 61, 95, 0]","[40, 41, 84, 7, 70, 46, 61, 95]","[2, 0]",0.8560328990083275,0.12124204391066151,2.0,0,0,"[2, 40, 41, 84, 7, 70, 46, 61]","[95, 0]","[2, 40, 41, 84, 7, 70, 46, 61]","[95, 0]","[40, 41, 84, 7, 70, 46, 61]",[2],[95],[0],2,0.6459800004959106,"{""0"": 4.2262396812438965, ""1"": 1.8365998268127441}",0,0,"[40, 84, 7, 70, 46, 61]","[2, 41, 95, 0]","[40, 84, 7, 70, 46, 61]","[2, 41, 95, 0]","[40, 84, 7, 70, 46, 61]",[],"[41, 95]","[2, 0]","[40, 84, 7, 70, 46, 61]","[2, 41, 95, 0]","[40, 84, 7, 70, 46, 61]",[],"[41, 95]","[2, 0]",6,0,2,2
108,10,5,"[1, 33, 0, 16, 84, 12, 64, 52, 60, 4]","[33, 16, 84, 12, 64, 52, 60]","[1, 0, 4]",0.7442383905306792,0.08213418219690949,2.0,0,0,"[1, 33, 16, 84, 64, 52, 60]","[0, 12, 4]","[1, 33, 16, 84, 64, 52, 60]","[0, 12, 4]","[33, 16, 84, 64, 52, 60]",[1],[12],"[0, 4]",2,0.5583402514457703,"{""0"": 3.3697195053100586, ""1"": -1.0}",0,0,"[1, 33, 16, 64, 52, 60]","[0, 84, 12, 4]","[1, 33, 16, 64, 52, 60]","[0, 84, 12, 4]","[33, 16, 64, 52, 60]",[1],"[84, 12]","[0, 4]","[1, 33, 16, 64, 52, 60]","[0, 84, 12, 4]","[33, 16, 64, 52, 60]",[1],"[84, 12]","[0, 4]",5,1,2,2
109,10,5,"[3, 14, 27, 84, 5, 15, 87, 17, 58, 28]","[14, 27, 84, 5, 15, 87, 17, 58, 28]",[3],0.7384550589014055,0.13832734994906298,2.0,0,0,"[3, 14, 27, 84, 5, 15, 87, 58, 28]",[17],"[3, 14, 27, 84, 5, 15, 87, 58, 28]",[17],"[14, 27, 84, 5, 15, 87, 58, 28]",[3],[17],[],2,0.5889438390731812,"{""0"": 3.846853733062744, ""1"": 1.7066439390182495}",0,0,"[14, 27, 84, 5, 15, 87, 28]","[3, 17, 58]","[14, 27, 84, 5, 15, 87, 28]","[3, 17, 58]","[14, 27, 84, 5, 15, 87, 28]",[],"[17, 58]",[3],"[14, 27, 84, 5, 15, 87, 28]","[3, 17, 58]","[14, 27, 84, 5, 15, 87, 28]",[],"[17, 58]",[3],7,0,2,1
110,10,5,"[4, 29, 12, 86, 67, 81, 84, 59, 21, 3]","[29, 12, 86, 67, 81, 84, 59, 21]","[4, 3]",0.7519740662873423,0.1032827280010572,2.0,0,0,"[4, 29, 12, 86, 67, 81, 84, 59, 21, 3]",[],"[4, 29, 12, 86, 67, 81, 84, 59, 21, 3]",[],"[29, 12, 86, 67, 81, 84, 59, 21]","[4, 3]",[],[],2,0.4562014937400818,"{""0"": 1.3702480792999268, ""1"": -1.0}",0,0,"[4, 29, 12, 86, 67, 81, 84, 21, 3]",[59],"[4, 29, 12, 86, 67, 81, 84, 21, 3]",[59],"[29, 12, 86, 67, 81, 84, 21]","[4, 3]",[59],[],"[4, 29, 12, 86, 67, 81, 84, 21, 3]",[59],"[29, 12, 86, 67, 81, 84, 21]","[4, 3]",[59],[],7,2,1,0
111,10,5,"[1, 41, 61, 76, 49, 46, 55, 34, 2, 4]","[41, 61, 76, 49, 46, 55, 34]","[1, 2, 4]",0.9406649853224271,0.19859907571336816,2.0,0,0,"[1, 41, 61, 76, 49, 46, 55, 34, 2, 4]",[],"[1, 41, 61, 76, 49, 46, 55, 34, 2, 4]",[],"[41, 61, 76, 49, 46, 55, 34]","[1, 2, 4]",[],[],2,0.3977346122264862,"{""0"": 1.665818691253662, ""1"": 1.9627060890197754}",1,0,"[41, 2]","[1, 61, 76, 49, 46, 55, 34, 4]","[41, 2]","[1, 61, 76, 49, 46, 55, 34, 4]",[41],[2],"[61, 76, 49, 46, 55, 34]","[1, 4]","[41, 2]","[1, 61, 76, 49, 46, 55, 34, 4]",[41],[2],"[61, 76, 49, 46, 55, 34]","[1, 4]",1,1,6,2
112,10,5,"[0, 73, 9, 86, 84, 95, 41, 38, 17, 52]","[73, 9, 86, 84, 95, 41, 38, 17, 52]",[0],0.8408351076154597,0.19711552663671755,2.0,0,0,"[0, 73, 9, 86, 84, 95, 41, 38, 17, 52]",[],"[0, 73, 9, 86, 84, 95, 41, 38, 17, 52]",[],"[73, 9, 86, 84, 95, 41, 38, 17, 52]",[0],[],[],2,0.4976092278957367,"{""0"": 2.4926321506500244, ""1"": -1.0}",0,0,"[0, 9, 86, 84, 95, 41, 38, 17, 52]",[73],"[0, 9, 86, 84, 95, 41, 38, 17, 52]",[73],"[9, 86, 84, 95, 41, 38, 17, 52]",[0],[73],[],"[0, 9, 86, 84, 95, 41, 38, 17, 52]",[73],"[9, 86, 84, 95, 41, 38, 17, 52]",[0],[73],[],8,1,1,0
113,10,5,"[0, 91, 57, 71, 20, 38, 10, 16, 54, 36]","[91, 57, 71, 20, 38, 10, 16, 54, 36]",[0],0.7442200912962382,0.03176180785751531,2.0,0,0,"[91, 57, 71, 20, 16, 54, 36]","[0, 38, 10]","[91, 57, 71, 20, 16, 54, 36]","[0, 38, 10]","[91, 57, 71, 20, 16, 54, 36]",[],"[38, 10]",[0],2,0.4515918791294098,"{""0"": 1.2730296850204468, ""1"": -1.0}",0,0,"[91, 57, 71, 20, 16, 36]","[0, 38, 10, 54]","[91, 57, 71, 20, 16, 36]","[0, 38, 10, 54]","[91, 57, 71, 20, 16, 36]",[],"[38, 10, 54]",[0],"[91, 57, 71, 20, 16, 36]","[0, 38, 10, 54]","[91, 57, 71, 20, 16, 36]",[],"[38, 10, 54]",[0],6,0,3,1
114,10,5,"[1, 35, 98, 89, 23, 39, 85, 91, 9, 16]","[35, 98, 89, 23, 39, 85, 91, 9, 16]",[1],0.6491566888911287,0.10652333956495624,2.0,0,0,"[1, 35, 98, 89, 23, 39, 85, 91, 9, 16]",[],"[1, 35, 98, 89, 23, 39, 85, 91, 9, 16]",[],"[35, 98, 89, 23, 39, 85, 91, 9, 16]",[1],[],[],2,0.3731396794319153,"{""0"": 0.3626389801502228, ""1"": -1.0}",0,0,"[1, 35, 98, 89, 23, 39, 91, 9, 16]",[85],"[1, 35, 98, 89, 23, 39, 91, 9, 16]",[85],"[35, 98, 89, 23, 39, 91, 9, 16]",[1],[85],[],"[1, 35, 98, 89, 23, 39, 91, 9, 16]",[85],"[35, 98, 89, 23, 39, 91, 9, 16]",[1],[85],[],8,1,1,0
115,10,5,"[2, 61, 41, 38, 85, 51, 56, 19, 36, 97]","[61, 41, 38, 85, 51, 56, 19, 36, 97]",[2],0.7464855346238345,0.1243694768000127,2.0,0,0,"[2, 61, 41, 38, 85, 51, 56, 19, 36, 97]",[],"[2, 61, 41, 38, 85, 51, 56, 19, 36, 97]",[],"[61, 41, 38, 85, 51, 56, 19, 36, 97]",[2],[],[],4,0.4314674437046051,"{""0"": 1.5001858472824097, ""1"": 1.9964178800582886, ""2"": 2.5736939907073975, ""3"": -1.0}",2,0,"[85, 51, 97]","[2, 61, 41, 38, 56, 19, 36]","[85, 51, 97]","[2, 61, 41, 38, 56, 19, 36]","[85, 51, 97]",[],"[61, 41, 38, 56, 19, 36]",[2],"[85, 51, 97]","[2, 61, 41, 38, 56, 19, 36]","[85, 51, 97]",[],"[61, 41, 38, 56, 19, 36]",[2],3,0,6,1
116,10,5,"[4, 19, 17, 30, 8, 83, 55, 38, 96, 10]","[19, 17, 30, 8, 83, 55, 38, 96, 10]",[4],1.2013481862784272,0.11155882554532726,2.0,0,0,"[4, 19, 30, 8, 83, 55, 38, 96, 10]",[17],"[4, 19, 30, 8, 83, 55, 38, 96, 10]",[17],"[19, 30, 8, 83, 55, 38, 96, 10]",[4],[17],[],2,0.5301141142845154,"{""0"": 0.6849403381347656, ""1"": -1.0}",0,0,"[4, 30, 8, 83, 55, 38, 96, 10]","[19, 17]","[4, 30, 8, 83, 55, 38, 96, 10]","[19, 17]","[30, 8, 83, 55, 38, 96, 10]",[4],"[19, 17]",[],"[4, 30, 8, 83, 55, 38, 96, 10]","[19, 17]","[30, 8, 83, 55, 38, 96, 10]",[4],"[19, 17]",[],7,1,2,0
117,10,5,"[0, 55, 66, 34, 52, 8, 29, 67, 77, 45]","[55, 66, 34, 52, 8, 29, 67, 77, 45]",[0],0.8938491125308685,0.13879538729694513,2.0,0,0,"[0, 66, 34, 52, 8, 29, 67, 77, 45]",[55],"[0, 66, 34, 52, 8, 29, 67, 77, 45]",[55],"[66, 34, 52, 8, 29, 67, 77, 45]",[0],[55],[],2,0.35598844289779663,"{""0"": 1.2991327047348022, ""1"": 1.4297834634780884}",1,0,"[66, 67]","[0, 55, 34, 52, 8, 29, 77, 45]","[66, 67]","[0, 55, 34, 52, 8, 29, 77, 45]","[66, 67]",[],"[55, 34, 52, 8, 29, 77, 45]",[0],"[66, 67]","[0, 55, 34, 52, 8, 29, 77, 45]","[66, 67]",[],"[55, 34, 52, 8, 29, 77, 45]",[0],2,0,7,1
118,10,5,"[0, 81, 90, 44, 79, 20, 31, 36, 89, 55]","[81, 90, 44, 79, 20, 31, 36, 89, 55]",[0],0.9127125541399448,0.07396127013045656,2.0,0,0,"[81, 90, 44, 79, 20, 31, 36, 89, 55]",[0],"[81, 90, 44, 79, 20, 31, 36, 89, 55]",[0],"[81, 90, 44, 79, 20, 31, 36, 89, 55]",[],[],[0],3,0.52536940574646,"{""0"": 1.1640064716339111, ""1"": 4.459442138671875, ""2"": 1.9966096878051758}",1,0,"[81, 90, 79, 89, 55]","[0, 44, 20, 31, 36]","[81, 90, 79, 89, 55]","[0, 44, 20, 31, 36]","[81, 90, 79, 89, 55]",[],"[44, 20, 31, 36]",[0],"[81, 90, 79, 89, 55]","[0, 44, 20, 31, 36]","[81, 90, 79, 89, 55]",[],"[44, 20, 31, 36]",[0],5,0,4,1
119,10,5,"[3, 41, 19, 9, 97, 64, 37, 55, 33, 42]","[41, 19, 9, 97, 64, 37, 55, 33, 42]",[3],0.8471515024309513,0.13644426519205838,2.0,0,0,"[3, 41, 19, 9, 97, 64, 37, 55, 33, 42]",[],"[3, 41, 19, 9, 97, 64, 37, 55, 33, 42]",[],"[41, 19, 9, 97, 64, 37, 55, 33, 42]",[3],[],[],2,0.4748644232749939,"{""0"": 1.388823390007019, ""1"": 1.9323447942733765}",1,0,"[3, 19, 9, 97, 64, 37, 55, 33]","[41, 42]","[3, 19, 9, 97, 64, 37, 55, 33]","[41, 42]","[19, 9, 97, 64, 37, 55, 33]",[3],"[41, 42]",[],"[3, 19, 9, 97, 64, 37, 55, 33]","[41, 42]","[19, 9, 97, 64, 37, 55, 33]",[3],"[41, 42]",[],7,1,2,0
120,10,5,"[1, 98, 30, 13, 56, 97, 35, 75, 41, 2]","[98, 30, 13, 56, 97, 35, 75, 41]","[1, 2]",0.8683790504768982,0.11811849672752828,2.0,0,0,"[1, 98, 13, 56, 97, 35, 75, 41, 2]",[30],"[1, 98, 13, 56, 97, 35, 75, 41, 2]",[30],"[98, 13, 56, 97, 35, 75, 41]","[1, 2]",[30],[],2,0.7222610116004944,"{""0"": 1.993234395980835, ""1"": 4.846184730529785}",1,0,"[1, 98, 13, 56, 97, 35, 75]","[30, 41, 2]","[1, 98, 13, 56, 97, 35, 75]","[30, 41, 2]","[98, 13, 56, 97, 35, 75]",[1],"[30, 41]",[2],"[1, 98, 13, 56, 97, 35, 75]","[30, 41, 2]","[98, 13, 56, 97, 35, 75]",[1],"[30, 41]",[2],6,1,2,1
121,10,5,"[3, 5, 42, 83, 37, 14, 13, 89, 28, 61]","[5, 42, 83, 37, 14, 13, 89, 28, 61]",[3],0.9471213400092917,0.10401891404507457,2.0,0,0,"[3, 5, 42, 83, 37, 14, 89, 28, 61]",[13],"[3, 5, 42, 83, 37, 14, 89, 28, 61]",[13],"[5, 42, 83, 37, 14, 89, 28, 61]",[3],[13],[],2,0.6673734188079834,"{""0"": 1.1109859943389893, ""1"": -1.0}",0,0,"[3, 5, 83, 37, 14, 89, 28, 61]","[42, 13]","[3, 5, 83, 37, 14, 89, 28, 61]","[42, 13]","[5, 83, 37, 14, 89, 28, 61]",[3],"[42, 13]",[],"[3, 5, 83, 37, 14, 89, 28, 61]","[42, 13]","[5, 83, 37, 14, 89, 28, 61]",[3],"[42, 13]",[],7,1,2,0
122,10,5,"[0, 29, 83, 87, 38, 55, 96, 31, 81, 14]","[29, 83, 87, 38, 55, 96, 31, 81, 14]",[0],0.8069899307078328,0.09607297904700579,2.0,0,0,"[29, 83, 87, 38, 55, 96, 81, 14]","[0, 31]","[29, 83, 87, 38, 55, 96, 81, 14]","[0, 31]","[29, 83, 87, 38, 55, 96, 81, 14]",[],[31],[0],3,0.40549159049987793,"{""0"": 3.7783970832824707, ""1"": 2.8990957736968994, ""2"": -1.0}",0,0,"[83, 87, 38, 96]","[0, 29, 55, 31, 81, 14]","[83, 87, 38, 96]","[0, 29, 55, 31, 81, 14]","[83, 87, 38, 96]",[],"[29, 55, 31, 81, 14]",[0],"[83, 87, 38, 96]","[0, 29, 55, 31, 81, 14]","[83, 87, 38, 96]",[],"[29, 55, 31, 81, 14]",[0],4,0,5,1
123,10,5,"[0, 64, 70, 77, 88, 6, 82, 62, 69, 55]","[64, 70, 77, 88, 6, 82, 62, 69, 55]",[0],0.7005316812874791,0.08881789832182141,2.0,0,0,"[64, 70, 77, 6, 82, 62, 69, 55]","[0, 88]","[64, 70, 77, 6, 82, 62, 69, 55]","[0, 88]","[64, 70, 77, 6, 82, 62, 69, 55]",[],[88],[0],2,0.2704351544380188,"{""0"": 3.740105390548706, ""1"": 2.782043933868408}",0,0,"[70, 82, 62, 69, 55]","[0, 64, 77, 88, 6]","[70, 82, 62, 69, 55]","[0, 64, 77, 88, 6]","[70, 82, 62, 69, 55]",[],"[64, 77, 88, 6]",[0],"[70, 82, 62, 69, 55]","[0, 64, 77, 88, 6]","[70, 82, 62, 69, 55]",[],"[64, 77, 88, 6]",[0],5,0,4,1
124,10,5,"[4, 88, 96, 42, 58, 49, 7, 15, 72, 99]","[88, 96, 42, 58, 49, 7, 15, 72, 99]",[4],0.7546816128072025,0.044064916707801216,2.0,0,0,"[4, 96, 42, 58, 49, 15, 72, 99]","[88, 7]","[4, 96, 42, 58, 49, 15, 72, 99]","[88, 7]","[96, 42, 58, 49, 15, 72, 99]",[4],"[88, 7]",[],2,0.44365400075912476,"{""0"": 4.943363189697266, ""1"": -1.0}",0,0,"[96, 42, 58, 49, 15, 72, 99]","[4, 88, 7]","[96, 42, 58, 49, 15, 72, 99]","[4, 88, 7]","[96, 42, 58, 49, 15, 72, 99]",[],"[88, 7]",[4],"[96, 42, 58, 49, 15, 72, 99]","[4, 88, 7]","[96, 42, 58, 49, 15, 72, 99]",[],"[88, 7]",[4],7,0,2,1
125,10,5,"[4, 30, 1, 36, 14, 90, 87, 42, 82, 37]","[30, 36, 14, 90, 87, 42, 82, 37]","[4, 1]",0.766508442597956,0.16676504174451257,2.0,0,0,"[4, 30, 1, 36, 14, 90, 87, 82, 37]",[42],"[4, 30, 1, 36, 14, 90, 87, 82, 37]",[42],"[30, 36, 14, 90, 87, 82, 37]","[4, 1]",[42],[],2,0.4320008158683777,"{""0"": 2.660984516143799, ""1"": -1.0}",0,0,"[4, 30, 1, 14, 90, 87, 82, 37]","[36, 42]","[4, 30, 1, 14, 90, 87, 82, 37]","[36, 42]","[30, 14, 90, 87, 82, 37]","[4, 1]","[36, 42]",[],"[4, 30, 1, 14, 90, 87, 82, 37]","[36, 42]","[30, 14, 90, 87, 82, 37]","[4, 1]","[36, 42]",[],6,2,2,0
126,10,5,"[3, 40, 64, 31, 35, 90, 29, 48, 84, 78]","[40, 64, 31, 35, 90, 29, 48, 84, 78]",[3],0.9051815848410396,0.1862648943954024,2.0,0,0,"[3, 40, 64, 31, 35, 90, 29, 48, 84, 78]",[],"[3, 40, 64, 31, 35, 90, 29, 48, 84, 78]",[],"[40, 64, 31, 35, 90, 29, 48, 84, 78]",[3],[],[],2,0.4802722930908203,"{""0"": 1.1261924505233765, ""1"": 2.4101195335388184}",1,0,"[3, 40, 64, 35, 90, 29, 84, 78]","[31, 48]","[3, 40, 64, 35, 90, 29, 84, 78]","[31, 48]","[40, 64, 35, 90, 29, 84, 78]",[3],"[31, 48]",[],"[3, 40, 64, 35, 90, 29, 84, 78]","[31, 48]","[40, 64, 35, 90, 29, 84, 78]",[3],"[31, 48]",[],7,1,2,0
127,10,5,"[3, 32, 56, 98, 78, 62, 5, 13, 86, 55]","[32, 56, 98, 78, 62, 5, 13, 86, 55]",[3],0.7322419550774006,0.08210492760738147,2.0,0,0,"[3, 32, 56, 98, 78, 62, 5, 13, 86, 55]",[],"[3, 32, 56, 98, 78, 62, 5, 13, 86, 55]",[],"[32, 56, 98, 78, 62, 5, 13, 86, 55]",[3],[],[],2,0.43350452184677124,"{""0"": 0.6584152579307556, ""1"": -1.0}",0,0,"[3, 56, 98, 78, 62, 5, 13, 86, 55]",[32],"[3, 56, 98, 78, 62, 5, 13, 86, 55]",[32],"[56, 98, 78, 62, 5, 13, 86, 55]",[3],[32],[],"[3, 56, 98, 78, 62, 5, 13, 86, 55]",[32],"[56, 98, 78, 62, 5, 13, 86, 55]",[3],[32],[],8,1,1,0
128,10,5,"[4, 99, 47, 20, 31, 10, 86, 90, 62, 41]","[99, 47, 20, 31, 10, 86, 90, 62, 41]",[4],0.9593797315731113,0.24738049893472136,2.0,0,0,"[4, 99, 47, 20, 31, 10, 86, 90, 62, 41]",[],"[4, 99, 47, 20, 31, 10, 86, 90, 62, 41]",[],"[99, 47, 20, 31, 10, 86, 90, 62, 41]",[4],[],[],3,0.500646710395813,"{""0"": 3.4726791381835938, ""1"": 1.8797450065612793, ""2"": 1.9752650260925293}",0,0,"[99, 20, 86, 90, 62, 41]","[4, 47, 31, 10]","[99, 20, 86, 90, 62, 41]","[4, 47, 31, 10]","[99, 20, 86, 90, 62, 41]",[],"[47, 31, 10]",[4],"[99, 20, 86, 90, 62, 41]","[4, 47, 31, 10]","[99, 20, 86, 90, 62, 41]",[],"[47, 31, 10]",[4],6,0,3,1
129,10,5,"[0, 33, 1, 73, 28, 61, 3, 11, 96, 15]","[33, 73, 28, 61, 11, 96, 15]","[0, 1, 3]",0.7791543526531625,0.11653328391427586,2.0,0,0,"[33, 1, 73, 28, 61, 3, 11, 96, 15]",[0],"[33, 1, 73, 28, 61, 3, 11, 96, 15]",[0],"[33, 73, 28, 61, 11, 96, 15]","[1, 3]",[],[0],2,0.4778887927532196,"{""0"": 2.199892520904541, ""1"": -1.0}",0,0,"[33, 1, 28, 61, 3, 11, 96, 15]","[0, 73]","[33, 1, 28, 61, 3, 11, 96, 15]","[0, 73]","[33, 28, 61, 11, 96, 15]","[1, 3]",[73],[0],"[33, 1, 28, 61, 3, 11, 96, 15]","[0, 73]","[33, 28, 61, 11, 96, 15]","[1, 3]",[73],[0],6,2,1,1
130,10,5,"[4, 42, 80, 51, 72, 74, 90, 58, 35, 83]","[42, 80, 51, 72, 74, 90, 58, 35, 83]",[4],0.8981655815530755,0.08234885920106072,2.0,0,0,"[42, 80, 51, 72, 74, 90, 58, 35, 83]",[4],"[42, 80, 51, 72, 74, 90, 58, 35, 83]",[4],"[42, 80, 51, 72, 74, 90, 58, 35, 83]",[],[],[4],2,0.42557069659233093,"{""0"": 2.0086069107055664, ""1"": -1.0}",0,0,"[80, 51, 72, 74, 90, 58, 35, 83]","[4, 42]","[80, 51, 72, 74, 90, 58, 35, 83]","[4, 42]","[80, 51, 72, 74, 90, 58, 35, 83]",[],[42],[4],"[80, 51, 72, 74, 90, 58, 35, 83]","[4, 42]","[80, 51, 72, 74, 90, 58, 35, 83]",[],[42],[4],8,0,1,1
131,10,5,"[0, 95, 80, 46, 22, 73, 3, 42, 93, 85]","[95, 80, 46, 22, 73, 42, 93, 85]","[0, 3]",0.9680601927144017,0.23369489718689895,2.0,0,0,"[0, 95, 80, 46, 22, 73, 3, 42, 93, 85]",[],"[0, 95, 80, 46, 22, 73, 3, 42, 93, 85]",[],"[95, 80, 46, 22, 73, 42, 93, 85]","[0, 3]",[],[],2,0.5779440402984619,"{""0"": 1.804370403289795, ""1"": -1.0}",0,0,"[0, 80, 46, 22, 73, 3, 42, 93, 85]",[95],"[0, 80, 46, 22, 73, 3, 42, 93, 85]",[95],"[80, 46, 22, 73, 42, 93, 85]","[0, 3]",[95],[],"[0, 80, 46, 22, 73, 3, 42, 93, 85]",[95],"[80, 46, 22, 73, 42, 93, 85]","[0, 3]",[95],[],7,2,1,0
132,10,5,"[2, 5, 77, 45, 62, 74, 20, 65, 9, 68]","[5, 77, 45, 62, 74, 20, 65, 9, 68]",[2],1.058063004873452,0.134731193354317,2.0,0,0,"[2, 77, 45, 62, 74, 20, 65, 9, 68]",[5],"[2, 77, 45, 62, 74, 20, 65, 9, 68]",[5],"[77, 45, 62, 74, 20, 65, 9, 68]",[2],[5],[],2,0.6142578125,"{""0"": 3.3762967586517334, ""1"": -1.0}",0,0,"[77, 45, 62, 74, 20, 65, 9, 68]","[2, 5]","[77, 45, 62, 74, 20, 65, 9, 68]","[2, 5]","[77, 45, 62, 74, 20, 65, 9, 68]",[],[5],[2],"[77, 45, 62, 74, 20, 65, 9, 68]","[2, 5]","[77, 45, 62, 74, 20, 65, 9, 68]",[],[5],[2],8,0,1,1
133,10,5,"[2, 58, 94, 20, 50, 51, 65, 7, 27, 95]","[58, 94, 20, 50, 51, 65, 7, 27, 95]",[2],0.7906610626335464,0.10453234550181328,2.0,0,0,"[2, 58, 94, 20, 50, 51, 65, 7, 27]",[95],"[2, 58, 94, 20, 50, 51, 65, 7, 27]",[95],"[58, 94, 20, 50, 51, 65, 7, 27]",[2],[95],[],2,0.45050254464149475,"{""0"": 1.9690040349960327, ""1"": -1.0}",0,0,"[58, 94, 20, 50, 51, 65, 7, 27]","[2, 95]","[58, 94, 20, 50, 51, 65, 7, 27]","[2, 95]","[58, 94, 20, 50, 51, 65, 7, 27]",[],[95],[2],"[58, 94, 20, 50, 51, 65, 7, 27]","[2, 95]","[58, 94, 20, 50, 51, 65, 7, 27]",[],[95],[2],8,0,1,1
134,10,5,"[4, 78, 82, 23, 37, 10, 55, 13, 12, 77]","[78, 82, 23, 37, 10, 55, 13, 12, 77]",[4],0.6940675182557219,0.11418194351167738,2.0,0,0,"[4, 78, 82, 23, 37, 10, 55, 13, 12, 77]",[],"[4, 78, 82, 23, 37, 10, 55, 13, 12, 77]",[],"[78, 82, 23, 37, 10, 55, 13, 12, 77]",[4],[],[],2,0.5345715880393982,"{""0"": 1.1559486389160156, ""1"": -1.0}",0,0,"[4, 78, 82, 23, 37, 55, 13, 12, 77]",[10],"[4, 78, 82, 23, 37, 55, 13, 12, 77]",[10],"[78, 82, 23, 37, 55, 13, 12, 77]",[4],[10],[],"[4, 78, 82, 23, 37, 55, 13, 12, 77]",[10],"[78, 82, 23, 37, 55, 13, 12, 77]",[4],[10],[],8,1,1,0
135,10,5,"[2, 35, 5, 89, 93, 82, 49, 23, 95, 63]","[35, 5, 89, 93, 82, 49, 23, 95, 63]",[2],0.7094964355772111,0.07891258252927918,2.0,0,0,"[35, 5, 89, 82, 49, 23, 63]","[2, 93, 95]","[35, 5, 89, 82, 49, 23, 63]","[2, 93, 95]","[35, 5, 89, 82, 49, 23, 63]",[],"[93, 95]",[2],2,0.3905622363090515,"{""0"": 3.938021421432495, ""1"": -1.0}",0,0,"[35, 5, 89, 82, 49, 63]","[2, 93, 23, 95]","[35, 5, 89, 82, 49, 63]","[2, 93, 23, 95]","[35, 5, 89, 82, 49, 63]",[],"[93, 23, 95]",[2],"[35, 5, 89, 82, 49, 63]","[2, 93, 23, 95]","[35, 5, 89, 82, 49, 63]",[],"[93, 23, 95]",[2],6,0,3,1
136,10,5,"[4, 83, 79, 3, 66, 69, 95, 96, 84, 7]","[83, 79, 66, 69, 95, 96, 84, 7]","[4, 3]",0.7245171974757187,0.08714418685270514,2.0,0,0,"[4, 83, 79, 3, 66, 69, 96, 84]","[95, 7]","[4, 83, 79, 3, 66, 69, 96, 84]","[95, 7]","[83, 79, 66, 69, 96, 84]","[4, 3]","[95, 7]",[],4,0.3257524371147156,"{""0"": 2.562412977218628, ""1"": 1.8410890102386475, ""2"": -1.0, ""3"": 1.2936105728149414}",0,0,"[4, 83, 79]","[3, 66, 69, 95, 96, 84, 7]","[4, 83, 79]","[3, 66, 69, 95, 96, 84, 7]","[83, 79]",[4],"[66, 69, 95, 96, 84, 7]",[3],"[4, 83, 79]","[3, 66, 69, 95, 96, 84, 7]","[83, 79]",[4],"[66, 69, 95, 96, 84, 7]",[3],2,1,6,1
137,10,5,"[3, 65, 26, 12, 98, 16, 20, 86, 59, 75]","[65, 26, 12, 98, 16, 20, 86, 59, 75]",[3],0.9372131390902008,0.11718920871979166,2.0,0,0,"[3, 65, 26, 12, 98, 20, 86, 59, 75]",[16],"[3, 65, 26, 12, 98, 20, 86, 59, 75]",[16],"[65, 26, 12, 98, 20, 86, 59, 75]",[3],[16],[],2,0.44066599011421204,"{""0"": 0.7937302589416504, ""1"": -1.0}",0,0,"[3, 65, 26, 12, 98, 20, 86, 59]","[16, 75]","[3, 65, 26, 12, 98, 20, 86, 59]","[16, 75]","[65, 26, 12, 98, 20, 86, 59]",[3],"[16, 75]",[],"[3, 65, 26, 12, 98, 20, 86, 59]","[16, 75]","[65, 26, 12, 98, 20, 86, 59]",[3],"[16, 75]",[],7,1,2,0
138,10,5,"[2, 78, 18, 71, 20, 21, 27, 31, 11, 24]","[78, 18, 71, 20, 21, 27, 31, 11, 24]",[2],0.7513046928106794,0.13826407701449456,2.0,0,0,"[2, 78, 18, 71, 20, 21, 27, 11, 24]",[31],"[2, 78, 18, 71, 20, 21, 27, 11, 24]",[31],"[78, 18, 71, 20, 21, 27, 11, 24]",[2],[31],[],2,0.3674522638320923,"{""0"": 1.5179409980773926, ""1"": -1.0}",0,0,"[2, 78, 18, 71, 21, 27, 11, 24]","[20, 31]","[2, 78, 18, 71, 21, 27, 11, 24]","[20, 31]","[78, 18, 71, 21, 27, 11, 24]",[2],"[20, 31]",[],"[2, 78, 18, 71, 21, 27, 11, 24]","[20, 31]","[78, 18, 71, 21, 27, 11, 24]",[2],"[20, 31]",[],7,1,2,0
139,10,5,"[2, 50, 63, 64, 18, 45, 0, 89, 91, 28]","[50, 63, 64, 18, 45, 89, 91, 28]","[2, 0]",0.6931151619574594,0.1264664951743285,2.0,0,0,"[2, 50, 63, 64, 18, 45, 89, 91, 28]",[0],"[2, 50, 63, 64, 18, 45, 89, 91, 28]",[0],"[50, 63, 64, 18, 45, 89, 91, 28]",[2],[],[0],2,0.6033589839935303,"{""0"": 5.237213611602783, ""1"": -1.0}",0,0,"[50, 63, 64, 18, 45, 89, 91, 28]","[2, 0]","[50, 63, 64, 18, 45, 89, 91, 28]","[2, 0]","[50, 63, 64, 18, 45, 89, 91, 28]",[],[],"[2, 0]","[50, 63, 64, 18, 45, 89, 91, 28]","[2, 0]","[50, 63, 64, 18, 45, 89, 91, 28]",[],[],"[2, 0]",8,0,0,2
140,10,5,"[4, 45, 97, 55, 16, 23, 89, 59, 90, 15]","[45, 97, 55, 16, 23, 89, 59, 90, 15]",[4],0.6762994845208866,0.12767567809382768,2.0,0,0,"[4, 45, 97, 55, 16, 23, 89, 59, 90, 15]",[],"[4, 45, 97, 55, 16, 23, 89, 59, 90, 15]",[],"[45, 97, 55, 16, 23, 89, 59, 90, 15]",[4],[],[],2,0.6753688454627991,"{""0"": 5.0355095863342285, ""1"": 1.8081742525100708}",0,0,"[4, 45, 55, 16, 23, 89, 90, 15]","[97, 59]","[4, 45, 55, 16, 23, 89, 90, 15]","[97, 59]","[45, 55, 16, 23, 89, 90, 15]",[4],"[97, 59]",[],"[4, 45, 55, 16, 23, 89, 90, 15]","[97, 59]","[45, 55, 16, 23, 89, 90, 15]",[4],"[97, 59]",[],7,1,2,0
141,10,5,"[2, 12, 25, 36, 23, 64, 84, 91, 19, 26]","[12, 25, 36, 23, 64, 84, 91, 19, 26]",[2],0.6793506617509415,0.08387109879499505,2.0,0,0,"[2, 12, 25, 36, 23, 64, 84, 91, 26]",[19],"[2, 12, 25, 36, 23, 64, 84, 91, 26]",[19],"[12, 25, 36, 23, 64, 84, 91, 26]",[2],[19],[],3,0.4983423948287964,"{""0"": 3.86539363861084, ""1"": 1.9073680639266968, ""2"": -1.0}",0,0,"[2, 12, 23, 64, 84, 91]","[25, 36, 19, 26]","[2, 12, 23, 64, 84, 91]","[25, 36, 19, 26]","[12, 23, 64, 84, 91]",[2],"[25, 36, 19, 26]",[],"[2, 12, 23, 64, 84, 91]","[25, 36, 19, 26]","[12, 23, 64, 84, 91]",[2],"[25, 36, 19, 26]",[],5,1,4,0
142,10,5,"[2, 84, 63, 30, 90, 33, 24, 13, 87, 40]","[84, 63, 30, 90, 33, 24, 13, 87, 40]",[2],0.8879671710375519,0.13702883754085793,2.0,0,0,"[2, 84, 63, 30, 90, 33, 24, 13, 87, 40]",[],"[2, 84, 63, 30, 90, 33, 24, 13, 87, 40]",[],"[84, 63, 30, 90, 33, 24, 13, 87, 40]",[2],[],[],3,0.4585675597190857,"{""0"": 2.1151363849639893, ""1"": 4.684699058532715, ""2"": -1.0}",1,0,"[84, 63, 90, 33, 24, 87]","[2, 30, 13, 40]","[84, 63, 90, 33, 24, 87]","[2, 30, 13, 40]","[84, 63, 90, 33, 24, 87]",[],"[30, 13, 40]",[2],"[84, 63, 90, 33, 24, 87]","[2, 30, 13, 40]","[84, 63, 90, 33, 24, 87]",[],"[30, 13, 40]",[2],6,0,3,1
143,10,5,"[1, 2, 78, 33, 24, 5, 57, 77, 31, 62]","[78, 33, 24, 5, 57, 77, 31, 62]","[1, 2]",0.6744753255924165,0.0963542551957558,2.0,0,0,"[1, 2, 78, 33, 24, 5, 57, 77, 31, 62]",[],"[1, 2, 78, 33, 24, 5, 57, 77, 31, 62]",[],"[78, 33, 24, 5, 57, 77, 31, 62]","[1, 2]",[],[],2,0.5165205597877502,"{""0"": 1.2383415699005127, ""1"": 2.3319969177246094}",1,0,"[1, 78, 33, 24, 5, 57, 77, 62]","[2, 31]","[1, 78, 33, 24, 5, 57, 77, 62]","[2, 31]","[78, 33, 24, 5, 57, 77, 62]",[1],[31],[2],"[1, 78, 33, 24, 5, 57, 77, 62]","[2, 31]","[78, 33, 24, 5, 57, 77, 62]",[1],[31],[2],7,1,1,1
144,10,5,"[2, 15, 48, 84, 66, 59, 9, 80, 91, 79]","[15, 48, 84, 66, 59, 9, 80, 91, 79]",[2],0.8037854370532735,0.06355699462297398,2.0,0,0,"[2, 15, 84, 66, 59, 9, 80, 91]","[48, 79]","[2, 15, 84, 66, 59, 9, 80, 91]","[48, 79]","[15, 84, 66, 59, 9, 80, 91]",[2],"[48, 79]",[],2,0.5528926253318787,"{""0"": 4.059138774871826, ""1"": 1.914398431777954}",0,0,"[15, 84, 66, 59, 80, 91]","[2, 48, 9, 79]","[15, 84, 66, 59, 80, 91]","[2, 48, 9, 79]","[15, 84, 66, 59, 80, 91]",[],"[48, 9, 79]",[2],"[15, 84, 66, 59, 80, 91]","[2, 48, 9, 79]","[15, 84, 66, 59, 80, 91]",[],"[48, 9, 79]",[2],6,0,3,1
145,10,5,"[2, 19, 44, 7, 85, 43, 73, 18, 29, 83]","[19, 44, 7, 85, 43, 73, 18, 29, 83]",[2],0.9312543912995933,0.06666069254867363,2.0,0,0,"[2, 19, 44, 7, 43, 73, 18, 29, 83]",[85],"[2, 19, 44, 7, 43, 73, 18, 29, 83]",[85],"[19, 44, 7, 43, 73, 18, 29, 83]",[2],[85],[],2,0.5617479681968689,"{""0"": 0.508925199508667, ""1"": -1.0}",0,0,"[2, 44, 7, 43, 73, 18, 29, 83]","[19, 85]","[2, 44, 7, 43, 73, 18, 29, 83]","[19, 85]","[44, 7, 43, 73, 18, 29, 83]",[2],"[19, 85]",[],"[2, 44, 7, 43, 73, 18, 29, 83]","[19, 85]","[44, 7, 43, 73, 18, 29, 83]",[2],"[19, 85]",[],7,1,2,0
146,10,5,"[0, 99, 74, 47, 46, 89, 95, 88, 71, 63]","[99, 74, 47, 46, 89, 95, 88, 71, 63]",[0],0.947945351084294,0.24712721498395418,2.0,0,0,"[0, 99, 74, 47, 46, 89, 95, 88, 71, 63]",[],"[0, 99, 74, 47, 46, 89, 95, 88, 71, 63]",[],"[99, 74, 47, 46, 89, 95, 88, 71, 63]",[0],[],[],2,0.6247035264968872,"{""0"": 2.09468674659729, ""1"": -1.0}",0,0,"[0, 99, 74, 47, 46, 89, 95, 71, 63]",[88],"[0, 99, 74, 47, 46, 89, 95, 71, 63]",[88],"[99, 74, 47, 46, 89, 95, 71, 63]",[0],[88],[],"[0, 99, 74, 47, 46, 89, 95, 71, 63]",[88],"[99, 74, 47, 46, 89, 95, 71, 63]",[0],[88],[],8,1,1,0
147,10,5,"[3, 78, 91, 29, 51, 38, 86, 24, 63, 27]","[78, 91, 29, 51, 38, 86, 24, 63, 27]",[3],0.8064477678889358,0.0961586206008836,2.0,0,0,"[3, 78, 91, 29, 51, 38, 86, 63, 27]",[24],"[3, 78, 91, 29, 51, 38, 86, 63, 27]",[24],"[78, 91, 29, 51, 38, 86, 63, 27]",[3],[24],[],2,0.32793372869491577,"{""0"": 2.4001269340515137, ""1"": 1.9302493333816528}",0,0,"[3, 78, 91, 29, 51, 63, 27]","[38, 86, 24]","[3, 78, 91, 29, 51, 63, 27]","[38, 86, 24]","[78, 91, 29, 51, 63, 27]",[3],"[38, 86, 24]",[],"[3, 78, 91, 29, 51, 63, 27]","[38, 86, 24]","[78, 91, 29, 51, 63, 27]",[3],"[38, 86, 24]",[],6,1,3,0
148,10,5,"[3, 75, 45, 59, 20, 29, 67, 93, 81, 13]","[75, 45, 59, 20, 29, 67, 93, 81, 13]",[3],0.6038085313788373,0.07056872488080734,2.0,0,0,"[3, 75, 59, 20, 29, 93, 13]","[45, 67, 81]","[3, 75, 59, 20, 29, 93, 13]","[45, 67, 81]","[75, 59, 20, 29, 93, 13]",[3],"[45, 67, 81]",[],2,0.4370405375957489,"{""0"": 2.1448447704315186, ""1"": 1.737247109413147}",0,0,"[3, 59, 20, 29, 93]","[75, 45, 67, 81, 13]","[3, 59, 20, 29, 93]","[75, 45, 67, 81, 13]","[59, 20, 29, 93]",[3],"[75, 45, 67, 81, 13]",[],"[3, 59, 20, 29, 93]","[75, 45, 67, 81, 13]","[59, 20, 29, 93]",[3],"[75, 45, 67, 81, 13]",[],4,1,5,0
149,10,5,"[3, 88, 10, 17, 75, 20, 11, 31, 42, 14]","[88, 10, 17, 75, 20, 11, 31, 42, 14]",[3],1.118172170710547,0.2454227907574047,2.0,0,0,"[3, 88, 10, 17, 75, 20, 11, 31, 42, 14]",[],"[3, 88, 10, 17, 75, 20, 11, 31, 42, 14]",[],"[88, 10, 17, 75, 20, 11, 31, 42, 14]",[3],[],[],2,0.6355880498886108,"{""0"": 2.348543167114258, ""1"": -1.0}",0,0,"[3, 10, 17, 75, 20, 11, 31, 42, 14]",[88],"[3, 10, 17, 75, 20, 11, 31, 42, 14]",[88],"[10, 17, 75, 20, 11, 31, 42, 14]",[3],[88],[],"[3, 10, 17, 75, 20, 11, 31, 42, 14]",[88],"[10, 17, 75, 20, 11, 31, 42, 14]",[3],[88],[],8,1,1,0
150,10,5,"[0, 85, 82, 10, 31, 84, 27, 7, 14, 4]","[85, 82, 10, 31, 84, 27, 7, 14]","[0, 4]",0.8466683723072433,0.08571933203887866,2.0,0,0,"[0, 85, 82, 10, 31, 84, 27, 7, 4]",[14],"[0, 85, 82, 10, 31, 84, 27, 7, 4]",[14],"[85, 82, 10, 31, 84, 27, 7]","[0, 4]",[14],[],4,0.3717167377471924,"{""0"": 1.5221697092056274, ""1"": 3.3404083251953125, ""2"": -1.0, ""3"": -1.0}",1,0,"[85, 82, 10, 27]","[0, 31, 84, 7, 14, 4]","[85, 82, 10, 27]","[0, 31, 84, 7, 14, 4]","[85, 82, 10, 27]",[],"[31, 84, 7, 14]","[0, 4]","[85, 82, 10, 27]","[0, 31, 84, 7, 14, 4]","[85, 82, 10, 27]",[],"[31, 84, 7, 14]","[0, 4]",4,0,4,2
151,10,5,"[3, 43, 25, 48, 98, 87, 6, 23, 34, 52]","[43, 25, 48, 98, 87, 6, 23, 34, 52]",[3],1.0567586531069635,0.15351838153077846,2.0,0,0,"[3, 43, 25, 48, 98, 87, 6, 23, 34, 52]",[],"[3, 43, 25, 48, 98, 87, 6, 23, 34, 52]",[],"[43, 25, 48, 98, 87, 6, 23, 34, 52]",[3],[],[],2,0.6795770525932312,"{""0"": 3.6404776573181152, ""1"": -1.0}",0,0,"[3, 43, 25, 98, 87, 6, 23, 34, 52]",[48],"[3, 43, 25, 98, 87, 6, 23, 34, 52]",[48],"[43, 25, 98, 87, 6, 23, 34, 52]",[3],[48],[],"[3, 43, 25, 98, 87, 6, 23, 34, 52]",[48],"[43, 25, 98, 87, 6, 23, 34, 52]",[3],[48],[],8,1,1,0
152,10,5,"[4, 36, 68, 37, 92, 94, 14, 22, 28, 18]","[36, 68, 37, 92, 94, 14, 22, 28, 18]",[4],0.5752899799237304,0.04365259373180602,2.0,0,0,"[68, 37, 92, 94, 14, 22, 28]","[4, 36, 18]","[68, 37, 92, 94, 14, 22, 28]","[4, 36, 18]","[68, 37, 92, 94, 14, 22, 28]",[],"[36, 18]",[4],2,0.5191610455513,"{""0"": 0.9835728406906128, ""1"": -1.0}",0,0,"[68, 37, 92, 94, 14, 22]","[4, 36, 28, 18]","[68, 37, 92, 94, 14, 22]","[4, 36, 28, 18]","[68, 37, 92, 94, 14, 22]",[],"[36, 28, 18]",[4],"[68, 37, 92, 94, 14, 22]","[4, 36, 28, 18]","[68, 37, 92, 94, 14, 22]",[],"[36, 28, 18]",[4],6,0,3,1
153,10,5,"[1, 24, 30, 22, 5, 72, 62, 32, 68, 97]","[24, 30, 22, 5, 72, 62, 32, 68, 97]",[1],0.7821600050239887,0.10853616353339235,2.0,0,0,"[1, 24, 30, 22, 5, 72, 62, 32, 68, 97]",[],"[1, 24, 30, 22, 5, 72, 62, 32, 68, 97]",[],"[24, 30, 22, 5, 72, 62, 32, 68, 97]",[1],[],[],3,0.37449464201927185,"{""0"": 2.3036391735076904, ""1"": 1.9698972702026367, ""2"": 1.5772004127502441}",0,0,"[1, 22, 5, 72, 68, 97]","[24, 30, 62, 32]","[1, 22, 5, 72, 68, 97]","[24, 30, 62, 32]","[22, 5, 72, 68, 97]",[1],"[24, 30, 62, 32]",[],"[1, 22, 5, 72, 68, 97]","[24, 30, 62, 32]","[22, 5, 72, 68, 97]",[1],"[24, 30, 62, 32]",[],5,1,4,0
154,10,5,"[2, 91, 61, 8, 99, 97, 98, 93, 74, 39]","[91, 61, 8, 99, 97, 98, 93, 74, 39]",[2],0.6132259984291184,0.11268936233901275,2.0,0,0,"[2, 91, 61, 8, 99, 98, 93, 74, 39]",[97],"[2, 91, 61, 8, 99, 98, 93, 74, 39]",[97],"[91, 61, 8, 99, 98, 93, 74, 39]",[2],[97],[],2,0.6642731428146362,"{""0"": 1.813657283782959, ""1"": -1.0}",0,0,"[91, 61, 8, 99, 98, 93, 74, 39]","[2, 97]","[91, 61, 8, 99, 98, 93, 74, 39]","[2, 97]","[91, 61, 8, 99, 98, 93, 74, 39]",[],[97],[2],"[91, 61, 8, 99, 98, 93, 74, 39]","[2, 97]","[91, 61, 8, 99, 98, 93, 74, 39]",[],[97],[2],8,0,1,1
155,10,5,"[1, 75, 14, 32, 62, 2, 68, 46, 72, 57]","[75, 14, 32, 62, 68, 46, 72, 57]","[1, 2]",0.7224358956823236,0.1006322710452845,2.0,0,0,"[1, 75, 14, 32, 62, 2, 68, 46, 72, 57]",[],"[1, 75, 14, 32, 62, 2, 68, 46, 72, 57]",[],"[75, 14, 32, 62, 68, 46, 72, 57]","[1, 2]",[],[],2,0.6850335597991943,"{""0"": 3.2122182846069336, ""1"": -1.0}",0,0,"[1, 75, 14, 32, 62, 68, 46, 72, 57]",[2],"[1, 75, 14, 32, 62, 68, 46, 72, 57]",[2],"[75, 14, 32, 62, 68, 46, 72, 57]",[1],[],[2],"[1, 75, 14, 32, 62, 68, 46, 72, 57]",[2],"[75, 14, 32, 62, 68, 46, 72, 57]",[1],[],[2],8,1,0,1
156,10,5,"[4, 27, 62, 80, 22, 16, 29, 15, 55, 95]","[27, 62, 80, 22, 16, 29, 15, 55, 95]",[4],0.6264328068900902,0.09248908804054778,2.0,0,0,"[4, 27, 62, 80, 22, 16, 29, 15, 55]",[95],"[4, 27, 62, 80, 22, 16, 29, 15, 55]",[95],"[27, 62, 80, 22, 16, 29, 15, 55]",[4],[95],[],2,0.5189147591590881,"{""0"": 1.8805592060089111, ""1"": -1.0}",0,0,"[4, 27, 62, 80, 22, 16, 29, 55]","[15, 95]","[4, 27, 62, 80, 22, 16, 29, 55]","[15, 95]","[27, 62, 80, 22, 16, 29, 55]",[4],"[15, 95]",[],"[4, 27, 62, 80, 22, 16, 29, 55]","[15, 95]","[27, 62, 80, 22, 16, 29, 55]",[4],"[15, 95]",[],7,1,2,0
157,10,5,"[4, 24, 18, 49, 84, 7, 67, 0, 80, 77]","[24, 18, 49, 84, 7, 67, 80, 77]","[4, 0]",0.7554229324946469,0.11095265370237756,2.0,0,0,"[4, 24, 18, 49, 84, 67, 0, 80, 77]",[7],"[4, 24, 18, 49, 84, 67, 0, 80, 77]",[7],"[24, 18, 49, 84, 67, 80, 77]","[4, 0]",[7],[],2,0.519684374332428,"{""0"": 1.8696620464324951, ""1"": -1.0}",0,0,"[4, 24, 18, 49, 84, 67, 80, 77]","[7, 0]","[4, 24, 18, 49, 84, 67, 80, 77]","[7, 0]","[24, 18, 49, 84, 67, 80, 77]",[4],[7],[0],"[4, 24, 18, 49, 84, 67, 80, 77]","[7, 0]","[24, 18, 49, 84, 67, 80, 77]",[4],[7],[0],7,1,1,1
158,10,5,"[1, 58, 9, 48, 14, 80, 30, 10, 70, 39]","[58, 9, 48, 14, 80, 30, 10, 70, 39]",[1],0.7839029170945134,0.10045691496125403,2.0,0,0,"[1, 58, 9, 14, 80, 30, 10, 70, 39]",[48],"[1, 58, 9, 14, 80, 30, 10, 70, 39]",[48],"[58, 9, 14, 80, 30, 10, 70, 39]",[1],[48],[],3,0.3265223801136017,"{""0"": 1.4619617462158203, ""1"": 2.4918928146362305, ""2"": 3.349245071411133}",2,0,"[1, 14, 80, 30]","[58, 9, 48, 10, 70, 39]","[1, 14, 80, 30]","[58, 9, 48, 10, 70, 39]","[14, 80, 30]",[1],"[58, 9, 48, 10, 70, 39]",[],"[1, 14, 80, 30]","[58, 9, 48, 10, 70, 39]","[14, 80, 30]",[1],"[58, 9, 48, 10, 70, 39]",[],3,1,6,0
159,10,5,"[2, 92, 77, 70, 72, 99, 32, 0, 26, 57]","[92, 77, 70, 72, 99, 32, 26, 57]","[2, 0]",0.9196276369211325,0.05816776747604707,2.0,0,0,"[92, 77, 70, 72, 99, 32]","[2, 0, 26, 57]","[92, 77, 70, 72, 99, 32]","[2, 0, 26, 57]","[92, 77, 70, 72, 99, 32]",[],"[26, 57]","[2, 0]",2,0.5580657720565796,"{""0"": 3.011519432067871, ""1"": 1.8886828422546387}",0,0,"[92, 77, 70, 72]","[2, 99, 32, 0, 26, 57]","[92, 77, 70, 72]","[2, 99, 32, 0, 26, 57]","[92, 77, 70, 72]",[],"[99, 32, 26, 57]","[2, 0]","[92, 77, 70, 72]","[2, 99, 32, 0, 26, 57]","[92, 77, 70, 72]",[],"[99, 32, 26, 57]","[2, 0]",4,0,4,2
160,10,5,"[2, 84, 57, 95, 30, 70, 16, 13, 29, 27]","[84, 57, 95, 30, 70, 16, 13, 29, 27]",[2],0.9086494422275813,0.1251462445451546,2.0,0,0,"[2, 84, 57, 30, 70, 13, 29, 27]","[95, 16]","[2, 84, 57, 30, 70, 13, 29, 27]","[95, 16]","[84, 57, 30, 70, 13, 29, 27]",[2],"[95, 16]",[],2,0.4424079656600952,"{""0"": 1.6345157623291016, ""1"": -1.0}",0,0,"[84, 57, 30, 70, 13, 29, 27]","[2, 95, 16]","[84, 57, 30, 70, 13, 29, 27]","[2, 95, 16]","[84, 57, 30, 70, 13, 29, 27]",[],"[95, 16]",[2],"[84, 57, 30, 70, 13, 29, 27]","[2, 95, 16]","[84, 57, 30, 70, 13, 29, 27]",[],"[95, 16]",[2],7,0,2,1
161,10,5,"[3, 8, 86, 33, 74, 35, 51, 22, 40, 47]","[8, 86, 33, 74, 35, 51, 22, 40, 47]",[3],0.656710433972443,0.07529114255250002,2.0,0,0,"[3, 86, 33, 74, 35, 51, 22, 40]","[8, 47]","[3, 86, 33, 74, 35, 51, 22, 40]","[8, 47]","[86, 33, 74, 35, 51, 22, 40]",[3],"[8, 47]",[],2,0.4301046133041382,"{""0"": 1.2614296674728394, ""1"": 1.8994290828704834}",1,0,"[86, 51]","[3, 8, 33, 74, 35, 22, 40, 47]","[86, 51]","[3, 8, 33, 74, 35, 22, 40, 47]","[86, 51]",[],"[8, 33, 74, 35, 22, 40, 47]",[3],"[86, 51]","[3, 8, 33, 74, 35, 22, 40, 47]","[86, 51]",[],"[8, 33, 74, 35, 22, 40, 47]",[3],2,0,7,1
162,10,5,"[2, 40, 4, 57, 63, 1, 42, 30, 46, 84]","[40, 57, 63, 42, 30, 46, 84]","[2, 4, 1]",0.7905719119449792,0.1333204947131056,2.0,0,0,"[2, 40, 4, 57, 63, 1, 42, 30, 46, 84]",[],"[2, 40, 4, 57, 63, 1, 42, 30, 46, 84]",[],"[40, 57, 63, 42, 30, 46, 84]","[2, 4, 1]",[],[],2,0.6761327981948853,"{""0"": 2.8792061805725098, ""1"": -1.0}",0,0,"[40, 4, 57, 63, 1, 42, 30, 46, 84]",[2],"[40, 4, 57, 63, 1, 42, 30, 46, 84]",[2],"[40, 57, 63, 42, 30, 46, 84]","[4, 1]",[],[2],"[40, 4, 57, 63, 1, 42, 30, 46, 84]",[2],"[40, 57, 63, 42, 30, 46, 84]","[4, 1]",[],[2],7,2,0,1
163,10,5,"[4, 67, 17, 27, 34, 71, 93, 13, 86, 16]","[67, 17, 27, 34, 71, 93, 13, 86, 16]",[4],0.9957540222837353,0.11171156627963896,2.0,0,0,"[4, 67, 27, 34, 71, 93, 13, 86, 16]",[17],"[4, 67, 27, 34, 71, 93, 13, 86, 16]",[17],"[67, 27, 34, 71, 93, 13, 86, 16]",[4],[17],[],2,0.5403594374656677,"{""0"": 3.4028992652893066, ""1"": 1.6900171041488647}",0,0,"[27, 34, 71, 93, 13, 86, 16]","[4, 67, 17]","[27, 34, 71, 93, 13, 86, 16]","[4, 67, 17]","[27, 34, 71, 93, 13, 86, 16]",[],"[67, 17]",[4],"[27, 34, 71, 93, 13, 86, 16]","[4, 67, 17]","[27, 34, 71, 93, 13, 86, 16]",[],"[67, 17]",[4],7,0,2,1
164,10,5,"[4, 3, 86, 72, 23, 73, 84, 96, 30, 67]","[86, 72, 23, 73, 84, 96, 30, 67]","[4, 3]",0.785779808353817,0.11675337924545554,2.0,0,0,"[4, 3, 86, 72, 23, 73, 84, 96, 30, 67]",[],"[4, 3, 86, 72, 23, 73, 84, 96, 30, 67]",[],"[86, 72, 23, 73, 84, 96, 30, 67]","[4, 3]",[],[],4,0.46493083238601685,"{""0"": 3.4913086891174316, ""1"": 1.981263518333435, ""2"": -1.0, ""3"": 1.9811937808990479}",0,0,"[86, 72, 23, 84, 30]","[4, 3, 73, 96, 67]","[86, 72, 23, 84, 30]","[4, 3, 73, 96, 67]","[86, 72, 23, 84, 30]",[],"[73, 96, 67]","[4, 3]","[86, 72, 23, 84, 30]","[4, 3, 73, 96, 67]","[86, 72, 23, 84, 30]",[],"[73, 96, 67]","[4, 3]",5,0,3,2
165,10,5,"[2, 8, 18, 94, 69, 36, 63, 62, 76, 71]","[8, 18, 94, 69, 36, 63, 62, 76, 71]",[2],0.8477342532262271,0.06897596602520467,2.0,0,0,"[2, 8, 18, 94, 69, 36, 63, 62, 76, 71]",[],"[2, 8, 18, 94, 69, 36, 63, 62, 76, 71]",[],"[8, 18, 94, 69, 36, 63, 62, 76, 71]",[2],[],[],2,0.36066359281539917,"{""0"": 2.677729368209839, ""1"": 2.479689836502075}",0,0,"[8, 18, 94, 69, 36, 63, 62]","[2, 76, 71]","[8, 18, 94, 69, 36, 63, 62]","[2, 76, 71]","[8, 18, 94, 69, 36, 63, 62]",[],"[76, 71]",[2],"[8, 18, 94, 69, 36, 63, 62]","[2, 76, 71]","[8, 18, 94, 69, 36, 63, 62]",[],"[76, 71]",[2],7,0,2,1
166,10,5,"[1, 44, 66, 63, 95, 46, 29, 60, 9, 48]","[44, 66, 63, 95, 46, 29, 60, 9, 48]",[1],0.8723241098740796,0.12963374412606482,2.0,0,0,"[1, 44, 66, 63, 95, 46, 29, 60, 9, 48]",[],"[1, 44, 66, 63, 95, 46, 29, 60, 9, 48]",[],"[44, 66, 63, 95, 46, 29, 60, 9, 48]",[1],[],[],2,0.5329596996307373,"{""0"": 2.354093313217163, ""1"": -1.0}",0,0,"[1, 44, 66, 63, 95, 46, 29, 60, 9]",[48],"[1, 44, 66, 63, 95, 46, 29, 60, 9]",[48],"[44, 66, 63, 95, 46, 29, 60, 9]",[1],[48],[],"[1, 44, 66, 63, 95, 46, 29, 60, 9]",[48],"[44, 66, 63, 95, 46, 29, 60, 9]",[1],[48],[],8,1,1,0
167,10,5,"[3, 99, 38, 13, 42, 31, 28, 96, 5, 58]","[99, 38, 13, 42, 31, 28, 96, 5, 58]",[3],0.9508656401315181,0.17486621679409903,2.0,0,0,"[3, 99, 38, 13, 42, 31, 28, 96, 5, 58]",[],"[3, 99, 38, 13, 42, 31, 28, 96, 5, 58]",[],"[99, 38, 13, 42, 31, 28, 96, 5, 58]",[3],[],[],2,0.550561249256134,"{""0"": 1.1533639430999756, ""1"": -1.0}",0,0,"[3, 99, 38, 13, 42, 28, 96, 5, 58]",[31],"[3, 99, 38, 13, 42, 28, 96, 5, 58]",[31],"[99, 38, 13, 42, 28, 96, 5, 58]",[3],[31],[],"[3, 99, 38, 13, 42, 28, 96, 5, 58]",[31],"[99, 38, 13, 42, 28, 96, 5, 58]",[3],[31],[],8,1,1,0
168,10,5,"[0, 49, 53, 54, 88, 64, 8, 83, 85, 90]","[49, 53, 54, 88, 64, 8, 83, 85, 90]",[0],0.7639211828469243,0.15902032911798963,2.0,0,0,"[0, 49, 53, 64, 8, 83, 85, 90]","[54, 88]","[0, 49, 53, 64, 8, 83, 85, 90]","[54, 88]","[49, 53, 64, 8, 83, 85, 90]",[0],"[54, 88]",[],2,0.5439995527267456,"{""0"": 1.8633358478546143, ""1"": 5.585352897644043}",1,0,"[49, 53, 64, 83, 85, 90]","[0, 54, 88, 8]","[49, 53, 64, 83, 85, 90]","[0, 54, 88, 8]","[49, 53, 64, 83, 85, 90]",[],"[54, 88, 8]",[0],"[49, 53, 64, 83, 85, 90]","[0, 54, 88, 8]","[49, 53, 64, 83, 85, 90]",[],"[54, 88, 8]",[0],6,0,3,1
169,10,5,"[3, 28, 98, 30, 12, 13, 74, 9, 92, 56]","[28, 98, 30, 12, 13, 74, 9, 92, 56]",[3],0.5861157787009426,0.07747249856283536,2.0,0,0,"[3, 28, 98, 30, 12, 74, 9, 92, 56]",[13],"[3, 28, 98, 30, 12, 74, 9, 92, 56]",[13],"[28, 98, 30, 12, 74, 9, 92, 56]",[3],[13],[],3,0.3632468581199646,"{""0"": 1.7685601711273193, ""1"": 1.9191739559173584, ""2"": -1.0}",1,0,"[3, 12]","[28, 98, 30, 13, 74, 9, 92, 56]","[3, 12]","[28, 98, 30, 13, 74, 9, 92, 56]",[12],[3],"[28, 98, 30, 13, 74, 9, 92, 56]",[],"[3, 12]","[28, 98, 30, 13, 74, 9, 92, 56]",[12],[3],"[28, 98, 30, 13, 74, 9, 92, 56]",[],1,1,8,0
170,10,5,"[0, 14, 76, 43, 44, 96, 29, 4, 77, 32]","[14, 76, 43, 44, 96, 29, 77, 32]","[0, 4]",0.9918492318451183,0.15127533115897585,2.0,0,0,"[0, 14, 76, 43, 44, 96, 29, 4, 77, 32]",[],"[0, 14, 76, 43, 44, 96, 29, 4, 77, 32]",[],"[14, 76, 43, 44, 96, 29, 77, 32]","[0, 4]",[],[],2,0.4356779158115387,"{""0"": 2.5742952823638916, ""1"": 3.2419188022613525}",1,0,"[14, 76, 43, 96, 4, 77, 32]","[0, 44, 29]","[14, 76, 43, 96, 4, 77, 32]","[0, 44, 29]","[14, 76, 43, 96, 77, 32]",[4],"[44, 29]",[0],"[14, 76, 43, 96, 4, 77, 32]","[0, 44, 29]","[14, 76, 43, 96, 77, 32]",[4],"[44, 29]",[0],6,1,2,1
171,10,5,"[3, 27, 93, 15, 25, 33, 88, 8, 30, 63]","[27, 93, 15, 25, 33, 88, 8, 30, 63]",[3],0.709437675876637,0.04574634193630628,2.0,0,0,"[3, 27, 93, 15, 25, 33, 8, 30, 63]",[88],"[3, 27, 93, 15, 25, 33, 8, 30, 63]",[88],"[27, 93, 15, 25, 33, 8, 30, 63]",[3],[88],[],3,0.5171229839324951,"{""0"": 3.5534653663635254, ""1"": 1.8419301509857178, ""2"": 1.9471209049224854}",0,0,"[3, 27, 93, 33, 63]","[15, 25, 88, 8, 30]","[3, 27, 93, 33, 63]","[15, 25, 88, 8, 30]","[27, 93, 33, 63]",[3],"[15, 25, 88, 8, 30]",[],"[3, 27, 93, 33, 63]","[15, 25, 88, 8, 30]","[27, 93, 33, 63]",[3],"[15, 25, 88, 8, 30]",[],4,1,5,0
172,10,5,"[3, 80, 10, 60, 1, 28, 63, 74, 81, 84]","[80, 10, 60, 28, 63, 74, 81, 84]","[3, 1]",0.6231836650555278,0.05716476609523452,2.0,0,0,"[3, 80, 60, 1, 28, 63, 74, 84]","[10, 81]","[3, 80, 60, 1, 28, 63, 74, 84]","[10, 81]","[80, 60, 28, 63, 74, 84]","[3, 1]","[10, 81]",[],2,0.5228566527366638,"{""0"": 3.0189335346221924, ""1"": 2.722036123275757}",0,0,"[3, 80, 1, 28, 74]","[10, 60, 63, 81, 84]","[3, 80, 1, 28, 74]","[10, 60, 63, 81, 84]","[80, 28, 74]","[3, 1]","[10, 60, 63, 81, 84]",[],"[3, 80, 1, 28, 74]","[10, 60, 63, 81, 84]","[80, 28, 74]","[3, 1]","[10, 60, 63, 81, 84]",[],3,2,5,0
173,10,5,"[1, 4, 54, 13, 69, 75, 18, 7, 2, 37]","[54, 13, 69, 75, 18, 7, 37]","[1, 4, 2]",0.716370051908758,0.13545322231599788,2.0,0,0,"[1, 4, 13, 69, 75, 18, 7, 2, 37]",[54],"[1, 4, 13, 69, 75, 18, 7, 2, 37]",[54],"[13, 69, 75, 18, 7, 37]","[1, 4, 2]",[54],[],2,0.48380613327026367,"{""0"": 4.620818138122559, ""1"": -1.0}",0,0,"[1, 4, 13, 69, 75, 18, 7, 37]","[54, 2]","[1, 4, 13, 69, 75, 18, 7, 37]","[54, 2]","[13, 69, 75, 18, 7, 37]","[1, 4]",[54],[2],"[1, 4, 13, 69, 75, 18, 7, 37]","[54, 2]","[13, 69, 75, 18, 7, 37]","[1, 4]",[54],[2],6,2,1,1
174,10,5,"[2, 67, 17, 6, 62, 19, 13, 51, 24, 35]","[67, 17, 6, 62, 19, 13, 51, 24, 35]",[2],0.715350927447372,0.07057963050554883,2.0,0,0,"[2, 67, 6, 62, 13, 51, 24, 35]","[17, 19]","[2, 67, 6, 62, 13, 51, 24, 35]","[17, 19]","[67, 6, 62, 13, 51, 24, 35]",[2],"[17, 19]",[],2,0.5565054416656494,"{""0"": 1.93373441696167, ""1"": -1.0}",0,0,"[67, 6, 62, 13, 51, 24, 35]","[2, 17, 19]","[67, 6, 62, 13, 51, 24, 35]","[2, 17, 19]","[67, 6, 62, 13, 51, 24, 35]",[],"[17, 19]",[2],"[67, 6, 62, 13, 51, 24, 35]","[2, 17, 19]","[67, 6, 62, 13, 51, 24, 35]",[],"[17, 19]",[2],7,0,2,1
175,10,5,"[3, 89, 39, 17, 56, 72, 35, 62, 32, 19]","[89, 39, 17, 56, 72, 35, 62, 32, 19]",[3],0.6909171219010762,0.09253858469916987,2.0,0,0,"[3, 89, 39, 17, 56, 72, 35, 62, 32, 19]",[],"[3, 89, 39, 17, 56, 72, 35, 62, 32, 19]",[],"[89, 39, 17, 56, 72, 35, 62, 32, 19]",[3],[],[],2,0.5512234568595886,"{""0"": 1.0185695886611938, ""1"": -1.0}",0,0,"[3, 89, 39, 17, 56, 72, 35, 62, 32]",[19],"[3, 89, 39, 17, 56, 72, 35, 62, 32]",[19],"[89, 39, 17, 56, 72, 35, 62, 32]",[3],[19],[],"[3, 89, 39, 17, 56, 72, 35, 62, 32]",[19],"[89, 39, 17, 56, 72, 35, 62, 32]",[3],[19],[],8,1,1,0
176,10,5,"[2, 42, 8, 99, 55, 43, 18, 74, 85, 78]","[42, 8, 99, 55, 43, 18, 74, 85, 78]",[2],0.6967034131163445,0.1294781412876171,2.0,0,0,"[2, 42, 8, 99, 55, 43, 18, 74, 85, 78]",[],"[2, 42, 8, 99, 55, 43, 18, 74, 85, 78]",[],"[42, 8, 99, 55, 43, 18, 74, 85, 78]",[2],[],[],2,0.6603763103485107,"{""0"": 3.0830788612365723, ""1"": -1.0}",0,0,"[42, 8, 99, 55, 43, 18, 74, 85, 78]",[2],"[42, 8, 99, 55, 43, 18, 74, 85, 78]",[2],"[42, 8, 99, 55, 43, 18, 74, 85, 78]",[],[],[2],"[42, 8, 99, 55, 43, 18, 74, 85, 78]",[2],"[42, 8, 99, 55, 43, 18, 74, 85, 78]",[],[],[2],9,0,0,1
177,10,5,"[0, 43, 92, 29, 50, 57, 80, 82, 16, 17]","[43, 92, 29, 50, 57, 80, 82, 16, 17]",[0],0.6780123471552307,0.10804211924688645,2.0,0,0,"[43, 92, 29, 50, 57, 80, 82, 16]","[0, 17]","[43, 92, 29, 50, 57, 80, 82, 16]","[0, 17]","[43, 92, 29, 50, 57, 80, 82, 16]",[],[17],[0],2,0.6423232555389404,"{""0"": 2.5314903259277344, ""1"": -1.0}",0,0,"[43, 92, 29, 50, 57, 80, 16]","[0, 82, 17]","[43, 92, 29, 50, 57, 80, 16]","[0, 82, 17]","[43, 92, 29, 50, 57, 80, 16]",[],"[82, 17]",[0],"[43, 92, 29, 50, 57, 80, 16]","[0, 82, 17]","[43, 92, 29, 50, 57, 80, 16]",[],"[82, 17]",[0],7,0,2,1
178,10,5,"[0, 58, 21, 96, 94, 5, 80, 45, 62, 71]","[58, 21, 96, 94, 5, 80, 45, 62, 71]",[0],0.784649543123061,0.0702739681781559,2.0,0,0,"[58, 21, 96, 94, 5, 80, 45, 62]","[0, 71]","[58, 21, 96, 94, 5, 80, 45, 62]","[0, 71]","[58, 21, 96, 94, 5, 80, 45, 62]",[],[71],[0],2,0.517079770565033,"{""0"": 1.3710113763809204, ""1"": 4.58996057510376}",1,0,"[21, 94, 5, 80, 45, 62]","[0, 58, 96, 71]","[21, 94, 5, 80, 45, 62]","[0, 58, 96, 71]","[21, 94, 5, 80, 45, 62]",[],"[58, 96, 71]",[0],"[21, 94, 5, 80, 45, 62]","[0, 58, 96, 71]","[21, 94, 5, 80, 45, 62]",[],"[58, 96, 71]",[0],6,0,3,1
179,10,5,"[4, 2, 30, 41, 90, 42, 1, 69, 13, 73]","[30, 41, 90, 42, 69, 13, 73]","[4, 2, 1]",0.7565939989569026,0.06803855295907835,2.0,0,0,"[4, 2, 30, 41, 90, 42, 1, 69, 13]",[73],"[4, 2, 30, 41, 90, 42, 1, 69, 13]",[73],"[30, 41, 90, 42, 69, 13]","[4, 2, 1]",[73],[],2,0.54489666223526,"{""0"": 2.67926287651062, ""1"": 1.8487548828125}",0,0,"[4, 30, 90, 42, 1, 69, 13]","[2, 41, 73]","[4, 30, 90, 42, 1, 69, 13]","[2, 41, 73]","[30, 90, 42, 69, 13]","[4, 1]","[41, 73]",[2],"[4, 30, 90, 42, 1, 69, 13]","[2, 41, 73]","[30, 90, 42, 69, 13]","[4, 1]","[41, 73]",[2],5,2,2,1
180,10,5,"[4, 97, 54, 70, 96, 34, 36, 42, 56, 91]","[97, 54, 70, 96, 34, 36, 42, 56, 91]",[4],0.7246117522314626,0.09400178305100337,2.0,0,0,"[4, 70, 96, 34, 36, 42, 56, 91]","[97, 54]","[4, 70, 96, 34, 36, 42, 56, 91]","[97, 54]","[70, 96, 34, 36, 42, 56, 91]",[4],"[97, 54]",[],2,0.3738504648208618,"{""0"": 2.5596091747283936, ""1"": -1.0}",0,0,"[4, 70, 96, 34, 36, 56, 91]","[97, 54, 42]","[4, 70, 96, 34, 36, 56, 91]","[97, 54, 42]","[70, 96, 34, 36, 56, 91]",[4],"[97, 54, 42]",[],"[4, 70, 96, 34, 36, 56, 91]","[97, 54, 42]","[70, 96, 34, 36, 56, 91]",[4],"[97, 54, 42]",[],6,1,3,0
181,10,5,"[3, 96, 90, 93, 69, 11, 94, 58, 34, 38]","[96, 90, 93, 69, 11, 94, 58, 34, 38]",[3],0.5984815824037524,0.05163962952542561,2.0,0,0,"[3, 96, 90, 69, 94, 58, 34, 38]","[93, 11]","[3, 96, 90, 69, 94, 58, 34, 38]","[93, 11]","[96, 90, 69, 94, 58, 34, 38]",[3],"[93, 11]",[],2,0.5387430787086487,"{""0"": 3.604326009750366, ""1"": -1.0}",0,0,"[3, 96, 90, 94, 58, 34, 38]","[93, 69, 11]","[3, 96, 90, 94, 58, 34, 38]","[93, 69, 11]","[96, 90, 94, 58, 34, 38]",[3],"[93, 69, 11]",[],"[3, 96, 90, 94, 58, 34, 38]","[93, 69, 11]","[96, 90, 94, 58, 34, 38]",[3],"[93, 69, 11]",[],6,1,3,0
182,10,5,"[1, 5, 41, 34, 8, 82, 47, 11, 48, 89]","[5, 41, 34, 8, 82, 47, 11, 48, 89]",[1],0.7769178990651647,0.2540221309417291,2.0,0,0,"[1, 5, 41, 34, 8, 82, 47, 11, 48, 89]",[],"[1, 5, 41, 34, 8, 82, 47, 11, 48, 89]",[],"[5, 41, 34, 8, 82, 47, 11, 48, 89]",[1],[],[],2,0.43802061676979065,"{""0"": 1.0711708068847656, ""1"": -1.0}",0,0,"[1, 5, 41, 34, 8, 82, 47, 11, 89]",[48],"[1, 5, 41, 34, 8, 82, 47, 11, 89]",[48],"[5, 41, 34, 8, 82, 47, 11, 89]",[1],[48],[],"[1, 5, 41, 34, 8, 82, 47, 11, 89]",[48],"[5, 41, 34, 8, 82, 47, 11, 89]",[1],[48],[],8,1,1,0
183,10,5,"[2, 54, 62, 36, 1, 73, 23, 7, 15, 94]","[54, 62, 36, 73, 23, 7, 15, 94]","[2, 1]",0.7677714380335561,0.10955199623821316,2.0,0,0,"[2, 62, 36, 1, 73, 23, 7, 15, 94]",[54],"[2, 62, 36, 1, 73, 23, 7, 15, 94]",[54],"[62, 36, 73, 23, 7, 15, 94]","[2, 1]",[54],[],2,0.5312443971633911,"{""0"": 2.6470961570739746, ""1"": -1.0}",0,0,"[2, 62, 36, 1, 23, 7, 15, 94]","[54, 73]","[2, 62, 36, 1, 23, 7, 15, 94]","[54, 73]","[62, 36, 23, 7, 15, 94]","[2, 1]","[54, 73]",[],"[2, 62, 36, 1, 23, 7, 15, 94]","[54, 73]","[62, 36, 23, 7, 15, 94]","[2, 1]","[54, 73]",[],6,2,2,0
184,10,5,"[3, 83, 64, 41, 77, 95, 87, 32, 5, 4]","[83, 64, 41, 77, 95, 87, 32, 5]","[3, 4]",0.6919002490960239,0.10725528517110805,2.0,0,0,"[3, 83, 64, 41, 77, 87, 5, 4]","[95, 32]","[3, 83, 64, 41, 77, 87, 5, 4]","[95, 32]","[83, 64, 41, 77, 87, 5]","[3, 4]","[95, 32]",[],2,0.668205976486206,"{""0"": 4.809698104858398, ""1"": -1.0}",0,0,"[3, 83, 64, 77, 87, 5, 4]","[41, 95, 32]","[3, 83, 64, 77, 87, 5, 4]","[41, 95, 32]","[83, 64, 77, 87, 5]","[3, 4]","[41, 95, 32]",[],"[3, 83, 64, 77, 87, 5, 4]","[41, 95, 32]","[83, 64, 77, 87, 5]","[3, 4]","[41, 95, 32]",[],5,2,3,0
185,10,5,"[0, 29, 33, 81, 11, 39, 5, 45, 95, 69]","[29, 33, 81, 11, 39, 5, 45, 95, 69]",[0],0.8936074720065833,0.07145198082609922,2.0,0,0,"[29, 33, 81, 11, 39, 95, 69]","[0, 5, 45]","[29, 33, 81, 11, 39, 95, 69]","[0, 5, 45]","[29, 33, 81, 11, 39, 95, 69]",[],"[5, 45]",[0],3,0.3331022262573242,"{""0"": 1.3507167100906372, ""1"": 2.4431850910186768, ""2"": -1.0}",1,0,"[29, 33, 11, 39]","[0, 81, 5, 45, 95, 69]","[29, 33, 11, 39]","[0, 81, 5, 45, 95, 69]","[29, 33, 11, 39]",[],"[81, 5, 45, 95, 69]",[0],"[29, 33, 11, 39]","[0, 81, 5, 45, 95, 69]","[29, 33, 11, 39]",[],"[81, 5, 45, 95, 69]",[0],4,0,5,1
186,10,5,"[0, 50, 81, 62, 3, 74, 10, 33, 35, 56]","[50, 81, 62, 74, 10, 33, 35, 56]","[0, 3]",0.7432190912685943,0.10661349124339259,2.0,0,0,"[50, 81, 62, 3, 10, 33, 35, 56]","[0, 74]","[50, 81, 62, 3, 10, 33, 35, 56]","[0, 74]","[50, 81, 62, 10, 33, 35, 56]",[3],[74],[0],2,0.5500013828277588,"{""0"": 2.286416530609131, ""1"": -1.0}",0,0,"[50, 81, 62, 3, 33, 35, 56]","[0, 74, 10]","[50, 81, 62, 3, 33, 35, 56]","[0, 74, 10]","[50, 81, 62, 33, 35, 56]",[3],"[74, 10]",[0],"[50, 81, 62, 3, 33, 35, 56]","[0, 74, 10]","[50, 81, 62, 33, 35, 56]",[3],"[74, 10]",[0],6,1,2,1
187,10,5,"[2, 40, 67, 33, 0, 7, 1, 6, 38, 5]","[40, 67, 33, 7, 6, 38, 5]","[2, 0, 1]",0.7274573676757821,0.1486821116523182,2.0,0,0,"[2, 40, 67, 33, 7, 1, 6, 38, 5]",[0],"[2, 40, 67, 33, 7, 1, 6, 38, 5]",[0],"[40, 67, 33, 7, 6, 38, 5]","[2, 1]",[],[0],2,0.5202028751373291,"{""0"": 1.8942968845367432, ""1"": -1.0}",0,0,"[40, 67, 33, 7, 1, 6, 38, 5]","[2, 0]","[40, 67, 33, 7, 1, 6, 38, 5]","[2, 0]","[40, 67, 33, 7, 6, 38, 5]",[1],[],"[2, 0]","[40, 67, 33, 7, 1, 6, 38, 5]","[2, 0]","[40, 67, 33, 7, 6, 38, 5]",[1],[],"[2, 0]",7,1,0,2
188,10,5,"[0, 38, 92, 53, 33, 46, 80, 60, 50, 68]","[38, 92, 53, 33, 46, 80, 60, 50, 68]",[0],0.7026910001316653,0.13744874021039888,2.0,0,0,"[0, 38, 92, 53, 33, 46, 80, 60, 50, 68]",[],"[0, 38, 92, 53, 33, 46, 80, 60, 50, 68]",[],"[38, 92, 53, 33, 46, 80, 60, 50, 68]",[0],[],[],2,0.5734707117080688,"{""0"": 2.6564431190490723, ""1"": -1.0}",0,0,"[38, 92, 53, 33, 46, 80, 60, 50, 68]",[0],"[38, 92, 53, 33, 46, 80, 60, 50, 68]",[0],"[38, 92, 53, 33, 46, 80, 60, 50, 68]",[],[],[0],"[38, 92, 53, 33, 46, 80, 60, 50, 68]",[0],"[38, 92, 53, 33, 46, 80, 60, 50, 68]",[],[],[0],9,0,0,1
189,10,5,"[1, 38, 94, 69, 57, 45, 22, 47, 53, 3]","[38, 94, 69, 57, 45, 22, 47, 53]","[1, 3]",0.6522035612361046,0.060405401166189476,2.0,0,0,"[1, 38, 94, 69, 57, 45, 22, 53, 3]",[47],"[1, 38, 94, 69, 57, 45, 22, 53, 3]",[47],"[38, 94, 69, 57, 45, 22, 53]","[1, 3]",[47],[],2,0.576863706111908,"{""0"": 2.3493807315826416, ""1"": -1.0}",0,0,"[1, 38, 94, 57, 45, 22, 53, 3]","[69, 47]","[1, 38, 94, 57, 45, 22, 53, 3]","[69, 47]","[38, 94, 57, 45, 22, 53]","[1, 3]","[69, 47]",[],"[1, 38, 94, 57, 45, 22, 53, 3]","[69, 47]","[38, 94, 57, 45, 22, 53]","[1, 3]","[69, 47]",[],6,2,2,0
190,10,5,"[2, 71, 75, 78, 19, 37, 51, 55, 18, 41]","[71, 75, 78, 19, 37, 51, 55, 18, 41]",[2],0.7024024517742089,0.1870506522514766,2.0,0,0,"[2, 71, 75, 78, 19, 37, 51, 55, 18, 41]",[],"[2, 71, 75, 78, 19, 37, 51, 55, 18, 41]",[],"[71, 75, 78, 19, 37, 51, 55, 18, 41]",[2],[],[],2,0.5656958222389221,"{""0"": 2.4644503593444824, ""1"": 1.9324555397033691}",0,0,"[71, 75, 78, 19, 37, 51, 55, 18]","[2, 41]","[71, 75, 78, 19, 37, 51, 55, 18]","[2, 41]","[71, 75, 78, 19, 37, 51, 55, 18]",[],[41],[2],"[71, 75, 78, 19, 37, 51, 55, 18]","[2, 41]","[71, 75, 78, 19, 37, 51, 55, 18]",[],[41],[2],8,0,1,1
191,10,5,"[3, 55, 8, 11, 25, 68, 6, 90, 61, 78]","[55, 8, 11, 25, 68, 6, 90, 61, 78]",[3],0.7889073194734584,0.07847202186095537,2.0,0,0,"[3, 55, 8, 11, 25, 68, 6, 90, 61, 78]",[],"[3, 55, 8, 11, 25, 68, 6, 90, 61, 78]",[],"[55, 8, 11, 25, 68, 6, 90, 61, 78]",[3],[],[],2,0.7602060437202454,"{""0"": 3.13811993598938, ""1"": -1.0}",0,0,"[3, 55, 11, 25, 68, 6, 90, 61, 78]",[8],"[3, 55, 11, 25, 68, 6, 90, 61, 78]",[8],"[55, 11, 25, 68, 6, 90, 61, 78]",[3],[8],[],"[3, 55, 11, 25, 68, 6, 90, 61, 78]",[8],"[55, 11, 25, 68, 6, 90, 61, 78]",[3],[8],[],8,1,1,0
192,10,5,"[2, 95, 11, 12, 65, 15, 22, 86, 14, 50]","[95, 11, 12, 65, 15, 22, 86, 14, 50]",[2],0.559564277521535,0.056373871593304314,2.0,0,0,"[11, 12, 65, 15, 22, 86, 14, 50]","[2, 95]","[11, 12, 65, 15, 22, 86, 14, 50]","[2, 95]","[11, 12, 65, 15, 22, 86, 14, 50]",[],[95],[2],2,0.4435049593448639,"{""0"": 2.215344190597534, ""1"": -1.0}",0,0,"[11, 12, 65, 15, 22, 86, 14]","[2, 95, 50]","[11, 12, 65, 15, 22, 86, 14]","[2, 95, 50]","[11, 12, 65, 15, 22, 86, 14]",[],"[95, 50]",[2],"[11, 12, 65, 15, 22, 86, 14]","[2, 95, 50]","[11, 12, 65, 15, 22, 86, 14]",[],"[95, 50]",[2],7,0,2,1
193,10,5,"[2, 23, 88, 85, 48, 8, 72, 87, 16, 73]","[23, 88, 85, 48, 8, 72, 87, 16, 73]",[2],0.7372019223400665,0.11243230777779739,2.0,0,0,"[2, 23, 85, 8, 72, 87, 16, 73]","[88, 48]","[2, 23, 85, 8, 72, 87, 16, 73]","[88, 48]","[23, 85, 8, 72, 87, 16, 73]",[2],"[88, 48]",[],2,0.5865923166275024,"{""0"": 4.368162155151367, ""1"": -1.0}",0,0,"[2, 23, 85, 8, 72, 87, 16]","[88, 48, 73]","[2, 23, 85, 8, 72, 87, 16]","[88, 48, 73]","[23, 85, 8, 72, 87, 16]",[2],"[88, 48, 73]",[],"[2, 23, 85, 8, 72, 87, 16]","[88, 48, 73]","[23, 85, 8, 72, 87, 16]",[2],"[88, 48, 73]",[],6,1,3,0
194,10,5,"[2, 78, 3, 40, 31, 14, 44, 57, 10, 64]","[78, 40, 31, 14, 44, 57, 10, 64]","[2, 3]",0.8752400586412243,0.15046580064758713,2.0,0,0,"[2, 78, 3, 40, 31, 14, 44, 57, 10, 64]",[],"[2, 78, 3, 40, 31, 14, 44, 57, 10, 64]",[],"[78, 40, 31, 14, 44, 57, 10, 64]","[2, 3]",[],[],2,0.572391927242279,"{""0"": 2.024672269821167, ""1"": -1.0}",0,0,"[2, 78, 3, 40, 14, 44, 57, 10, 64]",[31],"[2, 78, 3, 40, 14, 44, 57, 10, 64]",[31],"[78, 40, 14, 44, 57, 10, 64]","[2, 3]",[31],[],"[2, 78, 3, 40, 14, 44, 57, 10, 64]",[31],"[78, 40, 14, 44, 57, 10, 64]","[2, 3]",[31],[],7,2,1,0
195,10,5,"[2, 10, 81, 56, 88, 36, 62, 99, 93, 85]","[10, 81, 56, 88, 36, 62, 99, 93, 85]",[2],0.8094435450776695,0.07978528284897884,2.0,0,0,"[2, 10, 81, 56, 36, 62, 99, 93, 85]",[88],"[2, 10, 81, 56, 36, 62, 99, 93, 85]",[88],"[10, 81, 56, 36, 62, 99, 93, 85]",[2],[88],[],2,0.470581591129303,"{""0"": 3.983196258544922, ""1"": -1.0}",0,0,"[2, 81, 56, 36, 62, 99, 93, 85]","[10, 88]","[2, 81, 56, 36, 62, 99, 93, 85]","[10, 88]","[81, 56, 36, 62, 99, 93, 85]",[2],"[10, 88]",[],"[2, 81, 56, 36, 62, 99, 93, 85]","[10, 88]","[81, 56, 36, 62, 99, 93, 85]",[2],"[10, 88]",[],7,1,2,0
196,10,5,"[3, 25, 99, 13, 81, 6, 89, 30, 21, 90]","[25, 99, 13, 81, 6, 89, 30, 21, 90]",[3],0.7424587667900747,0.08990474789555553,2.0,0,0,"[3, 25, 99, 13, 81, 6, 89, 30, 21, 90]",[],"[3, 25, 99, 13, 81, 6, 89, 30, 21, 90]",[],"[25, 99, 13, 81, 6, 89, 30, 21, 90]",[3],[],[],2,0.5185550451278687,"{""0"": 1.5011801719665527, ""1"": -1.0}",0,0,"[3, 25, 99, 81, 6, 89, 30, 21, 90]",[13],"[3, 25, 99, 81, 6, 89, 30, 21, 90]",[13],"[25, 99, 81, 6, 89, 30, 21, 90]",[3],[13],[],"[3, 25, 99, 81, 6, 89, 30, 21, 90]",[13],"[25, 99, 81, 6, 89, 30, 21, 90]",[3],[13],[],8,1,1,0
197,10,5,"[1, 16, 75, 59, 52, 61, 8, 21, 47, 40]","[16, 75, 59, 52, 61, 8, 21, 47, 40]",[1],0.7324331313529235,0.07611273375104682,2.0,0,0,"[16, 75, 59, 52, 61, 8, 21]","[1, 47, 40]","[16, 75, 59, 52, 61, 8, 21]","[1, 47, 40]","[16, 75, 59, 52, 61, 8, 21]",[],"[47, 40]",[1],2,0.36521998047828674,"{""0"": 1.7551896572113037, ""1"": -1.0}",0,0,"[16, 75, 52, 61, 8, 21]","[1, 59, 47, 40]","[16, 75, 52, 61, 8, 21]","[1, 59, 47, 40]","[16, 75, 52, 61, 8, 21]",[],"[59, 47, 40]",[1],"[16, 75, 52, 61, 8, 21]","[1, 59, 47, 40]","[16, 75, 52, 61, 8, 21]",[],"[59, 47, 40]",[1],6,0,3,1
198,10,5,"[3, 13, 53, 66, 33, 38, 36, 49, 76, 54]","[13, 53, 66, 33, 38, 36, 49, 76, 54]",[3],0.724470634182756,0.1243858193459707,2.0,0,0,"[3, 13, 53, 66, 33, 38, 36, 76]","[49, 54]","[3, 13, 53, 66, 33, 38, 36, 76]","[49, 54]","[13, 53, 66, 33, 38, 36, 76]",[3],"[49, 54]",[],2,0.44091713428497314,"{""0"": 3.364889621734619, ""1"": -1.0}",0,0,"[3, 53, 66, 33, 38, 36, 76]","[13, 49, 54]","[3, 53, 66, 33, 38, 36, 76]","[13, 49, 54]","[53, 66, 33, 38, 36, 76]",[3],"[13, 49, 54]",[],"[3, 53, 66, 33, 38, 36, 76]","[13, 49, 54]","[53, 66, 33, 38, 36, 76]",[3],"[13, 49, 54]",[],6,1,3,0
199,10,5,"[2, 47, 98, 83, 65, 78, 24, 33, 88, 40]","[47, 98, 83, 65, 78, 24, 33, 88, 40]",[2],0.7389047195150845,0.1569632810010671,2.0,0,0,"[2, 47, 98, 83, 65, 78, 24, 33, 40]",[88],"[2, 47, 98, 83, 65, 78, 24, 33, 40]",[88],"[47, 98, 83, 65, 78, 24, 33, 40]",[2],[88],[],2,0.6105162501335144,"{""0"": 5.268836975097656, ""1"": -1.0}",0,0,"[2, 98, 83, 65, 78, 24, 33, 40]","[47, 88]","[2, 98, 83, 65, 78, 24, 33, 40]","[47, 88]","[98, 83, 65, 78, 24, 33, 40]",[2],"[47, 88]",[],"[2, 98, 83, 65, 78, 24, 33, 40]","[47, 88]","[98, 83, 65, 78, 24, 33, 40]",[2],"[47, 88]",[],7,1,2,0
200,10,5,"[0, 86, 70, 30, 24, 66, 99, 9, 12, 31]","[86, 70, 30, 24, 66, 99, 9, 12, 31]",[0],0.7525258370246759,0.08526489879900906,2.0,0,0,"[86, 70, 30, 24, 66, 99, 9, 12, 31]",[0],"[86, 70, 30, 24, 66, 99, 9, 12, 31]",[0],"[86, 70, 30, 24, 66, 99, 9, 12, 31]",[],[],[0],2,0.6206836104393005,"{""0"": 4.0275468826293945, ""1"": -1.0}",0,0,"[86, 70, 24, 66, 99, 9, 12, 31]","[0, 30]","[86, 70, 24, 66, 99, 9, 12, 31]","[0, 30]","[86, 70, 24, 66, 99, 9, 12, 31]",[],[30],[0],"[86, 70, 24, 66, 99, 9, 12, 31]","[0, 30]","[86, 70, 24, 66, 99, 9, 12, 31]",[],[30],[0],8,0,1,1
201,10,5,"[3, 81, 17, 35, 96, 88, 36, 99, 64, 92]","[81, 17, 35, 96, 88, 36, 99, 64, 92]",[3],0.7365649332179158,0.0923549679659364,2.0,0,0,"[3, 81, 17, 35, 96, 36, 99, 64]","[88, 92]","[3, 81, 17, 35, 96, 36, 99, 64]","[88, 92]","[81, 17, 35, 96, 36, 99, 64]",[3],"[88, 92]",[],2,0.6336693167686462,"{""0"": 4.068429470062256, ""1"": -1.0}",0,0,"[3, 81, 17, 35, 36, 99, 64]","[96, 88, 92]","[3, 81, 17, 35, 36, 99, 64]","[96, 88, 92]","[81, 17, 35, 36, 99, 64]",[3],"[96, 88, 92]",[],"[3, 81, 17, 35, 36, 99, 64]","[96, 88, 92]","[81, 17, 35, 36, 99, 64]",[3],"[96, 88, 92]",[],6,1,3,0
202,10,5,"[4, 91, 21, 75, 59, 96, 92, 42, 74, 12]","[91, 21, 75, 59, 96, 92, 42, 74, 12]",[4],0.740027756871468,0.07720447832659566,2.0,0,0,"[4, 91, 21, 75, 92, 42, 74, 12]","[59, 96]","[4, 91, 21, 75, 92, 42, 74, 12]","[59, 96]","[91, 21, 75, 92, 42, 74, 12]",[4],"[59, 96]",[],2,0.7604784965515137,"{""0"": 1.9483277797698975, ""1"": 4.898290157318115}",1,0,"[4, 91, 21, 92, 74, 12]","[75, 59, 96, 42]","[4, 91, 21, 92, 74, 12]","[75, 59, 96, 42]","[91, 21, 92, 74, 12]",[4],"[75, 59, 96, 42]",[],"[4, 91, 21, 92, 74, 12]","[75, 59, 96, 42]","[91, 21, 92, 74, 12]",[4],"[75, 59, 96, 42]",[],5,1,4,0
203,10,5,"[2, 39, 68, 74, 40, 3, 0, 85, 50, 44]","[39, 68, 74, 40, 85, 50, 44]","[2, 3, 0]",0.6593158625964319,0.1551294181554338,2.0,0,0,"[2, 39, 68, 74, 40, 3, 85, 50, 44]",[0],"[2, 39, 68, 74, 40, 3, 85, 50, 44]",[0],"[39, 68, 74, 40, 85, 50, 44]","[2, 3]",[],[0],2,0.6008989810943604,"{""0"": 5.5951619148254395, ""1"": -1.0}",0,0,"[2, 39, 68, 74, 40, 3, 85, 50]","[0, 44]","[2, 39, 68, 74, 40, 3, 85, 50]","[0, 44]","[39, 68, 74, 40, 85, 50]","[2, 3]",[44],[0],"[2, 39, 68, 74, 40, 3, 85, 50]","[0, 44]","[39, 68, 74, 40, 85, 50]","[2, 3]",[44],[0],6,2,1,1
204,10,5,"[4, 33, 52, 31, 75, 20, 83, 96, 38, 72]","[33, 52, 31, 75, 20, 83, 96, 38, 72]",[4],0.7115150962678828,0.14884401074045472,2.0,0,0,"[4, 33, 52, 75, 20, 83, 96, 38, 72]",[31],"[4, 33, 52, 75, 20, 83, 96, 38, 72]",[31],"[33, 52, 75, 20, 83, 96, 38, 72]",[4],[31],[],3,0.330614298582077,"{""0"": 2.219442844390869, ""1"": 3.256995439529419, ""2"": -1.0}",1,0,"[75, 83, 38, 72]","[4, 33, 52, 31, 20, 96]","[75, 83, 38, 72]","[4, 33, 52, 31, 20, 96]","[75, 83, 38, 72]",[],"[33, 52, 31, 20, 96]",[4],"[75, 83, 38, 72]","[4, 33, 52, 31, 20, 96]","[75, 83, 38, 72]",[],"[33, 52, 31, 20, 96]",[4],4,0,5,1
205,10,5,"[4, 64, 72, 2, 83, 62, 97, 32, 51, 86]","[64, 72, 83, 62, 97, 32, 51, 86]","[4, 2]",0.7139658986869017,0.12837950806257675,2.0,0,0,"[4, 64, 72, 2, 83, 62, 97, 32, 86]",[51],"[4, 64, 72, 2, 83, 62, 97, 32, 86]",[51],"[64, 72, 83, 62, 97, 32, 86]","[4, 2]",[51],[],4,0.25692129135131836,"{""0"": 1.104090929031372, ""1"": 2.7242889404296875, ""2"": -1.0, ""3"": 2.360250234603882}",1,0,"[4, 72, 83]","[64, 2, 62, 97, 32, 51, 86]","[4, 72, 83]","[64, 2, 62, 97, 32, 51, 86]","[72, 83]",[4],"[64, 62, 97, 32, 51, 86]",[2],"[4, 72, 83]","[64, 2, 62, 97, 32, 51, 86]","[72, 83]",[4],"[64, 62, 97, 32, 51, 86]",[2],2,1,6,1
206,10,5,"[3, 54, 33, 74, 61, 27, 58, 68, 6, 42]","[54, 33, 74, 61, 27, 58, 68, 6, 42]",[3],0.7109997014397764,0.12702770846123657,2.0,0,0,"[3, 33, 74, 61, 27, 58, 68, 6, 42]",[54],"[3, 33, 74, 61, 27, 58, 68, 6, 42]",[54],"[33, 74, 61, 27, 58, 68, 6, 42]",[3],[54],[],2,0.5318693518638611,"{""0"": 5.049975395202637, ""1"": -1.0}",0,0,"[3, 33, 74, 61, 27, 58, 68, 6]","[54, 42]","[3, 33, 74, 61, 27, 58, 68, 6]","[54, 42]","[33, 74, 61, 27, 58, 68, 6]",[3],"[54, 42]",[],"[3, 33, 74, 61, 27, 58, 68, 6]","[54, 42]","[33, 74, 61, 27, 58, 68, 6]",[3],"[54, 42]",[],7,1,2,0
207,10,5,"[1, 36, 19, 45, 15, 73, 13, 69, 59, 16]","[36, 19, 45, 15, 73, 13, 69, 59, 16]",[1],0.8471701680871833,0.06718971064908147,2.0,0,0,"[1, 36, 19, 45, 15, 13, 69, 59]","[73, 16]","[1, 36, 19, 45, 15, 13, 69, 59]","[73, 16]","[36, 19, 45, 15, 13, 69, 59]",[1],"[73, 16]",[],4,0.37840670347213745,"{""0"": 1.6396758556365967, ""1"": 2.5181031227111816, ""2"": -1.0, ""3"": 1.9752888679504395}",1,0,"[1, 19, 45]","[36, 15, 73, 13, 69, 59, 16]","[1, 19, 45]","[36, 15, 73, 13, 69, 59, 16]","[19, 45]",[1],"[36, 15, 73, 13, 69, 59, 16]",[],"[1, 19, 45]","[36, 15, 73, 13, 69, 59, 16]","[19, 45]",[1],"[36, 15, 73, 13, 69, 59, 16]",[],2,1,7,0
208,10,5,"[3, 17, 69, 74, 58, 40, 57, 56, 59, 55]","[17, 69, 74, 58, 40, 57, 56, 59, 55]",[3],0.8691136431430803,0.17661302577889548,2.0,0,0,"[3, 17, 69, 74, 58, 40, 57, 56, 59, 55]",[],"[3, 17, 69, 74, 58, 40, 57, 56, 59, 55]",[],"[17, 69, 74, 58, 40, 57, 56, 59, 55]",[3],[],[],2,0.3460383713245392,"{""0"": 2.108055353164673, ""1"": 2.9575228691101074}",1,0,"[69, 57, 59, 55]","[3, 17, 74, 58, 40, 56]","[69, 57, 59, 55]","[3, 17, 74, 58, 40, 56]","[69, 57, 59, 55]",[],"[17, 74, 58, 40, 56]",[3],"[69, 57, 59, 55]","[3, 17, 74, 58, 40, 56]","[69, 57, 59, 55]",[],"[17, 74, 58, 40, 56]",[3],4,0,5,1
209,10,5,"[3, 97, 8, 89, 79, 11, 76, 16, 77, 25]","[97, 8, 89, 79, 11, 76, 16, 77, 25]",[3],0.8349035538354923,0.06299579844256625,2.0,0,0,"[3, 97, 8, 89, 11, 76, 16, 77, 25]",[79],"[3, 97, 8, 89, 11, 76, 16, 77, 25]",[79],"[97, 8, 89, 11, 76, 16, 77, 25]",[3],[79],[],2,0.4602358043193817,"{""0"": 0.9111756682395935, ""1"": -1.0}",0,0,"[3, 97, 8, 89, 76, 16, 77, 25]","[79, 11]","[3, 97, 8, 89, 76, 16, 77, 25]","[79, 11]","[97, 8, 89, 76, 16, 77, 25]",[3],"[79, 11]",[],"[3, 97, 8, 89, 76, 16, 77, 25]","[79, 11]","[97, 8, 89, 76, 16, 77, 25]",[3],"[79, 11]",[],7,1,2,0
210,10,5,"[2, 21, 49, 33, 17, 44, 74, 85, 84, 79]","[21, 49, 33, 17, 44, 74, 85, 84, 79]",[2],0.7502425504238535,0.17839709406799392,2.0,0,0,"[2, 21, 49, 33, 17, 44, 74, 85, 84, 79]",[],"[2, 21, 49, 33, 17, 44, 74, 85, 84, 79]",[],"[21, 49, 33, 17, 44, 74, 85, 84, 79]",[2],[],[],4,0.45057177543640137,"{""0"": 3.660402774810791, ""1"": 1.932821273803711, ""2"": -1.0, ""3"": -1.0}",0,0,"[21, 49, 33, 44, 74, 79]","[2, 17, 85, 84]","[21, 49, 33, 44, 74, 79]","[2, 17, 85, 84]","[21, 49, 33, 44, 74, 79]",[],"[17, 85, 84]",[2],"[21, 49, 33, 44, 74, 79]","[2, 17, 85, 84]","[21, 49, 33, 44, 74, 79]",[],"[17, 85, 84]",[2],6,0,3,1
211,10,5,"[1, 15, 58, 56, 75, 64, 2, 68, 46, 54]","[15, 58, 56, 75, 64, 68, 46, 54]","[1, 2]",0.6180824168741899,0.0747951681541199,2.0,0,0,"[1, 15, 58, 56, 75, 64, 2, 68]","[46, 54]","[1, 15, 58, 56, 75, 64, 2, 68]","[46, 54]","[15, 58, 56, 75, 64, 68]","[1, 2]","[46, 54]",[],2,0.5371641516685486,"{""0"": 5.100942611694336, ""1"": -1.0}",0,0,"[1, 15, 58, 56, 75, 64, 68]","[2, 46, 54]","[1, 15, 58, 56, 75, 64, 68]","[2, 46, 54]","[15, 58, 56, 75, 64, 68]",[1],"[46, 54]",[2],"[1, 15, 58, 56, 75, 64, 68]","[2, 46, 54]","[15, 58, 56, 75, 64, 68]",[1],"[46, 54]",[2],6,1,2,1
212,10,5,"[3, 41, 74, 15, 4, 81, 48, 84, 56, 94]","[41, 74, 15, 81, 48, 84, 56, 94]","[3, 4]",0.7829889151932106,0.14690628561960134,2.0,0,0,"[3, 41, 74, 15, 4, 81, 48, 84, 56, 94]",[],"[3, 41, 74, 15, 4, 81, 48, 84, 56, 94]",[],"[41, 74, 15, 81, 48, 84, 56, 94]","[3, 4]",[],[],2,0.6518076658248901,"{""0"": 2.3179736137390137, ""1"": -1.0}",0,0,"[3, 41, 74, 15, 4, 81, 84, 56, 94]",[48],"[3, 41, 74, 15, 4, 81, 84, 56, 94]",[48],"[41, 74, 15, 81, 84, 56, 94]","[3, 4]",[48],[],"[3, 41, 74, 15, 4, 81, 84, 56, 94]",[48],"[41, 74, 15, 81, 84, 56, 94]","[3, 4]",[48],[],7,2,1,0
213,10,5,"[1, 94, 76, 84, 86, 54, 63, 6, 85, 39]","[94, 76, 84, 86, 54, 63, 6, 85, 39]",[1],0.6216275614724015,0.04055808879841061,2.0,0,0,"[1, 94, 76, 84, 86, 63, 6, 85, 39]",[54],"[1, 94, 76, 84, 86, 63, 6, 85, 39]",[54],"[94, 76, 84, 86, 63, 6, 85, 39]",[1],[54],[],2,0.492235392332077,"{""0"": 4.42762565612793, ""1"": -1.0}",0,0,"[1, 94, 76, 84, 86, 63, 6, 39]","[54, 85]","[1, 94, 76, 84, 86, 63, 6, 39]","[54, 85]","[94, 76, 84, 86, 63, 6, 39]",[1],"[54, 85]",[],"[1, 94, 76, 84, 86, 63, 6, 39]","[54, 85]","[94, 76, 84, 86, 63, 6, 39]",[1],"[54, 85]",[],7,1,2,0
214,10,5,"[2, 58, 62, 15, 35, 5, 46, 60, 8, 18]","[58, 62, 15, 35, 5, 46, 60, 8, 18]",[2],0.6858784757750729,0.07066267352210753,2.0,0,0,"[2, 58, 62, 15, 35, 5, 46, 8, 18]",[60],"[2, 58, 62, 15, 35, 5, 46, 8, 18]",[60],"[58, 62, 15, 35, 5, 46, 8, 18]",[2],[60],[],2,0.3726084530353546,"{""0"": 0.10606449842453003, ""1"": -1.0}",0,0,"[58, 62, 15, 35, 5, 46, 8, 18]","[2, 60]","[58, 62, 15, 35, 5, 46, 8, 18]","[2, 60]","[58, 62, 15, 35, 5, 46, 8, 18]",[],[60],[2],"[58, 62, 15, 35, 5, 46, 8, 18]","[2, 60]","[58, 62, 15, 35, 5, 46, 8, 18]",[],[60],[2],8,0,1,1
215,10,5,"[2, 96, 3, 90, 11, 47, 48, 37, 33, 80]","[96, 90, 11, 47, 48, 37, 33, 80]","[2, 3]",0.7415866712288,0.10077671323762633,2.0,0,0,"[2, 96, 3, 90, 11, 48, 37, 33, 80]",[47],"[2, 96, 3, 90, 11, 48, 37, 33, 80]",[47],"[96, 90, 11, 48, 37, 33, 80]","[2, 3]",[47],[],2,0.587660551071167,"{""0"": 1.7193140983581543, ""1"": -1.0}",0,0,"[2, 96, 3, 90, 11, 37, 33, 80]","[47, 48]","[2, 96, 3, 90, 11, 37, 33, 80]","[47, 48]","[96, 90, 11, 37, 33, 80]","[2, 3]","[47, 48]",[],"[2, 96, 3, 90, 11, 37, 33, 80]","[47, 48]","[96, 90, 11, 37, 33, 80]","[2, 3]","[47, 48]",[],6,2,2,0
216,10,5,"[2, 5, 82, 80, 89, 69, 42, 59, 17, 48]","[5, 82, 80, 89, 69, 42, 59, 17, 48]",[2],0.7379964844000919,0.19953249169331477,2.0,0,0,"[2, 5, 82, 80, 89, 69, 42, 59, 17, 48]",[],"[2, 5, 82, 80, 89, 69, 42, 59, 17, 48]",[],"[5, 82, 80, 89, 69, 42, 59, 17, 48]",[2],[],[],2,0.4558072090148926,"{""0"": 1.2953585386276245, ""1"": -1.0}",0,0,"[2, 5, 82, 80, 89, 69, 42, 59, 17]",[48],"[2, 5, 82, 80, 89, 69, 42, 59, 17]",[48],"[5, 82, 80, 89, 69, 42, 59, 17]",[2],[48],[],"[2, 5, 82, 80, 89, 69, 42, 59, 17]",[48],"[5, 82, 80, 89, 69, 42, 59, 17]",[2],[48],[],8,1,1,0
217,10,5,"[3, 81, 28, 63, 34, 35, 96, 71, 46, 44]","[81, 28, 63, 34, 35, 96, 71, 46, 44]",[3],0.813538274047505,0.04383922237880922,2.0,0,0,"[3, 81, 28, 63, 34, 96, 71, 44]","[35, 46]","[3, 81, 28, 63, 34, 96, 71, 44]","[35, 46]","[81, 28, 63, 34, 96, 71, 44]",[3],"[35, 46]",[],2,0.45605888962745667,"{""0"": 0.47657543420791626, ""1"": -1.0}",0,0,"[3, 81, 28, 63, 34, 96, 71]","[35, 46, 44]","[3, 81, 28, 63, 34, 96, 71]","[35, 46, 44]","[81, 28, 63, 34, 96, 71]",[3],"[35, 46, 44]",[],"[3, 81, 28, 63, 34, 96, 71]","[35, 46, 44]","[81, 28, 63, 34, 96, 71]",[3],"[35, 46, 44]",[],6,1,3,0
218,10,5,"[2, 91, 86, 84, 61, 50, 97, 87, 53, 27]","[91, 86, 84, 61, 50, 97, 87, 53, 27]",[2],0.7075841665042475,0.09350244608828345,2.0,0,0,"[2, 91, 86, 84, 61, 50, 87, 53, 27]",[97],"[2, 91, 86, 84, 61, 50, 87, 53, 27]",[97],"[91, 86, 84, 61, 50, 87, 53, 27]",[2],[97],[],2,0.3584735691547394,"{""0"": 4.592935085296631, ""1"": 1.293675422668457}",0,0,"[2, 91, 86, 84, 87, 53]","[61, 50, 97, 27]","[2, 91, 86, 84, 87, 53]","[61, 50, 97, 27]","[91, 86, 84, 87, 53]",[2],"[61, 50, 97, 27]",[],"[2, 91, 86, 84, 87, 53]","[61, 50, 97, 27]","[91, 86, 84, 87, 53]",[2],"[61, 50, 97, 27]",[],5,1,4,0
219,10,5,"[1, 44, 89, 35, 24, 0, 91, 43, 4, 73]","[44, 89, 35, 24, 91, 43, 73]","[1, 0, 4]",0.819152370074612,0.12523233487270902,2.0,0,0,"[1, 44, 89, 35, 24, 0, 91, 43, 4, 73]",[],"[1, 44, 89, 35, 24, 0, 91, 43, 4, 73]",[],"[44, 89, 35, 24, 91, 43, 73]","[1, 0, 4]",[],[],3,0.4568811357021332,"{""0"": 1.91172194480896, ""1"": -1.0, ""2"": -1.0}",0,0,"[1, 44, 89, 35, 24, 91, 43, 4]","[0, 73]","[1, 44, 89, 35, 24, 91, 43, 4]","[0, 73]","[44, 89, 35, 24, 91, 43]","[1, 4]",[73],[0],"[1, 44, 89, 35, 24, 91, 43, 4]","[0, 73]","[44, 89, 35, 24, 91, 43]","[1, 4]",[73],[0],6,2,1,1
220,10,5,"[2, 28, 1, 88, 58, 21, 61, 94, 17, 68]","[28, 88, 58, 21, 61, 94, 17, 68]","[2, 1]",0.6941513571332529,0.07044554048261636,2.0,0,0,"[2, 28, 1, 58, 21, 61, 94, 17, 68]",[88],"[2, 28, 1, 58, 21, 61, 94, 17, 68]",[88],"[28, 58, 21, 61, 94, 17, 68]","[2, 1]",[88],[],3,0.49793878197669983,"{""0"": 3.1327707767486572, ""1"": 1.9437803030014038, ""2"": -1.0}",0,0,"[2, 28, 1, 21, 94, 17]","[88, 58, 61, 68]","[2, 28, 1, 21, 94, 17]","[88, 58, 61, 68]","[28, 21, 94, 17]","[2, 1]","[88, 58, 61, 68]",[],"[2, 28, 1, 21, 94, 17]","[88, 58, 61, 68]","[28, 21, 94, 17]","[2, 1]","[88, 58, 61, 68]",[],4,2,4,0
221,10,5,"[1, 61, 50, 74, 42, 87, 65, 72, 64, 8]","[61, 50, 74, 42, 87, 65, 72, 64, 8]",[1],0.7410140167298889,0.12954329118211716,2.0,0,0,"[1, 61, 50, 74, 42, 87, 65, 72, 64, 8]",[],"[1, 61, 50, 74, 42, 87, 65, 72, 64, 8]",[],"[61, 50, 74, 42, 87, 65, 72, 64, 8]",[1],[],[],2,0.35322049260139465,"{""0"": 1.1229884624481201, ""1"": 3.526230573654175}",1,0,"[1, 61, 50, 74, 87, 65, 64]","[42, 72, 8]","[1, 61, 50, 74, 87, 65, 64]","[42, 72, 8]","[61, 50, 74, 87, 65, 64]",[1],"[42, 72, 8]",[],"[1, 61, 50, 74, 87, 65, 64]","[42, 72, 8]","[61, 50, 74, 87, 65, 64]",[1],"[42, 72, 8]",[],6,1,3,0
222,10,5,"[4, 75, 35, 21, 95, 83, 55, 52, 2, 31]","[75, 35, 21, 95, 83, 55, 52, 31]","[4, 2]",0.852530738860562,0.1472141905312374,2.0,0,0,"[4, 75, 35, 21, 95, 83, 55, 52, 2, 31]",[],"[4, 75, 35, 21, 95, 83, 55, 52, 2, 31]",[],"[75, 35, 21, 95, 83, 55, 52, 31]","[4, 2]",[],[],3,0.6253013610839844,"{""0"": 2.397641897201538, ""1"": 1.94730806350708, ""2"": 1.9884281158447266}",0,0,"[75, 35, 21, 83, 55, 52]","[4, 95, 2, 31]","[75, 35, 21, 83, 55, 52]","[4, 95, 2, 31]","[75, 35, 21, 83, 55, 52]",[],"[95, 31]","[4, 2]","[75, 35, 21, 83, 55, 52]","[4, 95, 2, 31]","[75, 35, 21, 83, 55, 52]",[],"[95, 31]","[4, 2]",6,0,2,2
223,10,5,"[3, 55, 79, 70, 4, 82, 24, 60, 56, 88]","[55, 79, 70, 82, 24, 60, 56, 88]","[3, 4]",0.6962857403891323,0.08320520712013912,2.0,0,0,"[3, 55, 79, 70, 4, 82, 24, 56]","[60, 88]","[3, 55, 79, 70, 4, 82, 24, 56]","[60, 88]","[55, 79, 70, 82, 24, 56]","[3, 4]","[60, 88]",[],2,0.3960406184196472,"{""0"": 3.563458204269409, ""1"": -1.0}",0,0,"[3, 55, 79, 70, 4, 24, 56]","[82, 60, 88]","[3, 55, 79, 70, 4, 24, 56]","[82, 60, 88]","[55, 79, 70, 24, 56]","[3, 4]","[82, 60, 88]",[],"[3, 55, 79, 70, 4, 24, 56]","[82, 60, 88]","[55, 79, 70, 24, 56]","[3, 4]","[82, 60, 88]",[],5,2,3,0
224,10,5,"[2, 34, 70, 23, 83, 99, 77, 37, 26, 89]","[34, 70, 23, 83, 99, 77, 37, 26, 89]",[2],0.858128127398581,0.07851560868504714,2.0,0,0,"[2, 34, 70, 83, 99, 77, 37]","[23, 26, 89]","[2, 34, 70, 83, 99, 77, 37]","[23, 26, 89]","[34, 70, 83, 99, 77, 37]",[2],"[23, 26, 89]",[],2,0.786340057849884,"{""0"": 5.787485122680664, ""1"": -1.0}",0,0,"[2, 34, 70, 83, 77, 37]","[23, 99, 26, 89]","[2, 34, 70, 83, 77, 37]","[23, 99, 26, 89]","[34, 70, 83, 77, 37]",[2],"[23, 99, 26, 89]",[],"[2, 34, 70, 83, 77, 37]","[23, 99, 26, 89]","[34, 70, 83, 77, 37]",[2],"[23, 99, 26, 89]",[],5,1,4,0
225,10,5,"[2, 6, 8, 62, 78, 51, 14, 56, 46, 29]","[6, 8, 62, 78, 51, 14, 56, 46, 29]",[2],0.7056223676714293,0.09076444337108214,2.0,0,0,"[2, 6, 8, 62, 51, 14, 56, 46, 29]",[78],"[2, 6, 8, 62, 51, 14, 56, 46, 29]",[78],"[6, 8, 62, 51, 14, 56, 46, 29]",[2],[78],[],2,0.25104162096977234,"{""0"": 0.884677529335022, ""1"": 1.5430797338485718}",1,0,"[8, 56]","[2, 6, 62, 78, 51, 14, 46, 29]","[8, 56]","[2, 6, 62, 78, 51, 14, 46, 29]","[8, 56]",[],"[6, 62, 78, 51, 14, 46, 29]",[2],"[8, 56]","[2, 6, 62, 78, 51, 14, 46, 29]","[8, 56]",[],"[6, 62, 78, 51, 14, 46, 29]",[2],2,0,7,1
226,10,5,"[3, 64, 60, 88, 68, 33, 18, 36, 63, 14]","[64, 60, 88, 68, 33, 18, 36, 63, 14]",[3],0.8600152775669934,0.032514304126050275,2.0,0,0,"[3, 60, 18, 36, 63, 14]","[64, 88, 68, 33]","[3, 60, 18, 36, 63, 14]","[64, 88, 68, 33]","[60, 18, 36, 63, 14]",[3],"[64, 88, 68, 33]",[],2,0.43228086829185486,"{""0"": 4.1480913162231445, ""1"": -1.0}",0,0,"[3, 60, 18, 63, 14]","[64, 88, 68, 33, 36]","[3, 60, 18, 63, 14]","[64, 88, 68, 33, 36]","[60, 18, 63, 14]",[3],"[64, 88, 68, 33, 36]",[],"[3, 60, 18, 63, 14]","[64, 88, 68, 33, 36]","[60, 18, 63, 14]",[3],"[64, 88, 68, 33, 36]",[],4,1,5,0
227,10,5,"[3, 37, 73, 9, 76, 15, 50, 25, 88, 55]","[37, 73, 9, 76, 15, 50, 25, 88, 55]",[3],0.9517230057990915,0.10340442572263397,2.0,0,0,"[37, 9, 76, 15, 50, 25, 55]","[3, 73, 88]","[37, 9, 76, 15, 50, 25, 55]","[3, 73, 88]","[37, 9, 76, 15, 50, 25, 55]",[],"[73, 88]",[3],2,0.6299341917037964,"{""0"": 4.87000036239624, ""1"": -1.0}",0,0,"[37, 9, 76, 15, 25, 55]","[3, 73, 50, 88]","[37, 9, 76, 15, 25, 55]","[3, 73, 50, 88]","[37, 9, 76, 15, 25, 55]",[],"[73, 50, 88]",[3],"[37, 9, 76, 15, 25, 55]","[3, 73, 50, 88]","[37, 9, 76, 15, 25, 55]",[],"[73, 50, 88]",[3],6,0,3,1
228,10,5,"[4, 43, 2, 88, 61, 23, 44, 78, 45, 5]","[43, 88, 61, 23, 44, 78, 45, 5]","[4, 2]",0.829865553983953,0.11589544215689296,2.0,0,0,"[4, 43, 2, 61, 23, 44, 78, 45, 5]",[88],"[4, 43, 2, 61, 23, 44, 78, 45, 5]",[88],"[43, 61, 23, 44, 78, 45, 5]","[4, 2]",[88],[],2,0.31839972734451294,"{""0"": 1.2209205627441406, ""1"": -1.0}",0,0,"[4, 43, 61, 23, 44, 78, 45, 5]","[2, 88]","[4, 43, 61, 23, 44, 78, 45, 5]","[2, 88]","[43, 61, 23, 44, 78, 45, 5]",[4],[88],[2],"[4, 43, 61, 23, 44, 78, 45, 5]","[2, 88]","[43, 61, 23, 44, 78, 45, 5]",[4],[88],[2],7,1,1,1
229,10,5,"[0, 50, 78, 10, 45, 55, 79, 61, 68, 8]","[50, 78, 10, 45, 55, 79, 61, 68, 8]",[0],0.7046904600707619,0.13759694927760036,2.0,0,0,"[50, 78, 10, 45, 55, 79, 61, 68, 8]",[0],"[50, 78, 10, 45, 55, 79, 61, 68, 8]",[0],"[50, 78, 10, 45, 55, 79, 61, 68, 8]",[],[],[0],2,0.45177167654037476,"{""0"": 2.567446231842041, ""1"": -1.0}",0,0,"[78, 10, 45, 55, 79, 61, 68, 8]","[0, 50]","[78, 10, 45, 55, 79, 61, 68, 8]","[0, 50]","[78, 10, 45, 55, 79, 61, 68, 8]",[],[50],[0],"[78, 10, 45, 55, 79, 61, 68, 8]","[0, 50]","[78, 10, 45, 55, 79, 61, 68, 8]",[],[50],[0],8,0,1,1
230,10,5,"[3, 80, 66, 19, 27, 7, 62, 86, 6, 2]","[80, 66, 19, 27, 7, 62, 86, 6]","[3, 2]",1.0768694560612109,0.09168156653088594,2.0,0,0,"[3, 66, 19, 27, 7, 62, 86, 6, 2]",[80],"[3, 66, 19, 27, 7, 62, 86, 6, 2]",[80],"[66, 19, 27, 7, 62, 86, 6]","[3, 2]",[80],[],4,0.34449946880340576,"{""0"": 2.0876846313476562, ""1"": 1.976151943206787, ""2"": 2.0202934741973877, ""3"": -1.0}",0,0,"[3, 19, 6]","[80, 66, 27, 7, 62, 86, 2]","[3, 19, 6]","[80, 66, 27, 7, 62, 86, 2]","[19, 6]",[3],"[80, 66, 27, 7, 62, 86]",[2],"[3, 19, 6]","[80, 66, 27, 7, 62, 86, 2]","[19, 6]",[3],"[80, 66, 27, 7, 62, 86]",[2],2,1,6,1
231,10,5,"[4, 9, 26, 28, 97, 96, 40, 95, 75, 2]","[9, 26, 28, 97, 96, 40, 95, 75]","[4, 2]",0.7866989112202372,0.06090615656116899,2.0,0,0,"[4, 9, 26, 96, 40, 75, 2]","[28, 97, 95]","[4, 9, 26, 96, 40, 75, 2]","[28, 97, 95]","[9, 26, 96, 40, 75]","[4, 2]","[28, 97, 95]",[],2,0.2796378433704376,"{""0"": 1.5682096481323242, ""1"": 1.8320564031600952}",1,0,"[4, 9, 26, 40]","[28, 97, 96, 95, 75, 2]","[4, 9, 26, 40]","[28, 97, 96, 95, 75, 2]","[9, 26, 40]",[4],"[28, 97, 96, 95, 75]",[2],"[4, 9, 26, 40]","[28, 97, 96, 95, 75, 2]","[9, 26, 40]",[4],"[28, 97, 96, 95, 75]",[2],3,1,5,1
232,10,5,"[1, 27, 99, 62, 39, 30, 23, 56, 74, 92]","[27, 99, 62, 39, 30, 23, 56, 74, 92]",[1],0.8333384834352564,0.07648860204085572,2.0,0,0,"[1, 27, 99, 62, 39, 30, 23, 56, 74, 92]",[],"[1, 27, 99, 62, 39, 30, 23, 56, 74, 92]",[],"[27, 99, 62, 39, 30, 23, 56, 74, 92]",[1],[],[],2,0.5028146505355835,"{""0"": 1.373471736907959, ""1"": -1.0}",0,0,"[1, 27, 99, 39, 30, 23, 56, 74, 92]",[62],"[1, 27, 99, 39, 30, 23, 56, 74, 92]",[62],"[27, 99, 39, 30, 23, 56, 74, 92]",[1],[62],[],"[1, 27, 99, 39, 30, 23, 56, 74, 92]",[62],"[27, 99, 39, 30, 23, 56, 74, 92]",[1],[62],[],8,1,1,0
233,10,5,"[1, 98, 36, 80, 37, 13, 71, 0, 12, 90]","[98, 36, 80, 37, 13, 71, 12, 90]","[1, 0]",0.8001384778099554,0.1135949087244697,2.0,0,0,"[1, 98, 36, 80, 37, 13, 71, 12, 90]",[0],"[1, 98, 36, 80, 37, 13, 71, 12, 90]",[0],"[98, 36, 80, 37, 13, 71, 12, 90]",[1],[],[0],3,0.4900693893432617,"{""0"": 4.66657829284668, ""1"": -1.0, ""2"": 1.9201686382293701}",0,0,"[1, 98, 80, 37, 12, 90]","[36, 13, 71, 0]","[1, 98, 80, 37, 12, 90]","[36, 13, 71, 0]","[98, 80, 37, 12, 90]",[1],"[36, 13, 71]",[0],"[1, 98, 80, 37, 12, 90]","[36, 13, 71, 0]","[98, 80, 37, 12, 90]",[1],"[36, 13, 71]",[0],5,1,3,1
234,10,5,"[3, 87, 74, 82, 46, 79, 16, 83, 89, 23]","[87, 74, 82, 46, 79, 16, 83, 89, 23]",[3],1.0364865962434537,0.09028929908202932,2.0,0,0,"[3, 87, 74, 82, 46, 79, 16, 83, 89, 23]",[],"[3, 87, 74, 82, 46, 79, 16, 83, 89, 23]",[],"[87, 74, 82, 46, 79, 16, 83, 89, 23]",[3],[],[],4,0.4819716513156891,"{""0"": 3.8126895427703857, ""1"": -1.0, ""2"": -1.0, ""3"": -1.0}",0,0,"[87, 74, 46, 16, 83, 89, 23]","[3, 82, 79]","[87, 74, 46, 16, 83, 89, 23]","[3, 82, 79]","[87, 74, 46, 16, 83, 89, 23]",[],"[82, 79]",[3],"[87, 74, 46, 16, 83, 89, 23]","[3, 82, 79]","[87, 74, 46, 16, 83, 89, 23]",[],"[82, 79]",[3],7,0,2,1
235,10,5,"[4, 39, 54, 34, 6, 32, 9, 14, 70, 20]","[39, 54, 34, 6, 32, 9, 14, 70, 20]",[4],0.6785363812424873,0.0941100326831098,2.0,0,0,"[4, 39, 34, 6, 32, 9, 14, 70, 20]",[54],"[4, 39, 34, 6, 32, 9, 14, 70, 20]",[54],"[39, 34, 6, 32, 9, 14, 70, 20]",[4],[54],[],3,0.3335843086242676,"{""0"": 1.957588791847229, ""1"": 4.335948944091797, ""2"": -1.0}",1,0,"[4, 39, 34, 6, 14]","[54, 32, 9, 70, 20]","[4, 39, 34, 6, 14]","[54, 32, 9, 70, 20]","[39, 34, 6, 14]",[4],"[54, 32, 9, 70, 20]",[],"[4, 39, 34, 6, 14]","[54, 32, 9, 70, 20]","[39, 34, 6, 14]",[4],"[54, 32, 9, 70, 20]",[],4,1,5,0
236,10,5,"[4, 60, 77, 13, 34, 56, 46, 76, 45, 11]","[60, 77, 13, 34, 56, 46, 76, 45, 11]",[4],0.6635569801907963,0.07988277081448375,2.0,0,0,"[4, 77, 13, 34, 56, 46, 76, 45, 11]",[60],"[4, 77, 13, 34, 56, 46, 76, 45, 11]",[60],"[77, 13, 34, 56, 46, 76, 45, 11]",[4],[60],[],2,0.44354045391082764,"{""0"": 1.5957920551300049, ""1"": -1.0}",0,0,"[4, 77, 34, 56, 46, 76, 45, 11]","[60, 13]","[4, 77, 34, 56, 46, 76, 45, 11]","[60, 13]","[77, 34, 56, 46, 76, 45, 11]",[4],"[60, 13]",[],"[4, 77, 34, 56, 46, 76, 45, 11]","[60, 13]","[77, 34, 56, 46, 76, 45, 11]",[4],"[60, 13]",[],7,1,2,0
237,10,5,"[1, 4, 25, 30, 73, 96, 8, 48, 78, 50]","[25, 30, 73, 96, 8, 48, 78, 50]","[1, 4]",0.8641597062669422,0.18742615286021397,2.0,0,0,"[1, 4, 25, 30, 73, 96, 8, 48, 78, 50]",[],"[1, 4, 25, 30, 73, 96, 8, 48, 78, 50]",[],"[25, 30, 73, 96, 8, 48, 78, 50]","[1, 4]",[],[],2,0.6923514604568481,"{""0"": 2.910471200942993, ""1"": -1.0}",0,0,"[1, 4, 25, 30, 73, 96, 8, 78, 50]",[48],"[1, 4, 25, 30, 73, 96, 8, 78, 50]",[48],"[25, 30, 73, 96, 8, 78, 50]","[1, 4]",[48],[],"[1, 4, 25, 30, 73, 96, 8, 78, 50]",[48],"[25, 30, 73, 96, 8, 78, 50]","[1, 4]",[48],[],7,2,1,0
238,10,5,"[3, 88, 56, 83, 75, 33, 20, 28, 74, 38]","[88, 56, 83, 75, 33, 20, 28, 74, 38]",[3],0.6264980397197585,0.09492792778378445,2.0,0,0,"[3, 56, 83, 75, 33, 20, 28, 74, 38]",[88],"[3, 56, 83, 75, 33, 20, 28, 74, 38]",[88],"[56, 83, 75, 33, 20, 28, 74, 38]",[3],[88],[],2,0.5705337524414062,"{""0"": 5.54173469543457, ""1"": -1.0}",0,0,"[3, 83, 75, 33, 20, 28, 74, 38]","[88, 56]","[3, 83, 75, 33, 20, 28, 74, 38]","[88, 56]","[83, 75, 33, 20, 28, 74, 38]",[3],"[88, 56]",[],"[3, 83, 75, 33, 20, 28, 74, 38]","[88, 56]","[83, 75, 33, 20, 28, 74, 38]",[3],"[88, 56]",[],7,1,2,0
239,10,5,"[1, 72, 87, 27, 93, 62, 46, 96, 37, 21]","[72, 87, 27, 93, 62, 46, 96, 37, 21]",[1],0.620468466405102,0.08993482213178461,2.0,0,0,"[1, 72, 87, 27, 93, 62, 46, 96, 37, 21]",[],"[1, 72, 87, 27, 93, 62, 46, 96, 37, 21]",[],"[72, 87, 27, 93, 62, 46, 96, 37, 21]",[1],[],[],2,0.518357515335083,"{""0"": 1.7462291717529297, ""1"": -1.0}",0,0,"[1, 72, 87, 27, 93, 62, 46, 37, 21]",[96],"[1, 72, 87, 27, 93, 62, 46, 37, 21]",[96],"[72, 87, 27, 93, 62, 46, 37, 21]",[1],[96],[],"[1, 72, 87, 27, 93, 62, 46, 37, 21]",[96],"[72, 87, 27, 93, 62, 46, 37, 21]",[1],[96],[],8,1,1,0
240,10,5,"[4, 65, 39, 50, 32, 61, 93, 62, 31, 40]","[65, 39, 50, 32, 61, 93, 62, 31, 40]",[4],0.7157578190156012,0.09268651721010113,2.0,0,0,"[4, 65, 39, 50, 32, 61, 93, 62, 40]",[31],"[4, 65, 39, 50, 32, 61, 93, 62, 40]",[31],"[65, 39, 50, 32, 61, 93, 62, 40]",[4],[31],[],2,0.3520873785018921,"{""0"": 2.3648929595947266, ""1"": 1.9900791645050049}",0,0,"[4, 65, 39, 50, 61, 93, 62]","[32, 31, 40]","[4, 65, 39, 50, 61, 93, 62]","[32, 31, 40]","[65, 39, 50, 61, 93, 62]",[4],"[32, 31, 40]",[],"[4, 65, 39, 50, 61, 93, 62]","[32, 31, 40]","[65, 39, 50, 61, 93, 62]",[4],"[32, 31, 40]",[],6,1,3,0
241,10,5,"[4, 81, 42, 7, 95, 32, 1, 94, 23, 58]","[81, 42, 7, 95, 32, 94, 23, 58]","[4, 1]",0.7931618549705906,0.13882400050270716,2.0,0,0,"[4, 81, 42, 7, 95, 32, 1, 94, 23, 58]",[],"[4, 81, 42, 7, 95, 32, 1, 94, 23, 58]",[],"[81, 42, 7, 95, 32, 94, 23, 58]","[4, 1]",[],[],2,0.4398866593837738,"{""0"": 1.22306489944458, ""1"": -1.0}",0,0,"[4, 81, 7, 95, 32, 1, 94, 23, 58]",[42],"[4, 81, 7, 95, 32, 1, 94, 23, 58]",[42],"[81, 7, 95, 32, 94, 23, 58]","[4, 1]",[42],[],"[4, 81, 7, 95, 32, 1, 94, 23, 58]",[42],"[81, 7, 95, 32, 94, 23, 58]","[4, 1]",[42],[],7,2,1,0
242,10,5,"[3, 18, 88, 11, 59, 74, 27, 10, 52, 21]","[18, 88, 11, 59, 74, 27, 10, 52, 21]",[3],0.7095203831689643,0.16029331574719724,2.0,0,0,"[3, 18, 11, 59, 74, 27, 10, 52, 21]",[88],"[3, 18, 11, 59, 74, 27, 10, 52, 21]",[88],"[18, 11, 59, 74, 27, 10, 52, 21]",[3],[88],[],2,0.35773566365242004,"{""0"": 5.71221399307251, ""1"": 1.7327715158462524}",0,0,"[3, 18, 11, 74, 10, 52, 21]","[88, 59, 27]","[3, 18, 11, 74, 10, 52, 21]","[88, 59, 27]","[18, 11, 74, 10, 52, 21]",[3],"[88, 59, 27]",[],"[3, 18, 11, 74, 10, 52, 21]","[88, 59, 27]","[18, 11, 74, 10, 52, 21]",[3],"[88, 59, 27]",[],6,1,3,0
243,10,5,"[2, 6, 43, 46, 26, 21, 55, 57, 80, 78]","[6, 43, 46, 26, 21, 55, 57, 80, 78]",[2],0.7036009375594754,0.09512528708224938,2.0,0,0,"[2, 6, 46, 26, 21, 55, 57, 80, 78]",[43],"[2, 6, 46, 26, 21, 55, 57, 80, 78]",[43],"[6, 46, 26, 21, 55, 57, 80, 78]",[2],[43],[],2,0.5831178426742554,"{""0"": 1.0250811576843262, ""1"": -1.0}",0,0,"[6, 46, 26, 21, 55, 57, 80, 78]","[2, 43]","[6, 46, 26, 21, 55, 57, 80, 78]","[2, 43]","[6, 46, 26, 21, 55, 57, 80, 78]",[],[43],[2],"[6, 46, 26, 21, 55, 57, 80, 78]","[2, 43]","[6, 46, 26, 21, 55, 57, 80, 78]",[],[43],[2],8,0,1,1
244,10,5,"[1, 36, 84, 82, 40, 87, 90, 66, 32, 89]","[36, 84, 82, 40, 87, 90, 66, 32, 89]",[1],0.6821770181714637,0.06276494165724877,2.0,0,0,"[1, 36, 84, 82, 40, 90, 66, 32, 89]",[87],"[1, 36, 84, 82, 40, 90, 66, 32, 89]",[87],"[36, 84, 82, 40, 90, 66, 32, 89]",[1],[87],[],2,0.5031322240829468,"{""0"": 1.5334303379058838, ""1"": 4.485311508178711}",1,0,"[1, 84, 82, 90, 66, 89]","[36, 40, 87, 32]","[1, 84, 82, 90, 66, 89]","[36, 40, 87, 32]","[84, 82, 90, 66, 89]",[1],"[36, 40, 87, 32]",[],"[1, 84, 82, 90, 66, 89]","[36, 40, 87, 32]","[84, 82, 90, 66, 89]",[1],"[36, 40, 87, 32]",[],5,1,4,0
245,10,5,"[3, 19, 51, 72, 92, 60, 98, 91, 63, 76]","[19, 51, 72, 92, 60, 98, 91, 63, 76]",[3],0.6950940344695073,0.05697656635241405,2.0,0,0,"[3, 51, 72, 92, 91, 63, 76]","[19, 60, 98]","[3, 51, 72, 92, 91, 63, 76]","[19, 60, 98]","[51, 72, 92, 91, 63, 76]",[3],"[19, 60, 98]",[],2,0.359207421541214,"{""0"": 3.6415700912475586, ""1"": -1.0}",0,0,"[3, 51, 92, 91, 63, 76]","[19, 72, 60, 98]","[3, 51, 92, 91, 63, 76]","[19, 72, 60, 98]","[51, 92, 91, 63, 76]",[3],"[19, 72, 60, 98]",[],"[3, 51, 92, 91, 63, 76]","[19, 72, 60, 98]","[51, 92, 91, 63, 76]",[3],"[19, 72, 60, 98]",[],5,1,4,0
246,10,5,"[1, 94, 66, 86, 68, 73, 35, 77, 11, 22]","[94, 66, 86, 68, 73, 35, 77, 11, 22]",[1],0.6590292609419448,0.045239999027770816,2.0,0,0,"[1, 94, 66, 86, 68, 35, 77, 11, 22]",[73],"[1, 94, 66, 86, 68, 35, 77, 11, 22]",[73],"[94, 66, 86, 68, 35, 77, 11, 22]",[1],[73],[],2,0.43086153268814087,"{""0"": 1.5783214569091797, ""1"": 2.9732203483581543}",1,0,"[1, 94, 66, 35, 77, 11, 22]","[86, 68, 73]","[1, 94, 66, 35, 77, 11, 22]","[86, 68, 73]","[94, 66, 35, 77, 11, 22]",[1],"[86, 68, 73]",[],"[1, 94, 66, 35, 77, 11, 22]","[86, 68, 73]","[94, 66, 35, 77, 11, 22]",[1],"[86, 68, 73]",[],6,1,3,0
247,10,5,"[4, 56, 57, 22, 65, 63, 62, 33, 64, 69]","[56, 57, 22, 65, 63, 62, 33, 64, 69]",[4],0.6988851489492944,0.04086520737306959,2.0,0,0,"[4, 56, 57, 22, 65, 33, 64, 69]","[63, 62]","[4, 56, 57, 22, 65, 33, 64, 69]","[63, 62]","[56, 57, 22, 65, 33, 64, 69]",[4],"[63, 62]",[],2,0.33305343985557556,"{""0"": 1.2051117420196533, ""1"": 1.1331957578659058}",0,0,"[56, 69]","[4, 57, 22, 65, 63, 62, 33, 64]","[56, 69]","[4, 57, 22, 65, 63, 62, 33, 64]","[56, 69]",[],"[57, 22, 65, 63, 62, 33, 64]",[4],"[56, 69]","[4, 57, 22, 65, 63, 62, 33, 64]","[56, 69]",[],"[57, 22, 65, 63, 62, 33, 64]",[4],2,0,7,1
248,10,5,"[3, 79, 11, 7, 38, 2, 57, 49, 91, 22]","[79, 11, 7, 38, 57, 49, 91, 22]","[3, 2]",0.7401991799581282,0.16709588161505257,2.0,0,0,"[3, 79, 11, 7, 38, 2, 57, 49, 91, 22]",[],"[3, 79, 11, 7, 38, 2, 57, 49, 91, 22]",[],"[79, 11, 7, 38, 57, 49, 91, 22]","[3, 2]",[],[],4,0.3067978322505951,"{""0"": 2.7906270027160645, ""1"": 2.7256152629852295, ""2"": -1.0, ""3"": -1.0}",0,0,"[79, 11, 2]","[3, 7, 38, 57, 49, 91, 22]","[79, 11, 2]","[3, 7, 38, 57, 49, 91, 22]","[79, 11]",[2],"[7, 38, 57, 49, 91, 22]",[3],"[79, 11, 2]","[3, 7, 38, 57, 49, 91, 22]","[79, 11]",[2],"[7, 38, 57, 49, 91, 22]",[3],2,1,6,1
249,10,5,"[4, 49, 80, 41, 24, 96, 37, 13, 63, 29]","[49, 80, 41, 24, 96, 37, 13, 63, 29]",[4],0.7757526807993589,0.10306723649336746,2.0,0,0,"[4, 80, 41, 24, 96, 37, 13, 63, 29]",[49],"[4, 80, 41, 24, 96, 37, 13, 63, 29]",[49],"[80, 41, 24, 96, 37, 13, 63, 29]",[4],[49],[],4,0.29477882385253906,"{""0"": 1.5664055347442627, ""1"": 1.8811159133911133, ""2"": 1.607074499130249, ""3"": 1.8535919189453125}",1,0,"[80, 13]","[4, 49, 41, 24, 96, 37, 63, 29]","[80, 13]","[4, 49, 41, 24, 96, 37, 63, 29]","[80, 13]",[],"[49, 41, 24, 96, 37, 63, 29]",[4],"[80, 13]","[4, 49, 41, 24, 96, 37, 63, 29]","[80, 13]",[],"[49, 41, 24, 96, 37, 63, 29]",[4],2,0,7,1
250,10,5,"[0, 86, 66, 7, 19, 3, 37, 34, 10, 91]","[86, 66, 7, 19, 37, 34, 10, 91]","[0, 3]",0.7522334361864709,0.11494330115450585,2.0,0,0,"[0, 86, 66, 3, 37, 34, 10, 91]","[7, 19]","[0, 86, 66, 3, 37, 34, 10, 91]","[7, 19]","[86, 66, 37, 34, 10, 91]","[0, 3]","[7, 19]",[],2,0.6303162574768066,"{""0"": 3.9124231338500977, ""1"": -1.0}",0,0,"[86, 66, 3, 37, 34, 10, 91]","[0, 7, 19]","[86, 66, 3, 37, 34, 10, 91]","[0, 7, 19]","[86, 66, 37, 34, 10, 91]",[3],"[7, 19]",[0],"[86, 66, 3, 37, 34, 10, 91]","[0, 7, 19]","[86, 66, 37, 34, 10, 91]",[3],"[7, 19]",[0],6,1,2,1
251,10,5,"[0, 59, 14, 73, 9, 18, 77, 36, 32, 89]","[59, 14, 73, 9, 18, 77, 36, 32, 89]",[0],0.8716799649861322,0.07357575312636322,2.0,0,0,"[59, 14, 73, 9, 18, 77, 36, 32, 89]",[0],"[59, 14, 73, 9, 18, 77, 36, 32, 89]",[0],"[59, 14, 73, 9, 18, 77, 36, 32, 89]",[],[],[0],2,0.34641361236572266,"{""0"": 1.1187217235565186, ""1"": 1.8589870929718018}",1,0,"[18, 32]","[0, 59, 14, 73, 9, 77, 36, 89]","[18, 32]","[0, 59, 14, 73, 9, 77, 36, 89]","[18, 32]",[],"[59, 14, 73, 9, 77, 36, 89]",[0],"[18, 32]","[0, 59, 14, 73, 9, 77, 36, 89]","[18, 32]",[],"[59, 14, 73, 9, 77, 36, 89]",[0],2,0,7,1
252,10,5,"[1, 59, 8, 24, 55, 47, 57, 68, 13, 38]","[59, 8, 24, 55, 47, 57, 68, 13, 38]",[1],1.0097223971863658,0.0439303680409634,2.0,0,0,"[1, 59, 57, 68, 13, 38]","[8, 24, 55, 47]","[1, 59, 57, 68, 13, 38]","[8, 24, 55, 47]","[59, 57, 68, 13, 38]",[1],"[8, 24, 55, 47]",[],2,0.5332402586936951,"{""0"": 0.06059551239013672, ""1"": -1.0}",0,0,"[1, 57, 68, 13, 38]","[59, 8, 24, 55, 47]","[1, 57, 68, 13, 38]","[59, 8, 24, 55, 47]","[57, 68, 13, 38]",[1],"[59, 8, 24, 55, 47]",[],"[1, 57, 68, 13, 38]","[59, 8, 24, 55, 47]","[57, 68, 13, 38]",[1],"[59, 8, 24, 55, 47]",[],4,1,5,0
253,10,5,"[4, 51, 29, 46, 41, 3, 11, 75, 27, 48]","[51, 29, 46, 41, 11, 75, 27, 48]","[4, 3]",0.7557669161830454,0.14156803583143673,2.0,0,0,"[4, 51, 29, 46, 41, 3, 11, 75, 27, 48]",[],"[4, 51, 29, 46, 41, 3, 11, 75, 27, 48]",[],"[51, 29, 46, 41, 11, 75, 27, 48]","[4, 3]",[],[],2,0.42464786767959595,"{""0"": 0.8227889537811279, ""1"": -1.0}",0,0,"[4, 51, 29, 46, 41, 3, 11, 75, 27]",[48],"[4, 51, 29, 46, 41, 3, 11, 75, 27]",[48],"[51, 29, 46, 41, 11, 75, 27]","[4, 3]",[48],[],"[4, 51, 29, 46, 41, 3, 11, 75, 27]",[48],"[51, 29, 46, 41, 11, 75, 27]","[4, 3]",[48],[],7,2,1,0
254,10,5,"[1, 9, 85, 11, 4, 15, 93, 42, 66, 39]","[9, 85, 11, 15, 93, 42, 66, 39]","[1, 4]",0.6616286386355801,0.051305191620021506,2.0,0,0,"[1, 9, 85, 11, 15, 93, 66, 39]","[4, 42]","[1, 9, 85, 11, 15, 93, 66, 39]","[4, 42]","[9, 85, 11, 15, 93, 66, 39]",[1],[42],[4],2,0.5057624578475952,"{""0"": 1.3480994701385498, ""1"": 2.8389883041381836}",1,0,"[1, 9, 93]","[85, 11, 4, 15, 42, 66, 39]","[1, 9, 93]","[85, 11, 4, 15, 42, 66, 39]","[9, 93]",[1],"[85, 11, 15, 42, 66, 39]",[4],"[1, 9, 93]","[85, 11, 4, 15, 42, 66, 39]","[9, 93]",[1],"[85, 11, 15, 42, 66, 39]",[4],2,1,6,1
255,10,5,"[2, 51, 57, 29, 12, 62, 8, 89, 6, 93]","[51, 57, 29, 12, 62, 8, 89, 6, 93]",[2],0.8441625894338542,0.09645821027261126,2.0,0,0,"[2, 51, 57, 29, 12, 62, 8, 89, 6]",[93],"[2, 51, 57, 29, 12, 62, 8, 89, 6]",[93],"[51, 57, 29, 12, 62, 8, 89, 6]",[2],[93],[],2,0.5407912135124207,"{""0"": 1.280836582183838, ""1"": -1.0}",0,0,"[51, 57, 29, 12, 62, 8, 89, 6]","[2, 93]","[51, 57, 29, 12, 62, 8, 89, 6]","[2, 93]","[51, 57, 29, 12, 62, 8, 89, 6]",[],[93],[2],"[51, 57, 29, 12, 62, 8, 89, 6]","[2, 93]","[51, 57, 29, 12, 62, 8, 89, 6]",[],[93],[2],8,0,1,1
256,10,5,"[0, 86, 89, 60, 36, 73, 25, 12, 58, 47]","[86, 89, 60, 36, 73, 25, 12, 58, 47]",[0],0.7483055772022055,0.18704639320752509,2.0,0,0,"[0, 86, 89, 60, 36, 73, 25, 12, 58, 47]",[],"[0, 86, 89, 60, 36, 73, 25, 12, 58, 47]",[],"[86, 89, 60, 36, 73, 25, 12, 58, 47]",[0],[],[],2,0.609510600566864,"{""0"": 1.6667261123657227, ""1"": -1.0}",0,0,"[0, 86, 89, 60, 36, 25, 12, 58, 47]",[73],"[0, 86, 89, 60, 36, 25, 12, 58, 47]",[73],"[86, 89, 60, 36, 25, 12, 58, 47]",[0],[73],[],"[0, 86, 89, 60, 36, 25, 12, 58, 47]",[73],"[86, 89, 60, 36, 25, 12, 58, 47]",[0],[73],[],8,1,1,0
257,10,5,"[3, 4, 64, 30, 0, 24, 14, 91, 90, 57]","[64, 30, 24, 14, 91, 90, 57]","[3, 4, 0]",0.7414414340599431,0.12521112146376906,2.0,0,0,"[3, 4, 64, 30, 0, 24, 14, 91, 90, 57]",[],"[3, 4, 64, 30, 0, 24, 14, 91, 90, 57]",[],"[64, 30, 24, 14, 91, 90, 57]","[3, 4, 0]",[],[],3,0.3843366503715515,"{""0"": 2.153055191040039, ""1"": 2.6517443656921387, ""2"": 2.1752054691314697}",1,0,"[3, 14, 91, 57]","[4, 64, 30, 0, 24, 90]","[3, 14, 91, 57]","[4, 64, 30, 0, 24, 90]","[14, 91, 57]",[3],"[64, 30, 24, 90]","[4, 0]","[3, 14, 91, 57]","[4, 64, 30, 0, 24, 90]","[14, 91, 57]",[3],"[64, 30, 24, 90]","[4, 0]",3,1,4,2
258,10,5,"[1, 59, 28, 31, 77, 62, 82, 85, 6, 11]","[59, 28, 31, 77, 62, 82, 85, 6, 11]",[1],0.8534874754152642,0.11104022627247606,2.0,0,0,"[1, 59, 28, 77, 62, 82, 85, 6, 11]",[31],"[1, 59, 28, 77, 62, 82, 85, 6, 11]",[31],"[59, 28, 77, 62, 82, 85, 6, 11]",[1],[31],[],3,0.3279608488082886,"{""0"": 2.3801889419555664, ""1"": 4.180953025817871, ""2"": -1.0}",1,0,"[1, 59, 77, 62, 82]","[28, 31, 85, 6, 11]","[1, 59, 77, 62, 82]","[28, 31, 85, 6, 11]","[59, 77, 62, 82]",[1],"[28, 31, 85, 6, 11]",[],"[1, 59, 77, 62, 82]","[28, 31, 85, 6, 11]","[59, 77, 62, 82]",[1],"[28, 31, 85, 6, 11]",[],4,1,5,0
259,10,5,"[0, 13, 85, 38, 73, 22, 53, 21, 10, 71]","[13, 85, 38, 73, 22, 53, 21, 10, 71]",[0],0.854643790599025,0.13278760663714795,2.0,0,0,"[0, 13, 85, 38, 22, 53, 21, 10, 71]",[73],"[0, 13, 85, 38, 22, 53, 21, 10, 71]",[73],"[13, 85, 38, 22, 53, 21, 10, 71]",[0],[73],[],4,0.43060123920440674,"{""0"": 1.870499610900879, ""1"": 2.948776960372925, ""2"": -1.0, ""3"": -1.0}",1,0,"[38, 22, 21]","[0, 13, 85, 73, 53, 10, 71]","[38, 22, 21]","[0, 13, 85, 73, 53, 10, 71]","[38, 22, 21]",[],"[13, 85, 73, 53, 10, 71]",[0],"[38, 22, 21]","[0, 13, 85, 73, 53, 10, 71]","[38, 22, 21]",[],"[13, 85, 73, 53, 10, 71]",[0],3,0,6,1
260,10,5,"[4, 21, 93, 87, 34, 1, 0, 54, 10, 27]","[21, 93, 87, 34, 54, 10, 27]","[4, 1, 0]",0.6737870297523374,0.1952832603101118,2.0,0,0,"[4, 21, 93, 87, 34, 1, 0, 10, 27]",[54],"[4, 21, 93, 87, 34, 1, 0, 10, 27]",[54],"[21, 93, 87, 34, 10, 27]","[4, 1, 0]",[54],[],2,0.688302755355835,"{""0"": 4.277752876281738, ""1"": -1.0}",0,0,"[4, 21, 93, 87, 34, 1, 0, 27]","[54, 10]","[4, 21, 93, 87, 34, 1, 0, 27]","[54, 10]","[21, 93, 87, 34, 27]","[4, 1, 0]","[54, 10]",[],"[4, 21, 93, 87, 34, 1, 0, 27]","[54, 10]","[21, 93, 87, 34, 27]","[4, 1, 0]","[54, 10]",[],5,3,2,0
261,10,5,"[4, 49, 43, 35, 89, 76, 55, 52, 7, 22]","[49, 43, 35, 89, 76, 55, 52, 7, 22]",[4],0.9073377925945478,0.14016185058678643,2.0,0,0,"[4, 49, 35, 89, 76, 55, 52, 7, 22]",[43],"[4, 49, 35, 89, 76, 55, 52, 7, 22]",[43],"[49, 35, 89, 76, 55, 52, 7, 22]",[4],[43],[],2,0.39969202876091003,"{""0"": 1.564462423324585, ""1"": 1.6634825468063354}",1,0,"[49, 89]","[4, 43, 35, 76, 55, 52, 7, 22]","[49, 89]","[4, 43, 35, 76, 55, 52, 7, 22]","[49, 89]",[],"[43, 35, 76, 55, 52, 7, 22]",[4],"[49, 89]","[4, 43, 35, 76, 55, 52, 7, 22]","[49, 89]",[],"[43, 35, 76, 55, 52, 7, 22]",[4],2,0,7,1
262,10,5,"[2, 11, 35, 32, 44, 70, 93, 6, 36, 61]","[11, 35, 32, 44, 70, 93, 6, 36, 61]",[2],1.0020523559833745,0.09898075152884778,2.0,0,0,"[2, 11, 35, 44, 70, 93, 6, 36, 61]",[32],"[2, 11, 35, 44, 70, 93, 6, 36, 61]",[32],"[11, 35, 44, 70, 93, 6, 36, 61]",[2],[32],[],2,0.4273207485675812,"{""0"": 0.452199250459671, ""1"": -1.0}",0,0,"[11, 35, 44, 70, 93, 6, 36, 61]","[2, 32]","[11, 35, 44, 70, 93, 6, 36, 61]","[2, 32]","[11, 35, 44, 70, 93, 6, 36, 61]",[],[32],[2],"[11, 35, 44, 70, 93, 6, 36, 61]","[2, 32]","[11, 35, 44, 70, 93, 6, 36, 61]",[],[32],[2],8,0,1,1
263,10,5,"[0, 9, 72, 92, 4, 5, 39, 44, 7, 11]","[9, 72, 92, 5, 39, 44, 7, 11]","[0, 4]",0.9070978927527256,0.09659116666409379,2.0,0,0,"[0, 9, 72, 92, 4, 39, 44, 7, 11]",[5],"[0, 9, 72, 92, 4, 39, 44, 7, 11]",[5],"[9, 72, 92, 39, 44, 7, 11]","[0, 4]",[5],[],3,0.4540420174598694,"{""0"": 2.610751152038574, ""1"": 1.9250752925872803, ""2"": -1.0}",0,0,"[9, 72, 92, 4, 39, 11]","[0, 5, 44, 7]","[9, 72, 92, 4, 39, 11]","[0, 5, 44, 7]","[9, 72, 92, 39, 11]",[4],"[5, 44, 7]",[0],"[9, 72, 92, 4, 39, 11]","[0, 5, 44, 7]","[9, 72, 92, 39, 11]",[4],"[5, 44, 7]",[0],5,1,3,1
264,10,5,"[2, 96, 32, 9, 91, 15, 74, 42, 79, 81]","[96, 32, 9, 91, 15, 74, 42, 79, 81]",[2],0.7257627020072928,0.07970586344534203,2.0,0,0,"[2, 96, 32, 9, 91, 15, 42, 79, 81]",[74],"[2, 96, 32, 9, 91, 15, 42, 79, 81]",[74],"[96, 32, 9, 91, 15, 42, 79, 81]",[2],[74],[],2,0.3761175870895386,"{""0"": 0.9509149789810181, ""1"": -1.0}",0,0,"[96, 32, 9, 91, 15, 42, 79, 81]","[2, 74]","[96, 32, 9, 91, 15, 42, 79, 81]","[2, 74]","[96, 32, 9, 91, 15, 42, 79, 81]",[],[74],[2],"[96, 32, 9, 91, 15, 42, 79, 81]","[2, 74]","[96, 32, 9, 91, 15, 42, 79, 81]",[],[74],[2],8,0,1,1
265,10,5,"[3, 8, 20, 62, 52, 77, 25, 90, 36, 97]","[8, 20, 62, 52, 77, 25, 90, 36, 97]",[3],0.7783567450977243,0.172806861678941,2.0,0,0,"[3, 8, 20, 62, 52, 77, 25, 90, 36, 97]",[],"[3, 8, 20, 62, 52, 77, 25, 90, 36, 97]",[],"[8, 20, 62, 52, 77, 25, 90, 36, 97]",[3],[],[],3,0.4088701605796814,"{""0"": 1.9882405996322632, ""1"": 1.9587979316711426, ""2"": -1.0}",0,0,"[3, 8, 62, 77, 25, 90, 36]","[20, 52, 97]","[3, 8, 62, 77, 25, 90, 36]","[20, 52, 97]","[8, 62, 77, 25, 90, 36]",[3],"[20, 52, 97]",[],"[3, 8, 62, 77, 25, 90, 36]","[20, 52, 97]","[8, 62, 77, 25, 90, 36]",[3],"[20, 52, 97]",[],6,1,3,0
266,10,5,"[3, 63, 78, 56, 54, 7, 42, 33, 65, 43]","[63, 78, 56, 54, 7, 42, 33, 65, 43]",[3],0.746859774171865,0.07969613095955391,2.0,0,0,"[3, 63, 78, 56, 7, 42, 33, 65, 43]",[54],"[3, 63, 78, 56, 7, 42, 33, 65, 43]",[54],"[63, 78, 56, 7, 42, 33, 65, 43]",[3],[54],[],2,0.5345304608345032,"{""0"": 4.895697593688965, ""1"": -1.0}",0,0,"[3, 63, 78, 56, 7, 33, 65, 43]","[54, 42]","[3, 63, 78, 56, 7, 33, 65, 43]","[54, 42]","[63, 78, 56, 7, 33, 65, 43]",[3],"[54, 42]",[],"[3, 63, 78, 56, 7, 33, 65, 43]","[54, 42]","[63, 78, 56, 7, 33, 65, 43]",[3],"[54, 42]",[],7,1,2,0
267,10,5,"[3, 20, 41, 61, 45, 1, 35, 22, 23, 40]","[20, 41, 61, 45, 35, 22, 23, 40]","[3, 1]",0.7548391147241972,0.09621724078553417,2.0,0,0,"[3, 20, 41, 61, 45, 1, 35, 22, 23, 40]",[],"[3, 20, 41, 61, 45, 1, 35, 22, 23, 40]",[],"[20, 41, 61, 45, 35, 22, 23, 40]","[3, 1]",[],[],2,0.5020467042922974,"{""0"": 0.44464683532714844, ""1"": -1.0}",0,0,"[3, 20, 61, 45, 1, 35, 22, 23, 40]",[41],"[3, 20, 61, 45, 1, 35, 22, 23, 40]",[41],"[20, 61, 45, 35, 22, 23, 40]","[3, 1]",[41],[],"[3, 20, 61, 45, 1, 35, 22, 23, 40]",[41],"[20, 61, 45, 35, 22, 23, 40]","[3, 1]",[41],[],7,2,1,0
268,10,5,"[3, 34, 97, 8, 50, 76, 85, 96, 89, 65]","[34, 97, 8, 50, 76, 85, 96, 89, 65]",[3],0.717818754719507,0.12459234777684824,2.0,0,0,"[3, 34, 8, 50, 76, 85, 96, 89, 65]",[97],"[3, 34, 8, 50, 76, 85, 96, 89, 65]",[97],"[34, 8, 50, 76, 85, 96, 89, 65]",[3],[97],[],3,0.42952167987823486,"{""0"": 3.961526393890381, ""1"": 2.3822648525238037, ""2"": -1.0}",0,0,"[3, 8, 50, 89, 65]","[34, 97, 76, 85, 96]","[3, 8, 50, 89, 65]","[34, 97, 76, 85, 96]","[8, 50, 89, 65]",[3],"[34, 97, 76, 85, 96]",[],"[3, 8, 50, 89, 65]","[34, 97, 76, 85, 96]","[8, 50, 89, 65]",[3],"[34, 97, 76, 85, 96]",[],4,1,5,0
269,10,5,"[3, 97, 15, 94, 98, 63, 44, 34, 14, 95]","[97, 15, 94, 98, 63, 44, 34, 14, 95]",[3],0.8946338654778492,0.1536781700069027,2.0,0,0,"[3, 15, 94, 98, 63, 44, 34, 14, 95]",[97],"[3, 15, 94, 98, 63, 44, 34, 14, 95]",[97],"[15, 94, 98, 63, 44, 34, 14, 95]",[3],[97],[],2,0.5668323636054993,"{""0"": 3.581617593765259, ""1"": -1.0}",0,0,"[3, 15, 94, 98, 63, 44, 34, 14]","[97, 95]","[3, 15, 94, 98, 63, 44, 34, 14]","[97, 95]","[15, 94, 98, 63, 44, 34, 14]",[3],"[97, 95]",[],"[3, 15, 94, 98, 63, 44, 34, 14]","[97, 95]","[15, 94, 98, 63, 44, 34, 14]",[3],"[97, 95]",[],7,1,2,0
270,10,5,"[4, 21, 64, 14, 15, 39, 72, 13, 49, 8]","[21, 64, 14, 15, 39, 72, 13, 49, 8]",[4],0.7605594199401422,0.13312123098672912,2.0,0,0,"[4, 21, 64, 14, 15, 39, 72, 13, 49, 8]",[],"[4, 21, 64, 14, 15, 39, 72, 13, 49, 8]",[],"[21, 64, 14, 15, 39, 72, 13, 49, 8]",[4],[],[],2,0.3027096092700958,"{""0"": 0.4155367612838745, ""1"": -1.0}",0,0,"[4, 21, 64, 14, 15, 39, 72, 49, 8]",[13],"[4, 21, 64, 14, 15, 39, 72, 49, 8]",[13],"[21, 64, 14, 15, 39, 72, 49, 8]",[4],[13],[],"[4, 21, 64, 14, 15, 39, 72, 49, 8]",[13],"[21, 64, 14, 15, 39, 72, 49, 8]",[4],[13],[],8,1,1,0
271,10,5,"[2, 72, 3, 10, 73, 64, 86, 43, 46, 63]","[72, 10, 73, 64, 86, 43, 46, 63]","[2, 3]",0.7143516876298299,0.09167952910575655,2.0,0,0,"[2, 72, 3, 10, 64, 86, 43, 46, 63]",[73],"[2, 72, 3, 10, 64, 86, 43, 46, 63]",[73],"[72, 10, 64, 86, 43, 46, 63]","[2, 3]",[73],[],2,0.5049911141395569,"{""0"": 2.0436530113220215, ""1"": -1.0}",0,0,"[72, 3, 10, 64, 86, 43, 46, 63]","[2, 73]","[72, 3, 10, 64, 86, 43, 46, 63]","[2, 73]","[72, 10, 64, 86, 43, 46, 63]",[3],[73],[2],"[72, 3, 10, 64, 86, 43, 46, 63]","[2, 73]","[72, 10, 64, 86, 43, 46, 63]",[3],[73],[2],7,1,1,1
272,10,5,"[0, 72, 22, 52, 63, 95, 71, 49, 42, 6]","[72, 22, 52, 63, 95, 71, 49, 42, 6]",[0],0.857895985443878,0.10690245035811807,2.0,0,0,"[0, 72, 22, 63, 95, 71, 49, 42, 6]",[52],"[0, 72, 22, 63, 95, 71, 49, 42, 6]",[52],"[72, 22, 63, 95, 71, 49, 42, 6]",[0],[52],[],2,0.46021953225135803,"{""0"": 1.3115471601486206, ""1"": -1.0}",0,0,"[0, 72, 22, 63, 71, 49, 42, 6]","[52, 95]","[0, 72, 22, 63, 71, 49, 42, 6]","[52, 95]","[72, 22, 63, 71, 49, 42, 6]",[0],"[52, 95]",[],"[0, 72, 22, 63, 71, 49, 42, 6]","[52, 95]","[72, 22, 63, 71, 49, 42, 6]",[0],"[52, 95]",[],7,1,2,0
273,10,5,"[2, 35, 94, 38, 12, 39, 36, 96, 18, 80]","[35, 94, 38, 12, 39, 36, 96, 18, 80]",[2],0.6407402922189435,0.04834625352364513,2.0,0,0,"[35, 94, 38, 12, 39, 36, 96, 18, 80]",[2],"[35, 94, 38, 12, 39, 36, 96, 18, 80]",[2],"[35, 94, 38, 12, 39, 36, 96, 18, 80]",[],[],[2],2,0.32610487937927246,"{""0"": 2.150252342224121, ""1"": 2.082507848739624}",0,0,"[35, 39, 96]","[2, 94, 38, 12, 36, 18, 80]","[35, 39, 96]","[2, 94, 38, 12, 36, 18, 80]","[35, 39, 96]",[],"[94, 38, 12, 36, 18, 80]",[2],"[35, 39, 96]","[2, 94, 38, 12, 36, 18, 80]","[35, 39, 96]",[],"[94, 38, 12, 36, 18, 80]",[2],3,0,6,1
274,10,5,"[2, 99, 19, 96, 52, 64, 81, 3, 68, 69]","[99, 19, 96, 52, 64, 81, 68, 69]","[2, 3]",0.7268658924093874,0.10452301668201486,2.0,0,0,"[2, 99, 19, 96, 52, 64, 81, 3, 68, 69]",[],"[2, 99, 19, 96, 52, 64, 81, 3, 68, 69]",[],"[99, 19, 96, 52, 64, 81, 68, 69]","[2, 3]",[],[],2,0.4790153503417969,"{""0"": 1.1037448644638062, ""1"": -1.0}",0,0,"[99, 19, 96, 52, 64, 81, 3, 68, 69]",[2],"[99, 19, 96, 52, 64, 81, 3, 68, 69]",[2],"[99, 19, 96, 52, 64, 81, 68, 69]",[3],[],[2],"[99, 19, 96, 52, 64, 81, 3, 68, 69]",[2],"[99, 19, 96, 52, 64, 81, 68, 69]",[3],[],[2],8,1,0,1
275,10,5,"[0, 90, 45, 6, 9, 43, 16, 30, 57, 86]","[90, 45, 6, 9, 43, 16, 30, 57, 86]",[0],0.6568333902348258,0.10167618966107483,2.0,0,0,"[90, 45, 6, 9, 43, 16, 30, 57, 86]",[0],"[90, 45, 6, 9, 43, 16, 30, 57, 86]",[0],"[90, 45, 6, 9, 43, 16, 30, 57, 86]",[],[],[0],2,0.3806282877922058,"{""0"": 0.1664561778306961, ""1"": -1.0}",0,0,"[90, 45, 6, 43, 16, 30, 57, 86]","[0, 9]","[90, 45, 6, 43, 16, 30, 57, 86]","[0, 9]","[90, 45, 6, 43, 16, 30, 57, 86]",[],[9],[0],"[90, 45, 6, 43, 16, 30, 57, 86]","[0, 9]","[90, 45, 6, 43, 16, 30, 57, 86]",[],[9],[0],8,0,1,1
276,10,5,"[4, 85, 54, 99, 23, 53, 66, 33, 80, 57]","[85, 54, 99, 23, 53, 66, 33, 80, 57]",[4],0.691302672670866,0.06612905072007297,2.0,0,0,"[4, 99, 23, 53, 66, 33, 80, 57]","[85, 54]","[4, 99, 23, 53, 66, 33, 80, 57]","[85, 54]","[99, 23, 53, 66, 33, 80, 57]",[4],"[85, 54]",[],2,0.5374568104743958,"{""0"": 2.688490629196167, ""1"": -1.0}",0,0,"[99, 23, 53, 66, 33, 80, 57]","[4, 85, 54]","[99, 23, 53, 66, 33, 80, 57]","[4, 85, 54]","[99, 23, 53, 66, 33, 80, 57]",[],"[85, 54]",[4],"[99, 23, 53, 66, 33, 80, 57]","[4, 85, 54]","[99, 23, 53, 66, 33, 80, 57]",[],"[85, 54]",[4],7,0,2,1
277,10,5,"[0, 38, 19, 33, 9, 53, 93, 73, 86, 65]","[38, 19, 33, 9, 53, 93, 73, 86, 65]",[0],0.7412246111306855,0.054665476317208084,2.0,0,0,"[38, 19, 33, 9, 53, 86, 65]","[0, 93, 73]","[38, 19, 33, 9, 53, 86, 65]","[0, 93, 73]","[38, 19, 33, 9, 53, 86, 65]",[],"[93, 73]",[0],2,0.4906099736690521,"{""0"": 3.0455305576324463, ""1"": 1.9009218215942383}",0,0,"[38, 19, 33, 9, 86]","[0, 53, 93, 73, 65]","[38, 19, 33, 9, 86]","[0, 53, 93, 73, 65]","[38, 19, 33, 9, 86]",[],"[53, 93, 73, 65]",[0],"[38, 19, 33, 9, 86]","[0, 53, 93, 73, 65]","[38, 19, 33, 9, 86]",[],"[53, 93, 73, 65]",[0],5,0,4,1
278,10,5,"[0, 38, 20, 1, 57, 49, 85, 69, 11, 84]","[38, 20, 57, 49, 85, 69, 11, 84]","[0, 1]",0.7651743079554572,0.16330627707724232,2.0,0,0,"[0, 38, 20, 1, 57, 49, 85, 69, 11, 84]",[],"[0, 38, 20, 1, 57, 49, 85, 69, 11, 84]",[],"[38, 20, 57, 49, 85, 69, 11, 84]","[0, 1]",[],[],2,0.47498273849487305,"{""0"": 0.7630342841148376, ""1"": -1.0}",0,0,"[0, 38, 20, 1, 57, 49, 69, 11, 84]",[85],"[0, 38, 20, 1, 57, 49, 69, 11, 84]",[85],"[38, 20, 57, 49, 69, 11, 84]","[0, 1]",[85],[],"[0, 38, 20, 1, 57, 49, 69, 11, 84]",[85],"[38, 20, 57, 49, 69, 11, 84]","[0, 1]",[85],[],7,2,1,0
279,10,5,"[0, 6, 55, 69, 10, 34, 29, 47, 74, 61]","[6, 55, 69, 10, 34, 29, 47, 74, 61]",[0],0.7398017627537821,0.08568499841987215,2.0,0,0,"[0, 6, 55, 69, 10, 34, 29, 74, 61]",[47],"[0, 6, 55, 69, 10, 34, 29, 74, 61]",[47],"[6, 55, 69, 10, 34, 29, 74, 61]",[0],[47],[],2,0.6245001554489136,"{""0"": 2.504366874694824, ""1"": -1.0}",0,0,"[6, 55, 69, 10, 34, 29, 74, 61]","[0, 47]","[6, 55, 69, 10, 34, 29, 74, 61]","[0, 47]","[6, 55, 69, 10, 34, 29, 74, 61]",[],[47],[0],"[6, 55, 69, 10, 34, 29, 74, 61]","[0, 47]","[6, 55, 69, 10, 34, 29, 74, 61]",[],[47],[0],8,0,1,1
280,10,5,"[1, 86, 29, 77, 96, 84, 60, 51, 53, 95]","[86, 29, 77, 96, 84, 60, 51, 53, 95]",[1],0.6821871767631047,0.12975225092471737,2.0,0,0,"[1, 86, 29, 77, 96, 84, 60, 51, 53]",[95],"[1, 86, 29, 77, 96, 84, 60, 51, 53]",[95],"[86, 29, 77, 96, 84, 60, 51, 53]",[1],[95],[],2,0.5909478664398193,"{""0"": 5.2276201248168945, ""1"": 1.8496770858764648}",0,0,"[1, 86, 29, 77, 84, 60, 51]","[96, 53, 95]","[1, 86, 29, 77, 84, 60, 51]","[96, 53, 95]","[86, 29, 77, 84, 60, 51]",[1],"[96, 53, 95]",[],"[1, 86, 29, 77, 84, 60, 51]","[96, 53, 95]","[86, 29, 77, 84, 60, 51]",[1],"[96, 53, 95]",[],6,1,3,0
281,10,5,"[0, 88, 7, 41, 33, 16, 59, 11, 42, 5]","[88, 7, 41, 33, 16, 59, 11, 42, 5]",[0],0.8096079731941224,0.1223263791875775,2.0,0,0,"[7, 41, 33, 16, 59, 11, 42, 5]","[0, 88]","[7, 41, 33, 16, 59, 11, 42, 5]","[0, 88]","[7, 41, 33, 16, 59, 11, 42, 5]",[],[88],[0],2,0.7080087661743164,"{""0"": 3.702402114868164, ""1"": -1.0}",0,0,"[7, 41, 33, 16, 59, 11, 42]","[0, 88, 5]","[7, 41, 33, 16, 59, 11, 42]","[0, 88, 5]","[7, 41, 33, 16, 59, 11, 42]",[],"[88, 5]",[0],"[7, 41, 33, 16, 59, 11, 42]","[0, 88, 5]","[7, 41, 33, 16, 59, 11, 42]",[],"[88, 5]",[0],7,0,2,1
282,10,5,"[0, 64, 56, 2, 11, 89, 59, 45, 97, 15]","[64, 56, 11, 89, 59, 45, 97, 15]","[0, 2]",0.7792500109014837,0.04511880129367685,2.0,0,0,"[64, 56, 2, 11, 89, 45, 97, 15]","[0, 59]","[64, 56, 2, 11, 89, 45, 97, 15]","[0, 59]","[64, 56, 11, 89, 45, 97, 15]",[2],[59],[0],2,0.4662044048309326,"{""0"": 1.485715627670288, ""1"": -1.0}",0,0,"[64, 56, 11, 89, 45, 97, 15]","[0, 2, 59]","[64, 56, 11, 89, 45, 97, 15]","[0, 2, 59]","[64, 56, 11, 89, 45, 97, 15]",[],[59],"[0, 2]","[64, 56, 11, 89, 45, 97, 15]","[0, 2, 59]","[64, 56, 11, 89, 45, 97, 15]",[],[59],"[0, 2]",7,0,1,2
283,10,5,"[4, 0, 58, 61, 71, 33, 23, 65, 37, 48]","[58, 61, 71, 33, 23, 65, 37, 48]","[4, 0]",0.7919856172520374,0.16866460036146236,2.0,0,0,"[4, 0, 58, 61, 71, 33, 23, 65, 37]",[48],"[4, 0, 58, 61, 71, 33, 23, 65, 37]",[48],"[58, 61, 71, 33, 23, 65, 37]","[4, 0]",[48],[],3,0.3723319172859192,"{""0"": 2.0122013092041016, ""1"": -1.0, ""2"": -1.0}",0,0,"[4, 58, 61, 71, 33, 65, 37]","[0, 23, 48]","[4, 58, 61, 71, 33, 65, 37]","[0, 23, 48]","[58, 61, 71, 33, 65, 37]",[4],"[23, 48]",[0],"[4, 58, 61, 71, 33, 65, 37]","[0, 23, 48]","[58, 61, 71, 33, 65, 37]",[4],"[23, 48]",[0],6,1,2,1
284,10,5,"[2, 59, 56, 14, 68, 81, 55, 62, 6, 63]","[59, 56, 14, 68, 81, 55, 62, 6, 63]",[2],0.7659053574976509,0.08090709009244945,2.0,0,0,"[2, 59, 56, 14, 68, 81, 55, 62, 6, 63]",[],"[2, 59, 56, 14, 68, 81, 55, 62, 6, 63]",[],"[59, 56, 14, 68, 81, 55, 62, 6, 63]",[2],[],[],4,0.42836445569992065,"{""0"": 1.771799087524414, ""1"": 3.150777816772461, ""2"": 2.7915492057800293, ""3"": -1.0}",1,0,"[56, 14, 68, 55]","[2, 59, 81, 62, 6, 63]","[56, 14, 68, 55]","[2, 59, 81, 62, 6, 63]","[56, 14, 68, 55]",[],"[59, 81, 62, 6, 63]",[2],"[56, 14, 68, 55]","[2, 59, 81, 62, 6, 63]","[56, 14, 68, 55]",[],"[59, 81, 62, 6, 63]",[2],4,0,5,1
285,10,5,"[1, 89, 12, 78, 93, 21, 23, 71, 98, 30]","[89, 12, 78, 93, 21, 23, 71, 98, 30]",[1],0.6352568932306832,0.05508675222703191,2.0,0,0,"[1, 89, 12, 78, 93, 21, 98, 30]","[23, 71]","[1, 89, 12, 78, 93, 21, 98, 30]","[23, 71]","[89, 12, 78, 93, 21, 98, 30]",[1],"[23, 71]",[],2,0.37083297967910767,"{""0"": 0.6735416054725647, ""1"": -1.0}",0,0,"[1, 12, 78, 93, 21, 98, 30]","[89, 23, 71]","[1, 12, 78, 93, 21, 98, 30]","[89, 23, 71]","[12, 78, 93, 21, 98, 30]",[1],"[89, 23, 71]",[],"[1, 12, 78, 93, 21, 98, 30]","[89, 23, 71]","[12, 78, 93, 21, 98, 30]",[1],"[89, 23, 71]",[],6,1,3,0
286,10,5,"[2, 76, 16, 34, 27, 1, 82, 20, 15, 47]","[76, 16, 34, 27, 82, 20, 15, 47]","[2, 1]",0.6841814251113474,0.05084824699247198,2.0,0,0,"[76, 16, 34, 27, 1, 82, 20, 15]","[2, 47]","[76, 16, 34, 27, 1, 82, 20, 15]","[2, 47]","[76, 16, 34, 27, 82, 20, 15]",[1],[47],[2],2,0.5806752443313599,"{""0"": 1.7985585927963257, ""1"": -1.0}",0,0,"[76, 16, 34, 27, 1, 20, 15]","[2, 82, 47]","[76, 16, 34, 27, 1, 20, 15]","[2, 82, 47]","[76, 16, 34, 27, 20, 15]",[1],"[82, 47]",[2],"[76, 16, 34, 27, 1, 20, 15]","[2, 82, 47]","[76, 16, 34, 27, 20, 15]",[1],"[82, 47]",[2],6,1,2,1
287,10,5,"[1, 58, 23, 96, 47, 80, 63, 69, 29, 26]","[58, 23, 96, 47, 80, 63, 69, 29, 26]",[1],0.6775533221985652,0.06872724510412626,2.0,0,0,"[1, 58, 23, 96, 80, 63, 69, 29, 26]",[47],"[1, 58, 23, 96, 80, 63, 69, 29, 26]",[47],"[58, 23, 96, 80, 63, 69, 29, 26]",[1],[47],[],3,0.4528482258319855,"{""0"": 1.6161701679229736, ""1"": 1.7083179950714111, ""2"": 4.3303937911987305}",2,0,"[1, 23, 80, 63, 26]","[58, 96, 47, 69, 29]","[1, 23, 80, 63, 26]","[58, 96, 47, 69, 29]","[23, 80, 63, 26]",[1],"[58, 96, 47, 69, 29]",[],"[1, 23, 80, 63, 26]","[58, 96, 47, 69, 29]","[23, 80, 63, 26]",[1],"[58, 96, 47, 69, 29]",[],4,1,5,0
288,10,5,"[3, 60, 36, 89, 7, 68, 87, 74, 14, 22]","[60, 36, 89, 7, 68, 87, 74, 14, 22]",[3],0.6783927945279209,0.07893888493014073,2.0,0,0,"[3, 36, 89, 68, 87, 74, 14, 22]","[60, 7]","[3, 36, 89, 68, 87, 74, 14, 22]","[60, 7]","[36, 89, 68, 87, 74, 14, 22]",[3],"[60, 7]",[],2,0.7993206977844238,"{""0"": 5.724659442901611, ""1"": -1.0}",0,0,"[3, 36, 68, 87, 74, 14, 22]","[60, 89, 7]","[3, 36, 68, 87, 74, 14, 22]","[60, 89, 7]","[36, 68, 87, 74, 14, 22]",[3],"[60, 89, 7]",[],"[3, 36, 68, 87, 74, 14, 22]","[60, 89, 7]","[36, 68, 87, 74, 14, 22]",[3],"[60, 89, 7]",[],6,1,3,0
289,10,5,"[0, 45, 76, 75, 35, 37, 89, 60, 81, 99]","[45, 76, 75, 35, 37, 89, 60, 81, 99]",[0],0.7230970616200214,0.0776162830807659,2.0,0,0,"[45, 76, 75, 35, 37, 89, 60, 81, 99]",[0],"[45, 76, 75, 35, 37, 89, 60, 81, 99]",[0],"[45, 76, 75, 35, 37, 89, 60, 81, 99]",[],[],[0],2,0.5957246422767639,"{""0"": 1.8053593635559082, ""1"": -1.0}",0,0,"[45, 76, 75, 35, 37, 60, 81, 99]","[0, 89]","[45, 76, 75, 35, 37, 60, 81, 99]","[0, 89]","[45, 76, 75, 35, 37, 60, 81, 99]",[],[89],[0],"[45, 76, 75, 35, 37, 60, 81, 99]","[0, 89]","[45, 76, 75, 35, 37, 60, 81, 99]",[],[89],[0],8,0,1,1
290,10,5,"[3, 76, 95, 69, 70, 4, 12, 23, 86, 22]","[76, 95, 69, 70, 12, 23, 86, 22]","[3, 4]",0.6651354978036323,0.08325257000757957,2.0,0,0,"[3, 76, 69, 70, 4, 12, 23, 86, 22]",[95],"[3, 76, 69, 70, 4, 12, 23, 86, 22]",[95],"[76, 69, 70, 12, 23, 86, 22]","[3, 4]",[95],[],2,0.49774324893951416,"{""0"": 0.9234570264816284, ""1"": -1.0}",0,0,"[3, 76, 69, 70, 4, 12, 86, 22]","[95, 23]","[3, 76, 69, 70, 4, 12, 86, 22]","[95, 23]","[76, 69, 70, 12, 86, 22]","[3, 4]","[95, 23]",[],"[3, 76, 69, 70, 4, 12, 86, 22]","[95, 23]","[76, 69, 70, 12, 86, 22]","[3, 4]","[95, 23]",[],6,2,2,0
291,10,5,"[2, 97, 52, 17, 8, 69, 28, 54, 13, 96]","[97, 52, 17, 8, 69, 28, 54, 13, 96]",[2],0.7683433253003272,0.15037481878138004,2.0,0,0,"[2, 97, 52, 8, 69, 28, 54, 13, 96]",[17],"[2, 97, 52, 8, 69, 28, 54, 13, 96]",[17],"[97, 52, 8, 69, 28, 54, 13, 96]",[2],[17],[],2,0.6220314502716064,"{""0"": 1.1357440948486328, ""1"": -1.0}",0,0,"[2, 97, 52, 8, 69, 28, 13, 96]","[17, 54]","[2, 97, 52, 8, 69, 28, 13, 96]","[17, 54]","[97, 52, 8, 69, 28, 13, 96]",[2],"[17, 54]",[],"[2, 97, 52, 8, 69, 28, 13, 96]","[17, 54]","[97, 52, 8, 69, 28, 13, 96]",[2],"[17, 54]",[],7,1,2,0
292,10,5,"[0, 72, 70, 5, 20, 46, 63, 85, 9, 52]","[72, 70, 5, 20, 46, 63, 85, 9, 52]",[0],0.7568607725261237,0.1580685833685762,2.0,0,0,"[0, 72, 70, 5, 20, 46, 63, 85, 9, 52]",[],"[0, 72, 70, 5, 20, 46, 63, 85, 9, 52]",[],"[72, 70, 5, 20, 46, 63, 85, 9, 52]",[0],[],[],2,0.4475545883178711,"{""0"": 0.5034724473953247, ""1"": -1.0}",0,0,"[0, 72, 70, 5, 20, 63, 85, 9, 52]",[46],"[0, 72, 70, 5, 20, 63, 85, 9, 52]",[46],"[72, 70, 5, 20, 63, 85, 9, 52]",[0],[46],[],"[0, 72, 70, 5, 20, 63, 85, 9, 52]",[46],"[72, 70, 5, 20, 63, 85, 9, 52]",[0],[46],[],8,1,1,0
293,10,5,"[1, 92, 7, 95, 84, 51, 31, 59, 8, 29]","[92, 7, 95, 84, 51, 31, 59, 8, 29]",[1],0.7303719978627266,0.10745813647525415,2.0,0,0,"[1, 92, 7, 95, 84, 51, 59, 8, 29]",[31],"[1, 92, 7, 95, 84, 51, 59, 8, 29]",[31],"[92, 7, 95, 84, 51, 59, 8, 29]",[1],[31],[],2,0.5807279944419861,"{""0"": 2.821897506713867, ""1"": -1.0}",0,0,"[1, 92, 7, 84, 51, 59, 8, 29]","[95, 31]","[1, 92, 7, 84, 51, 59, 8, 29]","[95, 31]","[92, 7, 84, 51, 59, 8, 29]",[1],"[95, 31]",[],"[1, 92, 7, 84, 51, 59, 8, 29]","[95, 31]","[92, 7, 84, 51, 59, 8, 29]",[1],"[95, 31]",[],7,1,2,0
294,10,5,"[2, 44, 80, 46, 14, 41, 16, 51, 57, 49]","[44, 80, 46, 14, 41, 16, 51, 57, 49]",[2],0.6959004542288898,0.18438555097503728,2.0,0,0,"[2, 44, 80, 46, 14, 41, 16, 51, 57, 49]",[],"[2, 44, 80, 46, 14, 41, 16, 51, 57, 49]",[],"[44, 80, 46, 14, 41, 16, 51, 57, 49]",[2],[],[],2,0.6352260708808899,"{""0"": 3.8329498767852783, ""1"": 1.9370927810668945}",0,0,"[44, 80, 46, 14, 16, 51, 57, 49]","[2, 41]","[44, 80, 46, 14, 16, 51, 57, 49]","[2, 41]","[44, 80, 46, 14, 16, 51, 57, 49]",[],[41],[2],"[44, 80, 46, 14, 16, 51, 57, 49]","[2, 41]","[44, 80, 46, 14, 16, 51, 57, 49]",[],[41],[2],8,0,1,1
295,10,5,"[0, 56, 91, 53, 20, 74, 52, 45, 70, 51]","[56, 91, 53, 20, 74, 52, 45, 70, 51]",[0],0.7538903748525906,0.20422092126086533,2.0,0,0,"[0, 56, 91, 53, 20, 74, 52, 45, 70, 51]",[],"[0, 56, 91, 53, 20, 74, 52, 45, 70, 51]",[],"[56, 91, 53, 20, 74, 52, 45, 70, 51]",[0],[],[],3,0.413428395986557,"{""0"": 1.7967149019241333, ""1"": 3.5331640243530273, ""2"": -1.0}",1,0,"[56, 91, 20, 74, 45, 51]","[0, 53, 52, 70]","[56, 91, 20, 74, 45, 51]","[0, 53, 52, 70]","[56, 91, 20, 74, 45, 51]",[],"[53, 52, 70]",[0],"[56, 91, 20, 74, 45, 51]","[0, 53, 52, 70]","[56, 91, 20, 74, 45, 51]",[],"[53, 52, 70]",[0],6,0,3,1
296,10,5,"[1, 50, 7, 17, 47, 32, 49, 66, 63, 25]","[50, 7, 17, 47, 32, 49, 66, 63, 25]",[1],0.7895900253657266,0.1558307887271222,2.0,0,0,"[1, 50, 7, 32, 49, 66, 63, 25]","[17, 47]","[1, 50, 7, 32, 49, 66, 63, 25]","[17, 47]","[50, 7, 32, 49, 66, 63, 25]",[1],"[17, 47]",[],4,0.370728075504303,"{""0"": 1.6611881256103516, ""1"": 1.1134685277938843, ""2"": 2.5978267192840576, ""3"": -1.0}",2,0,"[1, 63, 25]","[50, 7, 17, 47, 32, 49, 66]","[1, 63, 25]","[50, 7, 17, 47, 32, 49, 66]","[63, 25]",[1],"[50, 7, 17, 47, 32, 49, 66]",[],"[1, 63, 25]","[50, 7, 17, 47, 32, 49, 66]","[63, 25]",[1],"[50, 7, 17, 47, 32, 49, 66]",[],2,1,7,0
297,10,5,"[1, 8, 80, 19, 23, 42, 36, 47, 6, 71]","[8, 80, 19, 23, 42, 36, 47, 6, 71]",[1],0.8558352073736353,0.11162241038751025,2.0,0,0,"[8, 19, 23, 42, 36, 6, 71]","[1, 80, 47]","[8, 19, 23, 42, 36, 6, 71]","[1, 80, 47]","[8, 19, 23, 42, 36, 6, 71]",[],"[80, 47]",[1],2,0.2620008587837219,"{""0"": 1.603372573852539, ""1"": 1.271819829940796}",0,0,"[8, 19, 23, 36, 6]","[1, 80, 42, 47, 71]","[8, 19, 23, 36, 6]","[1, 80, 42, 47, 71]","[8, 19, 23, 36, 6]",[],"[80, 42, 47, 71]",[1],"[8, 19, 23, 36, 6]","[1, 80, 42, 47, 71]","[8, 19, 23, 36, 6]",[],"[80, 42, 47, 71]",[1],5,0,4,1
298,10,5,"[0, 50, 79, 35, 3, 57, 72, 60, 27, 84]","[50, 79, 35, 57, 72, 60, 27, 84]","[0, 3]",0.6560479829672916,0.07031037805798807,2.0,0,0,"[79, 35, 3, 57, 72, 27, 84]","[0, 50, 60]","[79, 35, 3, 57, 72, 27, 84]","[0, 50, 60]","[79, 35, 57, 72, 27, 84]",[3],"[50, 60]",[0],2,0.5702322721481323,"{""0"": 4.109314441680908, ""1"": -1.0}",0,0,"[79, 3, 57, 72, 27, 84]","[0, 50, 35, 60]","[79, 3, 57, 72, 27, 84]","[0, 50, 35, 60]","[79, 57, 72, 27, 84]",[3],"[50, 35, 60]",[0],"[79, 3, 57, 72, 27, 84]","[0, 50, 35, 60]","[79, 57, 72, 27, 84]",[3],"[50, 35, 60]",[0],5,1,3,1
299,10,5,"[4, 64, 13, 69, 26, 82, 37, 16, 97, 8]","[64, 13, 69, 26, 82, 37, 16, 97, 8]",[4],0.7545143436052006,0.07217137024588455,2.0,0,0,"[64, 13, 69, 26, 82, 37, 16, 97, 8]",[4],"[64, 13, 69, 26, 82, 37, 16, 97, 8]",[4],"[64, 13, 69, 26, 82, 37, 16, 97, 8]",[],[],[4],3,0.4612411856651306,"{""0"": 4.1999053955078125, ""1"": 1.973276138305664, ""2"": -1.0}",0,0,"[64, 69, 26, 37, 16, 8]","[4, 13, 82, 97]","[64, 69, 26, 37, 16, 8]","[4, 13, 82, 97]","[64, 69, 26, 37, 16, 8]",[],"[13, 82, 97]",[4],"[64, 69, 26, 37, 16, 8]","[4, 13, 82, 97]","[64, 69, 26, 37, 16, 8]",[],"[13, 82, 97]",[4],6,0,3,1
300,10,5,"[0, 82, 1, 56, 50, 42, 70, 38, 66, 37]","[82, 56, 50, 42, 70, 38, 66, 37]","[0, 1]",0.6997316520342013,0.10136894761108173,2.0,0,0,"[82, 1, 56, 50, 42, 70, 38, 66, 37]",[0],"[82, 1, 56, 50, 42, 70, 38, 66, 37]",[0],"[82, 56, 50, 42, 70, 38, 66, 37]",[1],[],[0],2,0.5178208947181702,"{""0"": 2.4986255168914795, ""1"": -1.0}",0,0,"[82, 1, 56, 50, 70, 38, 66, 37]","[0, 42]","[82, 1, 56, 50, 70, 38, 66, 37]","[0, 42]","[82, 56, 50, 70, 38, 66, 37]",[1],[42],[0],"[82, 1, 56, 50, 70, 38, 66, 37]","[0, 42]","[82, 56, 50, 70, 38, 66, 37]",[1],[42],[0],7,1,1,1
301,10,5,"[1, 92, 97, 73, 30, 4, 0, 36, 56, 8]","[92, 97, 73, 30, 36, 56, 8]","[1, 4, 0]",0.7286639214600774,0.14974869493192944,2.0,0,0,"[1, 92, 97, 30, 4, 0, 36, 56, 8]",[73],"[1, 92, 97, 30, 4, 0, 36, 56, 8]",[73],"[92, 97, 30, 36, 56, 8]","[1, 4, 0]",[73],[],2,0.49429717659950256,"{""0"": 2.7716426849365234, ""1"": 4.004571437835693}",1,0,"[1, 92, 97, 4, 56, 8]","[73, 30, 0, 36]","[1, 92, 97, 4, 56, 8]","[73, 30, 0, 36]","[92, 97, 56, 8]","[1, 4]","[73, 30, 36]",[0],"[1, 92, 97, 4, 56, 8]","[73, 30, 0, 36]","[92, 97, 56, 8]","[1, 4]","[73, 30, 36]",[0],4,2,3,1
302,10,5,"[1, 90, 41, 84, 92, 54, 0, 91, 69, 78]","[90, 41, 84, 92, 54, 91, 69, 78]","[1, 0]",0.9267925664698755,0.1606914261062471,2.0,0,0,"[1, 90, 41, 84, 92, 91, 69, 78]","[54, 0]","[1, 90, 41, 84, 92, 91, 69, 78]","[54, 0]","[90, 41, 84, 92, 91, 69, 78]",[1],[54],[0],2,0.6047002673149109,"{""0"": 3.7719132900238037, ""1"": -1.0}",0,0,"[1, 90, 41, 84, 92, 91, 78]","[54, 0, 69]","[1, 90, 41, 84, 92, 91, 78]","[54, 0, 69]","[90, 41, 84, 92, 91, 78]",[1],"[54, 69]",[0],"[1, 90, 41, 84, 92, 91, 78]","[54, 0, 69]","[90, 41, 84, 92, 91, 78]",[1],"[54, 69]",[0],6,1,2,1
303,10,5,"[3, 5, 50, 36, 73, 88, 32, 61, 48, 80]","[5, 50, 36, 73, 88, 32, 61, 48, 80]",[3],0.8515398126572435,0.2709585626058445,2.0,0,0,"[3, 50, 36, 73, 88, 32, 61, 48, 80]",[5],"[3, 50, 36, 73, 88, 32, 61, 48, 80]",[5],"[50, 36, 73, 88, 32, 61, 48, 80]",[3],[5],[],2,0.5803440809249878,"{""0"": 3.173632860183716, ""1"": -1.0}",0,0,"[3, 50, 36, 88, 32, 61, 48, 80]","[5, 73]","[3, 50, 36, 88, 32, 61, 48, 80]","[5, 73]","[50, 36, 88, 32, 61, 48, 80]",[3],"[5, 73]",[],"[3, 50, 36, 88, 32, 61, 48, 80]","[5, 73]","[50, 36, 88, 32, 61, 48, 80]",[3],"[5, 73]",[],7,1,2,0
304,10,5,"[0, 37, 60, 79, 7, 82, 41, 96, 71, 32]","[37, 60, 79, 7, 82, 41, 96, 71, 32]",[0],1.0479793619033904,0.14443120330000636,2.0,0,0,"[0, 37, 60, 79, 7, 82, 41, 96, 71]",[32],"[0, 37, 60, 79, 7, 82, 41, 96, 71]",[32],"[37, 60, 79, 7, 82, 41, 96, 71]",[0],[32],[],4,0.4524203836917877,"{""0"": 2.3681981563568115, ""1"": -1.0, ""2"": 3.5484843254089355, ""3"": -1.0}",2,0,"[37, 60, 79, 7]","[0, 82, 41, 96, 71, 32]","[37, 60, 79, 7]","[0, 82, 41, 96, 71, 32]","[37, 60, 79, 7]",[],"[82, 41, 96, 71, 32]",[0],"[37, 60, 79, 7]","[0, 82, 41, 96, 71, 32]","[37, 60, 79, 7]",[],"[82, 41, 96, 71, 32]",[0],4,0,5,1
305,10,5,"[0, 34, 61, 2, 17, 63, 84, 68, 74, 4]","[34, 61, 17, 63, 84, 68, 74]","[0, 2, 4]",1.0809704967190488,0.1167125137693465,2.0,0,0,"[0, 34, 61, 2, 63, 84, 68, 74, 4]",[17],"[0, 34, 61, 2, 63, 84, 68, 74, 4]",[17],"[34, 61, 63, 84, 68, 74]","[0, 2, 4]",[17],[],2,0.4523175060749054,"{""0"": 1.1734541654586792, ""1"": -1.0}",0,0,"[34, 61, 2, 63, 84, 68, 74, 4]","[0, 17]","[34, 61, 2, 63, 84, 68, 74, 4]","[0, 17]","[34, 61, 63, 84, 68, 74]","[2, 4]",[17],[0],"[34, 61, 2, 63, 84, 68, 74, 4]","[0, 17]","[34, 61, 63, 84, 68, 74]","[2, 4]",[17],[0],6,2,1,1
306,10,5,"[1, 59, 55, 34, 48, 15, 25, 0, 88, 99]","[59, 55, 34, 48, 15, 25, 88, 99]","[1, 0]",0.896350376614646,0.14193687599198512,2.0,0,0,"[1, 59, 55, 34, 48, 15, 25, 0, 99]",[88],"[1, 59, 55, 34, 48, 15, 25, 0, 99]",[88],"[59, 55, 34, 48, 15, 25, 99]","[1, 0]",[88],[],2,0.6532071232795715,"{""0"": 1.9805784225463867, ""1"": 4.380095958709717}",1,0,"[1, 59, 55, 34, 15, 25, 0]","[48, 88, 99]","[1, 59, 55, 34, 15, 25, 0]","[48, 88, 99]","[59, 55, 34, 15, 25]","[1, 0]","[48, 88, 99]",[],"[1, 59, 55, 34, 15, 25, 0]","[48, 88, 99]","[59, 55, 34, 15, 25]","[1, 0]","[48, 88, 99]",[],5,2,3,0
307,10,5,"[0, 42, 81, 7, 16, 80, 70, 63, 43, 39]","[42, 81, 7, 16, 80, 70, 63, 43, 39]",[0],0.9553086148697488,0.1182754326523599,2.0,0,0,"[0, 42, 81, 7, 16, 70, 63, 43, 39]",[80],"[0, 42, 81, 7, 16, 70, 63, 43, 39]",[80],"[42, 81, 7, 16, 70, 63, 43, 39]",[0],[80],[],2,0.6263560652732849,"{""0"": 1.4583005905151367, ""1"": -1.0}",0,0,"[42, 81, 7, 16, 70, 63, 43, 39]","[0, 80]","[42, 81, 7, 16, 70, 63, 43, 39]","[0, 80]","[42, 81, 7, 16, 70, 63, 43, 39]",[],[80],[0],"[42, 81, 7, 16, 70, 63, 43, 39]","[0, 80]","[42, 81, 7, 16, 70, 63, 43, 39]",[],[80],[0],8,0,1,1
308,10,5,"[3, 27, 70, 66, 0, 37, 24, 63, 40, 4]","[27, 70, 66, 37, 24, 63, 40]","[3, 0, 4]",0.6412202197451622,0.02592079280915832,2.0,0,0,"[3, 27, 70, 66, 37, 40, 4]","[0, 24, 63]","[3, 27, 70, 66, 37, 40, 4]","[0, 24, 63]","[27, 70, 66, 37, 40]","[3, 4]","[24, 63]",[0],2,0.3996594548225403,"{""0"": 1.9191699028015137, ""1"": -1.0}",0,0,"[3, 27, 70, 66, 37, 40]","[0, 24, 63, 4]","[3, 27, 70, 66, 37, 40]","[0, 24, 63, 4]","[27, 70, 66, 37, 40]",[3],"[24, 63]","[0, 4]","[3, 27, 70, 66, 37, 40]","[0, 24, 63, 4]","[27, 70, 66, 37, 40]",[3],"[24, 63]","[0, 4]",5,1,2,2
309,10,5,"[3, 21, 66, 22, 65, 42, 0, 57, 45, 41]","[21, 66, 22, 65, 42, 57, 45, 41]","[3, 0]",0.9117061069990842,0.1435408967043587,2.0,0,0,"[3, 21, 66, 22, 65, 42, 0, 57, 45, 41]",[],"[3, 21, 66, 22, 65, 42, 0, 57, 45, 41]",[],"[21, 66, 22, 65, 42, 57, 45, 41]","[3, 0]",[],[],2,0.4348811209201813,"{""0"": 2.212921619415283, ""1"": 1.928652286529541}",0,0,"[3, 21, 66, 22, 42, 0, 57, 45]","[65, 41]","[3, 21, 66, 22, 42, 0, 57, 45]","[65, 41]","[21, 66, 22, 42, 57, 45]","[3, 0]","[65, 41]",[],"[3, 21, 66, 22, 42, 0, 57, 45]","[65, 41]","[21, 66, 22, 42, 57, 45]","[3, 0]","[65, 41]",[],6,2,2,0
310,10,5,"[1, 24, 2, 48, 89, 18, 69, 47, 10, 41]","[24, 48, 89, 18, 69, 47, 10, 41]","[1, 2]",0.9048862894038444,0.10019528371140485,2.0,0,0,"[1, 2, 48, 89, 18, 69, 10, 41]","[24, 47]","[1, 2, 48, 89, 18, 69, 10, 41]","[24, 47]","[48, 89, 18, 69, 10, 41]","[1, 2]","[24, 47]",[],2,0.4792478680610657,"{""0"": 1.6228984594345093, ""1"": -1.0}",0,0,"[1, 2, 48, 89, 18, 69, 41]","[24, 47, 10]","[1, 2, 48, 89, 18, 69, 41]","[24, 47, 10]","[48, 89, 18, 69, 41]","[1, 2]","[24, 47, 10]",[],"[1, 2, 48, 89, 18, 69, 41]","[24, 47, 10]","[48, 89, 18, 69, 41]","[1, 2]","[24, 47, 10]",[],5,2,3,0
311,10,5,"[2, 8, 15, 25, 43, 21, 33, 60, 11, 12]","[8, 15, 25, 43, 21, 33, 60, 11, 12]",[2],0.9226520321172976,0.15607609918199772,2.0,0,0,"[2, 8, 15, 25, 43, 21, 33, 11, 12]",[60],"[2, 8, 15, 25, 43, 21, 33, 11, 12]",[60],"[8, 15, 25, 43, 21, 33, 11, 12]",[2],[60],[],2,0.5341867804527283,"{""0"": 2.45072078704834, ""1"": -1.0}",0,0,"[8, 15, 25, 43, 21, 33, 11, 12]","[2, 60]","[8, 15, 25, 43, 21, 33, 11, 12]","[2, 60]","[8, 15, 25, 43, 21, 33, 11, 12]",[],[60],[2],"[8, 15, 25, 43, 21, 33, 11, 12]","[2, 60]","[8, 15, 25, 43, 21, 33, 11, 12]",[],[60],[2],8,0,1,1
312,10,5,"[3, 71, 66, 61, 87, 98, 45, 1, 93, 47]","[71, 66, 61, 87, 98, 45, 93, 47]","[3, 1]",0.7469619873606961,0.14516830975616057,2.0,0,0,"[3, 71, 66, 61, 87, 98, 45, 1, 93]",[47],"[3, 71, 66, 61, 87, 98, 45, 1, 93]",[47],"[71, 66, 61, 87, 98, 45, 93]","[3, 1]",[47],[],2,0.6568912863731384,"{""0"": 1.9799683094024658, ""1"": 5.6214704513549805}",1,0,"[3, 61, 87, 98, 45, 1, 93]","[71, 66, 47]","[3, 61, 87, 98, 45, 1, 93]","[71, 66, 47]","[61, 87, 98, 45, 93]","[3, 1]","[71, 66, 47]",[],"[3, 61, 87, 98, 45, 1, 93]","[71, 66, 47]","[61, 87, 98, 45, 93]","[3, 1]","[71, 66, 47]",[],5,2,3,0
313,10,5,"[0, 27, 80, 96, 89, 16, 68, 82, 35, 12]","[27, 80, 96, 89, 16, 68, 82, 35, 12]",[0],0.94257725572899,0.09102022589477654,2.0,0,0,"[27, 80, 96, 89, 68, 82, 12]","[0, 16, 35]","[27, 80, 96, 89, 68, 82, 12]","[0, 16, 35]","[27, 80, 96, 89, 68, 82, 12]",[],"[16, 35]",[0],2,0.5992730855941772,"{""0"": 3.9180808067321777, ""1"": 1.8325579166412354}",0,0,"[27, 80, 68, 82, 12]","[0, 96, 89, 16, 35]","[27, 80, 68, 82, 12]","[0, 96, 89, 16, 35]","[27, 80, 68, 82, 12]",[],"[96, 89, 16, 35]",[0],"[27, 80, 68, 82, 12]","[0, 96, 89, 16, 35]","[27, 80, 68, 82, 12]",[],"[96, 89, 16, 35]",[0],5,0,4,1
314,10,5,"[4, 3, 46, 96, 12, 38, 14, 17, 2, 92]","[46, 96, 12, 38, 14, 17, 92]","[4, 3, 2]",0.9572178456195063,0.1729140838343518,2.0,0,0,"[4, 3, 46, 96, 12, 38, 14, 17, 2, 92]",[],"[4, 3, 46, 96, 12, 38, 14, 17, 2, 92]",[],"[46, 96, 12, 38, 14, 17, 92]","[4, 3, 2]",[],[],3,0.41293635964393616,"{""0"": 0.9056820869445801, ""1"": -1.0, ""2"": -1.0}",0,0,"[4, 3, 46, 96, 12, 38, 14, 92]","[17, 2]","[4, 3, 46, 96, 12, 38, 14, 92]","[17, 2]","[46, 96, 12, 38, 14, 92]","[4, 3]",[17],[2],"[4, 3, 46, 96, 12, 38, 14, 92]","[17, 2]","[46, 96, 12, 38, 14, 92]","[4, 3]",[17],[2],6,2,1,1
315,10,5,"[0, 64, 34, 81, 6, 36, 95, 48, 9, 43]","[64, 34, 81, 6, 36, 95, 48, 9, 43]",[0],0.8402350466138593,0.09916863882119431,2.0,0,0,"[64, 34, 81, 6, 36, 95, 9, 43]","[0, 48]","[64, 34, 81, 6, 36, 95, 9, 43]","[0, 48]","[64, 34, 81, 6, 36, 95, 9, 43]",[],[48],[0],3,0.5146538019180298,"{""0"": 3.919809341430664, ""1"": -1.0, ""2"": 1.9760632514953613}",0,0,"[64, 34, 81, 6, 9]","[0, 36, 95, 48, 43]","[64, 34, 81, 6, 9]","[0, 36, 95, 48, 43]","[64, 34, 81, 6, 9]",[],"[36, 95, 48, 43]",[0],"[64, 34, 81, 6, 9]","[0, 36, 95, 48, 43]","[64, 34, 81, 6, 9]",[],"[36, 95, 48, 43]",[0],5,0,4,1
316,10,5,"[3, 75, 78, 28, 99, 20, 61, 53, 90, 80]","[75, 78, 28, 99, 20, 61, 53, 90, 80]",[3],0.77056540966291,0.05677305532273563,2.0,0,0,"[3, 75, 78, 28, 20, 61, 53, 90]","[99, 80]","[3, 75, 78, 28, 20, 61, 53, 90]","[99, 80]","[75, 78, 28, 20, 61, 53, 90]",[3],"[99, 80]",[],3,0.4541827440261841,"{""0"": 2.0242648124694824, ""1"": -1.0, ""2"": 1.7972676753997803}",0,0,"[3, 20, 61, 53, 90]","[75, 78, 28, 99, 80]","[3, 20, 61, 53, 90]","[75, 78, 28, 99, 80]","[20, 61, 53, 90]",[3],"[75, 78, 28, 99, 80]",[],"[3, 20, 61, 53, 90]","[75, 78, 28, 99, 80]","[20, 61, 53, 90]",[3],"[75, 78, 28, 99, 80]",[],4,1,5,0
317,10,5,"[1, 49, 72, 74, 75, 34, 58, 29, 66, 60]","[49, 72, 74, 75, 34, 58, 29, 66, 60]",[1],0.6782248135624324,0.05580916199185981,2.0,0,0,"[1, 72, 74, 75, 34, 58, 29, 66, 60]",[49],"[1, 72, 74, 75, 34, 58, 29, 66, 60]",[49],"[72, 74, 75, 34, 58, 29, 66, 60]",[1],[49],[],2,0.37981459498405457,"{""0"": 0.7677802443504333, ""1"": -1.0}",0,0,"[1, 72, 74, 34, 58, 29, 66, 60]","[49, 75]","[1, 72, 74, 34, 58, 29, 66, 60]","[49, 75]","[72, 74, 34, 58, 29, 66, 60]",[1],"[49, 75]",[],"[1, 72, 74, 34, 58, 29, 66, 60]","[49, 75]","[72, 74, 34, 58, 29, 66, 60]",[1],"[49, 75]",[],7,1,2,0
318,10,5,"[4, 26, 6, 73, 20, 87, 48, 23, 27, 78]","[26, 6, 73, 20, 87, 48, 23, 27, 78]",[4],0.5983523950669365,0.11319916778788841,2.0,0,0,"[4, 26, 6, 20, 87, 23, 27, 78]","[73, 48]","[4, 26, 6, 20, 87, 23, 27, 78]","[73, 48]","[26, 6, 20, 87, 23, 27, 78]",[4],"[73, 48]",[],2,0.7403811812400818,"{""0"": 3.6723814010620117, ""1"": -1.0}",0,0,"[4, 6, 20, 87, 23, 27, 78]","[26, 73, 48]","[4, 6, 20, 87, 23, 27, 78]","[26, 73, 48]","[6, 20, 87, 23, 27, 78]",[4],"[26, 73, 48]",[],"[4, 6, 20, 87, 23, 27, 78]","[26, 73, 48]","[6, 20, 87, 23, 27, 78]",[4],"[26, 73, 48]",[],6,1,3,0
319,10,5,"[0, 49, 7, 47, 53, 26, 6, 57, 11, 20]","[49, 7, 47, 53, 26, 6, 57, 11, 20]",[0],0.7463915222742901,0.18799929946996852,2.0,0,0,"[0, 49, 7, 47, 53, 26, 6, 57, 11, 20]",[],"[0, 49, 7, 47, 53, 26, 6, 57, 11, 20]",[],"[49, 7, 47, 53, 26, 6, 57, 11, 20]",[0],[],[],2,0.5377389192581177,"{""0"": 2.094771385192871, ""1"": -1.0}",0,0,"[49, 7, 47, 53, 26, 6, 57, 11, 20]",[0],"[49, 7, 47, 53, 26, 6, 57, 11, 20]",[0],"[49, 7, 47, 53, 26, 6, 57, 11, 20]",[],[],[0],"[49, 7, 47, 53, 26, 6, 57, 11, 20]",[0],"[49, 7, 47, 53, 26, 6, 57, 11, 20]",[],[],[0],9,0,0,1
320,10,5,"[2, 16, 27, 62, 79, 39, 12, 18, 83, 41]","[16, 27, 62, 79, 39, 12, 18, 83, 41]",[2],0.608581027816985,0.12312165943420353,2.0,0,0,"[2, 16, 27, 62, 79, 39, 12, 18, 83, 41]",[],"[2, 16, 27, 62, 79, 39, 12, 18, 83, 41]",[],"[16, 27, 62, 79, 39, 12, 18, 83, 41]",[2],[],[],2,0.5277107357978821,"{""0"": 1.685288667678833, ""1"": 1.9031312465667725}",1,0,"[2, 41]","[16, 27, 62, 79, 39, 12, 18, 83]","[2, 41]","[16, 27, 62, 79, 39, 12, 18, 83]",[41],[2],"[16, 27, 62, 79, 39, 12, 18, 83]",[],"[2, 41]","[16, 27, 62, 79, 39, 12, 18, 83]",[41],[2],"[16, 27, 62, 79, 39, 12, 18, 83]",[],1,1,8,0
321,10,5,"[4, 9, 73, 29, 56, 50, 75, 37, 25, 39]","[9, 73, 29, 56, 50, 75, 37, 25, 39]",[4],0.7761350906349462,0.07226056099613631,2.0,0,0,"[4, 29, 56, 50, 75, 37, 25, 39]","[9, 73]","[4, 29, 56, 50, 75, 37, 25, 39]","[9, 73]","[29, 56, 50, 75, 37, 25, 39]",[4],"[9, 73]",[],2,0.4762711226940155,"{""0"": 2.568169116973877, ""1"": -1.0}",0,0,"[4, 29, 56, 50, 75, 25, 39]","[9, 73, 37]","[4, 29, 56, 50, 75, 25, 39]","[9, 73, 37]","[29, 56, 50, 75, 25, 39]",[4],"[9, 73, 37]",[],"[4, 29, 56, 50, 75, 25, 39]","[9, 73, 37]","[29, 56, 50, 75, 25, 39]",[4],"[9, 73, 37]",[],6,1,3,0
322,10,5,"[1, 55, 45, 87, 89, 25, 11, 85, 40, 95]","[55, 45, 87, 89, 25, 11, 85, 40, 95]",[1],0.6404042044208548,0.08788843281102804,2.0,0,0,"[1, 55, 45, 87, 89, 25, 11, 85, 40]",[95],"[1, 55, 45, 87, 89, 25, 11, 85, 40]",[95],"[55, 45, 87, 89, 25, 11, 85, 40]",[1],[95],[],2,0.4210706353187561,"{""0"": 2.6255030632019043, ""1"": -1.0}",0,0,"[1, 55, 45, 87, 89, 25, 11, 40]","[85, 95]","[1, 55, 45, 87, 89, 25, 11, 40]","[85, 95]","[55, 45, 87, 89, 25, 11, 40]",[1],"[85, 95]",[],"[1, 55, 45, 87, 89, 25, 11, 40]","[85, 95]","[55, 45, 87, 89, 25, 11, 40]",[1],"[85, 95]",[],7,1,2,0
323,10,5,"[2, 89, 77, 36, 48, 54, 71, 98, 16, 5]","[89, 77, 36, 48, 54, 71, 98, 16, 5]",[2],0.6750609537596428,0.18314667401009566,2.0,0,0,"[2, 89, 77, 36, 48, 71, 98, 16, 5]",[54],"[2, 89, 77, 36, 48, 71, 98, 16, 5]",[54],"[89, 77, 36, 48, 71, 98, 16, 5]",[2],[54],[],2,0.4179786741733551,"{""0"": 2.5258936882019043, ""1"": -1.0}",0,0,"[2, 89, 77, 36, 71, 98, 16, 5]","[48, 54]","[2, 89, 77, 36, 71, 98, 16, 5]","[48, 54]","[89, 77, 36, 71, 98, 16, 5]",[2],"[48, 54]",[],"[2, 89, 77, 36, 71, 98, 16, 5]","[48, 54]","[89, 77, 36, 71, 98, 16, 5]",[2],"[48, 54]",[],7,1,2,0
324,10,5,"[4, 75, 41, 14, 38, 49, 90, 30, 84, 69]","[75, 41, 14, 38, 49, 90, 30, 84, 69]",[4],0.8371507864585335,0.12450026874741638,2.0,0,0,"[4, 75, 41, 14, 38, 49, 90, 30, 84, 69]",[],"[4, 75, 41, 14, 38, 49, 90, 30, 84, 69]",[],"[75, 41, 14, 38, 49, 90, 30, 84, 69]",[4],[],[],2,0.507947564125061,"{""0"": 1.2577600479125977, ""1"": 2.3096776008605957}",1,0,"[75, 14, 38, 49, 90, 30, 84, 69]","[4, 41]","[75, 14, 38, 49, 90, 30, 84, 69]","[4, 41]","[75, 14, 38, 49, 90, 30, 84, 69]",[],[41],[4],"[75, 14, 38, 49, 90, 30, 84, 69]","[4, 41]","[75, 14, 38, 49, 90, 30, 84, 69]",[],[41],[4],8,0,1,1
325,10,5,"[3, 80, 71, 75, 62, 53, 30, 31, 87, 98]","[80, 71, 75, 62, 53, 30, 31, 87, 98]",[3],0.6974829626483761,0.15729597187556227,2.0,0,0,"[3, 80, 71, 75, 62, 53, 30, 87, 98]",[31],"[3, 80, 71, 75, 62, 53, 30, 87, 98]",[31],"[80, 71, 75, 62, 53, 30, 87, 98]",[3],[31],[],2,0.6656741499900818,"{""0"": 5.678117752075195, ""1"": -1.0}",0,0,"[3, 80, 71, 75, 62, 53, 87, 98]","[30, 31]","[3, 80, 71, 75, 62, 53, 87, 98]","[30, 31]","[80, 71, 75, 62, 53, 87, 98]",[3],"[30, 31]",[],"[3, 80, 71, 75, 62, 53, 87, 98]","[30, 31]","[80, 71, 75, 62, 53, 87, 98]",[3],"[30, 31]",[],7,1,2,0
326,10,5,"[0, 17, 26, 2, 36, 20, 27, 31, 29, 89]","[17, 26, 36, 20, 27, 31, 29, 89]","[0, 2]",0.8638638325728782,0.15376498158542112,2.0,0,0,"[0, 26, 2, 36, 20, 27, 29, 89]","[17, 31]","[0, 26, 2, 36, 20, 27, 29, 89]","[17, 31]","[26, 36, 20, 27, 29, 89]","[0, 2]","[17, 31]",[],2,0.6041790246963501,"{""0"": 1.7869412899017334, ""1"": 1.9820737838745117}",1,0,"[0, 36]","[17, 26, 2, 20, 27, 31, 29, 89]","[0, 36]","[17, 26, 2, 20, 27, 31, 29, 89]",[36],[0],"[17, 26, 20, 27, 31, 29, 89]",[2],"[0, 36]","[17, 26, 2, 20, 27, 31, 29, 89]",[36],[0],"[17, 26, 20, 27, 31, 29, 89]",[2],1,1,7,1
327,10,5,"[4, 68, 81, 98, 31, 14, 85, 73, 50, 0]","[68, 81, 98, 31, 14, 85, 73, 50]","[4, 0]",0.9911712082624156,0.16125982496307512,2.0,0,0,"[4, 68, 81, 98, 31, 14, 85, 73, 50]",[0],"[4, 68, 81, 98, 31, 14, 85, 73, 50]",[0],"[68, 81, 98, 31, 14, 85, 73, 50]",[4],[],[0],2,0.6537341475486755,"{""0"": 1.9964330196380615, ""1"": -1.0}",0,0,"[4, 68, 81, 98, 14, 85, 73, 50]","[31, 0]","[4, 68, 81, 98, 14, 85, 73, 50]","[31, 0]","[68, 81, 98, 14, 85, 73, 50]",[4],[31],[0],"[4, 68, 81, 98, 14, 85, 73, 50]","[31, 0]","[68, 81, 98, 14, 85, 73, 50]",[4],[31],[0],7,1,1,1
328,10,5,"[1, 42, 4, 79, 93, 92, 85, 20, 64, 3]","[42, 79, 93, 92, 85, 20, 64]","[1, 4, 3]",1.0304836973793583,0.11398885765441946,2.0,0,0,"[1, 42, 4, 79, 93, 92, 20, 64, 3]",[85],"[1, 42, 4, 79, 93, 92, 20, 64, 3]",[85],"[42, 79, 93, 92, 20, 64]","[1, 4, 3]",[85],[],2,0.4097971022129059,"{""0"": 0.2679292857646942, ""1"": -1.0}",0,0,"[1, 42, 4, 79, 93, 92, 64, 3]","[85, 20]","[1, 42, 4, 79, 93, 92, 64, 3]","[85, 20]","[42, 79, 93, 92, 64]","[1, 4, 3]","[85, 20]",[],"[1, 42, 4, 79, 93, 92, 64, 3]","[85, 20]","[42, 79, 93, 92, 64]","[1, 4, 3]","[85, 20]",[],5,3,2,0
329,10,5,"[2, 0, 4, 40, 32, 70, 56, 49, 55, 66]","[40, 32, 70, 56, 49, 55, 66]","[2, 0, 4]",0.750719245129063,0.17417768145731155,2.0,0,0,"[2, 0, 4, 40, 32, 70, 56, 49, 55, 66]",[],"[2, 0, 4, 40, 32, 70, 56, 49, 55, 66]",[],"[40, 32, 70, 56, 49, 55, 66]","[2, 0, 4]",[],[],4,0.34753578901290894,"{""0"": 2.260927200317383, ""1"": 3.195955991744995, ""2"": -1.0, ""3"": -1.0}",1,0,"[0, 40, 32, 56]","[2, 4, 70, 49, 55, 66]","[0, 40, 32, 56]","[2, 4, 70, 49, 55, 66]","[40, 32, 56]",[0],"[70, 49, 55, 66]","[2, 4]","[0, 40, 32, 56]","[2, 4, 70, 49, 55, 66]","[40, 32, 56]",[0],"[70, 49, 55, 66]","[2, 4]",3,1,4,2
330,10,5,"[2, 60, 6, 64, 84, 20, 50, 95, 21, 41]","[60, 6, 64, 84, 20, 50, 95, 21, 41]",[2],1.0544294914961228,0.17957972834623837,2.0,0,0,"[2, 60, 6, 64, 84, 20, 50, 95, 21, 41]",[],"[2, 60, 6, 64, 84, 20, 50, 95, 21, 41]",[],"[60, 6, 64, 84, 20, 50, 95, 21, 41]",[2],[],[],3,0.6218391060829163,"{""0"": 1.659576416015625, ""1"": 5.286848545074463, ""2"": 1.8602666854858398}",1,0,"[60, 6, 64, 20, 50, 21]","[2, 84, 95, 41]","[60, 6, 64, 20, 50, 21]","[2, 84, 95, 41]","[60, 6, 64, 20, 50, 21]",[],"[84, 95, 41]",[2],"[60, 6, 64, 20, 50, 21]","[2, 84, 95, 41]","[60, 6, 64, 20, 50, 21]",[],"[84, 95, 41]",[2],6,0,3,1
331,10,5,"[3, 94, 65, 78, 54, 55, 26, 53, 4, 46]","[94, 65, 78, 54, 55, 26, 53, 46]","[3, 4]",0.7320438996720919,0.08387443892675511,2.0,0,0,"[3, 65, 78, 55, 26, 53, 46]","[94, 54, 4]","[3, 65, 78, 55, 26, 53, 46]","[94, 54, 4]","[65, 78, 55, 26, 53, 46]",[3],"[94, 54]",[4],3,0.5106934905052185,"{""0"": 3.1771068572998047, ""1"": 1.967625617980957, ""2"": -1.0}",0,0,"[3, 78, 26, 46]","[94, 65, 54, 55, 53, 4]","[3, 78, 26, 46]","[94, 65, 54, 55, 53, 4]","[78, 26, 46]",[3],"[94, 65, 54, 55, 53]",[4],"[3, 78, 26, 46]","[94, 65, 54, 55, 53, 4]","[78, 26, 46]",[3],"[94, 65, 54, 55, 53]",[4],3,1,5,1
332,10,5,"[1, 63, 25, 68, 8, 72, 19, 26, 6, 73]","[63, 25, 68, 8, 72, 19, 26, 6, 73]",[1],0.6920869541315899,0.11249146254809267,2.0,0,0,"[1, 63, 25, 68, 8, 72, 26, 6]","[19, 73]","[1, 63, 25, 68, 8, 72, 26, 6]","[19, 73]","[63, 25, 68, 8, 72, 26, 6]",[1],"[19, 73]",[],3,0.5019378662109375,"{""0"": 3.2557547092437744, ""1"": 1.8474233150482178, ""2"": 1.8175897598266602}",0,0,"[1, 63, 26, 6]","[25, 68, 8, 72, 19, 73]","[1, 63, 26, 6]","[25, 68, 8, 72, 19, 73]","[63, 26, 6]",[1],"[25, 68, 8, 72, 19, 73]",[],"[1, 63, 26, 6]","[25, 68, 8, 72, 19, 73]","[63, 26, 6]",[1],"[25, 68, 8, 72, 19, 73]",[],3,1,6,0
333,10,5,"[3, 4, 12, 78, 75, 70, 22, 38, 60, 64]","[12, 78, 75, 70, 22, 38, 60, 64]","[3, 4]",0.6211614132421424,0.037551675038370036,2.0,0,0,"[3, 4, 12, 78, 75, 22, 38, 64]","[70, 60]","[3, 4, 12, 78, 75, 22, 38, 64]","[70, 60]","[12, 78, 75, 22, 38, 64]","[3, 4]","[70, 60]",[],2,0.40735214948654175,"{""0"": 0.4615458846092224, ""1"": -1.0}",0,0,"[3, 4, 12, 78, 22, 38, 64]","[75, 70, 60]","[3, 4, 12, 78, 22, 38, 64]","[75, 70, 60]","[12, 78, 22, 38, 64]","[3, 4]","[75, 70, 60]",[],"[3, 4, 12, 78, 22, 38, 64]","[75, 70, 60]","[12, 78, 22, 38, 64]","[3, 4]","[75, 70, 60]",[],5,2,3,0
334,10,5,"[0, 81, 88, 60, 47, 13, 68, 89, 51, 18]","[81, 88, 60, 47, 13, 68, 89, 51, 18]",[0],0.7702557210247399,0.10657045842844609,2.0,0,0,"[0, 81, 60, 13, 68, 89, 51, 18]","[88, 47]","[0, 81, 60, 13, 68, 89, 51, 18]","[88, 47]","[81, 60, 13, 68, 89, 51, 18]",[0],"[88, 47]",[],2,0.6515878438949585,"{""0"": 4.301512241363525, ""1"": 2.968203067779541}",0,0,"[81, 60, 68, 89, 18]","[0, 88, 47, 13, 51]","[81, 60, 68, 89, 18]","[0, 88, 47, 13, 51]","[81, 60, 68, 89, 18]",[],"[88, 47, 13, 51]",[0],"[81, 60, 68, 89, 18]","[0, 88, 47, 13, 51]","[81, 60, 68, 89, 18]",[],"[88, 47, 13, 51]",[0],5,0,4,1
335,10,5,"[0, 1, 73, 65, 85, 81, 84, 53, 25, 52]","[73, 65, 85, 81, 84, 53, 25, 52]","[0, 1]",0.8152490059101217,0.05559775804826461,2.0,0,0,"[1, 65, 85, 81, 84, 53, 25]","[0, 73, 52]","[1, 65, 85, 81, 84, 53, 25]","[0, 73, 52]","[65, 85, 81, 84, 53, 25]",[1],"[73, 52]",[0],2,0.3339157998561859,"{""0"": 1.0368701219558716, ""1"": 1.9213690757751465}",1,0,"[65, 53]","[0, 1, 73, 85, 81, 84, 25, 52]","[65, 53]","[0, 1, 73, 85, 81, 84, 25, 52]","[65, 53]",[],"[73, 85, 81, 84, 25, 52]","[0, 1]","[65, 53]","[0, 1, 73, 85, 81, 84, 25, 52]","[65, 53]",[],"[73, 85, 81, 84, 25, 52]","[0, 1]",2,0,6,2
336,10,5,"[3, 68, 88, 23, 65, 84, 9, 55, 70, 74]","[68, 88, 23, 65, 84, 9, 55, 70, 74]",[3],0.6609754712260558,0.074282588394178,2.0,0,0,"[3, 68, 23, 65, 84, 9, 55, 70, 74]",[88],"[3, 68, 23, 65, 84, 9, 55, 70, 74]",[88],"[68, 23, 65, 84, 9, 55, 70, 74]",[3],[88],[],2,0.35967957973480225,"{""0"": 1.6108360290527344, ""1"": -1.0}",0,0,"[3, 68, 23, 65, 84, 9, 70, 74]","[88, 55]","[3, 68, 23, 65, 84, 9, 70, 74]","[88, 55]","[68, 23, 65, 84, 9, 70, 74]",[3],"[88, 55]",[],"[3, 68, 23, 65, 84, 9, 70, 74]","[88, 55]","[68, 23, 65, 84, 9, 70, 74]",[3],"[88, 55]",[],7,1,2,0
337,10,5,"[3, 1, 49, 52, 65, 88, 68, 9, 21, 63]","[49, 52, 65, 88, 68, 9, 21, 63]","[3, 1]",0.6880646585396699,0.18600055495650358,2.0,0,0,"[3, 1, 49, 52, 65, 68, 9, 21, 63]",[88],"[3, 1, 49, 52, 65, 68, 9, 21, 63]",[88],"[49, 52, 65, 68, 9, 21, 63]","[3, 1]",[88],[],2,0.555343747138977,"{""0"": 1.3278248310089111, ""1"": 5.115769386291504}",1,0,"[3, 1, 52, 65, 9, 21, 63]","[49, 88, 68]","[3, 1, 52, 65, 9, 21, 63]","[49, 88, 68]","[52, 65, 9, 21, 63]","[3, 1]","[49, 88, 68]",[],"[3, 1, 52, 65, 9, 21, 63]","[49, 88, 68]","[52, 65, 9, 21, 63]","[3, 1]","[49, 88, 68]",[],5,2,3,0
338,10,5,"[4, 7, 40, 94, 21, 48, 22, 70, 87, 35]","[7, 40, 94, 21, 48, 22, 70, 87, 35]",[4],0.7535666303491284,0.14016732598676307,2.0,0,0,"[4, 40, 94, 21, 48, 22, 70, 87, 35]",[7],"[4, 40, 94, 21, 48, 22, 70, 87, 35]",[7],"[40, 94, 21, 48, 22, 70, 87, 35]",[4],[7],[],2,0.6243343353271484,"{""0"": 2.9024248123168945, ""1"": -1.0}",0,0,"[4, 40, 94, 21, 22, 70, 87, 35]","[7, 48]","[4, 40, 94, 21, 22, 70, 87, 35]","[7, 48]","[40, 94, 21, 22, 70, 87, 35]",[4],"[7, 48]",[],"[4, 40, 94, 21, 22, 70, 87, 35]","[7, 48]","[40, 94, 21, 22, 70, 87, 35]",[4],"[7, 48]",[],7,1,2,0
339,10,5,"[3, 42, 65, 2, 55, 70, 10, 87, 58, 77]","[42, 65, 55, 70, 10, 87, 58, 77]","[3, 2]",0.8776041104948626,0.08325564242568323,2.0,0,0,"[3, 42, 65, 2, 55, 70, 10, 87, 58, 77]",[],"[3, 42, 65, 2, 55, 70, 10, 87, 58, 77]",[],"[42, 65, 55, 70, 10, 87, 58, 77]","[3, 2]",[],[],3,0.5490409135818481,"{""0"": 1.4904857873916626, ""1"": 4.368594169616699, ""2"": 1.9074733257293701}",1,0,"[3, 55, 70, 87, 58, 77]","[42, 65, 2, 10]","[3, 55, 70, 87, 58, 77]","[42, 65, 2, 10]","[55, 70, 87, 58, 77]",[3],"[42, 65, 10]",[2],"[3, 55, 70, 87, 58, 77]","[42, 65, 2, 10]","[55, 70, 87, 58, 77]",[3],"[42, 65, 10]",[2],5,1,3,1
340,10,5,"[1, 21, 81, 37, 13, 86, 79, 59, 78, 57]","[21, 81, 37, 13, 86, 79, 59, 78, 57]",[1],0.8541819974941317,0.1031699721863959,2.0,0,0,"[1, 21, 81, 37, 13, 86, 79, 59, 78, 57]",[],"[1, 21, 81, 37, 13, 86, 79, 59, 78, 57]",[],"[21, 81, 37, 13, 86, 79, 59, 78, 57]",[1],[],[],2,0.5467850565910339,"{""0"": 1.0295885801315308, ""1"": -1.0}",0,0,"[1, 21, 81, 37, 13, 86, 79, 78, 57]",[59],"[1, 21, 81, 37, 13, 86, 79, 78, 57]",[59],"[21, 81, 37, 13, 86, 79, 78, 57]",[1],[59],[],"[1, 21, 81, 37, 13, 86, 79, 78, 57]",[59],"[21, 81, 37, 13, 86, 79, 78, 57]",[1],[59],[],8,1,1,0
341,10,5,"[0, 28, 16, 6, 72, 8, 68, 34, 93, 1]","[28, 16, 6, 72, 8, 68, 34, 93]","[0, 1]",0.6241380397095406,0.05804461107017217,2.0,0,0,"[28, 16, 6, 72, 8, 68, 34, 1]","[0, 93]","[28, 16, 6, 72, 8, 68, 34, 1]","[0, 93]","[28, 16, 6, 72, 8, 68, 34]",[1],[93],[0],4,0.46278059482574463,"{""0"": 2.363964319229126, ""1"": 1.9299421310424805, ""2"": 1.9854257106781006, ""3"": -1.0}",0,0,"[28, 16, 1]","[0, 6, 72, 8, 68, 34, 93]","[28, 16, 1]","[0, 6, 72, 8, 68, 34, 93]","[28, 16]",[1],"[6, 72, 8, 68, 34, 93]",[0],"[28, 16, 1]","[0, 6, 72, 8, 68, 34, 93]","[28, 16]",[1],"[6, 72, 8, 68, 34, 93]",[0],2,1,6,1
342,10,5,"[4, 70, 45, 93, 34, 33, 68, 59, 71, 74]","[70, 45, 93, 34, 33, 68, 59, 71, 74]",[4],0.7422736869859539,0.05783579429806612,2.0,0,0,"[4, 70, 45, 33, 68, 59, 74]","[93, 34, 71]","[4, 70, 45, 33, 68, 59, 74]","[93, 34, 71]","[70, 45, 33, 68, 59, 74]",[4],"[93, 34, 71]",[],2,0.36016225814819336,"{""0"": 0.3783653676509857, ""1"": -1.0}",0,0,"[70, 45, 33, 68, 59, 74]","[4, 93, 34, 71]","[70, 45, 33, 68, 59, 74]","[4, 93, 34, 71]","[70, 45, 33, 68, 59, 74]",[],"[93, 34, 71]",[4],"[70, 45, 33, 68, 59, 74]","[4, 93, 34, 71]","[70, 45, 33, 68, 59, 74]",[],"[93, 34, 71]",[4],6,0,3,1
343,10,5,"[0, 35, 69, 32, 25, 33, 54, 41, 70, 49]","[35, 69, 32, 25, 33, 54, 41, 70, 49]",[0],0.8487566635058923,0.08672641500991013,2.0,0,0,"[0, 35, 69, 32, 25, 33, 41, 70, 49]",[54],"[0, 35, 69, 32, 25, 33, 41, 70, 49]",[54],"[35, 69, 32, 25, 33, 41, 70, 49]",[0],[54],[],2,0.42255717515945435,"{""0"": 3.439830780029297, ""1"": -1.0}",0,0,"[0, 35, 69, 32, 25, 33, 70, 49]","[54, 41]","[0, 35, 69, 32, 25, 33, 70, 49]","[54, 41]","[35, 69, 32, 25, 33, 70, 49]",[0],"[54, 41]",[],"[0, 35, 69, 32, 25, 33, 70, 49]","[54, 41]","[35, 69, 32, 25, 33, 70, 49]",[0],"[54, 41]",[],7,1,2,0
344,10,5,"[3, 95, 82, 18, 50, 8, 24, 13, 28, 9]","[95, 82, 18, 50, 8, 24, 13, 28, 9]",[3],0.724901908748976,0.11904715580612829,2.0,0,0,"[3, 82, 18, 50, 8, 24, 13, 28, 9]",[95],"[3, 82, 18, 50, 8, 24, 13, 28, 9]",[95],"[82, 18, 50, 8, 24, 13, 28, 9]",[3],[95],[],3,0.6503297090530396,"{""0"": 2.5375051498413086, ""1"": 1.984133005142212, ""2"": 1.9782533645629883}",0,0,"[3, 82, 50, 28, 9]","[95, 18, 8, 24, 13]","[3, 82, 50, 28, 9]","[95, 18, 8, 24, 13]","[82, 50, 28, 9]",[3],"[95, 18, 8, 24, 13]",[],"[3, 82, 50, 28, 9]","[95, 18, 8, 24, 13]","[82, 50, 28, 9]",[3],"[95, 18, 8, 24, 13]",[],4,1,5,0
345,10,5,"[4, 89, 3, 55, 91, 96, 94, 54, 39, 8]","[89, 55, 91, 96, 94, 54, 39, 8]","[4, 3]",0.731473964767647,0.18485981723713252,2.0,0,0,"[4, 89, 3, 55, 91, 96, 94, 54, 39, 8]",[],"[4, 89, 3, 55, 91, 96, 94, 54, 39, 8]",[],"[89, 55, 91, 96, 94, 54, 39, 8]","[4, 3]",[],[],2,0.7290014624595642,"{""0"": 3.9838461875915527, ""1"": -1.0}",0,0,"[4, 89, 3, 55, 91, 96, 94, 39, 8]",[54],"[4, 89, 3, 55, 91, 96, 94, 39, 8]",[54],"[89, 55, 91, 96, 94, 39, 8]","[4, 3]",[54],[],"[4, 89, 3, 55, 91, 96, 94, 39, 8]",[54],"[89, 55, 91, 96, 94, 39, 8]","[4, 3]",[54],[],7,2,1,0
346,10,5,"[2, 82, 78, 74, 61, 88, 39, 29, 4, 68]","[82, 78, 74, 61, 88, 39, 29, 68]","[2, 4]",0.7046899805451989,0.05795598928125806,2.0,0,0,"[2, 82, 78, 61, 29, 4, 68]","[74, 88, 39]","[2, 82, 78, 61, 29, 4, 68]","[74, 88, 39]","[82, 78, 61, 29, 68]","[2, 4]","[74, 88, 39]",[],2,0.44727054238319397,"{""0"": 3.0691874027252197, ""1"": -1.0}",0,0,"[82, 78, 61, 29, 4, 68]","[2, 74, 88, 39]","[82, 78, 61, 29, 4, 68]","[2, 74, 88, 39]","[82, 78, 61, 29, 68]",[4],"[74, 88, 39]",[2],"[82, 78, 61, 29, 4, 68]","[2, 74, 88, 39]","[82, 78, 61, 29, 68]",[4],"[74, 88, 39]",[2],5,1,3,1
347,10,5,"[3, 93, 72, 1, 90, 28, 57, 68, 23, 83]","[93, 72, 90, 28, 57, 68, 23, 83]","[3, 1]",0.6720590032225429,0.08502933449116123,2.0,0,0,"[3, 93, 72, 1, 90, 28, 57, 68, 23, 83]",[],"[3, 93, 72, 1, 90, 28, 57, 68, 23, 83]",[],"[93, 72, 90, 28, 57, 68, 23, 83]","[3, 1]",[],[],2,0.5989941954612732,"{""0"": 3.5831332206726074, ""1"": 1.878143310546875}",0,0,"[3, 93, 1, 90, 57, 68, 23, 83]","[72, 28]","[3, 93, 1, 90, 57, 68, 23, 83]","[72, 28]","[93, 90, 57, 68, 23, 83]","[3, 1]","[72, 28]",[],"[3, 93, 1, 90, 57, 68, 23, 83]","[72, 28]","[93, 90, 57, 68, 23, 83]","[3, 1]","[72, 28]",[],6,2,2,0
348,10,5,"[2, 91, 31, 57, 14, 17, 54, 95, 68, 64]","[91, 31, 57, 14, 17, 54, 95, 68, 64]",[2],0.7398914126413316,0.291289457228557,2.0,0,0,"[2, 91, 31, 57, 14, 17, 54, 95, 68, 64]",[],"[2, 91, 31, 57, 14, 17, 54, 95, 68, 64]",[],"[91, 31, 57, 14, 17, 54, 95, 68, 64]",[2],[],[],2,0.7118136286735535,"{""0"": 2.879852294921875, ""1"": 5.616432189941406}",1,0,"[91, 31, 57, 14, 17, 68, 64]","[2, 54, 95]","[91, 31, 57, 14, 17, 68, 64]","[2, 54, 95]","[91, 31, 57, 14, 17, 68, 64]",[],"[54, 95]",[2],"[91, 31, 57, 14, 17, 68, 64]","[2, 54, 95]","[91, 31, 57, 14, 17, 68, 64]",[],"[54, 95]",[2],7,0,2,1
349,10,5,"[0, 37, 11, 43, 41, 63, 70, 82, 13, 31]","[37, 11, 43, 41, 63, 70, 82, 13, 31]",[0],0.7639339956180532,0.1068959501421583,2.0,0,0,"[0, 37, 11, 43, 41, 63, 70, 82, 13]",[31],"[0, 37, 11, 43, 41, 63, 70, 82, 13]",[31],"[37, 11, 43, 41, 63, 70, 82, 13]",[0],[31],[],3,0.4595150947570801,"{""0"": 1.8328067064285278, ""1"": -1.0, ""2"": -1.0}",0,0,"[37, 11, 43, 63, 70, 82, 13]","[0, 41, 31]","[37, 11, 43, 63, 70, 82, 13]","[0, 41, 31]","[37, 11, 43, 63, 70, 82, 13]",[],"[41, 31]",[0],"[37, 11, 43, 63, 70, 82, 13]","[0, 41, 31]","[37, 11, 43, 63, 70, 82, 13]",[],"[41, 31]",[0],7,0,2,1
350,10,5,"[3, 26, 92, 10, 37, 22, 16, 62, 86, 44]","[26, 92, 10, 37, 22, 16, 62, 86, 44]",[3],0.6743390126506538,0.16979205470288655,2.0,0,0,"[3, 26, 92, 10, 37, 22, 16, 62, 86, 44]",[],"[3, 26, 92, 10, 37, 22, 16, 62, 86, 44]",[],"[26, 92, 10, 37, 22, 16, 62, 86, 44]",[3],[],[],2,0.6929396390914917,"{""0"": 1.779007911682129, ""1"": 4.843029499053955}",1,0,"[3, 92, 10, 37, 22, 16, 62, 86]","[26, 44]","[3, 92, 10, 37, 22, 16, 62, 86]","[26, 44]","[92, 10, 37, 22, 16, 62, 86]",[3],"[26, 44]",[],"[3, 92, 10, 37, 22, 16, 62, 86]","[26, 44]","[92, 10, 37, 22, 16, 62, 86]",[3],"[26, 44]",[],7,1,2,0
351,10,5,"[3, 18, 35, 62, 77, 78, 36, 93, 33, 32]","[18, 35, 62, 77, 78, 36, 93, 33, 32]",[3],0.6464965943915763,0.043153462432037104,2.0,0,0,"[3, 35, 62, 77, 78, 36, 33]","[18, 93, 32]","[3, 35, 62, 77, 78, 36, 33]","[18, 93, 32]","[35, 62, 77, 78, 36, 33]",[3],"[18, 93, 32]",[],3,0.4102366268634796,"{""0"": 2.5589470863342285, ""1"": 2.147693395614624, ""2"": -1.0}",0,0,"[35, 78, 33]","[3, 18, 62, 77, 36, 93, 32]","[35, 78, 33]","[3, 18, 62, 77, 36, 93, 32]","[35, 78, 33]",[],"[18, 62, 77, 36, 93, 32]",[3],"[35, 78, 33]","[3, 18, 62, 77, 36, 93, 32]","[35, 78, 33]",[],"[18, 62, 77, 36, 93, 32]",[3],3,0,6,1
352,10,5,"[1, 15, 64, 70, 21, 58, 29, 93, 5, 46]","[15, 64, 70, 21, 58, 29, 93, 5, 46]",[1],0.6467562106434512,0.08323911084799301,2.0,0,0,"[1, 15, 64, 70, 21, 58, 29, 93, 5, 46]",[],"[1, 15, 64, 70, 21, 58, 29, 93, 5, 46]",[],"[15, 64, 70, 21, 58, 29, 93, 5, 46]",[1],[],[],2,0.4697361886501312,"{""0"": 1.3442230224609375, ""1"": -1.0}",0,0,"[1, 15, 64, 70, 21, 29, 93, 5, 46]",[58],"[1, 15, 64, 70, 21, 29, 93, 5, 46]",[58],"[15, 64, 70, 21, 29, 93, 5, 46]",[1],[58],[],"[1, 15, 64, 70, 21, 29, 93, 5, 46]",[58],"[15, 64, 70, 21, 29, 93, 5, 46]",[1],[58],[],8,1,1,0
353,10,5,"[4, 62, 53, 56, 18, 5, 68, 40, 1, 57]","[62, 53, 56, 18, 5, 68, 40, 57]","[4, 1]",0.6905793671734393,0.08384535576356522,2.0,0,0,"[4, 53, 56, 18, 68, 40, 1]","[62, 5, 57]","[4, 53, 56, 18, 68, 40, 1]","[62, 5, 57]","[53, 56, 18, 68, 40]","[4, 1]","[62, 5, 57]",[],2,0.6698935627937317,"{""0"": 2.8995275497436523, ""1"": 3.2542214393615723}",1,0,"[4, 53, 68, 1]","[62, 56, 18, 5, 40, 57]","[4, 53, 68, 1]","[62, 56, 18, 5, 40, 57]","[53, 68]","[4, 1]","[62, 56, 18, 5, 40, 57]",[],"[4, 53, 68, 1]","[62, 56, 18, 5, 40, 57]","[53, 68]","[4, 1]","[62, 56, 18, 5, 40, 57]",[],2,2,6,0
354,10,5,"[4, 36, 92, 52, 33, 1, 98, 15, 43, 57]","[36, 92, 52, 33, 98, 15, 43, 57]","[4, 1]",0.6462455788695359,0.0874648881242735,2.0,0,0,"[4, 36, 92, 52, 33, 1, 98, 15, 43, 57]",[],"[4, 36, 92, 52, 33, 1, 98, 15, 43, 57]",[],"[36, 92, 52, 33, 98, 15, 43, 57]","[4, 1]",[],[],2,0.6137001514434814,"{""0"": 1.7897875308990479, ""1"": -1.0}",0,0,"[4, 92, 52, 33, 1, 98, 15, 43, 57]",[36],"[4, 92, 52, 33, 1, 98, 15, 43, 57]",[36],"[92, 52, 33, 98, 15, 43, 57]","[4, 1]",[36],[],"[4, 92, 52, 33, 1, 98, 15, 43, 57]",[36],"[92, 52, 33, 98, 15, 43, 57]","[4, 1]",[36],[],7,2,1,0
355,10,5,"[3, 38, 53, 50, 18, 15, 77, 79, 90, 63]","[38, 53, 50, 18, 15, 77, 79, 90, 63]",[3],0.8258213369098316,0.04624488747511718,2.0,0,0,"[3, 38, 53, 50, 15, 77, 90, 63]","[18, 79]","[3, 38, 53, 50, 15, 77, 90, 63]","[18, 79]","[38, 53, 50, 15, 77, 90, 63]",[3],"[18, 79]",[],2,0.5514266490936279,"{""0"": 1.4546672105789185, ""1"": -1.0}",0,0,"[3, 38, 53, 15, 77, 90, 63]","[50, 18, 79]","[3, 38, 53, 15, 77, 90, 63]","[50, 18, 79]","[38, 53, 15, 77, 90, 63]",[3],"[50, 18, 79]",[],"[3, 38, 53, 15, 77, 90, 63]","[50, 18, 79]","[38, 53, 15, 77, 90, 63]",[3],"[50, 18, 79]",[],6,1,3,0
356,10,5,"[4, 85, 41, 55, 44, 81, 17, 39, 20, 34]","[85, 41, 55, 44, 81, 17, 39, 20, 34]",[4],0.7131466610685162,0.12308939120245815,2.0,0,0,"[4, 85, 41, 55, 44, 81, 17, 39, 20, 34]",[],"[4, 85, 41, 55, 44, 81, 17, 39, 20, 34]",[],"[85, 41, 55, 44, 81, 17, 39, 20, 34]",[4],[],[],2,0.4395848214626312,"{""0"": 0.7218134999275208, ""1"": -1.0}",0,0,"[4, 41, 55, 44, 81, 17, 39, 20, 34]",[85],"[4, 41, 55, 44, 81, 17, 39, 20, 34]",[85],"[41, 55, 44, 81, 17, 39, 20, 34]",[4],[85],[],"[4, 41, 55, 44, 81, 17, 39, 20, 34]",[85],"[41, 55, 44, 81, 17, 39, 20, 34]",[4],[85],[],8,1,1,0
357,10,5,"[2, 72, 55, 52, 59, 23, 79, 74, 78, 8]","[72, 55, 52, 59, 23, 79, 74, 78, 8]",[2],0.7166438775653353,0.13115213448320684,2.0,0,0,"[2, 72, 55, 52, 59, 23, 79, 74, 78, 8]",[],"[2, 72, 55, 52, 59, 23, 79, 74, 78, 8]",[],"[72, 55, 52, 59, 23, 79, 74, 78, 8]",[2],[],[],2,0.6424052715301514,"{""0"": 2.8726577758789062, ""1"": -1.0}",0,0,"[72, 55, 52, 59, 23, 79, 74, 78, 8]",[2],"[72, 55, 52, 59, 23, 79, 74, 78, 8]",[2],"[72, 55, 52, 59, 23, 79, 74, 78, 8]",[],[],[2],"[72, 55, 52, 59, 23, 79, 74, 78, 8]",[2],"[72, 55, 52, 59, 23, 79, 74, 78, 8]",[],[],[2],9,0,0,1
358,10,5,"[3, 21, 18, 92, 54, 61, 79, 35, 6, 56]","[21, 18, 92, 54, 61, 79, 35, 6, 56]",[3],0.7703495060058627,0.09273253581997398,2.0,0,0,"[3, 21, 18, 92, 61, 79, 35, 6, 56]",[54],"[3, 21, 18, 92, 61, 79, 35, 6, 56]",[54],"[21, 18, 92, 61, 79, 35, 6, 56]",[3],[54],[],2,0.5359521508216858,"{""0"": 6.798789978027344, ""1"": -1.0}",0,0,"[3, 21, 18, 92, 79, 35, 6, 56]","[54, 61]","[3, 21, 18, 92, 79, 35, 6, 56]","[54, 61]","[21, 18, 92, 79, 35, 6, 56]",[3],"[54, 61]",[],"[3, 21, 18, 92, 79, 35, 6, 56]","[54, 61]","[21, 18, 92, 79, 35, 6, 56]",[3],"[54, 61]",[],7,1,2,0
359,10,5,"[0, 13, 41, 34, 14, 30, 67, 21, 57, 92]","[13, 41, 34, 14, 30, 67, 21, 57, 92]",[0],0.691832723501153,0.1512551631292976,2.0,0,0,"[0, 13, 41, 34, 14, 30, 67, 21, 57, 92]",[],"[0, 13, 41, 34, 14, 30, 67, 21, 57, 92]",[],"[13, 41, 34, 14, 30, 67, 21, 57, 92]",[0],[],[],2,0.4989493787288666,"{""0"": 1.7758805751800537, ""1"": -1.0}",0,0,"[0, 13, 34, 14, 30, 67, 21, 57, 92]",[41],"[0, 13, 34, 14, 30, 67, 21, 57, 92]",[41],"[13, 34, 14, 30, 67, 21, 57, 92]",[0],[41],[],"[0, 13, 34, 14, 30, 67, 21, 57, 92]",[41],"[13, 34, 14, 30, 67, 21, 57, 92]",[0],[41],[],8,1,1,0
360,10,5,"[1, 72, 53, 86, 69, 68, 28, 31, 79, 18]","[72, 53, 86, 69, 68, 28, 31, 79, 18]",[1],0.790935792755662,0.12648693424831303,2.0,0,0,"[1, 72, 53, 86, 69, 68, 28, 31, 79, 18]",[],"[1, 72, 53, 86, 69, 68, 28, 31, 79, 18]",[],"[72, 53, 86, 69, 68, 28, 31, 79, 18]",[1],[],[],2,0.48232927918434143,"{""0"": 0.9581915140151978, ""1"": -1.0}",0,0,"[1, 72, 53, 86, 69, 68, 28, 79, 18]",[31],"[1, 72, 53, 86, 69, 68, 28, 79, 18]",[31],"[72, 53, 86, 69, 68, 28, 79, 18]",[1],[31],[],"[1, 72, 53, 86, 69, 68, 28, 79, 18]",[31],"[72, 53, 86, 69, 68, 28, 79, 18]",[1],[31],[],8,1,1,0
361,10,5,"[1, 69, 86, 97, 78, 68, 50, 18, 20, 46]","[69, 86, 97, 78, 68, 50, 18, 20, 46]",[1],0.7476831773094594,0.14264402740279714,2.0,0,0,"[1, 69, 86, 97, 78, 68, 50, 18, 20, 46]",[],"[1, 69, 86, 97, 78, 68, 50, 18, 20, 46]",[],"[69, 86, 97, 78, 68, 50, 18, 20, 46]",[1],[],[],2,0.4917093813419342,"{""0"": 0.6044592261314392, ""1"": -1.0}",0,0,"[1, 69, 86, 78, 68, 50, 18, 20, 46]",[97],"[1, 69, 86, 78, 68, 50, 18, 20, 46]",[97],"[69, 86, 78, 68, 50, 18, 20, 46]",[1],[97],[],"[1, 69, 86, 78, 68, 50, 18, 20, 46]",[97],"[69, 86, 78, 68, 50, 18, 20, 46]",[1],[97],[],8,1,1,0
362,10,5,"[2, 55, 84, 65, 95, 54, 24, 73, 53, 56]","[55, 84, 65, 95, 54, 24, 73, 53, 56]",[2],0.9060680650637021,0.16397538281392982,2.0,0,0,"[2, 55, 84, 65, 95, 24, 73, 53, 56]",[54],"[2, 55, 84, 65, 95, 24, 73, 53, 56]",[54],"[55, 84, 65, 95, 24, 73, 53, 56]",[2],[54],[],3,0.4218924641609192,"{""0"": 4.136815547943115, ""1"": 1.5023616552352905, ""2"": -1.0}",0,0,"[55, 84, 65, 24, 53, 56]","[2, 95, 54, 73]","[55, 84, 65, 24, 53, 56]","[2, 95, 54, 73]","[55, 84, 65, 24, 53, 56]",[],"[95, 54, 73]",[2],"[55, 84, 65, 24, 53, 56]","[2, 95, 54, 73]","[55, 84, 65, 24, 53, 56]",[],"[95, 54, 73]",[2],6,0,3,1
363,10,5,"[0, 8, 30, 47, 52, 48, 64, 35, 83, 71]","[8, 30, 47, 52, 48, 64, 35, 83, 71]",[0],0.9125748686494957,0.11824293997009877,2.0,0,0,"[0, 8, 30, 47, 52, 48, 64, 35, 71]",[83],"[0, 8, 30, 47, 52, 48, 64, 35, 71]",[83],"[8, 30, 47, 52, 48, 64, 35, 71]",[0],[83],[],2,0.44073641300201416,"{""0"": 0.8842325210571289, ""1"": -1.0}",0,0,"[0, 8, 30, 47, 52, 64, 35, 71]","[48, 83]","[0, 8, 30, 47, 52, 64, 35, 71]","[48, 83]","[8, 30, 47, 52, 64, 35, 71]",[0],"[48, 83]",[],"[0, 8, 30, 47, 52, 64, 35, 71]","[48, 83]","[8, 30, 47, 52, 64, 35, 71]",[0],"[48, 83]",[],7,1,2,0
364,10,5,"[0, 72, 40, 26, 63, 84, 11, 91, 99, 75]","[72, 40, 26, 63, 84, 11, 91, 99, 75]",[0],0.7555780699477965,0.12593352028957722,2.0,0,0,"[72, 40, 26, 63, 84, 11, 91, 99, 75]",[0],"[72, 40, 26, 63, 84, 11, 91, 99, 75]",[0],"[72, 40, 26, 63, 84, 11, 91, 99, 75]",[],[],[0],3,0.6449227929115295,"{""0"": 2.8618686199188232, ""1"": 4.219493865966797, ""2"": -1.0}",1,0,"[72, 40, 26, 91, 75]","[0, 63, 84, 11, 99]","[72, 40, 26, 91, 75]","[0, 63, 84, 11, 99]","[72, 40, 26, 91, 75]",[],"[63, 84, 11, 99]",[0],"[72, 40, 26, 91, 75]","[0, 63, 84, 11, 99]","[72, 40, 26, 91, 75]",[],"[63, 84, 11, 99]",[0],5,0,4,1
365,10,5,"[1, 53, 19, 62, 30, 81, 47, 0, 83, 52]","[53, 19, 62, 30, 81, 47, 83, 52]","[1, 0]",0.8747921651854436,0.06857852691577715,2.0,0,0,"[53, 62, 30, 81, 0, 83]","[1, 19, 47, 52]","[53, 62, 30, 81, 0, 83]","[1, 19, 47, 52]","[53, 62, 30, 81, 83]",[0],"[19, 47, 52]",[1],2,0.6035656332969666,"{""0"": 1.531994342803955, ""1"": -1.0}",0,0,"[53, 62, 30, 81, 83]","[1, 19, 47, 0, 52]","[53, 62, 30, 81, 83]","[1, 19, 47, 0, 52]","[53, 62, 30, 81, 83]",[],"[19, 47, 52]","[1, 0]","[53, 62, 30, 81, 83]","[1, 19, 47, 0, 52]","[53, 62, 30, 81, 83]",[],"[19, 47, 52]","[1, 0]",5,0,3,2
366,10,5,"[0, 7, 94, 10, 20, 55, 53, 37, 50, 82]","[7, 94, 10, 20, 55, 53, 37, 50, 82]",[0],0.6708548296207015,0.1293530587439345,2.0,0,0,"[0, 7, 94, 20, 55, 53, 37, 50, 82]",[10],"[0, 7, 94, 20, 55, 53, 37, 50, 82]",[10],"[7, 94, 20, 55, 53, 37, 50, 82]",[0],[10],[],2,0.5165622234344482,"{""0"": 2.570255756378174, ""1"": -1.0}",0,0,"[0, 94, 20, 55, 53, 37, 50, 82]","[7, 10]","[0, 94, 20, 55, 53, 37, 50, 82]","[7, 10]","[94, 20, 55, 53, 37, 50, 82]",[0],"[7, 10]",[],"[0, 94, 20, 55, 53, 37, 50, 82]","[7, 10]","[94, 20, 55, 53, 37, 50, 82]",[0],"[7, 10]",[],7,1,2,0
367,10,5,"[0, 75, 56, 10, 37, 78, 5, 73, 11, 1]","[75, 56, 10, 37, 78, 5, 73, 11]","[0, 1]",0.6620554229322867,0.1533844045947964,2.0,0,0,"[0, 75, 56, 10, 37, 78, 5, 11, 1]",[73],"[0, 75, 56, 10, 37, 78, 5, 11, 1]",[73],"[75, 56, 10, 37, 78, 5, 11]","[0, 1]",[73],[],2,0.7054384350776672,"{""0"": 2.8571677207946777, ""1"": -1.0}",0,0,"[75, 56, 10, 37, 78, 5, 11, 1]","[0, 73]","[75, 56, 10, 37, 78, 5, 11, 1]","[0, 73]","[75, 56, 10, 37, 78, 5, 11]",[1],[73],[0],"[75, 56, 10, 37, 78, 5, 11, 1]","[0, 73]","[75, 56, 10, 37, 78, 5, 11]",[1],[73],[0],7,1,1,1
368,10,5,"[0, 77, 14, 56, 51, 46, 86, 76, 42, 40]","[77, 14, 56, 51, 46, 86, 76, 42, 40]",[0],0.6605203599404996,0.11436403237340004,2.0,0,0,"[77, 14, 56, 51, 46, 86, 76, 42, 40]",[0],"[77, 14, 56, 51, 46, 86, 76, 42, 40]",[0],"[77, 14, 56, 51, 46, 86, 76, 42, 40]",[],[],[0],2,0.41307857632637024,"{""0"": 0.585761547088623, ""1"": -1.0}",0,0,"[77, 14, 56, 51, 46, 86, 76, 40]","[0, 42]","[77, 14, 56, 51, 46, 86, 76, 40]","[0, 42]","[77, 14, 56, 51, 46, 86, 76, 40]",[],[42],[0],"[77, 14, 56, 51, 46, 86, 76, 40]","[0, 42]","[77, 14, 56, 51, 46, 86, 76, 40]",[],[42],[0],8,0,1,1
369,10,5,"[2, 40, 93, 32, 5, 7, 13, 61, 67, 35]","[40, 93, 32, 5, 7, 13, 61, 67, 35]",[2],0.6835494363745058,0.14344966787172558,2.0,0,0,"[2, 40, 93, 32, 5, 7, 13, 61, 67, 35]",[],"[2, 40, 93, 32, 5, 7, 13, 61, 67, 35]",[],"[40, 93, 32, 5, 7, 13, 61, 67, 35]",[2],[],[],2,0.4819961488246918,"{""0"": 2.3357036113739014, ""1"": -1.0}",0,0,"[2, 40, 93, 32, 5, 13, 61, 67, 35]",[7],"[2, 40, 93, 32, 5, 13, 61, 67, 35]",[7],"[40, 93, 32, 5, 13, 61, 67, 35]",[2],[7],[],"[2, 40, 93, 32, 5, 13, 61, 67, 35]",[7],"[40, 93, 32, 5, 13, 61, 67, 35]",[2],[7],[],8,1,1,0
370,10,5,"[3, 17, 84, 95, 63, 94, 39, 98, 89, 21]","[17, 84, 95, 63, 94, 39, 98, 89, 21]",[3],0.6814454178163019,0.16600966666132783,2.0,0,0,"[3, 84, 95, 63, 94, 39, 98, 89, 21]",[17],"[3, 84, 95, 63, 94, 39, 98, 89, 21]",[17],"[84, 95, 63, 94, 39, 98, 89, 21]",[3],[17],[],3,0.5429949164390564,"{""0"": 2.2667908668518066, ""1"": -1.0, ""2"": 4.279086112976074}",2,0,"[3, 63, 94, 89, 21]","[17, 84, 95, 39, 98]","[3, 63, 94, 89, 21]","[17, 84, 95, 39, 98]","[63, 94, 89, 21]",[3],"[17, 84, 95, 39, 98]",[],"[3, 63, 94, 89, 21]","[17, 84, 95, 39, 98]","[63, 94, 89, 21]",[3],"[17, 84, 95, 39, 98]",[],4,1,5,0
371,10,5,"[0, 83, 41, 24, 92, 17, 44, 86, 87, 71]","[83, 41, 24, 92, 17, 44, 86, 87, 71]",[0],0.8473998932502811,0.09630007887276426,2.0,0,0,"[0, 83, 41, 24, 92, 44, 86, 87, 71]",[17],"[0, 83, 41, 24, 92, 44, 86, 87, 71]",[17],"[83, 41, 24, 92, 44, 86, 87, 71]",[0],[17],[],2,0.6802942156791687,"{""0"": 1.9454081058502197, ""1"": 4.966165065765381}",1,0,"[83, 41, 24, 92, 86, 87, 71]","[0, 17, 44]","[83, 41, 24, 92, 86, 87, 71]","[0, 17, 44]","[83, 41, 24, 92, 86, 87, 71]",[],"[17, 44]",[0],"[83, 41, 24, 92, 86, 87, 71]","[0, 17, 44]","[83, 41, 24, 92, 86, 87, 71]",[],"[17, 44]",[0],7,0,2,1
372,10,5,"[4, 65, 59, 88, 26, 8, 64, 21, 14, 53]","[65, 59, 88, 26, 8, 64, 21, 14, 53]",[4],0.7288435139929091,0.09005729024528458,2.0,0,0,"[4, 65, 59, 26, 8, 64, 21, 53]","[88, 14]","[4, 65, 59, 26, 8, 64, 21, 53]","[88, 14]","[65, 59, 26, 8, 64, 21, 53]",[4],"[88, 14]",[],2,0.4224827289581299,"{""0"": 2.210878372192383, ""1"": -1.0}",0,0,"[4, 59, 26, 8, 64, 21, 53]","[65, 88, 14]","[4, 59, 26, 8, 64, 21, 53]","[65, 88, 14]","[59, 26, 8, 64, 21, 53]",[4],"[65, 88, 14]",[],"[4, 59, 26, 8, 64, 21, 53]","[65, 88, 14]","[59, 26, 8, 64, 21, 53]",[4],"[65, 88, 14]",[],6,1,3,0
373,10,5,"[3, 48, 52, 73, 14, 6, 96, 58, 8, 81]","[48, 52, 73, 14, 6, 96, 58, 8, 81]",[3],1.1334055708615767,0.16301405031964555,2.0,0,0,"[3, 48, 52, 73, 14, 6, 96, 58, 8, 81]",[],"[3, 48, 52, 73, 14, 6, 96, 58, 8, 81]",[],"[48, 52, 73, 14, 6, 96, 58, 8, 81]",[3],[],[],4,0.44185274839401245,"{""0"": 1.4262210130691528, ""1"": -1.0, ""2"": -1.0, ""3"": -1.0}",0,0,"[3, 52, 14, 6, 58, 8, 81]","[48, 73, 96]","[3, 52, 14, 6, 58, 8, 81]","[48, 73, 96]","[52, 14, 6, 58, 8, 81]",[3],"[48, 73, 96]",[],"[3, 52, 14, 6, 58, 8, 81]","[48, 73, 96]","[52, 14, 6, 58, 8, 81]",[3],"[48, 73, 96]",[],6,1,3,0
374,10,5,"[4, 87, 86, 52, 97, 9, 16, 64, 12, 28]","[87, 86, 52, 97, 9, 16, 64, 12, 28]",[4],0.6614924919420675,0.2049457595547041,2.0,0,0,"[4, 87, 86, 52, 9, 16, 64, 12, 28]",[97],"[4, 87, 86, 52, 9, 16, 64, 12, 28]",[97],"[87, 86, 52, 9, 16, 64, 12, 28]",[4],[97],[],3,0.4554123282432556,"{""0"": 3.829680919647217, ""1"": -1.0, ""2"": -1.0}",0,0,"[87, 86, 52, 9, 16, 12, 28]","[4, 97, 64]","[87, 86, 52, 9, 16, 12, 28]","[4, 97, 64]","[87, 86, 52, 9, 16, 12, 28]",[],"[97, 64]",[4],"[87, 86, 52, 9, 16, 12, 28]","[4, 97, 64]","[87, 86, 52, 9, 16, 12, 28]",[],"[97, 64]",[4],7,0,2,1
375,10,5,"[2, 0, 82, 19, 46, 5, 3, 53, 35, 23]","[82, 19, 46, 5, 53, 35, 23]","[2, 0, 3]",0.7810253167991116,0.14185103743362432,2.0,0,0,"[2, 0, 82, 19, 46, 5, 3, 53, 35, 23]",[],"[2, 0, 82, 19, 46, 5, 3, 53, 35, 23]",[],"[82, 19, 46, 5, 53, 35, 23]","[2, 0, 3]",[],[],2,0.5181902647018433,"{""0"": 1.132556676864624, ""1"": -1.0}",0,0,"[2, 82, 19, 46, 5, 3, 53, 35, 23]",[0],"[2, 82, 19, 46, 5, 3, 53, 35, 23]",[0],"[82, 19, 46, 5, 53, 35, 23]","[2, 3]",[],[0],"[2, 82, 19, 46, 5, 3, 53, 35, 23]",[0],"[82, 19, 46, 5, 53, 35, 23]","[2, 3]",[],[0],7,2,0,1
376,10,5,"[1, 59, 54, 33, 32, 40, 74, 83, 98, 86]","[59, 54, 33, 32, 40, 74, 83, 98, 86]",[1],0.7657702124541832,0.1520889958696709,2.0,0,0,"[1, 59, 33, 32, 40, 74, 83, 98, 86]",[54],"[1, 59, 33, 32, 40, 74, 83, 98, 86]",[54],"[59, 33, 32, 40, 74, 83, 98, 86]",[1],[54],[],2,0.4401918947696686,"{""0"": 5.588054656982422, ""1"": -1.0}",0,0,"[1, 59, 33, 40, 74, 83, 98, 86]","[54, 32]","[1, 59, 33, 40, 74, 83, 98, 86]","[54, 32]","[59, 33, 40, 74, 83, 98, 86]",[1],"[54, 32]",[],"[1, 59, 33, 40, 74, 83, 98, 86]","[54, 32]","[59, 33, 40, 74, 83, 98, 86]",[1],"[54, 32]",[],7,1,2,0
377,10,5,"[3, 44, 18, 56, 87, 88, 46, 8, 41, 25]","[44, 18, 56, 87, 88, 46, 8, 41, 25]",[3],0.7103028068876417,0.12244399563221176,2.0,0,0,"[3, 44, 18, 56, 87, 46, 8, 41, 25]",[88],"[3, 44, 18, 56, 87, 46, 8, 41, 25]",[88],"[44, 18, 56, 87, 46, 8, 41, 25]",[3],[88],[],2,0.4196993112564087,"{""0"": 5.604496002197266, ""1"": -1.0}",0,0,"[3, 44, 18, 56, 87, 46, 8, 25]","[88, 41]","[3, 44, 18, 56, 87, 46, 8, 25]","[88, 41]","[44, 18, 56, 87, 46, 8, 25]",[3],"[88, 41]",[],"[3, 44, 18, 56, 87, 46, 8, 25]","[88, 41]","[44, 18, 56, 87, 46, 8, 25]",[3],"[88, 41]",[],7,1,2,0
378,10,5,"[2, 64, 63, 87, 34, 11, 53, 1, 21, 66]","[64, 63, 87, 34, 11, 53, 21, 66]","[2, 1]",0.7766304231710347,0.1328251124029014,2.0,0,0,"[64, 63, 87, 34, 11, 53, 1, 21, 66]",[2],"[64, 63, 87, 34, 11, 53, 1, 21, 66]",[2],"[64, 63, 87, 34, 11, 53, 21, 66]",[1],[],[2],2,0.5776528716087341,"{""0"": 5.333635330200195, ""1"": 1.7860201597213745}",0,0,"[64, 63, 87, 34, 53, 1, 21]","[2, 11, 66]","[64, 63, 87, 34, 53, 1, 21]","[2, 11, 66]","[64, 63, 87, 34, 53, 21]",[1],"[11, 66]",[2],"[64, 63, 87, 34, 53, 1, 21]","[2, 11, 66]","[64, 63, 87, 34, 53, 21]",[1],"[11, 66]",[2],6,1,2,1
379,10,5,"[2, 90, 74, 46, 25, 92, 71, 69, 93, 64]","[90, 74, 46, 25, 92, 71, 69, 93, 64]",[2],0.625498237267158,0.07404653436719477,2.0,0,0,"[90, 74, 46, 25, 92, 69, 93, 64]","[2, 71]","[90, 74, 46, 25, 92, 69, 93, 64]","[2, 71]","[90, 74, 46, 25, 92, 69, 93, 64]",[],[71],[2],2,0.3226304352283478,"{""0"": 4.560329437255859, ""1"": 2.7388477325439453}",0,0,"[46, 25, 69, 93, 64]","[2, 90, 74, 92, 71]","[46, 25, 69, 93, 64]","[2, 90, 74, 92, 71]","[46, 25, 69, 93, 64]",[],"[90, 74, 92, 71]",[2],"[46, 25, 69, 93, 64]","[2, 90, 74, 92, 71]","[46, 25, 69, 93, 64]",[],"[90, 74, 92, 71]",[2],5,0,4,1
380,10,5,"[2, 46, 77, 82, 72, 64, 41, 73, 95, 24]","[46, 77, 82, 72, 64, 41, 73, 95, 24]",[2],0.823348558303576,0.1838055350828648,2.0,0,0,"[2, 46, 77, 82, 72, 64, 41, 73, 95, 24]",[],"[2, 46, 77, 82, 72, 64, 41, 73, 95, 24]",[],"[46, 77, 82, 72, 64, 41, 73, 95, 24]",[2],[],[],2,0.683151364326477,"{""0"": 5.413305759429932, ""1"": 2.797849655151367}",0,0,"[46, 77, 82, 72, 64, 73, 24]","[2, 41, 95]","[46, 77, 82, 72, 64, 73, 24]","[2, 41, 95]","[46, 77, 82, 72, 64, 73, 24]",[],"[41, 95]",[2],"[46, 77, 82, 72, 64, 73, 24]","[2, 41, 95]","[46, 77, 82, 72, 64, 73, 24]",[],"[41, 95]",[2],7,0,2,1
381,10,5,"[0, 34, 93, 9, 87, 45, 42, 21, 68, 95]","[34, 93, 9, 87, 45, 42, 21, 68, 95]",[0],0.6505537416793765,0.1754084582936109,2.0,0,0,"[0, 34, 93, 9, 87, 45, 42, 21, 68]",[95],"[0, 34, 93, 9, 87, 45, 42, 21, 68]",[95],"[34, 93, 9, 87, 45, 42, 21, 68]",[0],[95],[],4,0.5939502716064453,"{""0"": 5.762860298156738, ""1"": -1.0, ""2"": -1.0, ""3"": -1.0}",0,0,"[34, 93, 87, 45, 21, 68]","[0, 9, 42, 95]","[34, 93, 87, 45, 21, 68]","[0, 9, 42, 95]","[34, 93, 87, 45, 21, 68]",[],"[9, 42, 95]",[0],"[34, 93, 87, 45, 21, 68]","[0, 9, 42, 95]","[34, 93, 87, 45, 21, 68]",[],"[9, 42, 95]",[0],6,0,3,1
382,10,5,"[1, 98, 30, 7, 13, 52, 36, 94, 3, 85]","[98, 30, 7, 13, 52, 36, 94, 85]","[1, 3]",0.6000777265936575,0.10847544152087701,2.0,0,0,"[1, 98, 30, 13, 52, 36, 94, 3, 85]",[7],"[1, 98, 30, 13, 52, 36, 94, 3, 85]",[7],"[98, 30, 13, 52, 36, 94, 85]","[1, 3]",[7],[],2,0.7232253551483154,"{""0"": 3.4275572299957275, ""1"": 1.9709794521331787}",0,0,"[1, 98, 30, 52, 36, 94, 3]","[7, 13, 85]","[1, 98, 30, 52, 36, 94, 3]","[7, 13, 85]","[98, 30, 52, 36, 94]","[1, 3]","[7, 13, 85]",[],"[1, 98, 30, 52, 36, 94, 3]","[7, 13, 85]","[98, 30, 52, 36, 94]","[1, 3]","[7, 13, 85]",[],5,2,3,0
383,10,5,"[1, 81, 18, 78, 64, 59, 91, 36, 38, 83]","[81, 18, 78, 64, 59, 91, 36, 38, 83]",[1],0.6041908715295514,0.02600161309312299,2.0,0,0,"[81, 18, 78, 64, 59, 91, 36, 83]","[1, 38]","[81, 18, 78, 64, 59, 91, 36, 83]","[1, 38]","[81, 18, 78, 64, 59, 91, 36, 83]",[],[38],[1],4,0.34066838026046753,"{""0"": 0.9338585138320923, ""1"": 1.8467564582824707, ""2"": -1.0, ""3"": -1.0}",1,0,"[18, 64]","[1, 81, 78, 59, 91, 36, 38, 83]","[18, 64]","[1, 81, 78, 59, 91, 36, 38, 83]","[18, 64]",[],"[81, 78, 59, 91, 36, 38, 83]",[1],"[18, 64]","[1, 81, 78, 59, 91, 36, 38, 83]","[18, 64]",[],"[81, 78, 59, 91, 36, 38, 83]",[1],2,0,7,1
384,10,5,"[2, 30, 92, 19, 76, 90, 40, 45, 87, 59]","[30, 92, 19, 76, 90, 40, 45, 87, 59]",[2],0.9830469730164668,0.14724256384592926,2.0,0,0,"[2, 30, 92, 19, 76, 90, 40, 45, 87, 59]",[],"[2, 30, 92, 19, 76, 90, 40, 45, 87, 59]",[],"[30, 92, 19, 76, 90, 40, 45, 87, 59]",[2],[],[],2,0.37251347303390503,"{""0"": 1.1588088274002075, ""1"": -1.0}",0,0,"[2, 30, 92, 76, 90, 40, 45, 87, 59]",[19],"[2, 30, 92, 76, 90, 40, 45, 87, 59]",[19],"[30, 92, 76, 90, 40, 45, 87, 59]",[2],[19],[],"[2, 30, 92, 76, 90, 40, 45, 87, 59]",[19],"[30, 92, 76, 90, 40, 45, 87, 59]",[2],[19],[],8,1,1,0
385,10,5,"[4, 55, 64, 89, 83, 94, 37, 91, 7, 38]","[55, 64, 89, 83, 94, 37, 91, 7, 38]",[4],0.7270951224902715,0.05974351158746516,2.0,0,0,"[4, 55, 64, 89, 83, 94, 37, 91, 38]",[7],"[4, 55, 64, 89, 83, 94, 37, 91, 38]",[7],"[55, 64, 89, 83, 94, 37, 91, 38]",[4],[7],[],4,0.31173744797706604,"{""0"": 3.535295009613037, ""1"": 1.2230297327041626, ""2"": -1.0, ""3"": -1.0}",0,0,"[55, 64, 83, 94]","[4, 89, 37, 91, 7, 38]","[55, 64, 83, 94]","[4, 89, 37, 91, 7, 38]","[55, 64, 83, 94]",[],"[89, 37, 91, 7, 38]",[4],"[55, 64, 83, 94]","[4, 89, 37, 91, 7, 38]","[55, 64, 83, 94]",[],"[89, 37, 91, 7, 38]",[4],4,0,5,1
386,10,5,"[3, 59, 17, 34, 82, 98, 51, 93, 36, 80]","[59, 17, 34, 82, 98, 51, 93, 36, 80]",[3],0.6878978050495984,0.08649674274749719,2.0,0,0,"[3, 59, 34, 82, 98, 51, 93, 36, 80]",[17],"[3, 59, 34, 82, 98, 51, 93, 36, 80]",[17],"[59, 34, 82, 98, 51, 93, 36, 80]",[3],[17],[],4,0.2968628704547882,"{""0"": 2.6382365226745605, ""1"": 1.817826271057129, ""2"": -1.0, ""3"": -1.0}",0,0,"[3, 34, 98, 51, 93]","[59, 17, 82, 36, 80]","[3, 34, 98, 51, 93]","[59, 17, 82, 36, 80]","[34, 98, 51, 93]",[3],"[59, 17, 82, 36, 80]",[],"[3, 34, 98, 51, 93]","[59, 17, 82, 36, 80]","[34, 98, 51, 93]",[3],"[59, 17, 82, 36, 80]",[],4,1,5,0
387,10,5,"[3, 20, 95, 66, 28, 85, 38, 14, 73, 1]","[20, 95, 66, 28, 85, 38, 14, 73]","[3, 1]",0.6958565674092486,0.0919997938490904,2.0,0,0,"[3, 20, 66, 28, 85, 38, 14, 1]","[95, 73]","[3, 20, 66, 28, 85, 38, 14, 1]","[95, 73]","[20, 66, 28, 85, 38, 14]","[3, 1]","[95, 73]",[],2,0.5193660259246826,"{""0"": 1.9409019947052002, ""1"": 4.748712539672852}",1,0,"[3, 20, 28, 38, 1]","[95, 66, 85, 14, 73]","[3, 20, 28, 38, 1]","[95, 66, 85, 14, 73]","[20, 28, 38]","[3, 1]","[95, 66, 85, 14, 73]",[],"[3, 20, 28, 38, 1]","[95, 66, 85, 14, 73]","[20, 28, 38]","[3, 1]","[95, 66, 85, 14, 73]",[],3,2,5,0
388,10,5,"[3, 58, 81, 85, 10, 2, 5, 77, 74, 57]","[58, 81, 85, 10, 5, 77, 74, 57]","[3, 2]",0.7625103434998379,0.16358640341859937,2.0,0,0,"[3, 58, 81, 85, 10, 2, 5, 77, 74, 57]",[],"[3, 58, 81, 85, 10, 2, 5, 77, 74, 57]",[],"[58, 81, 85, 10, 5, 77, 74, 57]","[3, 2]",[],[],2,0.5723655819892883,"{""0"": 1.9904457330703735, ""1"": -1.0}",0,0,"[3, 58, 81, 85, 10, 5, 77, 74, 57]",[2],"[3, 58, 81, 85, 10, 5, 77, 74, 57]",[2],"[58, 81, 85, 10, 5, 77, 74, 57]",[3],[],[2],"[3, 58, 81, 85, 10, 5, 77, 74, 57]",[2],"[58, 81, 85, 10, 5, 77, 74, 57]",[3],[],[2],8,1,0,1
389,10,5,"[4, 38, 23, 79, 66, 22, 75, 73, 32, 9]","[38, 23, 79, 66, 22, 75, 73, 32, 9]",[4],0.6939898204326908,0.06929693011501459,2.0,0,0,"[4, 38, 23, 79, 66, 22, 75, 32, 9]",[73],"[4, 38, 23, 79, 66, 22, 75, 32, 9]",[73],"[38, 23, 79, 66, 22, 75, 32, 9]",[4],[73],[],2,0.48560693860054016,"{""0"": 1.3603403568267822, ""1"": -1.0}",0,0,"[4, 38, 23, 79, 66, 22, 75, 32]","[73, 9]","[4, 38, 23, 79, 66, 22, 75, 32]","[73, 9]","[38, 23, 79, 66, 22, 75, 32]",[4],"[73, 9]",[],"[4, 38, 23, 79, 66, 22, 75, 32]","[73, 9]","[38, 23, 79, 66, 22, 75, 32]",[4],"[73, 9]",[],7,1,2,0
390,10,5,"[3, 82, 34, 17, 16, 65, 55, 46, 45, 78]","[82, 34, 17, 16, 65, 55, 46, 45, 78]",[3],0.5777004636832954,0.09614294252294597,2.0,0,0,"[3, 82, 34, 17, 16, 65, 55, 45, 78]",[46],"[3, 82, 34, 17, 16, 65, 55, 45, 78]",[46],"[82, 34, 17, 16, 65, 55, 45, 78]",[3],[46],[],2,0.31835418939590454,"{""0"": 2.8226559162139893, ""1"": 1.7912474870681763}",0,0,"[82, 34, 16, 55, 45, 78]","[3, 17, 65, 46]","[82, 34, 16, 55, 45, 78]","[3, 17, 65, 46]","[82, 34, 16, 55, 45, 78]",[],"[17, 65, 46]",[3],"[82, 34, 16, 55, 45, 78]","[3, 17, 65, 46]","[82, 34, 16, 55, 45, 78]",[],"[17, 65, 46]",[3],6,0,3,1
391,10,5,"[3, 7, 99, 24, 37, 67, 76, 10, 0, 44]","[7, 99, 24, 37, 67, 76, 10, 44]","[3, 0]",0.8338989650401907,0.09104453529629108,2.0,0,0,"[3, 7, 99, 24, 37, 67, 76, 10, 44]",[0],"[3, 7, 99, 24, 37, 67, 76, 10, 44]",[0],"[7, 99, 24, 37, 67, 76, 10, 44]",[3],[],[0],4,0.31496450304985046,"{""0"": 0.0965292677283287, ""1"": 1.9992058277130127, ""2"": -1.0, ""3"": -1.0}",1,0,"[3, 99]","[7, 24, 37, 67, 76, 10, 0, 44]","[3, 99]","[7, 24, 37, 67, 76, 10, 0, 44]",[99],[3],"[7, 24, 37, 67, 76, 10, 44]",[0],"[3, 99]","[7, 24, 37, 67, 76, 10, 0, 44]",[99],[3],"[7, 24, 37, 67, 76, 10, 44]",[0],1,1,7,1
392,10,5,"[2, 61, 73, 74, 12, 47, 99, 68, 96, 34]","[61, 73, 74, 12, 47, 99, 68, 96, 34]",[2],0.7079761729137795,0.09935658867770114,2.0,0,0,"[2, 61, 74, 12, 99, 68, 96, 34]","[73, 47]","[2, 61, 74, 12, 99, 68, 96, 34]","[73, 47]","[61, 74, 12, 99, 68, 96, 34]",[2],"[73, 47]",[],2,0.5831478238105774,"{""0"": 3.7004218101501465, ""1"": -1.0}",0,0,"[61, 74, 12, 99, 68, 96, 34]","[2, 73, 47]","[61, 74, 12, 99, 68, 96, 34]","[2, 73, 47]","[61, 74, 12, 99, 68, 96, 34]",[],"[73, 47]",[2],"[61, 74, 12, 99, 68, 96, 34]","[2, 73, 47]","[61, 74, 12, 99, 68, 96, 34]",[],"[73, 47]",[2],7,0,2,1
393,10,5,"[1, 34, 87, 45, 49, 15, 84, 19, 99, 29]","[34, 87, 45, 49, 15, 84, 19, 99, 29]",[1],0.7788053411634545,0.09720607344167498,2.0,0,0,"[1, 34, 87, 45, 49, 15, 84, 19, 99, 29]",[],"[1, 34, 87, 45, 49, 15, 84, 19, 99, 29]",[],"[34, 87, 45, 49, 15, 84, 19, 99, 29]",[1],[],[],5,0.40121331810951233,"{""0"": 0.7119808197021484, ""1"": 2.660583257675171, ""2"": -1.0, ""3"": -1.0, ""4"": 1.9871108531951904}",1,0,"[15, 84, 99]","[1, 34, 87, 45, 49, 19, 29]","[15, 84, 99]","[1, 34, 87, 45, 49, 19, 29]","[15, 84, 99]",[],"[34, 87, 45, 49, 19, 29]",[1],"[15, 84, 99]","[1, 34, 87, 45, 49, 19, 29]","[15, 84, 99]",[],"[34, 87, 45, 49, 19, 29]",[1],3,0,6,1
394,10,5,"[2, 27, 34, 36, 8, 92, 60, 89, 4, 66]","[27, 34, 36, 8, 92, 60, 89, 66]","[2, 4]",0.7727761157460451,0.09776689169518199,2.0,0,0,"[2, 27, 34, 36, 8, 92, 89, 4, 66]",[60],"[2, 27, 34, 36, 8, 92, 89, 4, 66]",[60],"[27, 34, 36, 8, 92, 89, 66]","[2, 4]",[60],[],2,0.4884859621524811,"{""0"": 0.7486281394958496, ""1"": -1.0}",0,0,"[2, 27, 34, 8, 92, 89, 4, 66]","[36, 60]","[2, 27, 34, 8, 92, 89, 4, 66]","[36, 60]","[27, 34, 8, 92, 89, 66]","[2, 4]","[36, 60]",[],"[2, 27, 34, 8, 92, 89, 4, 66]","[36, 60]","[27, 34, 8, 92, 89, 66]","[2, 4]","[36, 60]",[],6,2,2,0
395,10,5,"[0, 54, 84, 28, 10, 94, 31, 76, 43, 79]","[54, 84, 28, 10, 94, 31, 76, 43, 79]",[0],0.7836052563761333,0.18860125287597135,2.0,0,0,"[0, 84, 28, 10, 94, 31, 76, 43, 79]",[54],"[0, 84, 28, 10, 94, 31, 76, 43, 79]",[54],"[84, 28, 10, 94, 31, 76, 43, 79]",[0],[54],[],2,0.4905126392841339,"{""0"": 2.1832895278930664, ""1"": -1.0}",0,0,"[84, 28, 10, 94, 31, 76, 43, 79]","[0, 54]","[84, 28, 10, 94, 31, 76, 43, 79]","[0, 54]","[84, 28, 10, 94, 31, 76, 43, 79]",[],[54],[0],"[84, 28, 10, 94, 31, 76, 43, 79]","[0, 54]","[84, 28, 10, 94, 31, 76, 43, 79]",[],[54],[0],8,0,1,1
396,10,5,"[2, 31, 42, 58, 70, 96, 84, 35, 80, 3]","[31, 42, 58, 70, 96, 84, 35, 80]","[2, 3]",0.8163094149951579,0.05110120932763079,2.0,0,0,"[42, 58, 70, 96, 84, 35, 80]","[2, 31, 3]","[42, 58, 70, 96, 84, 35, 80]","[2, 31, 3]","[42, 58, 70, 96, 84, 35, 80]",[],[31],"[2, 3]",3,0.41067618131637573,"{""0"": 2.788281202316284, ""1"": 1.7939081192016602, ""2"": -1.0}",0,0,"[58, 70, 96, 80]","[2, 31, 42, 84, 35, 3]","[58, 70, 96, 80]","[2, 31, 42, 84, 35, 3]","[58, 70, 96, 80]",[],"[31, 42, 84, 35]","[2, 3]","[58, 70, 96, 80]","[2, 31, 42, 84, 35, 3]","[58, 70, 96, 80]",[],"[31, 42, 84, 35]","[2, 3]",4,0,4,2
397,10,5,"[3, 27, 89, 94, 16, 20, 67, 21, 10, 82]","[27, 89, 94, 16, 20, 67, 21, 10, 82]",[3],0.6562394697648146,0.04306000610235955,2.0,0,0,"[3, 27, 94, 16, 20, 21, 82]","[89, 67, 10]","[3, 27, 94, 16, 20, 21, 82]","[89, 67, 10]","[27, 94, 16, 20, 21, 82]",[3],"[89, 67, 10]",[],2,0.5933939218521118,"{""0"": 1.381604552268982, ""1"": -1.0}",0,0,"[3, 27, 94, 16, 20, 21]","[89, 67, 10, 82]","[3, 27, 94, 16, 20, 21]","[89, 67, 10, 82]","[27, 94, 16, 20, 21]",[3],"[89, 67, 10, 82]",[],"[3, 27, 94, 16, 20, 21]","[89, 67, 10, 82]","[27, 94, 16, 20, 21]",[3],"[89, 67, 10, 82]",[],5,1,4,0
398,10,5,"[0, 10, 24, 51, 40, 82, 20, 13, 85, 66]","[10, 24, 51, 40, 82, 20, 13, 85, 66]",[0],0.7451583213137656,0.08416515134368674,2.0,0,0,"[10, 51, 40, 82, 20, 13, 85, 66]","[0, 24]","[10, 51, 40, 82, 20, 13, 85, 66]","[0, 24]","[10, 51, 40, 82, 20, 13, 85, 66]",[],[24],[0],2,0.42115938663482666,"{""0"": 2.40331768989563, ""1"": 1.8570334911346436}",0,0,"[40, 82, 20, 13, 85, 66]","[0, 10, 24, 51]","[40, 82, 20, 13, 85, 66]","[0, 10, 24, 51]","[40, 82, 20, 13, 85, 66]",[],"[10, 24, 51]",[0],"[40, 82, 20, 13, 85, 66]","[0, 10, 24, 51]","[40, 82, 20, 13, 85, 66]",[],"[10, 24, 51]",[0],6,0,3,1
399,10,5,"[0, 41, 33, 34, 99, 64, 71, 65, 75, 28]","[41, 33, 34, 99, 64, 71, 65, 75, 28]",[0],0.8578296946746597,0.09906661904173175,2.0,0,0,"[0, 41, 33, 34, 99, 71, 65, 75, 28]",[64],"[0, 41, 33, 34, 99, 71, 65, 75, 28]",[64],"[41, 33, 34, 99, 71, 65, 75, 28]",[0],[64],[],3,0.3730160892009735,"{""0"": 1.992859125137329, ""1"": 1.6887938976287842, ""2"": -1.0}",0,0,"[33, 34, 99, 65, 75, 28]","[0, 41, 64, 71]","[33, 34, 99, 65, 75, 28]","[0, 41, 64, 71]","[33, 34, 99, 65, 75, 28]",[],"[41, 64, 71]",[0],"[33, 34, 99, 65, 75, 28]","[0, 41, 64, 71]","[33, 34, 99, 65, 75, 28]",[],"[41, 64, 71]",[0],6,0,3,1
400,10,5,"[3, 82, 59, 7, 63, 8, 48, 4, 57, 80]","[82, 59, 7, 63, 8, 48, 57, 80]","[3, 4]",0.6791929446387683,0.06295018853606432,2.0,0,0,"[3, 82, 7, 63, 8, 4, 57, 80]","[59, 48]","[3, 82, 7, 63, 8, 4, 57, 80]","[59, 48]","[82, 7, 63, 8, 57, 80]","[3, 4]","[59, 48]",[],2,0.38572341203689575,"{""0"": 3.5071892738342285, ""1"": -1.0}",0,0,"[3, 82, 7, 63, 4, 57, 80]","[59, 8, 48]","[3, 82, 7, 63, 4, 57, 80]","[59, 8, 48]","[82, 7, 63, 57, 80]","[3, 4]","[59, 8, 48]",[],"[3, 82, 7, 63, 4, 57, 80]","[59, 8, 48]","[82, 7, 63, 57, 80]","[3, 4]","[59, 8, 48]",[],5,2,3,0
401,10,5,"[2, 83, 93, 3, 82, 52, 17, 50, 86, 28]","[83, 93, 82, 52, 17, 50, 86, 28]","[2, 3]",0.8272233496324314,0.11604728375486861,2.0,0,0,"[2, 83, 93, 82, 52, 50, 86, 28]","[3, 17]","[2, 83, 93, 82, 52, 50, 86, 28]","[3, 17]","[83, 93, 82, 52, 50, 86, 28]",[2],[17],[3],2,0.5495645403862,"{""0"": 1.5325298309326172, ""1"": -1.0}",0,0,"[83, 93, 82, 52, 50, 86, 28]","[2, 3, 17]","[83, 93, 82, 52, 50, 86, 28]","[2, 3, 17]","[83, 93, 82, 52, 50, 86, 28]",[],[17],"[2, 3]","[83, 93, 82, 52, 50, 86, 28]","[2, 3, 17]","[83, 93, 82, 52, 50, 86, 28]",[],[17],"[2, 3]",7,0,1,2
402,10,5,"[1, 57, 52, 23, 33, 92, 85, 98, 26, 17]","[57, 52, 23, 33, 92, 85, 98, 26, 17]",[1],0.7797904174408307,0.09077607640160335,2.0,0,0,"[57, 52, 23, 33, 92, 85, 98, 17]","[1, 26]","[57, 52, 23, 33, 92, 85, 98, 17]","[1, 26]","[57, 52, 23, 33, 92, 85, 98, 17]",[],[26],[1],2,0.6215206980705261,"{""0"": 3.0543670654296875, ""1"": -1.0}",0,0,"[57, 52, 23, 33, 92, 98, 17]","[1, 85, 26]","[57, 52, 23, 33, 92, 98, 17]","[1, 85, 26]","[57, 52, 23, 33, 92, 98, 17]",[],"[85, 26]",[1],"[57, 52, 23, 33, 92, 98, 17]","[1, 85, 26]","[57, 52, 23, 33, 92, 98, 17]",[],"[85, 26]",[1],7,0,2,1
403,10,5,"[3, 43, 58, 20, 0, 99, 64, 78, 68, 7]","[43, 58, 20, 99, 64, 78, 68, 7]","[3, 0]",0.5750263775846969,0.06738798079341363,2.0,0,0,"[3, 43, 58, 20, 99, 64, 78, 68, 7]",[0],"[3, 43, 58, 20, 99, 64, 78, 68, 7]",[0],"[43, 58, 20, 99, 64, 78, 68, 7]",[3],[],[0],4,0.3806019723415375,"{""0"": 2.202573299407959, ""1"": 2.773589611053467, ""2"": -1.0, ""3"": 1.8502832651138306}",1,0,"[3, 64, 68]","[43, 58, 20, 0, 99, 78, 7]","[3, 64, 68]","[43, 58, 20, 0, 99, 78, 7]","[64, 68]",[3],"[43, 58, 20, 99, 78, 7]",[0],"[3, 64, 68]","[43, 58, 20, 0, 99, 78, 7]","[64, 68]",[3],"[43, 58, 20, 99, 78, 7]",[0],2,1,6,1
404,10,5,"[2, 95, 63, 6, 62, 66, 80, 96, 83, 31]","[95, 63, 6, 62, 66, 80, 96, 83, 31]",[2],0.7945116148527039,0.1188457384810861,2.0,0,0,"[2, 95, 63, 6, 62, 66, 80, 96, 83]",[31],"[2, 95, 63, 6, 62, 66, 80, 96, 83]",[31],"[95, 63, 6, 62, 66, 80, 96, 83]",[2],[31],[],3,0.5701755881309509,"{""0"": 4.464645862579346, ""1"": 1.9246715307235718, ""2"": -1.0}",0,0,"[63, 6, 62, 66, 80, 83]","[2, 95, 96, 31]","[63, 6, 62, 66, 80, 83]","[2, 95, 96, 31]","[63, 6, 62, 66, 80, 83]",[],"[95, 96, 31]",[2],"[63, 6, 62, 66, 80, 83]","[2, 95, 96, 31]","[63, 6, 62, 66, 80, 83]",[],"[95, 96, 31]",[2],6,0,3,1
405,10,5,"[3, 78, 67, 64, 85, 43, 21, 90, 84, 25]","[78, 67, 64, 85, 43, 21, 90, 84, 25]",[3],0.6856502071666841,0.12603865028212424,2.0,0,0,"[3, 78, 67, 64, 85, 43, 21, 90, 84, 25]",[],"[3, 78, 67, 64, 85, 43, 21, 90, 84, 25]",[],"[78, 67, 64, 85, 43, 21, 90, 84, 25]",[3],[],[],2,0.5880070328712463,"{""0"": 1.6869624853134155, ""1"": -1.0}",0,0,"[3, 78, 67, 64, 43, 21, 90, 84, 25]",[85],"[3, 78, 67, 64, 43, 21, 90, 84, 25]",[85],"[78, 67, 64, 43, 21, 90, 84, 25]",[3],[85],[],"[3, 78, 67, 64, 43, 21, 90, 84, 25]",[85],"[78, 67, 64, 43, 21, 90, 84, 25]",[3],[85],[],8,1,1,0
406,10,5,"[4, 76, 80, 56, 25, 50, 73, 14, 67, 39]","[76, 80, 56, 25, 50, 73, 14, 67, 39]",[4],0.6637863733361603,0.09025283223258201,2.0,0,0,"[4, 76, 80, 56, 25, 50, 14, 67, 39]",[73],"[4, 76, 80, 56, 25, 50, 14, 67, 39]",[73],"[76, 80, 56, 25, 50, 14, 67, 39]",[4],[73],[],2,0.3707153797149658,"{""0"": 1.0353922843933105, ""1"": 4.822657108306885}",1,0,"[4, 76, 80, 56, 25, 50, 14]","[73, 67, 39]","[4, 76, 80, 56, 25, 50, 14]","[73, 67, 39]","[76, 80, 56, 25, 50, 14]",[4],"[73, 67, 39]",[],"[4, 76, 80, 56, 25, 50, 14]","[73, 67, 39]","[76, 80, 56, 25, 50, 14]",[4],"[73, 67, 39]",[],6,1,3,0
407,10,5,"[2, 36, 35, 14, 87, 76, 70, 29, 65, 47]","[36, 35, 14, 87, 76, 70, 29, 65, 47]",[2],0.882552227211602,0.16818540913270452,2.0,0,0,"[2, 36, 35, 14, 87, 76, 70, 29, 65, 47]",[],"[2, 36, 35, 14, 87, 76, 70, 29, 65, 47]",[],"[36, 35, 14, 87, 76, 70, 29, 65, 47]",[2],[],[],2,0.5036824345588684,"{""0"": 3.077394962310791, ""1"": 1.5324795246124268}",0,0,"[36, 35, 14, 87, 76, 70, 29, 47]","[2, 65]","[36, 35, 14, 87, 76, 70, 29, 47]","[2, 65]","[36, 35, 14, 87, 76, 70, 29, 47]",[],[65],[2],"[36, 35, 14, 87, 76, 70, 29, 47]","[2, 65]","[36, 35, 14, 87, 76, 70, 29, 47]",[],[65],[2],8,0,1,1
408,10,5,"[3, 92, 73, 20, 68, 22, 52, 19, 96, 78]","[92, 73, 20, 68, 22, 52, 19, 96, 78]",[3],0.637878446408652,0.1362474050133881,2.0,0,0,"[3, 92, 20, 68, 22, 52, 96, 78]","[73, 19]","[3, 92, 20, 68, 22, 52, 96, 78]","[73, 19]","[92, 20, 68, 22, 52, 96, 78]",[3],"[73, 19]",[],2,0.5373222231864929,"{""0"": 3.379333972930908, ""1"": -1.0}",0,0,"[3, 92, 20, 68, 22, 52, 78]","[73, 19, 96]","[3, 92, 20, 68, 22, 52, 78]","[73, 19, 96]","[92, 20, 68, 22, 52, 78]",[3],"[73, 19, 96]",[],"[3, 92, 20, 68, 22, 52, 78]","[73, 19, 96]","[92, 20, 68, 22, 52, 78]",[3],"[73, 19, 96]",[],6,1,3,0
409,10,5,"[0, 13, 54, 46, 14, 41, 78, 93, 74, 22]","[13, 54, 46, 14, 41, 78, 93, 74, 22]",[0],0.6834622552153495,0.17689431318107338,2.0,0,0,"[0, 13, 46, 14, 41, 78, 93, 74, 22]",[54],"[0, 13, 46, 14, 41, 78, 93, 74, 22]",[54],"[13, 46, 14, 41, 78, 93, 74, 22]",[0],[54],[],4,0.48719704151153564,"{""0"": 5.122343063354492, ""1"": -1.0, ""2"": -1.0, ""3"": -1.0}",0,0,"[46, 14, 78, 93, 74, 22]","[0, 13, 54, 41]","[46, 14, 78, 93, 74, 22]","[0, 13, 54, 41]","[46, 14, 78, 93, 74, 22]",[],"[13, 54, 41]",[0],"[46, 14, 78, 93, 74, 22]","[0, 13, 54, 41]","[46, 14, 78, 93, 74, 22]",[],"[13, 54, 41]",[0],6,0,3,1
410,10,5,"[3, 37, 58, 70, 95, 64, 13, 47, 83, 43]","[37, 58, 70, 95, 64, 13, 47, 83, 43]",[3],0.9978996842154322,0.21939491986513648,2.0,0,0,"[3, 37, 58, 70, 95, 64, 13, 47, 83, 43]",[],"[3, 37, 58, 70, 95, 64, 13, 47, 83, 43]",[],"[37, 58, 70, 95, 64, 13, 47, 83, 43]",[3],[],[],2,0.5303378701210022,"{""0"": 1.2175672054290771, ""1"": -1.0}",0,0,"[3, 37, 58, 70, 64, 13, 47, 83, 43]",[95],"[3, 37, 58, 70, 64, 13, 47, 83, 43]",[95],"[37, 58, 70, 64, 13, 47, 83, 43]",[3],[95],[],"[3, 37, 58, 70, 64, 13, 47, 83, 43]",[95],"[37, 58, 70, 64, 13, 47, 83, 43]",[3],[95],[],8,1,1,0
411,10,5,"[1, 25, 27, 10, 83, 58, 74, 30, 86, 28]","[25, 27, 10, 83, 58, 74, 30, 86, 28]",[1],0.6335846061841368,0.029870451414041044,2.0,0,0,"[1, 25, 27, 83, 58, 74, 30, 86, 28]",[10],"[1, 25, 27, 83, 58, 74, 30, 86, 28]",[10],"[25, 27, 83, 58, 74, 30, 86, 28]",[1],[10],[],2,0.4220789968967438,"{""0"": 1.952131748199463, ""1"": 3.5331592559814453}",1,0,"[1, 25, 27, 83, 74, 86]","[10, 58, 30, 28]","[1, 25, 27, 83, 74, 86]","[10, 58, 30, 28]","[25, 27, 83, 74, 86]",[1],"[10, 58, 30, 28]",[],"[1, 25, 27, 83, 74, 86]","[10, 58, 30, 28]","[25, 27, 83, 74, 86]",[1],"[10, 58, 30, 28]",[],5,1,4,0
412,10,5,"[2, 64, 43, 50, 9, 79, 55, 96, 13, 60]","[64, 43, 50, 9, 79, 55, 96, 13, 60]",[2],0.6682024308425453,0.09340529536526626,2.0,0,0,"[64, 43, 50, 9, 79, 55, 96, 13, 60]",[2],"[64, 43, 50, 9, 79, 55, 96, 13, 60]",[2],"[64, 43, 50, 9, 79, 55, 96, 13, 60]",[],[],[2],2,0.5555041432380676,"{""0"": 3.5692811012268066, ""1"": 1.982684850692749}",0,0,"[64, 43, 50, 79, 55, 13, 60]","[2, 9, 96]","[64, 43, 50, 79, 55, 13, 60]","[2, 9, 96]","[64, 43, 50, 79, 55, 13, 60]",[],"[9, 96]",[2],"[64, 43, 50, 79, 55, 13, 60]","[2, 9, 96]","[64, 43, 50, 79, 55, 13, 60]",[],"[9, 96]",[2],7,0,2,1
413,10,5,"[3, 47, 81, 7, 19, 15, 2, 6, 22, 64]","[47, 81, 7, 19, 15, 6, 22, 64]","[3, 2]",0.7337131318255987,0.09315169624487418,2.0,0,0,"[3, 47, 81, 7, 19, 15, 2, 6, 22, 64]",[],"[3, 47, 81, 7, 19, 15, 2, 6, 22, 64]",[],"[47, 81, 7, 19, 15, 6, 22, 64]","[3, 2]",[],[],2,0.6865106821060181,"{""0"": 2.759885549545288, ""1"": -1.0}",0,0,"[3, 47, 81, 7, 19, 15, 6, 22, 64]",[2],"[3, 47, 81, 7, 19, 15, 6, 22, 64]",[2],"[47, 81, 7, 19, 15, 6, 22, 64]",[3],[],[2],"[3, 47, 81, 7, 19, 15, 6, 22, 64]",[2],"[47, 81, 7, 19, 15, 6, 22, 64]",[3],[],[2],8,1,0,1
414,10,5,"[4, 55, 40, 85, 79, 99, 73, 46, 67, 86]","[55, 40, 85, 79, 99, 73, 46, 67, 86]",[4],0.6874686098612689,0.08308222630297879,2.0,0,0,"[4, 55, 40, 85, 79, 99, 46, 67, 86]",[73],"[4, 55, 40, 85, 79, 99, 46, 67, 86]",[73],"[55, 40, 85, 79, 99, 46, 67, 86]",[4],[73],[],3,0.48174890875816345,"{""0"": 3.6306560039520264, ""1"": 1.8836238384246826, ""2"": -1.0}",0,0,"[4, 55, 79, 46, 67, 86]","[40, 85, 99, 73]","[4, 55, 79, 46, 67, 86]","[40, 85, 99, 73]","[55, 79, 46, 67, 86]",[4],"[40, 85, 99, 73]",[],"[4, 55, 79, 46, 67, 86]","[40, 85, 99, 73]","[55, 79, 46, 67, 86]",[4],"[40, 85, 99, 73]",[],5,1,4,0
415,10,5,"[3, 8, 99, 0, 45, 16, 82, 17, 42, 30]","[8, 99, 45, 16, 82, 17, 42, 30]","[3, 0]",0.7303667763761407,0.07977824658287691,2.0,0,0,"[3, 8, 99, 45, 16, 82, 42, 30]","[0, 17]","[3, 8, 99, 45, 16, 82, 42, 30]","[0, 17]","[8, 99, 45, 16, 82, 42, 30]",[3],[17],[0],2,0.3660160303115845,"{""0"": 0.913479208946228, ""1"": 2.423619508743286}",1,0,"[3, 8, 99, 45, 16, 30]","[0, 82, 17, 42]","[3, 8, 99, 45, 16, 30]","[0, 82, 17, 42]","[8, 99, 45, 16, 30]",[3],"[82, 17, 42]",[0],"[3, 8, 99, 45, 16, 30]","[0, 82, 17, 42]","[8, 99, 45, 16, 30]",[3],"[82, 17, 42]",[0],5,1,3,1
416,10,5,"[4, 84, 7, 54, 25, 13, 79, 90, 0, 43]","[84, 7, 54, 25, 13, 79, 90, 43]","[4, 0]",0.809037273868667,0.12202916746556602,2.0,0,0,"[4, 84, 7, 25, 13, 79, 90, 0, 43]",[54],"[4, 84, 7, 25, 13, 79, 90, 0, 43]",[54],"[84, 7, 25, 13, 79, 90, 43]","[4, 0]",[54],[],2,0.5616021752357483,"{""0"": 5.20065450668335, ""1"": -1.0}",0,0,"[4, 84, 7, 25, 13, 79, 90, 43]","[54, 0]","[4, 84, 7, 25, 13, 79, 90, 43]","[54, 0]","[84, 7, 25, 13, 79, 90, 43]",[4],[54],[0],"[4, 84, 7, 25, 13, 79, 90, 43]","[54, 0]","[84, 7, 25, 13, 79, 90, 43]",[4],[54],[0],7,1,1,1
417,10,5,"[1, 64, 50, 77, 27, 22, 94, 72, 60, 82]","[64, 50, 77, 27, 22, 94, 72, 60, 82]",[1],0.7499770854100427,0.16179560209487548,2.0,0,0,"[1, 64, 50, 77, 27, 22, 94, 72, 82]",[60],"[1, 64, 50, 77, 27, 22, 94, 72, 82]",[60],"[64, 50, 77, 27, 22, 94, 72, 82]",[1],[60],[],2,0.37408626079559326,"{""0"": 1.2376620769500732, ""1"": -1.0}",0,0,"[1, 64, 50, 77, 27, 22, 94, 82]","[72, 60]","[1, 64, 50, 77, 27, 22, 94, 82]","[72, 60]","[64, 50, 77, 27, 22, 94, 82]",[1],"[72, 60]",[],"[1, 64, 50, 77, 27, 22, 94, 82]","[72, 60]","[64, 50, 77, 27, 22, 94, 82]",[1],"[72, 60]",[],7,1,2,0
418,10,5,"[4, 88, 22, 91, 64, 37, 87, 50, 24, 23]","[88, 22, 91, 64, 37, 87, 50, 24, 23]",[4],0.6948831254542247,0.1594800124388227,2.0,0,0,"[4, 22, 91, 64, 37, 87, 50, 24, 23]",[88],"[4, 22, 91, 64, 37, 87, 50, 24, 23]",[88],"[22, 91, 64, 37, 87, 50, 24, 23]",[4],[88],[],2,0.4901112914085388,"{""0"": 6.230058670043945, ""1"": -1.0}",0,0,"[4, 22, 91, 64, 37, 87, 50, 23]","[88, 24]","[4, 22, 91, 64, 37, 87, 50, 23]","[88, 24]","[22, 91, 64, 37, 87, 50, 23]",[4],"[88, 24]",[],"[4, 22, 91, 64, 37, 87, 50, 23]","[88, 24]","[22, 91, 64, 37, 87, 50, 23]",[4],"[88, 24]",[],7,1,2,0
419,10,5,"[3, 66, 87, 79, 61, 41, 25, 12, 10, 96]","[66, 87, 79, 61, 41, 25, 12, 10, 96]",[3],0.7861080006976864,0.07189223882088797,2.0,0,0,"[3, 66, 61, 41, 25, 12, 10]","[87, 79, 96]","[3, 66, 61, 41, 25, 12, 10]","[87, 79, 96]","[66, 61, 41, 25, 12, 10]",[3],"[87, 79, 96]",[],2,0.540848433971405,"{""0"": 2.492727041244507, ""1"": -1.0}",0,0,"[3, 66, 61, 41, 25, 12]","[87, 79, 10, 96]","[3, 66, 61, 41, 25, 12]","[87, 79, 10, 96]","[66, 61, 41, 25, 12]",[3],"[87, 79, 10, 96]",[],"[3, 66, 61, 41, 25, 12]","[87, 79, 10, 96]","[66, 61, 41, 25, 12]",[3],"[87, 79, 10, 96]",[],5,1,4,0
420,10,5,"[2, 21, 86, 34, 98, 27, 69, 63, 18, 85]","[21, 86, 34, 98, 27, 69, 63, 18, 85]",[2],0.6716141114794805,0.058635702004937174,2.0,0,0,"[86, 34, 98, 27, 69, 63, 18, 85]","[2, 21]","[86, 34, 98, 27, 69, 63, 18, 85]","[2, 21]","[86, 34, 98, 27, 69, 63, 18, 85]",[],[21],[2],4,0.4011635184288025,"{""0"": 2.1860499382019043, ""1"": 1.9752888679504395, ""2"": -1.0, ""3"": -1.0}",0,0,"[86, 34, 98, 27]","[2, 21, 69, 63, 18, 85]","[86, 34, 98, 27]","[2, 21, 69, 63, 18, 85]","[86, 34, 98, 27]",[],"[21, 69, 63, 18, 85]",[2],"[86, 34, 98, 27]","[2, 21, 69, 63, 18, 85]","[86, 34, 98, 27]",[],"[21, 69, 63, 18, 85]",[2],4,0,5,1
421,10,5,"[0, 57, 42, 58, 78, 25, 94, 13, 40, 84]","[57, 42, 58, 78, 25, 94, 13, 40, 84]",[0],0.5649810077131892,0.060519647821410144,2.0,0,0,"[57, 42, 78, 25, 94, 13, 40, 84]","[0, 58]","[57, 42, 78, 25, 94, 13, 40, 84]","[0, 58]","[57, 42, 78, 25, 94, 13, 40, 84]",[],[58],[0],2,0.5356261730194092,"{""0"": 3.199498176574707, ""1"": -1.0}",0,0,"[57, 78, 25, 94, 13, 40, 84]","[0, 42, 58]","[57, 78, 25, 94, 13, 40, 84]","[0, 42, 58]","[57, 78, 25, 94, 13, 40, 84]",[],"[42, 58]",[0],"[57, 78, 25, 94, 13, 40, 84]","[0, 42, 58]","[57, 78, 25, 94, 13, 40, 84]",[],"[42, 58]",[0],7,0,2,1
422,10,5,"[2, 33, 84, 78, 35, 15, 76, 91, 73, 49]","[33, 84, 78, 35, 15, 76, 91, 73, 49]",[2],0.7710599896365651,0.18129024390332182,2.0,0,0,"[2, 33, 84, 78, 35, 15, 76, 91, 73, 49]",[],"[2, 33, 84, 78, 35, 15, 76, 91, 73, 49]",[],"[33, 84, 78, 35, 15, 76, 91, 73, 49]",[2],[],[],2,0.6225849390029907,"{""0"": 3.104189395904541, ""1"": -1.0}",0,0,"[33, 84, 78, 35, 15, 76, 91, 73, 49]",[2],"[33, 84, 78, 35, 15, 76, 91, 73, 49]",[2],"[33, 84, 78, 35, 15, 76, 91, 73, 49]",[],[],[2],"[33, 84, 78, 35, 15, 76, 91, 73, 49]",[2],"[33, 84, 78, 35, 15, 76, 91, 73, 49]",[],[],[2],9,0,0,1
423,10,5,"[2, 41, 87, 74, 98, 84, 50, 23, 82, 34]","[41, 87, 74, 98, 84, 50, 23, 82, 34]",[2],0.6271099607136705,0.05462787994644841,2.0,0,0,"[87, 74, 98, 84, 50, 23, 82, 34]","[2, 41]","[87, 74, 98, 84, 50, 23, 82, 34]","[2, 41]","[87, 74, 98, 84, 50, 23, 82, 34]",[],[41],[2],2,0.5550159811973572,"{""0"": 5.973740577697754, ""1"": -1.0}",0,0,"[87, 74, 98, 84, 50, 23, 34]","[2, 41, 82]","[87, 74, 98, 84, 50, 23, 34]","[2, 41, 82]","[87, 74, 98, 84, 50, 23, 34]",[],"[41, 82]",[2],"[87, 74, 98, 84, 50, 23, 34]","[2, 41, 82]","[87, 74, 98, 84, 50, 23, 34]",[],"[41, 82]",[2],7,0,2,1
424,10,5,"[1, 71, 36, 0, 74, 92, 19, 99, 64, 58]","[71, 36, 74, 92, 19, 99, 64, 58]","[1, 0]",0.6699205104848507,0.09164271955190245,2.0,0,0,"[1, 71, 36, 74, 92, 99, 64, 58]","[0, 19]","[1, 71, 36, 74, 92, 99, 64, 58]","[0, 19]","[71, 36, 74, 92, 99, 64, 58]",[1],[19],[0],2,0.5304466485977173,"{""0"": 3.2085134983062744, ""1"": -1.0}",0,0,"[1, 36, 74, 92, 99, 64, 58]","[71, 0, 19]","[1, 36, 74, 92, 99, 64, 58]","[71, 0, 19]","[36, 74, 92, 99, 64, 58]",[1],"[71, 19]",[0],"[1, 36, 74, 92, 99, 64, 58]","[71, 0, 19]","[36, 74, 92, 99, 64, 58]",[1],"[71, 19]",[0],6,1,2,1
425,10,5,"[0, 46, 58, 30, 86, 82, 53, 68, 43, 1]","[46, 58, 30, 86, 82, 53, 68, 43]","[0, 1]",0.7190996481559364,0.03975534393495017,2.0,0,0,"[0, 58, 30, 86, 82, 53, 68, 43, 1]",[46],"[0, 58, 30, 86, 82, 53, 68, 43, 1]",[46],"[58, 30, 86, 82, 53, 68, 43]","[0, 1]",[46],[],2,0.6025933027267456,"{""0"": 0.9025262594223022, ""1"": -1.0}",0,0,"[0, 58, 30, 86, 53, 68, 43, 1]","[46, 82]","[0, 58, 30, 86, 53, 68, 43, 1]","[46, 82]","[58, 30, 86, 53, 68, 43]","[0, 1]","[46, 82]",[],"[0, 58, 30, 86, 53, 68, 43, 1]","[46, 82]","[58, 30, 86, 53, 68, 43]","[0, 1]","[46, 82]",[],6,2,2,0
426,10,5,"[3, 8, 42, 87, 15, 70, 20, 45, 12, 83]","[8, 42, 87, 15, 70, 20, 45, 12, 83]",[3],0.6592279608538056,0.07932217093634569,2.0,0,0,"[3, 8, 42, 87, 15, 70, 20, 45, 12, 83]",[],"[3, 8, 42, 87, 15, 70, 20, 45, 12, 83]",[],"[8, 42, 87, 15, 70, 20, 45, 12, 83]",[3],[],[],2,0.6919325590133667,"{""0"": 3.2621171474456787, ""1"": -1.0}",0,0,"[3, 8, 87, 15, 70, 20, 45, 12, 83]",[42],"[3, 8, 87, 15, 70, 20, 45, 12, 83]",[42],"[8, 87, 15, 70, 20, 45, 12, 83]",[3],[42],[],"[3, 8, 87, 15, 70, 20, 45, 12, 83]",[42],"[8, 87, 15, 70, 20, 45, 12, 83]",[3],[42],[],8,1,1,0
427,10,5,"[0, 4, 25, 12, 84, 69, 56, 58, 17, 3]","[25, 12, 84, 69, 56, 58, 17]","[0, 4, 3]",0.820244347368513,0.10155847034267607,2.0,0,0,"[0, 4, 25, 84, 69, 56, 58, 3]","[12, 17]","[0, 4, 25, 84, 69, 56, 58, 3]","[12, 17]","[25, 84, 69, 56, 58]","[0, 4, 3]","[12, 17]",[],2,0.3925251066684723,"{""0"": 1.3225008249282837, ""1"": 1.7494114637374878}",1,0,"[4, 25, 84, 56, 58, 3]","[0, 12, 69, 17]","[4, 25, 84, 56, 58, 3]","[0, 12, 69, 17]","[25, 84, 56, 58]","[4, 3]","[12, 69, 17]",[0],"[4, 25, 84, 56, 58, 3]","[0, 12, 69, 17]","[25, 84, 56, 58]","[4, 3]","[12, 69, 17]",[0],4,2,3,1
428,10,5,"[3, 46, 75, 14, 36, 95, 48, 54, 55, 10]","[46, 75, 14, 36, 95, 48, 54, 55, 10]",[3],0.7607153964817368,0.18996502509525842,2.0,0,0,"[3, 46, 75, 14, 36, 95, 48, 55, 10]",[54],"[3, 46, 75, 14, 36, 95, 48, 55, 10]",[54],"[46, 75, 14, 36, 95, 48, 55, 10]",[3],[54],[],2,0.45014688372612,"{""0"": 3.0057408809661865, ""1"": -1.0}",0,0,"[3, 46, 75, 14, 36, 95, 48, 55]","[54, 10]","[3, 46, 75, 14, 36, 95, 48, 55]","[54, 10]","[46, 75, 14, 36, 95, 48, 55]",[3],"[54, 10]",[],"[3, 46, 75, 14, 36, 95, 48, 55]","[54, 10]","[46, 75, 14, 36, 95, 48, 55]",[3],"[54, 10]",[],7,1,2,0
429,10,5,"[4, 53, 52, 94, 59, 88, 49, 1, 12, 93]","[53, 52, 94, 59, 88, 49, 12, 93]","[4, 1]",0.9085917902660019,0.2847930080589424,2.0,0,0,"[4, 53, 52, 94, 59, 49, 1, 12, 93]",[88],"[4, 53, 52, 94, 59, 49, 1, 12, 93]",[88],"[53, 52, 94, 59, 49, 12, 93]","[4, 1]",[88],[],2,0.6636563539505005,"{""0"": 4.665783882141113, ""1"": -1.0}",0,0,"[4, 53, 52, 94, 49, 1, 12, 93]","[59, 88]","[4, 53, 52, 94, 49, 1, 12, 93]","[59, 88]","[53, 52, 94, 49, 12, 93]","[4, 1]","[59, 88]",[],"[4, 53, 52, 94, 49, 1, 12, 93]","[59, 88]","[53, 52, 94, 49, 12, 93]","[4, 1]","[59, 88]",[],6,2,2,0
430,10,5,"[2, 7, 92, 35, 31, 0, 99, 11, 24, 51]","[7, 92, 35, 31, 99, 11, 24, 51]","[2, 0]",0.9771368988209701,0.18652612008377367,2.0,0,0,"[2, 7, 92, 35, 31, 0, 99, 11, 24, 51]",[],"[2, 7, 92, 35, 31, 0, 99, 11, 24, 51]",[],"[7, 92, 35, 31, 99, 11, 24, 51]","[2, 0]",[],[],2,0.7059856653213501,"{""0"": 4.505052089691162, ""1"": -1.0}",0,0,"[7, 92, 35, 31, 0, 99, 11, 24, 51]",[2],"[7, 92, 35, 31, 0, 99, 11, 24, 51]",[2],"[7, 92, 35, 31, 99, 11, 24, 51]",[0],[],[2],"[7, 92, 35, 31, 0, 99, 11, 24, 51]",[2],"[7, 92, 35, 31, 99, 11, 24, 51]",[0],[],[2],8,1,0,1
431,10,5,"[2, 44, 59, 49, 89, 39, 60, 48, 54, 83]","[44, 59, 49, 89, 39, 60, 48, 54, 83]",[2],0.7084630550530011,0.12581544223580898,2.0,0,0,"[2, 44, 59, 49, 89, 39, 60, 83]","[48, 54]","[2, 44, 59, 49, 89, 39, 60, 83]","[48, 54]","[44, 59, 49, 89, 39, 60, 83]",[2],"[48, 54]",[],2,0.5624066591262817,"{""0"": 5.412909507751465, ""1"": -1.0}",0,0,"[44, 59, 49, 89, 39, 60, 83]","[2, 48, 54]","[44, 59, 49, 89, 39, 60, 83]","[2, 48, 54]","[44, 59, 49, 89, 39, 60, 83]",[],"[48, 54]",[2],"[44, 59, 49, 89, 39, 60, 83]","[2, 48, 54]","[44, 59, 49, 89, 39, 60, 83]",[],"[48, 54]",[2],7,0,2,1
432,10,5,"[3, 47, 96, 59, 25, 93, 18, 76, 83, 62]","[47, 96, 59, 25, 93, 18, 76, 83, 62]",[3],0.6973704016317169,0.18001274821363486,2.0,0,0,"[3, 47, 96, 59, 25, 93, 18, 76, 83, 62]",[],"[3, 47, 96, 59, 25, 93, 18, 76, 83, 62]",[],"[47, 96, 59, 25, 93, 18, 76, 83, 62]",[3],[],[],2,0.544281542301178,"{""0"": 1.50334894657135, ""1"": -1.0}",0,0,"[3, 96, 59, 25, 93, 18, 76, 83, 62]",[47],"[3, 96, 59, 25, 93, 18, 76, 83, 62]",[47],"[96, 59, 25, 93, 18, 76, 83, 62]",[3],[47],[],"[3, 96, 59, 25, 93, 18, 76, 83, 62]",[47],"[96, 59, 25, 93, 18, 76, 83, 62]",[3],[47],[],8,1,1,0
433,10,5,"[3, 39, 11, 98, 8, 44, 0, 56, 67, 42]","[39, 11, 98, 8, 44, 56, 67, 42]","[3, 0]",0.7660218703264481,0.18817827115222696,2.0,0,0,"[3, 39, 11, 98, 8, 44, 0, 56, 67, 42]",[],"[3, 39, 11, 98, 8, 44, 0, 56, 67, 42]",[],"[39, 11, 98, 8, 44, 56, 67, 42]","[3, 0]",[],[],2,0.5555904507637024,"{""0"": 1.6967271566390991, ""1"": -1.0}",0,0,"[3, 39, 11, 98, 8, 44, 0, 56, 67]",[42],"[3, 39, 11, 98, 8, 44, 0, 56, 67]",[42],"[39, 11, 98, 8, 44, 56, 67]","[3, 0]",[42],[],"[3, 39, 11, 98, 8, 44, 0, 56, 67]",[42],"[39, 11, 98, 8, 44, 56, 67]","[3, 0]",[42],[],7,2,1,0
434,10,5,"[4, 2, 97, 93, 20, 31, 32, 7, 79, 39]","[97, 93, 20, 31, 32, 7, 79, 39]","[4, 2]",0.6862253536295728,0.12375188257164443,2.0,0,0,"[4, 2, 97, 93, 20, 31, 32, 7, 79, 39]",[],"[4, 2, 97, 93, 20, 31, 32, 7, 79, 39]",[],"[97, 93, 20, 31, 32, 7, 79, 39]","[4, 2]",[],[],2,0.7786861658096313,"{""0"": 6.132444381713867, ""1"": -1.0}",0,0,"[4, 2, 97, 93, 20, 32, 7, 79, 39]",[31],"[4, 2, 97, 93, 20, 32, 7, 79, 39]",[31],"[97, 93, 20, 32, 7, 79, 39]","[4, 2]",[31],[],"[4, 2, 97, 93, 20, 32, 7, 79, 39]",[31],"[97, 93, 20, 32, 7, 79, 39]","[4, 2]",[31],[],7,2,1,0
435,10,5,"[3, 98, 90, 24, 16, 40, 63, 82, 2, 54]","[98, 90, 24, 16, 40, 63, 82, 54]","[3, 2]",0.8103536151714094,0.14789490638029723,2.0,0,0,"[3, 98, 90, 24, 16, 40, 63, 82, 2]",[54],"[3, 98, 90, 24, 16, 40, 63, 82, 2]",[54],"[98, 90, 24, 16, 40, 63, 82]","[3, 2]",[54],[],3,0.3722972869873047,"{""0"": 4.138179302215576, ""1"": 1.970322608947754, ""2"": -1.0}",0,0,"[98, 90, 16, 40, 82, 2]","[3, 24, 63, 54]","[98, 90, 16, 40, 82, 2]","[3, 24, 63, 54]","[98, 90, 16, 40, 82]",[2],"[24, 63, 54]",[3],"[98, 90, 16, 40, 82, 2]","[3, 24, 63, 54]","[98, 90, 16, 40, 82]",[2],"[24, 63, 54]",[3],5,1,3,1
436,10,5,"[0, 49, 43, 29, 60, 2, 42, 27, 38, 22]","[49, 43, 29, 60, 42, 27, 38, 22]","[0, 2]",0.6791865382828028,0.1149832488024104,2.0,0,0,"[0, 49, 43, 29, 60, 2, 42, 27, 38, 22]",[],"[0, 49, 43, 29, 60, 2, 42, 27, 38, 22]",[],"[49, 43, 29, 60, 42, 27, 38, 22]","[0, 2]",[],[],2,0.42412909865379333,"{""0"": 0.6995168328285217, ""1"": -1.0}",0,0,"[49, 43, 29, 60, 2, 42, 27, 38, 22]",[0],"[49, 43, 29, 60, 2, 42, 27, 38, 22]",[0],"[49, 43, 29, 60, 42, 27, 38, 22]",[2],[],[0],"[49, 43, 29, 60, 2, 42, 27, 38, 22]",[0],"[49, 43, 29, 60, 42, 27, 38, 22]",[2],[],[0],8,1,0,1
437,10,5,"[4, 77, 0, 63, 91, 68, 9, 82, 54, 20]","[77, 63, 91, 68, 9, 82, 54, 20]","[4, 0]",0.683763211400586,0.08451929098234073,2.0,0,0,"[4, 77, 0, 63, 91, 68, 9, 82, 20]",[54],"[4, 77, 0, 63, 91, 68, 9, 82, 20]",[54],"[77, 63, 91, 68, 9, 82, 20]","[4, 0]",[54],[],2,0.5581809282302856,"{""0"": 3.484517812728882, ""1"": -1.0}",0,0,"[4, 77, 63, 91, 68, 9, 82, 20]","[0, 54]","[4, 77, 63, 91, 68, 9, 82, 20]","[0, 54]","[77, 63, 91, 68, 9, 82, 20]",[4],[54],[0],"[4, 77, 63, 91, 68, 9, 82, 20]","[0, 54]","[77, 63, 91, 68, 9, 82, 20]",[4],[54],[0],7,1,1,1
438,10,5,"[4, 26, 8, 74, 84, 49, 15, 46, 62, 7]","[26, 8, 74, 84, 49, 15, 46, 62, 7]",[4],0.6503336459070368,0.07252558180841373,2.0,0,0,"[4, 26, 8, 74, 84, 49, 15, 46, 62, 7]",[],"[4, 26, 8, 74, 84, 49, 15, 46, 62, 7]",[],"[26, 8, 74, 84, 49, 15, 46, 62, 7]",[4],[],[],5,0.2793528437614441,"{""0"": 1.9270164966583252, ""1"": 2.4005701541900635, ""2"": 2.5658469200134277, ""3"": -1.0, ""4"": -1.0}",2,0,"[26, 49, 62]","[4, 8, 74, 84, 15, 46, 7]","[26, 49, 62]","[4, 8, 74, 84, 15, 46, 7]","[26, 49, 62]",[],"[8, 74, 84, 15, 46, 7]",[4],"[26, 49, 62]","[4, 8, 74, 84, 15, 46, 7]","[26, 49, 62]",[],"[8, 74, 84, 15, 46, 7]",[4],3,0,6,1
439,10,5,"[3, 51, 16, 78, 7, 29, 56, 59, 8, 43]","[51, 16, 78, 7, 29, 56, 59, 8, 43]",[3],0.9202317051274396,0.2077791844336025,2.0,0,0,"[3, 51, 16, 78, 7, 29, 56, 59, 8, 43]",[],"[3, 51, 16, 78, 7, 29, 56, 59, 8, 43]",[],"[51, 16, 78, 7, 29, 56, 59, 8, 43]",[3],[],[],2,0.4358829855918884,"{""0"": 1.2466896772384644, ""1"": 2.234767436981201}",1,0,"[3, 16, 78, 7, 56, 59, 8, 43]","[51, 29]","[3, 16, 78, 7, 56, 59, 8, 43]","[51, 29]","[16, 78, 7, 56, 59, 8, 43]",[3],"[51, 29]",[],"[3, 16, 78, 7, 56, 59, 8, 43]","[51, 29]","[16, 78, 7, 56, 59, 8, 43]",[3],"[51, 29]",[],7,1,2,0
440,10,5,"[4, 8, 35, 16, 59, 85, 74, 82, 88, 61]","[8, 35, 16, 59, 85, 74, 82, 88, 61]",[4],0.6830164632910547,0.09528514729858573,2.0,0,0,"[8, 35, 16, 59, 85, 74, 82, 61]","[4, 88]","[8, 35, 16, 59, 85, 74, 82, 61]","[4, 88]","[8, 35, 16, 59, 85, 74, 82, 61]",[],[88],[4],2,0.37423452734947205,"{""0"": 4.228049278259277, ""1"": -1.0}",0,0,"[8, 16, 59, 85, 74, 82, 61]","[4, 35, 88]","[8, 16, 59, 85, 74, 82, 61]","[4, 35, 88]","[8, 16, 59, 85, 74, 82, 61]",[],"[35, 88]",[4],"[8, 16, 59, 85, 74, 82, 61]","[4, 35, 88]","[8, 16, 59, 85, 74, 82, 61]",[],"[35, 88]",[4],7,0,2,1
441,10,5,"[3, 78, 56, 87, 26, 14, 77, 74, 37, 53]","[78, 56, 87, 26, 14, 77, 74, 37, 53]",[3],0.8091592583055155,0.09745882200666245,2.0,0,0,"[3, 78, 56, 87, 14, 77, 74, 37, 53]",[26],"[3, 78, 56, 87, 14, 77, 74, 37, 53]",[26],"[78, 56, 87, 14, 77, 74, 37, 53]",[3],[26],[],4,0.36198604106903076,"{""0"": 0.9514653086662292, ""1"": 1.9528186321258545, ""2"": -1.0, ""3"": -1.0}",1,0,"[74, 53]","[3, 78, 56, 87, 26, 14, 77, 37]","[74, 53]","[3, 78, 56, 87, 26, 14, 77, 37]","[74, 53]",[],"[78, 56, 87, 26, 14, 77, 37]",[3],"[74, 53]","[3, 78, 56, 87, 26, 14, 77, 37]","[74, 53]",[],"[78, 56, 87, 26, 14, 77, 37]",[3],2,0,7,1
442,10,5,"[3, 5, 73, 80, 50, 87, 7, 71, 60, 35]","[5, 73, 80, 50, 87, 7, 71, 60, 35]",[3],0.6916842698971897,0.15693532930240867,2.0,0,0,"[3, 73, 80, 50, 87, 7, 71, 60, 35]",[5],"[3, 73, 80, 50, 87, 7, 71, 60, 35]",[5],"[73, 80, 50, 87, 7, 71, 60, 35]",[3],[5],[],2,0.6766726970672607,"{""0"": 3.326442241668701, ""1"": -1.0}",0,0,"[3, 80, 50, 87, 7, 71, 60, 35]","[5, 73]","[3, 80, 50, 87, 7, 71, 60, 35]","[5, 73]","[80, 50, 87, 7, 71, 60, 35]",[3],"[5, 73]",[],"[3, 80, 50, 87, 7, 71, 60, 35]","[5, 73]","[80, 50, 87, 7, 71, 60, 35]",[3],"[5, 73]",[],7,1,2,0
443,10,5,"[4, 54, 9, 20, 78, 66, 29, 2, 86, 97]","[54, 9, 20, 78, 66, 29, 86, 97]","[4, 2]",0.6977131849638136,0.1416525949142664,2.0,0,0,"[4, 9, 20, 78, 66, 29, 2, 86]","[54, 97]","[4, 9, 20, 78, 66, 29, 2, 86]","[54, 97]","[9, 20, 78, 66, 29, 86]","[4, 2]","[54, 97]",[],2,0.5760148763656616,"{""0"": 2.5561063289642334, ""1"": -1.0}",0,0,"[4, 9, 20, 78, 66, 29, 86]","[54, 2, 97]","[4, 9, 20, 78, 66, 29, 86]","[54, 2, 97]","[9, 20, 78, 66, 29, 86]",[4],"[54, 97]",[2],"[4, 9, 20, 78, 66, 29, 86]","[54, 2, 97]","[9, 20, 78, 66, 29, 86]",[4],"[54, 97]",[2],6,1,2,1
444,10,5,"[3, 70, 67, 40, 92, 61, 58, 73, 66, 65]","[70, 67, 40, 92, 61, 58, 73, 66, 65]",[3],0.74291260236204,0.09368082086142288,2.0,0,0,"[3, 70, 40, 92, 61, 58, 66, 65]","[67, 73]","[3, 70, 40, 92, 61, 58, 66, 65]","[67, 73]","[70, 40, 92, 61, 58, 66, 65]",[3],"[67, 73]",[],4,0.472107470035553,"{""0"": 2.226435661315918, ""1"": 1.9717621803283691, ""2"": 1.9903523921966553, ""3"": -1.0}",0,0,"[70, 92, 65]","[3, 67, 40, 61, 58, 73, 66]","[70, 92, 65]","[3, 67, 40, 61, 58, 73, 66]","[70, 92, 65]",[],"[67, 40, 61, 58, 73, 66]",[3],"[70, 92, 65]","[3, 67, 40, 61, 58, 73, 66]","[70, 92, 65]",[],"[67, 40, 61, 58, 73, 66]",[3],3,0,6,1
445,10,5,"[1, 33, 28, 59, 45, 80, 52, 68, 95, 51]","[33, 28, 59, 45, 80, 52, 68, 95, 51]",[1],0.7381836448346222,0.10311919459575919,2.0,0,0,"[1, 33, 28, 59, 45, 80, 52, 68, 51]",[95],"[1, 33, 28, 59, 45, 80, 52, 68, 51]",[95],"[33, 28, 59, 45, 80, 52, 68, 51]",[1],[95],[],4,0.3098807632923126,"{""0"": 1.7763465642929077, ""1"": 3.4535505771636963, ""2"": -1.0, ""3"": -1.0}",1,0,"[1, 28, 45, 52]","[33, 59, 80, 68, 95, 51]","[1, 28, 45, 52]","[33, 59, 80, 68, 95, 51]","[28, 45, 52]",[1],"[33, 59, 80, 68, 95, 51]",[],"[1, 28, 45, 52]","[33, 59, 80, 68, 95, 51]","[28, 45, 52]",[1],"[33, 59, 80, 68, 95, 51]",[],3,1,6,0
446,10,5,"[4, 88, 56, 23, 58, 33, 65, 24, 90, 30]","[88, 56, 23, 58, 33, 65, 24, 90, 30]",[4],0.6147989410313378,0.03820717814365382,2.0,0,0,"[4, 56, 23, 58, 33, 65, 90, 30]","[88, 24]","[4, 56, 23, 58, 33, 65, 90, 30]","[88, 24]","[56, 23, 58, 33, 65, 90, 30]",[4],"[88, 24]",[],2,0.3227716386318207,"{""0"": 5.718724727630615, ""1"": -1.0}",0,0,"[4, 56, 23, 33, 65, 90, 30]","[88, 58, 24]","[4, 56, 23, 33, 65, 90, 30]","[88, 58, 24]","[56, 23, 33, 65, 90, 30]",[4],"[88, 58, 24]",[],"[4, 56, 23, 33, 65, 90, 30]","[88, 58, 24]","[56, 23, 33, 65, 90, 30]",[4],"[88, 58, 24]",[],6,1,3,0
447,10,5,"[0, 5, 73, 92, 57, 9, 42, 33, 63, 43]","[5, 73, 92, 57, 9, 42, 33, 63, 43]",[0],0.6502178878990069,0.030419023281138324,2.0,0,0,"[92, 57, 9, 33, 63, 43]","[0, 5, 73, 42]","[92, 57, 9, 33, 63, 43]","[0, 5, 73, 42]","[92, 57, 9, 33, 63, 43]",[],"[5, 73, 42]",[0],2,0.5841994881629944,"{""0"": 3.6083908081054688, ""1"": -1.0}",0,0,"[92, 57, 9, 33, 63]","[0, 5, 73, 42, 43]","[92, 57, 9, 33, 63]","[0, 5, 73, 42, 43]","[92, 57, 9, 33, 63]",[],"[5, 73, 42, 43]",[0],"[92, 57, 9, 33, 63]","[0, 5, 73, 42, 43]","[92, 57, 9, 33, 63]",[],"[5, 73, 42, 43]",[0],5,0,4,1
448,10,5,"[4, 46, 2, 15, 25, 98, 28, 50, 58, 20]","[46, 15, 25, 98, 28, 50, 58, 20]","[4, 2]",0.8021561899875835,0.09300314879996319,2.0,0,0,"[46, 2, 15, 25, 98, 28, 50, 58, 20]",[4],"[46, 2, 15, 25, 98, 28, 50, 58, 20]",[4],"[46, 15, 25, 98, 28, 50, 58, 20]",[2],[],[4],2,0.4357583820819855,"{""0"": 1.2230665683746338, ""1"": -1.0}",0,0,"[46, 15, 25, 98, 28, 50, 58, 20]","[4, 2]","[46, 15, 25, 98, 28, 50, 58, 20]","[4, 2]","[46, 15, 25, 98, 28, 50, 58, 20]",[],[],"[4, 2]","[46, 15, 25, 98, 28, 50, 58, 20]","[4, 2]","[46, 15, 25, 98, 28, 50, 58, 20]",[],[],"[4, 2]",8,0,0,2
449,10,5,"[0, 9, 42, 49, 58, 98, 94, 67, 36, 3]","[9, 42, 49, 58, 98, 94, 67, 36]","[0, 3]",0.6967769846518458,0.14762347760906663,2.0,0,0,"[0, 9, 42, 49, 58, 98, 94, 67, 36, 3]",[],"[0, 9, 42, 49, 58, 98, 94, 67, 36, 3]",[],"[9, 42, 49, 58, 98, 94, 67, 36]","[0, 3]",[],[],2,0.4268952012062073,"{""0"": 1.3872300386428833, ""1"": -1.0}",0,0,"[9, 42, 49, 58, 98, 94, 67, 36, 3]",[0],"[9, 42, 49, 58, 98, 94, 67, 36, 3]",[0],"[9, 42, 49, 58, 98, 94, 67, 36]",[3],[],[0],"[9, 42, 49, 58, 98, 94, 67, 36, 3]",[0],"[9, 42, 49, 58, 98, 94, 67, 36]",[3],[],[0],8,1,0,1
450,10,5,"[4, 21, 69, 24, 38, 97, 52, 40, 78, 83]","[21, 69, 24, 38, 97, 52, 40, 78, 83]",[4],0.6442694817364474,0.07124815275544721,2.0,0,0,"[4, 21, 69, 24, 38, 97, 52, 78, 83]",[40],"[4, 21, 69, 24, 38, 97, 52, 78, 83]",[40],"[21, 69, 24, 38, 97, 52, 78, 83]",[4],[40],[],2,0.47921180725097656,"{""0"": 2.4954073429107666, ""1"": 1.474701166152954}",0,0,"[4, 21, 24, 38, 52, 78, 83]","[69, 97, 40]","[4, 21, 24, 38, 52, 78, 83]","[69, 97, 40]","[21, 24, 38, 52, 78, 83]",[4],"[69, 97, 40]",[],"[4, 21, 24, 38, 52, 78, 83]","[69, 97, 40]","[21, 24, 38, 52, 78, 83]",[4],"[69, 97, 40]",[],6,1,3,0
451,10,5,"[0, 83, 31, 58, 11, 54, 42, 8, 73, 36]","[83, 31, 58, 11, 54, 42, 8, 73, 36]",[0],0.8724770799595842,0.16287038079959154,2.0,0,0,"[0, 83, 31, 58, 11, 42, 8, 73, 36]",[54],"[0, 83, 31, 58, 11, 42, 8, 73, 36]",[54],"[83, 31, 58, 11, 42, 8, 73, 36]",[0],[54],[],2,0.409584105014801,"{""0"": 1.6264965534210205, ""1"": 1.9636342525482178}",1,0,"[42, 73]","[0, 83, 31, 58, 11, 54, 8, 36]","[42, 73]","[0, 83, 31, 58, 11, 54, 8, 36]","[42, 73]",[],"[83, 31, 58, 11, 54, 8, 36]",[0],"[42, 73]","[0, 83, 31, 58, 11, 54, 8, 36]","[42, 73]",[],"[83, 31, 58, 11, 54, 8, 36]",[0],2,0,7,1
452,10,5,"[1, 85, 28, 14, 48, 73, 53, 82, 31, 61]","[85, 28, 14, 48, 73, 53, 82, 31, 61]",[1],0.8532178749514132,0.11828250555851688,2.0,0,0,"[1, 85, 28, 14, 53, 82, 61]","[48, 73, 31]","[1, 85, 28, 14, 53, 82, 61]","[48, 73, 31]","[85, 28, 14, 53, 82, 61]",[1],"[48, 73, 31]",[],2,0.4076690077781677,"{""0"": 2.157505750656128, ""1"": -1.0}",0,0,"[1, 85, 28, 14, 53, 61]","[48, 73, 82, 31]","[1, 85, 28, 14, 53, 61]","[48, 73, 82, 31]","[85, 28, 14, 53, 61]",[1],"[48, 73, 82, 31]",[],"[1, 85, 28, 14, 53, 61]","[48, 73, 82, 31]","[85, 28, 14, 53, 61]",[1],"[48, 73, 82, 31]",[],5,1,4,0
453,10,5,"[4, 11, 29, 16, 84, 79, 9, 47, 14, 66]","[11, 29, 16, 84, 79, 9, 47, 14, 66]",[4],0.7672674872341321,0.158357432565711,2.0,0,0,"[4, 11, 29, 16, 84, 79, 9, 47, 14, 66]",[],"[4, 11, 29, 16, 84, 79, 9, 47, 14, 66]",[],"[11, 29, 16, 84, 79, 9, 47, 14, 66]",[4],[],[],4,0.45313459634780884,"{""0"": 1.8950055837631226, ""1"": 2.786797046661377, ""2"": 3.432398796081543, ""3"": -1.0}",2,0,"[29, 16, 9, 14]","[4, 11, 84, 79, 47, 66]","[29, 16, 9, 14]","[4, 11, 84, 79, 47, 66]","[29, 16, 9, 14]",[],"[11, 84, 79, 47, 66]",[4],"[29, 16, 9, 14]","[4, 11, 84, 79, 47, 66]","[29, 16, 9, 14]",[],"[11, 84, 79, 47, 66]",[4],4,0,5,1
454,10,5,"[0, 91, 31, 49, 75, 3, 4, 36, 57, 77]","[91, 31, 49, 75, 36, 57, 77]","[0, 3, 4]",0.6512676265649626,0.0906469850587221,2.0,0,0,"[91, 75, 3, 4, 36, 57, 77]","[0, 31, 49]","[91, 75, 3, 4, 36, 57, 77]","[0, 31, 49]","[91, 75, 36, 57, 77]","[3, 4]","[31, 49]",[0],2,0.5859268307685852,"{""0"": 1.920332431793213, ""1"": 4.771671772003174}",1,0,"[91, 3, 4, 57, 77]","[0, 31, 49, 75, 36]","[91, 3, 4, 57, 77]","[0, 31, 49, 75, 36]","[91, 57, 77]","[3, 4]","[31, 49, 75, 36]",[0],"[91, 3, 4, 57, 77]","[0, 31, 49, 75, 36]","[91, 57, 77]","[3, 4]","[31, 49, 75, 36]",[0],3,2,4,1
455,10,5,"[0, 39, 56, 94, 40, 37, 77, 34, 8, 99]","[39, 56, 94, 40, 37, 77, 34, 8, 99]",[0],0.6310567378180822,0.050878242999730205,2.0,0,0,"[39, 56, 94, 40, 37, 77, 34, 8, 99]",[0],"[39, 56, 94, 40, 37, 77, 34, 8, 99]",[0],"[39, 56, 94, 40, 37, 77, 34, 8, 99]",[],[],[0],2,0.48839595913887024,"{""0"": 2.5307655334472656, ""1"": 4.254328727722168}",1,0,"[39, 94, 37, 77, 34]","[0, 56, 40, 8, 99]","[39, 94, 37, 77, 34]","[0, 56, 40, 8, 99]","[39, 94, 37, 77, 34]",[],"[56, 40, 8, 99]",[0],"[39, 94, 37, 77, 34]","[0, 56, 40, 8, 99]","[39, 94, 37, 77, 34]",[],"[56, 40, 8, 99]",[0],5,0,4,1
456,10,5,"[2, 88, 70, 9, 43, 13, 78, 98, 29, 79]","[88, 70, 9, 43, 13, 78, 98, 29, 79]",[2],0.5673153074162189,0.08127918665678072,2.0,0,0,"[70, 9, 43, 13, 78, 98, 29, 79]","[2, 88]","[70, 9, 43, 13, 78, 98, 29, 79]","[2, 88]","[70, 9, 43, 13, 78, 98, 29, 79]",[],[88],[2],2,0.3047221302986145,"{""0"": 4.849061012268066, ""1"": 1.7382824420928955}",0,0,"[70, 9, 43, 13, 98, 79]","[2, 88, 78, 29]","[70, 9, 43, 13, 98, 79]","[2, 88, 78, 29]","[70, 9, 43, 13, 98, 79]",[],"[88, 78, 29]",[2],"[70, 9, 43, 13, 98, 79]","[2, 88, 78, 29]","[70, 9, 43, 13, 98, 79]",[],"[88, 78, 29]",[2],6,0,3,1
457,10,5,"[2, 20, 64, 72, 73, 12, 91, 81, 10, 80]","[20, 64, 72, 73, 12, 91, 81, 10, 80]",[2],0.6280688289686553,0.12860766012587263,2.0,0,0,"[2, 20, 64, 72, 73, 12, 91, 81, 10, 80]",[],"[2, 20, 64, 72, 73, 12, 91, 81, 10, 80]",[],"[20, 64, 72, 73, 12, 91, 81, 10, 80]",[2],[],[],2,0.5039421916007996,"{""0"": 2.5227854251861572, ""1"": 1.6909977197647095}",0,0,"[2, 20, 64, 72, 12, 91, 81, 80]","[73, 10]","[2, 20, 64, 72, 12, 91, 81, 80]","[73, 10]","[20, 64, 72, 12, 91, 81, 80]",[2],"[73, 10]",[],"[2, 20, 64, 72, 12, 91, 81, 80]","[73, 10]","[20, 64, 72, 12, 91, 81, 80]",[2],"[73, 10]",[],7,1,2,0
458,10,5,"[1, 56, 69, 77, 7, 3, 80, 65, 55, 87]","[56, 69, 77, 7, 80, 65, 55, 87]","[1, 3]",0.6249219560872186,0.08837363179190988,2.0,0,0,"[1, 56, 69, 77, 3, 80, 65, 55, 87]",[7],"[1, 56, 69, 77, 3, 80, 65, 55, 87]",[7],"[56, 69, 77, 80, 65, 55, 87]","[1, 3]",[7],[],3,0.5218119621276855,"{""0"": 1.3390158414840698, ""1"": -1.0, ""2"": -1.0}",0,0,"[1, 69, 77, 3, 80, 55, 87]","[56, 7, 65]","[1, 69, 77, 3, 80, 55, 87]","[56, 7, 65]","[69, 77, 80, 55, 87]","[1, 3]","[56, 7, 65]",[],"[1, 69, 77, 3, 80, 55, 87]","[56, 7, 65]","[69, 77, 80, 55, 87]","[1, 3]","[56, 7, 65]",[],5,2,3,0
459,10,5,"[0, 82, 55, 67, 10, 38, 40, 11, 93, 50]","[82, 55, 67, 10, 38, 40, 11, 93, 50]",[0],0.7964240352271241,0.1056817134970503,2.0,0,0,"[0, 82, 55, 67, 10, 38, 40, 11, 93, 50]",[],"[0, 82, 55, 67, 10, 38, 40, 11, 93, 50]",[],"[82, 55, 67, 10, 38, 40, 11, 93, 50]",[0],[],[],3,0.3879220485687256,"{""0"": 2.5592024326324463, ""1"": 1.8451979160308838, ""2"": -1.0}",0,0,"[82, 55, 10, 38, 40, 93, 50]","[0, 67, 11]","[82, 55, 10, 38, 40, 93, 50]","[0, 67, 11]","[82, 55, 10, 38, 40, 93, 50]",[],"[67, 11]",[0],"[82, 55, 10, 38, 40, 93, 50]","[0, 67, 11]","[82, 55, 10, 38, 40, 93, 50]",[],"[67, 11]",[0],7,0,2,1
460,10,5,"[0, 14, 62, 98, 60, 88, 20, 78, 36, 21]","[14, 62, 98, 60, 88, 20, 78, 36, 21]",[0],0.7462840612018332,0.12877920678876115,2.0,0,0,"[14, 62, 98, 60, 20, 78, 36, 21]","[0, 88]","[14, 62, 98, 60, 20, 78, 36, 21]","[0, 88]","[14, 62, 98, 60, 20, 78, 36, 21]",[],[88],[0],3,0.48998570442199707,"{""0"": 1.6814000606536865, ""1"": 4.814297676086426, ""2"": -1.0}",1,0,"[14, 62, 98, 78, 21]","[0, 60, 88, 20, 36]","[14, 62, 98, 78, 21]","[0, 60, 88, 20, 36]","[14, 62, 98, 78, 21]",[],"[60, 88, 20, 36]",[0],"[14, 62, 98, 78, 21]","[0, 60, 88, 20, 36]","[14, 62, 98, 78, 21]",[],"[60, 88, 20, 36]",[0],5,0,4,1
461,10,5,"[0, 53, 61, 7, 72, 4, 44, 95, 67, 96]","[53, 61, 7, 72, 44, 95, 67, 96]","[0, 4]",1.0029487704155169,0.19747836689432896,2.0,0,0,"[0, 53, 61, 7, 72, 4, 44, 95, 67, 96]",[],"[0, 53, 61, 7, 72, 4, 44, 95, 67, 96]",[],"[53, 61, 7, 72, 44, 95, 67, 96]","[0, 4]",[],[],2,0.46594181656837463,"{""0"": 2.0162386894226074, ""1"": 1.9339083433151245}",0,0,"[0, 53, 61, 7, 72, 4, 44, 67]","[95, 96]","[0, 53, 61, 7, 72, 4, 44, 67]","[95, 96]","[53, 61, 7, 72, 44, 67]","[0, 4]","[95, 96]",[],"[0, 53, 61, 7, 72, 4, 44, 67]","[95, 96]","[53, 61, 7, 72, 44, 67]","[0, 4]","[95, 96]",[],6,2,2,0
462,10,5,"[2, 71, 20, 36, 87, 1, 33, 80, 83, 62]","[71, 20, 36, 87, 33, 80, 83, 62]","[2, 1]",1.0145558537944002,0.2129555858373564,2.0,0,0,"[2, 71, 20, 36, 87, 1, 33, 80, 83, 62]",[],"[2, 71, 20, 36, 87, 1, 33, 80, 83, 62]",[],"[71, 20, 36, 87, 33, 80, 83, 62]","[2, 1]",[],[],4,0.44105833768844604,"{""0"": 1.968778133392334, ""1"": 2.6300220489501953, ""2"": 1.8817307949066162, ""3"": 1.7131094932556152}",1,0,"[20, 36, 87, 33]","[2, 71, 1, 80, 83, 62]","[20, 36, 87, 33]","[2, 71, 1, 80, 83, 62]","[20, 36, 87, 33]",[],"[71, 80, 83, 62]","[2, 1]","[20, 36, 87, 33]","[2, 71, 1, 80, 83, 62]","[20, 36, 87, 33]",[],"[71, 80, 83, 62]","[2, 1]",4,0,4,2
463,10,5,"[3, 92, 88, 76, 90, 42, 62, 23, 37, 0]","[92, 88, 76, 90, 42, 62, 23, 37]","[3, 0]",0.7496239422185694,0.09987915474823061,2.0,0,0,"[3, 92, 76, 90, 42, 62, 23, 37, 0]",[88],"[3, 92, 76, 90, 42, 62, 23, 37, 0]",[88],"[92, 76, 90, 42, 62, 23, 37]","[3, 0]",[88],[],2,0.5468003153800964,"{""0"": 1.869024634361267, ""1"": -1.0}",0,0,"[92, 76, 90, 42, 62, 23, 37, 0]","[3, 88]","[92, 76, 90, 42, 62, 23, 37, 0]","[3, 88]","[92, 76, 90, 42, 62, 23, 37]",[0],[88],[3],"[92, 76, 90, 42, 62, 23, 37, 0]","[3, 88]","[92, 76, 90, 42, 62, 23, 37]",[0],[88],[3],7,1,1,1
464,10,5,"[0, 30, 8, 26, 11, 47, 9, 96, 67, 53]","[30, 8, 26, 11, 47, 9, 96, 67, 53]",[0],0.8086857168027859,0.10817525958098184,2.0,0,0,"[0, 30, 8, 11, 9, 96, 67, 53]","[26, 47]","[0, 30, 8, 11, 9, 96, 67, 53]","[26, 47]","[30, 8, 11, 9, 96, 67, 53]",[0],"[26, 47]",[],2,0.3919334411621094,"{""0"": 1.1677433252334595, ""1"": -1.0}",0,0,"[0, 30, 8, 11, 9, 67, 53]","[26, 47, 96]","[0, 30, 8, 11, 9, 67, 53]","[26, 47, 96]","[30, 8, 11, 9, 67, 53]",[0],"[26, 47, 96]",[],"[0, 30, 8, 11, 9, 67, 53]","[26, 47, 96]","[30, 8, 11, 9, 67, 53]",[0],"[26, 47, 96]",[],6,1,3,0
465,10,5,"[0, 58, 45, 76, 72, 78, 56, 23, 99, 20]","[58, 45, 76, 72, 78, 56, 23, 99, 20]",[0],0.6915550517214539,0.1385548390659458,2.0,0,0,"[0, 58, 45, 76, 72, 78, 56, 23, 99, 20]",[],"[0, 58, 45, 76, 72, 78, 56, 23, 99, 20]",[],"[58, 45, 76, 72, 78, 56, 23, 99, 20]",[0],[],[],2,0.4181630611419678,"{""0"": 2.91644287109375, ""1"": 2.438973903656006}",0,0,"[0, 76, 78, 56, 23, 99, 20]","[58, 45, 72]","[0, 76, 78, 56, 23, 99, 20]","[58, 45, 72]","[76, 78, 56, 23, 99, 20]",[0],"[58, 45, 72]",[],"[0, 76, 78, 56, 23, 99, 20]","[58, 45, 72]","[76, 78, 56, 23, 99, 20]",[0],"[58, 45, 72]",[],6,1,3,0
466,10,5,"[2, 79, 39, 82, 60, 54, 34, 83, 13, 35]","[79, 39, 82, 60, 54, 34, 83, 13, 35]",[2],0.8220385422663111,0.10505447080676605,2.0,0,0,"[2, 39, 82, 34, 83, 13, 35]","[79, 60, 54]","[2, 39, 82, 34, 83, 13, 35]","[79, 60, 54]","[39, 82, 34, 83, 13, 35]",[2],"[79, 60, 54]",[],3,0.4693366587162018,"{""0"": 3.815455675125122, ""1"": -1.0, ""2"": -1.0}",0,0,"[39, 34, 83, 13, 35]","[2, 79, 82, 60, 54]","[39, 34, 83, 13, 35]","[2, 79, 82, 60, 54]","[39, 34, 83, 13, 35]",[],"[79, 82, 60, 54]",[2],"[39, 34, 83, 13, 35]","[2, 79, 82, 60, 54]","[39, 34, 83, 13, 35]",[],"[79, 82, 60, 54]",[2],5,0,4,1
467,10,5,"[4, 45, 65, 28, 24, 47, 10, 77, 74, 5]","[45, 65, 28, 24, 47, 10, 77, 74, 5]",[4],0.7762003109364467,0.0807853926788939,2.0,0,0,"[4, 65, 28, 10, 77, 74, 5]","[45, 24, 47]","[4, 65, 28, 10, 77, 74, 5]","[45, 24, 47]","[65, 28, 10, 77, 74, 5]",[4],"[45, 24, 47]",[],2,0.4198558032512665,"{""0"": 1.4498122930526733, ""1"": -1.0}",0,0,"[4, 28, 10, 77, 74, 5]","[45, 65, 24, 47]","[4, 28, 10, 77, 74, 5]","[45, 65, 24, 47]","[28, 10, 77, 74, 5]",[4],"[45, 65, 24, 47]",[],"[4, 28, 10, 77, 74, 5]","[45, 65, 24, 47]","[28, 10, 77, 74, 5]",[4],"[45, 65, 24, 47]",[],5,1,4,0
468,10,5,"[0, 2, 18, 52, 30, 28, 34, 80, 19, 57]","[18, 52, 30, 28, 34, 80, 19, 57]","[0, 2]",0.7955978733519156,0.10848705987812851,2.0,0,0,"[0, 2, 18, 52, 30, 28, 34, 80, 19]",[57],"[0, 2, 18, 52, 30, 28, 34, 80, 19]",[57],"[18, 52, 30, 28, 34, 80, 19]","[0, 2]",[57],[],2,0.6334507465362549,"{""0"": 2.370145797729492, ""1"": -1.0}",0,0,"[0, 18, 52, 30, 28, 34, 80, 19]","[2, 57]","[0, 18, 52, 30, 28, 34, 80, 19]","[2, 57]","[18, 52, 30, 28, 34, 80, 19]",[0],[57],[2],"[0, 18, 52, 30, 28, 34, 80, 19]","[2, 57]","[18, 52, 30, 28, 34, 80, 19]",[0],[57],[2],7,1,1,1
469,10,5,"[3, 90, 98, 61, 8, 69, 42, 74, 40, 87]","[90, 98, 61, 8, 69, 42, 74, 40, 87]",[3],0.911477914729083,0.08677832233816013,2.0,0,0,"[3, 90, 98, 61, 8, 69, 42, 74, 40, 87]",[],"[3, 90, 98, 61, 8, 69, 42, 74, 40, 87]",[],"[90, 98, 61, 8, 69, 42, 74, 40, 87]",[3],[],[],2,0.5004393458366394,"{""0"": 1.4364043474197388, ""1"": -1.0}",0,0,"[3, 90, 98, 8, 69, 42, 74, 40, 87]",[61],"[3, 90, 98, 8, 69, 42, 74, 40, 87]",[61],"[90, 98, 8, 69, 42, 74, 40, 87]",[3],[61],[],"[3, 90, 98, 8, 69, 42, 74, 40, 87]",[61],"[90, 98, 8, 69, 42, 74, 40, 87]",[3],[61],[],8,1,1,0
470,10,5,"[1, 55, 65, 23, 31, 79, 85, 96, 47, 95]","[55, 65, 23, 31, 79, 85, 96, 47, 95]",[1],0.7048838880936157,0.07842169674112187,2.0,0,0,"[1, 55, 65, 23, 79, 85, 96]","[31, 47, 95]","[1, 55, 65, 23, 79, 85, 96]","[31, 47, 95]","[55, 65, 23, 79, 85, 96]",[1],"[31, 47, 95]",[],2,0.42040592432022095,"{""0"": 3.0187578201293945, ""1"": -1.0}",0,0,"[1, 55, 65, 23, 79, 85]","[31, 96, 47, 95]","[1, 55, 65, 23, 79, 85]","[31, 96, 47, 95]","[55, 65, 23, 79, 85]",[1],"[31, 96, 47, 95]",[],"[1, 55, 65, 23, 79, 85]","[31, 96, 47, 95]","[55, 65, 23, 79, 85]",[1],"[31, 96, 47, 95]",[],5,1,4,0
471,10,5,"[2, 34, 26, 89, 36, 33, 69, 24, 12, 31]","[34, 26, 89, 36, 33, 69, 24, 12, 31]",[2],0.6704230365161525,0.18680218964476916,2.0,0,0,"[2, 34, 26, 89, 36, 33, 69, 24, 12, 31]",[],"[2, 34, 26, 89, 36, 33, 69, 24, 12, 31]",[],"[34, 26, 89, 36, 33, 69, 24, 12, 31]",[2],[],[],5,0.4863405227661133,"{""0"": 1.907477855682373, ""1"": 4.430860996246338, ""2"": -1.0, ""3"": -1.0, ""4"": -1.0}",1,0,"[34, 26, 36, 33, 12]","[2, 89, 69, 24, 31]","[34, 26, 36, 33, 12]","[2, 89, 69, 24, 31]","[34, 26, 36, 33, 12]",[],"[89, 69, 24, 31]",[2],"[34, 26, 36, 33, 12]","[2, 89, 69, 24, 31]","[34, 26, 36, 33, 12]",[],"[89, 69, 24, 31]",[2],5,0,4,1
472,10,5,"[4, 82, 0, 16, 41, 83, 44, 62, 52, 78]","[82, 16, 41, 83, 44, 62, 52, 78]","[4, 0]",0.7695508710748458,0.14062417692531465,2.0,0,0,"[4, 82, 0, 16, 41, 83, 44, 62, 52, 78]",[],"[4, 82, 0, 16, 41, 83, 44, 62, 52, 78]",[],"[82, 16, 41, 83, 44, 62, 52, 78]","[4, 0]",[],[],2,0.4446989595890045,"{""0"": 0.7890292406082153, ""1"": -1.0}",0,0,"[4, 0, 16, 41, 83, 44, 62, 52, 78]",[82],"[4, 0, 16, 41, 83, 44, 62, 52, 78]",[82],"[16, 41, 83, 44, 62, 52, 78]","[4, 0]",[82],[],"[4, 0, 16, 41, 83, 44, 62, 52, 78]",[82],"[16, 41, 83, 44, 62, 52, 78]","[4, 0]",[82],[],7,2,1,0
473,10,5,"[2, 13, 87, 48, 14, 27, 80, 70, 98, 47]","[13, 87, 48, 14, 27, 80, 70, 98, 47]",[2],0.7589927069082669,0.11854589431230422,2.0,0,0,"[2, 13, 87, 14, 27, 80, 70, 98, 47]",[48],"[2, 13, 87, 14, 27, 80, 70, 98, 47]",[48],"[13, 87, 14, 27, 80, 70, 98, 47]",[2],[48],[],2,0.7063724994659424,"{""0"": 3.5269670486450195, ""1"": -1.0}",0,0,"[13, 87, 14, 27, 80, 70, 98, 47]","[2, 48]","[13, 87, 14, 27, 80, 70, 98, 47]","[2, 48]","[13, 87, 14, 27, 80, 70, 98, 47]",[],[48],[2],"[13, 87, 14, 27, 80, 70, 98, 47]","[2, 48]","[13, 87, 14, 27, 80, 70, 98, 47]",[],[48],[2],8,0,1,1
474,10,5,"[2, 32, 21, 27, 61, 47, 1, 65, 98, 28]","[32, 21, 27, 61, 47, 65, 98, 28]","[2, 1]",0.7203482883200658,0.1428774904169801,2.0,0,0,"[2, 32, 21, 27, 61, 1, 65, 98, 28]",[47],"[2, 32, 21, 27, 61, 1, 65, 98, 28]",[47],"[32, 21, 27, 61, 65, 98, 28]","[2, 1]",[47],[],2,0.6715805530548096,"{""0"": 3.154336929321289, ""1"": -1.0}",0,0,"[32, 21, 27, 61, 1, 65, 98, 28]","[2, 47]","[32, 21, 27, 61, 1, 65, 98, 28]","[2, 47]","[32, 21, 27, 61, 65, 98, 28]",[1],[47],[2],"[32, 21, 27, 61, 1, 65, 98, 28]","[2, 47]","[32, 21, 27, 61, 65, 98, 28]",[1],[47],[2],7,1,1,1
475,10,5,"[4, 64, 32, 16, 60, 41, 22, 20, 88, 92]","[64, 32, 16, 60, 41, 22, 20, 88, 92]",[4],0.8322791898317414,0.1807522100191154,2.0,0,0,"[4, 64, 32, 16, 60, 41, 22, 20, 92]",[88],"[4, 64, 32, 16, 60, 41, 22, 20, 92]",[88],"[64, 32, 16, 60, 41, 22, 20, 92]",[4],[88],[],2,0.6905416250228882,"{""0"": 3.774503469467163, ""1"": -1.0}",0,0,"[4, 64, 32, 16, 41, 22, 20, 92]","[60, 88]","[4, 64, 32, 16, 41, 22, 20, 92]","[60, 88]","[64, 32, 16, 41, 22, 20, 92]",[4],"[60, 88]",[],"[4, 64, 32, 16, 41, 22, 20, 92]","[60, 88]","[64, 32, 16, 41, 22, 20, 92]",[4],"[60, 88]",[],7,1,2,0
476,10,5,"[1, 19, 36, 31, 33, 90, 13, 95, 27, 73]","[19, 36, 31, 33, 90, 13, 95, 27, 73]",[1],0.8938072486385407,0.12149521866094498,2.0,0,0,"[1, 19, 36, 31, 13, 27, 73]","[33, 90, 95]","[1, 19, 36, 31, 13, 27, 73]","[33, 90, 95]","[19, 36, 31, 13, 27, 73]",[1],"[33, 90, 95]",[],2,0.4171562194824219,"{""0"": 0.5752645134925842, ""1"": -1.0}",0,0,"[1, 19, 36, 31, 13, 27]","[33, 90, 95, 73]","[1, 19, 36, 31, 13, 27]","[33, 90, 95, 73]","[19, 36, 31, 13, 27]",[1],"[33, 90, 95, 73]",[],"[1, 19, 36, 31, 13, 27]","[33, 90, 95, 73]","[19, 36, 31, 13, 27]",[1],"[33, 90, 95, 73]",[],5,1,4,0
477,10,5,"[2, 95, 62, 74, 56, 42, 22, 71, 0, 63]","[95, 62, 74, 56, 42, 22, 71, 63]","[2, 0]",0.8274569524757774,0.16322385453948324,2.0,0,0,"[2, 95, 62, 74, 56, 42, 22, 71, 0, 63]",[],"[2, 95, 62, 74, 56, 42, 22, 71, 0, 63]",[],"[95, 62, 74, 56, 42, 22, 71, 63]","[2, 0]",[],[],2,0.4909309446811676,"{""0"": 2.506309986114502, ""1"": 1.4738527536392212}",0,0,"[62, 74, 56, 42, 22, 71, 0, 63]","[2, 95]","[62, 74, 56, 42, 22, 71, 0, 63]","[2, 95]","[62, 74, 56, 42, 22, 71, 63]",[0],[95],[2],"[62, 74, 56, 42, 22, 71, 0, 63]","[2, 95]","[62, 74, 56, 42, 22, 71, 63]",[0],[95],[2],7,1,1,1
478,10,5,"[1, 29, 48, 3, 2, 54, 91, 34, 89, 42]","[29, 48, 54, 91, 34, 89, 42]","[1, 3, 2]",0.7607537352192002,0.13182578738186296,2.0,0,0,"[1, 29, 3, 2, 91, 34, 89, 42]","[48, 54]","[1, 29, 3, 2, 91, 34, 89, 42]","[48, 54]","[29, 91, 34, 89, 42]","[1, 3, 2]","[48, 54]",[],2,0.54493248462677,"{""0"": 1.5644794702529907, ""1"": 4.28151273727417}",1,0,"[1, 29, 3, 91, 34, 89]","[48, 2, 54, 42]","[1, 29, 3, 91, 34, 89]","[48, 2, 54, 42]","[29, 91, 34, 89]","[1, 3]","[48, 54, 42]",[2],"[1, 29, 3, 91, 34, 89]","[48, 2, 54, 42]","[29, 91, 34, 89]","[1, 3]","[48, 54, 42]",[2],4,2,3,1
479,10,5,"[2, 93, 67, 6, 40, 22, 79, 38, 61, 87]","[93, 67, 6, 40, 22, 79, 38, 61, 87]",[2],0.709415839394316,0.07349223271820254,2.0,0,0,"[2, 93, 6, 40, 22, 79, 38, 61, 87]",[67],"[2, 93, 6, 40, 22, 79, 38, 61, 87]",[67],"[93, 6, 40, 22, 79, 38, 61, 87]",[2],[67],[],2,0.4035078287124634,"{""0"": 0.4584376811981201, ""1"": -1.0}",0,0,"[93, 6, 40, 22, 79, 38, 61, 87]","[2, 67]","[93, 6, 40, 22, 79, 38, 61, 87]","[2, 67]","[93, 6, 40, 22, 79, 38, 61, 87]",[],[67],[2],"[93, 6, 40, 22, 79, 38, 61, 87]","[2, 67]","[93, 6, 40, 22, 79, 38, 61, 87]",[],[67],[2],8,0,1,1
480,10,5,"[4, 21, 67, 49, 24, 47, 95, 45, 57, 96]","[21, 67, 49, 24, 47, 95, 45, 57, 96]",[4],0.9710084240371081,0.08725382523841851,2.0,0,0,"[4, 67, 49, 24, 47, 95, 45, 96]","[21, 57]","[4, 67, 49, 24, 47, 95, 45, 96]","[21, 57]","[67, 49, 24, 47, 95, 45, 96]",[4],"[21, 57]",[],2,0.7247816324234009,"{""0"": 1.881289005279541, ""1"": 4.760782241821289}",1,0,"[4, 67, 49, 24, 47, 45]","[21, 95, 57, 96]","[4, 67, 49, 24, 47, 45]","[21, 95, 57, 96]","[67, 49, 24, 47, 45]",[4],"[21, 95, 57, 96]",[],"[4, 67, 49, 24, 47, 45]","[21, 95, 57, 96]","[67, 49, 24, 47, 45]",[4],"[21, 95, 57, 96]",[],5,1,4,0
481,10,5,"[1, 74, 25, 94, 96, 58, 3, 99, 55, 97]","[74, 25, 94, 96, 58, 99, 55, 97]","[1, 3]",0.8586656597920672,0.13818613776366195,2.0,0,0,"[1, 74, 25, 94, 96, 58, 3, 99, 55]",[97],"[1, 74, 25, 94, 96, 58, 3, 99, 55]",[97],"[74, 25, 94, 96, 58, 99, 55]","[1, 3]",[97],[],2,0.42634117603302,"{""0"": 2.2023110389709473, ""1"": 1.617314338684082}",0,0,"[1, 74, 25, 94, 96, 3, 55]","[58, 99, 97]","[1, 74, 25, 94, 96, 3, 55]","[58, 99, 97]","[74, 25, 94, 96, 55]","[1, 3]","[58, 99, 97]",[],"[1, 74, 25, 94, 96, 3, 55]","[58, 99, 97]","[74, 25, 94, 96, 55]","[1, 3]","[58, 99, 97]",[],5,2,3,0
482,10,5,"[1, 81, 82, 47, 65, 60, 93, 28, 49, 3]","[81, 82, 47, 65, 60, 93, 28, 49]","[1, 3]",0.8169889652859186,0.13451274398318003,2.0,0,0,"[1, 81, 82, 65, 60, 93, 28, 49]","[47, 3]","[1, 81, 82, 65, 60, 93, 28, 49]","[47, 3]","[81, 82, 65, 60, 93, 28, 49]",[1],[47],[3],2,0.5763684511184692,"{""0"": 2.031500816345215, ""1"": -1.0}",0,0,"[1, 81, 65, 60, 93, 28, 49]","[82, 47, 3]","[1, 81, 65, 60, 93, 28, 49]","[82, 47, 3]","[81, 65, 60, 93, 28, 49]",[1],"[82, 47]",[3],"[1, 81, 65, 60, 93, 28, 49]","[82, 47, 3]","[81, 65, 60, 93, 28, 49]",[1],"[82, 47]",[3],6,1,2,1
483,10,5,"[4, 8, 48, 46, 69, 18, 87, 54, 19, 97]","[8, 48, 46, 69, 18, 87, 54, 19, 97]",[4],0.8127908023645232,0.10224819582270472,2.0,0,0,"[4, 8, 46, 69, 18, 87, 19]","[48, 54, 97]","[4, 8, 46, 69, 18, 87, 19]","[48, 54, 97]","[8, 46, 69, 18, 87, 19]",[4],"[48, 54, 97]",[],3,0.3973681926727295,"{""0"": 1.704787254333496, ""1"": 3.634420871734619, ""2"": -1.0}",1,0,"[4, 8, 18, 87]","[48, 46, 69, 54, 19, 97]","[4, 8, 18, 87]","[48, 46, 69, 54, 19, 97]","[8, 18, 87]",[4],"[48, 46, 69, 54, 19, 97]",[],"[4, 8, 18, 87]","[48, 46, 69, 54, 19, 97]","[8, 18, 87]",[4],"[48, 46, 69, 54, 19, 97]",[],3,1,6,0
484,10,5,"[1, 91, 86, 11, 53, 59, 48, 3, 9, 26]","[91, 86, 11, 53, 59, 48, 9, 26]","[1, 3]",0.6454279775101199,0.0771789721519211,2.0,0,0,"[1, 91, 86, 11, 53, 59, 3, 9, 26]",[48],"[1, 91, 86, 11, 53, 59, 3, 9, 26]",[48],"[91, 86, 11, 53, 59, 9, 26]","[1, 3]",[48],[],2,0.5265607833862305,"{""0"": 2.161867380142212, ""1"": 3.7021186351776123}",1,0,"[1, 91, 86, 11, 53, 3]","[59, 48, 9, 26]","[1, 91, 86, 11, 53, 3]","[59, 48, 9, 26]","[91, 86, 11, 53]","[1, 3]","[59, 48, 9, 26]",[],"[1, 91, 86, 11, 53, 3]","[59, 48, 9, 26]","[91, 86, 11, 53]","[1, 3]","[59, 48, 9, 26]",[],4,2,4,0
485,10,5,"[1, 82, 58, 96, 4, 28, 39, 99, 13, 37]","[82, 58, 96, 28, 39, 99, 13, 37]","[1, 4]",0.6583211239746014,0.07381553498301124,2.0,0,0,"[1, 82, 58, 96, 4, 28, 39, 99, 13, 37]",[],"[1, 82, 58, 96, 4, 28, 39, 99, 13, 37]",[],"[82, 58, 96, 28, 39, 99, 13, 37]","[1, 4]",[],[],3,0.4684223532676697,"{""0"": 1.503867506980896, ""1"": -1.0, ""2"": -1.0}",0,0,"[1, 58, 96, 28, 39, 99, 13, 37]","[82, 4]","[1, 58, 96, 28, 39, 99, 13, 37]","[82, 4]","[58, 96, 28, 39, 99, 13, 37]",[1],[82],[4],"[1, 58, 96, 28, 39, 99, 13, 37]","[82, 4]","[58, 96, 28, 39, 99, 13, 37]",[1],[82],[4],7,1,1,1
486,10,5,"[3, 62, 44, 97, 49, 90, 70, 66, 87, 54]","[62, 44, 97, 49, 90, 70, 66, 87, 54]",[3],0.7547468178235104,0.147973551378413,2.0,0,0,"[3, 62, 44, 97, 49, 90, 70, 66, 87]",[54],"[3, 62, 44, 97, 49, 90, 70, 66, 87]",[54],"[62, 44, 97, 49, 90, 70, 66, 87]",[3],[54],[],2,0.6440639495849609,"{""0"": 5.58777379989624, ""1"": -1.0}",0,0,"[3, 62, 44, 49, 90, 70, 66, 87]","[97, 54]","[3, 62, 44, 49, 90, 70, 66, 87]","[97, 54]","[62, 44, 49, 90, 70, 66, 87]",[3],"[97, 54]",[],"[3, 62, 44, 49, 90, 70, 66, 87]","[97, 54]","[62, 44, 49, 90, 70, 66, 87]",[3],"[97, 54]",[],7,1,2,0
487,10,5,"[1, 95, 63, 12, 31, 57, 76, 69, 61, 2]","[95, 63, 12, 31, 57, 76, 69, 61]","[1, 2]",0.75988190523266,0.11795223318074621,2.0,0,0,"[1, 63, 12, 31, 57, 76, 69, 61, 2]",[95],"[1, 63, 12, 31, 57, 76, 69, 61, 2]",[95],"[63, 12, 31, 57, 76, 69, 61]","[1, 2]",[95],[],3,0.6206713914871216,"{""0"": 6.369853496551514, ""1"": -1.0, ""2"": -1.0}",0,0,"[1, 63, 12, 57, 76, 69, 61]","[95, 31, 2]","[1, 63, 12, 57, 76, 69, 61]","[95, 31, 2]","[63, 12, 57, 76, 69, 61]",[1],"[95, 31]",[2],"[1, 63, 12, 57, 76, 69, 61]","[95, 31, 2]","[63, 12, 57, 76, 69, 61]",[1],"[95, 31]",[2],6,1,2,1
488,10,5,"[4, 3, 89, 43, 32, 65, 24, 70, 75, 71]","[89, 43, 32, 65, 24, 70, 75, 71]","[4, 3]",0.8403690812906788,0.052370550059240684,2.0,0,0,"[4, 3, 43, 24, 70, 75, 71]","[89, 32, 65]","[4, 3, 43, 24, 70, 75, 71]","[89, 32, 65]","[43, 24, 70, 75, 71]","[4, 3]","[89, 32, 65]",[],2,0.4715685248374939,"{""0"": 1.8830945491790771, ""1"": 3.8468880653381348}",1,0,"[4, 3, 43, 24, 75]","[89, 32, 65, 70, 71]","[4, 3, 43, 24, 75]","[89, 32, 65, 70, 71]","[43, 24, 75]","[4, 3]","[89, 32, 65, 70, 71]",[],"[4, 3, 43, 24, 75]","[89, 32, 65, 70, 71]","[43, 24, 75]","[4, 3]","[89, 32, 65, 70, 71]",[],3,2,5,0
489,10,5,"[0, 23, 91, 20, 84, 29, 85, 79, 50, 43]","[23, 91, 20, 84, 29, 85, 79, 50, 43]",[0],0.8327695529586491,0.14644411386971473,2.0,0,0,"[0, 23, 91, 20, 84, 29, 85, 79, 50, 43]",[],"[0, 23, 91, 20, 84, 29, 85, 79, 50, 43]",[],"[23, 91, 20, 84, 29, 85, 79, 50, 43]",[0],[],[],2,0.6071370244026184,"{""0"": 1.7176711559295654, ""1"": -1.0}",0,0,"[0, 23, 91, 20, 84, 29, 85, 79, 50]",[43],"[0, 23, 91, 20, 84, 29, 85, 79, 50]",[43],"[23, 91, 20, 84, 29, 85, 79, 50]",[0],[43],[],"[0, 23, 91, 20, 84, 29, 85, 79, 50]",[43],"[23, 91, 20, 84, 29, 85, 79, 50]",[0],[43],[],8,1,1,0
490,10,5,"[3, 89, 96, 47, 25, 98, 83, 63, 50, 35]","[89, 96, 47, 25, 98, 83, 63, 50, 35]",[3],0.8105990784586616,0.07946209164322615,2.0,0,0,"[3, 89, 96, 25, 83, 63, 50, 35]","[47, 98]","[3, 89, 96, 25, 83, 63, 50, 35]","[47, 98]","[89, 96, 25, 83, 63, 50, 35]",[3],"[47, 98]",[],2,0.6221649646759033,"{""0"": 2.3621420860290527, ""1"": -1.0}",0,0,"[3, 89, 96, 25, 83, 63, 35]","[47, 98, 50]","[3, 89, 96, 25, 83, 63, 35]","[47, 98, 50]","[89, 96, 25, 83, 63, 35]",[3],"[47, 98, 50]",[],"[3, 89, 96, 25, 83, 63, 35]","[47, 98, 50]","[89, 96, 25, 83, 63, 35]",[3],"[47, 98, 50]",[],6,1,3,0
491,10,5,"[2, 43, 15, 21, 81, 42, 50, 20, 22, 1]","[43, 15, 21, 81, 42, 50, 20, 22]","[2, 1]",0.5912520711030669,0.09920361003221134,2.0,0,0,"[2, 43, 15, 21, 81, 42, 50, 20, 22, 1]",[],"[2, 43, 15, 21, 81, 42, 50, 20, 22, 1]",[],"[43, 15, 21, 81, 42, 50, 20, 22]","[2, 1]",[],[],2,0.43140703439712524,"{""0"": 1.3429858684539795, ""1"": -1.0}",0,0,"[43, 15, 21, 81, 42, 50, 20, 22, 1]",[2],"[43, 15, 21, 81, 42, 50, 20, 22, 1]",[2],"[43, 15, 21, 81, 42, 50, 20, 22]",[1],[],[2],"[43, 15, 21, 81, 42, 50, 20, 22, 1]",[2],"[43, 15, 21, 81, 42, 50, 20, 22]",[1],[],[2],8,1,0,1
492,10,5,"[4, 85, 27, 36, 99, 53, 33, 87, 35, 17]","[85, 27, 36, 99, 53, 33, 87, 35, 17]",[4],0.765951204325222,0.09581862752246256,2.0,0,0,"[4, 85, 27, 36, 99, 53, 33, 87, 35]",[17],"[4, 85, 27, 36, 99, 53, 33, 87, 35]",[17],"[85, 27, 36, 99, 53, 33, 87, 35]",[4],[17],[],2,0.6186554431915283,"{""0"": 2.8980917930603027, ""1"": -1.0}",0,0,"[4, 85, 27, 36, 53, 33, 87, 35]","[99, 17]","[4, 85, 27, 36, 53, 33, 87, 35]","[99, 17]","[85, 27, 36, 53, 33, 87, 35]",[4],"[99, 17]",[],"[4, 85, 27, 36, 53, 33, 87, 35]","[99, 17]","[85, 27, 36, 53, 33, 87, 35]",[4],"[99, 17]",[],7,1,2,0
493,10,5,"[4, 73, 88, 94, 50, 16, 27, 67, 8, 58]","[73, 88, 94, 50, 16, 27, 67, 8, 58]",[4],0.7858876192985194,0.20399145970958332,2.0,0,0,"[4, 73, 88, 94, 50, 16, 27, 67, 8, 58]",[],"[4, 73, 88, 94, 50, 16, 27, 67, 8, 58]",[],"[73, 88, 94, 50, 16, 27, 67, 8, 58]",[4],[],[],3,0.5519200563430786,"{""0"": 3.414896011352539, ""1"": -1.0, ""2"": -1.0}",0,0,"[4, 94, 50, 16, 27, 67, 8, 58]","[73, 88]","[4, 94, 50, 16, 27, 67, 8, 58]","[73, 88]","[94, 50, 16, 27, 67, 8, 58]",[4],"[73, 88]",[],"[4, 94, 50, 16, 27, 67, 8, 58]","[73, 88]","[94, 50, 16, 27, 67, 8, 58]",[4],"[73, 88]",[],7,1,2,0
494,10,5,"[0, 72, 87, 49, 6, 94, 56, 73, 76, 84]","[72, 87, 49, 6, 94, 56, 73, 76, 84]",[0],0.7079440951141643,0.10000599113997288,2.0,0,0,"[0, 72, 87, 49, 6, 94, 56, 76, 84]",[73],"[0, 72, 87, 49, 6, 94, 56, 76, 84]",[73],"[72, 87, 49, 6, 94, 56, 76, 84]",[0],[73],[],2,0.44435131549835205,"{""0"": 1.8784867525100708, ""1"": -1.0}",0,0,"[0, 72, 87, 6, 94, 56, 76, 84]","[49, 73]","[0, 72, 87, 6, 94, 56, 76, 84]","[49, 73]","[72, 87, 6, 94, 56, 76, 84]",[0],"[49, 73]",[],"[0, 72, 87, 6, 94, 56, 76, 84]","[49, 73]","[72, 87, 6, 94, 56, 76, 84]",[0],"[49, 73]",[],7,1,2,0
495,10,5,"[1, 78, 77, 34, 44, 10, 5, 50, 85, 68]","[78, 77, 34, 44, 10, 5, 50, 85, 68]",[1],0.6558253898635025,0.11405671152944863,2.0,0,0,"[1, 78, 77, 34, 44, 10, 50, 85, 68]",[5],"[1, 78, 77, 34, 44, 10, 50, 85, 68]",[5],"[78, 77, 34, 44, 10, 50, 85, 68]",[1],[5],[],2,0.5298793911933899,"{""0"": 3.1586875915527344, ""1"": 1.796480655670166}",0,0,"[1, 78, 77, 34, 44, 50, 85]","[10, 5, 68]","[1, 78, 77, 34, 44, 50, 85]","[10, 5, 68]","[78, 77, 34, 44, 50, 85]",[1],"[10, 5, 68]",[],"[1, 78, 77, 34, 44, 50, 85]","[10, 5, 68]","[78, 77, 34, 44, 50, 85]",[1],"[10, 5, 68]",[],6,1,3,0
496,10,5,"[1, 67, 93, 20, 79, 19, 10, 49, 75, 94]","[67, 93, 20, 79, 19, 10, 49, 75, 94]",[1],0.6065387626767238,0.09202475005013078,2.0,0,0,"[1, 67, 93, 20, 79, 19, 10, 49, 75, 94]",[],"[1, 67, 93, 20, 79, 19, 10, 49, 75, 94]",[],"[67, 93, 20, 79, 19, 10, 49, 75, 94]",[1],[],[],2,0.5176057815551758,"{""0"": 2.8189661502838135, ""1"": 1.9850783348083496}",0,0,"[1, 67, 93, 20, 79, 19, 49, 94]","[10, 75]","[1, 67, 93, 20, 79, 19, 49, 94]","[10, 75]","[67, 93, 20, 79, 19, 49, 94]",[1],"[10, 75]",[],"[1, 67, 93, 20, 79, 19, 49, 94]","[10, 75]","[67, 93, 20, 79, 19, 49, 94]",[1],"[10, 75]",[],7,1,2,0
497,10,5,"[3, 1, 40, 89, 24, 63, 65, 48, 90, 64]","[40, 89, 24, 63, 65, 48, 90, 64]","[3, 1]",0.6776969329724836,0.07183248858551278,2.0,0,0,"[3, 1, 40, 89, 24, 63, 65, 90, 64]",[48],"[3, 1, 40, 89, 24, 63, 65, 90, 64]",[48],"[40, 89, 24, 63, 65, 90, 64]","[3, 1]",[48],[],2,0.5874168276786804,"{""0"": 4.919405937194824, ""1"": -1.0}",0,0,"[3, 1, 40, 89, 63, 65, 90, 64]","[24, 48]","[3, 1, 40, 89, 63, 65, 90, 64]","[24, 48]","[40, 89, 63, 65, 90, 64]","[3, 1]","[24, 48]",[],"[3, 1, 40, 89, 63, 65, 90, 64]","[24, 48]","[40, 89, 63, 65, 90, 64]","[3, 1]","[24, 48]",[],6,2,2,0
498,10,5,"[0, 97, 8, 32, 54, 84, 25, 82, 2, 47]","[97, 8, 32, 54, 84, 25, 82, 47]","[0, 2]",0.8189773305923113,0.10767881828846504,2.0,0,0,"[0, 97, 8, 32, 84, 25, 82, 2, 47]",[54],"[0, 97, 8, 32, 84, 25, 82, 2, 47]",[54],"[97, 8, 32, 84, 25, 82, 47]","[0, 2]",[54],[],3,0.4831019639968872,"{""0"": 3.916306972503662, ""1"": 1.9715614318847656, ""2"": -1.0}",0,0,"[0, 8, 32, 84, 25, 47]","[97, 54, 82, 2]","[0, 8, 32, 84, 25, 47]","[97, 54, 82, 2]","[8, 32, 84, 25, 47]",[0],"[97, 54, 82]",[2],"[0, 8, 32, 84, 25, 47]","[97, 54, 82, 2]","[8, 32, 84, 25, 47]",[0],"[97, 54, 82]",[2],5,1,3,1
499,10,5,"[3, 77, 43, 84, 97, 54, 23, 41, 81, 5]","[77, 43, 84, 97, 54, 23, 41, 81, 5]",[3],1.0342858201134844,0.2054268678175034,2.0,0,0,"[3, 77, 43, 84, 97, 54, 23, 41, 81, 5]",[],"[3, 77, 43, 84, 97, 54, 23, 41, 81, 5]",[],"[77, 43, 84, 97, 54, 23, 41, 81, 5]",[3],[],[],2,0.5938871502876282,"{""0"": 1.5888985395431519, ""1"": -1.0}",0,0,"[3, 77, 43, 84, 97, 23, 41, 81, 5]",[54],"[3, 77, 43, 84, 97, 23, 41, 81, 5]",[54],"[77, 43, 84, 97, 23, 41, 81, 5]",[3],[54],[],"[3, 77, 43, 84, 97, 23, 41, 81, 5]",[54],"[77, 43, 84, 97, 23, 41, 81, 5]",[3],[54],[],8,1,1,0
500,10,5,"[4, 50, 79, 39, 10, 18, 28, 41, 22, 71]","[50, 79, 39, 10, 18, 28, 41, 22, 71]",[4],0.6823431106990525,0.07795540154590852,2.0,0,0,"[4, 50, 79, 39, 10, 18, 28, 41, 22, 71]",[],"[4, 50, 79, 39, 10, 18, 28, 41, 22, 71]",[],"[50, 79, 39, 10, 18, 28, 41, 22, 71]",[4],[],[],2,0.48680686950683594,"{""0"": 3.027418613433838, ""1"": 1.6940702199935913}",0,0,"[4, 50, 79, 39, 10, 18, 28, 22]","[41, 71]","[4, 50, 79, 39, 10, 18, 28, 22]","[41, 71]","[50, 79, 39, 10, 18, 28, 22]",[4],"[41, 71]",[],"[4, 50, 79, 39, 10, 18, 28, 22]","[41, 71]","[50, 79, 39, 10, 18, 28, 22]",[4],"[41, 71]",[],7,1,2,0
501,10,5,"[4, 70, 79, 75, 87, 0, 71, 66, 98, 67]","[70, 79, 75, 87, 71, 66, 98, 67]","[4, 0]",0.7099957586150469,0.08859484332263445,2.0,0,0,"[4, 70, 79, 75, 87, 0, 71, 66, 98, 67]",[],"[4, 70, 79, 75, 87, 0, 71, 66, 98, 67]",[],"[70, 79, 75, 87, 71, 66, 98, 67]","[4, 0]",[],[],2,0.46520328521728516,"{""0"": 1.9373621940612793, ""1"": 1.717045545578003}",0,0,"[4, 79, 75, 87, 0, 66, 98, 67]","[70, 71]","[4, 79, 75, 87, 0, 66, 98, 67]","[70, 71]","[79, 75, 87, 66, 98, 67]","[4, 0]","[70, 71]",[],"[4, 79, 75, 87, 0, 66, 98, 67]","[70, 71]","[79, 75, 87, 66, 98, 67]","[4, 0]","[70, 71]",[],6,2,2,0
502,10,5,"[3, 98, 4, 68, 9, 12, 0, 59, 13, 37]","[98, 68, 9, 12, 59, 13, 37]","[3, 4, 0]",0.6607120447466557,0.07283126058938993,2.0,0,0,"[3, 98, 4, 68, 9, 12, 13, 37]","[0, 59]","[3, 98, 4, 68, 9, 12, 13, 37]","[0, 59]","[98, 68, 9, 12, 13, 37]","[3, 4]",[59],[0],2,0.4843955338001251,"{""0"": 2.075509548187256, ""1"": -1.0}",0,0,"[3, 98, 4, 68, 9, 12, 37]","[0, 59, 13]","[3, 98, 4, 68, 9, 12, 37]","[0, 59, 13]","[98, 68, 9, 12, 37]","[3, 4]","[59, 13]",[0],"[3, 98, 4, 68, 9, 12, 37]","[0, 59, 13]","[98, 68, 9, 12, 37]","[3, 4]","[59, 13]",[0],5,2,2,1
503,10,5,"[4, 96, 23, 27, 91, 52, 3, 32, 53, 66]","[96, 23, 27, 91, 52, 32, 53, 66]","[4, 3]",0.5682821001164551,0.0753280942768344,2.0,0,0,"[4, 96, 23, 27, 91, 3, 53, 66]","[52, 32]","[4, 96, 23, 27, 91, 3, 53, 66]","[52, 32]","[96, 23, 27, 91, 53, 66]","[4, 3]","[52, 32]",[],3,0.36789411306381226,"{""0"": 1.167468547821045, ""1"": 2.565103769302368, ""2"": -1.0}",1,0,"[27, 91, 66]","[4, 96, 23, 52, 3, 32, 53]","[27, 91, 66]","[4, 96, 23, 52, 3, 32, 53]","[27, 91, 66]",[],"[96, 23, 52, 32, 53]","[4, 3]","[27, 91, 66]","[4, 96, 23, 52, 3, 32, 53]","[27, 91, 66]",[],"[96, 23, 52, 32, 53]","[4, 3]",3,0,5,2
504,10,5,"[0, 65, 84, 43, 72, 85, 37, 34, 99, 35]","[65, 84, 43, 72, 85, 37, 34, 99, 35]",[0],0.7436107424734231,0.08563312481964569,2.0,0,0,"[0, 65, 84, 72, 85, 37, 34, 99, 35]",[43],"[0, 65, 84, 72, 85, 37, 34, 99, 35]",[43],"[65, 84, 72, 85, 37, 34, 99, 35]",[0],[43],[],2,0.5708280205726624,"{""0"": 2.0717577934265137, ""1"": -1.0}",0,0,"[65, 84, 72, 85, 37, 34, 99, 35]","[0, 43]","[65, 84, 72, 85, 37, 34, 99, 35]","[0, 43]","[65, 84, 72, 85, 37, 34, 99, 35]",[],[43],[0],"[65, 84, 72, 85, 37, 34, 99, 35]","[0, 43]","[65, 84, 72, 85, 37, 34, 99, 35]",[],[43],[0],8,0,1,1
505,10,5,"[1, 63, 18, 15, 26, 23, 56, 92, 91, 64]","[63, 18, 15, 26, 23, 56, 92, 91, 64]",[1],0.5930344191038543,0.04358476049090032,2.0,0,0,"[1, 63, 18, 15, 23, 56, 92, 64]","[26, 91]","[1, 63, 18, 15, 23, 56, 92, 64]","[26, 91]","[63, 18, 15, 23, 56, 92, 64]",[1],"[26, 91]",[],3,0.4360644221305847,"{""0"": 2.670825481414795, ""1"": 3.4351043701171875, ""2"": -1.0}",1,0,"[1, 15, 56, 92]","[63, 18, 26, 23, 91, 64]","[1, 15, 56, 92]","[63, 18, 26, 23, 91, 64]","[15, 56, 92]",[1],"[63, 18, 26, 23, 91, 64]",[],"[1, 15, 56, 92]","[63, 18, 26, 23, 91, 64]","[15, 56, 92]",[1],"[63, 18, 26, 23, 91, 64]",[],3,1,6,0
506,10,5,"[3, 54, 28, 72, 29, 10, 92, 76, 88, 65]","[54, 28, 72, 29, 10, 92, 76, 88, 65]",[3],0.689426715821315,0.10649236295005382,2.0,0,0,"[3, 28, 72, 29, 10, 92, 76, 65]","[54, 88]","[3, 28, 72, 29, 10, 92, 76, 65]","[54, 88]","[28, 72, 29, 10, 92, 76, 65]",[3],"[54, 88]",[],2,0.34724491834640503,"{""0"": 2.5917539596557617, ""1"": 2.6342859268188477}",1,0,"[3, 29, 92, 76, 65]","[54, 28, 72, 10, 88]","[3, 29, 92, 76, 65]","[54, 28, 72, 10, 88]","[29, 92, 76, 65]",[3],"[54, 28, 72, 10, 88]",[],"[3, 29, 92, 76, 65]","[54, 28, 72, 10, 88]","[29, 92, 76, 65]",[3],"[54, 28, 72, 10, 88]",[],4,1,5,0
507,10,5,"[0, 39, 30, 66, 90, 31, 6, 99, 76, 61]","[39, 30, 66, 90, 31, 6, 99, 76, 61]",[0],0.9475268702749311,0.15640235300328087,2.0,0,0,"[0, 39, 30, 66, 90, 6, 99, 76, 61]",[31],"[0, 39, 30, 66, 90, 6, 99, 76, 61]",[31],"[39, 30, 66, 90, 6, 99, 76, 61]",[0],[31],[],2,0.550731360912323,"{""0"": 1.6063969135284424, ""1"": 4.28415584564209}",1,0,"[39, 66, 90, 6, 99, 76, 61]","[0, 30, 31]","[39, 66, 90, 6, 99, 76, 61]","[0, 30, 31]","[39, 66, 90, 6, 99, 76, 61]",[],"[30, 31]",[0],"[39, 66, 90, 6, 99, 76, 61]","[0, 30, 31]","[39, 66, 90, 6, 99, 76, 61]",[],"[30, 31]",[0],7,0,2,1
508,10,5,"[4, 63, 43, 99, 49, 66, 92, 34, 23, 16]","[63, 43, 99, 49, 66, 92, 34, 23, 16]",[4],0.5741395138832689,0.0863333388041817,2.0,0,0,"[4, 63, 43, 99, 49, 66, 92, 34, 23, 16]",[],"[4, 63, 43, 99, 49, 66, 92, 34, 23, 16]",[],"[63, 43, 99, 49, 66, 92, 34, 23, 16]",[4],[],[],2,0.522254467010498,"{""0"": 0.9362223744392395, ""1"": -1.0}",0,0,"[63, 43, 99, 49, 66, 92, 34, 23, 16]",[4],"[63, 43, 99, 49, 66, 92, 34, 23, 16]",[4],"[63, 43, 99, 49, 66, 92, 34, 23, 16]",[],[],[4],"[63, 43, 99, 49, 66, 92, 34, 23, 16]",[4],"[63, 43, 99, 49, 66, 92, 34, 23, 16]",[],[],[4],9,0,0,1
509,10,5,"[4, 16, 72, 98, 5, 9, 68, 96, 61, 36]","[16, 72, 98, 5, 9, 68, 96, 61, 36]",[4],0.6592875101028115,0.062302817391843845,2.0,0,0,"[4, 16, 72, 9, 68, 96, 61, 36]","[98, 5]","[4, 16, 72, 9, 68, 96, 61, 36]","[98, 5]","[16, 72, 9, 68, 96, 61, 36]",[4],"[98, 5]",[],3,0.5998474955558777,"{""0"": 3.156981945037842, ""1"": 1.948756217956543, ""2"": 1.958643913269043}",0,0,"[4, 16, 72, 36]","[98, 5, 9, 68, 96, 61]","[4, 16, 72, 36]","[98, 5, 9, 68, 96, 61]","[16, 72, 36]",[4],"[98, 5, 9, 68, 96, 61]",[],"[4, 16, 72, 36]","[98, 5, 9, 68, 96, 61]","[16, 72, 36]",[4],"[98, 5, 9, 68, 96, 61]",[],3,1,6,0
510,10,5,"[3, 22, 77, 12, 92, 89, 30, 14, 16, 21]","[22, 77, 12, 92, 89, 30, 14, 16, 21]",[3],0.5745394232600309,0.0830052408821152,2.0,0,0,"[3, 22, 77, 12, 92, 89, 30, 14, 16, 21]",[],"[3, 22, 77, 12, 92, 89, 30, 14, 16, 21]",[],"[22, 77, 12, 92, 89, 30, 14, 16, 21]",[3],[],[],2,0.5861138105392456,"{""0"": 2.4097447395324707, ""1"": -1.0}",0,0,"[3, 22, 77, 12, 92, 30, 14, 16, 21]",[89],"[3, 22, 77, 12, 92, 30, 14, 16, 21]",[89],"[22, 77, 12, 92, 30, 14, 16, 21]",[3],[89],[],"[3, 22, 77, 12, 92, 30, 14, 16, 21]",[89],"[22, 77, 12, 92, 30, 14, 16, 21]",[3],[89],[],8,1,1,0
511,10,5,"[3, 46, 80, 89, 57, 40, 50, 0, 28, 8]","[46, 80, 89, 57, 40, 50, 28, 8]","[3, 0]",0.5684328148424895,0.03479719149879651,2.0,0,0,"[3, 80, 57, 40, 50, 28, 8]","[46, 89, 0]","[3, 80, 57, 40, 50, 28, 8]","[46, 89, 0]","[80, 57, 40, 50, 28, 8]",[3],"[46, 89]",[0],2,0.4309123456478119,"{""0"": 2.7539689540863037, ""1"": 2.5958797931671143}",0,0,"[3, 80, 57, 50]","[46, 89, 40, 0, 28, 8]","[3, 80, 57, 50]","[46, 89, 40, 0, 28, 8]","[80, 57, 50]",[3],"[46, 89, 40, 28, 8]",[0],"[3, 80, 57, 50]","[46, 89, 40, 0, 28, 8]","[80, 57, 50]",[3],"[46, 89, 40, 28, 8]",[0],3,1,5,1
512,10,5,"[1, 88, 28, 14, 18, 10, 63, 68, 15, 58]","[88, 28, 14, 18, 10, 63, 68, 15, 58]",[1],0.7662717886722136,0.18469907291294513,2.0,0,0,"[1, 28, 14, 18, 10, 63, 68, 15, 58]",[88],"[1, 28, 14, 18, 10, 63, 68, 15, 58]",[88],"[28, 14, 18, 10, 63, 68, 15, 58]",[1],[88],[],2,0.5762565732002258,"{""0"": 5.154268741607666, ""1"": -1.0}",0,0,"[1, 28, 14, 18, 63, 68, 15, 58]","[88, 10]","[1, 28, 14, 18, 63, 68, 15, 58]","[88, 10]","[28, 14, 18, 63, 68, 15, 58]",[1],"[88, 10]",[],"[1, 28, 14, 18, 63, 68, 15, 58]","[88, 10]","[28, 14, 18, 63, 68, 15, 58]",[1],"[88, 10]",[],7,1,2,0
513,10,5,"[0, 40, 23, 91, 32, 18, 64, 41, 68, 70]","[40, 23, 91, 32, 18, 64, 41, 68, 70]",[0],0.749483608045201,0.15298226414685895,2.0,0,0,"[0, 40, 23, 91, 32, 18, 64, 41, 68, 70]",[],"[0, 40, 23, 91, 32, 18, 64, 41, 68, 70]",[],"[40, 23, 91, 32, 18, 64, 41, 68, 70]",[0],[],[],2,0.5097106695175171,"{""0"": 1.9691832065582275, ""1"": -1.0}",0,0,"[40, 23, 91, 32, 18, 64, 41, 68, 70]",[0],"[40, 23, 91, 32, 18, 64, 41, 68, 70]",[0],"[40, 23, 91, 32, 18, 64, 41, 68, 70]",[],[],[0],"[40, 23, 91, 32, 18, 64, 41, 68, 70]",[0],"[40, 23, 91, 32, 18, 64, 41, 68, 70]",[],[],[0],9,0,0,1
514,10,5,"[4, 12, 11, 69, 41, 79, 22, 3, 54, 28]","[12, 11, 69, 41, 79, 22, 54, 28]","[4, 3]",0.8284493426850953,0.2405082670077885,2.0,0,0,"[4, 12, 11, 69, 41, 79, 22, 3, 54, 28]",[],"[4, 12, 11, 69, 41, 79, 22, 3, 54, 28]",[],"[12, 11, 69, 41, 79, 22, 54, 28]","[4, 3]",[],[],2,0.7404909133911133,"{""0"": 1.968907117843628, ""1"": 5.784519672393799}",1,0,"[4, 12, 11, 69, 79, 22, 3, 28]","[41, 54]","[4, 12, 11, 69, 79, 22, 3, 28]","[41, 54]","[12, 11, 69, 79, 22, 28]","[4, 3]","[41, 54]",[],"[4, 12, 11, 69, 79, 22, 3, 28]","[41, 54]","[12, 11, 69, 79, 22, 28]","[4, 3]","[41, 54]",[],6,2,2,0
515,10,5,"[0, 34, 15, 49, 45, 17, 59, 22, 51, 12]","[34, 15, 49, 45, 17, 59, 22, 51, 12]",[0],0.8639395296069231,0.1383516345374688,2.0,0,0,"[0, 34, 15, 49, 45, 17, 59, 22, 51, 12]",[],"[0, 34, 15, 49, 45, 17, 59, 22, 51, 12]",[],"[34, 15, 49, 45, 17, 59, 22, 51, 12]",[0],[],[],2,0.5487604141235352,"{""0"": 1.8097457885742188, ""1"": 1.980614423751831}",1,0,"[49, 17]","[0, 34, 15, 45, 59, 22, 51, 12]","[49, 17]","[0, 34, 15, 45, 59, 22, 51, 12]","[49, 17]",[],"[34, 15, 45, 59, 22, 51, 12]",[0],"[49, 17]","[0, 34, 15, 45, 59, 22, 51, 12]","[49, 17]",[],"[34, 15, 45, 59, 22, 51, 12]",[0],2,0,7,1
516,10,5,"[4, 73, 14, 1, 74, 45, 29, 13, 6, 2]","[73, 14, 74, 45, 29, 13, 6]","[4, 1, 2]",1.0042968945121213,0.1933581029512999,2.0,0,0,"[4, 14, 1, 74, 45, 29, 13, 6, 2]",[73],"[4, 14, 1, 74, 45, 29, 13, 6, 2]",[73],"[14, 74, 45, 29, 13, 6]","[4, 1, 2]",[73],[],3,0.5492758750915527,"{""0"": 1.7388211488723755, ""1"": 5.176026344299316, ""2"": -1.0}",1,0,"[4, 14, 1, 74, 45, 13]","[73, 29, 6, 2]","[4, 14, 1, 74, 45, 13]","[73, 29, 6, 2]","[14, 74, 45, 13]","[4, 1]","[73, 29, 6]",[2],"[4, 14, 1, 74, 45, 13]","[73, 29, 6, 2]","[14, 74, 45, 13]","[4, 1]","[73, 29, 6]",[2],4,2,3,1
517,10,5,"[0, 59, 78, 85, 24, 97, 42, 9, 29, 51]","[59, 78, 85, 24, 97, 42, 9, 29, 51]",[0],0.8334157888294647,0.06428146033489684,2.0,0,0,"[0, 59, 85, 24, 97, 42, 29, 51]","[78, 9]","[0, 59, 85, 24, 97, 42, 29, 51]","[78, 9]","[59, 85, 24, 97, 42, 29, 51]",[0],"[78, 9]",[],2,0.430855929851532,"{""0"": 0.8184080719947815, ""1"": -1.0}",0,0,"[0, 59, 85, 24, 97, 29, 51]","[78, 42, 9]","[0, 59, 85, 24, 97, 29, 51]","[78, 42, 9]","[59, 85, 24, 97, 29, 51]",[0],"[78, 42, 9]",[],"[0, 59, 85, 24, 97, 29, 51]","[78, 42, 9]","[59, 85, 24, 97, 29, 51]",[0],"[78, 42, 9]",[],6,1,3,0
518,10,5,"[1, 20, 25, 70, 84, 3, 10, 28, 85, 58]","[20, 25, 70, 84, 10, 28, 85, 58]","[1, 3]",0.9878685247858966,0.10032444165647902,2.0,0,0,"[1, 20, 25, 84, 3, 10, 28, 58]","[70, 85]","[1, 20, 25, 84, 3, 10, 28, 58]","[70, 85]","[20, 25, 84, 10, 28, 58]","[1, 3]","[70, 85]",[],3,0.3392448425292969,"{""0"": 2.3572065830230713, ""1"": 1.7390391826629639, ""2"": 1.547370195388794}",0,0,"[1, 25, 84, 28]","[20, 70, 3, 10, 85, 58]","[1, 25, 84, 28]","[20, 70, 3, 10, 85, 58]","[25, 84, 28]",[1],"[20, 70, 10, 85, 58]",[3],"[1, 25, 84, 28]","[20, 70, 3, 10, 85, 58]","[25, 84, 28]",[1],"[20, 70, 10, 85, 58]",[3],3,1,5,1
519,10,5,"[0, 23, 4, 73, 84, 72, 12, 77, 40, 1]","[23, 73, 84, 72, 12, 77, 40]","[0, 4, 1]",0.8188702185184815,0.1061103577024442,2.0,0,0,"[23, 4, 73, 84, 72, 12, 77, 40, 1]",[0],"[23, 4, 73, 84, 72, 12, 77, 40, 1]",[0],"[23, 73, 84, 72, 12, 77, 40]","[4, 1]",[],[0],2,0.6511021256446838,"{""0"": 1.998816967010498, ""1"": -1.0}",0,0,"[23, 4, 84, 72, 12, 77, 40, 1]","[0, 73]","[23, 4, 84, 72, 12, 77, 40, 1]","[0, 73]","[23, 84, 72, 12, 77, 40]","[4, 1]",[73],[0],"[23, 4, 84, 72, 12, 77, 40, 1]","[0, 73]","[23, 84, 72, 12, 77, 40]","[4, 1]",[73],[0],6,2,1,1
520,10,5,"[0, 97, 36, 50, 79, 11, 91, 31, 52, 5]","[97, 36, 50, 79, 11, 91, 31, 52, 5]",[0],0.7730095081044781,0.20935118915668044,2.0,0,0,"[0, 36, 50, 79, 11, 91, 31, 52, 5]",[97],"[0, 36, 50, 79, 11, 91, 31, 52, 5]",[97],"[36, 50, 79, 11, 91, 31, 52, 5]",[0],[97],[],2,0.5018436908721924,"{""0"": 2.2799785137176514, ""1"": -1.0}",0,0,"[0, 36, 50, 79, 11, 91, 52, 5]","[97, 31]","[0, 36, 50, 79, 11, 91, 52, 5]","[97, 31]","[36, 50, 79, 11, 91, 52, 5]",[0],"[97, 31]",[],"[0, 36, 50, 79, 11, 91, 52, 5]","[97, 31]","[36, 50, 79, 11, 91, 52, 5]",[0],"[97, 31]",[],7,1,2,0
521,10,5,"[3, 64, 19, 63, 21, 5, 81, 96, 37, 47]","[64, 19, 63, 21, 5, 81, 96, 37, 47]",[3],0.8512357325279732,0.1287970253745459,2.0,0,0,"[3, 64, 19, 63, 21, 5, 81, 96, 37, 47]",[],"[3, 64, 19, 63, 21, 5, 81, 96, 37, 47]",[],"[64, 19, 63, 21, 5, 81, 96, 37, 47]",[3],[],[],2,0.39082732796669006,"{""0"": 0.653077244758606, ""1"": -1.0}",0,0,"[3, 64, 19, 63, 21, 5, 81, 96, 37]",[47],"[3, 64, 19, 63, 21, 5, 81, 96, 37]",[47],"[64, 19, 63, 21, 5, 81, 96, 37]",[3],[47],[],"[3, 64, 19, 63, 21, 5, 81, 96, 37]",[47],"[64, 19, 63, 21, 5, 81, 96, 37]",[3],[47],[],8,1,1,0
522,10,5,"[0, 90, 92, 74, 71, 1, 56, 95, 27, 89]","[90, 92, 74, 71, 56, 95, 27, 89]","[0, 1]",0.7626425192874007,0.0686740992822894,2.0,0,0,"[0, 90, 92, 74, 71, 1, 56, 95, 27, 89]",[],"[0, 90, 92, 74, 71, 1, 56, 95, 27, 89]",[],"[90, 92, 74, 71, 56, 95, 27, 89]","[0, 1]",[],[],3,0.5307806134223938,"{""0"": 3.615314245223999, ""1"": 1.9627964496612549, ""2"": -1.0}",0,0,"[90, 92, 74, 71, 1, 27, 89]","[0, 56, 95]","[90, 92, 74, 71, 1, 27, 89]","[0, 56, 95]","[90, 92, 74, 71, 27, 89]",[1],"[56, 95]",[0],"[90, 92, 74, 71, 1, 27, 89]","[0, 56, 95]","[90, 92, 74, 71, 27, 89]",[1],"[56, 95]",[0],6,1,2,1
523,10,5,"[2, 30, 31, 27, 47, 4, 15, 52, 91, 24]","[30, 31, 27, 47, 15, 52, 91, 24]","[2, 4]",0.7867923007701512,0.1443109204488261,2.0,0,0,"[2, 30, 31, 27, 47, 4, 15, 52, 91, 24]",[],"[2, 30, 31, 27, 47, 4, 15, 52, 91, 24]",[],"[30, 31, 27, 47, 15, 52, 91, 24]","[2, 4]",[],[],2,0.7457067370414734,"{""0"": 1.9434458017349243, ""1"": 5.940369606018066}",1,0,"[2, 30, 27, 4, 15, 52, 91, 24]","[31, 47]","[2, 30, 27, 4, 15, 52, 91, 24]","[31, 47]","[30, 27, 15, 52, 91, 24]","[2, 4]","[31, 47]",[],"[2, 30, 27, 4, 15, 52, 91, 24]","[31, 47]","[30, 27, 15, 52, 91, 24]","[2, 4]","[31, 47]",[],6,2,2,0
524,10,5,"[3, 17, 42, 9, 5, 40, 74, 35, 49, 16]","[17, 42, 9, 5, 40, 74, 35, 49, 16]",[3],0.7082064960059036,0.06644716455593913,2.0,0,0,"[3, 17, 42, 9, 5, 40, 74, 49]","[35, 16]","[3, 17, 42, 9, 5, 40, 74, 49]","[35, 16]","[17, 42, 9, 5, 40, 74, 49]",[3],"[35, 16]",[],2,0.6809837222099304,"{""0"": 3.9862289428710938, ""1"": -1.0}",0,0,"[3, 17, 9, 5, 40, 74, 49]","[42, 35, 16]","[3, 17, 9, 5, 40, 74, 49]","[42, 35, 16]","[17, 9, 5, 40, 74, 49]",[3],"[42, 35, 16]",[],"[3, 17, 9, 5, 40, 74, 49]","[42, 35, 16]","[17, 9, 5, 40, 74, 49]",[3],"[42, 35, 16]",[],6,1,3,0
525,10,5,"[3, 32, 5, 47, 86, 10, 94, 44, 13, 27]","[32, 5, 47, 86, 10, 94, 44, 13, 27]",[3],0.6751649330152147,0.11962036570323847,2.0,0,0,"[3, 32, 5, 86, 10, 94, 44, 13, 27]",[47],"[3, 32, 5, 86, 10, 94, 44, 13, 27]",[47],"[32, 5, 86, 10, 94, 44, 13, 27]",[3],[47],[],2,0.6532423496246338,"{""0"": 1.8853628635406494, ""1"": -1.0}",0,0,"[32, 5, 86, 10, 94, 44, 13, 27]","[3, 47]","[32, 5, 86, 10, 94, 44, 13, 27]","[3, 47]","[32, 5, 86, 10, 94, 44, 13, 27]",[],[47],[3],"[32, 5, 86, 10, 94, 44, 13, 27]","[3, 47]","[32, 5, 86, 10, 94, 44, 13, 27]",[],[47],[3],8,0,1,1
526,10,5,"[1, 85, 17, 4, 76, 51, 57, 26, 8, 20]","[85, 17, 76, 51, 57, 26, 8, 20]","[1, 4]",0.7449151016793334,0.17320078332804634,2.0,0,0,"[1, 85, 17, 76, 51, 57, 26, 8, 20]",[4],"[1, 85, 17, 76, 51, 57, 26, 8, 20]",[4],"[85, 17, 76, 51, 57, 26, 8, 20]",[1],[],[4],2,0.48014259338378906,"{""0"": 1.395774006843567, ""1"": 2.324737071990967}",1,0,"[1, 85, 17, 76, 51, 57, 8]","[4, 26, 20]","[1, 85, 17, 76, 51, 57, 8]","[4, 26, 20]","[85, 17, 76, 51, 57, 8]",[1],"[26, 20]",[4],"[1, 85, 17, 76, 51, 57, 8]","[4, 26, 20]","[85, 17, 76, 51, 57, 8]",[1],"[26, 20]",[4],6,1,2,1
527,10,5,"[2, 0, 62, 40, 12, 82, 26, 44, 73, 81]","[62, 40, 12, 82, 26, 44, 73, 81]","[2, 0]",0.8028545610180109,0.07108982670566488,2.0,0,0,"[2, 62, 40, 12, 82, 44, 73, 81]","[0, 26]","[2, 62, 40, 12, 82, 44, 73, 81]","[0, 26]","[62, 40, 12, 82, 44, 73, 81]",[2],[26],[0],2,0.5066663026809692,"{""0"": 1.9579075574874878, ""1"": -1.0}",0,0,"[62, 40, 12, 82, 44, 73, 81]","[2, 0, 26]","[62, 40, 12, 82, 44, 73, 81]","[2, 0, 26]","[62, 40, 12, 82, 44, 73, 81]",[],[26],"[2, 0]","[62, 40, 12, 82, 44, 73, 81]","[2, 0, 26]","[62, 40, 12, 82, 44, 73, 81]",[],[26],"[2, 0]",7,0,1,2
528,10,5,"[3, 54, 44, 31, 73, 7, 29, 50, 85, 67]","[54, 44, 31, 73, 7, 29, 50, 85, 67]",[3],0.9200762104981539,0.21687740492214702,2.0,0,0,"[3, 54, 44, 31, 73, 7, 29, 50, 85, 67]",[],"[3, 54, 44, 31, 73, 7, 29, 50, 85, 67]",[],"[54, 44, 31, 73, 7, 29, 50, 85, 67]",[3],[],[],2,0.4640464782714844,"{""0"": 1.0959429740905762, ""1"": -1.0}",0,0,"[3, 54, 44, 73, 7, 29, 50, 85, 67]",[31],"[3, 54, 44, 73, 7, 29, 50, 85, 67]",[31],"[54, 44, 73, 7, 29, 50, 85, 67]",[3],[31],[],"[3, 54, 44, 73, 7, 29, 50, 85, 67]",[31],"[54, 44, 73, 7, 29, 50, 85, 67]",[3],[31],[],8,1,1,0
529,10,5,"[2, 62, 36, 26, 29, 78, 13, 76, 41, 65]","[62, 36, 26, 29, 78, 13, 76, 41, 65]",[2],0.6905289811964992,0.14968043660105265,2.0,0,0,"[2, 62, 36, 29, 78, 13, 76, 41, 65]",[26],"[2, 62, 36, 29, 78, 13, 76, 41, 65]",[26],"[62, 36, 29, 78, 13, 76, 41, 65]",[2],[26],[],2,0.5519867539405823,"{""0"": 4.352178573608398, ""1"": -1.0}",0,0,"[2, 36, 29, 78, 13, 76, 41, 65]","[62, 26]","[2, 36, 29, 78, 13, 76, 41, 65]","[62, 26]","[36, 29, 78, 13, 76, 41, 65]",[2],"[62, 26]",[],"[2, 36, 29, 78, 13, 76, 41, 65]","[62, 26]","[36, 29, 78, 13, 76, 41, 65]",[2],"[62, 26]",[],7,1,2,0
530,10,5,"[0, 90, 2, 4, 71, 39, 14, 51, 19, 88]","[90, 71, 39, 14, 51, 19, 88]","[0, 2, 4]",0.6784528482481087,0.1220866452119484,2.0,0,0,"[0, 90, 2, 4, 71, 39, 14, 51]","[19, 88]","[0, 90, 2, 4, 71, 39, 14, 51]","[19, 88]","[90, 71, 39, 14, 51]","[0, 2, 4]","[19, 88]",[],3,0.37128084897994995,"{""0"": 5.452642917633057, ""1"": -1.0, ""2"": -1.0}",0,0,"[90, 4, 71, 39, 14, 51]","[0, 2, 19, 88]","[90, 4, 71, 39, 14, 51]","[0, 2, 19, 88]","[90, 71, 39, 14, 51]",[4],"[19, 88]","[0, 2]","[90, 4, 71, 39, 14, 51]","[0, 2, 19, 88]","[90, 71, 39, 14, 51]",[4],"[19, 88]","[0, 2]",5,1,2,2
531,10,5,"[3, 63, 47, 6, 12, 92, 40, 56, 67, 31]","[63, 47, 6, 12, 92, 40, 56, 67, 31]",[3],0.7512394620982739,0.18442443176655499,2.0,0,0,"[3, 63, 47, 6, 12, 92, 40, 56, 67, 31]",[],"[3, 63, 47, 6, 12, 92, 40, 56, 67, 31]",[],"[63, 47, 6, 12, 92, 40, 56, 67, 31]",[3],[],[],2,0.2668980062007904,"{""0"": 2.255401849746704, ""1"": 3.376737117767334}",1,0,"[63, 6, 12, 40, 56]","[3, 47, 92, 67, 31]","[63, 6, 12, 40, 56]","[3, 47, 92, 67, 31]","[63, 6, 12, 40, 56]",[],"[47, 92, 67, 31]",[3],"[63, 6, 12, 40, 56]","[3, 47, 92, 67, 31]","[63, 6, 12, 40, 56]",[],"[47, 92, 67, 31]",[3],5,0,4,1
532,10,5,"[0, 35, 51, 47, 1, 3, 29, 74, 33, 99]","[35, 51, 47, 29, 74, 33, 99]","[0, 1, 3]",0.7603351661059945,0.10432471567664836,2.0,0,0,"[35, 51, 1, 3, 29, 74, 33, 99]","[0, 47]","[35, 51, 1, 3, 29, 74, 33, 99]","[0, 47]","[35, 51, 29, 74, 33, 99]","[1, 3]",[47],[0],2,0.528571367263794,"{""0"": 1.463438868522644, ""1"": -1.0}",0,0,"[35, 51, 1, 29, 74, 33, 99]","[0, 47, 3]","[35, 51, 1, 29, 74, 33, 99]","[0, 47, 3]","[35, 51, 29, 74, 33, 99]",[1],[47],"[0, 3]","[35, 51, 1, 29, 74, 33, 99]","[0, 47, 3]","[35, 51, 29, 74, 33, 99]",[1],[47],"[0, 3]",6,1,1,2
533,10,5,"[2, 47, 66, 92, 87, 93, 38, 50, 96, 37]","[47, 66, 92, 87, 93, 38, 50, 96, 37]",[2],0.9555345573809932,0.08780438562466314,2.0,0,0,"[2, 66, 92, 87, 93, 38, 50, 96, 37]",[47],"[2, 66, 92, 87, 93, 38, 50, 96, 37]",[47],"[66, 92, 87, 93, 38, 50, 96, 37]",[2],[47],[],4,0.37574857473373413,"{""0"": 3.4046242237091064, ""1"": 1.5142751932144165, ""2"": 1.86372709274292, ""3"": -1.0}",0,0,"[87, 93, 38, 37]","[2, 47, 66, 92, 50, 96]","[87, 93, 38, 37]","[2, 47, 66, 92, 50, 96]","[87, 93, 38, 37]",[],"[47, 66, 92, 50, 96]",[2],"[87, 93, 38, 37]","[2, 47, 66, 92, 50, 96]","[87, 93, 38, 37]",[],"[47, 66, 92, 50, 96]",[2],4,0,5,1
534,10,5,"[1, 8, 13, 65, 14, 98, 83, 77, 3, 18]","[8, 13, 65, 14, 98, 83, 77, 18]","[1, 3]",0.6713899903339109,0.04355018718545761,2.0,0,0,"[1, 8, 13, 65, 14, 98, 83, 77, 3]",[18],"[1, 8, 13, 65, 14, 98, 83, 77, 3]",[18],"[8, 13, 65, 14, 98, 83, 77]","[1, 3]",[18],[],2,0.4437442421913147,"{""0"": 2.2349071502685547, ""1"": -1.0}",0,0,"[1, 13, 65, 14, 98, 83, 77, 3]","[8, 18]","[1, 13, 65, 14, 98, 83, 77, 3]","[8, 18]","[13, 65, 14, 98, 83, 77]","[1, 3]","[8, 18]",[],"[1, 13, 65, 14, 98, 83, 77, 3]","[8, 18]","[13, 65, 14, 98, 83, 77]","[1, 3]","[8, 18]",[],6,2,2,0
535,10,5,"[1, 22, 0, 13, 49, 45, 14, 77, 67, 71]","[22, 13, 49, 45, 14, 77, 67, 71]","[1, 0]",0.7133072035613037,0.138906180011307,2.0,0,0,"[1, 22, 0, 13, 49, 45, 14, 77, 67, 71]",[],"[1, 22, 0, 13, 49, 45, 14, 77, 67, 71]",[],"[22, 13, 49, 45, 14, 77, 67, 71]","[1, 0]",[],[],2,0.5864184498786926,"{""0"": 1.5336194038391113, ""1"": -1.0}",0,0,"[1, 22, 13, 49, 45, 14, 77, 67, 71]",[0],"[1, 22, 13, 49, 45, 14, 77, 67, 71]",[0],"[22, 13, 49, 45, 14, 77, 67, 71]",[1],[],[0],"[1, 22, 13, 49, 45, 14, 77, 67, 71]",[0],"[22, 13, 49, 45, 14, 77, 67, 71]",[1],[],[0],8,1,0,1
536,10,5,"[4, 0, 52, 96, 2, 77, 15, 63, 99, 45]","[52, 96, 77, 15, 63, 99, 45]","[4, 0, 2]",0.9788274963273977,0.10630546538700486,2.0,0,0,"[4, 0, 52, 96, 2, 77, 15, 63, 99, 45]",[],"[4, 0, 52, 96, 2, 77, 15, 63, 99, 45]",[],"[52, 96, 77, 15, 63, 99, 45]","[4, 0, 2]",[],[],2,0.6112467050552368,"{""0"": 1.9115943908691406, ""1"": -1.0}",0,0,"[0, 52, 96, 2, 77, 15, 63, 99, 45]",[4],"[0, 52, 96, 2, 77, 15, 63, 99, 45]",[4],"[52, 96, 77, 15, 63, 99, 45]","[0, 2]",[],[4],"[0, 52, 96, 2, 77, 15, 63, 99, 45]",[4],"[52, 96, 77, 15, 63, 99, 45]","[0, 2]",[],[4],7,2,0,1
537,10,5,"[0, 59, 44, 16, 96, 75, 21, 50, 60, 61]","[59, 44, 16, 96, 75, 21, 50, 60, 61]",[0],0.6464223860789862,0.13930489248781433,2.0,0,0,"[0, 59, 44, 16, 96, 75, 21, 50, 61]",[60],"[0, 59, 44, 16, 96, 75, 21, 50, 61]",[60],"[59, 44, 16, 96, 75, 21, 50, 61]",[0],[60],[],2,0.32833147048950195,"{""0"": 2.667660713195801, ""1"": 1.4278088808059692}",0,0,"[59, 16, 96, 75, 21, 50, 61]","[0, 44, 60]","[59, 16, 96, 75, 21, 50, 61]","[0, 44, 60]","[59, 16, 96, 75, 21, 50, 61]",[],"[44, 60]",[0],"[59, 16, 96, 75, 21, 50, 61]","[0, 44, 60]","[59, 16, 96, 75, 21, 50, 61]",[],"[44, 60]",[0],7,0,2,1
538,10,5,"[2, 3, 36, 52, 13, 51, 83, 21, 85, 19]","[36, 52, 13, 51, 83, 21, 85, 19]","[2, 3]",0.6895218428307819,0.09172510999464661,2.0,0,0,"[2, 3, 36, 52, 13, 51, 83, 21, 85, 19]",[],"[2, 3, 36, 52, 13, 51, 83, 21, 85, 19]",[],"[36, 52, 13, 51, 83, 21, 85, 19]","[2, 3]",[],[],5,0.38124674558639526,"{""0"": 1.7070448398590088, ""1"": 2.09551739692688, ""2"": -1.0, ""3"": 1.992729902267456, ""4"": 1.9756911993026733}",1,0,"[13, 83, 85]","[2, 3, 36, 52, 51, 21, 19]","[13, 83, 85]","[2, 3, 36, 52, 51, 21, 19]","[13, 83, 85]",[],"[36, 52, 51, 21, 19]","[2, 3]","[13, 83, 85]","[2, 3, 36, 52, 51, 21, 19]","[13, 83, 85]",[],"[36, 52, 51, 21, 19]","[2, 3]",3,0,5,2
539,10,5,"[4, 81, 37, 26, 94, 78, 87, 56, 45, 55]","[81, 37, 26, 94, 78, 87, 56, 45, 55]",[4],0.9166676564182494,0.1274831789271646,2.0,0,0,"[4, 81, 37, 26, 94, 78, 87, 56, 45, 55]",[],"[4, 81, 37, 26, 94, 78, 87, 56, 45, 55]",[],"[81, 37, 26, 94, 78, 87, 56, 45, 55]",[4],[],[],3,0.39282503724098206,"{""0"": 1.872712254524231, ""1"": 2.7636446952819824, ""2"": -1.0}",1,0,"[4, 94, 78, 87, 45, 55]","[81, 37, 26, 56]","[4, 94, 78, 87, 45, 55]","[81, 37, 26, 56]","[94, 78, 87, 45, 55]",[4],"[81, 37, 26, 56]",[],"[4, 94, 78, 87, 45, 55]","[81, 37, 26, 56]","[94, 78, 87, 45, 55]",[4],"[81, 37, 26, 56]",[],5,1,4,0
540,10,5,"[4, 96, 82, 72, 98, 64, 22, 1, 19, 0]","[96, 82, 72, 98, 64, 22, 19]","[4, 1, 0]",0.694927597157077,0.10010876737242808,2.0,0,0,"[4, 96, 82, 72, 64, 22, 1, 19, 0]",[98],"[4, 96, 82, 72, 64, 22, 1, 19, 0]",[98],"[96, 82, 72, 64, 22, 19]","[4, 1, 0]",[98],[],2,0.4764672517776489,"{""0"": 0.3818304240703583, ""1"": -1.0}",0,0,"[4, 82, 72, 64, 22, 1, 19, 0]","[96, 98]","[4, 82, 72, 64, 22, 1, 19, 0]","[96, 98]","[82, 72, 64, 22, 19]","[4, 1, 0]","[96, 98]",[],"[4, 82, 72, 64, 22, 1, 19, 0]","[96, 98]","[82, 72, 64, 22, 19]","[4, 1, 0]","[96, 98]",[],5,3,2,0
541,10,5,"[2, 72, 63, 11, 4, 30, 50, 87, 44, 37]","[72, 63, 11, 30, 50, 87, 44, 37]","[2, 4]",0.929932120979581,0.04223931165754613,2.0,0,0,"[2, 72, 63, 50, 87, 44]","[11, 4, 30, 37]","[2, 72, 63, 50, 87, 44]","[11, 4, 30, 37]","[72, 63, 50, 87, 44]",[2],"[11, 30, 37]",[4],2,0.5747788548469543,"{""0"": 1.827631950378418, ""1"": -1.0}",0,0,"[72, 63, 50, 87, 44]","[2, 11, 4, 30, 37]","[72, 63, 50, 87, 44]","[2, 11, 4, 30, 37]","[72, 63, 50, 87, 44]",[],"[11, 30, 37]","[2, 4]","[72, 63, 50, 87, 44]","[2, 11, 4, 30, 37]","[72, 63, 50, 87, 44]",[],"[11, 30, 37]","[2, 4]",5,0,3,2
542,10,5,"[3, 49, 97, 38, 12, 33, 19, 93, 91, 96]","[49, 97, 38, 12, 33, 19, 93, 91, 96]",[3],0.8078699169299188,0.15704252931335083,2.0,0,0,"[3, 49, 97, 38, 12, 33, 19, 93, 91, 96]",[],"[3, 49, 97, 38, 12, 33, 19, 93, 91, 96]",[],"[49, 97, 38, 12, 33, 19, 93, 91, 96]",[3],[],[],2,0.5151097178459167,"{""0"": 2.336066484451294, ""1"": -1.0}",0,0,"[3, 49, 97, 38, 12, 33, 93, 91, 96]",[19],"[3, 49, 97, 38, 12, 33, 93, 91, 96]",[19],"[49, 97, 38, 12, 33, 93, 91, 96]",[3],[19],[],"[3, 49, 97, 38, 12, 33, 93, 91, 96]",[19],"[49, 97, 38, 12, 33, 93, 91, 96]",[3],[19],[],8,1,1,0
543,10,5,"[3, 15, 88, 75, 57, 38, 44, 28, 9, 47]","[15, 88, 75, 57, 38, 44, 28, 9, 47]",[3],0.8642449488631212,0.17138661844031633,2.0,0,0,"[3, 15, 75, 57, 38, 44, 28, 9, 47]",[88],"[3, 15, 75, 57, 38, 44, 28, 9, 47]",[88],"[15, 75, 57, 38, 44, 28, 9, 47]",[3],[88],[],2,0.5071067810058594,"{""0"": 4.945408821105957, ""1"": -1.0}",0,0,"[3, 15, 75, 57, 38, 44, 28, 9]","[88, 47]","[3, 15, 75, 57, 38, 44, 28, 9]","[88, 47]","[15, 75, 57, 38, 44, 28, 9]",[3],"[88, 47]",[],"[3, 15, 75, 57, 38, 44, 28, 9]","[88, 47]","[15, 75, 57, 38, 44, 28, 9]",[3],"[88, 47]",[],7,1,2,0
544,10,5,"[4, 48, 46, 1, 72, 7, 19, 81, 80, 2]","[48, 46, 72, 7, 19, 81, 80]","[4, 1, 2]",0.8055750321437725,0.12250682502104915,2.0,0,0,"[4, 48, 46, 1, 72, 7, 19, 81, 80, 2]",[],"[4, 48, 46, 1, 72, 7, 19, 81, 80, 2]",[],"[48, 46, 72, 7, 19, 81, 80]","[4, 1, 2]",[],[],2,0.59743732213974,"{""0"": 2.8523268699645996, ""1"": -1.0}",0,0,"[4, 46, 1, 72, 7, 19, 81, 80, 2]",[48],"[4, 46, 1, 72, 7, 19, 81, 80, 2]",[48],"[46, 72, 7, 19, 81, 80]","[4, 1, 2]",[48],[],"[4, 46, 1, 72, 7, 19, 81, 80, 2]",[48],"[46, 72, 7, 19, 81, 80]","[4, 1, 2]",[48],[],6,3,1,0
545,10,5,"[3, 93, 75, 45, 40, 61, 26, 41, 55, 33]","[93, 75, 45, 40, 61, 26, 41, 55, 33]",[3],0.6427271025528136,0.08751633005311482,2.0,0,0,"[3, 93, 75, 45, 40, 61, 26, 55, 33]",[41],"[3, 93, 75, 45, 40, 61, 26, 55, 33]",[41],"[93, 75, 45, 40, 61, 26, 55, 33]",[3],[41],[],2,0.48996931314468384,"{""0"": 1.511493444442749, ""1"": -1.0}",0,0,"[3, 93, 75, 45, 61, 26, 55, 33]","[40, 41]","[3, 93, 75, 45, 61, 26, 55, 33]","[40, 41]","[93, 75, 45, 61, 26, 55, 33]",[3],"[40, 41]",[],"[3, 93, 75, 45, 61, 26, 55, 33]","[40, 41]","[93, 75, 45, 61, 26, 55, 33]",[3],"[40, 41]",[],7,1,2,0
546,10,5,"[1, 58, 89, 18, 76, 33, 27, 53, 81, 12]","[58, 89, 18, 76, 33, 27, 53, 81, 12]",[1],0.6507328668099308,0.1312614570445541,2.0,0,0,"[1, 58, 89, 18, 76, 33, 27, 53, 81, 12]",[],"[1, 58, 89, 18, 76, 33, 27, 53, 81, 12]",[],"[58, 89, 18, 76, 33, 27, 53, 81, 12]",[1],[],[],2,0.5578300952911377,"{""0"": 1.4081039428710938, ""1"": -1.0}",0,0,"[1, 89, 18, 76, 33, 27, 53, 81, 12]",[58],"[1, 89, 18, 76, 33, 27, 53, 81, 12]",[58],"[89, 18, 76, 33, 27, 53, 81, 12]",[1],[58],[],"[1, 89, 18, 76, 33, 27, 53, 81, 12]",[58],"[89, 18, 76, 33, 27, 53, 81, 12]",[1],[58],[],8,1,1,0
547,10,5,"[0, 79, 4, 73, 67, 21, 34, 42, 8, 83]","[79, 73, 67, 21, 34, 42, 8, 83]","[0, 4]",0.767790315034091,0.2173501651503486,2.0,0,0,"[0, 79, 4, 73, 67, 21, 34, 42, 8, 83]",[],"[0, 79, 4, 73, 67, 21, 34, 42, 8, 83]",[],"[79, 73, 67, 21, 34, 42, 8, 83]","[0, 4]",[],[],2,0.5518280267715454,"{""0"": 2.3448541164398193, ""1"": -1.0}",0,0,"[0, 79, 4, 67, 21, 34, 42, 8, 83]",[73],"[0, 79, 4, 67, 21, 34, 42, 8, 83]",[73],"[79, 67, 21, 34, 42, 8, 83]","[0, 4]",[73],[],"[0, 79, 4, 67, 21, 34, 42, 8, 83]",[73],"[79, 67, 21, 34, 42, 8, 83]","[0, 4]",[73],[],7,2,1,0
548,10,5,"[4, 15, 34, 91, 56, 86, 39, 57, 6, 20]","[15, 34, 91, 56, 86, 39, 57, 6, 20]",[4],0.5959609538628013,0.03043715939658248,2.0,0,0,"[4, 15, 91, 56, 86, 39, 57, 6, 20]",[34],"[4, 15, 91, 56, 86, 39, 57, 6, 20]",[34],"[15, 91, 56, 86, 39, 57, 6, 20]",[4],[34],[],4,0.22472159564495087,"{""0"": 1.5105047225952148, ""1"": -1.0, ""2"": 2.7256228923797607, ""3"": -1.0}",2,0,"[15, 91, 57, 20]","[4, 34, 56, 86, 39, 6]","[15, 91, 57, 20]","[4, 34, 56, 86, 39, 6]","[15, 91, 57, 20]",[],"[34, 56, 86, 39, 6]",[4],"[15, 91, 57, 20]","[4, 34, 56, 86, 39, 6]","[15, 91, 57, 20]",[],"[34, 56, 86, 39, 6]",[4],4,0,5,1
549,10,5,"[1, 54, 0, 57, 38, 15, 63, 8, 55, 2]","[54, 57, 38, 15, 63, 8, 55]","[1, 0, 2]",0.7348654683877133,0.11070248395660998,2.0,0,0,"[1, 0, 57, 38, 63, 8, 55, 2]","[54, 15]","[1, 0, 57, 38, 63, 8, 55, 2]","[54, 15]","[57, 38, 63, 8, 55]","[1, 0, 2]","[54, 15]",[],3,0.540245771408081,"{""0"": 4.761116027832031, ""1"": -1.0, ""2"": 1.8675928115844727}",0,0,"[1, 57, 38, 63, 55]","[54, 0, 15, 8, 2]","[1, 57, 38, 63, 55]","[54, 0, 15, 8, 2]","[57, 38, 63, 55]",[1],"[54, 15, 8]","[0, 2]","[1, 57, 38, 63, 55]","[54, 0, 15, 8, 2]","[57, 38, 63, 55]",[1],"[54, 15, 8]","[0, 2]",4,1,3,2
550,10,5,"[1, 23, 47, 22, 43, 42, 26, 85, 11, 25]","[23, 47, 22, 43, 42, 26, 85, 11, 25]",[1],0.7319101779439632,0.18470367328578874,2.0,0,0,"[1, 23, 47, 22, 43, 42, 26, 85, 11, 25]",[],"[1, 23, 47, 22, 43, 42, 26, 85, 11, 25]",[],"[23, 47, 22, 43, 42, 26, 85, 11, 25]",[1],[],[],3,0.40130797028541565,"{""0"": 1.5970826148986816, ""1"": 3.1622314453125, ""2"": -1.0}",1,0,"[1, 23, 22, 26, 85, 11, 25]","[47, 43, 42]","[1, 23, 22, 26, 85, 11, 25]","[47, 43, 42]","[23, 22, 26, 85, 11, 25]",[1],"[47, 43, 42]",[],"[1, 23, 22, 26, 85, 11, 25]","[47, 43, 42]","[23, 22, 26, 85, 11, 25]",[1],"[47, 43, 42]",[],6,1,3,0
551,10,5,"[2, 96, 12, 58, 54, 24, 70, 4, 74, 45]","[96, 12, 58, 54, 24, 70, 74, 45]","[2, 4]",0.8506545684585789,0.11520441188097141,2.0,0,0,"[2, 96, 12, 58, 24, 70, 4, 74, 45]",[54],"[2, 96, 12, 58, 24, 70, 4, 74, 45]",[54],"[96, 12, 58, 24, 70, 74, 45]","[2, 4]",[54],[],2,0.4701322019100189,"{""0"": 1.3090119361877441, ""1"": -1.0}",0,0,"[2, 96, 12, 58, 70, 4, 74, 45]","[54, 24]","[2, 96, 12, 58, 70, 4, 74, 45]","[54, 24]","[96, 12, 58, 70, 74, 45]","[2, 4]","[54, 24]",[],"[2, 96, 12, 58, 70, 4, 74, 45]","[54, 24]","[96, 12, 58, 70, 74, 45]","[2, 4]","[54, 24]",[],6,2,2,0
552,10,5,"[2, 9, 63, 48, 35, 87, 5, 13, 50, 32]","[9, 63, 48, 35, 87, 5, 13, 50, 32]",[2],0.608851921249122,0.07324243855029983,2.0,0,0,"[2, 9, 63, 35, 87, 5, 13, 50]","[48, 32]","[2, 9, 63, 35, 87, 5, 13, 50]","[48, 32]","[9, 63, 35, 87, 5, 13, 50]",[2],"[48, 32]",[],3,0.54276043176651,"{""0"": 5.27100133895874, ""1"": -1.0, ""2"": -1.0}",0,0,"[9, 63, 35, 87, 5, 50]","[2, 48, 13, 32]","[9, 63, 35, 87, 5, 50]","[2, 48, 13, 32]","[9, 63, 35, 87, 5, 50]",[],"[48, 13, 32]",[2],"[9, 63, 35, 87, 5, 50]","[2, 48, 13, 32]","[9, 63, 35, 87, 5, 50]",[],"[48, 13, 32]",[2],6,0,3,1
553,10,5,"[3, 79, 5, 45, 99, 71, 35, 22, 15, 58]","[79, 5, 45, 99, 71, 35, 22, 15, 58]",[3],0.7224611508265426,0.07678147791498557,2.0,0,0,"[3, 79, 45, 99, 22, 15, 58]","[5, 71, 35]","[3, 79, 45, 99, 22, 15, 58]","[5, 71, 35]","[79, 45, 99, 22, 15, 58]",[3],"[5, 71, 35]",[],3,0.4089181423187256,"{""0"": 1.5012685060501099, ""1"": 3.1286678314208984, ""2"": -1.0}",1,0,"[3, 79, 45, 22]","[5, 99, 71, 35, 15, 58]","[3, 79, 45, 22]","[5, 99, 71, 35, 15, 58]","[79, 45, 22]",[3],"[5, 99, 71, 35, 15, 58]",[],"[3, 79, 45, 22]","[5, 99, 71, 35, 15, 58]","[79, 45, 22]",[3],"[5, 99, 71, 35, 15, 58]",[],3,1,6,0
554,10,5,"[1, 79, 27, 28, 97, 96, 52, 80, 81, 14]","[79, 27, 28, 97, 96, 52, 80, 81, 14]",[1],0.655338713552567,0.09819082587902733,2.0,0,0,"[1, 27, 28, 96, 52, 80, 81, 14]","[79, 97]","[1, 27, 28, 96, 52, 80, 81, 14]","[79, 97]","[27, 28, 96, 52, 80, 81, 14]",[1],"[79, 97]",[],2,0.4540753960609436,"{""0"": 4.588787078857422, ""1"": 1.5510201454162598}",0,0,"[1, 28, 96, 52, 80, 14]","[79, 27, 97, 81]","[1, 28, 96, 52, 80, 14]","[79, 27, 97, 81]","[28, 96, 52, 80, 14]",[1],"[79, 27, 97, 81]",[],"[1, 28, 96, 52, 80, 14]","[79, 27, 97, 81]","[28, 96, 52, 80, 14]",[1],"[79, 27, 97, 81]",[],5,1,4,0
555,10,5,"[0, 98, 70, 21, 75, 55, 84, 85, 46, 56]","[98, 70, 21, 75, 55, 84, 85, 46, 56]",[0],0.7986089686576936,0.0878612916740184,2.0,0,0,"[0, 70, 21, 75, 84, 85, 46, 56]","[98, 55]","[0, 70, 21, 75, 84, 85, 46, 56]","[98, 55]","[70, 21, 75, 84, 85, 46, 56]",[0],"[98, 55]",[],2,0.58934485912323,"{""0"": 1.0336623191833496, ""1"": -1.0}",0,0,"[0, 70, 21, 75, 84, 85, 56]","[98, 55, 46]","[0, 70, 21, 75, 84, 85, 56]","[98, 55, 46]","[70, 21, 75, 84, 85, 56]",[0],"[98, 55, 46]",[],"[0, 70, 21, 75, 84, 85, 56]","[98, 55, 46]","[70, 21, 75, 84, 85, 56]",[0],"[98, 55, 46]",[],6,1,3,0
556,10,5,"[0, 18, 8, 49, 37, 50, 36, 93, 53, 62]","[18, 8, 49, 37, 50, 36, 93, 53, 62]",[0],0.8116208906718476,0.13839287244700327,2.0,0,0,"[0, 18, 8, 49, 37, 50, 36, 93, 53, 62]",[],"[0, 18, 8, 49, 37, 50, 36, 93, 53, 62]",[],"[18, 8, 49, 37, 50, 36, 93, 53, 62]",[0],[],[],3,0.41743072867393494,"{""0"": 2.6021058559417725, ""1"": 2.957118034362793, ""2"": -1.0}",1,0,"[0, 36, 93]","[18, 8, 49, 37, 50, 53, 62]","[0, 36, 93]","[18, 8, 49, 37, 50, 53, 62]","[36, 93]",[0],"[18, 8, 49, 37, 50, 53, 62]",[],"[0, 36, 93]","[18, 8, 49, 37, 50, 53, 62]","[36, 93]",[0],"[18, 8, 49, 37, 50, 53, 62]",[],2,1,7,0
557,10,5,"[3, 34, 60, 72, 46, 49, 22, 43, 7, 8]","[34, 60, 72, 46, 49, 22, 43, 7, 8]",[3],1.1835003921481158,0.059543338311368155,2.0,0,0,"[3, 60, 72, 46, 49, 43]","[34, 22, 7, 8]","[3, 60, 72, 46, 49, 43]","[34, 22, 7, 8]","[60, 72, 46, 49, 43]",[3],"[34, 22, 7, 8]",[],2,0.4662688076496124,"{""0"": 1.9142593145370483, ""1"": 1.7174718379974365}",0,0,"[60, 72, 49, 43]","[3, 34, 46, 22, 7, 8]","[60, 72, 49, 43]","[3, 34, 46, 22, 7, 8]","[60, 72, 49, 43]",[],"[34, 46, 22, 7, 8]",[3],"[60, 72, 49, 43]","[3, 34, 46, 22, 7, 8]","[60, 72, 49, 43]",[],"[34, 46, 22, 7, 8]",[3],4,0,5,1
558,10,5,"[0, 84, 40, 32, 74, 75, 73, 20, 46, 60]","[84, 40, 32, 74, 75, 73, 20, 46, 60]",[0],0.876186983699287,0.17476566667435645,2.0,0,0,"[0, 84, 40, 32, 74, 75, 73, 20, 46, 60]",[],"[0, 84, 40, 32, 74, 75, 73, 20, 46, 60]",[],"[84, 40, 32, 74, 75, 73, 20, 46, 60]",[0],[],[],2,0.44150251150131226,"{""0"": 1.1807873249053955, ""1"": -1.0}",0,0,"[0, 84, 40, 32, 74, 75, 20, 46, 60]",[73],"[0, 84, 40, 32, 74, 75, 20, 46, 60]",[73],"[84, 40, 32, 74, 75, 20, 46, 60]",[0],[73],[],"[0, 84, 40, 32, 74, 75, 20, 46, 60]",[73],"[84, 40, 32, 74, 75, 20, 46, 60]",[0],[73],[],8,1,1,0
559,10,5,"[0, 75, 22, 66, 56, 16, 2, 19, 67, 45]","[75, 22, 66, 56, 16, 19, 67, 45]","[0, 2]",0.7853451433933345,0.1319691780720969,2.0,0,0,"[0, 75, 22, 66, 56, 16, 2, 67, 45]",[19],"[0, 75, 22, 66, 56, 16, 2, 67, 45]",[19],"[75, 22, 66, 56, 16, 67, 45]","[0, 2]",[19],[],2,0.6335219144821167,"{""0"": 1.4431521892547607, ""1"": -1.0}",0,0,"[0, 75, 22, 66, 56, 16, 67, 45]","[2, 19]","[0, 75, 22, 66, 56, 16, 67, 45]","[2, 19]","[75, 22, 66, 56, 16, 67, 45]",[0],[19],[2],"[0, 75, 22, 66, 56, 16, 67, 45]","[2, 19]","[75, 22, 66, 56, 16, 67, 45]",[0],[19],[2],7,1,1,1
560,10,5,"[2, 98, 14, 33, 31, 68, 87, 20, 42, 88]","[98, 14, 33, 31, 68, 87, 20, 42, 88]",[2],0.790217223693304,0.1288957939153898,2.0,0,0,"[2, 98, 14, 33, 31, 68, 87, 20, 42]",[88],"[2, 98, 14, 33, 31, 68, 87, 20, 42]",[88],"[98, 14, 33, 31, 68, 87, 20, 42]",[2],[88],[],2,0.7032390236854553,"{""0"": 4.401081562042236, ""1"": -1.0}",0,0,"[98, 14, 33, 31, 68, 87, 20, 42]","[2, 88]","[98, 14, 33, 31, 68, 87, 20, 42]","[2, 88]","[98, 14, 33, 31, 68, 87, 20, 42]",[],[88],[2],"[98, 14, 33, 31, 68, 87, 20, 42]","[2, 88]","[98, 14, 33, 31, 68, 87, 20, 42]",[],[88],[2],8,0,1,1
561,10,5,"[2, 19, 1, 32, 24, 87, 93, 70, 98, 53]","[19, 32, 24, 87, 93, 70, 98, 53]","[2, 1]",0.6945911173618486,0.18272458652770085,2.0,0,0,"[2, 19, 1, 32, 24, 87, 93, 70, 98, 53]",[],"[2, 19, 1, 32, 24, 87, 93, 70, 98, 53]",[],"[19, 32, 24, 87, 93, 70, 98, 53]","[2, 1]",[],[],2,0.5423957109451294,"{""0"": 1.0491106510162354, ""1"": -1.0}",0,0,"[2, 19, 1, 32, 87, 93, 70, 98, 53]",[24],"[2, 19, 1, 32, 87, 93, 70, 98, 53]",[24],"[19, 32, 87, 93, 70, 98, 53]","[2, 1]",[24],[],"[2, 19, 1, 32, 87, 93, 70, 98, 53]",[24],"[19, 32, 87, 93, 70, 98, 53]","[2, 1]",[24],[],7,2,1,0
562,10,5,"[2, 73, 16, 69, 98, 68, 5, 45, 24, 27]","[73, 16, 69, 98, 68, 5, 45, 24, 27]",[2],0.6785367366728223,0.13588871528532115,2.0,0,0,"[2, 16, 69, 98, 68, 5, 45, 24, 27]",[73],"[2, 16, 69, 98, 68, 5, 45, 24, 27]",[73],"[16, 69, 98, 68, 5, 45, 24, 27]",[2],[73],[],2,0.5343769788742065,"{""0"": 1.6298673152923584, ""1"": -1.0}",0,0,"[16, 69, 98, 68, 5, 45, 24, 27]","[2, 73]","[16, 69, 98, 68, 5, 45, 24, 27]","[2, 73]","[16, 69, 98, 68, 5, 45, 24, 27]",[],[73],[2],"[16, 69, 98, 68, 5, 45, 24, 27]","[2, 73]","[16, 69, 98, 68, 5, 45, 24, 27]",[],[73],[2],8,0,1,1
563,10,5,"[4, 99, 6, 44, 25, 1, 56, 63, 29, 94]","[99, 6, 44, 25, 56, 63, 29, 94]","[4, 1]",0.6356916110671299,0.025578667926752896,2.0,0,0,"[99, 44, 25, 1, 56, 63]","[4, 6, 29, 94]","[99, 44, 25, 1, 56, 63]","[4, 6, 29, 94]","[99, 44, 25, 56, 63]",[1],"[6, 29, 94]",[4],2,0.44181928038597107,"{""0"": 2.4368669986724854, ""1"": 1.4590415954589844}",0,0,"[99, 44, 56]","[4, 6, 25, 1, 63, 29, 94]","[99, 44, 56]","[4, 6, 25, 1, 63, 29, 94]","[99, 44, 56]",[],"[6, 25, 63, 29, 94]","[4, 1]","[99, 44, 56]","[4, 6, 25, 1, 63, 29, 94]","[99, 44, 56]",[],"[6, 25, 63, 29, 94]","[4, 1]",3,0,5,2
564,10,5,"[4, 29, 7, 30, 72, 68, 38, 2, 14, 95]","[29, 7, 30, 72, 68, 38, 14, 95]","[4, 2]",0.8120239047498566,0.09415386091662525,2.0,0,0,"[4, 29, 7, 30, 72, 68, 38, 2, 14]",[95],"[4, 29, 7, 30, 72, 68, 38, 2, 14]",[95],"[29, 7, 30, 72, 68, 38, 14]","[4, 2]",[95],[],4,0.5119234323501587,"{""0"": 1.878051519393921, ""1"": 2.901531219482422, ""2"": -1.0, ""3"": 2.830177068710327}",1,0,"[68, 38, 14]","[4, 29, 7, 30, 72, 2, 95]","[68, 38, 14]","[4, 29, 7, 30, 72, 2, 95]","[68, 38, 14]",[],"[29, 7, 30, 72, 95]","[4, 2]","[68, 38, 14]","[4, 29, 7, 30, 72, 2, 95]","[68, 38, 14]",[],"[29, 7, 30, 72, 95]","[4, 2]",3,0,5,2
565,10,5,"[3, 82, 61, 60, 52, 76, 19, 90, 89, 9]","[82, 61, 60, 52, 76, 19, 90, 89, 9]",[3],0.7994564729767806,0.11466548098785062,2.0,0,0,"[3, 82, 61, 60, 52, 76, 90, 89, 9]",[19],"[3, 82, 61, 60, 52, 76, 90, 89, 9]",[19],"[82, 61, 60, 52, 76, 90, 89, 9]",[3],[19],[],2,0.6536053419113159,"{""0"": 3.3760321140289307, ""1"": 1.9131348133087158}",0,0,"[3, 61, 60, 52, 76, 90, 89]","[82, 19, 9]","[3, 61, 60, 52, 76, 90, 89]","[82, 19, 9]","[61, 60, 52, 76, 90, 89]",[3],"[82, 19, 9]",[],"[3, 61, 60, 52, 76, 90, 89]","[82, 19, 9]","[61, 60, 52, 76, 90, 89]",[3],"[82, 19, 9]",[],6,1,3,0
566,10,5,"[4, 83, 16, 95, 2, 43, 1, 63, 13, 75]","[83, 16, 95, 43, 63, 13, 75]","[4, 2, 1]",0.8016424838993097,0.2346260926647214,2.0,0,0,"[4, 83, 16, 95, 2, 43, 1, 63, 13, 75]",[],"[4, 83, 16, 95, 2, 43, 1, 63, 13, 75]",[],"[83, 16, 95, 43, 63, 13, 75]","[4, 2, 1]",[],[],2,0.39901861548423767,"{""0"": 0.3939043879508972, ""1"": -1.0}",0,0,"[4, 83, 16, 2, 43, 1, 63, 13, 75]",[95],"[4, 83, 16, 2, 43, 1, 63, 13, 75]",[95],"[83, 16, 43, 63, 13, 75]","[4, 2, 1]",[95],[],"[4, 83, 16, 2, 43, 1, 63, 13, 75]",[95],"[83, 16, 43, 63, 13, 75]","[4, 2, 1]",[95],[],6,3,1,0
567,10,5,"[3, 5, 78, 46, 63, 38, 98, 40, 45, 91]","[5, 78, 46, 63, 38, 98, 40, 45, 91]",[3],0.5735969629648017,0.07266026636339923,2.0,0,0,"[3, 5, 78, 46, 63, 38, 98, 40, 45, 91]",[],"[3, 5, 78, 46, 63, 38, 98, 40, 45, 91]",[],"[5, 78, 46, 63, 38, 98, 40, 45, 91]",[3],[],[],2,0.6452949047088623,"{""0"": 1.8630058765411377, ""1"": -1.0}",0,0,"[3, 5, 78, 63, 38, 98, 40, 45, 91]",[46],"[3, 5, 78, 63, 38, 98, 40, 45, 91]",[46],"[5, 78, 63, 38, 98, 40, 45, 91]",[3],[46],[],"[3, 5, 78, 63, 38, 98, 40, 45, 91]",[46],"[5, 78, 63, 38, 98, 40, 45, 91]",[3],[46],[],8,1,1,0
568,10,5,"[2, 4, 56, 76, 15, 40, 32, 66, 59, 61]","[56, 76, 15, 40, 32, 66, 59, 61]","[2, 4]",0.6867701586384763,0.1331357247980804,2.0,0,0,"[2, 4, 56, 76, 15, 40, 32, 66, 59, 61]",[],"[2, 4, 56, 76, 15, 40, 32, 66, 59, 61]",[],"[56, 76, 15, 40, 32, 66, 59, 61]","[2, 4]",[],[],2,0.5191603899002075,"{""0"": 2.177438974380493, ""1"": 1.7043856382369995}",0,0,"[4, 56, 76, 15, 40, 32, 59, 61]","[2, 66]","[4, 56, 76, 15, 40, 32, 59, 61]","[2, 66]","[56, 76, 15, 40, 32, 59, 61]",[4],[66],[2],"[4, 56, 76, 15, 40, 32, 59, 61]","[2, 66]","[56, 76, 15, 40, 32, 59, 61]",[4],[66],[2],7,1,1,1
569,10,5,"[1, 71, 83, 40, 32, 15, 99, 89, 82, 41]","[71, 83, 40, 32, 15, 99, 89, 82, 41]",[1],0.7229817851283795,0.08192621903287278,2.0,0,0,"[1, 71, 83, 40, 32, 15, 99, 89, 82, 41]",[],"[1, 71, 83, 40, 32, 15, 99, 89, 82, 41]",[],"[71, 83, 40, 32, 15, 99, 89, 82, 41]",[1],[],[],2,0.4738085865974426,"{""0"": 1.2116036415100098, ""1"": -1.0}",0,0,"[1, 71, 83, 40, 32, 15, 99, 89, 82]",[41],"[1, 71, 83, 40, 32, 15, 99, 89, 82]",[41],"[71, 83, 40, 32, 15, 99, 89, 82]",[1],[41],[],"[1, 71, 83, 40, 32, 15, 99, 89, 82]",[41],"[71, 83, 40, 32, 15, 99, 89, 82]",[1],[41],[],8,1,1,0
570,10,5,"[2, 53, 64, 55, 78, 41, 77, 60, 80, 21]","[53, 64, 55, 78, 41, 77, 60, 80, 21]",[2],0.6246804478204508,0.1159154175630083,2.0,0,0,"[2, 53, 64, 55, 78, 41, 77, 80, 21]",[60],"[2, 53, 64, 55, 78, 41, 77, 80, 21]",[60],"[53, 64, 55, 78, 41, 77, 80, 21]",[2],[60],[],2,0.6549183130264282,"{""0"": 4.073346138000488, ""1"": -1.0}",0,0,"[53, 64, 55, 78, 41, 77, 80, 21]","[2, 60]","[53, 64, 55, 78, 41, 77, 80, 21]","[2, 60]","[53, 64, 55, 78, 41, 77, 80, 21]",[],[60],[2],"[53, 64, 55, 78, 41, 77, 80, 21]","[2, 60]","[53, 64, 55, 78, 41, 77, 80, 21]",[],[60],[2],8,0,1,1
571,10,5,"[4, 49, 24, 95, 53, 30, 22, 92, 61, 28]","[49, 24, 95, 53, 30, 22, 92, 61, 28]",[4],0.8619768566982218,0.17306891397507745,2.0,0,0,"[4, 49, 24, 95, 53, 30, 22, 92, 61, 28]",[],"[4, 49, 24, 95, 53, 30, 22, 92, 61, 28]",[],"[49, 24, 95, 53, 30, 22, 92, 61, 28]",[4],[],[],2,0.5999077558517456,"{""0"": 1.891223669052124, ""1"": -1.0}",0,0,"[4, 49, 24, 53, 30, 22, 92, 61, 28]",[95],"[4, 49, 24, 53, 30, 22, 92, 61, 28]",[95],"[49, 24, 53, 30, 22, 92, 61, 28]",[4],[95],[],"[4, 49, 24, 53, 30, 22, 92, 61, 28]",[95],"[49, 24, 53, 30, 22, 92, 61, 28]",[4],[95],[],8,1,1,0
572,10,5,"[1, 34, 30, 63, 97, 6, 25, 87, 82, 79]","[34, 30, 63, 97, 6, 25, 87, 82, 79]",[1],0.6584012790059236,0.0753101707735882,2.0,0,0,"[1, 34, 30, 63, 6, 25, 87, 82, 79]",[97],"[1, 34, 30, 63, 6, 25, 87, 82, 79]",[97],"[34, 30, 63, 6, 25, 87, 82, 79]",[1],[97],[],2,0.5768710374832153,"{""0"": 0.7373920679092407, ""1"": -1.0}",0,0,"[1, 34, 30, 63, 25, 87, 82, 79]","[97, 6]","[1, 34, 30, 63, 25, 87, 82, 79]","[97, 6]","[34, 30, 63, 25, 87, 82, 79]",[1],"[97, 6]",[],"[1, 34, 30, 63, 25, 87, 82, 79]","[97, 6]","[34, 30, 63, 25, 87, 82, 79]",[1],"[97, 6]",[],7,1,2,0
573,10,5,"[0, 74, 86, 6, 42, 53, 52, 98, 88, 14]","[74, 86, 6, 42, 53, 52, 98, 88, 14]",[0],0.6781849253571312,0.14643953253827563,2.0,0,0,"[0, 74, 86, 6, 42, 53, 52, 98, 14]",[88],"[0, 74, 86, 6, 42, 53, 52, 98, 14]",[88],"[74, 86, 6, 42, 53, 52, 98, 14]",[0],[88],[],2,0.5601667165756226,"{""0"": 4.981534481048584, ""1"": -1.0}",0,0,"[0, 74, 86, 6, 53, 52, 98, 14]","[42, 88]","[0, 74, 86, 6, 53, 52, 98, 14]","[42, 88]","[74, 86, 6, 53, 52, 98, 14]",[0],"[42, 88]",[],"[0, 74, 86, 6, 53, 52, 98, 14]","[42, 88]","[74, 86, 6, 53, 52, 98, 14]",[0],"[42, 88]",[],7,1,2,0
574,10,5,"[2, 9, 88, 30, 40, 25, 3, 58, 51, 67]","[9, 88, 30, 40, 25, 58, 51, 67]","[2, 3]",0.7387105279535506,0.07149438034514777,2.0,0,0,"[2, 9, 40, 25, 3, 58, 51, 67]","[88, 30]","[2, 9, 40, 25, 3, 58, 51, 67]","[88, 30]","[9, 40, 25, 58, 51, 67]","[2, 3]","[88, 30]",[],2,0.37523287534713745,"{""0"": 2.918107748031616, ""1"": -1.0}",0,0,"[2, 9, 40, 25, 3, 58, 51]","[88, 30, 67]","[2, 9, 40, 25, 3, 58, 51]","[88, 30, 67]","[9, 40, 25, 58, 51]","[2, 3]","[88, 30, 67]",[],"[2, 9, 40, 25, 3, 58, 51]","[88, 30, 67]","[9, 40, 25, 58, 51]","[2, 3]","[88, 30, 67]",[],5,2,3,0
575,10,5,"[1, 20, 74, 65, 57, 50, 89, 71, 11, 83]","[20, 74, 65, 57, 50, 89, 71, 11, 83]",[1],0.6684666744425758,0.09336926166752685,2.0,0,0,"[1, 20, 74, 65, 57, 50, 71, 11, 83]",[89],"[1, 20, 74, 65, 57, 50, 71, 11, 83]",[89],"[20, 74, 65, 57, 50, 71, 11, 83]",[1],[89],[],2,0.47034767270088196,"{""0"": 2.8948328495025635, ""1"": 1.8784606456756592}",0,0,"[1, 20, 74, 57, 50, 11, 83]","[65, 89, 71]","[1, 20, 74, 57, 50, 11, 83]","[65, 89, 71]","[20, 74, 57, 50, 11, 83]",[1],"[65, 89, 71]",[],"[1, 20, 74, 57, 50, 11, 83]","[65, 89, 71]","[20, 74, 57, 50, 11, 83]",[1],"[65, 89, 71]",[],6,1,3,0
576,10,5,"[3, 5, 46, 93, 81, 12, 75, 14, 61, 0]","[5, 46, 93, 81, 12, 75, 14, 61]","[3, 0]",0.5236322382701817,0.04405899513206654,2.0,0,0,"[3, 93, 81, 12, 75, 14, 61]","[5, 46, 0]","[3, 93, 81, 12, 75, 14, 61]","[5, 46, 0]","[93, 81, 12, 75, 14, 61]",[3],"[5, 46]",[0],2,0.5967376828193665,"{""0"": 4.331915855407715, ""1"": -1.0}",0,0,"[3, 93, 81, 12, 14, 61]","[5, 46, 75, 0]","[3, 93, 81, 12, 14, 61]","[5, 46, 75, 0]","[93, 81, 12, 14, 61]",[3],"[5, 46, 75]",[0],"[3, 93, 81, 12, 14, 61]","[5, 46, 75, 0]","[93, 81, 12, 14, 61]",[3],"[5, 46, 75]",[0],5,1,3,1
577,10,5,"[1, 88, 35, 24, 31, 55, 96, 57, 33, 94]","[88, 35, 24, 31, 55, 96, 57, 33, 94]",[1],0.777363065683012,0.1308502825906543,2.0,0,0,"[1, 35, 24, 55, 96, 57, 33, 94]","[88, 31]","[1, 35, 24, 55, 96, 57, 33, 94]","[88, 31]","[35, 24, 55, 96, 57, 33, 94]",[1],"[88, 31]",[],3,0.4975501596927643,"{""0"": 4.340791702270508, ""1"": 1.977316975593567, ""2"": -1.0}",0,0,"[1, 35, 57, 33, 94]","[88, 24, 31, 55, 96]","[1, 35, 57, 33, 94]","[88, 24, 31, 55, 96]","[35, 57, 33, 94]",[1],"[88, 24, 31, 55, 96]",[],"[1, 35, 57, 33, 94]","[88, 24, 31, 55, 96]","[35, 57, 33, 94]",[1],"[88, 24, 31, 55, 96]",[],4,1,5,0
578,10,5,"[1, 60, 32, 69, 6, 9, 28, 10, 68, 34]","[60, 32, 69, 6, 9, 28, 10, 68, 34]",[1],0.6052108011385391,0.0502090704509936,2.0,0,0,"[1, 60, 69, 6, 9, 10, 68, 34]","[32, 28]","[1, 60, 69, 6, 9, 10, 68, 34]","[32, 28]","[60, 69, 6, 9, 10, 68, 34]",[1],"[32, 28]",[],2,0.44719198346138,"{""0"": 1.7244272232055664, ""1"": -1.0}",0,0,"[1, 60, 6, 9, 10, 68, 34]","[32, 69, 28]","[1, 60, 6, 9, 10, 68, 34]","[32, 69, 28]","[60, 6, 9, 10, 68, 34]",[1],"[32, 69, 28]",[],"[1, 60, 6, 9, 10, 68, 34]","[32, 69, 28]","[60, 6, 9, 10, 68, 34]",[1],"[32, 69, 28]",[],6,1,3,0
579,10,5,"[1, 37, 10, 25, 45, 87, 62, 92, 16, 56]","[37, 10, 25, 45, 87, 62, 92, 16, 56]",[1],0.7303766333125223,0.08218732678152763,2.0,0,0,"[1, 37, 10, 25, 45, 87, 62, 92, 16, 56]",[],"[1, 37, 10, 25, 45, 87, 62, 92, 16, 56]",[],"[37, 10, 25, 45, 87, 62, 92, 16, 56]",[1],[],[],2,0.4562756419181824,"{""0"": 1.1656228303909302, ""1"": -1.0}",0,0,"[1, 37, 25, 45, 87, 62, 92, 16, 56]",[10],"[1, 37, 25, 45, 87, 62, 92, 16, 56]",[10],"[37, 25, 45, 87, 62, 92, 16, 56]",[1],[10],[],"[1, 37, 25, 45, 87, 62, 92, 16, 56]",[10],"[37, 25, 45, 87, 62, 92, 16, 56]",[1],[10],[],8,1,1,0
580,10,5,"[4, 19, 53, 16, 9, 14, 95, 37, 60, 49]","[19, 53, 16, 9, 14, 95, 37, 60, 49]",[4],0.6152267390027488,0.08257709097529187,2.0,0,0,"[4, 19, 53, 16, 9, 14, 37, 60, 49]",[95],"[4, 19, 53, 16, 9, 14, 37, 60, 49]",[95],"[19, 53, 16, 9, 14, 37, 60, 49]",[4],[95],[],2,0.6161462068557739,"{""0"": 2.197543144226074, ""1"": -1.0}",0,0,"[4, 19, 53, 16, 9, 14, 37, 49]","[95, 60]","[4, 19, 53, 16, 9, 14, 37, 49]","[95, 60]","[19, 53, 16, 9, 14, 37, 49]",[4],"[95, 60]",[],"[4, 19, 53, 16, 9, 14, 37, 49]","[95, 60]","[19, 53, 16, 9, 14, 37, 49]",[4],"[95, 60]",[],7,1,2,0
581,10,5,"[1, 4, 57, 27, 33, 60, 69, 62, 97, 30]","[57, 27, 33, 60, 69, 62, 97, 30]","[1, 4]",0.8834525648753089,0.12545251211516423,2.0,0,0,"[1, 4, 57, 27, 33, 60, 69, 62, 30]",[97],"[1, 4, 57, 27, 33, 60, 69, 62, 30]",[97],"[57, 27, 33, 60, 69, 62, 30]","[1, 4]",[97],[],2,0.5662063360214233,"{""0"": 5.191448211669922, ""1"": 1.8708717823028564}",0,0,"[1, 4, 57, 27, 33, 60, 62]","[69, 97, 30]","[1, 4, 57, 27, 33, 60, 62]","[69, 97, 30]","[57, 27, 33, 60, 62]","[1, 4]","[69, 97, 30]",[],"[1, 4, 57, 27, 33, 60, 62]","[69, 97, 30]","[57, 27, 33, 60, 62]","[1, 4]","[69, 97, 30]",[],5,2,3,0
582,10,5,"[2, 40, 16, 36, 42, 45, 54, 58, 25, 9]","[40, 16, 36, 42, 45, 54, 58, 25, 9]",[2],0.8007478343234788,0.1571499662375183,2.0,0,0,"[2, 40, 16, 36, 42, 45, 58, 25, 9]",[54],"[2, 40, 16, 36, 42, 45, 58, 25, 9]",[54],"[40, 16, 36, 42, 45, 58, 25, 9]",[2],[54],[],3,0.6560719609260559,"{""0"": 6.099259853363037, ""1"": -1.0, ""2"": -1.0}",0,0,"[40, 16, 36, 42, 45, 58, 25]","[2, 54, 9]","[40, 16, 36, 42, 45, 58, 25]","[2, 54, 9]","[40, 16, 36, 42, 45, 58, 25]",[],"[54, 9]",[2],"[40, 16, 36, 42, 45, 58, 25]","[2, 54, 9]","[40, 16, 36, 42, 45, 58, 25]",[],"[54, 9]",[2],7,0,2,1
583,10,5,"[0, 51, 66, 69, 42, 76, 23, 52, 30, 61]","[51, 66, 69, 42, 76, 23, 52, 30, 61]",[0],0.7871966993312485,0.0757437565684776,2.0,0,0,"[0, 51, 66, 69, 42, 76, 23, 52, 30, 61]",[],"[0, 51, 66, 69, 42, 76, 23, 52, 30, 61]",[],"[51, 66, 69, 42, 76, 23, 52, 30, 61]",[0],[],[],2,0.5167350769042969,"{""0"": 1.6878716945648193, ""1"": -1.0}",0,0,"[0, 51, 66, 69, 42, 76, 52, 30, 61]",[23],"[0, 51, 66, 69, 42, 76, 52, 30, 61]",[23],"[51, 66, 69, 42, 76, 52, 30, 61]",[0],[23],[],"[0, 51, 66, 69, 42, 76, 52, 30, 61]",[23],"[51, 66, 69, 42, 76, 52, 30, 61]",[0],[23],[],8,1,1,0
584,10,5,"[0, 2, 70, 83, 67, 78, 35, 29, 71, 25]","[70, 83, 67, 78, 35, 29, 71, 25]","[0, 2]",0.7194322242046811,0.18166727262571197,2.0,0,0,"[0, 2, 70, 83, 67, 78, 35, 29, 71, 25]",[],"[0, 2, 70, 83, 67, 78, 35, 29, 71, 25]",[],"[70, 83, 67, 78, 35, 29, 71, 25]","[0, 2]",[],[],2,0.45890012383461,"{""0"": 0.8041431903839111, ""1"": -1.0}",0,0,"[0, 70, 83, 67, 78, 35, 29, 71, 25]",[2],"[0, 70, 83, 67, 78, 35, 29, 71, 25]",[2],"[70, 83, 67, 78, 35, 29, 71, 25]",[0],[],[2],"[0, 70, 83, 67, 78, 35, 29, 71, 25]",[2],"[70, 83, 67, 78, 35, 29, 71, 25]",[0],[],[2],8,1,0,1
585,10,5,"[0, 16, 39, 71, 86, 47, 61, 65, 95, 14]","[16, 39, 71, 86, 47, 61, 65, 95, 14]",[0],0.6628652828432489,0.14986853260324304,2.0,0,0,"[0, 16, 39, 71, 86, 47, 61, 65, 95, 14]",[],"[0, 16, 39, 71, 86, 47, 61, 65, 95, 14]",[],"[16, 39, 71, 86, 47, 61, 65, 95, 14]",[0],[],[],2,0.5055044889450073,"{""0"": 1.9024243354797363, ""1"": -1.0}",0,0,"[0, 16, 39, 71, 86, 47, 61, 65, 14]",[95],"[0, 16, 39, 71, 86, 47, 61, 65, 14]",[95],"[16, 39, 71, 86, 47, 61, 65, 14]",[0],[95],[],"[0, 16, 39, 71, 86, 47, 61, 65, 14]",[95],"[16, 39, 71, 86, 47, 61, 65, 14]",[0],[95],[],8,1,1,0
586,10,5,"[3, 48, 56, 1, 67, 68, 7, 87, 34, 9]","[48, 56, 67, 68, 7, 87, 34, 9]","[3, 1]",0.7347761279313096,0.061158139538044054,2.0,0,0,"[3, 56, 1, 67, 7, 87, 34, 9]","[48, 68]","[3, 56, 1, 67, 7, 87, 34, 9]","[48, 68]","[56, 67, 7, 87, 34, 9]","[3, 1]","[48, 68]",[],3,0.39866796135902405,"{""0"": 4.331444263458252, ""1"": 1.823975920677185, ""2"": -1.0}",0,0,"[3, 1, 87, 34, 9]","[48, 56, 67, 68, 7]","[3, 1, 87, 34, 9]","[48, 56, 67, 68, 7]","[87, 34, 9]","[3, 1]","[48, 56, 67, 68, 7]",[],"[3, 1, 87, 34, 9]","[48, 56, 67, 68, 7]","[87, 34, 9]","[3, 1]","[48, 56, 67, 68, 7]",[],3,2,5,0
587,10,5,"[4, 88, 80, 5, 97, 86, 17, 37, 52, 92]","[88, 80, 5, 97, 86, 17, 37, 52, 92]",[4],0.8136884749989208,0.2665255339949947,2.0,0,0,"[4, 88, 80, 5, 86, 17, 37, 52, 92]",[97],"[4, 88, 80, 5, 86, 17, 37, 52, 92]",[97],"[88, 80, 5, 86, 17, 37, 52, 92]",[4],[97],[],2,0.84270840883255,"{""0"": 5.940132141113281, ""1"": 1.9510655403137207}",0,0,"[4, 80, 86, 17, 37, 52, 92]","[88, 5, 97]","[4, 80, 86, 17, 37, 52, 92]","[88, 5, 97]","[80, 86, 17, 37, 52, 92]",[4],"[88, 5, 97]",[],"[4, 80, 86, 17, 37, 52, 92]","[88, 5, 97]","[80, 86, 17, 37, 52, 92]",[4],"[88, 5, 97]",[],6,1,3,0
588,10,5,"[1, 72, 68, 22, 56, 9, 60, 27, 34, 89]","[72, 68, 22, 56, 9, 60, 27, 34, 89]",[1],0.6117662474472253,0.12487275547965254,2.0,0,0,"[1, 72, 68, 22, 56, 9, 27, 34, 89]",[60],"[1, 72, 68, 22, 56, 9, 27, 34, 89]",[60],"[72, 68, 22, 56, 9, 27, 34, 89]",[1],[60],[],2,0.6759326457977295,"{""0"": 2.623408317565918, ""1"": -1.0}",0,0,"[1, 72, 68, 22, 56, 9, 27, 34]","[60, 89]","[1, 72, 68, 22, 56, 9, 27, 34]","[60, 89]","[72, 68, 22, 56, 9, 27, 34]",[1],"[60, 89]",[],"[1, 72, 68, 22, 56, 9, 27, 34]","[60, 89]","[72, 68, 22, 56, 9, 27, 34]",[1],"[60, 89]",[],7,1,2,0
589,10,5,"[3, 5, 70, 59, 28, 98, 56, 26, 11, 34]","[5, 70, 59, 28, 98, 56, 26, 11, 34]",[3],0.6405702410579657,0.10203831692146142,2.0,0,0,"[3, 70, 59, 28, 98, 56, 26, 11, 34]",[5],"[3, 70, 59, 28, 98, 56, 26, 11, 34]",[5],"[70, 59, 28, 98, 56, 26, 11, 34]",[3],[5],[],2,0.5072420835494995,"{""0"": 1.8531010150909424, ""1"": -1.0}",0,0,"[3, 70, 59, 28, 98, 56, 11, 34]","[5, 26]","[3, 70, 59, 28, 98, 56, 11, 34]","[5, 26]","[70, 59, 28, 98, 56, 11, 34]",[3],"[5, 26]",[],"[3, 70, 59, 28, 98, 56, 11, 34]","[5, 26]","[70, 59, 28, 98, 56, 11, 34]",[3],"[5, 26]",[],7,1,2,0
590,10,5,"[4, 25, 89, 12, 67, 11, 58, 18, 98, 20]","[25, 89, 12, 67, 11, 58, 18, 98, 20]",[4],0.6617216031118303,0.0693226419785723,2.0,0,0,"[4, 25, 89, 12, 67, 11, 58, 18, 98, 20]",[],"[4, 25, 89, 12, 67, 11, 58, 18, 98, 20]",[],"[25, 89, 12, 67, 11, 58, 18, 98, 20]",[4],[],[],2,0.4348498284816742,"{""0"": 0.48268774151802063, ""1"": -1.0}",0,0,"[4, 25, 12, 67, 11, 58, 18, 98, 20]",[89],"[4, 25, 12, 67, 11, 58, 18, 98, 20]",[89],"[25, 12, 67, 11, 58, 18, 98, 20]",[4],[89],[],"[4, 25, 12, 67, 11, 58, 18, 98, 20]",[89],"[25, 12, 67, 11, 58, 18, 98, 20]",[4],[89],[],8,1,1,0
591,10,5,"[4, 95, 26, 67, 96, 0, 40, 44, 84, 30]","[95, 26, 67, 96, 40, 44, 84, 30]","[4, 0]",0.7935529327155872,0.0628591893107448,2.0,0,0,"[4, 67, 96, 0, 44, 84, 30]","[95, 26, 40]","[4, 67, 96, 0, 44, 84, 30]","[95, 26, 40]","[67, 96, 44, 84, 30]","[4, 0]","[95, 26, 40]",[],3,0.421924889087677,"{""0"": 2.7837905883789062, ""1"": -1.0, ""2"": 2.793189764022827}",2,0,"[0, 44, 30]","[4, 95, 26, 67, 96, 40, 84]","[0, 44, 30]","[4, 95, 26, 67, 96, 40, 84]","[44, 30]",[0],"[95, 26, 67, 96, 40, 84]",[4],"[0, 44, 30]","[4, 95, 26, 67, 96, 40, 84]","[44, 30]",[0],"[95, 26, 67, 96, 40, 84]",[4],2,1,6,1
592,10,5,"[0, 83, 68, 95, 30, 36, 73, 15, 84, 11]","[83, 68, 95, 30, 36, 73, 15, 84, 11]",[0],0.9955693660362934,0.1448779454250788,2.0,0,0,"[83, 68, 95, 30, 36, 73, 15, 84, 11]",[0],"[83, 68, 95, 30, 36, 73, 15, 84, 11]",[0],"[83, 68, 95, 30, 36, 73, 15, 84, 11]",[],[],[0],2,0.5947047472000122,"{""0"": 2.3262720108032227, ""1"": -1.0}",0,0,"[83, 68, 30, 36, 73, 15, 84, 11]","[0, 95]","[83, 68, 30, 36, 73, 15, 84, 11]","[0, 95]","[83, 68, 30, 36, 73, 15, 84, 11]",[],[95],[0],"[83, 68, 30, 36, 73, 15, 84, 11]","[0, 95]","[83, 68, 30, 36, 73, 15, 84, 11]",[],[95],[0],8,0,1,1
593,10,5,"[3, 37, 63, 53, 33, 75, 24, 93, 62, 26]","[37, 63, 53, 33, 75, 24, 93, 62, 26]",[3],0.6875294267884822,0.06584954947889549,2.0,0,0,"[3, 37, 63, 53, 33, 75, 93, 26]","[24, 62]","[3, 37, 63, 53, 33, 75, 93, 26]","[24, 62]","[37, 63, 53, 33, 75, 93, 26]",[3],"[24, 62]",[],2,0.6301802396774292,"{""0"": 2.5906033515930176, ""1"": -1.0}",0,0,"[3, 37, 63, 53, 33, 75, 93]","[24, 62, 26]","[3, 37, 63, 53, 33, 75, 93]","[24, 62, 26]","[37, 63, 53, 33, 75, 93]",[3],"[24, 62, 26]",[],"[3, 37, 63, 53, 33, 75, 93]","[24, 62, 26]","[37, 63, 53, 33, 75, 93]",[3],"[24, 62, 26]",[],6,1,3,0
594,10,5,"[4, 89, 53, 72, 13, 27, 30, 94, 61, 84]","[89, 53, 72, 13, 27, 30, 94, 61, 84]",[4],0.650169699058956,0.10021735508489715,2.0,0,0,"[4, 89, 53, 72, 13, 27, 30, 94, 61, 84]",[],"[4, 89, 53, 72, 13, 27, 30, 94, 61, 84]",[],"[89, 53, 72, 13, 27, 30, 94, 61, 84]",[4],[],[],2,0.5090022683143616,"{""0"": 0.8108686804771423, ""1"": -1.0}",0,0,"[4, 53, 72, 13, 27, 30, 94, 61, 84]",[89],"[4, 53, 72, 13, 27, 30, 94, 61, 84]",[89],"[53, 72, 13, 27, 30, 94, 61, 84]",[4],[89],[],"[4, 53, 72, 13, 27, 30, 94, 61, 84]",[89],"[53, 72, 13, 27, 30, 94, 61, 84]",[4],[89],[],8,1,1,0
595,10,5,"[1, 90, 21, 82, 63, 72, 14, 10, 47, 45]","[90, 21, 82, 63, 72, 14, 10, 47, 45]",[1],0.6497288402094361,0.07811725533177777,2.0,0,0,"[1, 90, 21, 82, 63, 72, 14, 10]","[47, 45]","[1, 90, 21, 82, 63, 72, 14, 10]","[47, 45]","[90, 21, 82, 63, 72, 14, 10]",[1],"[47, 45]",[],2,0.5966728925704956,"{""0"": 2.640735149383545, ""1"": -1.0}",0,0,"[1, 90, 21, 63, 72, 14, 10]","[82, 47, 45]","[1, 90, 21, 63, 72, 14, 10]","[82, 47, 45]","[90, 21, 63, 72, 14, 10]",[1],"[82, 47, 45]",[],"[1, 90, 21, 63, 72, 14, 10]","[82, 47, 45]","[90, 21, 63, 72, 14, 10]",[1],"[82, 47, 45]",[],6,1,3,0
596,10,5,"[1, 85, 75, 24, 47, 89, 65, 69, 32, 5]","[85, 75, 24, 47, 89, 65, 69, 32, 5]",[1],0.7454023231638098,0.09066354716875863,2.0,0,0,"[1, 85, 75, 24, 89, 65, 69, 32]","[47, 5]","[1, 85, 75, 24, 89, 65, 69, 32]","[47, 5]","[85, 75, 24, 89, 65, 69, 32]",[1],"[47, 5]",[],2,0.34423232078552246,"{""0"": 2.312227249145508, ""1"": 2.3813369274139404}",1,0,"[1, 85, 75, 69, 32]","[24, 47, 89, 65, 5]","[1, 85, 75, 69, 32]","[24, 47, 89, 65, 5]","[85, 75, 69, 32]",[1],"[24, 47, 89, 65, 5]",[],"[1, 85, 75, 69, 32]","[24, 47, 89, 65, 5]","[85, 75, 69, 32]",[1],"[24, 47, 89, 65, 5]",[],4,1,5,0
597,10,5,"[1, 12, 26, 51, 63, 9, 53, 7, 84, 31]","[12, 26, 51, 63, 9, 53, 7, 84, 31]",[1],0.7252815846306682,0.1782604332670551,2.0,0,0,"[1, 12, 26, 51, 63, 9, 53, 7, 84]",[31],"[1, 12, 26, 51, 63, 9, 53, 7, 84]",[31],"[12, 26, 51, 63, 9, 53, 7, 84]",[1],[31],[],2,0.46520769596099854,"{""0"": 2.8259036540985107, ""1"": 1.9859036207199097}",0,0,"[1, 12, 26, 51, 63, 9, 53]","[7, 84, 31]","[1, 12, 26, 51, 63, 9, 53]","[7, 84, 31]","[12, 26, 51, 63, 9, 53]",[1],"[7, 84, 31]",[],"[1, 12, 26, 51, 63, 9, 53]","[7, 84, 31]","[12, 26, 51, 63, 9, 53]",[1],"[7, 84, 31]",[],6,1,3,0
598,10,5,"[1, 65, 40, 10, 93, 61, 98, 67, 59, 52]","[65, 40, 10, 93, 61, 98, 67, 59, 52]",[1],0.6982816651479873,0.17933520882144832,2.0,0,0,"[1, 65, 40, 10, 93, 61, 98, 67, 59, 52]",[],"[1, 65, 40, 10, 93, 61, 98, 67, 59, 52]",[],"[65, 40, 10, 93, 61, 98, 67, 59, 52]",[1],[],[],2,0.49119892716407776,"{""0"": 1.297451138496399, ""1"": 2.893190860748291}",1,0,"[1, 40, 93, 61, 98, 67, 59, 52]","[65, 10]","[1, 40, 93, 61, 98, 67, 59, 52]","[65, 10]","[40, 93, 61, 98, 67, 59, 52]",[1],"[65, 10]",[],"[1, 40, 93, 61, 98, 67, 59, 52]","[65, 10]","[40, 93, 61, 98, 67, 59, 52]",[1],"[65, 10]",[],7,1,2,0
599,10,5,"[0, 20, 66, 64, 40, 77, 2, 61, 21, 53]","[20, 66, 64, 40, 77, 61, 21, 53]","[0, 2]",0.7751774893204705,0.08295457770946102,2.0,0,0,"[0, 20, 66, 64, 40, 77, 2, 61, 21, 53]",[],"[0, 20, 66, 64, 40, 77, 2, 61, 21, 53]",[],"[20, 66, 64, 40, 77, 61, 21, 53]","[0, 2]",[],[],2,0.5117673873901367,"{""0"": 0.709507405757904, ""1"": -1.0}",0,0,"[0, 20, 66, 64, 77, 2, 61, 21, 53]",[40],"[0, 20, 66, 64, 77, 2, 61, 21, 53]",[40],"[20, 66, 64, 77, 61, 21, 53]","[0, 2]",[40],[],"[0, 20, 66, 64, 77, 2, 61, 21, 53]",[40],"[20, 66, 64, 77, 61, 21, 53]","[0, 2]",[40],[],7,2,1,0
600,10,5,"[2, 68, 66, 10, 0, 44, 89, 4, 32, 76]","[68, 66, 10, 44, 89, 32, 76]","[2, 0, 4]",0.8028833179940513,0.15089962895691061,2.0,0,0,"[2, 68, 66, 10, 0, 44, 89, 4, 32, 76]",[],"[2, 68, 66, 10, 0, 44, 89, 4, 32, 76]",[],"[68, 66, 10, 44, 89, 32, 76]","[2, 0, 4]",[],[],2,0.5622133016586304,"{""0"": 3.38258695602417, ""1"": 1.7092664241790771}",0,0,"[68, 66, 10, 0, 44, 4, 32, 76]","[2, 89]","[68, 66, 10, 0, 44, 4, 32, 76]","[2, 89]","[68, 66, 10, 44, 32, 76]","[0, 4]",[89],[2],"[68, 66, 10, 0, 44, 4, 32, 76]","[2, 89]","[68, 66, 10, 44, 32, 76]","[0, 4]",[89],[2],6,2,1,1
601,10,5,"[0, 54, 62, 69, 10, 23, 68, 66, 86, 32]","[54, 62, 69, 10, 23, 68, 66, 86, 32]",[0],0.798112712954028,0.16640037897876442,2.0,0,0,"[0, 62, 69, 10, 23, 68, 66, 86, 32]",[54],"[0, 62, 69, 10, 23, 68, 66, 86, 32]",[54],"[62, 69, 10, 23, 68, 66, 86, 32]",[0],[54],[],2,0.4272920489311218,"{""0"": 0.36824244260787964, ""1"": -1.0}",0,0,"[0, 62, 69, 10, 23, 68, 66, 86]","[54, 32]","[0, 62, 69, 10, 23, 68, 66, 86]","[54, 32]","[62, 69, 10, 23, 68, 66, 86]",[0],"[54, 32]",[],"[0, 62, 69, 10, 23, 68, 66, 86]","[54, 32]","[62, 69, 10, 23, 68, 66, 86]",[0],"[54, 32]",[],7,1,2,0
602,10,5,"[3, 79, 82, 29, 78, 83, 70, 43, 73, 97]","[79, 82, 29, 78, 83, 70, 43, 73, 97]",[3],0.7469939892651549,0.12169662415071691,2.0,0,0,"[3, 79, 82, 29, 78, 83, 70, 43, 73, 97]",[],"[3, 79, 82, 29, 78, 83, 70, 43, 73, 97]",[],"[79, 82, 29, 78, 83, 70, 43, 73, 97]",[3],[],[],3,0.5390113592147827,"{""0"": 3.648158073425293, ""1"": -1.0, ""2"": 1.991006851196289}",0,0,"[3, 79, 29, 78, 83, 70, 43]","[82, 73, 97]","[3, 79, 29, 78, 83, 70, 43]","[82, 73, 97]","[79, 29, 78, 83, 70, 43]",[3],"[82, 73, 97]",[],"[3, 79, 29, 78, 83, 70, 43]","[82, 73, 97]","[79, 29, 78, 83, 70, 43]",[3],"[82, 73, 97]",[],6,1,3,0
603,10,5,"[0, 72, 20, 24, 58, 83, 67, 13, 36, 55]","[72, 20, 24, 58, 83, 67, 13, 36, 55]",[0],0.8285170868633847,0.040268505504779895,2.0,0,0,"[72, 58, 83, 67, 13, 36, 55]","[0, 20, 24]","[72, 58, 83, 67, 13, 36, 55]","[0, 20, 24]","[72, 58, 83, 67, 13, 36, 55]",[],"[20, 24]",[0],2,0.49247023463249207,"{""0"": 2.5390353202819824, ""1"": -1.0}",0,0,"[72, 58, 83, 67, 13, 55]","[0, 20, 24, 36]","[72, 58, 83, 67, 13, 55]","[0, 20, 24, 36]","[72, 58, 83, 67, 13, 55]",[],"[20, 24, 36]",[0],"[72, 58, 83, 67, 13, 55]","[0, 20, 24, 36]","[72, 58, 83, 67, 13, 55]",[],"[20, 24, 36]",[0],6,0,3,1
604,10,5,"[4, 45, 32, 76, 41, 54, 67, 94, 20, 23]","[45, 32, 76, 41, 54, 67, 94, 20, 23]",[4],0.9302683288975587,0.08194821936404095,2.0,0,0,"[4, 45, 32, 76, 41, 67, 94, 20, 23]",[54],"[4, 45, 32, 76, 41, 67, 94, 20, 23]",[54],"[45, 32, 76, 41, 67, 94, 20, 23]",[4],[54],[],4,0.45973697304725647,"{""0"": 3.8044931888580322, ""1"": 1.99959397315979, ""2"": -1.0, ""3"": -1.0}",0,0,"[4, 45, 76, 67, 94]","[32, 41, 54, 20, 23]","[4, 45, 76, 67, 94]","[32, 41, 54, 20, 23]","[45, 76, 67, 94]",[4],"[32, 41, 54, 20, 23]",[],"[4, 45, 76, 67, 94]","[32, 41, 54, 20, 23]","[45, 76, 67, 94]",[4],"[32, 41, 54, 20, 23]",[],4,1,5,0
605,10,5,"[0, 57, 22, 81, 39, 66, 54, 13, 87, 11]","[57, 22, 81, 39, 66, 54, 13, 87, 11]",[0],1.0335374607267838,0.1788527799144769,2.0,0,0,"[0, 57, 22, 81, 39, 66, 13, 87, 11]",[54],"[0, 57, 22, 81, 39, 66, 13, 87, 11]",[54],"[57, 22, 81, 39, 66, 13, 87, 11]",[0],[54],[],3,0.42125219106674194,"{""0"": 1.708435297012329, ""1"": 3.2386832237243652, ""2"": 2.79376482963562}",1,0,"[22, 81, 39, 87]","[0, 57, 66, 54, 13, 11]","[22, 81, 39, 87]","[0, 57, 66, 54, 13, 11]","[22, 81, 39, 87]",[],"[57, 66, 54, 13, 11]",[0],"[22, 81, 39, 87]","[0, 57, 66, 54, 13, 11]","[22, 81, 39, 87]",[],"[57, 66, 54, 13, 11]",[0],4,0,5,1
606,10,5,"[2, 56, 87, 97, 21, 30, 7, 89, 50, 64]","[56, 87, 97, 21, 30, 7, 89, 50, 64]",[2],0.647299389448365,0.09230657983387641,2.0,0,0,"[2, 56, 87, 97, 21, 7, 89, 50, 64]",[30],"[2, 56, 87, 97, 21, 7, 89, 50, 64]",[30],"[56, 87, 97, 21, 7, 89, 50, 64]",[2],[30],[],2,0.4048962891101837,"{""0"": 1.857168436050415, ""1"": -1.0}",0,0,"[56, 87, 97, 21, 7, 89, 50, 64]","[2, 30]","[56, 87, 97, 21, 7, 89, 50, 64]","[2, 30]","[56, 87, 97, 21, 7, 89, 50, 64]",[],[30],[2],"[56, 87, 97, 21, 7, 89, 50, 64]","[2, 30]","[56, 87, 97, 21, 7, 89, 50, 64]",[],[30],[2],8,0,1,1
607,10,5,"[4, 3, 9, 87, 74, 36, 50, 63, 5, 11]","[9, 87, 74, 36, 50, 63, 5, 11]","[4, 3]",0.9163306179909212,0.08398705616179364,2.0,0,0,"[3, 9, 87, 74, 36, 50, 63, 5]","[4, 11]","[3, 9, 87, 74, 36, 50, 63, 5]","[4, 11]","[9, 87, 74, 36, 50, 63, 5]",[3],[11],[4],2,0.4724912941455841,"{""0"": 0.6280274987220764, ""1"": -1.0}",0,0,"[3, 9, 87, 74, 50, 63, 5]","[4, 36, 11]","[3, 9, 87, 74, 50, 63, 5]","[4, 36, 11]","[9, 87, 74, 50, 63, 5]",[3],"[36, 11]",[4],"[3, 9, 87, 74, 50, 63, 5]","[4, 36, 11]","[9, 87, 74, 50, 63, 5]",[3],"[36, 11]",[4],6,1,2,1
608,10,5,"[2, 91, 10, 20, 72, 0, 33, 38, 57, 14]","[91, 10, 20, 72, 33, 38, 57, 14]","[2, 0]",0.6494849443516162,0.12974146571329392,2.0,0,0,"[2, 91, 10, 20, 72, 0, 33, 38, 57, 14]",[],"[2, 91, 10, 20, 72, 0, 33, 38, 57, 14]",[],"[91, 10, 20, 72, 33, 38, 57, 14]","[2, 0]",[],[],2,0.5412532091140747,"{""0"": 1.5165793895721436, ""1"": -1.0}",0,0,"[91, 10, 20, 72, 0, 33, 38, 57, 14]",[2],"[91, 10, 20, 72, 0, 33, 38, 57, 14]",[2],"[91, 10, 20, 72, 33, 38, 57, 14]",[0],[],[2],"[91, 10, 20, 72, 0, 33, 38, 57, 14]",[2],"[91, 10, 20, 72, 33, 38, 57, 14]",[0],[],[2],8,1,0,1
609,10,5,"[1, 5, 72, 26, 97, 54, 17, 37, 71, 58]","[5, 72, 26, 97, 54, 17, 37, 71, 58]",[1],0.8493570051783603,0.13482336658177507,2.0,0,0,"[1, 5, 72, 26, 97, 17, 37, 71, 58]",[54],"[1, 5, 72, 26, 97, 17, 37, 71, 58]",[54],"[5, 72, 26, 97, 17, 37, 71, 58]",[1],[54],[],2,0.3898662328720093,"{""0"": 2.544224739074707, ""1"": 1.9447180032730103}",0,0,"[1, 72, 26, 97, 37, 71, 58]","[5, 54, 17]","[1, 72, 26, 97, 37, 71, 58]","[5, 54, 17]","[72, 26, 97, 37, 71, 58]",[1],"[5, 54, 17]",[],"[1, 72, 26, 97, 37, 71, 58]","[5, 54, 17]","[72, 26, 97, 37, 71, 58]",[1],"[5, 54, 17]",[],6,1,3,0
610,10,5,"[2, 65, 43, 52, 24, 28, 58, 70, 83, 72]","[65, 43, 52, 24, 28, 58, 70, 83, 72]",[2],0.9506525309902498,0.14213971367928258,2.0,0,0,"[2, 65, 43, 52, 24, 28, 58, 70, 83, 72]",[],"[2, 65, 43, 52, 24, 28, 58, 70, 83, 72]",[],"[65, 43, 52, 24, 28, 58, 70, 83, 72]",[2],[],[],4,0.401696115732193,"{""0"": 1.9296014308929443, ""1"": 3.407123565673828, ""2"": -1.0, ""3"": 1.7938690185546875}",1,0,"[43, 28, 58, 70, 72]","[2, 65, 52, 24, 83]","[43, 28, 58, 70, 72]","[2, 65, 52, 24, 83]","[43, 28, 58, 70, 72]",[],"[65, 52, 24, 83]",[2],"[43, 28, 58, 70, 72]","[2, 65, 52, 24, 83]","[43, 28, 58, 70, 72]",[],"[65, 52, 24, 83]",[2],5,0,4,1
611,10,5,"[3, 90, 9, 62, 29, 17, 58, 59, 53, 4]","[90, 9, 62, 29, 17, 58, 59, 53]","[3, 4]",0.8682159987875755,0.12024106640458143,2.0,0,0,"[3, 90, 9, 62, 29, 17, 58, 59, 53, 4]",[],"[3, 90, 9, 62, 29, 17, 58, 59, 53, 4]",[],"[90, 9, 62, 29, 17, 58, 59, 53]","[3, 4]",[],[],2,0.276669442653656,"{""0"": 0.4562641978263855, ""1"": 1.277446985244751}",1,0,"[29, 58]","[3, 90, 9, 62, 17, 59, 53, 4]","[29, 58]","[3, 90, 9, 62, 17, 59, 53, 4]","[29, 58]",[],"[90, 9, 62, 17, 59, 53]","[3, 4]","[29, 58]","[3, 90, 9, 62, 17, 59, 53, 4]","[29, 58]",[],"[90, 9, 62, 17, 59, 53]","[3, 4]",2,0,6,2
612,10,5,"[3, 98, 25, 79, 84, 88, 43, 82, 9, 91]","[98, 25, 79, 84, 88, 43, 82, 9, 91]",[3],0.7826317280801836,0.19956131974868535,2.0,0,0,"[3, 98, 25, 84, 43, 82, 9, 91]","[79, 88]","[3, 98, 25, 84, 43, 82, 9, 91]","[79, 88]","[98, 25, 84, 43, 82, 9, 91]",[3],"[79, 88]",[],2,0.5811657905578613,"{""0"": 4.98307991027832, ""1"": -1.0}",0,0,"[3, 98, 25, 43, 82, 9, 91]","[79, 84, 88]","[3, 98, 25, 43, 82, 9, 91]","[79, 84, 88]","[98, 25, 43, 82, 9, 91]",[3],"[79, 84, 88]",[],"[3, 98, 25, 43, 82, 9, 91]","[79, 84, 88]","[98, 25, 43, 82, 9, 91]",[3],"[79, 84, 88]",[],6,1,3,0
613,10,5,"[1, 53, 72, 73, 75, 7, 55, 47, 99, 61]","[53, 72, 73, 75, 7, 55, 47, 99, 61]",[1],0.7340028049550711,0.13491842016162575,2.0,0,0,"[1, 53, 72, 75, 7, 55, 99, 61]","[73, 47]","[1, 53, 72, 75, 7, 55, 99, 61]","[73, 47]","[53, 72, 75, 7, 55, 99, 61]",[1],"[73, 47]",[],3,0.30845263600349426,"{""0"": 1.3811599016189575, ""1"": 2.5139057636260986, ""2"": -1.0}",1,0,"[53, 7, 99]","[1, 72, 73, 75, 55, 47, 61]","[53, 7, 99]","[1, 72, 73, 75, 55, 47, 61]","[53, 7, 99]",[],"[72, 73, 75, 55, 47, 61]",[1],"[53, 7, 99]","[1, 72, 73, 75, 55, 47, 61]","[53, 7, 99]",[],"[72, 73, 75, 55, 47, 61]",[1],3,0,6,1
614,10,5,"[2, 10, 90, 53, 76, 71, 33, 83, 29, 54]","[10, 90, 53, 76, 71, 33, 83, 29, 54]",[2],0.6370750148611808,0.1963530686394308,2.0,0,0,"[2, 10, 90, 53, 76, 71, 33, 83, 29, 54]",[],"[2, 10, 90, 53, 76, 71, 33, 83, 29, 54]",[],"[10, 90, 53, 76, 71, 33, 83, 29, 54]",[2],[],[],3,0.6090726852416992,"{""0"": 1.7263329029083252, ""1"": 1.9578089714050293, ""2"": 4.476231098175049}",2,0,"[90, 53, 76, 33, 83, 29]","[2, 10, 71, 54]","[90, 53, 76, 33, 83, 29]","[2, 10, 71, 54]","[90, 53, 76, 33, 83, 29]",[],"[10, 71, 54]",[2],"[90, 53, 76, 33, 83, 29]","[2, 10, 71, 54]","[90, 53, 76, 33, 83, 29]",[],"[10, 71, 54]",[2],6,0,3,1
615,10,5,"[3, 91, 32, 87, 61, 95, 48, 54, 11, 65]","[91, 32, 87, 61, 95, 48, 54, 11, 65]",[3],0.7080554060564959,0.174184377173367,2.0,0,0,"[3, 91, 32, 87, 61, 95, 54, 11, 65]",[48],"[3, 91, 32, 87, 61, 95, 54, 11, 65]",[48],"[91, 32, 87, 61, 95, 54, 11, 65]",[3],[48],[],2,0.6086970567703247,"{""0"": 4.114779949188232, ""1"": 1.8918685913085938}",0,0,"[3, 91, 32, 87, 61, 11, 65]","[95, 48, 54]","[3, 91, 32, 87, 61, 11, 65]","[95, 48, 54]","[91, 32, 87, 61, 11, 65]",[3],"[95, 48, 54]",[],"[3, 91, 32, 87, 61, 11, 65]","[95, 48, 54]","[91, 32, 87, 61, 11, 65]",[3],"[95, 48, 54]",[],6,1,3,0
616,10,5,"[2, 46, 29, 44, 62, 58, 92, 64, 68, 47]","[46, 29, 44, 62, 58, 92, 64, 68, 47]",[2],0.7915858231542183,0.12294522001500935,2.0,0,0,"[2, 46, 29, 44, 62, 58, 92, 64, 68]",[47],"[2, 46, 29, 44, 62, 58, 92, 64, 68]",[47],"[46, 29, 44, 62, 58, 92, 64, 68]",[2],[47],[],2,0.5968829393386841,"{""0"": 2.062364101409912, ""1"": -1.0}",0,0,"[2, 46, 29, 62, 58, 92, 64, 68]","[44, 47]","[2, 46, 29, 62, 58, 92, 64, 68]","[44, 47]","[46, 29, 62, 58, 92, 64, 68]",[2],"[44, 47]",[],"[2, 46, 29, 62, 58, 92, 64, 68]","[44, 47]","[46, 29, 62, 58, 92, 64, 68]",[2],"[44, 47]",[],7,1,2,0
617,10,5,"[4, 18, 89, 79, 36, 44, 65, 30, 53, 10]","[18, 89, 79, 36, 44, 65, 30, 53, 10]",[4],0.7847172901414601,0.1669641686638007,2.0,0,0,"[4, 18, 89, 79, 36, 44, 65, 30, 53, 10]",[],"[4, 18, 89, 79, 36, 44, 65, 30, 53, 10]",[],"[18, 89, 79, 36, 44, 65, 30, 53, 10]",[4],[],[],4,0.47967052459716797,"{""0"": 2.739915370941162, ""1"": -1.0, ""2"": 3.896559238433838, ""3"": -1.0}",2,0,"[4, 18, 79, 65, 53]","[89, 36, 44, 30, 10]","[4, 18, 79, 65, 53]","[89, 36, 44, 30, 10]","[18, 79, 65, 53]",[4],"[89, 36, 44, 30, 10]",[],"[4, 18, 79, 65, 53]","[89, 36, 44, 30, 10]","[18, 79, 65, 53]",[4],"[89, 36, 44, 30, 10]",[],4,1,5,0
618,10,5,"[4, 88, 66, 90, 25, 57, 38, 40, 70, 73]","[88, 66, 90, 25, 57, 38, 40, 70, 73]",[4],0.7679298637614068,0.11550619346675745,2.0,0,0,"[4, 66, 90, 25, 57, 38, 40, 70]","[88, 73]","[4, 66, 90, 25, 57, 38, 40, 70]","[88, 73]","[66, 90, 25, 57, 38, 40, 70]",[4],"[88, 73]",[],2,0.4796298146247864,"{""0"": 6.208761692047119, ""1"": -1.0}",0,0,"[66, 90, 25, 57, 38, 40, 70]","[4, 88, 73]","[66, 90, 25, 57, 38, 40, 70]","[4, 88, 73]","[66, 90, 25, 57, 38, 40, 70]",[],"[88, 73]",[4],"[66, 90, 25, 57, 38, 40, 70]","[4, 88, 73]","[66, 90, 25, 57, 38, 40, 70]",[],"[88, 73]",[4],7,0,2,1
619,10,5,"[1, 25, 98, 80, 49, 5, 37, 17, 35, 42]","[25, 98, 80, 49, 5, 37, 17, 35, 42]",[1],0.5949356376245662,0.11362347330770597,2.0,0,0,"[1, 25, 98, 80, 49, 5, 37, 35, 42]",[17],"[1, 25, 98, 80, 49, 5, 37, 35, 42]",[17],"[25, 98, 80, 49, 5, 37, 35, 42]",[1],[17],[],2,0.6440646648406982,"{""0"": 3.393537998199463, ""1"": -1.0}",0,0,"[1, 25, 98, 80, 49, 5, 37, 35]","[17, 42]","[1, 25, 98, 80, 49, 5, 37, 35]","[17, 42]","[25, 98, 80, 49, 5, 37, 35]",[1],"[17, 42]",[],"[1, 25, 98, 80, 49, 5, 37, 35]","[17, 42]","[25, 98, 80, 49, 5, 37, 35]",[1],"[17, 42]",[],7,1,2,0
620,10,5,"[0, 24, 45, 50, 64, 82, 8, 20, 16, 62]","[24, 45, 50, 64, 82, 8, 20, 16, 62]",[0],0.7241520324796604,0.08608638367607513,2.0,0,0,"[0, 24, 45, 50, 64, 82, 8, 20, 16, 62]",[],"[0, 24, 45, 50, 64, 82, 8, 20, 16, 62]",[],"[24, 45, 50, 64, 82, 8, 20, 16, 62]",[0],[],[],4,0.3759123682975769,"{""0"": 1.7718207836151123, ""1"": 1.8593947887420654, ""2"": 1.787922739982605, ""3"": -1.0}",1,0,"[24, 62]","[0, 45, 50, 64, 82, 8, 20, 16]","[24, 62]","[0, 45, 50, 64, 82, 8, 20, 16]","[24, 62]",[],"[45, 50, 64, 82, 8, 20, 16]",[0],"[24, 62]","[0, 45, 50, 64, 82, 8, 20, 16]","[24, 62]",[],"[45, 50, 64, 82, 8, 20, 16]",[0],2,0,7,1
621,10,5,"[4, 23, 80, 43, 76, 72, 70, 10, 51, 98]","[23, 80, 43, 76, 72, 70, 10, 51, 98]",[4],0.7964320734462899,0.1403225009438917,2.0,0,0,"[4, 23, 80, 43, 76, 72, 70, 10, 51, 98]",[],"[4, 23, 80, 43, 76, 72, 70, 10, 51, 98]",[],"[23, 80, 43, 76, 72, 70, 10, 51, 98]",[4],[],[],2,0.3905528485774994,"{""0"": 1.1500521898269653, ""1"": 1.4704591035842896}",1,0,"[10, 51]","[4, 23, 80, 43, 76, 72, 70, 98]","[10, 51]","[4, 23, 80, 43, 76, 72, 70, 98]","[10, 51]",[],"[23, 80, 43, 76, 72, 70, 98]",[4],"[10, 51]","[4, 23, 80, 43, 76, 72, 70, 98]","[10, 51]",[],"[23, 80, 43, 76, 72, 70, 98]",[4],2,0,7,1
622,10,5,"[0, 93, 1, 30, 57, 53, 27, 98, 21, 76]","[93, 30, 57, 53, 27, 98, 21, 76]","[0, 1]",0.7077568778461512,0.15463004623227317,2.0,0,0,"[0, 93, 1, 30, 57, 53, 27, 98, 21, 76]",[],"[0, 93, 1, 30, 57, 53, 27, 98, 21, 76]",[],"[93, 30, 57, 53, 27, 98, 21, 76]","[0, 1]",[],[],2,0.30700838565826416,"{""0"": 1.7611403465270996, ""1"": 2.150189161300659}",1,0,"[0, 30, 53]","[93, 1, 57, 27, 98, 21, 76]","[0, 30, 53]","[93, 1, 57, 27, 98, 21, 76]","[30, 53]",[0],"[93, 57, 27, 98, 21, 76]",[1],"[0, 30, 53]","[93, 1, 57, 27, 98, 21, 76]","[30, 53]",[0],"[93, 57, 27, 98, 21, 76]",[1],2,1,6,1
623,10,5,"[2, 0, 29, 66, 93, 4, 39, 28, 63, 33]","[29, 66, 93, 39, 28, 63, 33]","[2, 0, 4]",0.7802588484325339,0.08772696197469959,2.0,0,0,"[2, 0, 29, 66, 93, 4, 39, 28, 63, 33]",[],"[2, 0, 29, 66, 93, 4, 39, 28, 63, 33]",[],"[29, 66, 93, 39, 28, 63, 33]","[2, 0, 4]",[],[],2,0.32483965158462524,"{""0"": 1.025044322013855, ""1"": 0.602870523929596}",0,0,"[2, 28]","[0, 29, 66, 93, 4, 39, 63, 33]","[2, 28]","[0, 29, 66, 93, 4, 39, 63, 33]",[28],[2],"[29, 66, 93, 39, 63, 33]","[0, 4]","[2, 28]","[0, 29, 66, 93, 4, 39, 63, 33]",[28],[2],"[29, 66, 93, 39, 63, 33]","[0, 4]",1,1,6,2
624,10,5,"[0, 81, 21, 56, 79, 71, 2, 66, 94, 49]","[81, 21, 56, 79, 71, 66, 94, 49]","[0, 2]",0.8691980957417242,0.12484968859901208,2.0,0,0,"[0, 81, 21, 56, 71, 2, 66, 94, 49]",[79],"[0, 81, 21, 56, 71, 2, 66, 94, 49]",[79],"[81, 21, 56, 71, 66, 94, 49]","[0, 2]",[79],[],2,0.6155573129653931,"{""0"": 3.2809579372406006, ""1"": 1.8613452911376953}",0,0,"[0, 81, 21, 56, 66, 94, 49]","[79, 71, 2]","[0, 81, 21, 56, 66, 94, 49]","[79, 71, 2]","[81, 21, 56, 66, 94, 49]",[0],"[79, 71]",[2],"[0, 81, 21, 56, 66, 94, 49]","[79, 71, 2]","[81, 21, 56, 66, 94, 49]",[0],"[79, 71]",[2],6,1,2,1
625,10,5,"[2, 41, 16, 1, 68, 53, 14, 79, 76, 60]","[41, 16, 68, 53, 14, 79, 76, 60]","[2, 1]",0.6091651918944507,0.10232491216185668,2.0,0,0,"[2, 16, 1, 68, 53, 14, 79, 76, 60]",[41],"[2, 16, 1, 68, 53, 14, 79, 76, 60]",[41],"[16, 68, 53, 14, 79, 76, 60]","[2, 1]",[41],[],2,0.6081893444061279,"{""0"": 3.8360328674316406, ""1"": -1.0}",0,0,"[16, 1, 68, 53, 14, 79, 76, 60]","[2, 41]","[16, 1, 68, 53, 14, 79, 76, 60]","[2, 41]","[16, 68, 53, 14, 79, 76, 60]",[1],[41],[2],"[16, 1, 68, 53, 14, 79, 76, 60]","[2, 41]","[16, 68, 53, 14, 79, 76, 60]",[1],[41],[2],7,1,1,1
626,10,5,"[0, 64, 93, 96, 65, 27, 80, 87, 11, 31]","[64, 93, 96, 65, 27, 80, 87, 11, 31]",[0],0.6709987578085119,0.1252302278332102,2.0,0,0,"[0, 64, 93, 96, 65, 27, 80, 87, 11]",[31],"[0, 64, 93, 96, 65, 27, 80, 87, 11]",[31],"[64, 93, 96, 65, 27, 80, 87, 11]",[0],[31],[],2,0.460133820772171,"{""0"": 3.3087637424468994, ""1"": -1.0}",0,0,"[64, 93, 96, 65, 27, 80, 87, 11]","[0, 31]","[64, 93, 96, 65, 27, 80, 87, 11]","[0, 31]","[64, 93, 96, 65, 27, 80, 87, 11]",[],[31],[0],"[64, 93, 96, 65, 27, 80, 87, 11]","[0, 31]","[64, 93, 96, 65, 27, 80, 87, 11]",[],[31],[0],8,0,1,1
627,10,5,"[1, 80, 39, 5, 22, 87, 61, 47, 76, 38]","[80, 39, 5, 22, 87, 61, 47, 76, 38]",[1],0.650308962244285,0.03322793674745983,2.0,0,0,"[1, 39, 5, 22, 87, 61, 76, 38]","[80, 47]","[1, 39, 5, 22, 87, 61, 76, 38]","[80, 47]","[39, 5, 22, 87, 61, 76, 38]",[1],"[80, 47]",[],2,0.579759955406189,"{""0"": 3.63273549079895, ""1"": -1.0}",0,0,"[1, 39, 22, 87, 61, 76, 38]","[80, 5, 47]","[1, 39, 22, 87, 61, 76, 38]","[80, 5, 47]","[39, 22, 87, 61, 76, 38]",[1],"[80, 5, 47]",[],"[1, 39, 22, 87, 61, 76, 38]","[80, 5, 47]","[39, 22, 87, 61, 76, 38]",[1],"[80, 5, 47]",[],6,1,3,0
628,10,5,"[1, 46, 6, 9, 52, 48, 58, 47, 41, 61]","[46, 6, 9, 52, 48, 58, 47, 41, 61]",[1],0.7903271238106018,0.25248947810835115,2.0,0,0,"[1, 46, 6, 9, 52, 48, 58, 47, 41, 61]",[],"[1, 46, 6, 9, 52, 48, 58, 47, 41, 61]",[],"[46, 6, 9, 52, 48, 58, 47, 41, 61]",[1],[],[],2,0.6106042265892029,"{""0"": 1.91831374168396, ""1"": 4.129203796386719}",1,0,"[1, 46, 6, 9, 52, 47, 41, 61]","[48, 58]","[1, 46, 6, 9, 52, 47, 41, 61]","[48, 58]","[46, 6, 9, 52, 47, 41, 61]",[1],"[48, 58]",[],"[1, 46, 6, 9, 52, 47, 41, 61]","[48, 58]","[46, 6, 9, 52, 47, 41, 61]",[1],"[48, 58]",[],7,1,2,0
629,10,5,"[2, 67, 49, 28, 82, 20, 72, 10, 1, 88]","[67, 49, 28, 82, 20, 72, 10, 88]","[2, 1]",0.8927357585132831,0.09391325251498256,2.0,0,0,"[2, 67, 49, 28, 82, 20, 72, 10, 1]",[88],"[2, 67, 49, 28, 82, 20, 72, 10, 1]",[88],"[67, 49, 28, 82, 20, 72, 10]","[2, 1]",[88],[],2,0.6075842976570129,"{""0"": 1.9459402561187744, ""1"": 3.756340980529785}",1,0,"[2, 67, 49, 28, 20, 72, 10]","[82, 1, 88]","[2, 67, 49, 28, 20, 72, 10]","[82, 1, 88]","[67, 49, 28, 20, 72, 10]",[2],"[82, 88]",[1],"[2, 67, 49, 28, 20, 72, 10]","[82, 1, 88]","[67, 49, 28, 20, 72, 10]",[2],"[82, 88]",[1],6,1,2,1
630,10,5,"[3, 86, 96, 97, 0, 44, 51, 8, 41, 62]","[86, 96, 97, 44, 51, 8, 41, 62]","[3, 0]",0.8090275962635907,0.03683412725612023,2.0,0,0,"[3, 96, 44, 51, 8, 41, 62]","[86, 97, 0]","[3, 96, 44, 51, 8, 41, 62]","[86, 97, 0]","[96, 44, 51, 8, 41, 62]",[3],"[86, 97]",[0],2,0.25899747014045715,"{""0"": 0.4593513607978821, ""1"": -1.0}",0,0,"[3, 96, 51, 8, 41, 62]","[86, 97, 0, 44]","[3, 96, 51, 8, 41, 62]","[86, 97, 0, 44]","[96, 51, 8, 41, 62]",[3],"[86, 97, 44]",[0],"[3, 96, 51, 8, 41, 62]","[86, 97, 0, 44]","[96, 51, 8, 41, 62]",[3],"[86, 97, 44]",[0],5,1,3,1
631,10,5,"[1, 67, 92, 81, 98, 37, 15, 7, 74, 52]","[67, 92, 81, 98, 37, 15, 7, 74, 52]",[1],0.9440202502971309,0.1004051640614605,2.0,0,0,"[1, 67, 92, 81, 98, 37, 15, 7, 74, 52]",[],"[1, 67, 92, 81, 98, 37, 15, 7, 74, 52]",[],"[67, 92, 81, 98, 37, 15, 7, 74, 52]",[1],[],[],2,0.46227988600730896,"{""0"": 1.0989906787872314, ""1"": -1.0}",0,0,"[1, 92, 81, 98, 37, 15, 7, 74, 52]",[67],"[1, 92, 81, 98, 37, 15, 7, 74, 52]",[67],"[92, 81, 98, 37, 15, 7, 74, 52]",[1],[67],[],"[1, 92, 81, 98, 37, 15, 7, 74, 52]",[67],"[92, 81, 98, 37, 15, 7, 74, 52]",[1],[67],[],8,1,1,0
632,10,5,"[0, 4, 96, 56, 49, 15, 53, 87, 9, 85]","[96, 56, 49, 15, 53, 87, 9, 85]","[0, 4]",0.5793363996210961,0.07557801013945947,2.0,0,0,"[4, 96, 56, 49, 15, 53, 87, 9]","[0, 85]","[4, 96, 56, 49, 15, 53, 87, 9]","[0, 85]","[96, 56, 49, 15, 53, 87, 9]",[4],[85],[0],4,0.2856755554676056,"{""0"": 2.3755364418029785, ""1"": 1.9223015308380127, ""2"": -1.0, ""3"": -1.0}",0,0,"[96, 53, 87, 9]","[0, 4, 56, 49, 15, 85]","[96, 53, 87, 9]","[0, 4, 56, 49, 15, 85]","[96, 53, 87, 9]",[],"[56, 49, 15, 85]","[0, 4]","[96, 53, 87, 9]","[0, 4, 56, 49, 15, 85]","[96, 53, 87, 9]",[],"[56, 49, 15, 85]","[0, 4]",4,0,4,2
633,10,5,"[2, 25, 11, 57, 49, 52, 3, 89, 22, 38]","[25, 11, 57, 49, 52, 89, 22, 38]","[2, 3]",0.6795483520436376,0.08280404422308191,2.0,0,0,"[2, 25, 11, 57, 49, 3, 89, 22, 38]",[52],"[2, 25, 11, 57, 49, 3, 89, 22, 38]",[52],"[25, 11, 57, 49, 89, 22, 38]","[2, 3]",[52],[],2,0.5542731285095215,"{""0"": 3.24149751663208, ""1"": 1.6823725700378418}",0,0,"[25, 57, 49, 3, 89, 22, 38]","[2, 11, 52]","[25, 57, 49, 3, 89, 22, 38]","[2, 11, 52]","[25, 57, 49, 89, 22, 38]",[3],"[11, 52]",[2],"[25, 57, 49, 3, 89, 22, 38]","[2, 11, 52]","[25, 57, 49, 89, 22, 38]",[3],"[11, 52]",[2],6,1,2,1
634,10,5,"[2, 89, 48, 49, 77, 60, 90, 76, 12, 66]","[89, 48, 49, 77, 60, 90, 76, 12, 66]",[2],0.7809650489121124,0.13122814368545505,2.0,0,0,"[2, 89, 49, 77, 60, 90, 76, 12, 66]",[48],"[2, 89, 49, 77, 60, 90, 76, 12, 66]",[48],"[89, 49, 77, 60, 90, 76, 12, 66]",[2],[48],[],3,0.46372419595718384,"{""0"": 2.160503625869751, ""1"": 1.9982784986495972, ""2"": -1.0}",0,0,"[77, 60, 90, 76, 12, 66]","[2, 89, 48, 49]","[77, 60, 90, 76, 12, 66]","[2, 89, 48, 49]","[77, 60, 90, 76, 12, 66]",[],"[89, 48, 49]",[2],"[77, 60, 90, 76, 12, 66]","[2, 89, 48, 49]","[77, 60, 90, 76, 12, 66]",[],"[89, 48, 49]",[2],6,0,3,1
635,10,5,"[0, 38, 28, 30, 98, 89, 50, 80, 58, 43]","[38, 28, 30, 98, 89, 50, 80, 58, 43]",[0],0.713791319361986,0.09414031494838726,2.0,0,0,"[38, 28, 30, 98, 89, 50, 80, 58, 43]",[0],"[38, 28, 30, 98, 89, 50, 80, 58, 43]",[0],"[38, 28, 30, 98, 89, 50, 80, 58, 43]",[],[],[0],2,0.6172780990600586,"{""0"": 1.8293644189834595, ""1"": -1.0}",0,0,"[38, 28, 30, 98, 50, 80, 58, 43]","[0, 89]","[38, 28, 30, 98, 50, 80, 58, 43]","[0, 89]","[38, 28, 30, 98, 50, 80, 58, 43]",[],[89],[0],"[38, 28, 30, 98, 50, 80, 58, 43]","[0, 89]","[38, 28, 30, 98, 50, 80, 58, 43]",[],[89],[0],8,0,1,1
636,10,5,"[3, 43, 47, 34, 51, 2, 50, 72, 25, 35]","[43, 47, 34, 51, 50, 72, 25, 35]","[3, 2]",0.7019671498940114,0.12408351108881838,2.0,0,0,"[3, 43, 47, 34, 51, 2, 50, 72, 25, 35]",[],"[3, 43, 47, 34, 51, 2, 50, 72, 25, 35]",[],"[43, 47, 34, 51, 50, 72, 25, 35]","[3, 2]",[],[],2,0.628279447555542,"{""0"": 1.6855676174163818, ""1"": -1.0}",0,0,"[3, 43, 47, 34, 51, 50, 72, 25, 35]",[2],"[3, 43, 47, 34, 51, 50, 72, 25, 35]",[2],"[43, 47, 34, 51, 50, 72, 25, 35]",[3],[],[2],"[3, 43, 47, 34, 51, 50, 72, 25, 35]",[2],"[43, 47, 34, 51, 50, 72, 25, 35]",[3],[],[2],8,1,0,1
637,10,5,"[1, 54, 3, 48, 25, 31, 68, 70, 21, 81]","[54, 48, 25, 31, 68, 70, 21, 81]","[1, 3]",0.5970295787561273,0.040532160646795434,2.0,0,0,"[1, 3, 25, 68, 70, 21, 81]","[54, 48, 31]","[1, 3, 25, 68, 70, 21, 81]","[54, 48, 31]","[25, 68, 70, 21, 81]","[1, 3]","[54, 48, 31]",[],2,0.2596907615661621,"{""0"": 3.8768563270568848, ""1"": 2.5937159061431885}",0,0,"[1, 25, 68, 81]","[54, 3, 48, 31, 70, 21]","[1, 25, 68, 81]","[54, 3, 48, 31, 70, 21]","[25, 68, 81]",[1],"[54, 48, 31, 70, 21]",[3],"[1, 25, 68, 81]","[54, 3, 48, 31, 70, 21]","[25, 68, 81]",[1],"[54, 48, 31, 70, 21]",[3],3,1,5,1
638,10,5,"[2, 78, 91, 76, 56, 52, 49, 93, 7, 70]","[78, 91, 76, 56, 52, 49, 93, 7, 70]",[2],0.6864201298279183,0.15090593635861266,2.0,0,0,"[2, 78, 91, 76, 56, 52, 49, 93, 7, 70]",[],"[2, 78, 91, 76, 56, 52, 49, 93, 7, 70]",[],"[78, 91, 76, 56, 52, 49, 93, 7, 70]",[2],[],[],2,0.6097794771194458,"{""0"": 1.3970295190811157, ""1"": 4.133404731750488}",1,0,"[78, 91, 76, 56, 52, 49, 93, 70]","[2, 7]","[78, 91, 76, 56, 52, 49, 93, 70]","[2, 7]","[78, 91, 76, 56, 52, 49, 93, 70]",[],[7],[2],"[78, 91, 76, 56, 52, 49, 93, 70]","[2, 7]","[78, 91, 76, 56, 52, 49, 93, 70]",[],[7],[2],8,0,1,1
639,10,5,"[0, 66, 60, 97, 41, 67, 72, 5, 37, 14]","[66, 60, 97, 41, 67, 72, 5, 37, 14]",[0],0.7494495794417455,0.16588642193637315,2.0,0,0,"[0, 66, 60, 97, 41, 67, 72, 5, 37, 14]",[],"[0, 66, 60, 97, 41, 67, 72, 5, 37, 14]",[],"[66, 60, 97, 41, 67, 72, 5, 37, 14]",[0],[],[],5,0.418591171503067,"{""0"": 2.0196311473846436, ""1"": -1.0, ""2"": -1.0, ""3"": -1.0, ""4"": -1.0}",0,0,"[66, 67, 72, 5, 37, 14]","[0, 60, 97, 41]","[66, 67, 72, 5, 37, 14]","[0, 60, 97, 41]","[66, 67, 72, 5, 37, 14]",[],"[60, 97, 41]",[0],"[66, 67, 72, 5, 37, 14]","[0, 60, 97, 41]","[66, 67, 72, 5, 37, 14]",[],"[60, 97, 41]",[0],6,0,3,1
640,10,5,"[2, 82, 3, 25, 54, 29, 40, 68, 57, 34]","[82, 25, 54, 29, 40, 68, 57, 34]","[2, 3]",0.6449626225064415,0.09526087317613041,2.0,0,0,"[2, 82, 3, 25, 29, 40, 68, 57, 34]",[54],"[2, 82, 3, 25, 29, 40, 68, 57, 34]",[54],"[82, 25, 29, 40, 68, 57, 34]","[2, 3]",[54],[],2,0.6074963808059692,"{""0"": 6.458117961883545, ""1"": -1.0}",0,0,"[82, 3, 25, 29, 40, 68, 57, 34]","[2, 54]","[82, 3, 25, 29, 40, 68, 57, 34]","[2, 54]","[82, 25, 29, 40, 68, 57, 34]",[3],[54],[2],"[82, 3, 25, 29, 40, 68, 57, 34]","[2, 54]","[82, 25, 29, 40, 68, 57, 34]",[3],[54],[2],7,1,1,1
641,10,5,"[2, 14, 18, 96, 50, 16, 73, 31, 58, 79]","[14, 18, 96, 50, 16, 73, 31, 58, 79]",[2],0.8063645907851238,0.08187858874678938,2.0,0,0,"[2, 14, 18, 96, 50, 16, 58, 79]","[73, 31]","[2, 14, 18, 96, 50, 16, 58, 79]","[73, 31]","[14, 18, 96, 50, 16, 58, 79]",[2],"[73, 31]",[],2,0.49327224493026733,"{""0"": 4.604402542114258, ""1"": -1.0}",0,0,"[2, 14, 18, 96, 16, 58, 79]","[50, 73, 31]","[2, 14, 18, 96, 16, 58, 79]","[50, 73, 31]","[14, 18, 96, 16, 58, 79]",[2],"[50, 73, 31]",[],"[2, 14, 18, 96, 16, 58, 79]","[50, 73, 31]","[14, 18, 96, 16, 58, 79]",[2],"[50, 73, 31]",[],6,1,3,0
642,10,5,"[0, 22, 21, 84, 96, 78, 27, 3, 77, 83]","[22, 21, 84, 96, 78, 27, 77, 83]","[0, 3]",0.6444545588578088,0.07676357430073161,2.0,0,0,"[22, 21, 84, 96, 78, 27, 3, 77, 83]",[0],"[22, 21, 84, 96, 78, 27, 3, 77, 83]",[0],"[22, 21, 84, 96, 78, 27, 77, 83]",[3],[],[0],3,0.39431262016296387,"{""0"": 4.154114246368408, ""1"": 1.7719875574111938, ""2"": 1.423058032989502}",0,0,"[22, 21, 96, 3, 83]","[0, 84, 78, 27, 77]","[22, 21, 96, 3, 83]","[0, 84, 78, 27, 77]","[22, 21, 96, 83]",[3],"[84, 78, 27, 77]",[0],"[22, 21, 96, 3, 83]","[0, 84, 78, 27, 77]","[22, 21, 96, 83]",[3],"[84, 78, 27, 77]",[0],4,1,4,1
643,10,5,"[2, 38, 28, 9, 88, 21, 11, 26, 36, 92]","[38, 28, 9, 88, 21, 11, 26, 36, 92]",[2],0.6923353716446577,0.08037062782480042,2.0,0,0,"[2, 38, 28, 9, 21, 11, 26, 36, 92]",[88],"[2, 38, 28, 9, 21, 11, 26, 36, 92]",[88],"[38, 28, 9, 21, 11, 26, 36, 92]",[2],[88],[],2,0.5239997506141663,"{""0"": 4.666942596435547, ""1"": -1.0}",0,0,"[2, 38, 28, 9, 21, 11, 26, 92]","[88, 36]","[2, 38, 28, 9, 21, 11, 26, 92]","[88, 36]","[38, 28, 9, 21, 11, 26, 92]",[2],"[88, 36]",[],"[2, 38, 28, 9, 21, 11, 26, 92]","[88, 36]","[38, 28, 9, 21, 11, 26, 92]",[2],"[88, 36]",[],7,1,2,0
644,10,5,"[2, 43, 57, 78, 79, 77, 4, 6, 61, 24]","[43, 57, 78, 79, 77, 6, 61, 24]","[2, 4]",0.8667680868746962,0.1281892735585008,2.0,0,0,"[2, 43, 57, 78, 77, 4, 6, 61, 24]",[79],"[2, 43, 57, 78, 77, 4, 6, 61, 24]",[79],"[43, 57, 78, 77, 6, 61, 24]","[2, 4]",[79],[],2,0.49196720123291016,"{""0"": 1.4609076976776123, ""1"": -1.0}",0,0,"[43, 57, 78, 77, 4, 6, 61, 24]","[2, 79]","[43, 57, 78, 77, 4, 6, 61, 24]","[2, 79]","[43, 57, 78, 77, 6, 61, 24]",[4],[79],[2],"[43, 57, 78, 77, 4, 6, 61, 24]","[2, 79]","[43, 57, 78, 77, 6, 61, 24]",[4],[79],[2],7,1,1,1
645,10,5,"[2, 52, 50, 97, 72, 63, 17, 32, 8, 49]","[52, 50, 97, 72, 63, 17, 32, 8, 49]",[2],0.7452506805553722,0.14618010342548043,2.0,0,0,"[2, 52, 50, 72, 63, 17, 32, 8, 49]",[97],"[2, 52, 50, 72, 63, 17, 32, 8, 49]",[97],"[52, 50, 72, 63, 17, 32, 8, 49]",[2],[97],[],2,0.516201376914978,"{""0"": 2.5018997192382812, ""1"": 1.9139747619628906}",0,0,"[2, 52, 50, 72, 63, 17, 49]","[97, 32, 8]","[2, 52, 50, 72, 63, 17, 49]","[97, 32, 8]","[52, 50, 72, 63, 17, 49]",[2],"[97, 32, 8]",[],"[2, 52, 50, 72, 63, 17, 49]","[97, 32, 8]","[52, 50, 72, 63, 17, 49]",[2],"[97, 32, 8]",[],6,1,3,0
646,10,5,"[1, 54, 45, 58, 68, 26, 57, 90, 10, 83]","[54, 45, 58, 68, 26, 57, 90, 10, 83]",[1],0.7853414314551392,0.24757656015592067,2.0,0,0,"[1, 54, 45, 58, 68, 26, 57, 90, 10, 83]",[],"[1, 54, 45, 58, 68, 26, 57, 90, 10, 83]",[],"[54, 45, 58, 68, 26, 57, 90, 10, 83]",[1],[],[],2,0.6232804656028748,"{""0"": 2.248810291290283, ""1"": -1.0}",0,0,"[1, 45, 58, 68, 26, 57, 90, 10, 83]",[54],"[1, 45, 58, 68, 26, 57, 90, 10, 83]",[54],"[45, 58, 68, 26, 57, 90, 10, 83]",[1],[54],[],"[1, 45, 58, 68, 26, 57, 90, 10, 83]",[54],"[45, 58, 68, 26, 57, 90, 10, 83]",[1],[54],[],8,1,1,0
647,10,5,"[2, 14, 7, 37, 13, 31, 52, 63, 59, 62]","[14, 7, 37, 13, 31, 52, 63, 59, 62]",[2],0.7858381495099189,0.14072635684484275,2.0,0,0,"[2, 14, 7, 37, 13, 31, 52, 63, 59, 62]",[],"[2, 14, 7, 37, 13, 31, 52, 63, 59, 62]",[],"[14, 7, 37, 13, 31, 52, 63, 59, 62]",[2],[],[],2,0.3953288197517395,"{""0"": 1.3821403980255127, ""1"": 1.3650516271591187}",0,0,"[2, 14, 37, 13, 52, 63, 59, 62]","[7, 31]","[2, 14, 37, 13, 52, 63, 59, 62]","[7, 31]","[14, 37, 13, 52, 63, 59, 62]",[2],"[7, 31]",[],"[2, 14, 37, 13, 52, 63, 59, 62]","[7, 31]","[14, 37, 13, 52, 63, 59, 62]",[2],"[7, 31]",[],7,1,2,0
648,10,5,"[3, 63, 78, 47, 75, 85, 89, 83, 26, 96]","[63, 78, 47, 75, 85, 89, 83, 26, 96]",[3],0.7166000496671283,0.11571060047114018,2.0,0,0,"[3, 63, 78, 75, 85, 89, 83, 96]","[47, 26]","[3, 63, 78, 75, 85, 89, 83, 96]","[47, 26]","[63, 78, 75, 85, 89, 83, 96]",[3],"[47, 26]",[],2,0.4658172130584717,"{""0"": 1.016523003578186, ""1"": -1.0}",0,0,"[3, 63, 78, 75, 85, 83, 96]","[47, 89, 26]","[3, 63, 78, 75, 85, 83, 96]","[47, 89, 26]","[63, 78, 75, 85, 83, 96]",[3],"[47, 89, 26]",[],"[3, 63, 78, 75, 85, 83, 96]","[47, 89, 26]","[63, 78, 75, 85, 83, 96]",[3],"[47, 89, 26]",[],6,1,3,0
649,10,5,"[1, 93, 17, 35, 77, 50, 62, 28, 60, 11]","[93, 17, 35, 77, 50, 62, 28, 60, 11]",[1],0.7351225705109363,0.09827208809034249,2.0,0,0,"[1, 93, 35, 77, 62, 28, 60, 11]","[17, 50]","[1, 93, 35, 77, 62, 28, 60, 11]","[17, 50]","[93, 35, 77, 62, 28, 60, 11]",[1],"[17, 50]",[],3,0.3970583379268646,"{""0"": 1.92974853515625, ""1"": 2.895216941833496, ""2"": -1.0}",1,0,"[1, 77, 62, 28, 60]","[93, 17, 35, 50, 11]","[1, 77, 62, 28, 60]","[93, 17, 35, 50, 11]","[77, 62, 28, 60]",[1],"[93, 17, 35, 50, 11]",[],"[1, 77, 62, 28, 60]","[93, 17, 35, 50, 11]","[77, 62, 28, 60]",[1],"[93, 17, 35, 50, 11]",[],4,1,5,0
650,10,5,"[4, 54, 61, 41, 43, 58, 75, 16, 17, 3]","[54, 61, 41, 43, 58, 75, 16, 17]","[4, 3]",0.7113516020425202,0.08552899945341746,2.0,0,0,"[4, 61, 41, 43, 58, 75, 16, 17, 3]",[54],"[4, 61, 41, 43, 58, 75, 16, 17, 3]",[54],"[61, 41, 43, 58, 75, 16, 17]","[4, 3]",[54],[],2,0.6349204182624817,"{""0"": 1.8843096494674683, ""1"": 1.993703842163086}",1,0,"[4, 17]","[54, 61, 41, 43, 58, 75, 16, 3]","[4, 17]","[54, 61, 41, 43, 58, 75, 16, 3]",[17],[4],"[54, 61, 41, 43, 58, 75, 16]",[3],"[4, 17]","[54, 61, 41, 43, 58, 75, 16, 3]",[17],[4],"[54, 61, 41, 43, 58, 75, 16]",[3],1,1,7,1
651,10,5,"[4, 40, 43, 34, 86, 3, 21, 69, 91, 80]","[40, 43, 34, 86, 21, 69, 91, 80]","[4, 3]",0.8902020650387259,0.1935325177819714,2.0,0,0,"[4, 40, 43, 34, 86, 3, 21, 69, 91, 80]",[],"[4, 40, 43, 34, 86, 3, 21, 69, 91, 80]",[],"[40, 43, 34, 86, 21, 69, 91, 80]","[4, 3]",[],[],2,0.6641165614128113,"{""0"": 2.153881549835205, ""1"": -1.0}",0,0,"[4, 40, 43, 34, 86, 3, 21, 91, 80]",[69],"[4, 40, 43, 34, 86, 3, 21, 91, 80]",[69],"[40, 43, 34, 86, 21, 91, 80]","[4, 3]",[69],[],"[4, 40, 43, 34, 86, 3, 21, 91, 80]",[69],"[40, 43, 34, 86, 21, 91, 80]","[4, 3]",[69],[],7,2,1,0
652,10,5,"[2, 39, 27, 72, 95, 68, 18, 49, 76, 58]","[39, 27, 72, 95, 68, 18, 49, 76, 58]",[2],0.8154817211724477,0.1044262696888989,2.0,0,0,"[2, 39, 27, 72, 95, 68, 18, 49, 76, 58]",[],"[2, 39, 27, 72, 95, 68, 18, 49, 76, 58]",[],"[39, 27, 72, 95, 68, 18, 49, 76, 58]",[2],[],[],2,0.41459494829177856,"{""0"": 2.7958359718322754, ""1"": 2.3752355575561523}",0,0,"[27, 72, 68, 18, 49, 76, 58]","[2, 39, 95]","[27, 72, 68, 18, 49, 76, 58]","[2, 39, 95]","[27, 72, 68, 18, 49, 76, 58]",[],"[39, 95]",[2],"[27, 72, 68, 18, 49, 76, 58]","[2, 39, 95]","[27, 72, 68, 18, 49, 76, 58]",[],"[39, 95]",[2],7,0,2,1
653,10,5,"[3, 74, 36, 16, 31, 87, 50, 63, 35, 99]","[74, 36, 16, 31, 87, 50, 63, 35, 99]",[3],0.6520958222262961,0.04258694001603491,2.0,0,0,"[3, 74, 36, 16, 50, 63, 35, 99]","[31, 87]","[3, 74, 36, 16, 50, 63, 35, 99]","[31, 87]","[74, 36, 16, 50, 63, 35, 99]",[3],"[31, 87]",[],3,0.46231192350387573,"{""0"": 1.4997414350509644, ""1"": 3.8608531951904297, ""2"": -1.0}",1,0,"[3, 74, 16, 63]","[36, 31, 87, 50, 35, 99]","[3, 74, 16, 63]","[36, 31, 87, 50, 35, 99]","[74, 16, 63]",[3],"[36, 31, 87, 50, 35, 99]",[],"[3, 74, 16, 63]","[36, 31, 87, 50, 35, 99]","[74, 16, 63]",[3],"[36, 31, 87, 50, 35, 99]",[],3,1,6,0
654,10,5,"[4, 67, 55, 65, 78, 75, 51, 1, 99, 62]","[67, 55, 65, 78, 75, 51, 99, 62]","[4, 1]",0.6877947302979847,0.08074809316857279,2.0,0,0,"[4, 67, 55, 65, 75, 51, 1, 99, 62]",[78],"[4, 67, 55, 65, 75, 51, 1, 99, 62]",[78],"[67, 55, 65, 75, 51, 99, 62]","[4, 1]",[78],[],2,0.5265137553215027,"{""0"": 1.3014917373657227, ""1"": 2.979720115661621}",1,0,"[4, 55, 65, 75, 51, 1, 62]","[67, 78, 99]","[4, 55, 65, 75, 51, 1, 62]","[67, 78, 99]","[55, 65, 75, 51, 62]","[4, 1]","[67, 78, 99]",[],"[4, 55, 65, 75, 51, 1, 62]","[67, 78, 99]","[55, 65, 75, 51, 62]","[4, 1]","[67, 78, 99]",[],5,2,3,0
655,10,5,"[4, 55, 30, 73, 11, 39, 16, 70, 89, 31]","[55, 30, 73, 11, 39, 16, 70, 89, 31]",[4],0.9286061566149997,0.19520861730274403,2.0,0,0,"[4, 55, 30, 73, 11, 39, 16, 70, 89, 31]",[],"[4, 55, 30, 73, 11, 39, 16, 70, 89, 31]",[],"[55, 30, 73, 11, 39, 16, 70, 89, 31]",[4],[],[],2,0.482428640127182,"{""0"": 1.6004538536071777, ""1"": -1.0}",0,0,"[4, 55, 30, 11, 39, 16, 70, 89, 31]",[73],"[4, 55, 30, 11, 39, 16, 70, 89, 31]",[73],"[55, 30, 11, 39, 16, 70, 89, 31]",[4],[73],[],"[4, 55, 30, 11, 39, 16, 70, 89, 31]",[73],"[55, 30, 11, 39, 16, 70, 89, 31]",[4],[73],[],8,1,1,0
656,10,5,"[2, 75, 5, 96, 93, 80, 37, 79, 7, 88]","[75, 5, 96, 93, 80, 37, 79, 7, 88]",[2],0.7210683280756798,0.042775782614275004,2.0,0,0,"[2, 5, 96, 93, 37, 79, 7]","[75, 80, 88]","[2, 5, 96, 93, 37, 79, 7]","[75, 80, 88]","[5, 96, 93, 37, 79, 7]",[2],"[75, 80, 88]",[],2,0.25442805886268616,"{""0"": 4.591962814331055, ""1"": 1.8366498947143555}",0,0,"[2, 96, 93, 79, 7]","[75, 5, 80, 37, 88]","[2, 96, 93, 79, 7]","[75, 5, 80, 37, 88]","[96, 93, 79, 7]",[2],"[75, 5, 80, 37, 88]",[],"[2, 96, 93, 79, 7]","[75, 5, 80, 37, 88]","[96, 93, 79, 7]",[2],"[75, 5, 80, 37, 88]",[],4,1,5,0
657,10,5,"[2, 38, 34, 60, 36, 24, 59, 7, 58, 18]","[38, 34, 60, 36, 24, 59, 7, 58, 18]",[2],0.7070166882773861,0.09428635217125225,2.0,0,0,"[2, 38, 34, 60, 36, 24, 59, 7, 58, 18]",[],"[2, 38, 34, 60, 36, 24, 59, 7, 58, 18]",[],"[38, 34, 60, 36, 24, 59, 7, 58, 18]",[2],[],[],4,0.44336456060409546,"{""0"": 2.879812240600586, ""1"": 1.8262429237365723, ""2"": 1.7164390087127686, ""3"": -1.0}",0,0,"[38, 34, 60, 24, 58]","[2, 36, 59, 7, 18]","[38, 34, 60, 24, 58]","[2, 36, 59, 7, 18]","[38, 34, 60, 24, 58]",[],"[36, 59, 7, 18]",[2],"[38, 34, 60, 24, 58]","[2, 36, 59, 7, 18]","[38, 34, 60, 24, 58]",[],"[36, 59, 7, 18]",[2],5,0,4,1
658,10,5,"[2, 39, 35, 44, 93, 20, 62, 72, 53, 9]","[39, 35, 44, 93, 20, 62, 72, 53, 9]",[2],0.7692445956061229,0.07578447392718446,2.0,0,0,"[2, 39, 35, 44, 93, 20, 62, 72, 53, 9]",[],"[2, 39, 35, 44, 93, 20, 62, 72, 53, 9]",[],"[39, 35, 44, 93, 20, 62, 72, 53, 9]",[2],[],[],2,0.5483575463294983,"{""0"": 2.0274367332458496, ""1"": 1.8077402114868164}",0,0,"[2, 39, 35, 93, 62, 72, 53, 9]","[44, 20]","[2, 39, 35, 93, 62, 72, 53, 9]","[44, 20]","[39, 35, 93, 62, 72, 53, 9]",[2],"[44, 20]",[],"[2, 39, 35, 93, 62, 72, 53, 9]","[44, 20]","[39, 35, 93, 62, 72, 53, 9]",[2],"[44, 20]",[],7,1,2,0
659,10,5,"[0, 78, 43, 33, 59, 84, 21, 71, 61, 36]","[78, 43, 33, 59, 84, 21, 71, 61, 36]",[0],0.7282740120510587,0.07166145670739388,2.0,0,0,"[78, 43, 33, 59, 84, 21, 71, 61, 36]",[0],"[78, 43, 33, 59, 84, 21, 71, 61, 36]",[0],"[78, 43, 33, 59, 84, 21, 71, 61, 36]",[],[],[0],2,0.5961640477180481,"{""0"": 2.851107597351074, ""1"": -1.0}",0,0,"[78, 33, 59, 84, 21, 71, 61, 36]","[0, 43]","[78, 33, 59, 84, 21, 71, 61, 36]","[0, 43]","[78, 33, 59, 84, 21, 71, 61, 36]",[],[43],[0],"[78, 33, 59, 84, 21, 71, 61, 36]","[0, 43]","[78, 33, 59, 84, 21, 71, 61, 36]",[],[43],[0],8,0,1,1
660,10,5,"[0, 59, 41, 12, 79, 32, 16, 33, 49, 1]","[59, 41, 12, 79, 32, 16, 33, 49]","[0, 1]",0.7540351016355828,0.16429481388037953,2.0,0,0,"[0, 59, 41, 12, 79, 32, 16, 33, 49, 1]",[],"[0, 59, 41, 12, 79, 32, 16, 33, 49, 1]",[],"[59, 41, 12, 79, 32, 16, 33, 49]","[0, 1]",[],[],2,0.4135223925113678,"{""0"": 1.1065313816070557, ""1"": -1.0}",0,0,"[0, 59, 41, 12, 79, 16, 33, 49, 1]",[32],"[0, 59, 41, 12, 79, 16, 33, 49, 1]",[32],"[59, 41, 12, 79, 16, 33, 49]","[0, 1]",[32],[],"[0, 59, 41, 12, 79, 16, 33, 49, 1]",[32],"[59, 41, 12, 79, 16, 33, 49]","[0, 1]",[32],[],7,2,1,0
661,10,5,"[1, 58, 70, 22, 72, 4, 30, 41, 53, 67]","[58, 70, 22, 72, 30, 41, 53, 67]","[1, 4]",0.9584246175130382,0.06167947181728517,2.0,0,0,"[58, 70, 72, 30, 41, 53, 67]","[1, 22, 4]","[58, 70, 72, 30, 41, 53, 67]","[1, 22, 4]","[58, 70, 72, 30, 41, 53, 67]",[],[22],"[1, 4]",2,0.3129259943962097,"{""0"": 0.6931793689727783, ""1"": -1.0}",0,0,"[70, 72, 30, 41, 53, 67]","[1, 58, 22, 4]","[70, 72, 30, 41, 53, 67]","[1, 58, 22, 4]","[70, 72, 30, 41, 53, 67]",[],"[58, 22]","[1, 4]","[70, 72, 30, 41, 53, 67]","[1, 58, 22, 4]","[70, 72, 30, 41, 53, 67]",[],"[58, 22]","[1, 4]",6,0,2,2
662,10,5,"[4, 78, 89, 15, 87, 2, 72, 84, 83, 48]","[78, 89, 15, 87, 72, 84, 83, 48]","[4, 2]",0.613279218682812,0.160397645886558,2.0,0,0,"[4, 78, 89, 15, 87, 2, 72, 84, 83]",[48],"[4, 78, 89, 15, 87, 2, 72, 84, 83]",[48],"[78, 89, 15, 87, 72, 84, 83]","[4, 2]",[48],[],2,0.37205493450164795,"{""0"": 2.396106243133545, ""1"": -1.0}",0,0,"[4, 78, 89, 15, 87, 2, 72, 83]","[84, 48]","[4, 78, 89, 15, 87, 2, 72, 83]","[84, 48]","[78, 89, 15, 87, 72, 83]","[4, 2]","[84, 48]",[],"[4, 78, 89, 15, 87, 2, 72, 83]","[84, 48]","[78, 89, 15, 87, 72, 83]","[4, 2]","[84, 48]",[],6,2,2,0
663,10,5,"[4, 64, 62, 59, 0, 93, 61, 46, 3, 14]","[64, 62, 59, 93, 61, 46, 14]","[4, 0, 3]",1.0314548485337793,0.13474962810255098,2.0,0,0,"[64, 62, 59, 93, 61, 46, 3, 14]","[4, 0]","[64, 62, 59, 93, 61, 46, 3, 14]","[4, 0]","[64, 62, 59, 93, 61, 46, 14]",[3],[],"[4, 0]",4,0.31927305459976196,"{""0"": 0.4951505661010742, ""1"": 1.7987902164459229, ""2"": -1.0, ""3"": 1.8904935121536255}",3,0,"[59, 93]","[4, 64, 62, 0, 61, 46, 3, 14]","[59, 93]","[4, 64, 62, 0, 61, 46, 3, 14]","[59, 93]",[],"[64, 62, 61, 46, 14]","[4, 0, 3]","[59, 93]","[4, 64, 62, 0, 61, 46, 3, 14]","[59, 93]",[],"[64, 62, 61, 46, 14]","[4, 0, 3]",2,0,5,3
664,10,5,"[1, 74, 84, 87, 80, 28, 77, 81, 23, 42]","[74, 84, 87, 80, 28, 77, 81, 23, 42]",[1],0.9458620138088163,0.09622964112885074,2.0,0,0,"[1, 74, 84, 87, 28, 77, 81, 23, 42]",[80],"[1, 74, 84, 87, 28, 77, 81, 23, 42]",[80],"[74, 84, 87, 28, 77, 81, 23, 42]",[1],[80],[],2,0.5117239356040955,"{""0"": 1.1170520782470703, ""1"": -1.0}",0,0,"[1, 74, 84, 87, 28, 77, 81, 23]","[80, 42]","[1, 74, 84, 87, 28, 77, 81, 23]","[80, 42]","[74, 84, 87, 28, 77, 81, 23]",[1],"[80, 42]",[],"[1, 74, 84, 87, 28, 77, 81, 23]","[80, 42]","[74, 84, 87, 28, 77, 81, 23]",[1],"[80, 42]",[],7,1,2,0
665,10,5,"[3, 58, 79, 62, 89, 99, 39, 87, 51, 32]","[58, 79, 62, 89, 99, 39, 87, 51, 32]",[3],0.7270777467675131,0.17532062590082442,2.0,0,0,"[3, 58, 79, 62, 89, 99, 39, 87, 51, 32]",[],"[3, 58, 79, 62, 89, 99, 39, 87, 51, 32]",[],"[58, 79, 62, 89, 99, 39, 87, 51, 32]",[3],[],[],2,0.6534470915794373,"{""0"": 3.5251729488372803, ""1"": 1.9490877389907837}",0,0,"[3, 58, 79, 99, 39, 87, 51, 32]","[62, 89]","[3, 58, 79, 99, 39, 87, 51, 32]","[62, 89]","[58, 79, 99, 39, 87, 51, 32]",[3],"[62, 89]",[],"[3, 58, 79, 99, 39, 87, 51, 32]","[62, 89]","[58, 79, 99, 39, 87, 51, 32]",[3],"[62, 89]",[],7,1,2,0
666,10,5,"[0, 98, 62, 9, 67, 52, 24, 53, 94, 57]","[98, 62, 9, 67, 52, 24, 53, 94, 57]",[0],0.8560903530034116,0.1283598084841135,2.0,0,0,"[0, 98, 62, 9, 67, 52, 24, 53, 94, 57]",[],"[0, 98, 62, 9, 67, 52, 24, 53, 94, 57]",[],"[98, 62, 9, 67, 52, 24, 53, 94, 57]",[0],[],[],3,0.3226124346256256,"{""0"": 0.46461594104766846, ""1"": 1.8114738464355469, ""2"": -1.0}",1,0,"[9, 57]","[0, 98, 62, 67, 52, 24, 53, 94]","[9, 57]","[0, 98, 62, 67, 52, 24, 53, 94]","[9, 57]",[],"[98, 62, 67, 52, 24, 53, 94]",[0],"[9, 57]","[0, 98, 62, 67, 52, 24, 53, 94]","[9, 57]",[],"[98, 62, 67, 52, 24, 53, 94]",[0],2,0,7,1
667,10,5,"[4, 53, 9, 52, 30, 29, 98, 72, 51, 27]","[53, 9, 52, 30, 29, 98, 72, 51, 27]",[4],0.753580711986706,0.09361036473826329,2.0,0,0,"[4, 53, 9, 30, 29, 98, 72, 51, 27]",[52],"[4, 53, 9, 30, 29, 98, 72, 51, 27]",[52],"[53, 9, 30, 29, 98, 72, 51, 27]",[4],[52],[],3,0.4816601574420929,"{""0"": 2.9377880096435547, ""1"": 3.393415927886963, ""2"": -1.0}",1,0,"[53, 9, 30, 29]","[4, 52, 98, 72, 51, 27]","[53, 9, 30, 29]","[4, 52, 98, 72, 51, 27]","[53, 9, 30, 29]",[],"[52, 98, 72, 51, 27]",[4],"[53, 9, 30, 29]","[4, 52, 98, 72, 51, 27]","[53, 9, 30, 29]",[],"[52, 98, 72, 51, 27]",[4],4,0,5,1
668,10,5,"[4, 16, 31, 1, 26, 19, 96, 53, 17, 39]","[16, 31, 26, 19, 96, 53, 17, 39]","[4, 1]",0.6302999737401793,0.17422011633776838,2.0,0,0,"[4, 16, 31, 1, 26, 19, 96, 53, 17, 39]",[],"[4, 16, 31, 1, 26, 19, 96, 53, 17, 39]",[],"[16, 31, 26, 19, 96, 53, 17, 39]","[4, 1]",[],[],4,0.5067871809005737,"{""0"": 1.9681830406188965, ""1"": 4.808990001678467, ""2"": -1.0, ""3"": -1.0}",1,0,"[4, 16, 96, 53, 17, 39]","[31, 1, 26, 19]","[4, 16, 96, 53, 17, 39]","[31, 1, 26, 19]","[16, 96, 53, 17, 39]",[4],"[31, 26, 19]",[1],"[4, 16, 96, 53, 17, 39]","[31, 1, 26, 19]","[16, 96, 53, 17, 39]",[4],"[31, 26, 19]",[1],5,1,3,1
669,10,5,"[4, 67, 54, 39, 3, 79, 33, 52, 51, 47]","[67, 54, 39, 79, 33, 52, 51, 47]","[4, 3]",0.7483179087580726,0.20401011512500722,2.0,0,0,"[4, 67, 54, 39, 3, 79, 33, 52, 51, 47]",[],"[4, 67, 54, 39, 3, 79, 33, 52, 51, 47]",[],"[67, 54, 39, 79, 33, 52, 51, 47]","[4, 3]",[],[],2,0.5727488994598389,"{""0"": 3.171457052230835, ""1"": -1.0}",0,0,"[4, 67, 54, 39, 3, 33, 52, 51, 47]",[79],"[4, 67, 54, 39, 3, 33, 52, 51, 47]",[79],"[67, 54, 39, 33, 52, 51, 47]","[4, 3]",[79],[],"[4, 67, 54, 39, 3, 33, 52, 51, 47]",[79],"[67, 54, 39, 33, 52, 51, 47]","[4, 3]",[79],[],7,2,1,0
670,10,5,"[2, 73, 63, 58, 4, 41, 29, 51, 39, 35]","[73, 63, 58, 41, 29, 51, 39, 35]","[2, 4]",0.6702930767759059,0.15647009178276317,2.0,0,0,"[2, 63, 58, 4, 41, 29, 51, 39, 35]",[73],"[2, 63, 58, 4, 41, 29, 51, 39, 35]",[73],"[63, 58, 41, 29, 51, 39, 35]","[2, 4]",[73],[],2,0.5211319327354431,"{""0"": 2.2620761394500732, ""1"": -1.0}",0,0,"[2, 63, 4, 41, 29, 51, 39, 35]","[73, 58]","[2, 63, 4, 41, 29, 51, 39, 35]","[73, 58]","[63, 41, 29, 51, 39, 35]","[2, 4]","[73, 58]",[],"[2, 63, 4, 41, 29, 51, 39, 35]","[73, 58]","[63, 41, 29, 51, 39, 35]","[2, 4]","[73, 58]",[],6,2,2,0
671,10,5,"[1, 33, 73, 84, 44, 37, 14, 17, 60, 49]","[33, 73, 84, 44, 37, 14, 17, 60, 49]",[1],0.9427494708961757,0.22465676486150354,2.0,0,0,"[1, 33, 73, 84, 44, 37, 14, 17, 60, 49]",[],"[1, 33, 73, 84, 44, 37, 14, 17, 60, 49]",[],"[33, 73, 84, 44, 37, 14, 17, 60, 49]",[1],[],[],3,0.36327916383743286,"{""0"": 1.0061657428741455, ""1"": 1.9825226068496704, ""2"": -1.0}",1,0,"[1, 33, 84, 37, 14, 60, 49]","[73, 44, 17]","[1, 33, 84, 37, 14, 60, 49]","[73, 44, 17]","[33, 84, 37, 14, 60, 49]",[1],"[73, 44, 17]",[],"[1, 33, 84, 37, 14, 60, 49]","[73, 44, 17]","[33, 84, 37, 14, 60, 49]",[1],"[73, 44, 17]",[],6,1,3,0
672,10,5,"[1, 7, 70, 84, 5, 10, 90, 23, 68, 79]","[7, 70, 84, 5, 10, 90, 23, 68, 79]",[1],0.6019008927809422,0.04095529326645181,2.0,0,0,"[1, 7, 70, 84, 5, 90, 68, 79]","[10, 23]","[1, 7, 70, 84, 5, 90, 68, 79]","[10, 23]","[7, 70, 84, 5, 90, 68, 79]",[1],"[10, 23]",[],2,0.3686310052871704,"{""0"": 2.983490467071533, ""1"": -1.0}",0,0,"[1, 7, 84, 5, 90, 68, 79]","[70, 10, 23]","[1, 7, 84, 5, 90, 68, 79]","[70, 10, 23]","[7, 84, 5, 90, 68, 79]",[1],"[70, 10, 23]",[],"[1, 7, 84, 5, 90, 68, 79]","[70, 10, 23]","[7, 84, 5, 90, 68, 79]",[1],"[70, 10, 23]",[],6,1,3,0
673,10,5,"[1, 33, 65, 21, 69, 2, 4, 87, 76, 3]","[33, 65, 21, 69, 87, 76]","[1, 2, 4, 3]",0.6346780601875108,0.09370110205767468,2.0,0,0,"[1, 33, 65, 21, 69, 2, 4, 87, 76, 3]",[],"[1, 33, 65, 21, 69, 2, 4, 87, 76, 3]",[],"[33, 65, 21, 69, 87, 76]","[1, 2, 4, 3]",[],[],4,0.35132843255996704,"{""0"": 4.050370693206787, ""1"": 1.6725506782531738, ""2"": -1.0, ""3"": -1.0}",0,0,"[33, 65, 4, 87, 76, 3]","[1, 21, 69, 2]","[33, 65, 4, 87, 76, 3]","[1, 21, 69, 2]","[33, 65, 87, 76]","[4, 3]","[21, 69]","[1, 2]","[33, 65, 4, 87, 76, 3]","[1, 21, 69, 2]","[33, 65, 87, 76]","[4, 3]","[21, 69]","[1, 2]",4,2,2,2
674,10,5,"[2, 32, 50, 42, 4, 37, 82, 46, 52, 68]","[32, 50, 42, 37, 82, 46, 52, 68]","[2, 4]",0.7223744885469543,0.06493918543017674,2.0,0,0,"[2, 42, 4, 37, 82, 46, 52, 68]","[32, 50]","[2, 42, 4, 37, 82, 46, 52, 68]","[32, 50]","[42, 37, 82, 46, 52, 68]","[2, 4]","[32, 50]",[],4,0.3424293100833893,"{""0"": 2.384650468826294, ""1"": 1.9263887405395508, ""2"": -1.0, ""3"": -1.0}",0,0,"[37, 46, 52, 68]","[2, 32, 50, 42, 4, 82]","[37, 46, 52, 68]","[2, 32, 50, 42, 4, 82]","[37, 46, 52, 68]",[],"[32, 50, 42, 82]","[2, 4]","[37, 46, 52, 68]","[2, 32, 50, 42, 4, 82]","[37, 46, 52, 68]",[],"[32, 50, 42, 82]","[2, 4]",4,0,4,2
675,10,5,"[3, 80, 54, 77, 6, 5, 11, 22, 28, 25]","[80, 54, 77, 6, 5, 11, 22, 28, 25]",[3],0.5786568108012997,0.048509358531955704,2.0,0,0,"[3, 80, 77, 6, 5, 11, 22, 28, 25]",[54],"[3, 80, 77, 6, 5, 11, 22, 28, 25]",[54],"[80, 77, 6, 5, 11, 22, 28, 25]",[3],[54],[],3,0.4495620131492615,"{""0"": 2.8822076320648193, ""1"": 1.8079125881195068, ""2"": 2.641425132751465}",0,0,"[3, 77, 5, 28]","[80, 54, 6, 11, 22, 25]","[3, 77, 5, 28]","[80, 54, 6, 11, 22, 25]","[77, 5, 28]",[3],"[80, 54, 6, 11, 22, 25]",[],"[3, 77, 5, 28]","[80, 54, 6, 11, 22, 25]","[77, 5, 28]",[3],"[80, 54, 6, 11, 22, 25]",[],3,1,6,0
676,10,5,"[0, 41, 18, 39, 2, 35, 16, 82, 59, 42]","[41, 18, 39, 35, 16, 82, 59, 42]","[0, 2]",0.7474505012676997,0.11478820535603751,2.0,0,0,"[0, 41, 18, 39, 2, 35, 16, 82, 59, 42]",[],"[0, 41, 18, 39, 2, 35, 16, 82, 59, 42]",[],"[41, 18, 39, 35, 16, 82, 59, 42]","[0, 2]",[],[],4,0.23845858871936798,"{""0"": 1.7431836128234863, ""1"": 2.762824058532715, ""2"": -1.0, ""3"": -1.0}",1,0,"[18, 39, 35, 16, 42]","[0, 41, 2, 82, 59]","[18, 39, 35, 16, 42]","[0, 41, 2, 82, 59]","[18, 39, 35, 16, 42]",[],"[41, 82, 59]","[0, 2]","[18, 39, 35, 16, 42]","[0, 41, 2, 82, 59]","[18, 39, 35, 16, 42]",[],"[41, 82, 59]","[0, 2]",5,0,3,2
677,10,5,"[4, 89, 35, 19, 60, 55, 67, 54, 12, 84]","[89, 35, 19, 60, 55, 67, 54, 12, 84]",[4],1.0411520233608569,0.17649805014951053,2.0,0,0,"[4, 89, 35, 19, 55, 67, 54, 12, 84]",[60],"[4, 89, 35, 19, 55, 67, 54, 12, 84]",[60],"[89, 35, 19, 55, 67, 54, 12, 84]",[4],[60],[],2,0.5520147085189819,"{""0"": 1.226635217666626, ""1"": -1.0}",0,0,"[4, 89, 35, 19, 55, 67, 12, 84]","[60, 54]","[4, 89, 35, 19, 55, 67, 12, 84]","[60, 54]","[89, 35, 19, 55, 67, 12, 84]",[4],"[60, 54]",[],"[4, 89, 35, 19, 55, 67, 12, 84]","[60, 54]","[89, 35, 19, 55, 67, 12, 84]",[4],"[60, 54]",[],7,1,2,0
678,10,5,"[1, 62, 58, 94, 74, 96, 26, 31, 29, 43]","[62, 58, 94, 74, 96, 26, 31, 29, 43]",[1],0.7461287513925878,0.0525816478275411,2.0,0,0,"[1, 62, 58, 94, 96, 26, 31, 29, 43]",[74],"[1, 62, 58, 94, 96, 26, 31, 29, 43]",[74],"[62, 58, 94, 96, 26, 31, 29, 43]",[1],[74],[],2,0.42208215594291687,"{""0"": 0.2591509222984314, ""1"": -1.0}",0,0,"[1, 62, 58, 94, 96, 31, 29, 43]","[74, 26]","[1, 62, 58, 94, 96, 31, 29, 43]","[74, 26]","[62, 58, 94, 96, 31, 29, 43]",[1],"[74, 26]",[],"[1, 62, 58, 94, 96, 31, 29, 43]","[74, 26]","[62, 58, 94, 96, 31, 29, 43]",[1],"[74, 26]",[],7,1,2,0
679,10,5,"[3, 79, 40, 20, 2, 12, 71, 35, 33, 42]","[79, 40, 20, 12, 71, 35, 33, 42]","[3, 2]",0.7013247355828953,0.09334120095970538,2.0,0,0,"[3, 79, 40, 20, 2, 12, 71, 35, 33, 42]",[],"[3, 79, 40, 20, 2, 12, 71, 35, 33, 42]",[],"[79, 40, 20, 12, 71, 35, 33, 42]","[3, 2]",[],[],2,0.4323117136955261,"{""0"": 1.1107072830200195, ""1"": 3.543013095855713}",1,0,"[3, 79, 40, 20, 12, 35, 33, 42]","[2, 71]","[3, 79, 40, 20, 12, 35, 33, 42]","[2, 71]","[79, 40, 20, 12, 35, 33, 42]",[3],[71],[2],"[3, 79, 40, 20, 12, 35, 33, 42]","[2, 71]","[79, 40, 20, 12, 35, 33, 42]",[3],[71],[2],7,1,1,1
680,10,5,"[3, 51, 49, 11, 54, 92, 86, 23, 74, 99]","[51, 49, 11, 54, 92, 86, 23, 74, 99]",[3],0.6937233598690621,0.15795903563079244,2.0,0,0,"[3, 51, 49, 11, 54, 92, 86, 23, 74, 99]",[],"[3, 51, 49, 11, 54, 92, 86, 23, 74, 99]",[],"[51, 49, 11, 54, 92, 86, 23, 74, 99]",[3],[],[],2,0.718151330947876,"{""0"": 3.4458389282226562, ""1"": -1.0}",0,0,"[3, 51, 49, 11, 92, 86, 23, 74, 99]",[54],"[3, 51, 49, 11, 92, 86, 23, 74, 99]",[54],"[51, 49, 11, 92, 86, 23, 74, 99]",[3],[54],[],"[3, 51, 49, 11, 92, 86, 23, 74, 99]",[54],"[51, 49, 11, 92, 86, 23, 74, 99]",[3],[54],[],8,1,1,0
681,10,5,"[2, 7, 94, 54, 37, 9, 1, 28, 10, 69]","[7, 94, 54, 37, 9, 28, 10, 69]","[2, 1]",0.7794362265448831,0.10375594580191605,2.0,0,0,"[2, 7, 94, 37, 9, 1, 28, 10, 69]",[54],"[2, 7, 94, 37, 9, 1, 28, 10, 69]",[54],"[7, 94, 37, 9, 28, 10, 69]","[2, 1]",[54],[],2,0.5827776789665222,"{""0"": 4.417852878570557, ""1"": -1.0}",0,0,"[7, 94, 37, 9, 1, 28, 10, 69]","[2, 54]","[7, 94, 37, 9, 1, 28, 10, 69]","[2, 54]","[7, 94, 37, 9, 28, 10, 69]",[1],[54],[2],"[7, 94, 37, 9, 1, 28, 10, 69]","[2, 54]","[7, 94, 37, 9, 28, 10, 69]",[1],[54],[2],7,1,1,1
682,10,5,"[2, 9, 82, 84, 63, 32, 86, 24, 53, 48]","[9, 82, 84, 63, 32, 86, 24, 53, 48]",[2],0.8013699292095993,0.12409199254966435,2.0,0,0,"[2, 9, 82, 84, 63, 32, 86, 24, 53]",[48],"[2, 9, 82, 84, 63, 32, 86, 24, 53]",[48],"[9, 82, 84, 63, 32, 86, 24, 53]",[2],[48],[],2,0.624932050704956,"{""0"": 2.9354982376098633, ""1"": -1.0}",0,0,"[9, 82, 84, 63, 32, 86, 24, 53]","[2, 48]","[9, 82, 84, 63, 32, 86, 24, 53]","[2, 48]","[9, 82, 84, 63, 32, 86, 24, 53]",[],[48],[2],"[9, 82, 84, 63, 32, 86, 24, 53]","[2, 48]","[9, 82, 84, 63, 32, 86, 24, 53]",[],[48],[2],8,0,1,1
683,10,5,"[1, 28, 33, 82, 55, 48, 90, 47, 37, 96]","[28, 33, 82, 55, 48, 90, 47, 37, 96]",[1],0.6344345293596687,0.05151008754705544,2.0,0,0,"[1, 28, 33, 82, 55, 90, 37, 96]","[48, 47]","[1, 28, 33, 82, 55, 90, 37, 96]","[48, 47]","[28, 33, 82, 55, 90, 37, 96]",[1],"[48, 47]",[],2,0.6584432125091553,"{""0"": 3.6823678016662598, ""1"": -1.0}",0,0,"[1, 28, 33, 55, 90, 37, 96]","[82, 48, 47]","[1, 28, 33, 55, 90, 37, 96]","[82, 48, 47]","[28, 33, 55, 90, 37, 96]",[1],"[82, 48, 47]",[],"[1, 28, 33, 55, 90, 37, 96]","[82, 48, 47]","[28, 33, 55, 90, 37, 96]",[1],"[82, 48, 47]",[],6,1,3,0
684,10,5,"[0, 17, 85, 8, 29, 98, 70, 36, 95, 53]","[17, 85, 8, 29, 98, 70, 36, 95, 53]",[0],0.7316714505281979,0.11045148386936376,2.0,0,0,"[0, 17, 85, 8, 29, 98, 70, 36, 95, 53]",[],"[0, 17, 85, 8, 29, 98, 70, 36, 95, 53]",[],"[17, 85, 8, 29, 98, 70, 36, 95, 53]",[0],[],[],2,0.5333417654037476,"{""0"": 1.777932047843933, ""1"": -1.0}",0,0,"[0, 17, 85, 8, 29, 98, 70, 36, 53]",[95],"[0, 17, 85, 8, 29, 98, 70, 36, 53]",[95],"[17, 85, 8, 29, 98, 70, 36, 53]",[0],[95],[],"[0, 17, 85, 8, 29, 98, 70, 36, 53]",[95],"[17, 85, 8, 29, 98, 70, 36, 53]",[0],[95],[],8,1,1,0
685,10,5,"[3, 87, 23, 56, 34, 39, 7, 10, 78, 97]","[87, 23, 56, 34, 39, 7, 10, 78, 97]",[3],0.6195487950879375,0.07515036917456036,2.0,0,0,"[3, 87, 23, 56, 34, 39, 10, 78, 97]",[7],"[3, 87, 23, 56, 34, 39, 10, 78, 97]",[7],"[87, 23, 56, 34, 39, 10, 78, 97]",[3],[7],[],2,0.5893701910972595,"{""0"": 3.4028115272521973, ""1"": -1.0}",0,0,"[3, 87, 23, 56, 34, 39, 10, 78]","[7, 97]","[3, 87, 23, 56, 34, 39, 10, 78]","[7, 97]","[87, 23, 56, 34, 39, 10, 78]",[3],"[7, 97]",[],"[3, 87, 23, 56, 34, 39, 10, 78]","[7, 97]","[87, 23, 56, 34, 39, 10, 78]",[3],"[7, 97]",[],7,1,2,0
686,10,5,"[4, 80, 23, 91, 66, 78, 15, 39, 87, 27]","[80, 23, 91, 66, 78, 15, 39, 87, 27]",[4],0.4959836698635557,0.04729199140895021,2.0,0,0,"[4, 80, 23, 91, 66, 78, 15, 39, 87, 27]",[],"[4, 80, 23, 91, 66, 78, 15, 39, 87, 27]",[],"[80, 23, 91, 66, 78, 15, 39, 87, 27]",[4],[],[],2,0.4219285845756531,"{""0"": 1.376908540725708, ""1"": 1.5618492364883423}",1,0,"[91, 15]","[4, 80, 23, 66, 78, 39, 87, 27]","[91, 15]","[4, 80, 23, 66, 78, 39, 87, 27]","[91, 15]",[],"[80, 23, 66, 78, 39, 87, 27]",[4],"[91, 15]","[4, 80, 23, 66, 78, 39, 87, 27]","[91, 15]",[],"[80, 23, 66, 78, 39, 87, 27]",[4],2,0,7,1
687,10,5,"[2, 28, 44, 82, 34, 24, 81, 92, 56, 17]","[28, 44, 82, 34, 24, 81, 92, 56, 17]",[2],0.9527604817700939,0.1524945940488896,2.0,0,0,"[2, 28, 44, 82, 34, 24, 81, 92, 56, 17]",[],"[2, 28, 44, 82, 34, 24, 81, 92, 56, 17]",[],"[28, 44, 82, 34, 24, 81, 92, 56, 17]",[2],[],[],2,0.4767608046531677,"{""0"": 1.1579797267913818, ""1"": -1.0}",0,0,"[28, 44, 82, 34, 24, 81, 92, 56, 17]",[2],"[28, 44, 82, 34, 24, 81, 92, 56, 17]",[2],"[28, 44, 82, 34, 24, 81, 92, 56, 17]",[],[],[2],"[28, 44, 82, 34, 24, 81, 92, 56, 17]",[2],"[28, 44, 82, 34, 24, 81, 92, 56, 17]",[],[],[2],9,0,0,1
688,10,5,"[4, 86, 55, 96, 83, 0, 64, 89, 66, 11]","[86, 55, 96, 83, 64, 89, 66, 11]","[4, 0]",0.6784569973792514,0.1346569513585255,2.0,0,0,"[4, 86, 55, 96, 83, 0, 64, 89, 66, 11]",[],"[4, 86, 55, 96, 83, 0, 64, 89, 66, 11]",[],"[86, 55, 96, 83, 64, 89, 66, 11]","[4, 0]",[],[],2,0.43209370970726013,"{""0"": 1.0361698865890503, ""1"": 1.6649928092956543}",1,0,"[96, 89]","[4, 86, 55, 83, 0, 64, 66, 11]","[96, 89]","[4, 86, 55, 83, 0, 64, 66, 11]","[96, 89]",[],"[86, 55, 83, 64, 66, 11]","[4, 0]","[96, 89]","[4, 86, 55, 83, 0, 64, 66, 11]","[96, 89]",[],"[86, 55, 83, 64, 66, 11]","[4, 0]",2,0,6,2
689,10,5,"[1, 65, 37, 92, 59, 43, 10, 32, 95, 98]","[65, 37, 92, 59, 43, 10, 32, 95, 98]",[1],0.638316993540841,0.15733971894298218,2.0,0,0,"[1, 65, 37, 92, 59, 43, 10, 32, 95, 98]",[],"[1, 65, 37, 92, 59, 43, 10, 32, 95, 98]",[],"[65, 37, 92, 59, 43, 10, 32, 95, 98]",[1],[],[],2,0.4216304421424866,"{""0"": 1.1935946941375732, ""1"": 2.2797272205352783}",1,0,"[1, 65, 37, 92, 43, 10, 32, 98]","[59, 95]","[1, 65, 37, 92, 43, 10, 32, 98]","[59, 95]","[65, 37, 92, 43, 10, 32, 98]",[1],"[59, 95]",[],"[1, 65, 37, 92, 43, 10, 32, 98]","[59, 95]","[65, 37, 92, 43, 10, 32, 98]",[1],"[59, 95]",[],7,1,2,0
690,10,5,"[2, 6, 60, 87, 35, 80, 12, 65, 95, 41]","[6, 60, 87, 35, 80, 12, 65, 95, 41]",[2],0.6111453774701087,0.11123372895067293,2.0,0,0,"[2, 6, 87, 35, 80, 12, 65, 41]","[60, 95]","[2, 6, 87, 35, 80, 12, 65, 41]","[60, 95]","[6, 87, 35, 80, 12, 65, 41]",[2],"[60, 95]",[],2,0.562291145324707,"{""0"": 3.703517198562622, ""1"": -1.0}",0,0,"[2, 6, 87, 35, 80, 12, 65]","[60, 95, 41]","[2, 6, 87, 35, 80, 12, 65]","[60, 95, 41]","[6, 87, 35, 80, 12, 65]",[2],"[60, 95, 41]",[],"[2, 6, 87, 35, 80, 12, 65]","[60, 95, 41]","[6, 87, 35, 80, 12, 65]",[2],"[60, 95, 41]",[],6,1,3,0
691,10,5,"[0, 48, 90, 69, 18, 86, 34, 7, 98, 45]","[48, 90, 69, 18, 86, 34, 7, 98, 45]",[0],0.6962428741540838,0.09721948850929252,2.0,0,0,"[0, 90, 69, 18, 86, 34, 7, 98, 45]",[48],"[0, 90, 69, 18, 86, 34, 7, 98, 45]",[48],"[90, 69, 18, 86, 34, 7, 98, 45]",[0],[48],[],4,0.5068118572235107,"{""0"": 5.579623222351074, ""1"": -1.0, ""2"": -1.0, ""3"": -1.0}",0,0,"[90, 69, 86, 34, 98, 45]","[0, 48, 18, 7]","[90, 69, 86, 34, 98, 45]","[0, 48, 18, 7]","[90, 69, 86, 34, 98, 45]",[],"[48, 18, 7]",[0],"[90, 69, 86, 34, 98, 45]","[0, 48, 18, 7]","[90, 69, 86, 34, 98, 45]",[],"[48, 18, 7]",[0],6,0,3,1
692,10,5,"[2, 99, 35, 54, 92, 45, 10, 17, 8, 52]","[99, 35, 54, 92, 45, 10, 17, 8, 52]",[2],0.8890884939732846,0.053902605780031754,2.0,0,0,"[2, 99, 35, 92, 45, 10, 17, 8, 52]",[54],"[2, 99, 35, 92, 45, 10, 17, 8, 52]",[54],"[99, 35, 92, 45, 10, 17, 8, 52]",[2],[54],[],4,0.3836027681827545,"{""0"": 2.5973312854766846, ""1"": 1.870497703552246, ""2"": -1.0, ""3"": 1.9473742246627808}",0,0,"[99, 92, 45, 52]","[2, 35, 54, 10, 17, 8]","[99, 92, 45, 52]","[2, 35, 54, 10, 17, 8]","[99, 92, 45, 52]",[],"[35, 54, 10, 17, 8]",[2],"[99, 92, 45, 52]","[2, 35, 54, 10, 17, 8]","[99, 92, 45, 52]",[],"[35, 54, 10, 17, 8]",[2],4,0,5,1
693,10,5,"[4, 2, 85, 81, 83, 56, 14, 13, 80, 93]","[85, 81, 83, 56, 14, 13, 80, 93]","[4, 2]",0.8199439581812318,0.049536072069308934,2.0,0,0,"[4, 2, 85, 81, 83, 56, 14, 13, 80, 93]",[],"[4, 2, 85, 81, 83, 56, 14, 13, 80, 93]",[],"[85, 81, 83, 56, 14, 13, 80, 93]","[4, 2]",[],[],3,0.48681655526161194,"{""0"": 3.00295090675354, ""1"": 1.937293291091919, ""2"": -1.0}",0,0,"[4, 81, 83, 56, 14, 80, 93]","[2, 85, 13]","[4, 81, 83, 56, 14, 80, 93]","[2, 85, 13]","[81, 83, 56, 14, 80, 93]",[4],"[85, 13]",[2],"[4, 81, 83, 56, 14, 80, 93]","[2, 85, 13]","[81, 83, 56, 14, 80, 93]",[4],"[85, 13]",[2],6,1,2,1
694,10,5,"[2, 99, 76, 59, 28, 82, 57, 20, 43, 31]","[99, 76, 59, 28, 82, 57, 20, 43, 31]",[2],0.7254186617173297,0.1713780180858247,2.0,0,0,"[2, 99, 76, 59, 28, 82, 57, 20, 43]",[31],"[2, 99, 76, 59, 28, 82, 57, 20, 43]",[31],"[99, 76, 59, 28, 82, 57, 20, 43]",[2],[31],[],2,0.6126189827919006,"{""0"": 2.7252860069274902, ""1"": -1.0}",0,0,"[2, 99, 76, 59, 28, 82, 57, 20]","[43, 31]","[2, 99, 76, 59, 28, 82, 57, 20]","[43, 31]","[99, 76, 59, 28, 82, 57, 20]",[2],"[43, 31]",[],"[2, 99, 76, 59, 28, 82, 57, 20]","[43, 31]","[99, 76, 59, 28, 82, 57, 20]",[2],"[43, 31]",[],7,1,2,0
695,10,5,"[0, 30, 16, 41, 69, 35, 49, 40, 98, 77]","[30, 16, 41, 69, 35, 49, 40, 98, 77]",[0],0.8834847765394951,0.05515323607371292,2.0,0,0,"[0, 30, 16, 41, 69, 35, 40, 77]","[49, 98]","[0, 30, 16, 41, 69, 35, 40, 77]","[49, 98]","[30, 16, 41, 69, 35, 40, 77]",[0],"[49, 98]",[],2,0.3411852717399597,"{""0"": 1.0058250427246094, ""1"": -1.0}",0,0,"[0, 30, 16, 41, 69, 35, 77]","[49, 40, 98]","[0, 30, 16, 41, 69, 35, 77]","[49, 40, 98]","[30, 16, 41, 69, 35, 77]",[0],"[49, 40, 98]",[],"[0, 30, 16, 41, 69, 35, 77]","[49, 40, 98]","[30, 16, 41, 69, 35, 77]",[0],"[49, 40, 98]",[],6,1,3,0
696,10,5,"[2, 35, 98, 17, 71, 3, 89, 42, 33, 87]","[35, 98, 17, 71, 89, 42, 33, 87]","[2, 3]",0.745718586956066,0.09077327873830587,2.0,0,0,"[2, 35, 98, 17, 71, 3, 89, 42, 33, 87]",[],"[2, 35, 98, 17, 71, 3, 89, 42, 33, 87]",[],"[35, 98, 17, 71, 89, 42, 33, 87]","[2, 3]",[],[],2,0.5299579501152039,"{""0"": 2.1034679412841797, ""1"": 1.8260273933410645}",0,0,"[35, 98, 17, 3, 89, 42, 33, 87]","[2, 71]","[35, 98, 17, 3, 89, 42, 33, 87]","[2, 71]","[35, 98, 17, 89, 42, 33, 87]",[3],[71],[2],"[35, 98, 17, 3, 89, 42, 33, 87]","[2, 71]","[35, 98, 17, 89, 42, 33, 87]",[3],[71],[2],7,1,1,1
697,10,5,"[0, 8, 75, 22, 94, 97, 27, 14, 74, 46]","[8, 75, 22, 94, 97, 27, 14, 74, 46]",[0],0.5848789678294126,0.1537916804733471,2.0,0,0,"[0, 8, 75, 22, 94, 27, 14, 74, 46]",[97],"[0, 8, 75, 22, 94, 27, 14, 74, 46]",[97],"[8, 75, 22, 94, 27, 14, 74, 46]",[0],[97],[],2,0.42731374502182007,"{""0"": 2.1393814086914062, ""1"": -1.0}",0,0,"[0, 8, 75, 22, 94, 27, 14, 74]","[97, 46]","[0, 8, 75, 22, 94, 27, 14, 74]","[97, 46]","[8, 75, 22, 94, 27, 14, 74]",[0],"[97, 46]",[],"[0, 8, 75, 22, 94, 27, 14, 74]","[97, 46]","[8, 75, 22, 94, 27, 14, 74]",[0],"[97, 46]",[],7,1,2,0
698,10,5,"[0, 61, 72, 64, 32, 2, 44, 88, 25, 75]","[61, 72, 64, 32, 44, 88, 25, 75]","[0, 2]",0.7784745629416409,0.10194854140546677,2.0,0,0,"[0, 61, 72, 64, 32, 2, 44, 25, 75]",[88],"[0, 61, 72, 64, 32, 2, 44, 25, 75]",[88],"[61, 72, 64, 32, 44, 25, 75]","[0, 2]",[88],[],3,0.5867245197296143,"{""0"": 2.717538595199585, ""1"": 2.8138179779052734, ""2"": 2.923598527908325}",2,0,"[61, 64, 32]","[0, 72, 2, 44, 88, 25, 75]","[61, 64, 32]","[0, 72, 2, 44, 88, 25, 75]","[61, 64, 32]",[],"[72, 44, 88, 25, 75]","[0, 2]","[61, 64, 32]","[0, 72, 2, 44, 88, 25, 75]","[61, 64, 32]",[],"[72, 44, 88, 25, 75]","[0, 2]",3,0,5,2
699,10,5,"[0, 5, 31, 98, 35, 82, 94, 81, 27, 24]","[5, 31, 98, 35, 82, 94, 81, 27, 24]",[0],0.8233005954492002,0.13823404461267996,2.0,0,0,"[0, 5, 98, 35, 82, 94, 81, 27, 24]",[31],"[0, 5, 98, 35, 82, 94, 81, 27, 24]",[31],"[5, 98, 35, 82, 94, 81, 27, 24]",[0],[31],[],2,0.5144608020782471,"{""0"": 2.8983957767486572, ""1"": -1.0}",0,0,"[0, 5, 98, 35, 82, 94, 81, 27]","[31, 24]","[0, 5, 98, 35, 82, 94, 81, 27]","[31, 24]","[5, 98, 35, 82, 94, 81, 27]",[0],"[31, 24]",[],"[0, 5, 98, 35, 82, 94, 81, 27]","[31, 24]","[5, 98, 35, 82, 94, 81, 27]",[0],"[31, 24]",[],7,1,2,0
700,10,5,"[4, 21, 50, 19, 3, 43, 88, 47, 99, 91]","[21, 50, 19, 43, 88, 47, 99, 91]","[4, 3]",0.7452373264056722,0.15450822079597476,2.0,0,0,"[4, 21, 50, 19, 3, 43, 47, 99, 91]",[88],"[4, 21, 50, 19, 3, 43, 47, 99, 91]",[88],"[21, 50, 19, 43, 47, 99, 91]","[4, 3]",[88],[],3,0.4966653287410736,"{""0"": 5.361572742462158, ""1"": 1.853562355041504, ""2"": -1.0}",0,0,"[4, 21, 50, 19, 3, 91]","[43, 88, 47, 99]","[4, 21, 50, 19, 3, 91]","[43, 88, 47, 99]","[21, 50, 19, 91]","[4, 3]","[43, 88, 47, 99]",[],"[4, 21, 50, 19, 3, 91]","[43, 88, 47, 99]","[21, 50, 19, 91]","[4, 3]","[43, 88, 47, 99]",[],4,2,4,0
