epoch,num_sampled,num_adversaries,sampled_ids,sampled_benign_ids,sampled_malicious_ids,mad_median_norm,mad_mad,mad_k,mad_safety_keep_used,mad_fallback_used,mad_pass_ids,mad_reject_ids,mad_effective_pass_ids,mad_effective_reject_ids,mad_pass_benign_ids,mad_pass_malicious_ids,mad_reject_benign_ids,mad_reject_malicious_ids,cluster_best_k,cluster_best_score,cluster_scores,cluster_selected_cluster,cluster_fallback_used,cluster_pass_ids,cluster_reject_ids,cluster_effective_pass_ids,cluster_effective_reject_ids,cluster_pass_benign_ids,cluster_pass_malicious_ids,cluster_reject_benign_ids,cluster_reject_malicious_ids,final_selected_ids,final_rejected_ids,final_selected_benign_ids,final_selected_malicious_ids,final_rejected_benign_ids,final_rejected_malicious_ids,final_selected_benign_count,final_selected_malicious_count,final_rejected_benign_count,final_rejected_malicious_count
1,10,5,"[4, 32, 71, 58, 3, 24, 62, 67, 43, 29]","[32, 71, 58, 24, 62, 67, 43, 29]","[4, 3]",0.7566702593450734,0.09993510021104846,4.524187090179797,0,0,"[32, 71, 58, 24, 62, 67, 43, 29]","[4, 3]","[32, 71, 58, 24, 62, 67, 43, 29]","[4, 3]","[32, 71, 58, 24, 62, 67, 43, 29]",[],[],"[4, 3]",2,0.46779024600982666,"{""0"": 4.974814414978027, ""1"": -1.0}",0,0,"[32, 71, 58, 24, 62, 43, 29]","[4, 3, 67]","[32, 71, 58, 24, 62, 43, 29]","[4, 3, 67]","[32, 71, 58, 24, 62, 43, 29]",[],[67],"[4, 3]","[32, 71, 58, 24, 62, 43, 29]","[4, 3, 67]","[32, 71, 58, 24, 62, 43, 29]",[],[67],"[4, 3]",7,0,1,2
2,10,5,"[3, 73, 72, 99, 20, 15, 37, 93, 74, 22]","[73, 72, 99, 20, 15, 37, 93, 74, 22]",[3],0.9086468710758064,0.18020453687827703,4.093653765389909,0,0,"[73, 72, 99, 20, 15, 37, 93, 74, 22]",[3],"[73, 72, 99, 20, 15, 37, 93, 74, 22]",[3],"[73, 72, 99, 20, 15, 37, 93, 74, 22]",[],[],[3],3,0.4986567497253418,"{""0"": 4.363327980041504, ""1"": -1.0, ""2"": 1.7593002319335938}",0,0,"[99, 20, 37, 93, 74, 22]","[3, 73, 72, 15]","[99, 20, 37, 93, 74, 22]","[3, 73, 72, 15]","[99, 20, 37, 93, 74, 22]",[],"[73, 72, 15]",[3],"[99, 20, 37, 93, 74, 22]","[3, 73, 72, 15]","[99, 20, 37, 93, 74, 22]",[],"[73, 72, 15]",[3],6,0,3,1
3,10,5,"[2, 11, 29, 61, 14, 62, 31, 0, 55, 89]","[11, 29, 61, 14, 62, 31, 55, 89]","[2, 0]",0.8170035515151921,0.1362252977517182,3.7040911034085893,0,0,"[11, 29, 61, 14, 62, 31, 55, 89]","[2, 0]","[11, 29, 61, 14, 62, 31, 55, 89]","[2, 0]","[11, 29, 61, 14, 62, 31, 55, 89]",[],[],"[2, 0]",3,0.4961405396461487,"{""0"": 5.743892669677734, ""1"": -1.0, ""2"": -1.0}",0,0,"[29, 61, 14, 62, 55, 89]","[2, 11, 31, 0]","[29, 61, 14, 62, 55, 89]","[2, 11, 31, 0]","[29, 61, 14, 62, 55, 89]",[],"[11, 31]","[2, 0]","[29, 61, 14, 62, 55, 89]","[2, 11, 31, 0]","[29, 61, 14, 62, 55, 89]",[],"[11, 31]","[2, 0]",6,0,2,2
4,10,5,"[1, 73, 5, 68, 48, 28, 53, 72, 34, 88]","[73, 5, 68, 48, 28, 53, 72, 34, 88]",[1],0.7994359637892288,0.1911696124927555,3.351600230178197,0,0,"[73, 5, 68, 48, 28, 53, 72, 34, 88]",[1],"[73, 5, 68, 48, 28, 53, 72, 34, 88]",[1],"[73, 5, 68, 48, 28, 53, 72, 34, 88]",[],[],[1],3,0.6828724145889282,"{""0"": 6.286310195922852, ""1"": -1.0, ""2"": -1.0}",0,0,"[5, 68, 48, 28, 53, 72, 34]","[1, 73, 88]","[5, 68, 48, 28, 53, 72, 34]","[1, 73, 88]","[5, 68, 48, 28, 53, 72, 34]",[],"[73, 88]",[1],"[5, 68, 48, 28, 53, 72, 34]","[1, 73, 88]","[5, 68, 48, 28, 53, 72, 34]",[],"[73, 88]",[1],7,0,2,1
5,10,5,"[4, 27, 55, 98, 67, 16, 57, 21, 26, 69]","[27, 55, 98, 67, 16, 57, 21, 26, 69]",[4],0.7229949023674387,0.12162905674252034,3.032653298563167,0,0,"[27, 55, 98, 67, 16, 57, 21, 26, 69]",[4],"[27, 55, 98, 67, 16, 57, 21, 26, 69]",[4],"[27, 55, 98, 67, 16, 57, 21, 26, 69]",[],[],[4],2,0.49059152603149414,"{""0"": 5.59191370010376, ""1"": 1.3893625736236572}",0,0,"[27, 55, 98, 16, 57, 21, 69]","[4, 67, 26]","[27, 55, 98, 16, 57, 21, 69]","[4, 67, 26]","[27, 55, 98, 16, 57, 21, 69]",[],"[67, 26]",[4],"[27, 55, 98, 16, 57, 21, 69]","[4, 67, 26]","[27, 55, 98, 16, 57, 21, 69]",[],"[67, 26]",[4],7,0,2,1
6,10,5,"[3, 55, 44, 86, 53, 6, 52, 61, 62, 48]","[55, 44, 86, 53, 6, 52, 61, 62, 48]",[3],0.8777619661179563,0.11387749787370094,2.744058180470132,0,0,"[55, 44, 86, 53, 6, 52, 61, 62, 48]",[3],"[55, 44, 86, 53, 6, 52, 61, 62, 48]",[3],"[55, 44, 86, 53, 6, 52, 61, 62, 48]",[],[],[3],3,0.6769265532493591,"{""0"": 6.722053527832031, ""1"": -1.0, ""2"": -1.0}",0,0,"[55, 86, 53, 6, 52, 61, 62]","[3, 44, 48]","[55, 86, 53, 6, 52, 61, 62]","[3, 44, 48]","[55, 86, 53, 6, 52, 61, 62]",[],"[44, 48]",[3],"[55, 86, 53, 6, 52, 61, 62]","[3, 44, 48]","[55, 86, 53, 6, 52, 61, 62]",[],"[44, 48]",[3],7,0,2,1
7,10,5,"[2, 73, 46, 58, 32, 95, 97, 42, 38, 13]","[73, 46, 58, 32, 95, 97, 42, 38, 13]",[2],1.0926106795876156,0.13235911471911072,2.4829265189570475,0,0,"[73, 46, 58, 32, 95, 97, 42, 13]","[2, 38]","[73, 46, 58, 32, 95, 97, 42, 13]","[2, 38]","[73, 46, 58, 32, 95, 97, 42, 13]",[],[38],[2],2,0.5457227230072021,"{""0"": 2.4753212928771973, ""1"": -1.0}",0,0,"[73, 46, 58, 32, 97, 42, 13]","[2, 95, 38]","[73, 46, 58, 32, 97, 42, 13]","[2, 95, 38]","[73, 46, 58, 32, 97, 42, 13]",[],"[95, 38]",[2],"[73, 46, 58, 32, 97, 42, 13]","[2, 95, 38]","[73, 46, 58, 32, 97, 42, 13]",[],"[95, 38]",[2],7,0,2,1
8,10,5,"[0, 41, 96, 97, 82, 86, 57, 62, 85, 17]","[41, 96, 97, 82, 86, 57, 62, 85, 17]",[0],0.9926162094960729,0.29020596388123165,2.246644820586108,0,0,"[41, 96, 97, 82, 86, 57, 62, 85, 17]",[0],"[41, 96, 97, 82, 86, 57, 62, 85, 17]",[0],"[41, 96, 97, 82, 86, 57, 62, 85, 17]",[],[],[0],2,0.4468686878681183,"{""0"": 6.567154884338379, ""1"": -1.0}",0,0,"[41, 96, 97, 82, 86, 57, 62, 85]","[0, 17]","[41, 96, 97, 82, 86, 57, 62, 85]","[0, 17]","[41, 96, 97, 82, 86, 57, 62, 85]",[],[17],[0],"[41, 96, 97, 82, 86, 57, 62, 85]","[0, 17]","[41, 96, 97, 82, 86, 57, 62, 85]",[],[17],[0],8,0,1,1
9,10,5,"[2, 1, 38, 6, 23, 43, 89, 96, 69, 84]","[38, 6, 23, 43, 89, 96, 69, 84]","[2, 1]",0.8746820651227218,0.05731780064778336,2.0328482987029957,0,0,"[38, 6, 43, 89, 96, 69, 84]","[2, 1, 23]","[38, 6, 43, 89, 96, 69, 84]","[2, 1, 23]","[38, 6, 43, 89, 96, 69, 84]",[],[23],"[2, 1]",2,0.5843058228492737,"{""0"": 5.447242259979248, ""1"": -1.0}",0,0,"[38, 6, 43, 89, 96, 84]","[2, 1, 23, 69]","[38, 6, 43, 89, 96, 84]","[2, 1, 23, 69]","[38, 6, 43, 89, 96, 84]",[],"[23, 69]","[2, 1]","[38, 6, 43, 89, 96, 84]","[2, 1, 23, 69]","[38, 6, 43, 89, 96, 84]",[],"[23, 69]","[2, 1]",6,0,2,2
10,10,5,"[4, 95, 65, 71, 9, 3, 81, 70, 41, 42]","[95, 65, 71, 9, 81, 70, 41, 42]","[4, 3]",1.0931900456039128,0.14631144721866085,2.0,0,0,"[95, 65, 71, 9, 81, 70, 41, 42]","[4, 3]","[95, 65, 71, 9, 81, 70, 41, 42]","[4, 3]","[95, 65, 71, 9, 81, 70, 41, 42]",[],[],"[4, 3]",2,0.5220382213592529,"{""0"": 4.23537540435791, ""1"": 2.872739315032959}",0,0,"[65, 71, 81, 70, 42]","[4, 95, 9, 3, 41]","[65, 71, 81, 70, 42]","[4, 95, 9, 3, 41]","[65, 71, 81, 70, 42]",[],"[95, 9, 41]","[4, 3]","[65, 71, 81, 70, 42]","[4, 95, 9, 3, 41]","[65, 71, 81, 70, 42]",[],"[95, 9, 41]","[4, 3]",5,0,3,2
11,10,5,"[4, 58, 20, 28, 44, 63, 65, 38, 97, 47]","[58, 20, 28, 44, 63, 65, 38, 97, 47]",[4],0.9085835805334022,0.19978454019780784,2.0,0,0,"[58, 20, 28, 44, 63, 65, 38, 97, 47]",[4],"[58, 20, 28, 44, 63, 65, 38, 97, 47]",[4],"[58, 20, 28, 44, 63, 65, 38, 97, 47]",[],[],[4],2,0.8114140629768372,"{""0"": 6.596878528594971, ""1"": 1.9818980693817139}",0,0,"[58, 28, 63, 65, 38, 97, 47]","[4, 20, 44]","[58, 28, 63, 65, 38, 97, 47]","[4, 20, 44]","[58, 28, 63, 65, 38, 97, 47]",[],"[20, 44]",[4],"[58, 28, 63, 65, 38, 97, 47]","[4, 20, 44]","[58, 28, 63, 65, 38, 97, 47]",[],"[20, 44]",[4],7,0,2,1
12,10,5,"[3, 81, 20, 6, 68, 2, 37, 15, 11, 48]","[81, 20, 6, 68, 37, 15, 11, 48]","[3, 2]",0.7497157980131985,0.19927338846870574,2.0,0,0,"[81, 20, 6, 68, 37, 15, 11, 48]","[3, 2]","[81, 20, 6, 68, 37, 15, 11, 48]","[3, 2]","[81, 20, 6, 68, 37, 15, 11, 48]",[],[],"[3, 2]",2,0.629688024520874,"{""0"": 4.058435440063477, ""1"": -1.0}",0,0,"[81, 20, 6, 68, 37, 15, 11]","[3, 2, 48]","[81, 20, 6, 68, 37, 15, 11]","[3, 2, 48]","[81, 20, 6, 68, 37, 15, 11]",[],[48],"[3, 2]","[81, 20, 6, 68, 37, 15, 11]","[3, 2, 48]","[81, 20, 6, 68, 37, 15, 11]",[],[48],"[3, 2]",7,0,1,2
13,10,5,"[0, 60, 95, 98, 39, 75, 32, 15, 52, 49]","[60, 95, 98, 39, 75, 32, 15, 52, 49]",[0],0.8783636071215488,0.24774256642949166,2.0,0,0,"[60, 95, 98, 39, 75, 32, 15, 52, 49]",[0],"[60, 95, 98, 39, 75, 32, 15, 52, 49]",[0],"[60, 95, 98, 39, 75, 32, 15, 52, 49]",[],[],[0],2,0.5615812540054321,"{""0"": 5.200060844421387, ""1"": -1.0}",0,0,"[60, 98, 39, 75, 32, 15, 52, 49]","[0, 95]","[60, 98, 39, 75, 32, 15, 52, 49]","[0, 95]","[60, 98, 39, 75, 32, 15, 52, 49]",[],[95],[0],"[60, 98, 39, 75, 32, 15, 52, 49]","[0, 95]","[60, 98, 39, 75, 32, 15, 52, 49]",[],[95],[0],8,0,1,1
14,10,5,"[0, 67, 86, 16, 55, 99, 88, 15, 12, 44]","[67, 86, 16, 55, 99, 88, 15, 12, 44]",[0],0.7145447482255982,0.09965266405606937,2.0,0,0,"[67, 86, 16, 55, 99, 15, 12, 44]","[0, 88]","[67, 86, 16, 55, 99, 15, 12, 44]","[0, 88]","[67, 86, 16, 55, 99, 15, 12, 44]",[],[88],[0],2,0.5279731154441833,"{""0"": 5.705970764160156, ""1"": -1.0}",0,0,"[86, 16, 55, 99, 15, 12, 44]","[0, 67, 88]","[86, 16, 55, 99, 15, 12, 44]","[0, 67, 88]","[86, 16, 55, 99, 15, 12, 44]",[],"[67, 88]",[0],"[86, 16, 55, 99, 15, 12, 44]","[0, 67, 88]","[86, 16, 55, 99, 15, 12, 44]",[],"[67, 88]",[0],7,0,2,1
15,10,5,"[2, 81, 49, 56, 12, 30, 83, 37, 3, 91]","[81, 49, 56, 12, 30, 83, 37, 91]","[2, 3]",0.6883144260373328,0.17392651332912168,2.0,0,0,"[81, 49, 56, 12, 30, 83, 37, 91]","[2, 3]","[81, 49, 56, 12, 30, 83, 37, 91]","[2, 3]","[81, 49, 56, 12, 30, 83, 37, 91]",[],[],"[2, 3]",4,0.3421705961227417,"{""0"": 2.9089860916137695, ""1"": 1.8796672821044922, ""2"": -1.0, ""3"": 1.9991570711135864}",0,0,"[81, 83, 37]","[2, 49, 56, 12, 30, 3, 91]","[81, 83, 37]","[2, 49, 56, 12, 30, 3, 91]","[81, 83, 37]",[],"[49, 56, 12, 30, 91]","[2, 3]","[81, 83, 37]","[2, 49, 56, 12, 30, 3, 91]","[81, 83, 37]",[],"[49, 56, 12, 30, 91]","[2, 3]",3,0,5,2
16,10,5,"[2, 57, 85, 84, 46, 6, 40, 43, 71, 39]","[57, 85, 84, 46, 6, 40, 43, 71, 39]",[2],0.7817343751975692,0.10161950198959241,2.0,0,0,"[57, 85, 84, 46, 6, 40, 43, 71, 39]",[2],"[57, 85, 84, 46, 6, 40, 43, 71, 39]",[2],"[57, 85, 84, 46, 6, 40, 43, 71, 39]",[],[],[2],2,0.4741518795490265,"{""0"": 3.131328582763672, ""1"": 1.9748291969299316}",0,0,"[57, 84, 46, 6, 40, 43, 39]","[2, 85, 71]","[57, 84, 46, 6, 40, 43, 39]","[2, 85, 71]","[57, 84, 46, 6, 40, 43, 39]",[],"[85, 71]",[2],"[57, 84, 46, 6, 40, 43, 39]","[2, 85, 71]","[57, 84, 46, 6, 40, 43, 39]",[],"[85, 71]",[2],7,0,2,1
17,10,5,"[0, 83, 71, 76, 18, 17, 81, 62, 3, 52]","[83, 71, 76, 18, 17, 81, 62, 52]","[0, 3]",0.9223491643044688,0.12734588663600416,2.0,0,0,"[83, 71, 76, 18, 17, 81, 62, 52]","[0, 3]","[83, 71, 76, 18, 17, 81, 62, 52]","[0, 3]","[83, 71, 76, 18, 17, 81, 62, 52]",[],[],"[0, 3]",2,0.5609042644500732,"{""0"": 1.8267117738723755, ""1"": 5.785472393035889}",1,0,"[83, 76, 18, 17, 62, 52]","[0, 71, 81, 3]","[83, 76, 18, 17, 62, 52]","[0, 71, 81, 3]","[83, 76, 18, 17, 62, 52]",[],"[71, 81]","[0, 3]","[83, 76, 18, 17, 62, 52]","[0, 71, 81, 3]","[83, 76, 18, 17, 62, 52]",[],"[71, 81]","[0, 3]",6,0,2,2
18,10,5,"[4, 80, 88, 5, 84, 50, 40, 78, 31, 43]","[80, 88, 5, 84, 50, 40, 78, 31, 43]",[4],0.9294254845616028,0.10640834954281203,2.0,0,0,"[80, 5, 84, 50, 40, 78, 31, 43]","[4, 88]","[80, 5, 84, 50, 40, 78, 31, 43]","[4, 88]","[80, 5, 84, 50, 40, 78, 31, 43]",[],[88],[4],2,0.433871328830719,"{""0"": 5.136629581451416, ""1"": -1.0}",0,0,"[80, 5, 84, 50, 40, 78, 43]","[4, 88, 31]","[80, 5, 84, 50, 40, 78, 43]","[4, 88, 31]","[80, 5, 84, 50, 40, 78, 43]",[],"[88, 31]",[4],"[80, 5, 84, 50, 40, 78, 43]","[4, 88, 31]","[80, 5, 84, 50, 40, 78, 43]",[],"[88, 31]",[4],7,0,2,1
19,10,5,"[3, 84, 45, 95, 90, 65, 6, 87, 29, 51]","[84, 45, 95, 90, 65, 6, 87, 29, 51]",[3],0.8853107015713906,0.0919834762882164,2.0,0,0,"[84, 45, 90, 65, 6, 87, 29, 51]","[3, 95]","[84, 45, 90, 65, 6, 87, 29, 51]","[3, 95]","[84, 45, 90, 65, 6, 87, 29, 51]",[],[95],[3],2,0.6438343524932861,"{""0"": 5.7440185546875, ""1"": -1.0}",0,0,"[84, 90, 65, 6, 87, 29, 51]","[3, 45, 95]","[84, 90, 65, 6, 87, 29, 51]","[3, 45, 95]","[84, 90, 65, 6, 87, 29, 51]",[],"[45, 95]",[3],"[84, 90, 65, 6, 87, 29, 51]","[3, 45, 95]","[84, 90, 65, 6, 87, 29, 51]",[],"[45, 95]",[3],7,0,2,1
20,10,5,"[1, 72, 28, 52, 38, 63, 18, 22, 39, 47]","[72, 28, 52, 38, 63, 18, 22, 39, 47]",[1],0.9044663385571061,0.17091629269764658,2.0,0,0,"[72, 28, 52, 38, 63, 18, 22, 39, 47]",[1],"[72, 28, 52, 38, 63, 18, 22, 39, 47]",[1],"[72, 28, 52, 38, 63, 18, 22, 39, 47]",[],[],[1],3,0.6276789903640747,"{""0"": 5.47418212890625, ""1"": 1.9819039106369019, ""2"": -1.0}",0,0,"[52, 38, 63, 18, 22, 39]","[1, 72, 28, 47]","[52, 38, 63, 18, 22, 39]","[1, 72, 28, 47]","[52, 38, 63, 18, 22, 39]",[],"[72, 28, 47]",[1],"[52, 38, 63, 18, 22, 39]","[1, 72, 28, 47]","[52, 38, 63, 18, 22, 39]",[],"[72, 28, 47]",[1],6,0,3,1
21,10,5,"[2, 99, 66, 96, 13, 63, 5, 68, 94, 29]","[99, 66, 96, 13, 63, 5, 68, 94, 29]",[2],0.6652640722442074,0.07780000792663994,2.0,0,0,"[99, 66, 96, 13, 63, 5, 68, 94, 29]",[2],"[99, 66, 96, 13, 63, 5, 68, 94, 29]",[2],"[99, 66, 96, 13, 63, 5, 68, 94, 29]",[],[],[2],2,0.4193166196346283,"{""0"": 3.2699637413024902, ""1"": 4.135583877563477}",1,0,"[96, 63, 5, 94, 29]","[2, 99, 66, 13, 68]","[96, 63, 5, 94, 29]","[2, 99, 66, 13, 68]","[96, 63, 5, 94, 29]",[],"[99, 66, 13, 68]",[2],"[96, 63, 5, 94, 29]","[2, 99, 66, 13, 68]","[96, 63, 5, 94, 29]",[],"[99, 66, 13, 68]",[2],5,0,4,1
22,10,5,"[1, 45, 9, 98, 99, 38, 83, 86, 24, 34]","[45, 9, 98, 99, 38, 83, 86, 24, 34]",[1],0.8674429555417962,0.21082423298012926,2.0,0,0,"[45, 9, 98, 99, 38, 83, 86, 24, 34]",[1],"[45, 9, 98, 99, 38, 83, 86, 24, 34]",[1],"[45, 9, 98, 99, 38, 83, 86, 24, 34]",[],[],[1],2,0.4979650676250458,"{""0"": 5.463101863861084, ""1"": -1.0}",0,0,"[45, 9, 98, 99, 38, 83, 86, 34]","[1, 24]","[45, 9, 98, 99, 38, 83, 86, 34]","[1, 24]","[45, 9, 98, 99, 38, 83, 86, 34]",[],[24],[1],"[45, 9, 98, 99, 38, 83, 86, 34]","[1, 24]","[45, 9, 98, 99, 38, 83, 86, 34]",[],[24],[1],8,0,1,1
23,10,5,"[2, 83, 82, 79, 81, 91, 53, 52, 90, 32]","[83, 82, 79, 81, 91, 53, 52, 90, 32]",[2],0.7422167692192172,0.06589229663682578,2.0,0,0,"[83, 82, 79, 81, 53, 52, 90, 32]","[2, 91]","[83, 82, 79, 81, 53, 52, 90, 32]","[2, 91]","[83, 82, 79, 81, 53, 52, 90, 32]",[],[91],[2],2,0.43637609481811523,"{""0"": 4.843472003936768, ""1"": -1.0}",0,0,"[83, 79, 81, 53, 52, 90, 32]","[2, 82, 91]","[83, 79, 81, 53, 52, 90, 32]","[2, 82, 91]","[83, 79, 81, 53, 52, 90, 32]",[],"[82, 91]",[2],"[83, 79, 81, 53, 52, 90, 32]","[2, 82, 91]","[83, 79, 81, 53, 52, 90, 32]",[],"[82, 91]",[2],7,0,2,1
24,10,5,"[4, 5, 99, 6, 94, 34, 46, 28, 76, 91]","[5, 99, 6, 94, 34, 46, 28, 76, 91]",[4],0.6139875898612285,0.06533443118944199,2.0,0,0,"[5, 99, 6, 94, 34, 28, 76, 91]","[4, 46]","[5, 99, 6, 94, 34, 28, 76, 91]","[4, 46]","[5, 99, 6, 94, 34, 28, 76, 91]",[],[46],[4],2,0.5011477470397949,"{""0"": 4.307687282562256, ""1"": 2.5279619693756104}",0,0,"[99, 6, 94, 34, 76]","[4, 5, 46, 28, 91]","[99, 6, 94, 34, 76]","[4, 5, 46, 28, 91]","[99, 6, 94, 34, 76]",[],"[5, 46, 28, 91]",[4],"[99, 6, 94, 34, 76]","[4, 5, 46, 28, 91]","[99, 6, 94, 34, 76]",[],"[5, 46, 28, 91]",[4],5,0,4,1
25,10,5,"[4, 2, 35, 90, 93, 71, 98, 70, 95, 54]","[35, 90, 93, 71, 98, 70, 95, 54]","[4, 2]",0.8150794041836835,0.22676369929871237,2.0,0,0,"[35, 90, 93, 71, 98, 70, 95, 54]","[4, 2]","[35, 90, 93, 71, 98, 70, 95, 54]","[4, 2]","[35, 90, 93, 71, 98, 70, 95, 54]",[],[],"[4, 2]",2,0.5989474058151245,"{""0"": 5.439760684967041, ""1"": -1.0}",0,0,"[35, 90, 93, 71, 98, 70, 54]","[4, 2, 95]","[35, 90, 93, 71, 98, 70, 54]","[4, 2, 95]","[35, 90, 93, 71, 98, 70, 54]",[],[95],"[4, 2]","[35, 90, 93, 71, 98, 70, 54]","[4, 2, 95]","[35, 90, 93, 71, 98, 70, 54]",[],[95],"[4, 2]",7,0,1,2
26,10,5,"[3, 81, 22, 41, 14, 39, 1, 88, 74, 49]","[81, 22, 41, 14, 39, 88, 74, 49]","[3, 1]",0.8201459520049619,0.1371194699498406,2.0,0,0,"[81, 22, 41, 14, 39, 74, 49]","[3, 1, 88]","[81, 22, 41, 14, 39, 74, 49]","[3, 1, 88]","[81, 22, 41, 14, 39, 74, 49]",[],[88],"[3, 1]",2,0.7196525931358337,"{""0"": 4.6712822914123535, ""1"": 1.9842033386230469}",0,0,"[22, 41, 14, 39, 74]","[3, 81, 1, 88, 49]","[22, 41, 14, 39, 74]","[3, 81, 1, 88, 49]","[22, 41, 14, 39, 74]",[],"[81, 88, 49]","[3, 1]","[22, 41, 14, 39, 74]","[3, 81, 1, 88, 49]","[22, 41, 14, 39, 74]",[],"[81, 88, 49]","[3, 1]",5,0,3,2
27,10,5,"[0, 95, 57, 7, 73, 75, 65, 58, 27, 10]","[95, 57, 7, 73, 75, 65, 58, 27, 10]",[0],0.7103591020383594,0.13948151203789905,2.0,0,0,"[57, 7, 73, 75, 65, 58, 27, 10]","[0, 95]","[57, 7, 73, 75, 65, 58, 27, 10]","[0, 95]","[57, 7, 73, 75, 65, 58, 27, 10]",[],[95],[0],2,0.561958372592926,"{""0"": 2.867345094680786, ""1"": 4.618694305419922}",1,0,"[57, 7, 65, 58, 27]","[0, 95, 73, 75, 10]","[57, 7, 65, 58, 27]","[0, 95, 73, 75, 10]","[57, 7, 65, 58, 27]",[],"[95, 73, 75, 10]",[0],"[57, 7, 65, 58, 27]","[0, 95, 73, 75, 10]","[57, 7, 65, 58, 27]",[],"[95, 73, 75, 10]",[0],5,0,4,1
28,10,5,"[3, 1, 76, 65, 15, 51, 53, 69, 72, 14]","[76, 65, 15, 51, 53, 69, 72, 14]","[3, 1]",0.9090468249701017,0.1984251560870121,2.0,0,0,"[76, 65, 15, 51, 53, 69, 72, 14]","[3, 1]","[76, 65, 15, 51, 53, 69, 72, 14]","[3, 1]","[76, 65, 15, 51, 53, 69, 72, 14]",[],[],"[3, 1]",2,0.5952410101890564,"{""0"": 6.482446670532227, ""1"": -1.0}",0,0,"[76, 65, 15, 51, 53, 72, 14]","[3, 1, 69]","[76, 65, 15, 51, 53, 72, 14]","[3, 1, 69]","[76, 65, 15, 51, 53, 72, 14]",[],[69],"[3, 1]","[76, 65, 15, 51, 53, 72, 14]","[3, 1, 69]","[76, 65, 15, 51, 53, 72, 14]",[],[69],"[3, 1]",7,0,1,2
29,10,5,"[1, 3, 30, 81, 70, 38, 49, 78, 14, 87]","[30, 81, 70, 38, 49, 78, 14, 87]","[1, 3]",0.8272431017261863,0.08631826792797437,2.0,0,0,"[30, 81, 70, 38, 49, 78, 14, 87]","[1, 3]","[30, 81, 70, 38, 49, 78, 14, 87]","[1, 3]","[30, 81, 70, 38, 49, 78, 14, 87]",[],[],"[1, 3]",2,0.5803866386413574,"{""0"": 4.53077507019043, ""1"": 1.92568039894104}",0,0,"[30, 70, 38, 78, 14, 87]","[1, 3, 81, 49]","[30, 70, 38, 78, 14, 87]","[1, 3, 81, 49]","[30, 70, 38, 78, 14, 87]",[],"[81, 49]","[1, 3]","[30, 70, 38, 78, 14, 87]","[1, 3, 81, 49]","[30, 70, 38, 78, 14, 87]",[],"[81, 49]","[1, 3]",6,0,2,2
30,10,5,"[1, 71, 13, 47, 7, 49, 33, 42, 34, 53]","[71, 13, 47, 7, 49, 33, 42, 34, 53]",[1],1.0755407252408862,0.13586135935411459,2.0,0,0,"[71, 13, 47, 7, 49, 33, 42, 34, 53]",[1],"[71, 13, 47, 7, 49, 33, 42, 34, 53]",[1],"[71, 13, 47, 7, 49, 33, 42, 34, 53]",[],[],[1],3,0.5064781904220581,"{""0"": 4.321685314178467, ""1"": -1.0, ""2"": 1.9539225101470947}",0,0,"[7, 49, 33, 42, 34, 53]","[1, 71, 13, 47]","[7, 49, 33, 42, 34, 53]","[1, 71, 13, 47]","[7, 49, 33, 42, 34, 53]",[],"[71, 13, 47]",[1],"[7, 49, 33, 42, 34, 53]","[1, 71, 13, 47]","[7, 49, 33, 42, 34, 53]",[],"[71, 13, 47]",[1],6,0,3,1
31,10,5,"[3, 20, 48, 57, 30, 15, 45, 29, 54, 14]","[20, 48, 57, 30, 15, 45, 29, 54, 14]",[3],0.9044783450133111,0.09550263911149853,2.0,0,0,"[20, 57, 30, 15, 45, 29, 14]","[3, 48, 54]","[20, 57, 30, 15, 45, 29, 14]","[3, 48, 54]","[20, 57, 30, 15, 45, 29, 14]",[],"[48, 54]",[3],2,0.6067420840263367,"{""0"": 5.543104648590088, ""1"": -1.0}",0,0,"[57, 30, 15, 45, 29, 14]","[3, 20, 48, 54]","[57, 30, 15, 45, 29, 14]","[3, 20, 48, 54]","[57, 30, 15, 45, 29, 14]",[],"[20, 48, 54]",[3],"[57, 30, 15, 45, 29, 14]","[3, 20, 48, 54]","[57, 30, 15, 45, 29, 14]",[],"[20, 48, 54]",[3],6,0,3,1
32,10,5,"[1, 57, 52, 76, 65, 58, 51, 23, 99, 21]","[57, 52, 76, 65, 58, 51, 23, 99, 21]",[1],0.7000093536743958,0.10551847810623932,2.0,0,0,"[57, 52, 76, 65, 58, 51, 23, 99, 21]",[1],"[57, 52, 76, 65, 58, 51, 23, 99, 21]",[1],"[57, 52, 76, 65, 58, 51, 23, 99, 21]",[],[],[1],2,0.5373238325119019,"{""0"": 6.308307647705078, ""1"": -1.0}",0,0,"[57, 52, 76, 65, 58, 51, 23, 21]","[1, 99]","[57, 52, 76, 65, 58, 51, 23, 21]","[1, 99]","[57, 52, 76, 65, 58, 51, 23, 21]",[],[99],[1],"[57, 52, 76, 65, 58, 51, 23, 21]","[1, 99]","[57, 52, 76, 65, 58, 51, 23, 21]",[],[99],[1],8,0,1,1
33,10,5,"[4, 46, 64, 96, 82, 75, 40, 63, 36, 47]","[46, 64, 96, 82, 75, 40, 63, 36, 47]",[4],0.8755445589230324,0.08430714545798562,2.0,0,0,"[46, 64, 96, 82, 40, 63, 36, 47]","[4, 75]","[46, 64, 96, 82, 40, 63, 36, 47]","[4, 75]","[46, 64, 96, 82, 40, 63, 36, 47]",[],[75],[4],2,0.5859660506248474,"{""0"": 4.944690704345703, ""1"": -1.0}",0,0,"[46, 64, 96, 82, 40, 63, 36]","[4, 75, 47]","[46, 64, 96, 82, 40, 63, 36]","[4, 75, 47]","[46, 64, 96, 82, 40, 63, 36]",[],"[75, 47]",[4],"[46, 64, 96, 82, 40, 63, 36]","[4, 75, 47]","[46, 64, 96, 82, 40, 63, 36]",[],"[75, 47]",[4],7,0,2,1
34,10,5,"[0, 72, 8, 81, 73, 83, 65, 79, 58, 16]","[72, 8, 81, 73, 83, 65, 79, 58, 16]",[0],0.8344777250858424,0.10277564822929286,2.0,0,0,"[72, 8, 81, 83, 65, 79, 58, 16]","[0, 73]","[72, 8, 81, 83, 65, 79, 58, 16]","[0, 73]","[72, 8, 81, 83, 65, 79, 58, 16]",[],[73],[0],2,0.5844634771347046,"{""0"": 5.556306838989258, ""1"": -1.0}",0,0,"[72, 8, 83, 65, 79, 58, 16]","[0, 81, 73]","[72, 8, 83, 65, 79, 58, 16]","[0, 81, 73]","[72, 8, 83, 65, 79, 58, 16]",[],"[81, 73]",[0],"[72, 8, 83, 65, 79, 58, 16]","[0, 81, 73]","[72, 8, 83, 65, 79, 58, 16]",[],"[81, 73]",[0],7,0,2,1
35,10,5,"[3, 30, 84, 29, 12, 98, 44, 64, 13, 55]","[30, 84, 29, 12, 98, 44, 64, 13, 55]",[3],0.8124691540643911,0.05505241543308537,2.0,0,0,"[30, 84, 29, 64, 13, 55]","[3, 12, 98, 44]","[30, 84, 29, 64, 13, 55]","[3, 12, 98, 44]","[30, 84, 29, 64, 13, 55]",[],"[12, 98, 44]",[3],2,0.46608421206474304,"{""0"": 2.478754758834839, ""1"": -1.0}",0,0,"[84, 29, 64, 13, 55]","[3, 30, 12, 98, 44]","[84, 29, 64, 13, 55]","[3, 30, 12, 98, 44]","[84, 29, 64, 13, 55]",[],"[30, 12, 98, 44]",[3],"[84, 29, 64, 13, 55]","[3, 30, 12, 98, 44]","[84, 29, 64, 13, 55]",[],"[30, 12, 98, 44]",[3],5,0,4,1
36,10,5,"[0, 36, 23, 49, 11, 34, 99, 33, 58, 12]","[36, 23, 49, 11, 34, 99, 33, 58, 12]",[0],0.9040291018539259,0.13642529805254644,2.0,0,0,"[36, 23, 49, 11, 34, 99, 33, 58, 12]",[0],"[36, 23, 49, 11, 34, 99, 33, 58, 12]",[0],"[36, 23, 49, 11, 34, 99, 33, 58, 12]",[],[],[0],4,0.44339025020599365,"{""0"": 3.845465898513794, ""1"": 2.944403648376465, ""2"": -1.0, ""3"": -1.0}",0,0,"[23, 11, 99, 33]","[0, 36, 49, 34, 58, 12]","[23, 11, 99, 33]","[0, 36, 49, 34, 58, 12]","[23, 11, 99, 33]",[],"[36, 49, 34, 58, 12]",[0],"[23, 11, 99, 33]","[0, 36, 49, 34, 58, 12]","[23, 11, 99, 33]",[],"[36, 49, 34, 58, 12]",[0],4,0,5,1
37,10,5,"[3, 43, 5, 34, 99, 14, 48, 24, 56, 37]","[43, 5, 34, 99, 14, 48, 24, 56, 37]",[3],0.8788130500920901,0.25922073111715954,2.0,0,0,"[43, 5, 34, 99, 14, 48, 24, 56, 37]",[3],"[43, 5, 34, 99, 14, 48, 24, 56, 37]",[3],"[43, 5, 34, 99, 14, 48, 24, 56, 37]",[],[],[3],2,0.6659807562828064,"{""0"": 5.5476908683776855, ""1"": -1.0}",0,0,"[43, 34, 99, 14, 48, 24, 56, 37]","[3, 5]","[43, 34, 99, 14, 48, 24, 56, 37]","[3, 5]","[43, 34, 99, 14, 48, 24, 56, 37]",[],[5],[3],"[43, 34, 99, 14, 48, 24, 56, 37]","[3, 5]","[43, 34, 99, 14, 48, 24, 56, 37]",[],[5],[3],8,0,1,1
38,10,5,"[2, 88, 85, 65, 95, 82, 19, 77, 54, 37]","[88, 85, 65, 95, 82, 19, 77, 54, 37]",[2],0.9861534806576022,0.25938170749018824,2.0,0,0,"[88, 85, 65, 95, 82, 19, 77, 54, 37]",[2],"[88, 85, 65, 95, 82, 19, 77, 54, 37]",[2],"[88, 85, 65, 95, 82, 19, 77, 54, 37]",[],[],[2],2,0.7709733247756958,"{""0"": 5.323098182678223, ""1"": -1.0}",0,0,"[85, 65, 95, 82, 19, 77, 54, 37]","[2, 88]","[85, 65, 95, 82, 19, 77, 54, 37]","[2, 88]","[85, 65, 95, 82, 19, 77, 54, 37]",[],[88],[2],"[85, 65, 95, 82, 19, 77, 54, 37]","[2, 88]","[85, 65, 95, 82, 19, 77, 54, 37]",[],[88],[2],8,0,1,1
39,10,5,"[2, 33, 12, 85, 87, 74, 15, 29, 94, 60]","[33, 12, 85, 87, 74, 15, 29, 94, 60]",[2],0.7900701264757608,0.18574177905475953,2.0,0,0,"[33, 12, 85, 87, 74, 15, 29, 94, 60]",[2],"[33, 12, 85, 87, 74, 15, 29, 94, 60]",[2],"[33, 12, 85, 87, 74, 15, 29, 94, 60]",[],[],[2],3,0.402677446603775,"{""0"": 3.5068445205688477, ""1"": 1.8367602825164795, ""2"": -1.0}",0,0,"[85, 87, 74, 15, 29, 94]","[2, 33, 12, 60]","[85, 87, 74, 15, 29, 94]","[2, 33, 12, 60]","[85, 87, 74, 15, 29, 94]",[],"[33, 12, 60]",[2],"[85, 87, 74, 15, 29, 94]","[2, 33, 12, 60]","[85, 87, 74, 15, 29, 94]",[],"[33, 12, 60]",[2],6,0,3,1
40,10,5,"[4, 6, 33, 77, 65, 63, 55, 18, 2, 78]","[6, 33, 77, 65, 63, 55, 18, 78]","[4, 2]",1.0423328447518374,0.18274633927997758,2.0,0,0,"[6, 33, 77, 65, 63, 55, 18, 78]","[4, 2]","[6, 33, 77, 65, 63, 55, 18, 78]","[4, 2]","[6, 33, 77, 65, 63, 55, 18, 78]",[],[],"[4, 2]",2,0.5589649677276611,"{""0"": 6.486602783203125, ""1"": -1.0}",0,0,"[6, 77, 65, 63, 55, 18, 78]","[4, 33, 2]","[6, 77, 65, 63, 55, 18, 78]","[4, 33, 2]","[6, 77, 65, 63, 55, 18, 78]",[],[33],"[4, 2]","[6, 77, 65, 63, 55, 18, 78]","[4, 33, 2]","[6, 77, 65, 63, 55, 18, 78]",[],[33],"[4, 2]",7,0,1,2
41,10,5,"[1, 71, 25, 57, 32, 77, 51, 42, 95, 22]","[71, 25, 57, 32, 77, 51, 42, 95, 22]",[1],0.7315136594130128,0.19992592166349543,2.0,0,0,"[71, 25, 57, 32, 77, 51, 42, 95, 22]",[1],"[71, 25, 57, 32, 77, 51, 42, 95, 22]",[1],"[71, 25, 57, 32, 77, 51, 42, 95, 22]",[],[],[1],2,0.474672794342041,"{""0"": 4.217310905456543, ""1"": -1.0}",0,0,"[71, 25, 57, 32, 77, 51, 42, 22]","[1, 95]","[71, 25, 57, 32, 77, 51, 42, 22]","[1, 95]","[71, 25, 57, 32, 77, 51, 42, 22]",[],[95],[1],"[71, 25, 57, 32, 77, 51, 42, 22]","[1, 95]","[71, 25, 57, 32, 77, 51, 42, 22]",[],[95],[1],8,0,1,1
42,10,5,"[2, 23, 61, 86, 54, 0, 91, 63, 37, 85]","[23, 61, 86, 54, 91, 63, 37, 85]","[2, 0]",0.7762102439387817,0.15007022143421894,2.0,0,0,"[23, 61, 86, 54, 91, 63, 37, 85]","[2, 0]","[23, 61, 86, 54, 91, 63, 37, 85]","[2, 0]","[23, 61, 86, 54, 91, 63, 37, 85]",[],[],"[2, 0]",2,0.6811256408691406,"{""0"": 6.878737449645996, ""1"": -1.0}",0,0,"[23, 61, 86, 91, 63, 37, 85]","[2, 54, 0]","[23, 61, 86, 91, 63, 37, 85]","[2, 54, 0]","[23, 61, 86, 91, 63, 37, 85]",[],[54],"[2, 0]","[23, 61, 86, 91, 63, 37, 85]","[2, 54, 0]","[23, 61, 86, 91, 63, 37, 85]",[],[54],"[2, 0]",7,0,1,2
43,10,5,"[0, 40, 56, 34, 98, 35, 1, 22, 89, 16]","[40, 56, 34, 98, 35, 22, 89, 16]","[0, 1]",0.8283614411610585,0.21487419797692953,2.0,0,0,"[40, 56, 34, 98, 35, 22, 89, 16]","[0, 1]","[40, 56, 34, 98, 35, 22, 89, 16]","[0, 1]","[40, 56, 34, 98, 35, 22, 89, 16]",[],[],"[0, 1]",2,0.6021703481674194,"{""0"": 6.52962589263916, ""1"": -1.0}",0,0,"[40, 56, 34, 98, 22, 89, 16]","[0, 35, 1]","[40, 56, 34, 98, 22, 89, 16]","[0, 35, 1]","[40, 56, 34, 98, 22, 89, 16]",[],[35],"[0, 1]","[40, 56, 34, 98, 22, 89, 16]","[0, 35, 1]","[40, 56, 34, 98, 22, 89, 16]",[],[35],"[0, 1]",7,0,1,2
44,10,5,"[1, 46, 25, 37, 20, 42, 44, 50, 12, 72]","[46, 25, 37, 20, 42, 44, 50, 12, 72]",[1],0.7177182087974403,0.13033119629091372,2.0,0,0,"[46, 25, 37, 20, 42, 44, 50, 12, 72]",[1],"[46, 25, 37, 20, 42, 44, 50, 12, 72]",[1],"[46, 25, 37, 20, 42, 44, 50, 12, 72]",[],[],[1],2,0.5986037254333496,"{""0"": 4.438608646392822, ""1"": -1.0}",0,0,"[46, 25, 37, 20, 44, 50, 12, 72]","[1, 42]","[46, 25, 37, 20, 44, 50, 12, 72]","[1, 42]","[46, 25, 37, 20, 44, 50, 12, 72]",[],[42],[1],"[46, 25, 37, 20, 44, 50, 12, 72]","[1, 42]","[46, 25, 37, 20, 44, 50, 12, 72]",[],[42],[1],8,0,1,1
45,10,5,"[1, 19, 56, 93, 20, 12, 27, 69, 33, 16]","[19, 56, 93, 20, 12, 27, 69, 33, 16]",[1],0.8301120207545685,0.06598202980031753,2.0,0,0,"[19, 56, 93, 20, 12, 27, 69, 33, 16]",[1],"[19, 56, 93, 20, 12, 27, 69, 33, 16]",[1],"[19, 56, 93, 20, 12, 27, 69, 33, 16]",[],[],[1],3,0.4123114347457886,"{""0"": 3.155341148376465, ""1"": 2.744654655456543, ""2"": 1.9277151823043823}",0,0,"[56, 20, 33, 16]","[1, 19, 93, 12, 27, 69]","[56, 20, 33, 16]","[1, 19, 93, 12, 27, 69]","[56, 20, 33, 16]",[],"[19, 93, 12, 27, 69]",[1],"[56, 20, 33, 16]","[1, 19, 93, 12, 27, 69]","[56, 20, 33, 16]",[],"[19, 93, 12, 27, 69]",[1],4,0,5,1
46,10,5,"[2, 45, 10, 1, 74, 86, 46, 35, 17, 81]","[45, 10, 74, 86, 46, 35, 17, 81]","[2, 1]",1.1284251966566816,0.17961054333557197,2.0,0,0,"[45, 10, 74, 86, 46, 35, 17, 81]","[2, 1]","[45, 10, 74, 86, 46, 35, 17, 81]","[2, 1]","[45, 10, 74, 86, 46, 35, 17, 81]",[],[],"[2, 1]",2,0.46425098180770874,"{""0"": 4.3379034996032715, ""1"": 2.844043254852295}",0,0,"[45, 10, 74, 46, 35]","[2, 1, 86, 17, 81]","[45, 10, 74, 46, 35]","[2, 1, 86, 17, 81]","[45, 10, 74, 46, 35]",[],"[86, 17, 81]","[2, 1]","[45, 10, 74, 46, 35]","[2, 1, 86, 17, 81]","[45, 10, 74, 46, 35]",[],"[86, 17, 81]","[2, 1]",5,0,3,2
47,10,5,"[2, 99, 19, 62, 44, 0, 48, 52, 70, 65]","[99, 19, 62, 44, 48, 52, 70, 65]","[2, 0]",0.9177642004249595,0.1372745214821332,2.0,0,0,"[99, 19, 62, 44, 52, 70, 65]","[2, 0, 48]","[99, 19, 62, 44, 52, 70, 65]","[2, 0, 48]","[99, 19, 62, 44, 52, 70, 65]",[],[48],"[2, 0]",3,0.29763180017471313,"{""0"": 4.746709823608398, ""1"": -1.0, ""2"": -1.0}",0,0,"[19, 62, 52, 70, 65]","[2, 99, 44, 0, 48]","[19, 62, 52, 70, 65]","[2, 99, 44, 0, 48]","[19, 62, 52, 70, 65]",[],"[99, 44, 48]","[2, 0]","[19, 62, 52, 70, 65]","[2, 99, 44, 0, 48]","[19, 62, 52, 70, 65]",[],"[99, 44, 48]","[2, 0]",5,0,3,2
48,10,5,"[0, 66, 36, 83, 68, 23, 90, 2, 57, 21]","[66, 36, 83, 68, 23, 90, 57, 21]","[0, 2]",0.7917940574050305,0.11986529266667795,2.0,0,0,"[66, 36, 83, 68, 23, 90, 57, 21]","[0, 2]","[66, 36, 83, 68, 23, 90, 57, 21]","[0, 2]","[66, 36, 83, 68, 23, 90, 57, 21]",[],[],"[0, 2]",2,0.5985846519470215,"{""0"": 6.626455307006836, ""1"": -1.0}",0,0,"[66, 36, 83, 68, 90, 57, 21]","[0, 23, 2]","[66, 36, 83, 68, 90, 57, 21]","[0, 23, 2]","[66, 36, 83, 68, 90, 57, 21]",[],[23],"[0, 2]","[66, 36, 83, 68, 90, 57, 21]","[0, 23, 2]","[66, 36, 83, 68, 90, 57, 21]",[],[23],"[0, 2]",7,0,1,2
49,10,5,"[3, 10, 20, 51, 25, 27, 40, 5, 89, 85]","[10, 20, 51, 25, 27, 40, 5, 89, 85]",[3],0.6805707528692908,0.11463691156499906,2.0,0,0,"[10, 20, 51, 25, 27, 40, 5, 89, 85]",[3],"[10, 20, 51, 25, 27, 40, 5, 89, 85]",[3],"[10, 20, 51, 25, 27, 40, 5, 89, 85]",[],[],[3],2,0.5080928206443787,"{""0"": 2.785093307495117, ""1"": 1.9997040033340454}",0,0,"[20, 51, 25, 27, 40, 5, 89]","[3, 10, 85]","[20, 51, 25, 27, 40, 5, 89]","[3, 10, 85]","[20, 51, 25, 27, 40, 5, 89]",[],"[10, 85]",[3],"[20, 51, 25, 27, 40, 5, 89]","[3, 10, 85]","[20, 51, 25, 27, 40, 5, 89]",[],"[10, 85]",[3],7,0,2,1
50,10,5,"[1, 85, 80, 28, 63, 68, 14, 94, 32, 20]","[85, 80, 28, 63, 68, 14, 94, 32, 20]",[1],0.6868880798092516,0.09633459830756474,2.0,0,0,"[85, 80, 28, 63, 68, 14, 94, 32, 20]",[1],"[85, 80, 28, 63, 68, 14, 94, 32, 20]",[1],"[85, 80, 28, 63, 68, 14, 94, 32, 20]",[],[],[1],3,0.3881113827228546,"{""0"": 3.9358482360839844, ""1"": 1.9718810319900513, ""2"": 1.9153015613555908}",0,0,"[85, 80, 28, 68, 14]","[1, 63, 94, 32, 20]","[85, 80, 28, 68, 14]","[1, 63, 94, 32, 20]","[85, 80, 28, 68, 14]",[],"[63, 94, 32, 20]",[1],"[85, 80, 28, 68, 14]","[1, 63, 94, 32, 20]","[85, 80, 28, 68, 14]",[],"[63, 94, 32, 20]",[1],5,0,4,1
51,10,5,"[3, 61, 21, 58, 32, 20, 53, 17, 93, 55]","[61, 21, 58, 32, 20, 53, 17, 93, 55]",[3],0.7304465664652722,0.08067559494096643,2.0,0,0,"[61, 21, 58, 32, 20, 53, 93, 55]","[3, 17]","[61, 21, 58, 32, 20, 53, 93, 55]","[3, 17]","[61, 21, 58, 32, 20, 53, 93, 55]",[],[17],[3],2,0.5915460586547852,"{""0"": 4.687586784362793, ""1"": -1.0}",0,0,"[61, 21, 58, 20, 53, 93, 55]","[3, 32, 17]","[61, 21, 58, 20, 53, 93, 55]","[3, 32, 17]","[61, 21, 58, 20, 53, 93, 55]",[],"[32, 17]",[3],"[61, 21, 58, 20, 53, 93, 55]","[3, 32, 17]","[61, 21, 58, 20, 53, 93, 55]",[],"[32, 17]",[3],7,0,2,1
52,10,5,"[3, 38, 56, 79, 43, 65, 66, 16, 75, 82]","[38, 56, 79, 43, 65, 66, 16, 75, 82]",[3],0.7080365006663629,0.09331829073129705,2.0,0,0,"[38, 56, 79, 43, 65, 66, 16, 75, 82]",[3],"[38, 56, 79, 43, 65, 66, 16, 75, 82]",[3],"[38, 56, 79, 43, 65, 66, 16, 75, 82]",[],[],[3],2,0.5707487463951111,"{""0"": 5.564013957977295, ""1"": 1.7254999876022339}",0,0,"[38, 56, 43, 65, 16, 75, 82]","[3, 79, 66]","[38, 56, 43, 65, 16, 75, 82]","[3, 79, 66]","[38, 56, 43, 65, 16, 75, 82]",[],"[79, 66]",[3],"[38, 56, 43, 65, 16, 75, 82]","[3, 79, 66]","[38, 56, 43, 65, 16, 75, 82]",[],"[79, 66]",[3],7,0,2,1
53,10,5,"[2, 98, 50, 69, 58, 82, 91, 59, 97, 38]","[98, 50, 69, 58, 82, 91, 59, 97, 38]",[2],0.8282797312914222,0.09268832120233267,2.0,0,0,"[98, 50, 69, 58, 82, 91, 59, 38]","[2, 97]","[98, 50, 69, 58, 82, 91, 59, 38]","[2, 97]","[98, 50, 69, 58, 82, 91, 59, 38]",[],[97],[2],2,0.5940818786621094,"{""0"": 4.311760425567627, ""1"": 1.9947445392608643}",0,0,"[98, 50, 69, 58, 91, 38]","[2, 82, 59, 97]","[98, 50, 69, 58, 91, 38]","[2, 82, 59, 97]","[98, 50, 69, 58, 91, 38]",[],"[82, 59, 97]",[2],"[98, 50, 69, 58, 91, 38]","[2, 82, 59, 97]","[98, 50, 69, 58, 91, 38]",[],"[82, 59, 97]",[2],6,0,3,1
54,10,5,"[4, 88, 20, 74, 38, 35, 78, 79, 25, 10]","[88, 20, 74, 38, 35, 78, 79, 25, 10]",[4],0.7393748847413413,0.12845951857273402,2.0,0,0,"[20, 74, 38, 35, 78, 79, 25, 10]","[4, 88]","[20, 74, 38, 35, 78, 79, 25, 10]","[4, 88]","[20, 74, 38, 35, 78, 79, 25, 10]",[],[88],[4],2,0.5818309783935547,"{""0"": 4.264437198638916, ""1"": -1.0}",0,0,"[20, 74, 38, 35, 78, 79, 25]","[4, 88, 10]","[20, 74, 38, 35, 78, 79, 25]","[4, 88, 10]","[20, 74, 38, 35, 78, 79, 25]",[],"[88, 10]",[4],"[20, 74, 38, 35, 78, 79, 25]","[4, 88, 10]","[20, 74, 38, 35, 78, 79, 25]",[],"[88, 10]",[4],7,0,2,1
55,10,5,"[1, 54, 63, 45, 82, 64, 21, 94, 97, 52]","[54, 63, 45, 82, 64, 21, 94, 97, 52]",[1],0.7307628242130313,0.14091846385601176,2.0,0,0,"[63, 45, 82, 64, 21, 94, 97, 52]","[1, 54]","[63, 45, 82, 64, 21, 94, 97, 52]","[1, 54]","[63, 45, 82, 64, 21, 94, 97, 52]",[],[54],[1],2,0.7777314782142639,"{""0"": 1.9896552562713623, ""1"": 5.862463474273682}",1,0,"[63, 45, 64, 21, 94, 52]","[1, 54, 82, 97]","[63, 45, 64, 21, 94, 52]","[1, 54, 82, 97]","[63, 45, 64, 21, 94, 52]",[],"[54, 82, 97]",[1],"[63, 45, 64, 21, 94, 52]","[1, 54, 82, 97]","[63, 45, 64, 21, 94, 52]",[],"[54, 82, 97]",[1],6,0,3,1
56,10,5,"[3, 65, 34, 91, 78, 0, 88, 43, 30, 52]","[65, 34, 91, 78, 88, 43, 30, 52]","[3, 0]",0.8489307689549792,0.31506642223295633,2.0,0,0,"[65, 34, 91, 78, 88, 43, 30, 52]","[3, 0]","[65, 34, 91, 78, 88, 43, 30, 52]","[3, 0]","[65, 34, 91, 78, 88, 43, 30, 52]",[],[],"[3, 0]",2,0.7600952386856079,"{""0"": 6.175563335418701, ""1"": -1.0}",0,0,"[65, 34, 91, 78, 43, 30, 52]","[3, 0, 88]","[65, 34, 91, 78, 43, 30, 52]","[3, 0, 88]","[65, 34, 91, 78, 43, 30, 52]",[],[88],"[3, 0]","[65, 34, 91, 78, 43, 30, 52]","[3, 0, 88]","[65, 34, 91, 78, 43, 30, 52]",[],[88],"[3, 0]",7,0,1,2
57,10,5,"[3, 57, 83, 65, 27, 98, 24, 5, 25, 10]","[57, 83, 65, 27, 98, 24, 5, 25, 10]",[3],0.8850626916995676,0.12841055299538534,2.0,0,0,"[57, 83, 65, 27, 98, 24, 5, 25, 10]",[3],"[57, 83, 65, 27, 98, 24, 5, 25, 10]",[3],"[57, 83, 65, 27, 98, 24, 5, 25, 10]",[],[],[3],2,0.4896687865257263,"{""0"": 3.878035545349121, ""1"": 1.9199450016021729}",0,0,"[57, 83, 65, 27, 98, 5, 25]","[3, 24, 10]","[57, 83, 65, 27, 98, 5, 25]","[3, 24, 10]","[57, 83, 65, 27, 98, 5, 25]",[],"[24, 10]",[3],"[57, 83, 65, 27, 98, 5, 25]","[3, 24, 10]","[57, 83, 65, 27, 98, 5, 25]",[],"[24, 10]",[3],7,0,2,1
58,10,5,"[3, 16, 92, 27, 14, 62, 58, 77, 1, 44]","[16, 92, 27, 14, 62, 58, 77, 44]","[3, 1]",0.8493556525564767,0.21400174163302638,2.0,0,0,"[16, 92, 27, 14, 62, 58, 77, 44]","[3, 1]","[16, 92, 27, 14, 62, 58, 77, 44]","[3, 1]","[16, 92, 27, 14, 62, 58, 77, 44]",[],[],"[3, 1]",2,0.28348293900489807,"{""0"": 2.6418910026550293, ""1"": 4.588377475738525}",1,0,"[16, 92, 27, 14, 44]","[3, 62, 58, 77, 1]","[16, 92, 27, 14, 44]","[3, 62, 58, 77, 1]","[16, 92, 27, 14, 44]",[],"[62, 58, 77]","[3, 1]","[16, 92, 27, 14, 44]","[3, 62, 58, 77, 1]","[16, 92, 27, 14, 44]",[],"[62, 58, 77]","[3, 1]",5,0,3,2
59,10,5,"[1, 39, 6, 27, 71, 88, 69, 29, 25, 26]","[39, 6, 27, 71, 88, 69, 29, 25, 26]",[1],0.8900020727821496,0.08872671817546107,2.0,0,0,"[39, 6, 71, 69, 29, 25]","[1, 27, 88, 26]","[39, 6, 71, 69, 29, 25]","[1, 27, 88, 26]","[39, 6, 71, 69, 29, 25]",[],"[27, 88, 26]",[1],2,0.44294437766075134,"{""0"": 3.9791417121887207, ""1"": -1.0}",0,0,"[39, 71, 69, 29, 25]","[1, 6, 27, 88, 26]","[39, 71, 69, 29, 25]","[1, 6, 27, 88, 26]","[39, 71, 69, 29, 25]",[],"[6, 27, 88, 26]",[1],"[39, 71, 69, 29, 25]","[1, 6, 27, 88, 26]","[39, 71, 69, 29, 25]",[],"[6, 27, 88, 26]",[1],5,0,4,1
60,10,5,"[0, 84, 41, 86, 94, 13, 66, 3, 14, 51]","[84, 41, 86, 94, 13, 66, 14, 51]","[0, 3]",0.8713590884712171,0.14033954017483546,2.0,0,0,"[84, 41, 86, 94, 13, 66, 14, 51]","[0, 3]","[84, 41, 86, 94, 13, 66, 14, 51]","[0, 3]","[84, 41, 86, 94, 13, 66, 14, 51]",[],[],"[0, 3]",2,0.49314114451408386,"{""0"": 6.465057849884033, ""1"": -1.0}",0,0,"[84, 86, 94, 13, 66, 14, 51]","[0, 41, 3]","[84, 86, 94, 13, 66, 14, 51]","[0, 41, 3]","[84, 86, 94, 13, 66, 14, 51]",[],[41],"[0, 3]","[84, 86, 94, 13, 66, 14, 51]","[0, 41, 3]","[84, 86, 94, 13, 66, 14, 51]",[],[41],"[0, 3]",7,0,1,2
61,10,5,"[3, 36, 70, 1, 21, 32, 55, 18, 69, 8]","[36, 70, 21, 32, 55, 18, 69, 8]","[3, 1]",0.9956125587447273,0.18273266843777025,2.0,0,0,"[36, 70, 21, 32, 55, 18, 69, 8]","[3, 1]","[36, 70, 21, 32, 55, 18, 69, 8]","[3, 1]","[36, 70, 21, 32, 55, 18, 69, 8]",[],[],"[3, 1]",3,0.5607839226722717,"{""0"": 1.6699788570404053, ""1"": 1.9080930948257446, ""2"": 3.9677257537841797}",2,0,"[70, 21, 55, 18]","[3, 36, 1, 32, 69, 8]","[70, 21, 55, 18]","[3, 36, 1, 32, 69, 8]","[70, 21, 55, 18]",[],"[36, 32, 69, 8]","[3, 1]","[70, 21, 55, 18]","[3, 36, 1, 32, 69, 8]","[70, 21, 55, 18]",[],"[36, 32, 69, 8]","[3, 1]",4,0,4,2
62,10,5,"[0, 77, 29, 65, 68, 89, 95, 79, 83, 47]","[77, 29, 65, 68, 89, 95, 79, 83, 47]",[0],0.8754642720919015,0.09930712810233844,2.0,0,0,"[77, 29, 65, 68, 89, 95, 79, 83, 47]",[0],"[77, 29, 65, 68, 89, 95, 79, 83, 47]",[0],"[77, 29, 65, 68, 89, 95, 79, 83, 47]",[],[],[0],2,0.476298451423645,"{""0"": 7.145138740539551, ""1"": -1.0}",0,0,"[77, 29, 65, 68, 89, 79, 83, 47]","[0, 95]","[77, 29, 65, 68, 89, 79, 83, 47]","[0, 95]","[77, 29, 65, 68, 89, 79, 83, 47]",[],[95],[0],"[77, 29, 65, 68, 89, 79, 83, 47]","[0, 95]","[77, 29, 65, 68, 89, 79, 83, 47]",[],[95],[0],8,0,1,1
63,10,5,"[1, 10, 15, 46, 36, 86, 31, 73, 62, 70]","[10, 15, 46, 36, 86, 31, 73, 62, 70]",[1],0.9694936027435843,0.12355906379625176,2.0,0,0,"[10, 15, 46, 36, 86, 31, 73, 62, 70]",[1],"[10, 15, 46, 36, 86, 31, 73, 62, 70]",[1],"[10, 15, 46, 36, 86, 31, 73, 62, 70]",[],[],[1],2,0.47071748971939087,"{""0"": 3.564499855041504, ""1"": -1.0}",0,0,"[10, 15, 46, 36, 86, 31, 73, 70]","[1, 62]","[10, 15, 46, 36, 86, 31, 73, 70]","[1, 62]","[10, 15, 46, 36, 86, 31, 73, 70]",[],[62],[1],"[10, 15, 46, 36, 86, 31, 73, 70]","[1, 62]","[10, 15, 46, 36, 86, 31, 73, 70]",[],[62],[1],8,0,1,1
64,10,5,"[0, 47, 63, 32, 34, 12, 41, 75, 11, 3]","[47, 63, 32, 34, 12, 41, 75, 11]","[0, 3]",0.8575191336058118,0.18662379255799144,2.0,0,0,"[47, 63, 32, 34, 12, 41, 75, 11]","[0, 3]","[47, 63, 32, 34, 12, 41, 75, 11]","[0, 3]","[47, 63, 32, 34, 12, 41, 75, 11]",[],[],"[0, 3]",4,0.4737747013568878,"{""0"": 2.922229528427124, ""1"": 2.9120445251464844, ""2"": -1.0, ""3"": -1.0}",0,0,"[63, 32, 12]","[0, 47, 34, 41, 75, 11, 3]","[63, 32, 12]","[0, 47, 34, 41, 75, 11, 3]","[63, 32, 12]",[],"[47, 34, 41, 75, 11]","[0, 3]","[63, 32, 12]","[0, 47, 34, 41, 75, 11, 3]","[63, 32, 12]",[],"[47, 34, 41, 75, 11]","[0, 3]",3,0,5,2
65,10,5,"[3, 55, 1, 65, 54, 24, 31, 92, 49, 46]","[55, 65, 54, 24, 31, 92, 49, 46]","[3, 1]",1.5315413403846478,0.3012792155092219,2.0,0,0,"[55, 65, 54, 24, 31, 92, 49, 46]","[3, 1]","[55, 65, 54, 24, 31, 92, 49, 46]","[3, 1]","[55, 65, 54, 24, 31, 92, 49, 46]",[],[],"[3, 1]",2,0.7232348918914795,"{""0"": 5.2802910804748535, ""1"": -1.0}",0,0,"[55, 65, 24, 31, 92, 49, 46]","[3, 1, 54]","[55, 65, 24, 31, 92, 49, 46]","[3, 1, 54]","[55, 65, 24, 31, 92, 49, 46]",[],[54],"[3, 1]","[55, 65, 24, 31, 92, 49, 46]","[3, 1, 54]","[55, 65, 24, 31, 92, 49, 46]",[],[54],"[3, 1]",7,0,1,2
66,10,5,"[0, 38, 51, 5, 19, 53, 84, 23, 40, 64]","[38, 51, 5, 19, 53, 84, 23, 40, 64]",[0],0.8313024836498406,0.06438474625319734,2.0,0,0,"[38, 51, 5, 53, 84, 23, 40, 64]","[0, 19]","[38, 51, 5, 53, 84, 23, 40, 64]","[0, 19]","[38, 51, 5, 53, 84, 23, 40, 64]",[],[19],[0],3,0.40153968334198,"{""0"": 2.664033889770508, ""1"": 3.7518630027770996, ""2"": -1.0}",1,0,"[38, 51, 53, 64]","[0, 5, 19, 84, 23, 40]","[38, 51, 53, 64]","[0, 5, 19, 84, 23, 40]","[38, 51, 53, 64]",[],"[5, 19, 84, 23, 40]",[0],"[38, 51, 53, 64]","[0, 5, 19, 84, 23, 40]","[38, 51, 53, 64]",[],"[5, 19, 84, 23, 40]",[0],4,0,5,1
67,10,5,"[4, 82, 78, 17, 19, 44, 14, 71, 90, 55]","[82, 78, 17, 19, 44, 14, 71, 90, 55]",[4],0.9692300171022744,0.08547353940666408,2.0,0,0,"[82, 78, 44, 14, 71, 90, 55]","[4, 17, 19]","[82, 78, 44, 14, 71, 90, 55]","[4, 17, 19]","[82, 78, 44, 14, 71, 90, 55]",[],"[17, 19]",[4],2,0.4305817782878876,"{""0"": 3.39642333984375, ""1"": -1.0}",0,0,"[78, 44, 14, 71, 90, 55]","[4, 82, 17, 19]","[78, 44, 14, 71, 90, 55]","[4, 82, 17, 19]","[78, 44, 14, 71, 90, 55]",[],"[82, 17, 19]",[4],"[78, 44, 14, 71, 90, 55]","[4, 82, 17, 19]","[78, 44, 14, 71, 90, 55]",[],"[82, 17, 19]",[4],6,0,3,1
68,10,5,"[0, 32, 44, 6, 54, 17, 9, 8, 68, 38]","[32, 44, 6, 54, 17, 9, 8, 68, 38]",[0],0.7380508237453562,0.2224896797140981,2.0,0,0,"[32, 44, 6, 17, 9, 8, 68, 38]","[0, 54]","[32, 44, 6, 17, 9, 8, 68, 38]","[0, 54]","[32, 44, 6, 17, 9, 8, 68, 38]",[],[54],[0],2,0.3981703519821167,"{""0"": 5.315097808837891, ""1"": 1.939547061920166}",0,0,"[44, 6, 17, 9, 68, 38]","[0, 32, 54, 8]","[44, 6, 17, 9, 68, 38]","[0, 32, 54, 8]","[44, 6, 17, 9, 68, 38]",[],"[32, 54, 8]",[0],"[44, 6, 17, 9, 68, 38]","[0, 32, 54, 8]","[44, 6, 17, 9, 68, 38]",[],"[32, 54, 8]",[0],6,0,3,1
69,10,5,"[0, 10, 42, 62, 79, 75, 64, 84, 3, 51]","[10, 42, 62, 79, 75, 64, 84, 51]","[0, 3]",0.9136467766614881,0.11600049454416766,2.0,0,0,"[10, 42, 62, 79, 75, 64, 84, 51]","[0, 3]","[10, 42, 62, 79, 75, 64, 84, 51]","[0, 3]","[10, 42, 62, 79, 75, 64, 84, 51]",[],[],"[0, 3]",2,0.42143797874450684,"{""0"": 5.29977560043335, ""1"": -1.0}",0,0,"[10, 62, 79, 75, 64, 84, 51]","[0, 42, 3]","[10, 62, 79, 75, 64, 84, 51]","[0, 42, 3]","[10, 62, 79, 75, 64, 84, 51]",[],[42],"[0, 3]","[10, 62, 79, 75, 64, 84, 51]","[0, 42, 3]","[10, 62, 79, 75, 64, 84, 51]",[],[42],"[0, 3]",7,0,1,2
70,10,5,"[1, 91, 79, 68, 9, 5, 73, 62, 83, 46]","[91, 79, 68, 9, 5, 73, 62, 83, 46]",[1],0.8400615223748504,0.11707327533443512,2.0,0,0,"[91, 79, 68, 9, 5, 73, 62, 83, 46]",[1],"[91, 79, 68, 9, 5, 73, 62, 83, 46]",[1],"[91, 79, 68, 9, 5, 73, 62, 83, 46]",[],[],[1],3,0.6556200385093689,"{""0"": 5.125840187072754, ""1"": 1.9860951900482178, ""2"": -1.0}",0,0,"[91, 68, 9, 5, 62, 83]","[1, 79, 73, 46]","[91, 68, 9, 5, 62, 83]","[1, 79, 73, 46]","[91, 68, 9, 5, 62, 83]",[],"[79, 73, 46]",[1],"[91, 68, 9, 5, 62, 83]","[1, 79, 73, 46]","[91, 68, 9, 5, 62, 83]",[],"[79, 73, 46]",[1],6,0,3,1
71,10,5,"[1, 55, 68, 51, 54, 48, 7, 69, 28, 71]","[55, 68, 51, 54, 48, 7, 69, 28, 71]",[1],0.982220852125866,0.16256273410159872,2.0,0,0,"[55, 68, 51, 54, 48, 7, 69, 28, 71]",[1],"[55, 68, 51, 54, 48, 7, 69, 28, 71]",[1],"[55, 68, 51, 54, 48, 7, 69, 28, 71]",[],[],[1],4,0.46679946780204773,"{""0"": 2.506181240081787, ""1"": 2.9057857990264893, ""2"": -1.0, ""3"": -1.0}",1,0,"[7, 69, 28]","[1, 55, 68, 51, 54, 48, 71]","[7, 69, 28]","[1, 55, 68, 51, 54, 48, 71]","[7, 69, 28]",[],"[55, 68, 51, 54, 48, 71]",[1],"[7, 69, 28]","[1, 55, 68, 51, 54, 48, 71]","[7, 69, 28]",[],"[55, 68, 51, 54, 48, 71]",[1],3,0,6,1
72,10,5,"[0, 98, 51, 72, 87, 21, 15, 38, 6, 57]","[98, 51, 72, 87, 21, 15, 38, 6, 57]",[0],0.6755706269492563,0.18561692365396254,2.0,0,0,"[98, 51, 72, 87, 21, 15, 38, 6, 57]",[0],"[98, 51, 72, 87, 21, 15, 38, 6, 57]",[0],"[98, 51, 72, 87, 21, 15, 38, 6, 57]",[],[],[0],2,0.45463207364082336,"{""0"": 6.546146869659424, ""1"": 1.9165107011795044}",0,0,"[98, 72, 87, 21, 15, 38, 6]","[0, 51, 57]","[98, 72, 87, 21, 15, 38, 6]","[0, 51, 57]","[98, 72, 87, 21, 15, 38, 6]",[],"[51, 57]",[0],"[98, 72, 87, 21, 15, 38, 6]","[0, 51, 57]","[98, 72, 87, 21, 15, 38, 6]",[],"[51, 57]",[0],7,0,2,1
73,10,5,"[1, 61, 26, 7, 68, 88, 59, 11, 36, 97]","[61, 26, 7, 68, 88, 59, 11, 36, 97]",[1],0.9439321646988221,0.17411829648522437,2.0,0,0,"[61, 26, 7, 68, 59, 11, 36, 97]","[1, 88]","[61, 26, 7, 68, 59, 11, 36, 97]","[1, 88]","[61, 26, 7, 68, 59, 11, 36, 97]",[],[88],[1],2,0.5248677134513855,"{""0"": 1.8189923763275146, ""1"": 5.255114555358887}",1,0,"[61, 26, 7, 68, 59, 36]","[1, 88, 11, 97]","[61, 26, 7, 68, 59, 36]","[1, 88, 11, 97]","[61, 26, 7, 68, 59, 36]",[],"[88, 11, 97]",[1],"[61, 26, 7, 68, 59, 36]","[1, 88, 11, 97]","[61, 26, 7, 68, 59, 36]",[],"[88, 11, 97]",[1],6,0,3,1
74,10,5,"[1, 75, 3, 25, 80, 2, 78, 20, 4, 7]","[75, 25, 80, 78, 20, 7]","[1, 3, 2, 4]",1.1577694167862984,0.5287327731930053,2.0,0,0,"[75, 25, 80, 78, 20, 7]","[1, 3, 2, 4]","[75, 25, 80, 78, 20, 7]","[1, 3, 2, 4]","[75, 25, 80, 78, 20, 7]",[],[],"[1, 3, 2, 4]",2,0.3888283967971802,"{""0"": 3.946089267730713, ""1"": 1.9926986694335938}",0,0,"[75, 80, 20, 7]","[1, 3, 25, 2, 78, 4]","[75, 80, 20, 7]","[1, 3, 25, 2, 78, 4]","[75, 80, 20, 7]",[],"[25, 78]","[1, 3, 2, 4]","[75, 80, 20, 7]","[1, 3, 25, 2, 78, 4]","[75, 80, 20, 7]",[],"[25, 78]","[1, 3, 2, 4]",4,0,2,4
75,10,5,"[2, 95, 86, 51, 23, 6, 62, 0, 81, 84]","[95, 86, 51, 23, 6, 62, 81, 84]","[2, 0]",1.2271468955240108,0.31807940780210464,2.0,0,0,"[95, 86, 51, 23, 6, 62, 81, 84]","[2, 0]","[95, 86, 51, 23, 6, 62, 81, 84]","[2, 0]","[95, 86, 51, 23, 6, 62, 81, 84]",[],[],"[2, 0]",2,0.5042819976806641,"{""0"": 6.415255069732666, ""1"": -1.0}",0,0,"[86, 51, 23, 6, 62, 81, 84]","[2, 95, 0]","[86, 51, 23, 6, 62, 81, 84]","[2, 95, 0]","[86, 51, 23, 6, 62, 81, 84]",[],[95],"[2, 0]","[86, 51, 23, 6, 62, 81, 84]","[2, 95, 0]","[86, 51, 23, 6, 62, 81, 84]",[],[95],"[2, 0]",7,0,1,2
76,10,5,"[2, 64, 37, 66, 42, 84, 58, 80, 67, 92]","[64, 37, 66, 42, 84, 58, 80, 67, 92]",[2],0.7870773934900399,0.12564377186472153,2.0,0,0,"[64, 37, 66, 42, 84, 58, 80, 67, 92]",[2],"[64, 37, 66, 42, 84, 58, 80, 67, 92]",[2],"[64, 37, 66, 42, 84, 58, 80, 67, 92]",[],[],[2],3,0.47737038135528564,"{""0"": 5.208747863769531, ""1"": 1.9188895225524902, ""2"": -1.0}",0,0,"[64, 66, 84, 58, 67, 92]","[2, 37, 42, 80]","[64, 66, 84, 58, 67, 92]","[2, 37, 42, 80]","[64, 66, 84, 58, 67, 92]",[],"[37, 42, 80]",[2],"[64, 66, 84, 58, 67, 92]","[2, 37, 42, 80]","[64, 66, 84, 58, 67, 92]",[],"[37, 42, 80]",[2],6,0,3,1
77,10,5,"[4, 68, 79, 22, 9, 30, 60, 69, 16, 43]","[68, 79, 22, 9, 30, 60, 69, 16, 43]",[4],0.8187988676138774,0.2110870497172992,2.0,0,0,"[68, 79, 22, 9, 30, 60, 69, 16, 43]",[4],"[68, 79, 22, 9, 30, 60, 69, 16, 43]",[4],"[68, 79, 22, 9, 30, 60, 69, 16, 43]",[],[],[4],2,0.5204877257347107,"{""0"": 5.240713119506836, ""1"": -1.0}",0,0,"[68, 79, 22, 9, 30, 60, 16, 43]","[4, 69]","[68, 79, 22, 9, 30, 60, 16, 43]","[4, 69]","[68, 79, 22, 9, 30, 60, 16, 43]",[],[69],[4],"[68, 79, 22, 9, 30, 60, 16, 43]","[4, 69]","[68, 79, 22, 9, 30, 60, 16, 43]",[],[69],[4],8,0,1,1
78,10,5,"[1, 20, 77, 27, 23, 18, 74, 59, 86, 87]","[20, 77, 27, 23, 18, 74, 59, 86, 87]",[1],0.6520905830870464,0.1374485240674222,2.0,0,0,"[20, 77, 27, 23, 18, 74, 59, 86, 87]",[1],"[20, 77, 27, 23, 18, 74, 59, 86, 87]",[1],"[20, 77, 27, 23, 18, 74, 59, 86, 87]",[],[],[1],2,0.4569813311100006,"{""0"": 4.869998931884766, ""1"": 1.854576587677002}",0,0,"[77, 27, 23, 74, 59, 86, 87]","[1, 20, 18]","[77, 27, 23, 74, 59, 86, 87]","[1, 20, 18]","[77, 27, 23, 74, 59, 86, 87]",[],"[20, 18]",[1],"[77, 27, 23, 74, 59, 86, 87]","[1, 20, 18]","[77, 27, 23, 74, 59, 86, 87]",[],"[20, 18]",[1],7,0,2,1
79,10,5,"[1, 99, 42, 33, 5, 15, 38, 76, 86, 87]","[99, 42, 33, 5, 15, 38, 76, 86, 87]",[1],0.8707133492048906,0.11794833602324972,2.0,0,0,"[99, 42, 33, 5, 15, 38, 76, 86, 87]",[1],"[99, 42, 33, 5, 15, 38, 76, 86, 87]",[1],"[99, 42, 33, 5, 15, 38, 76, 86, 87]",[],[],[1],2,0.5916112065315247,"{""0"": 5.668895721435547, ""1"": -1.0}",0,0,"[99, 33, 5, 15, 38, 76, 86, 87]","[1, 42]","[99, 33, 5, 15, 38, 76, 86, 87]","[1, 42]","[99, 33, 5, 15, 38, 76, 86, 87]",[],[42],[1],"[99, 33, 5, 15, 38, 76, 86, 87]","[1, 42]","[99, 33, 5, 15, 38, 76, 86, 87]",[],[42],[1],8,0,1,1
80,10,5,"[1, 71, 88, 38, 63, 99, 48, 31, 83, 11]","[71, 88, 38, 63, 99, 48, 31, 83, 11]",[1],0.8416913920731556,0.165347120451164,2.0,0,0,"[71, 38, 63, 99, 48, 31, 83, 11]","[1, 88]","[71, 38, 63, 99, 48, 31, 83, 11]","[1, 88]","[71, 38, 63, 99, 48, 31, 83, 11]",[],[88],[1],2,0.5928131341934204,"{""0"": 5.533880233764648, ""1"": -1.0}",0,0,"[71, 38, 63, 99, 48, 83, 11]","[1, 88, 31]","[71, 38, 63, 99, 48, 83, 11]","[1, 88, 31]","[71, 38, 63, 99, 48, 83, 11]",[],"[88, 31]",[1],"[71, 38, 63, 99, 48, 83, 11]","[1, 88, 31]","[71, 38, 63, 99, 48, 83, 11]",[],"[88, 31]",[1],7,0,2,1
81,10,5,"[4, 69, 52, 40, 47, 77, 35, 59, 70, 7]","[69, 52, 40, 47, 77, 35, 59, 70, 7]",[4],0.8335286390982213,0.07872991895091624,2.0,0,0,"[69, 52, 40, 47, 77, 35, 59, 70, 7]",[4],"[69, 52, 40, 47, 77, 35, 59, 70, 7]",[4],"[69, 52, 40, 47, 77, 35, 59, 70, 7]",[],[],[4],3,0.3890213668346405,"{""0"": 3.904576539993286, ""1"": 1.5532199144363403, ""2"": 1.9440252780914307}",0,0,"[69, 52, 77, 70, 7]","[4, 40, 47, 35, 59]","[69, 52, 77, 70, 7]","[4, 40, 47, 35, 59]","[69, 52, 77, 70, 7]",[],"[40, 47, 35, 59]",[4],"[69, 52, 77, 70, 7]","[4, 40, 47, 35, 59]","[69, 52, 77, 70, 7]",[],"[40, 47, 35, 59]",[4],5,0,4,1
82,10,5,"[0, 61, 81, 74, 23, 95, 35, 97, 55, 28]","[61, 81, 74, 23, 95, 35, 97, 55, 28]",[0],0.8157975076007116,0.2482905500551375,2.0,0,0,"[61, 81, 74, 23, 95, 35, 97, 55, 28]",[0],"[61, 81, 74, 23, 95, 35, 97, 55, 28]",[0],"[61, 81, 74, 23, 95, 35, 97, 55, 28]",[],[],[0],2,0.5938999056816101,"{""0"": 6.439266204833984, ""1"": -1.0}",0,0,"[61, 81, 74, 23, 95, 35, 55, 28]","[0, 97]","[61, 81, 74, 23, 95, 35, 55, 28]","[0, 97]","[61, 81, 74, 23, 95, 35, 55, 28]",[],[97],[0],"[61, 81, 74, 23, 95, 35, 55, 28]","[0, 97]","[61, 81, 74, 23, 95, 35, 55, 28]",[],[97],[0],8,0,1,1
83,10,5,"[3, 53, 77, 67, 31, 62, 45, 47, 82, 84]","[53, 77, 67, 31, 62, 45, 47, 82, 84]",[3],0.8533279992590124,0.14594890736514204,2.0,0,0,"[53, 77, 67, 31, 62, 45, 47, 82, 84]",[3],"[53, 77, 67, 31, 62, 45, 47, 82, 84]",[3],"[53, 77, 67, 31, 62, 45, 47, 82, 84]",[],[],[3],2,0.567546546459198,"{""0"": 3.902449131011963, ""1"": -1.0}",0,0,"[53, 77, 67, 62, 45, 47, 82, 84]","[3, 31]","[53, 77, 67, 62, 45, 47, 82, 84]","[3, 31]","[53, 77, 67, 62, 45, 47, 82, 84]",[],[31],[3],"[53, 77, 67, 62, 45, 47, 82, 84]","[3, 31]","[53, 77, 67, 62, 45, 47, 82, 84]",[],[31],[3],8,0,1,1
84,10,5,"[2, 83, 3, 36, 44, 70, 32, 64, 47, 5]","[83, 36, 44, 70, 32, 64, 47, 5]","[2, 3]",0.9510935059653611,0.23098140173092263,2.0,0,0,"[83, 36, 44, 70, 32, 64, 47, 5]","[2, 3]","[83, 36, 44, 70, 32, 64, 47, 5]","[2, 3]","[83, 36, 44, 70, 32, 64, 47, 5]",[],[],"[2, 3]",2,0.4916570782661438,"{""0"": 5.78151273727417, ""1"": 1.9437997341156006}",0,0,"[83, 36, 70, 32, 64, 5]","[2, 3, 44, 47]","[83, 36, 70, 32, 64, 5]","[2, 3, 44, 47]","[83, 36, 70, 32, 64, 5]",[],"[44, 47]","[2, 3]","[83, 36, 70, 32, 64, 5]","[2, 3, 44, 47]","[83, 36, 70, 32, 64, 5]",[],"[44, 47]","[2, 3]",6,0,2,2
85,10,5,"[0, 95, 64, 96, 60, 5, 79, 75, 7, 94]","[95, 64, 96, 60, 5, 79, 75, 7, 94]",[0],0.882729707249382,0.19079846425920288,2.0,0,0,"[95, 64, 96, 60, 5, 79, 75, 7, 94]",[0],"[95, 64, 96, 60, 5, 79, 75, 7, 94]",[0],"[95, 64, 96, 60, 5, 79, 75, 7, 94]",[],[],[0],2,0.5674577951431274,"{""0"": 4.335894584655762, ""1"": -1.0}",0,0,"[95, 64, 96, 60, 5, 79, 7, 94]","[0, 75]","[95, 64, 96, 60, 5, 79, 7, 94]","[0, 75]","[95, 64, 96, 60, 5, 79, 7, 94]",[],[75],[0],"[95, 64, 96, 60, 5, 79, 7, 94]","[0, 75]","[95, 64, 96, 60, 5, 79, 7, 94]",[],[75],[0],8,0,1,1
86,10,5,"[1, 15, 57, 19, 13, 81, 10, 30, 99, 47]","[15, 57, 19, 13, 81, 10, 30, 99, 47]",[1],0.8734950422519934,0.17911994590478936,2.0,0,0,"[15, 57, 19, 13, 81, 10, 30, 99, 47]",[1],"[15, 57, 19, 13, 81, 10, 30, 99, 47]",[1],"[15, 57, 19, 13, 81, 10, 30, 99, 47]",[],[],[1],2,0.507786214351654,"{""0"": 4.1364946365356445, ""1"": 1.9295709133148193}",0,0,"[15, 57, 19, 81, 30, 99, 47]","[1, 13, 10]","[15, 57, 19, 81, 30, 99, 47]","[1, 13, 10]","[15, 57, 19, 81, 30, 99, 47]",[],"[13, 10]",[1],"[15, 57, 19, 81, 30, 99, 47]","[1, 13, 10]","[15, 57, 19, 81, 30, 99, 47]",[],"[13, 10]",[1],7,0,2,1
87,10,5,"[4, 91, 65, 0, 37, 25, 27, 31, 15, 97]","[91, 65, 37, 25, 27, 31, 15, 97]","[4, 0]",0.8245269931245518,0.09464883150994907,2.0,0,0,"[91, 65, 37, 25, 27, 15, 97]","[4, 0, 31]","[91, 65, 37, 25, 27, 15, 97]","[4, 0, 31]","[91, 65, 37, 25, 27, 15, 97]",[],[31],"[4, 0]",2,0.36911603808403015,"{""0"": 4.700046062469482, ""1"": 1.9506720304489136}",0,0,"[91, 65, 37, 25, 15]","[4, 0, 27, 31, 97]","[91, 65, 37, 25, 15]","[4, 0, 27, 31, 97]","[91, 65, 37, 25, 15]",[],"[27, 31, 97]","[4, 0]","[91, 65, 37, 25, 15]","[4, 0, 27, 31, 97]","[91, 65, 37, 25, 15]",[],"[27, 31, 97]","[4, 0]",5,0,3,2
88,10,5,"[2, 87, 54, 75, 34, 3, 15, 7, 11, 40]","[87, 54, 75, 34, 15, 7, 11, 40]","[2, 3]",0.9781943155495324,0.32953335216663493,2.0,0,0,"[87, 54, 75, 34, 15, 7, 11, 40]","[2, 3]","[87, 54, 75, 34, 15, 7, 11, 40]","[2, 3]","[87, 54, 75, 34, 15, 7, 11, 40]",[],[],"[2, 3]",2,0.7170473337173462,"{""0"": 5.883352756500244, ""1"": -1.0}",0,0,"[87, 75, 34, 15, 7, 11, 40]","[2, 54, 3]","[87, 75, 34, 15, 7, 11, 40]","[2, 54, 3]","[87, 75, 34, 15, 7, 11, 40]",[],[54],"[2, 3]","[87, 75, 34, 15, 7, 11, 40]","[2, 54, 3]","[87, 75, 34, 15, 7, 11, 40]",[],[54],"[2, 3]",7,0,1,2
89,10,5,"[3, 4, 12, 80, 87, 26, 27, 42, 24, 0]","[12, 80, 87, 26, 27, 42, 24]","[3, 4, 0]",1.2125458839113266,0.2985501486405235,2.0,0,0,"[12, 80, 87, 26, 27, 42, 24]","[3, 4, 0]","[12, 80, 87, 26, 27, 42, 24]","[3, 4, 0]","[12, 80, 87, 26, 27, 42, 24]",[],[],"[3, 4, 0]",2,0.4536007046699524,"{""0"": 5.812204837799072, ""1"": -1.0}",0,0,"[12, 80, 87, 27, 42, 24]","[3, 4, 26, 0]","[12, 80, 87, 27, 42, 24]","[3, 4, 26, 0]","[12, 80, 87, 27, 42, 24]",[],[26],"[3, 4, 0]","[12, 80, 87, 27, 42, 24]","[3, 4, 26, 0]","[12, 80, 87, 27, 42, 24]",[],[26],"[3, 4, 0]",6,0,1,3
90,10,5,"[3, 22, 23, 50, 7, 88, 73, 27, 10, 96]","[22, 23, 50, 7, 88, 73, 27, 10, 96]",[3],0.9432701663805674,0.16220197796610036,2.0,0,0,"[22, 23, 50, 7, 73, 27, 10, 96]","[3, 88]","[22, 23, 50, 7, 73, 27, 10, 96]","[3, 88]","[22, 23, 50, 7, 73, 27, 10, 96]",[],[88],[3],2,0.676985502243042,"{""0"": 3.9196596145629883, ""1"": -1.0}",0,0,"[22, 23, 50, 7, 27, 10, 96]","[3, 88, 73]","[22, 23, 50, 7, 27, 10, 96]","[3, 88, 73]","[22, 23, 50, 7, 27, 10, 96]",[],"[88, 73]",[3],"[22, 23, 50, 7, 27, 10, 96]","[3, 88, 73]","[22, 23, 50, 7, 27, 10, 96]",[],"[88, 73]",[3],7,0,2,1
91,10,5,"[2, 17, 98, 50, 52, 30, 15, 49, 13, 38]","[17, 98, 50, 52, 30, 15, 49, 13, 38]",[2],0.805117677146995,0.19158631850270114,2.0,0,0,"[17, 98, 50, 52, 30, 15, 49, 13, 38]",[2],"[17, 98, 50, 52, 30, 15, 49, 13, 38]",[2],"[17, 98, 50, 52, 30, 15, 49, 13, 38]",[],[],[2],2,0.4020926356315613,"{""0"": 4.871662616729736, ""1"": 1.9619731903076172}",0,0,"[98, 50, 52, 30, 15, 13, 38]","[2, 17, 49]","[98, 50, 52, 30, 15, 13, 38]","[2, 17, 49]","[98, 50, 52, 30, 15, 13, 38]",[],"[17, 49]",[2],"[98, 50, 52, 30, 15, 13, 38]","[2, 17, 49]","[98, 50, 52, 30, 15, 13, 38]",[],"[17, 49]",[2],7,0,2,1
92,10,5,"[0, 71, 20, 25, 14, 1, 9, 61, 11, 89]","[71, 20, 25, 14, 9, 61, 11, 89]","[0, 1]",0.8204344001031072,0.15585590406255423,2.0,0,0,"[71, 20, 25, 14, 9, 61, 11, 89]","[0, 1]","[71, 20, 25, 14, 9, 61, 11, 89]","[0, 1]","[71, 20, 25, 14, 9, 61, 11, 89]",[],[],"[0, 1]",4,0.4374792277812958,"{""0"": 1.9242668151855469, ""1"": 1.9830842018127441, ""2"": 2.9529337882995605, ""3"": -1.0}",2,0,"[14, 61, 89]","[0, 71, 20, 25, 1, 9, 11]","[14, 61, 89]","[0, 71, 20, 25, 1, 9, 11]","[14, 61, 89]",[],"[71, 20, 25, 9, 11]","[0, 1]","[14, 61, 89]","[0, 71, 20, 25, 1, 9, 11]","[14, 61, 89]",[],"[71, 20, 25, 9, 11]","[0, 1]",3,0,5,2
93,10,5,"[3, 16, 78, 75, 38, 41, 60, 95, 33, 6]","[16, 78, 75, 38, 41, 60, 95, 33, 6]",[3],0.9380446054107888,0.15786239580594702,2.0,0,0,"[16, 78, 75, 38, 41, 60, 95, 33, 6]",[3],"[16, 78, 75, 38, 41, 60, 95, 33, 6]",[3],"[16, 78, 75, 38, 41, 60, 95, 33, 6]",[],[],[3],4,0.559955894947052,"{""0"": 4.012232303619385, ""1"": -1.0, ""2"": 1.9594368934631348, ""3"": -1.0}",0,0,"[16, 78, 38, 33, 6]","[3, 75, 41, 60, 95]","[16, 78, 38, 33, 6]","[3, 75, 41, 60, 95]","[16, 78, 38, 33, 6]",[],"[75, 41, 60, 95]",[3],"[16, 78, 38, 33, 6]","[3, 75, 41, 60, 95]","[16, 78, 38, 33, 6]",[],"[75, 41, 60, 95]",[3],5,0,4,1
94,10,5,"[2, 98, 15, 78, 86, 82, 74, 47, 4, 71]","[98, 15, 78, 86, 82, 74, 47, 71]","[2, 4]",0.8373236601656394,0.16284255508124884,2.0,0,0,"[98, 15, 78, 86, 82, 74, 47, 71]","[2, 4]","[98, 15, 78, 86, 82, 74, 47, 71]","[2, 4]","[98, 15, 78, 86, 82, 74, 47, 71]",[],[],"[2, 4]",3,0.47081810235977173,"{""0"": 4.761696815490723, ""1"": -1.0, ""2"": 1.9215455055236816}",0,0,"[98, 15, 78, 86, 74]","[2, 82, 47, 4, 71]","[98, 15, 78, 86, 74]","[2, 82, 47, 4, 71]","[98, 15, 78, 86, 74]",[],"[82, 47, 71]","[2, 4]","[98, 15, 78, 86, 74]","[2, 82, 47, 4, 71]","[98, 15, 78, 86, 74]",[],"[82, 47, 71]","[2, 4]",5,0,3,2
95,10,5,"[0, 77, 91, 2, 1, 97, 43, 53, 99, 57]","[77, 91, 97, 43, 53, 99, 57]","[0, 2, 1]",0.8555285314222052,0.21401349359012667,2.0,0,0,"[77, 91, 97, 43, 53, 99, 57]","[0, 2, 1]","[77, 91, 97, 43, 53, 99, 57]","[0, 2, 1]","[77, 91, 97, 43, 53, 99, 57]",[],[],"[0, 2, 1]",2,0.42679908871650696,"{""0"": 5.854037761688232, ""1"": -1.0}",0,0,"[77, 91, 43, 53, 99, 57]","[0, 2, 1, 97]","[77, 91, 43, 53, 99, 57]","[0, 2, 1, 97]","[77, 91, 43, 53, 99, 57]",[],[97],"[0, 2, 1]","[77, 91, 43, 53, 99, 57]","[0, 2, 1, 97]","[77, 91, 43, 53, 99, 57]",[],[97],"[0, 2, 1]",6,0,1,3
96,10,5,"[1, 82, 46, 21, 54, 29, 47, 77, 48, 12]","[82, 46, 21, 54, 29, 47, 77, 48, 12]",[1],1.1421963595542222,0.18480643724332457,2.0,0,0,"[82, 46, 21, 54, 29, 47, 77, 48, 12]",[1],"[82, 46, 21, 54, 29, 47, 77, 48, 12]",[1],"[82, 46, 21, 54, 29, 47, 77, 48, 12]",[],[],[1],2,0.4859788715839386,"{""0"": 2.554408550262451, ""1"": -1.0}",0,0,"[82, 46, 21, 29, 47, 77, 48, 12]","[1, 54]","[82, 46, 21, 29, 47, 77, 48, 12]","[1, 54]","[82, 46, 21, 29, 47, 77, 48, 12]",[],[54],[1],"[82, 46, 21, 29, 47, 77, 48, 12]","[1, 54]","[82, 46, 21, 29, 47, 77, 48, 12]",[],[54],[1],8,0,1,1
97,10,5,"[3, 56, 31, 47, 24, 34, 15, 84, 4, 20]","[56, 31, 47, 24, 34, 15, 84, 20]","[3, 4]",1.125703191045697,0.2001083608855997,2.0,0,0,"[56, 31, 47, 24, 34, 15, 84, 20]","[3, 4]","[56, 31, 47, 24, 34, 15, 84, 20]","[3, 4]","[56, 31, 47, 24, 34, 15, 84, 20]",[],[],"[3, 4]",2,0.5316348075866699,"{""0"": 3.613678455352783, ""1"": -1.0}",0,0,"[56, 31, 47, 24, 34, 15, 20]","[3, 84, 4]","[56, 31, 47, 24, 34, 15, 20]","[3, 84, 4]","[56, 31, 47, 24, 34, 15, 20]",[],[84],"[3, 4]","[56, 31, 47, 24, 34, 15, 20]","[3, 84, 4]","[56, 31, 47, 24, 34, 15, 20]",[],[84],"[3, 4]",7,0,1,2
98,10,5,"[1, 68, 97, 49, 62, 13, 7, 51, 54, 42]","[68, 97, 49, 62, 13, 7, 51, 54, 42]",[1],0.8996298185156495,0.06204863313381409,2.0,0,0,"[68, 49, 62, 13, 7, 42]","[1, 97, 51, 54]","[68, 49, 62, 13, 7, 42]","[1, 97, 51, 54]","[68, 49, 62, 13, 7, 42]",[],"[97, 51, 54]",[1],2,0.5595192313194275,"{""0"": 2.1565744876861572, ""1"": -1.0}",0,0,"[68, 62, 13, 7, 42]","[1, 97, 49, 51, 54]","[68, 62, 13, 7, 42]","[1, 97, 49, 51, 54]","[68, 62, 13, 7, 42]",[],"[97, 49, 51, 54]",[1],"[68, 62, 13, 7, 42]","[1, 97, 49, 51, 54]","[68, 62, 13, 7, 42]",[],"[97, 49, 51, 54]",[1],5,0,4,1
99,10,5,"[3, 2, 22, 38, 75, 25, 47, 58, 57, 37]","[22, 38, 75, 25, 47, 58, 57, 37]","[3, 2]",0.6633124538304824,0.08706866800007945,2.0,0,0,"[22, 38, 75, 25, 58, 57, 37]","[3, 2, 47]","[22, 38, 75, 25, 58, 57, 37]","[3, 2, 47]","[22, 38, 75, 25, 58, 57, 37]",[],[47],"[3, 2]",2,0.5657365322113037,"{""0"": 5.238911151885986, ""1"": -1.0}",0,0,"[22, 38, 25, 58, 57, 37]","[3, 2, 75, 47]","[22, 38, 25, 58, 57, 37]","[3, 2, 75, 47]","[22, 38, 25, 58, 57, 37]",[],"[75, 47]","[3, 2]","[22, 38, 25, 58, 57, 37]","[3, 2, 75, 47]","[22, 38, 25, 58, 57, 37]",[],"[75, 47]","[3, 2]",6,0,2,2
100,10,5,"[0, 86, 39, 75, 6, 48, 61, 11, 64, 44]","[86, 39, 75, 6, 48, 61, 11, 64, 44]",[0],0.9691927719648277,0.058724751519801055,2.0,0,0,"[86, 39, 75, 6, 61, 11, 64, 44]","[0, 48]","[86, 39, 75, 6, 61, 11, 64, 44]","[0, 48]","[86, 39, 75, 6, 61, 11, 64, 44]",[],[48],[0],2,0.47740256786346436,"{""0"": 2.1205711364746094, ""1"": 3.735369920730591}",1,0,"[6, 61, 11, 64]","[0, 86, 39, 75, 48, 44]","[6, 61, 11, 64]","[0, 86, 39, 75, 48, 44]","[6, 61, 11, 64]",[],"[86, 39, 75, 48, 44]",[0],"[6, 61, 11, 64]","[0, 86, 39, 75, 48, 44]","[6, 61, 11, 64]",[],"[86, 39, 75, 48, 44]",[0],4,0,5,1
101,10,5,"[1, 20, 17, 92, 64, 88, 80, 89, 87, 99]","[20, 17, 92, 64, 88, 80, 89, 87, 99]",[1],0.7933402997110797,0.17078502354616354,2.0,0,0,"[20, 17, 92, 64, 80, 89, 87, 99]","[1, 88]","[20, 17, 92, 64, 80, 89, 87, 99]","[1, 88]","[20, 17, 92, 64, 80, 89, 87, 99]",[],[88],[1],2,0.3302820324897766,"{""0"": 5.047698497772217, ""1"": 1.473381757736206}",0,0,"[20, 92, 64, 80, 87, 99]","[1, 17, 88, 89]","[20, 92, 64, 80, 87, 99]","[1, 17, 88, 89]","[20, 92, 64, 80, 87, 99]",[],"[17, 88, 89]",[1],"[20, 92, 64, 80, 87, 99]","[1, 17, 88, 89]","[20, 92, 64, 80, 87, 99]",[],"[17, 88, 89]",[1],6,0,3,1
102,10,5,"[2, 21, 51, 16, 41, 68, 60, 67, 80, 91]","[21, 51, 16, 41, 68, 60, 67, 80, 91]",[2],0.720370933268606,0.07436609973675085,2.0,0,0,"[21, 51, 41, 68, 60, 67, 80, 91]","[2, 16]","[21, 51, 41, 68, 60, 67, 80, 91]","[2, 16]","[21, 51, 41, 68, 60, 67, 80, 91]",[],[16],[2],2,0.4005053639411926,"{""0"": 2.8725154399871826, ""1"": -1.0}",0,0,"[21, 51, 68, 60, 67, 80, 91]","[2, 16, 41]","[21, 51, 68, 60, 67, 80, 91]","[2, 16, 41]","[21, 51, 68, 60, 67, 80, 91]",[],"[16, 41]",[2],"[21, 51, 68, 60, 67, 80, 91]","[2, 16, 41]","[21, 51, 68, 60, 67, 80, 91]",[],"[16, 41]",[2],7,0,2,1
103,10,5,"[4, 77, 92, 15, 52, 94, 71, 32, 13, 62]","[77, 92, 15, 52, 94, 71, 32, 13, 62]",[4],1.005061975814032,0.21184396135210282,2.0,0,0,"[77, 92, 15, 52, 94, 71, 32, 13, 62]",[4],"[77, 92, 15, 52, 94, 71, 32, 13, 62]",[4],"[77, 92, 15, 52, 94, 71, 32, 13, 62]",[],[],[4],3,0.46214887499809265,"{""0"": 0.9742465615272522, ""1"": -1.0, ""2"": -1.0}",0,0,"[77, 92, 15, 52, 94, 71, 13]","[4, 32, 62]","[77, 92, 15, 52, 94, 71, 13]","[4, 32, 62]","[77, 92, 15, 52, 94, 71, 13]",[],"[32, 62]",[4],"[77, 92, 15, 52, 94, 71, 13]","[4, 32, 62]","[77, 92, 15, 52, 94, 71, 13]",[],"[32, 62]",[4],7,0,2,1
104,10,5,"[0, 41, 15, 12, 9, 34, 21, 93, 38, 90]","[41, 15, 12, 9, 34, 21, 93, 38, 90]",[0],0.5277044698468606,0.06582244555902114,2.0,0,0,"[15, 12, 34, 21, 93, 38, 90]","[0, 41, 9]","[15, 12, 34, 21, 93, 38, 90]","[0, 41, 9]","[15, 12, 34, 21, 93, 38, 90]",[],"[41, 9]",[0],2,0.3507886230945587,"{""0"": 2.4685850143432617, ""1"": 3.7636666297912598}",1,0,"[12, 34, 93, 38]","[0, 41, 15, 9, 21, 90]","[12, 34, 93, 38]","[0, 41, 15, 9, 21, 90]","[12, 34, 93, 38]",[],"[41, 15, 9, 21, 90]",[0],"[12, 34, 93, 38]","[0, 41, 15, 9, 21, 90]","[12, 34, 93, 38]",[],"[41, 15, 9, 21, 90]",[0],4,0,5,1
105,10,5,"[4, 40, 47, 54, 57, 28, 10, 87, 27, 95]","[40, 47, 54, 57, 28, 10, 87, 27, 95]",[4],0.7959999099538432,0.18213519656749344,2.0,0,0,"[40, 47, 54, 57, 28, 10, 87, 27, 95]",[4],"[40, 47, 54, 57, 28, 10, 87, 27, 95]",[4],"[40, 47, 54, 57, 28, 10, 87, 27, 95]",[],[],[4],2,0.6071501970291138,"{""0"": 3.5548877716064453, ""1"": 1.8605530261993408}",0,0,"[40, 47, 57, 28, 10, 87, 27]","[4, 54, 95]","[40, 47, 57, 28, 10, 87, 27]","[4, 54, 95]","[40, 47, 57, 28, 10, 87, 27]",[],"[54, 95]",[4],"[40, 47, 57, 28, 10, 87, 27]","[4, 54, 95]","[40, 47, 57, 28, 10, 87, 27]",[],"[54, 95]",[4],7,0,2,1
106,10,5,"[3, 92, 34, 12, 74, 0, 88, 53, 52, 77]","[92, 34, 12, 74, 88, 53, 52, 77]","[3, 0]",0.698874827346669,0.16201878433186773,2.0,0,0,"[92, 34, 12, 74, 53, 52, 77]","[3, 0, 88]","[92, 34, 12, 74, 53, 52, 77]","[3, 0, 88]","[92, 34, 12, 74, 53, 52, 77]",[],[88],"[3, 0]",2,0.4759354889392853,"{""0"": 4.8373703956604, ""1"": 1.9969615936279297}",0,0,"[92, 34, 12, 74, 77]","[3, 0, 88, 53, 52]","[92, 34, 12, 74, 77]","[3, 0, 88, 53, 52]","[92, 34, 12, 74, 77]",[],"[88, 53, 52]","[3, 0]","[92, 34, 12, 74, 77]","[3, 0, 88, 53, 52]","[92, 34, 12, 74, 77]",[],"[88, 53, 52]","[3, 0]",5,0,3,2
107,10,5,"[2, 40, 41, 84, 7, 70, 46, 61, 95, 0]","[40, 41, 84, 7, 70, 46, 61, 95]","[2, 0]",0.941262259502927,0.24014721006993112,2.0,0,0,"[40, 41, 84, 7, 70, 46, 61, 95]","[2, 0]","[40, 41, 84, 7, 70, 46, 61, 95]","[2, 0]","[40, 41, 84, 7, 70, 46, 61, 95]",[],[],"[2, 0]",2,0.5915431976318359,"{""0"": 3.02931547164917, ""1"": -1.0}",0,0,"[40, 41, 84, 7, 70, 46, 61]","[2, 95, 0]","[40, 41, 84, 7, 70, 46, 61]","[2, 95, 0]","[40, 41, 84, 7, 70, 46, 61]",[],[95],"[2, 0]","[40, 41, 84, 7, 70, 46, 61]","[2, 95, 0]","[40, 41, 84, 7, 70, 46, 61]",[],[95],"[2, 0]",7,0,1,2
108,10,5,"[1, 33, 0, 16, 84, 12, 64, 52, 60, 4]","[33, 16, 84, 12, 64, 52, 60]","[1, 0, 4]",0.8905883956950091,0.27515492081597454,2.0,0,0,"[33, 16, 84, 12, 64, 52, 60]","[1, 0, 4]","[33, 16, 84, 12, 64, 52, 60]","[1, 0, 4]","[33, 16, 84, 12, 64, 52, 60]",[],[],"[1, 0, 4]",2,0.5266268849372864,"{""0"": 1.5666191577911377, ""1"": -1.0}",0,0,"[33, 16, 12, 64, 52, 60]","[1, 0, 84, 4]","[33, 16, 12, 64, 52, 60]","[1, 0, 84, 4]","[33, 16, 12, 64, 52, 60]",[],[84],"[1, 0, 4]","[33, 16, 12, 64, 52, 60]","[1, 0, 84, 4]","[33, 16, 12, 64, 52, 60]",[],[84],"[1, 0, 4]",6,0,1,3
109,10,5,"[3, 14, 27, 84, 5, 15, 87, 17, 58, 28]","[14, 27, 84, 5, 15, 87, 17, 58, 28]",[3],0.758989401447256,0.11540170687197099,2.0,0,0,"[14, 27, 84, 5, 15, 87, 17, 58, 28]",[3],"[14, 27, 84, 5, 15, 87, 17, 58, 28]",[3],"[14, 27, 84, 5, 15, 87, 17, 58, 28]",[],[],[3],2,0.6840706467628479,"{""0"": 3.194911479949951, ""1"": -1.0}",0,0,"[14, 27, 84, 5, 15, 87, 58, 28]","[3, 17]","[14, 27, 84, 5, 15, 87, 58, 28]","[3, 17]","[14, 27, 84, 5, 15, 87, 58, 28]",[],[17],[3],"[14, 27, 84, 5, 15, 87, 58, 28]","[3, 17]","[14, 27, 84, 5, 15, 87, 58, 28]",[],[17],[3],8,0,1,1
110,10,5,"[4, 29, 12, 86, 67, 81, 84, 59, 21, 3]","[29, 12, 86, 67, 81, 84, 59, 21]","[4, 3]",0.7722574552703869,0.13493709822236755,2.0,0,0,"[29, 12, 86, 67, 81, 84, 59, 21]","[4, 3]","[29, 12, 86, 67, 81, 84, 59, 21]","[4, 3]","[29, 12, 86, 67, 81, 84, 59, 21]",[],[],"[4, 3]",2,0.7567912340164185,"{""0"": 4.767682075500488, ""1"": 1.97285795211792}",0,0,"[29, 12, 86, 81, 59, 21]","[4, 67, 84, 3]","[29, 12, 86, 81, 59, 21]","[4, 67, 84, 3]","[29, 12, 86, 81, 59, 21]",[],"[67, 84]","[4, 3]","[29, 12, 86, 81, 59, 21]","[4, 67, 84, 3]","[29, 12, 86, 81, 59, 21]",[],"[67, 84]","[4, 3]",6,0,2,2
111,10,5,"[1, 41, 61, 76, 49, 46, 55, 34, 2, 4]","[41, 61, 76, 49, 46, 55, 34]","[1, 2, 4]",0.839618420867281,0.2726571092773731,2.0,0,0,"[41, 61, 76, 49, 46, 55, 34]","[1, 2, 4]","[41, 61, 76, 49, 46, 55, 34]","[1, 2, 4]","[41, 61, 76, 49, 46, 55, 34]",[],[],"[1, 2, 4]",2,0.512571394443512,"{""0"": 2.1736526489257812, ""1"": -1.0}",0,0,"[41, 61, 76, 49, 55, 34]","[1, 46, 2, 4]","[41, 61, 76, 49, 55, 34]","[1, 46, 2, 4]","[41, 61, 76, 49, 55, 34]",[],[46],"[1, 2, 4]","[41, 61, 76, 49, 55, 34]","[1, 46, 2, 4]","[41, 61, 76, 49, 55, 34]",[],[46],"[1, 2, 4]",6,0,1,3
112,10,5,"[0, 73, 9, 86, 84, 95, 41, 38, 17, 52]","[73, 9, 86, 84, 95, 41, 38, 17, 52]",[0],0.7651577034385073,0.22888261718003128,2.0,0,0,"[73, 9, 86, 84, 95, 41, 38, 17, 52]",[0],"[73, 9, 86, 84, 95, 41, 38, 17, 52]",[0],"[73, 9, 86, 84, 95, 41, 38, 17, 52]",[],[],[0],2,0.6826115250587463,"{""0"": 4.703951358795166, ""1"": -1.0}",0,0,"[9, 86, 84, 95, 41, 38, 17, 52]","[0, 73]","[9, 86, 84, 95, 41, 38, 17, 52]","[0, 73]","[9, 86, 84, 95, 41, 38, 17, 52]",[],[73],[0],"[9, 86, 84, 95, 41, 38, 17, 52]","[0, 73]","[9, 86, 84, 95, 41, 38, 17, 52]",[],[73],[0],8,0,1,1
113,10,5,"[0, 91, 57, 71, 20, 38, 10, 16, 54, 36]","[91, 57, 71, 20, 38, 10, 16, 54, 36]",[0],0.7409988679453876,0.07686699098531585,2.0,0,0,"[91, 57, 71, 20, 38, 16, 54, 36]","[0, 10]","[91, 57, 71, 20, 38, 16, 54, 36]","[0, 10]","[91, 57, 71, 20, 38, 16, 54, 36]",[],[10],[0],2,0.4396013021469116,"{""0"": 2.5496652126312256, ""1"": -1.0}",0,0,"[91, 57, 20, 38, 16, 54, 36]","[0, 71, 10]","[91, 57, 20, 38, 16, 54, 36]","[0, 71, 10]","[91, 57, 20, 38, 16, 54, 36]",[],"[71, 10]",[0],"[91, 57, 20, 38, 16, 54, 36]","[0, 71, 10]","[91, 57, 20, 38, 16, 54, 36]",[],"[71, 10]",[0],7,0,2,1
114,10,5,"[1, 35, 98, 89, 23, 39, 85, 91, 9, 16]","[35, 98, 89, 23, 39, 85, 91, 9, 16]",[1],0.7693663167899709,0.12614503517354958,2.0,0,0,"[35, 98, 89, 23, 39, 85, 91, 9, 16]",[1],"[35, 98, 89, 23, 39, 85, 91, 9, 16]",[1],"[35, 98, 89, 23, 39, 85, 91, 9, 16]",[],[],[1],2,0.49276912212371826,"{""0"": 0.7531182765960693, ""1"": -1.0}",0,0,"[35, 98, 89, 23, 39, 91, 9, 16]","[1, 85]","[35, 98, 89, 23, 39, 91, 9, 16]","[1, 85]","[35, 98, 89, 23, 39, 91, 9, 16]",[],[85],[1],"[35, 98, 89, 23, 39, 91, 9, 16]","[1, 85]","[35, 98, 89, 23, 39, 91, 9, 16]",[],[85],[1],8,0,1,1
115,10,5,"[2, 61, 41, 38, 85, 51, 56, 19, 36, 97]","[61, 41, 38, 85, 51, 56, 19, 36, 97]",[2],0.7211232485023149,0.16712107299557116,2.0,0,0,"[61, 41, 38, 85, 51, 56, 19, 36]","[2, 97]","[61, 41, 38, 85, 51, 56, 19, 36]","[2, 97]","[61, 41, 38, 85, 51, 56, 19, 36]",[],[97],[2],2,0.5845853090286255,"{""0"": 5.117218017578125, ""1"": -1.0}",0,0,"[61, 38, 85, 51, 56, 19, 36]","[2, 41, 97]","[61, 38, 85, 51, 56, 19, 36]","[2, 41, 97]","[61, 38, 85, 51, 56, 19, 36]",[],"[41, 97]",[2],"[61, 38, 85, 51, 56, 19, 36]","[2, 41, 97]","[61, 38, 85, 51, 56, 19, 36]",[],"[41, 97]",[2],7,0,2,1
116,10,5,"[4, 19, 17, 30, 8, 83, 55, 38, 96, 10]","[19, 17, 30, 8, 83, 55, 38, 96, 10]",[4],0.9601263755312511,0.09384243582555768,2.0,0,0,"[30, 8, 83, 55, 38, 96, 10]","[4, 19, 17]","[30, 8, 83, 55, 38, 96, 10]","[4, 19, 17]","[30, 8, 83, 55, 38, 96, 10]",[],"[19, 17]",[4],2,0.35996171832084656,"{""0"": 0.8198363184928894, ""1"": -1.0}",0,0,"[30, 8, 83, 55, 38, 10]","[4, 19, 17, 96]","[30, 8, 83, 55, 38, 10]","[4, 19, 17, 96]","[30, 8, 83, 55, 38, 10]",[],"[19, 17, 96]",[4],"[30, 8, 83, 55, 38, 10]","[4, 19, 17, 96]","[30, 8, 83, 55, 38, 10]",[],"[19, 17, 96]",[4],6,0,3,1
117,10,5,"[0, 55, 66, 34, 52, 8, 29, 67, 77, 45]","[55, 66, 34, 52, 8, 29, 67, 77, 45]",[0],0.7780659993484806,0.1536534753746427,2.0,0,0,"[55, 66, 34, 52, 8, 29, 67, 77, 45]",[0],"[55, 66, 34, 52, 8, 29, 67, 77, 45]",[0],"[55, 66, 34, 52, 8, 29, 67, 77, 45]",[],[],[0],3,0.46988022327423096,"{""0"": 1.7355639934539795, ""1"": 4.774411201477051, ""2"": -1.0}",1,0,"[55, 34, 52, 29, 77]","[0, 66, 8, 67, 45]","[55, 34, 52, 29, 77]","[0, 66, 8, 67, 45]","[55, 34, 52, 29, 77]",[],"[66, 8, 67, 45]",[0],"[55, 34, 52, 29, 77]","[0, 66, 8, 67, 45]","[55, 34, 52, 29, 77]",[],"[66, 8, 67, 45]",[0],5,0,4,1
118,10,5,"[0, 81, 90, 44, 79, 20, 31, 36, 89, 55]","[81, 90, 44, 79, 20, 31, 36, 89, 55]",[0],0.576984539977166,0.045902545674776474,2.0,0,0,"[81, 90, 44, 79, 20, 36, 55]","[0, 31, 89]","[81, 90, 44, 79, 20, 36, 55]","[0, 31, 89]","[81, 90, 44, 79, 20, 36, 55]",[],"[31, 89]",[0],2,0.4346177875995636,"{""0"": 3.482849597930908, ""1"": 1.3669813871383667}",0,0,"[81, 90, 79, 55]","[0, 44, 20, 31, 36, 89]","[81, 90, 79, 55]","[0, 44, 20, 31, 36, 89]","[81, 90, 79, 55]",[],"[44, 20, 31, 36, 89]",[0],"[81, 90, 79, 55]","[0, 44, 20, 31, 36, 89]","[81, 90, 79, 55]",[],"[44, 20, 31, 36, 89]",[0],4,0,5,1
119,10,5,"[3, 41, 19, 9, 97, 64, 37, 55, 33, 42]","[41, 19, 9, 97, 64, 37, 55, 33, 42]",[3],0.7864373359878909,0.1841158240177344,2.0,0,0,"[41, 19, 9, 97, 64, 37, 55, 33, 42]",[3],"[41, 19, 9, 97, 64, 37, 55, 33, 42]",[3],"[41, 19, 9, 97, 64, 37, 55, 33, 42]",[],[],[3],2,0.4734622538089752,"{""0"": 3.1843745708465576, ""1"": 1.392638921737671}",0,0,"[41, 9, 64, 37, 55, 33, 42]","[3, 19, 97]","[41, 9, 64, 37, 55, 33, 42]","[3, 19, 97]","[41, 9, 64, 37, 55, 33, 42]",[],"[19, 97]",[3],"[41, 9, 64, 37, 55, 33, 42]","[3, 19, 97]","[41, 9, 64, 37, 55, 33, 42]",[],"[19, 97]",[3],7,0,2,1
120,10,5,"[1, 98, 30, 13, 56, 97, 35, 75, 41, 2]","[98, 30, 13, 56, 97, 35, 75, 41]","[1, 2]",0.8125044625494924,0.14531852148883267,2.0,0,0,"[98, 30, 13, 56, 97, 35, 75, 41]","[1, 2]","[98, 30, 13, 56, 97, 35, 75, 41]","[1, 2]","[98, 30, 13, 56, 97, 35, 75, 41]",[],[],"[1, 2]",2,0.4671844244003296,"{""0"": 1.2646926641464233, ""1"": -1.0}",0,0,"[98, 30, 13, 56, 35, 75, 41]","[1, 97, 2]","[98, 30, 13, 56, 35, 75, 41]","[1, 97, 2]","[98, 30, 13, 56, 35, 75, 41]",[],[97],"[1, 2]","[98, 30, 13, 56, 35, 75, 41]","[1, 97, 2]","[98, 30, 13, 56, 35, 75, 41]",[],[97],"[1, 2]",7,0,1,2
121,10,5,"[3, 5, 42, 83, 37, 14, 13, 89, 28, 61]","[5, 42, 83, 37, 14, 13, 89, 28, 61]",[3],0.663721053033526,0.064909141805777,2.0,0,0,"[5, 42, 83, 37, 14, 13, 89, 28, 61]",[3],"[5, 42, 83, 37, 14, 13, 89, 28, 61]",[3],"[5, 42, 83, 37, 14, 13, 89, 28, 61]",[],[],[3],2,0.5952709317207336,"{""0"": 2.4038617610931396, ""1"": 1.8510165214538574}",0,0,"[5, 83, 37, 14, 89, 28, 61]","[3, 42, 13]","[5, 83, 37, 14, 89, 28, 61]","[3, 42, 13]","[5, 83, 37, 14, 89, 28, 61]",[],"[42, 13]",[3],"[5, 83, 37, 14, 89, 28, 61]","[3, 42, 13]","[5, 83, 37, 14, 89, 28, 61]",[],"[42, 13]",[3],7,0,2,1
122,10,5,"[0, 29, 83, 87, 38, 55, 96, 31, 81, 14]","[29, 83, 87, 38, 55, 96, 31, 81, 14]",[0],0.7889698305935806,0.07392051562612689,2.0,0,0,"[29, 83, 87, 38, 55, 96, 31, 81, 14]",[0],"[29, 83, 87, 38, 55, 96, 31, 81, 14]",[0],"[29, 83, 87, 38, 55, 96, 31, 81, 14]",[],[],[0],2,0.5568720102310181,"{""0"": 2.253979206085205, ""1"": -1.0}",0,0,"[29, 83, 87, 38, 55, 96, 81, 14]","[0, 31]","[29, 83, 87, 38, 55, 96, 81, 14]","[0, 31]","[29, 83, 87, 38, 55, 96, 81, 14]",[],[31],[0],"[29, 83, 87, 38, 55, 96, 81, 14]","[0, 31]","[29, 83, 87, 38, 55, 96, 81, 14]",[],[31],[0],8,0,1,1
123,10,5,"[0, 64, 70, 77, 88, 6, 82, 62, 69, 55]","[64, 70, 77, 88, 6, 82, 62, 69, 55]",[0],0.7289184121279617,0.10185307922925202,2.0,0,0,"[64, 70, 77, 6, 82, 62, 69, 55]","[0, 88]","[64, 70, 77, 6, 82, 62, 69, 55]","[0, 88]","[64, 70, 77, 6, 82, 62, 69, 55]",[],[88],[0],2,0.6156284809112549,"{""0"": 6.030184745788574, ""1"": -1.0}",0,0,"[64, 70, 77, 6, 82, 62, 55]","[0, 88, 69]","[64, 70, 77, 6, 82, 62, 55]","[0, 88, 69]","[64, 70, 77, 6, 82, 62, 55]",[],"[88, 69]",[0],"[64, 70, 77, 6, 82, 62, 55]","[0, 88, 69]","[64, 70, 77, 6, 82, 62, 55]",[],"[88, 69]",[0],7,0,2,1
124,10,5,"[4, 88, 96, 42, 58, 49, 7, 15, 72, 99]","[88, 96, 42, 58, 49, 7, 15, 72, 99]",[4],0.8202927106549409,0.14293944702812195,2.0,0,0,"[96, 42, 58, 49, 7, 15, 72, 99]","[4, 88]","[96, 42, 58, 49, 7, 15, 72, 99]","[4, 88]","[96, 42, 58, 49, 7, 15, 72, 99]",[],[88],[4],2,0.5249373316764832,"{""0"": 2.7110133171081543, ""1"": -1.0}",0,0,"[96, 58, 49, 7, 15, 72, 99]","[4, 88, 42]","[96, 58, 49, 7, 15, 72, 99]","[4, 88, 42]","[96, 58, 49, 7, 15, 72, 99]",[],"[88, 42]",[4],"[96, 58, 49, 7, 15, 72, 99]","[4, 88, 42]","[96, 58, 49, 7, 15, 72, 99]",[],"[88, 42]",[4],7,0,2,1
125,10,5,"[4, 30, 1, 36, 14, 90, 87, 42, 82, 37]","[30, 36, 14, 90, 87, 42, 82, 37]","[4, 1]",0.9571048455990586,0.1689520018839481,2.0,0,0,"[30, 36, 14, 90, 87, 42, 82, 37]","[4, 1]","[30, 36, 14, 90, 87, 42, 82, 37]","[4, 1]","[30, 36, 14, 90, 87, 42, 82, 37]",[],[],"[4, 1]",4,0.5150931477546692,"{""0"": 2.005030393600464, ""1"": -1.0, ""2"": 1.9833362102508545, ""3"": -1.0}",0,0,"[14, 90, 87, 37]","[4, 30, 1, 36, 42, 82]","[14, 90, 87, 37]","[4, 30, 1, 36, 42, 82]","[14, 90, 87, 37]",[],"[30, 36, 42, 82]","[4, 1]","[14, 90, 87, 37]","[4, 30, 1, 36, 42, 82]","[14, 90, 87, 37]",[],"[30, 36, 42, 82]","[4, 1]",4,0,4,2
126,10,5,"[3, 40, 64, 31, 35, 90, 29, 48, 84, 78]","[40, 64, 31, 35, 90, 29, 48, 84, 78]",[3],0.8698067193932542,0.248768572131026,2.0,0,0,"[40, 64, 31, 35, 90, 29, 48, 84, 78]",[3],"[40, 64, 31, 35, 90, 29, 48, 84, 78]",[3],"[40, 64, 31, 35, 90, 29, 48, 84, 78]",[],[],[3],2,0.7132261991500854,"{""0"": 3.9017300605773926, ""1"": -1.0}",0,0,"[40, 64, 35, 90, 29, 48, 84, 78]","[3, 31]","[40, 64, 35, 90, 29, 48, 84, 78]","[3, 31]","[40, 64, 35, 90, 29, 48, 84, 78]",[],[31],[3],"[40, 64, 35, 90, 29, 48, 84, 78]","[3, 31]","[40, 64, 35, 90, 29, 48, 84, 78]",[],[31],[3],8,0,1,1
127,10,5,"[3, 32, 56, 98, 78, 62, 5, 13, 86, 55]","[32, 56, 98, 78, 62, 5, 13, 86, 55]",[3],0.7370460044275522,0.08644621085208759,2.0,0,0,"[32, 56, 98, 78, 5, 13, 86]","[3, 62, 55]","[32, 56, 98, 78, 5, 13, 86]","[3, 62, 55]","[32, 56, 98, 78, 5, 13, 86]",[],"[62, 55]",[3],2,0.47875332832336426,"{""0"": 0.7683714628219604, ""1"": -1.0}",0,0,"[32, 56, 98, 78, 5, 86]","[3, 62, 13, 55]","[32, 56, 98, 78, 5, 86]","[3, 62, 13, 55]","[32, 56, 98, 78, 5, 86]",[],"[62, 13, 55]",[3],"[32, 56, 98, 78, 5, 86]","[3, 62, 13, 55]","[32, 56, 98, 78, 5, 86]",[],"[62, 13, 55]",[3],6,0,3,1
128,10,5,"[4, 99, 47, 20, 31, 10, 86, 90, 62, 41]","[99, 47, 20, 31, 10, 86, 90, 62, 41]",[4],0.8378488605701231,0.2114239663266652,2.0,0,0,"[99, 47, 20, 31, 10, 86, 90, 62, 41]",[4],"[99, 47, 20, 31, 10, 86, 90, 62, 41]",[4],"[99, 47, 20, 31, 10, 86, 90, 62, 41]",[],[],[4],2,0.5453889966011047,"{""0"": 1.5191242694854736, ""1"": -1.0}",0,0,"[99, 20, 31, 10, 86, 90, 62, 41]","[4, 47]","[99, 20, 31, 10, 86, 90, 62, 41]","[4, 47]","[99, 20, 31, 10, 86, 90, 62, 41]",[],[47],[4],"[99, 20, 31, 10, 86, 90, 62, 41]","[4, 47]","[99, 20, 31, 10, 86, 90, 62, 41]",[],[47],[4],8,0,1,1
129,10,5,"[0, 33, 1, 73, 28, 61, 3, 11, 96, 15]","[33, 73, 28, 61, 11, 96, 15]","[0, 1, 3]",0.7942262211161464,0.23793432656930197,2.0,0,0,"[33, 73, 28, 61, 11, 96, 15]","[0, 1, 3]","[33, 73, 28, 61, 11, 96, 15]","[0, 1, 3]","[33, 73, 28, 61, 11, 96, 15]",[],[],"[0, 1, 3]",2,0.5828548073768616,"{""0"": 1.978588581085205, ""1"": -1.0}",0,0,"[33, 28, 61, 11, 96, 15]","[0, 1, 73, 3]","[33, 28, 61, 11, 96, 15]","[0, 1, 73, 3]","[33, 28, 61, 11, 96, 15]",[],[73],"[0, 1, 3]","[33, 28, 61, 11, 96, 15]","[0, 1, 73, 3]","[33, 28, 61, 11, 96, 15]",[],[73],"[0, 1, 3]",6,0,1,3
130,10,5,"[4, 42, 80, 51, 72, 74, 90, 58, 35, 83]","[42, 80, 51, 72, 74, 90, 58, 35, 83]",[4],0.7792722398975076,0.08068542495541936,2.0,0,0,"[42, 80, 51, 72, 74, 90, 58, 35, 83]",[4],"[42, 80, 51, 72, 74, 90, 58, 35, 83]",[4],"[42, 80, 51, 72, 74, 90, 58, 35, 83]",[],[],[4],2,0.48410728573799133,"{""0"": 1.4414663314819336, ""1"": -1.0}",0,0,"[80, 51, 72, 74, 90, 58, 35, 83]","[4, 42]","[80, 51, 72, 74, 90, 58, 35, 83]","[4, 42]","[80, 51, 72, 74, 90, 58, 35, 83]",[],[42],[4],"[80, 51, 72, 74, 90, 58, 35, 83]","[4, 42]","[80, 51, 72, 74, 90, 58, 35, 83]",[],[42],[4],8,0,1,1
131,10,5,"[0, 95, 80, 46, 22, 73, 3, 42, 93, 85]","[95, 80, 46, 22, 73, 42, 93, 85]","[0, 3]",1.0331118249244047,0.1813521641366746,2.0,0,0,"[95, 80, 46, 22, 73, 42, 93, 85]","[0, 3]","[95, 80, 46, 22, 73, 42, 93, 85]","[0, 3]","[95, 80, 46, 22, 73, 42, 93, 85]",[],[],"[0, 3]",3,0.3317258656024933,"{""0"": 2.085127353668213, ""1"": 2.5642611980438232, ""2"": 1.8390073776245117}",1,0,"[95, 80, 93]","[0, 46, 22, 73, 3, 42, 85]","[95, 80, 93]","[0, 46, 22, 73, 3, 42, 85]","[95, 80, 93]",[],"[46, 22, 73, 42, 85]","[0, 3]","[95, 80, 93]","[0, 46, 22, 73, 3, 42, 85]","[95, 80, 93]",[],"[46, 22, 73, 42, 85]","[0, 3]",3,0,5,2
132,10,5,"[2, 5, 77, 45, 62, 74, 20, 65, 9, 68]","[5, 77, 45, 62, 74, 20, 65, 9, 68]",[2],1.0561784342586875,0.1778322477953549,2.0,0,0,"[5, 77, 45, 62, 74, 20, 65, 9, 68]",[2],"[5, 77, 45, 62, 74, 20, 65, 9, 68]",[2],"[5, 77, 45, 62, 74, 20, 65, 9, 68]",[],[],[2],2,0.41471827030181885,"{""0"": 1.063463568687439, ""1"": -1.0}",0,0,"[5, 77, 45, 62, 74, 65, 9, 68]","[2, 20]","[5, 77, 45, 62, 74, 65, 9, 68]","[2, 20]","[5, 77, 45, 62, 74, 65, 9, 68]",[],[20],[2],"[5, 77, 45, 62, 74, 65, 9, 68]","[2, 20]","[5, 77, 45, 62, 74, 65, 9, 68]",[],[20],[2],8,0,1,1
133,10,5,"[2, 58, 94, 20, 50, 51, 65, 7, 27, 95]","[58, 94, 20, 50, 51, 65, 7, 27, 95]",[2],0.7273526254080723,0.11885921864856314,2.0,0,0,"[58, 94, 20, 50, 51, 65, 7, 27, 95]",[2],"[58, 94, 20, 50, 51, 65, 7, 27, 95]",[2],"[58, 94, 20, 50, 51, 65, 7, 27, 95]",[],[],[2],2,0.49639594554901123,"{""0"": 3.1830368041992188, ""1"": -1.0}",0,0,"[58, 94, 20, 50, 51, 65, 27, 95]","[2, 7]","[58, 94, 20, 50, 51, 65, 27, 95]","[2, 7]","[58, 94, 20, 50, 51, 65, 27, 95]",[],[7],[2],"[58, 94, 20, 50, 51, 65, 27, 95]","[2, 7]","[58, 94, 20, 50, 51, 65, 27, 95]",[],[7],[2],8,0,1,1
134,10,5,"[4, 78, 82, 23, 37, 10, 55, 13, 12, 77]","[78, 82, 23, 37, 10, 55, 13, 12, 77]",[4],0.6733052314370281,0.12075476440735405,2.0,0,0,"[78, 82, 23, 37, 10, 55, 13, 12, 77]",[4],"[78, 82, 23, 37, 10, 55, 13, 12, 77]",[4],"[78, 82, 23, 37, 10, 55, 13, 12, 77]",[],[],[4],2,0.6277048587799072,"{""0"": 1.732851266860962, ""1"": 2.931313991546631}",1,0,"[78, 82, 23, 37, 55, 12, 77]","[4, 10, 13]","[78, 82, 23, 37, 55, 12, 77]","[4, 10, 13]","[78, 82, 23, 37, 55, 12, 77]",[],"[10, 13]",[4],"[78, 82, 23, 37, 55, 12, 77]","[4, 10, 13]","[78, 82, 23, 37, 55, 12, 77]",[],"[10, 13]",[4],7,0,2,1
135,10,5,"[2, 35, 5, 89, 93, 82, 49, 23, 95, 63]","[35, 5, 89, 93, 82, 49, 23, 95, 63]",[2],0.8057503679829092,0.20435514166626745,2.0,0,0,"[35, 5, 89, 93, 82, 49, 23, 95, 63]",[2],"[35, 5, 89, 93, 82, 49, 23, 95, 63]",[2],"[35, 5, 89, 93, 82, 49, 23, 95, 63]",[],[],[2],2,0.4614311456680298,"{""0"": 0.8886023163795471, ""1"": 1.915222406387329}",1,0,"[35, 5]","[2, 89, 93, 82, 49, 23, 95, 63]","[35, 5]","[2, 89, 93, 82, 49, 23, 95, 63]","[35, 5]",[],"[89, 93, 82, 49, 23, 95, 63]",[2],"[35, 5]","[2, 89, 93, 82, 49, 23, 95, 63]","[35, 5]",[],"[89, 93, 82, 49, 23, 95, 63]",[2],2,0,7,1
136,10,5,"[4, 83, 79, 3, 66, 69, 95, 96, 84, 7]","[83, 79, 66, 69, 95, 96, 84, 7]","[4, 3]",0.9813008863510646,0.19766929637162478,2.0,0,0,"[83, 66, 69, 95, 96, 84, 7]","[4, 79, 3]","[83, 66, 69, 95, 96, 84, 7]","[4, 79, 3]","[83, 66, 69, 95, 96, 84, 7]",[],[79],"[4, 3]",2,0.67332524061203,"{""0"": 3.2371561527252197, ""1"": 2.9029757976531982}",0,0,"[83, 69, 95, 96]","[4, 79, 3, 66, 84, 7]","[83, 69, 95, 96]","[4, 79, 3, 66, 84, 7]","[83, 69, 95, 96]",[],"[79, 66, 84, 7]","[4, 3]","[83, 69, 95, 96]","[4, 79, 3, 66, 84, 7]","[83, 69, 95, 96]",[],"[79, 66, 84, 7]","[4, 3]",4,0,4,2
137,10,5,"[3, 65, 26, 12, 98, 16, 20, 86, 59, 75]","[65, 26, 12, 98, 16, 20, 86, 59, 75]",[3],0.868664084817898,0.08128753602050848,2.0,0,0,"[65, 12, 98, 16, 20, 86, 59, 75]","[3, 26]","[65, 12, 98, 16, 20, 86, 59, 75]","[3, 26]","[65, 12, 98, 16, 20, 86, 59, 75]",[],[26],[3],2,0.48403266072273254,"{""0"": 0.9457515478134155, ""1"": -1.0}",0,0,"[65, 12, 98, 16, 20, 86, 59]","[3, 26, 75]","[65, 12, 98, 16, 20, 86, 59]","[3, 26, 75]","[65, 12, 98, 16, 20, 86, 59]",[],"[26, 75]",[3],"[65, 12, 98, 16, 20, 86, 59]","[3, 26, 75]","[65, 12, 98, 16, 20, 86, 59]",[],"[26, 75]",[3],7,0,2,1
138,10,5,"[2, 78, 18, 71, 20, 21, 27, 31, 11, 24]","[78, 18, 71, 20, 21, 27, 31, 11, 24]",[2],0.8186096485240788,0.187061782528387,2.0,0,0,"[78, 18, 71, 20, 21, 27, 11, 24]","[2, 31]","[78, 18, 71, 20, 21, 27, 11, 24]","[2, 31]","[78, 18, 71, 20, 21, 27, 11, 24]",[],[31],[2],2,0.482300341129303,"{""0"": 1.4611291885375977, ""1"": -1.0}",0,0,"[78, 18, 71, 20, 21, 27, 11]","[2, 31, 24]","[78, 18, 71, 20, 21, 27, 11]","[2, 31, 24]","[78, 18, 71, 20, 21, 27, 11]",[],"[31, 24]",[2],"[78, 18, 71, 20, 21, 27, 11]","[2, 31, 24]","[78, 18, 71, 20, 21, 27, 11]",[],"[31, 24]",[2],7,0,2,1
139,10,5,"[2, 50, 63, 64, 18, 45, 0, 89, 91, 28]","[50, 63, 64, 18, 45, 89, 91, 28]","[2, 0]",0.7008596222075603,0.1010095113483312,2.0,0,0,"[50, 63, 64, 18, 45, 89, 91, 28]","[2, 0]","[50, 63, 64, 18, 45, 89, 91, 28]","[2, 0]","[50, 63, 64, 18, 45, 89, 91, 28]",[],[],"[2, 0]",2,0.6131755113601685,"{""0"": 5.980599403381348, ""1"": -1.0}",0,0,"[50, 63, 64, 18, 45, 91, 28]","[2, 0, 89]","[50, 63, 64, 18, 45, 91, 28]","[2, 0, 89]","[50, 63, 64, 18, 45, 91, 28]",[],[89],"[2, 0]","[50, 63, 64, 18, 45, 91, 28]","[2, 0, 89]","[50, 63, 64, 18, 45, 91, 28]",[],[89],"[2, 0]",7,0,1,2
140,10,5,"[4, 45, 97, 55, 16, 23, 89, 59, 90, 15]","[45, 97, 55, 16, 23, 89, 59, 90, 15]",[4],0.7388995370654058,0.10490402258309056,2.0,0,0,"[55, 16, 23, 89, 59, 90, 15]","[4, 45, 97]","[55, 16, 23, 89, 59, 90, 15]","[4, 45, 97]","[55, 16, 23, 89, 59, 90, 15]",[],"[45, 97]",[4],2,0.42479395866394043,"{""0"": 2.870741128921509, ""1"": -1.0}",0,0,"[55, 16, 23, 89, 90, 15]","[4, 45, 97, 59]","[55, 16, 23, 89, 90, 15]","[4, 45, 97, 59]","[55, 16, 23, 89, 90, 15]",[],"[45, 97, 59]",[4],"[55, 16, 23, 89, 90, 15]","[4, 45, 97, 59]","[55, 16, 23, 89, 90, 15]",[],"[45, 97, 59]",[4],6,0,3,1
141,10,5,"[2, 12, 25, 36, 23, 64, 84, 91, 19, 26]","[12, 25, 36, 23, 64, 84, 91, 19, 26]",[2],0.7210729317153526,0.053308916916732285,2.0,0,0,"[12, 25, 36, 23, 64, 84, 91, 26]","[2, 19]","[12, 25, 36, 23, 64, 84, 91, 26]","[2, 19]","[12, 25, 36, 23, 64, 84, 91, 26]",[],[19],[2],3,0.5564521551132202,"{""0"": 2.8672752380371094, ""1"": 1.9245336055755615, ""2"": 0.5981895327568054}",0,0,"[23, 64, 26]","[2, 12, 25, 36, 84, 91, 19]","[23, 64, 26]","[2, 12, 25, 36, 84, 91, 19]","[23, 64, 26]",[],"[12, 25, 36, 84, 91, 19]",[2],"[23, 64, 26]","[2, 12, 25, 36, 84, 91, 19]","[23, 64, 26]",[],"[12, 25, 36, 84, 91, 19]",[2],3,0,6,1
142,10,5,"[2, 84, 63, 30, 90, 33, 24, 13, 87, 40]","[84, 63, 30, 90, 33, 24, 13, 87, 40]",[2],0.8203032455608061,0.15670773547853534,2.0,0,0,"[84, 63, 30, 90, 33, 24, 13, 87, 40]",[2],"[84, 63, 30, 90, 33, 24, 13, 87, 40]",[2],"[84, 63, 30, 90, 33, 24, 13, 87, 40]",[],[],[2],2,0.49170079827308655,"{""0"": 3.7790682315826416, ""1"": -1.0}",0,0,"[84, 63, 90, 33, 24, 13, 87, 40]","[2, 30]","[84, 63, 90, 33, 24, 13, 87, 40]","[2, 30]","[84, 63, 90, 33, 24, 13, 87, 40]",[],[30],[2],"[84, 63, 90, 33, 24, 13, 87, 40]","[2, 30]","[84, 63, 90, 33, 24, 13, 87, 40]",[],[30],[2],8,0,1,1
143,10,5,"[1, 2, 78, 33, 24, 5, 57, 77, 31, 62]","[78, 33, 24, 5, 57, 77, 31, 62]","[1, 2]",0.9445631992167227,0.24003925988495828,2.0,0,0,"[78, 33, 24, 5, 57, 77, 31, 62]","[1, 2]","[78, 33, 24, 5, 57, 77, 31, 62]","[1, 2]","[78, 33, 24, 5, 57, 77, 31, 62]",[],[],"[1, 2]",2,0.7436568737030029,"{""0"": 2.904405355453491, ""1"": -1.0}",0,0,"[78, 33, 24, 5, 57, 77, 62]","[1, 2, 31]","[78, 33, 24, 5, 57, 77, 62]","[1, 2, 31]","[78, 33, 24, 5, 57, 77, 62]",[],[31],"[1, 2]","[78, 33, 24, 5, 57, 77, 62]","[1, 2, 31]","[78, 33, 24, 5, 57, 77, 62]",[],[31],"[1, 2]",7,0,1,2
144,10,5,"[2, 15, 48, 84, 66, 59, 9, 80, 91, 79]","[15, 48, 84, 66, 59, 9, 80, 91, 79]",[2],0.9411408207961725,0.1476475689968989,2.0,0,0,"[15, 48, 84, 66, 59, 9, 80, 91, 79]",[2],"[15, 48, 84, 66, 59, 9, 80, 91, 79]",[2],"[15, 48, 84, 66, 59, 9, 80, 91, 79]",[],[],[2],2,0.4602142870426178,"{""0"": 0.37251466512680054, ""1"": -1.0}",0,0,"[15, 84, 66, 59, 9, 80, 91, 79]","[2, 48]","[15, 84, 66, 59, 9, 80, 91, 79]","[2, 48]","[15, 84, 66, 59, 9, 80, 91, 79]",[],[48],[2],"[15, 84, 66, 59, 9, 80, 91, 79]","[2, 48]","[15, 84, 66, 59, 9, 80, 91, 79]",[],[48],[2],8,0,1,1
145,10,5,"[2, 19, 44, 7, 85, 43, 73, 18, 29, 83]","[19, 44, 7, 85, 43, 73, 18, 29, 83]",[2],0.94797317608413,0.06052830347480975,2.0,0,0,"[19, 44, 7, 85, 43, 18, 29, 83]","[2, 73]","[19, 44, 7, 85, 43, 18, 29, 83]","[2, 73]","[19, 44, 7, 85, 43, 18, 29, 83]",[],[73],[2],2,0.6220306158065796,"{""0"": 2.6692371368408203, ""1"": -1.0}",0,0,"[44, 7, 85, 43, 18, 29, 83]","[2, 19, 73]","[44, 7, 85, 43, 18, 29, 83]","[2, 19, 73]","[44, 7, 85, 43, 18, 29, 83]",[],"[19, 73]",[2],"[44, 7, 85, 43, 18, 29, 83]","[2, 19, 73]","[44, 7, 85, 43, 18, 29, 83]",[],"[19, 73]",[2],7,0,2,1
146,10,5,"[0, 99, 74, 47, 46, 89, 95, 88, 71, 63]","[99, 74, 47, 46, 89, 95, 88, 71, 63]",[0],1.0438234018077857,0.2836038970296567,2.0,0,0,"[99, 74, 47, 46, 89, 95, 88, 71, 63]",[0],"[99, 74, 47, 46, 89, 95, 88, 71, 63]",[0],"[99, 74, 47, 46, 89, 95, 88, 71, 63]",[],[],[0],2,0.4533895254135132,"{""0"": 1.4848545789718628, ""1"": -1.0}",0,0,"[99, 74, 47, 46, 89, 88, 71, 63]","[0, 95]","[99, 74, 47, 46, 89, 88, 71, 63]","[0, 95]","[99, 74, 47, 46, 89, 88, 71, 63]",[],[95],[0],"[99, 74, 47, 46, 89, 88, 71, 63]","[0, 95]","[99, 74, 47, 46, 89, 88, 71, 63]",[],[95],[0],8,0,1,1
147,10,5,"[3, 78, 91, 29, 51, 38, 86, 24, 63, 27]","[78, 91, 29, 51, 38, 86, 24, 63, 27]",[3],0.6919465060739728,0.10384678112306289,2.0,0,0,"[78, 91, 29, 51, 38, 86, 24, 63, 27]",[3],"[78, 91, 29, 51, 38, 86, 24, 63, 27]",[3],"[78, 91, 29, 51, 38, 86, 24, 63, 27]",[],[],[3],2,0.3144783079624176,"{""0"": 1.5383713245391846, ""1"": 2.750211000442505}",1,0,"[78, 91, 51]","[3, 29, 38, 86, 24, 63, 27]","[78, 91, 51]","[3, 29, 38, 86, 24, 63, 27]","[78, 91, 51]",[],"[29, 38, 86, 24, 63, 27]",[3],"[78, 91, 51]","[3, 29, 38, 86, 24, 63, 27]","[78, 91, 51]",[],"[29, 38, 86, 24, 63, 27]",[3],3,0,6,1
148,10,5,"[3, 75, 45, 59, 20, 29, 67, 93, 81, 13]","[75, 45, 59, 20, 29, 67, 93, 81, 13]",[3],0.6956905403530824,0.1295539362473202,2.0,0,0,"[75, 45, 59, 20, 29, 67, 93, 81, 13]",[3],"[75, 45, 59, 20, 29, 67, 93, 81, 13]",[3],"[75, 45, 59, 20, 29, 67, 93, 81, 13]",[],[],[3],4,0.6281833052635193,"{""0"": 1.9932832717895508, ""1"": 1.8189499378204346, ""2"": 2.8934853076934814, ""3"": 1.9485998153686523}",2,0,"[45, 20, 29]","[3, 75, 59, 67, 93, 81, 13]","[45, 20, 29]","[3, 75, 59, 67, 93, 81, 13]","[45, 20, 29]",[],"[75, 59, 67, 93, 81, 13]",[3],"[45, 20, 29]","[3, 75, 59, 67, 93, 81, 13]","[45, 20, 29]",[],"[75, 59, 67, 93, 81, 13]",[3],3,0,6,1
149,10,5,"[3, 88, 10, 17, 75, 20, 11, 31, 42, 14]","[88, 10, 17, 75, 20, 11, 31, 42, 14]",[3],0.94271079607566,0.09605178659144942,2.0,0,0,"[10, 17, 75, 20, 11, 31, 42, 14]","[3, 88]","[10, 17, 75, 20, 11, 31, 42, 14]","[3, 88]","[10, 17, 75, 20, 11, 31, 42, 14]",[],[88],[3],4,0.4598063826560974,"{""0"": 2.542369842529297, ""1"": 2.896754741668701, ""2"": -1.0, ""3"": -1.0}",1,0,"[10, 75, 42]","[3, 88, 17, 20, 11, 31, 14]","[10, 75, 42]","[3, 88, 17, 20, 11, 31, 14]","[10, 75, 42]",[],"[88, 17, 20, 11, 31, 14]",[3],"[10, 75, 42]","[3, 88, 17, 20, 11, 31, 14]","[10, 75, 42]",[],"[88, 17, 20, 11, 31, 14]",[3],3,0,6,1
150,10,5,"[0, 85, 82, 10, 31, 84, 27, 7, 14, 4]","[85, 82, 10, 31, 84, 27, 7, 14]","[0, 4]",0.9291828814978604,0.22452874957274505,2.0,0,0,"[85, 82, 10, 31, 84, 27, 7, 14]","[0, 4]","[85, 82, 10, 31, 84, 27, 7, 14]","[0, 4]","[85, 82, 10, 31, 84, 27, 7, 14]",[],[],"[0, 4]",2,0.5650278925895691,"{""0"": 3.057058572769165, ""1"": -1.0}",0,0,"[85, 82, 10, 84, 27, 7, 14]","[0, 31, 4]","[85, 82, 10, 84, 27, 7, 14]","[0, 31, 4]","[85, 82, 10, 84, 27, 7, 14]",[],[31],"[0, 4]","[85, 82, 10, 84, 27, 7, 14]","[0, 31, 4]","[85, 82, 10, 84, 27, 7, 14]",[],[31],"[0, 4]",7,0,1,2
151,10,5,"[3, 43, 25, 48, 98, 87, 6, 23, 34, 52]","[43, 25, 48, 98, 87, 6, 23, 34, 52]",[3],0.827832289213459,0.2197429694668801,2.0,0,0,"[43, 25, 48, 98, 87, 6, 23, 34, 52]",[3],"[43, 25, 48, 98, 87, 6, 23, 34, 52]",[3],"[43, 25, 48, 98, 87, 6, 23, 34, 52]",[],[],[3],3,0.5169703960418701,"{""0"": 3.980806350708008, ""1"": -1.0, ""2"": -1.0}",0,0,"[43, 98, 87, 6, 23, 34, 52]","[3, 25, 48]","[43, 98, 87, 6, 23, 34, 52]","[3, 25, 48]","[43, 98, 87, 6, 23, 34, 52]",[],"[25, 48]",[3],"[43, 98, 87, 6, 23, 34, 52]","[3, 25, 48]","[43, 98, 87, 6, 23, 34, 52]",[],"[25, 48]",[3],7,0,2,1
152,10,5,"[4, 36, 68, 37, 92, 94, 14, 22, 28, 18]","[36, 68, 37, 92, 94, 14, 22, 28, 18]",[4],0.5935976639465027,0.07894144871752323,2.0,0,0,"[36, 68, 37, 92, 94, 14, 22, 28, 18]",[4],"[36, 68, 37, 92, 94, 14, 22, 28, 18]",[4],"[36, 68, 37, 92, 94, 14, 22, 28, 18]",[],[],[4],2,0.3929344713687897,"{""0"": 0.29782283306121826, ""1"": -1.0}",0,0,"[36, 68, 37, 92, 94, 14, 22, 28]","[4, 18]","[36, 68, 37, 92, 94, 14, 22, 28]","[4, 18]","[36, 68, 37, 92, 94, 14, 22, 28]",[],[18],[4],"[36, 68, 37, 92, 94, 14, 22, 28]","[4, 18]","[36, 68, 37, 92, 94, 14, 22, 28]",[],[18],[4],8,0,1,1
153,10,5,"[1, 24, 30, 22, 5, 72, 62, 32, 68, 97]","[24, 30, 22, 5, 72, 62, 32, 68, 97]",[1],0.905500192211883,0.2870638159248047,2.0,0,0,"[24, 30, 22, 5, 72, 62, 32, 68, 97]",[1],"[24, 30, 22, 5, 72, 62, 32, 68, 97]",[1],"[24, 30, 22, 5, 72, 62, 32, 68, 97]",[],[],[1],2,0.7564680576324463,"{""0"": 1.9020901918411255, ""1"": 5.684842109680176}",1,0,"[24, 30, 22, 72, 62, 32, 68]","[1, 5, 97]","[24, 30, 22, 72, 62, 32, 68]","[1, 5, 97]","[24, 30, 22, 72, 62, 32, 68]",[],"[5, 97]",[1],"[24, 30, 22, 72, 62, 32, 68]","[1, 5, 97]","[24, 30, 22, 72, 62, 32, 68]",[],"[5, 97]",[1],7,0,2,1
154,10,5,"[2, 91, 61, 8, 99, 97, 98, 93, 74, 39]","[91, 61, 8, 99, 97, 98, 93, 74, 39]",[2],0.7621229392716955,0.05871242724563952,2.0,0,0,"[91, 61, 99, 98, 93, 74, 39]","[2, 8, 97]","[91, 61, 99, 98, 93, 74, 39]","[2, 8, 97]","[91, 61, 99, 98, 93, 74, 39]",[],"[8, 97]",[2],2,0.4015038311481476,"{""0"": 1.8693856000900269, ""1"": -1.0}",0,0,"[91, 61, 99, 98, 93, 74]","[2, 8, 97, 39]","[91, 61, 99, 98, 93, 74]","[2, 8, 97, 39]","[91, 61, 99, 98, 93, 74]",[],"[8, 97, 39]",[2],"[91, 61, 99, 98, 93, 74]","[2, 8, 97, 39]","[91, 61, 99, 98, 93, 74]",[],"[8, 97, 39]",[2],6,0,3,1
155,10,5,"[1, 75, 14, 32, 62, 2, 68, 46, 72, 57]","[75, 14, 32, 62, 68, 46, 72, 57]","[1, 2]",0.8305842306691268,0.10528139636941836,2.0,0,0,"[75, 14, 32, 68, 46, 72, 57]","[1, 62, 2]","[75, 14, 32, 68, 46, 72, 57]","[1, 62, 2]","[75, 14, 32, 68, 46, 72, 57]",[],[62],"[1, 2]",2,0.4693438708782196,"{""0"": 2.1875100135803223, ""1"": -1.0}",0,0,"[75, 14, 32, 68, 72, 57]","[1, 62, 2, 46]","[75, 14, 32, 68, 72, 57]","[1, 62, 2, 46]","[75, 14, 32, 68, 72, 57]",[],"[62, 46]","[1, 2]","[75, 14, 32, 68, 72, 57]","[1, 62, 2, 46]","[75, 14, 32, 68, 72, 57]",[],"[62, 46]","[1, 2]",6,0,2,2
156,10,5,"[4, 27, 62, 80, 22, 16, 29, 15, 55, 95]","[27, 62, 80, 22, 16, 29, 15, 55, 95]",[4],0.9573952121590297,0.08730507427187195,2.0,0,0,"[27, 80, 22, 16, 29, 15, 55]","[4, 62, 95]","[27, 80, 22, 16, 29, 15, 55]","[4, 62, 95]","[27, 80, 22, 16, 29, 15, 55]",[],"[62, 95]",[4],2,0.6439937949180603,"{""0"": 3.6023383140563965, ""1"": 1.8108289241790771}",0,0,"[22, 16, 29, 15, 55]","[4, 27, 62, 80, 95]","[22, 16, 29, 15, 55]","[4, 27, 62, 80, 95]","[22, 16, 29, 15, 55]",[],"[27, 62, 80, 95]",[4],"[22, 16, 29, 15, 55]","[4, 27, 62, 80, 95]","[22, 16, 29, 15, 55]",[],"[27, 62, 80, 95]",[4],5,0,4,1
157,10,5,"[4, 24, 18, 49, 84, 7, 67, 0, 80, 77]","[24, 18, 49, 84, 7, 67, 80, 77]","[4, 0]",0.8075063081003618,0.16172460521384907,2.0,0,0,"[24, 18, 49, 84, 7, 67, 80, 77]","[4, 0]","[24, 18, 49, 84, 7, 67, 80, 77]","[4, 0]","[24, 18, 49, 84, 7, 67, 80, 77]",[],[],"[4, 0]",3,0.5361298322677612,"{""0"": 2.5905063152313232, ""1"": 2.965526819229126, ""2"": 1.9453314542770386}",1,0,"[84, 7, 67]","[4, 24, 18, 49, 0, 80, 77]","[84, 7, 67]","[4, 24, 18, 49, 0, 80, 77]","[84, 7, 67]",[],"[24, 18, 49, 80, 77]","[4, 0]","[84, 7, 67]","[4, 24, 18, 49, 0, 80, 77]","[84, 7, 67]",[],"[24, 18, 49, 80, 77]","[4, 0]",3,0,5,2
158,10,5,"[1, 58, 9, 48, 14, 80, 30, 10, 70, 39]","[58, 9, 48, 14, 80, 30, 10, 70, 39]",[1],1.0791107384225107,0.16832611743632825,2.0,0,0,"[58, 9, 48, 14, 80, 30, 10, 70, 39]",[1],"[58, 9, 48, 14, 80, 30, 10, 70, 39]",[1],"[58, 9, 48, 14, 80, 30, 10, 70, 39]",[],[],[1],2,0.38574710488319397,"{""0"": 0.8736035227775574, ""1"": -1.0}",0,0,"[58, 9, 14, 80, 30, 10, 70, 39]","[1, 48]","[58, 9, 14, 80, 30, 10, 70, 39]","[1, 48]","[58, 9, 14, 80, 30, 10, 70, 39]",[],[48],[1],"[58, 9, 14, 80, 30, 10, 70, 39]","[1, 48]","[58, 9, 14, 80, 30, 10, 70, 39]",[],[48],[1],8,0,1,1
159,10,5,"[2, 92, 77, 70, 72, 99, 32, 0, 26, 57]","[92, 77, 70, 72, 99, 32, 26, 57]","[2, 0]",0.7462976163382627,0.07012736118901908,2.0,0,0,"[92, 77, 70, 72, 99, 32, 26]","[2, 0, 57]","[92, 77, 70, 72, 99, 32, 26]","[2, 0, 57]","[92, 77, 70, 72, 99, 32, 26]",[],[57],"[2, 0]",2,0.6608908772468567,"{""0"": 4.718814849853516, ""1"": -1.0}",0,0,"[92, 77, 70, 72, 99, 32]","[2, 0, 26, 57]","[92, 77, 70, 72, 99, 32]","[2, 0, 26, 57]","[92, 77, 70, 72, 99, 32]",[],"[26, 57]","[2, 0]","[92, 77, 70, 72, 99, 32]","[2, 0, 26, 57]","[92, 77, 70, 72, 99, 32]",[],"[26, 57]","[2, 0]",6,0,2,2
160,10,5,"[2, 84, 57, 95, 30, 70, 16, 13, 29, 27]","[84, 57, 95, 30, 70, 16, 13, 29, 27]",[2],0.72534328504289,0.1617643917093659,2.0,0,0,"[84, 57, 95, 30, 70, 16, 13, 29, 27]",[2],"[84, 57, 95, 30, 70, 16, 13, 29, 27]",[2],"[84, 57, 95, 30, 70, 16, 13, 29, 27]",[],[],[2],2,0.5186222195625305,"{""0"": 2.964259624481201, ""1"": -1.0}",0,0,"[84, 57, 30, 70, 16, 13, 29, 27]","[2, 95]","[84, 57, 30, 70, 16, 13, 29, 27]","[2, 95]","[84, 57, 30, 70, 16, 13, 29, 27]",[],[95],[2],"[84, 57, 30, 70, 16, 13, 29, 27]","[2, 95]","[84, 57, 30, 70, 16, 13, 29, 27]",[],[95],[2],8,0,1,1
161,10,5,"[3, 8, 86, 33, 74, 35, 51, 22, 40, 47]","[8, 86, 33, 74, 35, 51, 22, 40, 47]",[3],0.6692065957052787,0.07395115462356588,2.0,0,0,"[8, 86, 33, 74, 35, 51, 40]","[3, 22, 47]","[8, 86, 33, 74, 35, 51, 40]","[3, 22, 47]","[8, 86, 33, 74, 35, 51, 40]",[],"[22, 47]",[3],3,0.6769203543663025,"{""0"": 1.87162184715271, ""1"": 1.931778907775879, ""2"": 2.651731252670288}",2,0,"[33, 74, 35]","[3, 8, 86, 51, 22, 40, 47]","[33, 74, 35]","[3, 8, 86, 51, 22, 40, 47]","[33, 74, 35]",[],"[8, 86, 51, 22, 40, 47]",[3],"[33, 74, 35]","[3, 8, 86, 51, 22, 40, 47]","[33, 74, 35]",[],"[8, 86, 51, 22, 40, 47]",[3],3,0,6,1
162,10,5,"[2, 40, 4, 57, 63, 1, 42, 30, 46, 84]","[40, 57, 63, 42, 30, 46, 84]","[2, 4, 1]",0.9733456732033494,0.25458493943823707,2.0,0,0,"[40, 57, 63, 42, 30, 46, 84]","[2, 4, 1]","[40, 57, 63, 42, 30, 46, 84]","[2, 4, 1]","[40, 57, 63, 42, 30, 46, 84]",[],[],"[2, 4, 1]",2,0.4479547441005707,"{""0"": 2.6820027828216553, ""1"": 1.9071005582809448}",0,0,"[40, 57, 42, 30, 84]","[2, 4, 63, 1, 46]","[40, 57, 42, 30, 84]","[2, 4, 63, 1, 46]","[40, 57, 42, 30, 84]",[],"[63, 46]","[2, 4, 1]","[40, 57, 42, 30, 84]","[2, 4, 63, 1, 46]","[40, 57, 42, 30, 84]",[],"[63, 46]","[2, 4, 1]",5,0,2,3
163,10,5,"[4, 67, 17, 27, 34, 71, 93, 13, 86, 16]","[67, 17, 27, 34, 71, 93, 13, 86, 16]",[4],0.7987137247845822,0.09406500975398058,2.0,0,0,"[27, 34, 71, 93, 13, 86, 16]","[4, 67, 17]","[27, 34, 71, 93, 13, 86, 16]","[4, 67, 17]","[27, 34, 71, 93, 13, 86, 16]",[],"[67, 17]",[4],3,0.3762732446193695,"{""0"": 2.476630210876465, ""1"": 2.2235567569732666, ""2"": -1.0}",0,0,"[27, 71, 13]","[4, 67, 17, 34, 93, 86, 16]","[27, 71, 13]","[4, 67, 17, 34, 93, 86, 16]","[27, 71, 13]",[],"[67, 17, 34, 93, 86, 16]",[4],"[27, 71, 13]","[4, 67, 17, 34, 93, 86, 16]","[27, 71, 13]",[],"[67, 17, 34, 93, 86, 16]",[4],3,0,6,1
164,10,5,"[4, 3, 86, 72, 23, 73, 84, 96, 30, 67]","[86, 72, 23, 73, 84, 96, 30, 67]","[4, 3]",0.9250296137818732,0.12229080783543761,2.0,0,0,"[86, 72, 23, 73, 84, 96, 67]","[4, 3, 30]","[86, 72, 23, 73, 84, 96, 67]","[4, 3, 30]","[86, 72, 23, 73, 84, 96, 67]",[],[30],"[4, 3]",2,0.45227116346359253,"{""0"": 1.5950164794921875, ""1"": -1.0}",0,0,"[86, 72, 23, 73, 84, 96]","[4, 3, 30, 67]","[86, 72, 23, 73, 84, 96]","[4, 3, 30, 67]","[86, 72, 23, 73, 84, 96]",[],"[30, 67]","[4, 3]","[86, 72, 23, 73, 84, 96]","[4, 3, 30, 67]","[86, 72, 23, 73, 84, 96]",[],"[30, 67]","[4, 3]",6,0,2,2
165,10,5,"[2, 8, 18, 94, 69, 36, 63, 62, 76, 71]","[8, 18, 94, 69, 36, 63, 62, 76, 71]",[2],0.8075689039517385,0.038058927413745836,2.0,0,0,"[8, 18, 94, 69, 36, 62, 71]","[2, 63, 76]","[8, 18, 94, 69, 36, 62, 71]","[2, 63, 76]","[8, 18, 94, 69, 36, 62, 71]",[],"[63, 76]",[2],2,0.3494841456413269,"{""0"": 0.8289380073547363, ""1"": 1.9272799491882324}",1,0,"[8, 36]","[2, 18, 94, 69, 63, 62, 76, 71]","[8, 36]","[2, 18, 94, 69, 63, 62, 76, 71]","[8, 36]",[],"[18, 94, 69, 63, 62, 76, 71]",[2],"[8, 36]","[2, 18, 94, 69, 63, 62, 76, 71]","[8, 36]",[],"[18, 94, 69, 63, 62, 76, 71]",[2],2,0,7,1
166,10,5,"[1, 44, 66, 63, 95, 46, 29, 60, 9, 48]","[44, 66, 63, 95, 46, 29, 60, 9, 48]",[1],0.9006918664663952,0.12226929602463998,2.0,0,0,"[44, 66, 63, 95, 46, 29, 9, 48]","[1, 60]","[44, 66, 63, 95, 46, 29, 9, 48]","[1, 60]","[44, 66, 63, 95, 46, 29, 9, 48]",[],[60],[1],2,0.5574739575386047,"{""0"": 3.1986708641052246, ""1"": 1.9835150241851807}",0,0,"[44, 66, 63, 46, 29, 48]","[1, 95, 60, 9]","[44, 66, 63, 46, 29, 48]","[1, 95, 60, 9]","[44, 66, 63, 46, 29, 48]",[],"[95, 60, 9]",[1],"[44, 66, 63, 46, 29, 48]","[1, 95, 60, 9]","[44, 66, 63, 46, 29, 48]",[],"[95, 60, 9]",[1],6,0,3,1
167,10,5,"[3, 99, 38, 13, 42, 31, 28, 96, 5, 58]","[99, 38, 13, 42, 31, 28, 96, 5, 58]",[3],0.8652263346653065,0.194553857088744,2.0,0,0,"[99, 38, 13, 42, 31, 28, 96, 5, 58]",[3],"[99, 38, 13, 42, 31, 28, 96, 5, 58]",[3],"[99, 38, 13, 42, 31, 28, 96, 5, 58]",[],[],[3],2,0.4773286283016205,"{""0"": 1.839099645614624, ""1"": 1.7202316522598267}",0,0,"[99, 38, 31, 28, 96, 5, 58]","[3, 13, 42]","[99, 38, 31, 28, 96, 5, 58]","[3, 13, 42]","[99, 38, 31, 28, 96, 5, 58]",[],"[13, 42]",[3],"[99, 38, 31, 28, 96, 5, 58]","[3, 13, 42]","[99, 38, 31, 28, 96, 5, 58]",[],"[13, 42]",[3],7,0,2,1
168,10,5,"[0, 49, 53, 54, 88, 64, 8, 83, 85, 90]","[49, 53, 54, 88, 64, 8, 83, 85, 90]",[0],0.8190503563421404,0.2393963692889759,2.0,0,0,"[49, 53, 54, 88, 64, 8, 83, 85, 90]",[0],"[49, 53, 54, 88, 64, 8, 83, 85, 90]",[0],"[49, 53, 54, 88, 64, 8, 83, 85, 90]",[],[],[0],2,0.726818323135376,"{""0"": 5.191071510314941, ""1"": -1.0}",0,0,"[49, 53, 54, 64, 8, 83, 85, 90]","[0, 88]","[49, 53, 54, 64, 8, 83, 85, 90]","[0, 88]","[49, 53, 54, 64, 8, 83, 85, 90]",[],[88],[0],"[49, 53, 54, 64, 8, 83, 85, 90]","[0, 88]","[49, 53, 54, 64, 8, 83, 85, 90]",[],[88],[0],8,0,1,1
169,10,5,"[3, 28, 98, 30, 12, 13, 74, 9, 92, 56]","[28, 98, 30, 12, 13, 74, 9, 92, 56]",[3],0.6597275062296979,0.11100308085447053,2.0,0,0,"[28, 98, 30, 12, 13, 74, 9, 92, 56]",[3],"[28, 98, 30, 12, 13, 74, 9, 92, 56]",[3],"[28, 98, 30, 12, 13, 74, 9, 92, 56]",[],[],[3],2,0.418611079454422,"{""0"": 0.28179776668548584, ""1"": -1.0}",0,0,"[28, 98, 30, 12, 74, 9, 92, 56]","[3, 13]","[28, 98, 30, 12, 74, 9, 92, 56]","[3, 13]","[28, 98, 30, 12, 74, 9, 92, 56]",[],[13],[3],"[28, 98, 30, 12, 74, 9, 92, 56]","[3, 13]","[28, 98, 30, 12, 74, 9, 92, 56]",[],[13],[3],8,0,1,1
170,10,5,"[0, 14, 76, 43, 44, 96, 29, 4, 77, 32]","[14, 76, 43, 44, 96, 29, 77, 32]","[0, 4]",0.7836970680219497,0.14464809190666278,2.0,0,0,"[14, 76, 43, 44, 96, 29, 77, 32]","[0, 4]","[14, 76, 43, 44, 96, 29, 77, 32]","[0, 4]","[14, 76, 43, 44, 96, 29, 77, 32]",[],[],"[0, 4]",4,0.34418153762817383,"{""0"": 2.6136550903320312, ""1"": 2.271920919418335, ""2"": -1.0, ""3"": -1.0}",0,0,"[14, 76, 96]","[0, 43, 44, 29, 4, 77, 32]","[14, 76, 96]","[0, 43, 44, 29, 4, 77, 32]","[14, 76, 96]",[],"[43, 44, 29, 77, 32]","[0, 4]","[14, 76, 96]","[0, 43, 44, 29, 4, 77, 32]","[14, 76, 96]",[],"[43, 44, 29, 77, 32]","[0, 4]",3,0,5,2
171,10,5,"[3, 27, 93, 15, 25, 33, 88, 8, 30, 63]","[27, 93, 15, 25, 33, 88, 8, 30, 63]",[3],0.761906305143331,0.08321759107729043,2.0,0,0,"[27, 93, 15, 25, 33, 8, 30, 63]","[3, 88]","[27, 93, 15, 25, 33, 8, 30, 63]","[3, 88]","[27, 93, 15, 25, 33, 8, 30, 63]",[],[88],[3],3,0.5114237070083618,"{""0"": 0.8717870712280273, ""1"": 2.952037811279297, ""2"": 1.9925401210784912}",1,0,"[15, 25, 8]","[3, 27, 93, 33, 88, 30, 63]","[15, 25, 8]","[3, 27, 93, 33, 88, 30, 63]","[15, 25, 8]",[],"[27, 93, 33, 88, 30, 63]",[3],"[15, 25, 8]","[3, 27, 93, 33, 88, 30, 63]","[15, 25, 8]",[],"[27, 93, 33, 88, 30, 63]",[3],3,0,6,1
172,10,5,"[3, 80, 10, 60, 1, 28, 63, 74, 81, 84]","[80, 10, 60, 28, 63, 74, 81, 84]","[3, 1]",0.7630067711807731,0.11108536740557595,2.0,0,0,"[80, 10, 60, 28, 63, 74, 81, 84]","[3, 1]","[80, 10, 60, 28, 63, 74, 81, 84]","[3, 1]","[80, 10, 60, 28, 63, 74, 81, 84]",[],[],"[3, 1]",3,0.5749168992042542,"{""0"": 1.8384584188461304, ""1"": -1.0, ""2"": 3.9447221755981445}",2,0,"[60, 28, 63, 74, 84]","[3, 80, 10, 1, 81]","[60, 28, 63, 74, 84]","[3, 80, 10, 1, 81]","[60, 28, 63, 74, 84]",[],"[80, 10, 81]","[3, 1]","[60, 28, 63, 74, 84]","[3, 80, 10, 1, 81]","[60, 28, 63, 74, 84]",[],"[80, 10, 81]","[3, 1]",5,0,3,2
173,10,5,"[1, 4, 54, 13, 69, 75, 18, 7, 2, 37]","[54, 13, 69, 75, 18, 7, 37]","[1, 4, 2]",0.9360372094113161,0.29913814437193104,2.0,0,0,"[54, 13, 69, 75, 18, 7, 37]","[1, 4, 2]","[54, 13, 69, 75, 18, 7, 37]","[1, 4, 2]","[54, 13, 69, 75, 18, 7, 37]",[],[],"[1, 4, 2]",3,0.5566583275794983,"{""0"": 3.075562000274658, ""1"": -1.0, ""2"": 1.918666124343872}",0,0,"[69, 18, 7, 37]","[1, 4, 54, 13, 75, 2]","[69, 18, 7, 37]","[1, 4, 54, 13, 75, 2]","[69, 18, 7, 37]",[],"[54, 13, 75]","[1, 4, 2]","[69, 18, 7, 37]","[1, 4, 54, 13, 75, 2]","[69, 18, 7, 37]",[],"[54, 13, 75]","[1, 4, 2]",4,0,3,3
174,10,5,"[2, 67, 17, 6, 62, 19, 13, 51, 24, 35]","[67, 17, 6, 62, 19, 13, 51, 24, 35]",[2],0.9924657669731333,0.16066166961465733,2.0,0,0,"[67, 17, 6, 62, 19, 13, 51, 24, 35]",[2],"[67, 17, 6, 62, 19, 13, 51, 24, 35]",[2],"[67, 17, 6, 62, 19, 13, 51, 24, 35]",[],[],[2],2,0.37352222204208374,"{""0"": 1.2697840929031372, ""1"": 1.4323303699493408}",1,0,"[67, 17, 6, 62, 19, 51, 35]","[2, 13, 24]","[67, 17, 6, 62, 19, 51, 35]","[2, 13, 24]","[67, 17, 6, 62, 19, 51, 35]",[],"[13, 24]",[2],"[67, 17, 6, 62, 19, 51, 35]","[2, 13, 24]","[67, 17, 6, 62, 19, 51, 35]",[],"[13, 24]",[2],7,0,2,1
175,10,5,"[3, 89, 39, 17, 56, 72, 35, 62, 32, 19]","[89, 39, 17, 56, 72, 35, 62, 32, 19]",[3],0.6078848629877459,0.09409135580054373,2.0,0,0,"[89, 39, 17, 56, 72, 35, 62, 19]","[3, 32]","[89, 39, 17, 56, 72, 35, 62, 19]","[3, 32]","[89, 39, 17, 56, 72, 35, 62, 19]",[],[32],[3],2,0.43883466720581055,"{""0"": 2.0015668869018555, ""1"": -1.0}",0,0,"[89, 39, 17, 56, 72, 35, 62]","[3, 32, 19]","[89, 39, 17, 56, 72, 35, 62]","[3, 32, 19]","[89, 39, 17, 56, 72, 35, 62]",[],"[32, 19]",[3],"[89, 39, 17, 56, 72, 35, 62]","[3, 32, 19]","[89, 39, 17, 56, 72, 35, 62]",[],"[32, 19]",[3],7,0,2,1
176,10,5,"[2, 42, 8, 99, 55, 43, 18, 74, 85, 78]","[42, 8, 99, 55, 43, 18, 74, 85, 78]",[2],0.7233986845181936,0.1791863561508753,2.0,0,0,"[42, 8, 99, 55, 43, 18, 74, 85, 78]",[2],"[42, 8, 99, 55, 43, 18, 74, 85, 78]",[2],"[42, 8, 99, 55, 43, 18, 74, 85, 78]",[],[],[2],3,0.3924366235733032,"{""0"": 2.6599714756011963, ""1"": 1.5901622772216797, ""2"": 2.8961215019226074}",2,0,"[55, 43, 74, 78]","[2, 42, 8, 99, 18, 85]","[55, 43, 74, 78]","[2, 42, 8, 99, 18, 85]","[55, 43, 74, 78]",[],"[42, 8, 99, 18, 85]",[2],"[55, 43, 74, 78]","[2, 42, 8, 99, 18, 85]","[55, 43, 74, 78]",[],"[42, 8, 99, 18, 85]",[2],4,0,5,1
177,10,5,"[0, 43, 92, 29, 50, 57, 80, 82, 16, 17]","[43, 92, 29, 50, 57, 80, 82, 16, 17]",[0],0.6343227832496969,0.1002312797267354,2.0,0,0,"[43, 92, 29, 50, 57, 80, 82, 16]","[0, 17]","[43, 92, 29, 50, 57, 80, 82, 16]","[0, 17]","[43, 92, 29, 50, 57, 80, 82, 16]",[],[17],[0],2,0.6632339954376221,"{""0"": 1.867274284362793, ""1"": 3.324206829071045}",1,0,"[43, 92, 29, 50, 57, 16]","[0, 80, 82, 17]","[43, 92, 29, 50, 57, 16]","[0, 80, 82, 17]","[43, 92, 29, 50, 57, 16]",[],"[80, 82, 17]",[0],"[43, 92, 29, 50, 57, 16]","[0, 80, 82, 17]","[43, 92, 29, 50, 57, 16]",[],"[80, 82, 17]",[0],6,0,3,1
178,10,5,"[0, 58, 21, 96, 94, 5, 80, 45, 62, 71]","[58, 21, 96, 94, 5, 80, 45, 62, 71]",[0],0.7195144973222168,0.16409755377006563,2.0,0,0,"[58, 21, 96, 94, 5, 80, 45, 62, 71]",[0],"[58, 21, 96, 94, 5, 80, 45, 62, 71]",[0],"[58, 21, 96, 94, 5, 80, 45, 62, 71]",[],[],[0],2,0.4523070156574249,"{""0"": 1.1625175476074219, ""1"": 2.9866583347320557}",1,0,"[58, 21, 96, 94, 5, 45, 62]","[0, 80, 71]","[58, 21, 96, 94, 5, 45, 62]","[0, 80, 71]","[58, 21, 96, 94, 5, 45, 62]",[],"[80, 71]",[0],"[58, 21, 96, 94, 5, 45, 62]","[0, 80, 71]","[58, 21, 96, 94, 5, 45, 62]",[],"[80, 71]",[0],7,0,2,1
179,10,5,"[4, 2, 30, 41, 90, 42, 1, 69, 13, 73]","[30, 41, 90, 42, 69, 13, 73]","[4, 2, 1]",0.9009872090261151,0.19899612668665956,2.0,0,0,"[30, 41, 90, 42, 69, 13, 73]","[4, 2, 1]","[30, 41, 90, 42, 69, 13, 73]","[4, 2, 1]","[30, 41, 90, 42, 69, 13, 73]",[],[],"[4, 2, 1]",2,0.5440144538879395,"{""0"": 0.3969188332557678, ""1"": -1.0}",0,0,"[30, 41, 90, 42, 69, 13]","[4, 2, 1, 73]","[30, 41, 90, 42, 69, 13]","[4, 2, 1, 73]","[30, 41, 90, 42, 69, 13]",[],[73],"[4, 2, 1]","[30, 41, 90, 42, 69, 13]","[4, 2, 1, 73]","[30, 41, 90, 42, 69, 13]",[],[73],"[4, 2, 1]",6,0,1,3
180,10,5,"[4, 97, 54, 70, 96, 34, 36, 42, 56, 91]","[97, 54, 70, 96, 34, 36, 42, 56, 91]",[4],0.7172346610535968,0.10887875070035663,2.0,0,0,"[97, 54, 70, 96, 34, 36, 42, 56, 91]",[4],"[97, 54, 70, 96, 34, 36, 42, 56, 91]",[4],"[97, 54, 70, 96, 34, 36, 42, 56, 91]",[],[],[4],2,0.4668944776058197,"{""0"": 1.0226008892059326, ""1"": -1.0}",0,0,"[97, 70, 96, 34, 36, 42, 56, 91]","[4, 54]","[97, 70, 96, 34, 36, 42, 56, 91]","[4, 54]","[97, 70, 96, 34, 36, 42, 56, 91]",[],[54],[4],"[97, 70, 96, 34, 36, 42, 56, 91]","[4, 54]","[97, 70, 96, 34, 36, 42, 56, 91]",[],[54],[4],8,0,1,1
181,10,5,"[3, 96, 90, 93, 69, 11, 94, 58, 34, 38]","[96, 90, 93, 69, 11, 94, 58, 34, 38]",[3],0.6924466291774205,0.11533526733565685,2.0,0,0,"[96, 90, 93, 69, 11, 94, 58, 34, 38]",[3],"[96, 90, 93, 69, 11, 94, 58, 34, 38]",[3],"[96, 90, 93, 69, 11, 94, 58, 34, 38]",[],[],[3],2,0.5285479426383972,"{""0"": 3.7539031505584717, ""1"": 2.36142897605896}",0,0,"[90, 11, 94, 58, 34, 38]","[3, 96, 93, 69]","[90, 11, 94, 58, 34, 38]","[3, 96, 93, 69]","[90, 11, 94, 58, 34, 38]",[],"[96, 93, 69]",[3],"[90, 11, 94, 58, 34, 38]","[3, 96, 93, 69]","[90, 11, 94, 58, 34, 38]",[],"[96, 93, 69]",[3],6,0,3,1
182,10,5,"[1, 5, 41, 34, 8, 82, 47, 11, 48, 89]","[5, 41, 34, 8, 82, 47, 11, 48, 89]",[1],0.7509041286247802,0.10316862974404889,2.0,0,0,"[5, 41, 34, 8, 82, 47, 11, 89]","[1, 48]","[5, 41, 34, 8, 82, 47, 11, 89]","[1, 48]","[5, 41, 34, 8, 82, 47, 11, 89]",[],[48],[1],3,0.41365495324134827,"{""0"": 2.6434857845306396, ""1"": -1.0, ""2"": -1.0}",0,0,"[5, 41, 34, 8, 11, 89]","[1, 82, 47, 48]","[5, 41, 34, 8, 11, 89]","[1, 82, 47, 48]","[5, 41, 34, 8, 11, 89]",[],"[82, 47, 48]",[1],"[5, 41, 34, 8, 11, 89]","[1, 82, 47, 48]","[5, 41, 34, 8, 11, 89]",[],"[82, 47, 48]",[1],6,0,3,1
183,10,5,"[2, 54, 62, 36, 1, 73, 23, 7, 15, 94]","[54, 62, 36, 73, 23, 7, 15, 94]","[2, 1]",0.8535540627737256,0.1283695166609149,2.0,0,0,"[54, 62, 36, 23, 7, 15, 94]","[2, 1, 73]","[54, 62, 36, 23, 7, 15, 94]","[2, 1, 73]","[54, 62, 36, 23, 7, 15, 94]",[],[73],"[2, 1]",2,0.5071106553077698,"{""0"": 1.5239124298095703, ""1"": -1.0}",0,0,"[62, 36, 23, 7, 15, 94]","[2, 54, 1, 73]","[62, 36, 23, 7, 15, 94]","[2, 54, 1, 73]","[62, 36, 23, 7, 15, 94]",[],"[54, 73]","[2, 1]","[62, 36, 23, 7, 15, 94]","[2, 54, 1, 73]","[62, 36, 23, 7, 15, 94]",[],"[54, 73]","[2, 1]",6,0,2,2
184,10,5,"[3, 83, 64, 41, 77, 95, 87, 32, 5, 4]","[83, 64, 41, 77, 95, 87, 32, 5]","[3, 4]",0.8489794136048183,0.17138411258972552,2.0,0,0,"[83, 64, 41, 77, 95, 87, 32, 5]","[3, 4]","[83, 64, 41, 77, 95, 87, 32, 5]","[3, 4]","[83, 64, 41, 77, 95, 87, 32, 5]",[],[],"[3, 4]",2,0.6951391100883484,"{""0"": 1.4865655899047852, ""1"": -1.0}",0,0,"[83, 64, 41, 77, 87, 32, 5]","[3, 95, 4]","[83, 64, 41, 77, 87, 32, 5]","[3, 95, 4]","[83, 64, 41, 77, 87, 32, 5]",[],[95],"[3, 4]","[83, 64, 41, 77, 87, 32, 5]","[3, 95, 4]","[83, 64, 41, 77, 87, 32, 5]",[],[95],"[3, 4]",7,0,1,2
185,10,5,"[0, 29, 33, 81, 11, 39, 5, 45, 95, 69]","[29, 33, 81, 11, 39, 5, 45, 95, 69]",[0],0.7861094318550765,0.11644895867497163,2.0,0,0,"[29, 33, 81, 11, 39, 5, 45, 95, 69]",[0],"[29, 33, 81, 11, 39, 5, 45, 95, 69]",[0],"[29, 33, 81, 11, 39, 5, 45, 95, 69]",[],[],[0],2,0.4089517295360565,"{""0"": 1.6559672355651855, ""1"": -1.0}",0,0,"[29, 33, 81, 11, 39, 5, 45, 95]","[0, 69]","[29, 33, 81, 11, 39, 5, 45, 95]","[0, 69]","[29, 33, 81, 11, 39, 5, 45, 95]",[],[69],[0],"[29, 33, 81, 11, 39, 5, 45, 95]","[0, 69]","[29, 33, 81, 11, 39, 5, 45, 95]",[],[69],[0],8,0,1,1
186,10,5,"[0, 50, 81, 62, 3, 74, 10, 33, 35, 56]","[50, 81, 62, 74, 10, 33, 35, 56]","[0, 3]",0.7247179848129159,0.11040782805866378,2.0,0,0,"[50, 81, 62, 74, 10, 33, 35, 56]","[0, 3]","[50, 81, 62, 74, 10, 33, 35, 56]","[0, 3]","[50, 81, 62, 74, 10, 33, 35, 56]",[],[],"[0, 3]",4,0.44379204511642456,"{""0"": 1.7665632963180542, ""1"": 2.1518383026123047, ""2"": 1.8979074954986572, ""3"": -1.0}",1,0,"[74, 33, 56]","[0, 50, 81, 62, 3, 10, 35]","[74, 33, 56]","[0, 50, 81, 62, 3, 10, 35]","[74, 33, 56]",[],"[50, 81, 62, 10, 35]","[0, 3]","[74, 33, 56]","[0, 50, 81, 62, 3, 10, 35]","[74, 33, 56]",[],"[50, 81, 62, 10, 35]","[0, 3]",3,0,5,2
187,10,5,"[2, 40, 67, 33, 0, 7, 1, 6, 38, 5]","[40, 67, 33, 7, 6, 38, 5]","[2, 0, 1]",0.7494218419110238,0.11105119934105184,2.0,0,0,"[40, 67, 33, 7, 6, 38, 5]","[2, 0, 1]","[40, 67, 33, 7, 6, 38, 5]","[2, 0, 1]","[40, 67, 33, 7, 6, 38, 5]",[],[],"[2, 0, 1]",2,0.35843315720558167,"{""0"": 3.1761579513549805, ""1"": 1.54191255569458}",0,0,"[33, 7, 6, 38, 5]","[2, 40, 67, 0, 1]","[33, 7, 6, 38, 5]","[2, 40, 67, 0, 1]","[33, 7, 6, 38, 5]",[],"[40, 67]","[2, 0, 1]","[33, 7, 6, 38, 5]","[2, 40, 67, 0, 1]","[33, 7, 6, 38, 5]",[],"[40, 67]","[2, 0, 1]",5,0,2,3
188,10,5,"[0, 38, 92, 53, 33, 46, 80, 60, 50, 68]","[38, 92, 53, 33, 46, 80, 60, 50, 68]",[0],0.7384136861153213,0.1507167583422913,2.0,0,0,"[38, 92, 53, 33, 46, 80, 60, 50, 68]",[0],"[38, 92, 53, 33, 46, 80, 60, 50, 68]",[0],"[38, 92, 53, 33, 46, 80, 60, 50, 68]",[],[],[0],2,0.45317935943603516,"{""0"": 2.420691728591919, ""1"": -1.0}",0,0,"[38, 92, 53, 33, 80, 60, 50, 68]","[0, 46]","[38, 92, 53, 33, 80, 60, 50, 68]","[0, 46]","[38, 92, 53, 33, 80, 60, 50, 68]",[],[46],[0],"[38, 92, 53, 33, 80, 60, 50, 68]","[0, 46]","[38, 92, 53, 33, 80, 60, 50, 68]",[],[46],[0],8,0,1,1
189,10,5,"[1, 38, 94, 69, 57, 45, 22, 47, 53, 3]","[38, 94, 69, 57, 45, 22, 47, 53]","[1, 3]",0.7292997013332319,0.1361257316077245,2.0,0,0,"[38, 94, 69, 57, 45, 22, 47, 53]","[1, 3]","[38, 94, 69, 57, 45, 22, 47, 53]","[1, 3]","[38, 94, 69, 57, 45, 22, 47, 53]",[],[],"[1, 3]",2,0.4608699679374695,"{""0"": 1.2614367008209229, ""1"": -1.0}",0,0,"[38, 94, 57, 45, 22, 47, 53]","[1, 69, 3]","[38, 94, 57, 45, 22, 47, 53]","[1, 69, 3]","[38, 94, 57, 45, 22, 47, 53]",[],[69],"[1, 3]","[38, 94, 57, 45, 22, 47, 53]","[1, 69, 3]","[38, 94, 57, 45, 22, 47, 53]",[],[69],"[1, 3]",7,0,1,2
190,10,5,"[2, 71, 75, 78, 19, 37, 51, 55, 18, 41]","[71, 75, 78, 19, 37, 51, 55, 18, 41]",[2],0.6599179896388297,0.12313589365681371,2.0,0,0,"[71, 75, 78, 19, 37, 51, 55, 18, 41]",[2],"[71, 75, 78, 19, 37, 51, 55, 18, 41]",[2],"[71, 75, 78, 19, 37, 51, 55, 18, 41]",[],[],[2],4,0.43561866879463196,"{""0"": 3.643310546875, ""1"": -1.0, ""2"": 1.94472074508667, ""3"": -1.0}",0,0,"[78, 37, 51, 55, 18]","[2, 71, 75, 19, 41]","[78, 37, 51, 55, 18]","[2, 71, 75, 19, 41]","[78, 37, 51, 55, 18]",[],"[71, 75, 19, 41]",[2],"[78, 37, 51, 55, 18]","[2, 71, 75, 19, 41]","[78, 37, 51, 55, 18]",[],"[71, 75, 19, 41]",[2],5,0,4,1
191,10,5,"[3, 55, 8, 11, 25, 68, 6, 90, 61, 78]","[55, 8, 11, 25, 68, 6, 90, 61, 78]",[3],0.6496434188310893,0.10271662504915582,2.0,0,0,"[55, 8, 25, 68, 6, 90, 61, 78]","[3, 11]","[55, 8, 25, 68, 6, 90, 61, 78]","[3, 11]","[55, 8, 25, 68, 6, 90, 61, 78]",[],[11],[3],2,0.3256784677505493,"{""0"": 1.3796823024749756, ""1"": -1.0}",0,0,"[55, 25, 68, 6, 90, 61, 78]","[3, 8, 11]","[55, 25, 68, 6, 90, 61, 78]","[3, 8, 11]","[55, 25, 68, 6, 90, 61, 78]",[],"[8, 11]",[3],"[55, 25, 68, 6, 90, 61, 78]","[3, 8, 11]","[55, 25, 68, 6, 90, 61, 78]",[],"[8, 11]",[3],7,0,2,1
192,10,5,"[2, 95, 11, 12, 65, 15, 22, 86, 14, 50]","[95, 11, 12, 65, 15, 22, 86, 14, 50]",[2],0.5915171578901544,0.08989783093475046,2.0,0,0,"[11, 12, 65, 15, 22, 86, 14, 50]","[2, 95]","[11, 12, 65, 15, 22, 86, 14, 50]","[2, 95]","[11, 12, 65, 15, 22, 86, 14, 50]",[],[95],[2],2,0.29536575078964233,"{""0"": 3.643118143081665, ""1"": 2.705730438232422}",0,0,"[11, 15, 22, 86, 14]","[2, 95, 12, 65, 50]","[11, 15, 22, 86, 14]","[2, 95, 12, 65, 50]","[11, 15, 22, 86, 14]",[],"[95, 12, 65, 50]",[2],"[11, 15, 22, 86, 14]","[2, 95, 12, 65, 50]","[11, 15, 22, 86, 14]",[],"[95, 12, 65, 50]",[2],5,0,4,1
193,10,5,"[2, 23, 88, 85, 48, 8, 72, 87, 16, 73]","[23, 88, 85, 48, 8, 72, 87, 16, 73]",[2],0.7161987838476238,0.1902368808683083,2.0,0,0,"[23, 85, 48, 8, 72, 87, 16, 73]","[2, 88]","[23, 85, 48, 8, 72, 87, 16, 73]","[2, 88]","[23, 85, 48, 8, 72, 87, 16, 73]",[],[88],[2],3,0.5807597637176514,"{""0"": 3.981339931488037, ""1"": -1.0, ""2"": -1.0}",0,0,"[23, 85, 8, 72, 87, 16]","[2, 88, 48, 73]","[23, 85, 8, 72, 87, 16]","[2, 88, 48, 73]","[23, 85, 8, 72, 87, 16]",[],"[88, 48, 73]",[2],"[23, 85, 8, 72, 87, 16]","[2, 88, 48, 73]","[23, 85, 8, 72, 87, 16]",[],"[88, 48, 73]",[2],6,0,3,1
194,10,5,"[2, 78, 3, 40, 31, 14, 44, 57, 10, 64]","[78, 40, 31, 14, 44, 57, 10, 64]","[2, 3]",0.8572852161696584,0.2245219862164825,2.0,0,0,"[78, 40, 31, 14, 44, 57, 10, 64]","[2, 3]","[78, 40, 31, 14, 44, 57, 10, 64]","[2, 3]","[78, 40, 31, 14, 44, 57, 10, 64]",[],[],"[2, 3]",2,0.5234963893890381,"{""0"": 1.1644402742385864, ""1"": -1.0}",0,0,"[78, 40, 14, 44, 57, 10, 64]","[2, 3, 31]","[78, 40, 14, 44, 57, 10, 64]","[2, 3, 31]","[78, 40, 14, 44, 57, 10, 64]",[],[31],"[2, 3]","[78, 40, 14, 44, 57, 10, 64]","[2, 3, 31]","[78, 40, 14, 44, 57, 10, 64]",[],[31],"[2, 3]",7,0,1,2
195,10,5,"[2, 10, 81, 56, 88, 36, 62, 99, 93, 85]","[10, 81, 56, 88, 36, 62, 99, 93, 85]",[2],0.793571001218245,0.17956951686368772,2.0,0,0,"[10, 81, 56, 36, 62, 99, 93, 85]","[2, 88]","[10, 81, 56, 36, 62, 99, 93, 85]","[2, 88]","[10, 81, 56, 36, 62, 99, 93, 85]",[],[88],[2],2,0.652980387210846,"{""0"": 5.1418585777282715, ""1"": -1.0}",0,0,"[81, 56, 36, 62, 99, 93, 85]","[2, 10, 88]","[81, 56, 36, 62, 99, 93, 85]","[2, 10, 88]","[81, 56, 36, 62, 99, 93, 85]",[],"[10, 88]",[2],"[81, 56, 36, 62, 99, 93, 85]","[2, 10, 88]","[81, 56, 36, 62, 99, 93, 85]",[],"[10, 88]",[2],7,0,2,1
196,10,5,"[3, 25, 99, 13, 81, 6, 89, 30, 21, 90]","[25, 99, 13, 81, 6, 89, 30, 21, 90]",[3],0.6741546922344741,0.08748862643413724,2.0,0,0,"[25, 99, 13, 6, 89, 30, 21, 90]","[3, 81]","[25, 99, 13, 6, 89, 30, 21, 90]","[3, 81]","[25, 99, 13, 6, 89, 30, 21, 90]",[],[81],[3],4,0.5159019231796265,"{""0"": 2.9775638580322266, ""1"": -1.0, ""2"": 1.989943265914917, ""3"": -1.0}",0,0,"[6, 89, 21, 90]","[3, 25, 99, 13, 81, 30]","[6, 89, 21, 90]","[3, 25, 99, 13, 81, 30]","[6, 89, 21, 90]",[],"[25, 99, 13, 81, 30]",[3],"[6, 89, 21, 90]","[3, 25, 99, 13, 81, 30]","[6, 89, 21, 90]",[],"[25, 99, 13, 81, 30]",[3],4,0,5,1
197,10,5,"[1, 16, 75, 59, 52, 61, 8, 21, 47, 40]","[16, 75, 59, 52, 61, 8, 21, 47, 40]",[1],0.6513325577436315,0.15446205377902408,2.0,0,0,"[16, 75, 59, 52, 61, 8, 21, 47, 40]",[1],"[16, 75, 59, 52, 61, 8, 21, 47, 40]",[1],"[16, 75, 59, 52, 61, 8, 21, 47, 40]",[],[],[1],2,0.5757976174354553,"{""0"": 2.7726922035217285, ""1"": -1.0}",0,0,"[16, 75, 52, 61, 8, 21, 47, 40]","[1, 59]","[16, 75, 52, 61, 8, 21, 47, 40]","[1, 59]","[16, 75, 52, 61, 8, 21, 47, 40]",[],[59],[1],"[16, 75, 52, 61, 8, 21, 47, 40]","[1, 59]","[16, 75, 52, 61, 8, 21, 47, 40]",[],[59],[1],8,0,1,1
198,10,5,"[3, 13, 53, 66, 33, 38, 36, 49, 76, 54]","[13, 53, 66, 33, 38, 36, 49, 76, 54]",[3],0.7503996867904075,0.05210039939434907,2.0,0,0,"[13, 53, 66, 33, 38, 36, 76]","[3, 49, 54]","[13, 53, 66, 33, 38, 36, 76]","[3, 49, 54]","[13, 53, 66, 33, 38, 36, 76]",[],"[49, 54]",[3],2,0.6125999093055725,"{""0"": 2.017249345779419, ""1"": 1.9941048622131348}",0,0,"[53, 33, 38, 36, 76]","[3, 13, 66, 49, 54]","[53, 33, 38, 36, 76]","[3, 13, 66, 49, 54]","[53, 33, 38, 36, 76]",[],"[13, 66, 49, 54]",[3],"[53, 33, 38, 36, 76]","[3, 13, 66, 49, 54]","[53, 33, 38, 36, 76]",[],"[13, 66, 49, 54]",[3],5,0,4,1
199,10,5,"[2, 47, 98, 83, 65, 78, 24, 33, 88, 40]","[47, 98, 83, 65, 78, 24, 33, 88, 40]",[2],0.6640996585923647,0.18353909245893685,2.0,0,0,"[47, 98, 83, 65, 78, 24, 33, 40]","[2, 88]","[47, 98, 83, 65, 78, 24, 33, 40]","[2, 88]","[47, 98, 83, 65, 78, 24, 33, 40]",[],[88],[2],2,0.44747602939605713,"{""0"": 6.451512813568115, ""1"": -1.0}",0,0,"[98, 83, 65, 78, 24, 33, 40]","[2, 47, 88]","[98, 83, 65, 78, 24, 33, 40]","[2, 47, 88]","[98, 83, 65, 78, 24, 33, 40]",[],"[47, 88]",[2],"[98, 83, 65, 78, 24, 33, 40]","[2, 47, 88]","[98, 83, 65, 78, 24, 33, 40]",[],"[47, 88]",[2],7,0,2,1
200,10,5,"[0, 86, 70, 30, 24, 66, 99, 9, 12, 31]","[86, 70, 30, 24, 66, 99, 9, 12, 31]",[0],0.8457177807246898,0.13484948853377143,2.0,0,0,"[86, 70, 30, 24, 66, 99, 9, 12, 31]",[0],"[86, 70, 30, 24, 66, 99, 9, 12, 31]",[0],"[86, 70, 30, 24, 66, 99, 9, 12, 31]",[],[],[0],2,0.5418341159820557,"{""0"": 2.868666648864746, ""1"": -1.0}",0,0,"[86, 70, 30, 24, 66, 99, 9, 12]","[0, 31]","[86, 70, 30, 24, 66, 99, 9, 12]","[0, 31]","[86, 70, 30, 24, 66, 99, 9, 12]",[],[31],[0],"[86, 70, 30, 24, 66, 99, 9, 12]","[0, 31]","[86, 70, 30, 24, 66, 99, 9, 12]",[],[31],[0],8,0,1,1
201,10,5,"[3, 81, 17, 35, 96, 88, 36, 99, 64, 92]","[81, 17, 35, 96, 88, 36, 99, 64, 92]",[3],0.7624028406297645,0.0858917480883078,2.0,0,0,"[81, 35, 96, 36, 99, 64, 92]","[3, 17, 88]","[81, 35, 96, 36, 99, 64, 92]","[3, 17, 88]","[81, 35, 96, 36, 99, 64, 92]",[],"[17, 88]",[3],2,0.39928391575813293,"{""0"": 0.13797765970230103, ""1"": 4.716888427734375}",1,0,"[81, 96, 36, 64, 92]","[3, 17, 35, 88, 99]","[81, 96, 36, 64, 92]","[3, 17, 35, 88, 99]","[81, 96, 36, 64, 92]",[],"[17, 35, 88, 99]",[3],"[81, 96, 36, 64, 92]","[3, 17, 35, 88, 99]","[81, 96, 36, 64, 92]",[],"[17, 35, 88, 99]",[3],5,0,4,1
202,10,5,"[4, 91, 21, 75, 59, 96, 92, 42, 74, 12]","[91, 21, 75, 59, 96, 92, 42, 74, 12]",[4],0.625398240374651,0.088994105630194,2.0,0,0,"[91, 21, 75, 59, 96, 92, 42, 74, 12]",[4],"[91, 21, 75, 59, 96, 92, 42, 74, 12]",[4],"[91, 21, 75, 59, 96, 92, 42, 74, 12]",[],[],[4],2,0.6943609714508057,"{""0"": 3.733412504196167, ""1"": -1.0}",0,0,"[91, 21, 75, 59, 92, 42, 74, 12]","[4, 96]","[91, 21, 75, 59, 92, 42, 74, 12]","[4, 96]","[91, 21, 75, 59, 92, 42, 74, 12]",[],[96],[4],"[91, 21, 75, 59, 92, 42, 74, 12]","[4, 96]","[91, 21, 75, 59, 92, 42, 74, 12]",[],[96],[4],8,0,1,1
203,10,5,"[2, 39, 68, 74, 40, 3, 0, 85, 50, 44]","[39, 68, 74, 40, 85, 50, 44]","[2, 3, 0]",0.687556351159371,0.15247611456342888,2.0,0,0,"[39, 68, 74, 40, 85, 50, 44]","[2, 3, 0]","[39, 68, 74, 40, 85, 50, 44]","[2, 3, 0]","[39, 68, 74, 40, 85, 50, 44]",[],[],"[2, 3, 0]",2,0.40678659081459045,"{""0"": 0.7617496848106384, ""1"": -1.0}",0,0,"[39, 68, 74, 40, 50, 44]","[2, 3, 0, 85]","[39, 68, 74, 40, 50, 44]","[2, 3, 0, 85]","[39, 68, 74, 40, 50, 44]",[],[85],"[2, 3, 0]","[39, 68, 74, 40, 50, 44]","[2, 3, 0, 85]","[39, 68, 74, 40, 50, 44]",[],[85],"[2, 3, 0]",6,0,1,3
204,10,5,"[4, 33, 52, 31, 75, 20, 83, 96, 38, 72]","[33, 52, 31, 75, 20, 83, 96, 38, 72]",[4],0.8323996356720498,0.17022366966672042,2.0,0,0,"[33, 52, 31, 75, 20, 83, 96, 38, 72]",[4],"[33, 52, 31, 75, 20, 83, 96, 38, 72]",[4],"[33, 52, 31, 75, 20, 83, 96, 38, 72]",[],[],[4],2,0.2963830530643463,"{""0"": 1.2839816808700562, ""1"": 1.682525396347046}",1,0,"[33, 52, 20, 83, 38, 72]","[4, 31, 75, 96]","[33, 52, 20, 83, 38, 72]","[4, 31, 75, 96]","[33, 52, 20, 83, 38, 72]",[],"[31, 75, 96]",[4],"[33, 52, 20, 83, 38, 72]","[4, 31, 75, 96]","[33, 52, 20, 83, 38, 72]",[],"[31, 75, 96]",[4],6,0,3,1
205,10,5,"[4, 64, 72, 2, 83, 62, 97, 32, 51, 86]","[64, 72, 83, 62, 97, 32, 51, 86]","[4, 2]",0.8235295355225143,0.16862057301578492,2.0,0,0,"[64, 72, 83, 62, 97, 32, 51, 86]","[4, 2]","[64, 72, 83, 62, 97, 32, 51, 86]","[4, 2]","[64, 72, 83, 62, 97, 32, 51, 86]",[],[],"[4, 2]",2,0.6578972935676575,"{""0"": 1.9516760110855103, ""1"": -1.0}",0,0,"[64, 72, 83, 62, 32, 51, 86]","[4, 2, 97]","[64, 72, 83, 62, 32, 51, 86]","[4, 2, 97]","[64, 72, 83, 62, 32, 51, 86]",[],[97],"[4, 2]","[64, 72, 83, 62, 32, 51, 86]","[4, 2, 97]","[64, 72, 83, 62, 32, 51, 86]",[],[97],"[4, 2]",7,0,1,2
206,10,5,"[3, 54, 33, 74, 61, 27, 58, 68, 6, 42]","[54, 33, 74, 61, 27, 58, 68, 6, 42]",[3],0.7085988569505733,0.11821848672160201,2.0,0,0,"[33, 74, 61, 27, 58, 68, 6, 42]","[3, 54]","[33, 74, 61, 27, 58, 68, 6, 42]","[3, 54]","[33, 74, 61, 27, 58, 68, 6, 42]",[],[54],[3],2,0.6445850133895874,"{""0"": 1.6501696109771729, ""1"": 4.225008964538574}",1,0,"[33, 74, 61, 58, 68, 6]","[3, 54, 27, 42]","[33, 74, 61, 58, 68, 6]","[3, 54, 27, 42]","[33, 74, 61, 58, 68, 6]",[],"[54, 27, 42]",[3],"[33, 74, 61, 58, 68, 6]","[3, 54, 27, 42]","[33, 74, 61, 58, 68, 6]",[],"[54, 27, 42]",[3],6,0,3,1
207,10,5,"[1, 36, 19, 45, 15, 73, 13, 69, 59, 16]","[36, 19, 45, 15, 73, 13, 69, 59, 16]",[1],0.7975903317191972,0.1481818379879592,2.0,0,0,"[36, 19, 45, 15, 73, 13, 69, 59, 16]",[1],"[36, 19, 45, 15, 73, 13, 69, 59, 16]",[1],"[36, 19, 45, 15, 73, 13, 69, 59, 16]",[],[],[1],3,0.4989607036113739,"{""0"": 3.1804182529449463, ""1"": 1.8603748083114624, ""2"": 1.8236746788024902}",0,0,"[36, 19, 45, 15, 16]","[1, 73, 13, 69, 59]","[36, 19, 45, 15, 16]","[1, 73, 13, 69, 59]","[36, 19, 45, 15, 16]",[],"[73, 13, 69, 59]",[1],"[36, 19, 45, 15, 16]","[1, 73, 13, 69, 59]","[36, 19, 45, 15, 16]",[],"[73, 13, 69, 59]",[1],5,0,4,1
208,10,5,"[3, 17, 69, 74, 58, 40, 57, 56, 59, 55]","[17, 69, 74, 58, 40, 57, 56, 59, 55]",[3],0.8309863044872048,0.13554670995405593,2.0,0,0,"[69, 74, 58, 40, 57, 56, 59, 55]","[3, 17]","[69, 74, 58, 40, 57, 56, 59, 55]","[3, 17]","[69, 74, 58, 40, 57, 56, 59, 55]",[],[17],[3],3,0.4530065953731537,"{""0"": 2.3465561866760254, ""1"": 3.06388258934021, ""2"": -1.0}",1,0,"[74, 58, 40, 56]","[3, 17, 69, 57, 59, 55]","[74, 58, 40, 56]","[3, 17, 69, 57, 59, 55]","[74, 58, 40, 56]",[],"[17, 69, 57, 59, 55]",[3],"[74, 58, 40, 56]","[3, 17, 69, 57, 59, 55]","[74, 58, 40, 56]",[],"[17, 69, 57, 59, 55]",[3],4,0,5,1
209,10,5,"[3, 97, 8, 89, 79, 11, 76, 16, 77, 25]","[97, 8, 89, 79, 11, 76, 16, 77, 25]",[3],0.7581030952229968,0.10611056716194367,2.0,0,0,"[8, 89, 79, 11, 76, 16, 77, 25]","[3, 97]","[8, 89, 79, 11, 76, 16, 77, 25]","[3, 97]","[8, 89, 79, 11, 76, 16, 77, 25]",[],[97],[3],2,0.47385531663894653,"{""0"": 2.4915711879730225, ""1"": -1.0}",0,0,"[8, 79, 11, 76, 16, 77, 25]","[3, 97, 89]","[8, 79, 11, 76, 16, 77, 25]","[3, 97, 89]","[8, 79, 11, 76, 16, 77, 25]",[],"[97, 89]",[3],"[8, 79, 11, 76, 16, 77, 25]","[3, 97, 89]","[8, 79, 11, 76, 16, 77, 25]",[],"[97, 89]",[3],7,0,2,1
210,10,5,"[2, 21, 49, 33, 17, 44, 74, 85, 84, 79]","[21, 49, 33, 17, 44, 74, 85, 84, 79]",[2],0.8178069968609494,0.17749304872422117,2.0,0,0,"[21, 49, 33, 17, 44, 74, 85, 84, 79]",[2],"[21, 49, 33, 17, 44, 74, 85, 84, 79]",[2],"[21, 49, 33, 17, 44, 74, 85, 84, 79]",[],[],[2],2,0.6668791174888611,"{""0"": 3.7500662803649902, ""1"": -1.0}",0,0,"[21, 49, 33, 17, 44, 74, 84, 79]","[2, 85]","[21, 49, 33, 17, 44, 74, 84, 79]","[2, 85]","[21, 49, 33, 17, 44, 74, 84, 79]",[],[85],[2],"[21, 49, 33, 17, 44, 74, 84, 79]","[2, 85]","[21, 49, 33, 17, 44, 74, 84, 79]",[],[85],[2],8,0,1,1
211,10,5,"[1, 15, 58, 56, 75, 64, 2, 68, 46, 54]","[15, 58, 56, 75, 64, 68, 46, 54]","[1, 2]",1.016155567181035,0.24126880297138464,2.0,0,0,"[15, 58, 56, 75, 64, 68, 46, 54]","[1, 2]","[15, 58, 56, 75, 64, 68, 46, 54]","[1, 2]","[15, 58, 56, 75, 64, 68, 46, 54]",[],[],"[1, 2]",2,0.6758294701576233,"{""0"": 3.705998182296753, ""1"": -1.0}",0,0,"[15, 58, 56, 75, 64, 68, 46]","[1, 2, 54]","[15, 58, 56, 75, 64, 68, 46]","[1, 2, 54]","[15, 58, 56, 75, 64, 68, 46]",[],[54],"[1, 2]","[15, 58, 56, 75, 64, 68, 46]","[1, 2, 54]","[15, 58, 56, 75, 64, 68, 46]",[],[54],"[1, 2]",7,0,1,2
212,10,5,"[3, 41, 74, 15, 4, 81, 48, 84, 56, 94]","[41, 74, 15, 81, 48, 84, 56, 94]","[3, 4]",0.7702872322173195,0.19814262447092684,2.0,0,0,"[41, 74, 15, 81, 48, 84, 56, 94]","[3, 4]","[41, 74, 15, 81, 48, 84, 56, 94]","[3, 4]","[41, 74, 15, 81, 48, 84, 56, 94]",[],[],"[3, 4]",3,0.4960603713989258,"{""0"": 4.159345626831055, ""1"": 1.5895649194717407, ""2"": -1.0}",0,0,"[74, 15, 81, 84, 56]","[3, 41, 4, 48, 94]","[74, 15, 81, 84, 56]","[3, 41, 4, 48, 94]","[74, 15, 81, 84, 56]",[],"[41, 48, 94]","[3, 4]","[74, 15, 81, 84, 56]","[3, 41, 4, 48, 94]","[74, 15, 81, 84, 56]",[],"[41, 48, 94]","[3, 4]",5,0,3,2
213,10,5,"[1, 94, 76, 84, 86, 54, 63, 6, 85, 39]","[94, 76, 84, 86, 54, 63, 6, 85, 39]",[1],0.6471504285329125,0.05820638825705704,2.0,0,0,"[94, 76, 84, 86, 63, 6, 85, 39]","[1, 54]","[94, 76, 84, 86, 63, 6, 85, 39]","[1, 54]","[94, 76, 84, 86, 63, 6, 85, 39]",[],[54],[1],2,0.4934841990470886,"{""0"": 2.7079267501831055, ""1"": -1.0}",0,0,"[94, 76, 84, 86, 63, 6, 85]","[1, 54, 39]","[94, 76, 84, 86, 63, 6, 85]","[1, 54, 39]","[94, 76, 84, 86, 63, 6, 85]",[],"[54, 39]",[1],"[94, 76, 84, 86, 63, 6, 85]","[1, 54, 39]","[94, 76, 84, 86, 63, 6, 85]",[],"[54, 39]",[1],7,0,2,1
214,10,5,"[2, 58, 62, 15, 35, 5, 46, 60, 8, 18]","[58, 62, 15, 35, 5, 46, 60, 8, 18]",[2],0.7581351204963251,0.06474072443332873,2.0,0,0,"[58, 62, 15, 35, 5, 46, 60, 8, 18]",[2],"[58, 62, 15, 35, 5, 46, 60, 8, 18]",[2],"[58, 62, 15, 35, 5, 46, 60, 8, 18]",[],[],[2],2,0.6097409129142761,"{""0"": 3.2391114234924316, ""1"": -1.0}",0,0,"[58, 62, 15, 35, 46, 60, 8, 18]","[2, 5]","[58, 62, 15, 35, 46, 60, 8, 18]","[2, 5]","[58, 62, 15, 35, 46, 60, 8, 18]",[],[5],[2],"[58, 62, 15, 35, 46, 60, 8, 18]","[2, 5]","[58, 62, 15, 35, 46, 60, 8, 18]",[],[5],[2],8,0,1,1
215,10,5,"[2, 96, 3, 90, 11, 47, 48, 37, 33, 80]","[96, 90, 11, 47, 48, 37, 33, 80]","[2, 3]",1.0594315268088765,0.22008527716006776,2.0,0,0,"[96, 90, 11, 47, 48, 37, 33, 80]","[2, 3]","[96, 90, 11, 47, 48, 37, 33, 80]","[2, 3]","[96, 90, 11, 47, 48, 37, 33, 80]",[],[],"[2, 3]",2,0.5441060066223145,"{""0"": 1.0105913877487183, ""1"": -1.0}",0,0,"[96, 90, 11, 48, 37, 33, 80]","[2, 3, 47]","[96, 90, 11, 48, 37, 33, 80]","[2, 3, 47]","[96, 90, 11, 48, 37, 33, 80]",[],[47],"[2, 3]","[96, 90, 11, 48, 37, 33, 80]","[2, 3, 47]","[96, 90, 11, 48, 37, 33, 80]",[],[47],"[2, 3]",7,0,1,2
216,10,5,"[2, 5, 82, 80, 89, 69, 42, 59, 17, 48]","[5, 82, 80, 89, 69, 42, 59, 17, 48]",[2],1.210660306723705,0.09790222849172558,2.0,0,0,"[82, 80, 69, 59, 17, 48]","[2, 5, 89, 42]","[82, 80, 69, 59, 17, 48]","[2, 5, 89, 42]","[82, 80, 69, 59, 17, 48]",[],"[5, 89, 42]",[2],2,0.4897199869155884,"{""0"": 1.9185490608215332, ""1"": -1.0}",0,0,"[82, 80, 69, 59, 17]","[2, 5, 89, 42, 48]","[82, 80, 69, 59, 17]","[2, 5, 89, 42, 48]","[82, 80, 69, 59, 17]",[],"[5, 89, 42, 48]",[2],"[82, 80, 69, 59, 17]","[2, 5, 89, 42, 48]","[82, 80, 69, 59, 17]",[],"[5, 89, 42, 48]",[2],5,0,4,1
217,10,5,"[3, 81, 28, 63, 34, 35, 96, 71, 46, 44]","[81, 28, 63, 34, 35, 96, 71, 46, 44]",[3],0.8109066120542325,0.13443041297694258,2.0,0,0,"[81, 28, 63, 34, 35, 96, 71, 46, 44]",[3],"[81, 28, 63, 34, 35, 96, 71, 46, 44]",[3],"[81, 28, 63, 34, 35, 96, 71, 46, 44]",[],[],[3],2,0.5364803075790405,"{""0"": 1.5401527881622314, ""1"": -1.0}",0,0,"[81, 28, 63, 34, 35, 96, 71, 44]","[3, 46]","[81, 28, 63, 34, 35, 96, 71, 44]","[3, 46]","[81, 28, 63, 34, 35, 96, 71, 44]",[],[46],[3],"[81, 28, 63, 34, 35, 96, 71, 44]","[3, 46]","[81, 28, 63, 34, 35, 96, 71, 44]",[],[46],[3],8,0,1,1
218,10,5,"[2, 91, 86, 84, 61, 50, 97, 87, 53, 27]","[91, 86, 84, 61, 50, 97, 87, 53, 27]",[2],0.5927871120989415,0.04894437982458,2.0,0,0,"[91, 86, 84, 61, 50, 87, 53, 27]","[2, 97]","[91, 86, 84, 61, 50, 87, 53, 27]","[2, 97]","[91, 86, 84, 61, 50, 87, 53, 27]",[],[97],[2],2,0.3245399296283722,"{""0"": 1.0861598253250122, ""1"": 4.545783519744873}",1,0,"[91, 86, 84, 50, 87, 53]","[2, 61, 97, 27]","[91, 86, 84, 50, 87, 53]","[2, 61, 97, 27]","[91, 86, 84, 50, 87, 53]",[],"[61, 97, 27]",[2],"[91, 86, 84, 50, 87, 53]","[2, 61, 97, 27]","[91, 86, 84, 50, 87, 53]",[],"[61, 97, 27]",[2],6,0,3,1
219,10,5,"[1, 44, 89, 35, 24, 0, 91, 43, 4, 73]","[44, 89, 35, 24, 91, 43, 73]","[1, 0, 4]",0.9917159416030781,0.36157407910145684,2.0,0,0,"[44, 89, 35, 24, 91, 43, 73]","[1, 0, 4]","[44, 89, 35, 24, 91, 43, 73]","[1, 0, 4]","[44, 89, 35, 24, 91, 43, 73]",[],[],"[1, 0, 4]",2,0.6877400279045105,"{""0"": 2.3231356143951416, ""1"": -1.0}",0,0,"[44, 89, 35, 24, 91, 43]","[1, 0, 4, 73]","[44, 89, 35, 24, 91, 43]","[1, 0, 4, 73]","[44, 89, 35, 24, 91, 43]",[],[73],"[1, 0, 4]","[44, 89, 35, 24, 91, 43]","[1, 0, 4, 73]","[44, 89, 35, 24, 91, 43]",[],[73],"[1, 0, 4]",6,0,1,3
220,10,5,"[2, 28, 1, 88, 58, 21, 61, 94, 17, 68]","[28, 88, 58, 21, 61, 94, 17, 68]","[2, 1]",0.7573926790191365,0.1516771261602538,2.0,0,0,"[28, 58, 21, 61, 94, 17, 68]","[2, 1, 88]","[28, 58, 21, 61, 94, 17, 68]","[2, 1, 88]","[28, 58, 21, 61, 94, 17, 68]",[],[88],"[2, 1]",3,0.30983826518058777,"{""0"": 3.7640161514282227, ""1"": -1.0, ""2"": -1.0}",0,0,"[28, 58, 21, 94, 68]","[2, 1, 88, 61, 17]","[28, 58, 21, 94, 68]","[2, 1, 88, 61, 17]","[28, 58, 21, 94, 68]",[],"[88, 61, 17]","[2, 1]","[28, 58, 21, 94, 68]","[2, 1, 88, 61, 17]","[28, 58, 21, 94, 68]",[],"[88, 61, 17]","[2, 1]",5,0,3,2
221,10,5,"[1, 61, 50, 74, 42, 87, 65, 72, 64, 8]","[61, 50, 74, 42, 87, 65, 72, 64, 8]",[1],0.6373484362517297,0.08034967626998207,2.0,0,0,"[61, 50, 74, 87, 65, 72, 64, 8]","[1, 42]","[61, 50, 74, 87, 65, 72, 64, 8]","[1, 42]","[61, 50, 74, 87, 65, 72, 64, 8]",[],[42],[1],3,0.4674151837825775,"{""0"": 3.4276435375213623, ""1"": 1.6998157501220703, ""2"": -1.0}",0,0,"[50, 74, 87, 72, 8]","[1, 61, 42, 65, 64]","[50, 74, 87, 72, 8]","[1, 61, 42, 65, 64]","[50, 74, 87, 72, 8]",[],"[61, 42, 65, 64]",[1],"[50, 74, 87, 72, 8]","[1, 61, 42, 65, 64]","[50, 74, 87, 72, 8]",[],"[61, 42, 65, 64]",[1],5,0,4,1
222,10,5,"[4, 75, 35, 21, 95, 83, 55, 52, 2, 31]","[75, 35, 21, 95, 83, 55, 52, 31]","[4, 2]",0.8895899412256292,0.22806686960512906,2.0,0,0,"[75, 35, 21, 95, 83, 55, 52, 31]","[4, 2]","[75, 35, 21, 95, 83, 55, 52, 31]","[4, 2]","[75, 35, 21, 95, 83, 55, 52, 31]",[],[],"[4, 2]",2,0.6532017588615417,"{""0"": 3.4973411560058594, ""1"": -1.0}",0,0,"[75, 35, 21, 83, 55, 52, 31]","[4, 95, 2]","[75, 35, 21, 83, 55, 52, 31]","[4, 95, 2]","[75, 35, 21, 83, 55, 52, 31]",[],[95],"[4, 2]","[75, 35, 21, 83, 55, 52, 31]","[4, 95, 2]","[75, 35, 21, 83, 55, 52, 31]",[],[95],"[4, 2]",7,0,1,2
223,10,5,"[3, 55, 79, 70, 4, 82, 24, 60, 56, 88]","[55, 79, 70, 82, 24, 60, 56, 88]","[3, 4]",0.7847160311314916,0.14697452898444407,2.0,0,0,"[55, 79, 70, 82, 24, 60, 56, 88]","[3, 4]","[55, 79, 70, 82, 24, 60, 56, 88]","[3, 4]","[55, 79, 70, 82, 24, 60, 56, 88]",[],[],"[3, 4]",2,0.686092734336853,"{""0"": 2.8715484142303467, ""1"": -1.0}",0,0,"[55, 79, 70, 82, 24, 60, 56]","[3, 4, 88]","[55, 79, 70, 82, 24, 60, 56]","[3, 4, 88]","[55, 79, 70, 82, 24, 60, 56]",[],[88],"[3, 4]","[55, 79, 70, 82, 24, 60, 56]","[3, 4, 88]","[55, 79, 70, 82, 24, 60, 56]",[],[88],"[3, 4]",7,0,1,2
224,10,5,"[2, 34, 70, 23, 83, 99, 77, 37, 26, 89]","[34, 70, 23, 83, 99, 77, 37, 26, 89]",[2],0.7322198105523997,0.11591859842029034,2.0,0,0,"[34, 70, 23, 83, 99, 77, 37, 26, 89]",[2],"[34, 70, 23, 83, 99, 77, 37, 26, 89]",[2],"[34, 70, 23, 83, 99, 77, 37, 26, 89]",[],[],[2],2,0.516430139541626,"{""0"": 1.1419625282287598, ""1"": -1.0}",0,0,"[34, 70, 23, 83, 77, 37, 26, 89]","[2, 99]","[34, 70, 23, 83, 77, 37, 26, 89]","[2, 99]","[34, 70, 23, 83, 77, 37, 26, 89]",[],[99],[2],"[34, 70, 23, 83, 77, 37, 26, 89]","[2, 99]","[34, 70, 23, 83, 77, 37, 26, 89]",[],[99],[2],8,0,1,1
225,10,5,"[2, 6, 8, 62, 78, 51, 14, 56, 46, 29]","[6, 8, 62, 78, 51, 14, 56, 46, 29]",[2],0.6459659082619453,0.08567524241151353,2.0,0,0,"[6, 8, 62, 78, 51, 14, 56, 46, 29]",[2],"[6, 8, 62, 78, 51, 14, 56, 46, 29]",[2],"[6, 8, 62, 78, 51, 14, 56, 46, 29]",[],[],[2],2,0.40647363662719727,"{""0"": 3.0156171321868896, ""1"": 1.775033712387085}",0,0,"[6, 62, 78, 51, 14, 46, 29]","[2, 8, 56]","[6, 62, 78, 51, 14, 46, 29]","[2, 8, 56]","[6, 62, 78, 51, 14, 46, 29]",[],"[8, 56]",[2],"[6, 62, 78, 51, 14, 46, 29]","[2, 8, 56]","[6, 62, 78, 51, 14, 46, 29]",[],"[8, 56]",[2],7,0,2,1
226,10,5,"[3, 64, 60, 88, 68, 33, 18, 36, 63, 14]","[64, 60, 88, 68, 33, 18, 36, 63, 14]",[3],0.7603374954265707,0.21009657710139712,2.0,0,0,"[64, 60, 68, 33, 18, 36, 63, 14]","[3, 88]","[64, 60, 68, 33, 18, 36, 63, 14]","[3, 88]","[64, 60, 68, 33, 18, 36, 63, 14]",[],[88],[3],2,0.48805081844329834,"{""0"": 5.125232219696045, ""1"": -1.0}",0,0,"[64, 60, 33, 18, 36, 63, 14]","[3, 88, 68]","[64, 60, 33, 18, 36, 63, 14]","[3, 88, 68]","[64, 60, 33, 18, 36, 63, 14]",[],"[88, 68]",[3],"[64, 60, 33, 18, 36, 63, 14]","[3, 88, 68]","[64, 60, 33, 18, 36, 63, 14]",[],"[88, 68]",[3],7,0,2,1
227,10,5,"[3, 37, 73, 9, 76, 15, 50, 25, 88, 55]","[37, 73, 9, 76, 15, 50, 25, 88, 55]",[3],0.6704653020217342,0.1520963249314593,2.0,0,0,"[37, 9, 76, 15, 50, 25, 55]","[3, 73, 88]","[37, 9, 76, 15, 50, 25, 55]","[3, 73, 88]","[37, 9, 76, 15, 50, 25, 55]",[],"[73, 88]",[3],2,0.6287068128585815,"{""0"": 5.547908782958984, ""1"": -1.0}",0,0,"[37, 76, 15, 50, 25, 55]","[3, 73, 9, 88]","[37, 76, 15, 50, 25, 55]","[3, 73, 9, 88]","[37, 76, 15, 50, 25, 55]",[],"[73, 9, 88]",[3],"[37, 76, 15, 50, 25, 55]","[3, 73, 9, 88]","[37, 76, 15, 50, 25, 55]",[],"[73, 9, 88]",[3],6,0,3,1
228,10,5,"[4, 43, 2, 88, 61, 23, 44, 78, 45, 5]","[43, 88, 61, 23, 44, 78, 45, 5]","[4, 2]",0.803918370337785,0.2462133780488721,2.0,0,0,"[43, 61, 23, 44, 78, 45, 5]","[4, 2, 88]","[43, 61, 23, 44, 78, 45, 5]","[4, 2, 88]","[43, 61, 23, 44, 78, 45, 5]",[],[88],"[4, 2]",2,0.49736809730529785,"{""0"": 4.783754348754883, ""1"": -1.0}",0,0,"[43, 23, 44, 78, 45, 5]","[4, 2, 88, 61]","[43, 23, 44, 78, 45, 5]","[4, 2, 88, 61]","[43, 23, 44, 78, 45, 5]",[],"[88, 61]","[4, 2]","[43, 23, 44, 78, 45, 5]","[4, 2, 88, 61]","[43, 23, 44, 78, 45, 5]",[],"[88, 61]","[4, 2]",6,0,2,2
229,10,5,"[0, 50, 78, 10, 45, 55, 79, 61, 68, 8]","[50, 78, 10, 45, 55, 79, 61, 68, 8]",[0],0.7162058603132184,0.13627948771434978,2.0,0,0,"[50, 78, 10, 45, 55, 79, 61, 68, 8]",[0],"[50, 78, 10, 45, 55, 79, 61, 68, 8]",[0],"[50, 78, 10, 45, 55, 79, 61, 68, 8]",[],[],[0],2,0.6861890554428101,"{""0"": 5.361477851867676, ""1"": -1.0}",0,0,"[50, 78, 45, 55, 79, 61, 68, 8]","[0, 10]","[50, 78, 45, 55, 79, 61, 68, 8]","[0, 10]","[50, 78, 45, 55, 79, 61, 68, 8]",[],[10],[0],"[50, 78, 45, 55, 79, 61, 68, 8]","[0, 10]","[50, 78, 45, 55, 79, 61, 68, 8]",[],[10],[0],8,0,1,1
230,10,5,"[3, 80, 66, 19, 27, 7, 62, 86, 6, 2]","[80, 66, 19, 27, 7, 62, 86, 6]","[3, 2]",0.7096030826249473,0.1245764125995496,2.0,0,0,"[80, 66, 19, 27, 7, 62, 86, 6]","[3, 2]","[80, 66, 19, 27, 7, 62, 86, 6]","[3, 2]","[80, 66, 19, 27, 7, 62, 86, 6]",[],[],"[3, 2]",2,0.42948102951049805,"{""0"": 4.024660587310791, ""1"": 1.9066928625106812}",0,0,"[80, 19, 27, 62, 86, 6]","[3, 66, 7, 2]","[80, 19, 27, 62, 86, 6]","[3, 66, 7, 2]","[80, 19, 27, 62, 86, 6]",[],"[66, 7]","[3, 2]","[80, 19, 27, 62, 86, 6]","[3, 66, 7, 2]","[80, 19, 27, 62, 86, 6]",[],"[66, 7]","[3, 2]",6,0,2,2
231,10,5,"[4, 9, 26, 28, 97, 96, 40, 95, 75, 2]","[9, 26, 28, 97, 96, 40, 95, 75]","[4, 2]",1.0720803189040793,0.3319615940064534,2.0,0,0,"[9, 26, 28, 97, 96, 40, 95, 75]","[4, 2]","[9, 26, 28, 97, 96, 40, 95, 75]","[4, 2]","[9, 26, 28, 97, 96, 40, 95, 75]",[],[],"[4, 2]",2,0.4449082314968109,"{""0"": 1.3997949361801147, ""1"": -1.0}",0,0,"[9, 28, 97, 96, 40, 95, 75]","[4, 26, 2]","[9, 28, 97, 96, 40, 95, 75]","[4, 26, 2]","[9, 28, 97, 96, 40, 95, 75]",[],[26],"[4, 2]","[9, 28, 97, 96, 40, 95, 75]","[4, 26, 2]","[9, 28, 97, 96, 40, 95, 75]",[],[26],"[4, 2]",7,0,1,2
232,10,5,"[1, 27, 99, 62, 39, 30, 23, 56, 74, 92]","[27, 99, 62, 39, 30, 23, 56, 74, 92]",[1],0.6585115194918465,0.08475414553635963,2.0,0,0,"[27, 99, 62, 39, 30, 23, 56, 74, 92]",[1],"[27, 99, 62, 39, 30, 23, 56, 74, 92]",[1],"[27, 99, 62, 39, 30, 23, 56, 74, 92]",[],[],[1],2,0.37219104170799255,"{""0"": 0.41736939549446106, ""1"": -1.0}",0,0,"[27, 62, 39, 30, 23, 56, 74, 92]","[1, 99]","[27, 62, 39, 30, 23, 56, 74, 92]","[1, 99]","[27, 62, 39, 30, 23, 56, 74, 92]",[],[99],[1],"[27, 62, 39, 30, 23, 56, 74, 92]","[1, 99]","[27, 62, 39, 30, 23, 56, 74, 92]",[],[99],[1],8,0,1,1
233,10,5,"[1, 98, 36, 80, 37, 13, 71, 0, 12, 90]","[98, 36, 80, 37, 13, 71, 12, 90]","[1, 0]",0.6848976100281963,0.17349989638497643,2.0,0,0,"[98, 36, 80, 37, 13, 71, 12, 90]","[1, 0]","[98, 36, 80, 37, 13, 71, 12, 90]","[1, 0]","[98, 36, 80, 37, 13, 71, 12, 90]",[],[],"[1, 0]",3,0.35119277238845825,"{""0"": 2.7193946838378906, ""1"": 1.4808287620544434, ""2"": -1.0}",0,0,"[98, 36, 37, 12, 90]","[1, 80, 13, 71, 0]","[98, 36, 37, 12, 90]","[1, 80, 13, 71, 0]","[98, 36, 37, 12, 90]",[],"[80, 13, 71]","[1, 0]","[98, 36, 37, 12, 90]","[1, 80, 13, 71, 0]","[98, 36, 37, 12, 90]",[],"[80, 13, 71]","[1, 0]",5,0,3,2
234,10,5,"[3, 87, 74, 82, 46, 79, 16, 83, 89, 23]","[87, 74, 82, 46, 79, 16, 83, 89, 23]",[3],0.7229421200559257,0.04715384614686918,2.0,0,0,"[87, 74, 82, 16, 83, 89, 23]","[3, 46, 79]","[87, 74, 82, 16, 83, 89, 23]","[3, 46, 79]","[87, 74, 82, 16, 83, 89, 23]",[],"[46, 79]",[3],2,0.4286080002784729,"{""0"": 3.1131739616394043, ""1"": -1.0}",0,0,"[87, 74, 82, 16, 83, 23]","[3, 46, 79, 89]","[87, 74, 82, 16, 83, 23]","[3, 46, 79, 89]","[87, 74, 82, 16, 83, 23]",[],"[46, 79, 89]",[3],"[87, 74, 82, 16, 83, 23]","[3, 46, 79, 89]","[87, 74, 82, 16, 83, 23]",[],"[46, 79, 89]",[3],6,0,3,1
235,10,5,"[4, 39, 54, 34, 6, 32, 9, 14, 70, 20]","[39, 54, 34, 6, 32, 9, 14, 70, 20]",[4],0.7477193434932099,0.20336773547422327,2.0,0,0,"[39, 54, 34, 6, 32, 9, 14, 70, 20]",[4],"[39, 54, 34, 6, 32, 9, 14, 70, 20]",[4],"[39, 54, 34, 6, 32, 9, 14, 70, 20]",[],[],[4],2,0.6387748122215271,"{""0"": 2.5787148475646973, ""1"": -1.0}",0,0,"[39, 34, 6, 32, 9, 14, 70, 20]","[4, 54]","[39, 34, 6, 32, 9, 14, 70, 20]","[4, 54]","[39, 34, 6, 32, 9, 14, 70, 20]",[],[54],[4],"[39, 34, 6, 32, 9, 14, 70, 20]","[4, 54]","[39, 34, 6, 32, 9, 14, 70, 20]",[],[54],[4],8,0,1,1
236,10,5,"[4, 60, 77, 13, 34, 56, 46, 76, 45, 11]","[60, 77, 13, 34, 56, 46, 76, 45, 11]",[4],0.7833992411353832,0.10631067804033512,2.0,0,0,"[77, 13, 34, 56, 46, 76, 45, 11]","[4, 60]","[77, 13, 34, 56, 46, 76, 45, 11]","[4, 60]","[77, 13, 34, 56, 46, 76, 45, 11]",[],[60],[4],2,0.553139328956604,"{""0"": 3.7184534072875977, ""1"": 1.6075938940048218}",0,0,"[77, 13, 34, 56, 76, 45]","[4, 60, 46, 11]","[77, 13, 34, 56, 76, 45]","[4, 60, 46, 11]","[77, 13, 34, 56, 76, 45]",[],"[60, 46, 11]",[4],"[77, 13, 34, 56, 76, 45]","[4, 60, 46, 11]","[77, 13, 34, 56, 76, 45]",[],"[60, 46, 11]",[4],6,0,3,1
237,10,5,"[1, 4, 25, 30, 73, 96, 8, 48, 78, 50]","[25, 30, 73, 96, 8, 48, 78, 50]","[1, 4]",0.8804392201078646,0.25310308102691975,2.0,0,0,"[25, 30, 73, 96, 8, 48, 78, 50]","[1, 4]","[25, 30, 73, 96, 8, 48, 78, 50]","[1, 4]","[25, 30, 73, 96, 8, 48, 78, 50]",[],[],"[1, 4]",4,0.4895462393760681,"{""0"": 2.264326572418213, ""1"": 1.9705839157104492, ""2"": -1.0, ""3"": -1.0}",0,0,"[25, 96, 8, 78]","[1, 4, 30, 73, 48, 50]","[25, 96, 8, 78]","[1, 4, 30, 73, 48, 50]","[25, 96, 8, 78]",[],"[30, 73, 48, 50]","[1, 4]","[25, 96, 8, 78]","[1, 4, 30, 73, 48, 50]","[25, 96, 8, 78]",[],"[30, 73, 48, 50]","[1, 4]",4,0,4,2
238,10,5,"[3, 88, 56, 83, 75, 33, 20, 28, 74, 38]","[88, 56, 83, 75, 33, 20, 28, 74, 38]",[3],0.9765342889518354,0.11272584497927729,2.0,0,0,"[56, 83, 75, 33, 28, 74, 38]","[3, 88, 20]","[56, 83, 75, 33, 28, 74, 38]","[3, 88, 20]","[56, 83, 75, 33, 28, 74, 38]",[],"[88, 20]",[3],2,0.3047557473182678,"{""0"": 4.595041751861572, ""1"": -1.0}",0,0,"[56, 83, 33, 28, 74, 38]","[3, 88, 75, 20]","[56, 83, 33, 28, 74, 38]","[3, 88, 75, 20]","[56, 83, 33, 28, 74, 38]",[],"[88, 75, 20]",[3],"[56, 83, 33, 28, 74, 38]","[3, 88, 75, 20]","[56, 83, 33, 28, 74, 38]",[],"[88, 75, 20]",[3],6,0,3,1
239,10,5,"[1, 72, 87, 27, 93, 62, 46, 96, 37, 21]","[72, 87, 27, 93, 62, 46, 96, 37, 21]",[1],0.6573228528097164,0.09547437178585727,2.0,0,0,"[72, 87, 27, 93, 62, 96, 37, 21]","[1, 46]","[72, 87, 27, 93, 62, 96, 37, 21]","[1, 46]","[72, 87, 27, 93, 62, 96, 37, 21]",[],[46],[1],2,0.5615900158882141,"{""0"": 2.176952838897705, ""1"": -1.0}",0,0,"[72, 87, 27, 93, 62, 37, 21]","[1, 46, 96]","[72, 87, 27, 93, 62, 37, 21]","[1, 46, 96]","[72, 87, 27, 93, 62, 37, 21]",[],"[46, 96]",[1],"[72, 87, 27, 93, 62, 37, 21]","[1, 46, 96]","[72, 87, 27, 93, 62, 37, 21]",[],"[46, 96]",[1],7,0,2,1
240,10,5,"[4, 65, 39, 50, 32, 61, 93, 62, 31, 40]","[65, 39, 50, 32, 61, 93, 62, 31, 40]",[4],0.7157246512101523,0.10139846422399318,2.0,0,0,"[65, 39, 50, 32, 61, 93, 62, 40]","[4, 31]","[65, 39, 50, 32, 61, 93, 62, 40]","[4, 31]","[65, 39, 50, 32, 61, 93, 62, 40]",[],[31],[4],3,0.47675400972366333,"{""0"": 3.4675145149230957, ""1"": 1.967645525932312, ""2"": -1.0}",0,0,"[65, 39, 50, 93, 40]","[4, 32, 61, 62, 31]","[65, 39, 50, 93, 40]","[4, 32, 61, 62, 31]","[65, 39, 50, 93, 40]",[],"[32, 61, 62, 31]",[4],"[65, 39, 50, 93, 40]","[4, 32, 61, 62, 31]","[65, 39, 50, 93, 40]",[],"[32, 61, 62, 31]",[4],5,0,4,1
241,10,5,"[4, 81, 42, 7, 95, 32, 1, 94, 23, 58]","[81, 42, 7, 95, 32, 94, 23, 58]","[4, 1]",0.7686771604619179,0.10073675915576136,2.0,0,0,"[81, 42, 7, 95, 94, 23, 58]","[4, 32, 1]","[81, 42, 7, 95, 94, 23, 58]","[4, 32, 1]","[81, 42, 7, 95, 94, 23, 58]",[],[32],"[4, 1]",2,0.4326067864894867,"{""0"": 1.4569509029388428, ""1"": 1.7702974081039429}",1,0,"[42, 7, 94, 23, 58]","[4, 81, 95, 32, 1]","[42, 7, 94, 23, 58]","[4, 81, 95, 32, 1]","[42, 7, 94, 23, 58]",[],"[81, 95, 32]","[4, 1]","[42, 7, 94, 23, 58]","[4, 81, 95, 32, 1]","[42, 7, 94, 23, 58]",[],"[81, 95, 32]","[4, 1]",5,0,3,2
242,10,5,"[3, 18, 88, 11, 59, 74, 27, 10, 52, 21]","[18, 88, 11, 59, 74, 27, 10, 52, 21]",[3],0.8430522102504516,0.10254210796414681,2.0,0,0,"[18, 11, 59, 27, 10, 52]","[3, 88, 74, 21]","[18, 11, 59, 27, 10, 52]","[3, 88, 74, 21]","[18, 11, 59, 27, 10, 52]",[],"[88, 74, 21]",[3],2,0.4999791085720062,"{""0"": 3.2174744606018066, ""1"": 1.788690447807312}",0,0,"[18, 11, 10, 52]","[3, 88, 59, 74, 27, 21]","[18, 11, 10, 52]","[3, 88, 59, 74, 27, 21]","[18, 11, 10, 52]",[],"[88, 59, 74, 27, 21]",[3],"[18, 11, 10, 52]","[3, 88, 59, 74, 27, 21]","[18, 11, 10, 52]",[],"[88, 59, 74, 27, 21]",[3],4,0,5,1
243,10,5,"[2, 6, 43, 46, 26, 21, 55, 57, 80, 78]","[6, 43, 46, 26, 21, 55, 57, 80, 78]",[2],0.6958736995919805,0.15452844785982522,2.0,0,0,"[6, 43, 46, 26, 21, 55, 57, 80, 78]",[2],"[6, 43, 46, 26, 21, 55, 57, 80, 78]",[2],"[6, 43, 46, 26, 21, 55, 57, 80, 78]",[],[],[2],2,0.5112683176994324,"{""0"": 1.301637887954712, ""1"": -1.0}",0,0,"[6, 43, 26, 21, 55, 57, 80, 78]","[2, 46]","[6, 43, 26, 21, 55, 57, 80, 78]","[2, 46]","[6, 43, 26, 21, 55, 57, 80, 78]",[],[46],[2],"[6, 43, 26, 21, 55, 57, 80, 78]","[2, 46]","[6, 43, 26, 21, 55, 57, 80, 78]",[],[46],[2],8,0,1,1
244,10,5,"[1, 36, 84, 82, 40, 87, 90, 66, 32, 89]","[36, 84, 82, 40, 87, 90, 66, 32, 89]",[1],0.6678766455898271,0.03701375379715088,2.0,0,0,"[36, 84, 82, 40, 90, 66, 89]","[1, 87, 32]","[36, 84, 82, 40, 90, 66, 89]","[1, 87, 32]","[36, 84, 82, 40, 90, 66, 89]",[],"[87, 32]",[1],3,0.4264918863773346,"{""0"": 1.8914591073989868, ""1"": 1.9785611629486084, ""2"": 1.9625164270401}",1,0,"[84, 66]","[1, 36, 82, 40, 87, 90, 32, 89]","[84, 66]","[1, 36, 82, 40, 87, 90, 32, 89]","[84, 66]",[],"[36, 82, 40, 87, 90, 32, 89]",[1],"[84, 66]","[1, 36, 82, 40, 87, 90, 32, 89]","[84, 66]",[],"[36, 82, 40, 87, 90, 32, 89]",[1],2,0,7,1
245,10,5,"[3, 19, 51, 72, 92, 60, 98, 91, 63, 76]","[19, 51, 72, 92, 60, 98, 91, 63, 76]",[3],0.7187463057992884,0.14422440077165743,2.0,0,0,"[19, 51, 72, 92, 60, 98, 91, 63, 76]",[3],"[19, 51, 72, 92, 60, 98, 91, 63, 76]",[3],"[19, 51, 72, 92, 60, 98, 91, 63, 76]",[],[],[3],2,0.7075058817863464,"{""0"": 3.9839401245117188, ""1"": -1.0}",0,0,"[51, 72, 92, 60, 98, 91, 63, 76]","[3, 19]","[51, 72, 92, 60, 98, 91, 63, 76]","[3, 19]","[51, 72, 92, 60, 98, 91, 63, 76]",[],[19],[3],"[51, 72, 92, 60, 98, 91, 63, 76]","[3, 19]","[51, 72, 92, 60, 98, 91, 63, 76]",[],[19],[3],8,0,1,1
246,10,5,"[1, 94, 66, 86, 68, 73, 35, 77, 11, 22]","[94, 66, 86, 68, 73, 35, 77, 11, 22]",[1],0.6452794817466418,0.08947547128560107,2.0,0,0,"[94, 66, 86, 68, 35, 77, 11, 22]","[1, 73]","[94, 66, 86, 68, 35, 77, 11, 22]","[1, 73]","[94, 66, 86, 68, 35, 77, 11, 22]",[],[73],[1],2,0.2783186137676239,"{""0"": 2.8975443840026855, ""1"": 1.7228326797485352}",0,0,"[94, 66, 68, 35, 77, 11]","[1, 86, 73, 22]","[94, 66, 68, 35, 77, 11]","[1, 86, 73, 22]","[94, 66, 68, 35, 77, 11]",[],"[86, 73, 22]",[1],"[94, 66, 68, 35, 77, 11]","[1, 86, 73, 22]","[94, 66, 68, 35, 77, 11]",[],"[86, 73, 22]",[1],6,0,3,1
247,10,5,"[4, 56, 57, 22, 65, 63, 62, 33, 64, 69]","[56, 57, 22, 65, 63, 62, 33, 64, 69]",[4],0.6836683053517538,0.11321826129800239,2.0,0,0,"[56, 57, 22, 65, 63, 62, 33, 64, 69]",[4],"[56, 57, 22, 65, 63, 62, 33, 64, 69]",[4],"[56, 57, 22, 65, 63, 62, 33, 64, 69]",[],[],[4],2,0.37625086307525635,"{""0"": 1.4478919506072998, ""1"": -1.0}",0,0,"[56, 57, 22, 65, 63, 62, 33, 64]","[4, 69]","[56, 57, 22, 65, 63, 62, 33, 64]","[4, 69]","[56, 57, 22, 65, 63, 62, 33, 64]",[],[69],[4],"[56, 57, 22, 65, 63, 62, 33, 64]","[4, 69]","[56, 57, 22, 65, 63, 62, 33, 64]",[],[69],[4],8,0,1,1
248,10,5,"[3, 79, 11, 7, 38, 2, 57, 49, 91, 22]","[79, 11, 7, 38, 57, 49, 91, 22]","[3, 2]",0.7021348945147965,0.25829255278063656,2.0,0,0,"[79, 11, 7, 38, 57, 49, 91, 22]","[3, 2]","[79, 11, 7, 38, 57, 49, 91, 22]","[3, 2]","[79, 11, 7, 38, 57, 49, 91, 22]",[],[],"[3, 2]",2,0.7092907428741455,"{""0"": 3.7468926906585693, ""1"": -1.0}",0,0,"[79, 11, 7, 38, 57, 91, 22]","[3, 2, 49]","[79, 11, 7, 38, 57, 91, 22]","[3, 2, 49]","[79, 11, 7, 38, 57, 91, 22]",[],[49],"[3, 2]","[79, 11, 7, 38, 57, 91, 22]","[3, 2, 49]","[79, 11, 7, 38, 57, 91, 22]",[],[49],"[3, 2]",7,0,1,2
249,10,5,"[4, 49, 80, 41, 24, 96, 37, 13, 63, 29]","[49, 80, 41, 24, 96, 37, 13, 63, 29]",[4],0.7186508638084528,0.1711573353432146,2.0,0,0,"[49, 80, 41, 24, 96, 37, 13, 63, 29]",[4],"[49, 80, 41, 24, 96, 37, 13, 63, 29]",[4],"[49, 80, 41, 24, 96, 37, 13, 63, 29]",[],[],[4],2,0.5072764158248901,"{""0"": 2.7940664291381836, ""1"": 1.7869149446487427}",0,0,"[80, 41, 96, 37, 13, 63, 29]","[4, 49, 24]","[80, 41, 96, 37, 13, 63, 29]","[4, 49, 24]","[80, 41, 96, 37, 13, 63, 29]",[],"[49, 24]",[4],"[80, 41, 96, 37, 13, 63, 29]","[4, 49, 24]","[80, 41, 96, 37, 13, 63, 29]",[],"[49, 24]",[4],7,0,2,1
250,10,5,"[0, 86, 66, 7, 19, 3, 37, 34, 10, 91]","[86, 66, 7, 19, 37, 34, 10, 91]","[0, 3]",0.730491890091117,0.18551944738255344,2.0,0,0,"[86, 66, 7, 19, 37, 34, 10, 91]","[0, 3]","[86, 66, 7, 19, 37, 34, 10, 91]","[0, 3]","[86, 66, 7, 19, 37, 34, 10, 91]",[],[],"[0, 3]",2,0.6112120151519775,"{""0"": 3.029996395111084, ""1"": -1.0}",0,0,"[86, 66, 7, 37, 34, 10, 91]","[0, 19, 3]","[86, 66, 7, 37, 34, 10, 91]","[0, 19, 3]","[86, 66, 7, 37, 34, 10, 91]",[],[19],"[0, 3]","[86, 66, 7, 37, 34, 10, 91]","[0, 19, 3]","[86, 66, 7, 37, 34, 10, 91]",[],[19],"[0, 3]",7,0,1,2
251,10,5,"[0, 59, 14, 73, 9, 18, 77, 36, 32, 89]","[59, 14, 73, 9, 18, 77, 36, 32, 89]",[0],0.8273889623891347,0.1272915229497284,2.0,0,0,"[59, 14, 73, 9, 18, 77, 36, 32, 89]",[0],"[59, 14, 73, 9, 18, 77, 36, 32, 89]",[0],"[59, 14, 73, 9, 18, 77, 36, 32, 89]",[],[],[0],2,0.5295957922935486,"{""0"": 2.4781172275543213, ""1"": -1.0}",0,0,"[59, 14, 9, 18, 77, 36, 32, 89]","[0, 73]","[59, 14, 9, 18, 77, 36, 32, 89]","[0, 73]","[59, 14, 9, 18, 77, 36, 32, 89]",[],[73],[0],"[59, 14, 9, 18, 77, 36, 32, 89]","[0, 73]","[59, 14, 9, 18, 77, 36, 32, 89]",[],[73],[0],8,0,1,1
252,10,5,"[1, 59, 8, 24, 55, 47, 57, 68, 13, 38]","[59, 8, 24, 55, 47, 57, 68, 13, 38]",[1],0.795714691103723,0.127526932215128,2.0,0,0,"[59, 8, 24, 55, 57, 68, 13, 38]","[1, 47]","[59, 8, 24, 55, 57, 68, 13, 38]","[1, 47]","[59, 8, 24, 55, 57, 68, 13, 38]",[],[47],[1],4,0.34327951073646545,"{""0"": 3.4123973846435547, ""1"": 1.8868820667266846, ""2"": -1.0, ""3"": -1.0}",0,0,"[55, 57, 68, 13]","[1, 59, 8, 24, 47, 38]","[55, 57, 68, 13]","[1, 59, 8, 24, 47, 38]","[55, 57, 68, 13]",[],"[59, 8, 24, 47, 38]",[1],"[55, 57, 68, 13]","[1, 59, 8, 24, 47, 38]","[55, 57, 68, 13]",[],"[59, 8, 24, 47, 38]",[1],4,0,5,1
253,10,5,"[4, 51, 29, 46, 41, 3, 11, 75, 27, 48]","[51, 29, 46, 41, 11, 75, 27, 48]","[4, 3]",0.8967051918462459,0.19956808667745018,2.0,0,0,"[51, 29, 46, 41, 11, 75, 27, 48]","[4, 3]","[51, 29, 46, 41, 11, 75, 27, 48]","[4, 3]","[51, 29, 46, 41, 11, 75, 27, 48]",[],[],"[4, 3]",2,0.7631056308746338,"{""0"": 4.802199363708496, ""1"": -1.0}",0,0,"[51, 29, 46, 41, 11, 75, 27]","[4, 3, 48]","[51, 29, 46, 41, 11, 75, 27]","[4, 3, 48]","[51, 29, 46, 41, 11, 75, 27]",[],[48],"[4, 3]","[51, 29, 46, 41, 11, 75, 27]","[4, 3, 48]","[51, 29, 46, 41, 11, 75, 27]",[],[48],"[4, 3]",7,0,1,2
254,10,5,"[1, 9, 85, 11, 4, 15, 93, 42, 66, 39]","[9, 85, 11, 15, 93, 42, 66, 39]","[1, 4]",0.6966695621245611,0.23066495369085693,2.0,0,0,"[9, 85, 11, 15, 93, 42, 66, 39]","[1, 4]","[9, 85, 11, 15, 93, 42, 66, 39]","[1, 4]","[9, 85, 11, 15, 93, 42, 66, 39]",[],[],"[1, 4]",2,0.44784340262413025,"{""0"": 2.185028553009033, ""1"": 2.8648242950439453}",1,0,"[11, 15, 42, 66, 39]","[1, 9, 85, 4, 93]","[11, 15, 42, 66, 39]","[1, 9, 85, 4, 93]","[11, 15, 42, 66, 39]",[],"[9, 85, 93]","[1, 4]","[11, 15, 42, 66, 39]","[1, 9, 85, 4, 93]","[11, 15, 42, 66, 39]",[],"[9, 85, 93]","[1, 4]",5,0,3,2
255,10,5,"[2, 51, 57, 29, 12, 62, 8, 89, 6, 93]","[51, 57, 29, 12, 62, 8, 89, 6, 93]",[2],0.7322427988657759,0.04948433928037521,2.0,0,0,"[51, 29, 12, 8, 89, 6]","[2, 57, 62, 93]","[51, 29, 12, 8, 89, 6]","[2, 57, 62, 93]","[51, 29, 12, 8, 89, 6]",[],"[57, 62, 93]",[2],2,0.40225329995155334,"{""0"": 2.8633129596710205, ""1"": -1.0}",0,0,"[51, 29, 12, 89, 6]","[2, 57, 62, 8, 93]","[51, 29, 12, 89, 6]","[2, 57, 62, 8, 93]","[51, 29, 12, 89, 6]",[],"[57, 62, 8, 93]",[2],"[51, 29, 12, 89, 6]","[2, 57, 62, 8, 93]","[51, 29, 12, 89, 6]",[],"[57, 62, 8, 93]",[2],5,0,4,1
256,10,5,"[0, 86, 89, 60, 36, 73, 25, 12, 58, 47]","[86, 89, 60, 36, 73, 25, 12, 58, 47]",[0],0.6554920106399595,0.08698880980397106,2.0,0,0,"[86, 89, 60, 36, 25, 12, 58]","[0, 73, 47]","[86, 89, 60, 36, 25, 12, 58]","[0, 73, 47]","[86, 89, 60, 36, 25, 12, 58]",[],"[73, 47]",[0],2,0.6250466108322144,"{""0"": 4.184650897979736, ""1"": 1.936967372894287}",0,0,"[86, 89, 60, 12, 58]","[0, 36, 73, 25, 47]","[86, 89, 60, 12, 58]","[0, 36, 73, 25, 47]","[86, 89, 60, 12, 58]",[],"[36, 73, 25, 47]",[0],"[86, 89, 60, 12, 58]","[0, 36, 73, 25, 47]","[86, 89, 60, 12, 58]",[],"[36, 73, 25, 47]",[0],5,0,4,1
257,10,5,"[3, 4, 64, 30, 0, 24, 14, 91, 90, 57]","[64, 30, 24, 14, 91, 90, 57]","[3, 4, 0]",0.8406381686319226,0.2102502579578172,2.0,0,0,"[64, 30, 24, 14, 91, 90, 57]","[3, 4, 0]","[64, 30, 24, 14, 91, 90, 57]","[3, 4, 0]","[64, 30, 24, 14, 91, 90, 57]",[],[],"[3, 4, 0]",2,0.5500757098197937,"{""0"": 5.349887371063232, ""1"": -1.0}",0,0,"[64, 24, 14, 91, 90, 57]","[3, 4, 30, 0]","[64, 24, 14, 91, 90, 57]","[3, 4, 30, 0]","[64, 24, 14, 91, 90, 57]",[],[30],"[3, 4, 0]","[64, 24, 14, 91, 90, 57]","[3, 4, 30, 0]","[64, 24, 14, 91, 90, 57]",[],[30],"[3, 4, 0]",6,0,1,3
258,10,5,"[1, 59, 28, 31, 77, 62, 82, 85, 6, 11]","[59, 28, 31, 77, 62, 82, 85, 6, 11]",[1],0.819204215561927,0.046336127353833245,2.0,0,0,"[59, 77, 62, 82, 85, 11]","[1, 28, 31, 6]","[59, 77, 62, 82, 85, 11]","[1, 28, 31, 6]","[59, 77, 62, 82, 85, 11]",[],"[28, 31, 6]",[1],3,0.4248633086681366,"{""0"": 2.8729305267333984, ""1"": -1.0, ""2"": -1.0}",0,0,"[59, 77, 82, 11]","[1, 28, 31, 62, 85, 6]","[59, 77, 82, 11]","[1, 28, 31, 62, 85, 6]","[59, 77, 82, 11]",[],"[28, 31, 62, 85, 6]",[1],"[59, 77, 82, 11]","[1, 28, 31, 62, 85, 6]","[59, 77, 82, 11]",[],"[28, 31, 62, 85, 6]",[1],4,0,5,1
259,10,5,"[0, 13, 85, 38, 73, 22, 53, 21, 10, 71]","[13, 85, 38, 73, 22, 53, 21, 10, 71]",[0],0.7503600293238093,0.1546672525960871,2.0,0,0,"[13, 85, 38, 73, 22, 53, 21, 10, 71]",[0],"[13, 85, 38, 73, 22, 53, 21, 10, 71]",[0],"[13, 85, 38, 73, 22, 53, 21, 10, 71]",[],[],[0],4,0.5616738796234131,"{""0"": 3.384769916534424, ""1"": 1.995801329612732, ""2"": 1.8033206462860107, ""3"": -1.0}",0,0,"[38, 22, 53, 21]","[0, 13, 85, 73, 10, 71]","[38, 22, 53, 21]","[0, 13, 85, 73, 10, 71]","[38, 22, 53, 21]",[],"[13, 85, 73, 10, 71]",[0],"[38, 22, 53, 21]","[0, 13, 85, 73, 10, 71]","[38, 22, 53, 21]",[],"[13, 85, 73, 10, 71]",[0],4,0,5,1
260,10,5,"[4, 21, 93, 87, 34, 1, 0, 54, 10, 27]","[21, 93, 87, 34, 54, 10, 27]","[4, 1, 0]",0.6188352496596422,0.18286978784145097,2.0,0,0,"[21, 93, 87, 34, 54, 10, 27]","[4, 1, 0]","[21, 93, 87, 34, 54, 10, 27]","[4, 1, 0]","[21, 93, 87, 34, 54, 10, 27]",[],[],"[4, 1, 0]",2,0.6515355706214905,"{""0"": 4.833078384399414, ""1"": -1.0}",0,0,"[21, 93, 87, 34, 10, 27]","[4, 1, 0, 54]","[21, 93, 87, 34, 10, 27]","[4, 1, 0, 54]","[21, 93, 87, 34, 10, 27]",[],[54],"[4, 1, 0]","[21, 93, 87, 34, 10, 27]","[4, 1, 0, 54]","[21, 93, 87, 34, 10, 27]",[],[54],"[4, 1, 0]",6,0,1,3
261,10,5,"[4, 49, 43, 35, 89, 76, 55, 52, 7, 22]","[49, 43, 35, 89, 76, 55, 52, 7, 22]",[4],0.7692306449908259,0.10478328931019132,2.0,0,0,"[49, 43, 35, 89, 76, 55, 52, 7, 22]",[4],"[49, 43, 35, 89, 76, 55, 52, 7, 22]",[4],"[49, 43, 35, 89, 76, 55, 52, 7, 22]",[],[],[4],2,0.5886597633361816,"{""0"": 1.8827489614486694, ""1"": -1.0}",0,0,"[43, 35, 89, 76, 55, 52, 7, 22]","[4, 49]","[43, 35, 89, 76, 55, 52, 7, 22]","[4, 49]","[43, 35, 89, 76, 55, 52, 7, 22]",[],[49],[4],"[43, 35, 89, 76, 55, 52, 7, 22]","[4, 49]","[43, 35, 89, 76, 55, 52, 7, 22]",[],[49],[4],8,0,1,1
262,10,5,"[2, 11, 35, 32, 44, 70, 93, 6, 36, 61]","[11, 35, 32, 44, 70, 93, 6, 36, 61]",[2],0.7029120544086768,0.0984172111838802,2.0,0,0,"[11, 35, 32, 44, 70, 93, 6, 36, 61]",[2],"[11, 35, 32, 44, 70, 93, 6, 36, 61]",[2],"[11, 35, 32, 44, 70, 93, 6, 36, 61]",[],[],[2],2,0.539211630821228,"{""0"": 0.9266535043716431, ""1"": -1.0}",0,0,"[11, 35, 44, 70, 93, 6, 36, 61]","[2, 32]","[11, 35, 44, 70, 93, 6, 36, 61]","[2, 32]","[11, 35, 44, 70, 93, 6, 36, 61]",[],[32],[2],"[11, 35, 44, 70, 93, 6, 36, 61]","[2, 32]","[11, 35, 44, 70, 93, 6, 36, 61]",[],[32],[2],8,0,1,1
263,10,5,"[0, 9, 72, 92, 4, 5, 39, 44, 7, 11]","[9, 72, 92, 5, 39, 44, 7, 11]","[0, 4]",0.7418566389406469,0.09086000521527043,2.0,0,0,"[9, 72, 92, 5, 39, 44, 7, 11]","[0, 4]","[9, 72, 92, 5, 39, 44, 7, 11]","[0, 4]","[9, 72, 92, 5, 39, 44, 7, 11]",[],[],"[0, 4]",2,0.5186861753463745,"{""0"": 1.5769286155700684, ""1"": 2.936840772628784}",1,0,"[9, 72, 92, 5, 39, 44]","[0, 4, 7, 11]","[9, 72, 92, 5, 39, 44]","[0, 4, 7, 11]","[9, 72, 92, 5, 39, 44]",[],"[7, 11]","[0, 4]","[9, 72, 92, 5, 39, 44]","[0, 4, 7, 11]","[9, 72, 92, 5, 39, 44]",[],"[7, 11]","[0, 4]",6,0,2,2
264,10,5,"[2, 96, 32, 9, 91, 15, 74, 42, 79, 81]","[96, 32, 9, 91, 15, 74, 42, 79, 81]",[2],0.781174340267258,0.13995319080401253,2.0,0,0,"[96, 32, 9, 91, 15, 74, 42, 79, 81]",[2],"[96, 32, 9, 91, 15, 74, 42, 79, 81]",[2],"[96, 32, 9, 91, 15, 74, 42, 79, 81]",[],[],[2],3,0.4198201596736908,"{""0"": 3.170145273208618, ""1"": -1.0, ""2"": -1.0}",0,0,"[96, 32, 9, 91, 15, 74, 81]","[2, 42, 79]","[96, 32, 9, 91, 15, 74, 81]","[2, 42, 79]","[96, 32, 9, 91, 15, 74, 81]",[],"[42, 79]",[2],"[96, 32, 9, 91, 15, 74, 81]","[2, 42, 79]","[96, 32, 9, 91, 15, 74, 81]",[],"[42, 79]",[2],7,0,2,1
265,10,5,"[3, 8, 20, 62, 52, 77, 25, 90, 36, 97]","[8, 20, 62, 52, 77, 25, 90, 36, 97]",[3],1.002398796288648,0.2760476831294689,2.0,0,0,"[8, 20, 62, 52, 77, 25, 90, 36, 97]",[3],"[8, 20, 62, 52, 77, 25, 90, 36, 97]",[3],"[8, 20, 62, 52, 77, 25, 90, 36, 97]",[],[],[3],3,0.5708392262458801,"{""0"": 2.988351345062256, ""1"": -1.0, ""2"": -1.0}",0,0,"[8, 20, 52, 77, 25, 90, 36]","[3, 62, 97]","[8, 20, 52, 77, 25, 90, 36]","[3, 62, 97]","[8, 20, 52, 77, 25, 90, 36]",[],"[62, 97]",[3],"[8, 20, 52, 77, 25, 90, 36]","[3, 62, 97]","[8, 20, 52, 77, 25, 90, 36]",[],"[62, 97]",[3],7,0,2,1
266,10,5,"[3, 63, 78, 56, 54, 7, 42, 33, 65, 43]","[63, 78, 56, 54, 7, 42, 33, 65, 43]",[3],0.8244956485077486,0.10951024415424992,2.0,0,0,"[63, 78, 56, 7, 42, 33, 65, 43]","[3, 54]","[63, 78, 56, 7, 42, 33, 65, 43]","[3, 54]","[63, 78, 56, 7, 42, 33, 65, 43]",[],[54],[3],2,0.553451657295227,"{""0"": 4.897302627563477, ""1"": -1.0}",0,0,"[63, 78, 56, 7, 33, 65, 43]","[3, 54, 42]","[63, 78, 56, 7, 33, 65, 43]","[3, 54, 42]","[63, 78, 56, 7, 33, 65, 43]",[],"[54, 42]",[3],"[63, 78, 56, 7, 33, 65, 43]","[3, 54, 42]","[63, 78, 56, 7, 33, 65, 43]",[],"[54, 42]",[3],7,0,2,1
267,10,5,"[3, 20, 41, 61, 45, 1, 35, 22, 23, 40]","[20, 41, 61, 45, 35, 22, 23, 40]","[3, 1]",0.6499022379349773,0.1866166216608205,2.0,0,0,"[20, 41, 61, 45, 35, 22, 23, 40]","[3, 1]","[20, 41, 61, 45, 35, 22, 23, 40]","[3, 1]","[20, 41, 61, 45, 35, 22, 23, 40]",[],[],"[3, 1]",2,0.34772977232933044,"{""0"": 1.912429690361023, ""1"": 1.4681944847106934}",0,0,"[20, 41, 40]","[3, 61, 45, 1, 35, 22, 23]","[20, 41, 40]","[3, 61, 45, 1, 35, 22, 23]","[20, 41, 40]",[],"[61, 45, 35, 22, 23]","[3, 1]","[20, 41, 40]","[3, 61, 45, 1, 35, 22, 23]","[20, 41, 40]",[],"[61, 45, 35, 22, 23]","[3, 1]",3,0,5,2
268,10,5,"[3, 34, 97, 8, 50, 76, 85, 96, 89, 65]","[34, 97, 8, 50, 76, 85, 96, 89, 65]",[3],0.6606788296727096,0.14671099868419277,2.0,0,0,"[34, 97, 8, 50, 76, 85, 96, 89, 65]",[3],"[34, 97, 8, 50, 76, 85, 96, 89, 65]",[3],"[34, 97, 8, 50, 76, 85, 96, 89, 65]",[],[],[3],2,0.5239953994750977,"{""0"": 1.3321934938430786, ""1"": 3.369304656982422}",1,0,"[34, 8, 50, 76, 96, 89, 65]","[3, 97, 85]","[34, 8, 50, 76, 96, 89, 65]","[3, 97, 85]","[34, 8, 50, 76, 96, 89, 65]",[],"[97, 85]",[3],"[34, 8, 50, 76, 96, 89, 65]","[3, 97, 85]","[34, 8, 50, 76, 96, 89, 65]",[],"[97, 85]",[3],7,0,2,1
269,10,5,"[3, 97, 15, 94, 98, 63, 44, 34, 14, 95]","[97, 15, 94, 98, 63, 44, 34, 14, 95]",[3],0.646289135870995,0.1267926253322642,2.0,0,0,"[15, 94, 98, 63, 44, 34, 14, 95]","[3, 97]","[15, 94, 98, 63, 44, 34, 14, 95]","[3, 97]","[15, 94, 98, 63, 44, 34, 14, 95]",[],[97],[3],2,0.5230514407157898,"{""0"": 3.1006059646606445, ""1"": -1.0}",0,0,"[15, 94, 98, 63, 44, 34, 14]","[3, 97, 95]","[15, 94, 98, 63, 44, 34, 14]","[3, 97, 95]","[15, 94, 98, 63, 44, 34, 14]",[],"[97, 95]",[3],"[15, 94, 98, 63, 44, 34, 14]","[3, 97, 95]","[15, 94, 98, 63, 44, 34, 14]",[],"[97, 95]",[3],7,0,2,1
270,10,5,"[4, 21, 64, 14, 15, 39, 72, 13, 49, 8]","[21, 64, 14, 15, 39, 72, 13, 49, 8]",[4],0.6671559899757408,0.08376619779658451,2.0,0,0,"[21, 64, 15, 39, 13, 49, 8]","[4, 14, 72]","[21, 64, 15, 39, 13, 49, 8]","[4, 14, 72]","[21, 64, 15, 39, 13, 49, 8]",[],"[14, 72]",[4],2,0.46392711997032166,"{""0"": 3.1357855796813965, ""1"": -1.0}",0,0,"[21, 64, 15, 13, 49, 8]","[4, 14, 39, 72]","[21, 64, 15, 13, 49, 8]","[4, 14, 39, 72]","[21, 64, 15, 13, 49, 8]",[],"[14, 39, 72]",[4],"[21, 64, 15, 13, 49, 8]","[4, 14, 39, 72]","[21, 64, 15, 13, 49, 8]",[],"[14, 39, 72]",[4],6,0,3,1
271,10,5,"[2, 72, 3, 10, 73, 64, 86, 43, 46, 63]","[72, 10, 73, 64, 86, 43, 46, 63]","[2, 3]",0.7919303452624864,0.11381165992679104,2.0,0,0,"[72, 10, 73, 64, 86, 43, 46, 63]","[2, 3]","[72, 10, 73, 64, 86, 43, 46, 63]","[2, 3]","[72, 10, 73, 64, 86, 43, 46, 63]",[],[],"[2, 3]",3,0.3919547498226166,"{""0"": 2.3311636447906494, ""1"": 2.5096378326416016, ""2"": 1.8224955797195435}",1,0,"[10, 73, 43]","[2, 72, 3, 64, 86, 46, 63]","[10, 73, 43]","[2, 72, 3, 64, 86, 46, 63]","[10, 73, 43]",[],"[72, 64, 86, 46, 63]","[2, 3]","[10, 73, 43]","[2, 72, 3, 64, 86, 46, 63]","[10, 73, 43]",[],"[72, 64, 86, 46, 63]","[2, 3]",3,0,5,2
272,10,5,"[0, 72, 22, 52, 63, 95, 71, 49, 42, 6]","[72, 22, 52, 63, 95, 71, 49, 42, 6]",[0],0.8623955043180311,0.12686028637094032,2.0,0,0,"[72, 22, 52, 63, 71, 49, 42, 6]","[0, 95]","[72, 22, 52, 63, 71, 49, 42, 6]","[0, 95]","[72, 22, 52, 63, 71, 49, 42, 6]",[],[95],[0],2,0.4640839397907257,"{""0"": 4.094923973083496, ""1"": -1.0}",0,0,"[72, 22, 52, 63, 49, 42, 6]","[0, 95, 71]","[72, 22, 52, 63, 49, 42, 6]","[0, 95, 71]","[72, 22, 52, 63, 49, 42, 6]",[],"[95, 71]",[0],"[72, 22, 52, 63, 49, 42, 6]","[0, 95, 71]","[72, 22, 52, 63, 49, 42, 6]",[],"[95, 71]",[0],7,0,2,1
273,10,5,"[2, 35, 94, 38, 12, 39, 36, 96, 18, 80]","[35, 94, 38, 12, 39, 36, 96, 18, 80]",[2],0.7436016570298181,0.03773964295512283,2.0,0,0,"[35, 94, 38, 36, 96, 18, 80]","[2, 12, 39]","[35, 94, 38, 36, 96, 18, 80]","[2, 12, 39]","[35, 94, 38, 36, 96, 18, 80]",[],"[12, 39]",[2],2,0.3462592661380768,"{""0"": 1.3324748277664185, ""1"": -1.0}",0,0,"[35, 94, 38, 36, 96, 18]","[2, 12, 39, 80]","[35, 94, 38, 36, 96, 18]","[2, 12, 39, 80]","[35, 94, 38, 36, 96, 18]",[],"[12, 39, 80]",[2],"[35, 94, 38, 36, 96, 18]","[2, 12, 39, 80]","[35, 94, 38, 36, 96, 18]",[],"[12, 39, 80]",[2],6,0,3,1
274,10,5,"[2, 99, 19, 96, 52, 64, 81, 3, 68, 69]","[99, 19, 96, 52, 64, 81, 68, 69]","[2, 3]",0.8427331844045319,0.22822208383913184,2.0,0,0,"[99, 19, 96, 52, 64, 81, 68, 69]","[2, 3]","[99, 19, 96, 52, 64, 81, 68, 69]","[2, 3]","[99, 19, 96, 52, 64, 81, 68, 69]",[],[],"[2, 3]",2,0.563949465751648,"{""0"": 2.049163818359375, ""1"": 1.9408726692199707}",0,0,"[99, 96, 52, 64, 81, 68]","[2, 19, 3, 69]","[99, 96, 52, 64, 81, 68]","[2, 19, 3, 69]","[99, 96, 52, 64, 81, 68]",[],"[19, 69]","[2, 3]","[99, 96, 52, 64, 81, 68]","[2, 19, 3, 69]","[99, 96, 52, 64, 81, 68]",[],"[19, 69]","[2, 3]",6,0,2,2
275,10,5,"[0, 90, 45, 6, 9, 43, 16, 30, 57, 86]","[90, 45, 6, 9, 43, 16, 30, 57, 86]",[0],0.6614345325894975,0.09645622999254971,2.0,0,0,"[90, 45, 6, 9, 43, 16, 30, 57, 86]",[0],"[90, 45, 6, 9, 43, 16, 30, 57, 86]",[0],"[90, 45, 6, 9, 43, 16, 30, 57, 86]",[],[],[0],2,0.31339097023010254,"{""0"": 1.1550564765930176, ""1"": 3.701162815093994}",1,0,"[90, 45, 6, 9, 16, 57, 86]","[0, 43, 30]","[90, 45, 6, 9, 16, 57, 86]","[0, 43, 30]","[90, 45, 6, 9, 16, 57, 86]",[],"[43, 30]",[0],"[90, 45, 6, 9, 16, 57, 86]","[0, 43, 30]","[90, 45, 6, 9, 16, 57, 86]",[],"[43, 30]",[0],7,0,2,1
276,10,5,"[4, 85, 54, 99, 23, 53, 66, 33, 80, 57]","[85, 54, 99, 23, 53, 66, 33, 80, 57]",[4],0.717496652913568,0.11276977099138064,2.0,0,0,"[85, 99, 23, 53, 66, 33, 80, 57]","[4, 54]","[85, 99, 23, 53, 66, 33, 80, 57]","[4, 54]","[85, 99, 23, 53, 66, 33, 80, 57]",[],[54],[4],2,0.470120370388031,"{""0"": 0.4614487886428833, ""1"": -1.0}",0,0,"[85, 99, 53, 66, 33, 80, 57]","[4, 54, 23]","[85, 99, 53, 66, 33, 80, 57]","[4, 54, 23]","[85, 99, 53, 66, 33, 80, 57]",[],"[54, 23]",[4],"[85, 99, 53, 66, 33, 80, 57]","[4, 54, 23]","[85, 99, 53, 66, 33, 80, 57]",[],"[54, 23]",[4],7,0,2,1
277,10,5,"[0, 38, 19, 33, 9, 53, 93, 73, 86, 65]","[38, 19, 33, 9, 53, 93, 73, 86, 65]",[0],0.7439942311848868,0.09448137137905804,2.0,0,0,"[38, 19, 33, 9, 53, 93, 86, 65]","[0, 73]","[38, 19, 33, 9, 53, 93, 86, 65]","[0, 73]","[38, 19, 33, 9, 53, 93, 86, 65]",[],[73],[0],2,0.7207307815551758,"{""0"": 5.886813640594482, ""1"": -1.0}",0,0,"[38, 33, 9, 53, 93, 86, 65]","[0, 19, 73]","[38, 33, 9, 53, 93, 86, 65]","[0, 19, 73]","[38, 33, 9, 53, 93, 86, 65]",[],"[19, 73]",[0],"[38, 33, 9, 53, 93, 86, 65]","[0, 19, 73]","[38, 33, 9, 53, 93, 86, 65]",[],"[19, 73]",[0],7,0,2,1
278,10,5,"[0, 38, 20, 1, 57, 49, 85, 69, 11, 84]","[38, 20, 57, 49, 85, 69, 11, 84]","[0, 1]",0.7394602611709853,0.10270233667881734,2.0,0,0,"[38, 20, 57, 49, 85, 69, 11, 84]","[0, 1]","[38, 20, 57, 49, 85, 69, 11, 84]","[0, 1]","[38, 20, 57, 49, 85, 69, 11, 84]",[],[],"[0, 1]",3,0.3741518557071686,"{""0"": 2.727320671081543, ""1"": 1.8963696956634521, ""2"": -1.0}",0,0,"[38, 20, 57, 85, 69]","[0, 1, 49, 11, 84]","[38, 20, 57, 85, 69]","[0, 1, 49, 11, 84]","[38, 20, 57, 85, 69]",[],"[49, 11, 84]","[0, 1]","[38, 20, 57, 85, 69]","[0, 1, 49, 11, 84]","[38, 20, 57, 85, 69]",[],"[49, 11, 84]","[0, 1]",5,0,3,2
279,10,5,"[0, 6, 55, 69, 10, 34, 29, 47, 74, 61]","[6, 55, 69, 10, 34, 29, 47, 74, 61]",[0],0.8475131629399522,0.15406397848037245,2.0,0,0,"[6, 55, 69, 10, 34, 29, 74, 61]","[0, 47]","[6, 55, 69, 10, 34, 29, 74, 61]","[0, 47]","[6, 55, 69, 10, 34, 29, 74, 61]",[],[47],[0],2,0.5386265516281128,"{""0"": 3.1172633171081543, ""1"": -1.0}",0,0,"[6, 55, 69, 34, 29, 74, 61]","[0, 10, 47]","[6, 55, 69, 34, 29, 74, 61]","[0, 10, 47]","[6, 55, 69, 34, 29, 74, 61]",[],"[10, 47]",[0],"[6, 55, 69, 34, 29, 74, 61]","[0, 10, 47]","[6, 55, 69, 34, 29, 74, 61]",[],"[10, 47]",[0],7,0,2,1
280,10,5,"[1, 86, 29, 77, 96, 84, 60, 51, 53, 95]","[86, 29, 77, 96, 84, 60, 51, 53, 95]",[1],0.5927168900739999,0.07906304087737748,2.0,0,0,"[86, 29, 77, 96, 84, 51, 53]","[1, 60, 95]","[86, 29, 77, 96, 84, 51, 53]","[1, 60, 95]","[86, 29, 77, 96, 84, 51, 53]",[],"[60, 95]",[1],3,0.5444678068161011,"{""0"": 1.9320662021636963, ""1"": 2.8472578525543213, ""2"": 1.9399983882904053}",1,0,"[77, 84, 51]","[1, 86, 29, 96, 60, 53, 95]","[77, 84, 51]","[1, 86, 29, 96, 60, 53, 95]","[77, 84, 51]",[],"[86, 29, 96, 60, 53, 95]",[1],"[77, 84, 51]","[1, 86, 29, 96, 60, 53, 95]","[77, 84, 51]",[],"[86, 29, 96, 60, 53, 95]",[1],3,0,6,1
281,10,5,"[0, 88, 7, 41, 33, 16, 59, 11, 42, 5]","[88, 7, 41, 33, 16, 59, 11, 42, 5]",[0],0.8240159963876662,0.11926321544402313,2.0,0,0,"[7, 41, 33, 16, 59, 11, 42, 5]","[0, 88]","[7, 41, 33, 16, 59, 11, 42, 5]","[0, 88]","[7, 41, 33, 16, 59, 11, 42, 5]",[],[88],[0],2,0.5845652222633362,"{""0"": 3.834202766418457, ""1"": -1.0}",0,0,"[7, 41, 33, 16, 59, 11, 5]","[0, 88, 42]","[7, 41, 33, 16, 59, 11, 5]","[0, 88, 42]","[7, 41, 33, 16, 59, 11, 5]",[],"[88, 42]",[0],"[7, 41, 33, 16, 59, 11, 5]","[0, 88, 42]","[7, 41, 33, 16, 59, 11, 5]",[],"[88, 42]",[0],7,0,2,1
282,10,5,"[0, 64, 56, 2, 11, 89, 59, 45, 97, 15]","[64, 56, 11, 89, 59, 45, 97, 15]","[0, 2]",0.8608769420186048,0.20063283552102967,2.0,0,0,"[64, 56, 11, 89, 59, 45, 15]","[0, 2, 97]","[64, 56, 11, 89, 59, 45, 15]","[0, 2, 97]","[64, 56, 11, 89, 59, 45, 15]",[],[97],"[0, 2]",3,0.5075803995132446,"{""0"": 1.4280531406402588, ""1"": 2.920078992843628, ""2"": 1.7939043045043945}",1,0,"[64, 11, 89]","[0, 56, 2, 59, 45, 97, 15]","[64, 11, 89]","[0, 56, 2, 59, 45, 97, 15]","[64, 11, 89]",[],"[56, 59, 45, 97, 15]","[0, 2]","[64, 11, 89]","[0, 56, 2, 59, 45, 97, 15]","[64, 11, 89]",[],"[56, 59, 45, 97, 15]","[0, 2]",3,0,5,2
283,10,5,"[4, 0, 58, 61, 71, 33, 23, 65, 37, 48]","[58, 61, 71, 33, 23, 65, 37, 48]","[4, 0]",0.8270210068028103,0.1720448865115417,2.0,0,0,"[58, 61, 71, 33, 23, 65, 37, 48]","[4, 0]","[58, 61, 71, 33, 23, 65, 37, 48]","[4, 0]","[58, 61, 71, 33, 23, 65, 37, 48]",[],[],"[4, 0]",3,0.6548876762390137,"{""0"": 4.156378746032715, ""1"": -1.0, ""2"": 1.992903232574463}",0,0,"[58, 71, 33, 23, 65]","[4, 0, 61, 37, 48]","[58, 71, 33, 23, 65]","[4, 0, 61, 37, 48]","[58, 71, 33, 23, 65]",[],"[61, 37, 48]","[4, 0]","[58, 71, 33, 23, 65]","[4, 0, 61, 37, 48]","[58, 71, 33, 23, 65]",[],"[61, 37, 48]","[4, 0]",5,0,3,2
284,10,5,"[2, 59, 56, 14, 68, 81, 55, 62, 6, 63]","[59, 56, 14, 68, 81, 55, 62, 6, 63]",[2],0.8922762718967266,0.1536369436274056,2.0,0,0,"[59, 56, 14, 68, 81, 55, 62, 6, 63]",[2],"[59, 56, 14, 68, 81, 55, 62, 6, 63]",[2],"[59, 56, 14, 68, 81, 55, 62, 6, 63]",[],[],[2],3,0.6463602781295776,"{""0"": 4.126097679138184, ""1"": 2.9603869915008545, ""2"": -1.0}",0,0,"[56, 14, 55, 6, 63]","[2, 59, 68, 81, 62]","[56, 14, 55, 6, 63]","[2, 59, 68, 81, 62]","[56, 14, 55, 6, 63]",[],"[59, 68, 81, 62]",[2],"[56, 14, 55, 6, 63]","[2, 59, 68, 81, 62]","[56, 14, 55, 6, 63]",[],"[59, 68, 81, 62]",[2],5,0,4,1
285,10,5,"[1, 89, 12, 78, 93, 21, 23, 71, 98, 30]","[89, 12, 78, 93, 21, 23, 71, 98, 30]",[1],0.5986787598624905,0.08508851099456449,2.0,0,0,"[89, 12, 78, 93, 21, 23, 98, 30]","[1, 71]","[89, 12, 78, 93, 21, 23, 98, 30]","[1, 71]","[89, 12, 78, 93, 21, 23, 98, 30]",[],[71],[1],2,0.3822375535964966,"{""0"": 1.9726437330245972, ""1"": 2.6566317081451416}",1,0,"[78, 21, 30]","[1, 89, 12, 93, 23, 71, 98]","[78, 21, 30]","[1, 89, 12, 93, 23, 71, 98]","[78, 21, 30]",[],"[89, 12, 93, 23, 71, 98]",[1],"[78, 21, 30]","[1, 89, 12, 93, 23, 71, 98]","[78, 21, 30]",[],"[89, 12, 93, 23, 71, 98]",[1],3,0,6,1
286,10,5,"[2, 76, 16, 34, 27, 1, 82, 20, 15, 47]","[76, 16, 34, 27, 82, 20, 15, 47]","[2, 1]",0.6882581071978835,0.1168869468573368,2.0,0,0,"[76, 16, 34, 27, 82, 20, 15, 47]","[2, 1]","[76, 16, 34, 27, 82, 20, 15, 47]","[2, 1]","[76, 16, 34, 27, 82, 20, 15, 47]",[],[],"[2, 1]",3,0.3033478856086731,"{""0"": 0.7810983657836914, ""1"": 1.5352787971496582, ""2"": -1.0}",1,0,"[27, 82]","[2, 76, 16, 34, 1, 20, 15, 47]","[27, 82]","[2, 76, 16, 34, 1, 20, 15, 47]","[27, 82]",[],"[76, 16, 34, 20, 15, 47]","[2, 1]","[27, 82]","[2, 76, 16, 34, 1, 20, 15, 47]","[27, 82]",[],"[76, 16, 34, 20, 15, 47]","[2, 1]",2,0,6,2
287,10,5,"[1, 58, 23, 96, 47, 80, 63, 69, 29, 26]","[58, 23, 96, 47, 80, 63, 69, 29, 26]",[1],0.7982446093788111,0.1434004813184216,2.0,0,0,"[58, 23, 96, 80, 63, 69, 29, 26]","[1, 47]","[58, 23, 96, 80, 63, 69, 29, 26]","[1, 47]","[58, 23, 96, 80, 63, 69, 29, 26]",[],[47],[1],2,0.4589793086051941,"{""0"": 1.9308446645736694, ""1"": -1.0}",0,0,"[58, 23, 96, 80, 63, 29, 26]","[1, 47, 69]","[58, 23, 96, 80, 63, 29, 26]","[1, 47, 69]","[58, 23, 96, 80, 63, 29, 26]",[],"[47, 69]",[1],"[58, 23, 96, 80, 63, 29, 26]","[1, 47, 69]","[58, 23, 96, 80, 63, 29, 26]",[],"[47, 69]",[1],7,0,2,1
288,10,5,"[3, 60, 36, 89, 7, 68, 87, 74, 14, 22]","[60, 36, 89, 7, 68, 87, 74, 14, 22]",[3],0.6315299299135082,0.14882698951110385,2.0,0,0,"[36, 89, 7, 68, 87, 74, 14, 22]","[3, 60]","[36, 89, 7, 68, 87, 74, 14, 22]","[3, 60]","[36, 89, 7, 68, 87, 74, 14, 22]",[],[60],[3],2,0.6576502919197083,"{""0"": 3.3994386196136475, ""1"": -1.0}",0,0,"[36, 7, 68, 87, 74, 14, 22]","[3, 60, 89]","[36, 7, 68, 87, 74, 14, 22]","[3, 60, 89]","[36, 7, 68, 87, 74, 14, 22]",[],"[60, 89]",[3],"[36, 7, 68, 87, 74, 14, 22]","[3, 60, 89]","[36, 7, 68, 87, 74, 14, 22]",[],"[60, 89]",[3],7,0,2,1
289,10,5,"[0, 45, 76, 75, 35, 37, 89, 60, 81, 99]","[45, 76, 75, 35, 37, 89, 60, 81, 99]",[0],0.619822817129309,0.08803363343793458,2.0,0,0,"[45, 76, 75, 35, 37, 89, 60, 81, 99]",[0],"[45, 76, 75, 35, 37, 89, 60, 81, 99]",[0],"[45, 76, 75, 35, 37, 89, 60, 81, 99]",[],[],[0],4,0.4020799994468689,"{""0"": 2.737511396408081, ""1"": 1.7709660530090332, ""2"": -1.0, ""3"": 2.7500977516174316}",3,0,"[76, 37, 89]","[0, 45, 75, 35, 60, 81, 99]","[76, 37, 89]","[0, 45, 75, 35, 60, 81, 99]","[76, 37, 89]",[],"[45, 75, 35, 60, 81, 99]",[0],"[76, 37, 89]","[0, 45, 75, 35, 60, 81, 99]","[76, 37, 89]",[],"[45, 75, 35, 60, 81, 99]",[0],3,0,6,1
290,10,5,"[3, 76, 95, 69, 70, 4, 12, 23, 86, 22]","[76, 95, 69, 70, 12, 23, 86, 22]","[3, 4]",0.7032146207383593,0.15968214420674526,2.0,0,0,"[76, 95, 69, 70, 12, 23, 86, 22]","[3, 4]","[76, 95, 69, 70, 12, 23, 86, 22]","[3, 4]","[76, 95, 69, 70, 12, 23, 86, 22]",[],[],"[3, 4]",2,0.37662273645401,"{""0"": 1.1994190216064453, ""1"": -1.0}",0,0,"[76, 69, 70, 12, 23, 86, 22]","[3, 95, 4]","[76, 69, 70, 12, 23, 86, 22]","[3, 95, 4]","[76, 69, 70, 12, 23, 86, 22]",[],[95],"[3, 4]","[76, 69, 70, 12, 23, 86, 22]","[3, 95, 4]","[76, 69, 70, 12, 23, 86, 22]",[],[95],"[3, 4]",7,0,1,2
291,10,5,"[2, 97, 52, 17, 8, 69, 28, 54, 13, 96]","[97, 52, 17, 8, 69, 28, 54, 13, 96]",[2],0.9723985534650279,0.24610950429819833,2.0,0,0,"[97, 52, 17, 8, 69, 28, 54, 13, 96]",[2],"[97, 52, 17, 8, 69, 28, 54, 13, 96]",[2],"[97, 52, 17, 8, 69, 28, 54, 13, 96]",[],[],[2],2,0.42487218976020813,"{""0"": 0.864054799079895, ""1"": -1.0}",0,0,"[97, 52, 17, 8, 69, 28, 13, 96]","[2, 54]","[97, 52, 17, 8, 69, 28, 13, 96]","[2, 54]","[97, 52, 17, 8, 69, 28, 13, 96]",[],[54],[2],"[97, 52, 17, 8, 69, 28, 13, 96]","[2, 54]","[97, 52, 17, 8, 69, 28, 13, 96]",[],[54],[2],8,0,1,1
292,10,5,"[0, 72, 70, 5, 20, 46, 63, 85, 9, 52]","[72, 70, 5, 20, 46, 63, 85, 9, 52]",[0],0.7735258942071216,0.15008713962248443,2.0,0,0,"[72, 70, 5, 20, 46, 63, 85, 9, 52]",[0],"[72, 70, 5, 20, 46, 63, 85, 9, 52]",[0],"[72, 70, 5, 20, 46, 63, 85, 9, 52]",[],[],[0],2,0.45031943917274475,"{""0"": 1.6198022365570068, ""1"": -1.0}",0,0,"[72, 70, 5, 20, 63, 85, 9, 52]","[0, 46]","[72, 70, 5, 20, 63, 85, 9, 52]","[0, 46]","[72, 70, 5, 20, 63, 85, 9, 52]",[],[46],[0],"[72, 70, 5, 20, 63, 85, 9, 52]","[0, 46]","[72, 70, 5, 20, 63, 85, 9, 52]",[],[46],[0],8,0,1,1
293,10,5,"[1, 92, 7, 95, 84, 51, 31, 59, 8, 29]","[92, 7, 95, 84, 51, 31, 59, 8, 29]",[1],0.8902577900407407,0.10523331142561654,2.0,0,0,"[92, 7, 95, 84, 51, 31, 59, 8, 29]",[1],"[92, 7, 95, 84, 51, 31, 59, 8, 29]",[1],"[92, 7, 95, 84, 51, 31, 59, 8, 29]",[],[],[1],4,0.3482045531272888,"{""0"": 0.9856367111206055, ""1"": 3.491480827331543, ""2"": -1.0, ""3"": -1.0}",1,0,"[92, 7, 84, 8, 29]","[1, 95, 51, 31, 59]","[92, 7, 84, 8, 29]","[1, 95, 51, 31, 59]","[92, 7, 84, 8, 29]",[],"[95, 51, 31, 59]",[1],"[92, 7, 84, 8, 29]","[1, 95, 51, 31, 59]","[92, 7, 84, 8, 29]",[],"[95, 51, 31, 59]",[1],5,0,4,1
294,10,5,"[2, 44, 80, 46, 14, 41, 16, 51, 57, 49]","[44, 80, 46, 14, 41, 16, 51, 57, 49]",[2],0.763946909744041,0.08331030174379156,2.0,0,0,"[44, 80, 14, 41, 51, 57, 49]","[2, 46, 16]","[44, 80, 14, 41, 51, 57, 49]","[2, 46, 16]","[44, 80, 14, 41, 51, 57, 49]",[],"[46, 16]",[2],3,0.40343424677848816,"{""0"": 1.6399307250976562, ""1"": 0.9185523390769958, ""2"": -1.0}",0,0,"[44, 80]","[2, 46, 14, 41, 16, 51, 57, 49]","[44, 80]","[2, 46, 14, 41, 16, 51, 57, 49]","[44, 80]",[],"[46, 14, 41, 16, 51, 57, 49]",[2],"[44, 80]","[2, 46, 14, 41, 16, 51, 57, 49]","[44, 80]",[],"[46, 14, 41, 16, 51, 57, 49]",[2],2,0,7,1
295,10,5,"[0, 56, 91, 53, 20, 74, 52, 45, 70, 51]","[56, 91, 53, 20, 74, 52, 45, 70, 51]",[0],0.7712126290064705,0.1168413193613409,2.0,0,0,"[56, 91, 53, 20, 74, 52, 45, 70, 51]",[0],"[56, 91, 53, 20, 74, 52, 45, 70, 51]",[0],"[56, 91, 53, 20, 74, 52, 45, 70, 51]",[],[],[0],2,0.43765345215797424,"{""0"": 2.7294118404388428, ""1"": -1.0}",0,0,"[56, 91, 53, 20, 74, 52, 45, 70]","[0, 51]","[56, 91, 53, 20, 74, 52, 45, 70]","[0, 51]","[56, 91, 53, 20, 74, 52, 45, 70]",[],[51],[0],"[56, 91, 53, 20, 74, 52, 45, 70]","[0, 51]","[56, 91, 53, 20, 74, 52, 45, 70]",[],[51],[0],8,0,1,1
296,10,5,"[1, 50, 7, 17, 47, 32, 49, 66, 63, 25]","[50, 7, 17, 47, 32, 49, 66, 63, 25]",[1],0.71488917367902,0.09019255424274086,2.0,0,0,"[50, 7, 17, 47, 32, 49, 66, 63, 25]",[1],"[50, 7, 17, 47, 32, 49, 66, 63, 25]",[1],"[50, 7, 17, 47, 32, 49, 66, 63, 25]",[],[],[1],2,0.5712438225746155,"{""0"": 1.5837945938110352, ""1"": -1.0}",0,0,"[50, 7, 17, 32, 49, 66, 63, 25]","[1, 47]","[50, 7, 17, 32, 49, 66, 63, 25]","[1, 47]","[50, 7, 17, 32, 49, 66, 63, 25]",[],[47],[1],"[50, 7, 17, 32, 49, 66, 63, 25]","[1, 47]","[50, 7, 17, 32, 49, 66, 63, 25]",[],[47],[1],8,0,1,1
297,10,5,"[1, 8, 80, 19, 23, 42, 36, 47, 6, 71]","[8, 80, 19, 23, 42, 36, 47, 6, 71]",[1],0.7807919284283602,0.1843953771101623,2.0,0,0,"[8, 80, 19, 23, 42, 36, 47, 6, 71]",[1],"[8, 80, 19, 23, 42, 36, 47, 6, 71]",[1],"[8, 80, 19, 23, 42, 36, 47, 6, 71]",[],[],[1],2,0.5157478451728821,"{""0"": 1.7033963203430176, ""1"": -1.0}",0,0,"[8, 80, 23, 42, 36, 47, 6, 71]","[1, 19]","[8, 80, 23, 42, 36, 47, 6, 71]","[1, 19]","[8, 80, 23, 42, 36, 47, 6, 71]",[],[19],[1],"[8, 80, 23, 42, 36, 47, 6, 71]","[1, 19]","[8, 80, 23, 42, 36, 47, 6, 71]",[],[19],[1],8,0,1,1
298,10,5,"[0, 50, 79, 35, 3, 57, 72, 60, 27, 84]","[50, 79, 35, 57, 72, 60, 27, 84]","[0, 3]",0.6624438961291351,0.10988221038062179,2.0,0,0,"[50, 79, 35, 57, 72, 60, 27, 84]","[0, 3]","[50, 79, 35, 57, 72, 60, 27, 84]","[0, 3]","[50, 79, 35, 57, 72, 60, 27, 84]",[],[],"[0, 3]",3,0.36120814085006714,"{""0"": 2.978564500808716, ""1"": 1.8299150466918945, ""2"": 1.9252948760986328}",0,0,"[50, 72, 60, 84]","[0, 79, 35, 3, 57, 27]","[50, 72, 60, 84]","[0, 79, 35, 3, 57, 27]","[50, 72, 60, 84]",[],"[79, 35, 57, 27]","[0, 3]","[50, 72, 60, 84]","[0, 79, 35, 3, 57, 27]","[50, 72, 60, 84]",[],"[79, 35, 57, 27]","[0, 3]",4,0,4,2
299,10,5,"[4, 64, 13, 69, 26, 82, 37, 16, 97, 8]","[64, 13, 69, 26, 82, 37, 16, 97, 8]",[4],0.6632716103963198,0.08650598627299916,2.0,0,0,"[64, 13, 69, 82, 37, 16, 8]","[4, 26, 97]","[64, 13, 69, 82, 37, 16, 8]","[4, 26, 97]","[64, 13, 69, 82, 37, 16, 8]",[],"[26, 97]",[4],2,0.3114168345928192,"{""0"": 1.1512809991836548, ""1"": 3.1791582107543945}",1,0,"[64, 37, 16, 8]","[4, 13, 69, 26, 82, 97]","[64, 37, 16, 8]","[4, 13, 69, 26, 82, 97]","[64, 37, 16, 8]",[],"[13, 69, 26, 82, 97]",[4],"[64, 37, 16, 8]","[4, 13, 69, 26, 82, 97]","[64, 37, 16, 8]",[],"[13, 69, 26, 82, 97]",[4],4,0,5,1
300,10,5,"[0, 82, 1, 56, 50, 42, 70, 38, 66, 37]","[82, 56, 50, 42, 70, 38, 66, 37]","[0, 1]",0.6586951236589376,0.11881456483689784,2.0,0,0,"[82, 56, 50, 42, 70, 38, 66, 37]","[0, 1]","[82, 56, 50, 42, 70, 38, 66, 37]","[0, 1]","[82, 56, 50, 42, 70, 38, 66, 37]",[],[],"[0, 1]",2,0.36651235818862915,"{""0"": 3.6851983070373535, ""1"": -1.0}",0,0,"[82, 56, 50, 70, 38, 66, 37]","[0, 1, 42]","[82, 56, 50, 70, 38, 66, 37]","[0, 1, 42]","[82, 56, 50, 70, 38, 66, 37]",[],[42],"[0, 1]","[82, 56, 50, 70, 38, 66, 37]","[0, 1, 42]","[82, 56, 50, 70, 38, 66, 37]",[],[42],"[0, 1]",7,0,1,2
301,10,5,"[1, 92, 97, 73, 30, 4, 0, 36, 56, 8]","[92, 97, 73, 30, 36, 56, 8]","[1, 4, 0]",0.9284589570148805,0.20980961803904152,2.0,0,0,"[92, 97, 73, 30, 36, 56, 8]","[1, 4, 0]","[92, 97, 73, 30, 36, 56, 8]","[1, 4, 0]","[92, 97, 73, 30, 36, 56, 8]",[],[],"[1, 4, 0]",2,0.6059916615486145,"{""0"": 2.3518288135528564, ""1"": -1.0}",0,0,"[92, 97, 30, 36, 56, 8]","[1, 73, 4, 0]","[92, 97, 30, 36, 56, 8]","[1, 73, 4, 0]","[92, 97, 30, 36, 56, 8]",[],[73],"[1, 4, 0]","[92, 97, 30, 36, 56, 8]","[1, 73, 4, 0]","[92, 97, 30, 36, 56, 8]",[],[73],"[1, 4, 0]",6,0,1,3
302,10,5,"[1, 90, 41, 84, 92, 54, 0, 91, 69, 78]","[90, 41, 84, 92, 54, 91, 69, 78]","[1, 0]",0.9260397727801604,0.2717796258795703,2.0,0,0,"[90, 41, 84, 92, 54, 91, 69, 78]","[1, 0]","[90, 41, 84, 92, 54, 91, 69, 78]","[1, 0]","[90, 41, 84, 92, 54, 91, 69, 78]",[],[],"[1, 0]",2,0.6528241038322449,"{""0"": 3.0533180236816406, ""1"": -1.0}",0,0,"[90, 41, 84, 92, 91, 69, 78]","[1, 54, 0]","[90, 41, 84, 92, 91, 69, 78]","[1, 54, 0]","[90, 41, 84, 92, 91, 69, 78]",[],[54],"[1, 0]","[90, 41, 84, 92, 91, 69, 78]","[1, 54, 0]","[90, 41, 84, 92, 91, 69, 78]",[],[54],"[1, 0]",7,0,1,2
303,10,5,"[3, 5, 50, 36, 73, 88, 32, 61, 48, 80]","[5, 50, 36, 73, 88, 32, 61, 48, 80]",[3],1.0473348186401659,0.28061355214689443,2.0,0,0,"[5, 50, 36, 73, 88, 32, 61, 48, 80]",[3],"[5, 50, 36, 73, 88, 32, 61, 48, 80]",[3],"[5, 50, 36, 73, 88, 32, 61, 48, 80]",[],[],[3],2,0.53603595495224,"{""0"": 1.687774419784546, ""1"": -1.0}",0,0,"[5, 50, 36, 73, 88, 32, 61, 80]","[3, 48]","[5, 50, 36, 73, 88, 32, 61, 80]","[3, 48]","[5, 50, 36, 73, 88, 32, 61, 80]",[],[48],[3],"[5, 50, 36, 73, 88, 32, 61, 80]","[3, 48]","[5, 50, 36, 73, 88, 32, 61, 80]",[],[48],[3],8,0,1,1
304,10,5,"[0, 37, 60, 79, 7, 82, 41, 96, 71, 32]","[37, 60, 79, 7, 82, 41, 96, 71, 32]",[0],1.010150307727116,0.19727296363721003,2.0,0,0,"[37, 60, 79, 7, 82, 41, 96, 71, 32]",[0],"[37, 60, 79, 7, 82, 41, 96, 71, 32]",[0],"[37, 60, 79, 7, 82, 41, 96, 71, 32]",[],[],[0],2,0.4910642206668854,"{""0"": 2.030665874481201, ""1"": -1.0}",0,0,"[37, 60, 79, 7, 41, 96, 71, 32]","[0, 82]","[37, 60, 79, 7, 41, 96, 71, 32]","[0, 82]","[37, 60, 79, 7, 41, 96, 71, 32]",[],[82],[0],"[37, 60, 79, 7, 41, 96, 71, 32]","[0, 82]","[37, 60, 79, 7, 41, 96, 71, 32]",[],[82],[0],8,0,1,1
305,10,5,"[0, 34, 61, 2, 17, 63, 84, 68, 74, 4]","[34, 61, 17, 63, 84, 68, 74]","[0, 2, 4]",0.9522189383253084,0.3037860170367177,2.0,0,0,"[34, 61, 17, 63, 84, 68, 74]","[0, 2, 4]","[34, 61, 17, 63, 84, 68, 74]","[0, 2, 4]","[34, 61, 17, 63, 84, 68, 74]",[],[],"[0, 2, 4]",2,0.45883068442344666,"{""0"": 2.066223621368408, ""1"": -1.0}",0,0,"[34, 17, 63, 84, 68, 74]","[0, 61, 2, 4]","[34, 17, 63, 84, 68, 74]","[0, 61, 2, 4]","[34, 17, 63, 84, 68, 74]",[],[61],"[0, 2, 4]","[34, 17, 63, 84, 68, 74]","[0, 61, 2, 4]","[34, 17, 63, 84, 68, 74]",[],[61],"[0, 2, 4]",6,0,1,3
306,10,5,"[1, 59, 55, 34, 48, 15, 25, 0, 88, 99]","[59, 55, 34, 48, 15, 25, 88, 99]","[1, 0]",0.8802363957531012,0.2115855289500142,2.0,0,0,"[59, 55, 34, 48, 15, 25, 88, 99]","[1, 0]","[59, 55, 34, 48, 15, 25, 88, 99]","[1, 0]","[59, 55, 34, 48, 15, 25, 88, 99]",[],[],"[1, 0]",2,0.5761470198631287,"{""0"": 2.8671505451202393, ""1"": -1.0}",0,0,"[59, 55, 34, 48, 15, 25, 99]","[1, 0, 88]","[59, 55, 34, 48, 15, 25, 99]","[1, 0, 88]","[59, 55, 34, 48, 15, 25, 99]",[],[88],"[1, 0]","[59, 55, 34, 48, 15, 25, 99]","[1, 0, 88]","[59, 55, 34, 48, 15, 25, 99]",[],[88],"[1, 0]",7,0,1,2
307,10,5,"[0, 42, 81, 7, 16, 80, 70, 63, 43, 39]","[42, 81, 7, 16, 80, 70, 63, 43, 39]",[0],1.4655743163845183,0.09437399307789063,2.0,0,0,"[42, 81, 7, 16, 70, 63, 43, 39]","[0, 80]","[42, 81, 7, 16, 70, 63, 43, 39]","[0, 80]","[42, 81, 7, 16, 70, 63, 43, 39]",[],[80],[0],2,0.406747043132782,"{""0"": 0.5199211239814758, ""1"": -1.0}",0,0,"[42, 81, 7, 16, 70, 63, 39]","[0, 80, 43]","[42, 81, 7, 16, 70, 63, 39]","[0, 80, 43]","[42, 81, 7, 16, 70, 63, 39]",[],"[80, 43]",[0],"[42, 81, 7, 16, 70, 63, 39]","[0, 80, 43]","[42, 81, 7, 16, 70, 63, 39]",[],"[80, 43]",[0],7,0,2,1
308,10,5,"[3, 27, 70, 66, 0, 37, 24, 63, 40, 4]","[27, 70, 66, 37, 24, 63, 40]","[3, 0, 4]",0.8904435537847735,0.15837289904393625,2.0,0,0,"[27, 70, 66, 37, 24, 63, 40]","[3, 0, 4]","[27, 70, 66, 37, 24, 63, 40]","[3, 0, 4]","[27, 70, 66, 37, 24, 63, 40]",[],[],"[3, 0, 4]",3,0.47562718391418457,"{""0"": 3.065553903579712, ""1"": 1.9244520664215088, ""2"": -1.0}",0,0,"[27, 70, 66, 40]","[3, 0, 37, 24, 63, 4]","[27, 70, 66, 40]","[3, 0, 37, 24, 63, 4]","[27, 70, 66, 40]",[],"[37, 24, 63]","[3, 0, 4]","[27, 70, 66, 40]","[3, 0, 37, 24, 63, 4]","[27, 70, 66, 40]",[],"[37, 24, 63]","[3, 0, 4]",4,0,3,3
309,10,5,"[3, 21, 66, 22, 65, 42, 0, 57, 45, 41]","[21, 66, 22, 65, 42, 57, 45, 41]","[3, 0]",0.7166693406575992,0.20588496313782345,2.0,0,0,"[21, 66, 22, 65, 42, 57, 45, 41]","[3, 0]","[21, 66, 22, 65, 42, 57, 45, 41]","[3, 0]","[21, 66, 22, 65, 42, 57, 45, 41]",[],[],"[3, 0]",2,0.4711662530899048,"{""0"": 3.988213062286377, ""1"": 1.7814342975616455}",0,0,"[21, 66, 22, 42, 57, 45]","[3, 65, 0, 41]","[21, 66, 22, 42, 57, 45]","[3, 65, 0, 41]","[21, 66, 22, 42, 57, 45]",[],"[65, 41]","[3, 0]","[21, 66, 22, 42, 57, 45]","[3, 65, 0, 41]","[21, 66, 22, 42, 57, 45]",[],"[65, 41]","[3, 0]",6,0,2,2
310,10,5,"[1, 24, 2, 48, 89, 18, 69, 47, 10, 41]","[24, 48, 89, 18, 69, 47, 10, 41]","[1, 2]",0.9804009090882316,0.21035433979767798,2.0,0,0,"[24, 48, 89, 18, 69, 47, 10, 41]","[1, 2]","[24, 48, 89, 18, 69, 47, 10, 41]","[1, 2]","[24, 48, 89, 18, 69, 47, 10, 41]",[],[],"[1, 2]",4,0.5145368576049805,"{""0"": 1.8203532695770264, ""1"": 2.7088544368743896, ""2"": -1.0, ""3"": 1.8901851177215576}",1,0,"[69, 47, 10]","[1, 24, 2, 48, 89, 18, 41]","[69, 47, 10]","[1, 24, 2, 48, 89, 18, 41]","[69, 47, 10]",[],"[24, 48, 89, 18, 41]","[1, 2]","[69, 47, 10]","[1, 24, 2, 48, 89, 18, 41]","[69, 47, 10]",[],"[24, 48, 89, 18, 41]","[1, 2]",3,0,5,2
311,10,5,"[2, 8, 15, 25, 43, 21, 33, 60, 11, 12]","[8, 15, 25, 43, 21, 33, 60, 11, 12]",[2],0.846481359390784,0.1300479166363422,2.0,0,0,"[8, 15, 25, 43, 21, 33, 60, 11, 12]",[2],"[8, 15, 25, 43, 21, 33, 60, 11, 12]",[2],"[8, 15, 25, 43, 21, 33, 60, 11, 12]",[],[],[2],2,0.5459877848625183,"{""0"": 2.8613269329071045, ""1"": 1.8773589134216309}",0,0,"[8, 15, 21, 33, 60, 11, 12]","[2, 25, 43]","[8, 15, 21, 33, 60, 11, 12]","[2, 25, 43]","[8, 15, 21, 33, 60, 11, 12]",[],"[25, 43]",[2],"[8, 15, 21, 33, 60, 11, 12]","[2, 25, 43]","[8, 15, 21, 33, 60, 11, 12]",[],"[25, 43]",[2],7,0,2,1
312,10,5,"[3, 71, 66, 61, 87, 98, 45, 1, 93, 47]","[71, 66, 61, 87, 98, 45, 93, 47]","[3, 1]",0.83137949800217,0.1539536828540286,2.0,0,0,"[71, 66, 61, 87, 98, 45, 93, 47]","[3, 1]","[71, 66, 61, 87, 98, 45, 93, 47]","[3, 1]","[71, 66, 61, 87, 98, 45, 93, 47]",[],[],"[3, 1]",3,0.4227006137371063,"{""0"": 1.3266934156417847, ""1"": 3.2770979404449463, ""2"": -1.0}",1,0,"[66, 87, 98, 45, 93]","[3, 71, 61, 1, 47]","[66, 87, 98, 45, 93]","[3, 71, 61, 1, 47]","[66, 87, 98, 45, 93]",[],"[71, 61, 47]","[3, 1]","[66, 87, 98, 45, 93]","[3, 71, 61, 1, 47]","[66, 87, 98, 45, 93]",[],"[71, 61, 47]","[3, 1]",5,0,3,2
313,10,5,"[0, 27, 80, 96, 89, 16, 68, 82, 35, 12]","[27, 80, 96, 89, 16, 68, 82, 35, 12]",[0],0.635621251723105,0.055405759376165986,2.0,0,0,"[27, 80, 96, 89, 16, 68, 82, 35]","[0, 12]","[27, 80, 96, 89, 16, 68, 82, 35]","[0, 12]","[27, 80, 96, 89, 16, 68, 82, 35]",[],[12],[0],2,0.44407719373703003,"{""0"": 4.565268039703369, ""1"": -1.0}",0,0,"[27, 80, 96, 16, 68, 82, 35]","[0, 89, 12]","[27, 80, 96, 16, 68, 82, 35]","[0, 89, 12]","[27, 80, 96, 16, 68, 82, 35]",[],"[89, 12]",[0],"[27, 80, 96, 16, 68, 82, 35]","[0, 89, 12]","[27, 80, 96, 16, 68, 82, 35]",[],"[89, 12]",[0],7,0,2,1
314,10,5,"[4, 3, 46, 96, 12, 38, 14, 17, 2, 92]","[46, 96, 12, 38, 14, 17, 92]","[4, 3, 2]",0.8065087487403855,0.2396884230312808,2.0,0,0,"[46, 96, 12, 38, 14, 17, 92]","[4, 3, 2]","[46, 96, 12, 38, 14, 17, 92]","[4, 3, 2]","[46, 96, 12, 38, 14, 17, 92]",[],[],"[4, 3, 2]",2,0.5277487635612488,"{""0"": 3.3150923252105713, ""1"": -1.0}",0,0,"[96, 12, 38, 14, 17, 92]","[4, 3, 46, 2]","[96, 12, 38, 14, 17, 92]","[4, 3, 46, 2]","[96, 12, 38, 14, 17, 92]",[],[46],"[4, 3, 2]","[96, 12, 38, 14, 17, 92]","[4, 3, 46, 2]","[96, 12, 38, 14, 17, 92]",[],[46],"[4, 3, 2]",6,0,1,3
315,10,5,"[0, 64, 34, 81, 6, 36, 95, 48, 9, 43]","[64, 34, 81, 6, 36, 95, 48, 9, 43]",[0],0.9102564346672632,0.14766283696733007,2.0,0,0,"[64, 34, 81, 6, 36, 95, 48, 9, 43]",[0],"[64, 34, 81, 6, 36, 95, 48, 9, 43]",[0],"[64, 34, 81, 6, 36, 95, 48, 9, 43]",[],[],[0],2,0.4514923095703125,"{""0"": 1.615769386291504, ""1"": -1.0}",0,0,"[64, 34, 81, 6, 36, 95, 9, 43]","[0, 48]","[64, 34, 81, 6, 36, 95, 9, 43]","[0, 48]","[64, 34, 81, 6, 36, 95, 9, 43]",[],[48],[0],"[64, 34, 81, 6, 36, 95, 9, 43]","[0, 48]","[64, 34, 81, 6, 36, 95, 9, 43]",[],[48],[0],8,0,1,1
316,10,5,"[3, 75, 78, 28, 99, 20, 61, 53, 90, 80]","[75, 78, 28, 99, 20, 61, 53, 90, 80]",[3],0.7318065292221457,0.14555839094001377,2.0,0,0,"[75, 78, 28, 99, 20, 61, 53, 90, 80]",[3],"[75, 78, 28, 99, 20, 61, 53, 90, 80]",[3],"[75, 78, 28, 99, 20, 61, 53, 90, 80]",[],[],[3],2,0.4501308798789978,"{""0"": 1.482412338256836, ""1"": 1.6230043172836304}",1,0,"[78, 28, 20, 61, 53, 90, 80]","[3, 75, 99]","[78, 28, 20, 61, 53, 90, 80]","[3, 75, 99]","[78, 28, 20, 61, 53, 90, 80]",[],"[75, 99]",[3],"[78, 28, 20, 61, 53, 90, 80]","[3, 75, 99]","[78, 28, 20, 61, 53, 90, 80]",[],"[75, 99]",[3],7,0,2,1
317,10,5,"[1, 49, 72, 74, 75, 34, 58, 29, 66, 60]","[49, 72, 74, 75, 34, 58, 29, 66, 60]",[1],0.7821208327685588,0.0803009862106559,2.0,0,0,"[72, 74, 75, 34, 58, 29, 66, 60]","[1, 49]","[72, 74, 75, 34, 58, 29, 66, 60]","[1, 49]","[72, 74, 75, 34, 58, 29, 66, 60]",[],[49],[1],2,0.41187718510627747,"{""0"": 1.0254409313201904, ""1"": 1.9523046016693115}",1,0,"[75, 66]","[1, 49, 72, 74, 34, 58, 29, 60]","[75, 66]","[1, 49, 72, 74, 34, 58, 29, 60]","[75, 66]",[],"[49, 72, 74, 34, 58, 29, 60]",[1],"[75, 66]","[1, 49, 72, 74, 34, 58, 29, 60]","[75, 66]",[],"[49, 72, 74, 34, 58, 29, 60]",[1],2,0,7,1
318,10,5,"[4, 26, 6, 73, 20, 87, 48, 23, 27, 78]","[26, 6, 73, 20, 87, 48, 23, 27, 78]",[4],0.7040394793317031,0.11543679566238407,2.0,0,0,"[26, 6, 73, 20, 87, 48, 23, 27, 78]",[4],"[26, 6, 73, 20, 87, 48, 23, 27, 78]",[4],"[26, 6, 73, 20, 87, 48, 23, 27, 78]",[],[],[4],2,0.40379470586776733,"{""0"": 0.44572392106056213, ""1"": -1.0}",0,0,"[26, 6, 73, 20, 87, 23, 27, 78]","[4, 48]","[26, 6, 73, 20, 87, 23, 27, 78]","[4, 48]","[26, 6, 73, 20, 87, 23, 27, 78]",[],[48],[4],"[26, 6, 73, 20, 87, 23, 27, 78]","[4, 48]","[26, 6, 73, 20, 87, 23, 27, 78]",[],[48],[4],8,0,1,1
319,10,5,"[0, 49, 7, 47, 53, 26, 6, 57, 11, 20]","[49, 7, 47, 53, 26, 6, 57, 11, 20]",[0],0.9511936271815592,0.20919325882472095,2.0,0,0,"[49, 7, 47, 53, 26, 6, 57, 11, 20]",[0],"[49, 7, 47, 53, 26, 6, 57, 11, 20]",[0],"[49, 7, 47, 53, 26, 6, 57, 11, 20]",[],[],[0],2,0.46634525060653687,"{""0"": 0.6328116655349731, ""1"": -1.0}",0,0,"[49, 7, 53, 26, 6, 57, 11, 20]","[0, 47]","[49, 7, 53, 26, 6, 57, 11, 20]","[0, 47]","[49, 7, 53, 26, 6, 57, 11, 20]",[],[47],[0],"[49, 7, 53, 26, 6, 57, 11, 20]","[0, 47]","[49, 7, 53, 26, 6, 57, 11, 20]",[],[47],[0],8,0,1,1
320,10,5,"[2, 16, 27, 62, 79, 39, 12, 18, 83, 41]","[16, 27, 62, 79, 39, 12, 18, 83, 41]",[2],0.5590569727270924,0.04586948354084497,2.0,0,0,"[16, 27, 79, 39, 12, 83]","[2, 62, 18, 41]","[16, 27, 79, 39, 12, 83]","[2, 62, 18, 41]","[16, 27, 79, 39, 12, 83]",[],"[62, 18, 41]",[2],2,0.47174301743507385,"{""0"": 3.1072890758514404, ""1"": -1.0}",0,0,"[16, 79, 39, 12, 83]","[2, 27, 62, 18, 41]","[16, 79, 39, 12, 83]","[2, 27, 62, 18, 41]","[16, 79, 39, 12, 83]",[],"[27, 62, 18, 41]",[2],"[16, 79, 39, 12, 83]","[2, 27, 62, 18, 41]","[16, 79, 39, 12, 83]",[],"[27, 62, 18, 41]",[2],5,0,4,1
321,10,5,"[4, 9, 73, 29, 56, 50, 75, 37, 25, 39]","[9, 73, 29, 56, 50, 75, 37, 25, 39]",[4],0.6399598604367585,0.07053346785558734,2.0,0,0,"[9, 29, 56, 50, 75, 37, 25, 39]","[4, 73]","[9, 29, 56, 50, 75, 37, 25, 39]","[4, 73]","[9, 29, 56, 50, 75, 37, 25, 39]",[],[73],[4],2,0.45000189542770386,"{""0"": 4.6313629150390625, ""1"": -1.0}",0,0,"[9, 29, 56, 50, 37, 25, 39]","[4, 73, 75]","[9, 29, 56, 50, 37, 25, 39]","[4, 73, 75]","[9, 29, 56, 50, 37, 25, 39]",[],"[73, 75]",[4],"[9, 29, 56, 50, 37, 25, 39]","[4, 73, 75]","[9, 29, 56, 50, 37, 25, 39]",[],"[73, 75]",[4],7,0,2,1
322,10,5,"[1, 55, 45, 87, 89, 25, 11, 85, 40, 95]","[55, 45, 87, 89, 25, 11, 85, 40, 95]",[1],0.806499433074839,0.13529775880590406,2.0,0,0,"[55, 45, 87, 89, 25, 11, 85, 40, 95]",[1],"[55, 45, 87, 89, 25, 11, 85, 40, 95]",[1],"[55, 45, 87, 89, 25, 11, 85, 40, 95]",[],[],[1],2,0.5313752293586731,"{""0"": 2.2823078632354736, ""1"": -1.0}",0,0,"[55, 45, 87, 89, 25, 11, 85, 40]","[1, 95]","[55, 45, 87, 89, 25, 11, 85, 40]","[1, 95]","[55, 45, 87, 89, 25, 11, 85, 40]",[],[95],[1],"[55, 45, 87, 89, 25, 11, 85, 40]","[1, 95]","[55, 45, 87, 89, 25, 11, 85, 40]",[],[95],[1],8,0,1,1
323,10,5,"[2, 89, 77, 36, 48, 54, 71, 98, 16, 5]","[89, 77, 36, 48, 54, 71, 98, 16, 5]",[2],0.9686971864006371,0.30430248796194953,2.0,0,0,"[89, 77, 36, 48, 54, 71, 98, 16, 5]",[2],"[89, 77, 36, 48, 54, 71, 98, 16, 5]",[2],"[89, 77, 36, 48, 54, 71, 98, 16, 5]",[],[],[2],2,0.5358560085296631,"{""0"": 2.104304313659668, ""1"": -1.0}",0,0,"[89, 77, 36, 48, 71, 98, 16, 5]","[2, 54]","[89, 77, 36, 48, 71, 98, 16, 5]","[2, 54]","[89, 77, 36, 48, 71, 98, 16, 5]",[],[54],[2],"[89, 77, 36, 48, 71, 98, 16, 5]","[2, 54]","[89, 77, 36, 48, 71, 98, 16, 5]",[],[54],[2],8,0,1,1
324,10,5,"[4, 75, 41, 14, 38, 49, 90, 30, 84, 69]","[75, 41, 14, 38, 49, 90, 30, 84, 69]",[4],0.9365977588352947,0.13775995120592915,2.0,0,0,"[75, 41, 14, 38, 49, 90, 30, 84, 69]",[4],"[75, 41, 14, 38, 49, 90, 30, 84, 69]",[4],"[75, 41, 14, 38, 49, 90, 30, 84, 69]",[],[],[4],4,0.38925012946128845,"{""0"": 3.1866538524627686, ""1"": 1.9414570331573486, ""2"": -1.0, ""3"": -1.0}",0,0,"[75, 14, 38, 49, 90]","[4, 41, 30, 84, 69]","[75, 14, 38, 49, 90]","[4, 41, 30, 84, 69]","[75, 14, 38, 49, 90]",[],"[41, 30, 84, 69]",[4],"[75, 14, 38, 49, 90]","[4, 41, 30, 84, 69]","[75, 14, 38, 49, 90]",[],"[41, 30, 84, 69]",[4],5,0,4,1
325,10,5,"[3, 80, 71, 75, 62, 53, 30, 31, 87, 98]","[80, 71, 75, 62, 53, 30, 31, 87, 98]",[3],0.682437652173121,0.14614634258949324,2.0,0,0,"[80, 71, 75, 62, 53, 30, 31, 87, 98]",[3],"[80, 71, 75, 62, 53, 30, 31, 87, 98]",[3],"[80, 71, 75, 62, 53, 30, 31, 87, 98]",[],[],[3],2,0.6999107599258423,"{""0"": 3.3897714614868164, ""1"": -1.0}",0,0,"[80, 71, 75, 62, 53, 30, 87, 98]","[3, 31]","[80, 71, 75, 62, 53, 30, 87, 98]","[3, 31]","[80, 71, 75, 62, 53, 30, 87, 98]",[],[31],[3],"[80, 71, 75, 62, 53, 30, 87, 98]","[3, 31]","[80, 71, 75, 62, 53, 30, 87, 98]",[],[31],[3],8,0,1,1
326,10,5,"[0, 17, 26, 2, 36, 20, 27, 31, 29, 89]","[17, 26, 36, 20, 27, 31, 29, 89]","[0, 2]",0.7956892016118698,0.18284884120546951,2.0,0,0,"[17, 36, 20, 27, 31, 29, 89]","[0, 26, 2]","[17, 36, 20, 27, 31, 29, 89]","[0, 26, 2]","[17, 36, 20, 27, 31, 29, 89]",[],[26],"[0, 2]",2,0.638125479221344,"{""0"": 3.8953378200531006, ""1"": -1.0}",0,0,"[17, 36, 20, 27, 29, 89]","[0, 26, 2, 31]","[17, 36, 20, 27, 29, 89]","[0, 26, 2, 31]","[17, 36, 20, 27, 29, 89]",[],"[26, 31]","[0, 2]","[17, 36, 20, 27, 29, 89]","[0, 26, 2, 31]","[17, 36, 20, 27, 29, 89]",[],"[26, 31]","[0, 2]",6,0,2,2
327,10,5,"[4, 68, 81, 98, 31, 14, 85, 73, 50, 0]","[68, 81, 98, 31, 14, 85, 73, 50]","[4, 0]",0.8208097617300253,0.29798046686719165,2.0,0,0,"[68, 81, 98, 31, 14, 85, 73, 50]","[4, 0]","[68, 81, 98, 31, 14, 85, 73, 50]","[4, 0]","[68, 81, 98, 31, 14, 85, 73, 50]",[],[],"[4, 0]",2,0.5493693351745605,"{""0"": 2.699589967727661, ""1"": -1.0}",0,0,"[68, 81, 98, 31, 14, 85, 50]","[4, 73, 0]","[68, 81, 98, 31, 14, 85, 50]","[4, 73, 0]","[68, 81, 98, 31, 14, 85, 50]",[],[73],"[4, 0]","[68, 81, 98, 31, 14, 85, 50]","[4, 73, 0]","[68, 81, 98, 31, 14, 85, 50]",[],[73],"[4, 0]",7,0,1,2
328,10,5,"[1, 42, 4, 79, 93, 92, 85, 20, 64, 3]","[42, 79, 93, 92, 85, 20, 64]","[1, 4, 3]",1.4060815077280555,0.35162572604957193,2.0,0,0,"[42, 79, 93, 92, 85, 20, 64]","[1, 4, 3]","[42, 79, 93, 92, 85, 20, 64]","[1, 4, 3]","[42, 79, 93, 92, 85, 20, 64]",[],[],"[1, 4, 3]",2,0.5036827921867371,"{""0"": 0.9708966016769409, ""1"": -1.0}",0,0,"[42, 93, 92, 85, 20, 64]","[1, 4, 79, 3]","[42, 93, 92, 85, 20, 64]","[1, 4, 79, 3]","[42, 93, 92, 85, 20, 64]",[],[79],"[1, 4, 3]","[42, 93, 92, 85, 20, 64]","[1, 4, 79, 3]","[42, 93, 92, 85, 20, 64]",[],[79],"[1, 4, 3]",6,0,1,3
329,10,5,"[2, 0, 4, 40, 32, 70, 56, 49, 55, 66]","[40, 32, 70, 56, 49, 55, 66]","[2, 0, 4]",0.9903060039412312,0.2595631598891176,2.0,0,0,"[40, 32, 70, 56, 49, 55, 66]","[2, 0, 4]","[40, 32, 70, 56, 49, 55, 66]","[2, 0, 4]","[40, 32, 70, 56, 49, 55, 66]",[],[],"[2, 0, 4]",2,0.2628189027309418,"{""0"": 1.2728387117385864, ""1"": 2.8983826637268066}",1,0,"[40, 32, 56, 55, 66]","[2, 0, 4, 70, 49]","[40, 32, 56, 55, 66]","[2, 0, 4, 70, 49]","[40, 32, 56, 55, 66]",[],"[70, 49]","[2, 0, 4]","[40, 32, 56, 55, 66]","[2, 0, 4, 70, 49]","[40, 32, 56, 55, 66]",[],"[70, 49]","[2, 0, 4]",5,0,2,3
330,10,5,"[2, 60, 6, 64, 84, 20, 50, 95, 21, 41]","[60, 6, 64, 84, 20, 50, 95, 21, 41]",[2],0.9131020551099089,0.22469389937628298,2.0,0,0,"[60, 6, 64, 84, 20, 50, 95, 21, 41]",[2],"[60, 6, 64, 84, 20, 50, 95, 21, 41]",[2],"[60, 6, 64, 84, 20, 50, 95, 21, 41]",[],[],[2],2,0.631462037563324,"{""0"": 1.7066679000854492, ""1"": 5.390435218811035}",1,0,"[60, 6, 64, 84, 20, 50, 21]","[2, 95, 41]","[60, 6, 64, 84, 20, 50, 21]","[2, 95, 41]","[60, 6, 64, 84, 20, 50, 21]",[],"[95, 41]",[2],"[60, 6, 64, 84, 20, 50, 21]","[2, 95, 41]","[60, 6, 64, 84, 20, 50, 21]",[],"[95, 41]",[2],7,0,2,1
331,10,5,"[3, 94, 65, 78, 54, 55, 26, 53, 4, 46]","[94, 65, 78, 54, 55, 26, 53, 46]","[3, 4]",0.9150977984491727,0.18000210906943837,2.0,0,0,"[94, 65, 78, 54, 55, 26, 53, 46]","[3, 4]","[94, 65, 78, 54, 55, 26, 53, 46]","[3, 4]","[94, 65, 78, 54, 55, 26, 53, 46]",[],[],"[3, 4]",2,0.4147690534591675,"{""0"": 0.9874664545059204, ""1"": -1.0}",0,0,"[94, 65, 78, 54, 55, 53, 46]","[3, 26, 4]","[94, 65, 78, 54, 55, 53, 46]","[3, 26, 4]","[94, 65, 78, 54, 55, 53, 46]",[],[26],"[3, 4]","[94, 65, 78, 54, 55, 53, 46]","[3, 26, 4]","[94, 65, 78, 54, 55, 53, 46]",[],[26],"[3, 4]",7,0,1,2
332,10,5,"[1, 63, 25, 68, 8, 72, 19, 26, 6, 73]","[63, 25, 68, 8, 72, 19, 26, 6, 73]",[1],1.300501547506973,0.10931659973011887,2.0,0,0,"[63, 25, 68, 8, 72, 19, 26, 6]","[1, 73]","[63, 25, 68, 8, 72, 19, 26, 6]","[1, 73]","[63, 25, 68, 8, 72, 19, 26, 6]",[],[73],[1],2,0.420776903629303,"{""0"": 2.2019693851470947, ""1"": 2.8772714138031006}",1,0,"[63, 26, 6]","[1, 25, 68, 8, 72, 19, 73]","[63, 26, 6]","[1, 25, 68, 8, 72, 19, 73]","[63, 26, 6]",[],"[25, 68, 8, 72, 19, 73]",[1],"[63, 26, 6]","[1, 25, 68, 8, 72, 19, 73]","[63, 26, 6]",[],"[25, 68, 8, 72, 19, 73]",[1],3,0,6,1
333,10,5,"[3, 4, 12, 78, 75, 70, 22, 38, 60, 64]","[12, 78, 75, 70, 22, 38, 60, 64]","[3, 4]",0.9274356262814898,0.12754618935364825,2.0,0,0,"[12, 78, 75, 22, 38, 60, 64]","[3, 4, 70]","[12, 78, 75, 22, 38, 60, 64]","[3, 4, 70]","[12, 78, 75, 22, 38, 60, 64]",[],[70],"[3, 4]",2,0.41696810722351074,"{""0"": 1.1178650856018066, ""1"": 2.7421107292175293}",1,0,"[78, 60, 64]","[3, 4, 12, 75, 70, 22, 38]","[78, 60, 64]","[3, 4, 12, 75, 70, 22, 38]","[78, 60, 64]",[],"[12, 75, 70, 22, 38]","[3, 4]","[78, 60, 64]","[3, 4, 12, 75, 70, 22, 38]","[78, 60, 64]",[],"[12, 75, 70, 22, 38]","[3, 4]",3,0,5,2
334,10,5,"[0, 81, 88, 60, 47, 13, 68, 89, 51, 18]","[81, 88, 60, 47, 13, 68, 89, 51, 18]",[0],1.0427787603281806,0.12673270572896567,2.0,0,0,"[81, 60, 47, 13, 68, 89, 51, 18]","[0, 88]","[81, 60, 47, 13, 68, 89, 51, 18]","[0, 88]","[81, 60, 47, 13, 68, 89, 51, 18]",[],[88],[0],2,0.4049754738807678,"{""0"": 2.1514134407043457, ""1"": 2.6291146278381348}",1,0,"[60, 47, 51]","[0, 81, 88, 13, 68, 89, 18]","[60, 47, 51]","[0, 81, 88, 13, 68, 89, 18]","[60, 47, 51]",[],"[81, 88, 13, 68, 89, 18]",[0],"[60, 47, 51]","[0, 81, 88, 13, 68, 89, 18]","[60, 47, 51]",[],"[81, 88, 13, 68, 89, 18]",[0],3,0,6,1
335,10,5,"[0, 1, 73, 65, 85, 81, 84, 53, 25, 52]","[73, 65, 85, 81, 84, 53, 25, 52]","[0, 1]",1.2360033935275085,0.0726116684865179,2.0,0,0,"[65, 85, 81, 84, 53, 25, 52]","[0, 1, 73]","[65, 85, 81, 84, 53, 25, 52]","[0, 1, 73]","[65, 85, 81, 84, 53, 25, 52]",[],[73],"[0, 1]",2,0.6792827248573303,"{""0"": 2.684713363647461, ""1"": 1.9941635131835938}",0,0,"[85, 81, 84, 25, 52]","[0, 1, 73, 65, 53]","[85, 81, 84, 25, 52]","[0, 1, 73, 65, 53]","[85, 81, 84, 25, 52]",[],"[73, 65, 53]","[0, 1]","[85, 81, 84, 25, 52]","[0, 1, 73, 65, 53]","[85, 81, 84, 25, 52]",[],"[73, 65, 53]","[0, 1]",5,0,3,2
336,10,5,"[3, 68, 88, 23, 65, 84, 9, 55, 70, 74]","[68, 88, 23, 65, 84, 9, 55, 70, 74]",[3],0.982447958032505,0.13005513192411472,2.0,0,0,"[68, 23, 65, 84, 9, 55, 70, 74]","[3, 88]","[68, 23, 65, 84, 9, 55, 70, 74]","[3, 88]","[68, 23, 65, 84, 9, 55, 70, 74]",[],[88],[3],2,0.3335151970386505,"{""0"": 1.4680038690567017, ""1"": 2.787058115005493}",1,0,"[68, 23, 84]","[3, 88, 65, 9, 55, 70, 74]","[68, 23, 84]","[3, 88, 65, 9, 55, 70, 74]","[68, 23, 84]",[],"[88, 65, 9, 55, 70, 74]",[3],"[68, 23, 84]","[3, 88, 65, 9, 55, 70, 74]","[68, 23, 84]",[],"[88, 65, 9, 55, 70, 74]",[3],3,0,6,1
337,10,5,"[3, 1, 49, 52, 65, 88, 68, 9, 21, 63]","[49, 52, 65, 88, 68, 9, 21, 63]","[3, 1]",0.8464254565360118,0.2467686536309393,2.0,0,0,"[49, 52, 65, 68, 9, 21, 63]","[3, 1, 88]","[49, 52, 65, 68, 9, 21, 63]","[3, 1, 88]","[49, 52, 65, 68, 9, 21, 63]",[],[88],"[3, 1]",3,0.3941957652568817,"{""0"": 2.7649829387664795, ""1"": 1.5998919010162354, ""2"": -1.0}",0,0,"[49, 52, 68]","[3, 1, 65, 88, 9, 21, 63]","[49, 52, 68]","[3, 1, 65, 88, 9, 21, 63]","[49, 52, 68]",[],"[65, 88, 9, 21, 63]","[3, 1]","[49, 52, 68]","[3, 1, 65, 88, 9, 21, 63]","[49, 52, 68]",[],"[65, 88, 9, 21, 63]","[3, 1]",3,0,5,2
338,10,5,"[4, 7, 40, 94, 21, 48, 22, 70, 87, 35]","[7, 40, 94, 21, 48, 22, 70, 87, 35]",[4],0.8012788270422576,0.1194666481399353,2.0,0,0,"[7, 40, 94, 21, 22, 70, 87, 35]","[4, 48]","[7, 40, 94, 21, 22, 70, 87, 35]","[4, 48]","[7, 40, 94, 21, 22, 70, 87, 35]",[],[48],[4],2,0.6353148818016052,"{""0"": 3.767486095428467, ""1"": -1.0}",0,0,"[7, 40, 94, 21, 22, 70, 87]","[4, 48, 35]","[7, 40, 94, 21, 22, 70, 87]","[4, 48, 35]","[7, 40, 94, 21, 22, 70, 87]",[],"[48, 35]",[4],"[7, 40, 94, 21, 22, 70, 87]","[4, 48, 35]","[7, 40, 94, 21, 22, 70, 87]",[],"[48, 35]",[4],7,0,2,1
339,10,5,"[3, 42, 65, 2, 55, 70, 10, 87, 58, 77]","[42, 65, 55, 70, 10, 87, 58, 77]","[3, 2]",0.9711590671952419,0.17866110100940102,2.0,0,0,"[42, 65, 55, 70, 10, 87, 58, 77]","[3, 2]","[42, 65, 55, 70, 10, 87, 58, 77]","[3, 2]","[42, 65, 55, 70, 10, 87, 58, 77]",[],[],"[3, 2]",4,0.3705492913722992,"{""0"": 2.8530263900756836, ""1"": 1.9187633991241455, ""2"": -1.0, ""3"": -1.0}",0,0,"[55, 87, 58, 77]","[3, 42, 65, 2, 70, 10]","[55, 87, 58, 77]","[3, 42, 65, 2, 70, 10]","[55, 87, 58, 77]",[],"[42, 65, 70, 10]","[3, 2]","[55, 87, 58, 77]","[3, 42, 65, 2, 70, 10]","[55, 87, 58, 77]",[],"[42, 65, 70, 10]","[3, 2]",4,0,4,2
340,10,5,"[1, 21, 81, 37, 13, 86, 79, 59, 78, 57]","[21, 81, 37, 13, 86, 79, 59, 78, 57]",[1],0.7194850248457525,0.06753116515723506,2.0,0,0,"[21, 81, 37, 86, 79, 78, 57]","[1, 13, 59]","[21, 81, 37, 86, 79, 78, 57]","[1, 13, 59]","[21, 81, 37, 86, 79, 78, 57]",[],"[13, 59]",[1],2,0.2869662344455719,"{""0"": 2.112851858139038, ""1"": 1.5924482345581055}",0,0,"[21, 79, 78]","[1, 81, 37, 13, 86, 59, 57]","[21, 79, 78]","[1, 81, 37, 13, 86, 59, 57]","[21, 79, 78]",[],"[81, 37, 13, 86, 59, 57]",[1],"[21, 79, 78]","[1, 81, 37, 13, 86, 59, 57]","[21, 79, 78]",[],"[81, 37, 13, 86, 59, 57]",[1],3,0,6,1
341,10,5,"[0, 28, 16, 6, 72, 8, 68, 34, 93, 1]","[28, 16, 6, 72, 8, 68, 34, 93]","[0, 1]",0.6335892685404183,0.05841470077032379,2.0,0,0,"[28, 16, 6, 72, 8, 68, 34, 93]","[0, 1]","[28, 16, 6, 72, 8, 68, 34, 93]","[0, 1]","[28, 16, 6, 72, 8, 68, 34, 93]",[],[],"[0, 1]",2,0.39857804775238037,"{""0"": 1.9828882217407227, ""1"": 4.182206630706787}",1,0,"[28, 16, 72, 68, 34]","[0, 6, 8, 93, 1]","[28, 16, 72, 68, 34]","[0, 6, 8, 93, 1]","[28, 16, 72, 68, 34]",[],"[6, 8, 93]","[0, 1]","[28, 16, 72, 68, 34]","[0, 6, 8, 93, 1]","[28, 16, 72, 68, 34]",[],"[6, 8, 93]","[0, 1]",5,0,3,2
342,10,5,"[4, 70, 45, 93, 34, 33, 68, 59, 71, 74]","[70, 45, 93, 34, 33, 68, 59, 71, 74]",[4],0.7550039618650771,0.19206540452999293,2.0,0,0,"[70, 45, 93, 34, 33, 68, 59, 71, 74]",[4],"[70, 45, 93, 34, 33, 68, 59, 71, 74]",[4],"[70, 45, 93, 34, 33, 68, 59, 71, 74]",[],[],[4],4,0.5350918173789978,"{""0"": 4.729869365692139, ""1"": 1.6547337770462036, ""2"": -1.0, ""3"": -1.0}",0,0,"[45, 34, 33, 68, 74]","[4, 70, 93, 59, 71]","[45, 34, 33, 68, 74]","[4, 70, 93, 59, 71]","[45, 34, 33, 68, 74]",[],"[70, 93, 59, 71]",[4],"[45, 34, 33, 68, 74]","[4, 70, 93, 59, 71]","[45, 34, 33, 68, 74]",[],"[70, 93, 59, 71]",[4],5,0,4,1
343,10,5,"[0, 35, 69, 32, 25, 33, 54, 41, 70, 49]","[35, 69, 32, 25, 33, 54, 41, 70, 49]",[0],0.8838886584239349,0.17436670901707307,2.0,0,0,"[35, 69, 32, 25, 33, 54, 41, 70, 49]",[0],"[35, 69, 32, 25, 33, 54, 41, 70, 49]",[0],"[35, 69, 32, 25, 33, 54, 41, 70, 49]",[],[],[0],2,0.6213480234146118,"{""0"": 2.5193629264831543, ""1"": -1.0}",0,0,"[35, 69, 32, 25, 33, 41, 70, 49]","[0, 54]","[35, 69, 32, 25, 33, 41, 70, 49]","[0, 54]","[35, 69, 32, 25, 33, 41, 70, 49]",[],[54],[0],"[35, 69, 32, 25, 33, 41, 70, 49]","[0, 54]","[35, 69, 32, 25, 33, 41, 70, 49]",[],[54],[0],8,0,1,1
344,10,5,"[3, 95, 82, 18, 50, 8, 24, 13, 28, 9]","[95, 82, 18, 50, 8, 24, 13, 28, 9]",[3],0.7918238603572145,0.05280400946824326,2.0,0,0,"[95, 82, 18, 50, 8, 13, 28]","[3, 24, 9]","[95, 82, 18, 50, 8, 13, 28]","[3, 24, 9]","[95, 82, 18, 50, 8, 13, 28]",[],"[24, 9]",[3],2,0.5536375045776367,"{""0"": 1.866019606590271, ""1"": 3.7096781730651855}",1,0,"[18, 50, 8, 28]","[3, 95, 82, 24, 13, 9]","[18, 50, 8, 28]","[3, 95, 82, 24, 13, 9]","[18, 50, 8, 28]",[],"[95, 82, 24, 13, 9]",[3],"[18, 50, 8, 28]","[3, 95, 82, 24, 13, 9]","[18, 50, 8, 28]",[],"[95, 82, 24, 13, 9]",[3],4,0,5,1
345,10,5,"[4, 89, 3, 55, 91, 96, 94, 54, 39, 8]","[89, 55, 91, 96, 94, 54, 39, 8]","[4, 3]",0.7800481025918358,0.17466977628424285,2.0,0,0,"[89, 55, 91, 96, 94, 54, 39, 8]","[4, 3]","[89, 55, 91, 96, 94, 54, 39, 8]","[4, 3]","[89, 55, 91, 96, 94, 54, 39, 8]",[],[],"[4, 3]",2,0.4282408654689789,"{""0"": 0.8407840132713318, ""1"": 1.711137056350708}",1,0,"[55, 96]","[4, 89, 3, 91, 94, 54, 39, 8]","[55, 96]","[4, 89, 3, 91, 94, 54, 39, 8]","[55, 96]",[],"[89, 91, 94, 54, 39, 8]","[4, 3]","[55, 96]","[4, 89, 3, 91, 94, 54, 39, 8]","[55, 96]",[],"[89, 91, 94, 54, 39, 8]","[4, 3]",2,0,6,2
346,10,5,"[2, 82, 78, 74, 61, 88, 39, 29, 4, 68]","[82, 78, 74, 61, 88, 39, 29, 68]","[2, 4]",0.7475500972441853,0.10319879214203004,2.0,0,0,"[82, 78, 74, 61, 39, 29, 68]","[2, 88, 4]","[82, 78, 74, 61, 39, 29, 68]","[2, 88, 4]","[82, 78, 74, 61, 39, 29, 68]",[],[88],"[2, 4]",2,0.5683557391166687,"{""0"": 3.864947557449341, ""1"": 1.9087767601013184}",0,0,"[82, 78, 74, 39, 68]","[2, 61, 88, 29, 4]","[82, 78, 74, 39, 68]","[2, 61, 88, 29, 4]","[82, 78, 74, 39, 68]",[],"[61, 88, 29]","[2, 4]","[82, 78, 74, 39, 68]","[2, 61, 88, 29, 4]","[82, 78, 74, 39, 68]",[],"[61, 88, 29]","[2, 4]",5,0,3,2
347,10,5,"[3, 93, 72, 1, 90, 28, 57, 68, 23, 83]","[93, 72, 90, 28, 57, 68, 23, 83]","[3, 1]",0.6105544777431046,0.05310472999911464,2.0,0,0,"[93, 72, 90, 28, 57, 68, 23, 83]","[3, 1]","[93, 72, 90, 28, 57, 68, 23, 83]","[3, 1]","[93, 72, 90, 28, 57, 68, 23, 83]",[],[],"[3, 1]",4,0.4099121689796448,"{""0"": 1.5084936618804932, ""1"": -1.0, ""2"": 2.8569679260253906, ""3"": -1.0}",2,0,"[72, 90, 28]","[3, 93, 1, 57, 68, 23, 83]","[72, 90, 28]","[3, 93, 1, 57, 68, 23, 83]","[72, 90, 28]",[],"[93, 57, 68, 23, 83]","[3, 1]","[72, 90, 28]","[3, 93, 1, 57, 68, 23, 83]","[72, 90, 28]",[],"[93, 57, 68, 23, 83]","[3, 1]",3,0,5,2
348,10,5,"[2, 91, 31, 57, 14, 17, 54, 95, 68, 64]","[91, 31, 57, 14, 17, 54, 95, 68, 64]",[2],1.0144347893694043,0.24762238470611003,2.0,0,0,"[91, 31, 57, 14, 17, 54, 95, 68, 64]",[2],"[91, 31, 57, 14, 17, 54, 95, 68, 64]",[2],"[91, 31, 57, 14, 17, 54, 95, 68, 64]",[],[],[2],2,0.45063120126724243,"{""0"": 1.8599611520767212, ""1"": -1.0}",0,0,"[91, 57, 14, 17, 54, 95, 68, 64]","[2, 31]","[91, 57, 14, 17, 54, 95, 68, 64]","[2, 31]","[91, 57, 14, 17, 54, 95, 68, 64]",[],[31],[2],"[91, 57, 14, 17, 54, 95, 68, 64]","[2, 31]","[91, 57, 14, 17, 54, 95, 68, 64]",[],[31],[2],8,0,1,1
349,10,5,"[0, 37, 11, 43, 41, 63, 70, 82, 13, 31]","[37, 11, 43, 41, 63, 70, 82, 13, 31]",[0],0.7880549810221287,0.10318371012505873,2.0,0,0,"[37, 11, 43, 41, 63, 70, 82, 13]","[0, 31]","[37, 11, 43, 41, 63, 70, 82, 13]","[0, 31]","[37, 11, 43, 41, 63, 70, 82, 13]",[],[31],[0],2,0.39564990997314453,"{""0"": 2.6379003524780273, ""1"": -1.0}",0,0,"[37, 11, 41, 63, 70, 82, 13]","[0, 43, 31]","[37, 11, 41, 63, 70, 82, 13]","[0, 43, 31]","[37, 11, 41, 63, 70, 82, 13]",[],"[43, 31]",[0],"[37, 11, 41, 63, 70, 82, 13]","[0, 43, 31]","[37, 11, 41, 63, 70, 82, 13]",[],"[43, 31]",[0],7,0,2,1
350,10,5,"[3, 26, 92, 10, 37, 22, 16, 62, 86, 44]","[26, 92, 10, 37, 22, 16, 62, 86, 44]",[3],0.752227396221758,0.16471584565205988,2.0,0,0,"[26, 92, 10, 37, 22, 16, 62, 86, 44]",[3],"[26, 92, 10, 37, 22, 16, 62, 86, 44]",[3],"[26, 92, 10, 37, 22, 16, 62, 86, 44]",[],[],[3],2,0.4840535521507263,"{""0"": 1.203569769859314, ""1"": -1.0}",0,0,"[26, 92, 37, 22, 16, 62, 86, 44]","[3, 10]","[26, 92, 37, 22, 16, 62, 86, 44]","[3, 10]","[26, 92, 37, 22, 16, 62, 86, 44]",[],[10],[3],"[26, 92, 37, 22, 16, 62, 86, 44]","[3, 10]","[26, 92, 37, 22, 16, 62, 86, 44]",[],[10],[3],8,0,1,1
351,10,5,"[3, 18, 35, 62, 77, 78, 36, 93, 33, 32]","[18, 35, 62, 77, 78, 36, 93, 33, 32]",[3],0.6812350089014122,0.0753607540645822,2.0,0,0,"[18, 35, 62, 77, 78, 36, 93, 33, 32]",[3],"[18, 35, 62, 77, 78, 36, 93, 33, 32]",[3],"[18, 35, 62, 77, 78, 36, 93, 33, 32]",[],[],[3],2,0.3997327387332916,"{""0"": 1.388580322265625, ""1"": -1.0}",0,0,"[18, 35, 77, 78, 36, 93, 33, 32]","[3, 62]","[18, 35, 77, 78, 36, 93, 33, 32]","[3, 62]","[18, 35, 77, 78, 36, 93, 33, 32]",[],[62],[3],"[18, 35, 77, 78, 36, 93, 33, 32]","[3, 62]","[18, 35, 77, 78, 36, 93, 33, 32]",[],[62],[3],8,0,1,1
352,10,5,"[1, 15, 64, 70, 21, 58, 29, 93, 5, 46]","[15, 64, 70, 21, 58, 29, 93, 5, 46]",[1],0.800727379426882,0.14911033759114473,2.0,0,0,"[15, 64, 70, 21, 58, 29, 93, 5, 46]",[1],"[15, 64, 70, 21, 58, 29, 93, 5, 46]",[1],"[15, 64, 70, 21, 58, 29, 93, 5, 46]",[],[],[1],3,0.5465090274810791,"{""0"": 1.8397210836410522, ""1"": 4.423212051391602, ""2"": -1.0}",1,0,"[15, 70, 21, 58, 29, 93]","[1, 64, 5, 46]","[15, 70, 21, 58, 29, 93]","[1, 64, 5, 46]","[15, 70, 21, 58, 29, 93]",[],"[64, 5, 46]",[1],"[15, 70, 21, 58, 29, 93]","[1, 64, 5, 46]","[15, 70, 21, 58, 29, 93]",[],"[64, 5, 46]",[1],6,0,3,1
353,10,5,"[4, 62, 53, 56, 18, 5, 68, 40, 1, 57]","[62, 53, 56, 18, 5, 68, 40, 57]","[4, 1]",0.822602948938343,0.22185807452647333,2.0,0,0,"[62, 53, 56, 18, 5, 68, 40, 57]","[4, 1]","[62, 53, 56, 18, 5, 68, 40, 57]","[4, 1]","[62, 53, 56, 18, 5, 68, 40, 57]",[],[],"[4, 1]",2,0.4708492159843445,"{""0"": 1.5072801113128662, ""1"": -1.0}",0,0,"[62, 53, 56, 18, 68, 40, 57]","[4, 5, 1]","[62, 53, 56, 18, 68, 40, 57]","[4, 5, 1]","[62, 53, 56, 18, 68, 40, 57]",[],[5],"[4, 1]","[62, 53, 56, 18, 68, 40, 57]","[4, 5, 1]","[62, 53, 56, 18, 68, 40, 57]",[],[5],"[4, 1]",7,0,1,2
354,10,5,"[4, 36, 92, 52, 33, 1, 98, 15, 43, 57]","[36, 92, 52, 33, 98, 15, 43, 57]","[4, 1]",0.7313976167318228,0.22853748116514455,2.0,0,0,"[36, 92, 52, 33, 98, 15, 43, 57]","[4, 1]","[36, 92, 52, 33, 98, 15, 43, 57]","[4, 1]","[36, 92, 52, 33, 98, 15, 43, 57]",[],[],"[4, 1]",2,0.5885695815086365,"{""0"": 1.5860990285873413, ""1"": 3.0100817680358887}",1,0,"[92, 52, 33, 98, 43, 57]","[4, 36, 1, 15]","[92, 52, 33, 98, 43, 57]","[4, 36, 1, 15]","[92, 52, 33, 98, 43, 57]",[],"[36, 15]","[4, 1]","[92, 52, 33, 98, 43, 57]","[4, 36, 1, 15]","[92, 52, 33, 98, 43, 57]",[],"[36, 15]","[4, 1]",6,0,2,2
355,10,5,"[3, 38, 53, 50, 18, 15, 77, 79, 90, 63]","[38, 53, 50, 18, 15, 77, 79, 90, 63]",[3],0.6795952151255586,0.15583092674321325,2.0,0,0,"[38, 53, 50, 18, 15, 77, 79, 90, 63]",[3],"[38, 53, 50, 18, 15, 77, 79, 90, 63]",[3],"[38, 53, 50, 18, 15, 77, 79, 90, 63]",[],[],[3],2,0.32282504439353943,"{""0"": 0.47511807084083557, ""1"": -1.0}",0,0,"[38, 53, 50, 18, 77, 79, 90, 63]","[3, 15]","[38, 53, 50, 18, 77, 79, 90, 63]","[3, 15]","[38, 53, 50, 18, 77, 79, 90, 63]",[],[15],[3],"[38, 53, 50, 18, 77, 79, 90, 63]","[3, 15]","[38, 53, 50, 18, 77, 79, 90, 63]",[],[15],[3],8,0,1,1
356,10,5,"[4, 85, 41, 55, 44, 81, 17, 39, 20, 34]","[85, 41, 55, 44, 81, 17, 39, 20, 34]",[4],0.7378894642834821,0.11755327579380048,2.0,0,0,"[85, 41, 55, 44, 81, 39, 20, 34]","[4, 17]","[85, 41, 55, 44, 81, 39, 20, 34]","[4, 17]","[85, 41, 55, 44, 81, 39, 20, 34]",[],[17],[4],4,0.4426320791244507,"{""0"": 1.787947177886963, ""1"": 1.6801875829696655, ""2"": -1.0, ""3"": -1.0}",0,0,"[44, 20]","[4, 85, 41, 55, 81, 17, 39, 34]","[44, 20]","[4, 85, 41, 55, 81, 17, 39, 34]","[44, 20]",[],"[85, 41, 55, 81, 17, 39, 34]",[4],"[44, 20]","[4, 85, 41, 55, 81, 17, 39, 34]","[44, 20]",[],"[85, 41, 55, 81, 17, 39, 34]",[4],2,0,7,1
357,10,5,"[2, 72, 55, 52, 59, 23, 79, 74, 78, 8]","[72, 55, 52, 59, 23, 79, 74, 78, 8]",[2],0.8705985642361873,0.09353023904707669,2.0,0,0,"[72, 55, 52, 59, 23, 79, 74, 78, 8]",[2],"[72, 55, 52, 59, 23, 79, 74, 78, 8]",[2],"[72, 55, 52, 59, 23, 79, 74, 78, 8]",[],[],[2],2,0.3811701238155365,"{""0"": 1.3765510320663452, ""1"": 4.6694254875183105}",1,0,"[72, 55, 52, 23, 74, 78, 8]","[2, 59, 79]","[72, 55, 52, 23, 74, 78, 8]","[2, 59, 79]","[72, 55, 52, 23, 74, 78, 8]",[],"[59, 79]",[2],"[72, 55, 52, 23, 74, 78, 8]","[2, 59, 79]","[72, 55, 52, 23, 74, 78, 8]",[],"[59, 79]",[2],7,0,2,1
358,10,5,"[3, 21, 18, 92, 54, 61, 79, 35, 6, 56]","[21, 18, 92, 54, 61, 79, 35, 6, 56]",[3],0.8442261917524874,0.1619149848310203,2.0,0,0,"[21, 18, 92, 54, 61, 35, 6, 56]","[3, 79]","[21, 18, 92, 54, 61, 35, 6, 56]","[3, 79]","[21, 18, 92, 54, 61, 35, 6, 56]",[],[79],[3],2,0.7029649019241333,"{""0"": 3.1893208026885986, ""1"": -1.0}",0,0,"[21, 18, 92, 61, 35, 6, 56]","[3, 54, 79]","[21, 18, 92, 61, 35, 6, 56]","[3, 54, 79]","[21, 18, 92, 61, 35, 6, 56]",[],"[54, 79]",[3],"[21, 18, 92, 61, 35, 6, 56]","[3, 54, 79]","[21, 18, 92, 61, 35, 6, 56]",[],"[54, 79]",[3],7,0,2,1
359,10,5,"[0, 13, 41, 34, 14, 30, 67, 21, 57, 92]","[13, 41, 34, 14, 30, 67, 21, 57, 92]",[0],0.6842303513906827,0.14372315907295802,2.0,0,0,"[13, 41, 34, 14, 30, 67, 21, 57, 92]",[0],"[13, 41, 34, 14, 30, 67, 21, 57, 92]",[0],"[13, 41, 34, 14, 30, 67, 21, 57, 92]",[],[],[0],2,0.5182986259460449,"{""0"": 1.5922999382019043, ""1"": -1.0}",0,0,"[41, 34, 14, 30, 67, 21, 57, 92]","[0, 13]","[41, 34, 14, 30, 67, 21, 57, 92]","[0, 13]","[41, 34, 14, 30, 67, 21, 57, 92]",[],[13],[0],"[41, 34, 14, 30, 67, 21, 57, 92]","[0, 13]","[41, 34, 14, 30, 67, 21, 57, 92]",[],[13],[0],8,0,1,1
360,10,5,"[1, 72, 53, 86, 69, 68, 28, 31, 79, 18]","[72, 53, 86, 69, 68, 28, 31, 79, 18]",[1],0.6776478141265119,0.13144590299580022,2.0,0,0,"[72, 53, 86, 69, 68, 28, 31, 79, 18]",[1],"[72, 53, 86, 69, 68, 28, 31, 79, 18]",[1],"[72, 53, 86, 69, 68, 28, 31, 79, 18]",[],[],[1],2,0.49485525488853455,"{""0"": 0.8285815119743347, ""1"": -1.0}",0,0,"[72, 53, 86, 69, 68, 28, 79, 18]","[1, 31]","[72, 53, 86, 69, 68, 28, 79, 18]","[1, 31]","[72, 53, 86, 69, 68, 28, 79, 18]",[],[31],[1],"[72, 53, 86, 69, 68, 28, 79, 18]","[1, 31]","[72, 53, 86, 69, 68, 28, 79, 18]",[],[31],[1],8,0,1,1
361,10,5,"[1, 69, 86, 97, 78, 68, 50, 18, 20, 46]","[69, 86, 97, 78, 68, 50, 18, 20, 46]",[1],0.7005964058231365,0.1683364822940161,2.0,0,0,"[69, 86, 97, 78, 68, 50, 18, 20, 46]",[1],"[69, 86, 97, 78, 68, 50, 18, 20, 46]",[1],"[69, 86, 97, 78, 68, 50, 18, 20, 46]",[],[],[1],2,0.6537066102027893,"{""0"": 3.3221728801727295, ""1"": -1.0}",0,0,"[69, 86, 78, 68, 50, 18, 20, 46]","[1, 97]","[69, 86, 78, 68, 50, 18, 20, 46]","[1, 97]","[69, 86, 78, 68, 50, 18, 20, 46]",[],[97],[1],"[69, 86, 78, 68, 50, 18, 20, 46]","[1, 97]","[69, 86, 78, 68, 50, 18, 20, 46]",[],[97],[1],8,0,1,1
362,10,5,"[2, 55, 84, 65, 95, 54, 24, 73, 53, 56]","[55, 84, 65, 95, 54, 24, 73, 53, 56]",[2],0.8812455185837053,0.19249055119728475,2.0,0,0,"[55, 84, 65, 95, 54, 24, 73, 53, 56]",[2],"[55, 84, 65, 95, 54, 24, 73, 53, 56]",[2],"[55, 84, 65, 95, 54, 24, 73, 53, 56]",[],[],[2],2,0.516258180141449,"{""0"": 2.8298137187957764, ""1"": 1.7236924171447754}",0,0,"[55, 84, 65, 24, 73, 53, 56]","[2, 95, 54]","[55, 84, 65, 24, 73, 53, 56]","[2, 95, 54]","[55, 84, 65, 24, 73, 53, 56]",[],"[95, 54]",[2],"[55, 84, 65, 24, 73, 53, 56]","[2, 95, 54]","[55, 84, 65, 24, 73, 53, 56]",[],"[95, 54]",[2],7,0,2,1
363,10,5,"[0, 8, 30, 47, 52, 48, 64, 35, 83, 71]","[8, 30, 47, 52, 48, 64, 35, 83, 71]",[0],0.919240398275015,0.17538454123319536,2.0,0,0,"[8, 30, 47, 52, 48, 64, 35, 83, 71]",[0],"[8, 30, 47, 52, 48, 64, 35, 83, 71]",[0],"[8, 30, 47, 52, 48, 64, 35, 83, 71]",[],[],[0],2,0.553745448589325,"{""0"": 4.582347869873047, ""1"": -1.0}",0,0,"[8, 47, 52, 48, 64, 35, 83, 71]","[0, 30]","[8, 47, 52, 48, 64, 35, 83, 71]","[0, 30]","[8, 47, 52, 48, 64, 35, 83, 71]",[],[30],[0],"[8, 47, 52, 48, 64, 35, 83, 71]","[0, 30]","[8, 47, 52, 48, 64, 35, 83, 71]",[],[30],[0],8,0,1,1
364,10,5,"[0, 72, 40, 26, 63, 84, 11, 91, 99, 75]","[72, 40, 26, 63, 84, 11, 91, 99, 75]",[0],0.6485836897033046,0.05854318802485903,2.0,0,0,"[72, 40, 26, 63, 84, 91, 99, 75]","[0, 11]","[72, 40, 26, 63, 84, 91, 99, 75]","[0, 11]","[72, 40, 26, 63, 84, 91, 99, 75]",[],[11],[0],2,0.3848773241043091,"{""0"": 1.812568187713623, ""1"": -1.0}",0,0,"[72, 40, 26, 63, 84, 91, 99]","[0, 11, 75]","[72, 40, 26, 63, 84, 91, 99]","[0, 11, 75]","[72, 40, 26, 63, 84, 91, 99]",[],"[11, 75]",[0],"[72, 40, 26, 63, 84, 91, 99]","[0, 11, 75]","[72, 40, 26, 63, 84, 91, 99]",[],"[11, 75]",[0],7,0,2,1
365,10,5,"[1, 53, 19, 62, 30, 81, 47, 0, 83, 52]","[53, 19, 62, 30, 81, 47, 83, 52]","[1, 0]",0.9690971794403489,0.11076662523610048,2.0,0,0,"[53, 19, 62, 30, 81, 47, 83, 52]","[1, 0]","[53, 19, 62, 30, 81, 47, 83, 52]","[1, 0]","[53, 19, 62, 30, 81, 47, 83, 52]",[],[],"[1, 0]",2,0.479993999004364,"{""0"": 2.1887595653533936, ""1"": -1.0}",0,0,"[53, 19, 30, 81, 47, 83, 52]","[1, 62, 0]","[53, 19, 30, 81, 47, 83, 52]","[1, 62, 0]","[53, 19, 30, 81, 47, 83, 52]",[],[62],"[1, 0]","[53, 19, 30, 81, 47, 83, 52]","[1, 62, 0]","[53, 19, 30, 81, 47, 83, 52]",[],[62],"[1, 0]",7,0,1,2
366,10,5,"[0, 7, 94, 10, 20, 55, 53, 37, 50, 82]","[7, 94, 10, 20, 55, 53, 37, 50, 82]",[0],0.7324935530655409,0.1678992262930718,2.0,0,0,"[7, 94, 10, 20, 55, 53, 37, 50, 82]",[0],"[7, 94, 10, 20, 55, 53, 37, 50, 82]",[0],"[7, 94, 10, 20, 55, 53, 37, 50, 82]",[],[],[0],2,0.7174888253211975,"{""0"": 4.122601509094238, ""1"": -1.0}",0,0,"[7, 94, 10, 20, 55, 53, 37, 50]","[0, 82]","[7, 94, 10, 20, 55, 53, 37, 50]","[0, 82]","[7, 94, 10, 20, 55, 53, 37, 50]",[],[82],[0],"[7, 94, 10, 20, 55, 53, 37, 50]","[0, 82]","[7, 94, 10, 20, 55, 53, 37, 50]",[],[82],[0],8,0,1,1
367,10,5,"[0, 75, 56, 10, 37, 78, 5, 73, 11, 1]","[75, 56, 10, 37, 78, 5, 73, 11]","[0, 1]",0.8129718996155897,0.28061266960832787,2.0,0,0,"[75, 56, 10, 37, 78, 5, 73, 11]","[0, 1]","[75, 56, 10, 37, 78, 5, 73, 11]","[0, 1]","[75, 56, 10, 37, 78, 5, 73, 11]",[],[],"[0, 1]",2,0.5911071300506592,"{""0"": 2.203211545944214, ""1"": -1.0}",0,0,"[75, 56, 10, 37, 78, 5, 11]","[0, 73, 1]","[75, 56, 10, 37, 78, 5, 11]","[0, 73, 1]","[75, 56, 10, 37, 78, 5, 11]",[],[73],"[0, 1]","[75, 56, 10, 37, 78, 5, 11]","[0, 73, 1]","[75, 56, 10, 37, 78, 5, 11]",[],[73],"[0, 1]",7,0,1,2
368,10,5,"[0, 77, 14, 56, 51, 46, 86, 76, 42, 40]","[77, 14, 56, 51, 46, 86, 76, 42, 40]",[0],0.7471606264149269,0.09465298640056924,2.0,0,0,"[77, 14, 56, 51, 46, 86, 76, 42, 40]",[0],"[77, 14, 56, 51, 46, 86, 76, 42, 40]",[0],"[77, 14, 56, 51, 46, 86, 76, 42, 40]",[],[],[0],2,0.4263525605201721,"{""0"": 3.32570743560791, ""1"": 2.495800733566284}",0,0,"[14, 51, 46, 86, 76, 42]","[0, 77, 56, 40]","[14, 51, 46, 86, 76, 42]","[0, 77, 56, 40]","[14, 51, 46, 86, 76, 42]",[],"[77, 56, 40]",[0],"[14, 51, 46, 86, 76, 42]","[0, 77, 56, 40]","[14, 51, 46, 86, 76, 42]",[],"[77, 56, 40]",[0],6,0,3,1
369,10,5,"[2, 40, 93, 32, 5, 7, 13, 61, 67, 35]","[40, 93, 32, 5, 7, 13, 61, 67, 35]",[2],0.8797216059488742,0.1670821277156656,2.0,0,0,"[40, 93, 32, 7, 13, 61, 67, 35]","[2, 5]","[40, 93, 32, 7, 13, 61, 67, 35]","[2, 5]","[40, 93, 32, 7, 13, 61, 67, 35]",[],[5],[2],2,0.49372735619544983,"{""0"": 3.450974464416504, ""1"": 2.8917298316955566}",0,0,"[7, 13, 61, 67, 35]","[2, 40, 93, 32, 5]","[7, 13, 61, 67, 35]","[2, 40, 93, 32, 5]","[7, 13, 61, 67, 35]",[],"[40, 93, 32, 5]",[2],"[7, 13, 61, 67, 35]","[2, 40, 93, 32, 5]","[7, 13, 61, 67, 35]",[],"[40, 93, 32, 5]",[2],5,0,4,1
370,10,5,"[3, 17, 84, 95, 63, 94, 39, 98, 89, 21]","[17, 84, 95, 63, 94, 39, 98, 89, 21]",[3],0.6774065452830373,0.09324692100911963,2.0,0,0,"[84, 63, 94, 39, 98, 21]","[3, 17, 95, 89]","[84, 63, 94, 39, 98, 21]","[3, 17, 95, 89]","[84, 63, 94, 39, 98, 21]",[],"[17, 95, 89]",[3],2,0.543653666973114,"{""0"": 4.420400619506836, ""1"": -1.0}",0,0,"[84, 63, 94, 98, 21]","[3, 17, 95, 39, 89]","[84, 63, 94, 98, 21]","[3, 17, 95, 39, 89]","[84, 63, 94, 98, 21]",[],"[17, 95, 39, 89]",[3],"[84, 63, 94, 98, 21]","[3, 17, 95, 39, 89]","[84, 63, 94, 98, 21]",[],"[17, 95, 39, 89]",[3],5,0,4,1
371,10,5,"[0, 83, 41, 24, 92, 17, 44, 86, 87, 71]","[83, 41, 24, 92, 17, 44, 86, 87, 71]",[0],0.8409760179131522,0.1344655189197425,2.0,0,0,"[83, 41, 24, 92, 17, 44, 86, 87, 71]",[0],"[83, 41, 24, 92, 17, 44, 86, 87, 71]",[0],"[83, 41, 24, 92, 17, 44, 86, 87, 71]",[],[],[0],2,0.620130181312561,"{""0"": 3.3805856704711914, ""1"": 1.9904009103775024}",0,0,"[83, 24, 92, 17, 44, 86, 87]","[0, 41, 71]","[83, 24, 92, 17, 44, 86, 87]","[0, 41, 71]","[83, 24, 92, 17, 44, 86, 87]",[],"[41, 71]",[0],"[83, 24, 92, 17, 44, 86, 87]","[0, 41, 71]","[83, 24, 92, 17, 44, 86, 87]",[],"[41, 71]",[0],7,0,2,1
372,10,5,"[4, 65, 59, 88, 26, 8, 64, 21, 14, 53]","[65, 59, 88, 26, 8, 64, 21, 14, 53]",[4],1.2766201048807546,0.18248676585211454,2.0,0,0,"[65, 59, 88, 26, 8, 64, 21, 14, 53]",[4],"[65, 59, 88, 26, 8, 64, 21, 14, 53]",[4],"[65, 59, 88, 26, 8, 64, 21, 14, 53]",[],[],[4],2,0.48648956418037415,"{""0"": 1.0394196510314941, ""1"": -1.0}",0,0,"[65, 59, 88, 8, 64, 21, 14, 53]","[4, 26]","[65, 59, 88, 8, 64, 21, 14, 53]","[4, 26]","[65, 59, 88, 8, 64, 21, 14, 53]",[],[26],[4],"[65, 59, 88, 8, 64, 21, 14, 53]","[4, 26]","[65, 59, 88, 8, 64, 21, 14, 53]",[],[26],[4],8,0,1,1
373,10,5,"[3, 48, 52, 73, 14, 6, 96, 58, 8, 81]","[48, 52, 73, 14, 6, 96, 58, 8, 81]",[3],0.7763036583087666,0.12194618045105088,2.0,0,0,"[48, 52, 14, 6, 96, 58, 8, 81]","[3, 73]","[48, 52, 14, 6, 96, 58, 8, 81]","[3, 73]","[48, 52, 14, 6, 96, 58, 8, 81]",[],[73],[3],3,0.47583502531051636,"{""0"": 2.838299512863159, ""1"": 2.7469637393951416, ""2"": 1.7200944423675537}",0,0,"[48, 52, 6]","[3, 73, 14, 96, 58, 8, 81]","[48, 52, 6]","[3, 73, 14, 96, 58, 8, 81]","[48, 52, 6]",[],"[73, 14, 96, 58, 8, 81]",[3],"[48, 52, 6]","[3, 73, 14, 96, 58, 8, 81]","[48, 52, 6]",[],"[73, 14, 96, 58, 8, 81]",[3],3,0,6,1
374,10,5,"[4, 87, 86, 52, 97, 9, 16, 64, 12, 28]","[87, 86, 52, 97, 9, 16, 64, 12, 28]",[4],0.8422611811281633,0.19525470167839437,2.0,0,0,"[87, 86, 52, 97, 9, 16, 64, 12, 28]",[4],"[87, 86, 52, 97, 9, 16, 64, 12, 28]",[4],"[87, 86, 52, 97, 9, 16, 64, 12, 28]",[],[],[4],2,0.6367143392562866,"{""0"": 2.4072396755218506, ""1"": -1.0}",0,0,"[87, 86, 52, 9, 16, 64, 12, 28]","[4, 97]","[87, 86, 52, 9, 16, 64, 12, 28]","[4, 97]","[87, 86, 52, 9, 16, 64, 12, 28]",[],[97],[4],"[87, 86, 52, 9, 16, 64, 12, 28]","[4, 97]","[87, 86, 52, 9, 16, 64, 12, 28]",[],[97],[4],8,0,1,1
375,10,5,"[2, 0, 82, 19, 46, 5, 3, 53, 35, 23]","[82, 19, 46, 5, 53, 35, 23]","[2, 0, 3]",0.9137362238253407,0.26820874927072497,2.0,0,0,"[82, 19, 46, 5, 53, 35, 23]","[2, 0, 3]","[82, 19, 46, 5, 53, 35, 23]","[2, 0, 3]","[82, 19, 46, 5, 53, 35, 23]",[],[],"[2, 0, 3]",3,0.44861680269241333,"{""0"": 1.7640845775604248, ""1"": -1.0, ""2"": 2.528743028640747}",2,0,"[82, 46, 5, 53]","[2, 0, 19, 3, 35, 23]","[82, 46, 5, 53]","[2, 0, 19, 3, 35, 23]","[82, 46, 5, 53]",[],"[19, 35, 23]","[2, 0, 3]","[82, 46, 5, 53]","[2, 0, 19, 3, 35, 23]","[82, 46, 5, 53]",[],"[19, 35, 23]","[2, 0, 3]",4,0,3,3
376,10,5,"[1, 59, 54, 33, 32, 40, 74, 83, 98, 86]","[59, 54, 33, 32, 40, 74, 83, 98, 86]",[1],0.731155106961732,0.1425120348900243,2.0,0,0,"[59, 54, 33, 32, 40, 74, 83, 98, 86]",[1],"[59, 54, 33, 32, 40, 74, 83, 98, 86]",[1],"[59, 54, 33, 32, 40, 74, 83, 98, 86]",[],[],[1],2,0.5790068507194519,"{""0"": 1.4402813911437988, ""1"": -1.0}",0,0,"[59, 33, 32, 40, 74, 83, 98, 86]","[1, 54]","[59, 33, 32, 40, 74, 83, 98, 86]","[1, 54]","[59, 33, 32, 40, 74, 83, 98, 86]",[],[54],[1],"[59, 33, 32, 40, 74, 83, 98, 86]","[1, 54]","[59, 33, 32, 40, 74, 83, 98, 86]",[],[54],[1],8,0,1,1
377,10,5,"[3, 44, 18, 56, 87, 88, 46, 8, 41, 25]","[44, 18, 56, 87, 88, 46, 8, 41, 25]",[3],0.7436843515231092,0.1776260964431397,2.0,0,0,"[44, 18, 56, 87, 46, 8, 41, 25]","[3, 88]","[44, 18, 56, 87, 46, 8, 41, 25]","[3, 88]","[44, 18, 56, 87, 46, 8, 41, 25]",[],[88],[3],2,0.6088240742683411,"{""0"": 3.5896198749542236, ""1"": -1.0}",0,0,"[44, 18, 56, 87, 8, 41, 25]","[3, 88, 46]","[44, 18, 56, 87, 8, 41, 25]","[3, 88, 46]","[44, 18, 56, 87, 8, 41, 25]",[],"[88, 46]",[3],"[44, 18, 56, 87, 8, 41, 25]","[3, 88, 46]","[44, 18, 56, 87, 8, 41, 25]",[],"[88, 46]",[3],7,0,2,1
378,10,5,"[2, 64, 63, 87, 34, 11, 53, 1, 21, 66]","[64, 63, 87, 34, 11, 53, 21, 66]","[2, 1]",0.7649718495653571,0.13160170082513162,2.0,0,0,"[64, 63, 87, 34, 11, 53, 21, 66]","[2, 1]","[64, 63, 87, 34, 11, 53, 21, 66]","[2, 1]","[64, 63, 87, 34, 11, 53, 21, 66]",[],[],"[2, 1]",3,0.4338718354701996,"{""0"": 1.286454200744629, ""1"": 3.3557958602905273, ""2"": 1.8878633975982666}",1,0,"[64, 87, 53, 21]","[2, 63, 34, 11, 1, 66]","[64, 87, 53, 21]","[2, 63, 34, 11, 1, 66]","[64, 87, 53, 21]",[],"[63, 34, 11, 66]","[2, 1]","[64, 87, 53, 21]","[2, 63, 34, 11, 1, 66]","[64, 87, 53, 21]",[],"[63, 34, 11, 66]","[2, 1]",4,0,4,2
379,10,5,"[2, 90, 74, 46, 25, 92, 71, 69, 93, 64]","[90, 74, 46, 25, 92, 71, 69, 93, 64]",[2],0.6869263022513074,0.12803566923712645,2.0,0,0,"[90, 74, 46, 25, 92, 71, 69, 93, 64]",[2],"[90, 74, 46, 25, 92, 71, 69, 93, 64]",[2],"[90, 74, 46, 25, 92, 71, 69, 93, 64]",[],[],[2],3,0.5726348757743835,"{""0"": 4.680041313171387, ""1"": 1.9668159484863281, ""2"": -1.0}",0,0,"[90, 74, 25, 92, 69, 93]","[2, 46, 71, 64]","[90, 74, 25, 92, 69, 93]","[2, 46, 71, 64]","[90, 74, 25, 92, 69, 93]",[],"[46, 71, 64]",[2],"[90, 74, 25, 92, 69, 93]","[2, 46, 71, 64]","[90, 74, 25, 92, 69, 93]",[],"[46, 71, 64]",[2],6,0,3,1
380,10,5,"[2, 46, 77, 82, 72, 64, 41, 73, 95, 24]","[46, 77, 82, 72, 64, 41, 73, 95, 24]",[2],0.8119292826985713,0.15633828281344947,2.0,0,0,"[46, 77, 82, 72, 64, 41, 95, 24]","[2, 73]","[46, 77, 82, 72, 64, 41, 95, 24]","[2, 73]","[46, 77, 82, 72, 64, 41, 95, 24]",[],[73],[2],2,0.3608176112174988,"{""0"": 1.9181405305862427, ""1"": -1.0}",0,0,"[46, 77, 82, 72, 64, 41, 24]","[2, 73, 95]","[46, 77, 82, 72, 64, 41, 24]","[2, 73, 95]","[46, 77, 82, 72, 64, 41, 24]",[],"[73, 95]",[2],"[46, 77, 82, 72, 64, 41, 24]","[2, 73, 95]","[46, 77, 82, 72, 64, 41, 24]",[],"[73, 95]",[2],7,0,2,1
381,10,5,"[0, 34, 93, 9, 87, 45, 42, 21, 68, 95]","[34, 93, 9, 87, 45, 42, 21, 68, 95]",[0],0.7128269941212771,0.1864399841495688,2.0,0,0,"[34, 93, 9, 87, 45, 42, 21, 68, 95]",[0],"[34, 93, 9, 87, 45, 42, 21, 68, 95]",[0],"[34, 93, 9, 87, 45, 42, 21, 68, 95]",[],[],[0],2,0.5878079533576965,"{""0"": 3.5910391807556152, ""1"": -1.0}",0,0,"[34, 93, 9, 87, 45, 42, 21, 68]","[0, 95]","[34, 93, 9, 87, 45, 42, 21, 68]","[0, 95]","[34, 93, 9, 87, 45, 42, 21, 68]",[],[95],[0],"[34, 93, 9, 87, 45, 42, 21, 68]","[0, 95]","[34, 93, 9, 87, 45, 42, 21, 68]",[],[95],[0],8,0,1,1
382,10,5,"[1, 98, 30, 7, 13, 52, 36, 94, 3, 85]","[98, 30, 7, 13, 52, 36, 94, 85]","[1, 3]",0.7527691835933927,0.14205081992444796,2.0,0,0,"[98, 30, 7, 13, 52, 36, 94, 85]","[1, 3]","[98, 30, 7, 13, 52, 36, 94, 85]","[1, 3]","[98, 30, 7, 13, 52, 36, 94, 85]",[],[],"[1, 3]",3,0.4111389219760895,"{""0"": 3.0861001014709473, ""1"": 2.9092037677764893, ""2"": -1.0}",0,0,"[30, 52, 36, 94]","[1, 98, 7, 13, 3, 85]","[30, 52, 36, 94]","[1, 98, 7, 13, 3, 85]","[30, 52, 36, 94]",[],"[98, 7, 13, 85]","[1, 3]","[30, 52, 36, 94]","[1, 98, 7, 13, 3, 85]","[30, 52, 36, 94]",[],"[98, 7, 13, 85]","[1, 3]",4,0,4,2
383,10,5,"[1, 81, 18, 78, 64, 59, 91, 36, 38, 83]","[81, 18, 78, 64, 59, 91, 36, 38, 83]",[1],0.7069061913237502,0.10455581201093989,2.0,0,0,"[81, 18, 78, 64, 59, 91, 38, 83]","[1, 36]","[81, 18, 78, 64, 59, 91, 38, 83]","[1, 36]","[81, 18, 78, 64, 59, 91, 38, 83]",[],[36],[1],2,0.2984137535095215,"{""0"": 0.02755771204829216, ""1"": -1.0}",0,0,"[81, 18, 78, 59, 91, 38, 83]","[1, 64, 36]","[81, 18, 78, 59, 91, 38, 83]","[1, 64, 36]","[81, 18, 78, 59, 91, 38, 83]",[],"[64, 36]",[1],"[81, 18, 78, 59, 91, 38, 83]","[1, 64, 36]","[81, 18, 78, 59, 91, 38, 83]",[],"[64, 36]",[1],7,0,2,1
384,10,5,"[2, 30, 92, 19, 76, 90, 40, 45, 87, 59]","[30, 92, 19, 76, 90, 40, 45, 87, 59]",[2],0.899700676084134,0.09964349503804104,2.0,0,0,"[30, 92, 76, 90, 45, 87, 59]","[2, 19, 40]","[30, 92, 76, 90, 45, 87, 59]","[2, 19, 40]","[30, 92, 76, 90, 45, 87, 59]",[],"[19, 40]",[2],2,0.6116766929626465,"{""0"": 4.590273380279541, ""1"": -1.0}",0,0,"[30, 92, 76, 90, 45, 87]","[2, 19, 40, 59]","[30, 92, 76, 90, 45, 87]","[2, 19, 40, 59]","[30, 92, 76, 90, 45, 87]",[],"[19, 40, 59]",[2],"[30, 92, 76, 90, 45, 87]","[2, 19, 40, 59]","[30, 92, 76, 90, 45, 87]",[],"[19, 40, 59]",[2],6,0,3,1
385,10,5,"[4, 55, 64, 89, 83, 94, 37, 91, 7, 38]","[55, 64, 89, 83, 94, 37, 91, 7, 38]",[4],0.7008272624715985,0.0694943345375913,2.0,0,0,"[55, 64, 83, 94, 37, 91, 7, 38]","[4, 89]","[55, 64, 83, 94, 37, 91, 7, 38]","[4, 89]","[55, 64, 83, 94, 37, 91, 7, 38]",[],[89],[4],2,0.48167067766189575,"{""0"": 2.2694108486175537, ""1"": -1.0}",0,0,"[64, 83, 94, 37, 91, 7, 38]","[4, 55, 89]","[64, 83, 94, 37, 91, 7, 38]","[4, 55, 89]","[64, 83, 94, 37, 91, 7, 38]",[],"[55, 89]",[4],"[64, 83, 94, 37, 91, 7, 38]","[4, 55, 89]","[64, 83, 94, 37, 91, 7, 38]",[],"[55, 89]",[4],7,0,2,1
386,10,5,"[3, 59, 17, 34, 82, 98, 51, 93, 36, 80]","[59, 17, 34, 82, 98, 51, 93, 36, 80]",[3],0.6884805070828348,0.09245165708385689,2.0,0,0,"[59, 17, 34, 82, 98, 51, 93, 36, 80]",[3],"[59, 17, 34, 82, 98, 51, 93, 36, 80]",[3],"[59, 17, 34, 82, 98, 51, 93, 36, 80]",[],[],[3],2,0.45740774273872375,"{""0"": 1.31252920627594, ""1"": -1.0}",0,0,"[17, 34, 82, 98, 51, 93, 36, 80]","[3, 59]","[17, 34, 82, 98, 51, 93, 36, 80]","[3, 59]","[17, 34, 82, 98, 51, 93, 36, 80]",[],[59],[3],"[17, 34, 82, 98, 51, 93, 36, 80]","[3, 59]","[17, 34, 82, 98, 51, 93, 36, 80]",[],[59],[3],8,0,1,1
387,10,5,"[3, 20, 95, 66, 28, 85, 38, 14, 73, 1]","[20, 95, 66, 28, 85, 38, 14, 73]","[3, 1]",0.7516806318741932,0.17811976356467996,2.0,0,0,"[20, 95, 66, 28, 85, 38, 14, 73]","[3, 1]","[20, 95, 66, 28, 85, 38, 14, 73]","[3, 1]","[20, 95, 66, 28, 85, 38, 14, 73]",[],[],"[3, 1]",3,0.48995956778526306,"{""0"": 2.8047358989715576, ""1"": 2.6718177795410156, ""2"": -1.0}",0,0,"[66, 85, 73]","[3, 20, 95, 28, 38, 14, 1]","[66, 85, 73]","[3, 20, 95, 28, 38, 14, 1]","[66, 85, 73]",[],"[20, 95, 28, 38, 14]","[3, 1]","[66, 85, 73]","[3, 20, 95, 28, 38, 14, 1]","[66, 85, 73]",[],"[20, 95, 28, 38, 14]","[3, 1]",3,0,5,2
388,10,5,"[3, 58, 81, 85, 10, 2, 5, 77, 74, 57]","[58, 81, 85, 10, 5, 77, 74, 57]","[3, 2]",1.0603677159525375,0.16778369388310577,2.0,0,0,"[58, 81, 85, 10, 77, 74, 57]","[3, 2, 5]","[58, 81, 85, 10, 77, 74, 57]","[3, 2, 5]","[58, 81, 85, 10, 77, 74, 57]",[],[5],"[3, 2]",2,0.49870941042900085,"{""0"": 2.1352081298828125, ""1"": 1.8208391666412354}",0,0,"[58, 10, 77, 74, 57]","[3, 81, 85, 2, 5]","[58, 10, 77, 74, 57]","[3, 81, 85, 2, 5]","[58, 10, 77, 74, 57]",[],"[81, 85, 5]","[3, 2]","[58, 10, 77, 74, 57]","[3, 81, 85, 2, 5]","[58, 10, 77, 74, 57]",[],"[81, 85, 5]","[3, 2]",5,0,3,2
389,10,5,"[4, 38, 23, 79, 66, 22, 75, 73, 32, 9]","[38, 23, 79, 66, 22, 75, 73, 32, 9]",[4],0.739809925244346,0.0790659239943507,2.0,0,0,"[38, 23, 79, 66, 22, 75, 32, 9]","[4, 73]","[38, 23, 79, 66, 22, 75, 32, 9]","[4, 73]","[38, 23, 79, 66, 22, 75, 32, 9]",[],[73],[4],2,0.5042929649353027,"{""0"": 4.221704959869385, ""1"": 1.8221765756607056}",0,0,"[38, 23, 79, 22, 32, 9]","[4, 66, 75, 73]","[38, 23, 79, 22, 32, 9]","[4, 66, 75, 73]","[38, 23, 79, 22, 32, 9]",[],"[66, 75, 73]",[4],"[38, 23, 79, 22, 32, 9]","[4, 66, 75, 73]","[38, 23, 79, 22, 32, 9]",[],"[66, 75, 73]",[4],6,0,3,1
390,10,5,"[3, 82, 34, 17, 16, 65, 55, 46, 45, 78]","[82, 34, 17, 16, 65, 55, 46, 45, 78]",[3],0.9467056869534378,0.1477731900616155,2.0,0,0,"[82, 34, 17, 16, 65, 55, 46, 45, 78]",[3],"[82, 34, 17, 16, 65, 55, 46, 45, 78]",[3],"[82, 34, 17, 16, 65, 55, 46, 45, 78]",[],[],[3],2,0.4499369263648987,"{""0"": 0.8971822261810303, ""1"": -1.0}",0,0,"[82, 34, 17, 16, 65, 55, 45, 78]","[3, 46]","[82, 34, 17, 16, 65, 55, 45, 78]","[3, 46]","[82, 34, 17, 16, 65, 55, 45, 78]",[],[46],[3],"[82, 34, 17, 16, 65, 55, 45, 78]","[3, 46]","[82, 34, 17, 16, 65, 55, 45, 78]",[],[46],[3],8,0,1,1
391,10,5,"[3, 7, 99, 24, 37, 67, 76, 10, 0, 44]","[7, 99, 24, 37, 67, 76, 10, 44]","[3, 0]",0.7860040331773943,0.1575012676254901,2.0,0,0,"[7, 99, 24, 37, 67, 76, 10, 44]","[3, 0]","[7, 99, 24, 37, 67, 76, 10, 44]","[3, 0]","[7, 99, 24, 37, 67, 76, 10, 44]",[],[],"[3, 0]",2,0.5658606290817261,"{""0"": 1.1496894359588623, ""1"": -1.0}",0,0,"[7, 99, 24, 37, 67, 76, 44]","[3, 10, 0]","[7, 99, 24, 37, 67, 76, 44]","[3, 10, 0]","[7, 99, 24, 37, 67, 76, 44]",[],[10],"[3, 0]","[7, 99, 24, 37, 67, 76, 44]","[3, 10, 0]","[7, 99, 24, 37, 67, 76, 44]",[],[10],"[3, 0]",7,0,1,2
392,10,5,"[2, 61, 73, 74, 12, 47, 99, 68, 96, 34]","[61, 73, 74, 12, 47, 99, 68, 96, 34]",[2],0.7626813930268479,0.1131615874528365,2.0,0,0,"[61, 73, 74, 12, 47, 99, 68, 96, 34]",[2],"[61, 73, 74, 12, 47, 99, 68, 96, 34]",[2],"[61, 73, 74, 12, 47, 99, 68, 96, 34]",[],[],[2],2,0.4922056198120117,"{""0"": 1.390136480331421, ""1"": -1.0}",0,0,"[61, 74, 12, 47, 99, 68, 96, 34]","[2, 73]","[61, 74, 12, 47, 99, 68, 96, 34]","[2, 73]","[61, 74, 12, 47, 99, 68, 96, 34]",[],[73],[2],"[61, 74, 12, 47, 99, 68, 96, 34]","[2, 73]","[61, 74, 12, 47, 99, 68, 96, 34]",[],[73],[2],8,0,1,1
393,10,5,"[1, 34, 87, 45, 49, 15, 84, 19, 99, 29]","[34, 87, 45, 49, 15, 84, 19, 99, 29]",[1],0.740174100078629,0.05943970231360407,2.0,0,0,"[34, 87, 45, 15, 84, 19, 99, 29]","[1, 49]","[34, 87, 45, 15, 84, 19, 99, 29]","[1, 49]","[34, 87, 45, 15, 84, 19, 99, 29]",[],[49],[1],2,0.48830050230026245,"{""0"": 1.6662312746047974, ""1"": -1.0}",0,0,"[34, 87, 45, 15, 84, 19, 99]","[1, 49, 29]","[34, 87, 45, 15, 84, 19, 99]","[1, 49, 29]","[34, 87, 45, 15, 84, 19, 99]",[],"[49, 29]",[1],"[34, 87, 45, 15, 84, 19, 99]","[1, 49, 29]","[34, 87, 45, 15, 84, 19, 99]",[],"[49, 29]",[1],7,0,2,1
394,10,5,"[2, 27, 34, 36, 8, 92, 60, 89, 4, 66]","[27, 34, 36, 8, 92, 60, 89, 66]","[2, 4]",0.7349288074779363,0.13564541959445525,2.0,0,0,"[27, 34, 36, 8, 92, 60, 89, 66]","[2, 4]","[27, 34, 36, 8, 92, 60, 89, 66]","[2, 4]","[27, 34, 36, 8, 92, 60, 89, 66]",[],[],"[2, 4]",3,0.636919379234314,"{""0"": 1.9570209980010986, ""1"": 4.033289909362793, ""2"": -1.0}",1,0,"[27, 34, 92, 60, 66]","[2, 36, 8, 89, 4]","[27, 34, 92, 60, 66]","[2, 36, 8, 89, 4]","[27, 34, 92, 60, 66]",[],"[36, 8, 89]","[2, 4]","[27, 34, 92, 60, 66]","[2, 36, 8, 89, 4]","[27, 34, 92, 60, 66]",[],"[36, 8, 89]","[2, 4]",5,0,3,2
395,10,5,"[0, 54, 84, 28, 10, 94, 31, 76, 43, 79]","[54, 84, 28, 10, 94, 31, 76, 43, 79]",[0],0.7084063261627462,0.14052355725928123,2.0,0,0,"[54, 84, 28, 10, 94, 31, 76, 43, 79]",[0],"[54, 84, 28, 10, 94, 31, 76, 43, 79]",[0],"[54, 84, 28, 10, 94, 31, 76, 43, 79]",[],[],[0],3,0.6111194491386414,"{""0"": 5.650096416473389, ""1"": -1.0, ""2"": -1.0}",0,0,"[84, 28, 94, 31, 76, 43, 79]","[0, 54, 10]","[84, 28, 94, 31, 76, 43, 79]","[0, 54, 10]","[84, 28, 94, 31, 76, 43, 79]",[],"[54, 10]",[0],"[84, 28, 94, 31, 76, 43, 79]","[0, 54, 10]","[84, 28, 94, 31, 76, 43, 79]",[],"[54, 10]",[0],7,0,2,1
396,10,5,"[2, 31, 42, 58, 70, 96, 84, 35, 80, 3]","[31, 42, 58, 70, 96, 84, 35, 80]","[2, 3]",0.7388220996049031,0.0824700520460202,2.0,0,0,"[31, 42, 58, 70, 96, 84, 35, 80]","[2, 3]","[31, 42, 58, 70, 96, 84, 35, 80]","[2, 3]","[31, 42, 58, 70, 96, 84, 35, 80]",[],[],"[2, 3]",2,0.7467780113220215,"{""0"": 3.315538167953491, ""1"": -1.0}",0,0,"[42, 58, 70, 96, 84, 35, 80]","[2, 31, 3]","[42, 58, 70, 96, 84, 35, 80]","[2, 31, 3]","[42, 58, 70, 96, 84, 35, 80]",[],[31],"[2, 3]","[42, 58, 70, 96, 84, 35, 80]","[2, 31, 3]","[42, 58, 70, 96, 84, 35, 80]",[],[31],"[2, 3]",7,0,1,2
397,10,5,"[3, 27, 89, 94, 16, 20, 67, 21, 10, 82]","[27, 89, 94, 16, 20, 67, 21, 10, 82]",[3],0.7877199078422368,0.1348415514671943,2.0,0,0,"[27, 89, 94, 16, 20, 67, 21, 10, 82]",[3],"[27, 89, 94, 16, 20, 67, 21, 10, 82]",[3],"[27, 89, 94, 16, 20, 67, 21, 10, 82]",[],[],[3],2,0.7365354895591736,"{""0"": 3.992241382598877, ""1"": -1.0}",0,0,"[27, 89, 94, 16, 20, 67, 21, 82]","[3, 10]","[27, 89, 94, 16, 20, 67, 21, 82]","[3, 10]","[27, 89, 94, 16, 20, 67, 21, 82]",[],[10],[3],"[27, 89, 94, 16, 20, 67, 21, 82]","[3, 10]","[27, 89, 94, 16, 20, 67, 21, 82]",[],[10],[3],8,0,1,1
398,10,5,"[0, 10, 24, 51, 40, 82, 20, 13, 85, 66]","[10, 24, 51, 40, 82, 20, 13, 85, 66]",[0],0.8307280658479873,0.17095575094643511,2.0,0,0,"[10, 24, 51, 40, 82, 20, 13, 85, 66]",[0],"[10, 24, 51, 40, 82, 20, 13, 85, 66]",[0],"[10, 24, 51, 40, 82, 20, 13, 85, 66]",[],[],[0],2,0.49422115087509155,"{""0"": 2.7893319129943848, ""1"": -1.0}",0,0,"[10, 24, 51, 40, 82, 13, 85, 66]","[0, 20]","[10, 24, 51, 40, 82, 13, 85, 66]","[0, 20]","[10, 24, 51, 40, 82, 13, 85, 66]",[],[20],[0],"[10, 24, 51, 40, 82, 13, 85, 66]","[0, 20]","[10, 24, 51, 40, 82, 13, 85, 66]",[],[20],[0],8,0,1,1
399,10,5,"[0, 41, 33, 34, 99, 64, 71, 65, 75, 28]","[41, 33, 34, 99, 64, 71, 65, 75, 28]",[0],0.7780887029080734,0.07875371075425275,2.0,0,0,"[41, 34, 99, 64, 71, 65, 75, 28]","[0, 33]","[41, 34, 99, 64, 71, 65, 75, 28]","[0, 33]","[41, 34, 99, 64, 71, 65, 75, 28]",[],[33],[0],2,0.3801240921020508,"{""0"": 4.026081085205078, ""1"": -1.0}",0,0,"[41, 34, 64, 71, 65, 75, 28]","[0, 33, 99]","[41, 34, 64, 71, 65, 75, 28]","[0, 33, 99]","[41, 34, 64, 71, 65, 75, 28]",[],"[33, 99]",[0],"[41, 34, 64, 71, 65, 75, 28]","[0, 33, 99]","[41, 34, 64, 71, 65, 75, 28]",[],"[33, 99]",[0],7,0,2,1
400,10,5,"[3, 82, 59, 7, 63, 8, 48, 4, 57, 80]","[82, 59, 7, 63, 8, 48, 57, 80]","[3, 4]",0.7665831597265369,0.13685403065083446,2.0,0,0,"[82, 59, 7, 63, 8, 57, 80]","[3, 48, 4]","[82, 59, 7, 63, 8, 57, 80]","[3, 48, 4]","[82, 59, 7, 63, 8, 57, 80]",[],[48],"[3, 4]",2,0.5759195685386658,"{""0"": 3.160451889038086, ""1"": 2.8983426094055176}",0,0,"[7, 63, 8, 57]","[3, 82, 59, 48, 4, 80]","[7, 63, 8, 57]","[3, 82, 59, 48, 4, 80]","[7, 63, 8, 57]",[],"[82, 59, 48, 80]","[3, 4]","[7, 63, 8, 57]","[3, 82, 59, 48, 4, 80]","[7, 63, 8, 57]",[],"[82, 59, 48, 80]","[3, 4]",4,0,4,2
401,10,5,"[2, 83, 93, 3, 82, 52, 17, 50, 86, 28]","[83, 93, 82, 52, 17, 50, 86, 28]","[2, 3]",0.9217897052013602,0.2477318662216887,2.0,0,0,"[83, 93, 82, 52, 17, 50, 86, 28]","[2, 3]","[83, 93, 82, 52, 17, 50, 86, 28]","[2, 3]","[83, 93, 82, 52, 17, 50, 86, 28]",[],[],"[2, 3]",2,0.5938515663146973,"{""0"": 4.618476390838623, ""1"": -1.0}",0,0,"[83, 93, 82, 52, 17, 86, 28]","[2, 3, 50]","[83, 93, 82, 52, 17, 86, 28]","[2, 3, 50]","[83, 93, 82, 52, 17, 86, 28]",[],[50],"[2, 3]","[83, 93, 82, 52, 17, 86, 28]","[2, 3, 50]","[83, 93, 82, 52, 17, 86, 28]",[],[50],"[2, 3]",7,0,1,2
402,10,5,"[1, 57, 52, 23, 33, 92, 85, 98, 26, 17]","[57, 52, 23, 33, 92, 85, 98, 26, 17]",[1],0.7204949404086918,0.09248354131888831,2.0,0,0,"[57, 52, 23, 33, 92, 85, 98, 26, 17]",[1],"[57, 52, 23, 33, 92, 85, 98, 26, 17]",[1],"[57, 52, 23, 33, 92, 85, 98, 26, 17]",[],[],[1],2,0.5276990532875061,"{""0"": 2.8732829093933105, ""1"": -1.0}",0,0,"[57, 52, 23, 33, 92, 85, 98, 17]","[1, 26]","[57, 52, 23, 33, 92, 85, 98, 17]","[1, 26]","[57, 52, 23, 33, 92, 85, 98, 17]",[],[26],[1],"[57, 52, 23, 33, 92, 85, 98, 17]","[1, 26]","[57, 52, 23, 33, 92, 85, 98, 17]",[],[26],[1],8,0,1,1
403,10,5,"[3, 43, 58, 20, 0, 99, 64, 78, 68, 7]","[43, 58, 20, 99, 64, 78, 68, 7]","[3, 0]",0.7470968944554723,0.09013959216938983,2.0,0,0,"[43, 58, 20, 99, 64, 78, 68, 7]","[3, 0]","[43, 58, 20, 99, 64, 78, 68, 7]","[3, 0]","[43, 58, 20, 99, 64, 78, 68, 7]",[],[],"[3, 0]",2,0.4663276970386505,"{""0"": 1.076979637145996, ""1"": -1.0}",0,0,"[58, 20, 99, 64, 78, 68, 7]","[3, 43, 0]","[58, 20, 99, 64, 78, 68, 7]","[3, 43, 0]","[58, 20, 99, 64, 78, 68, 7]",[],[43],"[3, 0]","[58, 20, 99, 64, 78, 68, 7]","[3, 43, 0]","[58, 20, 99, 64, 78, 68, 7]",[],[43],"[3, 0]",7,0,1,2
404,10,5,"[2, 95, 63, 6, 62, 66, 80, 96, 83, 31]","[95, 63, 6, 62, 66, 80, 96, 83, 31]",[2],0.9484681991960532,0.12335212405720741,2.0,0,0,"[95, 63, 6, 66, 80, 96, 83]","[2, 62, 31]","[95, 63, 6, 66, 80, 96, 83]","[2, 62, 31]","[95, 63, 6, 66, 80, 96, 83]",[],"[62, 31]",[2],2,0.5393964648246765,"{""0"": 1.5572311878204346, ""1"": -1.0}",0,0,"[63, 6, 66, 80, 96, 83]","[2, 95, 62, 31]","[63, 6, 66, 80, 96, 83]","[2, 95, 62, 31]","[63, 6, 66, 80, 96, 83]",[],"[95, 62, 31]",[2],"[63, 6, 66, 80, 96, 83]","[2, 95, 62, 31]","[63, 6, 66, 80, 96, 83]",[],"[95, 62, 31]",[2],6,0,3,1
405,10,5,"[3, 78, 67, 64, 85, 43, 21, 90, 84, 25]","[78, 67, 64, 85, 43, 21, 90, 84, 25]",[3],0.7660466404259958,0.10250061564518248,2.0,0,0,"[78, 67, 64, 85, 43, 21, 90, 84, 25]",[3],"[78, 67, 64, 85, 43, 21, 90, 84, 25]",[3],"[78, 67, 64, 85, 43, 21, 90, 84, 25]",[],[],[3],3,0.5052124857902527,"{""0"": 4.0468645095825195, ""1"": 1.96280837059021, ""2"": -1.0}",0,0,"[78, 64, 43, 21, 90, 25]","[3, 67, 85, 84]","[78, 64, 43, 21, 90, 25]","[3, 67, 85, 84]","[78, 64, 43, 21, 90, 25]",[],"[67, 85, 84]",[3],"[78, 64, 43, 21, 90, 25]","[3, 67, 85, 84]","[78, 64, 43, 21, 90, 25]",[],"[67, 85, 84]",[3],6,0,3,1
406,10,5,"[4, 76, 80, 56, 25, 50, 73, 14, 67, 39]","[76, 80, 56, 25, 50, 73, 14, 67, 39]",[4],0.6416584508370806,0.09087807824818811,2.0,0,0,"[76, 80, 56, 25, 50, 14, 67, 39]","[4, 73]","[76, 80, 56, 25, 50, 14, 67, 39]","[4, 73]","[76, 80, 56, 25, 50, 14, 67, 39]",[],[73],[4],2,0.2651304602622986,"{""0"": 0.9701129794120789, ""1"": 1.786489725112915}",1,0,"[56, 25]","[4, 76, 80, 50, 73, 14, 67, 39]","[56, 25]","[4, 76, 80, 50, 73, 14, 67, 39]","[56, 25]",[],"[76, 80, 50, 73, 14, 67, 39]",[4],"[56, 25]","[4, 76, 80, 50, 73, 14, 67, 39]","[56, 25]",[],"[76, 80, 50, 73, 14, 67, 39]",[4],2,0,7,1
407,10,5,"[2, 36, 35, 14, 87, 76, 70, 29, 65, 47]","[36, 35, 14, 87, 76, 70, 29, 65, 47]",[2],0.7823188565310099,0.1702313050058712,2.0,0,0,"[36, 35, 14, 87, 76, 70, 29, 65, 47]",[2],"[36, 35, 14, 87, 76, 70, 29, 65, 47]",[2],"[36, 35, 14, 87, 76, 70, 29, 65, 47]",[],[],[2],2,0.6509629487991333,"{""0"": 2.655482053756714, ""1"": -1.0}",0,0,"[36, 35, 14, 87, 76, 70, 29, 65]","[2, 47]","[36, 35, 14, 87, 76, 70, 29, 65]","[2, 47]","[36, 35, 14, 87, 76, 70, 29, 65]",[],[47],[2],"[36, 35, 14, 87, 76, 70, 29, 65]","[2, 47]","[36, 35, 14, 87, 76, 70, 29, 65]",[],[47],[2],8,0,1,1
408,10,5,"[3, 92, 73, 20, 68, 22, 52, 19, 96, 78]","[92, 73, 20, 68, 22, 52, 19, 96, 78]",[3],0.7522198698048049,0.16510339959292475,2.0,0,0,"[92, 73, 20, 68, 22, 52, 19, 96, 78]",[3],"[92, 73, 20, 68, 22, 52, 19, 96, 78]",[3],"[92, 73, 20, 68, 22, 52, 19, 96, 78]",[],[],[3],2,0.5499139428138733,"{""0"": 2.176583766937256, ""1"": -1.0}",0,0,"[92, 20, 68, 22, 52, 19, 96, 78]","[3, 73]","[92, 20, 68, 22, 52, 19, 96, 78]","[3, 73]","[92, 20, 68, 22, 52, 19, 96, 78]",[],[73],[3],"[92, 20, 68, 22, 52, 19, 96, 78]","[3, 73]","[92, 20, 68, 22, 52, 19, 96, 78]",[],[73],[3],8,0,1,1
409,10,5,"[0, 13, 54, 46, 14, 41, 78, 93, 74, 22]","[13, 54, 46, 14, 41, 78, 93, 74, 22]",[0],0.6881896513391335,0.24148750199747152,2.0,0,0,"[13, 54, 46, 14, 41, 78, 93, 74, 22]",[0],"[13, 54, 46, 14, 41, 78, 93, 74, 22]",[0],"[13, 54, 46, 14, 41, 78, 93, 74, 22]",[],[],[0],2,0.6236532926559448,"{""0"": 1.7098898887634277, ""1"": 5.243447303771973}",1,0,"[13, 46, 14, 78, 93, 74, 22]","[0, 54, 41]","[13, 46, 14, 78, 93, 74, 22]","[0, 54, 41]","[13, 46, 14, 78, 93, 74, 22]",[],"[54, 41]",[0],"[13, 46, 14, 78, 93, 74, 22]","[0, 54, 41]","[13, 46, 14, 78, 93, 74, 22]",[],"[54, 41]",[0],7,0,2,1
410,10,5,"[3, 37, 58, 70, 95, 64, 13, 47, 83, 43]","[37, 58, 70, 95, 64, 13, 47, 83, 43]",[3],0.8191405100513978,0.12269885744499898,2.0,0,0,"[37, 58, 70, 95, 64, 13, 47, 83, 43]",[3],"[37, 58, 70, 95, 64, 13, 47, 83, 43]",[3],"[37, 58, 70, 95, 64, 13, 47, 83, 43]",[],[],[3],3,0.4601419270038605,"{""0"": 1.613039493560791, ""1"": 1.6319442987442017, ""2"": -1.0}",1,0,"[37, 70, 64, 13, 83, 43]","[3, 58, 95, 47]","[37, 70, 64, 13, 83, 43]","[3, 58, 95, 47]","[37, 70, 64, 13, 83, 43]",[],"[58, 95, 47]",[3],"[37, 70, 64, 13, 83, 43]","[3, 58, 95, 47]","[37, 70, 64, 13, 83, 43]",[],"[58, 95, 47]",[3],6,0,3,1
411,10,5,"[1, 25, 27, 10, 83, 58, 74, 30, 86, 28]","[25, 27, 10, 83, 58, 74, 30, 86, 28]",[1],0.711893012949562,0.04540324657936562,2.0,0,0,"[25, 10, 83, 58, 74, 30, 86, 28]","[1, 27]","[25, 10, 83, 58, 74, 30, 86, 28]","[1, 27]","[25, 10, 83, 58, 74, 30, 86, 28]",[],[27],[1],2,0.3647993803024292,"{""0"": 0.3333432078361511, ""1"": -1.0}",0,0,"[25, 10, 83, 74, 30, 86, 28]","[1, 27, 58]","[25, 10, 83, 74, 30, 86, 28]","[1, 27, 58]","[25, 10, 83, 74, 30, 86, 28]",[],"[27, 58]",[1],"[25, 10, 83, 74, 30, 86, 28]","[1, 27, 58]","[25, 10, 83, 74, 30, 86, 28]",[],"[27, 58]",[1],7,0,2,1
412,10,5,"[2, 64, 43, 50, 9, 79, 55, 96, 13, 60]","[64, 43, 50, 9, 79, 55, 96, 13, 60]",[2],0.8138413190768717,0.08143047785420843,2.0,0,0,"[64, 43, 50, 9, 96, 13, 60]","[2, 79, 55]","[64, 43, 50, 9, 96, 13, 60]","[2, 79, 55]","[64, 43, 50, 9, 96, 13, 60]",[],"[79, 55]",[2],2,0.46820691227912903,"{""0"": 1.5649666786193848, ""1"": -1.0}",0,0,"[64, 43, 50, 9, 96, 60]","[2, 79, 55, 13]","[64, 43, 50, 9, 96, 60]","[2, 79, 55, 13]","[64, 43, 50, 9, 96, 60]",[],"[79, 55, 13]",[2],"[64, 43, 50, 9, 96, 60]","[2, 79, 55, 13]","[64, 43, 50, 9, 96, 60]",[],"[79, 55, 13]",[2],6,0,3,1
413,10,5,"[3, 47, 81, 7, 19, 15, 2, 6, 22, 64]","[47, 81, 7, 19, 15, 6, 22, 64]","[3, 2]",0.8560722660309168,0.15001745889607132,2.0,0,0,"[47, 81, 7, 19, 15, 6, 22, 64]","[3, 2]","[47, 81, 7, 19, 15, 6, 22, 64]","[3, 2]","[47, 81, 7, 19, 15, 6, 22, 64]",[],[],"[3, 2]",2,0.6258074641227722,"{""0"": 0.951412558555603, ""1"": -1.0}",0,0,"[81, 7, 19, 15, 6, 22, 64]","[3, 47, 2]","[81, 7, 19, 15, 6, 22, 64]","[3, 47, 2]","[81, 7, 19, 15, 6, 22, 64]",[],[47],"[3, 2]","[81, 7, 19, 15, 6, 22, 64]","[3, 47, 2]","[81, 7, 19, 15, 6, 22, 64]",[],[47],"[3, 2]",7,0,1,2
414,10,5,"[4, 55, 40, 85, 79, 99, 73, 46, 67, 86]","[55, 40, 85, 79, 99, 73, 46, 67, 86]",[4],0.7865115882384215,0.16324219637223342,2.0,0,0,"[55, 40, 85, 79, 99, 73, 46, 67, 86]",[4],"[55, 40, 85, 79, 99, 73, 46, 67, 86]",[4],"[55, 40, 85, 79, 99, 73, 46, 67, 86]",[],[],[4],2,0.40926483273506165,"{""0"": 1.7326011657714844, ""1"": 1.854116439819336}",1,0,"[85, 73]","[4, 55, 40, 79, 99, 46, 67, 86]","[85, 73]","[4, 55, 40, 79, 99, 46, 67, 86]","[85, 73]",[],"[55, 40, 79, 99, 46, 67, 86]",[4],"[85, 73]","[4, 55, 40, 79, 99, 46, 67, 86]","[85, 73]",[],"[55, 40, 79, 99, 46, 67, 86]",[4],2,0,7,1
415,10,5,"[3, 8, 99, 0, 45, 16, 82, 17, 42, 30]","[8, 99, 45, 16, 82, 17, 42, 30]","[3, 0]",1.2397586326069798,0.2567892874716638,2.0,0,0,"[8, 99, 45, 16, 82, 17, 42, 30]","[3, 0]","[8, 99, 45, 16, 82, 17, 42, 30]","[3, 0]","[8, 99, 45, 16, 82, 17, 42, 30]",[],[],"[3, 0]",2,0.43723273277282715,"{""0"": 2.083765745162964, ""1"": 1.7520358562469482}",0,0,"[45, 16, 82, 17, 42, 30]","[3, 8, 99, 0]","[45, 16, 82, 17, 42, 30]","[3, 8, 99, 0]","[45, 16, 82, 17, 42, 30]",[],"[8, 99]","[3, 0]","[45, 16, 82, 17, 42, 30]","[3, 8, 99, 0]","[45, 16, 82, 17, 42, 30]",[],"[8, 99]","[3, 0]",6,0,2,2
416,10,5,"[4, 84, 7, 54, 25, 13, 79, 90, 0, 43]","[84, 7, 54, 25, 13, 79, 90, 43]","[4, 0]",0.8484112728712905,0.2265388131330574,2.0,0,0,"[84, 7, 54, 25, 13, 79, 90, 43]","[4, 0]","[84, 7, 54, 25, 13, 79, 90, 43]","[4, 0]","[84, 7, 54, 25, 13, 79, 90, 43]",[],[],"[4, 0]",2,0.7040812969207764,"{""0"": 3.537679433822632, ""1"": -1.0}",0,0,"[84, 7, 25, 13, 79, 90, 43]","[4, 54, 0]","[84, 7, 25, 13, 79, 90, 43]","[4, 54, 0]","[84, 7, 25, 13, 79, 90, 43]",[],[54],"[4, 0]","[84, 7, 25, 13, 79, 90, 43]","[4, 54, 0]","[84, 7, 25, 13, 79, 90, 43]",[],[54],"[4, 0]",7,0,1,2
417,10,5,"[1, 64, 50, 77, 27, 22, 94, 72, 60, 82]","[64, 50, 77, 27, 22, 94, 72, 60, 82]",[1],0.6548195796529067,0.07476337622330742,2.0,0,0,"[64, 50, 77, 27, 22, 94, 72, 60, 82]",[1],"[64, 50, 77, 27, 22, 94, 72, 60, 82]",[1],"[64, 50, 77, 27, 22, 94, 72, 60, 82]",[],[],[1],2,0.5294606685638428,"{""0"": 2.439492702484131, ""1"": -1.0}",0,0,"[64, 50, 77, 27, 22, 94, 72, 60]","[1, 82]","[64, 50, 77, 27, 22, 94, 72, 60]","[1, 82]","[64, 50, 77, 27, 22, 94, 72, 60]",[],[82],[1],"[64, 50, 77, 27, 22, 94, 72, 60]","[1, 82]","[64, 50, 77, 27, 22, 94, 72, 60]",[],[82],[1],8,0,1,1
418,10,5,"[4, 88, 22, 91, 64, 37, 87, 50, 24, 23]","[88, 22, 91, 64, 37, 87, 50, 24, 23]",[4],0.5734307769381137,0.12572957959149123,2.0,0,0,"[22, 91, 64, 37, 87, 50, 24, 23]","[4, 88]","[22, 91, 64, 37, 87, 50, 24, 23]","[4, 88]","[22, 91, 64, 37, 87, 50, 24, 23]",[],[88],[4],2,0.40879395604133606,"{""0"": 6.789669990539551, ""1"": -1.0}",0,0,"[22, 91, 64, 37, 87, 50, 23]","[4, 88, 24]","[22, 91, 64, 37, 87, 50, 23]","[4, 88, 24]","[22, 91, 64, 37, 87, 50, 23]",[],"[88, 24]",[4],"[22, 91, 64, 37, 87, 50, 23]","[4, 88, 24]","[22, 91, 64, 37, 87, 50, 23]",[],"[88, 24]",[4],7,0,2,1
419,10,5,"[3, 66, 87, 79, 61, 41, 25, 12, 10, 96]","[66, 87, 79, 61, 41, 25, 12, 10, 96]",[3],0.6471237537563759,0.13157685569577854,2.0,0,0,"[66, 87, 79, 61, 41, 25, 12, 10, 96]",[3],"[66, 87, 79, 61, 41, 25, 12, 10, 96]",[3],"[66, 87, 79, 61, 41, 25, 12, 10, 96]",[],[],[3],2,0.6083865165710449,"{""0"": 3.149181365966797, ""1"": 1.965202808380127}",0,0,"[66, 87, 79, 61, 25, 12, 10]","[3, 41, 96]","[66, 87, 79, 61, 25, 12, 10]","[3, 41, 96]","[66, 87, 79, 61, 25, 12, 10]",[],"[41, 96]",[3],"[66, 87, 79, 61, 25, 12, 10]","[3, 41, 96]","[66, 87, 79, 61, 25, 12, 10]",[],"[41, 96]",[3],7,0,2,1
420,10,5,"[2, 21, 86, 34, 98, 27, 69, 63, 18, 85]","[21, 86, 34, 98, 27, 69, 63, 18, 85]",[2],0.6214268322265863,0.07133306218612784,2.0,0,0,"[21, 86, 34, 98, 27, 63, 18, 85]","[2, 69]","[21, 86, 34, 98, 27, 63, 18, 85]","[2, 69]","[21, 86, 34, 98, 27, 63, 18, 85]",[],[69],[2],2,0.7120521068572998,"{""0"": 3.2615137100219727, ""1"": -1.0}",0,0,"[21, 86, 34, 98, 27, 63, 85]","[2, 69, 18]","[21, 86, 34, 98, 27, 63, 85]","[2, 69, 18]","[21, 86, 34, 98, 27, 63, 85]",[],"[69, 18]",[2],"[21, 86, 34, 98, 27, 63, 85]","[2, 69, 18]","[21, 86, 34, 98, 27, 63, 85]",[],"[69, 18]",[2],7,0,2,1
421,10,5,"[0, 57, 42, 58, 78, 25, 94, 13, 40, 84]","[57, 42, 58, 78, 25, 94, 13, 40, 84]",[0],0.5904999117064218,0.07876594011375945,2.0,0,0,"[57, 42, 58, 78, 25, 94, 13, 40, 84]",[0],"[57, 42, 58, 78, 25, 94, 13, 40, 84]",[0],"[57, 42, 58, 78, 25, 94, 13, 40, 84]",[],[],[0],2,0.44401460886001587,"{""0"": 2.320800542831421, ""1"": 1.885972023010254}",0,0,"[57, 42, 58, 25, 94, 13, 40]","[0, 78, 84]","[57, 42, 58, 25, 94, 13, 40]","[0, 78, 84]","[57, 42, 58, 25, 94, 13, 40]",[],"[78, 84]",[0],"[57, 42, 58, 25, 94, 13, 40]","[0, 78, 84]","[57, 42, 58, 25, 94, 13, 40]",[],"[78, 84]",[0],7,0,2,1
422,10,5,"[2, 33, 84, 78, 35, 15, 76, 91, 73, 49]","[33, 84, 78, 35, 15, 76, 91, 73, 49]",[2],0.7838228229607367,0.16284006385588712,2.0,0,0,"[33, 84, 78, 35, 15, 76, 91, 73, 49]",[2],"[33, 84, 78, 35, 15, 76, 91, 73, 49]",[2],"[33, 84, 78, 35, 15, 76, 91, 73, 49]",[],[],[2],3,0.48736369609832764,"{""0"": 2.315633773803711, ""1"": 1.9335740804672241, ""2"": -1.0}",0,0,"[84, 78, 15, 76, 91, 49]","[2, 33, 35, 73]","[84, 78, 15, 76, 91, 49]","[2, 33, 35, 73]","[84, 78, 15, 76, 91, 49]",[],"[33, 35, 73]",[2],"[84, 78, 15, 76, 91, 49]","[2, 33, 35, 73]","[84, 78, 15, 76, 91, 49]",[],"[33, 35, 73]",[2],6,0,3,1
423,10,5,"[2, 41, 87, 74, 98, 84, 50, 23, 82, 34]","[41, 87, 74, 98, 84, 50, 23, 82, 34]",[2],0.5531602355372494,0.058169145679881656,2.0,0,0,"[87, 74, 98, 84, 50, 23, 34]","[2, 41, 82]","[87, 74, 98, 84, 50, 23, 34]","[2, 41, 82]","[87, 74, 98, 84, 50, 23, 34]",[],"[41, 82]",[2],2,0.5116615891456604,"{""0"": 5.513959884643555, ""1"": -1.0}",0,0,"[87, 74, 98, 50, 23, 34]","[2, 41, 84, 82]","[87, 74, 98, 50, 23, 34]","[2, 41, 84, 82]","[87, 74, 98, 50, 23, 34]",[],"[41, 84, 82]",[2],"[87, 74, 98, 50, 23, 34]","[2, 41, 84, 82]","[87, 74, 98, 50, 23, 34]",[],"[41, 84, 82]",[2],6,0,3,1
424,10,5,"[1, 71, 36, 0, 74, 92, 19, 99, 64, 58]","[71, 36, 74, 92, 19, 99, 64, 58]","[1, 0]",0.7356494617110125,0.12581277114438028,2.0,0,0,"[71, 36, 74, 92, 19, 99, 64, 58]","[1, 0]","[71, 36, 74, 92, 19, 99, 64, 58]","[1, 0]","[71, 36, 74, 92, 19, 99, 64, 58]",[],[],"[1, 0]",2,0.43031415343284607,"{""0"": 2.929767608642578, ""1"": -1.0}",0,0,"[36, 74, 92, 19, 99, 64, 58]","[1, 71, 0]","[36, 74, 92, 19, 99, 64, 58]","[1, 71, 0]","[36, 74, 92, 19, 99, 64, 58]",[],[71],"[1, 0]","[36, 74, 92, 19, 99, 64, 58]","[1, 71, 0]","[36, 74, 92, 19, 99, 64, 58]",[],[71],"[1, 0]",7,0,1,2
425,10,5,"[0, 46, 58, 30, 86, 82, 53, 68, 43, 1]","[46, 58, 30, 86, 82, 53, 68, 43]","[0, 1]",0.6836744610826191,0.16674229453821698,2.0,0,0,"[46, 58, 30, 86, 82, 53, 68, 43]","[0, 1]","[46, 58, 30, 86, 82, 53, 68, 43]","[0, 1]","[46, 58, 30, 86, 82, 53, 68, 43]",[],[],"[0, 1]",2,0.5727628469467163,"{""0"": 3.576786994934082, ""1"": -1.0}",0,0,"[58, 30, 86, 82, 53, 68, 43]","[0, 46, 1]","[58, 30, 86, 82, 53, 68, 43]","[0, 46, 1]","[58, 30, 86, 82, 53, 68, 43]",[],[46],"[0, 1]","[58, 30, 86, 82, 53, 68, 43]","[0, 46, 1]","[58, 30, 86, 82, 53, 68, 43]",[],[46],"[0, 1]",7,0,1,2
426,10,5,"[3, 8, 42, 87, 15, 70, 20, 45, 12, 83]","[8, 42, 87, 15, 70, 20, 45, 12, 83]",[3],0.6869682767691832,0.10575108888003226,2.0,0,0,"[8, 42, 87, 15, 70, 20, 45, 12, 83]",[3],"[8, 42, 87, 15, 70, 20, 45, 12, 83]",[3],"[8, 42, 87, 15, 70, 20, 45, 12, 83]",[],[],[3],2,0.5874064564704895,"{""0"": 3.0737216472625732, ""1"": 1.9430911540985107}",0,0,"[42, 87, 70, 20, 45, 12, 83]","[3, 8, 15]","[42, 87, 70, 20, 45, 12, 83]","[3, 8, 15]","[42, 87, 70, 20, 45, 12, 83]",[],"[8, 15]",[3],"[42, 87, 70, 20, 45, 12, 83]","[3, 8, 15]","[42, 87, 70, 20, 45, 12, 83]",[],"[8, 15]",[3],7,0,2,1
427,10,5,"[0, 4, 25, 12, 84, 69, 56, 58, 17, 3]","[25, 12, 84, 69, 56, 58, 17]","[0, 4, 3]",0.6690062627514672,0.1251470205508743,2.0,0,0,"[25, 12, 84, 69, 56, 58, 17]","[0, 4, 3]","[25, 12, 84, 69, 56, 58, 17]","[0, 4, 3]","[25, 12, 84, 69, 56, 58, 17]",[],[],"[0, 4, 3]",2,0.4441908299922943,"{""0"": 2.9135875701904297, ""1"": -1.0}",0,0,"[25, 12, 69, 56, 58, 17]","[0, 4, 84, 3]","[25, 12, 69, 56, 58, 17]","[0, 4, 84, 3]","[25, 12, 69, 56, 58, 17]",[],[84],"[0, 4, 3]","[25, 12, 69, 56, 58, 17]","[0, 4, 84, 3]","[25, 12, 69, 56, 58, 17]",[],[84],"[0, 4, 3]",6,0,1,3
428,10,5,"[3, 46, 75, 14, 36, 95, 48, 54, 55, 10]","[46, 75, 14, 36, 95, 48, 54, 55, 10]",[3],0.9256971515507296,0.234042169786301,2.0,0,0,"[46, 75, 14, 36, 95, 48, 54, 55, 10]",[3],"[46, 75, 14, 36, 95, 48, 54, 55, 10]",[3],"[46, 75, 14, 36, 95, 48, 54, 55, 10]",[],[],[3],2,0.6381353139877319,"{""0"": 1.9860455989837646, ""1"": 4.878959655761719}",1,0,"[46, 75, 14, 36, 48, 55, 10]","[3, 95, 54]","[46, 75, 14, 36, 48, 55, 10]","[3, 95, 54]","[46, 75, 14, 36, 48, 55, 10]",[],"[95, 54]",[3],"[46, 75, 14, 36, 48, 55, 10]","[3, 95, 54]","[46, 75, 14, 36, 48, 55, 10]",[],"[95, 54]",[3],7,0,2,1
429,10,5,"[4, 53, 52, 94, 59, 88, 49, 1, 12, 93]","[53, 52, 94, 59, 88, 49, 12, 93]","[4, 1]",1.6170403522521775,0.6837718788589464,2.0,0,0,"[53, 52, 94, 59, 88, 49, 12, 93]","[4, 1]","[53, 52, 94, 59, 88, 49, 12, 93]","[4, 1]","[53, 52, 94, 59, 88, 49, 12, 93]",[],[],"[4, 1]",2,0.72858726978302,"{""0"": 3.952960968017578, ""1"": -1.0}",0,0,"[53, 52, 94, 59, 49, 12, 93]","[4, 88, 1]","[53, 52, 94, 59, 49, 12, 93]","[4, 88, 1]","[53, 52, 94, 59, 49, 12, 93]",[],[88],"[4, 1]","[53, 52, 94, 59, 49, 12, 93]","[4, 88, 1]","[53, 52, 94, 59, 49, 12, 93]",[],[88],"[4, 1]",7,0,1,2
430,10,5,"[2, 7, 92, 35, 31, 0, 99, 11, 24, 51]","[7, 92, 35, 31, 99, 11, 24, 51]","[2, 0]",0.8283705015912998,0.14638240849263173,2.0,0,0,"[7, 92, 35, 31, 99, 11, 24, 51]","[2, 0]","[7, 92, 35, 31, 99, 11, 24, 51]","[2, 0]","[7, 92, 35, 31, 99, 11, 24, 51]",[],[],"[2, 0]",4,0.506784975528717,"{""0"": 1.709104299545288, ""1"": 1.8771764039993286, ""2"": -1.0, ""3"": 2.839675188064575}",3,0,"[92, 35, 99]","[2, 7, 31, 0, 11, 24, 51]","[92, 35, 99]","[2, 7, 31, 0, 11, 24, 51]","[92, 35, 99]",[],"[7, 31, 11, 24, 51]","[2, 0]","[92, 35, 99]","[2, 7, 31, 0, 11, 24, 51]","[92, 35, 99]",[],"[7, 31, 11, 24, 51]","[2, 0]",3,0,5,2
431,10,5,"[2, 44, 59, 49, 89, 39, 60, 48, 54, 83]","[44, 59, 49, 89, 39, 60, 48, 54, 83]",[2],0.9167222206840723,0.2393382345322782,2.0,0,0,"[44, 59, 49, 89, 39, 60, 48, 54, 83]",[2],"[44, 59, 49, 89, 39, 60, 48, 54, 83]",[2],"[44, 59, 49, 89, 39, 60, 48, 54, 83]",[],[],[2],2,0.5342065095901489,"{""0"": 1.980088472366333, ""1"": -1.0}",0,0,"[44, 59, 49, 89, 39, 60, 48, 83]","[2, 54]","[44, 59, 49, 89, 39, 60, 48, 83]","[2, 54]","[44, 59, 49, 89, 39, 60, 48, 83]",[],[54],[2],"[44, 59, 49, 89, 39, 60, 48, 83]","[2, 54]","[44, 59, 49, 89, 39, 60, 48, 83]",[],[54],[2],8,0,1,1
432,10,5,"[3, 47, 96, 59, 25, 93, 18, 76, 83, 62]","[47, 96, 59, 25, 93, 18, 76, 83, 62]",[3],0.7422480779494331,0.11106073502361063,2.0,0,0,"[47, 96, 59, 25, 93, 18, 76, 83, 62]",[3],"[47, 96, 59, 25, 93, 18, 76, 83, 62]",[3],"[47, 96, 59, 25, 93, 18, 76, 83, 62]",[],[],[3],2,0.5012074708938599,"{""0"": 0.7061530947685242, ""1"": -1.0}",0,0,"[96, 59, 25, 93, 18, 76, 83, 62]","[3, 47]","[96, 59, 25, 93, 18, 76, 83, 62]","[3, 47]","[96, 59, 25, 93, 18, 76, 83, 62]",[],[47],[3],"[96, 59, 25, 93, 18, 76, 83, 62]","[3, 47]","[96, 59, 25, 93, 18, 76, 83, 62]",[],[47],[3],8,0,1,1
433,10,5,"[3, 39, 11, 98, 8, 44, 0, 56, 67, 42]","[39, 11, 98, 8, 44, 56, 67, 42]","[3, 0]",0.8420010844440831,0.15266746140902332,2.0,0,0,"[39, 11, 98, 8, 44, 56, 67, 42]","[3, 0]","[39, 11, 98, 8, 44, 56, 67, 42]","[3, 0]","[39, 11, 98, 8, 44, 56, 67, 42]",[],[],"[3, 0]",3,0.362135112285614,"{""0"": 2.1901588439941406, ""1"": 2.5405848026275635, ""2"": -1.0}",1,0,"[39, 11, 67]","[3, 98, 8, 44, 0, 56, 42]","[39, 11, 67]","[3, 98, 8, 44, 0, 56, 42]","[39, 11, 67]",[],"[98, 8, 44, 56, 42]","[3, 0]","[39, 11, 67]","[3, 98, 8, 44, 0, 56, 42]","[39, 11, 67]",[],"[98, 8, 44, 56, 42]","[3, 0]",3,0,5,2
434,10,5,"[4, 2, 97, 93, 20, 31, 32, 7, 79, 39]","[97, 93, 20, 31, 32, 7, 79, 39]","[4, 2]",0.8260293475632104,0.23421098976842464,2.0,0,0,"[97, 93, 20, 31, 32, 7, 79, 39]","[4, 2]","[97, 93, 20, 31, 32, 7, 79, 39]","[4, 2]","[97, 93, 20, 31, 32, 7, 79, 39]",[],[],"[4, 2]",2,0.5092142820358276,"{""0"": 0.8936905860900879, ""1"": -1.0}",0,0,"[93, 20, 31, 32, 7, 79, 39]","[4, 2, 97]","[93, 20, 31, 32, 7, 79, 39]","[4, 2, 97]","[93, 20, 31, 32, 7, 79, 39]",[],[97],"[4, 2]","[93, 20, 31, 32, 7, 79, 39]","[4, 2, 97]","[93, 20, 31, 32, 7, 79, 39]",[],[97],"[4, 2]",7,0,1,2
435,10,5,"[3, 98, 90, 24, 16, 40, 63, 82, 2, 54]","[98, 90, 24, 16, 40, 63, 82, 54]","[3, 2]",0.7625925529291,0.22510804476497825,2.0,0,0,"[98, 90, 24, 16, 40, 63, 82, 54]","[3, 2]","[98, 90, 24, 16, 40, 63, 82, 54]","[3, 2]","[98, 90, 24, 16, 40, 63, 82, 54]",[],[],"[3, 2]",2,0.5990028381347656,"{""0"": 1.5094761848449707, ""1"": 5.065003395080566}",1,0,"[98, 90, 24, 16, 40, 63]","[3, 82, 2, 54]","[98, 90, 24, 16, 40, 63]","[3, 82, 2, 54]","[98, 90, 24, 16, 40, 63]",[],"[82, 54]","[3, 2]","[98, 90, 24, 16, 40, 63]","[3, 82, 2, 54]","[98, 90, 24, 16, 40, 63]",[],"[82, 54]","[3, 2]",6,0,2,2
436,10,5,"[0, 49, 43, 29, 60, 2, 42, 27, 38, 22]","[49, 43, 29, 60, 42, 27, 38, 22]","[0, 2]",0.8762301130554788,0.2589323482406214,2.0,0,0,"[49, 43, 29, 60, 42, 27, 38, 22]","[0, 2]","[49, 43, 29, 60, 42, 27, 38, 22]","[0, 2]","[49, 43, 29, 60, 42, 27, 38, 22]",[],[],"[0, 2]",2,0.3819677233695984,"{""0"": 0.2300783097743988, ""1"": 4.351456642150879}",1,0,"[49, 60, 27, 38, 22]","[0, 43, 29, 2, 42]","[49, 60, 27, 38, 22]","[0, 43, 29, 2, 42]","[49, 60, 27, 38, 22]",[],"[43, 29, 42]","[0, 2]","[49, 60, 27, 38, 22]","[0, 43, 29, 2, 42]","[49, 60, 27, 38, 22]",[],"[43, 29, 42]","[0, 2]",5,0,3,2
437,10,5,"[4, 77, 0, 63, 91, 68, 9, 82, 54, 20]","[77, 63, 91, 68, 9, 82, 54, 20]","[4, 0]",0.7179555837840703,0.10097633776161147,2.0,0,0,"[77, 63, 91, 68, 9, 82, 20]","[4, 0, 54]","[77, 63, 91, 68, 9, 82, 20]","[4, 0, 54]","[77, 63, 91, 68, 9, 82, 20]",[],[54],"[4, 0]",2,0.8110982179641724,"{""0"": 1.8814293146133423, ""1"": 4.830005645751953}",1,0,"[77, 63, 91, 68, 20]","[4, 0, 9, 82, 54]","[77, 63, 91, 68, 20]","[4, 0, 9, 82, 54]","[77, 63, 91, 68, 20]",[],"[9, 82, 54]","[4, 0]","[77, 63, 91, 68, 20]","[4, 0, 9, 82, 54]","[77, 63, 91, 68, 20]",[],"[9, 82, 54]","[4, 0]",5,0,3,2
438,10,5,"[4, 26, 8, 74, 84, 49, 15, 46, 62, 7]","[26, 8, 74, 84, 49, 15, 46, 62, 7]",[4],0.6857508067989663,0.11115558470398046,2.0,0,0,"[26, 8, 74, 84, 49, 15, 46, 62, 7]",[4],"[26, 8, 74, 84, 49, 15, 46, 62, 7]",[4],"[26, 8, 74, 84, 49, 15, 46, 62, 7]",[],[],[4],4,0.42571336030960083,"{""0"": 2.3641133308410645, ""1"": 2.729818105697632, ""2"": -1.0, ""3"": 1.9359970092773438}",1,0,"[8, 15, 46]","[4, 26, 74, 84, 49, 62, 7]","[8, 15, 46]","[4, 26, 74, 84, 49, 62, 7]","[8, 15, 46]",[],"[26, 74, 84, 49, 62, 7]",[4],"[8, 15, 46]","[4, 26, 74, 84, 49, 62, 7]","[8, 15, 46]",[],"[26, 74, 84, 49, 62, 7]",[4],3,0,6,1
439,10,5,"[3, 51, 16, 78, 7, 29, 56, 59, 8, 43]","[51, 16, 78, 7, 29, 56, 59, 8, 43]",[3],0.6959382835393046,0.1538789866004302,2.0,0,0,"[51, 16, 78, 7, 29, 56, 59, 8, 43]",[3],"[51, 16, 78, 7, 29, 56, 59, 8, 43]",[3],"[51, 16, 78, 7, 29, 56, 59, 8, 43]",[],[],[3],2,0.435809463262558,"{""0"": 2.591008186340332, ""1"": -1.0}",0,0,"[51, 16, 78, 7, 29, 56, 8, 43]","[3, 59]","[51, 16, 78, 7, 29, 56, 8, 43]","[3, 59]","[51, 16, 78, 7, 29, 56, 8, 43]",[],[59],[3],"[51, 16, 78, 7, 29, 56, 8, 43]","[3, 59]","[51, 16, 78, 7, 29, 56, 8, 43]",[],[59],[3],8,0,1,1
440,10,5,"[4, 8, 35, 16, 59, 85, 74, 82, 88, 61]","[8, 35, 16, 59, 85, 74, 82, 88, 61]",[4],0.7498280226332255,0.08627321555236556,2.0,0,0,"[8, 35, 16, 59, 85, 74, 82, 61]","[4, 88]","[8, 35, 16, 59, 85, 74, 82, 61]","[4, 88]","[8, 35, 16, 59, 85, 74, 82, 61]",[],[88],[4],4,0.35089951753616333,"{""0"": 2.6275458335876465, ""1"": 0.8536349534988403, ""2"": -1.0, ""3"": 1.9771883487701416}",0,0,"[16, 74, 61]","[4, 8, 35, 59, 85, 82, 88]","[16, 74, 61]","[4, 8, 35, 59, 85, 82, 88]","[16, 74, 61]",[],"[8, 35, 59, 85, 82, 88]",[4],"[16, 74, 61]","[4, 8, 35, 59, 85, 82, 88]","[16, 74, 61]",[],"[8, 35, 59, 85, 82, 88]",[4],3,0,6,1
441,10,5,"[3, 78, 56, 87, 26, 14, 77, 74, 37, 53]","[78, 56, 87, 26, 14, 77, 74, 37, 53]",[3],0.6300901185063683,0.07738410808853707,2.0,0,0,"[78, 56, 87, 14, 77, 74, 37, 53]","[3, 26]","[78, 56, 87, 14, 77, 74, 37, 53]","[3, 26]","[78, 56, 87, 14, 77, 74, 37, 53]",[],[26],[3],2,0.5014716386795044,"{""0"": 4.814673900604248, ""1"": -1.0}",0,0,"[78, 87, 14, 77, 74, 37, 53]","[3, 56, 26]","[78, 87, 14, 77, 74, 37, 53]","[3, 56, 26]","[78, 87, 14, 77, 74, 37, 53]",[],"[56, 26]",[3],"[78, 87, 14, 77, 74, 37, 53]","[3, 56, 26]","[78, 87, 14, 77, 74, 37, 53]",[],"[56, 26]",[3],7,0,2,1
442,10,5,"[3, 5, 73, 80, 50, 87, 7, 71, 60, 35]","[5, 73, 80, 50, 87, 7, 71, 60, 35]",[3],0.870030089782966,0.38578539760624997,2.0,0,0,"[5, 73, 80, 50, 87, 7, 71, 60, 35]",[3],"[5, 73, 80, 50, 87, 7, 71, 60, 35]",[3],"[5, 73, 80, 50, 87, 7, 71, 60, 35]",[],[],[3],2,0.6039334535598755,"{""0"": 2.6220171451568604, ""1"": -1.0}",0,0,"[5, 80, 50, 87, 7, 71, 60, 35]","[3, 73]","[5, 80, 50, 87, 7, 71, 60, 35]","[3, 73]","[5, 80, 50, 87, 7, 71, 60, 35]",[],[73],[3],"[5, 80, 50, 87, 7, 71, 60, 35]","[3, 73]","[5, 80, 50, 87, 7, 71, 60, 35]",[],[73],[3],8,0,1,1
443,10,5,"[4, 54, 9, 20, 78, 66, 29, 2, 86, 97]","[54, 9, 20, 78, 66, 29, 86, 97]","[4, 2]",1.091937627197847,0.28056672918687525,2.0,0,0,"[54, 9, 20, 78, 66, 29, 86, 97]","[4, 2]","[54, 9, 20, 78, 66, 29, 86, 97]","[4, 2]","[54, 9, 20, 78, 66, 29, 86, 97]",[],[],"[4, 2]",2,0.7405424118041992,"{""0"": 3.5421359539031982, ""1"": -1.0}",0,0,"[54, 9, 20, 78, 66, 29, 86]","[4, 2, 97]","[54, 9, 20, 78, 66, 29, 86]","[4, 2, 97]","[54, 9, 20, 78, 66, 29, 86]",[],[97],"[4, 2]","[54, 9, 20, 78, 66, 29, 86]","[4, 2, 97]","[54, 9, 20, 78, 66, 29, 86]",[],[97],"[4, 2]",7,0,1,2
444,10,5,"[3, 70, 67, 40, 92, 61, 58, 73, 66, 65]","[70, 67, 40, 92, 61, 58, 73, 66, 65]",[3],0.815277752187688,0.09303620745720104,2.0,0,0,"[70, 67, 40, 92, 61, 58, 73, 65]","[3, 66]","[70, 67, 40, 92, 61, 58, 73, 65]","[3, 66]","[70, 67, 40, 92, 61, 58, 73, 65]",[],[66],[3],3,0.3258627653121948,"{""0"": 0.944159984588623, ""1"": 1.8393256664276123, ""2"": 3.156153678894043}",2,0,"[70, 40, 92, 58]","[3, 67, 61, 73, 66, 65]","[70, 40, 92, 58]","[3, 67, 61, 73, 66, 65]","[70, 40, 92, 58]",[],"[67, 61, 73, 66, 65]",[3],"[70, 40, 92, 58]","[3, 67, 61, 73, 66, 65]","[70, 40, 92, 58]",[],"[67, 61, 73, 66, 65]",[3],4,0,5,1
445,10,5,"[1, 33, 28, 59, 45, 80, 52, 68, 95, 51]","[33, 28, 59, 45, 80, 52, 68, 95, 51]",[1],0.7013090693593564,0.12617696978506743,2.0,0,0,"[33, 28, 59, 45, 80, 52, 68, 95, 51]",[1],"[33, 28, 59, 45, 80, 52, 68, 95, 51]",[1],"[33, 28, 59, 45, 80, 52, 68, 95, 51]",[],[],[1],2,0.635039210319519,"{""0"": 1.8729851245880127, ""1"": -1.0}",0,0,"[33, 28, 59, 45, 80, 52, 68, 51]","[1, 95]","[33, 28, 59, 45, 80, 52, 68, 51]","[1, 95]","[33, 28, 59, 45, 80, 52, 68, 51]",[],[95],[1],"[33, 28, 59, 45, 80, 52, 68, 51]","[1, 95]","[33, 28, 59, 45, 80, 52, 68, 51]",[],[95],[1],8,0,1,1
446,10,5,"[4, 88, 56, 23, 58, 33, 65, 24, 90, 30]","[88, 56, 23, 58, 33, 65, 24, 90, 30]",[4],0.9269223537495074,0.11520876650014833,2.0,0,0,"[56, 23, 58, 33, 65, 24, 90, 30]","[4, 88]","[56, 23, 58, 33, 65, 24, 90, 30]","[4, 88]","[56, 23, 58, 33, 65, 24, 90, 30]",[],[88],[4],3,0.5437962412834167,"{""0"": 5.895746231079102, ""1"": -1.0, ""2"": -1.0}",0,0,"[56, 23, 58, 33, 90, 30]","[4, 88, 65, 24]","[56, 23, 58, 33, 90, 30]","[4, 88, 65, 24]","[56, 23, 58, 33, 90, 30]",[],"[88, 65, 24]",[4],"[56, 23, 58, 33, 90, 30]","[4, 88, 65, 24]","[56, 23, 58, 33, 90, 30]",[],"[88, 65, 24]",[4],6,0,3,1
447,10,5,"[0, 5, 73, 92, 57, 9, 42, 33, 63, 43]","[5, 73, 92, 57, 9, 42, 33, 63, 43]",[0],0.7949475404540622,0.20787262751874547,2.0,0,0,"[73, 92, 57, 9, 42, 33, 63, 43]","[0, 5]","[73, 92, 57, 9, 42, 33, 63, 43]","[0, 5]","[73, 92, 57, 9, 42, 33, 63, 43]",[],[5],[0],2,0.6474680304527283,"{""0"": 1.7676993608474731, ""1"": 5.306051731109619}",1,0,"[92, 57, 9, 33, 63, 43]","[0, 5, 73, 42]","[92, 57, 9, 33, 63, 43]","[0, 5, 73, 42]","[92, 57, 9, 33, 63, 43]",[],"[5, 73, 42]",[0],"[92, 57, 9, 33, 63, 43]","[0, 5, 73, 42]","[92, 57, 9, 33, 63, 43]",[],"[5, 73, 42]",[0],6,0,3,1
448,10,5,"[4, 46, 2, 15, 25, 98, 28, 50, 58, 20]","[46, 15, 25, 98, 28, 50, 58, 20]","[4, 2]",0.7321078396016112,0.1365273618663123,2.0,0,0,"[46, 15, 25, 98, 28, 50, 58, 20]","[4, 2]","[46, 15, 25, 98, 28, 50, 58, 20]","[4, 2]","[46, 15, 25, 98, 28, 50, 58, 20]",[],[],"[4, 2]",2,0.6807525157928467,"{""0"": 2.478250503540039, ""1"": -1.0}",0,0,"[15, 25, 98, 28, 50, 58, 20]","[4, 46, 2]","[15, 25, 98, 28, 50, 58, 20]","[4, 46, 2]","[15, 25, 98, 28, 50, 58, 20]",[],[46],"[4, 2]","[15, 25, 98, 28, 50, 58, 20]","[4, 46, 2]","[15, 25, 98, 28, 50, 58, 20]",[],[46],"[4, 2]",7,0,1,2
449,10,5,"[0, 9, 42, 49, 58, 98, 94, 67, 36, 3]","[9, 42, 49, 58, 98, 94, 67, 36]","[0, 3]",0.7353010708654414,0.19294521307166113,2.0,0,0,"[9, 42, 49, 58, 98, 94, 67, 36]","[0, 3]","[9, 42, 49, 58, 98, 94, 67, 36]","[0, 3]","[9, 42, 49, 58, 98, 94, 67, 36]",[],[],"[0, 3]",2,0.6206350922584534,"{""0"": 3.177898645401001, ""1"": -1.0}",0,0,"[9, 49, 58, 98, 94, 67, 36]","[0, 42, 3]","[9, 49, 58, 98, 94, 67, 36]","[0, 42, 3]","[9, 49, 58, 98, 94, 67, 36]",[],[42],"[0, 3]","[9, 49, 58, 98, 94, 67, 36]","[0, 42, 3]","[9, 49, 58, 98, 94, 67, 36]",[],[42],"[0, 3]",7,0,1,2
450,10,5,"[4, 21, 69, 24, 38, 97, 52, 40, 78, 83]","[21, 69, 24, 38, 97, 52, 40, 78, 83]",[4],0.7937959253948834,0.18345886672379186,2.0,0,0,"[21, 69, 24, 38, 52, 40, 78, 83]","[4, 97]","[21, 69, 24, 38, 52, 40, 78, 83]","[4, 97]","[21, 69, 24, 38, 52, 40, 78, 83]",[],[97],[4],2,0.5553982257843018,"{""0"": 2.0007150173187256, ""1"": -1.0}",0,0,"[21, 24, 38, 52, 40, 78, 83]","[4, 69, 97]","[21, 24, 38, 52, 40, 78, 83]","[4, 69, 97]","[21, 24, 38, 52, 40, 78, 83]",[],"[69, 97]",[4],"[21, 24, 38, 52, 40, 78, 83]","[4, 69, 97]","[21, 24, 38, 52, 40, 78, 83]",[],"[69, 97]",[4],7,0,2,1
451,10,5,"[0, 83, 31, 58, 11, 54, 42, 8, 73, 36]","[83, 31, 58, 11, 54, 42, 8, 73, 36]",[0],0.8637707193489175,0.202733629785534,2.0,0,0,"[83, 31, 58, 11, 54, 42, 8, 73, 36]",[0],"[83, 31, 58, 11, 54, 42, 8, 73, 36]",[0],"[83, 31, 58, 11, 54, 42, 8, 73, 36]",[],[],[0],2,0.6370384693145752,"{""0"": 2.4995408058166504, ""1"": -1.0}",0,0,"[83, 31, 58, 11, 42, 8, 73, 36]","[0, 54]","[83, 31, 58, 11, 42, 8, 73, 36]","[0, 54]","[83, 31, 58, 11, 42, 8, 73, 36]",[],[54],[0],"[83, 31, 58, 11, 42, 8, 73, 36]","[0, 54]","[83, 31, 58, 11, 42, 8, 73, 36]",[],[54],[0],8,0,1,1
452,10,5,"[1, 85, 28, 14, 48, 73, 53, 82, 31, 61]","[85, 28, 14, 48, 73, 53, 82, 31, 61]",[1],0.8698450165361189,0.15062636031011106,2.0,0,0,"[85, 28, 14, 48, 73, 53, 82, 31, 61]",[1],"[85, 28, 14, 48, 73, 53, 82, 31, 61]",[1],"[85, 28, 14, 48, 73, 53, 82, 31, 61]",[],[],[1],3,0.42154747247695923,"{""0"": 2.4050581455230713, ""1"": 1.9538085460662842, ""2"": -1.0}",0,0,"[28, 14, 48, 53, 82, 61]","[1, 85, 73, 31]","[28, 14, 48, 53, 82, 61]","[1, 85, 73, 31]","[28, 14, 48, 53, 82, 61]",[],"[85, 73, 31]",[1],"[28, 14, 48, 53, 82, 61]","[1, 85, 73, 31]","[28, 14, 48, 53, 82, 61]",[],"[85, 73, 31]",[1],6,0,3,1
453,10,5,"[4, 11, 29, 16, 84, 79, 9, 47, 14, 66]","[11, 29, 16, 84, 79, 9, 47, 14, 66]",[4],0.764780758662144,0.10948835651005923,2.0,0,0,"[11, 29, 16, 84, 79, 9, 47, 14, 66]",[4],"[11, 29, 16, 84, 79, 9, 47, 14, 66]",[4],"[11, 29, 16, 84, 79, 9, 47, 14, 66]",[],[],[4],2,0.6544347405433655,"{""0"": 3.9653453826904297, ""1"": -1.0}",0,0,"[11, 29, 16, 84, 79, 9, 14, 66]","[4, 47]","[11, 29, 16, 84, 79, 9, 14, 66]","[4, 47]","[11, 29, 16, 84, 79, 9, 14, 66]",[],[47],[4],"[11, 29, 16, 84, 79, 9, 14, 66]","[4, 47]","[11, 29, 16, 84, 79, 9, 14, 66]",[],[47],[4],8,0,1,1
454,10,5,"[0, 91, 31, 49, 75, 3, 4, 36, 57, 77]","[91, 31, 49, 75, 36, 57, 77]","[0, 3, 4]",0.9423362380668112,0.275047571547739,2.0,0,0,"[91, 31, 49, 75, 36, 57, 77]","[0, 3, 4]","[91, 31, 49, 75, 36, 57, 77]","[0, 3, 4]","[91, 31, 49, 75, 36, 57, 77]",[],[],"[0, 3, 4]",2,0.7118940949440002,"{""0"": 3.8088788986206055, ""1"": -1.0}",0,0,"[91, 49, 75, 36, 57, 77]","[0, 31, 3, 4]","[91, 49, 75, 36, 57, 77]","[0, 31, 3, 4]","[91, 49, 75, 36, 57, 77]",[],[31],"[0, 3, 4]","[91, 49, 75, 36, 57, 77]","[0, 31, 3, 4]","[91, 49, 75, 36, 57, 77]",[],[31],"[0, 3, 4]",6,0,1,3
455,10,5,"[0, 39, 56, 94, 40, 37, 77, 34, 8, 99]","[39, 56, 94, 40, 37, 77, 34, 8, 99]",[0],0.6206296710654533,0.06807609185462071,2.0,0,0,"[39, 56, 94, 40, 37, 77, 34, 8, 99]",[0],"[39, 56, 94, 40, 37, 77, 34, 8, 99]",[0],"[39, 56, 94, 40, 37, 77, 34, 8, 99]",[],[],[0],3,0.5062897205352783,"{""0"": 3.7290613651275635, ""1"": 2.5200023651123047, ""2"": 1.6375982761383057}",0,0,"[94, 37, 77, 34]","[0, 39, 56, 40, 8, 99]","[94, 37, 77, 34]","[0, 39, 56, 40, 8, 99]","[94, 37, 77, 34]",[],"[39, 56, 40, 8, 99]",[0],"[94, 37, 77, 34]","[0, 39, 56, 40, 8, 99]","[94, 37, 77, 34]",[],"[39, 56, 40, 8, 99]",[0],4,0,5,1
456,10,5,"[2, 88, 70, 9, 43, 13, 78, 98, 29, 79]","[88, 70, 9, 43, 13, 78, 98, 29, 79]",[2],0.7858310039832894,0.19568857654697264,2.0,0,0,"[70, 9, 43, 13, 78, 98, 29, 79]","[2, 88]","[70, 9, 43, 13, 78, 98, 29, 79]","[2, 88]","[70, 9, 43, 13, 78, 98, 29, 79]",[],[88],[2],2,0.4609641432762146,"{""0"": 5.493384838104248, ""1"": -1.0}",0,0,"[70, 9, 43, 13, 78, 98, 29]","[2, 88, 79]","[70, 9, 43, 13, 78, 98, 29]","[2, 88, 79]","[70, 9, 43, 13, 78, 98, 29]",[],"[88, 79]",[2],"[70, 9, 43, 13, 78, 98, 29]","[2, 88, 79]","[70, 9, 43, 13, 78, 98, 29]",[],"[88, 79]",[2],7,0,2,1
457,10,5,"[2, 20, 64, 72, 73, 12, 91, 81, 10, 80]","[20, 64, 72, 73, 12, 91, 81, 10, 80]",[2],0.5964426679330885,0.14373727928256397,2.0,0,0,"[20, 64, 72, 12, 91, 81, 10, 80]","[2, 73]","[20, 64, 72, 12, 91, 81, 10, 80]","[2, 73]","[20, 64, 72, 12, 91, 81, 10, 80]",[],[73],[2],3,0.40592050552368164,"{""0"": 1.6594455242156982, ""1"": 3.800095319747925, ""2"": -1.0}",1,0,"[72, 12, 91, 81, 80]","[2, 20, 64, 73, 10]","[72, 12, 91, 81, 80]","[2, 20, 64, 73, 10]","[72, 12, 91, 81, 80]",[],"[20, 64, 73, 10]",[2],"[72, 12, 91, 81, 80]","[2, 20, 64, 73, 10]","[72, 12, 91, 81, 80]",[],"[20, 64, 73, 10]",[2],5,0,4,1
458,10,5,"[1, 56, 69, 77, 7, 3, 80, 65, 55, 87]","[56, 69, 77, 7, 80, 65, 55, 87]","[1, 3]",0.7704993388720431,0.08710432510442367,2.0,0,0,"[56, 69, 77, 80, 65, 55, 87]","[1, 7, 3]","[56, 69, 77, 80, 65, 55, 87]","[1, 7, 3]","[56, 69, 77, 80, 65, 55, 87]",[],[7],"[1, 3]",2,0.41367608308792114,"{""0"": 1.2373090982437134, ""1"": 3.6334586143493652}",1,0,"[56, 77, 65, 55, 87]","[1, 69, 7, 3, 80]","[56, 77, 65, 55, 87]","[1, 69, 7, 3, 80]","[56, 77, 65, 55, 87]",[],"[69, 7, 80]","[1, 3]","[56, 77, 65, 55, 87]","[1, 69, 7, 3, 80]","[56, 77, 65, 55, 87]",[],"[69, 7, 80]","[1, 3]",5,0,3,2
459,10,5,"[0, 82, 55, 67, 10, 38, 40, 11, 93, 50]","[82, 55, 67, 10, 38, 40, 11, 93, 50]",[0],0.6506156763143247,0.14001836500635007,2.0,0,0,"[82, 55, 67, 10, 38, 40, 11, 93, 50]",[0],"[82, 55, 67, 10, 38, 40, 11, 93, 50]",[0],"[82, 55, 67, 10, 38, 40, 11, 93, 50]",[],[],[0],2,0.6526646018028259,"{""0"": 4.332705497741699, ""1"": -1.0}",0,0,"[82, 55, 67, 38, 40, 11, 93, 50]","[0, 10]","[82, 55, 67, 38, 40, 11, 93, 50]","[0, 10]","[82, 55, 67, 38, 40, 11, 93, 50]",[],[10],[0],"[82, 55, 67, 38, 40, 11, 93, 50]","[0, 10]","[82, 55, 67, 38, 40, 11, 93, 50]",[],[10],[0],8,0,1,1
460,10,5,"[0, 14, 62, 98, 60, 88, 20, 78, 36, 21]","[14, 62, 98, 60, 88, 20, 78, 36, 21]",[0],0.7245285560688001,0.17764096561075715,2.0,0,0,"[14, 62, 98, 60, 20, 78, 36, 21]","[0, 88]","[14, 62, 98, 60, 20, 78, 36, 21]","[0, 88]","[14, 62, 98, 60, 20, 78, 36, 21]",[],[88],[0],2,0.5825565457344055,"{""0"": 5.929097652435303, ""1"": -1.0}",0,0,"[14, 62, 98, 20, 78, 36, 21]","[0, 60, 88]","[14, 62, 98, 20, 78, 36, 21]","[0, 60, 88]","[14, 62, 98, 20, 78, 36, 21]",[],"[60, 88]",[0],"[14, 62, 98, 20, 78, 36, 21]","[0, 60, 88]","[14, 62, 98, 20, 78, 36, 21]",[],"[60, 88]",[0],7,0,2,1
461,10,5,"[0, 53, 61, 7, 72, 4, 44, 95, 67, 96]","[53, 61, 7, 72, 44, 95, 67, 96]","[0, 4]",0.8534269712235152,0.07339944776535068,2.0,0,0,"[53, 61, 7, 72, 44, 67, 96]","[0, 4, 95]","[53, 61, 7, 72, 44, 67, 96]","[0, 4, 95]","[53, 61, 7, 72, 44, 67, 96]",[],[95],"[0, 4]",2,0.41683509945869446,"{""0"": 1.2788883447647095, ""1"": 3.644359588623047}",1,0,"[53, 61, 72, 96]","[0, 7, 4, 44, 95, 67]","[53, 61, 72, 96]","[0, 7, 4, 44, 95, 67]","[53, 61, 72, 96]",[],"[7, 44, 95, 67]","[0, 4]","[53, 61, 72, 96]","[0, 7, 4, 44, 95, 67]","[53, 61, 72, 96]",[],"[7, 44, 95, 67]","[0, 4]",4,0,4,2
462,10,5,"[2, 71, 20, 36, 87, 1, 33, 80, 83, 62]","[71, 20, 36, 87, 33, 80, 83, 62]","[2, 1]",0.7703982860506746,0.1550260789701921,2.0,0,0,"[71, 20, 36, 87, 33, 80, 83, 62]","[2, 1]","[71, 20, 36, 87, 33, 80, 83, 62]","[2, 1]","[71, 20, 36, 87, 33, 80, 83, 62]",[],[],"[2, 1]",2,0.4545011818408966,"{""0"": 1.1791934967041016, ""1"": -1.0}",0,0,"[71, 20, 36, 87, 33, 80, 83]","[2, 1, 62]","[71, 20, 36, 87, 33, 80, 83]","[2, 1, 62]","[71, 20, 36, 87, 33, 80, 83]",[],[62],"[2, 1]","[71, 20, 36, 87, 33, 80, 83]","[2, 1, 62]","[71, 20, 36, 87, 33, 80, 83]",[],[62],"[2, 1]",7,0,1,2
463,10,5,"[3, 92, 88, 76, 90, 42, 62, 23, 37, 0]","[92, 88, 76, 90, 42, 62, 23, 37]","[3, 0]",0.6231767178049151,0.13537963899579267,2.0,0,0,"[92, 76, 90, 42, 62, 23, 37]","[3, 88, 0]","[92, 76, 90, 42, 62, 23, 37]","[3, 88, 0]","[92, 76, 90, 42, 62, 23, 37]",[],[88],"[3, 0]",2,0.7626364827156067,"{""0"": 5.68794059753418, ""1"": -1.0}",0,0,"[92, 76, 90, 62, 23, 37]","[3, 88, 42, 0]","[92, 76, 90, 62, 23, 37]","[3, 88, 42, 0]","[92, 76, 90, 62, 23, 37]",[],"[88, 42]","[3, 0]","[92, 76, 90, 62, 23, 37]","[3, 88, 42, 0]","[92, 76, 90, 62, 23, 37]",[],"[88, 42]","[3, 0]",6,0,2,2
464,10,5,"[0, 30, 8, 26, 11, 47, 9, 96, 67, 53]","[30, 8, 26, 11, 47, 9, 96, 67, 53]",[0],0.8960890875190028,0.10099546874021953,2.0,0,0,"[30, 8, 26, 11, 47, 9, 96, 67, 53]",[0],"[30, 8, 26, 11, 47, 9, 96, 67, 53]",[0],"[30, 8, 26, 11, 47, 9, 96, 67, 53]",[],[],[0],2,0.5434370636940002,"{""0"": 5.3319292068481445, ""1"": 1.6675474643707275}",0,0,"[26, 11, 47, 9, 96, 67, 53]","[0, 30, 8]","[26, 11, 47, 9, 96, 67, 53]","[0, 30, 8]","[26, 11, 47, 9, 96, 67, 53]",[],"[30, 8]",[0],"[26, 11, 47, 9, 96, 67, 53]","[0, 30, 8]","[26, 11, 47, 9, 96, 67, 53]",[],"[30, 8]",[0],7,0,2,1
465,10,5,"[0, 58, 45, 76, 72, 78, 56, 23, 99, 20]","[58, 45, 76, 72, 78, 56, 23, 99, 20]",[0],0.7497955446033393,0.10333544667584316,2.0,0,0,"[58, 45, 76, 72, 78, 56, 99, 20]","[0, 23]","[58, 45, 76, 72, 78, 56, 99, 20]","[0, 23]","[58, 45, 76, 72, 78, 56, 99, 20]",[],[23],[0],2,0.3803721070289612,"{""0"": 4.208479881286621, ""1"": -1.0}",0,0,"[58, 45, 76, 72, 78, 56, 20]","[0, 23, 99]","[58, 45, 76, 72, 78, 56, 20]","[0, 23, 99]","[58, 45, 76, 72, 78, 56, 20]",[],"[23, 99]",[0],"[58, 45, 76, 72, 78, 56, 20]","[0, 23, 99]","[58, 45, 76, 72, 78, 56, 20]",[],"[23, 99]",[0],7,0,2,1
466,10,5,"[2, 79, 39, 82, 60, 54, 34, 83, 13, 35]","[79, 39, 82, 60, 54, 34, 83, 13, 35]",[2],0.7168300710732926,0.11655468307753225,2.0,0,0,"[79, 39, 82, 60, 34, 83, 13, 35]","[2, 54]","[79, 39, 82, 60, 34, 83, 13, 35]","[2, 54]","[79, 39, 82, 60, 34, 83, 13, 35]",[],[54],[2],3,0.43962591886520386,"{""0"": 1.606780767440796, ""1"": 3.991267442703247, ""2"": -1.0}",1,0,"[79, 39, 34, 83, 35]","[2, 82, 60, 54, 13]","[79, 39, 34, 83, 35]","[2, 82, 60, 54, 13]","[79, 39, 34, 83, 35]",[],"[82, 60, 54, 13]",[2],"[79, 39, 34, 83, 35]","[2, 82, 60, 54, 13]","[79, 39, 34, 83, 35]",[],"[82, 60, 54, 13]",[2],5,0,4,1
467,10,5,"[4, 45, 65, 28, 24, 47, 10, 77, 74, 5]","[45, 65, 28, 24, 47, 10, 77, 74, 5]",[4],0.6876884439843118,0.12043719153029547,2.0,0,0,"[45, 65, 28, 24, 47, 10, 77, 74, 5]",[4],"[45, 65, 28, 24, 47, 10, 77, 74, 5]",[4],"[45, 65, 28, 24, 47, 10, 77, 74, 5]",[],[],[4],2,0.5285905599594116,"{""0"": 1.1518312692642212, ""1"": 2.923565626144409}",1,0,"[45, 65, 28, 47, 77, 74, 5]","[4, 24, 10]","[45, 65, 28, 47, 77, 74, 5]","[4, 24, 10]","[45, 65, 28, 47, 77, 74, 5]",[],"[24, 10]",[4],"[45, 65, 28, 47, 77, 74, 5]","[4, 24, 10]","[45, 65, 28, 47, 77, 74, 5]",[],"[24, 10]",[4],7,0,2,1
468,10,5,"[0, 2, 18, 52, 30, 28, 34, 80, 19, 57]","[18, 52, 30, 28, 34, 80, 19, 57]","[0, 2]",0.7100688639902821,0.1385424567524196,2.0,0,0,"[18, 52, 30, 28, 34, 80, 19, 57]","[0, 2]","[18, 52, 30, 28, 34, 80, 19, 57]","[0, 2]","[18, 52, 30, 28, 34, 80, 19, 57]",[],[],"[0, 2]",2,0.5620447397232056,"{""0"": 5.161246299743652, ""1"": 1.7308800220489502}",0,0,"[18, 52, 28, 34, 80, 57]","[0, 2, 30, 19]","[18, 52, 28, 34, 80, 57]","[0, 2, 30, 19]","[18, 52, 28, 34, 80, 57]",[],"[30, 19]","[0, 2]","[18, 52, 28, 34, 80, 57]","[0, 2, 30, 19]","[18, 52, 28, 34, 80, 57]",[],"[30, 19]","[0, 2]",6,0,2,2
469,10,5,"[3, 90, 98, 61, 8, 69, 42, 74, 40, 87]","[90, 98, 61, 8, 69, 42, 74, 40, 87]",[3],0.7192432792855592,0.14791057343849195,2.0,0,0,"[90, 98, 61, 8, 69, 42, 74, 40, 87]",[3],"[90, 98, 61, 8, 69, 42, 74, 40, 87]",[3],"[90, 98, 61, 8, 69, 42, 74, 40, 87]",[],[],[3],2,0.5260697603225708,"{""0"": 0.09025687724351883, ""1"": -1.0}",0,0,"[90, 98, 61, 69, 42, 74, 40, 87]","[3, 8]","[90, 98, 61, 69, 42, 74, 40, 87]","[3, 8]","[90, 98, 61, 69, 42, 74, 40, 87]",[],[8],[3],"[90, 98, 61, 69, 42, 74, 40, 87]","[3, 8]","[90, 98, 61, 69, 42, 74, 40, 87]",[],[8],[3],8,0,1,1
470,10,5,"[1, 55, 65, 23, 31, 79, 85, 96, 47, 95]","[55, 65, 23, 31, 79, 85, 96, 47, 95]",[1],0.8415175960563128,0.10827812231604,2.0,0,0,"[55, 65, 23, 31, 79, 85, 96, 47, 95]",[1],"[55, 65, 23, 31, 79, 85, 96, 47, 95]",[1],"[55, 65, 23, 31, 79, 85, 96, 47, 95]",[],[],[1],2,0.6108102798461914,"{""0"": 2.2214012145996094, ""1"": -1.0}",0,0,"[55, 65, 23, 79, 85, 96, 47, 95]","[1, 31]","[55, 65, 23, 79, 85, 96, 47, 95]","[1, 31]","[55, 65, 23, 79, 85, 96, 47, 95]",[],[31],[1],"[55, 65, 23, 79, 85, 96, 47, 95]","[1, 31]","[55, 65, 23, 79, 85, 96, 47, 95]",[],[31],[1],8,0,1,1
471,10,5,"[2, 34, 26, 89, 36, 33, 69, 24, 12, 31]","[34, 26, 89, 36, 33, 69, 24, 12, 31]",[2],0.7818336642613194,0.1933691889522225,2.0,0,0,"[34, 26, 89, 36, 33, 69, 24, 12, 31]",[2],"[34, 26, 89, 36, 33, 69, 24, 12, 31]",[2],"[34, 26, 89, 36, 33, 69, 24, 12, 31]",[],[],[2],2,0.7300953269004822,"{""0"": 3.917482376098633, ""1"": -1.0}",0,0,"[34, 26, 89, 36, 33, 69, 24, 12]","[2, 31]","[34, 26, 89, 36, 33, 69, 24, 12]","[2, 31]","[34, 26, 89, 36, 33, 69, 24, 12]",[],[31],[2],"[34, 26, 89, 36, 33, 69, 24, 12]","[2, 31]","[34, 26, 89, 36, 33, 69, 24, 12]",[],[31],[2],8,0,1,1
472,10,5,"[4, 82, 0, 16, 41, 83, 44, 62, 52, 78]","[82, 16, 41, 83, 44, 62, 52, 78]","[4, 0]",0.7163944030586095,0.06805344521846868,2.0,0,0,"[82, 16, 41, 83, 44, 62, 52, 78]","[4, 0]","[82, 16, 41, 83, 44, 62, 52, 78]","[4, 0]","[82, 16, 41, 83, 44, 62, 52, 78]",[],[],"[4, 0]",2,0.6291307210922241,"{""0"": 3.3464300632476807, ""1"": -1.0}",0,0,"[82, 16, 83, 44, 62, 52, 78]","[4, 0, 41]","[82, 16, 83, 44, 62, 52, 78]","[4, 0, 41]","[82, 16, 83, 44, 62, 52, 78]",[],[41],"[4, 0]","[82, 16, 83, 44, 62, 52, 78]","[4, 0, 41]","[82, 16, 83, 44, 62, 52, 78]",[],[41],"[4, 0]",7,0,1,2
473,10,5,"[2, 13, 87, 48, 14, 27, 80, 70, 98, 47]","[13, 87, 48, 14, 27, 80, 70, 98, 47]",[2],0.680006303852734,0.12305834520240155,2.0,0,0,"[13, 87, 14, 27, 80, 70, 98, 47]","[2, 48]","[13, 87, 14, 27, 80, 70, 98, 47]","[2, 48]","[13, 87, 14, 27, 80, 70, 98, 47]",[],[48],[2],2,0.6544491052627563,"{""0"": 3.1217477321624756, ""1"": -1.0}",0,0,"[13, 87, 14, 27, 80, 70, 98]","[2, 48, 47]","[13, 87, 14, 27, 80, 70, 98]","[2, 48, 47]","[13, 87, 14, 27, 80, 70, 98]",[],"[48, 47]",[2],"[13, 87, 14, 27, 80, 70, 98]","[2, 48, 47]","[13, 87, 14, 27, 80, 70, 98]",[],"[48, 47]",[2],7,0,2,1
474,10,5,"[2, 32, 21, 27, 61, 47, 1, 65, 98, 28]","[32, 21, 27, 61, 47, 65, 98, 28]","[2, 1]",0.7169600044745486,0.16925692178382828,2.0,0,0,"[32, 21, 27, 61, 47, 65, 98, 28]","[2, 1]","[32, 21, 27, 61, 47, 65, 98, 28]","[2, 1]","[32, 21, 27, 61, 47, 65, 98, 28]",[],[],"[2, 1]",2,0.4999570846557617,"{""0"": 0.8737131357192993, ""1"": -1.0}",0,0,"[21, 27, 61, 47, 65, 98, 28]","[2, 32, 1]","[21, 27, 61, 47, 65, 98, 28]","[2, 32, 1]","[21, 27, 61, 47, 65, 98, 28]",[],[32],"[2, 1]","[21, 27, 61, 47, 65, 98, 28]","[2, 32, 1]","[21, 27, 61, 47, 65, 98, 28]",[],[32],"[2, 1]",7,0,1,2
475,10,5,"[4, 64, 32, 16, 60, 41, 22, 20, 88, 92]","[64, 32, 16, 60, 41, 22, 20, 88, 92]",[4],0.8826491038939241,0.2684430444965241,2.0,0,0,"[64, 32, 16, 60, 41, 22, 20, 88, 92]",[4],"[64, 32, 16, 60, 41, 22, 20, 88, 92]",[4],"[64, 32, 16, 60, 41, 22, 20, 88, 92]",[],[],[4],2,0.6106441020965576,"{""0"": 3.9747331142425537, ""1"": -1.0}",0,0,"[64, 32, 16, 60, 41, 22, 20, 92]","[4, 88]","[64, 32, 16, 60, 41, 22, 20, 92]","[4, 88]","[64, 32, 16, 60, 41, 22, 20, 92]",[],[88],[4],"[64, 32, 16, 60, 41, 22, 20, 92]","[4, 88]","[64, 32, 16, 60, 41, 22, 20, 92]",[],[88],[4],8,0,1,1
476,10,5,"[1, 19, 36, 31, 33, 90, 13, 95, 27, 73]","[19, 36, 31, 33, 90, 13, 95, 27, 73]",[1],0.7671913167439306,0.07984812136247177,2.0,0,0,"[19, 36, 31, 33, 90, 13, 27]","[1, 95, 73]","[19, 36, 31, 33, 90, 13, 27]","[1, 95, 73]","[19, 36, 31, 33, 90, 13, 27]",[],"[95, 73]",[1],2,0.6138811111450195,"{""0"": 1.7126272916793823, ""1"": -1.0}",0,0,"[19, 36, 33, 90, 13, 27]","[1, 31, 95, 73]","[19, 36, 33, 90, 13, 27]","[1, 31, 95, 73]","[19, 36, 33, 90, 13, 27]",[],"[31, 95, 73]",[1],"[19, 36, 33, 90, 13, 27]","[1, 31, 95, 73]","[19, 36, 33, 90, 13, 27]",[],"[31, 95, 73]",[1],6,0,3,1
477,10,5,"[2, 95, 62, 74, 56, 42, 22, 71, 0, 63]","[95, 62, 74, 56, 42, 22, 71, 63]","[2, 0]",0.889092811948864,0.18718540477482343,2.0,0,0,"[62, 74, 56, 42, 22, 71, 63]","[2, 95, 0]","[62, 74, 56, 42, 22, 71, 63]","[2, 95, 0]","[62, 74, 56, 42, 22, 71, 63]",[],[95],"[2, 0]",3,0.3777383267879486,"{""0"": 3.723055839538574, ""1"": 1.9536153078079224, ""2"": -1.0}",0,0,"[62, 74, 22, 63]","[2, 95, 56, 42, 71, 0]","[62, 74, 22, 63]","[2, 95, 56, 42, 71, 0]","[62, 74, 22, 63]",[],"[95, 56, 42, 71]","[2, 0]","[62, 74, 22, 63]","[2, 95, 56, 42, 71, 0]","[62, 74, 22, 63]",[],"[95, 56, 42, 71]","[2, 0]",4,0,4,2
478,10,5,"[1, 29, 48, 3, 2, 54, 91, 34, 89, 42]","[29, 48, 54, 91, 34, 89, 42]","[1, 3, 2]",1.0036323329672008,0.46439150383559763,2.0,0,0,"[29, 48, 54, 91, 34, 89, 42]","[1, 3, 2]","[29, 48, 54, 91, 34, 89, 42]","[1, 3, 2]","[29, 48, 54, 91, 34, 89, 42]",[],[],"[1, 3, 2]",2,0.6697512269020081,"{""0"": 3.4827418327331543, ""1"": -1.0}",0,0,"[29, 48, 91, 34, 89, 42]","[1, 3, 2, 54]","[29, 48, 91, 34, 89, 42]","[1, 3, 2, 54]","[29, 48, 91, 34, 89, 42]",[],[54],"[1, 3, 2]","[29, 48, 91, 34, 89, 42]","[1, 3, 2, 54]","[29, 48, 91, 34, 89, 42]",[],[54],"[1, 3, 2]",6,0,1,3
479,10,5,"[2, 93, 67, 6, 40, 22, 79, 38, 61, 87]","[93, 67, 6, 40, 22, 79, 38, 61, 87]",[2],0.726266912506548,0.07629059133238231,2.0,0,0,"[93, 6, 40, 22, 38, 61, 87]","[2, 67, 79]","[93, 6, 40, 22, 38, 61, 87]","[2, 67, 79]","[93, 6, 40, 22, 38, 61, 87]",[],"[67, 79]",[2],2,0.32225683331489563,"{""0"": 0.31629255414009094, ""1"": 2.504638195037842}",1,0,"[93, 40, 22]","[2, 67, 6, 79, 38, 61, 87]","[93, 40, 22]","[2, 67, 6, 79, 38, 61, 87]","[93, 40, 22]",[],"[67, 6, 79, 38, 61, 87]",[2],"[93, 40, 22]","[2, 67, 6, 79, 38, 61, 87]","[93, 40, 22]",[],"[67, 6, 79, 38, 61, 87]",[2],3,0,6,1
480,10,5,"[4, 21, 67, 49, 24, 47, 95, 45, 57, 96]","[21, 67, 49, 24, 47, 95, 45, 57, 96]",[4],0.9232870809219063,0.2464449994368197,2.0,0,0,"[21, 67, 49, 24, 47, 95, 45, 57, 96]",[4],"[21, 67, 49, 24, 47, 95, 45, 57, 96]",[4],"[21, 67, 49, 24, 47, 95, 45, 57, 96]",[],[],[4],4,0.6132451891899109,"{""0"": 1.88761568069458, ""1"": 3.9060468673706055, ""2"": 1.9780278205871582, ""3"": -1.0}",1,0,"[21, 45, 57, 96]","[4, 67, 49, 24, 47, 95]","[21, 45, 57, 96]","[4, 67, 49, 24, 47, 95]","[21, 45, 57, 96]",[],"[67, 49, 24, 47, 95]",[4],"[21, 45, 57, 96]","[4, 67, 49, 24, 47, 95]","[21, 45, 57, 96]",[],"[67, 49, 24, 47, 95]",[4],4,0,5,1
481,10,5,"[1, 74, 25, 94, 96, 58, 3, 99, 55, 97]","[74, 25, 94, 96, 58, 99, 55, 97]","[1, 3]",0.8020875897353201,0.22888943336321527,2.0,0,0,"[74, 25, 94, 96, 58, 99, 55, 97]","[1, 3]","[74, 25, 94, 96, 58, 99, 55, 97]","[1, 3]","[74, 25, 94, 96, 58, 99, 55, 97]",[],[],"[1, 3]",2,0.7483162879943848,"{""0"": 3.6200594902038574, ""1"": -1.0}",0,0,"[74, 25, 94, 96, 58, 99, 55]","[1, 3, 97]","[74, 25, 94, 96, 58, 99, 55]","[1, 3, 97]","[74, 25, 94, 96, 58, 99, 55]",[],[97],"[1, 3]","[74, 25, 94, 96, 58, 99, 55]","[1, 3, 97]","[74, 25, 94, 96, 58, 99, 55]",[],[97],"[1, 3]",7,0,1,2
482,10,5,"[1, 81, 82, 47, 65, 60, 93, 28, 49, 3]","[81, 82, 47, 65, 60, 93, 28, 49]","[1, 3]",0.7859885496469844,0.1557639171180536,2.0,0,0,"[81, 82, 47, 65, 93, 28, 49]","[1, 60, 3]","[81, 82, 47, 65, 93, 28, 49]","[1, 60, 3]","[81, 82, 47, 65, 93, 28, 49]",[],[60],"[1, 3]",2,0.4100567400455475,"{""0"": 3.4603943824768066, ""1"": -1.0}",0,0,"[81, 82, 47, 93, 28, 49]","[1, 65, 60, 3]","[81, 82, 47, 93, 28, 49]","[1, 65, 60, 3]","[81, 82, 47, 93, 28, 49]",[],"[65, 60]","[1, 3]","[81, 82, 47, 93, 28, 49]","[1, 65, 60, 3]","[81, 82, 47, 93, 28, 49]",[],"[65, 60]","[1, 3]",6,0,2,2
483,10,5,"[4, 8, 48, 46, 69, 18, 87, 54, 19, 97]","[8, 48, 46, 69, 18, 87, 54, 19, 97]",[4],0.9615231566646691,0.24233230089211355,2.0,0,0,"[8, 48, 46, 69, 18, 87, 54, 19, 97]",[4],"[8, 48, 46, 69, 18, 87, 54, 19, 97]",[4],"[8, 48, 46, 69, 18, 87, 54, 19, 97]",[],[],[4],3,0.5127825736999512,"{""0"": 2.1159772872924805, ""1"": -1.0, ""2"": -1.0}",0,0,"[8, 48, 69, 18, 87, 19, 97]","[4, 46, 54]","[8, 48, 69, 18, 87, 19, 97]","[4, 46, 54]","[8, 48, 69, 18, 87, 19, 97]",[],"[46, 54]",[4],"[8, 48, 69, 18, 87, 19, 97]","[4, 46, 54]","[8, 48, 69, 18, 87, 19, 97]",[],"[46, 54]",[4],7,0,2,1
484,10,5,"[1, 91, 86, 11, 53, 59, 48, 3, 9, 26]","[91, 86, 11, 53, 59, 48, 9, 26]","[1, 3]",0.7378921877746986,0.12501948796301787,2.0,0,0,"[91, 86, 11, 53, 59, 48, 9, 26]","[1, 3]","[91, 86, 11, 53, 59, 48, 9, 26]","[1, 3]","[91, 86, 11, 53, 59, 48, 9, 26]",[],[],"[1, 3]",2,0.4527158737182617,"{""0"": 1.441299557685852, ""1"": 1.9268848896026611}",1,0,"[59, 9]","[1, 91, 86, 11, 53, 48, 3, 26]","[59, 9]","[1, 91, 86, 11, 53, 48, 3, 26]","[59, 9]",[],"[91, 86, 11, 53, 48, 26]","[1, 3]","[59, 9]","[1, 91, 86, 11, 53, 48, 3, 26]","[59, 9]",[],"[91, 86, 11, 53, 48, 26]","[1, 3]",2,0,6,2
485,10,5,"[1, 82, 58, 96, 4, 28, 39, 99, 13, 37]","[82, 58, 96, 28, 39, 99, 13, 37]","[1, 4]",0.9557438503503247,0.15184575151707508,2.0,0,0,"[82, 58, 96, 28, 39, 99, 13, 37]","[1, 4]","[82, 58, 96, 28, 39, 99, 13, 37]","[1, 4]","[82, 58, 96, 28, 39, 99, 13, 37]",[],[],"[1, 4]",2,0.4826558828353882,"{""0"": 1.788999319076538, ""1"": 1.8698101043701172}",1,0,"[58, 99]","[1, 82, 96, 4, 28, 39, 13, 37]","[58, 99]","[1, 82, 96, 4, 28, 39, 13, 37]","[58, 99]",[],"[82, 96, 28, 39, 13, 37]","[1, 4]","[58, 99]","[1, 82, 96, 4, 28, 39, 13, 37]","[58, 99]",[],"[82, 96, 28, 39, 13, 37]","[1, 4]",2,0,6,2
486,10,5,"[3, 62, 44, 97, 49, 90, 70, 66, 87, 54]","[62, 44, 97, 49, 90, 70, 66, 87, 54]",[3],0.9576945564220177,0.27281082512819255,2.0,0,0,"[62, 44, 49, 90, 70, 66, 87, 54]","[3, 97]","[62, 44, 49, 90, 70, 66, 87, 54]","[3, 97]","[62, 44, 49, 90, 70, 66, 87, 54]",[],[97],[3],2,0.5185193419456482,"{""0"": 1.9444575309753418, ""1"": -1.0}",0,0,"[62, 44, 49, 90, 70, 66, 87]","[3, 97, 54]","[62, 44, 49, 90, 70, 66, 87]","[3, 97, 54]","[62, 44, 49, 90, 70, 66, 87]",[],"[97, 54]",[3],"[62, 44, 49, 90, 70, 66, 87]","[3, 97, 54]","[62, 44, 49, 90, 70, 66, 87]",[],"[97, 54]",[3],7,0,2,1
487,10,5,"[1, 95, 63, 12, 31, 57, 76, 69, 61, 2]","[95, 63, 12, 31, 57, 76, 69, 61]","[1, 2]",0.7626348918054815,0.17630653907558097,2.0,0,0,"[95, 63, 12, 31, 57, 76, 69, 61]","[1, 2]","[95, 63, 12, 31, 57, 76, 69, 61]","[1, 2]","[95, 63, 12, 31, 57, 76, 69, 61]",[],[],"[1, 2]",2,0.7267323732376099,"{""0"": 4.284514904022217, ""1"": -1.0}",0,0,"[95, 63, 12, 57, 76, 69, 61]","[1, 31, 2]","[95, 63, 12, 57, 76, 69, 61]","[1, 31, 2]","[95, 63, 12, 57, 76, 69, 61]",[],[31],"[1, 2]","[95, 63, 12, 57, 76, 69, 61]","[1, 31, 2]","[95, 63, 12, 57, 76, 69, 61]",[],[31],"[1, 2]",7,0,1,2
488,10,5,"[4, 3, 89, 43, 32, 65, 24, 70, 75, 71]","[89, 43, 32, 65, 24, 70, 75, 71]","[4, 3]",0.845724297003104,0.17715253303716766,2.0,0,0,"[89, 43, 32, 65, 24, 70, 75, 71]","[4, 3]","[89, 43, 32, 65, 24, 70, 75, 71]","[4, 3]","[89, 43, 32, 65, 24, 70, 75, 71]",[],[],"[4, 3]",2,0.4202461242675781,"{""0"": 2.8736748695373535, ""1"": -1.0}",0,0,"[89, 43, 32, 65, 24, 70, 75]","[4, 3, 71]","[89, 43, 32, 65, 24, 70, 75]","[4, 3, 71]","[89, 43, 32, 65, 24, 70, 75]",[],[71],"[4, 3]","[89, 43, 32, 65, 24, 70, 75]","[4, 3, 71]","[89, 43, 32, 65, 24, 70, 75]",[],[71],"[4, 3]",7,0,1,2
489,10,5,"[0, 23, 91, 20, 84, 29, 85, 79, 50, 43]","[23, 91, 20, 84, 29, 85, 79, 50, 43]",[0],0.6668826327202131,0.043382833947945176,2.0,0,0,"[23, 91, 84, 29, 79, 43]","[0, 20, 85, 50]","[23, 91, 84, 29, 79, 43]","[0, 20, 85, 50]","[23, 91, 84, 29, 79, 43]",[],"[20, 85, 50]",[0],2,0.48394203186035156,"{""0"": 2.1555042266845703, ""1"": -1.0}",0,0,"[23, 91, 84, 29, 43]","[0, 20, 85, 79, 50]","[23, 91, 84, 29, 43]","[0, 20, 85, 79, 50]","[23, 91, 84, 29, 43]",[],"[20, 85, 79, 50]",[0],"[23, 91, 84, 29, 43]","[0, 20, 85, 79, 50]","[23, 91, 84, 29, 43]",[],"[20, 85, 79, 50]",[0],5,0,4,1
490,10,5,"[3, 89, 96, 47, 25, 98, 83, 63, 50, 35]","[89, 96, 47, 25, 98, 83, 63, 50, 35]",[3],0.9496448172116159,0.08049655676182543,2.0,0,0,"[89, 96, 25, 98, 83, 63, 50, 35]","[3, 47]","[89, 96, 25, 98, 83, 63, 50, 35]","[3, 47]","[89, 96, 25, 98, 83, 63, 50, 35]",[],[47],[3],4,0.3720915913581848,"{""0"": 2.1904544830322266, ""1"": 1.6131802797317505, ""2"": -1.0, ""3"": 1.9542124271392822}",0,0,"[89, 98, 83]","[3, 96, 47, 25, 63, 50, 35]","[89, 98, 83]","[3, 96, 47, 25, 63, 50, 35]","[89, 98, 83]",[],"[96, 47, 25, 63, 50, 35]",[3],"[89, 98, 83]","[3, 96, 47, 25, 63, 50, 35]","[89, 98, 83]",[],"[96, 47, 25, 63, 50, 35]",[3],3,0,6,1
491,10,5,"[2, 43, 15, 21, 81, 42, 50, 20, 22, 1]","[43, 15, 21, 81, 42, 50, 20, 22]","[2, 1]",0.7015772299613801,0.1497126951969271,2.0,0,0,"[43, 15, 21, 81, 42, 50, 20, 22]","[2, 1]","[43, 15, 21, 81, 42, 50, 20, 22]","[2, 1]","[43, 15, 21, 81, 42, 50, 20, 22]",[],[],"[2, 1]",2,0.43238550424575806,"{""0"": 1.4645016193389893, ""1"": -1.0}",0,0,"[43, 15, 21, 81, 50, 20, 22]","[2, 42, 1]","[43, 15, 21, 81, 50, 20, 22]","[2, 42, 1]","[43, 15, 21, 81, 50, 20, 22]",[],[42],"[2, 1]","[43, 15, 21, 81, 50, 20, 22]","[2, 42, 1]","[43, 15, 21, 81, 50, 20, 22]",[],[42],"[2, 1]",7,0,1,2
492,10,5,"[4, 85, 27, 36, 99, 53, 33, 87, 35, 17]","[85, 27, 36, 99, 53, 33, 87, 35, 17]",[4],0.7567009570829818,0.07880235249466128,2.0,0,0,"[85, 27, 36, 99, 53, 33, 87, 35]","[4, 17]","[85, 27, 36, 99, 53, 33, 87, 35]","[4, 17]","[85, 27, 36, 99, 53, 33, 87, 35]",[],[17],[4],2,0.41257792711257935,"{""0"": 2.7371296882629395, ""1"": -1.0}",0,0,"[85, 27, 36, 99, 53, 33, 87]","[4, 35, 17]","[85, 27, 36, 99, 53, 33, 87]","[4, 35, 17]","[85, 27, 36, 99, 53, 33, 87]",[],"[35, 17]",[4],"[85, 27, 36, 99, 53, 33, 87]","[4, 35, 17]","[85, 27, 36, 99, 53, 33, 87]",[],"[35, 17]",[4],7,0,2,1
493,10,5,"[4, 73, 88, 94, 50, 16, 27, 67, 8, 58]","[73, 88, 94, 50, 16, 27, 67, 8, 58]",[4],0.7561491398342461,0.12594609040752558,2.0,0,0,"[73, 94, 50, 16, 27, 67, 8, 58]","[4, 88]","[73, 94, 50, 16, 27, 67, 8, 58]","[4, 88]","[73, 94, 50, 16, 27, 67, 8, 58]",[],[88],[4],2,0.5923292636871338,"{""0"": 4.530337810516357, ""1"": -1.0}",0,0,"[94, 50, 16, 27, 67, 8, 58]","[4, 73, 88]","[94, 50, 16, 27, 67, 8, 58]","[4, 73, 88]","[94, 50, 16, 27, 67, 8, 58]",[],"[73, 88]",[4],"[94, 50, 16, 27, 67, 8, 58]","[4, 73, 88]","[94, 50, 16, 27, 67, 8, 58]",[],"[73, 88]",[4],7,0,2,1
494,10,5,"[0, 72, 87, 49, 6, 94, 56, 73, 76, 84]","[72, 87, 49, 6, 94, 56, 73, 76, 84]",[0],0.7574965505664172,0.09056926917263675,2.0,0,0,"[72, 87, 49, 6, 94, 56, 76, 84]","[0, 73]","[72, 87, 49, 6, 94, 56, 76, 84]","[0, 73]","[72, 87, 49, 6, 94, 56, 76, 84]",[],[73],[0],2,0.7271978259086609,"{""0"": 5.587303161621094, ""1"": -1.0}",0,0,"[72, 87, 6, 94, 56, 76, 84]","[0, 49, 73]","[72, 87, 6, 94, 56, 76, 84]","[0, 49, 73]","[72, 87, 6, 94, 56, 76, 84]",[],"[49, 73]",[0],"[72, 87, 6, 94, 56, 76, 84]","[0, 49, 73]","[72, 87, 6, 94, 56, 76, 84]",[],"[49, 73]",[0],7,0,2,1
495,10,5,"[1, 78, 77, 34, 44, 10, 5, 50, 85, 68]","[78, 77, 34, 44, 10, 5, 50, 85, 68]",[1],0.6879533219336316,0.19821944313395584,2.0,0,0,"[78, 77, 34, 44, 10, 5, 50, 85, 68]",[1],"[78, 77, 34, 44, 10, 5, 50, 85, 68]",[1],"[78, 77, 34, 44, 10, 5, 50, 85, 68]",[],[],[1],3,0.3842388689517975,"{""0"": 1.646116018295288, ""1"": 3.573050022125244, ""2"": -1.0}",1,0,"[78, 77, 34, 44, 50]","[1, 10, 5, 85, 68]","[78, 77, 34, 44, 50]","[1, 10, 5, 85, 68]","[78, 77, 34, 44, 50]",[],"[10, 5, 85, 68]",[1],"[78, 77, 34, 44, 50]","[1, 10, 5, 85, 68]","[78, 77, 34, 44, 50]",[],"[10, 5, 85, 68]",[1],5,0,4,1
496,10,5,"[1, 67, 93, 20, 79, 19, 10, 49, 75, 94]","[67, 93, 20, 79, 19, 10, 49, 75, 94]",[1],0.732557181195811,0.08629383850055267,2.0,0,0,"[67, 93, 20, 79, 19, 10, 49, 75, 94]",[1],"[67, 93, 20, 79, 19, 10, 49, 75, 94]",[1],"[67, 93, 20, 79, 19, 10, 49, 75, 94]",[],[],[1],2,0.541222333908081,"{""0"": 3.09186053276062, ""1"": 1.8777272701263428}",0,0,"[67, 93, 20, 79, 19, 49, 94]","[1, 10, 75]","[67, 93, 20, 79, 19, 49, 94]","[1, 10, 75]","[67, 93, 20, 79, 19, 49, 94]",[],"[10, 75]",[1],"[67, 93, 20, 79, 19, 49, 94]","[1, 10, 75]","[67, 93, 20, 79, 19, 49, 94]",[],"[10, 75]",[1],7,0,2,1
497,10,5,"[3, 1, 40, 89, 24, 63, 65, 48, 90, 64]","[40, 89, 24, 63, 65, 48, 90, 64]","[3, 1]",0.6433713059415913,0.1256953807686416,2.0,0,0,"[40, 89, 24, 63, 65, 90, 64]","[3, 1, 48]","[40, 89, 24, 63, 65, 90, 64]","[3, 1, 48]","[40, 89, 24, 63, 65, 90, 64]",[],[48],"[3, 1]",2,0.45670750737190247,"{""0"": 1.6845592260360718, ""1"": -1.0}",0,0,"[40, 89, 63, 65, 90, 64]","[3, 1, 24, 48]","[40, 89, 63, 65, 90, 64]","[3, 1, 24, 48]","[40, 89, 63, 65, 90, 64]",[],"[24, 48]","[3, 1]","[40, 89, 63, 65, 90, 64]","[3, 1, 24, 48]","[40, 89, 63, 65, 90, 64]",[],"[24, 48]","[3, 1]",6,0,2,2
498,10,5,"[0, 97, 8, 32, 54, 84, 25, 82, 2, 47]","[97, 8, 32, 54, 84, 25, 82, 47]","[0, 2]",0.8877183518656154,0.25322747379588084,2.0,0,0,"[97, 8, 32, 54, 84, 25, 82, 47]","[0, 2]","[97, 8, 32, 54, 84, 25, 82, 47]","[0, 2]","[97, 8, 32, 54, 84, 25, 82, 47]",[],[],"[0, 2]",2,0.6142299175262451,"{""0"": 3.336182117462158, ""1"": -1.0}",0,0,"[97, 8, 32, 84, 25, 82, 47]","[0, 54, 2]","[97, 8, 32, 84, 25, 82, 47]","[0, 54, 2]","[97, 8, 32, 84, 25, 82, 47]",[],[54],"[0, 2]","[97, 8, 32, 84, 25, 82, 47]","[0, 54, 2]","[97, 8, 32, 84, 25, 82, 47]",[],[54],"[0, 2]",7,0,1,2
499,10,5,"[3, 77, 43, 84, 97, 54, 23, 41, 81, 5]","[77, 43, 84, 97, 54, 23, 41, 81, 5]",[3],0.8575236539570567,0.21742729762281893,2.0,0,0,"[77, 43, 84, 54, 23, 41, 81, 5]","[3, 97]","[77, 43, 84, 54, 23, 41, 81, 5]","[3, 97]","[77, 43, 84, 54, 23, 41, 81, 5]",[],[97],[3],2,0.548888087272644,"{""0"": 3.00056791305542, ""1"": -1.0}",0,0,"[77, 43, 84, 23, 41, 81, 5]","[3, 97, 54]","[77, 43, 84, 23, 41, 81, 5]","[3, 97, 54]","[77, 43, 84, 23, 41, 81, 5]",[],"[97, 54]",[3],"[77, 43, 84, 23, 41, 81, 5]","[3, 97, 54]","[77, 43, 84, 23, 41, 81, 5]",[],"[97, 54]",[3],7,0,2,1
500,10,5,"[4, 50, 79, 39, 10, 18, 28, 41, 22, 71]","[50, 79, 39, 10, 18, 28, 41, 22, 71]",[4],0.7351249678787436,0.1591009286358323,2.0,0,0,"[50, 79, 39, 10, 18, 28, 41, 22, 71]",[4],"[50, 79, 39, 10, 18, 28, 41, 22, 71]",[4],"[50, 79, 39, 10, 18, 28, 41, 22, 71]",[],[],[4],2,0.390593945980072,"{""0"": 1.6788413524627686, ""1"": 1.940448522567749}",1,0,"[50, 79, 39, 18, 28, 22]","[4, 10, 41, 71]","[50, 79, 39, 18, 28, 22]","[4, 10, 41, 71]","[50, 79, 39, 18, 28, 22]",[],"[10, 41, 71]",[4],"[50, 79, 39, 18, 28, 22]","[4, 10, 41, 71]","[50, 79, 39, 18, 28, 22]",[],"[10, 41, 71]",[4],6,0,3,1
501,10,5,"[4, 70, 79, 75, 87, 0, 71, 66, 98, 67]","[70, 79, 75, 87, 71, 66, 98, 67]","[4, 0]",0.7814469997159948,0.13417130930205773,2.0,0,0,"[70, 79, 75, 87, 71, 66, 98, 67]","[4, 0]","[70, 79, 75, 87, 71, 66, 98, 67]","[4, 0]","[70, 79, 75, 87, 71, 66, 98, 67]",[],[],"[4, 0]",3,0.4647935628890991,"{""0"": 2.402750015258789, ""1"": 1.82651686668396, ""2"": 2.898663282394409}",2,0,"[70, 87, 98]","[4, 79, 75, 0, 71, 66, 67]","[70, 87, 98]","[4, 79, 75, 0, 71, 66, 67]","[70, 87, 98]",[],"[79, 75, 71, 66, 67]","[4, 0]","[70, 87, 98]","[4, 79, 75, 0, 71, 66, 67]","[70, 87, 98]",[],"[79, 75, 71, 66, 67]","[4, 0]",3,0,5,2
502,10,5,"[3, 98, 4, 68, 9, 12, 0, 59, 13, 37]","[98, 68, 9, 12, 59, 13, 37]","[3, 4, 0]",0.6460546965027202,0.1765099165827512,2.0,0,0,"[98, 68, 9, 12, 59, 13, 37]","[3, 4, 0]","[98, 68, 9, 12, 59, 13, 37]","[3, 4, 0]","[98, 68, 9, 12, 59, 13, 37]",[],[],"[3, 4, 0]",2,0.3810000419616699,"{""0"": 1.480007529258728, ""1"": 0.5974584221839905}",0,0,"[59, 13]","[3, 98, 4, 68, 9, 12, 0, 37]","[59, 13]","[3, 98, 4, 68, 9, 12, 0, 37]","[59, 13]",[],"[98, 68, 9, 12, 37]","[3, 4, 0]","[59, 13]","[3, 98, 4, 68, 9, 12, 0, 37]","[59, 13]",[],"[98, 68, 9, 12, 37]","[3, 4, 0]",2,0,5,3
503,10,5,"[4, 96, 23, 27, 91, 52, 3, 32, 53, 66]","[96, 23, 27, 91, 52, 32, 53, 66]","[4, 3]",0.8588873187731645,0.17652410389382844,2.0,0,0,"[96, 23, 27, 91, 52, 32, 53, 66]","[4, 3]","[96, 23, 27, 91, 52, 32, 53, 66]","[4, 3]","[96, 23, 27, 91, 52, 32, 53, 66]",[],[],"[4, 3]",2,0.5790520310401917,"{""0"": 2.896430492401123, ""1"": -1.0}",0,0,"[96, 23, 27, 91, 52, 53, 66]","[4, 3, 32]","[96, 23, 27, 91, 52, 53, 66]","[4, 3, 32]","[96, 23, 27, 91, 52, 53, 66]",[],[32],"[4, 3]","[96, 23, 27, 91, 52, 53, 66]","[4, 3, 32]","[96, 23, 27, 91, 52, 53, 66]",[],[32],"[4, 3]",7,0,1,2
504,10,5,"[0, 65, 84, 43, 72, 85, 37, 34, 99, 35]","[65, 84, 43, 72, 85, 37, 34, 99, 35]",[0],0.6542735570255974,0.10247928972400266,2.0,0,0,"[65, 84, 43, 72, 85, 37, 34, 99, 35]",[0],"[65, 84, 43, 72, 85, 37, 34, 99, 35]",[0],"[65, 84, 43, 72, 85, 37, 34, 99, 35]",[],[],[0],2,0.4639781713485718,"{""0"": 1.2004072666168213, ""1"": 4.975720405578613}",1,0,"[65, 43, 72, 37, 34, 99, 35]","[0, 84, 85]","[65, 43, 72, 37, 34, 99, 35]","[0, 84, 85]","[65, 43, 72, 37, 34, 99, 35]",[],"[84, 85]",[0],"[65, 43, 72, 37, 34, 99, 35]","[0, 84, 85]","[65, 43, 72, 37, 34, 99, 35]",[],"[84, 85]",[0],7,0,2,1
505,10,5,"[1, 63, 18, 15, 26, 23, 56, 92, 91, 64]","[63, 18, 15, 26, 23, 56, 92, 91, 64]",[1],0.5943180307948672,0.10232548401048175,2.0,0,0,"[63, 18, 15, 26, 23, 56, 92, 91, 64]",[1],"[63, 18, 15, 26, 23, 56, 92, 91, 64]",[1],"[63, 18, 15, 26, 23, 56, 92, 91, 64]",[],[],[1],2,0.3594268262386322,"{""0"": 1.4653205871582031, ""1"": 1.4102630615234375}",0,0,"[63, 18, 26, 56, 92, 91, 64]","[1, 15, 23]","[63, 18, 26, 56, 92, 91, 64]","[1, 15, 23]","[63, 18, 26, 56, 92, 91, 64]",[],"[15, 23]",[1],"[63, 18, 26, 56, 92, 91, 64]","[1, 15, 23]","[63, 18, 26, 56, 92, 91, 64]",[],"[15, 23]",[1],7,0,2,1
506,10,5,"[3, 54, 28, 72, 29, 10, 92, 76, 88, 65]","[54, 28, 72, 29, 10, 92, 76, 88, 65]",[3],0.7612051931257378,0.16977473520383268,2.0,0,0,"[54, 28, 72, 29, 10, 92, 76, 65]","[3, 88]","[54, 28, 72, 29, 10, 92, 76, 65]","[3, 88]","[54, 28, 72, 29, 10, 92, 76, 65]",[],[88],[3],2,0.6027684211730957,"{""0"": 3.302788734436035, ""1"": -1.0}",0,0,"[28, 72, 29, 10, 92, 76, 65]","[3, 54, 88]","[28, 72, 29, 10, 92, 76, 65]","[3, 54, 88]","[28, 72, 29, 10, 92, 76, 65]",[],"[54, 88]",[3],"[28, 72, 29, 10, 92, 76, 65]","[3, 54, 88]","[28, 72, 29, 10, 92, 76, 65]",[],"[54, 88]",[3],7,0,2,1
507,10,5,"[0, 39, 30, 66, 90, 31, 6, 99, 76, 61]","[39, 30, 66, 90, 31, 6, 99, 76, 61]",[0],0.6177138398782206,0.11601746906702998,2.0,0,0,"[39, 30, 66, 90, 6, 99, 76, 61]","[0, 31]","[39, 30, 66, 90, 6, 99, 76, 61]","[0, 31]","[39, 30, 66, 90, 6, 99, 76, 61]",[],[31],[0],3,0.3196873068809509,"{""0"": 4.120001316070557, ""1"": 0.3832698464393616, ""2"": -1.0}",0,0,"[39, 90, 6, 76, 61]","[0, 30, 66, 31, 99]","[39, 90, 6, 76, 61]","[0, 30, 66, 31, 99]","[39, 90, 6, 76, 61]",[],"[30, 66, 31, 99]",[0],"[39, 90, 6, 76, 61]","[0, 30, 66, 31, 99]","[39, 90, 6, 76, 61]",[],"[30, 66, 31, 99]",[0],5,0,4,1
508,10,5,"[4, 63, 43, 99, 49, 66, 92, 34, 23, 16]","[63, 43, 99, 49, 66, 92, 34, 23, 16]",[4],0.5799945332802483,0.09933136728284372,2.0,0,0,"[63, 43, 99, 49, 66, 92, 34, 23, 16]",[4],"[63, 43, 99, 49, 66, 92, 34, 23, 16]",[4],"[63, 43, 99, 49, 66, 92, 34, 23, 16]",[],[],[4],2,0.41451919078826904,"{""0"": 2.78025221824646, ""1"": 1.5504915714263916}",0,0,"[63, 99, 66, 92, 34, 23, 16]","[4, 43, 49]","[63, 99, 66, 92, 34, 23, 16]","[4, 43, 49]","[63, 99, 66, 92, 34, 23, 16]",[],"[43, 49]",[4],"[63, 99, 66, 92, 34, 23, 16]","[4, 43, 49]","[63, 99, 66, 92, 34, 23, 16]",[],"[43, 49]",[4],7,0,2,1
509,10,5,"[4, 16, 72, 98, 5, 9, 68, 96, 61, 36]","[16, 72, 98, 5, 9, 68, 96, 61, 36]",[4],0.6191948775350413,0.06216303145200003,2.0,0,0,"[16, 72, 5, 9, 68, 96, 61, 36]","[4, 98]","[16, 72, 5, 9, 68, 96, 61, 36]","[4, 98]","[16, 72, 5, 9, 68, 96, 61, 36]",[],[98],[4],2,0.3550371527671814,"{""0"": 0.5025634765625, ""1"": -1.0}",0,0,"[16, 72, 5, 9, 68, 61, 36]","[4, 98, 96]","[16, 72, 5, 9, 68, 61, 36]","[4, 98, 96]","[16, 72, 5, 9, 68, 61, 36]",[],"[98, 96]",[4],"[16, 72, 5, 9, 68, 61, 36]","[4, 98, 96]","[16, 72, 5, 9, 68, 61, 36]",[],"[98, 96]",[4],7,0,2,1
510,10,5,"[3, 22, 77, 12, 92, 89, 30, 14, 16, 21]","[22, 77, 12, 92, 89, 30, 14, 16, 21]",[3],0.8496142130930096,0.12542008354592665,2.0,0,0,"[22, 77, 12, 92, 89, 30, 14, 16, 21]",[3],"[22, 77, 12, 92, 89, 30, 14, 16, 21]",[3],"[22, 77, 12, 92, 89, 30, 14, 16, 21]",[],[],[3],2,0.6506470441818237,"{""0"": 2.0994319915771484, ""1"": -1.0}",0,0,"[22, 77, 12, 92, 89, 14, 16, 21]","[3, 30]","[22, 77, 12, 92, 89, 14, 16, 21]","[3, 30]","[22, 77, 12, 92, 89, 14, 16, 21]",[],[30],[3],"[22, 77, 12, 92, 89, 14, 16, 21]","[3, 30]","[22, 77, 12, 92, 89, 14, 16, 21]",[],[30],[3],8,0,1,1
511,10,5,"[3, 46, 80, 89, 57, 40, 50, 0, 28, 8]","[46, 80, 89, 57, 40, 50, 28, 8]","[3, 0]",0.6952604847946195,0.19981494989318657,2.0,0,0,"[46, 80, 89, 57, 40, 50, 28, 8]","[3, 0]","[46, 80, 89, 57, 40, 50, 28, 8]","[3, 0]","[46, 80, 89, 57, 40, 50, 28, 8]",[],[],"[3, 0]",2,0.6144305467605591,"{""0"": 1.527259111404419, ""1"": 3.3887557983398438}",1,0,"[80, 57, 40, 50, 28, 8]","[3, 46, 89, 0]","[80, 57, 40, 50, 28, 8]","[3, 46, 89, 0]","[80, 57, 40, 50, 28, 8]",[],"[46, 89]","[3, 0]","[80, 57, 40, 50, 28, 8]","[3, 46, 89, 0]","[80, 57, 40, 50, 28, 8]",[],"[46, 89]","[3, 0]",6,0,2,2
512,10,5,"[1, 88, 28, 14, 18, 10, 63, 68, 15, 58]","[88, 28, 14, 18, 10, 63, 68, 15, 58]",[1],0.843836707472009,0.15339170813962127,2.0,0,0,"[28, 14, 18, 10, 63, 68, 15, 58]","[1, 88]","[28, 14, 18, 10, 63, 68, 15, 58]","[1, 88]","[28, 14, 18, 10, 63, 68, 15, 58]",[],[88],[1],2,0.510848879814148,"{""0"": 4.457759857177734, ""1"": -1.0}",0,0,"[28, 14, 18, 63, 68, 15, 58]","[1, 88, 10]","[28, 14, 18, 63, 68, 15, 58]","[1, 88, 10]","[28, 14, 18, 63, 68, 15, 58]",[],"[88, 10]",[1],"[28, 14, 18, 63, 68, 15, 58]","[1, 88, 10]","[28, 14, 18, 63, 68, 15, 58]",[],"[88, 10]",[1],7,0,2,1
513,10,5,"[0, 40, 23, 91, 32, 18, 64, 41, 68, 70]","[40, 23, 91, 32, 18, 64, 41, 68, 70]",[0],0.7870231683127009,0.16611936346246758,2.0,0,0,"[40, 23, 91, 32, 18, 64, 41, 68, 70]",[0],"[40, 23, 91, 32, 18, 64, 41, 68, 70]",[0],"[40, 23, 91, 32, 18, 64, 41, 68, 70]",[],[],[0],2,0.45016229152679443,"{""0"": 3.211648464202881, ""1"": -1.0}",0,0,"[40, 23, 91, 32, 18, 64, 68, 70]","[0, 41]","[40, 23, 91, 32, 18, 64, 68, 70]","[0, 41]","[40, 23, 91, 32, 18, 64, 68, 70]",[],[41],[0],"[40, 23, 91, 32, 18, 64, 68, 70]","[0, 41]","[40, 23, 91, 32, 18, 64, 68, 70]",[],[41],[0],8,0,1,1
514,10,5,"[4, 12, 11, 69, 41, 79, 22, 3, 54, 28]","[12, 11, 69, 41, 79, 22, 54, 28]","[4, 3]",0.9570752270615571,0.16347939090127656,2.0,0,0,"[12, 11, 69, 41, 79, 22, 54, 28]","[4, 3]","[12, 11, 69, 41, 79, 22, 54, 28]","[4, 3]","[12, 11, 69, 41, 79, 22, 54, 28]",[],[],"[4, 3]",2,0.629473865032196,"{""0"": 1.9184482097625732, ""1"": 4.611262798309326}",1,0,"[12, 11, 69, 79, 22, 28]","[4, 41, 3, 54]","[12, 11, 69, 79, 22, 28]","[4, 41, 3, 54]","[12, 11, 69, 79, 22, 28]",[],"[41, 54]","[4, 3]","[12, 11, 69, 79, 22, 28]","[4, 41, 3, 54]","[12, 11, 69, 79, 22, 28]",[],"[41, 54]","[4, 3]",6,0,2,2
515,10,5,"[0, 34, 15, 49, 45, 17, 59, 22, 51, 12]","[34, 15, 49, 45, 17, 59, 22, 51, 12]",[0],0.6835440748533395,0.13886398640987935,2.0,0,0,"[34, 15, 49, 45, 59, 22, 51, 12]","[0, 17]","[34, 15, 49, 45, 59, 22, 51, 12]","[0, 17]","[34, 15, 49, 45, 59, 22, 51, 12]",[],[17],[0],2,0.4716285467147827,"{""0"": 3.0403800010681152, ""1"": -1.0}",0,0,"[34, 15, 45, 59, 22, 51, 12]","[0, 49, 17]","[34, 15, 45, 59, 22, 51, 12]","[0, 49, 17]","[34, 15, 45, 59, 22, 51, 12]",[],"[49, 17]",[0],"[34, 15, 45, 59, 22, 51, 12]","[0, 49, 17]","[34, 15, 45, 59, 22, 51, 12]",[],"[49, 17]",[0],7,0,2,1
516,10,5,"[4, 73, 14, 1, 74, 45, 29, 13, 6, 2]","[73, 14, 74, 45, 29, 13, 6]","[4, 1, 2]",0.9116627599727041,0.2973898857573853,2.0,0,0,"[73, 14, 74, 45, 29, 13, 6]","[4, 1, 2]","[73, 14, 74, 45, 29, 13, 6]","[4, 1, 2]","[73, 14, 74, 45, 29, 13, 6]",[],[],"[4, 1, 2]",2,0.6936210989952087,"{""0"": 3.334345579147339, ""1"": -1.0}",0,0,"[14, 74, 45, 29, 13, 6]","[4, 73, 1, 2]","[14, 74, 45, 29, 13, 6]","[4, 73, 1, 2]","[14, 74, 45, 29, 13, 6]",[],[73],"[4, 1, 2]","[14, 74, 45, 29, 13, 6]","[4, 73, 1, 2]","[14, 74, 45, 29, 13, 6]",[],[73],"[4, 1, 2]",6,0,1,3
517,10,5,"[0, 59, 78, 85, 24, 97, 42, 9, 29, 51]","[59, 78, 85, 24, 97, 42, 9, 29, 51]",[0],0.8499281794029292,0.09407722130801066,2.0,0,0,"[59, 85, 24, 97, 42, 9, 29, 51]","[0, 78]","[59, 85, 24, 97, 42, 9, 29, 51]","[0, 78]","[59, 85, 24, 97, 42, 9, 29, 51]",[],[78],[0],2,0.614936113357544,"{""0"": 1.6801105737686157, ""1"": -1.0}",0,0,"[59, 85, 24, 42, 9, 29, 51]","[0, 78, 97]","[59, 85, 24, 42, 9, 29, 51]","[0, 78, 97]","[59, 85, 24, 42, 9, 29, 51]",[],"[78, 97]",[0],"[59, 85, 24, 42, 9, 29, 51]","[0, 78, 97]","[59, 85, 24, 42, 9, 29, 51]",[],"[78, 97]",[0],7,0,2,1
518,10,5,"[1, 20, 25, 70, 84, 3, 10, 28, 85, 58]","[20, 25, 70, 84, 10, 28, 85, 58]","[1, 3]",0.9653810622752719,0.11537097321168849,2.0,0,0,"[20, 25, 70, 84, 10, 28, 85, 58]","[1, 3]","[20, 25, 70, 84, 10, 28, 85, 58]","[1, 3]","[20, 25, 70, 84, 10, 28, 85, 58]",[],[],"[1, 3]",2,0.4803173542022705,"{""0"": 0.6056307554244995, ""1"": -1.0}",0,0,"[20, 25, 70, 84, 28, 85, 58]","[1, 3, 10]","[20, 25, 70, 84, 28, 85, 58]","[1, 3, 10]","[20, 25, 70, 84, 28, 85, 58]",[],[10],"[1, 3]","[20, 25, 70, 84, 28, 85, 58]","[1, 3, 10]","[20, 25, 70, 84, 28, 85, 58]",[],[10],"[1, 3]",7,0,1,2
519,10,5,"[0, 23, 4, 73, 84, 72, 12, 77, 40, 1]","[23, 73, 84, 72, 12, 77, 40]","[0, 4, 1]",0.6325019877373029,0.1713410795348006,2.0,0,0,"[23, 73, 84, 72, 12, 77, 40]","[0, 4, 1]","[23, 73, 84, 72, 12, 77, 40]","[0, 4, 1]","[23, 73, 84, 72, 12, 77, 40]",[],[],"[0, 4, 1]",2,0.7677186727523804,"{""0"": 5.087508678436279, ""1"": -1.0}",0,0,"[23, 84, 72, 12, 77, 40]","[0, 4, 73, 1]","[23, 84, 72, 12, 77, 40]","[0, 4, 73, 1]","[23, 84, 72, 12, 77, 40]",[],[73],"[0, 4, 1]","[23, 84, 72, 12, 77, 40]","[0, 4, 73, 1]","[23, 84, 72, 12, 77, 40]",[],[73],"[0, 4, 1]",6,0,1,3
520,10,5,"[0, 97, 36, 50, 79, 11, 91, 31, 52, 5]","[97, 36, 50, 79, 11, 91, 31, 52, 5]",[0],0.884703564738859,0.26500541251613563,2.0,0,0,"[97, 36, 50, 79, 11, 91, 31, 52, 5]",[0],"[97, 36, 50, 79, 11, 91, 31, 52, 5]",[0],"[97, 36, 50, 79, 11, 91, 31, 52, 5]",[],[],[0],2,0.6208379864692688,"{""0"": 2.604238271713257, ""1"": -1.0}",0,0,"[36, 50, 79, 11, 91, 31, 52, 5]","[0, 97]","[36, 50, 79, 11, 91, 31, 52, 5]","[0, 97]","[36, 50, 79, 11, 91, 31, 52, 5]",[],[97],[0],"[36, 50, 79, 11, 91, 31, 52, 5]","[0, 97]","[36, 50, 79, 11, 91, 31, 52, 5]",[],[97],[0],8,0,1,1
521,10,5,"[3, 64, 19, 63, 21, 5, 81, 96, 37, 47]","[64, 19, 63, 21, 5, 81, 96, 37, 47]",[3],0.8011109734703038,0.16210247768614255,2.0,0,0,"[64, 19, 63, 21, 5, 81, 96, 37, 47]",[3],"[64, 19, 63, 21, 5, 81, 96, 37, 47]",[3],"[64, 19, 63, 21, 5, 81, 96, 37, 47]",[],[],[3],2,0.29309991002082825,"{""0"": 1.08836030960083, ""1"": 0.8703369498252869}",0,0,"[96, 47]","[3, 64, 19, 63, 21, 5, 81, 37]","[96, 47]","[3, 64, 19, 63, 21, 5, 81, 37]","[96, 47]",[],"[64, 19, 63, 21, 5, 81, 37]",[3],"[96, 47]","[3, 64, 19, 63, 21, 5, 81, 37]","[96, 47]",[],"[64, 19, 63, 21, 5, 81, 37]",[3],2,0,7,1
522,10,5,"[0, 90, 92, 74, 71, 1, 56, 95, 27, 89]","[90, 92, 74, 71, 56, 95, 27, 89]","[0, 1]",0.8103930859253224,0.03972186853113158,2.0,0,0,"[90, 92, 74, 71, 56, 95, 27, 89]","[0, 1]","[90, 92, 74, 71, 56, 95, 27, 89]","[0, 1]","[90, 92, 74, 71, 56, 95, 27, 89]",[],[],"[0, 1]",2,0.6266324520111084,"{""0"": 3.2346832752227783, ""1"": 1.969191074371338}",0,0,"[90, 92, 74, 71, 56, 89]","[0, 1, 95, 27]","[90, 92, 74, 71, 56, 89]","[0, 1, 95, 27]","[90, 92, 74, 71, 56, 89]",[],"[95, 27]","[0, 1]","[90, 92, 74, 71, 56, 89]","[0, 1, 95, 27]","[90, 92, 74, 71, 56, 89]",[],"[95, 27]","[0, 1]",6,0,2,2
523,10,5,"[2, 30, 31, 27, 47, 4, 15, 52, 91, 24]","[30, 31, 27, 47, 15, 52, 91, 24]","[2, 4]",0.907582834076388,0.2007766352118006,2.0,0,0,"[30, 31, 27, 47, 15, 52, 91, 24]","[2, 4]","[30, 31, 27, 47, 15, 52, 91, 24]","[2, 4]","[30, 31, 27, 47, 15, 52, 91, 24]",[],[],"[2, 4]",2,0.4370715618133545,"{""0"": 1.4026445150375366, ""1"": -1.0}",0,0,"[30, 27, 47, 15, 52, 91, 24]","[2, 31, 4]","[30, 27, 47, 15, 52, 91, 24]","[2, 31, 4]","[30, 27, 47, 15, 52, 91, 24]",[],[31],"[2, 4]","[30, 27, 47, 15, 52, 91, 24]","[2, 31, 4]","[30, 27, 47, 15, 52, 91, 24]",[],[31],"[2, 4]",7,0,1,2
524,10,5,"[3, 17, 42, 9, 5, 40, 74, 35, 49, 16]","[17, 42, 9, 5, 40, 74, 35, 49, 16]",[3],0.8246414797894426,0.21329933661397116,2.0,0,0,"[17, 42, 9, 40, 74, 35, 49, 16]","[3, 5]","[17, 42, 9, 40, 74, 35, 49, 16]","[3, 5]","[17, 42, 9, 40, 74, 35, 49, 16]",[],[5],[3],3,0.43822693824768066,"{""0"": 3.595625162124634, ""1"": 1.692962408065796, ""2"": -1.0}",0,0,"[9, 40, 74, 35, 16]","[3, 17, 42, 5, 49]","[9, 40, 74, 35, 16]","[3, 17, 42, 5, 49]","[9, 40, 74, 35, 16]",[],"[17, 42, 5, 49]",[3],"[9, 40, 74, 35, 16]","[3, 17, 42, 5, 49]","[9, 40, 74, 35, 16]",[],"[17, 42, 5, 49]",[3],5,0,4,1
525,10,5,"[3, 32, 5, 47, 86, 10, 94, 44, 13, 27]","[32, 5, 47, 86, 10, 94, 44, 13, 27]",[3],0.9405846463434704,0.10671125391813868,2.0,0,0,"[32, 5, 47, 10, 94, 44, 13, 27]","[3, 86]","[32, 5, 47, 10, 94, 44, 13, 27]","[3, 86]","[32, 5, 47, 10, 94, 44, 13, 27]",[],[86],[3],2,0.4046366214752197,"{""0"": 2.0222668647766113, ""1"": -1.0}",0,0,"[5, 47, 10, 94, 44, 13, 27]","[3, 32, 86]","[5, 47, 10, 94, 44, 13, 27]","[3, 32, 86]","[5, 47, 10, 94, 44, 13, 27]",[],"[32, 86]",[3],"[5, 47, 10, 94, 44, 13, 27]","[3, 32, 86]","[5, 47, 10, 94, 44, 13, 27]",[],"[32, 86]",[3],7,0,2,1
526,10,5,"[1, 85, 17, 4, 76, 51, 57, 26, 8, 20]","[85, 17, 76, 51, 57, 26, 8, 20]","[1, 4]",0.6836366961820725,0.08729400607762572,2.0,0,0,"[85, 76, 51, 26, 8, 20]","[1, 17, 4, 57]","[85, 76, 51, 26, 8, 20]","[1, 17, 4, 57]","[85, 76, 51, 26, 8, 20]",[],"[17, 57]","[1, 4]",2,0.315567284822464,"{""0"": 1.1463966369628906, ""1"": -1.0}",0,0,"[85, 76, 51, 8, 20]","[1, 17, 4, 57, 26]","[85, 76, 51, 8, 20]","[1, 17, 4, 57, 26]","[85, 76, 51, 8, 20]",[],"[17, 57, 26]","[1, 4]","[85, 76, 51, 8, 20]","[1, 17, 4, 57, 26]","[85, 76, 51, 8, 20]",[],"[17, 57, 26]","[1, 4]",5,0,3,2
527,10,5,"[2, 0, 62, 40, 12, 82, 26, 44, 73, 81]","[62, 40, 12, 82, 26, 44, 73, 81]","[2, 0]",0.9433650985488128,0.27724206030051013,2.0,0,0,"[62, 40, 12, 82, 26, 44, 73, 81]","[2, 0]","[62, 40, 12, 82, 26, 44, 73, 81]","[2, 0]","[62, 40, 12, 82, 26, 44, 73, 81]",[],[],"[2, 0]",3,0.5315709114074707,"{""0"": 1.8762505054473877, ""1"": 4.268589496612549, ""2"": -1.0}",1,0,"[62, 40, 12, 44, 81]","[2, 0, 82, 26, 73]","[62, 40, 12, 44, 81]","[2, 0, 82, 26, 73]","[62, 40, 12, 44, 81]",[],"[82, 26, 73]","[2, 0]","[62, 40, 12, 44, 81]","[2, 0, 82, 26, 73]","[62, 40, 12, 44, 81]",[],"[82, 26, 73]","[2, 0]",5,0,3,2
528,10,5,"[3, 54, 44, 31, 73, 7, 29, 50, 85, 67]","[54, 44, 31, 73, 7, 29, 50, 85, 67]",[3],1.073146955854762,0.23388055238441469,2.0,0,0,"[54, 44, 31, 73, 7, 29, 50, 85, 67]",[3],"[54, 44, 31, 73, 7, 29, 50, 85, 67]",[3],"[54, 44, 31, 73, 7, 29, 50, 85, 67]",[],[],[3],4,0.4824742078781128,"{""0"": 3.286721706390381, ""1"": -1.0, ""2"": -1.0, ""3"": -1.0}",0,0,"[44, 7, 29, 50, 85, 67]","[3, 54, 31, 73]","[44, 7, 29, 50, 85, 67]","[3, 54, 31, 73]","[44, 7, 29, 50, 85, 67]",[],"[54, 31, 73]",[3],"[44, 7, 29, 50, 85, 67]","[3, 54, 31, 73]","[44, 7, 29, 50, 85, 67]",[],"[54, 31, 73]",[3],6,0,3,1
529,10,5,"[2, 62, 36, 26, 29, 78, 13, 76, 41, 65]","[62, 36, 26, 29, 78, 13, 76, 41, 65]",[2],0.9535381371845661,0.2590032245451393,2.0,0,0,"[62, 36, 26, 29, 78, 13, 76, 41, 65]",[2],"[62, 36, 26, 29, 78, 13, 76, 41, 65]",[2],"[62, 36, 26, 29, 78, 13, 76, 41, 65]",[],[],[2],2,0.594537615776062,"{""0"": 4.036345481872559, ""1"": 1.9252817630767822}",0,0,"[62, 36, 26, 29, 78, 13, 76]","[2, 41, 65]","[62, 36, 26, 29, 78, 13, 76]","[2, 41, 65]","[62, 36, 26, 29, 78, 13, 76]",[],"[41, 65]",[2],"[62, 36, 26, 29, 78, 13, 76]","[2, 41, 65]","[62, 36, 26, 29, 78, 13, 76]",[],"[41, 65]",[2],7,0,2,1
530,10,5,"[0, 90, 2, 4, 71, 39, 14, 51, 19, 88]","[90, 71, 39, 14, 51, 19, 88]","[0, 2, 4]",0.8924241306019036,0.37581207824753304,2.0,0,0,"[90, 71, 39, 14, 51, 19, 88]","[0, 2, 4]","[90, 71, 39, 14, 51, 19, 88]","[0, 2, 4]","[90, 71, 39, 14, 51, 19, 88]",[],[],"[0, 2, 4]",2,0.711189866065979,"{""0"": 4.3724365234375, ""1"": -1.0}",0,0,"[90, 71, 39, 14, 51, 19]","[0, 2, 4, 88]","[90, 71, 39, 14, 51, 19]","[0, 2, 4, 88]","[90, 71, 39, 14, 51, 19]",[],[88],"[0, 2, 4]","[90, 71, 39, 14, 51, 19]","[0, 2, 4, 88]","[90, 71, 39, 14, 51, 19]",[],[88],"[0, 2, 4]",6,0,1,3
531,10,5,"[3, 63, 47, 6, 12, 92, 40, 56, 67, 31]","[63, 47, 6, 12, 92, 40, 56, 67, 31]",[3],0.7372745003758465,0.1458389314840947,2.0,0,0,"[63, 47, 6, 12, 92, 40, 56, 67, 31]",[3],"[63, 47, 6, 12, 92, 40, 56, 67, 31]",[3],"[63, 47, 6, 12, 92, 40, 56, 67, 31]",[],[],[3],2,0.5742441415786743,"{""0"": 2.1357250213623047, ""1"": -1.0}",0,0,"[63, 47, 6, 12, 92, 40, 56, 67]","[3, 31]","[63, 47, 6, 12, 92, 40, 56, 67]","[3, 31]","[63, 47, 6, 12, 92, 40, 56, 67]",[],[31],[3],"[63, 47, 6, 12, 92, 40, 56, 67]","[3, 31]","[63, 47, 6, 12, 92, 40, 56, 67]",[],[31],[3],8,0,1,1
532,10,5,"[0, 35, 51, 47, 1, 3, 29, 74, 33, 99]","[35, 51, 47, 29, 74, 33, 99]","[0, 1, 3]",0.773220551944235,0.1219418480991919,2.0,0,0,"[35, 51, 47, 29, 74, 33, 99]","[0, 1, 3]","[35, 51, 47, 29, 74, 33, 99]","[0, 1, 3]","[35, 51, 47, 29, 74, 33, 99]",[],[],"[0, 1, 3]",3,0.5017473101615906,"{""0"": 2.6267035007476807, ""1"": 2.860868453979492, ""2"": -1.0}",1,0,"[51, 33, 99]","[0, 35, 47, 1, 3, 29, 74]","[51, 33, 99]","[0, 35, 47, 1, 3, 29, 74]","[51, 33, 99]",[],"[35, 47, 29, 74]","[0, 1, 3]","[51, 33, 99]","[0, 35, 47, 1, 3, 29, 74]","[51, 33, 99]",[],"[35, 47, 29, 74]","[0, 1, 3]",3,0,4,3
533,10,5,"[2, 47, 66, 92, 87, 93, 38, 50, 96, 37]","[47, 66, 92, 87, 93, 38, 50, 96, 37]",[2],0.5754836583159333,0.09190126573137236,2.0,0,0,"[66, 92, 87, 93, 38, 50, 96, 37]","[2, 47]","[66, 92, 87, 93, 38, 50, 96, 37]","[2, 47]","[66, 92, 87, 93, 38, 50, 96, 37]",[],[47],[2],2,0.4217703938484192,"{""0"": 0.8365797996520996, ""1"": 4.662171363830566}",1,0,"[92, 87, 93, 38, 50, 37]","[2, 47, 66, 96]","[92, 87, 93, 38, 50, 37]","[2, 47, 66, 96]","[92, 87, 93, 38, 50, 37]",[],"[47, 66, 96]",[2],"[92, 87, 93, 38, 50, 37]","[2, 47, 66, 96]","[92, 87, 93, 38, 50, 37]",[],"[47, 66, 96]",[2],6,0,3,1
534,10,5,"[1, 8, 13, 65, 14, 98, 83, 77, 3, 18]","[8, 13, 65, 14, 98, 83, 77, 18]","[1, 3]",0.7656369316490592,0.13986434439190637,2.0,0,0,"[8, 13, 65, 14, 98, 83, 77, 18]","[1, 3]","[8, 13, 65, 14, 98, 83, 77, 18]","[1, 3]","[8, 13, 65, 14, 98, 83, 77, 18]",[],[],"[1, 3]",2,0.4479040801525116,"{""0"": 1.783711314201355, ""1"": -1.0}",0,0,"[8, 13, 14, 98, 83, 77, 18]","[1, 65, 3]","[8, 13, 14, 98, 83, 77, 18]","[1, 65, 3]","[8, 13, 14, 98, 83, 77, 18]",[],[65],"[1, 3]","[8, 13, 14, 98, 83, 77, 18]","[1, 65, 3]","[8, 13, 14, 98, 83, 77, 18]",[],[65],"[1, 3]",7,0,1,2
535,10,5,"[1, 22, 0, 13, 49, 45, 14, 77, 67, 71]","[22, 13, 49, 45, 14, 77, 67, 71]","[1, 0]",0.8621641443344603,0.1921550717429249,2.0,0,0,"[22, 13, 49, 45, 14, 77, 67, 71]","[1, 0]","[22, 13, 49, 45, 14, 77, 67, 71]","[1, 0]","[22, 13, 49, 45, 14, 77, 67, 71]",[],[],"[1, 0]",3,0.5696449279785156,"{""0"": 4.29080867767334, ""1"": -1.0, ""2"": -1.0}",0,0,"[22, 13, 45, 14, 77, 67]","[1, 0, 49, 71]","[22, 13, 45, 14, 77, 67]","[1, 0, 49, 71]","[22, 13, 45, 14, 77, 67]",[],"[49, 71]","[1, 0]","[22, 13, 45, 14, 77, 67]","[1, 0, 49, 71]","[22, 13, 45, 14, 77, 67]",[],"[49, 71]","[1, 0]",6,0,2,2
536,10,5,"[4, 0, 52, 96, 2, 77, 15, 63, 99, 45]","[52, 96, 77, 15, 63, 99, 45]","[4, 0, 2]",0.7619858888216718,0.21066723795653935,2.0,0,0,"[52, 96, 77, 15, 63, 99, 45]","[4, 0, 2]","[52, 96, 77, 15, 63, 99, 45]","[4, 0, 2]","[52, 96, 77, 15, 63, 99, 45]",[],[],"[4, 0, 2]",3,0.43373680114746094,"{""0"": 4.486767768859863, ""1"": -1.0, ""2"": -1.0}",0,0,"[52, 96, 77, 63, 99]","[4, 0, 2, 15, 45]","[52, 96, 77, 63, 99]","[4, 0, 2, 15, 45]","[52, 96, 77, 63, 99]",[],"[15, 45]","[4, 0, 2]","[52, 96, 77, 63, 99]","[4, 0, 2, 15, 45]","[52, 96, 77, 63, 99]",[],"[15, 45]","[4, 0, 2]",5,0,2,3
537,10,5,"[0, 59, 44, 16, 96, 75, 21, 50, 60, 61]","[59, 44, 16, 96, 75, 21, 50, 60, 61]",[0],0.6699196577417246,0.14692360011171535,2.0,0,0,"[59, 44, 16, 96, 75, 21, 50, 60, 61]",[0],"[59, 44, 16, 96, 75, 21, 50, 60, 61]",[0],"[59, 44, 16, 96, 75, 21, 50, 60, 61]",[],[],[0],2,0.5264970064163208,"{""0"": 5.185423851013184, ""1"": -1.0}",0,0,"[59, 44, 16, 75, 21, 50, 60, 61]","[0, 96]","[59, 44, 16, 75, 21, 50, 60, 61]","[0, 96]","[59, 44, 16, 75, 21, 50, 60, 61]",[],[96],[0],"[59, 44, 16, 75, 21, 50, 60, 61]","[0, 96]","[59, 44, 16, 75, 21, 50, 60, 61]",[],[96],[0],8,0,1,1
538,10,5,"[2, 3, 36, 52, 13, 51, 83, 21, 85, 19]","[36, 52, 13, 51, 83, 21, 85, 19]","[2, 3]",0.888765089785554,0.2090197286342863,2.0,0,0,"[36, 52, 13, 51, 83, 21, 85, 19]","[2, 3]","[36, 52, 13, 51, 83, 21, 85, 19]","[2, 3]","[36, 52, 13, 51, 83, 21, 85, 19]",[],[],"[2, 3]",3,0.4515601694583893,"{""0"": 3.7004170417785645, ""1"": -1.0, ""2"": -1.0}",0,0,"[36, 13, 51, 83, 21, 85]","[2, 3, 52, 19]","[36, 13, 51, 83, 21, 85]","[2, 3, 52, 19]","[36, 13, 51, 83, 21, 85]",[],"[52, 19]","[2, 3]","[36, 13, 51, 83, 21, 85]","[2, 3, 52, 19]","[36, 13, 51, 83, 21, 85]",[],"[52, 19]","[2, 3]",6,0,2,2
539,10,5,"[4, 81, 37, 26, 94, 78, 87, 56, 45, 55]","[81, 37, 26, 94, 78, 87, 56, 45, 55]",[4],0.8006894581043091,0.06728913835774863,2.0,0,0,"[37, 26, 94, 78, 87, 56, 55]","[4, 81, 45]","[37, 26, 94, 78, 87, 56, 55]","[4, 81, 45]","[37, 26, 94, 78, 87, 56, 55]",[],"[81, 45]",[4],3,0.2958233058452606,"{""0"": 0.060042478144168854, ""1"": 1.7430903911590576, ""2"": 1.9976155757904053}",2,0,"[26, 87]","[4, 81, 37, 94, 78, 56, 45, 55]","[26, 87]","[4, 81, 37, 94, 78, 56, 45, 55]","[26, 87]",[],"[81, 37, 94, 78, 56, 45, 55]",[4],"[26, 87]","[4, 81, 37, 94, 78, 56, 45, 55]","[26, 87]",[],"[81, 37, 94, 78, 56, 45, 55]",[4],2,0,7,1
540,10,5,"[4, 96, 82, 72, 98, 64, 22, 1, 19, 0]","[96, 82, 72, 98, 64, 22, 19]","[4, 1, 0]",0.7425508990543579,0.2337899550075223,2.0,0,0,"[96, 82, 72, 98, 64, 22, 19]","[4, 1, 0]","[96, 82, 72, 98, 64, 22, 19]","[4, 1, 0]","[96, 82, 72, 98, 64, 22, 19]",[],[],"[4, 1, 0]",2,0.5931025743484497,"{""0"": 1.8897955417633057, ""1"": -1.0}",0,0,"[96, 82, 72, 98, 22, 19]","[4, 64, 1, 0]","[96, 82, 72, 98, 22, 19]","[4, 64, 1, 0]","[96, 82, 72, 98, 22, 19]",[],[64],"[4, 1, 0]","[96, 82, 72, 98, 22, 19]","[4, 64, 1, 0]","[96, 82, 72, 98, 22, 19]",[],[64],"[4, 1, 0]",6,0,1,3
541,10,5,"[2, 72, 63, 11, 4, 30, 50, 87, 44, 37]","[72, 63, 11, 30, 50, 87, 44, 37]","[2, 4]",0.8078932671448348,0.11275567484630256,2.0,0,0,"[72, 63, 11, 30, 50, 87, 44, 37]","[2, 4]","[72, 63, 11, 30, 50, 87, 44, 37]","[2, 4]","[72, 63, 11, 30, 50, 87, 44, 37]",[],[],"[2, 4]",3,0.43408694863319397,"{""0"": 1.9428846836090088, ""1"": 2.6207175254821777, ""2"": 1.8238754272460938}",1,0,"[63, 11, 37]","[2, 72, 4, 30, 50, 87, 44]","[63, 11, 37]","[2, 72, 4, 30, 50, 87, 44]","[63, 11, 37]",[],"[72, 30, 50, 87, 44]","[2, 4]","[63, 11, 37]","[2, 72, 4, 30, 50, 87, 44]","[63, 11, 37]",[],"[72, 30, 50, 87, 44]","[2, 4]",3,0,5,2
542,10,5,"[3, 49, 97, 38, 12, 33, 19, 93, 91, 96]","[49, 97, 38, 12, 33, 19, 93, 91, 96]",[3],0.8408901765297947,0.12755421730694966,2.0,0,0,"[49, 97, 38, 12, 33, 19, 93, 91, 96]",[3],"[49, 97, 38, 12, 33, 19, 93, 91, 96]",[3],"[49, 97, 38, 12, 33, 19, 93, 91, 96]",[],[],[3],2,0.6434616446495056,"{""0"": 1.9400923252105713, ""1"": 1.9193317890167236}",0,0,"[49, 38, 12, 33, 19, 91, 96]","[3, 97, 93]","[49, 38, 12, 33, 19, 91, 96]","[3, 97, 93]","[49, 38, 12, 33, 19, 91, 96]",[],"[97, 93]",[3],"[49, 38, 12, 33, 19, 91, 96]","[3, 97, 93]","[49, 38, 12, 33, 19, 91, 96]",[],"[97, 93]",[3],7,0,2,1
543,10,5,"[3, 15, 88, 75, 57, 38, 44, 28, 9, 47]","[15, 88, 75, 57, 38, 44, 28, 9, 47]",[3],0.6771550678115612,0.08441860652683897,2.0,0,0,"[15, 75, 57, 38, 44, 28, 9]","[3, 88, 47]","[15, 75, 57, 38, 44, 28, 9]","[3, 88, 47]","[15, 75, 57, 38, 44, 28, 9]",[],"[88, 47]",[3],2,0.5195982456207275,"{""0"": 5.551604270935059, ""1"": -1.0}",0,0,"[75, 57, 38, 44, 28, 9]","[3, 15, 88, 47]","[75, 57, 38, 44, 28, 9]","[3, 15, 88, 47]","[75, 57, 38, 44, 28, 9]",[],"[15, 88, 47]",[3],"[75, 57, 38, 44, 28, 9]","[3, 15, 88, 47]","[75, 57, 38, 44, 28, 9]",[],"[15, 88, 47]",[3],6,0,3,1
544,10,5,"[4, 48, 46, 1, 72, 7, 19, 81, 80, 2]","[48, 46, 72, 7, 19, 81, 80]","[4, 1, 2]",1.0607551108594642,0.4536653738686636,2.0,0,0,"[48, 46, 72, 7, 19, 81, 80]","[4, 1, 2]","[48, 46, 72, 7, 19, 81, 80]","[4, 1, 2]","[48, 46, 72, 7, 19, 81, 80]",[],[],"[4, 1, 2]",2,0.5801428556442261,"{""0"": 1.632767915725708, ""1"": -1.0}",0,0,"[46, 72, 7, 19, 81, 80]","[4, 48, 1, 2]","[46, 72, 7, 19, 81, 80]","[4, 48, 1, 2]","[46, 72, 7, 19, 81, 80]",[],[48],"[4, 1, 2]","[46, 72, 7, 19, 81, 80]","[4, 48, 1, 2]","[46, 72, 7, 19, 81, 80]",[],[48],"[4, 1, 2]",6,0,1,3
545,10,5,"[3, 93, 75, 45, 40, 61, 26, 41, 55, 33]","[93, 75, 45, 40, 61, 26, 41, 55, 33]",[3],0.6739278213090594,0.03600316861259972,2.0,0,0,"[93, 75, 45, 40, 61, 26, 33]","[3, 41, 55]","[93, 75, 45, 40, 61, 26, 33]","[3, 41, 55]","[93, 75, 45, 40, 61, 26, 33]",[],"[41, 55]",[3],2,0.40334463119506836,"{""0"": 3.158790111541748, ""1"": -1.0}",0,0,"[93, 45, 40, 61, 26, 33]","[3, 75, 41, 55]","[93, 45, 40, 61, 26, 33]","[3, 75, 41, 55]","[93, 45, 40, 61, 26, 33]",[],"[75, 41, 55]",[3],"[93, 45, 40, 61, 26, 33]","[3, 75, 41, 55]","[93, 45, 40, 61, 26, 33]",[],"[75, 41, 55]",[3],6,0,3,1
546,10,5,"[1, 58, 89, 18, 76, 33, 27, 53, 81, 12]","[58, 89, 18, 76, 33, 27, 53, 81, 12]",[1],0.761876195697564,0.13779410683032356,2.0,0,0,"[58, 89, 18, 76, 33, 27, 53, 81, 12]",[1],"[58, 89, 18, 76, 33, 27, 53, 81, 12]",[1],"[58, 89, 18, 76, 33, 27, 53, 81, 12]",[],[],[1],2,0.423739492893219,"{""0"": 0.21594130992889404, ""1"": -1.0}",0,0,"[89, 18, 76, 33, 27, 53, 81, 12]","[1, 58]","[89, 18, 76, 33, 27, 53, 81, 12]","[1, 58]","[89, 18, 76, 33, 27, 53, 81, 12]",[],[58],[1],"[89, 18, 76, 33, 27, 53, 81, 12]","[1, 58]","[89, 18, 76, 33, 27, 53, 81, 12]",[],[58],[1],8,0,1,1
547,10,5,"[0, 79, 4, 73, 67, 21, 34, 42, 8, 83]","[79, 73, 67, 21, 34, 42, 8, 83]","[0, 4]",0.7078187160085374,0.21385395056089046,2.0,0,0,"[79, 73, 67, 21, 34, 42, 8, 83]","[0, 4]","[79, 73, 67, 21, 34, 42, 8, 83]","[0, 4]","[79, 73, 67, 21, 34, 42, 8, 83]",[],[],"[0, 4]",2,0.655591607093811,"{""0"": 3.933086395263672, ""1"": 1.9767036437988281}",0,0,"[79, 67, 21, 34, 8, 83]","[0, 4, 73, 42]","[79, 67, 21, 34, 8, 83]","[0, 4, 73, 42]","[79, 67, 21, 34, 8, 83]",[],"[73, 42]","[0, 4]","[79, 67, 21, 34, 8, 83]","[0, 4, 73, 42]","[79, 67, 21, 34, 8, 83]",[],"[73, 42]","[0, 4]",6,0,2,2
548,10,5,"[4, 15, 34, 91, 56, 86, 39, 57, 6, 20]","[15, 34, 91, 56, 86, 39, 57, 6, 20]",[4],0.5456839966956893,0.07147516402976892,2.0,0,0,"[15, 34, 91, 56, 86, 39, 57, 6, 20]",[4],"[15, 34, 91, 56, 86, 39, 57, 6, 20]",[4],"[15, 34, 91, 56, 86, 39, 57, 6, 20]",[],[],[4],2,0.3434179127216339,"{""0"": 0.8583003282546997, ""1"": -1.0}",0,0,"[15, 34, 91, 56, 39, 57, 6, 20]","[4, 86]","[15, 34, 91, 56, 39, 57, 6, 20]","[4, 86]","[15, 34, 91, 56, 39, 57, 6, 20]",[],[86],[4],"[15, 34, 91, 56, 39, 57, 6, 20]","[4, 86]","[15, 34, 91, 56, 39, 57, 6, 20]",[],[86],[4],8,0,1,1
549,10,5,"[1, 54, 0, 57, 38, 15, 63, 8, 55, 2]","[54, 57, 38, 15, 63, 8, 55]","[1, 0, 2]",0.6472158469993962,0.11876815693542897,2.0,0,0,"[57, 38, 15, 63, 8, 55]","[1, 54, 0, 2]","[57, 38, 15, 63, 8, 55]","[1, 54, 0, 2]","[57, 38, 15, 63, 8, 55]",[],[54],"[1, 0, 2]",2,0.5443518757820129,"{""0"": 3.8156800270080566, ""1"": 1.9247932434082031}",0,0,"[57, 38, 63, 55]","[1, 54, 0, 15, 8, 2]","[57, 38, 63, 55]","[1, 54, 0, 15, 8, 2]","[57, 38, 63, 55]",[],"[54, 15, 8]","[1, 0, 2]","[57, 38, 63, 55]","[1, 54, 0, 15, 8, 2]","[57, 38, 63, 55]",[],"[54, 15, 8]","[1, 0, 2]",4,0,3,3
550,10,5,"[1, 23, 47, 22, 43, 42, 26, 85, 11, 25]","[23, 47, 22, 43, 42, 26, 85, 11, 25]",[1],0.7638172452445147,0.09246372434974431,2.0,0,0,"[23, 22, 43, 42, 26, 85, 11, 25]","[1, 47]","[23, 22, 43, 42, 26, 85, 11, 25]","[1, 47]","[23, 22, 43, 42, 26, 85, 11, 25]",[],[47],[1],2,0.5693086981773376,"{""0"": 0.6423817873001099, ""1"": -1.0}",0,0,"[22, 43, 42, 26, 85, 11, 25]","[1, 23, 47]","[22, 43, 42, 26, 85, 11, 25]","[1, 23, 47]","[22, 43, 42, 26, 85, 11, 25]",[],"[23, 47]",[1],"[22, 43, 42, 26, 85, 11, 25]","[1, 23, 47]","[22, 43, 42, 26, 85, 11, 25]",[],"[23, 47]",[1],7,0,2,1
551,10,5,"[2, 96, 12, 58, 54, 24, 70, 4, 74, 45]","[96, 12, 58, 54, 24, 70, 74, 45]","[2, 4]",1.2356145094398348,0.13883330497885016,2.0,0,0,"[96, 58, 54, 24, 70, 74, 45]","[2, 12, 4]","[96, 58, 54, 24, 70, 74, 45]","[2, 12, 4]","[96, 58, 54, 24, 70, 74, 45]",[],[12],"[2, 4]",3,0.4851051867008209,"{""0"": 2.643706798553467, ""1"": -1.0, ""2"": -1.0}",0,0,"[96, 58, 70, 74, 45]","[2, 12, 54, 24, 4]","[96, 58, 70, 74, 45]","[2, 12, 54, 24, 4]","[96, 58, 70, 74, 45]",[],"[12, 54, 24]","[2, 4]","[96, 58, 70, 74, 45]","[2, 12, 54, 24, 4]","[96, 58, 70, 74, 45]",[],"[12, 54, 24]","[2, 4]",5,0,3,2
552,10,5,"[2, 9, 63, 48, 35, 87, 5, 13, 50, 32]","[9, 63, 48, 35, 87, 5, 13, 50, 32]",[2],1.0486197927929988,0.2619195248740446,2.0,0,0,"[9, 63, 48, 35, 87, 5, 13, 50, 32]",[2],"[9, 63, 48, 35, 87, 5, 13, 50, 32]",[2],"[9, 63, 48, 35, 87, 5, 13, 50, 32]",[],[],[2],2,0.4800474941730499,"{""0"": 5.001341342926025, ""1"": -1.0}",0,0,"[63, 48, 35, 87, 5, 13, 50, 32]","[2, 9]","[63, 48, 35, 87, 5, 13, 50, 32]","[2, 9]","[63, 48, 35, 87, 5, 13, 50, 32]",[],[9],[2],"[63, 48, 35, 87, 5, 13, 50, 32]","[2, 9]","[63, 48, 35, 87, 5, 13, 50, 32]",[],[9],[2],8,0,1,1
553,10,5,"[3, 79, 5, 45, 99, 71, 35, 22, 15, 58]","[79, 5, 45, 99, 71, 35, 22, 15, 58]",[3],0.8549438046156308,0.18910765395802975,2.0,0,0,"[79, 5, 45, 99, 71, 35, 22, 15, 58]",[3],"[79, 5, 45, 99, 71, 35, 22, 15, 58]",[3],"[79, 5, 45, 99, 71, 35, 22, 15, 58]",[],[],[3],2,0.4464971721172333,"{""0"": 0.7971756458282471, ""1"": -1.0}",0,0,"[79, 45, 99, 71, 35, 22, 15, 58]","[3, 5]","[79, 45, 99, 71, 35, 22, 15, 58]","[3, 5]","[79, 45, 99, 71, 35, 22, 15, 58]",[],[5],[3],"[79, 45, 99, 71, 35, 22, 15, 58]","[3, 5]","[79, 45, 99, 71, 35, 22, 15, 58]",[],[5],[3],8,0,1,1
554,10,5,"[1, 79, 27, 28, 97, 96, 52, 80, 81, 14]","[79, 27, 28, 97, 96, 52, 80, 81, 14]",[1],0.7890019605948828,0.10888628433667796,2.0,0,0,"[79, 27, 28, 97, 96, 52, 80, 81, 14]",[1],"[79, 27, 28, 97, 96, 52, 80, 81, 14]",[1],"[79, 27, 28, 97, 96, 52, 80, 81, 14]",[],[],[1],4,0.3622486889362335,"{""0"": 0.9491109848022461, ""1"": 1.971919298171997, ""2"": -1.0, ""3"": -1.0}",1,0,"[28, 52]","[1, 79, 27, 97, 96, 80, 81, 14]","[28, 52]","[1, 79, 27, 97, 96, 80, 81, 14]","[28, 52]",[],"[79, 27, 97, 96, 80, 81, 14]",[1],"[28, 52]","[1, 79, 27, 97, 96, 80, 81, 14]","[28, 52]",[],"[79, 27, 97, 96, 80, 81, 14]",[1],2,0,7,1
555,10,5,"[0, 98, 70, 21, 75, 55, 84, 85, 46, 56]","[98, 70, 21, 75, 55, 84, 85, 46, 56]",[0],0.7861692383095733,0.12336256013542757,2.0,0,0,"[98, 70, 21, 75, 55, 84, 85, 56]","[0, 46]","[98, 70, 21, 75, 55, 84, 85, 56]","[0, 46]","[98, 70, 21, 75, 55, 84, 85, 56]",[],[46],[0],2,0.39224135875701904,"{""0"": 2.34060001373291, ""1"": 3.448982000350952}",1,0,"[98, 70, 84, 56]","[0, 21, 75, 55, 85, 46]","[98, 70, 84, 56]","[0, 21, 75, 55, 85, 46]","[98, 70, 84, 56]",[],"[21, 75, 55, 85, 46]",[0],"[98, 70, 84, 56]","[0, 21, 75, 55, 85, 46]","[98, 70, 84, 56]",[],"[21, 75, 55, 85, 46]",[0],4,0,5,1
556,10,5,"[0, 18, 8, 49, 37, 50, 36, 93, 53, 62]","[18, 8, 49, 37, 50, 36, 93, 53, 62]",[0],0.9247745201417925,0.18786721685455393,2.0,0,0,"[18, 8, 49, 37, 50, 36, 93, 53, 62]",[0],"[18, 8, 49, 37, 50, 36, 93, 53, 62]",[0],"[18, 8, 49, 37, 50, 36, 93, 53, 62]",[],[],[0],4,0.4027448892593384,"{""0"": 2.3361055850982666, ""1"": 2.9783284664154053, ""2"": 1.2669100761413574, ""3"": -1.0}",1,0,"[50, 93, 53]","[0, 18, 8, 49, 37, 36, 62]","[50, 93, 53]","[0, 18, 8, 49, 37, 36, 62]","[50, 93, 53]",[],"[18, 8, 49, 37, 36, 62]",[0],"[50, 93, 53]","[0, 18, 8, 49, 37, 36, 62]","[50, 93, 53]",[],"[18, 8, 49, 37, 36, 62]",[0],3,0,6,1
557,10,5,"[3, 34, 60, 72, 46, 49, 22, 43, 7, 8]","[34, 60, 72, 46, 49, 22, 43, 7, 8]",[3],0.7939112599857208,0.11593566001992439,2.0,0,0,"[34, 60, 72, 46, 49, 22, 43, 7, 8]",[3],"[34, 60, 72, 46, 49, 22, 43, 7, 8]",[3],"[34, 60, 72, 46, 49, 22, 43, 7, 8]",[],[],[3],3,0.38593101501464844,"{""0"": 2.267162799835205, ""1"": 1.8694822788238525, ""2"": -1.0}",0,0,"[34, 60, 72, 22, 7, 8]","[3, 46, 49, 43]","[34, 60, 72, 22, 7, 8]","[3, 46, 49, 43]","[34, 60, 72, 22, 7, 8]",[],"[46, 49, 43]",[3],"[34, 60, 72, 22, 7, 8]","[3, 46, 49, 43]","[34, 60, 72, 22, 7, 8]",[],"[46, 49, 43]",[3],6,0,3,1
558,10,5,"[0, 84, 40, 32, 74, 75, 73, 20, 46, 60]","[84, 40, 32, 74, 75, 73, 20, 46, 60]",[0],0.7872444169501871,0.20362201572662253,2.0,0,0,"[84, 40, 32, 74, 75, 73, 20, 46, 60]",[0],"[84, 40, 32, 74, 75, 73, 20, 46, 60]",[0],"[84, 40, 32, 74, 75, 73, 20, 46, 60]",[],[],[0],2,0.3869102895259857,"{""0"": 1.2420175075531006, ""1"": -1.0}",0,0,"[84, 40, 32, 74, 75, 20, 46, 60]","[0, 73]","[84, 40, 32, 74, 75, 20, 46, 60]","[0, 73]","[84, 40, 32, 74, 75, 20, 46, 60]",[],[73],[0],"[84, 40, 32, 74, 75, 20, 46, 60]","[0, 73]","[84, 40, 32, 74, 75, 20, 46, 60]",[],[73],[0],8,0,1,1
559,10,5,"[0, 75, 22, 66, 56, 16, 2, 19, 67, 45]","[75, 22, 66, 56, 16, 19, 67, 45]","[0, 2]",0.9762563523714232,0.2443091467773938,2.0,0,0,"[75, 22, 66, 56, 16, 19, 67, 45]","[0, 2]","[75, 22, 66, 56, 16, 19, 67, 45]","[0, 2]","[75, 22, 66, 56, 16, 19, 67, 45]",[],[],"[0, 2]",2,0.4271770119667053,"{""0"": 4.233943939208984, ""1"": -1.0}",0,0,"[75, 22, 66, 56, 16, 67, 45]","[0, 2, 19]","[75, 22, 66, 56, 16, 67, 45]","[0, 2, 19]","[75, 22, 66, 56, 16, 67, 45]",[],[19],"[0, 2]","[75, 22, 66, 56, 16, 67, 45]","[0, 2, 19]","[75, 22, 66, 56, 16, 67, 45]",[],[19],"[0, 2]",7,0,1,2
560,10,5,"[2, 98, 14, 33, 31, 68, 87, 20, 42, 88]","[98, 14, 33, 31, 68, 87, 20, 42, 88]",[2],0.9284163728482033,0.12680403332153972,2.0,0,0,"[98, 14, 33, 31, 68, 87, 20, 42]","[2, 88]","[98, 14, 33, 31, 68, 87, 20, 42]","[2, 88]","[98, 14, 33, 31, 68, 87, 20, 42]",[],[88],[2],2,0.4722093641757965,"{""0"": 3.4136970043182373, ""1"": -1.0}",0,0,"[98, 14, 33, 68, 87, 20, 42]","[2, 31, 88]","[98, 14, 33, 68, 87, 20, 42]","[2, 31, 88]","[98, 14, 33, 68, 87, 20, 42]",[],"[31, 88]",[2],"[98, 14, 33, 68, 87, 20, 42]","[2, 31, 88]","[98, 14, 33, 68, 87, 20, 42]",[],"[31, 88]",[2],7,0,2,1
561,10,5,"[2, 19, 1, 32, 24, 87, 93, 70, 98, 53]","[19, 32, 24, 87, 93, 70, 98, 53]","[2, 1]",1.038227052010759,0.2786143479448841,2.0,0,0,"[19, 32, 24, 87, 93, 70, 98, 53]","[2, 1]","[19, 32, 24, 87, 93, 70, 98, 53]","[2, 1]","[19, 32, 24, 87, 93, 70, 98, 53]",[],[],"[2, 1]",2,0.5647980570793152,"{""0"": 1.427851915359497, ""1"": -1.0}",0,0,"[19, 32, 87, 93, 70, 98, 53]","[2, 1, 24]","[19, 32, 87, 93, 70, 98, 53]","[2, 1, 24]","[19, 32, 87, 93, 70, 98, 53]",[],[24],"[2, 1]","[19, 32, 87, 93, 70, 98, 53]","[2, 1, 24]","[19, 32, 87, 93, 70, 98, 53]",[],[24],"[2, 1]",7,0,1,2
562,10,5,"[2, 73, 16, 69, 98, 68, 5, 45, 24, 27]","[73, 16, 69, 98, 68, 5, 45, 24, 27]",[2],0.7040919341371779,0.07363430610368854,2.0,0,0,"[16, 69, 98, 68, 5, 45, 27]","[2, 73, 24]","[16, 69, 98, 68, 5, 45, 27]","[2, 73, 24]","[16, 69, 98, 68, 5, 45, 27]",[],"[73, 24]",[2],2,0.5179394483566284,"{""0"": 1.9952566623687744, ""1"": -1.0}",0,0,"[16, 98, 68, 5, 45, 27]","[2, 73, 69, 24]","[16, 98, 68, 5, 45, 27]","[2, 73, 69, 24]","[16, 98, 68, 5, 45, 27]",[],"[73, 69, 24]",[2],"[16, 98, 68, 5, 45, 27]","[2, 73, 69, 24]","[16, 98, 68, 5, 45, 27]",[],"[73, 69, 24]",[2],6,0,3,1
563,10,5,"[4, 99, 6, 44, 25, 1, 56, 63, 29, 94]","[99, 6, 44, 25, 56, 63, 29, 94]","[4, 1]",0.7234749501345014,0.05204589376286972,2.0,0,0,"[99, 6, 44, 25, 56, 63, 29, 94]","[4, 1]","[99, 6, 44, 25, 56, 63, 29, 94]","[4, 1]","[99, 6, 44, 25, 56, 63, 29, 94]",[],[],"[4, 1]",2,0.41448304057121277,"{""0"": 2.2836437225341797, ""1"": 3.1785192489624023}",1,0,"[6, 63, 29, 94]","[4, 99, 44, 25, 1, 56]","[6, 63, 29, 94]","[4, 99, 44, 25, 1, 56]","[6, 63, 29, 94]",[],"[99, 44, 25, 56]","[4, 1]","[6, 63, 29, 94]","[4, 99, 44, 25, 1, 56]","[6, 63, 29, 94]",[],"[99, 44, 25, 56]","[4, 1]",4,0,4,2
564,10,5,"[4, 29, 7, 30, 72, 68, 38, 2, 14, 95]","[29, 7, 30, 72, 68, 38, 14, 95]","[4, 2]",0.851699293550703,0.1704913409211949,2.0,0,0,"[29, 7, 30, 72, 68, 38, 14, 95]","[4, 2]","[29, 7, 30, 72, 68, 38, 14, 95]","[4, 2]","[29, 7, 30, 72, 68, 38, 14, 95]",[],[],"[4, 2]",3,0.56963050365448,"{""0"": 2.281815767288208, ""1"": -1.0, ""2"": 1.9845900535583496}",0,0,"[29, 7, 38, 14, 95]","[4, 30, 72, 68, 2]","[29, 7, 38, 14, 95]","[4, 30, 72, 68, 2]","[29, 7, 38, 14, 95]",[],"[30, 72, 68]","[4, 2]","[29, 7, 38, 14, 95]","[4, 30, 72, 68, 2]","[29, 7, 38, 14, 95]",[],"[30, 72, 68]","[4, 2]",5,0,3,2
565,10,5,"[3, 82, 61, 60, 52, 76, 19, 90, 89, 9]","[82, 61, 60, 52, 76, 19, 90, 89, 9]",[3],1.2424754569335286,0.2885998329782767,2.0,0,0,"[82, 61, 60, 52, 76, 19, 90, 89, 9]",[3],"[82, 61, 60, 52, 76, 19, 90, 89, 9]",[3],"[82, 61, 60, 52, 76, 19, 90, 89, 9]",[],[],[3],4,0.38829463720321655,"{""0"": 1.6153337955474854, ""1"": 2.952108383178711, ""2"": 1.6163082122802734, ""3"": -1.0}",1,0,"[82, 76, 90, 9]","[3, 61, 60, 52, 19, 89]","[82, 76, 90, 9]","[3, 61, 60, 52, 19, 89]","[82, 76, 90, 9]",[],"[61, 60, 52, 19, 89]",[3],"[82, 76, 90, 9]","[3, 61, 60, 52, 19, 89]","[82, 76, 90, 9]",[],"[61, 60, 52, 19, 89]",[3],4,0,5,1
566,10,5,"[4, 83, 16, 95, 2, 43, 1, 63, 13, 75]","[83, 16, 95, 43, 63, 13, 75]","[4, 2, 1]",1.1389601947459784,0.19739742653941783,2.0,0,0,"[83, 16, 95, 43, 63, 13, 75]","[4, 2, 1]","[83, 16, 95, 43, 63, 13, 75]","[4, 2, 1]","[83, 16, 95, 43, 63, 13, 75]",[],[],"[4, 2, 1]",3,0.45949918031692505,"{""0"": 1.9980299472808838, ""1"": 1.9350359439849854, ""2"": -1.0}",0,0,"[83, 16, 95, 63]","[4, 2, 43, 1, 13, 75]","[83, 16, 95, 63]","[4, 2, 43, 1, 13, 75]","[83, 16, 95, 63]",[],"[43, 13, 75]","[4, 2, 1]","[83, 16, 95, 63]","[4, 2, 43, 1, 13, 75]","[83, 16, 95, 63]",[],"[43, 13, 75]","[4, 2, 1]",4,0,3,3
567,10,5,"[3, 5, 78, 46, 63, 38, 98, 40, 45, 91]","[5, 78, 46, 63, 38, 98, 40, 45, 91]",[3],0.7515922055208479,0.16646368622887542,2.0,0,0,"[5, 78, 46, 63, 38, 98, 40, 45, 91]",[3],"[5, 78, 46, 63, 38, 98, 40, 45, 91]",[3],"[5, 78, 46, 63, 38, 98, 40, 45, 91]",[],[],[3],2,0.4628027677536011,"{""0"": 0.48286131024360657, ""1"": -1.0}",0,0,"[5, 78, 63, 38, 98, 40, 45, 91]","[3, 46]","[5, 78, 63, 38, 98, 40, 45, 91]","[3, 46]","[5, 78, 63, 38, 98, 40, 45, 91]",[],[46],[3],"[5, 78, 63, 38, 98, 40, 45, 91]","[3, 46]","[5, 78, 63, 38, 98, 40, 45, 91]",[],[46],[3],8,0,1,1
568,10,5,"[2, 4, 56, 76, 15, 40, 32, 66, 59, 61]","[56, 76, 15, 40, 32, 66, 59, 61]","[2, 4]",0.8330770228996525,0.11871084069096172,2.0,0,0,"[56, 76, 15, 40, 32, 66, 59, 61]","[2, 4]","[56, 76, 15, 40, 32, 66, 59, 61]","[2, 4]","[56, 76, 15, 40, 32, 66, 59, 61]",[],[],"[2, 4]",4,0.3352716267108917,"{""0"": 1.5270602703094482, ""1"": 2.3705005645751953, ""2"": -1.0, ""3"": 1.7868027687072754}",1,0,"[56, 40, 59]","[2, 4, 76, 15, 32, 66, 61]","[56, 40, 59]","[2, 4, 76, 15, 32, 66, 61]","[56, 40, 59]",[],"[76, 15, 32, 66, 61]","[2, 4]","[56, 40, 59]","[2, 4, 76, 15, 32, 66, 61]","[56, 40, 59]",[],"[76, 15, 32, 66, 61]","[2, 4]",3,0,5,2
569,10,5,"[1, 71, 83, 40, 32, 15, 99, 89, 82, 41]","[71, 83, 40, 32, 15, 99, 89, 82, 41]",[1],0.8158325561400641,0.13316661566334048,2.0,0,0,"[71, 83, 40, 32, 15, 99, 89, 82, 41]",[1],"[71, 83, 40, 32, 15, 99, 89, 82, 41]",[1],"[71, 83, 40, 32, 15, 99, 89, 82, 41]",[],[],[1],2,0.3549395799636841,"{""0"": 0.8823630809783936, ""1"": 1.707482933998108}",1,0,"[71, 41]","[1, 83, 40, 32, 15, 99, 89, 82]","[71, 41]","[1, 83, 40, 32, 15, 99, 89, 82]","[71, 41]",[],"[83, 40, 32, 15, 99, 89, 82]",[1],"[71, 41]","[1, 83, 40, 32, 15, 99, 89, 82]","[71, 41]",[],"[83, 40, 32, 15, 99, 89, 82]",[1],2,0,7,1
570,10,5,"[2, 53, 64, 55, 78, 41, 77, 60, 80, 21]","[53, 64, 55, 78, 41, 77, 60, 80, 21]",[2],0.8099795434906027,0.11961553951742865,2.0,0,0,"[53, 64, 55, 78, 41, 77, 60, 80, 21]",[2],"[53, 64, 55, 78, 41, 77, 60, 80, 21]",[2],"[53, 64, 55, 78, 41, 77, 60, 80, 21]",[],[],[2],2,0.43394312262535095,"{""0"": 0.9963050484657288, ""1"": -1.0}",0,0,"[53, 64, 78, 41, 77, 60, 80, 21]","[2, 55]","[53, 64, 78, 41, 77, 60, 80, 21]","[2, 55]","[53, 64, 78, 41, 77, 60, 80, 21]",[],[55],[2],"[53, 64, 78, 41, 77, 60, 80, 21]","[2, 55]","[53, 64, 78, 41, 77, 60, 80, 21]",[],[55],[2],8,0,1,1
571,10,5,"[4, 49, 24, 95, 53, 30, 22, 92, 61, 28]","[49, 24, 95, 53, 30, 22, 92, 61, 28]",[4],0.8297619789165499,0.2179778646260377,2.0,0,0,"[49, 24, 95, 53, 30, 22, 92, 61, 28]",[4],"[49, 24, 95, 53, 30, 22, 92, 61, 28]",[4],"[49, 24, 95, 53, 30, 22, 92, 61, 28]",[],[],[4],2,0.5895779728889465,"{""0"": 2.9033565521240234, ""1"": 1.8940718173980713}",0,0,"[95, 53, 30, 22, 92, 61, 28]","[4, 49, 24]","[95, 53, 30, 22, 92, 61, 28]","[4, 49, 24]","[95, 53, 30, 22, 92, 61, 28]",[],"[49, 24]",[4],"[95, 53, 30, 22, 92, 61, 28]","[4, 49, 24]","[95, 53, 30, 22, 92, 61, 28]",[],"[49, 24]",[4],7,0,2,1
572,10,5,"[1, 34, 30, 63, 97, 6, 25, 87, 82, 79]","[34, 30, 63, 97, 6, 25, 87, 82, 79]",[1],0.636972527714336,0.11972145472119947,2.0,0,0,"[34, 30, 63, 6, 25, 87, 82, 79]","[1, 97]","[34, 30, 63, 6, 25, 87, 82, 79]","[1, 97]","[34, 30, 63, 6, 25, 87, 82, 79]",[],[97],[1],2,0.5415116548538208,"{""0"": 1.5710852146148682, ""1"": 3.155055046081543}",1,0,"[34, 63, 6, 87, 82, 79]","[1, 30, 97, 25]","[34, 63, 6, 87, 82, 79]","[1, 30, 97, 25]","[34, 63, 6, 87, 82, 79]",[],"[30, 97, 25]",[1],"[34, 63, 6, 87, 82, 79]","[1, 30, 97, 25]","[34, 63, 6, 87, 82, 79]",[],"[30, 97, 25]",[1],6,0,3,1
573,10,5,"[0, 74, 86, 6, 42, 53, 52, 98, 88, 14]","[74, 86, 6, 42, 53, 52, 98, 88, 14]",[0],0.9224035424067509,0.11559916701860246,2.0,0,0,"[74, 86, 6, 42, 53, 52, 98, 14]","[0, 88]","[74, 86, 6, 42, 53, 52, 98, 14]","[0, 88]","[74, 86, 6, 42, 53, 52, 98, 14]",[],[88],[0],2,0.5033876895904541,"{""0"": 5.727860927581787, ""1"": -1.0}",0,0,"[74, 86, 6, 53, 52, 98, 14]","[0, 42, 88]","[74, 86, 6, 53, 52, 98, 14]","[0, 42, 88]","[74, 86, 6, 53, 52, 98, 14]",[],"[42, 88]",[0],"[74, 86, 6, 53, 52, 98, 14]","[0, 42, 88]","[74, 86, 6, 53, 52, 98, 14]",[],"[42, 88]",[0],7,0,2,1
574,10,5,"[2, 9, 88, 30, 40, 25, 3, 58, 51, 67]","[9, 88, 30, 40, 25, 58, 51, 67]","[2, 3]",0.8669190473889254,0.17970924607618194,2.0,0,0,"[9, 30, 40, 25, 58, 51, 67]","[2, 88, 3]","[9, 30, 40, 25, 58, 51, 67]","[2, 88, 3]","[9, 30, 40, 25, 58, 51, 67]",[],[88],"[2, 3]",3,0.27565303444862366,"{""0"": 0.8802675008773804, ""1"": 2.8152389526367188, ""2"": -1.0}",1,0,"[40, 25, 58]","[2, 9, 88, 30, 3, 51, 67]","[40, 25, 58]","[2, 9, 88, 30, 3, 51, 67]","[40, 25, 58]",[],"[9, 88, 30, 51, 67]","[2, 3]","[40, 25, 58]","[2, 9, 88, 30, 3, 51, 67]","[40, 25, 58]",[],"[9, 88, 30, 51, 67]","[2, 3]",3,0,5,2
575,10,5,"[1, 20, 74, 65, 57, 50, 89, 71, 11, 83]","[20, 74, 65, 57, 50, 89, 71, 11, 83]",[1],0.6590911763163174,0.09429174393740059,2.0,0,0,"[20, 74, 65, 57, 50, 89, 71, 11, 83]",[1],"[20, 74, 65, 57, 50, 89, 71, 11, 83]",[1],"[20, 74, 65, 57, 50, 89, 71, 11, 83]",[],[],[1],2,0.4597005844116211,"{""0"": 1.488420009613037, ""1"": -1.0}",0,0,"[20, 74, 57, 50, 89, 71, 11, 83]","[1, 65]","[20, 74, 57, 50, 89, 71, 11, 83]","[1, 65]","[20, 74, 57, 50, 89, 71, 11, 83]",[],[65],[1],"[20, 74, 57, 50, 89, 71, 11, 83]","[1, 65]","[20, 74, 57, 50, 89, 71, 11, 83]",[],[65],[1],8,0,1,1
576,10,5,"[3, 5, 46, 93, 81, 12, 75, 14, 61, 0]","[5, 46, 93, 81, 12, 75, 14, 61]","[3, 0]",0.6545711861766992,0.17424052765809087,2.0,0,0,"[5, 46, 93, 81, 12, 75, 14, 61]","[3, 0]","[5, 46, 93, 81, 12, 75, 14, 61]","[3, 0]","[5, 46, 93, 81, 12, 75, 14, 61]",[],[],"[3, 0]",3,0.41373196244239807,"{""0"": 3.2262215614318848, ""1"": 1.8411896228790283, ""2"": -1.0}",0,0,"[93, 81, 12, 75, 14]","[3, 5, 46, 61, 0]","[93, 81, 12, 75, 14]","[3, 5, 46, 61, 0]","[93, 81, 12, 75, 14]",[],"[5, 46, 61]","[3, 0]","[93, 81, 12, 75, 14]","[3, 5, 46, 61, 0]","[93, 81, 12, 75, 14]",[],"[5, 46, 61]","[3, 0]",5,0,3,2
577,10,5,"[1, 88, 35, 24, 31, 55, 96, 57, 33, 94]","[88, 35, 24, 31, 55, 96, 57, 33, 94]",[1],0.9211769649006065,0.2662663661864553,2.0,0,0,"[35, 24, 31, 55, 96, 57, 33, 94]","[1, 88]","[35, 24, 31, 55, 96, 57, 33, 94]","[1, 88]","[35, 24, 31, 55, 96, 57, 33, 94]",[],[88],[1],2,0.7339122295379639,"{""0"": 6.429249286651611, ""1"": -1.0}",0,0,"[35, 24, 55, 96, 57, 33, 94]","[1, 88, 31]","[35, 24, 55, 96, 57, 33, 94]","[1, 88, 31]","[35, 24, 55, 96, 57, 33, 94]",[],"[88, 31]",[1],"[35, 24, 55, 96, 57, 33, 94]","[1, 88, 31]","[35, 24, 55, 96, 57, 33, 94]",[],"[88, 31]",[1],7,0,2,1
578,10,5,"[1, 60, 32, 69, 6, 9, 28, 10, 68, 34]","[60, 32, 69, 6, 9, 28, 10, 68, 34]",[1],0.6265552610083283,0.12769064614936626,2.0,0,0,"[60, 32, 69, 6, 9, 28, 10, 68, 34]",[1],"[60, 32, 69, 6, 9, 28, 10, 68, 34]",[1],"[60, 32, 69, 6, 9, 28, 10, 68, 34]",[],[],[1],3,0.3773519992828369,"{""0"": 2.154834032058716, ""1"": 1.9042927026748657, ""2"": 1.720092535018921}",0,0,"[6, 28, 10, 68, 34]","[1, 60, 32, 69, 9]","[6, 28, 10, 68, 34]","[1, 60, 32, 69, 9]","[6, 28, 10, 68, 34]",[],"[60, 32, 69, 9]",[1],"[6, 28, 10, 68, 34]","[1, 60, 32, 69, 9]","[6, 28, 10, 68, 34]",[],"[60, 32, 69, 9]",[1],5,0,4,1
579,10,5,"[1, 37, 10, 25, 45, 87, 62, 92, 16, 56]","[37, 10, 25, 45, 87, 62, 92, 16, 56]",[1],0.6395466968359631,0.04717787981970739,2.0,0,0,"[37, 25, 45, 87, 92, 16, 56]","[1, 10, 62]","[37, 25, 45, 87, 92, 16, 56]","[1, 10, 62]","[37, 25, 45, 87, 92, 16, 56]",[],"[10, 62]",[1],2,0.7158918380737305,"{""0"": 4.6529388427734375, ""1"": 1.8851330280303955}",0,0,"[45, 87, 92, 16, 56]","[1, 37, 10, 25, 62]","[45, 87, 92, 16, 56]","[1, 37, 10, 25, 62]","[45, 87, 92, 16, 56]",[],"[37, 10, 25, 62]",[1],"[45, 87, 92, 16, 56]","[1, 37, 10, 25, 62]","[45, 87, 92, 16, 56]",[],"[37, 10, 25, 62]",[1],5,0,4,1
580,10,5,"[4, 19, 53, 16, 9, 14, 95, 37, 60, 49]","[19, 53, 16, 9, 14, 95, 37, 60, 49]",[4],0.6922940318505652,0.10422661278476936,2.0,0,0,"[19, 53, 9, 14, 37, 49]","[4, 16, 95, 60]","[19, 53, 9, 14, 37, 49]","[4, 16, 95, 60]","[19, 53, 9, 14, 37, 49]",[],"[16, 95, 60]",[4],2,0.5371986627578735,"{""0"": 2.2862954139709473, ""1"": -1.0}",0,0,"[19, 53, 9, 14, 37]","[4, 16, 95, 60, 49]","[19, 53, 9, 14, 37]","[4, 16, 95, 60, 49]","[19, 53, 9, 14, 37]",[],"[16, 95, 60, 49]",[4],"[19, 53, 9, 14, 37]","[4, 16, 95, 60, 49]","[19, 53, 9, 14, 37]",[],"[16, 95, 60, 49]",[4],5,0,4,1
581,10,5,"[1, 4, 57, 27, 33, 60, 69, 62, 97, 30]","[57, 27, 33, 60, 69, 62, 97, 30]","[1, 4]",0.8402772296634494,0.26421199566138676,2.0,0,0,"[57, 27, 33, 60, 69, 62, 97, 30]","[1, 4]","[57, 27, 33, 60, 69, 62, 97, 30]","[1, 4]","[57, 27, 33, 60, 69, 62, 97, 30]",[],[],"[1, 4]",3,0.42819660902023315,"{""0"": 2.596902847290039, ""1"": 1.8199005126953125, ""2"": -1.0}",0,0,"[57, 27, 33, 69, 97]","[1, 4, 60, 62, 30]","[57, 27, 33, 69, 97]","[1, 4, 60, 62, 30]","[57, 27, 33, 69, 97]",[],"[60, 62, 30]","[1, 4]","[57, 27, 33, 69, 97]","[1, 4, 60, 62, 30]","[57, 27, 33, 69, 97]",[],"[60, 62, 30]","[1, 4]",5,0,3,2
582,10,5,"[2, 40, 16, 36, 42, 45, 54, 58, 25, 9]","[40, 16, 36, 42, 45, 54, 58, 25, 9]",[2],0.8828700783048717,0.1612207173372192,2.0,0,0,"[40, 16, 36, 42, 45, 54, 58, 25, 9]",[2],"[40, 16, 36, 42, 45, 54, 58, 25, 9]",[2],"[40, 16, 36, 42, 45, 54, 58, 25, 9]",[],[],[2],2,0.6548559665679932,"{""0"": 4.191258430480957, ""1"": -1.0}",0,0,"[40, 16, 36, 42, 45, 58, 25, 9]","[2, 54]","[40, 16, 36, 42, 45, 58, 25, 9]","[2, 54]","[40, 16, 36, 42, 45, 58, 25, 9]",[],[54],[2],"[40, 16, 36, 42, 45, 58, 25, 9]","[2, 54]","[40, 16, 36, 42, 45, 58, 25, 9]",[],[54],[2],8,0,1,1
583,10,5,"[0, 51, 66, 69, 42, 76, 23, 52, 30, 61]","[51, 66, 69, 42, 76, 23, 52, 30, 61]",[0],0.7758028291971348,0.05889773872368265,2.0,0,0,"[51, 66, 69, 42, 76, 23, 52, 30, 61]",[0],"[51, 66, 69, 42, 76, 23, 52, 30, 61]",[0],"[51, 66, 69, 42, 76, 23, 52, 30, 61]",[],[],[0],2,0.35891222953796387,"{""0"": 4.292142868041992, ""1"": 1.1638448238372803}",0,0,"[51, 66, 42, 76, 23, 52, 61]","[0, 69, 30]","[51, 66, 42, 76, 23, 52, 61]","[0, 69, 30]","[51, 66, 42, 76, 23, 52, 61]",[],"[69, 30]",[0],"[51, 66, 42, 76, 23, 52, 61]","[0, 69, 30]","[51, 66, 42, 76, 23, 52, 61]",[],"[69, 30]",[0],7,0,2,1
584,10,5,"[0, 2, 70, 83, 67, 78, 35, 29, 71, 25]","[70, 83, 67, 78, 35, 29, 71, 25]","[0, 2]",0.801970692541661,0.10149154132885746,2.0,0,0,"[70, 83, 67, 78, 35, 29, 71, 25]","[0, 2]","[70, 83, 67, 78, 35, 29, 71, 25]","[0, 2]","[70, 83, 67, 78, 35, 29, 71, 25]",[],[],"[0, 2]",2,0.5018303394317627,"{""0"": 3.305368423461914, ""1"": 3.122188091278076}",0,0,"[67, 35, 29, 71]","[0, 2, 70, 83, 78, 25]","[67, 35, 29, 71]","[0, 2, 70, 83, 78, 25]","[67, 35, 29, 71]",[],"[70, 83, 78, 25]","[0, 2]","[67, 35, 29, 71]","[0, 2, 70, 83, 78, 25]","[67, 35, 29, 71]",[],"[70, 83, 78, 25]","[0, 2]",4,0,4,2
585,10,5,"[0, 16, 39, 71, 86, 47, 61, 65, 95, 14]","[16, 39, 71, 86, 47, 61, 65, 95, 14]",[0],0.6655601021048495,0.06662488970409375,2.0,0,0,"[16, 39, 71, 86, 61, 65, 95, 14]","[0, 47]","[16, 39, 71, 86, 61, 65, 95, 14]","[0, 47]","[16, 39, 71, 86, 61, 65, 95, 14]",[],[47],[0],3,0.5733510255813599,"{""0"": 3.7696025371551514, ""1"": 1.9944968223571777, ""2"": -1.0}",0,0,"[16, 39, 71, 86, 14]","[0, 47, 61, 65, 95]","[16, 39, 71, 86, 14]","[0, 47, 61, 65, 95]","[16, 39, 71, 86, 14]",[],"[47, 61, 65, 95]",[0],"[16, 39, 71, 86, 14]","[0, 47, 61, 65, 95]","[16, 39, 71, 86, 14]",[],"[47, 61, 65, 95]",[0],5,0,4,1
586,10,5,"[3, 48, 56, 1, 67, 68, 7, 87, 34, 9]","[48, 56, 67, 68, 7, 87, 34, 9]","[3, 1]",0.9577628351551029,0.17878967575283716,2.0,0,0,"[48, 56, 67, 68, 7, 87, 34, 9]","[3, 1]","[48, 56, 67, 68, 7, 87, 34, 9]","[3, 1]","[48, 56, 67, 68, 7, 87, 34, 9]",[],[],"[3, 1]",2,0.6401031017303467,"{""0"": 2.5744760036468506, ""1"": -1.0}",0,0,"[56, 67, 68, 7, 87, 34, 9]","[3, 48, 1]","[56, 67, 68, 7, 87, 34, 9]","[3, 48, 1]","[56, 67, 68, 7, 87, 34, 9]",[],[48],"[3, 1]","[56, 67, 68, 7, 87, 34, 9]","[3, 48, 1]","[56, 67, 68, 7, 87, 34, 9]",[],[48],"[3, 1]",7,0,1,2
587,10,5,"[4, 88, 80, 5, 97, 86, 17, 37, 52, 92]","[88, 80, 5, 97, 86, 17, 37, 52, 92]",[4],0.8088388551762846,0.2104248317534017,2.0,0,0,"[80, 5, 97, 86, 17, 37, 52, 92]","[4, 88]","[80, 5, 97, 86, 17, 37, 52, 92]","[4, 88]","[80, 5, 97, 86, 17, 37, 52, 92]",[],[88],[4],2,0.6316416263580322,"{""0"": 4.469580173492432, ""1"": -1.0}",0,0,"[80, 5, 86, 17, 37, 52, 92]","[4, 88, 97]","[80, 5, 86, 17, 37, 52, 92]","[4, 88, 97]","[80, 5, 86, 17, 37, 52, 92]",[],"[88, 97]",[4],"[80, 5, 86, 17, 37, 52, 92]","[4, 88, 97]","[80, 5, 86, 17, 37, 52, 92]",[],"[88, 97]",[4],7,0,2,1
588,10,5,"[1, 72, 68, 22, 56, 9, 60, 27, 34, 89]","[72, 68, 22, 56, 9, 60, 27, 34, 89]",[1],0.6568659553305626,0.07909571127238607,2.0,0,0,"[72, 68, 22, 56, 9, 27, 34, 89]","[1, 60]","[72, 68, 22, 56, 9, 27, 34, 89]","[1, 60]","[72, 68, 22, 56, 9, 27, 34, 89]",[],[60],[1],2,0.575607180595398,"{""0"": 3.6304359436035156, ""1"": -1.0}",0,0,"[72, 68, 22, 56, 9, 27, 34]","[1, 60, 89]","[72, 68, 22, 56, 9, 27, 34]","[1, 60, 89]","[72, 68, 22, 56, 9, 27, 34]",[],"[60, 89]",[1],"[72, 68, 22, 56, 9, 27, 34]","[1, 60, 89]","[72, 68, 22, 56, 9, 27, 34]",[],"[60, 89]",[1],7,0,2,1
589,10,5,"[3, 5, 70, 59, 28, 98, 56, 26, 11, 34]","[5, 70, 59, 28, 98, 56, 26, 11, 34]",[3],0.5955302126839237,0.06462276545264098,2.0,0,0,"[5, 70, 59, 28, 56, 26, 11, 34]","[3, 98]","[5, 70, 59, 28, 56, 26, 11, 34]","[3, 98]","[5, 70, 59, 28, 56, 26, 11, 34]",[],[98],[3],3,0.6592797040939331,"{""0"": 1.9087510108947754, ""1"": 1.998084306716919, ""2"": 3.331134080886841}",2,0,"[5, 70, 28, 56]","[3, 59, 98, 26, 11, 34]","[5, 70, 28, 56]","[3, 59, 98, 26, 11, 34]","[5, 70, 28, 56]",[],"[59, 98, 26, 11, 34]",[3],"[5, 70, 28, 56]","[3, 59, 98, 26, 11, 34]","[5, 70, 28, 56]",[],"[59, 98, 26, 11, 34]",[3],4,0,5,1
590,10,5,"[4, 25, 89, 12, 67, 11, 58, 18, 98, 20]","[25, 89, 12, 67, 11, 58, 18, 98, 20]",[4],0.7768929319131693,0.1273504824675597,2.0,0,0,"[25, 89, 12, 67, 11, 58, 18, 98, 20]",[4],"[25, 89, 12, 67, 11, 58, 18, 98, 20]",[4],"[25, 89, 12, 67, 11, 58, 18, 98, 20]",[],[],[4],2,0.5109068751335144,"{""0"": 1.430142879486084, ""1"": -1.0}",0,0,"[25, 89, 12, 67, 58, 18, 98, 20]","[4, 11]","[25, 89, 12, 67, 58, 18, 98, 20]","[4, 11]","[25, 89, 12, 67, 58, 18, 98, 20]",[],[11],[4],"[25, 89, 12, 67, 58, 18, 98, 20]","[4, 11]","[25, 89, 12, 67, 58, 18, 98, 20]",[],[11],[4],8,0,1,1
591,10,5,"[4, 95, 26, 67, 96, 0, 40, 44, 84, 30]","[95, 26, 67, 96, 40, 44, 84, 30]","[4, 0]",0.8388967105089891,0.07076515059696187,2.0,0,0,"[95, 67, 96, 40, 44, 84, 30]","[4, 26, 0]","[95, 67, 96, 40, 44, 84, 30]","[4, 26, 0]","[95, 67, 96, 40, 44, 84, 30]",[],[26],"[4, 0]",3,0.4119928479194641,"{""0"": 1.492558479309082, ""1"": 1.9979881048202515, ""2"": 1.8732779026031494}",1,0,"[95, 96]","[4, 26, 67, 0, 40, 44, 84, 30]","[95, 96]","[4, 26, 67, 0, 40, 44, 84, 30]","[95, 96]",[],"[26, 67, 40, 44, 84, 30]","[4, 0]","[95, 96]","[4, 26, 67, 0, 40, 44, 84, 30]","[95, 96]",[],"[26, 67, 40, 44, 84, 30]","[4, 0]",2,0,6,2
592,10,5,"[0, 83, 68, 95, 30, 36, 73, 15, 84, 11]","[83, 68, 95, 30, 36, 73, 15, 84, 11]",[0],1.180206331400428,0.1844839059608866,2.0,0,0,"[83, 68, 30, 36, 73, 15, 84, 11]","[0, 95]","[83, 68, 30, 36, 73, 15, 84, 11]","[0, 95]","[83, 68, 30, 36, 73, 15, 84, 11]",[],[95],[0],2,0.4895222783088684,"{""0"": 0.8983055353164673, ""1"": -1.0}",0,0,"[83, 68, 30, 36, 15, 84, 11]","[0, 95, 73]","[83, 68, 30, 36, 15, 84, 11]","[0, 95, 73]","[83, 68, 30, 36, 15, 84, 11]",[],"[95, 73]",[0],"[83, 68, 30, 36, 15, 84, 11]","[0, 95, 73]","[83, 68, 30, 36, 15, 84, 11]",[],"[95, 73]",[0],7,0,2,1
593,10,5,"[3, 37, 63, 53, 33, 75, 24, 93, 62, 26]","[37, 63, 53, 33, 75, 24, 93, 62, 26]",[3],0.7369017897238689,0.05526972737330643,2.0,0,0,"[37, 63, 53, 33, 75, 24, 93, 62, 26]",[3],"[37, 63, 53, 33, 75, 24, 93, 62, 26]",[3],"[37, 63, 53, 33, 75, 24, 93, 62, 26]",[],[],[3],2,0.7226867079734802,"{""0"": 4.318451404571533, ""1"": 1.9792323112487793}",0,0,"[37, 63, 53, 33, 75, 93, 26]","[3, 24, 62]","[37, 63, 53, 33, 75, 93, 26]","[3, 24, 62]","[37, 63, 53, 33, 75, 93, 26]",[],"[24, 62]",[3],"[37, 63, 53, 33, 75, 93, 26]","[3, 24, 62]","[37, 63, 53, 33, 75, 93, 26]",[],"[24, 62]",[3],7,0,2,1
594,10,5,"[4, 89, 53, 72, 13, 27, 30, 94, 61, 84]","[89, 53, 72, 13, 27, 30, 94, 61, 84]",[4],0.7368268393146445,0.14618682795460336,2.0,0,0,"[89, 53, 72, 13, 27, 30, 94, 61, 84]",[4],"[89, 53, 72, 13, 27, 30, 94, 61, 84]",[4],"[89, 53, 72, 13, 27, 30, 94, 61, 84]",[],[],[4],2,0.48992305994033813,"{""0"": 1.3829255104064941, ""1"": -1.0}",0,0,"[53, 72, 13, 27, 30, 94, 61, 84]","[4, 89]","[53, 72, 13, 27, 30, 94, 61, 84]","[4, 89]","[53, 72, 13, 27, 30, 94, 61, 84]",[],[89],[4],"[53, 72, 13, 27, 30, 94, 61, 84]","[4, 89]","[53, 72, 13, 27, 30, 94, 61, 84]",[],[89],[4],8,0,1,1
595,10,5,"[1, 90, 21, 82, 63, 72, 14, 10, 47, 45]","[90, 21, 82, 63, 72, 14, 10, 47, 45]",[1],0.6741397386510543,0.17075596359604292,2.0,0,0,"[90, 21, 82, 63, 72, 14, 10, 47, 45]",[1],"[90, 21, 82, 63, 72, 14, 10, 47, 45]",[1],"[90, 21, 82, 63, 72, 14, 10, 47, 45]",[],[],[1],2,0.6180076003074646,"{""0"": 2.1775012016296387, ""1"": -1.0}",0,0,"[90, 21, 82, 63, 72, 14, 10, 45]","[1, 47]","[90, 21, 82, 63, 72, 14, 10, 45]","[1, 47]","[90, 21, 82, 63, 72, 14, 10, 45]",[],[47],[1],"[90, 21, 82, 63, 72, 14, 10, 45]","[1, 47]","[90, 21, 82, 63, 72, 14, 10, 45]",[],[47],[1],8,0,1,1
596,10,5,"[1, 85, 75, 24, 47, 89, 65, 69, 32, 5]","[85, 75, 24, 47, 89, 65, 69, 32, 5]",[1],0.8712631099657342,0.12147204016492069,2.0,0,0,"[85, 75, 24, 47, 89, 65, 69, 32, 5]",[1],"[85, 75, 24, 47, 89, 65, 69, 32, 5]",[1],"[85, 75, 24, 47, 89, 65, 69, 32, 5]",[],[],[1],2,0.6928632259368896,"{""0"": 3.0779480934143066, ""1"": -1.0}",0,0,"[85, 75, 24, 47, 89, 65, 69, 32]","[1, 5]","[85, 75, 24, 47, 89, 65, 69, 32]","[1, 5]","[85, 75, 24, 47, 89, 65, 69, 32]",[],[5],[1],"[85, 75, 24, 47, 89, 65, 69, 32]","[1, 5]","[85, 75, 24, 47, 89, 65, 69, 32]",[],[5],[1],8,0,1,1
597,10,5,"[1, 12, 26, 51, 63, 9, 53, 7, 84, 31]","[12, 26, 51, 63, 9, 53, 7, 84, 31]",[1],0.8244601472224754,0.10334694823074936,2.0,0,0,"[12, 51, 63, 9, 53, 7, 84, 31]","[1, 26]","[12, 51, 63, 9, 53, 7, 84, 31]","[1, 26]","[12, 51, 63, 9, 53, 7, 84, 31]",[],[26],[1],2,0.5297189950942993,"{""0"": 0.8636980652809143, ""1"": -1.0}",0,0,"[12, 51, 63, 9, 53, 7, 84]","[1, 26, 31]","[12, 51, 63, 9, 53, 7, 84]","[1, 26, 31]","[12, 51, 63, 9, 53, 7, 84]",[],"[26, 31]",[1],"[12, 51, 63, 9, 53, 7, 84]","[1, 26, 31]","[12, 51, 63, 9, 53, 7, 84]",[],"[26, 31]",[1],7,0,2,1
598,10,5,"[1, 65, 40, 10, 93, 61, 98, 67, 59, 52]","[65, 40, 10, 93, 61, 98, 67, 59, 52]",[1],0.6926934382883476,0.13628025923679415,2.0,0,0,"[65, 40, 10, 93, 61, 98, 67, 59, 52]",[1],"[65, 40, 10, 93, 61, 98, 67, 59, 52]",[1],"[65, 40, 10, 93, 61, 98, 67, 59, 52]",[],[],[1],2,0.4119997024536133,"{""0"": 1.694219708442688, ""1"": 3.651287794113159}",1,0,"[40, 93, 61, 98, 59]","[1, 65, 10, 67, 52]","[40, 93, 61, 98, 59]","[1, 65, 10, 67, 52]","[40, 93, 61, 98, 59]",[],"[65, 10, 67, 52]",[1],"[40, 93, 61, 98, 59]","[1, 65, 10, 67, 52]","[40, 93, 61, 98, 59]",[],"[65, 10, 67, 52]",[1],5,0,4,1
599,10,5,"[0, 20, 66, 64, 40, 77, 2, 61, 21, 53]","[20, 66, 64, 40, 77, 61, 21, 53]","[0, 2]",0.6933216773688562,0.11402141291630252,2.0,0,0,"[20, 66, 64, 40, 77, 61, 21, 53]","[0, 2]","[20, 66, 64, 40, 77, 61, 21, 53]","[0, 2]","[20, 66, 64, 40, 77, 61, 21, 53]",[],[],"[0, 2]",2,0.38383305072784424,"{""0"": 1.607377529144287, ""1"": 2.643467426300049}",1,0,"[66, 64, 40, 77, 21, 53]","[0, 20, 2, 61]","[66, 64, 40, 77, 21, 53]","[0, 20, 2, 61]","[66, 64, 40, 77, 21, 53]",[],"[20, 61]","[0, 2]","[66, 64, 40, 77, 21, 53]","[0, 20, 2, 61]","[66, 64, 40, 77, 21, 53]",[],"[20, 61]","[0, 2]",6,0,2,2
600,10,5,"[2, 68, 66, 10, 0, 44, 89, 4, 32, 76]","[68, 66, 10, 44, 89, 32, 76]","[2, 0, 4]",0.8173197713506366,0.2094331023230016,2.0,0,0,"[68, 66, 10, 44, 89, 32, 76]","[2, 0, 4]","[68, 66, 10, 44, 89, 32, 76]","[2, 0, 4]","[68, 66, 10, 44, 89, 32, 76]",[],[],"[2, 0, 4]",2,0.35349801182746887,"{""0"": 4.40369176864624, ""1"": -1.0}",0,0,"[68, 66, 10, 89, 32, 76]","[2, 0, 44, 4]","[68, 66, 10, 89, 32, 76]","[2, 0, 44, 4]","[68, 66, 10, 89, 32, 76]",[],[44],"[2, 0, 4]","[68, 66, 10, 89, 32, 76]","[2, 0, 44, 4]","[68, 66, 10, 89, 32, 76]",[],[44],"[2, 0, 4]",6,0,1,3
601,10,5,"[0, 54, 62, 69, 10, 23, 68, 66, 86, 32]","[54, 62, 69, 10, 23, 68, 66, 86, 32]",[0],0.7620716038646606,0.18008785537753413,2.0,0,0,"[54, 62, 69, 10, 23, 68, 66, 86, 32]",[0],"[54, 62, 69, 10, 23, 68, 66, 86, 32]",[0],"[54, 62, 69, 10, 23, 68, 66, 86, 32]",[],[],[0],2,0.56716388463974,"{""0"": 3.414017915725708, ""1"": -1.0}",0,0,"[62, 69, 10, 23, 68, 66, 86, 32]","[0, 54]","[62, 69, 10, 23, 68, 66, 86, 32]","[0, 54]","[62, 69, 10, 23, 68, 66, 86, 32]",[],[54],[0],"[62, 69, 10, 23, 68, 66, 86, 32]","[0, 54]","[62, 69, 10, 23, 68, 66, 86, 32]",[],[54],[0],8,0,1,1
602,10,5,"[3, 79, 82, 29, 78, 83, 70, 43, 73, 97]","[79, 82, 29, 78, 83, 70, 43, 73, 97]",[3],0.8468405834457948,0.2146285526194322,2.0,0,0,"[79, 82, 29, 78, 83, 70, 43, 73, 97]",[3],"[79, 82, 29, 78, 83, 70, 43, 73, 97]",[3],"[79, 82, 29, 78, 83, 70, 43, 73, 97]",[],[],[3],2,0.49439752101898193,"{""0"": 0.9465846419334412, ""1"": -1.0}",0,0,"[82, 29, 78, 83, 70, 43, 73, 97]","[3, 79]","[82, 29, 78, 83, 70, 43, 73, 97]","[3, 79]","[82, 29, 78, 83, 70, 43, 73, 97]",[],[79],[3],"[82, 29, 78, 83, 70, 43, 73, 97]","[3, 79]","[82, 29, 78, 83, 70, 43, 73, 97]",[],[79],[3],8,0,1,1
603,10,5,"[0, 72, 20, 24, 58, 83, 67, 13, 36, 55]","[72, 20, 24, 58, 83, 67, 13, 36, 55]",[0],0.7419709267045254,0.0651496309938861,2.0,0,0,"[72, 20, 58, 83, 13, 36, 55]","[0, 24, 67]","[72, 20, 58, 83, 13, 36, 55]","[0, 24, 67]","[72, 20, 58, 83, 13, 36, 55]",[],"[24, 67]",[0],2,0.5046016573905945,"{""0"": 2.8326940536499023, ""1"": 2.8068745136260986}",0,0,"[83, 13, 36, 55]","[0, 72, 20, 24, 58, 67]","[83, 13, 36, 55]","[0, 72, 20, 24, 58, 67]","[83, 13, 36, 55]",[],"[72, 20, 24, 58, 67]",[0],"[83, 13, 36, 55]","[0, 72, 20, 24, 58, 67]","[83, 13, 36, 55]",[],"[72, 20, 24, 58, 67]",[0],4,0,5,1
604,10,5,"[4, 45, 32, 76, 41, 54, 67, 94, 20, 23]","[45, 32, 76, 41, 54, 67, 94, 20, 23]",[4],0.7648168106658211,0.15806099942763446,2.0,0,0,"[45, 32, 76, 41, 54, 67, 94, 20, 23]",[4],"[45, 32, 76, 41, 54, 67, 94, 20, 23]",[4],"[45, 32, 76, 41, 54, 67, 94, 20, 23]",[],[],[4],2,0.587069571018219,"{""0"": 1.993104100227356, ""1"": 3.493180274963379}",1,0,"[45, 32, 76, 67, 94, 20, 23]","[4, 41, 54]","[45, 32, 76, 67, 94, 20, 23]","[4, 41, 54]","[45, 32, 76, 67, 94, 20, 23]",[],"[41, 54]",[4],"[45, 32, 76, 67, 94, 20, 23]","[4, 41, 54]","[45, 32, 76, 67, 94, 20, 23]",[],"[41, 54]",[4],7,0,2,1
605,10,5,"[0, 57, 22, 81, 39, 66, 54, 13, 87, 11]","[57, 22, 81, 39, 66, 54, 13, 87, 11]",[0],0.6170355830891543,0.06694297889313228,2.0,0,0,"[57, 22, 81, 39, 66, 13, 87, 11]","[0, 54]","[57, 22, 81, 39, 66, 13, 87, 11]","[0, 54]","[57, 22, 81, 39, 66, 13, 87, 11]",[],[54],[0],2,0.5463960766792297,"{""0"": 5.573253154754639, ""1"": -1.0}",0,0,"[57, 22, 39, 66, 13, 87, 11]","[0, 81, 54]","[57, 22, 39, 66, 13, 87, 11]","[0, 81, 54]","[57, 22, 39, 66, 13, 87, 11]",[],"[81, 54]",[0],"[57, 22, 39, 66, 13, 87, 11]","[0, 81, 54]","[57, 22, 39, 66, 13, 87, 11]",[],"[81, 54]",[0],7,0,2,1
606,10,5,"[2, 56, 87, 97, 21, 30, 7, 89, 50, 64]","[56, 87, 97, 21, 30, 7, 89, 50, 64]",[2],0.762555037747417,0.10674349136586642,2.0,0,0,"[56, 87, 97, 30, 7, 89, 50, 64]","[2, 21]","[56, 87, 97, 30, 7, 89, 50, 64]","[2, 21]","[56, 87, 97, 30, 7, 89, 50, 64]",[],[21],[2],2,0.47127220034599304,"{""0"": 1.4966912269592285, ""1"": -1.0}",0,0,"[56, 87, 30, 7, 89, 50, 64]","[2, 97, 21]","[56, 87, 30, 7, 89, 50, 64]","[2, 97, 21]","[56, 87, 30, 7, 89, 50, 64]",[],"[97, 21]",[2],"[56, 87, 30, 7, 89, 50, 64]","[2, 97, 21]","[56, 87, 30, 7, 89, 50, 64]",[],"[97, 21]",[2],7,0,2,1
607,10,5,"[4, 3, 9, 87, 74, 36, 50, 63, 5, 11]","[9, 87, 74, 36, 50, 63, 5, 11]","[4, 3]",0.8476105587499148,0.1980869306002382,2.0,0,0,"[9, 87, 74, 36, 50, 63, 5, 11]","[4, 3]","[9, 87, 74, 36, 50, 63, 5, 11]","[4, 3]","[9, 87, 74, 36, 50, 63, 5, 11]",[],[],"[4, 3]",2,0.5585650205612183,"{""0"": 3.498044967651367, ""1"": -1.0}",0,0,"[9, 87, 74, 36, 63, 5, 11]","[4, 3, 50]","[9, 87, 74, 36, 63, 5, 11]","[4, 3, 50]","[9, 87, 74, 36, 63, 5, 11]",[],[50],"[4, 3]","[9, 87, 74, 36, 63, 5, 11]","[4, 3, 50]","[9, 87, 74, 36, 63, 5, 11]",[],[50],"[4, 3]",7,0,1,2
608,10,5,"[2, 91, 10, 20, 72, 0, 33, 38, 57, 14]","[91, 10, 20, 72, 33, 38, 57, 14]","[2, 0]",0.7280589062338783,0.1189776673362608,2.0,0,0,"[91, 10, 20, 72, 33, 38, 57, 14]","[2, 0]","[91, 10, 20, 72, 33, 38, 57, 14]","[2, 0]","[91, 10, 20, 72, 33, 38, 57, 14]",[],[],"[2, 0]",2,0.6285265684127808,"{""0"": 5.799968242645264, ""1"": -1.0}",0,0,"[91, 20, 72, 33, 38, 57, 14]","[2, 10, 0]","[91, 20, 72, 33, 38, 57, 14]","[2, 10, 0]","[91, 20, 72, 33, 38, 57, 14]",[],[10],"[2, 0]","[91, 20, 72, 33, 38, 57, 14]","[2, 10, 0]","[91, 20, 72, 33, 38, 57, 14]",[],[10],"[2, 0]",7,0,1,2
609,10,5,"[1, 5, 72, 26, 97, 54, 17, 37, 71, 58]","[5, 72, 26, 97, 54, 17, 37, 71, 58]",[1],0.9031736054203715,0.2609483287029115,2.0,0,0,"[5, 72, 26, 97, 54, 17, 37, 71, 58]",[1],"[5, 72, 26, 97, 54, 17, 37, 71, 58]",[1],"[5, 72, 26, 97, 54, 17, 37, 71, 58]",[],[],[1],2,0.602888822555542,"{""0"": 0.806857168674469, ""1"": -1.0}",0,0,"[5, 72, 26, 97, 17, 37, 71, 58]","[1, 54]","[5, 72, 26, 97, 17, 37, 71, 58]","[1, 54]","[5, 72, 26, 97, 17, 37, 71, 58]",[],[54],[1],"[5, 72, 26, 97, 17, 37, 71, 58]","[1, 54]","[5, 72, 26, 97, 17, 37, 71, 58]",[],[54],[1],8,0,1,1
610,10,5,"[2, 65, 43, 52, 24, 28, 58, 70, 83, 72]","[65, 43, 52, 24, 28, 58, 70, 83, 72]",[2],0.6600986405252418,0.11817502391484663,2.0,0,0,"[65, 43, 52, 24, 28, 58, 70, 83, 72]",[2],"[65, 43, 52, 24, 28, 58, 70, 83, 72]",[2],"[65, 43, 52, 24, 28, 58, 70, 83, 72]",[],[],[2],2,0.5152908563613892,"{""0"": 1.591085433959961, ""1"": -1.0}",0,0,"[65, 43, 52, 28, 58, 70, 83, 72]","[2, 24]","[65, 43, 52, 28, 58, 70, 83, 72]","[2, 24]","[65, 43, 52, 28, 58, 70, 83, 72]",[],[24],[2],"[65, 43, 52, 28, 58, 70, 83, 72]","[2, 24]","[65, 43, 52, 28, 58, 70, 83, 72]",[],[24],[2],8,0,1,1
611,10,5,"[3, 90, 9, 62, 29, 17, 58, 59, 53, 4]","[90, 9, 62, 29, 17, 58, 59, 53]","[3, 4]",0.7819192011472367,0.20144610819539255,2.0,0,0,"[90, 9, 62, 29, 17, 58, 59, 53]","[3, 4]","[90, 9, 62, 29, 17, 58, 59, 53]","[3, 4]","[90, 9, 62, 29, 17, 58, 59, 53]",[],[],"[3, 4]",3,0.401597261428833,"{""0"": 2.7184762954711914, ""1"": 1.797968864440918, ""2"": -1.0}",0,0,"[90, 9, 29, 59, 53]","[3, 62, 17, 58, 4]","[90, 9, 29, 59, 53]","[3, 62, 17, 58, 4]","[90, 9, 29, 59, 53]",[],"[62, 17, 58]","[3, 4]","[90, 9, 29, 59, 53]","[3, 62, 17, 58, 4]","[90, 9, 29, 59, 53]",[],"[62, 17, 58]","[3, 4]",5,0,3,2
612,10,5,"[3, 98, 25, 79, 84, 88, 43, 82, 9, 91]","[98, 25, 79, 84, 88, 43, 82, 9, 91]",[3],0.7882584192962798,0.3234972278867494,2.0,0,0,"[98, 25, 79, 84, 88, 43, 82, 9, 91]",[3],"[98, 25, 79, 84, 88, 43, 82, 9, 91]",[3],"[98, 25, 79, 84, 88, 43, 82, 9, 91]",[],[],[3],2,0.6759520769119263,"{""0"": 3.2595298290252686, ""1"": -1.0}",0,0,"[98, 25, 79, 84, 43, 82, 9, 91]","[3, 88]","[98, 25, 79, 84, 43, 82, 9, 91]","[3, 88]","[98, 25, 79, 84, 43, 82, 9, 91]",[],[88],[3],"[98, 25, 79, 84, 43, 82, 9, 91]","[3, 88]","[98, 25, 79, 84, 43, 82, 9, 91]",[],[88],[3],8,0,1,1
613,10,5,"[1, 53, 72, 73, 75, 7, 55, 47, 99, 61]","[53, 72, 73, 75, 7, 55, 47, 99, 61]",[1],0.7831375499294444,0.14564929220156425,2.0,0,0,"[53, 72, 73, 75, 7, 55, 47, 99, 61]",[1],"[53, 72, 73, 75, 7, 55, 47, 99, 61]",[1],"[53, 72, 73, 75, 7, 55, 47, 99, 61]",[],[],[1],2,0.2892279624938965,"{""0"": 0.3239351212978363, ""1"": -1.0}",0,0,"[53, 72, 75, 7, 55, 47, 99, 61]","[1, 73]","[53, 72, 75, 7, 55, 47, 99, 61]","[1, 73]","[53, 72, 75, 7, 55, 47, 99, 61]",[],[73],[1],"[53, 72, 75, 7, 55, 47, 99, 61]","[1, 73]","[53, 72, 75, 7, 55, 47, 99, 61]",[],[73],[1],8,0,1,1
614,10,5,"[2, 10, 90, 53, 76, 71, 33, 83, 29, 54]","[10, 90, 53, 76, 71, 33, 83, 29, 54]",[2],0.667464413446519,0.15015273131261148,2.0,0,0,"[10, 90, 53, 76, 71, 33, 83, 29]","[2, 54]","[10, 90, 53, 76, 71, 33, 83, 29]","[2, 54]","[10, 90, 53, 76, 71, 33, 83, 29]",[],[54],[2],2,0.5270277261734009,"{""0"": 5.839541435241699, ""1"": 1.6242895126342773}",0,0,"[90, 53, 76, 33, 83, 29]","[2, 10, 71, 54]","[90, 53, 76, 33, 83, 29]","[2, 10, 71, 54]","[90, 53, 76, 33, 83, 29]",[],"[10, 71, 54]",[2],"[90, 53, 76, 33, 83, 29]","[2, 10, 71, 54]","[90, 53, 76, 33, 83, 29]",[],"[10, 71, 54]",[2],6,0,3,1
615,10,5,"[3, 91, 32, 87, 61, 95, 48, 54, 11, 65]","[91, 32, 87, 61, 95, 48, 54, 11, 65]",[3],0.7845990485917477,0.2215108135578558,2.0,0,0,"[91, 32, 87, 61, 95, 48, 54, 11, 65]",[3],"[91, 32, 87, 61, 95, 48, 54, 11, 65]",[3],"[91, 32, 87, 61, 95, 48, 54, 11, 65]",[],[],[3],2,0.5657334923744202,"{""0"": 3.4159467220306396, ""1"": 1.8013098239898682}",0,0,"[91, 32, 87, 61, 48, 11, 65]","[3, 95, 54]","[91, 32, 87, 61, 48, 11, 65]","[3, 95, 54]","[91, 32, 87, 61, 48, 11, 65]",[],"[95, 54]",[3],"[91, 32, 87, 61, 48, 11, 65]","[3, 95, 54]","[91, 32, 87, 61, 48, 11, 65]",[],"[95, 54]",[3],7,0,2,1
616,10,5,"[2, 46, 29, 44, 62, 58, 92, 64, 68, 47]","[46, 29, 44, 62, 58, 92, 64, 68, 47]",[2],0.9640623532499456,0.16379394531522762,2.0,0,0,"[46, 29, 44, 62, 58, 92, 64, 68, 47]",[2],"[46, 29, 44, 62, 58, 92, 64, 68, 47]",[2],"[46, 29, 44, 62, 58, 92, 64, 68, 47]",[],[],[2],4,0.354361891746521,"{""0"": 1.8073290586471558, ""1"": 1.9007070064544678, ""2"": -1.0, ""3"": -1.0}",1,0,"[29, 44]","[2, 46, 62, 58, 92, 64, 68, 47]","[29, 44]","[2, 46, 62, 58, 92, 64, 68, 47]","[29, 44]",[],"[46, 62, 58, 92, 64, 68, 47]",[2],"[29, 44]","[2, 46, 62, 58, 92, 64, 68, 47]","[29, 44]",[],"[46, 62, 58, 92, 64, 68, 47]",[2],2,0,7,1
617,10,5,"[4, 18, 89, 79, 36, 44, 65, 30, 53, 10]","[18, 89, 79, 36, 44, 65, 30, 53, 10]",[4],0.6605137936369794,0.08207503297940255,2.0,0,0,"[18, 79, 36, 44, 65, 30, 53]","[4, 89, 10]","[18, 79, 36, 44, 65, 30, 53]","[4, 89, 10]","[18, 79, 36, 44, 65, 30, 53]",[],"[89, 10]",[4],2,0.4534930884838104,"{""0"": 2.1843836307525635, ""1"": 1.7836928367614746}",0,0,"[79, 36, 44, 30, 53]","[4, 18, 89, 65, 10]","[79, 36, 44, 30, 53]","[4, 18, 89, 65, 10]","[79, 36, 44, 30, 53]",[],"[18, 89, 65, 10]",[4],"[79, 36, 44, 30, 53]","[4, 18, 89, 65, 10]","[79, 36, 44, 30, 53]",[],"[18, 89, 65, 10]",[4],5,0,4,1
618,10,5,"[4, 88, 66, 90, 25, 57, 38, 40, 70, 73]","[88, 66, 90, 25, 57, 38, 40, 70, 73]",[4],0.6779861617304541,0.08097660911952226,2.0,0,0,"[66, 90, 25, 57, 38, 40, 70]","[4, 88, 73]","[66, 90, 25, 57, 38, 40, 70]","[4, 88, 73]","[66, 90, 25, 57, 38, 40, 70]",[],"[88, 73]",[4],2,0.5087989568710327,"{""0"": 4.4437737464904785, ""1"": 1.7600228786468506}",0,0,"[90, 25, 38, 40, 70]","[4, 88, 66, 57, 73]","[90, 25, 38, 40, 70]","[4, 88, 66, 57, 73]","[90, 25, 38, 40, 70]",[],"[88, 66, 57, 73]",[4],"[90, 25, 38, 40, 70]","[4, 88, 66, 57, 73]","[90, 25, 38, 40, 70]",[],"[88, 66, 57, 73]",[4],5,0,4,1
619,10,5,"[1, 25, 98, 80, 49, 5, 37, 17, 35, 42]","[25, 98, 80, 49, 5, 37, 17, 35, 42]",[1],0.7107612448568742,0.1690374982242277,2.0,0,0,"[25, 98, 80, 49, 5, 37, 17, 35, 42]",[1],"[25, 98, 80, 49, 5, 37, 17, 35, 42]",[1],"[25, 98, 80, 49, 5, 37, 17, 35, 42]",[],[],[1],2,0.4980282783508301,"{""0"": 2.500288724899292, ""1"": 1.717911720275879}",0,0,"[25, 98, 80, 49, 5, 37, 42]","[1, 17, 35]","[25, 98, 80, 49, 5, 37, 42]","[1, 17, 35]","[25, 98, 80, 49, 5, 37, 42]",[],"[17, 35]",[1],"[25, 98, 80, 49, 5, 37, 42]","[1, 17, 35]","[25, 98, 80, 49, 5, 37, 42]",[],"[17, 35]",[1],7,0,2,1
620,10,5,"[0, 24, 45, 50, 64, 82, 8, 20, 16, 62]","[24, 45, 50, 64, 82, 8, 20, 16, 62]",[0],0.8032045530453569,0.11289099168314554,2.0,0,0,"[24, 45, 50, 64, 82, 8, 20, 16, 62]",[0],"[24, 45, 50, 64, 82, 8, 20, 16, 62]",[0],"[24, 45, 50, 64, 82, 8, 20, 16, 62]",[],[],[0],4,0.4161107540130615,"{""0"": 1.8338301181793213, ""1"": 1.862368106842041, ""2"": 3.711704730987549, ""3"": -1.0}",2,0,"[45, 50, 64, 16]","[0, 24, 82, 8, 20, 62]","[45, 50, 64, 16]","[0, 24, 82, 8, 20, 62]","[45, 50, 64, 16]",[],"[24, 82, 8, 20, 62]",[0],"[45, 50, 64, 16]","[0, 24, 82, 8, 20, 62]","[45, 50, 64, 16]",[],"[24, 82, 8, 20, 62]",[0],4,0,5,1
621,10,5,"[4, 23, 80, 43, 76, 72, 70, 10, 51, 98]","[23, 80, 43, 76, 72, 70, 10, 51, 98]",[4],0.5849294291643623,0.07783728024509684,2.0,0,0,"[23, 80, 43, 76, 72, 70, 51, 98]","[4, 10]","[23, 80, 43, 76, 72, 70, 51, 98]","[4, 10]","[23, 80, 43, 76, 72, 70, 51, 98]",[],[10],[4],2,0.6261460781097412,"{""0"": 4.619025230407715, ""1"": -1.0}",0,0,"[23, 80, 76, 72, 70, 51, 98]","[4, 43, 10]","[23, 80, 76, 72, 70, 51, 98]","[4, 43, 10]","[23, 80, 76, 72, 70, 51, 98]",[],"[43, 10]",[4],"[23, 80, 76, 72, 70, 51, 98]","[4, 43, 10]","[23, 80, 76, 72, 70, 51, 98]",[],"[43, 10]",[4],7,0,2,1
622,10,5,"[0, 93, 1, 30, 57, 53, 27, 98, 21, 76]","[93, 30, 57, 53, 27, 98, 21, 76]","[0, 1]",0.6105445000531105,0.08396082918811751,2.0,0,0,"[93, 30, 57, 53, 27, 98, 21, 76]","[0, 1]","[93, 30, 57, 53, 27, 98, 21, 76]","[0, 1]","[93, 30, 57, 53, 27, 98, 21, 76]",[],[],"[0, 1]",2,0.5790749788284302,"{""0"": 5.875187397003174, ""1"": -1.0}",0,0,"[93, 57, 53, 27, 98, 21, 76]","[0, 1, 30]","[93, 57, 53, 27, 98, 21, 76]","[0, 1, 30]","[93, 57, 53, 27, 98, 21, 76]",[],[30],"[0, 1]","[93, 57, 53, 27, 98, 21, 76]","[0, 1, 30]","[93, 57, 53, 27, 98, 21, 76]",[],[30],"[0, 1]",7,0,1,2
623,10,5,"[2, 0, 29, 66, 93, 4, 39, 28, 63, 33]","[29, 66, 93, 39, 28, 63, 33]","[2, 0, 4]",0.8882915377606355,0.2097106192162998,2.0,0,0,"[29, 66, 93, 39, 28, 63, 33]","[2, 0, 4]","[29, 66, 93, 39, 28, 63, 33]","[2, 0, 4]","[29, 66, 93, 39, 28, 63, 33]",[],[],"[2, 0, 4]",2,0.6648253202438354,"{""0"": 4.219960689544678, ""1"": 1.9740054607391357}",0,0,"[29, 93, 28, 63, 33]","[2, 0, 66, 4, 39]","[29, 93, 28, 63, 33]","[2, 0, 66, 4, 39]","[29, 93, 28, 63, 33]",[],"[66, 39]","[2, 0, 4]","[29, 93, 28, 63, 33]","[2, 0, 66, 4, 39]","[29, 93, 28, 63, 33]",[],"[66, 39]","[2, 0, 4]",5,0,2,3
624,10,5,"[0, 81, 21, 56, 79, 71, 2, 66, 94, 49]","[81, 21, 56, 79, 71, 66, 94, 49]","[0, 2]",0.8664430642789771,0.1440779224107137,2.0,0,0,"[81, 21, 56, 79, 71, 66, 94, 49]","[0, 2]","[81, 21, 56, 79, 71, 66, 94, 49]","[0, 2]","[81, 21, 56, 79, 71, 66, 94, 49]",[],[],"[0, 2]",2,0.4656490087509155,"{""0"": 3.5550663471221924, ""1"": -1.0}",0,0,"[81, 21, 56, 79, 71, 66, 94]","[0, 2, 49]","[81, 21, 56, 79, 71, 66, 94]","[0, 2, 49]","[81, 21, 56, 79, 71, 66, 94]",[],[49],"[0, 2]","[81, 21, 56, 79, 71, 66, 94]","[0, 2, 49]","[81, 21, 56, 79, 71, 66, 94]",[],[49],"[0, 2]",7,0,1,2
625,10,5,"[2, 41, 16, 1, 68, 53, 14, 79, 76, 60]","[41, 16, 68, 53, 14, 79, 76, 60]","[2, 1]",0.6512105533750016,0.15493280667564133,2.0,0,0,"[41, 16, 68, 53, 14, 79, 76, 60]","[2, 1]","[41, 16, 68, 53, 14, 79, 76, 60]","[2, 1]","[41, 16, 68, 53, 14, 79, 76, 60]",[],[],"[2, 1]",2,0.6427736282348633,"{""0"": 2.1561496257781982, ""1"": -1.0}",0,0,"[41, 16, 68, 53, 14, 79, 76]","[2, 1, 60]","[41, 16, 68, 53, 14, 79, 76]","[2, 1, 60]","[41, 16, 68, 53, 14, 79, 76]",[],[60],"[2, 1]","[41, 16, 68, 53, 14, 79, 76]","[2, 1, 60]","[41, 16, 68, 53, 14, 79, 76]",[],[60],"[2, 1]",7,0,1,2
626,10,5,"[0, 64, 93, 96, 65, 27, 80, 87, 11, 31]","[64, 93, 96, 65, 27, 80, 87, 11, 31]",[0],0.6238217062265528,0.1361184040708279,2.0,0,0,"[64, 93, 96, 65, 27, 80, 87, 11, 31]",[0],"[64, 93, 96, 65, 27, 80, 87, 11, 31]",[0],"[64, 93, 96, 65, 27, 80, 87, 11, 31]",[],[],[0],2,0.6606202125549316,"{""0"": 2.944352626800537, ""1"": -1.0}",0,0,"[64, 93, 96, 65, 27, 80, 87, 11]","[0, 31]","[64, 93, 96, 65, 27, 80, 87, 11]","[0, 31]","[64, 93, 96, 65, 27, 80, 87, 11]",[],[31],[0],"[64, 93, 96, 65, 27, 80, 87, 11]","[0, 31]","[64, 93, 96, 65, 27, 80, 87, 11]",[],[31],[0],8,0,1,1
627,10,5,"[1, 80, 39, 5, 22, 87, 61, 47, 76, 38]","[80, 39, 5, 22, 87, 61, 47, 76, 38]",[1],0.6101227797510649,0.06364813624677024,2.0,0,0,"[80, 39, 5, 22, 87, 61, 76, 38]","[1, 47]","[80, 39, 5, 22, 87, 61, 76, 38]","[1, 47]","[80, 39, 5, 22, 87, 61, 76, 38]",[],[47],[1],2,0.516197681427002,"{""0"": 2.946045398712158, ""1"": -1.0}",0,0,"[39, 5, 22, 87, 61, 76, 38]","[1, 80, 47]","[39, 5, 22, 87, 61, 76, 38]","[1, 80, 47]","[39, 5, 22, 87, 61, 76, 38]",[],"[80, 47]",[1],"[39, 5, 22, 87, 61, 76, 38]","[1, 80, 47]","[39, 5, 22, 87, 61, 76, 38]",[],"[80, 47]",[1],7,0,2,1
628,10,5,"[1, 46, 6, 9, 52, 48, 58, 47, 41, 61]","[46, 6, 9, 52, 48, 58, 47, 41, 61]",[1],0.7765596712251994,0.22717701064078172,2.0,0,0,"[46, 6, 9, 52, 48, 58, 47, 41, 61]",[1],"[46, 6, 9, 52, 48, 58, 47, 41, 61]",[1],"[46, 6, 9, 52, 48, 58, 47, 41, 61]",[],[],[1],2,0.48543182015419006,"{""0"": 2.244199514389038, ""1"": 1.8774819374084473}",0,0,"[46, 6, 9, 52, 47, 41, 61]","[1, 48, 58]","[46, 6, 9, 52, 47, 41, 61]","[1, 48, 58]","[46, 6, 9, 52, 47, 41, 61]",[],"[48, 58]",[1],"[46, 6, 9, 52, 47, 41, 61]","[1, 48, 58]","[46, 6, 9, 52, 47, 41, 61]",[],"[48, 58]",[1],7,0,2,1
629,10,5,"[2, 67, 49, 28, 82, 20, 72, 10, 1, 88]","[67, 49, 28, 82, 20, 72, 10, 88]","[2, 1]",0.7582066556476712,0.15094364263050614,2.0,0,0,"[67, 49, 28, 82, 20, 72, 10]","[2, 1, 88]","[67, 49, 28, 82, 20, 72, 10]","[2, 1, 88]","[67, 49, 28, 82, 20, 72, 10]",[],[88],"[2, 1]",2,0.541581928730011,"{""0"": 5.318392276763916, ""1"": -1.0}",0,0,"[67, 28, 82, 20, 72, 10]","[2, 49, 1, 88]","[67, 28, 82, 20, 72, 10]","[2, 49, 1, 88]","[67, 28, 82, 20, 72, 10]",[],"[49, 88]","[2, 1]","[67, 28, 82, 20, 72, 10]","[2, 49, 1, 88]","[67, 28, 82, 20, 72, 10]",[],"[49, 88]","[2, 1]",6,0,2,2
630,10,5,"[3, 86, 96, 97, 0, 44, 51, 8, 41, 62]","[86, 96, 97, 44, 51, 8, 41, 62]","[3, 0]",1.0019066159987742,0.1362885308830804,2.0,0,0,"[86, 96, 97, 44, 51, 41, 62]","[3, 0, 8]","[86, 96, 97, 44, 51, 41, 62]","[3, 0, 8]","[86, 96, 97, 44, 51, 41, 62]",[],[8],"[3, 0]",2,0.477626234292984,"{""0"": 0.8819706439971924, ""1"": -1.0}",0,0,"[86, 96, 44, 51, 41, 62]","[3, 97, 0, 8]","[86, 96, 44, 51, 41, 62]","[3, 97, 0, 8]","[86, 96, 44, 51, 41, 62]",[],"[97, 8]","[3, 0]","[86, 96, 44, 51, 41, 62]","[3, 97, 0, 8]","[86, 96, 44, 51, 41, 62]",[],"[97, 8]","[3, 0]",6,0,2,2
631,10,5,"[1, 67, 92, 81, 98, 37, 15, 7, 74, 52]","[67, 92, 81, 98, 37, 15, 7, 74, 52]",[1],1.0624774973566913,0.1704331252372009,2.0,0,0,"[67, 92, 81, 98, 37, 15, 7, 74, 52]",[1],"[67, 92, 81, 98, 37, 15, 7, 74, 52]",[1],"[67, 92, 81, 98, 37, 15, 7, 74, 52]",[],[],[1],2,0.5234658718109131,"{""0"": 2.4191713333129883, ""1"": 1.7491693496704102}",0,0,"[92, 81, 98, 37, 15, 74, 52]","[1, 67, 7]","[92, 81, 98, 37, 15, 74, 52]","[1, 67, 7]","[92, 81, 98, 37, 15, 74, 52]",[],"[67, 7]",[1],"[92, 81, 98, 37, 15, 74, 52]","[1, 67, 7]","[92, 81, 98, 37, 15, 74, 52]",[],"[67, 7]",[1],7,0,2,1
632,10,5,"[0, 4, 96, 56, 49, 15, 53, 87, 9, 85]","[96, 56, 49, 15, 53, 87, 9, 85]","[0, 4]",0.7129310755264688,0.18159922568228315,2.0,0,0,"[96, 56, 49, 15, 53, 87, 9, 85]","[0, 4]","[96, 56, 49, 15, 53, 87, 9, 85]","[0, 4]","[96, 56, 49, 15, 53, 87, 9, 85]",[],[],"[0, 4]",2,0.5758070945739746,"{""0"": 4.073590278625488, ""1"": -1.0}",0,0,"[96, 56, 15, 53, 87, 9, 85]","[0, 4, 49]","[96, 56, 15, 53, 87, 9, 85]","[0, 4, 49]","[96, 56, 15, 53, 87, 9, 85]",[],[49],"[0, 4]","[96, 56, 15, 53, 87, 9, 85]","[0, 4, 49]","[96, 56, 15, 53, 87, 9, 85]",[],[49],"[0, 4]",7,0,1,2
633,10,5,"[2, 25, 11, 57, 49, 52, 3, 89, 22, 38]","[25, 11, 57, 49, 52, 89, 22, 38]","[2, 3]",0.7627419983167857,0.23350045164554384,2.0,0,0,"[25, 11, 57, 49, 52, 89, 22, 38]","[2, 3]","[25, 11, 57, 49, 52, 89, 22, 38]","[2, 3]","[25, 11, 57, 49, 52, 89, 22, 38]",[],[],"[2, 3]",2,0.5292477607727051,"{""0"": 3.126150608062744, ""1"": -1.0}",0,0,"[25, 11, 57, 52, 89, 22, 38]","[2, 49, 3]","[25, 11, 57, 52, 89, 22, 38]","[2, 49, 3]","[25, 11, 57, 52, 89, 22, 38]",[],[49],"[2, 3]","[25, 11, 57, 52, 89, 22, 38]","[2, 49, 3]","[25, 11, 57, 52, 89, 22, 38]",[],[49],"[2, 3]",7,0,1,2
634,10,5,"[2, 89, 48, 49, 77, 60, 90, 76, 12, 66]","[89, 48, 49, 77, 60, 90, 76, 12, 66]",[2],0.6739402027367773,0.10792341528306681,2.0,0,0,"[89, 49, 77, 60, 90, 76, 12, 66]","[2, 48]","[89, 49, 77, 60, 90, 76, 12, 66]","[2, 48]","[89, 49, 77, 60, 90, 76, 12, 66]",[],[48],[2],2,0.6286107301712036,"{""0"": 4.33198356628418, ""1"": -1.0}",0,0,"[89, 77, 60, 90, 76, 12, 66]","[2, 48, 49]","[89, 77, 60, 90, 76, 12, 66]","[2, 48, 49]","[89, 77, 60, 90, 76, 12, 66]",[],"[48, 49]",[2],"[89, 77, 60, 90, 76, 12, 66]","[2, 48, 49]","[89, 77, 60, 90, 76, 12, 66]",[],"[48, 49]",[2],7,0,2,1
635,10,5,"[0, 38, 28, 30, 98, 89, 50, 80, 58, 43]","[38, 28, 30, 98, 89, 50, 80, 58, 43]",[0],0.641082285715231,0.10937731163462577,2.0,0,0,"[38, 28, 30, 98, 89, 50, 80, 58, 43]",[0],"[38, 28, 30, 98, 89, 50, 80, 58, 43]",[0],"[38, 28, 30, 98, 89, 50, 80, 58, 43]",[],[],[0],2,0.5279917120933533,"{""0"": 3.4138591289520264, ""1"": 1.7370141744613647}",0,0,"[38, 28, 30, 98, 50, 58, 43]","[0, 89, 80]","[38, 28, 30, 98, 50, 58, 43]","[0, 89, 80]","[38, 28, 30, 98, 50, 58, 43]",[],"[89, 80]",[0],"[38, 28, 30, 98, 50, 58, 43]","[0, 89, 80]","[38, 28, 30, 98, 50, 58, 43]",[],"[89, 80]",[0],7,0,2,1
636,10,5,"[3, 43, 47, 34, 51, 2, 50, 72, 25, 35]","[43, 47, 34, 51, 50, 72, 25, 35]","[3, 2]",0.6407928843225755,0.10271675518174783,2.0,0,0,"[43, 47, 34, 51, 50, 72, 25, 35]","[3, 2]","[43, 47, 34, 51, 50, 72, 25, 35]","[3, 2]","[43, 47, 34, 51, 50, 72, 25, 35]",[],[],"[3, 2]",2,0.5595459938049316,"{""0"": 3.864009380340576, ""1"": -1.0}",0,0,"[47, 34, 51, 50, 72, 25, 35]","[3, 43, 2]","[47, 34, 51, 50, 72, 25, 35]","[3, 43, 2]","[47, 34, 51, 50, 72, 25, 35]",[],[43],"[3, 2]","[47, 34, 51, 50, 72, 25, 35]","[3, 43, 2]","[47, 34, 51, 50, 72, 25, 35]",[],[43],"[3, 2]",7,0,1,2
637,10,5,"[1, 54, 3, 48, 25, 31, 68, 70, 21, 81]","[54, 48, 25, 31, 68, 70, 21, 81]","[1, 3]",0.8114838213446822,0.2928016930758391,2.0,0,0,"[54, 48, 25, 31, 68, 70, 21, 81]","[1, 3]","[54, 48, 25, 31, 68, 70, 21, 81]","[1, 3]","[54, 48, 25, 31, 68, 70, 21, 81]",[],[],"[1, 3]",4,0.5438929796218872,"{""0"": 4.586345672607422, ""1"": -1.0, ""2"": -1.0, ""3"": -1.0}",0,0,"[25, 68, 70, 21, 81]","[1, 54, 3, 48, 31]","[25, 68, 70, 21, 81]","[1, 54, 3, 48, 31]","[25, 68, 70, 21, 81]",[],"[54, 48, 31]","[1, 3]","[25, 68, 70, 21, 81]","[1, 54, 3, 48, 31]","[25, 68, 70, 21, 81]",[],"[54, 48, 31]","[1, 3]",5,0,3,2
638,10,5,"[2, 78, 91, 76, 56, 52, 49, 93, 7, 70]","[78, 91, 76, 56, 52, 49, 93, 7, 70]",[2],0.549274041752509,0.11739340007695842,2.0,0,0,"[78, 91, 76, 56, 52, 93, 7, 70]","[2, 49]","[78, 91, 76, 56, 52, 93, 7, 70]","[2, 49]","[78, 91, 76, 56, 52, 93, 7, 70]",[],[49],[2],2,0.55286705493927,"{""0"": 4.121293067932129, ""1"": -1.0}",0,0,"[78, 91, 76, 56, 52, 93, 70]","[2, 49, 7]","[78, 91, 76, 56, 52, 93, 70]","[2, 49, 7]","[78, 91, 76, 56, 52, 93, 70]",[],"[49, 7]",[2],"[78, 91, 76, 56, 52, 93, 70]","[2, 49, 7]","[78, 91, 76, 56, 52, 93, 70]",[],"[49, 7]",[2],7,0,2,1
639,10,5,"[0, 66, 60, 97, 41, 67, 72, 5, 37, 14]","[66, 60, 97, 41, 67, 72, 5, 37, 14]",[0],0.6742839367337995,0.17405099140931485,2.0,0,0,"[66, 60, 97, 41, 67, 72, 5, 37, 14]",[0],"[66, 60, 97, 41, 67, 72, 5, 37, 14]",[0],"[66, 60, 97, 41, 67, 72, 5, 37, 14]",[],[],[0],2,0.5403673052787781,"{""0"": 1.2964961528778076, ""1"": 3.7362799644470215}",1,0,"[66, 41, 67, 72, 5, 37, 14]","[0, 60, 97]","[66, 41, 67, 72, 5, 37, 14]","[0, 60, 97]","[66, 41, 67, 72, 5, 37, 14]",[],"[60, 97]",[0],"[66, 41, 67, 72, 5, 37, 14]","[0, 60, 97]","[66, 41, 67, 72, 5, 37, 14]",[],"[60, 97]",[0],7,0,2,1
640,10,5,"[2, 82, 3, 25, 54, 29, 40, 68, 57, 34]","[82, 25, 54, 29, 40, 68, 57, 34]","[2, 3]",0.6023476986588114,0.052550750068174557,2.0,0,0,"[82, 25, 29, 40, 68, 57, 34]","[2, 3, 54]","[82, 25, 29, 40, 68, 57, 34]","[2, 3, 54]","[82, 25, 29, 40, 68, 57, 34]",[],[54],"[2, 3]",2,0.4754943251609802,"{""0"": 2.4907994270324707, ""1"": -1.0}",0,0,"[25, 29, 40, 68, 57, 34]","[2, 82, 3, 54]","[25, 29, 40, 68, 57, 34]","[2, 82, 3, 54]","[25, 29, 40, 68, 57, 34]",[],"[82, 54]","[2, 3]","[25, 29, 40, 68, 57, 34]","[2, 82, 3, 54]","[25, 29, 40, 68, 57, 34]",[],"[82, 54]","[2, 3]",6,0,2,2
641,10,5,"[2, 14, 18, 96, 50, 16, 73, 31, 58, 79]","[14, 18, 96, 50, 16, 73, 31, 58, 79]",[2],0.8891549012173283,0.23274968962133352,2.0,0,0,"[14, 18, 96, 50, 16, 73, 31, 58, 79]",[2],"[14, 18, 96, 50, 16, 73, 31, 58, 79]",[2],"[14, 18, 96, 50, 16, 73, 31, 58, 79]",[],[],[2],2,0.6229150891304016,"{""0"": 2.926051616668701, ""1"": -1.0}",0,0,"[14, 18, 96, 50, 16, 73, 58, 79]","[2, 31]","[14, 18, 96, 50, 16, 73, 58, 79]","[2, 31]","[14, 18, 96, 50, 16, 73, 58, 79]",[],[31],[2],"[14, 18, 96, 50, 16, 73, 58, 79]","[2, 31]","[14, 18, 96, 50, 16, 73, 58, 79]",[],[31],[2],8,0,1,1
642,10,5,"[0, 22, 21, 84, 96, 78, 27, 3, 77, 83]","[22, 21, 84, 96, 78, 27, 77, 83]","[0, 3]",0.8509637723765249,0.07865993917521624,2.0,0,0,"[22, 21, 84, 96, 78, 27, 77, 83]","[0, 3]","[22, 21, 84, 96, 78, 27, 77, 83]","[0, 3]","[22, 21, 84, 96, 78, 27, 77, 83]",[],[],"[0, 3]",2,0.2903556227684021,"{""0"": 2.0258002281188965, ""1"": 3.0639214515686035}",1,0,"[22, 84, 96, 83]","[0, 21, 78, 27, 3, 77]","[22, 84, 96, 83]","[0, 21, 78, 27, 3, 77]","[22, 84, 96, 83]",[],"[21, 78, 27, 77]","[0, 3]","[22, 84, 96, 83]","[0, 21, 78, 27, 3, 77]","[22, 84, 96, 83]",[],"[21, 78, 27, 77]","[0, 3]",4,0,4,2
643,10,5,"[2, 38, 28, 9, 88, 21, 11, 26, 36, 92]","[38, 28, 9, 88, 21, 11, 26, 36, 92]",[2],0.787453039157128,0.24046200423161262,2.0,0,0,"[38, 28, 9, 21, 11, 26, 36, 92]","[2, 88]","[38, 28, 9, 21, 11, 26, 36, 92]","[2, 88]","[38, 28, 9, 21, 11, 26, 36, 92]",[],[88],[2],2,0.6151446104049683,"{""0"": 4.945340156555176, ""1"": -1.0}",0,0,"[38, 28, 9, 21, 26, 36, 92]","[2, 88, 11]","[38, 28, 9, 21, 26, 36, 92]","[2, 88, 11]","[38, 28, 9, 21, 26, 36, 92]",[],"[88, 11]",[2],"[38, 28, 9, 21, 26, 36, 92]","[2, 88, 11]","[38, 28, 9, 21, 26, 36, 92]",[],"[88, 11]",[2],7,0,2,1
644,10,5,"[2, 43, 57, 78, 79, 77, 4, 6, 61, 24]","[43, 57, 78, 79, 77, 6, 61, 24]","[2, 4]",0.7531291167883121,0.1387218719487986,2.0,0,0,"[43, 57, 78, 79, 77, 6, 61, 24]","[2, 4]","[43, 57, 78, 79, 77, 6, 61, 24]","[2, 4]","[43, 57, 78, 79, 77, 6, 61, 24]",[],[],"[2, 4]",2,0.5939920544624329,"{""0"": 3.5037784576416016, ""1"": -1.0}",0,0,"[43, 57, 78, 79, 77, 6, 61]","[2, 4, 24]","[43, 57, 78, 79, 77, 6, 61]","[2, 4, 24]","[43, 57, 78, 79, 77, 6, 61]",[],[24],"[2, 4]","[43, 57, 78, 79, 77, 6, 61]","[2, 4, 24]","[43, 57, 78, 79, 77, 6, 61]",[],[24],"[2, 4]",7,0,1,2
645,10,5,"[2, 52, 50, 97, 72, 63, 17, 32, 8, 49]","[52, 50, 97, 72, 63, 17, 32, 8, 49]",[2],0.8437487422348611,0.23270260744328541,2.0,0,0,"[52, 50, 97, 72, 63, 17, 32, 8, 49]",[2],"[52, 50, 97, 72, 63, 17, 32, 8, 49]",[2],"[52, 50, 97, 72, 63, 17, 32, 8, 49]",[],[],[2],2,0.4884636104106903,"{""0"": 2.819725275039673, ""1"": 1.8636362552642822}",0,0,"[52, 50, 97, 72, 63, 17, 49]","[2, 32, 8]","[52, 50, 97, 72, 63, 17, 49]","[2, 32, 8]","[52, 50, 97, 72, 63, 17, 49]",[],"[32, 8]",[2],"[52, 50, 97, 72, 63, 17, 49]","[2, 32, 8]","[52, 50, 97, 72, 63, 17, 49]",[],"[32, 8]",[2],7,0,2,1
646,10,5,"[1, 54, 45, 58, 68, 26, 57, 90, 10, 83]","[54, 45, 58, 68, 26, 57, 90, 10, 83]",[1],0.8317940839253122,0.2945977047852451,2.0,0,0,"[54, 45, 58, 68, 26, 57, 90, 10, 83]",[1],"[54, 45, 58, 68, 26, 57, 90, 10, 83]",[1],"[54, 45, 58, 68, 26, 57, 90, 10, 83]",[],[],[1],2,0.7302833199501038,"{""0"": 3.4930033683776855, ""1"": -1.0}",0,0,"[45, 58, 68, 26, 57, 90, 10, 83]","[1, 54]","[45, 58, 68, 26, 57, 90, 10, 83]","[1, 54]","[45, 58, 68, 26, 57, 90, 10, 83]",[],[54],[1],"[45, 58, 68, 26, 57, 90, 10, 83]","[1, 54]","[45, 58, 68, 26, 57, 90, 10, 83]",[],[54],[1],8,0,1,1
647,10,5,"[2, 14, 7, 37, 13, 31, 52, 63, 59, 62]","[14, 7, 37, 13, 31, 52, 63, 59, 62]",[2],0.8208316722363661,0.2210328357993478,2.0,0,0,"[14, 7, 37, 13, 31, 52, 63, 59, 62]",[2],"[14, 7, 37, 13, 31, 52, 63, 59, 62]",[2],"[14, 7, 37, 13, 31, 52, 63, 59, 62]",[],[],[2],2,0.5176966786384583,"{""0"": 1.7559678554534912, ""1"": -1.0}",0,0,"[14, 7, 37, 13, 52, 63, 59, 62]","[2, 31]","[14, 7, 37, 13, 52, 63, 59, 62]","[2, 31]","[14, 7, 37, 13, 52, 63, 59, 62]",[],[31],[2],"[14, 7, 37, 13, 52, 63, 59, 62]","[2, 31]","[14, 7, 37, 13, 52, 63, 59, 62]",[],[31],[2],8,0,1,1
648,10,5,"[3, 63, 78, 47, 75, 85, 89, 83, 26, 96]","[63, 78, 47, 75, 85, 89, 83, 26, 96]",[3],0.620479820483945,0.10144271868210814,2.0,0,0,"[63, 78, 75, 85, 89, 83, 26, 96]","[3, 47]","[63, 78, 75, 85, 89, 83, 26, 96]","[3, 47]","[63, 78, 75, 85, 89, 83, 26, 96]",[],[47],[3],2,0.4163922667503357,"{""0"": 3.8601794242858887, ""1"": -1.0}",0,0,"[63, 78, 75, 85, 83, 26, 96]","[3, 47, 89]","[63, 78, 75, 85, 83, 26, 96]","[3, 47, 89]","[63, 78, 75, 85, 83, 26, 96]",[],"[47, 89]",[3],"[63, 78, 75, 85, 83, 26, 96]","[3, 47, 89]","[63, 78, 75, 85, 83, 26, 96]",[],"[47, 89]",[3],7,0,2,1
649,10,5,"[1, 93, 17, 35, 77, 50, 62, 28, 60, 11]","[93, 17, 35, 77, 50, 62, 28, 60, 11]",[1],0.7701095688412997,0.1170271449134973,2.0,0,0,"[93, 17, 35, 77, 50, 62, 28, 60, 11]",[1],"[93, 17, 35, 77, 50, 62, 28, 60, 11]",[1],"[93, 17, 35, 77, 50, 62, 28, 60, 11]",[],[],[1],2,0.4412291347980499,"{""0"": 1.90447998046875, ""1"": 1.6551048755645752}",0,0,"[93, 17, 77, 62, 28, 60, 11]","[1, 35, 50]","[93, 17, 77, 62, 28, 60, 11]","[1, 35, 50]","[93, 17, 77, 62, 28, 60, 11]",[],"[35, 50]",[1],"[93, 17, 77, 62, 28, 60, 11]","[1, 35, 50]","[93, 17, 77, 62, 28, 60, 11]",[],"[35, 50]",[1],7,0,2,1
650,10,5,"[4, 54, 61, 41, 43, 58, 75, 16, 17, 3]","[54, 61, 41, 43, 58, 75, 16, 17]","[4, 3]",0.7566854153729043,0.18460021298220164,2.0,0,0,"[54, 61, 41, 43, 58, 75, 16, 17]","[4, 3]","[54, 61, 41, 43, 58, 75, 16, 17]","[4, 3]","[54, 61, 41, 43, 58, 75, 16, 17]",[],[],"[4, 3]",2,0.6584441661834717,"{""0"": 2.4794719219207764, ""1"": -1.0}",0,0,"[61, 41, 43, 58, 75, 16, 17]","[4, 54, 3]","[61, 41, 43, 58, 75, 16, 17]","[4, 54, 3]","[61, 41, 43, 58, 75, 16, 17]",[],[54],"[4, 3]","[61, 41, 43, 58, 75, 16, 17]","[4, 54, 3]","[61, 41, 43, 58, 75, 16, 17]",[],[54],"[4, 3]",7,0,1,2
651,10,5,"[4, 40, 43, 34, 86, 3, 21, 69, 91, 80]","[40, 43, 34, 86, 21, 69, 91, 80]","[4, 3]",0.6449765552741522,0.067553735716406,2.0,0,0,"[40, 43, 34, 86, 21, 69, 91, 80]","[4, 3]","[40, 43, 34, 86, 21, 69, 91, 80]","[4, 3]","[40, 43, 34, 86, 21, 69, 91, 80]",[],[],"[4, 3]",4,0.48349839448928833,"{""0"": 1.927743911743164, ""1"": 1.9131996631622314, ""2"": 1.738250494003296, ""3"": 1.7102887630462646}",0,0,"[40, 43]","[4, 34, 86, 3, 21, 69, 91, 80]","[40, 43]","[4, 34, 86, 3, 21, 69, 91, 80]","[40, 43]",[],"[34, 86, 21, 69, 91, 80]","[4, 3]","[40, 43]","[4, 34, 86, 3, 21, 69, 91, 80]","[40, 43]",[],"[34, 86, 21, 69, 91, 80]","[4, 3]",2,0,6,2
652,10,5,"[2, 39, 27, 72, 95, 68, 18, 49, 76, 58]","[39, 27, 72, 95, 68, 18, 49, 76, 58]",[2],0.8197232486129988,0.09681177825950388,2.0,0,0,"[39, 27, 72, 95, 68, 18, 49, 76, 58]",[2],"[39, 27, 72, 95, 68, 18, 49, 76, 58]",[2],"[39, 27, 72, 95, 68, 18, 49, 76, 58]",[],[],[2],2,0.4182971119880676,"{""0"": 2.4346203804016113, ""1"": -1.0}",0,0,"[39, 27, 72, 68, 18, 49, 76, 58]","[2, 95]","[39, 27, 72, 68, 18, 49, 76, 58]","[2, 95]","[39, 27, 72, 68, 18, 49, 76, 58]",[],[95],[2],"[39, 27, 72, 68, 18, 49, 76, 58]","[2, 95]","[39, 27, 72, 68, 18, 49, 76, 58]",[],[95],[2],8,0,1,1
653,10,5,"[3, 74, 36, 16, 31, 87, 50, 63, 35, 99]","[74, 36, 16, 31, 87, 50, 63, 35, 99]",[3],0.7561153214632202,0.10412300540548974,2.0,0,0,"[74, 36, 16, 87, 50, 63, 35, 99]","[3, 31]","[74, 36, 16, 87, 50, 63, 35, 99]","[3, 31]","[74, 36, 16, 87, 50, 63, 35, 99]",[],[31],[3],2,0.5620282888412476,"{""0"": 3.239626169204712, ""1"": -1.0}",0,0,"[74, 16, 87, 50, 63, 35, 99]","[3, 36, 31]","[74, 16, 87, 50, 63, 35, 99]","[3, 36, 31]","[74, 16, 87, 50, 63, 35, 99]",[],"[36, 31]",[3],"[74, 16, 87, 50, 63, 35, 99]","[3, 36, 31]","[74, 16, 87, 50, 63, 35, 99]",[],"[36, 31]",[3],7,0,2,1
654,10,5,"[4, 67, 55, 65, 78, 75, 51, 1, 99, 62]","[67, 55, 65, 78, 75, 51, 99, 62]","[4, 1]",0.6741288249605251,0.11079359128993593,2.0,0,0,"[67, 55, 65, 78, 75, 51, 99, 62]","[4, 1]","[67, 55, 65, 78, 75, 51, 99, 62]","[4, 1]","[67, 55, 65, 78, 75, 51, 99, 62]",[],[],"[4, 1]",2,0.34184426069259644,"{""0"": 0.9774184823036194, ""1"": -1.0}",0,0,"[67, 55, 65, 78, 75, 51, 62]","[4, 1, 99]","[67, 55, 65, 78, 75, 51, 62]","[4, 1, 99]","[67, 55, 65, 78, 75, 51, 62]",[],[99],"[4, 1]","[67, 55, 65, 78, 75, 51, 62]","[4, 1, 99]","[67, 55, 65, 78, 75, 51, 62]",[],[99],"[4, 1]",7,0,1,2
655,10,5,"[4, 55, 30, 73, 11, 39, 16, 70, 89, 31]","[55, 30, 73, 11, 39, 16, 70, 89, 31]",[4],0.8878901984327967,0.17427976686934782,2.0,0,0,"[55, 30, 73, 11, 39, 16, 70, 89, 31]",[4],"[55, 30, 73, 11, 39, 16, 70, 89, 31]",[4],"[55, 30, 73, 11, 39, 16, 70, 89, 31]",[],[],[4],2,0.36798766255378723,"{""0"": 1.1264245510101318, ""1"": 1.1153380870819092}",0,0,"[30, 73]","[4, 55, 11, 39, 16, 70, 89, 31]","[30, 73]","[4, 55, 11, 39, 16, 70, 89, 31]","[30, 73]",[],"[55, 11, 39, 16, 70, 89, 31]",[4],"[30, 73]","[4, 55, 11, 39, 16, 70, 89, 31]","[30, 73]",[],"[55, 11, 39, 16, 70, 89, 31]",[4],2,0,7,1
656,10,5,"[2, 75, 5, 96, 93, 80, 37, 79, 7, 88]","[75, 5, 96, 93, 80, 37, 79, 7, 88]",[2],0.8459907070829944,0.06654085728122838,2.0,0,0,"[5, 96, 93, 80, 37, 79, 7]","[2, 75, 88]","[5, 96, 93, 80, 37, 79, 7]","[2, 75, 88]","[5, 96, 93, 80, 37, 79, 7]",[],"[75, 88]",[2],3,0.4735448658466339,"{""0"": 3.2494351863861084, ""1"": 1.9939744472503662, ""2"": -1.0}",0,0,"[5, 93, 80, 37]","[2, 75, 96, 79, 7, 88]","[5, 93, 80, 37]","[2, 75, 96, 79, 7, 88]","[5, 93, 80, 37]",[],"[75, 96, 79, 7, 88]",[2],"[5, 93, 80, 37]","[2, 75, 96, 79, 7, 88]","[5, 93, 80, 37]",[],"[75, 96, 79, 7, 88]",[2],4,0,5,1
657,10,5,"[2, 38, 34, 60, 36, 24, 59, 7, 58, 18]","[38, 34, 60, 36, 24, 59, 7, 58, 18]",[2],0.9010084319876224,0.14013437596099587,2.0,0,0,"[38, 34, 60, 36, 24, 7, 58, 18]","[2, 59]","[38, 34, 60, 36, 24, 7, 58, 18]","[2, 59]","[38, 34, 60, 36, 24, 7, 58, 18]",[],[59],[2],2,0.4362131953239441,"{""0"": 2.0792579650878906, ""1"": 2.637843370437622}",1,0,"[60, 58, 18]","[2, 38, 34, 36, 24, 59, 7]","[60, 58, 18]","[2, 38, 34, 36, 24, 59, 7]","[60, 58, 18]",[],"[38, 34, 36, 24, 59, 7]",[2],"[60, 58, 18]","[2, 38, 34, 36, 24, 59, 7]","[60, 58, 18]",[],"[38, 34, 36, 24, 59, 7]",[2],3,0,6,1
658,10,5,"[2, 39, 35, 44, 93, 20, 62, 72, 53, 9]","[39, 35, 44, 93, 20, 62, 72, 53, 9]",[2],0.7841401966333116,0.07415651015901792,2.0,0,0,"[39, 35, 93, 20, 72, 53, 9]","[2, 44, 62]","[39, 35, 93, 20, 72, 53, 9]","[2, 44, 62]","[39, 35, 93, 20, 72, 53, 9]",[],"[44, 62]",[2],3,0.6034471392631531,"{""0"": 1.8150956630706787, ""1"": 2.4986953735351562, ""2"": 1.9680125713348389}",1,0,"[93, 72, 9]","[2, 39, 35, 44, 20, 62, 53]","[93, 72, 9]","[2, 39, 35, 44, 20, 62, 53]","[93, 72, 9]",[],"[39, 35, 44, 20, 62, 53]",[2],"[93, 72, 9]","[2, 39, 35, 44, 20, 62, 53]","[93, 72, 9]",[],"[39, 35, 44, 20, 62, 53]",[2],3,0,6,1
659,10,5,"[0, 78, 43, 33, 59, 84, 21, 71, 61, 36]","[78, 43, 33, 59, 84, 21, 71, 61, 36]",[0],0.8010887478687965,0.06662934608259063,2.0,0,0,"[78, 43, 33, 84, 21, 71, 61, 36]","[0, 59]","[78, 43, 33, 84, 21, 71, 61, 36]","[0, 59]","[78, 43, 33, 84, 21, 71, 61, 36]",[],[59],[0],4,0.32876908779144287,"{""0"": 3.715625047683716, ""1"": 1.8800218105316162, ""2"": -1.0, ""3"": -1.0}",0,0,"[78, 33, 84, 21]","[0, 43, 59, 71, 61, 36]","[78, 33, 84, 21]","[0, 43, 59, 71, 61, 36]","[78, 33, 84, 21]",[],"[43, 59, 71, 61, 36]",[0],"[78, 33, 84, 21]","[0, 43, 59, 71, 61, 36]","[78, 33, 84, 21]",[],"[43, 59, 71, 61, 36]",[0],4,0,5,1
660,10,5,"[0, 59, 41, 12, 79, 32, 16, 33, 49, 1]","[59, 41, 12, 79, 32, 16, 33, 49]","[0, 1]",0.9451561028439464,0.21426801049720023,2.0,0,0,"[59, 41, 12, 79, 32, 16, 33, 49]","[0, 1]","[59, 41, 12, 79, 32, 16, 33, 49]","[0, 1]","[59, 41, 12, 79, 32, 16, 33, 49]",[],[],"[0, 1]",2,0.44237974286079407,"{""0"": 1.5349128246307373, ""1"": -1.0}",0,0,"[59, 41, 12, 79, 32, 16, 33]","[0, 49, 1]","[59, 41, 12, 79, 32, 16, 33]","[0, 49, 1]","[59, 41, 12, 79, 32, 16, 33]",[],[49],"[0, 1]","[59, 41, 12, 79, 32, 16, 33]","[0, 49, 1]","[59, 41, 12, 79, 32, 16, 33]",[],[49],"[0, 1]",7,0,1,2
661,10,5,"[1, 58, 70, 22, 72, 4, 30, 41, 53, 67]","[58, 70, 22, 72, 30, 41, 53, 67]","[1, 4]",0.8244155829149289,0.10254525585599694,2.0,0,0,"[58, 70, 72, 30, 41, 53, 67]","[1, 22, 4]","[58, 70, 72, 30, 41, 53, 67]","[1, 22, 4]","[58, 70, 72, 30, 41, 53, 67]",[],[22],"[1, 4]",3,0.321581095457077,"{""0"": 2.010695219039917, ""1"": 0.753675103187561, ""2"": 1.992011547088623}",0,0,"[30, 41, 53]","[1, 58, 70, 22, 72, 4, 67]","[30, 41, 53]","[1, 58, 70, 22, 72, 4, 67]","[30, 41, 53]",[],"[58, 70, 22, 72, 67]","[1, 4]","[30, 41, 53]","[1, 58, 70, 22, 72, 4, 67]","[30, 41, 53]",[],"[58, 70, 22, 72, 67]","[1, 4]",3,0,5,2
662,10,5,"[4, 78, 89, 15, 87, 2, 72, 84, 83, 48]","[78, 89, 15, 87, 72, 84, 83, 48]","[4, 2]",0.7498627858914966,0.10780846143693235,2.0,0,0,"[78, 89, 15, 87, 72, 84, 83]","[4, 2, 48]","[78, 89, 15, 87, 72, 84, 83]","[4, 2, 48]","[78, 89, 15, 87, 72, 84, 83]",[],[48],"[4, 2]",2,0.3854658901691437,"{""0"": 2.11555814743042, ""1"": -1.0}",0,0,"[78, 89, 87, 72, 84, 83]","[4, 15, 2, 48]","[78, 89, 87, 72, 84, 83]","[4, 15, 2, 48]","[78, 89, 87, 72, 84, 83]",[],"[15, 48]","[4, 2]","[78, 89, 87, 72, 84, 83]","[4, 15, 2, 48]","[78, 89, 87, 72, 84, 83]",[],"[15, 48]","[4, 2]",6,0,2,2
663,10,5,"[4, 64, 62, 59, 0, 93, 61, 46, 3, 14]","[64, 62, 59, 93, 61, 46, 14]","[4, 0, 3]",0.7575935823156411,0.16155171359427617,2.0,0,0,"[64, 62, 59, 93, 61, 46, 14]","[4, 0, 3]","[64, 62, 59, 93, 61, 46, 14]","[4, 0, 3]","[64, 62, 59, 93, 61, 46, 14]",[],[],"[4, 0, 3]",2,0.5191105604171753,"{""0"": 3.6071717739105225, ""1"": 1.9996004104614258}",0,0,"[62, 59, 93, 61, 14]","[4, 64, 0, 46, 3]","[62, 59, 93, 61, 14]","[4, 64, 0, 46, 3]","[62, 59, 93, 61, 14]",[],"[64, 46]","[4, 0, 3]","[62, 59, 93, 61, 14]","[4, 64, 0, 46, 3]","[62, 59, 93, 61, 14]",[],"[64, 46]","[4, 0, 3]",5,0,2,3
664,10,5,"[1, 74, 84, 87, 80, 28, 77, 81, 23, 42]","[74, 84, 87, 80, 28, 77, 81, 23, 42]",[1],0.7849758114096608,0.10372188021215162,2.0,0,0,"[74, 84, 87, 28, 77, 81, 23, 42]","[1, 80]","[74, 84, 87, 28, 77, 81, 23, 42]","[1, 80]","[74, 84, 87, 28, 77, 81, 23, 42]",[],[80],[1],2,0.44215524196624756,"{""0"": 1.4353115558624268, ""1"": -1.0}",0,0,"[74, 84, 87, 28, 77, 81, 23]","[1, 80, 42]","[74, 84, 87, 28, 77, 81, 23]","[1, 80, 42]","[74, 84, 87, 28, 77, 81, 23]",[],"[80, 42]",[1],"[74, 84, 87, 28, 77, 81, 23]","[1, 80, 42]","[74, 84, 87, 28, 77, 81, 23]",[],"[80, 42]",[1],7,0,2,1
665,10,5,"[3, 58, 79, 62, 89, 99, 39, 87, 51, 32]","[58, 79, 62, 89, 99, 39, 87, 51, 32]",[3],0.8516639025656185,0.23691340893522728,2.0,0,0,"[58, 79, 62, 89, 99, 39, 87, 51, 32]",[3],"[58, 79, 62, 89, 99, 39, 87, 51, 32]",[3],"[58, 79, 62, 89, 99, 39, 87, 51, 32]",[],[],[3],3,0.5195739269256592,"{""0"": 1.821338415145874, ""1"": 4.47458553314209, ""2"": -1.0}",1,0,"[58, 99, 39, 87, 51, 32]","[3, 79, 62, 89]","[58, 99, 39, 87, 51, 32]","[3, 79, 62, 89]","[58, 99, 39, 87, 51, 32]",[],"[79, 62, 89]",[3],"[58, 99, 39, 87, 51, 32]","[3, 79, 62, 89]","[58, 99, 39, 87, 51, 32]",[],"[79, 62, 89]",[3],6,0,3,1
666,10,5,"[0, 98, 62, 9, 67, 52, 24, 53, 94, 57]","[98, 62, 9, 67, 52, 24, 53, 94, 57]",[0],0.9673504779851904,0.2694647145185658,2.0,0,0,"[98, 62, 9, 67, 52, 24, 53, 94, 57]",[0],"[98, 62, 9, 67, 52, 24, 53, 94, 57]",[0],"[98, 62, 9, 67, 52, 24, 53, 94, 57]",[],[],[0],2,0.5677040815353394,"{""0"": 3.9296464920043945, ""1"": 1.8727816343307495}",0,0,"[98, 9, 67, 52, 53, 94, 57]","[0, 62, 24]","[98, 9, 67, 52, 53, 94, 57]","[0, 62, 24]","[98, 9, 67, 52, 53, 94, 57]",[],"[62, 24]",[0],"[98, 9, 67, 52, 53, 94, 57]","[0, 62, 24]","[98, 9, 67, 52, 53, 94, 57]",[],"[62, 24]",[0],7,0,2,1
667,10,5,"[4, 53, 9, 52, 30, 29, 98, 72, 51, 27]","[53, 9, 52, 30, 29, 98, 72, 51, 27]",[4],0.6103095019319753,0.042905429701146136,2.0,0,0,"[53, 9, 29, 98, 72, 51, 27]","[4, 52, 30]","[53, 9, 29, 98, 72, 51, 27]","[4, 52, 30]","[53, 9, 29, 98, 72, 51, 27]",[],"[52, 30]",[4],2,0.48667052388191223,"{""0"": 2.256915807723999, ""1"": -1.0}",0,0,"[53, 9, 29, 98, 72, 51]","[4, 52, 30, 27]","[53, 9, 29, 98, 72, 51]","[4, 52, 30, 27]","[53, 9, 29, 98, 72, 51]",[],"[52, 30, 27]",[4],"[53, 9, 29, 98, 72, 51]","[4, 52, 30, 27]","[53, 9, 29, 98, 72, 51]",[],"[52, 30, 27]",[4],6,0,3,1
668,10,5,"[4, 16, 31, 1, 26, 19, 96, 53, 17, 39]","[16, 31, 26, 19, 96, 53, 17, 39]","[4, 1]",0.809861919273874,0.32007528373073163,2.0,0,0,"[16, 31, 26, 19, 96, 53, 17, 39]","[4, 1]","[16, 31, 26, 19, 96, 53, 17, 39]","[4, 1]","[16, 31, 26, 19, 96, 53, 17, 39]",[],[],"[4, 1]",2,0.5769869089126587,"{""0"": 2.6183319091796875, ""1"": -1.0}",0,0,"[16, 26, 19, 96, 53, 17, 39]","[4, 31, 1]","[16, 26, 19, 96, 53, 17, 39]","[4, 31, 1]","[16, 26, 19, 96, 53, 17, 39]",[],[31],"[4, 1]","[16, 26, 19, 96, 53, 17, 39]","[4, 31, 1]","[16, 26, 19, 96, 53, 17, 39]",[],[31],"[4, 1]",7,0,1,2
669,10,5,"[4, 67, 54, 39, 3, 79, 33, 52, 51, 47]","[67, 54, 39, 79, 33, 52, 51, 47]","[4, 3]",0.7150351699685435,0.20102174689959684,2.0,0,0,"[67, 54, 39, 79, 33, 52, 51, 47]","[4, 3]","[67, 54, 39, 79, 33, 52, 51, 47]","[4, 3]","[67, 54, 39, 79, 33, 52, 51, 47]",[],[],"[4, 3]",2,0.6201445460319519,"{""0"": 1.514392375946045, ""1"": -1.0}",0,0,"[67, 39, 79, 33, 52, 51, 47]","[4, 54, 3]","[67, 39, 79, 33, 52, 51, 47]","[4, 54, 3]","[67, 39, 79, 33, 52, 51, 47]",[],[54],"[4, 3]","[67, 39, 79, 33, 52, 51, 47]","[4, 54, 3]","[67, 39, 79, 33, 52, 51, 47]",[],[54],"[4, 3]",7,0,1,2
670,10,5,"[2, 73, 63, 58, 4, 41, 29, 51, 39, 35]","[73, 63, 58, 41, 29, 51, 39, 35]","[2, 4]",0.7218725072925021,0.22701235408520878,2.0,0,0,"[73, 63, 58, 41, 29, 51, 39, 35]","[2, 4]","[73, 63, 58, 41, 29, 51, 39, 35]","[2, 4]","[73, 63, 58, 41, 29, 51, 39, 35]",[],[],"[2, 4]",2,0.6361517310142517,"{""0"": 1.6395937204360962, ""1"": -1.0}",0,0,"[63, 58, 41, 29, 51, 39, 35]","[2, 73, 4]","[63, 58, 41, 29, 51, 39, 35]","[2, 73, 4]","[63, 58, 41, 29, 51, 39, 35]",[],[73],"[2, 4]","[63, 58, 41, 29, 51, 39, 35]","[2, 73, 4]","[63, 58, 41, 29, 51, 39, 35]",[],[73],"[2, 4]",7,0,1,2
671,10,5,"[1, 33, 73, 84, 44, 37, 14, 17, 60, 49]","[33, 73, 84, 44, 37, 14, 17, 60, 49]",[1],0.9469355778668356,0.15394253394081864,2.0,0,0,"[33, 73, 84, 44, 37, 14, 17, 60, 49]",[1],"[33, 73, 84, 44, 37, 14, 17, 60, 49]",[1],"[33, 73, 84, 44, 37, 14, 17, 60, 49]",[],[],[1],4,0.3907846212387085,"{""0"": 2.3496925830841064, ""1"": -1.0, ""2"": 1.6438761949539185, ""3"": -1.0}",0,0,"[84, 44, 37, 14, 60]","[1, 33, 73, 17, 49]","[84, 44, 37, 14, 60]","[1, 33, 73, 17, 49]","[84, 44, 37, 14, 60]",[],"[33, 73, 17, 49]",[1],"[84, 44, 37, 14, 60]","[1, 33, 73, 17, 49]","[84, 44, 37, 14, 60]",[],"[33, 73, 17, 49]",[1],5,0,4,1
672,10,5,"[1, 7, 70, 84, 5, 10, 90, 23, 68, 79]","[7, 70, 84, 5, 10, 90, 23, 68, 79]",[1],0.6649343329331932,0.056691512988799986,2.0,0,0,"[7, 70, 84, 5, 90, 23, 68, 79]","[1, 10]","[7, 70, 84, 5, 90, 23, 68, 79]","[1, 10]","[7, 70, 84, 5, 90, 23, 68, 79]",[],[10],[1],2,0.43667060136795044,"{""0"": 0.6982864141464233, ""1"": 1.9918432235717773}",1,0,"[7, 84]","[1, 70, 5, 10, 90, 23, 68, 79]","[7, 84]","[1, 70, 5, 10, 90, 23, 68, 79]","[7, 84]",[],"[70, 5, 10, 90, 23, 68, 79]",[1],"[7, 84]","[1, 70, 5, 10, 90, 23, 68, 79]","[7, 84]",[],"[70, 5, 10, 90, 23, 68, 79]",[1],2,0,7,1
673,10,5,"[1, 33, 65, 21, 69, 2, 4, 87, 76, 3]","[33, 65, 21, 69, 87, 76]","[1, 2, 4, 3]",0.8069932159435237,0.26386160341992104,2.0,0,0,"[33, 65, 21, 69, 87, 76]","[1, 2, 4, 3]","[33, 65, 21, 69, 87, 76]","[1, 2, 4, 3]","[33, 65, 21, 69, 87, 76]",[],[],"[1, 2, 4, 3]",2,0.5198917388916016,"{""0"": 2.824845552444458, ""1"": -1.0}",0,0,"[33, 65, 21, 87, 76]","[1, 69, 2, 4, 3]","[33, 65, 21, 87, 76]","[1, 69, 2, 4, 3]","[33, 65, 21, 87, 76]",[],[69],"[1, 2, 4, 3]","[33, 65, 21, 87, 76]","[1, 69, 2, 4, 3]","[33, 65, 21, 87, 76]",[],[69],"[1, 2, 4, 3]",5,0,1,4
674,10,5,"[2, 32, 50, 42, 4, 37, 82, 46, 52, 68]","[32, 50, 42, 37, 82, 46, 52, 68]","[2, 4]",0.7941006733228188,0.15624059145356584,2.0,0,0,"[32, 50, 42, 37, 82, 46, 52, 68]","[2, 4]","[32, 50, 42, 37, 82, 46, 52, 68]","[2, 4]","[32, 50, 42, 37, 82, 46, 52, 68]",[],[],"[2, 4]",2,0.7208733558654785,"{""0"": 1.7973244190216064, ""1"": 5.02307653427124}",1,0,"[32, 37, 82, 46, 52, 68]","[2, 50, 42, 4]","[32, 37, 82, 46, 52, 68]","[2, 50, 42, 4]","[32, 37, 82, 46, 52, 68]",[],"[50, 42]","[2, 4]","[32, 37, 82, 46, 52, 68]","[2, 50, 42, 4]","[32, 37, 82, 46, 52, 68]",[],"[50, 42]","[2, 4]",6,0,2,2
675,10,5,"[3, 80, 54, 77, 6, 5, 11, 22, 28, 25]","[80, 54, 77, 6, 5, 11, 22, 28, 25]",[3],0.9048952576722499,0.10000281822359108,2.0,0,0,"[77, 6, 5, 11, 22, 28, 25]","[3, 80, 54]","[77, 6, 5, 11, 22, 28, 25]","[3, 80, 54]","[77, 6, 5, 11, 22, 28, 25]",[],"[80, 54]",[3],2,0.696448028087616,"{""0"": 4.427642345428467, ""1"": 1.882786512374878}",0,0,"[77, 5, 11, 22, 28]","[3, 80, 54, 6, 25]","[77, 5, 11, 22, 28]","[3, 80, 54, 6, 25]","[77, 5, 11, 22, 28]",[],"[80, 54, 6, 25]",[3],"[77, 5, 11, 22, 28]","[3, 80, 54, 6, 25]","[77, 5, 11, 22, 28]",[],"[80, 54, 6, 25]",[3],5,0,4,1
676,10,5,"[0, 41, 18, 39, 2, 35, 16, 82, 59, 42]","[41, 18, 39, 35, 16, 82, 59, 42]","[0, 2]",0.7138368552704324,0.20125158624488626,2.0,0,0,"[41, 18, 39, 35, 16, 82, 59, 42]","[0, 2]","[41, 18, 39, 35, 16, 82, 59, 42]","[0, 2]","[41, 18, 39, 35, 16, 82, 59, 42]",[],[],"[0, 2]",2,0.479153037071228,"{""0"": 3.7833642959594727, ""1"": -1.0}",0,0,"[41, 18, 39, 35, 16, 82, 59]","[0, 2, 42]","[41, 18, 39, 35, 16, 82, 59]","[0, 2, 42]","[41, 18, 39, 35, 16, 82, 59]",[],[42],"[0, 2]","[41, 18, 39, 35, 16, 82, 59]","[0, 2, 42]","[41, 18, 39, 35, 16, 82, 59]",[],[42],"[0, 2]",7,0,1,2
677,10,5,"[4, 89, 35, 19, 60, 55, 67, 54, 12, 84]","[89, 35, 19, 60, 55, 67, 54, 12, 84]",[4],0.7253459734954183,0.13008491670532457,2.0,0,0,"[89, 35, 19, 55, 67, 12, 84]","[4, 60, 54]","[89, 35, 19, 55, 67, 12, 84]","[4, 60, 54]","[89, 35, 19, 55, 67, 12, 84]",[],"[60, 54]",[4],3,0.36718443036079407,"{""0"": 2.8604445457458496, ""1"": 1.936901330947876, ""2"": -1.0}",0,0,"[35, 55, 12, 84]","[4, 89, 19, 60, 67, 54]","[35, 55, 12, 84]","[4, 89, 19, 60, 67, 54]","[35, 55, 12, 84]",[],"[89, 19, 60, 67, 54]",[4],"[35, 55, 12, 84]","[4, 89, 19, 60, 67, 54]","[35, 55, 12, 84]",[],"[89, 19, 60, 67, 54]",[4],4,0,5,1
678,10,5,"[1, 62, 58, 94, 74, 96, 26, 31, 29, 43]","[62, 58, 94, 74, 96, 26, 31, 29, 43]",[1],0.6913216757814311,0.16466393939591917,2.0,0,0,"[62, 58, 94, 74, 96, 26, 31, 29, 43]",[1],"[62, 58, 94, 74, 96, 26, 31, 29, 43]",[1],"[62, 58, 94, 74, 96, 26, 31, 29, 43]",[],[],[1],2,0.7224991321563721,"{""0"": 3.7418365478515625, ""1"": -1.0}",0,0,"[62, 58, 94, 74, 96, 26, 29, 43]","[1, 31]","[62, 58, 94, 74, 96, 26, 29, 43]","[1, 31]","[62, 58, 94, 74, 96, 26, 29, 43]",[],[31],[1],"[62, 58, 94, 74, 96, 26, 29, 43]","[1, 31]","[62, 58, 94, 74, 96, 26, 29, 43]",[],[31],[1],8,0,1,1
679,10,5,"[3, 79, 40, 20, 2, 12, 71, 35, 33, 42]","[79, 40, 20, 12, 71, 35, 33, 42]","[3, 2]",0.8070757520373886,0.08623113686905964,2.0,0,0,"[79, 20, 12, 71, 35, 33, 42]","[3, 40, 2]","[79, 20, 12, 71, 35, 33, 42]","[3, 40, 2]","[79, 20, 12, 71, 35, 33, 42]",[],[40],"[3, 2]",2,0.3519470989704132,"{""0"": 1.1232669353485107, ""1"": -1.0}",0,0,"[79, 20, 12, 71, 33, 42]","[3, 40, 2, 35]","[79, 20, 12, 71, 33, 42]","[3, 40, 2, 35]","[79, 20, 12, 71, 33, 42]",[],"[40, 35]","[3, 2]","[79, 20, 12, 71, 33, 42]","[3, 40, 2, 35]","[79, 20, 12, 71, 33, 42]",[],"[40, 35]","[3, 2]",6,0,2,2
680,10,5,"[3, 51, 49, 11, 54, 92, 86, 23, 74, 99]","[51, 49, 11, 54, 92, 86, 23, 74, 99]",[3],0.8980275230442623,0.1682742039336375,2.0,0,0,"[51, 49, 11, 54, 92, 86, 23, 74, 99]",[3],"[51, 49, 11, 54, 92, 86, 23, 74, 99]",[3],"[51, 49, 11, 54, 92, 86, 23, 74, 99]",[],[],[3],2,0.5220150947570801,"{""0"": 2.0366291999816895, ""1"": -1.0}",0,0,"[51, 49, 11, 92, 86, 23, 74, 99]","[3, 54]","[51, 49, 11, 92, 86, 23, 74, 99]","[3, 54]","[51, 49, 11, 92, 86, 23, 74, 99]",[],[54],[3],"[51, 49, 11, 92, 86, 23, 74, 99]","[3, 54]","[51, 49, 11, 92, 86, 23, 74, 99]",[],[54],[3],8,0,1,1
681,10,5,"[2, 7, 94, 54, 37, 9, 1, 28, 10, 69]","[7, 94, 54, 37, 9, 28, 10, 69]","[2, 1]",0.8468407594328351,0.18233174743367908,2.0,0,0,"[7, 94, 54, 37, 9, 28, 10, 69]","[2, 1]","[7, 94, 54, 37, 9, 28, 10, 69]","[2, 1]","[7, 94, 54, 37, 9, 28, 10, 69]",[],[],"[2, 1]",2,0.7388969659805298,"{""0"": 5.196895122528076, ""1"": -1.0}",0,0,"[7, 94, 37, 9, 28, 10, 69]","[2, 54, 1]","[7, 94, 37, 9, 28, 10, 69]","[2, 54, 1]","[7, 94, 37, 9, 28, 10, 69]",[],[54],"[2, 1]","[7, 94, 37, 9, 28, 10, 69]","[2, 54, 1]","[7, 94, 37, 9, 28, 10, 69]",[],[54],"[2, 1]",7,0,1,2
682,10,5,"[2, 9, 82, 84, 63, 32, 86, 24, 53, 48]","[9, 82, 84, 63, 32, 86, 24, 53, 48]",[2],0.6691329065763538,0.10167087072057163,2.0,0,0,"[9, 82, 84, 63, 32, 86, 53]","[2, 24, 48]","[9, 82, 84, 63, 32, 86, 53]","[2, 24, 48]","[9, 82, 84, 63, 32, 86, 53]",[],"[24, 48]",[2],3,0.5089173913002014,"{""0"": 2.968454360961914, ""1"": -1.0, ""2"": -1.0}",0,0,"[9, 84, 63, 86, 53]","[2, 82, 32, 24, 48]","[9, 84, 63, 86, 53]","[2, 82, 32, 24, 48]","[9, 84, 63, 86, 53]",[],"[82, 32, 24, 48]",[2],"[9, 84, 63, 86, 53]","[2, 82, 32, 24, 48]","[9, 84, 63, 86, 53]",[],"[82, 32, 24, 48]",[2],5,0,4,1
683,10,5,"[1, 28, 33, 82, 55, 48, 90, 47, 37, 96]","[28, 33, 82, 55, 48, 90, 47, 37, 96]",[1],0.7721663290318177,0.0833042706011064,2.0,0,0,"[28, 33, 82, 55, 90, 37, 96]","[1, 48, 47]","[28, 33, 82, 55, 90, 37, 96]","[1, 48, 47]","[28, 33, 82, 55, 90, 37, 96]",[],"[48, 47]",[1],2,0.4649560749530792,"{""0"": 1.2009347677230835, ""1"": -1.0}",0,0,"[28, 33, 82, 55, 90, 37]","[1, 48, 47, 96]","[28, 33, 82, 55, 90, 37]","[1, 48, 47, 96]","[28, 33, 82, 55, 90, 37]",[],"[48, 47, 96]",[1],"[28, 33, 82, 55, 90, 37]","[1, 48, 47, 96]","[28, 33, 82, 55, 90, 37]",[],"[48, 47, 96]",[1],6,0,3,1
684,10,5,"[0, 17, 85, 8, 29, 98, 70, 36, 95, 53]","[17, 85, 8, 29, 98, 70, 36, 95, 53]",[0],0.663720400305484,0.06970040371653308,2.0,0,0,"[85, 8, 29, 98, 70, 36, 95, 53]","[0, 17]","[85, 8, 29, 98, 70, 36, 95, 53]","[0, 17]","[85, 8, 29, 98, 70, 36, 95, 53]",[],[17],[0],2,0.5717954635620117,"{""0"": 1.1614747047424316, ""1"": -1.0}",0,0,"[85, 8, 29, 98, 70, 36, 53]","[0, 17, 95]","[85, 8, 29, 98, 70, 36, 53]","[0, 17, 95]","[85, 8, 29, 98, 70, 36, 53]",[],"[17, 95]",[0],"[85, 8, 29, 98, 70, 36, 53]","[0, 17, 95]","[85, 8, 29, 98, 70, 36, 53]",[],"[17, 95]",[0],7,0,2,1
685,10,5,"[3, 87, 23, 56, 34, 39, 7, 10, 78, 97]","[87, 23, 56, 34, 39, 7, 10, 78, 97]",[3],0.8585130571320717,0.0914975801657657,2.0,0,0,"[87, 23, 56, 34, 39, 10, 78]","[3, 7, 97]","[87, 23, 56, 34, 39, 10, 78]","[3, 7, 97]","[87, 23, 56, 34, 39, 10, 78]",[],"[7, 97]",[3],2,0.6361573338508606,"{""0"": 4.487239837646484, ""1"": -1.0}",0,0,"[87, 23, 56, 34, 39, 78]","[3, 7, 10, 97]","[87, 23, 56, 34, 39, 78]","[3, 7, 10, 97]","[87, 23, 56, 34, 39, 78]",[],"[7, 10, 97]",[3],"[87, 23, 56, 34, 39, 78]","[3, 7, 10, 97]","[87, 23, 56, 34, 39, 78]",[],"[7, 10, 97]",[3],6,0,3,1
686,10,5,"[4, 80, 23, 91, 66, 78, 15, 39, 87, 27]","[80, 23, 91, 66, 78, 15, 39, 87, 27]",[4],0.5144684636319758,0.06345385293805414,2.0,0,0,"[80, 23, 91, 66, 78, 15, 39, 87, 27]",[4],"[80, 23, 91, 66, 78, 15, 39, 87, 27]",[4],"[80, 23, 91, 66, 78, 15, 39, 87, 27]",[],[],[4],3,0.37028247117996216,"{""0"": 3.8988094329833984, ""1"": 1.8020713329315186, ""2"": 1.5802028179168701}",0,0,"[80, 23, 78, 87, 27]","[4, 91, 66, 15, 39]","[80, 23, 78, 87, 27]","[4, 91, 66, 15, 39]","[80, 23, 78, 87, 27]",[],"[91, 66, 15, 39]",[4],"[80, 23, 78, 87, 27]","[4, 91, 66, 15, 39]","[80, 23, 78, 87, 27]",[],"[91, 66, 15, 39]",[4],5,0,4,1
687,10,5,"[2, 28, 44, 82, 34, 24, 81, 92, 56, 17]","[28, 44, 82, 34, 24, 81, 92, 56, 17]",[2],0.7816601598250499,0.12338659800069995,2.0,0,0,"[28, 44, 82, 34, 24, 81, 92, 56, 17]",[2],"[28, 44, 82, 34, 24, 81, 92, 56, 17]",[2],"[28, 44, 82, 34, 24, 81, 92, 56, 17]",[],[],[2],2,0.5624493956565857,"{""0"": 4.515396595001221, ""1"": 1.8057737350463867}",0,0,"[28, 44, 82, 34, 92, 56, 17]","[2, 24, 81]","[28, 44, 82, 34, 92, 56, 17]","[2, 24, 81]","[28, 44, 82, 34, 92, 56, 17]",[],"[24, 81]",[2],"[28, 44, 82, 34, 92, 56, 17]","[2, 24, 81]","[28, 44, 82, 34, 92, 56, 17]",[],"[24, 81]",[2],7,0,2,1
688,10,5,"[4, 86, 55, 96, 83, 0, 64, 89, 66, 11]","[86, 55, 96, 83, 64, 89, 66, 11]","[4, 0]",0.7977686456457136,0.21637697236044484,2.0,0,0,"[86, 55, 96, 83, 64, 89, 66, 11]","[4, 0]","[86, 55, 96, 83, 64, 89, 66, 11]","[4, 0]","[86, 55, 96, 83, 64, 89, 66, 11]",[],[],"[4, 0]",2,0.5509735941886902,"{""0"": 4.491546154022217, ""1"": -1.0}",0,0,"[86, 55, 96, 83, 64, 66, 11]","[4, 0, 89]","[86, 55, 96, 83, 64, 66, 11]","[4, 0, 89]","[86, 55, 96, 83, 64, 66, 11]",[],[89],"[4, 0]","[86, 55, 96, 83, 64, 66, 11]","[4, 0, 89]","[86, 55, 96, 83, 64, 66, 11]",[],[89],"[4, 0]",7,0,1,2
689,10,5,"[1, 65, 37, 92, 59, 43, 10, 32, 95, 98]","[65, 37, 92, 59, 43, 10, 32, 95, 98]",[1],0.729556833643576,0.1243095074494262,2.0,0,0,"[65, 37, 92, 59, 43, 10, 32, 95, 98]",[1],"[65, 37, 92, 59, 43, 10, 32, 95, 98]",[1],"[65, 37, 92, 59, 43, 10, 32, 95, 98]",[],[],[1],2,0.5132480263710022,"{""0"": 1.6946120262145996, ""1"": -1.0}",0,0,"[65, 37, 92, 59, 43, 10, 32, 98]","[1, 95]","[65, 37, 92, 59, 43, 10, 32, 98]","[1, 95]","[65, 37, 92, 59, 43, 10, 32, 98]",[],[95],[1],"[65, 37, 92, 59, 43, 10, 32, 98]","[1, 95]","[65, 37, 92, 59, 43, 10, 32, 98]",[],[95],[1],8,0,1,1
690,10,5,"[2, 6, 60, 87, 35, 80, 12, 65, 95, 41]","[6, 60, 87, 35, 80, 12, 65, 95, 41]",[2],1.0892608766284333,0.11732786341762763,2.0,0,0,"[6, 60, 87, 35, 80, 65, 95, 41]","[2, 12]","[6, 60, 87, 35, 80, 65, 95, 41]","[2, 12]","[6, 60, 87, 35, 80, 65, 95, 41]",[],[12],[2],4,0.45272549986839294,"{""0"": 2.0577049255371094, ""1"": 1.8242762088775635, ""2"": 1.916017770767212, ""3"": -1.0}",0,0,"[6, 65, 41]","[2, 60, 87, 35, 80, 12, 95]","[6, 65, 41]","[2, 60, 87, 35, 80, 12, 95]","[6, 65, 41]",[],"[60, 87, 35, 80, 12, 95]",[2],"[6, 65, 41]","[2, 60, 87, 35, 80, 12, 95]","[6, 65, 41]",[],"[60, 87, 35, 80, 12, 95]",[2],3,0,6,1
691,10,5,"[0, 48, 90, 69, 18, 86, 34, 7, 98, 45]","[48, 90, 69, 18, 86, 34, 7, 98, 45]",[0],0.7603696541932081,0.15454780315013067,2.0,0,0,"[90, 69, 18, 86, 34, 7, 98, 45]","[0, 48]","[90, 69, 18, 86, 34, 7, 98, 45]","[0, 48]","[90, 69, 18, 86, 34, 7, 98, 45]",[],[48],[0],2,0.677207887172699,"{""0"": 5.912213325500488, ""1"": -1.0}",0,0,"[90, 18, 86, 34, 7, 98, 45]","[0, 48, 69]","[90, 18, 86, 34, 7, 98, 45]","[0, 48, 69]","[90, 18, 86, 34, 7, 98, 45]",[],"[48, 69]",[0],"[90, 18, 86, 34, 7, 98, 45]","[0, 48, 69]","[90, 18, 86, 34, 7, 98, 45]",[],"[48, 69]",[0],7,0,2,1
692,10,5,"[2, 99, 35, 54, 92, 45, 10, 17, 8, 52]","[99, 35, 54, 92, 45, 10, 17, 8, 52]",[2],0.8323308887704779,0.1382614852142891,2.0,0,0,"[99, 35, 54, 92, 45, 10, 17, 8, 52]",[2],"[99, 35, 54, 92, 45, 10, 17, 8, 52]",[2],"[99, 35, 54, 92, 45, 10, 17, 8, 52]",[],[],[2],2,0.7567752599716187,"{""0"": 5.7801666259765625, ""1"": -1.0}",0,0,"[99, 35, 92, 45, 10, 17, 8, 52]","[2, 54]","[99, 35, 92, 45, 10, 17, 8, 52]","[2, 54]","[99, 35, 92, 45, 10, 17, 8, 52]",[],[54],[2],"[99, 35, 92, 45, 10, 17, 8, 52]","[2, 54]","[99, 35, 92, 45, 10, 17, 8, 52]",[],[54],[2],8,0,1,1
693,10,5,"[4, 2, 85, 81, 83, 56, 14, 13, 80, 93]","[85, 81, 83, 56, 14, 13, 80, 93]","[4, 2]",0.7254875633068132,0.09886855031753439,2.0,0,0,"[85, 81, 83, 56, 14, 13, 80, 93]","[4, 2]","[85, 81, 83, 56, 14, 13, 80, 93]","[4, 2]","[85, 81, 83, 56, 14, 13, 80, 93]",[],[],"[4, 2]",2,0.41830435395240784,"{""0"": 3.3436076641082764, ""1"": -1.0}",0,0,"[81, 83, 56, 14, 13, 80, 93]","[4, 2, 85]","[81, 83, 56, 14, 13, 80, 93]","[4, 2, 85]","[81, 83, 56, 14, 13, 80, 93]",[],[85],"[4, 2]","[81, 83, 56, 14, 13, 80, 93]","[4, 2, 85]","[81, 83, 56, 14, 13, 80, 93]",[],[85],"[4, 2]",7,0,1,2
694,10,5,"[2, 99, 76, 59, 28, 82, 57, 20, 43, 31]","[99, 76, 59, 28, 82, 57, 20, 43, 31]",[2],0.6345998592767651,0.17006472513839482,2.0,0,0,"[99, 76, 59, 28, 82, 57, 20, 43]","[2, 31]","[99, 76, 59, 28, 82, 57, 20, 43]","[2, 31]","[99, 76, 59, 28, 82, 57, 20, 43]",[],[31],[2],2,0.5294809341430664,"{""0"": 3.3178985118865967, ""1"": 2.954498291015625}",0,0,"[99, 76, 28, 20, 43]","[2, 59, 82, 57, 31]","[99, 76, 28, 20, 43]","[2, 59, 82, 57, 31]","[99, 76, 28, 20, 43]",[],"[59, 82, 57, 31]",[2],"[99, 76, 28, 20, 43]","[2, 59, 82, 57, 31]","[99, 76, 28, 20, 43]",[],"[59, 82, 57, 31]",[2],5,0,4,1
695,10,5,"[0, 30, 16, 41, 69, 35, 49, 40, 98, 77]","[30, 16, 41, 69, 35, 49, 40, 98, 77]",[0],0.744855741675251,0.11496743687034544,2.0,0,0,"[30, 16, 41, 69, 35, 49, 40, 98, 77]",[0],"[30, 16, 41, 69, 35, 49, 40, 98, 77]",[0],"[30, 16, 41, 69, 35, 49, 40, 98, 77]",[],[],[0],4,0.32780325412750244,"{""0"": 2.486907720565796, ""1"": 1.914865255355835, ""2"": 2.8969194889068604, ""3"": -1.0}",2,0,"[16, 35, 98]","[0, 30, 41, 69, 49, 40, 77]","[16, 35, 98]","[0, 30, 41, 69, 49, 40, 77]","[16, 35, 98]",[],"[30, 41, 69, 49, 40, 77]",[0],"[16, 35, 98]","[0, 30, 41, 69, 49, 40, 77]","[16, 35, 98]",[],"[30, 41, 69, 49, 40, 77]",[0],3,0,6,1
696,10,5,"[2, 35, 98, 17, 71, 3, 89, 42, 33, 87]","[35, 98, 17, 71, 89, 42, 33, 87]","[2, 3]",0.820232177817269,0.2209624529962525,2.0,0,0,"[35, 98, 17, 71, 89, 42, 33, 87]","[2, 3]","[35, 98, 17, 71, 89, 42, 33, 87]","[2, 3]","[35, 98, 17, 71, 89, 42, 33, 87]",[],[],"[2, 3]",3,0.5823404788970947,"{""0"": 1.7637269496917725, ""1"": 1.9565372467041016, ""2"": 3.903366804122925}",2,0,"[35, 98, 33, 87]","[2, 17, 71, 3, 89, 42]","[35, 98, 33, 87]","[2, 17, 71, 3, 89, 42]","[35, 98, 33, 87]",[],"[17, 71, 89, 42]","[2, 3]","[35, 98, 33, 87]","[2, 17, 71, 3, 89, 42]","[35, 98, 33, 87]",[],"[17, 71, 89, 42]","[2, 3]",4,0,4,2
697,10,5,"[0, 8, 75, 22, 94, 97, 27, 14, 74, 46]","[8, 75, 22, 94, 97, 27, 14, 74, 46]",[0],0.7185852063166851,0.18943780275976818,2.0,0,0,"[8, 75, 22, 94, 27, 14, 74, 46]","[0, 97]","[8, 75, 22, 94, 27, 14, 74, 46]","[0, 97]","[8, 75, 22, 94, 27, 14, 74, 46]",[],[97],[0],2,0.4290735721588135,"{""0"": 3.1629366874694824, ""1"": -1.0}",0,0,"[8, 22, 94, 27, 14, 74, 46]","[0, 75, 97]","[8, 22, 94, 27, 14, 74, 46]","[0, 75, 97]","[8, 22, 94, 27, 14, 74, 46]",[],"[75, 97]",[0],"[8, 22, 94, 27, 14, 74, 46]","[0, 75, 97]","[8, 22, 94, 27, 14, 74, 46]",[],"[75, 97]",[0],7,0,2,1
698,10,5,"[0, 61, 72, 64, 32, 2, 44, 88, 25, 75]","[61, 72, 64, 32, 44, 88, 25, 75]","[0, 2]",0.7136037970253287,0.0968368271809717,2.0,0,0,"[61, 72, 64, 32, 44, 25, 75]","[0, 2, 88]","[61, 72, 64, 32, 44, 25, 75]","[0, 2, 88]","[61, 72, 64, 32, 44, 25, 75]",[],[88],"[0, 2]",2,0.2876489758491516,"{""0"": 5.209722995758057, ""1"": -1.0}",0,0,"[72, 64, 32, 44, 25, 75]","[0, 61, 2, 88]","[72, 64, 32, 44, 25, 75]","[0, 61, 2, 88]","[72, 64, 32, 44, 25, 75]",[],"[61, 88]","[0, 2]","[72, 64, 32, 44, 25, 75]","[0, 61, 2, 88]","[72, 64, 32, 44, 25, 75]",[],"[61, 88]","[0, 2]",6,0,2,2
699,10,5,"[0, 5, 31, 98, 35, 82, 94, 81, 27, 24]","[5, 31, 98, 35, 82, 94, 81, 27, 24]",[0],0.7741653710782266,0.1346287181460421,2.0,0,0,"[5, 31, 98, 35, 82, 94, 81, 27, 24]",[0],"[5, 31, 98, 35, 82, 94, 81, 27, 24]",[0],"[5, 31, 98, 35, 82, 94, 81, 27, 24]",[],[],[0],2,0.5175703167915344,"{""0"": 4.364499092102051, ""1"": -1.0}",0,0,"[31, 98, 35, 82, 94, 81, 27, 24]","[0, 5]","[31, 98, 35, 82, 94, 81, 27, 24]","[0, 5]","[31, 98, 35, 82, 94, 81, 27, 24]",[],[5],[0],"[31, 98, 35, 82, 94, 81, 27, 24]","[0, 5]","[31, 98, 35, 82, 94, 81, 27, 24]",[],[5],[0],8,0,1,1
700,10,5,"[4, 21, 50, 19, 3, 43, 88, 47, 99, 91]","[21, 50, 19, 43, 88, 47, 99, 91]","[4, 3]",0.9119959470194463,0.27438144471303716,2.0,0,0,"[21, 50, 19, 43, 88, 47, 99, 91]","[4, 3]","[21, 50, 19, 43, 88, 47, 99, 91]","[4, 3]","[21, 50, 19, 43, 88, 47, 99, 91]",[],[],"[4, 3]",2,0.7419487833976746,"{""0"": 3.262248992919922, ""1"": -1.0}",0,0,"[21, 50, 19, 43, 47, 99, 91]","[4, 3, 88]","[21, 50, 19, 43, 47, 99, 91]","[4, 3, 88]","[21, 50, 19, 43, 47, 99, 91]",[],[88],"[4, 3]","[21, 50, 19, 43, 47, 99, 91]","[4, 3, 88]","[21, 50, 19, 43, 47, 99, 91]",[],[88],"[4, 3]",7,0,1,2
