epoch,method,stage,selected,rejected,human
1,apra,apra_mad_filter,"[71, 32, 58, 24, 62, 67, 43, 29]","[3, 4]","{""median_norm"": 0.6111783111065161, ""mad"": 0.22603219525894386, ""k"": 4.524187090179797, ""num_accepted"": 8, ""safety_keep_used"": false, ""fallback_used"": false}"
1,apra,apra_hierarchical_cluster,"[32, 24, 62, 43, 29]","[71, 58, 67]","{""best_k"": 3, ""best_score"": 0.24465695023536682, ""selected_cluster"": 0, ""cluster_scores"": {""0"": 4.707520484924316, ""1"": 1.9350512027740479, ""2"": -1.0}, ""num_trusted"": 5, ""fallback_used"": false}"
1,apra,apra_trust_weighted_clip,"[32, 24, 62, 43, 29]",[],"{""base_clip"": 1.0, ""trust_weights"": {""32"": 0.0, ""24"": 0.15803465247154236, ""62"": 0.2397596538066864, ""43"": 0.30110281705856323, ""29"": 0.30110281705856323}, ""num_aggregated"": 5}"
2,apra,apra_mad_filter,"[73, 72, 99, 20, 15, 37, 93, 74, 22]",[3],"{""median_norm"": 0.5989355312076798, ""mad"": 0.03922241560874956, ""k"": 4.093653765389909, ""num_accepted"": 9, ""safety_keep_used"": false, ""fallback_used"": false}"
2,apra,apra_hierarchical_cluster,"[72, 99, 20, 15, 37, 93, 74, 22]",[73],"{""best_k"": 2, ""best_score"": 0.6959659457206726, ""selected_cluster"": 0, ""cluster_scores"": {""0"": 5.749814987182617, ""1"": -1.0}, ""num_trusted"": 8, ""fallback_used"": false}"
2,apra,apra_trust_weighted_clip,"[72, 99, 20, 15, 37, 93, 74, 22]",[],"{""base_clip"": 1.0, ""trust_weights"": {""72"": 0.14497287571430206, ""99"": 0.14497287571430206, ""20"": 0.14497287571430206, ""15"": 0.0, ""37"": 0.13016277551651, ""93"": 0.14497287571430206, ""74"": 0.14497287571430206, ""22"": 0.14497287571430206}, ""num_aggregated"": 8}"
3,apra,apra_mad_filter,"[11, 29, 61, 14, 62, 31, 55, 89]","[2, 0]","{""median_norm"": 0.7296162550703024, ""mad"": 0.17603709331269074, ""k"": 3.7040911034085893, ""num_accepted"": 8, ""safety_keep_used"": false, ""fallback_used"": false}"
3,apra,apra_hierarchical_cluster,"[11, 29, 61, 14, 62, 55, 89]",[31],"{""best_k"": 2, ""best_score"": 0.7829854488372803, ""selected_cluster"": 0, ""cluster_scores"": {""0"": 6.800851345062256, ""1"": -1.0}, ""num_trusted"": 7, ""fallback_used"": false}"
3,apra,apra_trust_weighted_clip,"[11, 29, 61, 14, 62, 55, 89]",[],"{""base_clip"": 1.0, ""trust_weights"": {""11"": 0.1666666716337204, ""29"": 0.1666666716337204, ""61"": 0.1666666716337204, ""14"": 0.1666666716337204, ""62"": 0.0, ""55"": 0.1666666716337204, ""89"": 0.1666666716337204}, ""num_aggregated"": 7}"
4,apra,apra_mad_filter,"[73, 5, 68, 48, 28, 53, 72, 34]","[1, 88]","{""median_norm"": 0.6250832196201963, ""mad"": 0.10336433964355107, ""k"": 3.351600230178197, ""num_accepted"": 8, ""safety_keep_used"": false, ""fallback_used"": false}"
4,apra,apra_hierarchical_cluster,"[73, 5, 68, 28, 53, 72, 34]",[48],"{""best_k"": 2, ""best_score"": 0.6839936971664429, ""selected_cluster"": 0, ""cluster_scores"": {""0"": 5.272209167480469, ""1"": -1.0}, ""num_trusted"": 7, ""fallback_used"": false}"
4,apra,apra_trust_weighted_clip,"[73, 5, 68, 28, 53, 72, 34]",[],"{""base_clip"": 1.0, ""trust_weights"": {""73"": 0.0, ""5"": 0.20000000298023224, ""68"": 0.20000000298023224, ""28"": 0.20000000298023224, ""53"": 0.20000000298023224, ""72"": 0.0, ""34"": 0.20000000298023224}, ""num_aggregated"": 7}"
5,apra,apra_mad_filter,"[27, 55, 98, 67, 16, 57, 21, 26, 69]",[4],"{""median_norm"": 0.5657131556917123, ""mad"": 0.07814012489439548, ""k"": 3.032653298563167, ""num_accepted"": 9, ""safety_keep_used"": false, ""fallback_used"": false}"
5,apra,apra_hierarchical_cluster,"[27, 55, 98, 16, 57, 21, 26, 69]",[67],"{""best_k"": 2, ""best_score"": 0.5549948811531067, ""selected_cluster"": 0, ""cluster_scores"": {""0"": 5.562994956970215, ""1"": -1.0}, ""num_trusted"": 8, ""fallback_used"": false}"
5,apra,apra_trust_weighted_clip,"[27, 55, 98, 16, 57, 21, 26, 69]",[],"{""base_clip"": 1.0, ""trust_weights"": {""27"": 0.0, ""55"": 0.1666666716337204, ""98"": 0.1666666716337204, ""16"": 0.1666666716337204, ""57"": 0.1666666716337204, ""21"": 0.1666666716337204, ""26"": 0.1666666716337204, ""69"": 0.0}, ""num_aggregated"": 8}"
6,apra,apra_mad_filter,"[55, 44, 86, 53, 6, 62, 48]","[3, 52, 61]","{""median_norm"": 0.6170493029745177, ""mad"": 0.042004864847305035, ""k"": 2.744058180470132, ""num_accepted"": 7, ""safety_keep_used"": false, ""fallback_used"": false}"
6,apra,apra_hierarchical_cluster,"[55, 44, 86, 53, 6, 62]",[48],"{""best_k"": 2, ""best_score"": 0.5289877653121948, ""selected_cluster"": 0, ""cluster_scores"": {""0"": 3.2970151901245117, ""1"": -1.0}, ""num_trusted"": 6, ""fallback_used"": false}"
6,apra,apra_trust_weighted_clip,"[55, 44, 86, 53, 6, 62]",[],"{""base_clip"": 1.0, ""trust_weights"": {""55"": 0.20000000298023224, ""44"": 0.0, ""86"": 0.20000000298023224, ""53"": 0.20000000298023224, ""6"": 0.20000000298023224, ""62"": 0.20000000298023224}, ""num_aggregated"": 6}"
7,apra,apra_mad_filter,"[73, 46, 58, 32, 95, 97, 42, 38, 13]",[2],"{""median_norm"": 0.7661596485431117, ""mad"": 0.10232195083476253, ""k"": 2.4829265189570475, ""num_accepted"": 9, ""safety_keep_used"": false, ""fallback_used"": false}"
7,apra,apra_hierarchical_cluster,"[73, 46, 58, 32, 97, 42, 38, 13]",[95],"{""best_k"": 2, ""best_score"": 0.6167305707931519, ""selected_cluster"": 0, ""cluster_scores"": {""0"": 4.131704807281494, ""1"": -1.0}, ""num_trusted"": 8, ""fallback_used"": false}"
7,apra,apra_trust_weighted_clip,"[73, 46, 58, 32, 97, 42, 38, 13]",[],"{""base_clip"": 1.0, ""trust_weights"": {""73"": 0.1428571492433548, ""46"": 0.1428571492433548, ""58"": 0.1428571492433548, ""32"": 0.0, ""97"": 0.1428571492433548, ""42"": 0.1428571492433548, ""38"": 0.1428571492433548, ""13"": 0.1428571492433548}, ""num_aggregated"": 8}"
8,apra,apra_mad_filter,"[41, 96, 97, 82, 86, 57, 62, 85, 17]",[0],"{""median_norm"": 0.6455977981348069, ""mad"": 0.18699300133926325, ""k"": 2.246644820586108, ""num_accepted"": 9, ""safety_keep_used"": false, ""fallback_used"": false}"
8,apra,apra_hierarchical_cluster,"[97, 82, 86, 57, 62, 85]","[41, 96, 17]","{""best_k"": 3, ""best_score"": 0.5226608514785767, ""selected_cluster"": 1, ""cluster_scores"": {""0"": 1.8350133895874023, ""1"": 5.663803577423096, ""2"": -1.0}, ""num_trusted"": 6, ""fallback_used"": false}"
8,apra,apra_trust_weighted_clip,"[97, 82, 86, 57, 62, 85]",[],"{""base_clip"": 1.0, ""trust_weights"": {""97"": 0.0, ""82"": 0.21694928407669067, ""86"": 0.21463225781917572, ""57"": 0.21694928407669067, ""62"": 0.21463225781917572, ""85"": 0.1368369162082672}, ""num_aggregated"": 6}"
9,apra,apra_mad_filter,"[38, 6, 23, 43, 89, 96, 69, 84]","[2, 1]","{""median_norm"": 0.7328067346800358, ""mad"": 0.07050086986888271, ""k"": 2.0328482987029957, ""num_accepted"": 8, ""safety_keep_used"": false, ""fallback_used"": false}"
9,apra,apra_hierarchical_cluster,"[38, 6, 23, 43, 89, 69, 84]",[96],"{""best_k"": 2, ""best_score"": 0.7299402356147766, ""selected_cluster"": 0, ""cluster_scores"": {""0"": 6.685804843902588, ""1"": -1.0}, ""num_trusted"": 7, ""fallback_used"": false}"
9,apra,apra_trust_weighted_clip,"[38, 6, 23, 43, 89, 69, 84]",[],"{""base_clip"": 1.0, ""trust_weights"": {""38"": 0.1666666716337204, ""6"": 0.1666666716337204, ""23"": 0.1666666716337204, ""43"": 0.1666666716337204, ""89"": 0.1666666716337204, ""69"": 0.0, ""84"": 0.1666666716337204}, ""num_aggregated"": 7}"
10,apra,apra_mad_filter,"[95, 65, 71, 9, 81, 70, 41, 42]","[4, 3]","{""median_norm"": 0.6649033929821075, ""mad"": 0.09492298170354774, ""k"": 2.0, ""num_accepted"": 8, ""safety_keep_used"": false, ""fallback_used"": false}"
10,apra,apra_hierarchical_cluster,"[65, 71, 9, 81, 70, 42]","[95, 41]","{""best_k"": 2, ""best_score"": 0.7933736443519592, ""selected_cluster"": 0, ""cluster_scores"": {""0"": 5.673572063446045, ""1"": 1.989980936050415}, ""num_trusted"": 6, ""fallback_used"": false}"
10,apra,apra_trust_weighted_clip,"[65, 71, 9, 81, 70, 42]",[],"{""base_clip"": 1.0, ""trust_weights"": {""65"": 0.3333333432674408, ""71"": 0.3333333432674408, ""9"": 0.3333333432674408, ""81"": 0.0, ""70"": 0.0, ""42"": 0.0}, ""num_aggregated"": 6}"
11,apra,apra_mad_filter,"[58, 20, 28, 44, 63, 65, 38]","[4, 97, 47]","{""median_norm"": 0.8055277142778807, ""mad"": 0.0873509536558767, ""k"": 2.0, ""num_accepted"": 7, ""safety_keep_used"": false, ""fallback_used"": false}"
11,apra,apra_hierarchical_cluster,"[58, 28, 63, 65, 38]","[20, 44]","{""best_k"": 2, ""best_score"": 0.5225690007209778, ""selected_cluster"": 1, ""cluster_scores"": {""0"": 0.22975879907608032, ""1"": 4.810378074645996}, ""num_trusted"": 5, ""fallback_used"": false}"
11,apra,apra_trust_weighted_clip,"[58, 28, 63, 65, 38]",[],"{""base_clip"": 1.0, ""trust_weights"": {""58"": 0.0, ""28"": 0.0, ""63"": 0.3333333432674408, ""65"": 0.3333333432674408, ""38"": 0.3333333432674408}, ""num_aggregated"": 5}"
12,apra,apra_mad_filter,"[81, 20, 6, 68, 37, 15, 11]","[3, 2, 48]","{""median_norm"": 0.5667582625553405, ""mad"": 0.08843060022673646, ""k"": 2.0, ""num_accepted"": 7, ""safety_keep_used"": false, ""fallback_used"": false}"
12,apra,apra_hierarchical_cluster,"[81, 6, 68, 37, 11]","[20, 15]","{""best_k"": 2, ""best_score"": 0.6849094033241272, ""selected_cluster"": 1, ""cluster_scores"": {""0"": 1.6798515319824219, ""1"": 4.972581386566162}, ""num_trusted"": 5, ""fallback_used"": false}"
12,apra,apra_trust_weighted_clip,"[81, 6, 68, 37, 11]",[],"{""base_clip"": 1.0, ""trust_weights"": {""81"": 0.25, ""6"": 0.25, ""68"": 0.25, ""37"": 0.25, ""11"": 0.0}, ""num_aggregated"": 5}"
13,apra,apra_mad_filter,"[60, 95, 98, 39, 75, 32, 15, 52, 49]",[0],"{""median_norm"": 0.6480565609779192, ""mad"": 0.11050589568340702, ""k"": 2.0, ""num_accepted"": 9, ""safety_keep_used"": false, ""fallback_used"": false}"
13,apra,apra_hierarchical_cluster,"[60, 95, 98, 39, 75, 15, 52, 49]",[32],"{""best_k"": 2, ""best_score"": 0.6128298044204712, ""selected_cluster"": 0, ""cluster_scores"": {""0"": 5.63693904876709, ""1"": -1.0}, ""num_trusted"": 8, ""fallback_used"": false}"
13,apra,apra_trust_weighted_clip,"[60, 95, 98, 39, 75, 15, 52, 49]",[],"{""base_clip"": 1.0, ""trust_weights"": {""60"": 0.16071994602680206, ""95"": 0.03568034619092941, ""98"": 0.16071994602680206, ""39"": 0.16071994602680206, ""75"": 0.16071994602680206, ""15"": 0.0, ""52"": 0.16071994602680206, ""49"": 0.16071994602680206}, ""num_aggregated"": 8}"
14,apra,apra_mad_filter,"[67, 86, 16, 55, 99, 15, 12, 44]","[0, 88]","{""median_norm"": 0.48983500547128717, ""mad"": 0.050864474072958604, ""k"": 2.0, ""num_accepted"": 8, ""safety_keep_used"": false, ""fallback_used"": false}"
14,apra,apra_hierarchical_cluster,"[86, 16, 55, 12]","[67, 99, 15, 44]","{""best_k"": 4, ""best_score"": 0.43069982528686523, ""selected_cluster"": 1, ""cluster_scores"": {""0"": 1.9647499322891235, ""1"": 3.967740058898926, ""2"": -1.0, ""3"": -1.0}, ""num_trusted"": 4, ""fallback_used"": false}"
14,apra,apra_trust_weighted_clip,"[86, 16, 55, 12]",[],"{""base_clip"": 1.0, ""trust_weights"": {""86"": 0.5, ""16"": 0.0, ""55"": 0.5, ""12"": 0.0}, ""num_aggregated"": 4}"
15,apra,apra_mad_filter,"[81, 49, 56, 12, 30, 83, 37, 91]","[2, 3]","{""median_norm"": 0.543704035720683, ""mad"": 0.09694685575433498, ""k"": 2.0, ""num_accepted"": 8, ""safety_keep_used"": false, ""fallback_used"": false}"
15,apra,apra_hierarchical_cluster,"[56, 12, 30, 83, 37, 91]","[81, 49]","{""best_k"": 2, ""best_score"": 0.41229814291000366, ""selected_cluster"": 0, ""cluster_scores"": {""0"": 5.534652233123779, ""1"": 1.9223237037658691}, ""num_trusted"": 6, ""fallback_used"": false}"
15,apra,apra_trust_weighted_clip,"[56, 12, 30, 83, 37, 91]",[],"{""base_clip"": 1.0, ""trust_weights"": {""56"": 0.20000000298023224, ""12"": 0.20000000298023224, ""30"": 0.0, ""83"": 0.20000000298023224, ""37"": 0.20000000298023224, ""91"": 0.20000000298023224}, ""num_aggregated"": 6}"
16,apra,apra_mad_filter,"[57, 85, 84, 6, 71, 39]","[2, 46, 40, 43]","{""median_norm"": 0.5824596017832583, ""mad"": 0.01959024037506707, ""k"": 2.0, ""num_accepted"": 6, ""safety_keep_used"": false, ""fallback_used"": false}"
16,apra,apra_hierarchical_cluster,"[57, 85, 84, 71]","[6, 39]","{""best_k"": 2, ""best_score"": 0.31174275279045105, ""selected_cluster"": 0, ""cluster_scores"": {""0"": 3.3251161575317383, ""1"": 1.6680281162261963}, ""num_trusted"": 4, ""fallback_used"": false}"
16,apra,apra_trust_weighted_clip,"[57, 85, 84, 71]",[],"{""base_clip"": 1.0, ""trust_weights"": {""57"": 0.5, ""85"": 0.0, ""84"": 0.5, ""71"": 0.0}, ""num_aggregated"": 4}"
17,apra,apra_mad_filter,"[83, 71, 76, 18, 17, 81, 62, 52]","[0, 3]","{""median_norm"": 0.9516958817361381, ""mad"": 0.19589279907702173, ""k"": 2.0, ""num_accepted"": 8, ""safety_keep_used"": false, ""fallback_used"": false}"
17,apra,apra_hierarchical_cluster,"[83, 76, 18, 17, 81, 62, 52]",[71],"{""best_k"": 2, ""best_score"": 0.43631529808044434, ""selected_cluster"": 0, ""cluster_scores"": {""0"": 6.6461873054504395, ""1"": -1.0}, ""num_trusted"": 7, ""fallback_used"": false}"
17,apra,apra_trust_weighted_clip,"[83, 76, 18, 17, 81, 62, 52]",[],"{""base_clip"": 1.0, ""trust_weights"": {""83"": 0.1666666716337204, ""76"": 0.1666666716337204, ""18"": 0.1666666716337204, ""17"": 0.0, ""81"": 0.1666666716337204, ""62"": 0.1666666716337204, ""52"": 0.1666666716337204}, ""num_aggregated"": 7}"
18,apra,apra_mad_filter,"[80, 88, 5, 84, 50, 40, 78, 31, 43]",[4],"{""median_norm"": 0.7845943077976218, ""mad"": 0.23470684209437143, ""k"": 2.0, ""num_accepted"": 9, ""safety_keep_used"": false, ""fallback_used"": false}"
18,apra,apra_hierarchical_cluster,"[80, 5, 84, 50, 40, 78, 43]","[88, 31]","{""best_k"": 2, ""best_score"": 0.9276737570762634, ""selected_cluster"": 1, ""cluster_scores"": {""0"": 1.9869319200515747, ""1"": 6.872241973876953}, ""num_trusted"": 7, ""fallback_used"": false}"
18,apra,apra_trust_weighted_clip,"[80, 5, 84, 50, 40, 78, 43]",[],"{""base_clip"": 1.0, ""trust_weights"": {""80"": 0.0, ""5"": 0.25, ""84"": 0.25, ""50"": 0.25, ""40"": 0.0, ""78"": 0.0, ""43"": 0.25}, ""num_aggregated"": 7}"
19,apra,apra_mad_filter,"[84, 45, 95, 90, 65, 6, 87, 29, 51]",[3],"{""median_norm"": 0.6970573753499859, ""mad"": 0.10675512101924128, ""k"": 2.0, ""num_accepted"": 9, ""safety_keep_used"": false, ""fallback_used"": false}"
19,apra,apra_hierarchical_cluster,"[84, 45, 90, 65, 6, 87, 29, 51]",[95],"{""best_k"": 2, ""best_score"": 0.5243016481399536, ""selected_cluster"": 0, ""cluster_scores"": {""0"": 7.034343719482422, ""1"": -1.0}, ""num_trusted"": 8, ""fallback_used"": false}"
19,apra,apra_trust_weighted_clip,"[84, 45, 90, 65, 6, 87, 29, 51]",[],"{""base_clip"": 1.0, ""trust_weights"": {""84"": 0.1428571492433548, ""45"": 0.1428571492433548, ""90"": 0.1428571492433548, ""65"": 0.1428571492433548, ""6"": 0.1428571492433548, ""87"": 0.1428571492433548, ""29"": 0.1428571492433548, ""51"": 0.0}, ""num_aggregated"": 8}"
20,apra,apra_mad_filter,"[72, 28, 52, 38, 63, 18, 22, 39, 47]",[1],"{""median_norm"": 0.5748428214472465, ""mad"": 0.11988679732254973, ""k"": 2.0, ""num_accepted"": 9, ""safety_keep_used"": false, ""fallback_used"": false}"
20,apra,apra_hierarchical_cluster,"[72, 28, 52, 38, 63, 18, 22, 39]",[47],"{""best_k"": 2, ""best_score"": 0.6271000504493713, ""selected_cluster"": 0, ""cluster_scores"": {""0"": 5.693089008331299, ""1"": -1.0}, ""num_trusted"": 8, ""fallback_used"": false}"
20,apra,apra_trust_weighted_clip,"[72, 28, 52, 38, 63, 18, 22, 39]",[],"{""base_clip"": 1.0, ""trust_weights"": {""72"": 0.0, ""28"": 0.0, ""52"": 0.20000000298023224, ""38"": 0.20000000298023224, ""63"": 0.20000000298023224, ""18"": 0.20000000298023224, ""22"": 0.20000000298023224, ""39"": 0.0}, ""num_aggregated"": 8}"
21,apra,apra_mad_filter,"[99, 66, 96, 13, 63, 5, 68, 94, 29]",[2],"{""median_norm"": 0.5445766348246628, ""mad"": 0.052367797665199306, ""k"": 2.0, ""num_accepted"": 9, ""safety_keep_used"": false, ""fallback_used"": false}"
21,apra,apra_hierarchical_cluster,"[99, 63, 5, 94, 29]","[66, 96, 13, 68]","{""best_k"": 2, ""best_score"": 0.4999910891056061, ""selected_cluster"": 1, ""cluster_scores"": {""0"": 2.8964834213256836, ""1"": 4.357001304626465}, ""num_trusted"": 5, ""fallback_used"": false}"
21,apra,apra_trust_weighted_clip,"[99, 63, 5, 94, 29]",[],"{""base_clip"": 1.0, ""trust_weights"": {""99"": 0.0, ""63"": 0.25, ""5"": 0.25, ""94"": 0.25, ""29"": 0.25}, ""num_aggregated"": 5}"
22,apra,apra_mad_filter,"[45, 9, 98, 99, 38, 83, 86, 24, 34]",[1],"{""median_norm"": 0.5677572591553246, ""mad"": 0.12644986547653303, ""k"": 2.0, ""num_accepted"": 9, ""safety_keep_used"": false, ""fallback_used"": false}"
22,apra,apra_hierarchical_cluster,"[9, 98, 99, 38, 83, 86, 24, 34]",[45],"{""best_k"": 2, ""best_score"": 0.5395402908325195, ""selected_cluster"": 0, ""cluster_scores"": {""0"": 4.935061454772949, ""1"": -1.0}, ""num_trusted"": 8, ""fallback_used"": false}"
22,apra,apra_trust_weighted_clip,"[9, 98, 99, 38, 83, 86, 24, 34]",[],"{""base_clip"": 1.0, ""trust_weights"": {""9"": 0.0, ""98"": 0.25, ""99"": 0.0, ""38"": 0.25, ""83"": 0.25, ""86"": 0.0, ""24"": 0.0, ""34"": 0.25}, ""num_aggregated"": 8}"
23,apra,apra_mad_filter,"[83, 82, 79, 81, 91, 53, 52, 90, 32]",[2],"{""median_norm"": 0.526942229970093, ""mad"": 0.11007045990136441, ""k"": 2.0, ""num_accepted"": 9, ""safety_keep_used"": false, ""fallback_used"": false}"
23,apra,apra_hierarchical_cluster,"[83, 82, 79, 81, 91, 53, 52, 90]",[32],"{""best_k"": 2, ""best_score"": 0.5329552888870239, ""selected_cluster"": 0, ""cluster_scores"": {""0"": 7.507514953613281, ""1"": -1.0}, ""num_trusted"": 8, ""fallback_used"": false}"
23,apra,apra_trust_weighted_clip,"[83, 82, 79, 81, 91, 53, 52, 90]",[],"{""base_clip"": 1.0, ""trust_weights"": {""83"": 0.1666666716337204, ""82"": 0.1666666716337204, ""79"": 0.1666666716337204, ""81"": 0.0, ""91"": 0.0, ""53"": 0.1666666716337204, ""52"": 0.1666666716337204, ""90"": 0.1666666716337204}, ""num_aggregated"": 8}"
24,apra,apra_mad_filter,"[5, 99, 6, 94, 34, 46, 28, 76, 91]",[4],"{""median_norm"": 0.5171121296738186, ""mad"": 0.07537606306157071, ""k"": 2.0, ""num_accepted"": 9, ""safety_keep_used"": false, ""fallback_used"": false}"
24,apra,apra_hierarchical_cluster,"[5, 99, 6, 94, 34, 28, 76, 91]",[46],"{""best_k"": 2, ""best_score"": 0.6103702187538147, ""selected_cluster"": 0, ""cluster_scores"": {""0"": 6.500374794006348, ""1"": -1.0}, ""num_trusted"": 8, ""fallback_used"": false}"
24,apra,apra_trust_weighted_clip,"[5, 99, 6, 94, 34, 28, 76, 91]",[],"{""base_clip"": 1.0, ""trust_weights"": {""5"": 0.20000000298023224, ""99"": 0.20000000298023224, ""6"": 0.0, ""94"": 0.20000000298023224, ""34"": 0.20000000298023224, ""28"": 0.0, ""76"": 0.20000000298023224, ""91"": 0.0}, ""num_aggregated"": 8}"
25,apra,apra_mad_filter,"[35, 90, 93, 71, 98, 70, 95, 54]","[4, 2]","{""median_norm"": 0.6133413000608205, ""mad"": 0.12055527403349103, ""k"": 2.0, ""num_accepted"": 8, ""safety_keep_used"": false, ""fallback_used"": false}"
25,apra,apra_hierarchical_cluster,"[35, 90, 93, 71, 98, 70, 95]",[54],"{""best_k"": 2, ""best_score"": 0.6735161542892456, ""selected_cluster"": 0, ""cluster_scores"": {""0"": 6.605836868286133, ""1"": -1.0}, ""num_trusted"": 7, ""fallback_used"": false}"
25,apra,apra_trust_weighted_clip,"[35, 90, 93, 71, 98, 70, 95]",[],"{""base_clip"": 1.0, ""trust_weights"": {""35"": 0.0, ""90"": 0.20000000298023224, ""93"": 0.20000000298023224, ""71"": 0.20000000298023224, ""98"": 0.20000000298023224, ""70"": 0.20000000298023224, ""95"": 0.0}, ""num_aggregated"": 7}"
26,apra,apra_mad_filter,"[81, 22, 41, 14, 39, 88, 74, 49]","[3, 1]","{""median_norm"": 0.7836885503878168, ""mad"": 0.2380759847123778, ""k"": 2.0, ""num_accepted"": 8, ""safety_keep_used"": false, ""fallback_used"": false}"
26,apra,apra_hierarchical_cluster,"[81, 22, 41, 14, 39, 74, 49]",[88],"{""best_k"": 2, ""best_score"": 0.7341966032981873, ""selected_cluster"": 0, ""cluster_scores"": {""0"": 6.097013473510742, ""1"": -1.0}, ""num_trusted"": 7, ""fallback_used"": false}"
26,apra,apra_trust_weighted_clip,"[81, 22, 41, 14, 39, 74, 49]",[],"{""base_clip"": 1.0, ""trust_weights"": {""81"": 0.1666666716337204, ""22"": 0.1666666716337204, ""41"": 0.0, ""14"": 0.1666666716337204, ""39"": 0.1666666716337204, ""74"": 0.1666666716337204, ""49"": 0.1666666716337204}, ""num_aggregated"": 7}"
27,apra,apra_mad_filter,"[57, 7, 73, 75, 65, 58, 27, 10]","[0, 95]","{""median_norm"": 0.6362219527833752, ""mad"": 0.09776161082556156, ""k"": 2.0, ""num_accepted"": 8, ""safety_keep_used"": false, ""fallback_used"": false}"
27,apra,apra_hierarchical_cluster,"[57, 7, 75, 65, 58, 27]","[73, 10]","{""best_k"": 2, ""best_score"": 0.7190201282501221, ""selected_cluster"": 0, ""cluster_scores"": {""0"": 5.624530792236328, ""1"": 1.9527932405471802}, ""num_trusted"": 6, ""fallback_used"": false}"
27,apra,apra_trust_weighted_clip,"[57, 7, 75, 65, 58, 27]",[],"{""base_clip"": 1.0, ""trust_weights"": {""57"": 0.20000000298023224, ""7"": 0.20000000298023224, ""75"": 0.20000000298023224, ""65"": 0.0, ""58"": 0.20000000298023224, ""27"": 0.20000000298023224}, ""num_aggregated"": 6}"
28,apra,apra_mad_filter,"[76, 65, 15, 51, 53, 69, 72, 14]","[3, 1]","{""median_norm"": 0.636403356597424, ""mad"": 0.10763357196782963, ""k"": 2.0, ""num_accepted"": 8, ""safety_keep_used"": false, ""fallback_used"": false}"
28,apra,apra_hierarchical_cluster,"[76, 65, 51, 53, 72, 14]","[15, 69]","{""best_k"": 2, ""best_score"": 0.5956435203552246, ""selected_cluster"": 1, ""cluster_scores"": {""0"": 1.9334349632263184, ""1"": 5.926702499389648}, ""num_trusted"": 6, ""fallback_used"": false}"
28,apra,apra_trust_weighted_clip,"[76, 65, 51, 53, 72, 14]",[],"{""base_clip"": 1.0, ""trust_weights"": {""76"": 0.20000000298023224, ""65"": 0.20000000298023224, ""51"": 0.20000000298023224, ""53"": 0.20000000298023224, ""72"": 0.0, ""14"": 0.20000000298023224}, ""num_aggregated"": 6}"
29,apra,apra_mad_filter,"[81, 70, 38, 49, 78, 14, 87]","[1, 3, 30]","{""median_norm"": 0.5895259114772032, ""mad"": 0.08999041268547484, ""k"": 2.0, ""num_accepted"": 7, ""safety_keep_used"": false, ""fallback_used"": false}"
29,apra,apra_hierarchical_cluster,"[70, 78, 14, 87]","[81, 38, 49]","{""best_k"": 2, ""best_score"": 0.43057161569595337, ""selected_cluster"": 0, ""cluster_scores"": {""0"": 3.881896734237671, ""1"": 2.971637725830078}, ""num_trusted"": 4, ""fallback_used"": false}"
29,apra,apra_trust_weighted_clip,"[70, 78, 14, 87]",[],"{""base_clip"": 1.0, ""trust_weights"": {""70"": 0.0, ""78"": 0.0, ""14"": 0.5, ""87"": 0.5}, ""num_aggregated"": 4}"
30,apra,apra_mad_filter,"[71, 13, 47, 7, 49, 33, 42, 53]","[1, 34]","{""median_norm"": 0.7224376626011606, ""mad"": 0.07110975588067292, ""k"": 2.0, ""num_accepted"": 8, ""safety_keep_used"": false, ""fallback_used"": false}"
30,apra,apra_hierarchical_cluster,"[71, 13, 7, 49, 33, 42, 53]",[47],"{""best_k"": 2, ""best_score"": 0.5337599515914917, ""selected_cluster"": 0, ""cluster_scores"": {""0"": 4.191368579864502, ""1"": -1.0}, ""num_trusted"": 7, ""fallback_used"": false}"
30,apra,apra_trust_weighted_clip,"[71, 13, 7, 49, 33, 42, 53]",[],"{""base_clip"": 1.0, ""trust_weights"": {""71"": 0.18553604185581207, ""13"": 0.18553604185581207, ""7"": 0.07231975346803665, ""49"": 0.18553604185581207, ""33"": 0.18553604185581207, ""42"": 0.0, ""53"": 0.18553604185581207}, ""num_aggregated"": 7}"
31,apra,apra_mad_filter,"[20, 48, 57, 30, 15, 45, 29, 54, 14]",[3],"{""median_norm"": 0.6586625034495821, ""mad"": 0.14214641199767905, ""k"": 2.0, ""num_accepted"": 9, ""safety_keep_used"": false, ""fallback_used"": false}"
31,apra,apra_hierarchical_cluster,"[20, 48, 57, 30, 15, 45, 29, 14]",[54],"{""best_k"": 2, ""best_score"": 0.5459551215171814, ""selected_cluster"": 0, ""cluster_scores"": {""0"": 4.776783466339111, ""1"": -1.0}, ""num_trusted"": 8, ""fallback_used"": false}"
31,apra,apra_trust_weighted_clip,"[20, 48, 57, 30, 15, 45, 29, 14]",[],"{""base_clip"": 1.0, ""trust_weights"": {""20"": 0.22138117253780365, ""48"": 0.22138117253780365, ""57"": 0.22138117253780365, ""30"": 0.1144753247499466, ""15"": 0.0, ""45"": 0.0, ""29"": 0.0, ""14"": 0.22138117253780365}, ""num_aggregated"": 8}"
32,apra,apra_mad_filter,"[57, 52, 76, 65, 58, 51, 23, 99, 21]",[1],"{""median_norm"": 0.7286434319386581, ""mad"": 0.1185425806984477, ""k"": 2.0, ""num_accepted"": 9, ""safety_keep_used"": false, ""fallback_used"": false}"
32,apra,apra_hierarchical_cluster,"[57, 52, 76, 58, 51, 23, 99, 21]",[65],"{""best_k"": 2, ""best_score"": 0.3883940577507019, ""selected_cluster"": 0, ""cluster_scores"": {""0"": 4.433762550354004, ""1"": -1.0}, ""num_trusted"": 8, ""fallback_used"": false}"
32,apra,apra_trust_weighted_clip,"[57, 52, 76, 58, 51, 23, 99, 21]",[],"{""base_clip"": 1.0, ""trust_weights"": {""57"": 0.1428571492433548, ""52"": 0.1428571492433548, ""76"": 0.1428571492433548, ""58"": 0.1428571492433548, ""51"": 0.0, ""23"": 0.1428571492433548, ""99"": 0.1428571492433548, ""21"": 0.1428571492433548}, ""num_aggregated"": 8}"
33,apra,apra_mad_filter,"[46, 64, 96, 82, 75, 40, 63, 36, 47]",[4],"{""median_norm"": 0.6092284275421852, ""mad"": 0.07913508268828062, ""k"": 2.0, ""num_accepted"": 9, ""safety_keep_used"": false, ""fallback_used"": false}"
33,apra,apra_hierarchical_cluster,"[46, 64, 82, 75, 40, 63, 36]","[96, 47]","{""best_k"": 2, ""best_score"": 0.48519960045814514, ""selected_cluster"": 1, ""cluster_scores"": {""0"": 1.4990487098693848, ""1"": 4.767968654632568}, ""num_trusted"": 7, ""fallback_used"": false}"
33,apra,apra_trust_weighted_clip,"[46, 64, 82, 75, 40, 63, 36]",[],"{""base_clip"": 1.0, ""trust_weights"": {""46"": 0.1666666716337204, ""64"": 0.1666666716337204, ""82"": 0.1666666716337204, ""75"": 0.1666666716337204, ""40"": 0.1666666716337204, ""63"": 0.1666666716337204, ""36"": 0.0}, ""num_aggregated"": 7}"
34,apra,apra_mad_filter,"[72, 8, 81, 73, 83, 65, 79, 58, 16]",[0],"{""median_norm"": 0.645024543085524, ""mad"": 0.07186765571317172, ""k"": 2.0, ""num_accepted"": 9, ""safety_keep_used"": false, ""fallback_used"": false}"
34,apra,apra_hierarchical_cluster,"[72, 8, 81, 83, 65, 79, 58, 16]",[73],"{""best_k"": 2, ""best_score"": 0.6726805567741394, ""selected_cluster"": 0, ""cluster_scores"": {""0"": 6.11651611328125, ""1"": -1.0}, ""num_trusted"": 8, ""fallback_used"": false}"
34,apra,apra_trust_weighted_clip,"[72, 8, 81, 83, 65, 79, 58, 16]",[],"{""base_clip"": 1.0, ""trust_weights"": {""72"": 0.1428571492433548, ""8"": 0.0, ""81"": 0.1428571492433548, ""83"": 0.1428571492433548, ""65"": 0.1428571492433548, ""79"": 0.1428571492433548, ""58"": 0.1428571492433548, ""16"": 0.1428571492433548}, ""num_aggregated"": 8}"
35,apra,apra_mad_filter,"[84, 29, 12, 98, 44, 64, 13, 55]","[3, 30]","{""median_norm"": 0.5309802119009118, ""mad"": 0.04226263274546968, ""k"": 2.0, ""num_accepted"": 8, ""safety_keep_used"": false, ""fallback_used"": false}"
35,apra,apra_hierarchical_cluster,"[84, 29, 12, 98, 64]","[44, 13, 55]","{""best_k"": 3, ""best_score"": 0.5504660606384277, ""selected_cluster"": 2, ""cluster_scores"": {""0"": 1.9822187423706055, ""1"": -1.0, ""2"": 4.947587966918945}, ""num_trusted"": 5, ""fallback_used"": false}"
35,apra,apra_trust_weighted_clip,"[84, 29, 12, 98, 64]",[],"{""base_clip"": 1.0, ""trust_weights"": {""84"": 0.1614212542772293, ""29"": 0.3385787308216095, ""12"": 0.3385787308216095, ""98"": 0.1614212542772293, ""64"": 0.0}, ""num_aggregated"": 5}"
36,apra,apra_mad_filter,"[36, 23, 49, 11, 34, 99, 33, 58]","[0, 12]","{""median_norm"": 0.7258735449033573, ""mad"": 0.08424673402600547, ""k"": 2.0, ""num_accepted"": 8, ""safety_keep_used"": false, ""fallback_used"": false}"
36,apra,apra_hierarchical_cluster,"[23, 49, 11, 34, 99, 33, 58]",[36],"{""best_k"": 2, ""best_score"": 0.6674313545227051, ""selected_cluster"": 0, ""cluster_scores"": {""0"": 6.3689775466918945, ""1"": -1.0}, ""num_trusted"": 7, ""fallback_used"": false}"
36,apra,apra_trust_weighted_clip,"[23, 49, 11, 34, 99, 33, 58]",[],"{""base_clip"": 1.0, ""trust_weights"": {""23"": 0.1666666716337204, ""49"": 0.1666666716337204, ""11"": 0.0, ""34"": 0.1666666716337204, ""99"": 0.1666666716337204, ""33"": 0.1666666716337204, ""58"": 0.1666666716337204}, ""num_aggregated"": 7}"
37,apra,apra_mad_filter,"[43, 34, 99, 14, 48, 24, 56, 37]","[3, 5]","{""median_norm"": 0.4902288699662418, ""mad"": 0.11330343733742984, ""k"": 2.0, ""num_accepted"": 8, ""safety_keep_used"": false, ""fallback_used"": false}"
37,apra,apra_hierarchical_cluster,"[43, 34, 99, 14, 24, 56, 37]",[48],"{""best_k"": 2, ""best_score"": 0.6137428879737854, ""selected_cluster"": 0, ""cluster_scores"": {""0"": 6.645224094390869, ""1"": -1.0}, ""num_trusted"": 7, ""fallback_used"": false}"
37,apra,apra_trust_weighted_clip,"[43, 34, 99, 14, 24, 56, 37]",[],"{""base_clip"": 1.0, ""trust_weights"": {""43"": 0.1666666716337204, ""34"": 0.1666666716337204, ""99"": 0.0, ""14"": 0.1666666716337204, ""24"": 0.1666666716337204, ""56"": 0.1666666716337204, ""37"": 0.1666666716337204}, ""num_aggregated"": 7}"
38,apra,apra_mad_filter,"[85, 65, 95, 82, 19, 77, 54, 37]","[2, 88]","{""median_norm"": 0.726619937428062, ""mad"": 0.13243164512502503, ""k"": 2.0, ""num_accepted"": 8, ""safety_keep_used"": false, ""fallback_used"": false}"
38,apra,apra_hierarchical_cluster,"[85, 65, 82, 19, 77, 37]","[95, 54]","{""best_k"": 2, ""best_score"": 0.5981190800666809, ""selected_cluster"": 1, ""cluster_scores"": {""0"": 1.8452894687652588, ""1"": 5.731547832489014}, ""num_trusted"": 6, ""fallback_used"": false}"
38,apra,apra_trust_weighted_clip,"[85, 65, 82, 19, 77, 37]",[],"{""base_clip"": 1.0, ""trust_weights"": {""85"": 0.3333333432674408, ""65"": 0.0, ""82"": 0.0, ""19"": 0.0, ""77"": 0.3333333432674408, ""37"": 0.3333333432674408}, ""num_aggregated"": 6}"
39,apra,apra_mad_filter,"[12, 85, 87, 74, 15, 29, 94, 60]","[2, 33]","{""median_norm"": 0.5075621021915275, ""mad"": 0.044846737151917754, ""k"": 2.0, ""num_accepted"": 8, ""safety_keep_used"": false, ""fallback_used"": false}"
39,apra,apra_hierarchical_cluster,"[12, 87, 74, 29, 94, 60]","[85, 15]","{""best_k"": 3, ""best_score"": 0.5095524787902832, ""selected_cluster"": 0, ""cluster_scores"": {""0"": 5.816350936889648, ""1"": -1.0, ""2"": -1.0}, ""num_trusted"": 6, ""fallback_used"": false}"
39,apra,apra_trust_weighted_clip,"[12, 87, 74, 29, 94, 60]",[],"{""base_clip"": 1.0, ""trust_weights"": {""12"": 0.20000000298023224, ""87"": 0.20000000298023224, ""74"": 0.20000000298023224, ""29"": 0.0, ""94"": 0.20000000298023224, ""60"": 0.20000000298023224}, ""num_aggregated"": 6}"
40,apra,apra_mad_filter,"[6, 33, 77, 65, 63, 55, 18, 78]","[4, 2]","{""median_norm"": 0.7984013366625988, ""mad"": 0.15793987326042735, ""k"": 2.0, ""num_accepted"": 8, ""safety_keep_used"": false, ""fallback_used"": false}"
40,apra,apra_hierarchical_cluster,"[6, 77, 65, 63, 18]","[33, 55, 78]","{""best_k"": 2, ""best_score"": 0.5220907330513, ""selected_cluster"": 1, ""cluster_scores"": {""0"": 2.9809188842773438, ""1"": 4.971657752990723}, ""num_trusted"": 5, ""fallback_used"": false}"
40,apra,apra_trust_weighted_clip,"[6, 77, 65, 63, 18]",[],"{""base_clip"": 1.0, ""trust_weights"": {""6"": 0.25, ""77"": 0.0, ""65"": 0.25, ""63"": 0.25, ""18"": 0.25}, ""num_aggregated"": 5}"
41,apra,apra_mad_filter,"[71, 25, 57, 32, 77, 51, 42, 95, 22]",[1],"{""median_norm"": 0.6583939039235784, ""mad"": 0.12462082832030696, ""k"": 2.0, ""num_accepted"": 9, ""safety_keep_used"": false, ""fallback_used"": false}"
41,apra,apra_hierarchical_cluster,"[25, 57, 32, 77, 51, 22]","[71, 42, 95]","{""best_k"": 3, ""best_score"": 0.4088076949119568, ""selected_cluster"": 0, ""cluster_scores"": {""0"": 4.173330307006836, ""1"": 1.9238836765289307, ""2"": -1.0}, ""num_trusted"": 6, ""fallback_used"": false}"
41,apra,apra_trust_weighted_clip,"[25, 57, 32, 77, 51, 22]",[],"{""base_clip"": 1.0, ""trust_weights"": {""25"": 0.05810166150331497, ""57"": 0.29459887742996216, ""32"": 0.05810166150331497, ""77"": 0.29459887742996216, ""51"": 0.0, ""22"": 0.29459887742996216}, ""num_aggregated"": 6}"
42,apra,apra_mad_filter,"[23, 61, 86, 54, 91, 63, 37, 85]","[2, 0]","{""median_norm"": 0.5660277766147577, ""mad"": 0.1281981258305628, ""k"": 2.0, ""num_accepted"": 8, ""safety_keep_used"": false, ""fallback_used"": false}"
42,apra,apra_hierarchical_cluster,"[23, 61, 86, 91, 63, 37, 85]",[54],"{""best_k"": 2, ""best_score"": 0.7433738708496094, ""selected_cluster"": 0, ""cluster_scores"": {""0"": 6.47687292098999, ""1"": -1.0}, ""num_trusted"": 7, ""fallback_used"": false}"
42,apra,apra_trust_weighted_clip,"[23, 61, 86, 91, 63, 37, 85]",[],"{""base_clip"": 1.0, ""trust_weights"": {""23"": 0.1666666716337204, ""61"": 0.1666666716337204, ""86"": 0.1666666716337204, ""91"": 0.1666666716337204, ""63"": 0.0, ""37"": 0.1666666716337204, ""85"": 0.1666666716337204}, ""num_aggregated"": 7}"
43,apra,apra_mad_filter,"[40, 56, 34, 98, 35, 22, 89, 16]","[0, 1]","{""median_norm"": 0.6696910209279827, ""mad"": 0.08170656687419109, ""k"": 2.0, ""num_accepted"": 8, ""safety_keep_used"": false, ""fallback_used"": false}"
43,apra,apra_hierarchical_cluster,"[40, 56, 34, 98, 22, 89, 16]",[35],"{""best_k"": 2, ""best_score"": 0.4735598862171173, ""selected_cluster"": 0, ""cluster_scores"": {""0"": 6.925901412963867, ""1"": -1.0}, ""num_trusted"": 7, ""fallback_used"": false}"
43,apra,apra_trust_weighted_clip,"[40, 56, 34, 98, 22, 89, 16]",[],"{""base_clip"": 1.0, ""trust_weights"": {""40"": 0.3010829985141754, ""56"": 0.3010829985141754, ""34"": 0.0, ""98"": 0.18965297937393188, ""22"": 0.018528111279010773, ""89"": 0.0, ""16"": 0.18965297937393188}, ""num_aggregated"": 7}"
44,apra,apra_mad_filter,"[25, 37, 20, 42, 44, 50, 12]","[1, 46, 72]","{""median_norm"": 0.6205078982660475, ""mad"": 0.045897646055393315, ""k"": 2.0, ""num_accepted"": 7, ""safety_keep_used"": false, ""fallback_used"": false}"
44,apra,apra_hierarchical_cluster,"[25, 37, 20, 44, 50, 12]",[42],"{""best_k"": 2, ""best_score"": 0.641869843006134, ""selected_cluster"": 0, ""cluster_scores"": {""0"": 3.4233899116516113, ""1"": -1.0}, ""num_trusted"": 6, ""fallback_used"": false}"
44,apra,apra_trust_weighted_clip,"[25, 37, 20, 44, 50, 12]",[],"{""base_clip"": 1.0, ""trust_weights"": {""25"": 0.20000000298023224, ""37"": 0.20000000298023224, ""20"": 0.20000000298023224, ""44"": 0.0, ""50"": 0.20000000298023224, ""12"": 0.20000000298023224}, ""num_aggregated"": 6}"
45,apra,apra_mad_filter,"[19, 56, 93, 20, 12, 27, 69, 33, 16]",[1],"{""median_norm"": 0.5766493079186661, ""mad"": 0.13776411800200106, ""k"": 2.0, ""num_accepted"": 9, ""safety_keep_used"": false, ""fallback_used"": false}"
45,apra,apra_hierarchical_cluster,"[56, 93, 20, 12, 27, 33, 16]","[19, 69]","{""best_k"": 2, ""best_score"": 0.5462108254432678, ""selected_cluster"": 0, ""cluster_scores"": {""0"": 5.475936412811279, ""1"": 1.6534032821655273}, ""num_trusted"": 7, ""fallback_used"": false}"
45,apra,apra_trust_weighted_clip,"[56, 93, 20, 12, 27, 33, 16]",[],"{""base_clip"": 1.0, ""trust_weights"": {""56"": 0.1666666716337204, ""93"": 0.1666666716337204, ""20"": 0.0, ""12"": 0.1666666716337204, ""27"": 0.1666666716337204, ""33"": 0.1666666716337204, ""16"": 0.1666666716337204}, ""num_aggregated"": 7}"
46,apra,apra_mad_filter,"[45, 10, 74, 86, 46, 35, 17, 81]","[2, 1]","{""median_norm"": 0.7038173525055529, ""mad"": 0.10138909555398246, ""k"": 2.0, ""num_accepted"": 8, ""safety_keep_used"": false, ""fallback_used"": false}"
46,apra,apra_hierarchical_cluster,"[45, 74, 86, 35, 17, 81]","[10, 46]","{""best_k"": 3, ""best_score"": 0.38579511642456055, ""selected_cluster"": 0, ""cluster_scores"": {""0"": 5.360457420349121, ""1"": -1.0, ""2"": -1.0}, ""num_trusted"": 6, ""fallback_used"": false}"
46,apra,apra_trust_weighted_clip,"[45, 74, 86, 35, 17, 81]",[],"{""base_clip"": 1.0, ""trust_weights"": {""45"": 0.20000000298023224, ""74"": 0.20000000298023224, ""86"": 0.20000000298023224, ""35"": 0.20000000298023224, ""17"": 0.0, ""81"": 0.20000000298023224}, ""num_aggregated"": 6}"
47,apra,apra_mad_filter,"[99, 19, 62, 44, 52, 70, 65]","[2, 0, 48]","{""median_norm"": 0.5467504167412431, ""mad"": 0.09234462949095085, ""k"": 2.0, ""num_accepted"": 7, ""safety_keep_used"": false, ""fallback_used"": false}"
47,apra,apra_hierarchical_cluster,"[99, 62, 44, 52, 70, 65]",[19],"{""best_k"": 2, ""best_score"": 0.4017590582370758, ""selected_cluster"": 0, ""cluster_scores"": {""0"": 5.115620136260986, ""1"": -1.0}, ""num_trusted"": 6, ""fallback_used"": false}"
47,apra,apra_trust_weighted_clip,"[99, 62, 44, 52, 70, 65]",[],"{""base_clip"": 1.0, ""trust_weights"": {""99"": 0.20000000298023224, ""62"": 0.20000000298023224, ""44"": 0.0, ""52"": 0.20000000298023224, ""70"": 0.20000000298023224, ""65"": 0.20000000298023224}, ""num_aggregated"": 6}"
48,apra,apra_mad_filter,"[66, 36, 83, 68, 23, 90, 57, 21]","[0, 2]","{""median_norm"": 0.5199239346559035, ""mad"": 0.06086312632382096, ""k"": 2.0, ""num_accepted"": 8, ""safety_keep_used"": false, ""fallback_used"": false}"
48,apra,apra_hierarchical_cluster,"[83, 68, 90, 57, 21]","[66, 36, 23]","{""best_k"": 3, ""best_score"": 0.6000868082046509, ""selected_cluster"": 1, ""cluster_scores"": {""0"": 1.9658384323120117, ""1"": 4.992665767669678, ""2"": -1.0}, ""num_trusted"": 5, ""fallback_used"": false}"
48,apra,apra_trust_weighted_clip,"[83, 68, 90, 57, 21]",[],"{""base_clip"": 1.0, ""trust_weights"": {""83"": 0.11268123984336853, ""68"": 0.3873187303543091, ""90"": 0.11268123984336853, ""57"": 0.3873187303543091, ""21"": 0.0}, ""num_aggregated"": 5}"
49,apra,apra_mad_filter,"[10, 20, 51, 25, 27, 40, 5, 89, 85]",[3],"{""median_norm"": 0.535299125558906, ""mad"": 0.057645525390594476, ""k"": 2.0, ""num_accepted"": 9, ""safety_keep_used"": false, ""fallback_used"": false}"
49,apra,apra_hierarchical_cluster,"[20, 51, 25, 40, 5, 89]","[10, 27, 85]","{""best_k"": 2, ""best_score"": 0.4756150245666504, ""selected_cluster"": 1, ""cluster_scores"": {""0"": 2.563502311706543, ""1"": 3.4464097023010254}, ""num_trusted"": 6, ""fallback_used"": false}"
49,apra,apra_trust_weighted_clip,"[20, 51, 25, 40, 5, 89]",[],"{""base_clip"": 1.0, ""trust_weights"": {""20"": 0.0, ""51"": 0.2994229197502136, ""25"": 0.0, ""40"": 0.2994229197502136, ""5"": 0.2994229197502136, ""89"": 0.10173125565052032}, ""num_aggregated"": 6}"
50,apra,apra_mad_filter,"[85, 80, 28, 14, 94, 32, 20]","[1, 63, 68]","{""median_norm"": 0.52913590048417, ""mad"": 0.05245071352247982, ""k"": 2.0, ""num_accepted"": 7, ""safety_keep_used"": false, ""fallback_used"": false}"
50,apra,apra_hierarchical_cluster,"[80, 28, 14, 94]","[85, 32, 20]","{""best_k"": 3, ""best_score"": 0.49612122774124146, ""selected_cluster"": 1, ""cluster_scores"": {""0"": 1.902599811553955, ""1"": 3.6769840717315674, ""2"": -1.0}, ""num_trusted"": 4, ""fallback_used"": false}"
50,apra,apra_trust_weighted_clip,"[80, 28, 14, 94]",[],"{""base_clip"": 1.0, ""trust_weights"": {""80"": 0.49374011158943176, ""28"": 0.012519742362201214, ""14"": 0.49374011158943176, ""94"": 0.0}, ""num_aggregated"": 4}"
51,apra,apra_mad_filter,"[61, 21, 58, 20, 53, 93, 55]","[3, 32, 17]","{""median_norm"": 0.5885695846219122, ""mad"": 0.022373048951508157, ""k"": 2.0, ""num_accepted"": 7, ""safety_keep_used"": false, ""fallback_used"": false}"
51,apra,apra_hierarchical_cluster,"[61, 21, 58, 53, 93, 55]",[20],"{""best_k"": 2, ""best_score"": 0.41643843054771423, ""selected_cluster"": 0, ""cluster_scores"": {""0"": 5.890377998352051, ""1"": -1.0}, ""num_trusted"": 6, ""fallback_used"": false}"
51,apra,apra_trust_weighted_clip,"[61, 21, 58, 53, 93, 55]",[],"{""base_clip"": 1.0, ""trust_weights"": {""61"": 0.25, ""21"": 0.0, ""58"": 0.0, ""53"": 0.25, ""93"": 0.25, ""55"": 0.25}, ""num_aggregated"": 6}"
52,apra,apra_mad_filter,"[38, 56, 79, 43, 65, 66, 16, 75, 82]",[3],"{""median_norm"": 0.5651178348891723, ""mad"": 0.058411157590149754, ""k"": 2.0, ""num_accepted"": 9, ""safety_keep_used"": false, ""fallback_used"": false}"
52,apra,apra_hierarchical_cluster,"[38, 56, 79, 43, 65, 66, 16, 75]",[82],"{""best_k"": 2, ""best_score"": 0.4911770224571228, ""selected_cluster"": 0, ""cluster_scores"": {""0"": 6.103043556213379, ""1"": -1.0}, ""num_trusted"": 8, ""fallback_used"": false}"
52,apra,apra_trust_weighted_clip,"[38, 56, 79, 43, 65, 66, 16, 75]",[],"{""base_clip"": 1.0, ""trust_weights"": {""38"": 0.1428571492433548, ""56"": 0.0, ""79"": 0.1428571492433548, ""43"": 0.1428571492433548, ""65"": 0.1428571492433548, ""66"": 0.1428571492433548, ""16"": 0.1428571492433548, ""75"": 0.1428571492433548}, ""num_aggregated"": 8}"
53,apra,apra_mad_filter,"[98, 50, 69, 58, 82, 91, 59, 38]","[2, 97]","{""median_norm"": 0.5542789170794391, ""mad"": 0.0561882788860909, ""k"": 2.0, ""num_accepted"": 8, ""safety_keep_used"": false, ""fallback_used"": false}"
53,apra,apra_hierarchical_cluster,"[98, 50, 58, 91, 38]","[69, 82, 59]","{""best_k"": 3, ""best_score"": 0.5548855066299438, ""selected_cluster"": 0, ""cluster_scores"": {""0"": 4.882852077484131, ""1"": 1.888061761856079, ""2"": -1.0}, ""num_trusted"": 5, ""fallback_used"": false}"
53,apra,apra_trust_weighted_clip,"[98, 50, 58, 91, 38]",[],"{""base_clip"": 1.0, ""trust_weights"": {""98"": 0.5, ""50"": 0.0, ""58"": 0.0, ""91"": 0.0, ""38"": 0.5}, ""num_aggregated"": 5}"
54,apra,apra_mad_filter,"[20, 74, 38, 35, 78, 79, 25, 10]","[4, 88]","{""median_norm"": 0.7183132308786657, ""mad"": 0.06893535334384093, ""k"": 2.0, ""num_accepted"": 8, ""safety_keep_used"": false, ""fallback_used"": false}"
54,apra,apra_hierarchical_cluster,"[20, 74, 38, 35, 78, 79, 25]",[10],"{""best_k"": 2, ""best_score"": 0.5049039125442505, ""selected_cluster"": 0, ""cluster_scores"": {""0"": 6.499340534210205, ""1"": -1.0}, ""num_trusted"": 7, ""fallback_used"": false}"
54,apra,apra_trust_weighted_clip,"[20, 74, 38, 35, 78, 79, 25]",[],"{""base_clip"": 1.0, ""trust_weights"": {""20"": 0.1666666716337204, ""74"": 0.1666666716337204, ""38"": 0.1666666716337204, ""35"": 0.0, ""78"": 0.1666666716337204, ""79"": 0.1666666716337204, ""25"": 0.1666666716337204}, ""num_aggregated"": 7}"
55,apra,apra_mad_filter,"[63, 45, 82, 64, 21, 94, 97, 52]","[1, 54]","{""median_norm"": 0.5430276507527281, ""mad"": 0.07929606923922419, ""k"": 2.0, ""num_accepted"": 8, ""safety_keep_used"": false, ""fallback_used"": false}"
55,apra,apra_hierarchical_cluster,"[63, 45, 64, 21, 94, 52]","[82, 97]","{""best_k"": 2, ""best_score"": 0.7070141434669495, ""selected_cluster"": 1, ""cluster_scores"": {""0"": 1.9035332202911377, ""1"": 5.740024566650391}, ""num_trusted"": 6, ""fallback_used"": false}"
55,apra,apra_trust_weighted_clip,"[63, 45, 64, 21, 94, 52]",[],"{""base_clip"": 1.0, ""trust_weights"": {""63"": 0.25, ""45"": 0.25, ""64"": 0.25, ""21"": 0.0, ""94"": 0.0, ""52"": 0.25}, ""num_aggregated"": 6}"
56,apra,apra_mad_filter,"[65, 34, 91, 78, 88, 43, 30, 52]","[3, 0]","{""median_norm"": 0.750190590211876, ""mad"": 0.26018016086111007, ""k"": 2.0, ""num_accepted"": 8, ""safety_keep_used"": false, ""fallback_used"": false}"
56,apra,apra_hierarchical_cluster,"[65, 34, 91, 78, 43, 30, 52]",[88],"{""best_k"": 2, ""best_score"": 0.8405900001525879, ""selected_cluster"": 0, ""cluster_scores"": {""0"": 6.899670124053955, ""1"": -1.0}, ""num_trusted"": 7, ""fallback_used"": false}"
56,apra,apra_trust_weighted_clip,"[65, 34, 91, 78, 43, 30, 52]",[],"{""base_clip"": 1.0, ""trust_weights"": {""65"": 0.0, ""34"": 0.25, ""91"": 0.0, ""78"": 0.25, ""43"": 0.25, ""30"": 0.0, ""52"": 0.25}, ""num_aggregated"": 7}"
57,apra,apra_mad_filter,"[57, 83, 65, 27, 98, 24, 5, 25, 10]",[3],"{""median_norm"": 0.5894447904405848, ""mad"": 0.07298397989653521, ""k"": 2.0, ""num_accepted"": 9, ""safety_keep_used"": false, ""fallback_used"": false}"
57,apra,apra_hierarchical_cluster,"[57, 83, 65, 27, 98, 24, 25, 10]",[5],"{""best_k"": 2, ""best_score"": 0.7107503414154053, ""selected_cluster"": 0, ""cluster_scores"": {""0"": 6.695459842681885, ""1"": -1.0}, ""num_trusted"": 8, ""fallback_used"": false}"
57,apra,apra_trust_weighted_clip,"[57, 83, 65, 27, 98, 24, 25, 10]",[],"{""base_clip"": 1.0, ""trust_weights"": {""57"": 0.20000000298023224, ""83"": 0.20000000298023224, ""65"": 0.0, ""27"": 0.20000000298023224, ""98"": 0.20000000298023224, ""24"": 0.20000000298023224, ""25"": 0.0, ""10"": 0.0}, ""num_aggregated"": 8}"
58,apra,apra_mad_filter,"[16, 92, 27, 14, 62, 58, 77, 44]","[3, 1]","{""median_norm"": 0.6301832574929531, ""mad"": 0.13747919229173433, ""k"": 2.0, ""num_accepted"": 8, ""safety_keep_used"": false, ""fallback_used"": false}"
58,apra,apra_hierarchical_cluster,"[16, 92, 27, 14, 62, 58, 77]",[44],"{""best_k"": 2, ""best_score"": 0.6578551530838013, ""selected_cluster"": 0, ""cluster_scores"": {""0"": 6.645750999450684, ""1"": -1.0}, ""num_trusted"": 7, ""fallback_used"": false}"
58,apra,apra_trust_weighted_clip,"[16, 92, 27, 14, 62, 58, 77]",[],"{""base_clip"": 1.0, ""trust_weights"": {""16"": 0.1666666716337204, ""92"": 0.1666666716337204, ""27"": 0.1666666716337204, ""14"": 0.1666666716337204, ""62"": 0.1666666716337204, ""58"": 0.0, ""77"": 0.1666666716337204}, ""num_aggregated"": 7}"
59,apra,apra_mad_filter,"[39, 6, 27, 71, 69, 29, 25, 26]","[1, 88]","{""median_norm"": 0.5320756752739979, ""mad"": 0.048582137410580345, ""k"": 2.0, ""num_accepted"": 8, ""safety_keep_used"": false, ""fallback_used"": false}"
59,apra,apra_hierarchical_cluster,"[27, 71, 26]","[39, 6, 69, 29, 25]","{""best_k"": 4, ""best_score"": 0.4133206605911255, ""selected_cluster"": 1, ""cluster_scores"": {""0"": 1.9626781940460205, ""1"": 2.9168334007263184, ""2"": -1.0, ""3"": 1.9390045404434204}, ""num_trusted"": 3, ""fallback_used"": false}"
59,apra,apra_trust_weighted_clip,"[27, 71, 26]",[],"{""base_clip"": 1.0, ""trust_weights"": {""27"": 0.5, ""71"": 0.0, ""26"": 0.5}, ""num_aggregated"": 3}"
60,apra,apra_mad_filter,"[84, 41, 86, 94, 13, 66, 14, 51]","[0, 3]","{""median_norm"": 0.7135652458757695, ""mad"": 0.09638939169000937, ""k"": 2.0, ""num_accepted"": 8, ""safety_keep_used"": false, ""fallback_used"": false}"
60,apra,apra_hierarchical_cluster,"[84, 86, 94, 13, 66, 14, 51]",[41],"{""best_k"": 2, ""best_score"": 0.8069854378700256, ""selected_cluster"": 0, ""cluster_scores"": {""0"": 6.976125717163086, ""1"": -1.0}, ""num_trusted"": 7, ""fallback_used"": false}"
60,apra,apra_trust_weighted_clip,"[84, 86, 94, 13, 66, 14, 51]",[],"{""base_clip"": 1.0, ""trust_weights"": {""84"": 0.18849098682403564, ""86"": 0.05754506215453148, ""94"": 0.18849098682403564, ""13"": 0.18849098682403564, ""66"": 0.0, ""14"": 0.18849098682403564, ""51"": 0.18849098682403564}, ""num_aggregated"": 7}"
61,apra,apra_mad_filter,"[36, 70, 21, 32, 55, 18, 69, 8]","[3, 1]","{""median_norm"": 0.5780148047010168, ""mad"": 0.06127093255339244, ""k"": 2.0, ""num_accepted"": 8, ""safety_keep_used"": false, ""fallback_used"": false}"
61,apra,apra_hierarchical_cluster,"[70, 21, 55, 18]","[36, 32, 69, 8]","{""best_k"": 4, ""best_score"": 0.5616539716720581, ""selected_cluster"": 0, ""cluster_scores"": {""0"": 3.9331557750701904, ""1"": 1.979125738143921, ""2"": -1.0, ""3"": -1.0}, ""num_trusted"": 4, ""fallback_used"": false}"
61,apra,apra_trust_weighted_clip,"[70, 21, 55, 18]",[],"{""base_clip"": 1.0, ""trust_weights"": {""70"": 0.0, ""21"": 0.5, ""55"": 0.5, ""18"": 0.0}, ""num_aggregated"": 4}"
62,apra,apra_mad_filter,"[77, 29, 65, 68, 89, 95, 79, 83]","[0, 47]","{""median_norm"": 0.6095453812222416, ""mad"": 0.05247285217279979, ""k"": 2.0, ""num_accepted"": 8, ""safety_keep_used"": false, ""fallback_used"": false}"
62,apra,apra_hierarchical_cluster,"[77, 29, 65, 68, 89, 79, 83]",[95],"{""best_k"": 2, ""best_score"": 0.6143844723701477, ""selected_cluster"": 0, ""cluster_scores"": {""0"": 6.711249351501465, ""1"": -1.0}, ""num_trusted"": 7, ""fallback_used"": false}"
62,apra,apra_trust_weighted_clip,"[77, 29, 65, 68, 89, 79, 83]",[],"{""base_clip"": 1.0, ""trust_weights"": {""77"": 0.17233966290950775, ""29"": 0.13830174505710602, ""65"": 0.0, ""68"": 0.17233966290950775, ""89"": 0.17233966290950775, ""79"": 0.17233966290950775, ""83"": 0.17233966290950775}, ""num_aggregated"": 7}"
63,apra,apra_mad_filter,"[10, 15, 46, 36, 86, 73, 62, 70]","[1, 31]","{""median_norm"": 0.5742790051751852, ""mad"": 0.0955888354804495, ""k"": 2.0, ""num_accepted"": 8, ""safety_keep_used"": false, ""fallback_used"": false}"
63,apra,apra_hierarchical_cluster,"[15, 46, 36, 86, 62, 70]","[10, 73]","{""best_k"": 2, ""best_score"": 0.6524635553359985, ""selected_cluster"": 1, ""cluster_scores"": {""0"": 1.9563593864440918, ""1"": 4.916366100311279}, ""num_trusted"": 6, ""fallback_used"": false}"
63,apra,apra_trust_weighted_clip,"[15, 46, 36, 86, 62, 70]",[],"{""base_clip"": 1.0, ""trust_weights"": {""15"": 0.20000000298023224, ""46"": 0.20000000298023224, ""36"": 0.20000000298023224, ""86"": 0.20000000298023224, ""62"": 0.20000000298023224, ""70"": 0.0}, ""num_aggregated"": 6}"
64,apra,apra_mad_filter,"[47, 63, 32, 34, 12, 41, 75, 11]","[0, 3]","{""median_norm"": 0.6408184764452245, ""mad"": 0.13658562020315385, ""k"": 2.0, ""num_accepted"": 8, ""safety_keep_used"": false, ""fallback_used"": false}"
64,apra,apra_hierarchical_cluster,"[63, 34, 12, 75, 11]","[47, 32, 41]","{""best_k"": 3, ""best_score"": 0.6944591999053955, ""selected_cluster"": 2, ""cluster_scores"": {""0"": 1.980496883392334, ""1"": -1.0, ""2"": 4.9897027015686035}, ""num_trusted"": 5, ""fallback_used"": false}"
64,apra,apra_trust_weighted_clip,"[63, 34, 12, 75, 11]",[],"{""base_clip"": 1.0, ""trust_weights"": {""63"": 0.25, ""34"": 0.25, ""12"": 0.25, ""75"": 0.0, ""11"": 0.25}, ""num_aggregated"": 5}"
65,apra,apra_mad_filter,"[55, 65, 54, 24, 31, 92, 49, 46]","[3, 1]","{""median_norm"": 0.8943597586359561, ""mad"": 0.18429758924840722, ""k"": 2.0, ""num_accepted"": 8, ""safety_keep_used"": false, ""fallback_used"": false}"
65,apra,apra_hierarchical_cluster,"[55, 65, 24, 92, 49, 46]","[54, 31]","{""best_k"": 3, ""best_score"": 0.6804348826408386, ""selected_cluster"": 0, ""cluster_scores"": {""0"": 5.781362056732178, ""1"": -1.0, ""2"": -1.0}, ""num_trusted"": 6, ""fallback_used"": false}"
65,apra,apra_trust_weighted_clip,"[55, 65, 24, 92, 49, 46]",[],"{""base_clip"": 1.0, ""trust_weights"": {""55"": 0.20000000298023224, ""65"": 0.0, ""24"": 0.20000000298023224, ""92"": 0.20000000298023224, ""49"": 0.20000000298023224, ""46"": 0.20000000298023224}, ""num_aggregated"": 6}"
66,apra,apra_mad_filter,"[38, 51, 5, 19, 53, 84, 23, 40, 64]",[0],"{""median_norm"": 0.6846259750135961, ""mad"": 0.10571726699397671, ""k"": 2.0, ""num_accepted"": 9, ""safety_keep_used"": false, ""fallback_used"": false}"
66,apra,apra_hierarchical_cluster,"[38, 51, 19, 53, 84, 23, 40, 64]",[5],"{""best_k"": 2, ""best_score"": 0.653206467628479, ""selected_cluster"": 0, ""cluster_scores"": {""0"": 6.523142337799072, ""1"": -1.0}, ""num_trusted"": 8, ""fallback_used"": false}"
66,apra,apra_trust_weighted_clip,"[38, 51, 19, 53, 84, 23, 40, 64]",[],"{""base_clip"": 1.0, ""trust_weights"": {""38"": 0.1428571492433548, ""51"": 0.1428571492433548, ""19"": 0.0, ""53"": 0.1428571492433548, ""84"": 0.1428571492433548, ""23"": 0.1428571492433548, ""40"": 0.1428571492433548, ""64"": 0.1428571492433548}, ""num_aggregated"": 8}"
67,apra,apra_mad_filter,"[82, 78, 19, 44, 14, 71, 90, 55]","[4, 17]","{""median_norm"": 0.6290881850662251, ""mad"": 0.101307717275823, ""k"": 2.0, ""num_accepted"": 8, ""safety_keep_used"": false, ""fallback_used"": false}"
67,apra,apra_hierarchical_cluster,"[82, 78, 44, 14, 71, 90, 55]",[19],"{""best_k"": 2, ""best_score"": 0.3580397963523865, ""selected_cluster"": 0, ""cluster_scores"": {""0"": 2.6409122943878174, ""1"": -1.0}, ""num_trusted"": 7, ""fallback_used"": false}"
67,apra,apra_trust_weighted_clip,"[82, 78, 44, 14, 71, 90, 55]",[],"{""base_clip"": 1.0, ""trust_weights"": {""82"": 0.011598734185099602, ""78"": 0.0, ""44"": 0.0, ""14"": 0.3294670879840851, ""71"": 0.0, ""90"": 0.3294670879840851, ""55"": 0.3294670879840851}, ""num_aggregated"": 7}"
68,apra,apra_mad_filter,"[32, 44, 6, 54, 17, 9, 8, 68, 38]",[0],"{""median_norm"": 0.6200581376064855, ""mad"": 0.12348253035148682, ""k"": 2.0, ""num_accepted"": 9, ""safety_keep_used"": false, ""fallback_used"": false}"
68,apra,apra_hierarchical_cluster,"[44, 6, 17, 9, 68, 38]","[32, 54, 8]","{""best_k"": 3, ""best_score"": 0.6052684187889099, ""selected_cluster"": 0, ""cluster_scores"": {""0"": 4.701681137084961, ""1"": -1.0, ""2"": 1.985610008239746}, ""num_trusted"": 6, ""fallback_used"": false}"
68,apra,apra_trust_weighted_clip,"[44, 6, 17, 9, 68, 38]",[],"{""base_clip"": 1.0, ""trust_weights"": {""44"": 0.0, ""6"": 0.2517939805984497, ""17"": 0.2517939805984497, ""9"": 0.0, ""68"": 0.24461804330348969, ""38"": 0.2517939805984497}, ""num_aggregated"": 6}"
69,apra,apra_mad_filter,"[10, 42, 62, 79, 75, 64, 84, 51]","[0, 3]","{""median_norm"": 0.6065997272254551, ""mad"": 0.10224459189346888, ""k"": 2.0, ""num_accepted"": 8, ""safety_keep_used"": false, ""fallback_used"": false}"
69,apra,apra_hierarchical_cluster,"[62, 79, 64]","[10, 42, 75, 84, 51]","{""best_k"": 4, ""best_score"": 0.3472703993320465, ""selected_cluster"": 1, ""cluster_scores"": {""0"": 2.909996271133423, ""1"": 2.988856315612793, ""2"": -1.0, ""3"": -1.0}, ""num_trusted"": 3, ""fallback_used"": false}"
69,apra,apra_trust_weighted_clip,"[62, 79, 64]",[],"{""base_clip"": 1.0, ""trust_weights"": {""62"": 0.5, ""79"": 0.0, ""64"": 0.5}, ""num_aggregated"": 3}"
70,apra,apra_mad_filter,"[91, 79, 68, 9, 5, 73, 62, 83, 46]",[1],"{""median_norm"": 0.561293327149313, ""mad"": 0.06650835168076863, ""k"": 2.0, ""num_accepted"": 9, ""safety_keep_used"": false, ""fallback_used"": false}"
70,apra,apra_hierarchical_cluster,"[91, 79, 68, 9, 5, 62, 83, 46]",[73],"{""best_k"": 2, ""best_score"": 0.7127752304077148, ""selected_cluster"": 0, ""cluster_scores"": {""0"": 5.483646392822266, ""1"": -1.0}, ""num_trusted"": 8, ""fallback_used"": false}"
70,apra,apra_trust_weighted_clip,"[91, 79, 68, 9, 5, 62, 83, 46]",[],"{""base_clip"": 1.0, ""trust_weights"": {""91"": 0.0, ""79"": 0.2900434732437134, ""68"": 0.2900434732437134, ""9"": 0.005563794635236263, ""5"": 0.005563794635236263, ""62"": 0.0, ""83"": 0.2043927013874054, ""46"": 0.2043927013874054}, ""num_aggregated"": 8}"
71,apra,apra_mad_filter,"[55, 68, 51, 54, 48, 7, 69, 28, 71]",[1],"{""median_norm"": 0.61229196329097, ""mad"": 0.06935153454824428, ""k"": 2.0, ""num_accepted"": 9, ""safety_keep_used"": false, ""fallback_used"": false}"
71,apra,apra_hierarchical_cluster,"[55, 68, 51, 7, 69, 28, 71]","[54, 48]","{""best_k"": 3, ""best_score"": 0.6488101482391357, ""selected_cluster"": 0, ""cluster_scores"": {""0"": 5.536468505859375, ""1"": -1.0, ""2"": -1.0}, ""num_trusted"": 7, ""fallback_used"": false}"
71,apra,apra_trust_weighted_clip,"[55, 68, 51, 7, 69, 28, 71]",[],"{""base_clip"": 1.0, ""trust_weights"": {""55"": 0.24678447842597961, ""68"": 0.2532155513763428, ""51"": 0.2532155513763428, ""7"": 0.0, ""69"": 0.0, ""28"": 0.24678447842597961, ""71"": 0.0}, ""num_aggregated"": 7}"
72,apra,apra_mad_filter,"[51, 72, 87, 21, 15, 38, 6, 57]","[0, 98]","{""median_norm"": 0.5369474183227542, ""mad"": 0.06966299943920182, ""k"": 2.0, ""num_accepted"": 8, ""safety_keep_used"": false, ""fallback_used"": false}"
72,apra,apra_hierarchical_cluster,"[51, 87, 38, 57]","[72, 21, 15, 6]","{""best_k"": 3, ""best_score"": 0.6377912163734436, ""selected_cluster"": 2, ""cluster_scores"": {""0"": 1.9853191375732422, ""1"": 1.9979342222213745, ""2"": 3.995624542236328}, ""num_trusted"": 4, ""fallback_used"": false}"
72,apra,apra_trust_weighted_clip,"[51, 87, 38, 57]",[],"{""base_clip"": 1.0, ""trust_weights"": {""51"": 0.5, ""87"": 0.5, ""38"": 0.0, ""57"": 0.0}, ""num_aggregated"": 4}"
73,apra,apra_mad_filter,"[61, 26, 7, 68, 59, 11, 36, 97]","[1, 88]","{""median_norm"": 0.650579977908442, ""mad"": 0.11641537237426364, ""k"": 2.0, ""num_accepted"": 8, ""safety_keep_used"": false, ""fallback_used"": false}"
73,apra,apra_hierarchical_cluster,"[61, 7, 68, 59, 11, 36, 97]",[26],"{""best_k"": 2, ""best_score"": 0.5870157480239868, ""selected_cluster"": 0, ""cluster_scores"": {""0"": 6.6914167404174805, ""1"": -1.0}, ""num_trusted"": 7, ""fallback_used"": false}"
73,apra,apra_trust_weighted_clip,"[61, 7, 68, 59, 11, 36, 97]",[],"{""base_clip"": 1.0, ""trust_weights"": {""61"": 0.1666666716337204, ""7"": 0.1666666716337204, ""68"": 0.1666666716337204, ""59"": 0.1666666716337204, ""11"": 0.1666666716337204, ""36"": 0.0, ""97"": 0.1666666716337204}, ""num_aggregated"": 7}"
74,apra,apra_mad_filter,"[75, 25, 80, 78, 20, 7]","[1, 3, 2, 4]","{""median_norm"": 0.7806217729360951, ""mad"": 0.30025601418153536, ""k"": 2.0, ""num_accepted"": 6, ""safety_keep_used"": false, ""fallback_used"": false}"
74,apra,apra_hierarchical_cluster,"[75, 25, 80, 78, 7]",[20],"{""best_k"": 2, ""best_score"": 0.5163192749023438, ""selected_cluster"": 0, ""cluster_scores"": {""0"": 4.971582889556885, ""1"": -1.0}, ""num_trusted"": 5, ""fallback_used"": false}"
74,apra,apra_trust_weighted_clip,"[75, 25, 80, 78, 7]",[],"{""base_clip"": 1.0, ""trust_weights"": {""75"": 0.3333333432674408, ""25"": 0.0, ""80"": 0.3333333432674408, ""78"": 0.3333333432674408, ""7"": 0.0}, ""num_aggregated"": 5}"
75,apra,apra_mad_filter,"[95, 86, 51, 23, 6, 62, 81, 84]","[2, 0]","{""median_norm"": 0.5978356066059682, ""mad"": 0.08349111994530845, ""k"": 2.0, ""num_accepted"": 8, ""safety_keep_used"": false, ""fallback_used"": false}"
75,apra,apra_hierarchical_cluster,"[86, 51, 23, 6, 62, 81, 84]",[95],"{""best_k"": 2, ""best_score"": 0.5529680848121643, ""selected_cluster"": 0, ""cluster_scores"": {""0"": 5.74397611618042, ""1"": -1.0}, ""num_trusted"": 7, ""fallback_used"": false}"
75,apra,apra_trust_weighted_clip,"[86, 51, 23, 6, 62, 81, 84]",[],"{""base_clip"": 1.0, ""trust_weights"": {""86"": 0.1666666716337204, ""51"": 0.0, ""23"": 0.1666666716337204, ""6"": 0.1666666716337204, ""62"": 0.1666666716337204, ""81"": 0.1666666716337204, ""84"": 0.1666666716337204}, ""num_aggregated"": 7}"
76,apra,apra_mad_filter,"[64, 37, 66, 42, 84, 58, 80, 67, 92]",[2],"{""median_norm"": 0.5655976534618194, ""mad"": 0.07213559318644686, ""k"": 2.0, ""num_accepted"": 9, ""safety_keep_used"": false, ""fallback_used"": false}"
76,apra,apra_hierarchical_cluster,"[64, 37, 66, 42, 58, 80, 92]","[84, 67]","{""best_k"": 2, ""best_score"": 0.35547149181365967, ""selected_cluster"": 0, ""cluster_scores"": {""0"": 5.482146263122559, ""1"": 1.9389373064041138}, ""num_trusted"": 7, ""fallback_used"": false}"
76,apra,apra_trust_weighted_clip,"[64, 37, 66, 42, 58, 80, 92]",[],"{""base_clip"": 1.0, ""trust_weights"": {""64"": 0.20000000298023224, ""37"": 0.20000000298023224, ""66"": 0.20000000298023224, ""42"": 0.0, ""58"": 0.0, ""80"": 0.20000000298023224, ""92"": 0.20000000298023224}, ""num_aggregated"": 7}"
77,apra,apra_mad_filter,"[68, 79, 22, 9, 30, 60, 69, 16, 43]",[4],"{""median_norm"": 0.5893730579982723, ""mad"": 0.07239732105043789, ""k"": 2.0, ""num_accepted"": 9, ""safety_keep_used"": false, ""fallback_used"": false}"
77,apra,apra_hierarchical_cluster,"[68, 79, 22, 30, 60, 16, 43]","[9, 69]","{""best_k"": 3, ""best_score"": 0.49823153018951416, ""selected_cluster"": 0, ""cluster_scores"": {""0"": 4.851531028747559, ""1"": -1.0, ""2"": -1.0}, ""num_trusted"": 7, ""fallback_used"": false}"
77,apra,apra_trust_weighted_clip,"[68, 79, 22, 30, 60, 16, 43]",[],"{""base_clip"": 1.0, ""trust_weights"": {""68"": 0.1666666716337204, ""79"": 0.1666666716337204, ""22"": 0.1666666716337204, ""30"": 0.0, ""60"": 0.1666666716337204, ""16"": 0.1666666716337204, ""43"": 0.1666666716337204}, ""num_aggregated"": 7}"
78,apra,apra_mad_filter,"[20, 77, 27, 23, 18, 74, 59, 86, 87]",[1],"{""median_norm"": 0.5684286915857495, ""mad"": 0.11948635318098161, ""k"": 2.0, ""num_accepted"": 9, ""safety_keep_used"": false, ""fallback_used"": false}"
78,apra,apra_hierarchical_cluster,"[20, 77, 27, 23, 18, 74, 86, 87]",[59],"{""best_k"": 2, ""best_score"": 0.44215714931488037, ""selected_cluster"": 0, ""cluster_scores"": {""0"": 6.1066083908081055, ""1"": -1.0}, ""num_trusted"": 8, ""fallback_used"": false}"
78,apra,apra_trust_weighted_clip,"[20, 77, 27, 23, 18, 74, 86, 87]",[],"{""base_clip"": 1.0, ""trust_weights"": {""20"": 0.0, ""77"": 0.20000000298023224, ""27"": 0.20000000298023224, ""23"": 0.0, ""18"": 0.0, ""74"": 0.20000000298023224, ""86"": 0.20000000298023224, ""87"": 0.20000000298023224}, ""num_aggregated"": 8}"
79,apra,apra_mad_filter,"[99, 42, 5, 15, 38, 76, 86, 87]","[1, 33]","{""median_norm"": 0.5248981944657536, ""mad"": 0.03855330629681997, ""k"": 2.0, ""num_accepted"": 8, ""safety_keep_used"": false, ""fallback_used"": false}"
79,apra,apra_hierarchical_cluster,"[5, 38, 76, 86, 87]","[99, 42, 15]","{""best_k"": 4, ""best_score"": 0.527028501033783, ""selected_cluster"": 0, ""cluster_scores"": {""0"": 4.980137348175049, ""1"": -1.0, ""2"": -1.0, ""3"": -1.0}, ""num_trusted"": 5, ""fallback_used"": false}"
79,apra,apra_trust_weighted_clip,"[5, 38, 76, 86, 87]",[],"{""base_clip"": 1.0, ""trust_weights"": {""5"": 0.2157522290945053, ""38"": 0.2842477858066559, ""76"": 0.2842477858066559, ""86"": 0.0, ""87"": 0.2157522290945053}, ""num_aggregated"": 5}"
80,apra,apra_mad_filter,"[71, 38, 63, 99, 48, 31, 83, 11]","[1, 88]","{""median_norm"": 0.6458056354624762, ""mad"": 0.0920456048983091, ""k"": 2.0, ""num_accepted"": 8, ""safety_keep_used"": false, ""fallback_used"": false}"
80,apra,apra_hierarchical_cluster,"[71, 38, 63, 99, 48, 83, 11]",[31],"{""best_k"": 2, ""best_score"": 0.6495335102081299, ""selected_cluster"": 0, ""cluster_scores"": {""0"": 5.769576072692871, ""1"": -1.0}, ""num_trusted"": 7, ""fallback_used"": false}"
80,apra,apra_trust_weighted_clip,"[71, 38, 63, 99, 48, 83, 11]",[],"{""base_clip"": 1.0, ""trust_weights"": {""71"": 0.1666666716337204, ""38"": 0.1666666716337204, ""63"": 0.1666666716337204, ""99"": 0.1666666716337204, ""48"": 0.0, ""83"": 0.1666666716337204, ""11"": 0.1666666716337204}, ""num_aggregated"": 7}"
81,apra,apra_mad_filter,"[69, 52, 40, 47, 77, 35, 59, 70, 7]",[4],"{""median_norm"": 0.6478418782633377, ""mad"": 0.06743723648114375, ""k"": 2.0, ""num_accepted"": 9, ""safety_keep_used"": false, ""fallback_used"": false}"
81,apra,apra_hierarchical_cluster,"[69, 52, 40, 77, 35, 59, 70, 7]",[47],"{""best_k"": 2, ""best_score"": 0.63457852602005, ""selected_cluster"": 0, ""cluster_scores"": {""0"": 4.419977188110352, ""1"": -1.0}, ""num_trusted"": 8, ""fallback_used"": false}"
81,apra,apra_trust_weighted_clip,"[69, 52, 40, 77, 35, 59, 70, 7]",[],"{""base_clip"": 1.0, ""trust_weights"": {""69"": 0.1428571492433548, ""52"": 0.1428571492433548, ""40"": 0.1428571492433548, ""77"": 0.1428571492433548, ""35"": 0.0, ""59"": 0.1428571492433548, ""70"": 0.1428571492433548, ""7"": 0.1428571492433548}, ""num_aggregated"": 8}"
82,apra,apra_mad_filter,"[61, 81, 74, 23, 95, 35, 97, 55, 28]",[0],"{""median_norm"": 0.5927759061545697, ""mad"": 0.1581686584804482, ""k"": 2.0, ""num_accepted"": 9, ""safety_keep_used"": false, ""fallback_used"": false}"
82,apra,apra_hierarchical_cluster,"[61, 81, 74, 23, 95, 35, 55, 28]",[97],"{""best_k"": 2, ""best_score"": 0.6244615912437439, ""selected_cluster"": 0, ""cluster_scores"": {""0"": 6.999678134918213, ""1"": -1.0}, ""num_trusted"": 8, ""fallback_used"": false}"
82,apra,apra_trust_weighted_clip,"[61, 81, 74, 23, 95, 35, 55, 28]",[],"{""base_clip"": 1.0, ""trust_weights"": {""61"": 0.1428571492433548, ""81"": 0.1428571492433548, ""74"": 0.1428571492433548, ""23"": 0.1428571492433548, ""95"": 0.0, ""35"": 0.1428571492433548, ""55"": 0.1428571492433548, ""28"": 0.1428571492433548}, ""num_aggregated"": 8}"
83,apra,apra_mad_filter,"[53, 77, 67, 31, 62, 45, 47, 82, 84]",[3],"{""median_norm"": 0.7492059146238054, ""mad"": 0.11143846460797524, ""k"": 2.0, ""num_accepted"": 9, ""safety_keep_used"": false, ""fallback_used"": false}"
83,apra,apra_hierarchical_cluster,"[53, 77, 67, 62, 45, 47, 82, 84]",[31],"{""best_k"": 2, ""best_score"": 0.7517915964126587, ""selected_cluster"": 0, ""cluster_scores"": {""0"": 5.460798740386963, ""1"": -1.0}, ""num_trusted"": 8, ""fallback_used"": false}"
83,apra,apra_trust_weighted_clip,"[53, 77, 67, 62, 45, 47, 82, 84]",[],"{""base_clip"": 1.0, ""trust_weights"": {""53"": 0.1428571492433548, ""77"": 0.1428571492433548, ""67"": 0.1428571492433548, ""62"": 0.1428571492433548, ""45"": 0.1428571492433548, ""47"": 0.0, ""82"": 0.1428571492433548, ""84"": 0.1428571492433548}, ""num_aggregated"": 8}"
84,apra,apra_mad_filter,"[83, 36, 44, 70, 32, 64, 47, 5]","[2, 3]","{""median_norm"": 0.7369432096318169, ""mad"": 0.19894180936689115, ""k"": 2.0, ""num_accepted"": 8, ""safety_keep_used"": false, ""fallback_used"": false}"
84,apra,apra_hierarchical_cluster,"[83, 36, 44, 70, 64, 47]","[32, 5]","{""best_k"": 3, ""best_score"": 0.43034642934799194, ""selected_cluster"": 0, ""cluster_scores"": {""0"": 5.546135425567627, ""1"": -1.0, ""2"": -1.0}, ""num_trusted"": 6, ""fallback_used"": false}"
84,apra,apra_trust_weighted_clip,"[83, 36, 44, 70, 64, 47]",[],"{""base_clip"": 1.0, ""trust_weights"": {""83"": 0.20000000298023224, ""36"": 0.0, ""44"": 0.20000000298023224, ""70"": 0.20000000298023224, ""64"": 0.20000000298023224, ""47"": 0.20000000298023224}, ""num_aggregated"": 6}"
85,apra,apra_mad_filter,"[96, 60, 5, 79, 75, 94]","[0, 95, 64, 7]","{""median_norm"": 0.5208438701596388, ""mad"": 0.05332199546831598, ""k"": 2.0, ""num_accepted"": 6, ""safety_keep_used"": false, ""fallback_used"": false}"
85,apra,apra_hierarchical_cluster,"[60, 5, 79, 94]","[96, 75]","{""best_k"": 2, ""best_score"": 0.4942687749862671, ""selected_cluster"": 1, ""cluster_scores"": {""0"": 1.80662202835083, ""1"": 3.9499564170837402}, ""num_trusted"": 4, ""fallback_used"": false}"
85,apra,apra_trust_weighted_clip,"[60, 5, 79, 94]",[],"{""base_clip"": 1.0, ""trust_weights"": {""60"": 0.0, ""5"": 0.0, ""79"": 0.5, ""94"": 0.5}, ""num_aggregated"": 4}"
86,apra,apra_mad_filter,"[15, 57, 19, 13, 81, 10, 30, 99, 47]",[1],"{""median_norm"": 0.5316816726315308, ""mad"": 0.07386570279404381, ""k"": 2.0, ""num_accepted"": 9, ""safety_keep_used"": false, ""fallback_used"": false}"
86,apra,apra_hierarchical_cluster,"[15, 57, 19, 13, 81, 10, 30, 47]",[99],"{""best_k"": 2, ""best_score"": 0.4156281054019928, ""selected_cluster"": 0, ""cluster_scores"": {""0"": 5.237309455871582, ""1"": -1.0}, ""num_trusted"": 8, ""fallback_used"": false}"
86,apra,apra_trust_weighted_clip,"[15, 57, 19, 13, 81, 10, 30, 47]",[],"{""base_clip"": 1.0, ""trust_weights"": {""15"": 0.1428571492433548, ""57"": 0.1428571492433548, ""19"": 0.1428571492433548, ""13"": 0.1428571492433548, ""81"": 0.1428571492433548, ""10"": 0.1428571492433548, ""30"": 0.0, ""47"": 0.1428571492433548}, ""num_aggregated"": 8}"
87,apra,apra_mad_filter,"[91, 65, 37, 25, 27, 31, 15, 97]","[4, 0]","{""median_norm"": 0.5923909871523739, ""mad"": 0.1392172091218629, ""k"": 2.0, ""num_accepted"": 8, ""safety_keep_used"": false, ""fallback_used"": false}"
87,apra,apra_hierarchical_cluster,"[91, 65, 37, 25, 27, 15, 97]",[31],"{""best_k"": 2, ""best_score"": 0.6066430807113647, ""selected_cluster"": 0, ""cluster_scores"": {""0"": 6.593044281005859, ""1"": -1.0}, ""num_trusted"": 7, ""fallback_used"": false}"
87,apra,apra_trust_weighted_clip,"[91, 65, 37, 25, 27, 15, 97]",[],"{""base_clip"": 1.0, ""trust_weights"": {""91"": 0.1666666716337204, ""65"": 0.1666666716337204, ""37"": 0.1666666716337204, ""25"": 0.1666666716337204, ""27"": 0.1666666716337204, ""15"": 0.1666666716337204, ""97"": 0.0}, ""num_aggregated"": 7}"
88,apra,apra_mad_filter,"[87, 54, 75, 34, 15, 7, 11, 40]","[2, 3]","{""median_norm"": 0.6847761224888379, ""mad"": 0.1620263108260218, ""k"": 2.0, ""num_accepted"": 8, ""safety_keep_used"": false, ""fallback_used"": false}"
88,apra,apra_hierarchical_cluster,"[87, 75, 34, 15, 7, 11, 40]",[54],"{""best_k"": 2, ""best_score"": 0.7695144414901733, ""selected_cluster"": 0, ""cluster_scores"": {""0"": 6.317280292510986, ""1"": -1.0}, ""num_trusted"": 7, ""fallback_used"": false}"
88,apra,apra_trust_weighted_clip,"[87, 75, 34, 15, 7, 11, 40]",[],"{""base_clip"": 1.0, ""trust_weights"": {""87"": 0.1666666716337204, ""75"": 0.1666666716337204, ""34"": 0.1666666716337204, ""15"": 0.0, ""7"": 0.1666666716337204, ""11"": 0.1666666716337204, ""40"": 0.1666666716337204}, ""num_aggregated"": 7}"
89,apra,apra_mad_filter,"[12, 80, 87, 26, 27, 42, 24]","[3, 4, 0]","{""median_norm"": 0.630852003349264, ""mad"": 0.12499967246209823, ""k"": 2.0, ""num_accepted"": 7, ""safety_keep_used"": false, ""fallback_used"": false}"
89,apra,apra_hierarchical_cluster,"[12, 80, 87, 27, 42, 24]",[26],"{""best_k"": 2, ""best_score"": 0.44668370485305786, ""selected_cluster"": 0, ""cluster_scores"": {""0"": 5.656757354736328, ""1"": -1.0}, ""num_trusted"": 6, ""fallback_used"": false}"
89,apra,apra_trust_weighted_clip,"[12, 80, 87, 27, 42, 24]",[],"{""base_clip"": 1.0, ""trust_weights"": {""12"": 0.2003307044506073, ""80"": 0.2003307044506073, ""87"": 0.2003307044506073, ""27"": 0.2003307044506073, ""42"": 0.198677197098732, ""24"": 0.0}, ""num_aggregated"": 6}"
90,apra,apra_mad_filter,"[22, 23, 50, 7, 73, 27, 10, 96]","[3, 88]","{""median_norm"": 0.6667798398339628, ""mad"": 0.13990333073128036, ""k"": 2.0, ""num_accepted"": 8, ""safety_keep_used"": false, ""fallback_used"": false}"
90,apra,apra_hierarchical_cluster,"[22, 23, 50, 7, 27, 96]","[73, 10]","{""best_k"": 2, ""best_score"": 0.602273166179657, ""selected_cluster"": 0, ""cluster_scores"": {""0"": 5.919101715087891, ""1"": 1.9662108421325684}, ""num_trusted"": 6, ""fallback_used"": false}"
90,apra,apra_trust_weighted_clip,"[22, 23, 50, 7, 27, 96]",[],"{""base_clip"": 1.0, ""trust_weights"": {""22"": 0.20000000298023224, ""23"": 0.20000000298023224, ""50"": 0.20000000298023224, ""7"": 0.20000000298023224, ""27"": 0.20000000298023224, ""96"": 0.0}, ""num_aggregated"": 6}"
91,apra,apra_mad_filter,"[17, 98, 50, 52, 30, 15, 49, 13, 38]",[2],"{""median_norm"": 0.7009153451532226, ""mad"": 0.16593145573481283, ""k"": 2.0, ""num_accepted"": 9, ""safety_keep_used"": false, ""fallback_used"": false}"
91,apra,apra_hierarchical_cluster,"[98, 50, 52, 15, 38]","[17, 30, 49, 13]","{""best_k"": 4, ""best_score"": 0.5654194355010986, ""selected_cluster"": 0, ""cluster_scores"": {""0"": 4.788058280944824, ""1"": 1.996065378189087, ""2"": -1.0, ""3"": -1.0}, ""num_trusted"": 5, ""fallback_used"": false}"
91,apra,apra_trust_weighted_clip,"[98, 50, 52, 15, 38]",[],"{""base_clip"": 1.0, ""trust_weights"": {""98"": 0.25, ""50"": 0.25, ""52"": 0.25, ""15"": 0.0, ""38"": 0.25}, ""num_aggregated"": 5}"
92,apra,apra_mad_filter,"[71, 20, 25, 14, 9, 61, 11, 89]","[0, 1]","{""median_norm"": 0.6832104774648865, ""mad"": 0.23031060262965433, ""k"": 2.0, ""num_accepted"": 8, ""safety_keep_used"": false, ""fallback_used"": false}"
92,apra,apra_hierarchical_cluster,"[14, 61, 11, 89]","[71, 20, 25, 9]","{""best_k"": 3, ""best_score"": 0.5635080337524414, ""selected_cluster"": 2, ""cluster_scores"": {""0"": 1.74613356590271, ""1"": 1.987013578414917, ""2"": 3.986222743988037}, ""num_trusted"": 4, ""fallback_used"": false}"
92,apra,apra_trust_weighted_clip,"[14, 61, 11, 89]",[],"{""base_clip"": 1.0, ""trust_weights"": {""14"": 0.4663313627243042, ""61"": 0.0, ""11"": 0.4663313627243042, ""89"": 0.06733730435371399}, ""num_aggregated"": 4}"
93,apra,apra_mad_filter,"[16, 78, 75, 38, 41, 60, 95, 33, 6]",[3],"{""median_norm"": 0.5981016547647366, ""mad"": 0.1386080044846466, ""k"": 2.0, ""num_accepted"": 9, ""safety_keep_used"": false, ""fallback_used"": false}"
93,apra,apra_hierarchical_cluster,"[16, 78, 75, 38, 60, 33, 6]","[41, 95]","{""best_k"": 2, ""best_score"": 0.8800861835479736, ""selected_cluster"": 0, ""cluster_scores"": {""0"": 6.385114669799805, ""1"": 1.9995882511138916}, ""num_trusted"": 7, ""fallback_used"": false}"
93,apra,apra_trust_weighted_clip,"[16, 78, 75, 38, 60, 33, 6]",[],"{""base_clip"": 1.0, ""trust_weights"": {""16"": 0.20000000298023224, ""78"": 0.20000000298023224, ""75"": 0.20000000298023224, ""38"": 0.20000000298023224, ""60"": 0.0, ""33"": 0.20000000298023224, ""6"": 0.0}, ""num_aggregated"": 7}"
94,apra,apra_mad_filter,"[98, 15, 78, 86, 82, 74, 71]","[2, 47, 4]","{""median_norm"": 0.5254253451965005, ""mad"": 0.06667304705114419, ""k"": 2.0, ""num_accepted"": 7, ""safety_keep_used"": false, ""fallback_used"": false}"
94,apra,apra_hierarchical_cluster,"[98, 15, 78, 86, 74, 71]",[82],"{""best_k"": 2, ""best_score"": 0.6635874509811401, ""selected_cluster"": 0, ""cluster_scores"": {""0"": 5.849930286407471, ""1"": -1.0}, ""num_trusted"": 6, ""fallback_used"": false}"
94,apra,apra_trust_weighted_clip,"[98, 15, 78, 86, 74, 71]",[],"{""base_clip"": 1.0, ""trust_weights"": {""98"": 0.20000000298023224, ""15"": 0.0, ""78"": 0.20000000298023224, ""86"": 0.20000000298023224, ""74"": 0.20000000298023224, ""71"": 0.20000000298023224}, ""num_aggregated"": 6}"
95,apra,apra_mad_filter,"[77, 91, 97, 43, 53, 99, 57]","[0, 2, 1]","{""median_norm"": 0.5966743787422781, ""mad"": 0.13430526692106165, ""k"": 2.0, ""num_accepted"": 7, ""safety_keep_used"": false, ""fallback_used"": false}"
95,apra,apra_hierarchical_cluster,"[77, 91, 43, 53, 57]","[97, 99]","{""best_k"": 3, ""best_score"": 0.5337322354316711, ""selected_cluster"": 0, ""cluster_scores"": {""0"": 4.989588260650635, ""1"": -1.0, ""2"": -1.0}, ""num_trusted"": 5, ""fallback_used"": false}"
95,apra,apra_trust_weighted_clip,"[77, 91, 43, 53, 57]",[],"{""base_clip"": 1.0, ""trust_weights"": {""77"": 0.2972305715084076, ""91"": 0.0, ""43"": 0.2972305715084076, ""53"": 0.10830821096897125, ""57"": 0.2972305715084076}, ""num_aggregated"": 5}"
96,apra,apra_mad_filter,"[82, 46, 21, 54, 29, 47, 77, 48, 12]",[1],"{""median_norm"": 0.7086389297744147, ""mad"": 0.07233566782471701, ""k"": 2.0, ""num_accepted"": 9, ""safety_keep_used"": false, ""fallback_used"": false}"
96,apra,apra_hierarchical_cluster,"[82, 46, 21, 29, 47, 77, 12]","[54, 48]","{""best_k"": 3, ""best_score"": 0.6008643507957458, ""selected_cluster"": 0, ""cluster_scores"": {""0"": 5.732814788818359, ""1"": -1.0, ""2"": -1.0}, ""num_trusted"": 7, ""fallback_used"": false}"
96,apra,apra_trust_weighted_clip,"[82, 46, 21, 29, 47, 77, 12]",[],"{""base_clip"": 1.0, ""trust_weights"": {""82"": 0.1666666716337204, ""46"": 0.1666666716337204, ""21"": 0.1666666716337204, ""29"": 0.1666666716337204, ""47"": 0.0, ""77"": 0.1666666716337204, ""12"": 0.1666666716337204}, ""num_aggregated"": 7}"
97,apra,apra_mad_filter,"[56, 31, 47, 24, 34, 15, 84, 20]","[3, 4]","{""median_norm"": 0.9024603069211996, ""mad"": 0.2459061763035214, ""k"": 2.0, ""num_accepted"": 8, ""safety_keep_used"": false, ""fallback_used"": false}"
97,apra,apra_hierarchical_cluster,"[56, 24, 34, 15, 84, 20]","[31, 47]","{""best_k"": 2, ""best_score"": 0.43999946117401123, ""selected_cluster"": 0, ""cluster_scores"": {""0"": 4.753785133361816, ""1"": 1.9091384410858154}, ""num_trusted"": 6, ""fallback_used"": false}"
97,apra,apra_trust_weighted_clip,"[56, 24, 34, 15, 84, 20]",[],"{""base_clip"": 1.0, ""trust_weights"": {""56"": 0.20000000298023224, ""24"": 0.20000000298023224, ""34"": 0.20000000298023224, ""15"": 0.20000000298023224, ""84"": 0.20000000298023224, ""20"": 0.0}, ""num_aggregated"": 6}"
98,apra,apra_mad_filter,"[68, 97, 49, 62, 13, 7, 51, 42]","[1, 54]","{""median_norm"": 0.5985717082456896, ""mad"": 0.08912010133413634, ""k"": 2.0, ""num_accepted"": 8, ""safety_keep_used"": false, ""fallback_used"": false}"
98,apra,apra_hierarchical_cluster,"[68, 97, 49, 62, 13, 7, 51]",[42],"{""best_k"": 2, ""best_score"": 0.45138534903526306, ""selected_cluster"": 0, ""cluster_scores"": {""0"": 4.6154022216796875, ""1"": -1.0}, ""num_trusted"": 7, ""fallback_used"": false}"
98,apra,apra_trust_weighted_clip,"[68, 97, 49, 62, 13, 7, 51]",[],"{""base_clip"": 1.0, ""trust_weights"": {""68"": 0.0, ""97"": 0.302737295627594, ""49"": 0.302737295627594, ""62"": 0.09178807586431503, ""13"": 0.0, ""7"": 0.302737295627594, ""51"": 0.0}, ""num_aggregated"": 7}"
99,apra,apra_mad_filter,"[22, 38, 75, 25, 47, 58, 57, 37]","[3, 2]","{""median_norm"": 0.623522077500047, ""mad"": 0.11347760820301256, ""k"": 2.0, ""num_accepted"": 8, ""safety_keep_used"": false, ""fallback_used"": false}"
99,apra,apra_hierarchical_cluster,"[22, 38, 75, 25, 58, 57, 37]",[47],"{""best_k"": 2, ""best_score"": 0.7342267036437988, ""selected_cluster"": 0, ""cluster_scores"": {""0"": 6.819276809692383, ""1"": -1.0}, ""num_trusted"": 7, ""fallback_used"": false}"
99,apra,apra_trust_weighted_clip,"[22, 38, 75, 25, 58, 57, 37]",[],"{""base_clip"": 1.0, ""trust_weights"": {""22"": 0.20000000298023224, ""38"": 0.20000000298023224, ""75"": 0.20000000298023224, ""25"": 0.0, ""58"": 0.0, ""57"": 0.20000000298023224, ""37"": 0.20000000298023224}, ""num_aggregated"": 7}"
100,apra,apra_mad_filter,"[86, 39, 75, 6, 48, 61, 11, 64, 44]",[0],"{""median_norm"": 0.545206584960672, ""mad"": 0.058644303924524216, ""k"": 2.0, ""num_accepted"": 9, ""safety_keep_used"": false, ""fallback_used"": false}"
100,apra,apra_hierarchical_cluster,"[86, 39, 75, 6, 61, 11, 64, 44]",[48],"{""best_k"": 2, ""best_score"": 0.7676680088043213, ""selected_cluster"": 0, ""cluster_scores"": {""0"": 4.888245105743408, ""1"": -1.0}, ""num_trusted"": 8, ""fallback_used"": false}"
100,apra,apra_trust_weighted_clip,"[86, 39, 75, 6, 61, 11, 64, 44]",[],"{""base_clip"": 1.0, ""trust_weights"": {""86"": 0.15563511848449707, ""39"": 0.06618931144475937, ""75"": 0.15563511848449707, ""6"": 0.15563511848449707, ""61"": 0.15563511848449707, ""11"": 0.15563511848449707, ""64"": 0.15563511848449707, ""44"": 0.0}, ""num_aggregated"": 8}"
101,apra,apra_mad_filter,"[20, 17, 92, 64, 80, 89, 87, 99]","[1, 88]","{""median_norm"": 0.6148691051550724, ""mad"": 0.11165754831864497, ""k"": 2.0, ""num_accepted"": 8, ""safety_keep_used"": false, ""fallback_used"": false}"
101,apra,apra_hierarchical_cluster,"[92, 64, 80, 89, 87]","[20, 17, 99]","{""best_k"": 3, ""best_score"": 0.5423591732978821, ""selected_cluster"": 1, ""cluster_scores"": {""0"": 1.0446186065673828, ""1"": 4.988326072692871, ""2"": -1.0}, ""num_trusted"": 5, ""fallback_used"": false}"
101,apra,apra_trust_weighted_clip,"[92, 64, 80, 89, 87]",[],"{""base_clip"": 1.0, ""trust_weights"": {""92"": 0.2, ""64"": 0.2, ""80"": 0.2, ""89"": 0.2, ""87"": 0.2}, ""num_aggregated"": 5}"
102,apra,apra_mad_filter,"[21, 51, 16, 41, 68, 60, 67, 91]","[2, 80]","{""median_norm"": 0.5894334904578253, ""mad"": 0.06037008936166188, ""k"": 2.0, ""num_accepted"": 8, ""safety_keep_used"": false, ""fallback_used"": false}"
102,apra,apra_hierarchical_cluster,"[21, 51, 16, 68, 60, 67, 91]",[41],"{""best_k"": 2, ""best_score"": 0.7349582314491272, ""selected_cluster"": 0, ""cluster_scores"": {""0"": 5.075468063354492, ""1"": -1.0}, ""num_trusted"": 7, ""fallback_used"": false}"
102,apra,apra_trust_weighted_clip,"[21, 51, 16, 68, 60, 67, 91]",[],"{""base_clip"": 1.0, ""trust_weights"": {""21"": 0.1666666716337204, ""51"": 0.1666666716337204, ""16"": 0.1666666716337204, ""68"": 0.1666666716337204, ""60"": 0.1666666716337204, ""67"": 0.0, ""91"": 0.1666666716337204}, ""num_aggregated"": 7}"
103,apra,apra_mad_filter,"[77, 92, 15, 52, 94, 71, 32, 13, 62]",[4],"{""median_norm"": 0.6324331899333419, ""mad"": 0.11458299785827603, ""k"": 2.0, ""num_accepted"": 9, ""safety_keep_used"": false, ""fallback_used"": false}"
103,apra,apra_hierarchical_cluster,"[77, 92, 15, 52, 94, 32, 13, 62]",[71],"{""best_k"": 2, ""best_score"": 0.5112957954406738, ""selected_cluster"": 0, ""cluster_scores"": {""0"": 1.8021669387817383, ""1"": -1.0}, ""num_trusted"": 8, ""fallback_used"": false}"
103,apra,apra_trust_weighted_clip,"[77, 92, 15, 52, 94, 32, 13, 62]",[],"{""base_clip"": 1.0, ""trust_weights"": {""77"": 0.16467809677124023, ""92"": 0.011931425891816616, ""15"": 0.16467809677124023, ""52"": 0.16467809677124023, ""94"": 0.16467809677124023, ""32"": 0.0, ""13"": 0.16467809677124023, ""62"": 0.16467809677124023}, ""num_aggregated"": 8}"
104,apra,apra_mad_filter,"[15, 12, 34, 21, 93, 38, 90]","[0, 41, 9]","{""median_norm"": 0.44949748086357477, ""mad"": 0.02697772131406409, ""k"": 2.0, ""num_accepted"": 7, ""safety_keep_used"": false, ""fallback_used"": false}"
104,apra,apra_hierarchical_cluster,"[12, 34, 21, 93, 38, 90]",[15],"{""best_k"": 2, ""best_score"": 0.7192638516426086, ""selected_cluster"": 0, ""cluster_scores"": {""0"": 5.8729777336120605, ""1"": -1.0}, ""num_trusted"": 6, ""fallback_used"": false}"
104,apra,apra_trust_weighted_clip,"[12, 34, 21, 93, 38, 90]",[],"{""base_clip"": 1.0, ""trust_weights"": {""12"": 0.22444885969161987, ""34"": 0.1022045761346817, ""21"": 0.22444885969161987, ""93"": 0.0, ""38"": 0.22444885969161987, ""90"": 0.22444885969161987}, ""num_aggregated"": 6}"
105,apra,apra_mad_filter,"[40, 54, 57, 28, 10, 87, 27, 95]","[4, 47]","{""median_norm"": 0.6028966686743245, ""mad"": 0.08865445965582397, ""k"": 2.0, ""num_accepted"": 8, ""safety_keep_used"": false, ""fallback_used"": false}"
105,apra,apra_hierarchical_cluster,"[40, 57, 28, 10, 87, 27]","[54, 95]","{""best_k"": 2, ""best_score"": 0.7266809940338135, ""selected_cluster"": 1, ""cluster_scores"": {""0"": 1.951326608657837, ""1"": 4.487863540649414}, ""num_trusted"": 6, ""fallback_used"": false}"
105,apra,apra_trust_weighted_clip,"[40, 57, 28, 10, 87, 27]",[],"{""base_clip"": 1.0, ""trust_weights"": {""40"": 0.0, ""57"": 0.5, ""28"": 0.0, ""10"": 0.0, ""87"": 0.5, ""27"": 0.0}, ""num_aggregated"": 6}"
106,apra,apra_mad_filter,"[3, 92, 34, 12, 74, 0, 88, 53, 52, 77]",[],"{""median_norm"": 0.7704548866003911, ""mad"": 0.3730750979274854, ""k"": 2.0, ""num_accepted"": 10, ""safety_keep_used"": false, ""fallback_used"": false}"
106,apra,apra_hierarchical_cluster,"[3, 92, 34, 12, 74, 53, 52, 77]","[0, 88]","{""best_k"": 3, ""best_score"": 0.7270322442054749, ""selected_cluster"": 0, ""cluster_scores"": {""0"": 7.229268550872803, ""1"": -1.0, ""2"": -1.0}, ""num_trusted"": 8, ""fallback_used"": false}"
106,apra,apra_trust_weighted_clip,"[3, 92, 34, 12, 74, 53, 52, 77]",[],"{""base_clip"": 1.0, ""trust_weights"": {""3"": 0.0, ""92"": 0.20000000298023224, ""34"": 0.20000000298023224, ""12"": 0.20000000298023224, ""74"": 0.20000000298023224, ""53"": 0.0, ""52"": 0.0, ""77"": 0.20000000298023224}, ""num_aggregated"": 8}"
107,apra,apra_mad_filter,"[40, 41, 84, 7, 70, 46, 61, 95]","[2, 0]","{""median_norm"": 0.6239210659749433, ""mad"": 0.10252154343649145, ""k"": 2.0, ""num_accepted"": 8, ""safety_keep_used"": false, ""fallback_used"": false}"
107,apra,apra_hierarchical_cluster,"[40, 84, 7, 70, 46, 61]","[41, 95]","{""best_k"": 2, ""best_score"": 0.6230181455612183, ""selected_cluster"": 1, ""cluster_scores"": {""0"": 1.329113483428955, ""1"": 5.146378040313721}, ""num_trusted"": 6, ""fallback_used"": false}"
107,apra,apra_trust_weighted_clip,"[40, 84, 7, 70, 46, 61]",[],"{""base_clip"": 1.0, ""trust_weights"": {""40"": 0.20000000298023224, ""84"": 0.20000000298023224, ""7"": 0.20000000298023224, ""70"": 0.0, ""46"": 0.20000000298023224, ""61"": 0.20000000298023224}, ""num_aggregated"": 6}"
108,apra,apra_mad_filter,"[33, 16, 84, 12, 64, 52, 60]","[1, 0, 4]","{""median_norm"": 0.5785540288353744, ""mad"": 0.12332634504940082, ""k"": 2.0, ""num_accepted"": 7, ""safety_keep_used"": false, ""fallback_used"": false}"
108,apra,apra_hierarchical_cluster,"[33, 16, 12, 64, 52, 60]",[84],"{""best_k"": 2, ""best_score"": 0.45961251854896545, ""selected_cluster"": 0, ""cluster_scores"": {""0"": 4.9842729568481445, ""1"": -1.0}, ""num_trusted"": 6, ""fallback_used"": false}"
108,apra,apra_trust_weighted_clip,"[33, 16, 12, 64, 52, 60]",[],"{""base_clip"": 1.0, ""trust_weights"": {""33"": 0.0, ""16"": 0.25, ""12"": 0.25, ""64"": 0.0, ""52"": 0.25, ""60"": 0.25}, ""num_aggregated"": 6}"
109,apra,apra_mad_filter,"[14, 27, 84, 5, 15, 87, 58, 28]","[3, 17]","{""median_norm"": 0.517467598280796, ""mad"": 0.06422708427570512, ""k"": 2.0, ""num_accepted"": 8, ""safety_keep_used"": false, ""fallback_used"": false}"
109,apra,apra_hierarchical_cluster,"[14, 27, 84, 15, 87, 58, 28]",[5],"{""best_k"": 2, ""best_score"": 0.5950582027435303, ""selected_cluster"": 0, ""cluster_scores"": {""0"": 1.736910343170166, ""1"": -1.0}, ""num_trusted"": 7, ""fallback_used"": false}"
109,apra,apra_trust_weighted_clip,"[14, 27, 84, 15, 87, 58, 28]",[],"{""base_clip"": 1.0, ""trust_weights"": {""14"": 0.1666666716337204, ""27"": 0.1666666716337204, ""84"": 0.1666666716337204, ""15"": 0.1666666716337204, ""87"": 0.1666666716337204, ""58"": 0.0, ""28"": 0.1666666716337204}, ""num_aggregated"": 7}"
110,apra,apra_mad_filter,"[29, 12, 86, 67, 81, 84, 59, 21]","[4, 3]","{""median_norm"": 0.5667085145208672, ""mad"": 0.06520097567115102, ""k"": 2.0, ""num_accepted"": 8, ""safety_keep_used"": false, ""fallback_used"": false}"
110,apra,apra_hierarchical_cluster,"[29, 12, 86, 81, 84, 21]","[67, 59]","{""best_k"": 3, ""best_score"": 0.5430454015731812, ""selected_cluster"": 0, ""cluster_scores"": {""0"": 5.198084831237793, ""1"": -1.0, ""2"": -1.0}, ""num_trusted"": 6, ""fallback_used"": false}"
110,apra,apra_trust_weighted_clip,"[29, 12, 86, 81, 84, 21]",[],"{""base_clip"": 1.0, ""trust_weights"": {""29"": 0.20000000298023224, ""12"": 0.20000000298023224, ""86"": 0.20000000298023224, ""81"": 0.20000000298023224, ""84"": 0.0, ""21"": 0.20000000298023224}, ""num_aggregated"": 6}"
111,apra,apra_mad_filter,"[1, 41, 61, 76, 49, 46, 55, 34]","[2, 4]","{""median_norm"": 0.5807595854440952, ""mad"": 0.11765456498379928, ""k"": 2.0, ""num_accepted"": 8, ""safety_keep_used"": false, ""fallback_used"": false}"
111,apra,apra_hierarchical_cluster,"[1, 61, 76, 49, 46, 55, 34]",[41],"{""best_k"": 2, ""best_score"": 0.6616640090942383, ""selected_cluster"": 0, ""cluster_scores"": {""0"": 4.578283309936523, ""1"": -1.0}, ""num_trusted"": 7, ""fallback_used"": false}"
111,apra,apra_trust_weighted_clip,"[1, 61, 76, 49, 46, 55, 34]",[],"{""base_clip"": 1.0, ""trust_weights"": {""1"": 0.0, ""61"": 0.1824077069759369, ""76"": 0.21172818541526794, ""49"": 0.0, ""46"": 0.1824077069759369, ""55"": 0.21172818541526794, ""34"": 0.21172818541526794}, ""num_aggregated"": 7}"
112,apra,apra_mad_filter,"[73, 9, 86, 84, 95, 41, 38, 17, 52]",[0],"{""median_norm"": 0.6499404919492375, ""mad"": 0.14266325429104554, ""k"": 2.0, ""num_accepted"": 9, ""safety_keep_used"": false, ""fallback_used"": false}"
112,apra,apra_hierarchical_cluster,"[73, 9, 86, 84, 38, 17, 52]","[95, 41]","{""best_k"": 2, ""best_score"": 0.6794532537460327, ""selected_cluster"": 0, ""cluster_scores"": {""0"": 2.570712089538574, ""1"": 1.992058277130127}, ""num_trusted"": 7, ""fallback_used"": false}"
112,apra,apra_trust_weighted_clip,"[73, 9, 86, 84, 38, 17, 52]",[],"{""base_clip"": 1.0, ""trust_weights"": {""73"": 0.0, ""9"": 0.1666666716337204, ""86"": 0.1666666716337204, ""84"": 0.1666666716337204, ""38"": 0.1666666716337204, ""17"": 0.1666666716337204, ""52"": 0.1666666716337204}, ""num_aggregated"": 7}"
113,apra,apra_mad_filter,"[91, 57, 71, 20, 38, 10, 16, 54, 36]",[0],"{""median_norm"": 0.6083863441534485, ""mad"": 0.09000358960622606, ""k"": 2.0, ""num_accepted"": 9, ""safety_keep_used"": false, ""fallback_used"": false}"
113,apra,apra_hierarchical_cluster,"[91, 57, 71, 20, 38, 10, 16, 36]",[54],"{""best_k"": 2, ""best_score"": 0.697441816329956, ""selected_cluster"": 0, ""cluster_scores"": {""0"": 3.5424487590789795, ""1"": -1.0}, ""num_trusted"": 8, ""fallback_used"": false}"
113,apra,apra_trust_weighted_clip,"[91, 57, 71, 20, 38, 10, 16, 36]",[],"{""base_clip"": 1.0, ""trust_weights"": {""91"": 0.1666666716337204, ""57"": 0.1666666716337204, ""71"": 0.1666666716337204, ""20"": 0.0, ""38"": 0.1666666716337204, ""10"": 0.1666666716337204, ""16"": 0.1666666716337204, ""36"": 0.0}, ""num_aggregated"": 8}"
114,apra,apra_mad_filter,"[35, 98, 89, 23, 39, 85, 91, 9, 16]",[1],"{""median_norm"": 0.5484562415153139, ""mad"": 0.11015307416917947, ""k"": 2.0, ""num_accepted"": 9, ""safety_keep_used"": false, ""fallback_used"": false}"
114,apra,apra_hierarchical_cluster,"[35, 98, 89, 39, 85, 91, 9, 16]",[23],"{""best_k"": 2, ""best_score"": 0.4024566113948822, ""selected_cluster"": 0, ""cluster_scores"": {""0"": 1.2945585250854492, ""1"": -1.0}, ""num_trusted"": 8, ""fallback_used"": false}"
114,apra,apra_trust_weighted_clip,"[35, 98, 89, 39, 85, 91, 9, 16]",[],"{""base_clip"": 1.0, ""trust_weights"": {""35"": 0.0, ""98"": 0.14820866286754608, ""89"": 0.14820866286754608, ""39"": 0.14820866286754608, ""85"": 0.1107480451464653, ""91"": 0.14820866286754608, ""9"": 0.14820866286754608, ""16"": 0.14820866286754608}, ""num_aggregated"": 8}"
115,apra,apra_mad_filter,"[61, 41, 38, 85, 51, 56, 19, 36, 97]",[2],"{""median_norm"": 0.5786189028436621, ""mad"": 0.12666601440927264, ""k"": 2.0, ""num_accepted"": 9, ""safety_keep_used"": false, ""fallback_used"": false}"
115,apra,apra_hierarchical_cluster,"[61, 38, 85, 51, 19, 97]","[41, 56, 36]","{""best_k"": 3, ""best_score"": 0.45959916710853577, ""selected_cluster"": 0, ""cluster_scores"": {""0"": 3.527155637741089, ""1"": 1.977299690246582, ""2"": -1.0}, ""num_trusted"": 6, ""fallback_used"": false}"
115,apra,apra_trust_weighted_clip,"[61, 38, 85, 51, 19, 97]",[],"{""base_clip"": 1.0, ""trust_weights"": {""61"": 0.25, ""38"": 0.25, ""85"": 0.25, ""51"": 0.0, ""19"": 0.0, ""97"": 0.25}, ""num_aggregated"": 6}"
116,apra,apra_mad_filter,"[19, 30, 8, 83, 55, 38, 96, 10]","[4, 17]","{""median_norm"": 0.6796512891427244, ""mad"": 0.096400415393324, ""k"": 2.0, ""num_accepted"": 8, ""safety_keep_used"": false, ""fallback_used"": false}"
116,apra,apra_hierarchical_cluster,"[19, 30, 83, 55, 38, 96, 10]",[8],"{""best_k"": 2, ""best_score"": 0.5710437893867493, ""selected_cluster"": 0, ""cluster_scores"": {""0"": 3.5294198989868164, ""1"": -1.0}, ""num_trusted"": 7, ""fallback_used"": false}"
116,apra,apra_trust_weighted_clip,"[19, 30, 83, 55, 38, 96, 10]",[],"{""base_clip"": 1.0, ""trust_weights"": {""19"": 0.06449925899505615, ""30"": 0.024557840079069138, ""83"": 0.2277357280254364, ""55"": 0.2277357280254364, ""38"": 0.2277357280254364, ""96"": 0.0, ""10"": 0.2277357280254364}, ""num_aggregated"": 7}"
117,apra,apra_mad_filter,"[55, 66, 34, 52, 8, 29, 67, 77, 45]",[0],"{""median_norm"": 0.5774809673603933, ""mad"": 0.09845872977456013, ""k"": 2.0, ""num_accepted"": 9, ""safety_keep_used"": false, ""fallback_used"": false}"
117,apra,apra_hierarchical_cluster,"[55, 66, 34, 52, 29, 67, 77, 45]",[8],"{""best_k"": 2, ""best_score"": 0.7414976358413696, ""selected_cluster"": 0, ""cluster_scores"": {""0"": 7.023196220397949, ""1"": -1.0}, ""num_trusted"": 8, ""fallback_used"": false}"
117,apra,apra_trust_weighted_clip,"[55, 66, 34, 52, 29, 67, 77, 45]",[],"{""base_clip"": 1.0, ""trust_weights"": {""55"": 0.1428571492433548, ""66"": 0.1428571492433548, ""34"": 0.1428571492433548, ""52"": 0.1428571492433548, ""29"": 0.1428571492433548, ""67"": 0.1428571492433548, ""77"": 0.1428571492433548, ""45"": 0.0}, ""num_aggregated"": 8}"
118,apra,apra_mad_filter,"[81, 90, 44, 79, 20, 31, 36, 89, 55]",[0],"{""median_norm"": 0.5951354332423823, ""mad"": 0.06921246358786304, ""k"": 2.0, ""num_accepted"": 9, ""safety_keep_used"": false, ""fallback_used"": false}"
118,apra,apra_hierarchical_cluster,"[81, 90, 44, 79, 20, 36, 89, 55]",[31],"{""best_k"": 2, ""best_score"": 0.7830697298049927, ""selected_cluster"": 0, ""cluster_scores"": {""0"": 4.639389991760254, ""1"": -1.0}, ""num_trusted"": 8, ""fallback_used"": false}"
118,apra,apra_trust_weighted_clip,"[81, 90, 44, 79, 20, 36, 89, 55]",[],"{""base_clip"": 1.0, ""trust_weights"": {""81"": 0.1428571492433548, ""90"": 0.1428571492433548, ""44"": 0.1428571492433548, ""79"": 0.1428571492433548, ""20"": 0.0, ""36"": 0.1428571492433548, ""89"": 0.1428571492433548, ""55"": 0.1428571492433548}, ""num_aggregated"": 8}"
119,apra,apra_mad_filter,"[41, 19, 9, 97, 64, 37, 55, 33, 42]",[3],"{""median_norm"": 0.641771052330903, ""mad"": 0.10371348005351383, ""k"": 2.0, ""num_accepted"": 9, ""safety_keep_used"": false, ""fallback_used"": false}"
119,apra,apra_hierarchical_cluster,"[19, 9, 97, 64, 37, 55, 33]","[41, 42]","{""best_k"": 3, ""best_score"": 0.5152794122695923, ""selected_cluster"": 0, ""cluster_scores"": {""0"": 1.3276644945144653, ""1"": -1.0, ""2"": -1.0}, ""num_trusted"": 7, ""fallback_used"": false}"
119,apra,apra_trust_weighted_clip,"[19, 9, 97, 64, 37, 55, 33]",[],"{""base_clip"": 1.0, ""trust_weights"": {""19"": 0.0, ""9"": 0.0, ""97"": 0.3333333432674408, ""64"": 0.3333333432674408, ""37"": 0.3333333432674408, ""55"": 0.0, ""33"": 0.0}, ""num_aggregated"": 7}"
120,apra,apra_mad_filter,"[98, 30, 13, 56, 97, 35, 75, 41]","[1, 2]","{""median_norm"": 0.6479573055795809, ""mad"": 0.13208030966390832, ""k"": 2.0, ""num_accepted"": 8, ""safety_keep_used"": false, ""fallback_used"": false}"
120,apra,apra_hierarchical_cluster,"[98, 30, 13, 56, 97, 35, 75]",[41],"{""best_k"": 2, ""best_score"": 0.5657588839530945, ""selected_cluster"": 0, ""cluster_scores"": {""0"": 2.131253719329834, ""1"": -1.0}, ""num_trusted"": 7, ""fallback_used"": false}"
120,apra,apra_trust_weighted_clip,"[98, 30, 13, 56, 97, 35, 75]",[],"{""base_clip"": 1.0, ""trust_weights"": {""98"": 0.20000000298023224, ""30"": 0.0, ""13"": 0.20000000298023224, ""56"": 0.20000000298023224, ""97"": 0.20000000298023224, ""35"": 0.0, ""75"": 0.20000000298023224}, ""num_aggregated"": 7}"
121,apra,apra_mad_filter,"[5, 42, 83, 37, 14, 89, 28, 61]","[3, 13]","{""median_norm"": 0.5032087812103518, ""mad"": 0.02116720486801113, ""k"": 2.0, ""num_accepted"": 8, ""safety_keep_used"": false, ""fallback_used"": false}"
121,apra,apra_hierarchical_cluster,"[5, 83, 37, 14, 89, 28, 61]",[42],"{""best_k"": 2, ""best_score"": 0.463003933429718, ""selected_cluster"": 0, ""cluster_scores"": {""0"": 0.9506095051765442, ""1"": -1.0}, ""num_trusted"": 7, ""fallback_used"": false}"
121,apra,apra_trust_weighted_clip,"[5, 83, 37, 14, 89, 28, 61]",[],"{""base_clip"": 1.0, ""trust_weights"": {""5"": 0.0, ""83"": 0.5, ""37"": 0.5, ""14"": 0.0, ""89"": 0.0, ""28"": 0.0, ""61"": 0.0}, ""num_aggregated"": 7}"
122,apra,apra_mad_filter,"[29, 83, 87, 38, 55, 96, 31, 81, 14]",[0],"{""median_norm"": 0.5075494643892222, ""mad"": 0.09497265128093285, ""k"": 2.0, ""num_accepted"": 9, ""safety_keep_used"": false, ""fallback_used"": false}"
122,apra,apra_hierarchical_cluster,"[29, 83, 87, 38, 55, 96, 81, 14]",[31],"{""best_k"": 2, ""best_score"": 0.7844685316085815, ""selected_cluster"": 0, ""cluster_scores"": {""0"": 5.7415547370910645, ""1"": -1.0}, ""num_trusted"": 8, ""fallback_used"": false}"
122,apra,apra_trust_weighted_clip,"[29, 83, 87, 38, 55, 96, 81, 14]",[],"{""base_clip"": 1.0, ""trust_weights"": {""29"": 0.0, ""83"": 0.1666666716337204, ""87"": 0.1666666716337204, ""38"": 0.1666666716337204, ""55"": 0.1666666716337204, ""96"": 0.0, ""81"": 0.1666666716337204, ""14"": 0.1666666716337204}, ""num_aggregated"": 8}"
123,apra,apra_mad_filter,"[64, 70, 77, 6, 82, 62, 69, 55]","[0, 88]","{""median_norm"": 0.5693561087918835, ""mad"": 0.09692017804448713, ""k"": 2.0, ""num_accepted"": 8, ""safety_keep_used"": false, ""fallback_used"": false}"
123,apra,apra_hierarchical_cluster,"[64, 77, 6, 62, 55]","[70, 82, 69]","{""best_k"": 2, ""best_score"": 0.5590335726737976, ""selected_cluster"": 1, ""cluster_scores"": {""0"": 2.7590322494506836, ""1"": 4.958319187164307}, ""num_trusted"": 5, ""fallback_used"": false}"
123,apra,apra_trust_weighted_clip,"[64, 77, 6, 62, 55]",[],"{""base_clip"": 1.0, ""trust_weights"": {""64"": 0.3333333432674408, ""77"": 0.0, ""6"": 0.3333333432674408, ""62"": 0.0, ""55"": 0.3333333432674408}, ""num_aggregated"": 5}"
124,apra,apra_mad_filter,"[96, 42, 58, 49, 7, 15, 72, 99]","[4, 88]","{""median_norm"": 0.693157137423638, ""mad"": 0.09929026069525376, ""k"": 2.0, ""num_accepted"": 8, ""safety_keep_used"": false, ""fallback_used"": false}"
124,apra,apra_hierarchical_cluster,"[42, 58, 49, 7, 15, 72, 99]",[96],"{""best_k"": 2, ""best_score"": 0.44929182529449463, ""selected_cluster"": 0, ""cluster_scores"": {""0"": 4.121613502502441, ""1"": -1.0}, ""num_trusted"": 7, ""fallback_used"": false}"
124,apra,apra_trust_weighted_clip,"[42, 58, 49, 7, 15, 72, 99]",[],"{""base_clip"": 1.0, ""trust_weights"": {""42"": 0.1666666716337204, ""58"": 0.0, ""49"": 0.1666666716337204, ""7"": 0.1666666716337204, ""15"": 0.1666666716337204, ""72"": 0.1666666716337204, ""99"": 0.1666666716337204}, ""num_aggregated"": 7}"
125,apra,apra_mad_filter,"[30, 36, 14, 90, 42, 82, 37]","[4, 1, 87]","{""median_norm"": 0.5989686844497013, ""mad"": 0.036932479748317704, ""k"": 2.0, ""num_accepted"": 7, ""safety_keep_used"": false, ""fallback_used"": false}"
125,apra,apra_hierarchical_cluster,"[30, 14, 90, 42, 82, 37]",[36],"{""best_k"": 2, ""best_score"": 0.5089148879051208, ""selected_cluster"": 0, ""cluster_scores"": {""0"": 1.3738912343978882, ""1"": -1.0}, ""num_trusted"": 6, ""fallback_used"": false}"
125,apra,apra_trust_weighted_clip,"[30, 14, 90, 42, 82, 37]",[],"{""base_clip"": 1.0, ""trust_weights"": {""30"": 0.2799098491668701, ""14"": 0.2799098491668701, ""90"": 0.2799098491668701, ""42"": 0.0, ""82"": 0.0, ""37"": 0.16027042269706726}, ""num_aggregated"": 6}"
126,apra,apra_mad_filter,"[40, 64, 31, 35, 90, 29, 84, 78]","[3, 48]","{""median_norm"": 0.6138676461892925, ""mad"": 0.07494041775879368, ""k"": 2.0, ""num_accepted"": 8, ""safety_keep_used"": false, ""fallback_used"": false}"
126,apra,apra_hierarchical_cluster,"[40, 64, 35, 90, 29, 84, 78]",[31],"{""best_k"": 2, ""best_score"": 0.6078518033027649, ""selected_cluster"": 0, ""cluster_scores"": {""0"": 3.6710991859436035, ""1"": -1.0}, ""num_trusted"": 7, ""fallback_used"": false}"
126,apra,apra_trust_weighted_clip,"[40, 64, 35, 90, 29, 84, 78]",[],"{""base_clip"": 1.0, ""trust_weights"": {""40"": 0.0, ""64"": 0.1666666716337204, ""35"": 0.1666666716337204, ""90"": 0.1666666716337204, ""29"": 0.1666666716337204, ""84"": 0.1666666716337204, ""78"": 0.1666666716337204}, ""num_aggregated"": 7}"
127,apra,apra_mad_filter,"[32, 56, 98, 78, 62, 5, 13, 86, 55]",[3],"{""median_norm"": 0.5200849087361641, ""mad"": 0.07561319754729351, ""k"": 2.0, ""num_accepted"": 9, ""safety_keep_used"": false, ""fallback_used"": false}"
127,apra,apra_hierarchical_cluster,"[56, 98, 78, 62, 13, 86, 55]","[32, 5]","{""best_k"": 2, ""best_score"": 0.5341983437538147, ""selected_cluster"": 0, ""cluster_scores"": {""0"": 3.0920016765594482, ""1"": 1.7462334632873535}, ""num_trusted"": 7, ""fallback_used"": false}"
127,apra,apra_trust_weighted_clip,"[56, 98, 78, 62, 13, 86, 55]",[],"{""base_clip"": 1.0, ""trust_weights"": {""56"": 0.1666666716337204, ""98"": 0.1666666716337204, ""78"": 0.0, ""62"": 0.1666666716337204, ""13"": 0.1666666716337204, ""86"": 0.1666666716337204, ""55"": 0.1666666716337204}, ""num_aggregated"": 7}"
128,apra,apra_mad_filter,"[99, 47, 20, 31, 10, 86, 90, 62, 41]",[4],"{""median_norm"": 0.674559514291327, ""mad"": 0.1069299102696823, ""k"": 2.0, ""num_accepted"": 9, ""safety_keep_used"": false, ""fallback_used"": false}"
128,apra,apra_hierarchical_cluster,"[99, 47, 20, 10, 86, 90, 62, 41]",[31],"{""best_k"": 2, ""best_score"": 0.5087783336639404, ""selected_cluster"": 0, ""cluster_scores"": {""0"": 1.555458903312683, ""1"": -1.0}, ""num_trusted"": 8, ""fallback_used"": false}"
128,apra,apra_trust_weighted_clip,"[99, 47, 20, 10, 86, 90, 62, 41]",[],"{""base_clip"": 1.0, ""trust_weights"": {""99"": 0.0, ""47"": 0.0, ""20"": 0.20000000298023224, ""10"": 0.0, ""86"": 0.20000000298023224, ""90"": 0.20000000298023224, ""62"": 0.20000000298023224, ""41"": 0.20000000298023224}, ""num_aggregated"": 8}"
129,apra,apra_mad_filter,"[33, 1, 73, 28, 61, 11, 96, 15]","[0, 3]","{""median_norm"": 0.6399440017627878, ""mad"": 0.11932880000989385, ""k"": 2.0, ""num_accepted"": 8, ""safety_keep_used"": false, ""fallback_used"": false}"
129,apra,apra_hierarchical_cluster,"[33, 1, 28, 61, 11, 96, 15]",[73],"{""best_k"": 2, ""best_score"": 0.7748396396636963, ""selected_cluster"": 0, ""cluster_scores"": {""0"": 4.807775020599365, ""1"": -1.0}, ""num_trusted"": 7, ""fallback_used"": false}"
129,apra,apra_trust_weighted_clip,"[33, 1, 28, 61, 11, 96, 15]",[],"{""base_clip"": 1.0, ""trust_weights"": {""33"": 0.20000000298023224, ""1"": 0.20000000298023224, ""28"": 0.20000000298023224, ""61"": 0.20000000298023224, ""11"": 0.0, ""96"": 0.0, ""15"": 0.20000000298023224}, ""num_aggregated"": 7}"
130,apra,apra_mad_filter,"[42, 80, 51, 72, 74, 90, 58, 35, 83]",[4],"{""median_norm"": 0.4908355005374274, ""mad"": 0.058622245546838314, ""k"": 2.0, ""num_accepted"": 9, ""safety_keep_used"": false, ""fallback_used"": false}"
130,apra,apra_hierarchical_cluster,"[80, 51, 72, 74, 90, 58, 35, 83]",[42],"{""best_k"": 2, ""best_score"": 0.6431617736816406, ""selected_cluster"": 0, ""cluster_scores"": {""0"": 3.6264824867248535, ""1"": -1.0}, ""num_trusted"": 8, ""fallback_used"": false}"
130,apra,apra_trust_weighted_clip,"[80, 51, 72, 74, 90, 58, 35, 83]",[],"{""base_clip"": 1.0, ""trust_weights"": {""80"": 0.16226482391357422, ""51"": 0.16226482391357422, ""72"": 0.026411058381199837, ""74"": 0.16226482391357422, ""90"": 0.16226482391357422, ""58"": 0.16226482391357422, ""35"": 0.0, ""83"": 0.16226482391357422}, ""num_aggregated"": 8}"
131,apra,apra_mad_filter,"[95, 80, 46, 22, 73, 42, 93, 85]","[0, 3]","{""median_norm"": 0.6496329114735502, ""mad"": 0.09041897091425177, ""k"": 2.0, ""num_accepted"": 8, ""safety_keep_used"": false, ""fallback_used"": false}"
131,apra,apra_hierarchical_cluster,"[95, 80, 46, 22, 42, 93, 85]",[73],"{""best_k"": 2, ""best_score"": 0.5513362288475037, ""selected_cluster"": 0, ""cluster_scores"": {""0"": 1.9742680788040161, ""1"": -1.0}, ""num_trusted"": 7, ""fallback_used"": false}"
131,apra,apra_trust_weighted_clip,"[95, 80, 46, 22, 42, 93, 85]",[],"{""base_clip"": 1.0, ""trust_weights"": {""95"": 0.20948120951652527, ""80"": 0.20948120951652527, ""46"": 0.16207514703273773, ""22"": 0.20948120951652527, ""42"": 0.0, ""93"": 0.20948120951652527, ""85"": 0.0}, ""num_aggregated"": 7}"
132,apra,apra_mad_filter,"[2, 5, 77, 45, 62, 74, 20, 65, 9, 68]",[],"{""median_norm"": 0.6718954225425184, ""mad"": 0.1748929498914455, ""k"": 2.0, ""num_accepted"": 10, ""safety_keep_used"": false, ""fallback_used"": false}"
132,apra,apra_hierarchical_cluster,"[2, 77, 45, 62, 74, 20, 65, 9, 68]",[5],"{""best_k"": 2, ""best_score"": 0.6119009256362915, ""selected_cluster"": 0, ""cluster_scores"": {""0"": 3.425590753555298, ""1"": -1.0}, ""num_trusted"": 9, ""fallback_used"": false}"
132,apra,apra_trust_weighted_clip,"[2, 77, 45, 62, 74, 20, 65, 9, 68]",[],"{""base_clip"": 1.0, ""trust_weights"": {""2"": 0.01817912422120571, ""77"": 0.14026013016700745, ""45"": 0.14026013016700745, ""62"": 0.0, ""74"": 0.14026013016700745, ""20"": 0.14026013016700745, ""65"": 0.14026013016700745, ""9"": 0.14026013016700745, ""68"": 0.14026013016700745}, ""num_aggregated"": 9}"
133,apra,apra_mad_filter,"[58, 94, 20, 50, 51, 65, 7, 27, 95]",[2],"{""median_norm"": 0.5091238588364246, ""mad"": 0.10720255556252772, ""k"": 2.0, ""num_accepted"": 9, ""safety_keep_used"": false, ""fallback_used"": false}"
133,apra,apra_hierarchical_cluster,"[58, 94, 50, 51, 65, 7, 27, 95]",[20],"{""best_k"": 2, ""best_score"": 0.7448466420173645, ""selected_cluster"": 0, ""cluster_scores"": {""0"": 3.1078810691833496, ""1"": -1.0}, ""num_trusted"": 8, ""fallback_used"": false}"
133,apra,apra_trust_weighted_clip,"[58, 94, 50, 51, 65, 7, 27, 95]",[],"{""base_clip"": 1.0, ""trust_weights"": {""58"": 0.0, ""94"": 0.20000000298023224, ""50"": 0.20000000298023224, ""51"": 0.20000000298023224, ""65"": 0.20000000298023224, ""7"": 0.20000000298023224, ""27"": 0.0, ""95"": 0.0}, ""num_aggregated"": 8}"
134,apra,apra_mad_filter,"[78, 82, 23, 37, 13, 12, 77]","[4, 10, 55]","{""median_norm"": 0.45973765230506664, ""mad"": 0.03054635287160873, ""k"": 2.0, ""num_accepted"": 7, ""safety_keep_used"": false, ""fallback_used"": false}"
134,apra,apra_hierarchical_cluster,"[78, 23, 37, 13, 12, 77]",[82],"{""best_k"": 2, ""best_score"": 0.6895834803581238, ""selected_cluster"": 0, ""cluster_scores"": {""0"": 2.7747058868408203, ""1"": -1.0}, ""num_trusted"": 6, ""fallback_used"": false}"
134,apra,apra_trust_weighted_clip,"[78, 23, 37, 13, 12, 77]",[],"{""base_clip"": 1.0, ""trust_weights"": {""78"": 0.20000000298023224, ""23"": 0.20000000298023224, ""37"": 0.20000000298023224, ""13"": 0.0, ""12"": 0.20000000298023224, ""77"": 0.20000000298023224}, ""num_aggregated"": 6}"
135,apra,apra_mad_filter,"[35, 5, 89, 93, 82, 49, 23, 95, 63]",[2],"{""median_norm"": 0.572394364504665, ""mad"": 0.0654132943025002, ""k"": 2.0, ""num_accepted"": 9, ""safety_keep_used"": false, ""fallback_used"": false}"
135,apra,apra_hierarchical_cluster,"[35, 89, 93, 49, 23, 63]","[5, 82, 95]","{""best_k"": 3, ""best_score"": 0.6141096353530884, ""selected_cluster"": 1, ""cluster_scores"": {""0"": 1.580258846282959, ""1"": 5.658235549926758, ""2"": -1.0}, ""num_trusted"": 6, ""fallback_used"": false}"
135,apra,apra_trust_weighted_clip,"[35, 89, 93, 49, 23, 63]",[],"{""base_clip"": 1.0, ""trust_weights"": {""35"": 0.05064305290579796, ""89"": 0.2025538831949234, ""93"": 0.2025538831949234, ""49"": 0.0, ""23"": 0.27212458848953247, ""63"": 0.27212458848953247}, ""num_aggregated"": 6}"
136,apra,apra_mad_filter,"[83, 79, 66, 69, 95, 96, 84, 7]","[4, 3]","{""median_norm"": 0.625259451152463, ""mad"": 0.07159644355323358, ""k"": 2.0, ""num_accepted"": 8, ""safety_keep_used"": false, ""fallback_used"": false}"
136,apra,apra_hierarchical_cluster,"[83, 79, 84, 7]","[66, 69, 95, 96]","{""best_k"": 4, ""best_score"": 0.48177552223205566, ""selected_cluster"": 1, ""cluster_scores"": {""0"": 1.8194751739501953, ""1"": 2.348341941833496, ""2"": -1.0, ""3"": -1.0}, ""num_trusted"": 4, ""fallback_used"": false}"
136,apra,apra_trust_weighted_clip,"[83, 79, 84, 7]",[],"{""base_clip"": 1.0, ""trust_weights"": {""83"": 0.33231446146965027, ""79"": 0.33384278416633606, ""84"": 0.0, ""7"": 0.33384278416633606}, ""num_aggregated"": 4}"
137,apra,apra_mad_filter,"[65, 26, 12, 98, 16, 20, 86, 59, 75]",[3],"{""median_norm"": 0.6266700520434312, ""mad"": 0.12289737328335196, ""k"": 2.0, ""num_accepted"": 9, ""safety_keep_used"": false, ""fallback_used"": false}"
137,apra,apra_hierarchical_cluster,"[65, 12, 98, 16, 20, 86, 59, 75]",[26],"{""best_k"": 2, ""best_score"": 0.7016984224319458, ""selected_cluster"": 0, ""cluster_scores"": {""0"": 2.7945384979248047, ""1"": -1.0}, ""num_trusted"": 8, ""fallback_used"": false}"
137,apra,apra_trust_weighted_clip,"[65, 12, 98, 16, 20, 86, 59, 75]",[],"{""base_clip"": 1.0, ""trust_weights"": {""65"": 0.1762969046831131, ""12"": 0.20592577755451202, ""98"": 0.20592577755451202, ""16"": 0.20592577755451202, ""20"": 0.0, ""86"": 0.20592577755451202, ""59"": 0.0, ""75"": 0.0}, ""num_aggregated"": 8}"
138,apra,apra_mad_filter,"[78, 18, 71, 20, 21, 27, 31, 11, 24]",[2],"{""median_norm"": 0.5111748067085009, ""mad"": 0.11618076361048293, ""k"": 2.0, ""num_accepted"": 9, ""safety_keep_used"": false, ""fallback_used"": false}"
138,apra,apra_hierarchical_cluster,"[78, 18, 71, 20, 21, 27, 11, 24]",[31],"{""best_k"": 2, ""best_score"": 0.496953547000885, ""selected_cluster"": 0, ""cluster_scores"": {""0"": 0.7596173882484436, ""1"": -1.0}, ""num_trusted"": 8, ""fallback_used"": false}"
138,apra,apra_trust_weighted_clip,"[78, 18, 71, 20, 21, 27, 11, 24]",[],"{""base_clip"": 1.0, ""trust_weights"": {""78"": 0.17594851553440094, ""18"": 0.17594851553440094, ""71"": 0.1202574223279953, ""20"": 0.0, ""21"": 0.17594851553440094, ""27"": 0.17594851553440094, ""11"": 0.17594851553440094, ""24"": 0.0}, ""num_aggregated"": 8}"
139,apra,apra_mad_filter,"[50, 63, 64, 18, 45, 89, 91, 28]","[2, 0]","{""median_norm"": 0.6075442286707744, ""mad"": 0.10677931087916281, ""k"": 2.0, ""num_accepted"": 8, ""safety_keep_used"": false, ""fallback_used"": false}"
139,apra,apra_hierarchical_cluster,"[50, 63, 64, 18, 89, 91]","[45, 28]","{""best_k"": 2, ""best_score"": 0.5545300841331482, ""selected_cluster"": 0, ""cluster_scores"": {""0"": 3.0907840728759766, ""1"": 1.9220800399780273}, ""num_trusted"": 6, ""fallback_used"": false}"
139,apra,apra_trust_weighted_clip,"[50, 63, 64, 18, 89, 91]",[],"{""base_clip"": 1.0, ""trust_weights"": {""50"": 0.0, ""63"": 0.0, ""64"": 0.3333333432674408, ""18"": 0.3333333432674408, ""89"": 0.3333333432674408, ""91"": 0.0}, ""num_aggregated"": 6}"
140,apra,apra_mad_filter,"[97, 55, 16, 23, 89, 59, 90, 15]","[4, 45]","{""median_norm"": 0.5061938994075575, ""mad"": 0.03544236181833102, ""k"": 2.0, ""num_accepted"": 8, ""safety_keep_used"": false, ""fallback_used"": false}"
140,apra,apra_hierarchical_cluster,"[97, 55, 16, 23, 89, 90, 15]",[59],"{""best_k"": 2, ""best_score"": 0.5447721481323242, ""selected_cluster"": 0, ""cluster_scores"": {""0"": 3.5947368144989014, ""1"": -1.0}, ""num_trusted"": 7, ""fallback_used"": false}"
140,apra,apra_trust_weighted_clip,"[97, 55, 16, 23, 89, 90, 15]",[],"{""base_clip"": 1.0, ""trust_weights"": {""97"": 0.1666666716337204, ""55"": 0.1666666716337204, ""16"": 0.1666666716337204, ""23"": 0.1666666716337204, ""89"": 0.1666666716337204, ""90"": 0.1666666716337204, ""15"": 0.0}, ""num_aggregated"": 7}"
141,apra,apra_mad_filter,"[12, 25, 36, 23, 64, 84, 91, 26]","[2, 19]","{""median_norm"": 0.5784272476557857, ""mad"": 0.06916334075176844, ""k"": 2.0, ""num_accepted"": 8, ""safety_keep_used"": false, ""fallback_used"": false}"
141,apra,apra_hierarchical_cluster,"[25, 36, 26]","[12, 23, 64, 84, 91]","{""best_k"": 3, ""best_score"": 0.5343819856643677, ""selected_cluster"": 0, ""cluster_scores"": {""0"": 2.8143374919891357, ""1"": -1.0, ""2"": 2.044382095336914}, ""num_trusted"": 3, ""fallback_used"": false}"
141,apra,apra_trust_weighted_clip,"[25, 36, 26]",[],"{""base_clip"": 1.0, ""trust_weights"": {""25"": 0.5, ""36"": 0.5, ""26"": 0.0}, ""num_aggregated"": 3}"
142,apra,apra_mad_filter,"[84, 63, 30, 90, 33, 24, 13, 87]","[2, 40]","{""median_norm"": 0.7451571594701027, ""mad"": 0.0809878994360369, ""k"": 2.0, ""num_accepted"": 8, ""safety_keep_used"": false, ""fallback_used"": false}"
142,apra,apra_hierarchical_cluster,"[84, 63, 90, 33, 13, 87]","[30, 24]","{""best_k"": 2, ""best_score"": 0.5491186380386353, ""selected_cluster"": 1, ""cluster_scores"": {""0"": 1.4105395078659058, ""1"": 3.152200222015381}, ""num_trusted"": 6, ""fallback_used"": false}"
142,apra,apra_trust_weighted_clip,"[84, 63, 90, 33, 13, 87]",[],"{""base_clip"": 1.0, ""trust_weights"": {""84"": 0.17754624783992767, ""63"": 0.20561343431472778, ""90"": 0.20561343431472778, ""33"": 0.20561343431472778, ""13"": 0.0, ""87"": 0.20561343431472778}, ""num_aggregated"": 6}"
143,apra,apra_mad_filter,"[78, 33, 24, 5, 57, 77, 31, 62]","[1, 2]","{""median_norm"": 0.5661484468390635, ""mad"": 0.08120003958358554, ""k"": 2.0, ""num_accepted"": 8, ""safety_keep_used"": false, ""fallback_used"": false}"
143,apra,apra_hierarchical_cluster,"[78, 33, 24, 5, 57, 77, 62]",[31],"{""best_k"": 2, ""best_score"": 0.7677130699157715, ""selected_cluster"": 0, ""cluster_scores"": {""0"": 4.71903657913208, ""1"": -1.0}, ""num_trusted"": 7, ""fallback_used"": false}"
143,apra,apra_trust_weighted_clip,"[78, 33, 24, 5, 57, 77, 62]",[],"{""base_clip"": 1.0, ""trust_weights"": {""78"": 0.1666666716337204, ""33"": 0.1666666716337204, ""24"": 0.1666666716337204, ""5"": 0.0, ""57"": 0.1666666716337204, ""77"": 0.1666666716337204, ""62"": 0.1666666716337204}, ""num_aggregated"": 7}"
144,apra,apra_mad_filter,"[15, 48, 84, 66, 59, 9, 80, 91, 79]",[2],"{""median_norm"": 0.5621330422967735, ""mad"": 0.09538104975102385, ""k"": 2.0, ""num_accepted"": 9, ""safety_keep_used"": false, ""fallback_used"": false}"
144,apra,apra_hierarchical_cluster,"[15, 84, 66, 59, 9, 80, 91, 79]",[48],"{""best_k"": 2, ""best_score"": 0.7430853247642517, ""selected_cluster"": 0, ""cluster_scores"": {""0"": 4.326033115386963, ""1"": -1.0}, ""num_trusted"": 8, ""fallback_used"": false}"
144,apra,apra_trust_weighted_clip,"[15, 84, 66, 59, 9, 80, 91, 79]",[],"{""base_clip"": 1.0, ""trust_weights"": {""15"": 0.12158139795064926, ""84"": 0.14640308916568756, ""66"": 0.14640308916568756, ""59"": 0.14640308916568756, ""9"": 0.0, ""80"": 0.14640308916568756, ""91"": 0.14640308916568756, ""79"": 0.14640308916568756}, ""num_aggregated"": 8}"
145,apra,apra_mad_filter,"[19, 44, 7, 85, 43, 73, 18, 29, 83]",[2],"{""median_norm"": 0.7200175314920563, ""mad"": 0.1347865654091187, ""k"": 2.0, ""num_accepted"": 9, ""safety_keep_used"": false, ""fallback_used"": false}"
145,apra,apra_hierarchical_cluster,"[19, 44, 7, 85, 43, 18, 29, 83]",[73],"{""best_k"": 2, ""best_score"": 0.7239672541618347, ""selected_cluster"": 0, ""cluster_scores"": {""0"": 3.4065909385681152, ""1"": -1.0}, ""num_trusted"": 8, ""fallback_used"": false}"
145,apra,apra_trust_weighted_clip,"[19, 44, 7, 85, 43, 18, 29, 83]",[],"{""base_clip"": 1.0, ""trust_weights"": {""19"": 0.0, ""44"": 0.0, ""7"": 0.25, ""85"": 0.0, ""43"": 0.25, ""18"": 0.0, ""29"": 0.25, ""83"": 0.25}, ""num_aggregated"": 8}"
146,apra,apra_mad_filter,"[99, 74, 47, 46, 89, 95, 71, 63]","[0, 88]","{""median_norm"": 0.5720754850350313, ""mad"": 0.15116887796342626, ""k"": 2.0, ""num_accepted"": 8, ""safety_keep_used"": false, ""fallback_used"": false}"
146,apra,apra_hierarchical_cluster,"[99, 74, 47, 46, 89, 71, 63]",[95],"{""best_k"": 2, ""best_score"": 0.3948354721069336, ""selected_cluster"": 0, ""cluster_scores"": {""0"": 1.5439432859420776, ""1"": -1.0}, ""num_trusted"": 7, ""fallback_used"": false}"
146,apra,apra_trust_weighted_clip,"[99, 74, 47, 46, 89, 71, 63]",[],"{""base_clip"": 1.0, ""trust_weights"": {""99"": 0.0, ""74"": 0.2519887387752533, ""47"": 0.0, ""46"": 0.24403376877307892, ""89"": 0.2519887387752533, ""71"": 0.0, ""63"": 0.2519887387752533}, ""num_aggregated"": 7}"
147,apra,apra_mad_filter,"[78, 91, 29, 51, 38, 86, 63, 27]","[3, 24]","{""median_norm"": 0.5246114537602397, ""mad"": 0.08978046159536512, ""k"": 2.0, ""num_accepted"": 8, ""safety_keep_used"": false, ""fallback_used"": false}"
147,apra,apra_hierarchical_cluster,"[29, 38, 63]","[78, 91, 51, 86, 27]","{""best_k"": 2, ""best_score"": 0.3001624643802643, ""selected_cluster"": 1, ""cluster_scores"": {""0"": 2.1051831245422363, ""1"": 2.2126615047454834}, ""num_trusted"": 3, ""fallback_used"": false}"
147,apra,apra_trust_weighted_clip,"[29, 38, 63]",[],"{""base_clip"": 1.0, ""trust_weights"": {""29"": 0.5, ""38"": 0.0, ""63"": 0.5}, ""num_aggregated"": 3}"
148,apra,apra_mad_filter,"[75, 59, 20, 29, 67, 93, 81, 13]","[3, 45]","{""median_norm"": 0.4744540817888867, ""mad"": 0.0488935614798357, ""k"": 2.0, ""num_accepted"": 8, ""safety_keep_used"": false, ""fallback_used"": false}"
148,apra,apra_hierarchical_cluster,"[59, 20, 29, 93]","[75, 67, 81, 13]","{""best_k"": 3, ""best_score"": 0.4396369755268097, ""selected_cluster"": 1, ""cluster_scores"": {""0"": 2.1396069526672363, ""1"": 3.436475992202759, ""2"": -1.0}, ""num_trusted"": 4, ""fallback_used"": false}"
148,apra,apra_trust_weighted_clip,"[59, 20, 29, 93]",[],"{""base_clip"": 1.0, ""trust_weights"": {""59"": 0.0, ""20"": 0.3333333432674408, ""29"": 0.3333333432674408, ""93"": 0.3333333432674408}, ""num_aggregated"": 4}"
149,apra,apra_mad_filter,"[3, 10, 17, 75, 11, 31, 42, 14]","[88, 20]","{""median_norm"": 0.8174746396707404, ""mad"": 0.12313282192656727, ""k"": 2.0, ""num_accepted"": 8, ""safety_keep_used"": false, ""fallback_used"": false}"
149,apra,apra_hierarchical_cluster,"[3, 75, 11, 14]","[10, 17, 31, 42]","{""best_k"": 4, ""best_score"": 0.43092742562294006, ""selected_cluster"": 1, ""cluster_scores"": {""0"": 1.8781654834747314, ""1"": 3.5371618270874023, ""2"": -1.0, ""3"": -1.0}, ""num_trusted"": 4, ""fallback_used"": false}"
149,apra,apra_trust_weighted_clip,"[3, 75, 11, 14]",[],"{""base_clip"": 1.0, ""trust_weights"": {""3"": 0.0, ""75"": 0.5, ""11"": 0.5, ""14"": 0.0}, ""num_aggregated"": 4}"
150,apra,apra_mad_filter,"[85, 82, 10, 31, 84, 27, 7, 14]","[0, 4]","{""median_norm"": 0.6052616489644517, ""mad"": 0.14744939911446747, ""k"": 2.0, ""num_accepted"": 8, ""safety_keep_used"": false, ""fallback_used"": false}"
150,apra,apra_hierarchical_cluster,"[85, 82, 10, 84, 27, 7, 14]",[31],"{""best_k"": 2, ""best_score"": 0.5581940412521362, ""selected_cluster"": 0, ""cluster_scores"": {""0"": 4.167517185211182, ""1"": -1.0}, ""num_trusted"": 7, ""fallback_used"": false}"
150,apra,apra_trust_weighted_clip,"[85, 82, 10, 84, 27, 7, 14]",[],"{""base_clip"": 1.0, ""trust_weights"": {""85"": 0.1666666716337204, ""82"": 0.0, ""10"": 0.1666666716337204, ""84"": 0.1666666716337204, ""27"": 0.1666666716337204, ""7"": 0.1666666716337204, ""14"": 0.1666666716337204}, ""num_aggregated"": 7}"
151,apra,apra_mad_filter,"[43, 25, 48, 98, 87, 6, 23, 34]","[3, 52]","{""median_norm"": 0.6049055447943659, ""mad"": 0.07704483136910789, ""k"": 2.0, ""num_accepted"": 8, ""safety_keep_used"": false, ""fallback_used"": false}"
151,apra,apra_hierarchical_cluster,"[43, 25, 98, 87, 6, 23, 34]",[48],"{""best_k"": 2, ""best_score"": 0.6902585029602051, ""selected_cluster"": 0, ""cluster_scores"": {""0"": 1.9156534671783447, ""1"": -1.0}, ""num_trusted"": 7, ""fallback_used"": false}"
151,apra,apra_trust_weighted_clip,"[43, 25, 98, 87, 6, 23, 34]",[],"{""base_clip"": 1.0, ""trust_weights"": {""43"": 0.25, ""25"": 0.0, ""98"": 0.25, ""87"": 0.25, ""6"": 0.0, ""23"": 0.0, ""34"": 0.25}, ""num_aggregated"": 7}"
152,apra,apra_mad_filter,"[36, 68, 37, 92, 94, 14, 22, 28, 18]",[4],"{""median_norm"": 0.5197919038342176, ""mad"": 0.05012502473379285, ""k"": 2.0, ""num_accepted"": 9, ""safety_keep_used"": false, ""fallback_used"": false}"
152,apra,apra_hierarchical_cluster,"[36, 68, 37, 92, 94, 14, 22, 18]",[28],"{""best_k"": 2, ""best_score"": 0.4634495973587036, ""selected_cluster"": 0, ""cluster_scores"": {""0"": 2.5597214698791504, ""1"": -1.0}, ""num_trusted"": 8, ""fallback_used"": false}"
152,apra,apra_trust_weighted_clip,"[36, 68, 37, 92, 94, 14, 22, 18]",[],"{""base_clip"": 1.0, ""trust_weights"": {""36"": 0.15857020020484924, ""68"": 0.04857877641916275, ""37"": 0.15857020020484924, ""92"": 0.0, ""94"": 0.15857020020484924, ""14"": 0.15857020020484924, ""22"": 0.15857020020484924, ""18"": 0.15857020020484924}, ""num_aggregated"": 8}"
153,apra,apra_mad_filter,"[1, 24, 22, 5, 72, 62, 32, 68, 97]",[30],"{""median_norm"": 0.5618669105805274, ""mad"": 0.06359194558164477, ""k"": 2.0, ""num_accepted"": 9, ""safety_keep_used"": false, ""fallback_used"": false}"
153,apra,apra_hierarchical_cluster,"[1, 24, 22, 5, 72, 62, 68, 97]",[32],"{""best_k"": 2, ""best_score"": 0.5020810961723328, ""selected_cluster"": 0, ""cluster_scores"": {""0"": 1.261688232421875, ""1"": -1.0}, ""num_trusted"": 8, ""fallback_used"": false}"
153,apra,apra_trust_weighted_clip,"[1, 24, 22, 5, 72, 62, 68, 97]",[],"{""base_clip"": 1.0, ""trust_weights"": {""1"": 0.0, ""24"": 0.15128299593925476, ""22"": 0.1217925176024437, ""5"": 0.15128299593925476, ""72"": 0.1217925176024437, ""62"": 0.15128299593925476, ""68"": 0.15128299593925476, ""97"": 0.15128299593925476}, ""num_aggregated"": 8}"
154,apra,apra_mad_filter,"[91, 61, 99, 97, 98, 93, 39]","[2, 8, 74]","{""median_norm"": 0.5298483083205298, ""mad"": 0.02602899870929734, ""k"": 2.0, ""num_accepted"": 7, ""safety_keep_used"": false, ""fallback_used"": false}"
154,apra,apra_hierarchical_cluster,"[91, 61, 98, 93, 39]","[99, 97]","{""best_k"": 2, ""best_score"": 0.4194629192352295, ""selected_cluster"": 1, ""cluster_scores"": {""0"": 1.3828649520874023, ""1"": 1.6937918663024902}, ""num_trusted"": 5, ""fallback_used"": false}"
154,apra,apra_trust_weighted_clip,"[91, 61, 98, 93, 39]",[],"{""base_clip"": 1.0, ""trust_weights"": {""91"": 0.25, ""61"": 0.25, ""98"": 0.25, ""93"": 0.25, ""39"": 0.0}, ""num_aggregated"": 5}"
155,apra,apra_mad_filter,"[75, 14, 32, 62, 68, 46, 72, 57]","[1, 2]","{""median_norm"": 0.6307610322261232, ""mad"": 0.043408249347299255, ""k"": 2.0, ""num_accepted"": 8, ""safety_keep_used"": false, ""fallback_used"": false}"
155,apra,apra_hierarchical_cluster,"[75, 14, 62, 68, 46, 72, 57]",[32],"{""best_k"": 2, ""best_score"": 0.5088043212890625, ""selected_cluster"": 0, ""cluster_scores"": {""0"": 1.4993205070495605, ""1"": -1.0}, ""num_trusted"": 7, ""fallback_used"": false}"
155,apra,apra_trust_weighted_clip,"[75, 14, 62, 68, 46, 72, 57]",[],"{""base_clip"": 1.0, ""trust_weights"": {""75"": 0.0, ""14"": 0.5, ""62"": 0.0, ""68"": 0.0, ""46"": 0.0, ""72"": 0.0, ""57"": 0.5}, ""num_aggregated"": 7}"
156,apra,apra_mad_filter,"[27, 80, 22, 16, 29, 15, 55]","[4, 62, 95]","{""median_norm"": 0.4719440906331094, ""mad"": 0.048865471246766684, ""k"": 2.0, ""num_accepted"": 7, ""safety_keep_used"": false, ""fallback_used"": false}"
156,apra,apra_hierarchical_cluster,"[27, 80, 22, 16, 29, 15]",[55],"{""best_k"": 2, ""best_score"": 0.39376041293144226, ""selected_cluster"": 0, ""cluster_scores"": {""0"": 0.7599506378173828, ""1"": -1.0}, ""num_trusted"": 6, ""fallback_used"": false}"
156,apra,apra_trust_weighted_clip,"[27, 80, 22, 16, 29, 15]",[],"{""base_clip"": 1.0, ""trust_weights"": {""27"": 0.0, ""80"": 0.0, ""22"": 0.25, ""16"": 0.25, ""29"": 0.25, ""15"": 0.25}, ""num_aggregated"": 6}"
157,apra,apra_mad_filter,"[4, 24, 18, 49, 84, 7, 67, 80, 77]",[0],"{""median_norm"": 0.7313510350703143, ""mad"": 0.16059102965666683, ""k"": 2.0, ""num_accepted"": 9, ""safety_keep_used"": false, ""fallback_used"": false}"
157,apra,apra_hierarchical_cluster,"[24, 18, 49, 84, 7, 80, 77]","[4, 67]","{""best_k"": 2, ""best_score"": 0.5430218577384949, ""selected_cluster"": 1, ""cluster_scores"": {""0"": 1.579223394393921, ""1"": 4.224407196044922}, ""num_trusted"": 7, ""fallback_used"": false}"
157,apra,apra_trust_weighted_clip,"[24, 18, 49, 84, 7, 80, 77]",[],"{""base_clip"": 1.0, ""trust_weights"": {""24"": 0.20000000298023224, ""18"": 0.20000000298023224, ""49"": 0.0, ""84"": 0.20000000298023224, ""7"": 0.20000000298023224, ""80"": 0.0, ""77"": 0.20000000298023224}, ""num_aggregated"": 7}"
158,apra,apra_mad_filter,"[58, 9, 14, 80, 30, 10, 70, 39]","[1, 48]","{""median_norm"": 0.5860032694977526, ""mad"": 0.06160824317005875, ""k"": 2.0, ""num_accepted"": 8, ""safety_keep_used"": false, ""fallback_used"": false}"
158,apra,apra_hierarchical_cluster,"[58, 14, 80, 30, 10, 70, 39]",[9],"{""best_k"": 2, ""best_score"": 0.6321060657501221, ""selected_cluster"": 0, ""cluster_scores"": {""0"": 2.7611429691314697, ""1"": -1.0}, ""num_trusted"": 7, ""fallback_used"": false}"
158,apra,apra_trust_weighted_clip,"[58, 14, 80, 30, 10, 70, 39]",[],"{""base_clip"": 1.0, ""trust_weights"": {""58"": 0.0, ""14"": 0.20350492000579834, ""80"": 0.20350492000579834, ""30"": 0.20350492000579834, ""10"": 0.0, ""70"": 0.20350492000579834, ""39"": 0.18598029017448425}, ""num_aggregated"": 7}"
159,apra,apra_mad_filter,"[92, 77, 70, 72, 99, 32, 57]","[2, 0, 26]","{""median_norm"": 0.698252948663643, ""mad"": 0.09759876322391081, ""k"": 2.0, ""num_accepted"": 7, ""safety_keep_used"": false, ""fallback_used"": false}"
159,apra,apra_hierarchical_cluster,"[92, 77, 70, 72, 57]","[99, 32]","{""best_k"": 2, ""best_score"": 0.7730878591537476, ""selected_cluster"": 1, ""cluster_scores"": {""0"": 1.9639395475387573, ""1"": 4.748092174530029}, ""num_trusted"": 5, ""fallback_used"": false}"
159,apra,apra_trust_weighted_clip,"[92, 77, 70, 72, 57]",[],"{""base_clip"": 1.0, ""trust_weights"": {""92"": 0.3333333432674408, ""77"": 0.3333333432674408, ""70"": 0.0, ""72"": 0.0, ""57"": 0.3333333432674408}, ""num_aggregated"": 5}"
160,apra,apra_mad_filter,"[84, 57, 95, 30, 70, 16, 13, 29, 27]",[2],"{""median_norm"": 0.5062373940638054, ""mad"": 0.0880985479335839, ""k"": 2.0, ""num_accepted"": 9, ""safety_keep_used"": false, ""fallback_used"": false}"
160,apra,apra_hierarchical_cluster,"[84, 57, 30, 70, 16, 13, 29, 27]",[95],"{""best_k"": 2, ""best_score"": 0.673272430896759, ""selected_cluster"": 0, ""cluster_scores"": {""0"": 4.098686218261719, ""1"": -1.0}, ""num_trusted"": 8, ""fallback_used"": false}"
160,apra,apra_trust_weighted_clip,"[84, 57, 30, 70, 16, 13, 29, 27]",[],"{""base_clip"": 1.0, ""trust_weights"": {""84"": 0.16004835069179535, ""57"": 0.16004835069179535, ""30"": 0.16004835069179535, ""70"": 0.16004835069179535, ""16"": 0.1440420150756836, ""13"": 0.16004835069179535, ""29"": 0.0, ""27"": 0.05571620166301727}, ""num_aggregated"": 8}"
161,apra,apra_mad_filter,"[8, 86, 33, 74, 35, 51, 22, 40]","[3, 47]","{""median_norm"": 0.5186170433638297, ""mad"": 0.051332126790967186, ""k"": 2.0, ""num_accepted"": 8, ""safety_keep_used"": false, ""fallback_used"": false}"
161,apra,apra_hierarchical_cluster,"[86, 33, 74, 35, 51, 22, 40]",[8],"{""best_k"": 2, ""best_score"": 0.5256180763244629, ""selected_cluster"": 0, ""cluster_scores"": {""0"": 1.8075909614562988, ""1"": -1.0}, ""num_trusted"": 7, ""fallback_used"": false}"
161,apra,apra_trust_weighted_clip,"[86, 33, 74, 35, 51, 22, 40]",[],"{""base_clip"": 1.0, ""trust_weights"": {""86"": 0.3333333432674408, ""33"": 0.0, ""74"": 0.3333333432674408, ""35"": 0.0, ""51"": 0.0, ""22"": 0.3333333432674408, ""40"": 0.0}, ""num_aggregated"": 7}"
162,apra,apra_mad_filter,"[2, 40, 4, 57, 63, 1, 42, 30, 46, 84]",[],"{""median_norm"": 0.6265553434273325, ""mad"": 0.24868264706328913, ""k"": 2.0, ""num_accepted"": 10, ""safety_keep_used"": false, ""fallback_used"": false}"
162,apra,apra_hierarchical_cluster,"[2, 40, 4, 57, 63, 1, 42, 46, 84]",[30],"{""best_k"": 2, ""best_score"": 0.6690870523452759, ""selected_cluster"": 0, ""cluster_scores"": {""0"": 4.0606770515441895, ""1"": -1.0}, ""num_trusted"": 9, ""fallback_used"": false}"
162,apra,apra_trust_weighted_clip,"[2, 40, 4, 57, 63, 1, 42, 46, 84]",[],"{""base_clip"": 1.0, ""trust_weights"": {""2"": 0.125, ""40"": 0.125, ""4"": 0.125, ""57"": 0.125, ""63"": 0.125, ""1"": 0.125, ""42"": 0.0, ""46"": 0.125, ""84"": 0.125}, ""num_aggregated"": 9}"
163,apra,apra_mad_filter,"[67, 17, 27, 34, 71, 93, 13, 86, 16]",[4],"{""median_norm"": 0.486906345179699, ""mad"": 0.12526660341749296, ""k"": 2.0, ""num_accepted"": 9, ""safety_keep_used"": false, ""fallback_used"": false}"
163,apra,apra_hierarchical_cluster,"[67, 27, 34, 93, 86, 16]","[17, 71, 13]","{""best_k"": 3, ""best_score"": 0.47557634115219116, ""selected_cluster"": 0, ""cluster_scores"": {""0"": 3.649430751800537, ""1"": 1.999634027481079, ""2"": -1.0}, ""num_trusted"": 6, ""fallback_used"": false}"
163,apra,apra_trust_weighted_clip,"[67, 27, 34, 93, 86, 16]",[],"{""base_clip"": 1.0, ""trust_weights"": {""67"": 0.0, ""27"": 0.20000000298023224, ""34"": 0.20000000298023224, ""93"": 0.20000000298023224, ""86"": 0.20000000298023224, ""16"": 0.20000000298023224}, ""num_aggregated"": 6}"
164,apra,apra_mad_filter,"[3, 86, 72, 23, 73, 84, 96, 30, 67]",[4],"{""median_norm"": 0.6701802791648741, ""mad"": 0.11645846607781085, ""k"": 2.0, ""num_accepted"": 9, ""safety_keep_used"": false, ""fallback_used"": false}"
164,apra,apra_hierarchical_cluster,"[3, 86, 72, 23, 84, 96, 30, 67]",[73],"{""best_k"": 2, ""best_score"": 0.541242241859436, ""selected_cluster"": 0, ""cluster_scores"": {""0"": 2.4603331089019775, ""1"": -1.0}, ""num_trusted"": 8, ""fallback_used"": false}"
164,apra,apra_trust_weighted_clip,"[3, 86, 72, 23, 84, 96, 30, 67]",[],"{""base_clip"": 1.0, ""trust_weights"": {""3"": 0.1428571492433548, ""86"": 0.1428571492433548, ""72"": 0.1428571492433548, ""23"": 0.1428571492433548, ""84"": 0.1428571492433548, ""96"": 0.1428571492433548, ""30"": 0.1428571492433548, ""67"": 0.0}, ""num_aggregated"": 8}"
165,apra,apra_mad_filter,"[8, 18, 94, 69, 36, 63, 62, 76, 71]",[2],"{""median_norm"": 0.5411983521265034, ""mad"": 0.03766946287343506, ""k"": 2.0, ""num_accepted"": 9, ""safety_keep_used"": false, ""fallback_used"": false}"
165,apra,apra_hierarchical_cluster,"[18, 94, 69, 36, 63, 62, 76, 71]",[8],"{""best_k"": 2, ""best_score"": 0.3698573112487793, ""selected_cluster"": 0, ""cluster_scores"": {""0"": 0.7529028654098511, ""1"": -1.0}, ""num_trusted"": 8, ""fallback_used"": false}"
165,apra,apra_trust_weighted_clip,"[18, 94, 69, 36, 63, 62, 76, 71]",[],"{""base_clip"": 1.0, ""trust_weights"": {""18"": 0.0, ""94"": 0.17610251903533936, ""69"": 0.11948741972446442, ""36"": 0.0, ""63"": 0.17610251903533936, ""62"": 0.17610251903533936, ""76"": 0.17610251903533936, ""71"": 0.17610251903533936}, ""num_aggregated"": 8}"
166,apra,apra_mad_filter,"[44, 66, 63, 95, 46, 29, 60, 9]","[1, 48]","{""median_norm"": 0.5779351985824481, ""mad"": 0.03236023278177885, ""k"": 2.0, ""num_accepted"": 8, ""safety_keep_used"": false, ""fallback_used"": false}"
166,apra,apra_hierarchical_cluster,"[44, 66, 63, 46, 29, 60, 9]",[95],"{""best_k"": 2, ""best_score"": 0.6329176425933838, ""selected_cluster"": 0, ""cluster_scores"": {""0"": 2.4920947551727295, ""1"": -1.0}, ""num_trusted"": 7, ""fallback_used"": false}"
166,apra,apra_trust_weighted_clip,"[44, 66, 63, 46, 29, 60, 9]",[],"{""base_clip"": 1.0, ""trust_weights"": {""44"": 0.17020192742347717, ""66"": 0.17020192742347717, ""63"": 0.17020192742347717, ""46"": 0.17020192742347717, ""29"": 0.14899037778377533, ""60"": 0.0, ""9"": 0.17020192742347717}, ""num_aggregated"": 7}"
167,apra,apra_mad_filter,"[99, 38, 13, 42, 28, 96, 5, 58]","[3, 31]","{""median_norm"": 0.5792720672140051, ""mad"": 0.07989801320857562, ""k"": 2.0, ""num_accepted"": 8, ""safety_keep_used"": false, ""fallback_used"": false}"
167,apra,apra_hierarchical_cluster,"[38, 13, 42, 96, 5]","[99, 28, 58]","{""best_k"": 3, ""best_score"": 0.3901394009590149, ""selected_cluster"": 0, ""cluster_scores"": {""0"": 3.579874277114868, ""1"": 1.5715491771697998, ""2"": -1.0}, ""num_trusted"": 5, ""fallback_used"": false}"
167,apra,apra_trust_weighted_clip,"[38, 13, 42, 96, 5]",[],"{""base_clip"": 1.0, ""trust_weights"": {""38"": 0.25, ""13"": 0.25, ""42"": 0.0, ""96"": 0.25, ""5"": 0.25}, ""num_aggregated"": 5}"
168,apra,apra_mad_filter,"[49, 53, 54, 64, 8, 83, 85, 90]","[0, 88]","{""median_norm"": 0.6114284578508506, ""mad"": 0.13074703159490728, ""k"": 2.0, ""num_accepted"": 8, ""safety_keep_used"": false, ""fallback_used"": false}"
168,apra,apra_hierarchical_cluster,"[49, 53, 64, 8, 83, 85, 90]",[54],"{""best_k"": 2, ""best_score"": 0.811172604560852, ""selected_cluster"": 0, ""cluster_scores"": {""0"": 6.779482364654541, ""1"": -1.0}, ""num_trusted"": 7, ""fallback_used"": false}"
168,apra,apra_trust_weighted_clip,"[49, 53, 64, 8, 83, 85, 90]",[],"{""base_clip"": 1.0, ""trust_weights"": {""49"": 0.25, ""53"": 0.0, ""64"": 0.0, ""8"": 0.0, ""83"": 0.25, ""85"": 0.25, ""90"": 0.25}, ""num_aggregated"": 7}"
169,apra,apra_mad_filter,"[28, 98, 30, 12, 13, 74, 9, 92, 56]",[3],"{""median_norm"": 0.5214105908294219, ""mad"": 0.0725172769514813, ""k"": 2.0, ""num_accepted"": 9, ""safety_keep_used"": false, ""fallback_used"": false}"
169,apra,apra_hierarchical_cluster,"[98, 12, 13, 74, 9, 92]","[28, 30, 56]","{""best_k"": 3, ""best_score"": 0.2844258248806, ""selected_cluster"": 0, ""cluster_scores"": {""0"": 1.7838032245635986, ""1"": 1.2705883979797363, ""2"": -1.0}, ""num_trusted"": 6, ""fallback_used"": false}"
169,apra,apra_trust_weighted_clip,"[98, 12, 13, 74, 9, 92]",[],"{""base_clip"": 1.0, ""trust_weights"": {""98"": 0.20000000298023224, ""12"": 0.0, ""13"": 0.20000000298023224, ""74"": 0.20000000298023224, ""9"": 0.20000000298023224, ""92"": 0.20000000298023224}, ""num_aggregated"": 6}"
170,apra,apra_mad_filter,"[14, 76, 43, 44, 96, 29, 77, 32]","[0, 4]","{""median_norm"": 0.6105761416493383, ""mad"": 0.10830930416984214, ""k"": 2.0, ""num_accepted"": 8, ""safety_keep_used"": false, ""fallback_used"": false}"
170,apra,apra_hierarchical_cluster,"[14, 76, 43, 44, 96, 29, 77]",[32],"{""best_k"": 2, ""best_score"": 0.582083523273468, ""selected_cluster"": 0, ""cluster_scores"": {""0"": 3.362694025039673, ""1"": -1.0}, ""num_trusted"": 7, ""fallback_used"": false}"
170,apra,apra_trust_weighted_clip,"[14, 76, 43, 44, 96, 29, 77]",[],"{""base_clip"": 1.0, ""trust_weights"": {""14"": 0.1666666716337204, ""76"": 0.1666666716337204, ""43"": 0.1666666716337204, ""44"": 0.0, ""96"": 0.1666666716337204, ""29"": 0.1666666716337204, ""77"": 0.1666666716337204}, ""num_aggregated"": 7}"
171,apra,apra_mad_filter,"[27, 93, 15, 25, 33, 8, 30, 63]","[3, 88]","{""median_norm"": 0.5577622338640078, ""mad"": 0.0549965962434357, ""k"": 2.0, ""num_accepted"": 8, ""safety_keep_used"": false, ""fallback_used"": false}"
171,apra,apra_hierarchical_cluster,"[27, 93, 25, 33, 63]","[15, 8, 30]","{""best_k"": 3, ""best_score"": 0.37262433767318726, ""selected_cluster"": 0, ""cluster_scores"": {""0"": 4.620121002197266, ""1"": 1.8229279518127441, ""2"": -1.0}, ""num_trusted"": 5, ""fallback_used"": false}"
171,apra,apra_trust_weighted_clip,"[27, 93, 25, 33, 63]",[],"{""base_clip"": 1.0, ""trust_weights"": {""27"": 0.25, ""93"": 0.25, ""25"": 0.25, ""33"": 0.25, ""63"": 0.0}, ""num_aggregated"": 5}"
172,apra,apra_mad_filter,"[80, 10, 60, 28, 63, 74, 81, 84]","[3, 1]","{""median_norm"": 0.5385402464706615, ""mad"": 0.047188463295337435, ""k"": 2.0, ""num_accepted"": 8, ""safety_keep_used"": false, ""fallback_used"": false}"
172,apra,apra_hierarchical_cluster,"[80, 60, 28, 63, 74, 81, 84]",[10],"{""best_k"": 2, ""best_score"": 0.6274442076683044, ""selected_cluster"": 0, ""cluster_scores"": {""0"": 2.3099451065063477, ""1"": -1.0}, ""num_trusted"": 7, ""fallback_used"": false}"
172,apra,apra_trust_weighted_clip,"[80, 60, 28, 63, 74, 81, 84]",[],"{""base_clip"": 1.0, ""trust_weights"": {""80"": 0.20015329122543335, ""60"": 0.0996934175491333, ""28"": 0.20015329122543335, ""63"": 0.0, ""74"": 0.20015329122543335, ""81"": 0.20015329122543335, ""84"": 0.0996934175491333}, ""num_aggregated"": 7}"
173,apra,apra_mad_filter,"[54, 13, 69, 75, 18, 7, 37]","[1, 4, 2]","{""median_norm"": 0.5115368809682626, ""mad"": 0.09321737389884938, ""k"": 2.0, ""num_accepted"": 7, ""safety_keep_used"": false, ""fallback_used"": false}"
173,apra,apra_hierarchical_cluster,"[13, 69, 75, 18, 7, 37]",[54],"{""best_k"": 2, ""best_score"": 0.6772293448448181, ""selected_cluster"": 0, ""cluster_scores"": {""0"": 3.0407938957214355, ""1"": -1.0}, ""num_trusted"": 6, ""fallback_used"": false}"
173,apra,apra_trust_weighted_clip,"[13, 69, 75, 18, 7, 37]",[],"{""base_clip"": 1.0, ""trust_weights"": {""13"": 0.20000000298023224, ""69"": 0.20000000298023224, ""75"": 0.20000000298023224, ""18"": 0.0, ""7"": 0.20000000298023224, ""37"": 0.20000000298023224}, ""num_aggregated"": 6}"
174,apra,apra_mad_filter,"[67, 6, 62, 19, 51, 24, 35]","[2, 17, 13]","{""median_norm"": 0.7300831085442361, ""mad"": 0.0847515028248566, ""k"": 2.0, ""num_accepted"": 7, ""safety_keep_used"": false, ""fallback_used"": false}"
174,apra,apra_hierarchical_cluster,"[62, 24]","[67, 6, 19, 51, 35]","{""best_k"": 2, ""best_score"": 0.3243424892425537, ""selected_cluster"": 1, ""cluster_scores"": {""0"": 1.774317741394043, ""1"": 1.8699581623077393}, ""num_trusted"": 2, ""fallback_used"": false}"
174,apra,apra_trust_weighted_clip,"[62, 24]",[],"{""base_clip"": 1.0, ""trust_weights"": {""62"": 0.5, ""24"": 0.5}, ""num_aggregated"": 2}"
175,apra,apra_mad_filter,"[89, 39, 17, 56, 72, 35, 62, 32, 19]",[3],"{""median_norm"": 0.636742572017966, ""mad"": 0.1454863463345425, ""k"": 2.0, ""num_accepted"": 9, ""safety_keep_used"": false, ""fallback_used"": false}"
175,apra,apra_hierarchical_cluster,"[89, 39, 17, 56, 72, 35, 62, 19]",[32],"{""best_k"": 2, ""best_score"": 0.3863159716129303, ""selected_cluster"": 0, ""cluster_scores"": {""0"": 0.5125595927238464, ""1"": -1.0}, ""num_trusted"": 8, ""fallback_used"": false}"
175,apra,apra_trust_weighted_clip,"[89, 39, 17, 56, 72, 35, 62, 19]",[],"{""base_clip"": 1.0, ""trust_weights"": {""89"": 0.16009105741977692, ""39"": 0.16009105741977692, ""17"": 0.03945368900895119, ""56"": 0.0, ""72"": 0.16009105741977692, ""35"": 0.16009105741977692, ""62"": 0.16009105741977692, ""19"": 0.16009105741977692}, ""num_aggregated"": 8}"
176,apra,apra_mad_filter,"[42, 8, 99, 55, 43, 18, 74, 85, 78]",[2],"{""median_norm"": 0.5087661785693536, ""mad"": 0.06840114540316261, ""k"": 2.0, ""num_accepted"": 9, ""safety_keep_used"": false, ""fallback_used"": false}"
176,apra,apra_hierarchical_cluster,"[42, 55, 43, 74, 85, 78]","[8, 99, 18]","{""best_k"": 2, ""best_score"": 0.4923923909664154, ""selected_cluster"": 0, ""cluster_scores"": {""0"": 3.9597692489624023, ""1"": 2.4129488468170166}, ""num_trusted"": 6, ""fallback_used"": false}"
176,apra,apra_trust_weighted_clip,"[42, 55, 43, 74, 85, 78]",[],"{""base_clip"": 1.0, ""trust_weights"": {""42"": 0.0, ""55"": 0.25, ""43"": 0.25, ""74"": 0.25, ""85"": 0.0, ""78"": 0.25}, ""num_aggregated"": 6}"
177,apra,apra_mad_filter,"[43, 92, 29, 50, 57, 80, 82, 16]","[0, 17]","{""median_norm"": 0.5174192730767712, ""mad"": 0.06282723653649894, ""k"": 2.0, ""num_accepted"": 8, ""safety_keep_used"": false, ""fallback_used"": false}"
177,apra,apra_hierarchical_cluster,"[43, 92, 29, 50, 57, 80, 16]",[82],"{""best_k"": 2, ""best_score"": 0.6121823787689209, ""selected_cluster"": 0, ""cluster_scores"": {""0"": 5.7812700271606445, ""1"": -1.0}, ""num_trusted"": 7, ""fallback_used"": false}"
177,apra,apra_trust_weighted_clip,"[43, 92, 29, 50, 57, 80, 16]",[],"{""base_clip"": 1.0, ""trust_weights"": {""43"": 0.20000000298023224, ""92"": 0.20000000298023224, ""29"": 0.0, ""50"": 0.20000000298023224, ""57"": 0.20000000298023224, ""80"": 0.0, ""16"": 0.20000000298023224}, ""num_aggregated"": 7}"
178,apra,apra_mad_filter,"[58, 21, 96, 94, 5, 80, 45, 62, 71]",[0],"{""median_norm"": 0.4977452650719417, ""mad"": 0.06687329702067343, ""k"": 2.0, ""num_accepted"": 9, ""safety_keep_used"": false, ""fallback_used"": false}"
178,apra,apra_hierarchical_cluster,"[21, 94, 5, 80, 45, 62]","[58, 96, 71]","{""best_k"": 3, ""best_score"": 0.5379737019538879, ""selected_cluster"": 1, ""cluster_scores"": {""0"": 1.717510461807251, ""1"": 5.187638282775879, ""2"": -1.0}, ""num_trusted"": 6, ""fallback_used"": false}"
178,apra,apra_trust_weighted_clip,"[21, 94, 5, 80, 45, 62]",[],"{""base_clip"": 1.0, ""trust_weights"": {""21"": 0.20000000298023224, ""94"": 0.20000000298023224, ""5"": 0.20000000298023224, ""80"": 0.0, ""45"": 0.20000000298023224, ""62"": 0.20000000298023224}, ""num_aggregated"": 6}"
179,apra,apra_mad_filter,"[30, 41, 90, 42, 69, 13, 73]","[4, 2, 1]","{""median_norm"": 0.6487260572257971, ""mad"": 0.12127650014076397, ""k"": 2.0, ""num_accepted"": 7, ""safety_keep_used"": false, ""fallback_used"": false}"
179,apra,apra_hierarchical_cluster,"[30, 41, 90, 42, 69, 13]",[73],"{""best_k"": 2, ""best_score"": 0.4965943992137909, ""selected_cluster"": 0, ""cluster_scores"": {""0"": 0.3376882076263428, ""1"": -1.0}, ""num_trusted"": 6, ""fallback_used"": false}"
179,apra,apra_trust_weighted_clip,"[30, 41, 90, 42, 69, 13]",[],"{""base_clip"": 1.0, ""trust_weights"": {""30"": 0.21277710795402527, ""41"": 0.0, ""90"": 0.20949669182300568, ""42"": 0.18247456848621368, ""69"": 0.21277710795402527, ""13"": 0.18247456848621368}, ""num_aggregated"": 6}"
180,apra,apra_mad_filter,"[97, 54, 70, 96, 34, 36, 42, 56, 91]",[4],"{""median_norm"": 0.5335823341800725, ""mad"": 0.09191465729323245, ""k"": 2.0, ""num_accepted"": 9, ""safety_keep_used"": false, ""fallback_used"": false}"
180,apra,apra_hierarchical_cluster,"[97, 70, 96, 34, 36, 42, 56, 91]",[54],"{""best_k"": 2, ""best_score"": 0.6115029454231262, ""selected_cluster"": 0, ""cluster_scores"": {""0"": 2.3576743602752686, ""1"": -1.0}, ""num_trusted"": 8, ""fallback_used"": false}"
180,apra,apra_trust_weighted_clip,"[97, 70, 96, 34, 36, 42, 56, 91]",[],"{""base_clip"": 1.0, ""trust_weights"": {""97"": 0.15110553801059723, ""70"": 0.14995694160461426, ""96"": 0.0, ""34"": 0.15110553801059723, ""36"": 0.15110553801059723, ""42"": 0.09451533108949661, ""56"": 0.15110553801059723, ""91"": 0.15110553801059723}, ""num_aggregated"": 8}"
181,apra,apra_mad_filter,"[96, 90, 93, 69, 11, 94, 58, 34, 38]",[3],"{""median_norm"": 0.5178939520527162, ""mad"": 0.04476578563357442, ""k"": 2.0, ""num_accepted"": 9, ""safety_keep_used"": false, ""fallback_used"": false}"
181,apra,apra_hierarchical_cluster,"[90, 93, 69, 11, 94, 34, 38]","[96, 58]","{""best_k"": 3, ""best_score"": 0.4865809679031372, ""selected_cluster"": 0, ""cluster_scores"": {""0"": 3.65067720413208, ""1"": -1.0, ""2"": -1.0}, ""num_trusted"": 7, ""fallback_used"": false}"
181,apra,apra_trust_weighted_clip,"[90, 93, 69, 11, 94, 34, 38]",[],"{""base_clip"": 1.0, ""trust_weights"": {""90"": 0.18887217342853546, ""93"": 0.18887217342853546, ""69"": 0.0, ""11"": 0.08457222580909729, ""94"": 0.18887217342853546, ""34"": 0.18887217342853546, ""38"": 0.15993906557559967}, ""num_aggregated"": 7}"
182,apra,apra_mad_filter,"[5, 41, 34, 8, 82, 47, 11, 48, 89]",[1],"{""median_norm"": 0.5746047670410547, ""mad"": 0.08705431110814316, ""k"": 2.0, ""num_accepted"": 9, ""safety_keep_used"": false, ""fallback_used"": false}"
182,apra,apra_hierarchical_cluster,"[5, 41, 34, 8, 82, 47, 11, 89]",[48],"{""best_k"": 2, ""best_score"": 0.5722227692604065, ""selected_cluster"": 0, ""cluster_scores"": {""0"": 2.132659673690796, ""1"": -1.0}, ""num_trusted"": 8, ""fallback_used"": false}"
182,apra,apra_trust_weighted_clip,"[5, 41, 34, 8, 82, 47, 11, 89]",[],"{""base_clip"": 1.0, ""trust_weights"": {""5"": 0.0, ""41"": 0.0, ""34"": 0.24322126805782318, ""8"": 0.0, ""82"": 0.24322126805782318, ""47"": 0.027114972472190857, ""11"": 0.24322126805782318, ""89"": 0.24322126805782318}, ""num_aggregated"": 8}"
183,apra,apra_mad_filter,"[2, 54, 62, 36, 73, 23, 7, 15, 94]",[1],"{""median_norm"": 0.6607021439118005, ""mad"": 0.14845104426490613, ""k"": 2.0, ""num_accepted"": 9, ""safety_keep_used"": false, ""fallback_used"": false}"
183,apra,apra_hierarchical_cluster,"[2, 62, 36, 73, 23, 7, 15, 94]",[54],"{""best_k"": 2, ""best_score"": 0.6831961274147034, ""selected_cluster"": 0, ""cluster_scores"": {""0"": 2.45135498046875, ""1"": -1.0}, ""num_trusted"": 8, ""fallback_used"": false}"
183,apra,apra_trust_weighted_clip,"[2, 62, 36, 73, 23, 7, 15, 94]",[],"{""base_clip"": 1.0, ""trust_weights"": {""2"": 0.0, ""62"": 0.0, ""36"": 0.20000000298023224, ""73"": 0.0, ""23"": 0.20000000298023224, ""7"": 0.20000000298023224, ""15"": 0.20000000298023224, ""94"": 0.20000000298023224}, ""num_aggregated"": 8}"
184,apra,apra_mad_filter,"[3, 83, 64, 41, 77, 95, 87, 32, 5]",[4],"{""median_norm"": 0.6333045226914471, ""mad"": 0.13951577812779337, ""k"": 2.0, ""num_accepted"": 9, ""safety_keep_used"": false, ""fallback_used"": false}"
184,apra,apra_hierarchical_cluster,"[3, 83, 64, 77, 87, 32, 5]","[41, 95]","{""best_k"": 2, ""best_score"": 0.7247834801673889, ""selected_cluster"": 0, ""cluster_scores"": {""0"": 4.930251121520996, ""1"": 1.9893593788146973}, ""num_trusted"": 7, ""fallback_used"": false}"
184,apra,apra_trust_weighted_clip,"[3, 83, 64, 77, 87, 32, 5]",[],"{""base_clip"": 1.0, ""trust_weights"": {""3"": 0.20000000298023224, ""83"": 0.20000000298023224, ""64"": 0.20000000298023224, ""77"": 0.20000000298023224, ""87"": 0.20000000298023224, ""32"": 0.0, ""5"": 0.0}, ""num_aggregated"": 7}"
185,apra,apra_mad_filter,"[29, 33, 81, 11, 39, 5, 95, 69]","[0, 45]","{""median_norm"": 0.52190793889618, ""mad"": 0.04454495444119816, ""k"": 2.0, ""num_accepted"": 8, ""safety_keep_used"": false, ""fallback_used"": false}"
185,apra,apra_hierarchical_cluster,"[29, 33, 81, 11, 39, 5, 69]",[95],"{""best_k"": 2, ""best_score"": 0.5752071738243103, ""selected_cluster"": 0, ""cluster_scores"": {""0"": 3.1968820095062256, ""1"": -1.0}, ""num_trusted"": 7, ""fallback_used"": false}"
185,apra,apra_trust_weighted_clip,"[29, 33, 81, 11, 39, 5, 69]",[],"{""base_clip"": 1.0, ""trust_weights"": {""29"": 0.1666666716337204, ""33"": 0.1666666716337204, ""81"": 0.1666666716337204, ""11"": 0.1666666716337204, ""39"": 0.1666666716337204, ""5"": 0.1666666716337204, ""69"": 0.0}, ""num_aggregated"": 7}"
186,apra,apra_mad_filter,"[50, 81, 62, 74, 10, 33, 35, 56]","[0, 3]","{""median_norm"": 0.5158899307489704, ""mad"": 0.07203941537309189, ""k"": 2.0, ""num_accepted"": 8, ""safety_keep_used"": false, ""fallback_used"": false}"
186,apra,apra_hierarchical_cluster,"[50, 74, 33, 35, 56]","[81, 62, 10]","{""best_k"": 3, ""best_score"": 0.65263831615448, ""selected_cluster"": 0, ""cluster_scores"": {""0"": 3.455920696258545, ""1"": -1.0, ""2"": 1.9937479496002197}, ""num_trusted"": 5, ""fallback_used"": false}"
186,apra,apra_trust_weighted_clip,"[50, 74, 33, 35, 56]",[],"{""base_clip"": 1.0, ""trust_weights"": {""50"": 0.25, ""74"": 0.25, ""33"": 0.25, ""35"": 0.25, ""56"": 0.0}, ""num_aggregated"": 5}"
187,apra,apra_mad_filter,"[40, 67, 33, 7, 6, 38, 5]","[2, 0, 1]","{""median_norm"": 0.5809433315171508, ""mad"": 0.0923331505276817, ""k"": 2.0, ""num_accepted"": 7, ""safety_keep_used"": false, ""fallback_used"": false}"
187,apra,apra_hierarchical_cluster,"[67, 33, 5]","[40, 7, 6, 38]","{""best_k"": 3, ""best_score"": 0.3800511360168457, ""selected_cluster"": 0, ""cluster_scores"": {""0"": 2.949650526046753, ""1"": 2.2760133743286133, ""2"": -1.0}, ""num_trusted"": 3, ""fallback_used"": false}"
187,apra,apra_trust_weighted_clip,"[67, 33, 5]",[],"{""base_clip"": 1.0, ""trust_weights"": {""67"": 0.5, ""33"": 0.0, ""5"": 0.5}, ""num_aggregated"": 3}"
188,apra,apra_mad_filter,"[38, 92, 53, 33, 46, 80, 60, 50, 68]",[0],"{""median_norm"": 0.5510450490624372, ""mad"": 0.055137896397065456, ""k"": 2.0, ""num_accepted"": 9, ""safety_keep_used"": false, ""fallback_used"": false}"
188,apra,apra_hierarchical_cluster,"[38, 92, 33, 46, 80, 60, 50, 68]",[53],"{""best_k"": 2, ""best_score"": 0.42160117626190186, ""selected_cluster"": 0, ""cluster_scores"": {""0"": 6.785086154937744, ""1"": -1.0}, ""num_trusted"": 8, ""fallback_used"": false}"
188,apra,apra_trust_weighted_clip,"[38, 92, 33, 46, 80, 60, 50, 68]",[],"{""base_clip"": 1.0, ""trust_weights"": {""38"": 0.0, ""92"": 0.20000000298023224, ""33"": 0.20000000298023224, ""46"": 0.0, ""80"": 0.20000000298023224, ""60"": 0.20000000298023224, ""50"": 0.20000000298023224, ""68"": 0.0}, ""num_aggregated"": 8}"
189,apra,apra_mad_filter,"[38, 94, 69, 57, 45, 22, 53]","[1, 47, 3]","{""median_norm"": 0.5623651217316799, ""mad"": 0.07444272094694188, ""k"": 2.0, ""num_accepted"": 7, ""safety_keep_used"": false, ""fallback_used"": false}"
189,apra,apra_hierarchical_cluster,"[38, 94, 57, 22, 53]","[69, 45]","{""best_k"": 3, ""best_score"": 0.5743268132209778, ""selected_cluster"": 0, ""cluster_scores"": {""0"": 4.416170120239258, ""1"": -1.0, ""2"": -1.0}, ""num_trusted"": 5, ""fallback_used"": false}"
189,apra,apra_trust_weighted_clip,"[38, 94, 57, 22, 53]",[],"{""base_clip"": 1.0, ""trust_weights"": {""38"": 0.5, ""94"": 0.5, ""57"": 0.0, ""22"": 0.0, ""53"": 0.0}, ""num_aggregated"": 5}"
190,apra,apra_mad_filter,"[71, 75, 78, 37, 51, 55, 18, 41]","[2, 19]","{""median_norm"": 0.6516969471032548, ""mad"": 0.0978921788015008, ""k"": 2.0, ""num_accepted"": 8, ""safety_keep_used"": false, ""fallback_used"": false}"
190,apra,apra_hierarchical_cluster,"[78, 37, 51, 18, 41]","[71, 75, 55]","{""best_k"": 2, ""best_score"": 0.5693918466567993, ""selected_cluster"": 0, ""cluster_scores"": {""0"": 2.8661248683929443, ""1"": 2.745742082595825}, ""num_trusted"": 5, ""fallback_used"": false}"
190,apra,apra_trust_weighted_clip,"[78, 37, 51, 18, 41]",[],"{""base_clip"": 1.0, ""trust_weights"": {""78"": 0.3333333432674408, ""37"": 0.3333333432674408, ""51"": 0.0, ""18"": 0.3333333432674408, ""41"": 0.0}, ""num_aggregated"": 5}"
191,apra,apra_mad_filter,"[55, 8, 11, 25, 68, 6, 61, 78]","[3, 90]","{""median_norm"": 0.5050931626648021, ""mad"": 0.04795416298693286, ""k"": 2.0, ""num_accepted"": 8, ""safety_keep_used"": false, ""fallback_used"": false}"
191,apra,apra_hierarchical_cluster,"[55, 11, 25, 68, 6, 61, 78]",[8],"{""best_k"": 2, ""best_score"": 0.6615878343582153, ""selected_cluster"": 0, ""cluster_scores"": {""0"": 2.908400058746338, ""1"": -1.0}, ""num_trusted"": 7, ""fallback_used"": false}"
191,apra,apra_trust_weighted_clip,"[55, 11, 25, 68, 6, 61, 78]",[],"{""base_clip"": 1.0, ""trust_weights"": {""55"": 0.5, ""11"": 0.5, ""25"": 0.0, ""68"": 0.0, ""6"": 0.0, ""61"": 0.0, ""78"": 0.0}, ""num_aggregated"": 7}"
192,apra,apra_mad_filter,"[11, 65, 15, 22, 86, 14, 50]","[2, 95, 12]","{""median_norm"": 0.4925931240567868, ""mad"": 0.03116859028064653, ""k"": 2.0, ""num_accepted"": 7, ""safety_keep_used"": false, ""fallback_used"": false}"
192,apra,apra_hierarchical_cluster,"[11, 22, 86, 14, 50]","[65, 15]","{""best_k"": 3, ""best_score"": 0.5513640642166138, ""selected_cluster"": 0, ""cluster_scores"": {""0"": 4.809340000152588, ""1"": -1.0, ""2"": -1.0}, ""num_trusted"": 5, ""fallback_used"": false}"
192,apra,apra_trust_weighted_clip,"[11, 22, 86, 14, 50]",[],"{""base_clip"": 1.0, ""trust_weights"": {""11"": 0.0, ""22"": 0.25, ""86"": 0.25, ""14"": 0.25, ""50"": 0.25}, ""num_aggregated"": 5}"
193,apra,apra_mad_filter,"[2, 23, 85, 48, 8, 72, 87, 16, 73]",[88],"{""median_norm"": 0.6540375101561131, ""mad"": 0.12425066470413854, ""k"": 2.0, ""num_accepted"": 9, ""safety_keep_used"": false, ""fallback_used"": false}"
193,apra,apra_hierarchical_cluster,"[2, 23, 85, 48, 8, 72, 87, 16]",[73],"{""best_k"": 2, ""best_score"": 0.5577147006988525, ""selected_cluster"": 0, ""cluster_scores"": {""0"": 3.949270248413086, ""1"": -1.0}, ""num_trusted"": 8, ""fallback_used"": false}"
193,apra,apra_trust_weighted_clip,"[2, 23, 85, 48, 8, 72, 87, 16]",[],"{""base_clip"": 1.0, ""trust_weights"": {""2"": 0.15952351689338684, ""23"": 0.12302916496992111, ""85"": 0.0, ""48"": 0.11824522912502289, ""8"": 0.12063150852918625, ""72"": 0.15952351689338684, ""87"": 0.15952351689338684, ""16"": 0.15952351689338684}, ""num_aggregated"": 8}"
194,apra,apra_mad_filter,"[2, 78, 3, 40, 31, 14, 44, 57, 10, 64]",[],"{""median_norm"": 0.6633719568855543, ""mad"": 0.15863024145222837, ""k"": 2.0, ""num_accepted"": 10, ""safety_keep_used"": false, ""fallback_used"": false}"
194,apra,apra_hierarchical_cluster,"[78, 3, 40, 14, 57, 10, 64]","[2, 31, 44]","{""best_k"": 3, ""best_score"": 0.4853132367134094, ""selected_cluster"": 2, ""cluster_scores"": {""0"": 1.392951250076294, ""1"": -1.0, ""2"": 4.192010879516602}, ""num_trusted"": 7, ""fallback_used"": false}"
194,apra,apra_trust_weighted_clip,"[78, 3, 40, 14, 57, 10, 64]",[],"{""base_clip"": 1.0, ""trust_weights"": {""78"": 0.1666666716337204, ""3"": 0.1666666716337204, ""40"": 0.1666666716337204, ""14"": 0.1666666716337204, ""57"": 0.1666666716337204, ""10"": 0.0, ""64"": 0.1666666716337204}, ""num_aggregated"": 7}"
195,apra,apra_mad_filter,"[10, 81, 56, 36, 62, 99, 93, 85]","[2, 88]","{""median_norm"": 0.5715367199898573, ""mad"": 0.09106448640255438, ""k"": 2.0, ""num_accepted"": 8, ""safety_keep_used"": false, ""fallback_used"": false}"
195,apra,apra_hierarchical_cluster,"[10, 81, 56, 62, 99, 93, 85]",[36],"{""best_k"": 2, ""best_score"": 0.4356203079223633, ""selected_cluster"": 0, ""cluster_scores"": {""0"": 5.356255054473877, ""1"": -1.0}, ""num_trusted"": 7, ""fallback_used"": false}"
195,apra,apra_trust_weighted_clip,"[10, 81, 56, 62, 99, 93, 85]",[],"{""base_clip"": 1.0, ""trust_weights"": {""10"": 0.0, ""81"": 0.344764769077301, ""56"": 0.0, ""62"": 0.31047046184539795, ""99"": 0.344764769077301, ""93"": 0.0, ""85"": 0.0}, ""num_aggregated"": 7}"
196,apra,apra_mad_filter,"[25, 99, 81, 6, 89, 30, 21, 90]","[3, 13]","{""median_norm"": 0.462194051878226, ""mad"": 0.03642024548149514, ""k"": 2.0, ""num_accepted"": 8, ""safety_keep_used"": false, ""fallback_used"": false}"
196,apra,apra_hierarchical_cluster,"[99, 81, 6, 89, 21, 90]","[25, 30]","{""best_k"": 2, ""best_score"": 0.5473378896713257, ""selected_cluster"": 0, ""cluster_scores"": {""0"": 2.1786584854125977, ""1"": 1.950688123703003}, ""num_trusted"": 6, ""fallback_used"": false}"
196,apra,apra_trust_weighted_clip,"[99, 81, 6, 89, 21, 90]",[],"{""base_clip"": 1.0, ""trust_weights"": {""99"": 0.0, ""81"": 0.25, ""6"": 0.25, ""89"": 0.25, ""21"": 0.0, ""90"": 0.25}, ""num_aggregated"": 6}"
197,apra,apra_mad_filter,"[1, 16, 75, 59, 52, 61, 8, 21, 47, 40]",[],"{""median_norm"": 0.5417422080174876, ""mad"": 0.11999993869644116, ""k"": 2.0, ""num_accepted"": 10, ""safety_keep_used"": false, ""fallback_used"": false}"
197,apra,apra_hierarchical_cluster,"[1, 16, 75, 59, 52, 61, 8, 21, 40]",[47],"{""best_k"": 2, ""best_score"": 0.4937502443790436, ""selected_cluster"": 0, ""cluster_scores"": {""0"": 1.5485172271728516, ""1"": -1.0}, ""num_trusted"": 9, ""fallback_used"": false}"
197,apra,apra_trust_weighted_clip,"[1, 16, 75, 59, 52, 61, 8, 21, 40]",[],"{""base_clip"": 1.0, ""trust_weights"": {""1"": 0.0, ""16"": 0.1666666716337204, ""75"": 0.1666666716337204, ""59"": 0.0, ""52"": 0.1666666716337204, ""61"": 0.0, ""8"": 0.1666666716337204, ""21"": 0.1666666716337204, ""40"": 0.1666666716337204}, ""num_aggregated"": 9}"
198,apra,apra_mad_filter,"[13, 53, 66, 33, 38, 36, 49, 76]","[3, 54]","{""median_norm"": 0.5649702781238228, ""mad"": 0.05685900054884627, ""k"": 2.0, ""num_accepted"": 8, ""safety_keep_used"": false, ""fallback_used"": false}"
198,apra,apra_hierarchical_cluster,"[53, 33, 38, 76]","[13, 66, 36, 49]","{""best_k"": 4, ""best_score"": 0.5308471322059631, ""selected_cluster"": 0, ""cluster_scores"": {""0"": 3.2888550758361816, ""1"": -1.0, ""2"": 1.999119520187378, ""3"": -1.0}, ""num_trusted"": 4, ""fallback_used"": false}"
198,apra,apra_trust_weighted_clip,"[53, 33, 38, 76]",[],"{""base_clip"": 1.0, ""trust_weights"": {""53"": 0.0, ""33"": 0.3333333432674408, ""38"": 0.3333333432674408, ""76"": 0.3333333432674408}, ""num_aggregated"": 4}"
199,apra,apra_mad_filter,"[47, 98, 83, 65, 78, 24, 33, 40]","[2, 88]","{""median_norm"": 0.53607214272678, ""mad"": 0.10169588516065475, ""k"": 2.0, ""num_accepted"": 8, ""safety_keep_used"": false, ""fallback_used"": false}"
199,apra,apra_hierarchical_cluster,"[98, 83, 65, 78, 24, 33, 40]",[47],"{""best_k"": 2, ""best_score"": 0.6484309434890747, ""selected_cluster"": 0, ""cluster_scores"": {""0"": 6.527823448181152, ""1"": -1.0}, ""num_trusted"": 7, ""fallback_used"": false}"
199,apra,apra_trust_weighted_clip,"[98, 83, 65, 78, 24, 33, 40]",[],"{""base_clip"": 1.0, ""trust_weights"": {""98"": 0.1666666716337204, ""83"": 0.1666666716337204, ""65"": 0.0, ""78"": 0.1666666716337204, ""24"": 0.1666666716337204, ""33"": 0.1666666716337204, ""40"": 0.1666666716337204}, ""num_aggregated"": 7}"
200,apra,apra_mad_filter,"[86, 70, 30, 24, 66, 99, 9, 31]","[0, 12]","{""median_norm"": 0.5079139181702936, ""mad"": 0.021336884753631352, ""k"": 2.0, ""num_accepted"": 8, ""safety_keep_used"": false, ""fallback_used"": false}"
200,apra,apra_hierarchical_cluster,"[86, 70, 30, 24, 66, 99, 9]",[31],"{""best_k"": 2, ""best_score"": 0.5891947746276855, ""selected_cluster"": 0, ""cluster_scores"": {""0"": 2.31009840965271, ""1"": -1.0}, ""num_trusted"": 7, ""fallback_used"": false}"
200,apra,apra_trust_weighted_clip,"[86, 70, 30, 24, 66, 99, 9]",[],"{""base_clip"": 1.0, ""trust_weights"": {""86"": 0.1666666716337204, ""70"": 0.1666666716337204, ""30"": 0.0, ""24"": 0.1666666716337204, ""66"": 0.1666666716337204, ""99"": 0.1666666716337204, ""9"": 0.1666666716337204}, ""num_aggregated"": 7}"
201,apra,apra_mad_filter,"[3, 81, 17, 35, 96, 36, 99, 64, 92]",[88],"{""median_norm"": 0.5905318372860517, ""mad"": 0.14313800480898559, ""k"": 2.0, ""num_accepted"": 9, ""safety_keep_used"": false, ""fallback_used"": false}"
201,apra,apra_hierarchical_cluster,"[3, 81, 17, 35, 96, 99, 64, 92]",[36],"{""best_k"": 2, ""best_score"": 0.5125906467437744, ""selected_cluster"": 0, ""cluster_scores"": {""0"": 5.931731700897217, ""1"": -1.0}, ""num_trusted"": 8, ""fallback_used"": false}"
201,apra,apra_trust_weighted_clip,"[3, 81, 17, 35, 96, 99, 64, 92]",[],"{""base_clip"": 1.0, ""trust_weights"": {""3"": 0.0, ""81"": 0.1987060159444809, ""17"": 0.1987060159444809, ""35"": 0.1987060159444809, ""96"": 0.006469901651144028, ""99"": 0.1987060159444809, ""64"": 0.0, ""92"": 0.1987060159444809}, ""num_aggregated"": 8}"
202,apra,apra_mad_filter,"[91, 21, 75, 96, 92, 42, 74, 12]","[4, 59]","{""median_norm"": 0.520976880578153, ""mad"": 0.05721945661088185, ""k"": 2.0, ""num_accepted"": 8, ""safety_keep_used"": false, ""fallback_used"": false}"
202,apra,apra_hierarchical_cluster,"[91, 21, 75, 92, 42, 74, 12]",[96],"{""best_k"": 2, ""best_score"": 0.7043613791465759, ""selected_cluster"": 0, ""cluster_scores"": {""0"": 1.4216959476470947, ""1"": -1.0}, ""num_trusted"": 7, ""fallback_used"": false}"
202,apra,apra_trust_weighted_clip,"[91, 21, 75, 92, 42, 74, 12]",[],"{""base_clip"": 1.0, ""trust_weights"": {""91"": 0.13806645572185516, ""21"": 0.0, ""75"": 0.11777032911777496, ""92"": 0.24416321516036987, ""42"": 0.11777032911777496, ""74"": 0.24416321516036987, ""12"": 0.13806645572185516}, ""num_aggregated"": 7}"
203,apra,apra_mad_filter,"[39, 68, 74, 40, 85, 50, 44]","[2, 3, 0]","{""median_norm"": 0.5287477581729086, ""mad"": 0.10930235474707686, ""k"": 2.0, ""num_accepted"": 7, ""safety_keep_used"": false, ""fallback_used"": false}"
203,apra,apra_hierarchical_cluster,"[39, 68, 74, 40, 50, 44]",[85],"{""best_k"": 2, ""best_score"": 0.5919822454452515, ""selected_cluster"": 0, ""cluster_scores"": {""0"": 2.9797892570495605, ""1"": -1.0}, ""num_trusted"": 6, ""fallback_used"": false}"
203,apra,apra_trust_weighted_clip,"[39, 68, 74, 40, 50, 44]",[],"{""base_clip"": 1.0, ""trust_weights"": {""39"": 0.2169937789440155, ""68"": 0.2169937789440155, ""74"": 0.2169937789440155, ""40"": 0.1320248246192932, ""50"": 0.2169937789440155, ""44"": 0.0}, ""num_aggregated"": 6}"
204,apra,apra_mad_filter,"[33, 52, 31, 75, 20, 83, 96, 38, 72]",[4],"{""median_norm"": 0.6375846530427105, ""mad"": 0.15803091933249974, ""k"": 2.0, ""num_accepted"": 9, ""safety_keep_used"": false, ""fallback_used"": false}"
204,apra,apra_hierarchical_cluster,"[33, 52, 75, 20, 83, 96, 38, 72]",[31],"{""best_k"": 2, ""best_score"": 0.6977291107177734, ""selected_cluster"": 0, ""cluster_scores"": {""0"": 4.442488670349121, ""1"": -1.0}, ""num_trusted"": 8, ""fallback_used"": false}"
204,apra,apra_trust_weighted_clip,"[33, 52, 75, 20, 83, 96, 38, 72]",[],"{""base_clip"": 1.0, ""trust_weights"": {""33"": 0.1666666716337204, ""52"": 0.1666666716337204, ""75"": 0.1666666716337204, ""20"": 0.0, ""83"": 0.1666666716337204, ""96"": 0.0, ""38"": 0.1666666716337204, ""72"": 0.1666666716337204}, ""num_aggregated"": 8}"
205,apra,apra_mad_filter,"[4, 64, 72, 2, 83, 62, 97, 32, 51, 86]",[],"{""median_norm"": 0.6475729891297128, ""mad"": 0.22797822704055493, ""k"": 2.0, ""num_accepted"": 10, ""safety_keep_used"": false, ""fallback_used"": false}"
205,apra,apra_hierarchical_cluster,"[4, 64, 72, 2, 83, 62, 97, 51, 86]",[32],"{""best_k"": 2, ""best_score"": 0.4795617461204529, ""selected_cluster"": 0, ""cluster_scores"": {""0"": 2.0929901599884033, ""1"": -1.0}, ""num_trusted"": 9, ""fallback_used"": false}"
205,apra,apra_trust_weighted_clip,"[4, 64, 72, 2, 83, 62, 97, 51, 86]",[],"{""base_clip"": 1.0, ""trust_weights"": {""4"": 0.1428571492433548, ""64"": 0.1428571492433548, ""72"": 0.1428571492433548, ""2"": 0.1428571492433548, ""83"": 0.1428571492433548, ""62"": 0.0, ""97"": 0.0, ""51"": 0.1428571492433548, ""86"": 0.1428571492433548}, ""num_aggregated"": 9}"
206,apra,apra_mad_filter,"[3, 54, 33, 74, 61, 27, 58, 68, 6, 42]",[],"{""median_norm"": 0.5109582084148667, ""mad"": 0.11945775154371624, ""k"": 2.0, ""num_accepted"": 10, ""safety_keep_used"": false, ""fallback_used"": false}"
206,apra,apra_hierarchical_cluster,"[3, 33, 74, 61, 27, 58, 68, 6, 42]",[54],"{""best_k"": 2, ""best_score"": 0.7780362367630005, ""selected_cluster"": 0, ""cluster_scores"": {""0"": 5.318401336669922, ""1"": -1.0}, ""num_trusted"": 9, ""fallback_used"": false}"
206,apra,apra_trust_weighted_clip,"[3, 33, 74, 61, 27, 58, 68, 6, 42]",[],"{""base_clip"": 1.0, ""trust_weights"": {""3"": 0.125, ""33"": 0.125, ""74"": 0.125, ""61"": 0.125, ""27"": 0.125, ""58"": 0.125, ""68"": 0.125, ""6"": 0.125, ""42"": 0.0}, ""num_aggregated"": 9}"
207,apra,apra_mad_filter,"[36, 19, 15, 73, 13, 69, 59, 16]","[1, 45]","{""median_norm"": 0.5765506344836278, ""mad"": 0.06326896317619951, ""k"": 2.0, ""num_accepted"": 8, ""safety_keep_used"": false, ""fallback_used"": false}"
207,apra,apra_hierarchical_cluster,"[36, 19, 15, 13, 69, 59, 16]",[73],"{""best_k"": 2, ""best_score"": 0.4388684630393982, ""selected_cluster"": 0, ""cluster_scores"": {""0"": 0.5633048415184021, ""1"": -1.0}, ""num_trusted"": 7, ""fallback_used"": false}"
207,apra,apra_trust_weighted_clip,"[36, 19, 15, 13, 69, 59, 16]",[],"{""base_clip"": 1.0, ""trust_weights"": {""36"": 0.20945429801940918, ""19"": 0.15723155438899994, ""15"": 0.20945429801940918, ""13"": 0.0, ""69"": 0.15723155438899994, ""59"": 0.05717402324080467, ""16"": 0.20945429801940918}, ""num_aggregated"": 7}"
208,apra,apra_mad_filter,"[69, 74, 58, 40, 57, 56, 59, 55]","[3, 17]","{""median_norm"": 0.5254449159020295, ""mad"": 0.058736546831183234, ""k"": 2.0, ""num_accepted"": 8, ""safety_keep_used"": false, ""fallback_used"": false}"
208,apra,apra_hierarchical_cluster,"[69, 74, 58, 40, 57, 56, 55]",[59],"{""best_k"": 2, ""best_score"": 0.4770168960094452, ""selected_cluster"": 0, ""cluster_scores"": {""0"": 1.728941559791565, ""1"": -1.0}, ""num_trusted"": 7, ""fallback_used"": false}"
208,apra,apra_trust_weighted_clip,"[69, 74, 58, 40, 57, 56, 55]",[],"{""base_clip"": 1.0, ""trust_weights"": {""69"": 0.0, ""74"": 0.20154309272766113, ""58"": 0.20154309272766113, ""40"": 0.20154309272766113, ""57"": 0.14543844759464264, ""56"": 0.20154309272766113, ""55"": 0.0483892522752285}, ""num_aggregated"": 7}"
209,apra,apra_mad_filter,"[97, 8, 79, 76, 16, 77, 25]","[3, 89, 11]","{""median_norm"": 0.603141775781051, ""mad"": 0.02521490256943837, ""k"": 2.0, ""num_accepted"": 7, ""safety_keep_used"": false, ""fallback_used"": false}"
209,apra,apra_hierarchical_cluster,"[8, 79, 76, 16, 77, 25]",[97],"{""best_k"": 2, ""best_score"": 0.5632262825965881, ""selected_cluster"": 0, ""cluster_scores"": {""0"": 1.1641957759857178, ""1"": -1.0}, ""num_trusted"": 6, ""fallback_used"": false}"
209,apra,apra_trust_weighted_clip,"[8, 79, 76, 16, 77, 25]",[],"{""base_clip"": 1.0, ""trust_weights"": {""8"": 0.0, ""79"": 0.1467333883047104, ""76"": 0.4266332983970642, ""16"": 0.4266332983970642, ""77"": 0.0, ""25"": 0.0}, ""num_aggregated"": 6}"
210,apra,apra_mad_filter,"[2, 21, 49, 33, 17, 44, 74, 85, 84, 79]",[],"{""median_norm"": 0.5934782707123032, ""mad"": 0.17854191672232836, ""k"": 2.0, ""num_accepted"": 10, ""safety_keep_used"": false, ""fallback_used"": false}"
210,apra,apra_hierarchical_cluster,"[21, 33, 44, 74, 79]","[2, 49, 17, 85, 84]","{""best_k"": 4, ""best_score"": 0.415799081325531, ""selected_cluster"": 3, ""cluster_scores"": {""0"": 1.4668903350830078, ""1"": 1.9562029838562012, ""2"": -1.0, ""3"": 4.6213059425354}, ""num_trusted"": 5, ""fallback_used"": false}"
210,apra,apra_trust_weighted_clip,"[21, 33, 44, 74, 79]",[],"{""base_clip"": 1.0, ""trust_weights"": {""21"": 0.006065752357244492, ""33"": 0.0, ""44"": 0.4969671070575714, ""74"": 0.0, ""79"": 0.4969671070575714}, ""num_aggregated"": 5}"
211,apra,apra_mad_filter,"[1, 15, 58, 56, 75, 64, 68, 46, 54]",[2],"{""median_norm"": 0.5783535920631786, ""mad"": 0.13562894897616792, ""k"": 2.0, ""num_accepted"": 9, ""safety_keep_used"": false, ""fallback_used"": false}"
211,apra,apra_hierarchical_cluster,"[1, 15, 58, 56, 75, 64, 68, 46]",[54],"{""best_k"": 2, ""best_score"": 0.6955628991127014, ""selected_cluster"": 0, ""cluster_scores"": {""0"": 3.5504491329193115, ""1"": -1.0}, ""num_trusted"": 8, ""fallback_used"": false}"
211,apra,apra_trust_weighted_clip,"[1, 15, 58, 56, 75, 64, 68, 46]",[],"{""base_clip"": 1.0, ""trust_weights"": {""1"": 0.1428571492433548, ""15"": 0.1428571492433548, ""58"": 0.1428571492433548, ""56"": 0.1428571492433548, ""75"": 0.1428571492433548, ""64"": 0.1428571492433548, ""68"": 0.0, ""46"": 0.1428571492433548}, ""num_aggregated"": 8}"
212,apra,apra_mad_filter,"[3, 41, 74, 15, 81, 48, 84, 56, 94]",[4],"{""median_norm"": 0.6131814086989542, ""mad"": 0.16977239283823167, ""k"": 2.0, ""num_accepted"": 9, ""safety_keep_used"": false, ""fallback_used"": false}"
212,apra,apra_hierarchical_cluster,"[3, 41, 74, 15, 81, 84, 56, 94]",[48],"{""best_k"": 2, ""best_score"": 0.8052489757537842, ""selected_cluster"": 0, ""cluster_scores"": {""0"": 6.429699897766113, ""1"": -1.0}, ""num_trusted"": 8, ""fallback_used"": false}"
212,apra,apra_trust_weighted_clip,"[3, 41, 74, 15, 81, 84, 56, 94]",[],"{""base_clip"": 1.0, ""trust_weights"": {""3"": 0.1428571492433548, ""41"": 0.0, ""74"": 0.1428571492433548, ""15"": 0.1428571492433548, ""81"": 0.1428571492433548, ""84"": 0.1428571492433548, ""56"": 0.1428571492433548, ""94"": 0.1428571492433548}, ""num_aggregated"": 8}"
213,apra,apra_mad_filter,"[94, 76, 84, 86, 63, 6, 85, 39]","[1, 54]","{""median_norm"": 0.4645736296716829, ""mad"": 0.04593946412943373, ""k"": 2.0, ""num_accepted"": 8, ""safety_keep_used"": false, ""fallback_used"": false}"
213,apra,apra_hierarchical_cluster,"[94, 76, 84, 86, 63, 6, 39]",[85],"{""best_k"": 2, ""best_score"": 0.5292628407478333, ""selected_cluster"": 0, ""cluster_scores"": {""0"": 5.1273193359375, ""1"": -1.0}, ""num_trusted"": 7, ""fallback_used"": false}"
213,apra,apra_trust_weighted_clip,"[94, 76, 84, 86, 63, 6, 39]",[],"{""base_clip"": 1.0, ""trust_weights"": {""94"": 0.18236814439296722, ""76"": 0.18236814439296722, ""84"": 0.08815927058458328, ""86"": 0.18236814439296722, ""63"": 0.18236814439296722, ""6"": 0.18236814439296722, ""39"": 0.0}, ""num_aggregated"": 7}"
214,apra,apra_mad_filter,"[58, 62, 15, 35, 5, 46, 60, 8, 18]",[2],"{""median_norm"": 0.5689358274987949, ""mad"": 0.04144779435297463, ""k"": 2.0, ""num_accepted"": 9, ""safety_keep_used"": false, ""fallback_used"": false}"
214,apra,apra_hierarchical_cluster,"[35, 5]","[58, 62, 15, 46, 60, 8, 18]","{""best_k"": 2, ""best_score"": 0.46232593059539795, ""selected_cluster"": 1, ""cluster_scores"": {""0"": 1.886983036994934, ""1"": 1.9787309169769287}, ""num_trusted"": 2, ""fallback_used"": false}"
214,apra,apra_trust_weighted_clip,"[35, 5]",[],"{""base_clip"": 1.0, ""trust_weights"": {""35"": 0.5, ""5"": 0.5}, ""num_aggregated"": 2}"
215,apra,apra_mad_filter,"[96, 90, 11, 47, 48, 37, 33, 80]","[2, 3]","{""median_norm"": 0.6460734554333022, ""mad"": 0.11519128025941178, ""k"": 2.0, ""num_accepted"": 8, ""safety_keep_used"": false, ""fallback_used"": false}"
215,apra,apra_hierarchical_cluster,"[96, 90, 11, 47, 37, 33, 80]",[48],"{""best_k"": 2, ""best_score"": 0.7719316482543945, ""selected_cluster"": 0, ""cluster_scores"": {""0"": 5.190612316131592, ""1"": -1.0}, ""num_trusted"": 7, ""fallback_used"": false}"
215,apra,apra_trust_weighted_clip,"[96, 90, 11, 47, 37, 33, 80]",[],"{""base_clip"": 1.0, ""trust_weights"": {""96"": 0.0, ""90"": 0.20000000298023224, ""11"": 0.20000000298023224, ""47"": 0.0, ""37"": 0.20000000298023224, ""33"": 0.20000000298023224, ""80"": 0.20000000298023224}, ""num_aggregated"": 7}"
216,apra,apra_mad_filter,"[5, 82, 80, 89, 69, 42, 59, 48]","[2, 17]","{""median_norm"": 0.5827002114717692, ""mad"": 0.07688719510768321, ""k"": 2.0, ""num_accepted"": 8, ""safety_keep_used"": false, ""fallback_used"": false}"
216,apra,apra_hierarchical_cluster,"[5, 82, 80, 89, 69, 59]","[42, 48]","{""best_k"": 3, ""best_score"": 0.494273841381073, ""selected_cluster"": 0, ""cluster_scores"": {""0"": 1.9939658641815186, ""1"": -1.0, ""2"": -1.0}, ""num_trusted"": 6, ""fallback_used"": false}"
216,apra,apra_trust_weighted_clip,"[5, 82, 80, 89, 69, 59]",[],"{""base_clip"": 1.0, ""trust_weights"": {""5"": 0.0, ""82"": 0.4305732548236847, ""80"": 0.0694267526268959, ""89"": 0.0694267526268959, ""69"": 0.0, ""59"": 0.4305732548236847}, ""num_aggregated"": 6}"
217,apra,apra_mad_filter,"[81, 28, 63, 34, 35, 96, 46, 44]","[3, 71]","{""median_norm"": 0.7697695008504015, ""mad"": 0.04436641685286663, ""k"": 2.0, ""num_accepted"": 8, ""safety_keep_used"": false, ""fallback_used"": false}"
217,apra,apra_hierarchical_cluster,"[81, 28, 63, 34, 35, 46, 44]",[96],"{""best_k"": 2, ""best_score"": 0.5503021478652954, ""selected_cluster"": 0, ""cluster_scores"": {""0"": 2.871863842010498, ""1"": -1.0}, ""num_trusted"": 7, ""fallback_used"": false}"
217,apra,apra_trust_weighted_clip,"[81, 28, 63, 34, 35, 46, 44]",[],"{""base_clip"": 1.0, ""trust_weights"": {""81"": 0.0, ""28"": 0.20000000298023224, ""63"": 0.20000000298023224, ""34"": 0.20000000298023224, ""35"": 0.20000000298023224, ""46"": 0.0, ""44"": 0.20000000298023224}, ""num_aggregated"": 7}"
218,apra,apra_mad_filter,"[91, 86, 84, 61, 50, 87, 53, 27]","[2, 97]","{""median_norm"": 0.4283333857871722, ""mad"": 0.039978576359745305, ""k"": 2.0, ""num_accepted"": 8, ""safety_keep_used"": false, ""fallback_used"": false}"
218,apra,apra_hierarchical_cluster,"[91, 86, 84, 61, 50, 87, 27]",[53],"{""best_k"": 2, ""best_score"": 0.29890602827072144, ""selected_cluster"": 0, ""cluster_scores"": {""0"": 0.8063520789146423, ""1"": -1.0}, ""num_trusted"": 7, ""fallback_used"": false}"
218,apra,apra_trust_weighted_clip,"[91, 86, 84, 61, 50, 87, 27]",[],"{""base_clip"": 1.0, ""trust_weights"": {""91"": 0.0, ""86"": 0.21147188544273376, ""84"": 0.0, ""61"": 0.38176319003105164, ""50"": 0.0, ""87"": 0.38176319003105164, ""27"": 0.02500178851187229}, ""num_aggregated"": 7}"
219,apra,apra_mad_filter,"[1, 44, 89, 35, 24, 91, 43, 73]","[0, 4]","{""median_norm"": 0.7548159104602303, ""mad"": 0.13517347127876211, ""k"": 2.0, ""num_accepted"": 8, ""safety_keep_used"": false, ""fallback_used"": false}"
219,apra,apra_hierarchical_cluster,"[1, 44, 89, 35, 24, 91, 43]",[73],"{""best_k"": 2, ""best_score"": 0.7628440856933594, ""selected_cluster"": 0, ""cluster_scores"": {""0"": 5.1979875564575195, ""1"": -1.0}, ""num_trusted"": 7, ""fallback_used"": false}"
219,apra,apra_trust_weighted_clip,"[1, 44, 89, 35, 24, 91, 43]",[],"{""base_clip"": 1.0, ""trust_weights"": {""1"": 0.186992809176445, ""44"": 0.186992809176445, ""89"": 0.06503599137067795, ""35"": 0.186992809176445, ""24"": 0.0, ""91"": 0.186992809176445, ""43"": 0.186992809176445}, ""num_aggregated"": 7}"
220,apra,apra_mad_filter,"[28, 1, 58, 21, 61, 94, 17, 68]","[2, 88]","{""median_norm"": 0.5741155417588162, ""mad"": 0.12820007558548502, ""k"": 2.0, ""num_accepted"": 8, ""safety_keep_used"": false, ""fallback_used"": false}"
220,apra,apra_hierarchical_cluster,"[28, 1, 58, 21, 61, 94, 68]",[17],"{""best_k"": 2, ""best_score"": 0.5681108832359314, ""selected_cluster"": 0, ""cluster_scores"": {""0"": 6.490407466888428, ""1"": -1.0}, ""num_trusted"": 7, ""fallback_used"": false}"
220,apra,apra_trust_weighted_clip,"[28, 1, 58, 21, 61, 94, 68]",[],"{""base_clip"": 1.0, ""trust_weights"": {""28"": 0.20000000298023224, ""1"": 0.20000000298023224, ""58"": 0.0, ""21"": 0.20000000298023224, ""61"": 0.20000000298023224, ""94"": 0.20000000298023224, ""68"": 0.0}, ""num_aggregated"": 7}"
221,apra,apra_mad_filter,"[61, 50, 74, 42, 87, 65, 72, 64, 8]",[1],"{""median_norm"": 0.4816678186610748, ""mad"": 0.09597348697475724, ""k"": 2.0, ""num_accepted"": 9, ""safety_keep_used"": false, ""fallback_used"": false}"
221,apra,apra_hierarchical_cluster,"[61, 50, 74, 42, 87, 65, 72, 64]",[8],"{""best_k"": 2, ""best_score"": 0.5926060080528259, ""selected_cluster"": 0, ""cluster_scores"": {""0"": 2.5332539081573486, ""1"": -1.0}, ""num_trusted"": 8, ""fallback_used"": false}"
221,apra,apra_trust_weighted_clip,"[61, 50, 74, 42, 87, 65, 72, 64]",[],"{""base_clip"": 1.0, ""trust_weights"": {""61"": 0.20000000298023224, ""50"": 0.20000000298023224, ""74"": 0.20000000298023224, ""42"": 0.0, ""87"": 0.20000000298023224, ""65"": 0.0, ""72"": 0.0, ""64"": 0.20000000298023224}, ""num_aggregated"": 8}"
222,apra,apra_mad_filter,"[75, 35, 21, 95, 83, 55, 52, 31]","[4, 2]","{""median_norm"": 0.6030944515838854, ""mad"": 0.15380650592611853, ""k"": 2.0, ""num_accepted"": 8, ""safety_keep_used"": false, ""fallback_used"": false}"
222,apra,apra_hierarchical_cluster,"[75, 35, 21, 83, 55, 52]","[95, 31]","{""best_k"": 3, ""best_score"": 0.591599702835083, ""selected_cluster"": 0, ""cluster_scores"": {""0"": 3.6989216804504395, ""1"": -1.0, ""2"": -1.0}, ""num_trusted"": 6, ""fallback_used"": false}"
222,apra,apra_trust_weighted_clip,"[75, 35, 21, 83, 55, 52]",[],"{""base_clip"": 1.0, ""trust_weights"": {""75"": 0.20000000298023224, ""35"": 0.0, ""21"": 0.20000000298023224, ""83"": 0.20000000298023224, ""55"": 0.20000000298023224, ""52"": 0.20000000298023224}, ""num_aggregated"": 6}"
223,apra,apra_mad_filter,"[55, 79, 70, 82, 24, 60, 56]","[3, 4, 88]","{""median_norm"": 0.504254386656144, ""mad"": 0.06399283211544926, ""k"": 2.0, ""num_accepted"": 7, ""safety_keep_used"": false, ""fallback_used"": false}"
223,apra,apra_hierarchical_cluster,"[79, 70, 60, 56]","[55, 82, 24]","{""best_k"": 3, ""best_score"": 0.4717505872249603, ""selected_cluster"": 0, ""cluster_scores"": {""0"": 3.694380044937134, ""1"": 1.877216100692749, ""2"": -1.0}, ""num_trusted"": 4, ""fallback_used"": false}"
223,apra,apra_trust_weighted_clip,"[79, 70, 60, 56]",[],"{""base_clip"": 1.0, ""trust_weights"": {""79"": 0.25, ""70"": 0.25, ""60"": 0.25, ""56"": 0.25}, ""num_aggregated"": 4}"
224,apra,apra_mad_filter,"[34, 70, 23, 83, 99, 77, 26, 89]","[2, 37]","{""median_norm"": 0.47735891765797855, ""mad"": 0.03256843794157732, ""k"": 2.0, ""num_accepted"": 8, ""safety_keep_used"": false, ""fallback_used"": false}"
224,apra,apra_hierarchical_cluster,"[34, 70, 83, 99, 77, 26, 89]",[23],"{""best_k"": 2, ""best_score"": 0.5398675799369812, ""selected_cluster"": 0, ""cluster_scores"": {""0"": 1.4708786010742188, ""1"": -1.0}, ""num_trusted"": 7, ""fallback_used"": false}"
224,apra,apra_trust_weighted_clip,"[34, 70, 83, 99, 77, 26, 89]",[],"{""base_clip"": 1.0, ""trust_weights"": {""34"": 0.2165038287639618, ""70"": 0.2165038287639618, ""83"": 0.13398471474647522, ""99"": 0.0, ""77"": 0.2165038287639618, ""26"": 0.0, ""89"": 0.2165038287639618}, ""num_aggregated"": 7}"
225,apra,apra_mad_filter,"[6, 8, 62, 78, 51, 14, 56, 46, 29]",[2],"{""median_norm"": 0.542829799571679, ""mad"": 0.0892048576033419, ""k"": 2.0, ""num_accepted"": 9, ""safety_keep_used"": false, ""fallback_used"": false}"
225,apra,apra_hierarchical_cluster,"[6, 62, 78, 51, 14, 29]","[8, 56, 46]","{""best_k"": 3, ""best_score"": 0.438759446144104, ""selected_cluster"": 1, ""cluster_scores"": {""0"": 1.6976966857910156, ""1"": 2.3440654277801514, ""2"": -1.0}, ""num_trusted"": 6, ""fallback_used"": false}"
225,apra,apra_trust_weighted_clip,"[6, 62, 78, 51, 14, 29]",[],"{""base_clip"": 1.0, ""trust_weights"": {""6"": 0.20447155833244324, ""62"": 0.0, ""78"": 0.0, ""51"": 0.29552844166755676, ""14"": 0.29552844166755676, ""29"": 0.20447155833244324}, ""num_aggregated"": 6}"
226,apra,apra_mad_filter,"[64, 60, 68, 33, 18, 36, 63, 14]","[3, 88]","{""median_norm"": 0.5680336708772223, ""mad"": 0.0987334772571862, ""k"": 2.0, ""num_accepted"": 8, ""safety_keep_used"": false, ""fallback_used"": false}"
226,apra,apra_hierarchical_cluster,"[64, 60, 68, 33, 18, 63, 14]",[36],"{""best_k"": 2, ""best_score"": 0.5358392000198364, ""selected_cluster"": 0, ""cluster_scores"": {""0"": 6.392452716827393, ""1"": -1.0}, ""num_trusted"": 7, ""fallback_used"": false}"
226,apra,apra_trust_weighted_clip,"[64, 60, 68, 33, 18, 63, 14]",[],"{""base_clip"": 1.0, ""trust_weights"": {""64"": 0.0, ""60"": 0.21311333775520325, ""68"": 0.0, ""33"": 0.21311333775520325, ""18"": 0.21311333775520325, ""63"": 0.1475466787815094, ""14"": 0.21311333775520325}, ""num_aggregated"": 7}"
227,apra,apra_mad_filter,"[3, 37, 73, 9, 76, 15, 50, 25, 55]",[88],"{""median_norm"": 0.5755103350424897, ""mad"": 0.1593671736424685, ""k"": 2.0, ""num_accepted"": 9, ""safety_keep_used"": false, ""fallback_used"": false}"
227,apra,apra_hierarchical_cluster,"[3, 37, 9, 76, 15, 50, 25, 55]",[73],"{""best_k"": 2, ""best_score"": 0.7582459449768066, ""selected_cluster"": 0, ""cluster_scores"": {""0"": 7.369283676147461, ""1"": -1.0}, ""num_trusted"": 8, ""fallback_used"": false}"
227,apra,apra_trust_weighted_clip,"[3, 37, 9, 76, 15, 50, 25, 55]",[],"{""base_clip"": 1.0, ""trust_weights"": {""3"": 0.1428571492433548, ""37"": 0.1428571492433548, ""9"": 0.0, ""76"": 0.1428571492433548, ""15"": 0.1428571492433548, ""50"": 0.1428571492433548, ""25"": 0.1428571492433548, ""55"": 0.1428571492433548}, ""num_aggregated"": 8}"
228,apra,apra_mad_filter,"[43, 61, 23, 44, 78, 45, 5]","[4, 2, 88]","{""median_norm"": 0.5955597566550039, ""mad"": 0.16775755440959228, ""k"": 2.0, ""num_accepted"": 7, ""safety_keep_used"": false, ""fallback_used"": false}"
228,apra,apra_hierarchical_cluster,"[43, 61, 23, 78, 45, 5]",[44],"{""best_k"": 2, ""best_score"": 0.5457084774971008, ""selected_cluster"": 0, ""cluster_scores"": {""0"": 5.980091094970703, ""1"": -1.0}, ""num_trusted"": 6, ""fallback_used"": false}"
228,apra,apra_trust_weighted_clip,"[43, 61, 23, 78, 45, 5]",[],"{""base_clip"": 1.0, ""trust_weights"": {""43"": 0.0, ""61"": 0.008542457595467567, ""23"": 0.24786438047885895, ""78"": 0.24786438047885895, ""45"": 0.24786438047885895, ""5"": 0.24786438047885895}, ""num_aggregated"": 6}"
229,apra,apra_mad_filter,"[50, 10, 45, 55, 79, 68, 8]","[0, 78, 61]","{""median_norm"": 0.5676503652881484, ""mad"": 0.021762002563935623, ""k"": 2.0, ""num_accepted"": 7, ""safety_keep_used"": false, ""fallback_used"": false}"
229,apra,apra_hierarchical_cluster,"[50, 55, 79, 68, 8]","[10, 45]","{""best_k"": 3, ""best_score"": 0.5553949475288391, ""selected_cluster"": 0, ""cluster_scores"": {""0"": 2.865379810333252, ""1"": -1.0, ""2"": -1.0}, ""num_trusted"": 5, ""fallback_used"": false}"
229,apra,apra_trust_weighted_clip,"[50, 55, 79, 68, 8]",[],"{""base_clip"": 1.0, ""trust_weights"": {""50"": 0.25065895915031433, ""55"": 0.0, ""79"": 0.25065895915031433, ""68"": 0.2480231076478958, ""8"": 0.25065895915031433}, ""num_aggregated"": 5}"
230,apra,apra_mad_filter,"[80, 66, 19, 27, 7, 62, 86, 6]","[3, 2]","{""median_norm"": 0.5857919895504281, ""mad"": 0.1300694153297598, ""k"": 2.0, ""num_accepted"": 8, ""safety_keep_used"": false, ""fallback_used"": false}"
230,apra,apra_hierarchical_cluster,"[80, 66, 27, 7, 62, 86, 6]",[19],"{""best_k"": 2, ""best_score"": 0.6120532751083374, ""selected_cluster"": 0, ""cluster_scores"": {""0"": 2.1107234954833984, ""1"": -1.0}, ""num_trusted"": 7, ""fallback_used"": false}"
230,apra,apra_trust_weighted_clip,"[80, 66, 27, 7, 62, 86, 6]",[],"{""base_clip"": 1.0, ""trust_weights"": {""80"": 0.0, ""66"": 0.24062463641166687, ""27"": 0.0, ""7"": 0.24062463641166687, ""62"": 0.09392515569925308, ""86"": 0.2124127894639969, ""6"": 0.2124127894639969}, ""num_aggregated"": 7}"
231,apra,apra_mad_filter,"[9, 26, 28, 97, 96, 40, 75]","[4, 95, 2]","{""median_norm"": 0.5487692887134703, ""mad"": 0.054354284507824174, ""k"": 2.0, ""num_accepted"": 7, ""safety_keep_used"": false, ""fallback_used"": false}"
231,apra,apra_hierarchical_cluster,"[9, 26, 28, 96, 40, 75]",[97],"{""best_k"": 2, ""best_score"": 0.4195261597633362, ""selected_cluster"": 0, ""cluster_scores"": {""0"": 0.8525402545928955, ""1"": -1.0}, ""num_trusted"": 6, ""fallback_used"": false}"
231,apra,apra_trust_weighted_clip,"[9, 26, 28, 96, 40, 75]",[],"{""base_clip"": 1.0, ""trust_weights"": {""9"": 0.0, ""26"": 0.0, ""28"": 0.3333333432674408, ""96"": 0.0, ""40"": 0.3333333432674408, ""75"": 0.3333333432674408}, ""num_aggregated"": 6}"
232,apra,apra_mad_filter,"[27, 99, 62, 39, 30, 23, 56, 74, 92]",[1],"{""median_norm"": 0.6404929940558521, ""mad"": 0.07769264313380403, ""k"": 2.0, ""num_accepted"": 9, ""safety_keep_used"": false, ""fallback_used"": false}"
232,apra,apra_hierarchical_cluster,"[27, 99, 39, 30, 23, 56, 74, 92]",[62],"{""best_k"": 2, ""best_score"": 0.49578559398651123, ""selected_cluster"": 0, ""cluster_scores"": {""0"": 1.5684318542480469, ""1"": -1.0}, ""num_trusted"": 8, ""fallback_used"": false}"
232,apra,apra_trust_weighted_clip,"[27, 99, 39, 30, 23, 56, 74, 92]",[],"{""base_clip"": 1.0, ""trust_weights"": {""27"": 0.0, ""99"": 0.10172426700592041, ""39"": 0.18886981904506683, ""30"": 0.17133666574954987, ""23"": 0.0, ""56"": 0.16032953560352325, ""74"": 0.18886981904506683, ""92"": 0.18886981904506683}, ""num_aggregated"": 8}"
233,apra,apra_mad_filter,"[1, 98, 36, 80, 37, 13, 71, 12, 90]",[0],"{""median_norm"": 0.5783616298629467, ""mad"": 0.12985424434862985, ""k"": 2.0, ""num_accepted"": 9, ""safety_keep_used"": false, ""fallback_used"": false}"
233,apra,apra_hierarchical_cluster,"[1, 98, 36, 80, 37, 12, 90]","[13, 71]","{""best_k"": 2, ""best_score"": 0.6170651912689209, ""selected_cluster"": 0, ""cluster_scores"": {""0"": 3.425243377685547, ""1"": 1.9982671737670898}, ""num_trusted"": 7, ""fallback_used"": false}"
233,apra,apra_trust_weighted_clip,"[1, 98, 36, 80, 37, 12, 90]",[],"{""base_clip"": 1.0, ""trust_weights"": {""1"": 0.1666666716337204, ""98"": 0.1666666716337204, ""36"": 0.0, ""80"": 0.1666666716337204, ""37"": 0.1666666716337204, ""12"": 0.1666666716337204, ""90"": 0.1666666716337204}, ""num_aggregated"": 7}"
234,apra,apra_mad_filter,"[74, 46, 79, 16, 83, 89, 23]","[3, 87, 82]","{""median_norm"": 0.6719715043273127, ""mad"": 0.03647102644909134, ""k"": 2.0, ""num_accepted"": 7, ""safety_keep_used"": false, ""fallback_used"": false}"
234,apra,apra_hierarchical_cluster,"[74, 79, 16, 83, 89, 23]",[46],"{""best_k"": 2, ""best_score"": 0.6136290431022644, ""selected_cluster"": 0, ""cluster_scores"": {""0"": 1.1157170534133911, ""1"": -1.0}, ""num_trusted"": 6, ""fallback_used"": false}"
234,apra,apra_trust_weighted_clip,"[74, 79, 16, 83, 89, 23]",[],"{""base_clip"": 1.0, ""trust_weights"": {""74"": 0.25, ""79"": 0.25, ""16"": 0.25, ""83"": 0.25, ""89"": 0.0, ""23"": 0.0}, ""num_aggregated"": 6}"
235,apra,apra_mad_filter,"[34, 6, 32, 9, 14, 70, 20]","[4, 39, 54]","{""median_norm"": 0.5683244521805974, ""mad"": 0.035163767489190756, ""k"": 2.0, ""num_accepted"": 7, ""safety_keep_used"": false, ""fallback_used"": false}"
235,apra,apra_hierarchical_cluster,"[34, 6, 32, 9, 14, 70]",[20],"{""best_k"": 2, ""best_score"": 0.5038570165634155, ""selected_cluster"": 0, ""cluster_scores"": {""0"": 0.9159575700759888, ""1"": -1.0}, ""num_trusted"": 6, ""fallback_used"": false}"
235,apra,apra_trust_weighted_clip,"[34, 6, 32, 9, 14, 70]",[],"{""base_clip"": 1.0, ""trust_weights"": {""34"": 0.25, ""6"": 0.0, ""32"": 0.0, ""9"": 0.25, ""14"": 0.25, ""70"": 0.25}, ""num_aggregated"": 6}"
236,apra,apra_mad_filter,"[60, 77, 13, 34, 56, 46, 76, 45, 11]",[4],"{""median_norm"": 0.6684386671933218, ""mad"": 0.1160738672114226, ""k"": 2.0, ""num_accepted"": 9, ""safety_keep_used"": false, ""fallback_used"": false}"
236,apra,apra_hierarchical_cluster,"[60, 77, 13, 34, 56, 46, 76, 11]",[45],"{""best_k"": 2, ""best_score"": 0.5338399410247803, ""selected_cluster"": 0, ""cluster_scores"": {""0"": 5.628323078155518, ""1"": -1.0}, ""num_trusted"": 8, ""fallback_used"": false}"
236,apra,apra_trust_weighted_clip,"[60, 77, 13, 34, 56, 46, 76, 11]",[],"{""base_clip"": 1.0, ""trust_weights"": {""60"": 0.1666666716337204, ""77"": 0.1666666716337204, ""13"": 0.1666666716337204, ""34"": 0.1666666716337204, ""56"": 0.1666666716337204, ""46"": 0.0, ""76"": 0.1666666716337204, ""11"": 0.0}, ""num_aggregated"": 8}"
237,apra,apra_mad_filter,"[1, 25, 30, 73, 96, 8, 48, 78, 50]",[4],"{""median_norm"": 0.616482598262721, ""mad"": 0.15701178726113763, ""k"": 2.0, ""num_accepted"": 9, ""safety_keep_used"": false, ""fallback_used"": false}"
237,apra,apra_hierarchical_cluster,"[1, 25, 30, 96, 8, 48, 78, 50]",[73],"{""best_k"": 2, ""best_score"": 0.6713913083076477, ""selected_cluster"": 0, ""cluster_scores"": {""0"": 4.291150093078613, ""1"": -1.0}, ""num_trusted"": 8, ""fallback_used"": false}"
237,apra,apra_trust_weighted_clip,"[1, 25, 30, 96, 8, 48, 78, 50]",[],"{""base_clip"": 1.0, ""trust_weights"": {""1"": 0.18737630546092987, ""25"": 0.07749342918395996, ""30"": 0.18737630546092987, ""96"": 0.0, ""8"": 0.08650064468383789, ""48"": 0.08650064468383789, ""78"": 0.18737630546092987, ""50"": 0.18737630546092987}, ""num_aggregated"": 8}"
238,apra,apra_mad_filter,"[56, 83, 75, 33, 20, 28, 74, 38]","[3, 88]","{""median_norm"": 0.552234001350339, ""mad"": 0.10703827210789299, ""k"": 2.0, ""num_accepted"": 8, ""safety_keep_used"": false, ""fallback_used"": false}"
238,apra,apra_hierarchical_cluster,"[56, 83, 33, 20, 28, 74, 38]",[75],"{""best_k"": 2, ""best_score"": 0.44740092754364014, ""selected_cluster"": 0, ""cluster_scores"": {""0"": 5.348883628845215, ""1"": -1.0}, ""num_trusted"": 7, ""fallback_used"": false}"
238,apra,apra_trust_weighted_clip,"[56, 83, 33, 20, 28, 74, 38]",[],"{""base_clip"": 1.0, ""trust_weights"": {""56"": 0.2386334240436554, ""83"": 0.2386334240436554, ""33"": 0.0033617052249610424, ""20"": 0.042104680091142654, ""28"": 0.0, ""74"": 0.2386334240436554, ""38"": 0.2386334240436554}, ""num_aggregated"": 7}"
239,apra,apra_mad_filter,"[72, 87, 27, 93, 62, 46, 96, 37, 21]",[1],"{""median_norm"": 0.5822326414905017, ""mad"": 0.08857142179877342, ""k"": 2.0, ""num_accepted"": 9, ""safety_keep_used"": false, ""fallback_used"": false}"
239,apra,apra_hierarchical_cluster,"[72, 87, 27, 93, 46, 96, 37, 21]",[62],"{""best_k"": 2, ""best_score"": 0.5629696249961853, ""selected_cluster"": 0, ""cluster_scores"": {""0"": 1.3912560939788818, ""1"": -1.0}, ""num_trusted"": 8, ""fallback_used"": false}"
239,apra,apra_trust_weighted_clip,"[72, 87, 27, 93, 46, 96, 37, 21]",[],"{""base_clip"": 1.0, ""trust_weights"": {""72"": 0.1428571492433548, ""87"": 0.1428571492433548, ""27"": 0.1428571492433548, ""93"": 0.1428571492433548, ""46"": 0.1428571492433548, ""96"": 0.0, ""37"": 0.1428571492433548, ""21"": 0.1428571492433548}, ""num_aggregated"": 8}"
240,apra,apra_mad_filter,"[65, 39, 50, 32, 61, 62, 40]","[4, 93, 31]","{""median_norm"": 0.5943395261379931, ""mad"": 0.05977831322669225, ""k"": 2.0, ""num_accepted"": 7, ""safety_keep_used"": false, ""fallback_used"": false}"
240,apra,apra_hierarchical_cluster,"[65, 39, 50, 61, 62, 40]",[32],"{""best_k"": 2, ""best_score"": 0.385552316904068, ""selected_cluster"": 0, ""cluster_scores"": {""0"": 4.529201507568359, ""1"": -1.0}, ""num_trusted"": 6, ""fallback_used"": false}"
240,apra,apra_trust_weighted_clip,"[65, 39, 50, 61, 62, 40]",[],"{""base_clip"": 1.0, ""trust_weights"": {""65"": 0.0, ""39"": 0.0, ""50"": 0.5, ""61"": 0.5, ""62"": 0.0, ""40"": 0.0}, ""num_aggregated"": 6}"
241,apra,apra_mad_filter,"[81, 42, 7, 95, 32, 1, 94, 23, 58]",[4],"{""median_norm"": 0.6361961871117942, ""mad"": 0.09634494887628092, ""k"": 2.0, ""num_accepted"": 9, ""safety_keep_used"": false, ""fallback_used"": false}"
241,apra,apra_hierarchical_cluster,"[81, 42, 7, 32, 1, 94, 23, 58]",[95],"{""best_k"": 2, ""best_score"": 0.4903605878353119, ""selected_cluster"": 0, ""cluster_scores"": {""0"": 0.828895628452301, ""1"": -1.0}, ""num_trusted"": 8, ""fallback_used"": false}"
241,apra,apra_trust_weighted_clip,"[81, 42, 7, 32, 1, 94, 23, 58]",[],"{""base_clip"": 1.0, ""trust_weights"": {""81"": 0.0, ""42"": 0.0, ""7"": 0.19606712460517883, ""32"": 0.19606712460517883, ""1"": 0.019664354622364044, ""94"": 0.19606712460517883, ""23"": 0.19606712460517883, ""58"": 0.19606712460517883}, ""num_aggregated"": 8}"
242,apra,apra_mad_filter,"[18, 11, 59, 74, 27, 10, 52, 21]","[3, 88]","{""median_norm"": 0.5698368811437721, ""mad"": 0.12440001486400118, ""k"": 2.0, ""num_accepted"": 8, ""safety_keep_used"": false, ""fallback_used"": false}"
242,apra,apra_hierarchical_cluster,"[18, 11, 74, 27, 10, 52, 21]",[59],"{""best_k"": 2, ""best_score"": 0.5446553230285645, ""selected_cluster"": 0, ""cluster_scores"": {""0"": 5.161335468292236, ""1"": -1.0}, ""num_trusted"": 7, ""fallback_used"": false}"
242,apra,apra_trust_weighted_clip,"[18, 11, 74, 27, 10, 52, 21]",[],"{""base_clip"": 1.0, ""trust_weights"": {""18"": 0.1666666716337204, ""11"": 0.1666666716337204, ""74"": 0.1666666716337204, ""27"": 0.1666666716337204, ""10"": 0.0, ""52"": 0.1666666716337204, ""21"": 0.1666666716337204}, ""num_aggregated"": 7}"
243,apra,apra_mad_filter,"[6, 43, 46, 26, 21, 55, 57, 80, 78]",[2],"{""median_norm"": 0.47716170884784387, ""mad"": 0.05835230728245322, ""k"": 2.0, ""num_accepted"": 9, ""safety_keep_used"": false, ""fallback_used"": false}"
243,apra,apra_hierarchical_cluster,"[6, 43, 26, 21, 55, 57, 80, 78]",[46],"{""best_k"": 2, ""best_score"": 0.6248930096626282, ""selected_cluster"": 0, ""cluster_scores"": {""0"": 1.6332794427871704, ""1"": -1.0}, ""num_trusted"": 8, ""fallback_used"": false}"
243,apra,apra_trust_weighted_clip,"[6, 43, 26, 21, 55, 57, 80, 78]",[],"{""base_clip"": 1.0, ""trust_weights"": {""6"": 0.0, ""43"": 0.01477151270955801, ""26"": 0.16420474648475647, ""21"": 0.16420474648475647, ""55"": 0.16420474648475647, ""57"": 0.16420474648475647, ""80"": 0.16420474648475647, ""78"": 0.16420474648475647}, ""num_aggregated"": 8}"
244,apra,apra_mad_filter,"[36, 84, 82, 40, 87, 90, 66, 32, 89]",[1],"{""median_norm"": 0.5190831746201097, ""mad"": 0.07030038887143855, ""k"": 2.0, ""num_accepted"": 9, ""safety_keep_used"": false, ""fallback_used"": false}"
244,apra,apra_hierarchical_cluster,"[84, 82, 40, 87, 90, 66, 89]","[36, 32]","{""best_k"": 2, ""best_score"": 0.37897059321403503, ""selected_cluster"": 1, ""cluster_scores"": {""0"": 1.1809643507003784, ""1"": 1.7562774419784546}, ""num_trusted"": 7, ""fallback_used"": false}"
244,apra,apra_trust_weighted_clip,"[84, 82, 40, 87, 90, 66, 89]",[],"{""base_clip"": 1.0, ""trust_weights"": {""84"": 0.0, ""82"": 0.0, ""40"": 0.0, ""87"": 0.3333333432674408, ""90"": 0.3333333432674408, ""66"": 0.0, ""89"": 0.3333333432674408}, ""num_aggregated"": 7}"
245,apra,apra_mad_filter,"[51, 72, 92, 60, 98, 91, 63, 76]","[3, 19]","{""median_norm"": 0.5360121934291523, ""mad"": 0.06684926043135705, ""k"": 2.0, ""num_accepted"": 8, ""safety_keep_used"": false, ""fallback_used"": false}"
245,apra,apra_hierarchical_cluster,"[51, 98, 76]","[72, 92, 60, 91, 63]","{""best_k"": 3, ""best_score"": 0.452444851398468, ""selected_cluster"": 2, ""cluster_scores"": {""0"": 2.636260509490967, ""1"": 1.8475620746612549, ""2"": 2.685408353805542}, ""num_trusted"": 3, ""fallback_used"": false}"
245,apra,apra_trust_weighted_clip,"[51, 98, 76]",[],"{""base_clip"": 1.0, ""trust_weights"": {""51"": 0.0, ""98"": 0.5, ""76"": 0.5}, ""num_aggregated"": 3}"
246,apra,apra_mad_filter,"[94, 66, 86, 68, 35, 77, 11, 22]","[1, 73]","{""median_norm"": 0.5458882449620726, ""mad"": 0.06062300296907577, ""k"": 2.0, ""num_accepted"": 8, ""safety_keep_used"": false, ""fallback_used"": false}"
246,apra,apra_hierarchical_cluster,"[94, 66, 86, 68, 77, 11, 22]",[35],"{""best_k"": 2, ""best_score"": 0.5202693939208984, ""selected_cluster"": 0, ""cluster_scores"": {""0"": 4.213630199432373, ""1"": -1.0}, ""num_trusted"": 7, ""fallback_used"": false}"
246,apra,apra_trust_weighted_clip,"[94, 66, 86, 68, 77, 11, 22]",[],"{""base_clip"": 1.0, ""trust_weights"": {""94"": 0.17437446117401123, ""66"": 0.0, ""86"": 0.17437446117401123, ""68"": 0.17437446117401123, ""77"": 0.17437446117401123, ""11"": 0.12812767922878265, ""22"": 0.17437446117401123}, ""num_aggregated"": 7}"
247,apra,apra_mad_filter,"[56, 57, 22, 65, 63, 62, 33, 64, 69]",[4],"{""median_norm"": 0.5068407007248396, ""mad"": 0.0834785985745086, ""k"": 2.0, ""num_accepted"": 9, ""safety_keep_used"": false, ""fallback_used"": false}"
247,apra,apra_hierarchical_cluster,"[56, 57, 22, 65, 63, 33, 64, 69]",[62],"{""best_k"": 2, ""best_score"": 0.600172221660614, ""selected_cluster"": 0, ""cluster_scores"": {""0"": 2.7591209411621094, ""1"": -1.0}, ""num_trusted"": 8, ""fallback_used"": false}"
247,apra,apra_trust_weighted_clip,"[56, 57, 22, 65, 63, 33, 64, 69]",[],"{""base_clip"": 1.0, ""trust_weights"": {""56"": 0.1666666716337204, ""57"": 0.1666666716337204, ""22"": 0.1666666716337204, ""65"": 0.1666666716337204, ""63"": 0.1666666716337204, ""33"": 0.1666666716337204, ""64"": 0.0, ""69"": 0.0}, ""num_aggregated"": 8}"
248,apra,apra_mad_filter,"[79, 11, 7, 38, 57, 49, 91, 22]","[3, 2]","{""median_norm"": 0.48806519981306273, ""mad"": 0.09605142493227156, ""k"": 2.0, ""num_accepted"": 8, ""safety_keep_used"": false, ""fallback_used"": false}"
248,apra,apra_hierarchical_cluster,"[79, 11, 7, 38, 57, 49, 22]",[91],"{""best_k"": 2, ""best_score"": 0.4962342381477356, ""selected_cluster"": 0, ""cluster_scores"": {""0"": 1.3417466878890991, ""1"": -1.0}, ""num_trusted"": 7, ""fallback_used"": false}"
248,apra,apra_trust_weighted_clip,"[79, 11, 7, 38, 57, 49, 22]",[],"{""base_clip"": 1.0, ""trust_weights"": {""79"": 0.2881287932395935, ""11"": 0.0, ""7"": 0.0, ""38"": 0.2881287932395935, ""57"": 0.2881287932395935, ""49"": 0.06780683994293213, ""22"": 0.06780683994293213}, ""num_aggregated"": 7}"
249,apra,apra_mad_filter,"[49, 80, 41, 24, 96, 37, 13, 63, 29]",[4],"{""median_norm"": 0.5944479133482037, ""mad"": 0.13129882633840922, ""k"": 2.0, ""num_accepted"": 9, ""safety_keep_used"": false, ""fallback_used"": false}"
249,apra,apra_hierarchical_cluster,"[80, 37, 13, 63, 29]","[49, 41, 24, 96]","{""best_k"": 3, ""best_score"": 0.5618897676467896, ""selected_cluster"": 1, ""cluster_scores"": {""0"": 1.9804472923278809, ""1"": 4.450164318084717, ""2"": 1.9534416198730469}, ""num_trusted"": 5, ""fallback_used"": false}"
249,apra,apra_trust_weighted_clip,"[80, 37, 13, 63, 29]",[],"{""base_clip"": 1.0, ""trust_weights"": {""80"": 0.0, ""37"": 0.0, ""13"": 0.5, ""63"": 0.0, ""29"": 0.5}, ""num_aggregated"": 5}"
250,apra,apra_mad_filter,"[86, 66, 7, 19, 37, 34, 10, 91]","[0, 3]","{""median_norm"": 0.6007275228506153, ""mad"": 0.1368287529243962, ""k"": 2.0, ""num_accepted"": 8, ""safety_keep_used"": false, ""fallback_used"": false}"
250,apra,apra_hierarchical_cluster,"[86, 66, 7, 37, 34, 10, 91]",[19],"{""best_k"": 2, ""best_score"": 0.6299289464950562, ""selected_cluster"": 0, ""cluster_scores"": {""0"": 3.895369529724121, ""1"": -1.0}, ""num_trusted"": 7, ""fallback_used"": false}"
250,apra,apra_trust_weighted_clip,"[86, 66, 7, 37, 34, 10, 91]",[],"{""base_clip"": 1.0, ""trust_weights"": {""86"": 0.23107284307479858, ""66"": 0.23107284307479858, ""7"": 0.0, ""37"": 0.23107284307479858, ""34"": 0.23107284307479858, ""10"": 0.0, ""91"": 0.07570863515138626}, ""num_aggregated"": 7}"
251,apra,apra_mad_filter,"[59, 14, 73, 9, 18, 77, 36, 32, 89]",[0],"{""median_norm"": 0.5219452774322827, ""mad"": 0.07294543405092063, ""k"": 2.0, ""num_accepted"": 9, ""safety_keep_used"": false, ""fallback_used"": false}"
251,apra,apra_hierarchical_cluster,"[59, 14, 9, 18, 77, 36, 32, 89]",[73],"{""best_k"": 2, ""best_score"": 0.7141828536987305, ""selected_cluster"": 0, ""cluster_scores"": {""0"": 4.989975452423096, ""1"": -1.0}, ""num_trusted"": 8, ""fallback_used"": false}"
251,apra,apra_trust_weighted_clip,"[59, 14, 9, 18, 77, 36, 32, 89]",[],"{""base_clip"": 1.0, ""trust_weights"": {""59"": 0.1428571492433548, ""14"": 0.1428571492433548, ""9"": 0.0, ""18"": 0.1428571492433548, ""77"": 0.1428571492433548, ""36"": 0.1428571492433548, ""32"": 0.1428571492433548, ""89"": 0.1428571492433548}, ""num_aggregated"": 8}"
252,apra,apra_mad_filter,"[1, 59, 8, 24, 55, 47, 57, 68, 13, 38]",[],"{""median_norm"": 0.6819493771833212, ""mad"": 0.1352378202471176, ""k"": 2.0, ""num_accepted"": 10, ""safety_keep_used"": false, ""fallback_used"": false}"
252,apra,apra_hierarchical_cluster,"[1, 59, 8, 24, 55, 57, 13, 38]","[47, 68]","{""best_k"": 3, ""best_score"": 0.5900672078132629, ""selected_cluster"": 0, ""cluster_scores"": {""0"": 3.4542717933654785, ""1"": -1.0, ""2"": -1.0}, ""num_trusted"": 8, ""fallback_used"": false}"
252,apra,apra_trust_weighted_clip,"[1, 59, 8, 24, 55, 57, 13, 38]",[],"{""base_clip"": 1.0, ""trust_weights"": {""1"": 0.02110261283814907, ""59"": 0.2394486963748932, ""8"": 0.2394486963748932, ""24"": 0.02110261283814907, ""55"": 0.0, ""57"": 0.2394486963748932, ""13"": 0.0, ""38"": 0.2394486963748932}, ""num_aggregated"": 8}"
253,apra,apra_mad_filter,"[51, 29, 46, 41, 11, 75, 27, 48]","[4, 3]","{""median_norm"": 0.6326924594173544, ""mad"": 0.11591885959171572, ""k"": 2.0, ""num_accepted"": 8, ""safety_keep_used"": false, ""fallback_used"": false}"
253,apra,apra_hierarchical_cluster,"[51, 29, 46, 11, 75, 27]","[41, 48]","{""best_k"": 3, ""best_score"": 0.5384471416473389, ""selected_cluster"": 0, ""cluster_scores"": {""0"": 3.939793109893799, ""1"": -1.0, ""2"": -1.0}, ""num_trusted"": 6, ""fallback_used"": false}"
253,apra,apra_trust_weighted_clip,"[51, 29, 46, 11, 75, 27]",[],"{""base_clip"": 1.0, ""trust_weights"": {""51"": 0.25, ""29"": 0.0, ""46"": 0.25, ""11"": 0.25, ""75"": 0.0, ""27"": 0.25}, ""num_aggregated"": 6}"
254,apra,apra_mad_filter,"[9, 85, 11, 15, 93, 42, 66, 39]","[1, 4]","{""median_norm"": 0.5101526980027418, ""mad"": 0.11342256160879308, ""k"": 2.0, ""num_accepted"": 8, ""safety_keep_used"": false, ""fallback_used"": false}"
254,apra,apra_hierarchical_cluster,"[85, 11, 15, 93, 42, 66, 39]",[9],"{""best_k"": 2, ""best_score"": 0.5744997262954712, ""selected_cluster"": 0, ""cluster_scores"": {""0"": 1.838407039642334, ""1"": -1.0}, ""num_trusted"": 7, ""fallback_used"": false}"
254,apra,apra_trust_weighted_clip,"[85, 11, 15, 93, 42, 66, 39]",[],"{""base_clip"": 1.0, ""trust_weights"": {""85"": 0.21882979571819305, ""11"": 0.21882979571819305, ""15"": 0.21882979571819305, ""93"": 0.0, ""42"": 0.21882979571819305, ""66"": 0.12468084692955017, ""39"": 0.0}, ""num_aggregated"": 7}"
255,apra,apra_mad_filter,"[51, 57, 29, 12, 62, 8, 89, 6, 93]",[2],"{""median_norm"": 0.557343832796548, ""mad"": 0.08477636630778101, ""k"": 2.0, ""num_accepted"": 9, ""safety_keep_used"": false, ""fallback_used"": false}"
255,apra,apra_hierarchical_cluster,"[51, 57, 12, 62, 93]","[29, 8, 89, 6]","{""best_k"": 2, ""best_score"": 0.2839590907096863, ""selected_cluster"": 1, ""cluster_scores"": {""0"": 1.793967366218567, ""1"": 3.2709929943084717}, ""num_trusted"": 5, ""fallback_used"": false}"
255,apra,apra_trust_weighted_clip,"[51, 57, 12, 62, 93]",[],"{""base_clip"": 1.0, ""trust_weights"": {""51"": 0.0, ""57"": 0.3333333432674408, ""12"": 0.3333333432674408, ""62"": 0.0, ""93"": 0.3333333432674408}, ""num_aggregated"": 5}"
256,apra,apra_mad_filter,"[86, 89, 60, 36, 73, 25, 58]","[0, 12, 47]","{""median_norm"": 0.6818938631874238, ""mad"": 0.08032423170640474, ""k"": 2.0, ""num_accepted"": 7, ""safety_keep_used"": false, ""fallback_used"": false}"
256,apra,apra_hierarchical_cluster,"[86, 89, 60, 36, 25, 58]",[73],"{""best_k"": 2, ""best_score"": 0.736503005027771, ""selected_cluster"": 0, ""cluster_scores"": {""0"": 4.38792085647583, ""1"": -1.0}, ""num_trusted"": 6, ""fallback_used"": false}"
256,apra,apra_trust_weighted_clip,"[86, 89, 60, 36, 25, 58]",[],"{""base_clip"": 1.0, ""trust_weights"": {""86"": 0.15184584259986877, ""89"": 0.28271806240081787, ""60"": 0.28271806240081787, ""36"": 0.0, ""25"": 0.0, ""58"": 0.28271806240081787}, ""num_aggregated"": 6}"
257,apra,apra_mad_filter,"[64, 30, 24, 14, 91, 90, 57]","[3, 4, 0]","{""median_norm"": 0.548632258352993, ""mad"": 0.13567955385047198, ""k"": 2.0, ""num_accepted"": 7, ""safety_keep_used"": false, ""fallback_used"": false}"
257,apra,apra_hierarchical_cluster,"[30, 24, 14, 91, 90, 57]",[64],"{""best_k"": 2, ""best_score"": 0.4185580909252167, ""selected_cluster"": 0, ""cluster_scores"": {""0"": 4.9425048828125, ""1"": -1.0}, ""num_trusted"": 6, ""fallback_used"": false}"
257,apra,apra_trust_weighted_clip,"[30, 24, 14, 91, 90, 57]",[],"{""base_clip"": 1.0, ""trust_weights"": {""30"": 0.0, ""24"": 0.20000000298023224, ""14"": 0.20000000298023224, ""91"": 0.20000000298023224, ""90"": 0.20000000298023224, ""57"": 0.20000000298023224}, ""num_aggregated"": 6}"
258,apra,apra_mad_filter,"[1, 59, 28, 77, 62, 82, 85, 6, 11]",[31],"{""median_norm"": 0.6047899954715191, ""mad"": 0.10808812341811361, ""k"": 2.0, ""num_accepted"": 9, ""safety_keep_used"": false, ""fallback_used"": false}"
258,apra,apra_hierarchical_cluster,"[1, 28, 77, 62, 6, 11]","[59, 82, 85]","{""best_k"": 3, ""best_score"": 0.4977683424949646, ""selected_cluster"": 0, ""cluster_scores"": {""0"": 5.863551139831543, ""1"": 1.9969795942306519, ""2"": -1.0}, ""num_trusted"": 6, ""fallback_used"": false}"
258,apra,apra_trust_weighted_clip,"[1, 28, 77, 62, 6, 11]",[],"{""base_clip"": 1.0, ""trust_weights"": {""1"": 0.25, ""28"": 0.25, ""77"": 0.25, ""62"": 0.0, ""6"": 0.25, ""11"": 0.0}, ""num_aggregated"": 6}"
259,apra,apra_mad_filter,"[13, 85, 38, 73, 22, 53, 21, 10, 71]",[0],"{""median_norm"": 0.5771375621013102, ""mad"": 0.09966962352112402, ""k"": 2.0, ""num_accepted"": 9, ""safety_keep_used"": false, ""fallback_used"": false}"
259,apra,apra_hierarchical_cluster,"[13, 85, 38, 22, 53, 21, 10, 71]",[73],"{""best_k"": 2, ""best_score"": 0.5395559668540955, ""selected_cluster"": 0, ""cluster_scores"": {""0"": 2.595048189163208, ""1"": -1.0}, ""num_trusted"": 8, ""fallback_used"": false}"
259,apra,apra_trust_weighted_clip,"[13, 85, 38, 22, 53, 21, 10, 71]",[],"{""base_clip"": 1.0, ""trust_weights"": {""13"": 0.12240663170814514, ""85"": 0.14626556634902954, ""38"": 0.14626556634902954, ""22"": 0.14626556634902954, ""53"": 0.14626556634902954, ""21"": 0.14626556634902954, ""10"": 0.14626556634902954, ""71"": 0.0}, ""num_aggregated"": 8}"
260,apra,apra_mad_filter,"[21, 93, 87, 34, 54, 10, 27]","[4, 1, 0]","{""median_norm"": 0.5534975409892874, ""mad"": 0.12660477962487063, ""k"": 2.0, ""num_accepted"": 7, ""safety_keep_used"": false, ""fallback_used"": false}"
260,apra,apra_hierarchical_cluster,"[21, 93, 87, 34, 10, 27]",[54],"{""best_k"": 2, ""best_score"": 0.7766727805137634, ""selected_cluster"": 0, ""cluster_scores"": {""0"": 5.859551429748535, ""1"": -1.0}, ""num_trusted"": 6, ""fallback_used"": false}"
260,apra,apra_trust_weighted_clip,"[21, 93, 87, 34, 10, 27]",[],"{""base_clip"": 1.0, ""trust_weights"": {""21"": 0.20000000298023224, ""93"": 0.20000000298023224, ""87"": 0.20000000298023224, ""34"": 0.20000000298023224, ""10"": 0.0, ""27"": 0.20000000298023224}, ""num_aggregated"": 6}"
261,apra,apra_mad_filter,"[49, 43, 35, 89, 76, 55, 52, 7, 22]",[4],"{""median_norm"": 0.7402326135251904, ""mad"": 0.08933344585184377, ""k"": 2.0, ""num_accepted"": 9, ""safety_keep_used"": false, ""fallback_used"": false}"
261,apra,apra_hierarchical_cluster,"[49, 43, 35, 89, 76, 55, 52, 22]",[7],"{""best_k"": 2, ""best_score"": 0.6685778498649597, ""selected_cluster"": 0, ""cluster_scores"": {""0"": 5.469723701477051, ""1"": -1.0}, ""num_trusted"": 8, ""fallback_used"": false}"
261,apra,apra_trust_weighted_clip,"[49, 43, 35, 89, 76, 55, 52, 22]",[],"{""base_clip"": 1.0, ""trust_weights"": {""49"": 0.0483659952878952, ""43"": 0.1586056649684906, ""35"": 0.0, ""89"": 0.1586056649684906, ""76"": 0.1586056649684906, ""55"": 0.1586056649684906, ""52"": 0.1586056649684906, ""22"": 0.1586056649684906}, ""num_aggregated"": 8}"
262,apra,apra_mad_filter,"[35, 44, 70, 93, 6, 36, 61]","[2, 11, 32]","{""median_norm"": 0.5238181294816271, ""mad"": 0.0436095504866954, ""k"": 2.0, ""num_accepted"": 7, ""safety_keep_used"": false, ""fallback_used"": false}"
262,apra,apra_hierarchical_cluster,"[35, 70, 93, 6, 61]","[44, 36]","{""best_k"": 2, ""best_score"": 0.6653998494148254, ""selected_cluster"": 0, ""cluster_scores"": {""0"": 3.3105063438415527, ""1"": 1.9396636486053467}, ""num_trusted"": 5, ""fallback_used"": false}"
262,apra,apra_trust_weighted_clip,"[35, 70, 93, 6, 61]",[],"{""base_clip"": 1.0, ""trust_weights"": {""35"": 0.29763078689575195, ""70"": 0.0, ""93"": 0.29763078689575195, ""6"": 0.10710763186216354, ""61"": 0.29763078689575195}, ""num_aggregated"": 5}"
263,apra,apra_mad_filter,"[9, 72, 92, 5, 39, 44, 7, 11]","[0, 4]","{""median_norm"": 0.6942680390670385, ""mad"": 0.14360297410172873, ""k"": 2.0, ""num_accepted"": 8, ""safety_keep_used"": false, ""fallback_used"": false}"
263,apra,apra_hierarchical_cluster,"[9, 72, 92, 39, 44, 7, 11]",[5],"{""best_k"": 2, ""best_score"": 0.7190909385681152, ""selected_cluster"": 0, ""cluster_scores"": {""0"": 6.192126750946045, ""1"": -1.0}, ""num_trusted"": 7, ""fallback_used"": false}"
263,apra,apra_trust_weighted_clip,"[9, 72, 92, 39, 44, 7, 11]",[],"{""base_clip"": 1.0, ""trust_weights"": {""9"": 0.1666666716337204, ""72"": 0.1666666716337204, ""92"": 0.1666666716337204, ""39"": 0.1666666716337204, ""44"": 0.0, ""7"": 0.1666666716337204, ""11"": 0.1666666716337204}, ""num_aggregated"": 7}"
264,apra,apra_mad_filter,"[96, 32, 9, 91, 42, 79, 81]","[2, 15, 74]","{""median_norm"": 0.5513263000061368, ""mad"": 0.04455289576158755, ""k"": 2.0, ""num_accepted"": 7, ""safety_keep_used"": false, ""fallback_used"": false}"
264,apra,apra_hierarchical_cluster,"[96, 9, 91, 79, 81]","[32, 42]","{""best_k"": 3, ""best_score"": 0.5489851832389832, ""selected_cluster"": 0, ""cluster_scores"": {""0"": 2.8484513759613037, ""1"": -1.0, ""2"": -1.0}, ""num_trusted"": 5, ""fallback_used"": false}"
264,apra,apra_trust_weighted_clip,"[96, 9, 91, 79, 81]",[],"{""base_clip"": 1.0, ""trust_weights"": {""96"": 0.0, ""9"": 0.3333333432674408, ""91"": 0.0, ""79"": 0.3333333432674408, ""81"": 0.3333333432674408}, ""num_aggregated"": 5}"
265,apra,apra_mad_filter,"[3, 8, 20, 62, 52, 77, 25, 90, 36, 97]",[],"{""median_norm"": 0.6229225429841841, ""mad"": 0.08635646267368136, ""k"": 2.0, ""num_accepted"": 10, ""safety_keep_used"": false, ""fallback_used"": false}"
265,apra,apra_hierarchical_cluster,"[3, 52, 77, 90]","[8, 20, 62, 25, 36, 97]","{""best_k"": 4, ""best_score"": 0.5047804713249207, ""selected_cluster"": 2, ""cluster_scores"": {""0"": 3.3652830123901367, ""1"": -1.0, ""2"": 3.6312010288238525, ""3"": -1.0}, ""num_trusted"": 4, ""fallback_used"": false}"
265,apra,apra_trust_weighted_clip,"[3, 52, 77, 90]",[],"{""base_clip"": 1.0, ""trust_weights"": {""3"": 0.0, ""52"": 0.0, ""77"": 0.5, ""90"": 0.5}, ""num_aggregated"": 4}"
266,apra,apra_mad_filter,"[63, 78, 56, 7, 42, 33, 65, 43]","[3, 54]","{""median_norm"": 0.6231930655236262, ""mad"": 0.07413349656718454, ""k"": 2.0, ""num_accepted"": 8, ""safety_keep_used"": false, ""fallback_used"": false}"
266,apra,apra_hierarchical_cluster,"[63, 78, 56, 7, 33, 65, 43]",[42],"{""best_k"": 2, ""best_score"": 0.5600528717041016, ""selected_cluster"": 0, ""cluster_scores"": {""0"": 2.9534552097320557, ""1"": -1.0}, ""num_trusted"": 7, ""fallback_used"": false}"
266,apra,apra_trust_weighted_clip,"[63, 78, 56, 7, 33, 65, 43]",[],"{""base_clip"": 1.0, ""trust_weights"": {""63"": 0.1666666716337204, ""78"": 0.1666666716337204, ""56"": 0.1666666716337204, ""7"": 0.1666666716337204, ""33"": 0.1666666716337204, ""65"": 0.0, ""43"": 0.1666666716337204}, ""num_aggregated"": 7}"
267,apra,apra_mad_filter,"[20, 41, 61, 45, 35, 22, 23, 40]","[3, 1]","{""median_norm"": 0.5203786770200148, ""mad"": 0.0734400680109262, ""k"": 2.0, ""num_accepted"": 8, ""safety_keep_used"": false, ""fallback_used"": false}"
267,apra,apra_hierarchical_cluster,"[20, 61, 45, 35, 22, 23, 40]",[41],"{""best_k"": 2, ""best_score"": 0.5472655296325684, ""selected_cluster"": 0, ""cluster_scores"": {""0"": 1.5732507705688477, ""1"": -1.0}, ""num_trusted"": 7, ""fallback_used"": false}"
267,apra,apra_trust_weighted_clip,"[20, 61, 45, 35, 22, 23, 40]",[],"{""base_clip"": 1.0, ""trust_weights"": {""20"": 0.14275898039340973, ""61"": 0.17862051725387573, ""45"": 0.17862051725387573, ""35"": 0.17862051725387573, ""22"": 0.17862051725387573, ""23"": 0.0, ""40"": 0.14275898039340973}, ""num_aggregated"": 7}"
268,apra,apra_mad_filter,"[34, 97, 8, 50, 76, 85, 96, 89, 65]",[3],"{""median_norm"": 0.5622539418102053, ""mad"": 0.07733787875641263, ""k"": 2.0, ""num_accepted"": 9, ""safety_keep_used"": false, ""fallback_used"": false}"
268,apra,apra_hierarchical_cluster,"[34, 97, 50, 76, 85, 96, 89, 65]",[8],"{""best_k"": 2, ""best_score"": 0.5058257579803467, ""selected_cluster"": 0, ""cluster_scores"": {""0"": 1.5264148712158203, ""1"": -1.0}, ""num_trusted"": 8, ""fallback_used"": false}"
268,apra,apra_trust_weighted_clip,"[34, 97, 50, 76, 85, 96, 89, 65]",[],"{""base_clip"": 1.0, ""trust_weights"": {""34"": 0.18584008514881134, ""97"": 0.07079959660768509, ""50"": 0.0, ""76"": 0.18584008514881134, ""85"": 0.18584008514881134, ""96"": 0.0, ""89"": 0.18584008514881134, ""65"": 0.18584008514881134}, ""num_aggregated"": 8}"
269,apra,apra_mad_filter,"[97, 15, 94, 98, 63, 44, 34, 14, 95]",[3],"{""median_norm"": 0.541719125687678, ""mad"": 0.06611317806961886, ""k"": 2.0, ""num_accepted"": 9, ""safety_keep_used"": false, ""fallback_used"": false}"
269,apra,apra_hierarchical_cluster,"[97, 15, 94, 98, 63, 44, 34, 14]",[95],"{""best_k"": 2, ""best_score"": 0.5597596168518066, ""selected_cluster"": 0, ""cluster_scores"": {""0"": 2.9442949295043945, ""1"": -1.0}, ""num_trusted"": 8, ""fallback_used"": false}"
269,apra,apra_trust_weighted_clip,"[97, 15, 94, 98, 63, 44, 34, 14]",[],"{""base_clip"": 1.0, ""trust_weights"": {""97"": 0.0, ""15"": 0.1428571492433548, ""94"": 0.1428571492433548, ""98"": 0.1428571492433548, ""63"": 0.1428571492433548, ""44"": 0.1428571492433548, ""34"": 0.1428571492433548, ""14"": 0.1428571492433548}, ""num_aggregated"": 8}"
270,apra,apra_mad_filter,"[21, 64, 14, 15, 39, 72, 13, 49, 8]",[4],"{""median_norm"": 0.4743056511627262, ""mad"": 0.049913291376434715, ""k"": 2.0, ""num_accepted"": 9, ""safety_keep_used"": false, ""fallback_used"": false}"
270,apra,apra_hierarchical_cluster,"[21, 64, 14, 15, 39, 72, 13, 49]",[8],"{""best_k"": 2, ""best_score"": 0.5745992660522461, ""selected_cluster"": 0, ""cluster_scores"": {""0"": 1.5585978031158447, ""1"": -1.0}, ""num_trusted"": 8, ""fallback_used"": false}"
270,apra,apra_trust_weighted_clip,"[21, 64, 14, 15, 39, 72, 13, 49]",[],"{""base_clip"": 1.0, ""trust_weights"": {""21"": 0.19424064457416534, ""64"": 0.19424064457416534, ""14"": 0.19424064457416534, ""15"": 0.0, ""39"": 0.19424064457416534, ""72"": 0.19424064457416534, ""13"": 0.02638033591210842, ""49"": 0.0024163934867829084}, ""num_aggregated"": 8}"
271,apra,apra_mad_filter,"[72, 10, 73, 64, 86, 43, 46, 63]","[2, 3]","{""median_norm"": 0.5865277851124993, ""mad"": 0.08141458234207222, ""k"": 2.0, ""num_accepted"": 8, ""safety_keep_used"": false, ""fallback_used"": false}"
271,apra,apra_hierarchical_cluster,"[72, 64, 86, 43, 46, 63]","[10, 73]","{""best_k"": 2, ""best_score"": 0.7149302363395691, ""selected_cluster"": 1, ""cluster_scores"": {""0"": 1.6928414106369019, ""1"": 5.234821319580078}, ""num_trusted"": 6, ""fallback_used"": false}"
271,apra,apra_trust_weighted_clip,"[72, 64, 86, 43, 46, 63]",[],"{""base_clip"": 1.0, ""trust_weights"": {""72"": 0.0, ""64"": 0.0, ""86"": 0.25, ""43"": 0.25, ""46"": 0.25, ""63"": 0.25}, ""num_aggregated"": 6}"
272,apra,apra_mad_filter,"[72, 22, 52, 63, 95, 71, 49, 42, 6]",[0],"{""median_norm"": 0.5546271742794078, ""mad"": 0.13609977297554676, ""k"": 2.0, ""num_accepted"": 9, ""safety_keep_used"": false, ""fallback_used"": false}"
272,apra,apra_hierarchical_cluster,"[72, 22, 52, 63, 71, 49, 42, 6]",[95],"{""best_k"": 2, ""best_score"": 0.7153854370117188, ""selected_cluster"": 0, ""cluster_scores"": {""0"": 4.56635856628418, ""1"": -1.0}, ""num_trusted"": 8, ""fallback_used"": false}"
272,apra,apra_trust_weighted_clip,"[72, 22, 52, 63, 71, 49, 42, 6]",[],"{""base_clip"": 1.0, ""trust_weights"": {""72"": 0.1666666716337204, ""22"": 0.1666666716337204, ""52"": 0.1666666716337204, ""63"": 0.1666666716337204, ""71"": 0.0, ""49"": 0.1666666716337204, ""42"": 0.0, ""6"": 0.1666666716337204}, ""num_aggregated"": 8}"
273,apra,apra_mad_filter,"[35, 94, 38, 12, 39, 36, 96, 18, 80]",[2],"{""median_norm"": 0.4688569841865646, ""mad"": 0.026731533440049943, ""k"": 2.0, ""num_accepted"": 9, ""safety_keep_used"": false, ""fallback_used"": false}"
273,apra,apra_hierarchical_cluster,"[35, 94, 38, 12, 39, 36, 18, 80]",[96],"{""best_k"": 2, ""best_score"": 0.456034779548645, ""selected_cluster"": 0, ""cluster_scores"": {""0"": 2.324521064758301, ""1"": -1.0}, ""num_trusted"": 8, ""fallback_used"": false}"
273,apra,apra_trust_weighted_clip,"[35, 94, 38, 12, 39, 36, 18, 80]",[],"{""base_clip"": 1.0, ""trust_weights"": {""35"": 0.0, ""94"": 0.23276375234127045, ""38"": 0.06894505769014359, ""12"": 0.23276375234127045, ""39"": 0.0, ""36"": 0.0, ""18"": 0.23276375234127045, ""80"": 0.23276375234127045}, ""num_aggregated"": 8}"
274,apra,apra_mad_filter,"[2, 99, 19, 96, 52, 64, 81, 3, 68, 69]",[],"{""median_norm"": 0.721540222768883, ""mad"": 0.18822729103112756, ""k"": 2.0, ""num_accepted"": 10, ""safety_keep_used"": false, ""fallback_used"": false}"
274,apra,apra_hierarchical_cluster,"[2, 99, 96, 52, 64, 81, 3, 68]","[19, 69]","{""best_k"": 2, ""best_score"": 0.6546924710273743, ""selected_cluster"": 0, ""cluster_scores"": {""0"": 4.6039838790893555, ""1"": 1.992574691772461}, ""num_trusted"": 8, ""fallback_used"": false}"
274,apra,apra_trust_weighted_clip,"[2, 99, 96, 52, 64, 81, 3, 68]",[],"{""base_clip"": 1.0, ""trust_weights"": {""2"": 0.0, ""99"": 0.0, ""96"": 0.0, ""52"": 0.227447509765625, ""64"": 0.09020993858575821, ""81"": 0.227447509765625, ""3"": 0.227447509765625, ""68"": 0.227447509765625}, ""num_aggregated"": 8}"
275,apra,apra_mad_filter,"[90, 45, 6, 9, 43, 16, 57, 86]","[0, 30]","{""median_norm"": 0.46777500162000013, ""mad"": 0.07147387282623968, ""k"": 2.0, ""num_accepted"": 8, ""safety_keep_used"": false, ""fallback_used"": false}"
275,apra,apra_hierarchical_cluster,"[90, 6, 9, 43, 16, 57, 86]",[45],"{""best_k"": 2, ""best_score"": 0.41320931911468506, ""selected_cluster"": 0, ""cluster_scores"": {""0"": 6.772883415222168, ""1"": -1.0}, ""num_trusted"": 7, ""fallback_used"": false}"
275,apra,apra_trust_weighted_clip,"[90, 6, 9, 43, 16, 57, 86]",[],"{""base_clip"": 1.0, ""trust_weights"": {""90"": 0.1666666716337204, ""6"": 0.1666666716337204, ""9"": 0.1666666716337204, ""43"": 0.1666666716337204, ""16"": 0.1666666716337204, ""57"": 0.1666666716337204, ""86"": 0.0}, ""num_aggregated"": 7}"
276,apra,apra_mad_filter,"[85, 54, 99, 23, 53, 66, 33, 80, 57]",[4],"{""median_norm"": 0.5861418007540966, ""mad"": 0.09656724694402072, ""k"": 2.0, ""num_accepted"": 9, ""safety_keep_used"": false, ""fallback_used"": false}"
276,apra,apra_hierarchical_cluster,"[85, 99, 23, 53, 66, 33, 80, 57]",[54],"{""best_k"": 2, ""best_score"": 0.706666886806488, ""selected_cluster"": 0, ""cluster_scores"": {""0"": 3.5238037109375, ""1"": -1.0}, ""num_trusted"": 8, ""fallback_used"": false}"
276,apra,apra_trust_weighted_clip,"[85, 99, 23, 53, 66, 33, 80, 57]",[],"{""base_clip"": 1.0, ""trust_weights"": {""85"": 0.14578400552272797, ""99"": 0.14578400552272797, ""23"": 0.0, ""53"": 0.1252959817647934, ""66"": 0.14578400552272797, ""33"": 0.14578400552272797, ""80"": 0.14578400552272797, ""57"": 0.14578400552272797}, ""num_aggregated"": 8}"
277,apra,apra_mad_filter,"[38, 19, 33, 9, 53, 93, 73, 86, 65]",[0],"{""median_norm"": 0.5846359070188774, ""mad"": 0.06348623469060294, ""k"": 2.0, ""num_accepted"": 9, ""safety_keep_used"": false, ""fallback_used"": false}"
277,apra,apra_hierarchical_cluster,"[38, 19, 33, 9, 53, 93, 86, 65]",[73],"{""best_k"": 2, ""best_score"": 0.7490129470825195, ""selected_cluster"": 0, ""cluster_scores"": {""0"": 6.296635150909424, ""1"": -1.0}, ""num_trusted"": 8, ""fallback_used"": false}"
277,apra,apra_trust_weighted_clip,"[38, 19, 33, 9, 53, 93, 86, 65]",[],"{""base_clip"": 1.0, ""trust_weights"": {""38"": 0.1428571492433548, ""19"": 0.0, ""33"": 0.1428571492433548, ""9"": 0.1428571492433548, ""53"": 0.1428571492433548, ""93"": 0.1428571492433548, ""86"": 0.1428571492433548, ""65"": 0.1428571492433548}, ""num_aggregated"": 8}"
278,apra,apra_mad_filter,"[38, 20, 57, 49, 85, 69, 11, 84]","[0, 1]","{""median_norm"": 0.5540408288440677, ""mad"": 0.07027659503527173, ""k"": 2.0, ""num_accepted"": 8, ""safety_keep_used"": false, ""fallback_used"": false}"
278,apra,apra_hierarchical_cluster,"[38, 57, 49, 85, 11, 84]","[20, 69]","{""best_k"": 2, ""best_score"": 0.47709566354751587, ""selected_cluster"": 0, ""cluster_scores"": {""0"": 4.312132358551025, ""1"": 1.7925057411193848}, ""num_trusted"": 6, ""fallback_used"": false}"
278,apra,apra_trust_weighted_clip,"[38, 57, 49, 85, 11, 84]",[],"{""base_clip"": 1.0, ""trust_weights"": {""38"": 0.24215534329414368, ""57"": 0.24215534329414368, ""49"": 0.03137863799929619, ""85"": 0.0, ""11"": 0.24215534329414368, ""84"": 0.24215534329414368}, ""num_aggregated"": 6}"
279,apra,apra_mad_filter,"[6, 55, 69, 10, 34, 29, 74, 61]","[0, 47]","{""median_norm"": 0.5571861354253774, ""mad"": 0.060426512796167536, ""k"": 2.0, ""num_accepted"": 8, ""safety_keep_used"": false, ""fallback_used"": false}"
279,apra,apra_hierarchical_cluster,"[6, 55, 34, 29, 74, 61]","[69, 10]","{""best_k"": 3, ""best_score"": 0.6090424060821533, ""selected_cluster"": 0, ""cluster_scores"": {""0"": 4.96388053894043, ""1"": -1.0, ""2"": -1.0}, ""num_trusted"": 6, ""fallback_used"": false}"
279,apra,apra_trust_weighted_clip,"[6, 55, 34, 29, 74, 61]",[],"{""base_clip"": 1.0, ""trust_weights"": {""6"": 0.2643895149230957, ""55"": 0.2068314552307129, ""34"": 0.2643895149230957, ""29"": 0.0, ""74"": 0.2643895149230957, ""61"": 0.0}, ""num_aggregated"": 6}"
280,apra,apra_mad_filter,"[86, 29, 77, 96, 84, 60, 51, 53]","[1, 95]","{""median_norm"": 0.5418620945827222, ""mad"": 0.03917982688492194, ""k"": 2.0, ""num_accepted"": 8, ""safety_keep_used"": false, ""fallback_used"": false}"
280,apra,apra_hierarchical_cluster,"[86, 29, 77, 96, 84, 60, 53]",[51],"{""best_k"": 2, ""best_score"": 0.6184453964233398, ""selected_cluster"": 0, ""cluster_scores"": {""0"": 3.8489537239074707, ""1"": -1.0}, ""num_trusted"": 7, ""fallback_used"": false}"
280,apra,apra_trust_weighted_clip,"[86, 29, 77, 96, 84, 60, 53]",[],"{""base_clip"": 1.0, ""trust_weights"": {""86"": 0.1666666716337204, ""29"": 0.1666666716337204, ""77"": 0.1666666716337204, ""96"": 0.0, ""84"": 0.1666666716337204, ""60"": 0.1666666716337204, ""53"": 0.1666666716337204}, ""num_aggregated"": 7}"
281,apra,apra_mad_filter,"[7, 41, 33, 16, 59, 11, 42, 5]","[0, 88]","{""median_norm"": 0.6770614634297325, ""mad"": 0.12813875417300735, ""k"": 2.0, ""num_accepted"": 8, ""safety_keep_used"": false, ""fallback_used"": false}"
281,apra,apra_hierarchical_cluster,"[7, 33, 16, 59, 11, 5]","[41, 42]","{""best_k"": 3, ""best_score"": 0.5698434114456177, ""selected_cluster"": 0, ""cluster_scores"": {""0"": 5.418642520904541, ""1"": -1.0, ""2"": -1.0}, ""num_trusted"": 6, ""fallback_used"": false}"
281,apra,apra_trust_weighted_clip,"[7, 33, 16, 59, 11, 5]",[],"{""base_clip"": 1.0, ""trust_weights"": {""7"": 0.20000000298023224, ""33"": 0.20000000298023224, ""16"": 0.20000000298023224, ""59"": 0.20000000298023224, ""11"": 0.20000000298023224, ""5"": 0.0}, ""num_aggregated"": 6}"
282,apra,apra_mad_filter,"[64, 56, 2, 11, 89, 59, 45, 97, 15]",[0],"{""median_norm"": 0.6260011501618196, ""mad"": 0.09534729378752432, ""k"": 2.0, ""num_accepted"": 9, ""safety_keep_used"": false, ""fallback_used"": false}"
282,apra,apra_hierarchical_cluster,"[64, 56, 11, 89, 59, 45, 97, 15]",[2],"{""best_k"": 2, ""best_score"": 0.5661379098892212, ""selected_cluster"": 0, ""cluster_scores"": {""0"": 5.083981513977051, ""1"": -1.0}, ""num_trusted"": 8, ""fallback_used"": false}"
282,apra,apra_trust_weighted_clip,"[64, 56, 11, 89, 59, 45, 97, 15]",[],"{""base_clip"": 1.0, ""trust_weights"": {""64"": 0.16183924674987793, ""56"": 0.02896450273692608, ""11"": 0.16183924674987793, ""89"": 0.16183924674987793, ""59"": 0.16183924674987793, ""45"": 0.16183924674987793, ""97"": 0.16183924674987793, ""15"": 0.0}, ""num_aggregated"": 8}"
283,apra,apra_mad_filter,"[58, 61, 71, 33, 23, 65, 37, 48]","[4, 0]","{""median_norm"": 0.5225103771620977, ""mad"": 0.06262287797383503, ""k"": 2.0, ""num_accepted"": 8, ""safety_keep_used"": false, ""fallback_used"": false}"
283,apra,apra_hierarchical_cluster,"[58, 61, 71, 33, 23, 65, 37]",[48],"{""best_k"": 2, ""best_score"": 0.7303478717803955, ""selected_cluster"": 0, ""cluster_scores"": {""0"": 4.724959373474121, ""1"": -1.0}, ""num_trusted"": 7, ""fallback_used"": false}"
283,apra,apra_trust_weighted_clip,"[58, 61, 71, 33, 23, 65, 37]",[],"{""base_clip"": 1.0, ""trust_weights"": {""58"": 0.0, ""61"": 0.20000000298023224, ""71"": 0.0, ""33"": 0.20000000298023224, ""23"": 0.20000000298023224, ""65"": 0.20000000298023224, ""37"": 0.20000000298023224}, ""num_aggregated"": 7}"
284,apra,apra_mad_filter,"[59, 56, 14, 68, 81, 55, 62, 6, 63]",[2],"{""median_norm"": 0.5671293478877082, ""mad"": 0.08452634806725576, ""k"": 2.0, ""num_accepted"": 9, ""safety_keep_used"": false, ""fallback_used"": false}"
284,apra,apra_hierarchical_cluster,"[56, 14, 68, 6, 63]","[59, 81, 55, 62]","{""best_k"": 3, ""best_score"": 0.5308113098144531, ""selected_cluster"": 0, ""cluster_scores"": {""0"": 3.9906063079833984, ""1"": 1.708500623703003, ""2"": 1.8931152820587158}, ""num_trusted"": 5, ""fallback_used"": false}"
284,apra,apra_trust_weighted_clip,"[56, 14, 68, 6, 63]",[],"{""base_clip"": 1.0, ""trust_weights"": {""56"": 0.0, ""14"": 0.25, ""68"": 0.25, ""6"": 0.25, ""63"": 0.25}, ""num_aggregated"": 5}"
285,apra,apra_mad_filter,"[89, 12, 78, 93, 21, 23, 71, 98, 30]",[1],"{""median_norm"": 0.5039160729830043, ""mad"": 0.08128926752250765, ""k"": 2.0, ""num_accepted"": 9, ""safety_keep_used"": false, ""fallback_used"": false}"
285,apra,apra_hierarchical_cluster,"[89, 12, 78, 93, 21, 23, 71, 98]",[30],"{""best_k"": 2, ""best_score"": 0.7139456272125244, ""selected_cluster"": 0, ""cluster_scores"": {""0"": 4.065525054931641, ""1"": -1.0}, ""num_trusted"": 8, ""fallback_used"": false}"
285,apra,apra_trust_weighted_clip,"[89, 12, 78, 93, 21, 23, 71, 98]",[],"{""base_clip"": 1.0, ""trust_weights"": {""89"": 0.1666666716337204, ""12"": 0.1666666716337204, ""78"": 0.1666666716337204, ""93"": 0.1666666716337204, ""21"": 0.1666666716337204, ""23"": 0.0, ""71"": 0.0, ""98"": 0.1666666716337204}, ""num_aggregated"": 8}"
286,apra,apra_mad_filter,"[76, 16, 34, 27, 82, 20, 15]","[2, 1, 47]","{""median_norm"": 0.48999483815880324, ""mad"": 0.03640948983341519, ""k"": 2.0, ""num_accepted"": 7, ""safety_keep_used"": false, ""fallback_used"": false}"
286,apra,apra_hierarchical_cluster,"[76, 16, 34, 27, 82, 15]",[20],"{""best_k"": 2, ""best_score"": 0.5790258049964905, ""selected_cluster"": 0, ""cluster_scores"": {""0"": 2.382190465927124, ""1"": -1.0}, ""num_trusted"": 6, ""fallback_used"": false}"
286,apra,apra_trust_weighted_clip,"[76, 16, 34, 27, 82, 15]",[],"{""base_clip"": 1.0, ""trust_weights"": {""76"": 0.25, ""16"": 0.25, ""34"": 0.25, ""27"": 0.0, ""82"": 0.25, ""15"": 0.0}, ""num_aggregated"": 6}"
287,apra,apra_mad_filter,"[58, 23, 96, 80, 63, 69, 29]","[1, 47, 26]","{""median_norm"": 0.5435617541915989, ""mad"": 0.05380638047609723, ""k"": 2.0, ""num_accepted"": 7, ""safety_keep_used"": false, ""fallback_used"": false}"
287,apra,apra_hierarchical_cluster,"[23, 80, 63, 29]","[58, 96, 69]","{""best_k"": 3, ""best_score"": 0.4166252911090851, ""selected_cluster"": 1, ""cluster_scores"": {""0"": 1.7501649856567383, ""1"": 3.078681707382202, ""2"": -1.0}, ""num_trusted"": 4, ""fallback_used"": false}"
287,apra,apra_trust_weighted_clip,"[23, 80, 63, 29]",[],"{""base_clip"": 1.0, ""trust_weights"": {""23"": 0.5, ""80"": 0.0, ""63"": 0.5, ""29"": 0.0}, ""num_aggregated"": 4}"
288,apra,apra_mad_filter,"[60, 36, 89, 7, 68, 87, 74, 14, 22]",[3],"{""median_norm"": 0.4883479065414472, ""mad"": 0.058873476886350584, ""k"": 2.0, ""num_accepted"": 9, ""safety_keep_used"": false, ""fallback_used"": false}"
288,apra,apra_hierarchical_cluster,"[60, 36, 89, 7, 87, 74, 14, 22]",[68],"{""best_k"": 2, ""best_score"": 0.5426994562149048, ""selected_cluster"": 0, ""cluster_scores"": {""0"": 1.8726330995559692, ""1"": -1.0}, ""num_trusted"": 8, ""fallback_used"": false}"
288,apra,apra_trust_weighted_clip,"[60, 36, 89, 7, 87, 74, 14, 22]",[],"{""base_clip"": 1.0, ""trust_weights"": {""60"": 0.0, ""36"": 0.0, ""89"": 0.19242599606513977, ""7"": 0.19242599606513977, ""87"": 0.19242599606513977, ""74"": 0.19242599606513977, ""14"": 0.06973408162593842, ""22"": 0.16056188941001892}, ""num_aggregated"": 8}"
289,apra,apra_mad_filter,"[45, 76, 75, 35, 37, 89, 60, 81, 99]",[0],"{""median_norm"": 0.4372615726469726, ""mad"": 0.03167146060046766, ""k"": 2.0, ""num_accepted"": 9, ""safety_keep_used"": false, ""fallback_used"": false}"
289,apra,apra_hierarchical_cluster,"[45, 76, 75, 35, 37, 89, 81]","[60, 99]","{""best_k"": 2, ""best_score"": 0.3891005218029022, ""selected_cluster"": 0, ""cluster_scores"": {""0"": 4.842944622039795, ""1"": 1.8299334049224854}, ""num_trusted"": 7, ""fallback_used"": false}"
289,apra,apra_trust_weighted_clip,"[45, 76, 75, 35, 37, 89, 81]",[],"{""base_clip"": 1.0, ""trust_weights"": {""45"": 0.1666666716337204, ""76"": 0.1666666716337204, ""75"": 0.0, ""35"": 0.1666666716337204, ""37"": 0.1666666716337204, ""89"": 0.1666666716337204, ""81"": 0.1666666716337204}, ""num_aggregated"": 7}"
290,apra,apra_mad_filter,"[76, 95, 69, 70, 12, 23, 86, 22]","[3, 4]","{""median_norm"": 0.5253420716495495, ""mad"": 0.13823053663539578, ""k"": 2.0, ""num_accepted"": 8, ""safety_keep_used"": false, ""fallback_used"": false}"
290,apra,apra_hierarchical_cluster,"[76, 69, 70, 12, 23, 86, 22]",[95],"{""best_k"": 2, ""best_score"": 0.6775219440460205, ""selected_cluster"": 0, ""cluster_scores"": {""0"": 3.1995649337768555, ""1"": -1.0}, ""num_trusted"": 7, ""fallback_used"": false}"
290,apra,apra_trust_weighted_clip,"[76, 69, 70, 12, 23, 86, 22]",[],"{""base_clip"": 1.0, ""trust_weights"": {""76"": 0.20000000298023224, ""69"": 0.0, ""70"": 0.0, ""12"": 0.20000000298023224, ""23"": 0.20000000298023224, ""86"": 0.20000000298023224, ""22"": 0.20000000298023224}, ""num_aggregated"": 7}"
291,apra,apra_mad_filter,"[2, 97, 52, 17, 8, 69, 28, 54, 13, 96]",[],"{""median_norm"": 0.6528822257854667, ""mad"": 0.15406951604480806, ""k"": 2.0, ""num_accepted"": 10, ""safety_keep_used"": false, ""fallback_used"": false}"
291,apra,apra_hierarchical_cluster,"[2, 97, 52, 17, 8, 69, 28, 13]","[54, 96]","{""best_k"": 2, ""best_score"": 0.7133632898330688, ""selected_cluster"": 0, ""cluster_scores"": {""0"": 2.795058250427246, ""1"": 1.994147777557373}, ""num_trusted"": 8, ""fallback_used"": false}"
291,apra,apra_trust_weighted_clip,"[2, 97, 52, 17, 8, 69, 28, 13]",[],"{""base_clip"": 1.0, ""trust_weights"": {""2"": 0.0, ""97"": 0.15690025687217712, ""52"": 0.15690025687217712, ""17"": 0.0726093053817749, ""8"": 0.14288939535617828, ""69"": 0.15690025687217712, ""28"": 0.15690025687217712, ""13"": 0.15690025687217712}, ""num_aggregated"": 8}"
292,apra,apra_mad_filter,"[72, 70, 20, 46, 63, 85, 9, 52]","[0, 5]","{""median_norm"": 0.633113217456214, ""mad"": 0.08483945017023958, ""k"": 2.0, ""num_accepted"": 8, ""safety_keep_used"": false, ""fallback_used"": false}"
292,apra,apra_hierarchical_cluster,"[72, 70, 46, 63, 85, 9, 52]",[20],"{""best_k"": 2, ""best_score"": 0.6625137329101562, ""selected_cluster"": 0, ""cluster_scores"": {""0"": 4.620118618011475, ""1"": -1.0}, ""num_trusted"": 7, ""fallback_used"": false}"
292,apra,apra_trust_weighted_clip,"[72, 70, 46, 63, 85, 9, 52]",[],"{""base_clip"": 1.0, ""trust_weights"": {""72"": 0.1666666716337204, ""70"": 0.1666666716337204, ""46"": 0.1666666716337204, ""63"": 0.1666666716337204, ""85"": 0.0, ""9"": 0.1666666716337204, ""52"": 0.1666666716337204}, ""num_aggregated"": 7}"
293,apra,apra_mad_filter,"[92, 7, 95, 84, 51, 31, 59, 8, 29]",[1],"{""median_norm"": 0.5697105389450436, ""mad"": 0.06453777657074083, ""k"": 2.0, ""num_accepted"": 9, ""safety_keep_used"": false, ""fallback_used"": false}"
293,apra,apra_hierarchical_cluster,"[92, 7, 95, 84, 51, 59, 8, 29]",[31],"{""best_k"": 2, ""best_score"": 0.7019612193107605, ""selected_cluster"": 0, ""cluster_scores"": {""0"": 4.662595748901367, ""1"": -1.0}, ""num_trusted"": 8, ""fallback_used"": false}"
293,apra,apra_trust_weighted_clip,"[92, 7, 95, 84, 51, 59, 8, 29]",[],"{""base_clip"": 1.0, ""trust_weights"": {""92"": 0.1666666716337204, ""7"": 0.1666666716337204, ""95"": 0.0, ""84"": 0.1666666716337204, ""51"": 0.1666666716337204, ""59"": 0.1666666716337204, ""8"": 0.0, ""29"": 0.1666666716337204}, ""num_aggregated"": 8}"
294,apra,apra_mad_filter,"[44, 80, 46, 14, 41, 16, 51, 57, 49]",[2],"{""median_norm"": 0.5278244094783718, ""mad"": 0.06192163966740363, ""k"": 2.0, ""num_accepted"": 9, ""safety_keep_used"": false, ""fallback_used"": false}"
294,apra,apra_hierarchical_cluster,"[44, 80, 46, 14, 16, 51, 57, 49]",[41],"{""best_k"": 2, ""best_score"": 0.6652564406394958, ""selected_cluster"": 0, ""cluster_scores"": {""0"": 4.594563007354736, ""1"": -1.0}, ""num_trusted"": 8, ""fallback_used"": false}"
294,apra,apra_trust_weighted_clip,"[44, 80, 46, 14, 16, 51, 57, 49]",[],"{""base_clip"": 1.0, ""trust_weights"": {""44"": 0.005173404701054096, ""80"": 0.17739036679267883, ""46"": 0.17739036679267883, ""14"": 0.10787473618984222, ""16"": 0.17739036679267883, ""51"": 0.17739036679267883, ""57"": 0.17739036679267883, ""49"": 0.0}, ""num_aggregated"": 8}"
295,apra,apra_mad_filter,"[56, 91, 53, 20, 74, 52, 70, 51]","[0, 45]","{""median_norm"": 0.5262923130060024, ""mad"": 0.11673417266569752, ""k"": 2.0, ""num_accepted"": 8, ""safety_keep_used"": false, ""fallback_used"": false}"
295,apra,apra_hierarchical_cluster,"[56, 91, 74, 52, 51]","[53, 20, 70]","{""best_k"": 3, ""best_score"": 0.49593231081962585, ""selected_cluster"": 0, ""cluster_scores"": {""0"": 3.964287042617798, ""1"": -1.0, ""2"": 1.918076515197754}, ""num_trusted"": 5, ""fallback_used"": false}"
295,apra,apra_trust_weighted_clip,"[56, 91, 74, 52, 51]",[],"{""base_clip"": 1.0, ""trust_weights"": {""56"": 0.19955551624298096, ""91"": 0.26681482791900635, ""74"": 0.26681482791900635, ""52"": 0.26681482791900635, ""51"": 0.0}, ""num_aggregated"": 5}"
296,apra,apra_mad_filter,"[50, 7, 32, 49, 66, 63, 25]","[1, 17, 47]","{""median_norm"": 0.5860192461151759, ""mad"": 0.09247433459787563, ""k"": 2.0, ""num_accepted"": 7, ""safety_keep_used"": false, ""fallback_used"": false}"
296,apra,apra_hierarchical_cluster,"[50, 7, 49, 66, 63, 25]",[32],"{""best_k"": 2, ""best_score"": 0.4440201222896576, ""selected_cluster"": 0, ""cluster_scores"": {""0"": 2.0937836170196533, ""1"": -1.0}, ""num_trusted"": 6, ""fallback_used"": false}"
296,apra,apra_trust_weighted_clip,"[50, 7, 49, 66, 63, 25]",[],"{""base_clip"": 1.0, ""trust_weights"": {""50"": 0.20000000298023224, ""7"": 0.20000000298023224, ""49"": 0.20000000298023224, ""66"": 0.0, ""63"": 0.20000000298023224, ""25"": 0.20000000298023224}, ""num_aggregated"": 6}"
297,apra,apra_mad_filter,"[8, 80, 19, 23, 42, 36, 6, 71]","[1, 47]","{""median_norm"": 0.5176932916689798, ""mad"": 0.05876881363889411, ""k"": 2.0, ""num_accepted"": 8, ""safety_keep_used"": false, ""fallback_used"": false}"
297,apra,apra_hierarchical_cluster,"[8, 80, 23, 42, 36, 6, 71]",[19],"{""best_k"": 2, ""best_score"": 0.4840230345726013, ""selected_cluster"": 0, ""cluster_scores"": {""0"": 2.8337507247924805, ""1"": -1.0}, ""num_trusted"": 7, ""fallback_used"": false}"
297,apra,apra_trust_weighted_clip,"[8, 80, 23, 42, 36, 6, 71]",[],"{""base_clip"": 1.0, ""trust_weights"": {""8"": 0.25, ""80"": 0.25, ""23"": 0.25, ""42"": 0.0, ""36"": 0.0, ""6"": 0.25, ""71"": 0.0}, ""num_aggregated"": 7}"
298,apra,apra_mad_filter,"[50, 79, 35, 57, 72, 60, 27, 84]","[0, 3]","{""median_norm"": 0.5449974932948103, ""mad"": 0.0919814228103451, ""k"": 2.0, ""num_accepted"": 8, ""safety_keep_used"": false, ""fallback_used"": false}"
298,apra,apra_hierarchical_cluster,"[50, 79, 35, 72, 60, 84]","[57, 27]","{""best_k"": 2, ""best_score"": 0.3967944383621216, ""selected_cluster"": 0, ""cluster_scores"": {""0"": 4.258210182189941, ""1"": 1.909698486328125}, ""num_trusted"": 6, ""fallback_used"": false}"
298,apra,apra_trust_weighted_clip,"[50, 79, 35, 72, 60, 84]",[],"{""base_clip"": 1.0, ""trust_weights"": {""50"": 0.0, ""79"": 0.30524778366088867, ""35"": 0.0, ""72"": 0.19475221633911133, ""60"": 0.19475221633911133, ""84"": 0.30524778366088867}, ""num_aggregated"": 6}"
299,apra,apra_mad_filter,"[64, 13, 69, 26, 82, 37, 16, 97, 8]",[4],"{""median_norm"": 0.5750210324150947, ""mad"": 0.05631139369946375, ""k"": 2.0, ""num_accepted"": 9, ""safety_keep_used"": false, ""fallback_used"": false}"
299,apra,apra_hierarchical_cluster,"[64, 69, 82, 37, 16, 97, 8]","[13, 26]","{""best_k"": 3, ""best_score"": 0.39505213499069214, ""selected_cluster"": 0, ""cluster_scores"": {""0"": 1.2108618021011353, ""1"": -1.0, ""2"": -1.0}, ""num_trusted"": 7, ""fallback_used"": false}"
299,apra,apra_trust_weighted_clip,"[64, 69, 82, 37, 16, 97, 8]",[],"{""base_clip"": 1.0, ""trust_weights"": {""64"": 0.1666666716337204, ""69"": 0.1666666716337204, ""82"": 0.1666666716337204, ""37"": 0.1666666716337204, ""16"": 0.1666666716337204, ""97"": 0.1666666716337204, ""8"": 0.0}, ""num_aggregated"": 7}"
300,apra,apra_mad_filter,"[82, 56, 50, 42, 70, 38, 66, 37]","[0, 1]","{""median_norm"": 0.567263376288402, ""mad"": 0.06139229337531868, ""k"": 2.0, ""num_accepted"": 8, ""safety_keep_used"": false, ""fallback_used"": false}"
300,apra,apra_hierarchical_cluster,"[56, 50, 70, 38, 37]","[82, 42, 66]","{""best_k"": 3, ""best_score"": 0.5333245992660522, ""selected_cluster"": 0, ""cluster_scores"": {""0"": 3.3973886966705322, ""1"": -1.0, ""2"": 1.9438155889511108}, ""num_trusted"": 5, ""fallback_used"": false}"
300,apra,apra_trust_weighted_clip,"[56, 50, 70, 38, 37]",[],"{""base_clip"": 1.0, ""trust_weights"": {""56"": 0.0, ""50"": 0.25, ""70"": 0.25, ""38"": 0.25, ""37"": 0.25}, ""num_aggregated"": 5}"
301,apra,apra_mad_filter,"[1, 92, 97, 73, 30, 36, 56, 8]","[4, 0]","{""median_norm"": 0.6503635029386987, ""mad"": 0.14126159588617743, ""k"": 2.0, ""num_accepted"": 8, ""safety_keep_used"": false, ""fallback_used"": false}"
301,apra,apra_hierarchical_cluster,"[1, 92, 97, 30, 36, 56, 8]",[73],"{""best_k"": 2, ""best_score"": 0.750830888748169, ""selected_cluster"": 0, ""cluster_scores"": {""0"": 4.093087196350098, ""1"": -1.0}, ""num_trusted"": 7, ""fallback_used"": false}"
301,apra,apra_trust_weighted_clip,"[1, 92, 97, 30, 36, 56, 8]",[],"{""base_clip"": 1.0, ""trust_weights"": {""1"": 0.1791045367717743, ""92"": 0.1791045367717743, ""97"": 0.1791045367717743, ""30"": 0.0, ""36"": 0.10447730869054794, ""56"": 0.1791045367717743, ""8"": 0.1791045367717743}, ""num_aggregated"": 7}"
302,apra,apra_mad_filter,"[1, 90, 41, 84, 92, 54, 91, 69, 78]",[0],"{""median_norm"": 0.6699492314121862, ""mad"": 0.11808024295818542, ""k"": 2.0, ""num_accepted"": 9, ""safety_keep_used"": false, ""fallback_used"": false}"
302,apra,apra_hierarchical_cluster,"[1, 90, 84, 92, 91, 69, 78]","[41, 54]","{""best_k"": 2, ""best_score"": 0.6783742904663086, ""selected_cluster"": 1, ""cluster_scores"": {""0"": 1.952904224395752, ""1"": 4.918344974517822}, ""num_trusted"": 7, ""fallback_used"": false}"
302,apra,apra_trust_weighted_clip,"[1, 90, 84, 92, 91, 69, 78]",[],"{""base_clip"": 1.0, ""trust_weights"": {""1"": 0.17223960161209106, ""90"": 0.17223960161209106, ""84"": 0.17223960161209106, ""92"": 0.17223960161209106, ""91"": 0.17223960161209106, ""69"": 0.13880200684070587, ""78"": 0.0}, ""num_aggregated"": 7}"
303,apra,apra_mad_filter,"[3, 5, 50, 36, 73, 32, 61, 48, 80]",[88],"{""median_norm"": 0.5204792043276931, ""mad"": 0.12688070242339758, ""k"": 2.0, ""num_accepted"": 9, ""safety_keep_used"": false, ""fallback_used"": false}"
303,apra,apra_hierarchical_cluster,"[3, 5, 50, 36, 32, 61, 80]","[73, 48]","{""best_k"": 3, ""best_score"": 0.6594457030296326, ""selected_cluster"": 0, ""cluster_scores"": {""0"": 5.955084800720215, ""1"": -1.0, ""2"": -1.0}, ""num_trusted"": 7, ""fallback_used"": false}"
303,apra,apra_trust_weighted_clip,"[3, 5, 50, 36, 32, 61, 80]",[],"{""base_clip"": 1.0, ""trust_weights"": {""3"": 0.1666666716337204, ""5"": 0.1666666716337204, ""50"": 0.1666666716337204, ""36"": 0.1666666716337204, ""32"": 0.0, ""61"": 0.1666666716337204, ""80"": 0.1666666716337204}, ""num_aggregated"": 7}"
304,apra,apra_mad_filter,"[37, 60, 79, 7, 82, 41, 96, 71, 32]",[0],"{""median_norm"": 0.6461437097343252, ""mad"": 0.14870807401551944, ""k"": 2.0, ""num_accepted"": 9, ""safety_keep_used"": false, ""fallback_used"": false}"
304,apra,apra_hierarchical_cluster,"[37, 60, 79, 7, 82, 96, 71, 32]",[41],"{""best_k"": 2, ""best_score"": 0.5041555762290955, ""selected_cluster"": 0, ""cluster_scores"": {""0"": 1.609055757522583, ""1"": -1.0}, ""num_trusted"": 8, ""fallback_used"": false}"
304,apra,apra_trust_weighted_clip,"[37, 60, 79, 7, 82, 96, 71, 32]",[],"{""base_clip"": 1.0, ""trust_weights"": {""37"": 0.1825503259897232, ""60"": 0.1825503259897232, ""79"": 0.1825503259897232, ""7"": 0.1825503259897232, ""82"": 0.08724842220544815, ""96"": 0.0, ""71"": 0.0, ""32"": 0.1825503259897232}, ""num_aggregated"": 8}"
305,apra,apra_mad_filter,"[34, 61, 2, 17, 63, 84, 68, 74]","[0, 4]","{""median_norm"": 0.6472856372031627, ""mad"": 0.18704917740278937, ""k"": 2.0, ""num_accepted"": 8, ""safety_keep_used"": false, ""fallback_used"": false}"
305,apra,apra_hierarchical_cluster,"[34, 61, 63, 84, 68, 74]","[2, 17]","{""best_k"": 3, ""best_score"": 0.5122904777526855, ""selected_cluster"": 0, ""cluster_scores"": {""0"": 5.0930633544921875, ""1"": -1.0, ""2"": -1.0}, ""num_trusted"": 6, ""fallback_used"": false}"
305,apra,apra_trust_weighted_clip,"[34, 61, 63, 84, 68, 74]",[],"{""base_clip"": 1.0, ""trust_weights"": {""34"": 0.015389439649879932, ""61"": 0.24615263938903809, ""63"": 0.24615263938903809, ""84"": 0.24615263938903809, ""68"": 0.24615263938903809, ""74"": 0.0}, ""num_aggregated"": 6}"
306,apra,apra_mad_filter,"[59, 55, 34, 48, 15, 25, 99]","[1, 0, 88]","{""median_norm"": 0.5947588887605267, ""mad"": 0.09011159409406999, ""k"": 2.0, ""num_accepted"": 7, ""safety_keep_used"": false, ""fallback_used"": false}"
306,apra,apra_hierarchical_cluster,"[59, 55, 34, 15, 25, 99]",[48],"{""best_k"": 2, ""best_score"": 0.7313955426216125, ""selected_cluster"": 0, ""cluster_scores"": {""0"": 3.42997670173645, ""1"": -1.0}, ""num_trusted"": 6, ""fallback_used"": false}"
306,apra,apra_trust_weighted_clip,"[59, 55, 34, 15, 25, 99]",[],"{""base_clip"": 1.0, ""trust_weights"": {""59"": 0.20000000298023224, ""55"": 0.20000000298023224, ""34"": 0.20000000298023224, ""15"": 0.20000000298023224, ""25"": 0.20000000298023224, ""99"": 0.0}, ""num_aggregated"": 6}"
307,apra,apra_mad_filter,"[42, 7, 16, 70, 63, 43, 39]","[0, 81, 80]","{""median_norm"": 0.7042978740596593, ""mad"": 0.022201423191313407, ""k"": 2.0, ""num_accepted"": 7, ""safety_keep_used"": false, ""fallback_used"": false}"
307,apra,apra_hierarchical_cluster,"[7, 16, 70, 63, 43, 39]",[42],"{""best_k"": 2, ""best_score"": 0.6768404245376587, ""selected_cluster"": 0, ""cluster_scores"": {""0"": 4.831746578216553, ""1"": -1.0}, ""num_trusted"": 6, ""fallback_used"": false}"
307,apra,apra_trust_weighted_clip,"[7, 16, 70, 63, 43, 39]",[],"{""base_clip"": 1.0, ""trust_weights"": {""7"": 0.24662482738494873, ""16"": 0.24662482738494873, ""70"": 0.24662482738494873, ""63"": 0.013500760309398174, ""43"": 0.24662482738494873, ""39"": 0.0}, ""num_aggregated"": 6}"
308,apra,apra_mad_filter,"[27, 70, 66, 37, 24, 63, 40]","[3, 0, 4]","{""median_norm"": 0.6038860690647659, ""mad"": 0.0913040341225288, ""k"": 2.0, ""num_accepted"": 7, ""safety_keep_used"": false, ""fallback_used"": false}"
308,apra,apra_hierarchical_cluster,"[70, 37, 24, 63, 40]","[27, 66]","{""best_k"": 2, ""best_score"": 0.3554968237876892, ""selected_cluster"": 0, ""cluster_scores"": {""0"": 3.792678117752075, ""1"": 1.9546960592269897}, ""num_trusted"": 5, ""fallback_used"": false}"
308,apra,apra_trust_weighted_clip,"[70, 37, 24, 63, 40]",[],"{""base_clip"": 1.0, ""trust_weights"": {""70"": 0.25, ""37"": 0.25, ""24"": 0.25, ""63"": 0.25, ""40"": 0.0}, ""num_aggregated"": 5}"
309,apra,apra_mad_filter,"[21, 66, 22, 65, 42, 57, 45, 41]","[3, 0]","{""median_norm"": 0.5228952042121244, ""mad"": 0.04965532898986366, ""k"": 2.0, ""num_accepted"": 8, ""safety_keep_used"": false, ""fallback_used"": false}"
309,apra,apra_hierarchical_cluster,"[21, 66, 22, 65, 42, 57, 45]",[41],"{""best_k"": 2, ""best_score"": 0.5164985656738281, ""selected_cluster"": 0, ""cluster_scores"": {""0"": 3.4356417655944824, ""1"": -1.0}, ""num_trusted"": 7, ""fallback_used"": false}"
309,apra,apra_trust_weighted_clip,"[21, 66, 22, 65, 42, 57, 45]",[],"{""base_clip"": 1.0, ""trust_weights"": {""21"": 0.09580156952142715, ""66"": 0.1808396875858307, ""22"": 0.1808396875858307, ""65"": 0.0, ""42"": 0.1808396875858307, ""57"": 0.1808396875858307, ""45"": 0.1808396875858307}, ""num_aggregated"": 7}"
310,apra,apra_mad_filter,"[24, 48, 89, 18, 69, 47, 10, 41]","[1, 2]","{""median_norm"": 0.7062773325423417, ""mad"": 0.12762145410624143, ""k"": 2.0, ""num_accepted"": 8, ""safety_keep_used"": false, ""fallback_used"": false}"
310,apra,apra_hierarchical_cluster,"[24, 89, 18, 69, 47, 10, 41]",[48],"{""best_k"": 2, ""best_score"": 0.4959050416946411, ""selected_cluster"": 0, ""cluster_scores"": {""0"": 0.7957183122634888, ""1"": -1.0}, ""num_trusted"": 7, ""fallback_used"": false}"
310,apra,apra_trust_weighted_clip,"[24, 89, 18, 69, 47, 10, 41]",[],"{""base_clip"": 1.0, ""trust_weights"": {""24"": 0.2441130131483078, ""89"": 0.2441130131483078, ""18"": 0.0, ""69"": 0.2441130131483078, ""47"": 0.011773932725191116, ""10"": 0.011773932725191116, ""41"": 0.2441130131483078}, ""num_aggregated"": 7}"
311,apra,apra_mad_filter,"[8, 15, 25, 43, 21, 33, 60, 11, 12]",[2],"{""median_norm"": 0.5868415475734976, ""mad"": 0.06913611512067758, ""k"": 2.0, ""num_accepted"": 9, ""safety_keep_used"": false, ""fallback_used"": false}"
311,apra,apra_hierarchical_cluster,"[15, 43, 21, 33, 60, 11, 12]","[8, 25]","{""best_k"": 2, ""best_score"": 0.4622730612754822, ""selected_cluster"": 0, ""cluster_scores"": {""0"": 2.335533380508423, ""1"": 1.7141780853271484}, ""num_trusted"": 7, ""fallback_used"": false}"
311,apra,apra_trust_weighted_clip,"[15, 43, 21, 33, 60, 11, 12]",[],"{""base_clip"": 1.0, ""trust_weights"": {""15"": 0.0, ""43"": 0.22040575742721558, ""21"": 0.2598647475242615, ""33"": 0.0, ""60"": 0.2598647475242615, ""11"": 0.0, ""12"": 0.2598647475242615}, ""num_aggregated"": 7}"
312,apra,apra_mad_filter,"[71, 66, 61, 87, 98, 45, 93, 47]","[3, 1]","{""median_norm"": 0.5330680699801416, ""mad"": 0.08956987618745288, ""k"": 2.0, ""num_accepted"": 8, ""safety_keep_used"": false, ""fallback_used"": false}"
312,apra,apra_hierarchical_cluster,"[71, 66, 61, 87, 98, 45, 93]",[47],"{""best_k"": 2, ""best_score"": 0.5775991678237915, ""selected_cluster"": 0, ""cluster_scores"": {""0"": 0.8287383913993835, ""1"": -1.0}, ""num_trusted"": 7, ""fallback_used"": false}"
312,apra,apra_trust_weighted_clip,"[71, 66, 61, 87, 98, 45, 93]",[],"{""base_clip"": 1.0, ""trust_weights"": {""71"": 0.0, ""66"": 0.0, ""61"": 0.0, ""87"": 0.3333333432674408, ""98"": 0.3333333432674408, ""45"": 0.0, ""93"": 0.3333333432674408}, ""num_aggregated"": 7}"
313,apra,apra_mad_filter,"[27, 80, 96, 89, 16, 68, 82, 35, 12]",[0],"{""median_norm"": 0.5083027247384239, ""mad"": 0.06202693576931234, ""k"": 2.0, ""num_accepted"": 9, ""safety_keep_used"": false, ""fallback_used"": false}"
313,apra,apra_hierarchical_cluster,"[27, 82, 35]","[80, 96, 89, 16, 68, 12]","{""best_k"": 4, ""best_score"": 0.4251980185508728, ""selected_cluster"": 0, ""cluster_scores"": {""0"": 2.824037790298462, ""1"": 2.747307062149048, ""2"": -1.0, ""3"": 1.9895813465118408}, ""num_trusted"": 3, ""fallback_used"": false}"
313,apra,apra_trust_weighted_clip,"[27, 82, 35]",[],"{""base_clip"": 1.0, ""trust_weights"": {""27"": 0.5, ""82"": 0.0, ""35"": 0.5}, ""num_aggregated"": 3}"
314,apra,apra_mad_filter,"[4, 3, 46, 96, 12, 38, 14, 17, 92]",[2],"{""median_norm"": 0.7417004950248598, ""mad"": 0.19704468823731813, ""k"": 2.0, ""num_accepted"": 9, ""safety_keep_used"": false, ""fallback_used"": false}"
314,apra,apra_hierarchical_cluster,"[4, 3, 46, 12, 38, 14, 17, 92]",[96],"{""best_k"": 2, ""best_score"": 0.5714951157569885, ""selected_cluster"": 0, ""cluster_scores"": {""0"": 2.1753408908843994, ""1"": -1.0}, ""num_trusted"": 8, ""fallback_used"": false}"
314,apra,apra_trust_weighted_clip,"[4, 3, 46, 12, 38, 14, 17, 92]",[],"{""base_clip"": 1.0, ""trust_weights"": {""4"": 0.02625373937189579, ""3"": 0.0, ""46"": 0.0, ""12"": 0.265688419342041, ""38"": 0.1504272073507309, ""14"": 0.265688419342041, ""17"": 0.02625373937189579, ""92"": 0.265688419342041}, ""num_aggregated"": 8}"
315,apra,apra_mad_filter,"[64, 34, 81, 6, 36, 95, 48, 9, 43]",[0],"{""median_norm"": 0.5762723299126347, ""mad"": 0.06160369504586463, ""k"": 2.0, ""num_accepted"": 9, ""safety_keep_used"": false, ""fallback_used"": false}"
315,apra,apra_hierarchical_cluster,"[64, 34, 81, 6, 43]","[36, 95, 48, 9]","{""best_k"": 4, ""best_score"": 0.682363748550415, ""selected_cluster"": 0, ""cluster_scores"": {""0"": 4.900955677032471, ""1"": -1.0, ""2"": 1.9946448802947998, ""3"": -1.0}, ""num_trusted"": 5, ""fallback_used"": false}"
315,apra,apra_trust_weighted_clip,"[64, 34, 81, 6, 43]",[],"{""base_clip"": 1.0, ""trust_weights"": {""64"": 0.25, ""34"": 0.25, ""81"": 0.25, ""6"": 0.25, ""43"": 0.0}, ""num_aggregated"": 5}"
316,apra,apra_mad_filter,"[75, 78, 28, 99, 20, 61, 53, 90, 80]",[3],"{""median_norm"": 0.5377638647834004, ""mad"": 0.07195747885594111, ""k"": 2.0, ""num_accepted"": 9, ""safety_keep_used"": false, ""fallback_used"": false}"
316,apra,apra_hierarchical_cluster,"[75, 78, 28, 61, 53, 90, 80]","[99, 20]","{""best_k"": 2, ""best_score"": 0.6255480647087097, ""selected_cluster"": 1, ""cluster_scores"": {""0"": 1.5242009162902832, ""1"": 4.129114627838135}, ""num_trusted"": 7, ""fallback_used"": false}"
316,apra,apra_trust_weighted_clip,"[75, 78, 28, 61, 53, 90, 80]",[],"{""base_clip"": 1.0, ""trust_weights"": {""75"": 0.0, ""78"": 0.23662351071834564, ""28"": 0.1872100830078125, ""61"": 0.07616639882326126, ""53"": 0.1872100830078125, ""90"": 0.23662351071834564, ""80"": 0.07616639882326126}, ""num_aggregated"": 7}"
317,apra,apra_mad_filter,"[72, 74, 75, 34, 58, 29, 66, 60]","[1, 49]","{""median_norm"": 0.4531392805135882, ""mad"": 0.0327232259383812, ""k"": 2.0, ""num_accepted"": 8, ""safety_keep_used"": false, ""fallback_used"": false}"
317,apra,apra_hierarchical_cluster,"[75, 66]","[72, 74, 34, 58, 29, 60]","{""best_k"": 4, ""best_score"": 0.42763054370880127, ""selected_cluster"": 1, ""cluster_scores"": {""0"": 0.5776619911193848, ""1"": 1.9838244915008545, ""2"": -1.0, ""3"": -1.0}, ""num_trusted"": 2, ""fallback_used"": false}"
317,apra,apra_trust_weighted_clip,"[75, 66]",[],"{""base_clip"": 1.0, ""trust_weights"": {""75"": 0.5, ""66"": 0.5}, ""num_aggregated"": 2}"
318,apra,apra_mad_filter,"[26, 6, 73, 20, 87, 23, 27, 78]","[4, 48]","{""median_norm"": 0.4942827259513779, ""mad"": 0.054816719551564086, ""k"": 2.0, ""num_accepted"": 8, ""safety_keep_used"": false, ""fallback_used"": false}"
318,apra,apra_hierarchical_cluster,"[26, 6, 20, 87, 23, 27, 78]",[73],"{""best_k"": 2, ""best_score"": 0.7438461780548096, ""selected_cluster"": 0, ""cluster_scores"": {""0"": 4.551599979400635, ""1"": -1.0}, ""num_trusted"": 7, ""fallback_used"": false}"
318,apra,apra_trust_weighted_clip,"[26, 6, 20, 87, 23, 27, 78]",[],"{""base_clip"": 1.0, ""trust_weights"": {""26"": 0.1666666716337204, ""6"": 0.1666666716337204, ""20"": 0.0, ""87"": 0.1666666716337204, ""23"": 0.1666666716337204, ""27"": 0.1666666716337204, ""78"": 0.1666666716337204}, ""num_aggregated"": 7}"
319,apra,apra_mad_filter,"[49, 7, 47, 53, 26, 6, 57, 11, 20]",[0],"{""median_norm"": 0.6535902170962931, ""mad"": 0.17832426650384797, ""k"": 2.0, ""num_accepted"": 9, ""safety_keep_used"": false, ""fallback_used"": false}"
319,apra,apra_hierarchical_cluster,"[49, 7, 53, 6, 57, 11, 20]","[47, 26]","{""best_k"": 3, ""best_score"": 0.6612945199012756, ""selected_cluster"": 0, ""cluster_scores"": {""0"": 5.685415267944336, ""1"": -1.0, ""2"": -1.0}, ""num_trusted"": 7, ""fallback_used"": false}"
319,apra,apra_trust_weighted_clip,"[49, 7, 53, 6, 57, 11, 20]",[],"{""base_clip"": 1.0, ""trust_weights"": {""49"": 0.0, ""7"": 0.25, ""53"": 0.25, ""6"": 0.0, ""57"": 0.25, ""11"": 0.25, ""20"": 0.0}, ""num_aggregated"": 7}"
320,apra,apra_mad_filter,"[16, 27, 62, 79, 39, 12, 18, 83, 41]",[2],"{""median_norm"": 0.4839520637517207, ""mad"": 0.09720177522099296, ""k"": 2.0, ""num_accepted"": 9, ""safety_keep_used"": false, ""fallback_used"": false}"
320,apra,apra_hierarchical_cluster,"[16, 27, 62, 79, 39, 12, 18, 83]",[41],"{""best_k"": 2, ""best_score"": 0.5174252986907959, ""selected_cluster"": 0, ""cluster_scores"": {""0"": 2.5623936653137207, ""1"": -1.0}, ""num_trusted"": 8, ""fallback_used"": false}"
320,apra,apra_trust_weighted_clip,"[16, 27, 62, 79, 39, 12, 18, 83]",[],"{""base_clip"": 1.0, ""trust_weights"": {""16"": 0.1428571492433548, ""27"": 0.0, ""62"": 0.1428571492433548, ""79"": 0.1428571492433548, ""39"": 0.1428571492433548, ""12"": 0.1428571492433548, ""18"": 0.1428571492433548, ""83"": 0.1428571492433548}, ""num_aggregated"": 8}"
321,apra,apra_mad_filter,"[9, 29, 56, 50, 75, 37, 25, 39]","[4, 73]","{""median_norm"": 0.5223627957841348, ""mad"": 0.07261523077030418, ""k"": 2.0, ""num_accepted"": 8, ""safety_keep_used"": false, ""fallback_used"": false}"
321,apra,apra_hierarchical_cluster,"[29, 56, 50, 75, 37, 25]","[9, 39]","{""best_k"": 2, ""best_score"": 0.46776509284973145, ""selected_cluster"": 0, ""cluster_scores"": {""0"": 5.2072834968566895, ""1"": 1.9636332988739014}, ""num_trusted"": 6, ""fallback_used"": false}"
321,apra,apra_trust_weighted_clip,"[29, 56, 50, 75, 37, 25]",[],"{""base_clip"": 1.0, ""trust_weights"": {""29"": 0.0, ""56"": 0.5, ""50"": 0.0, ""75"": 0.0, ""37"": 0.0, ""25"": 0.5}, ""num_aggregated"": 6}"
322,apra,apra_mad_filter,"[1, 55, 45, 87, 89, 25, 11, 85, 40, 95]",[],"{""median_norm"": 0.6432743114486503, ""mad"": 0.11100380371505858, ""k"": 2.0, ""num_accepted"": 10, ""safety_keep_used"": false, ""fallback_used"": false}"
322,apra,apra_hierarchical_cluster,"[1, 55, 45, 87, 89, 25, 11, 85, 40]",[95],"{""best_k"": 2, ""best_score"": 0.6116456389427185, ""selected_cluster"": 0, ""cluster_scores"": {""0"": 2.9146292209625244, ""1"": -1.0}, ""num_trusted"": 9, ""fallback_used"": false}"
322,apra,apra_trust_weighted_clip,"[1, 55, 45, 87, 89, 25, 11, 85, 40]",[],"{""base_clip"": 1.0, ""trust_weights"": {""1"": 0.1428571492433548, ""55"": 0.1428571492433548, ""45"": 0.0, ""87"": 0.1428571492433548, ""89"": 0.1428571492433548, ""25"": 0.1428571492433548, ""11"": 0.0, ""85"": 0.1428571492433548, ""40"": 0.1428571492433548}, ""num_aggregated"": 9}"
323,apra,apra_mad_filter,"[89, 77, 36, 48, 54, 71, 98, 16, 5]",[2],"{""median_norm"": 0.6415547217479582, ""mad"": 0.1658052466603753, ""k"": 2.0, ""num_accepted"": 9, ""safety_keep_used"": false, ""fallback_used"": false}"
323,apra,apra_hierarchical_cluster,"[89, 77, 36, 54, 71, 98, 16, 5]",[48],"{""best_k"": 2, ""best_score"": 0.6376202702522278, ""selected_cluster"": 0, ""cluster_scores"": {""0"": 2.4747753143310547, ""1"": -1.0}, ""num_trusted"": 8, ""fallback_used"": false}"
323,apra,apra_trust_weighted_clip,"[89, 77, 36, 54, 71, 98, 16, 5]",[],"{""base_clip"": 1.0, ""trust_weights"": {""89"": 0.1428571492433548, ""77"": 0.1428571492433548, ""36"": 0.1428571492433548, ""54"": 0.1428571492433548, ""71"": 0.0, ""98"": 0.1428571492433548, ""16"": 0.1428571492433548, ""5"": 0.1428571492433548}, ""num_aggregated"": 8}"
324,apra,apra_mad_filter,"[75, 41, 14, 38, 49, 90, 30, 84, 69]",[4],"{""median_norm"": 0.6441372299704435, ""mad"": 0.08261761278490892, ""k"": 2.0, ""num_accepted"": 9, ""safety_keep_used"": false, ""fallback_used"": false}"
324,apra,apra_hierarchical_cluster,"[75, 14, 38, 49, 90, 30, 84, 69]",[41],"{""best_k"": 2, ""best_score"": 0.6908199787139893, ""selected_cluster"": 0, ""cluster_scores"": {""0"": 3.506472110748291, ""1"": -1.0}, ""num_trusted"": 8, ""fallback_used"": false}"
324,apra,apra_trust_weighted_clip,"[75, 14, 38, 49, 90, 30, 84, 69]",[],"{""base_clip"": 1.0, ""trust_weights"": {""75"": 0.11105530709028244, ""14"": 0.22223615646362305, ""38"": 0.22223615646362305, ""49"": 0.0, ""90"": 0.22223615646362305, ""30"": 0.0, ""84"": 0.22223615646362305, ""69"": 0.0}, ""num_aggregated"": 8}"
325,apra,apra_mad_filter,"[80, 71, 75, 62, 53, 30, 31, 87, 98]",[3],"{""median_norm"": 0.5722094290635393, ""mad"": 0.0778453193063467, ""k"": 2.0, ""num_accepted"": 9, ""safety_keep_used"": false, ""fallback_used"": false}"
325,apra,apra_hierarchical_cluster,"[80, 71, 75, 62, 53, 30, 87, 98]",[31],"{""best_k"": 2, ""best_score"": 0.6459043025970459, ""selected_cluster"": 0, ""cluster_scores"": {""0"": 3.211700201034546, ""1"": -1.0}, ""num_trusted"": 8, ""fallback_used"": false}"
325,apra,apra_trust_weighted_clip,"[80, 71, 75, 62, 53, 30, 87, 98]",[],"{""base_clip"": 1.0, ""trust_weights"": {""80"": 0.14408808946609497, ""71"": 0.14408808946609497, ""75"": 0.14408808946609497, ""62"": 0.0, ""53"": 0.14408808946609497, ""30"": 0.13547144830226898, ""87"": 0.14408808946609497, ""98"": 0.14408808946609497}, ""num_aggregated"": 8}"
326,apra,apra_mad_filter,"[17, 26, 2, 36, 20, 27, 31, 29, 89]",[0],"{""median_norm"": 0.6481824809597085, ""mad"": 0.1738867666838774, ""k"": 2.0, ""num_accepted"": 9, ""safety_keep_used"": false, ""fallback_used"": false}"
326,apra,apra_hierarchical_cluster,"[17, 26, 2, 36, 20, 27, 29, 89]",[31],"{""best_k"": 2, ""best_score"": 0.615191638469696, ""selected_cluster"": 0, ""cluster_scores"": {""0"": 3.1717748641967773, ""1"": -1.0}, ""num_trusted"": 8, ""fallback_used"": false}"
326,apra,apra_trust_weighted_clip,"[17, 26, 2, 36, 20, 27, 29, 89]",[],"{""base_clip"": 1.0, ""trust_weights"": {""17"": 0.1428571492433548, ""26"": 0.0, ""2"": 0.1428571492433548, ""36"": 0.1428571492433548, ""20"": 0.1428571492433548, ""27"": 0.1428571492433548, ""29"": 0.1428571492433548, ""89"": 0.1428571492433548}, ""num_aggregated"": 8}"
327,apra,apra_mad_filter,"[68, 81, 98, 31, 14, 85, 73, 50]","[4, 0]","{""median_norm"": 0.6166675581312435, ""mad"": 0.1385324306181313, ""k"": 2.0, ""num_accepted"": 8, ""safety_keep_used"": false, ""fallback_used"": false}"
327,apra,apra_hierarchical_cluster,"[68, 81, 98, 31, 14, 85, 50]",[73],"{""best_k"": 2, ""best_score"": 0.6762495040893555, ""selected_cluster"": 0, ""cluster_scores"": {""0"": 3.908891201019287, ""1"": -1.0}, ""num_trusted"": 7, ""fallback_used"": false}"
327,apra,apra_trust_weighted_clip,"[68, 81, 98, 31, 14, 85, 50]",[],"{""base_clip"": 1.0, ""trust_weights"": {""68"": 0.1666666716337204, ""81"": 0.1666666716337204, ""98"": 0.1666666716337204, ""31"": 0.0, ""14"": 0.1666666716337204, ""85"": 0.1666666716337204, ""50"": 0.1666666716337204}, ""num_aggregated"": 7}"
328,apra,apra_mad_filter,"[42, 79, 93, 92, 85, 20, 64]","[1, 4, 3]","{""median_norm"": 0.5709902663854027, ""mad"": 0.07470851636348752, ""k"": 2.0, ""num_accepted"": 7, ""safety_keep_used"": false, ""fallback_used"": false}"
328,apra,apra_hierarchical_cluster,"[79, 93, 92, 85, 20, 64]",[42],"{""best_k"": 2, ""best_score"": 0.4872768223285675, ""selected_cluster"": 0, ""cluster_scores"": {""0"": 1.229468822479248, ""1"": -1.0}, ""num_trusted"": 6, ""fallback_used"": false}"
328,apra,apra_trust_weighted_clip,"[79, 93, 92, 85, 20, 64]",[],"{""base_clip"": 1.0, ""trust_weights"": {""79"": 0.3209030330181122, ""93"": 0.037290893495082855, ""92"": 0.0, ""85"": 0.0, ""20"": 0.3209030330181122, ""64"": 0.3209030330181122}, ""num_aggregated"": 6}"
329,apra,apra_mad_filter,"[2, 40, 32, 70, 56, 49, 55, 66]","[0, 4]","{""median_norm"": 0.7058577662041667, ""mad"": 0.1571175975985663, ""k"": 2.0, ""num_accepted"": 8, ""safety_keep_used"": false, ""fallback_used"": false}"
329,apra,apra_hierarchical_cluster,"[2, 40, 70, 56, 49, 55, 66]",[32],"{""best_k"": 2, ""best_score"": 0.6571879386901855, ""selected_cluster"": 0, ""cluster_scores"": {""0"": 2.1968297958374023, ""1"": -1.0}, ""num_trusted"": 7, ""fallback_used"": false}"
329,apra,apra_trust_weighted_clip,"[2, 40, 70, 56, 49, 55, 66]",[],"{""base_clip"": 1.0, ""trust_weights"": {""2"": 0.1726934015750885, ""40"": 0.1726934015750885, ""70"": 0.0, ""56"": 0.1726934015750885, ""49"": 0.1365329921245575, ""55"": 0.1726934015750885, ""66"": 0.1726934015750885}, ""num_aggregated"": 7}"
330,apra,apra_mad_filter,"[60, 6, 64, 84, 20, 50, 95, 21, 41]",[2],"{""median_norm"": 0.5120315699368471, ""mad"": 0.07599874671029902, ""k"": 2.0, ""num_accepted"": 9, ""safety_keep_used"": false, ""fallback_used"": false}"
330,apra,apra_hierarchical_cluster,"[60, 6, 64, 84, 50, 95, 21, 41]",[20],"{""best_k"": 2, ""best_score"": 0.6532237529754639, ""selected_cluster"": 0, ""cluster_scores"": {""0"": 3.1813929080963135, ""1"": -1.0}, ""num_trusted"": 8, ""fallback_used"": false}"
330,apra,apra_trust_weighted_clip,"[60, 6, 64, 84, 50, 95, 21, 41]",[],"{""base_clip"": 1.0, ""trust_weights"": {""60"": 0.0, ""6"": 0.20000000298023224, ""64"": 0.20000000298023224, ""84"": 0.20000000298023224, ""50"": 0.20000000298023224, ""95"": 0.0, ""21"": 0.20000000298023224, ""41"": 0.0}, ""num_aggregated"": 8}"
331,apra,apra_mad_filter,"[94, 65, 78, 54, 55, 26, 53, 46]","[3, 4]","{""median_norm"": 0.5529663487855379, ""mad"": 0.06202118447041127, ""k"": 2.0, ""num_accepted"": 8, ""safety_keep_used"": false, ""fallback_used"": false}"
331,apra,apra_hierarchical_cluster,"[94, 65, 78, 55, 26, 53, 46]",[54],"{""best_k"": 2, ""best_score"": 0.7459858655929565, ""selected_cluster"": 0, ""cluster_scores"": {""0"": 3.10896372795105, ""1"": -1.0}, ""num_trusted"": 7, ""fallback_used"": false}"
331,apra,apra_trust_weighted_clip,"[94, 65, 78, 55, 26, 53, 46]",[],"{""base_clip"": 1.0, ""trust_weights"": {""94"": 0.1666666716337204, ""65"": 0.0, ""78"": 0.1666666716337204, ""55"": 0.1666666716337204, ""26"": 0.1666666716337204, ""53"": 0.1666666716337204, ""46"": 0.1666666716337204}, ""num_aggregated"": 7}"
332,apra,apra_mad_filter,"[63, 25, 68, 8, 72, 26, 6]","[1, 19, 73]","{""median_norm"": 0.5165572773995812, ""mad"": 0.029701789262659622, ""k"": 2.0, ""num_accepted"": 7, ""safety_keep_used"": false, ""fallback_used"": false}"
332,apra,apra_hierarchical_cluster,"[63, 25, 68, 72, 26, 6]",[8],"{""best_k"": 2, ""best_score"": 0.5594664216041565, ""selected_cluster"": 0, ""cluster_scores"": {""0"": 4.102858066558838, ""1"": -1.0}, ""num_trusted"": 6, ""fallback_used"": false}"
332,apra,apra_trust_weighted_clip,"[63, 25, 68, 72, 26, 6]",[],"{""base_clip"": 1.0, ""trust_weights"": {""63"": 0.20000000298023224, ""25"": 0.20000000298023224, ""68"": 0.20000000298023224, ""72"": 0.0, ""26"": 0.20000000298023224, ""6"": 0.20000000298023224}, ""num_aggregated"": 6}"
333,apra,apra_mad_filter,"[12, 78, 75, 22, 38, 60, 64]","[3, 4, 70]","{""median_norm"": 0.4544721680618042, ""mad"": 0.0356967739056058, ""k"": 2.0, ""num_accepted"": 7, ""safety_keep_used"": false, ""fallback_used"": false}"
333,apra,apra_hierarchical_cluster,"[12, 78, 75, 22, 38, 64]",[60],"{""best_k"": 2, ""best_score"": 0.5278934240341187, ""selected_cluster"": 0, ""cluster_scores"": {""0"": 3.474547863006592, ""1"": -1.0}, ""num_trusted"": 6, ""fallback_used"": false}"
333,apra,apra_trust_weighted_clip,"[12, 78, 75, 22, 38, 64]",[],"{""base_clip"": 1.0, ""trust_weights"": {""12"": 0.0, ""78"": 0.20000000298023224, ""75"": 0.20000000298023224, ""22"": 0.20000000298023224, ""38"": 0.20000000298023224, ""64"": 0.20000000298023224}, ""num_aggregated"": 6}"
334,apra,apra_mad_filter,"[81, 60, 47, 13, 68, 89, 51, 18]","[0, 88]","{""median_norm"": 0.6306674492433966, ""mad"": 0.1216897424862537, ""k"": 2.0, ""num_accepted"": 8, ""safety_keep_used"": false, ""fallback_used"": false}"
334,apra,apra_hierarchical_cluster,"[81, 60, 13, 68, 89, 51, 18]",[47],"{""best_k"": 2, ""best_score"": 0.7080842852592468, ""selected_cluster"": 0, ""cluster_scores"": {""0"": 6.8877272605896, ""1"": -1.0}, ""num_trusted"": 7, ""fallback_used"": false}"
334,apra,apra_trust_weighted_clip,"[81, 60, 13, 68, 89, 51, 18]",[],"{""base_clip"": 1.0, ""trust_weights"": {""81"": 0.20000000298023224, ""60"": 0.20000000298023224, ""13"": 0.0, ""68"": 0.20000000298023224, ""89"": 0.20000000298023224, ""51"": 0.0, ""18"": 0.20000000298023224}, ""num_aggregated"": 7}"
335,apra,apra_mad_filter,"[73, 65, 85, 81, 84, 53, 25, 52]","[0, 1]","{""median_norm"": 0.5664146911822259, ""mad"": 0.10483784384579556, ""k"": 2.0, ""num_accepted"": 8, ""safety_keep_used"": false, ""fallback_used"": false}"
335,apra,apra_hierarchical_cluster,"[65, 85, 81, 84, 53, 25, 52]",[73],"{""best_k"": 2, ""best_score"": 0.7089548110961914, ""selected_cluster"": 0, ""cluster_scores"": {""0"": 3.5056300163269043, ""1"": -1.0}, ""num_trusted"": 7, ""fallback_used"": false}"
335,apra,apra_trust_weighted_clip,"[65, 85, 81, 84, 53, 25, 52]",[],"{""base_clip"": 1.0, ""trust_weights"": {""65"": 0.20000000298023224, ""85"": 0.0, ""81"": 0.20000000298023224, ""84"": 0.20000000298023224, ""53"": 0.20000000298023224, ""25"": 0.0, ""52"": 0.20000000298023224}, ""num_aggregated"": 7}"
336,apra,apra_mad_filter,"[68, 23, 65, 84, 9, 55, 70, 74]","[3, 88]","{""median_norm"": 0.5043127668055137, ""mad"": 0.03260096662628481, ""k"": 2.0, ""num_accepted"": 8, ""safety_keep_used"": false, ""fallback_used"": false}"
336,apra,apra_hierarchical_cluster,"[23, 65, 84, 9, 74]","[68, 55, 70]","{""best_k"": 2, ""best_score"": 0.33957794308662415, ""selected_cluster"": 1, ""cluster_scores"": {""0"": 2.937962532043457, ""1"": 4.9698076248168945}, ""num_trusted"": 5, ""fallback_used"": false}"
336,apra,apra_trust_weighted_clip,"[23, 65, 84, 9, 74]",[],"{""base_clip"": 1.0, ""trust_weights"": {""23"": 0.0, ""65"": 0.5, ""84"": 0.0, ""9"": 0.5, ""74"": 0.0}, ""num_aggregated"": 5}"
337,apra,apra_mad_filter,"[3, 1, 49, 52, 65, 68, 9, 21, 63]",[88],"{""median_norm"": 0.6075448645676316, ""mad"": 0.1730631447275128, ""k"": 2.0, ""num_accepted"": 9, ""safety_keep_used"": false, ""fallback_used"": false}"
337,apra,apra_hierarchical_cluster,"[3, 1, 49, 52, 65, 68, 21, 63]",[9],"{""best_k"": 2, ""best_score"": 0.6036160588264465, ""selected_cluster"": 0, ""cluster_scores"": {""0"": 7.605959415435791, ""1"": -1.0}, ""num_trusted"": 8, ""fallback_used"": false}"
337,apra,apra_trust_weighted_clip,"[3, 1, 49, 52, 65, 68, 21, 63]",[],"{""base_clip"": 1.0, ""trust_weights"": {""3"": 0.1666666716337204, ""1"": 0.1666666716337204, ""49"": 0.0, ""52"": 0.1666666716337204, ""65"": 0.1666666716337204, ""68"": 0.0, ""21"": 0.1666666716337204, ""63"": 0.1666666716337204}, ""num_aggregated"": 8}"
338,apra,apra_mad_filter,"[7, 40, 94, 21, 22, 70, 87, 35]","[4, 48]","{""median_norm"": 0.4244344925675949, ""mad"": 0.08866466286931338, ""k"": 2.0, ""num_accepted"": 8, ""safety_keep_used"": false, ""fallback_used"": false}"
338,apra,apra_hierarchical_cluster,"[7, 40, 94, 21, 22, 87]","[70, 35]","{""best_k"": 2, ""best_score"": 0.4584471583366394, ""selected_cluster"": 0, ""cluster_scores"": {""0"": 4.872939109802246, ""1"": 1.6259145736694336}, ""num_trusted"": 6, ""fallback_used"": false}"
338,apra,apra_trust_weighted_clip,"[7, 40, 94, 21, 22, 87]",[],"{""base_clip"": 1.0, ""trust_weights"": {""7"": 0.20000000298023224, ""40"": 0.0, ""94"": 0.20000000298023224, ""21"": 0.20000000298023224, ""22"": 0.20000000298023224, ""87"": 0.20000000298023224}, ""num_aggregated"": 6}"
339,apra,apra_mad_filter,"[42, 65, 55, 70, 10, 87, 58, 77]","[3, 2]","{""median_norm"": 0.5842605755032766, ""mad"": 0.06296509446931953, ""k"": 2.0, ""num_accepted"": 8, ""safety_keep_used"": false, ""fallback_used"": false}"
339,apra,apra_hierarchical_cluster,"[65, 55, 70, 87, 58, 77]","[42, 10]","{""best_k"": 3, ""best_score"": 0.5937712788581848, ""selected_cluster"": 0, ""cluster_scores"": {""0"": 3.132214307785034, ""1"": -1.0, ""2"": -1.0}, ""num_trusted"": 6, ""fallback_used"": false}"
339,apra,apra_trust_weighted_clip,"[65, 55, 70, 87, 58, 77]",[],"{""base_clip"": 1.0, ""trust_weights"": {""65"": 0.20000000298023224, ""55"": 0.0, ""70"": 0.20000000298023224, ""87"": 0.20000000298023224, ""58"": 0.20000000298023224, ""77"": 0.20000000298023224}, ""num_aggregated"": 6}"
340,apra,apra_mad_filter,"[81, 37, 13, 86, 79, 78, 57]","[1, 21, 59]","{""median_norm"": 0.4756375612504838, ""mad"": 0.02815951225679983, ""k"": 2.0, ""num_accepted"": 7, ""safety_keep_used"": false, ""fallback_used"": false}"
340,apra,apra_hierarchical_cluster,"[81, 37, 86, 79, 78, 57]",[13],"{""best_k"": 2, ""best_score"": 0.47705429792404175, ""selected_cluster"": 0, ""cluster_scores"": {""0"": 2.6401638984680176, ""1"": -1.0}, ""num_trusted"": 6, ""fallback_used"": false}"
340,apra,apra_trust_weighted_clip,"[81, 37, 86, 79, 78, 57]",[],"{""base_clip"": 1.0, ""trust_weights"": {""81"": 0.0, ""37"": 0.20000000298023224, ""86"": 0.20000000298023224, ""79"": 0.20000000298023224, ""78"": 0.20000000298023224, ""57"": 0.20000000298023224}, ""num_aggregated"": 6}"
341,apra,apra_mad_filter,"[28, 16, 6, 72, 8, 68, 34]","[0, 93, 1]","{""median_norm"": 0.5016487976837429, ""mad"": 0.02196684741931043, ""k"": 2.0, ""num_accepted"": 7, ""safety_keep_used"": false, ""fallback_used"": false}"
341,apra,apra_hierarchical_cluster,"[16, 6, 34]","[28, 72, 8, 68]","{""best_k"": 3, ""best_score"": 0.6358229517936707, ""selected_cluster"": 1, ""cluster_scores"": {""0"": 1.4260469675064087, ""1"": 2.9364349842071533, ""2"": 1.992809772491455}, ""num_trusted"": 3, ""fallback_used"": false}"
341,apra,apra_trust_weighted_clip,"[16, 6, 34]",[],"{""base_clip"": 1.0, ""trust_weights"": {""16"": 0.5, ""6"": 0.0, ""34"": 0.5}, ""num_aggregated"": 3}"
342,apra,apra_mad_filter,"[70, 45, 93, 34, 33, 68, 59, 71, 74]",[4],"{""median_norm"": 0.5850658701884296, ""mad"": 0.0637166031608365, ""k"": 2.0, ""num_accepted"": 9, ""safety_keep_used"": false, ""fallback_used"": false}"
342,apra,apra_hierarchical_cluster,"[70, 45, 93, 34, 33, 68, 74]","[59, 71]","{""best_k"": 3, ""best_score"": 0.5886920094490051, ""selected_cluster"": 0, ""cluster_scores"": {""0"": 3.1505143642425537, ""1"": -1.0, ""2"": -1.0}, ""num_trusted"": 7, ""fallback_used"": false}"
342,apra,apra_trust_weighted_clip,"[70, 45, 93, 34, 33, 68, 74]",[],"{""base_clip"": 1.0, ""trust_weights"": {""70"": 0.1666666716337204, ""45"": 0.1666666716337204, ""93"": 0.1666666716337204, ""34"": 0.1666666716337204, ""33"": 0.0, ""68"": 0.1666666716337204, ""74"": 0.1666666716337204}, ""num_aggregated"": 7}"
343,apra,apra_mad_filter,"[35, 69, 32, 25, 33, 54, 41, 70, 49]",[0],"{""median_norm"": 0.5651829848063348, ""mad"": 0.10476687835749948, ""k"": 2.0, ""num_accepted"": 9, ""safety_keep_used"": false, ""fallback_used"": false}"
343,apra,apra_hierarchical_cluster,"[35, 69, 32, 25, 33, 41, 70, 49]",[54],"{""best_k"": 2, ""best_score"": 0.6556394696235657, ""selected_cluster"": 0, ""cluster_scores"": {""0"": 3.7835164070129395, ""1"": -1.0}, ""num_trusted"": 8, ""fallback_used"": false}"
343,apra,apra_trust_weighted_clip,"[35, 69, 32, 25, 33, 41, 70, 49]",[],"{""base_clip"": 1.0, ""trust_weights"": {""35"": 0.1428571492433548, ""69"": 0.1428571492433548, ""32"": 0.1428571492433548, ""25"": 0.1428571492433548, ""33"": 0.1428571492433548, ""41"": 0.0, ""70"": 0.1428571492433548, ""49"": 0.1428571492433548}, ""num_aggregated"": 8}"
344,apra,apra_mad_filter,"[95, 82, 18, 50, 8, 24, 13, 28, 9]",[3],"{""median_norm"": 0.5789217396958779, ""mad"": 0.10961113400905606, ""k"": 2.0, ""num_accepted"": 9, ""safety_keep_used"": false, ""fallback_used"": false}"
344,apra,apra_hierarchical_cluster,"[82, 18, 50, 8, 24, 13, 28, 9]",[95],"{""best_k"": 2, ""best_score"": 0.37502485513687134, ""selected_cluster"": 0, ""cluster_scores"": {""0"": 0.87049400806427, ""1"": -1.0}, ""num_trusted"": 8, ""fallback_used"": false}"
344,apra,apra_trust_weighted_clip,"[82, 18, 50, 8, 24, 13, 28, 9]",[],"{""base_clip"": 1.0, ""trust_weights"": {""82"": 0.1496656984090805, ""18"": 0.1496656984090805, ""50"": 0.1496656984090805, ""8"": 0.1496656984090805, ""24"": 0.0, ""13"": 0.10200577974319458, ""28"": 0.1496656984090805, ""9"": 0.1496656984090805}, ""num_aggregated"": 8}"
345,apra,apra_mad_filter,"[89, 3, 55, 91, 96, 94, 54, 39, 8]",[4],"{""median_norm"": 0.7080574966406348, ""mad"": 0.17151437804990968, ""k"": 2.0, ""num_accepted"": 9, ""safety_keep_used"": false, ""fallback_used"": false}"
345,apra,apra_hierarchical_cluster,"[89, 3, 55, 91, 94, 39, 8]","[96, 54]","{""best_k"": 2, ""best_score"": 0.8361549973487854, ""selected_cluster"": 0, ""cluster_scores"": {""0"": 5.773100852966309, ""1"": 1.9652228355407715}, ""num_trusted"": 7, ""fallback_used"": false}"
345,apra,apra_trust_weighted_clip,"[89, 3, 55, 91, 94, 39, 8]",[],"{""base_clip"": 1.0, ""trust_weights"": {""89"": 0.1666666716337204, ""3"": 0.1666666716337204, ""55"": 0.0, ""91"": 0.1666666716337204, ""94"": 0.1666666716337204, ""39"": 0.1666666716337204, ""8"": 0.1666666716337204}, ""num_aggregated"": 7}"
346,apra,apra_mad_filter,"[82, 78, 74, 61, 39, 29, 68]","[2, 88, 4]","{""median_norm"": 0.47049990629290495, ""mad"": 0.08633766754137495, ""k"": 2.0, ""num_accepted"": 7, ""safety_keep_used"": false, ""fallback_used"": false}"
346,apra,apra_hierarchical_cluster,"[78, 74, 61, 39, 29, 68]",[82],"{""best_k"": 2, ""best_score"": 0.5490543246269226, ""selected_cluster"": 0, ""cluster_scores"": {""0"": 5.775718688964844, ""1"": -1.0}, ""num_trusted"": 6, ""fallback_used"": false}"
346,apra,apra_trust_weighted_clip,"[78, 74, 61, 39, 29, 68]",[],"{""base_clip"": 1.0, ""trust_weights"": {""78"": 0.20000000298023224, ""74"": 0.20000000298023224, ""61"": 0.0, ""39"": 0.20000000298023224, ""29"": 0.20000000298023224, ""68"": 0.20000000298023224}, ""num_aggregated"": 6}"
347,apra,apra_mad_filter,"[72, 90, 28, 68, 23, 83]","[3, 93, 1, 57]","{""median_norm"": 0.4587627649743218, ""mad"": 0.014999243321524192, ""k"": 2.0, ""num_accepted"": 6, ""safety_keep_used"": false, ""fallback_used"": false}"
347,apra,apra_hierarchical_cluster,"[72, 68]","[90, 28, 23, 83]","{""best_k"": 2, ""best_score"": 0.23024487495422363, ""selected_cluster"": 0, ""cluster_scores"": {""0"": 1.3678936958312988, ""1"": 0.7319628000259399}, ""num_trusted"": 2, ""fallback_used"": false}"
347,apra,apra_trust_weighted_clip,"[72, 68]",[],"{""base_clip"": 1.0, ""trust_weights"": {""72"": 0.5, ""68"": 0.5}, ""num_aggregated"": 2}"
348,apra,apra_mad_filter,"[2, 91, 31, 57, 14, 17, 54, 95, 68, 64]",[],"{""median_norm"": 0.7134343524217315, ""mad"": 0.20093742004176113, ""k"": 2.0, ""num_accepted"": 10, ""safety_keep_used"": false, ""fallback_used"": false}"
348,apra,apra_hierarchical_cluster,"[2, 91, 57, 14, 17, 54, 95, 68, 64]",[31],"{""best_k"": 2, ""best_score"": 0.6940687298774719, ""selected_cluster"": 0, ""cluster_scores"": {""0"": 3.0228111743927, ""1"": -1.0}, ""num_trusted"": 9, ""fallback_used"": false}"
348,apra,apra_trust_weighted_clip,"[2, 91, 57, 14, 17, 54, 95, 68, 64]",[],"{""base_clip"": 1.0, ""trust_weights"": {""2"": 0.1666666716337204, ""91"": 0.1666666716337204, ""57"": 0.1666666716337204, ""14"": 0.1666666716337204, ""17"": 0.0, ""54"": 0.0, ""95"": 0.0, ""68"": 0.1666666716337204, ""64"": 0.1666666716337204}, ""num_aggregated"": 9}"
349,apra,apra_mad_filter,"[37, 11, 43, 41, 63, 70, 82, 13, 31]",[0],"{""median_norm"": 0.5391108284587243, ""mad"": 0.09461260290084883, ""k"": 2.0, ""num_accepted"": 9, ""safety_keep_used"": false, ""fallback_used"": false}"
349,apra,apra_hierarchical_cluster,"[37, 11, 43, 41, 63, 70, 82, 13]",[31],"{""best_k"": 2, ""best_score"": 0.6766965389251709, ""selected_cluster"": 0, ""cluster_scores"": {""0"": 5.497193336486816, ""1"": -1.0}, ""num_trusted"": 8, ""fallback_used"": false}"
349,apra,apra_trust_weighted_clip,"[37, 11, 43, 41, 63, 70, 82, 13]",[],"{""base_clip"": 1.0, ""trust_weights"": {""37"": 0.1428571492433548, ""11"": 0.1428571492433548, ""43"": 0.1428571492433548, ""41"": 0.0, ""63"": 0.1428571492433548, ""70"": 0.1428571492433548, ""82"": 0.1428571492433548, ""13"": 0.1428571492433548}, ""num_aggregated"": 8}"
350,apra,apra_mad_filter,"[3, 26, 92, 10, 37, 22, 16, 62, 86, 44]",[],"{""median_norm"": 0.5044378703189929, ""mad"": 0.11439973226400332, ""k"": 2.0, ""num_accepted"": 10, ""safety_keep_used"": false, ""fallback_used"": false}"
350,apra,apra_hierarchical_cluster,"[3, 26, 92, 37, 22, 16, 62, 86, 44]",[10],"{""best_k"": 2, ""best_score"": 0.627261757850647, ""selected_cluster"": 0, ""cluster_scores"": {""0"": 3.0447158813476562, ""1"": -1.0}, ""num_trusted"": 9, ""fallback_used"": false}"
350,apra,apra_trust_weighted_clip,"[3, 26, 92, 37, 22, 16, 62, 86, 44]",[],"{""base_clip"": 1.0, ""trust_weights"": {""3"": 0.1666666716337204, ""26"": 0.0, ""92"": 0.1666666716337204, ""37"": 0.0, ""22"": 0.1666666716337204, ""16"": 0.1666666716337204, ""62"": 0.1666666716337204, ""86"": 0.1666666716337204, ""44"": 0.0}, ""num_aggregated"": 9}"
351,apra,apra_mad_filter,"[3, 18, 35, 62, 77, 78, 36, 93, 33, 32]",[],"{""median_norm"": 0.4863675511029641, ""mad"": 0.08225108256179689, ""k"": 2.0, ""num_accepted"": 10, ""safety_keep_used"": false, ""fallback_used"": false}"
351,apra,apra_hierarchical_cluster,"[3, 18, 35, 77, 78, 93, 33]","[62, 36, 32]","{""best_k"": 3, ""best_score"": 0.5851618647575378, ""selected_cluster"": 1, ""cluster_scores"": {""0"": 1.7143168449401855, ""1"": 4.184017658233643, ""2"": -1.0}, ""num_trusted"": 7, ""fallback_used"": false}"
351,apra,apra_trust_weighted_clip,"[3, 18, 35, 77, 78, 93, 33]",[],"{""base_clip"": 1.0, ""trust_weights"": {""3"": 0.20000000298023224, ""18"": 0.0, ""35"": 0.20000000298023224, ""77"": 0.20000000298023224, ""78"": 0.0, ""93"": 0.20000000298023224, ""33"": 0.20000000298023224}, ""num_aggregated"": 7}"
352,apra,apra_mad_filter,"[15, 64, 70, 21, 58, 29, 93, 5, 46]",[1],"{""median_norm"": 0.47067535887862605, ""mad"": 0.04016632362718062, ""k"": 2.0, ""num_accepted"": 9, ""safety_keep_used"": false, ""fallback_used"": false}"
352,apra,apra_hierarchical_cluster,"[15, 64, 70, 21, 58, 29, 93, 46]",[5],"{""best_k"": 2, ""best_score"": 0.5276209712028503, ""selected_cluster"": 0, ""cluster_scores"": {""0"": 0.49567997455596924, ""1"": -1.0}, ""num_trusted"": 8, ""fallback_used"": false}"
352,apra,apra_trust_weighted_clip,"[15, 64, 70, 21, 58, 29, 93, 46]",[],"{""base_clip"": 1.0, ""trust_weights"": {""15"": 0.14121203124523163, ""64"": 0.14786846935749054, ""70"": 0.14786846935749054, ""21"": 0.14786846935749054, ""58"": 0.14121203124523163, ""29"": 0.14786846935749054, ""93"": 0.0, ""46"": 0.1261020302772522}, ""num_aggregated"": 8}"
353,apra,apra_mad_filter,"[62, 53, 56, 18, 5, 68, 40, 57]","[4, 1]","{""median_norm"": 0.5488017950008055, ""mad"": 0.10590000909143835, ""k"": 2.0, ""num_accepted"": 8, ""safety_keep_used"": false, ""fallback_used"": false}"
353,apra,apra_hierarchical_cluster,"[53, 56, 18, 5, 68, 40, 57]",[62],"{""best_k"": 2, ""best_score"": 0.38107186555862427, ""selected_cluster"": 0, ""cluster_scores"": {""0"": 1.0235199928283691, ""1"": -1.0}, ""num_trusted"": 7, ""fallback_used"": false}"
353,apra,apra_trust_weighted_clip,"[53, 56, 18, 5, 68, 40, 57]",[],"{""base_clip"": 1.0, ""trust_weights"": {""53"": 0.0, ""56"": 0.219927117228508, ""18"": 0.12029152363538742, ""5"": 0.219927117228508, ""68"": 0.0, ""40"": 0.219927117228508, ""57"": 0.219927117228508}, ""num_aggregated"": 7}"
354,apra,apra_mad_filter,"[36, 92, 52, 98, 15, 43, 57]","[4, 33, 1]","{""median_norm"": 0.6046794531288601, ""mad"": 0.0948265014413765, ""k"": 2.0, ""num_accepted"": 7, ""safety_keep_used"": false, ""fallback_used"": false}"
354,apra,apra_hierarchical_cluster,"[92, 52, 98, 43, 57]","[36, 15]","{""best_k"": 2, ""best_score"": 0.5565551519393921, ""selected_cluster"": 1, ""cluster_scores"": {""0"": 1.6402299404144287, ""1"": 3.6085662841796875}, ""num_trusted"": 5, ""fallback_used"": false}"
354,apra,apra_trust_weighted_clip,"[92, 52, 98, 43, 57]",[],"{""base_clip"": 1.0, ""trust_weights"": {""92"": 0.25, ""52"": 0.25, ""98"": 0.0, ""43"": 0.25, ""57"": 0.25}, ""num_aggregated"": 5}"
355,apra,apra_mad_filter,"[38, 53, 50, 18, 15, 77, 79, 90, 63]",[3],"{""median_norm"": 0.4780653079021529, ""mad"": 0.06660906113803816, ""k"": 2.0, ""num_accepted"": 9, ""safety_keep_used"": false, ""fallback_used"": false}"
355,apra,apra_hierarchical_cluster,"[38, 50, 18, 15, 77, 79, 90, 63]",[53],"{""best_k"": 2, ""best_score"": 0.47828832268714905, ""selected_cluster"": 0, ""cluster_scores"": {""0"": 1.3732571601867676, ""1"": -1.0}, ""num_trusted"": 8, ""fallback_used"": false}"
355,apra,apra_trust_weighted_clip,"[38, 50, 18, 15, 77, 79, 90, 63]",[],"{""base_clip"": 1.0, ""trust_weights"": {""38"": 0.0, ""50"": 0.20000000298023224, ""18"": 0.0, ""15"": 0.20000000298023224, ""77"": 0.0, ""79"": 0.20000000298023224, ""90"": 0.20000000298023224, ""63"": 0.20000000298023224}, ""num_aggregated"": 8}"
356,apra,apra_mad_filter,"[85, 41, 55, 44, 81, 17, 39, 20, 34]",[4],"{""median_norm"": 0.6310732659725233, ""mad"": 0.1377807872276626, ""k"": 2.0, ""num_accepted"": 9, ""safety_keep_used"": false, ""fallback_used"": false}"
356,apra,apra_hierarchical_cluster,"[85, 41, 81, 17, 39, 20, 34]","[55, 44]","{""best_k"": 2, ""best_score"": 0.37359780073165894, ""selected_cluster"": 0, ""cluster_scores"": {""0"": 1.8885807991027832, ""1"": 1.4458048343658447}, ""num_trusted"": 7, ""fallback_used"": false}"
356,apra,apra_trust_weighted_clip,"[85, 41, 81, 17, 39, 20, 34]",[],"{""base_clip"": 1.0, ""trust_weights"": {""85"": 0.0, ""41"": 0.24019497632980347, ""81"": 0.03922012820839882, ""17"": 0.0, ""39"": 0.24019497632980347, ""20"": 0.24019497632980347, ""34"": 0.24019497632980347}, ""num_aggregated"": 7}"
357,apra,apra_mad_filter,"[72, 55, 59, 23, 79, 74, 78, 8]","[2, 52]","{""median_norm"": 0.5060689267238874, ""mad"": 0.04029332398235572, ""k"": 2.0, ""num_accepted"": 8, ""safety_keep_used"": false, ""fallback_used"": false}"
357,apra,apra_hierarchical_cluster,"[72, 55, 59, 23, 79, 74, 78]",[8],"{""best_k"": 2, ""best_score"": 0.5506234169006348, ""selected_cluster"": 0, ""cluster_scores"": {""0"": 1.6819196939468384, ""1"": -1.0}, ""num_trusted"": 7, ""fallback_used"": false}"
357,apra,apra_trust_weighted_clip,"[72, 55, 59, 23, 79, 74, 78]",[],"{""base_clip"": 1.0, ""trust_weights"": {""72"": 0.12860101461410522, ""55"": 0.2723052501678467, ""59"": 0.0, ""23"": 0.003648619167506695, ""79"": 0.2723052501678467, ""74"": 0.2723052501678467, ""78"": 0.05083467811346054}, ""num_aggregated"": 7}"
358,apra,apra_mad_filter,"[21, 18, 92, 61, 79, 35, 6, 56]","[3, 54]","{""median_norm"": 0.4873994275730533, ""mad"": 0.05335806426732137, ""k"": 2.0, ""num_accepted"": 8, ""safety_keep_used"": false, ""fallback_used"": false}"
358,apra,apra_hierarchical_cluster,"[21, 18, 92, 61, 79, 35, 6]",[56],"{""best_k"": 2, ""best_score"": 0.38533449172973633, ""selected_cluster"": 0, ""cluster_scores"": {""0"": 4.5454325675964355, ""1"": -1.0}, ""num_trusted"": 7, ""fallback_used"": false}"
358,apra,apra_trust_weighted_clip,"[21, 18, 92, 61, 79, 35, 6]",[],"{""base_clip"": 1.0, ""trust_weights"": {""21"": 0.0, ""18"": 0.21666064858436584, ""92"": 0.21666064858436584, ""61"": 0.1333574652671814, ""79"": 0.21666064858436584, ""35"": 0.0, ""6"": 0.21666064858436584}, ""num_aggregated"": 7}"
359,apra,apra_mad_filter,"[13, 41, 34, 14, 30, 67, 21, 57, 92]",[0],"{""median_norm"": 0.6205267488554724, ""mad"": 0.07348839314428995, ""k"": 2.0, ""num_accepted"": 9, ""safety_keep_used"": false, ""fallback_used"": false}"
359,apra,apra_hierarchical_cluster,"[13, 41, 34, 14, 67, 21, 57, 92]",[30],"{""best_k"": 2, ""best_score"": 0.6647937893867493, ""selected_cluster"": 0, ""cluster_scores"": {""0"": 7.351830005645752, ""1"": -1.0}, ""num_trusted"": 8, ""fallback_used"": false}"
359,apra,apra_trust_weighted_clip,"[13, 41, 34, 14, 67, 21, 57, 92]",[],"{""base_clip"": 1.0, ""trust_weights"": {""13"": 0.1666666716337204, ""41"": 0.0, ""34"": 0.1666666716337204, ""14"": 0.1666666716337204, ""67"": 0.0, ""21"": 0.1666666716337204, ""57"": 0.1666666716337204, ""92"": 0.1666666716337204}, ""num_aggregated"": 8}"
360,apra,apra_mad_filter,"[72, 53, 86, 69, 68, 28, 79, 18]","[1, 31]","{""median_norm"": 0.5176808010579019, ""mad"": 0.05530525240800235, ""k"": 2.0, ""num_accepted"": 8, ""safety_keep_used"": false, ""fallback_used"": false}"
360,apra,apra_hierarchical_cluster,"[72, 53, 86, 68, 28, 79, 18]",[69],"{""best_k"": 2, ""best_score"": 0.6060066223144531, ""selected_cluster"": 0, ""cluster_scores"": {""0"": 5.443818092346191, ""1"": -1.0}, ""num_trusted"": 7, ""fallback_used"": false}"
360,apra,apra_trust_weighted_clip,"[72, 53, 86, 68, 28, 79, 18]",[],"{""base_clip"": 1.0, ""trust_weights"": {""72"": 0.0, ""53"": 0.20000000298023224, ""86"": 0.20000000298023224, ""68"": 0.20000000298023224, ""28"": 0.0, ""79"": 0.20000000298023224, ""18"": 0.20000000298023224}, ""num_aggregated"": 7}"
361,apra,apra_mad_filter,"[69, 86, 97, 78, 68, 50, 18, 20, 46]",[1],"{""median_norm"": 0.48010036837993764, ""mad"": 0.06570125463182366, ""k"": 2.0, ""num_accepted"": 9, ""safety_keep_used"": false, ""fallback_used"": false}"
361,apra,apra_hierarchical_cluster,"[86, 97, 78, 68, 50, 18, 20, 46]",[69],"{""best_k"": 2, ""best_score"": 0.4340813159942627, ""selected_cluster"": 0, ""cluster_scores"": {""0"": 1.1095914840698242, ""1"": -1.0}, ""num_trusted"": 8, ""fallback_used"": false}"
361,apra,apra_trust_weighted_clip,"[86, 97, 78, 68, 50, 18, 20, 46]",[],"{""base_clip"": 1.0, ""trust_weights"": {""86"": 0.05337382107973099, ""97"": 0.0, ""78"": 0.0, ""68"": 0.35349854826927185, ""50"": 0.09312766045331955, ""18"": 0.05337382107973099, ""20"": 0.09312766045331955, ""46"": 0.35349854826927185}, ""num_aggregated"": 8}"
362,apra,apra_mad_filter,"[55, 84, 65, 95, 54, 24, 73, 53, 56]",[2],"{""median_norm"": 0.6746179382100178, ""mad"": 0.13534591615731356, ""k"": 2.0, ""num_accepted"": 9, ""safety_keep_used"": false, ""fallback_used"": false}"
362,apra,apra_hierarchical_cluster,"[55, 84, 65, 24, 53, 56]","[95, 54, 73]","{""best_k"": 3, ""best_score"": 0.6462990641593933, ""selected_cluster"": 1, ""cluster_scores"": {""0"": 1.8782590627670288, ""1"": 5.651971340179443, ""2"": -1.0}, ""num_trusted"": 6, ""fallback_used"": false}"
362,apra,apra_trust_weighted_clip,"[55, 84, 65, 24, 53, 56]",[],"{""base_clip"": 1.0, ""trust_weights"": {""55"": 0.20000000298023224, ""84"": 0.20000000298023224, ""65"": 0.20000000298023224, ""24"": 0.0, ""53"": 0.20000000298023224, ""56"": 0.20000000298023224}, ""num_aggregated"": 6}"
363,apra,apra_mad_filter,"[8, 30, 47, 52, 48, 64, 35, 83, 71]",[0],"{""median_norm"": 0.6171335769784838, ""mad"": 0.10996083727293146, ""k"": 2.0, ""num_accepted"": 9, ""safety_keep_used"": false, ""fallback_used"": false}"
363,apra,apra_hierarchical_cluster,"[8, 30, 47, 52, 64, 35, 83, 71]",[48],"{""best_k"": 2, ""best_score"": 0.5540722608566284, ""selected_cluster"": 0, ""cluster_scores"": {""0"": 1.8188868761062622, ""1"": -1.0}, ""num_trusted"": 8, ""fallback_used"": false}"
363,apra,apra_trust_weighted_clip,"[8, 30, 47, 52, 64, 35, 83, 71]",[],"{""base_clip"": 1.0, ""trust_weights"": {""8"": 0.0, ""30"": 0.0, ""47"": 0.013296164572238922, ""52"": 0.19734077155590057, ""64"": 0.19734077155590057, ""35"": 0.19734077155590057, ""83"": 0.19734077155590057, ""71"": 0.19734077155590057}, ""num_aggregated"": 8}"
364,apra,apra_mad_filter,"[72, 40, 26, 63, 84, 11, 91, 99, 75]",[0],"{""median_norm"": 0.540810689611422, ""mad"": 0.083646410263358, ""k"": 2.0, ""num_accepted"": 9, ""safety_keep_used"": false, ""fallback_used"": false}"
364,apra,apra_hierarchical_cluster,"[72, 40, 63, 84, 11, 91, 99, 75]",[26],"{""best_k"": 2, ""best_score"": 0.6128820776939392, ""selected_cluster"": 0, ""cluster_scores"": {""0"": 5.582226753234863, ""1"": -1.0}, ""num_trusted"": 8, ""fallback_used"": false}"
364,apra,apra_trust_weighted_clip,"[72, 40, 63, 84, 11, 91, 99, 75]",[],"{""base_clip"": 1.0, ""trust_weights"": {""72"": 0.20000000298023224, ""40"": 0.20000000298023224, ""63"": 0.0, ""84"": 0.20000000298023224, ""11"": 0.20000000298023224, ""91"": 0.0, ""99"": 0.20000000298023224, ""75"": 0.0}, ""num_aggregated"": 8}"
365,apra,apra_mad_filter,"[1, 53, 19, 62, 30, 81, 47, 83, 52]",[0],"{""median_norm"": 0.8175550538988376, ""mad"": 0.15590004889906328, ""k"": 2.0, ""num_accepted"": 9, ""safety_keep_used"": false, ""fallback_used"": false}"
365,apra,apra_hierarchical_cluster,"[1, 53, 19, 62, 81, 47, 83, 52]",[30],"{""best_k"": 2, ""best_score"": 0.6851704716682434, ""selected_cluster"": 0, ""cluster_scores"": {""0"": 4.239222526550293, ""1"": -1.0}, ""num_trusted"": 8, ""fallback_used"": false}"
365,apra,apra_trust_weighted_clip,"[1, 53, 19, 62, 81, 47, 83, 52]",[],"{""base_clip"": 1.0, ""trust_weights"": {""1"": 0.1428571492433548, ""53"": 0.1428571492433548, ""19"": 0.1428571492433548, ""62"": 0.0, ""81"": 0.1428571492433548, ""47"": 0.1428571492433548, ""83"": 0.1428571492433548, ""52"": 0.1428571492433548}, ""num_aggregated"": 8}"
366,apra,apra_mad_filter,"[7, 94, 10, 20, 55, 53, 37, 50, 82]",[0],"{""median_norm"": 0.4953306285180974, ""mad"": 0.0980544472705274, ""k"": 2.0, ""num_accepted"": 9, ""safety_keep_used"": false, ""fallback_used"": false}"
366,apra,apra_hierarchical_cluster,"[7, 94, 10, 55, 53, 37, 50]","[20, 82]","{""best_k"": 3, ""best_score"": 0.5224018692970276, ""selected_cluster"": 0, ""cluster_scores"": {""0"": 5.78394079208374, ""1"": -1.0, ""2"": -1.0}, ""num_trusted"": 7, ""fallback_used"": false}"
366,apra,apra_trust_weighted_clip,"[7, 94, 10, 55, 53, 37, 50]",[],"{""base_clip"": 1.0, ""trust_weights"": {""7"": 0.1178722232580185, ""94"": 0.19106388092041016, ""10"": 0.1178722232580185, ""55"": 0.19106388092041016, ""53"": 0.0, ""37"": 0.19106388092041016, ""50"": 0.19106388092041016}, ""num_aggregated"": 7}"
367,apra,apra_mad_filter,"[75, 56, 10, 37, 78, 5, 73, 11, 1]",[0],"{""median_norm"": 0.5017291604667115, ""mad"": 0.11942712433508076, ""k"": 2.0, ""num_accepted"": 9, ""safety_keep_used"": false, ""fallback_used"": false}"
367,apra,apra_hierarchical_cluster,"[75, 56, 10, 37, 78, 5, 11, 1]",[73],"{""best_k"": 2, ""best_score"": 0.603162944316864, ""selected_cluster"": 0, ""cluster_scores"": {""0"": 3.108722448348999, ""1"": -1.0}, ""num_trusted"": 8, ""fallback_used"": false}"
367,apra,apra_trust_weighted_clip,"[75, 56, 10, 37, 78, 5, 11, 1]",[],"{""base_clip"": 1.0, ""trust_weights"": {""75"": 0.1428571492433548, ""56"": 0.1428571492433548, ""10"": 0.0, ""37"": 0.1428571492433548, ""78"": 0.1428571492433548, ""5"": 0.1428571492433548, ""11"": 0.1428571492433548, ""1"": 0.1428571492433548}, ""num_aggregated"": 8}"
368,apra,apra_mad_filter,"[77, 14, 56, 51, 46, 86, 76, 42, 40]",[0],"{""median_norm"": 0.45599165508527273, ""mad"": 0.039764888239435386, ""k"": 2.0, ""num_accepted"": 9, ""safety_keep_used"": false, ""fallback_used"": false}"
368,apra,apra_hierarchical_cluster,"[77, 14, 56, 51, 46, 86, 76, 40]",[42],"{""best_k"": 2, ""best_score"": 0.5709754228591919, ""selected_cluster"": 0, ""cluster_scores"": {""0"": 5.543435096740723, ""1"": -1.0}, ""num_trusted"": 8, ""fallback_used"": false}"
368,apra,apra_trust_weighted_clip,"[77, 14, 56, 51, 46, 86, 76, 40]",[],"{""base_clip"": 1.0, ""trust_weights"": {""77"": 0.1666666716337204, ""14"": 0.1666666716337204, ""56"": 0.1666666716337204, ""51"": 0.0, ""46"": 0.0, ""86"": 0.1666666716337204, ""76"": 0.1666666716337204, ""40"": 0.1666666716337204}, ""num_aggregated"": 8}"
369,apra,apra_mad_filter,"[40, 93, 32, 5, 7, 13, 61, 67, 35]",[2],"{""median_norm"": 0.5735522268385452, ""mad"": 0.11579631462969628, ""k"": 2.0, ""num_accepted"": 9, ""safety_keep_used"": false, ""fallback_used"": false}"
369,apra,apra_hierarchical_cluster,"[40, 93, 5, 7, 13, 61]","[32, 67, 35]","{""best_k"": 3, ""best_score"": 0.4841604232788086, ""selected_cluster"": 0, ""cluster_scores"": {""0"": 3.929302453994751, ""1"": 1.962357759475708, ""2"": -1.0}, ""num_trusted"": 6, ""fallback_used"": false}"
369,apra,apra_trust_weighted_clip,"[40, 93, 5, 7, 13, 61]",[],"{""base_clip"": 1.0, ""trust_weights"": {""40"": 0.0, ""93"": 0.25, ""5"": 0.25, ""7"": 0.25, ""13"": 0.0, ""61"": 0.25}, ""num_aggregated"": 6}"
370,apra,apra_mad_filter,"[84, 95, 63, 94, 39, 98, 89, 21]","[3, 17]","{""median_norm"": 0.6114886891576756, ""mad"": 0.08540216843562337, ""k"": 2.0, ""num_accepted"": 8, ""safety_keep_used"": false, ""fallback_used"": false}"
370,apra,apra_hierarchical_cluster,"[84, 63, 94, 39, 98, 89, 21]",[95],"{""best_k"": 2, ""best_score"": 0.5812052488327026, ""selected_cluster"": 0, ""cluster_scores"": {""0"": 2.323051929473877, ""1"": -1.0}, ""num_trusted"": 7, ""fallback_used"": false}"
370,apra,apra_trust_weighted_clip,"[84, 63, 94, 39, 98, 89, 21]",[],"{""base_clip"": 1.0, ""trust_weights"": {""84"": 0.1666666716337204, ""63"": 0.1666666716337204, ""94"": 0.1666666716337204, ""39"": 0.1666666716337204, ""98"": 0.0, ""89"": 0.1666666716337204, ""21"": 0.1666666716337204}, ""num_aggregated"": 7}"
371,apra,apra_mad_filter,"[83, 41, 24, 92, 44, 86, 87, 71]","[0, 17]","{""median_norm"": 0.6546003671739404, ""mad"": 0.09292837990068364, ""k"": 2.0, ""num_accepted"": 8, ""safety_keep_used"": false, ""fallback_used"": false}"
371,apra,apra_hierarchical_cluster,"[83, 24, 92, 44, 86, 87, 71]",[41],"{""best_k"": 2, ""best_score"": 0.7013229131698608, ""selected_cluster"": 0, ""cluster_scores"": {""0"": 4.031991004943848, ""1"": -1.0}, ""num_trusted"": 7, ""fallback_used"": false}"
371,apra,apra_trust_weighted_clip,"[83, 24, 92, 44, 86, 87, 71]",[],"{""base_clip"": 1.0, ""trust_weights"": {""83"": 0.20000000298023224, ""24"": 0.20000000298023224, ""92"": 0.20000000298023224, ""44"": 0.0, ""86"": 0.20000000298023224, ""87"": 0.20000000298023224, ""71"": 0.0}, ""num_aggregated"": 7}"
372,apra,apra_mad_filter,"[4, 65, 59, 88, 26, 8, 64, 21, 14, 53]",[],"{""median_norm"": 0.6846505216267045, ""mad"": 0.1196296343629833, ""k"": 2.0, ""num_accepted"": 10, ""safety_keep_used"": false, ""fallback_used"": false}"
372,apra,apra_hierarchical_cluster,"[4, 65, 59, 26, 8, 64, 21, 14, 53]",[88],"{""best_k"": 2, ""best_score"": 0.7977675199508667, ""selected_cluster"": 0, ""cluster_scores"": {""0"": 5.588740348815918, ""1"": -1.0}, ""num_trusted"": 9, ""fallback_used"": false}"
372,apra,apra_trust_weighted_clip,"[4, 65, 59, 26, 8, 64, 21, 14, 53]",[],"{""base_clip"": 1.0, ""trust_weights"": {""4"": 0.0, ""65"": 0.1428571492433548, ""59"": 0.1428571492433548, ""26"": 0.1428571492433548, ""8"": 0.0, ""64"": 0.1428571492433548, ""21"": 0.1428571492433548, ""14"": 0.1428571492433548, ""53"": 0.1428571492433548}, ""num_aggregated"": 9}"
373,apra,apra_mad_filter,"[48, 52, 14, 6, 96, 58, 8, 81]","[3, 73]","{""median_norm"": 0.6373444451430272, ""mad"": 0.0536997729846756, ""k"": 2.0, ""num_accepted"": 8, ""safety_keep_used"": false, ""fallback_used"": false}"
373,apra,apra_hierarchical_cluster,"[52, 14, 6, 96, 58, 8, 81]",[48],"{""best_k"": 2, ""best_score"": 0.6700626015663147, ""selected_cluster"": 0, ""cluster_scores"": {""0"": 4.009952545166016, ""1"": -1.0}, ""num_trusted"": 7, ""fallback_used"": false}"
373,apra,apra_trust_weighted_clip,"[52, 14, 6, 96, 58, 8, 81]",[],"{""base_clip"": 1.0, ""trust_weights"": {""52"": 0.38692688941955566, ""14"": 0.0, ""6"": 0.22614622116088867, ""96"": 0.0, ""58"": 0.0, ""8"": 0.0, ""81"": 0.38692688941955566}, ""num_aggregated"": 7}"
374,apra,apra_mad_filter,"[87, 86, 52, 97, 9, 16, 64, 12, 28]",[4],"{""median_norm"": 0.5602140258498258, ""mad"": 0.11062842997198066, ""k"": 2.0, ""num_accepted"": 9, ""safety_keep_used"": false, ""fallback_used"": false}"
374,apra,apra_hierarchical_cluster,"[87, 86, 52, 97, 16, 64, 12, 28]",[9],"{""best_k"": 2, ""best_score"": 0.6269543170928955, ""selected_cluster"": 0, ""cluster_scores"": {""0"": 2.9460489749908447, ""1"": -1.0}, ""num_trusted"": 8, ""fallback_used"": false}"
374,apra,apra_trust_weighted_clip,"[87, 86, 52, 97, 16, 64, 12, 28]",[],"{""base_clip"": 1.0, ""trust_weights"": {""87"": 0.1666666716337204, ""86"": 0.1666666716337204, ""52"": 0.1666666716337204, ""97"": 0.0, ""16"": 0.1666666716337204, ""64"": 0.1666666716337204, ""12"": 0.1666666716337204, ""28"": 0.0}, ""num_aggregated"": 8}"
375,apra,apra_mad_filter,"[82, 19, 46, 5, 53, 35, 23]","[2, 0, 3]","{""median_norm"": 0.600917545357914, ""mad"": 0.07540802021517634, ""k"": 2.0, ""num_accepted"": 7, ""safety_keep_used"": false, ""fallback_used"": false}"
375,apra,apra_hierarchical_cluster,"[82, 19, 46, 5, 53, 35]",[23],"{""best_k"": 2, ""best_score"": 0.4553832411766052, ""selected_cluster"": 0, ""cluster_scores"": {""0"": 2.825714588165283, ""1"": -1.0}, ""num_trusted"": 6, ""fallback_used"": false}"
375,apra,apra_trust_weighted_clip,"[82, 19, 46, 5, 53, 35]",[],"{""base_clip"": 1.0, ""trust_weights"": {""82"": 0.0, ""19"": 0.20000000298023224, ""46"": 0.20000000298023224, ""5"": 0.20000000298023224, ""53"": 0.20000000298023224, ""35"": 0.20000000298023224}, ""num_aggregated"": 6}"
376,apra,apra_mad_filter,"[59, 33, 32, 40, 83, 98, 86]","[1, 54, 74]","{""median_norm"": 0.6275714128828356, ""mad"": 0.057013881072343675, ""k"": 2.0, ""num_accepted"": 7, ""safety_keep_used"": false, ""fallback_used"": false}"
376,apra,apra_hierarchical_cluster,"[59, 33, 40, 83, 98, 86]",[32],"{""best_k"": 2, ""best_score"": 0.7343860268592834, ""selected_cluster"": 0, ""cluster_scores"": {""0"": 4.860464572906494, ""1"": -1.0}, ""num_trusted"": 6, ""fallback_used"": false}"
376,apra,apra_trust_weighted_clip,"[59, 33, 40, 83, 98, 86]",[],"{""base_clip"": 1.0, ""trust_weights"": {""59"": 0.0, ""33"": 0.20000000298023224, ""40"": 0.20000000298023224, ""83"": 0.20000000298023224, ""98"": 0.20000000298023224, ""86"": 0.20000000298023224}, ""num_aggregated"": 6}"
377,apra,apra_mad_filter,"[44, 18, 56, 87, 46, 8, 41, 25]","[3, 88]","{""median_norm"": 0.538622155769815, ""mad"": 0.1071725498507839, ""k"": 2.0, ""num_accepted"": 8, ""safety_keep_used"": false, ""fallback_used"": false}"
377,apra,apra_hierarchical_cluster,"[44, 18, 56, 87, 46, 8, 25]",[41],"{""best_k"": 2, ""best_score"": 0.6527535319328308, ""selected_cluster"": 0, ""cluster_scores"": {""0"": 5.969141006469727, ""1"": -1.0}, ""num_trusted"": 7, ""fallback_used"": false}"
377,apra,apra_trust_weighted_clip,"[44, 18, 56, 87, 46, 8, 25]",[],"{""base_clip"": 1.0, ""trust_weights"": {""44"": 0.0, ""18"": 0.16236263513565063, ""56"": 0.1834641546010971, ""87"": 0.1834641546010971, ""46"": 0.10378078371286392, ""8"": 0.1834641546010971, ""25"": 0.1834641546010971}, ""num_aggregated"": 7}"
378,apra,apra_mad_filter,"[64, 63, 87, 34, 11, 53, 21, 66]","[2, 1]","{""median_norm"": 0.583066924386426, ""mad"": 0.09075864372987341, ""k"": 2.0, ""num_accepted"": 8, ""safety_keep_used"": false, ""fallback_used"": false}"
378,apra,apra_hierarchical_cluster,"[64, 63, 87, 34, 53, 21]","[11, 66]","{""best_k"": 2, ""best_score"": 0.6339155435562134, ""selected_cluster"": 1, ""cluster_scores"": {""0"": 1.7177715301513672, ""1"": 5.042189598083496}, ""num_trusted"": 6, ""fallback_used"": false}"
378,apra,apra_trust_weighted_clip,"[64, 63, 87, 34, 53, 21]",[],"{""base_clip"": 1.0, ""trust_weights"": {""64"": 0.22274194657802582, ""63"": 0.10903213918209076, ""87"": 0.22274194657802582, ""34"": 0.22274194657802582, ""53"": 0.0, ""21"": 0.22274194657802582}, ""num_aggregated"": 6}"
379,apra,apra_mad_filter,"[90, 74, 46, 25, 92, 71, 69, 93, 64]",[2],"{""median_norm"": 0.5026025046358337, ""mad"": 0.03638010401454142, ""k"": 2.0, ""num_accepted"": 9, ""safety_keep_used"": false, ""fallback_used"": false}"
379,apra,apra_hierarchical_cluster,"[90, 74, 46, 92, 93, 64]","[25, 71, 69]","{""best_k"": 4, ""best_score"": 0.5310688018798828, ""selected_cluster"": 0, ""cluster_scores"": {""0"": 2.7596659660339355, ""1"": -1.0, ""2"": -1.0, ""3"": -1.0}, ""num_trusted"": 6, ""fallback_used"": false}"
379,apra,apra_trust_weighted_clip,"[90, 74, 46, 92, 93, 64]",[],"{""base_clip"": 1.0, ""trust_weights"": {""90"": 0.3333333432674408, ""74"": 0.3333333432674408, ""46"": 0.0, ""92"": 0.3333333432674408, ""93"": 0.0, ""64"": 0.0}, ""num_aggregated"": 6}"
380,apra,apra_mad_filter,"[46, 77, 82, 72, 64, 41, 73, 95, 24]",[2],"{""median_norm"": 0.6120027566366427, ""mad"": 0.11762156636206508, ""k"": 2.0, ""num_accepted"": 9, ""safety_keep_used"": false, ""fallback_used"": false}"
380,apra,apra_hierarchical_cluster,"[46, 77, 82, 72, 64, 41, 95, 24]",[73],"{""best_k"": 2, ""best_score"": 0.5271015763282776, ""selected_cluster"": 0, ""cluster_scores"": {""0"": 2.398225784301758, ""1"": -1.0}, ""num_trusted"": 8, ""fallback_used"": false}"
380,apra,apra_trust_weighted_clip,"[46, 77, 82, 72, 64, 41, 95, 24]",[],"{""base_clip"": 1.0, ""trust_weights"": {""46"": 0.18777689337730408, ""77"": 0.18777689337730408, ""82"": 0.06111553683876991, ""72"": 0.18777689337730408, ""64"": 0.18777689337730408, ""41"": 0.0, ""95"": 0.0, ""24"": 0.18777689337730408}, ""num_aggregated"": 8}"
381,apra,apra_mad_filter,"[34, 93, 9, 87, 45, 42, 21, 68, 95]",[0],"{""median_norm"": 0.531884955418237, ""mad"": 0.11109872928770712, ""k"": 2.0, ""num_accepted"": 9, ""safety_keep_used"": false, ""fallback_used"": false}"
381,apra,apra_hierarchical_cluster,"[34, 93, 9, 87, 45, 42, 21, 68]",[95],"{""best_k"": 2, ""best_score"": 0.7213500738143921, ""selected_cluster"": 0, ""cluster_scores"": {""0"": 5.18369197845459, ""1"": -1.0}, ""num_trusted"": 8, ""fallback_used"": false}"
381,apra,apra_trust_weighted_clip,"[34, 93, 9, 87, 45, 42, 21, 68]",[],"{""base_clip"": 1.0, ""trust_weights"": {""34"": 0.1428571492433548, ""93"": 0.1428571492433548, ""9"": 0.1428571492433548, ""87"": 0.1428571492433548, ""45"": 0.1428571492433548, ""42"": 0.0, ""21"": 0.1428571492433548, ""68"": 0.1428571492433548}, ""num_aggregated"": 8}"
382,apra,apra_mad_filter,"[98, 30, 7, 13, 52, 36, 94, 85]","[1, 3]","{""median_norm"": 0.5651223828534393, ""mad"": 0.0702053381930989, ""k"": 2.0, ""num_accepted"": 8, ""safety_keep_used"": false, ""fallback_used"": false}"
382,apra,apra_hierarchical_cluster,"[98, 30, 7, 52, 36, 94]","[13, 85]","{""best_k"": 2, ""best_score"": 0.688973069190979, ""selected_cluster"": 1, ""cluster_scores"": {""0"": 1.8310770988464355, ""1"": 3.2677602767944336}, ""num_trusted"": 6, ""fallback_used"": false}"
382,apra,apra_trust_weighted_clip,"[98, 30, 7, 52, 36, 94]",[],"{""base_clip"": 1.0, ""trust_weights"": {""98"": 0.25, ""30"": 0.0, ""7"": 0.25, ""52"": 0.25, ""36"": 0.0, ""94"": 0.25}, ""num_aggregated"": 6}"
383,apra,apra_mad_filter,"[81, 18, 78, 64, 59, 91, 36, 38, 83]",[1],"{""median_norm"": 0.5125105919975317, ""mad"": 0.09709439039383508, ""k"": 2.0, ""num_accepted"": 9, ""safety_keep_used"": false, ""fallback_used"": false}"
383,apra,apra_hierarchical_cluster,"[81, 18, 78, 64, 91, 38, 83]","[59, 36]","{""best_k"": 3, ""best_score"": 0.48219120502471924, ""selected_cluster"": 0, ""cluster_scores"": {""0"": 3.8954830169677734, ""1"": -1.0, ""2"": -1.0}, ""num_trusted"": 7, ""fallback_used"": false}"
383,apra,apra_trust_weighted_clip,"[81, 18, 78, 64, 91, 38, 83]",[],"{""base_clip"": 1.0, ""trust_weights"": {""81"": 0.0, ""18"": 0.2524798512458801, ""78"": 0.0, ""64"": 0.0, ""91"": 0.2524798512458801, ""38"": 0.24752014875411987, ""83"": 0.24752014875411987}, ""num_aggregated"": 7}"
384,apra,apra_mad_filter,"[30, 92, 76, 90, 45, 87]","[2, 19, 40, 59]","{""median_norm"": 0.7613439655936034, ""mad"": 0.05343693184482606, ""k"": 2.0, ""num_accepted"": 6, ""safety_keep_used"": false, ""fallback_used"": false}"
384,apra,apra_hierarchical_cluster,"[92, 76, 90, 45, 87]",[30],"{""best_k"": 2, ""best_score"": 0.7084987759590149, ""selected_cluster"": 0, ""cluster_scores"": {""0"": 3.7949295043945312, ""1"": -1.0}, ""num_trusted"": 5, ""fallback_used"": false}"
384,apra,apra_trust_weighted_clip,"[92, 76, 90, 45, 87]",[],"{""base_clip"": 1.0, ""trust_weights"": {""92"": 0.25, ""76"": 0.25, ""90"": 0.25, ""45"": 0.0, ""87"": 0.25}, ""num_aggregated"": 5}"
385,apra,apra_mad_filter,"[55, 64, 89, 83, 94, 37, 91, 7, 38]",[4],"{""median_norm"": 0.5829410121235667, ""mad"": 0.04919024162476754, ""k"": 2.0, ""num_accepted"": 9, ""safety_keep_used"": false, ""fallback_used"": false}"
385,apra,apra_hierarchical_cluster,"[55, 64, 89, 83, 94, 37, 91, 38]",[7],"{""best_k"": 2, ""best_score"": 0.5044689774513245, ""selected_cluster"": 0, ""cluster_scores"": {""0"": 4.7001190185546875, ""1"": -1.0}, ""num_trusted"": 8, ""fallback_used"": false}"
385,apra,apra_trust_weighted_clip,"[55, 64, 89, 83, 94, 37, 91, 38]",[],"{""base_clip"": 1.0, ""trust_weights"": {""55"": 0.0, ""64"": 0.1666666716337204, ""89"": 0.0, ""83"": 0.1666666716337204, ""94"": 0.1666666716337204, ""37"": 0.1666666716337204, ""91"": 0.1666666716337204, ""38"": 0.1666666716337204}, ""num_aggregated"": 8}"
386,apra,apra_mad_filter,"[59, 34, 82, 98, 51, 93, 36, 80]","[3, 17]","{""median_norm"": 0.4899897022661951, ""mad"": 0.05894410172475112, ""k"": 2.0, ""num_accepted"": 8, ""safety_keep_used"": false, ""fallback_used"": false}"
386,apra,apra_hierarchical_cluster,"[59, 82]","[34, 98, 51, 93, 36, 80]","{""best_k"": 2, ""best_score"": 0.4866023063659668, ""selected_cluster"": 1, ""cluster_scores"": {""0"": 0.8258569836616516, ""1"": 1.85213041305542}, ""num_trusted"": 2, ""fallback_used"": false}"
386,apra,apra_trust_weighted_clip,"[59, 82]",[],"{""base_clip"": 1.0, ""trust_weights"": {""59"": 0.5, ""82"": 0.5}, ""num_aggregated"": 2}"
387,apra,apra_mad_filter,"[20, 95, 66, 28, 85, 38, 14]","[3, 73, 1]","{""median_norm"": 0.580679465528216, ""mad"": 0.06803155964243746, ""k"": 2.0, ""num_accepted"": 7, ""safety_keep_used"": false, ""fallback_used"": false}"
387,apra,apra_hierarchical_cluster,"[20, 66, 28, 85, 38, 14]",[95],"{""best_k"": 2, ""best_score"": 0.5037855505943298, ""selected_cluster"": 0, ""cluster_scores"": {""0"": 1.1233445405960083, ""1"": -1.0}, ""num_trusted"": 6, ""fallback_used"": false}"
387,apra,apra_trust_weighted_clip,"[20, 66, 28, 85, 38, 14]",[],"{""base_clip"": 1.0, ""trust_weights"": {""20"": 0.0, ""66"": 0.20000000298023224, ""28"": 0.20000000298023224, ""85"": 0.20000000298023224, ""38"": 0.20000000298023224, ""14"": 0.20000000298023224}, ""num_aggregated"": 6}"
388,apra,apra_mad_filter,"[58, 81, 85, 10, 5, 77, 74, 57]","[3, 2]","{""median_norm"": 0.5684657259398624, ""mad"": 0.08417090066933486, ""k"": 2.0, ""num_accepted"": 8, ""safety_keep_used"": false, ""fallback_used"": false}"
388,apra,apra_hierarchical_cluster,"[58, 81, 85, 5, 77, 74, 57]",[10],"{""best_k"": 2, ""best_score"": 0.6987873315811157, ""selected_cluster"": 0, ""cluster_scores"": {""0"": 2.5040571689605713, ""1"": -1.0}, ""num_trusted"": 7, ""fallback_used"": false}"
388,apra,apra_trust_weighted_clip,"[58, 81, 85, 5, 77, 74, 57]",[],"{""base_clip"": 1.0, ""trust_weights"": {""58"": 0.1666666716337204, ""81"": 0.1666666716337204, ""85"": 0.0, ""5"": 0.1666666716337204, ""77"": 0.1666666716337204, ""74"": 0.1666666716337204, ""57"": 0.1666666716337204}, ""num_aggregated"": 7}"
389,apra,apra_mad_filter,"[38, 23, 79, 66, 22, 75, 32, 9]","[4, 73]","{""median_norm"": 0.5769100400703726, ""mad"": 0.05765926074987565, ""k"": 2.0, ""num_accepted"": 8, ""safety_keep_used"": false, ""fallback_used"": false}"
389,apra,apra_hierarchical_cluster,"[38, 23, 79, 66, 22, 75, 9]",[32],"{""best_k"": 2, ""best_score"": 0.7013936042785645, ""selected_cluster"": 0, ""cluster_scores"": {""0"": 3.626847743988037, ""1"": -1.0}, ""num_trusted"": 7, ""fallback_used"": false}"
389,apra,apra_trust_weighted_clip,"[38, 23, 79, 66, 22, 75, 9]",[],"{""base_clip"": 1.0, ""trust_weights"": {""38"": 0.25, ""23"": 0.25, ""79"": 0.25, ""66"": 0.0, ""22"": 0.0, ""75"": 0.0, ""9"": 0.25}, ""num_aggregated"": 7}"
390,apra,apra_mad_filter,"[82, 16, 65, 55, 46, 45, 78]","[3, 34, 17]","{""median_norm"": 0.5395533315957464, ""mad"": 0.04724864193624079, ""k"": 2.0, ""num_accepted"": 7, ""safety_keep_used"": false, ""fallback_used"": false}"
390,apra,apra_hierarchical_cluster,"[82, 16, 55, 45, 78]","[65, 46]","{""best_k"": 2, ""best_score"": 0.4927884638309479, ""selected_cluster"": 1, ""cluster_scores"": {""0"": 1.8218066692352295, ""1"": 3.797013282775879}, ""num_trusted"": 5, ""fallback_used"": false}"
390,apra,apra_trust_weighted_clip,"[82, 16, 55, 45, 78]",[],"{""base_clip"": 1.0, ""trust_weights"": {""82"": 0.25, ""16"": 0.25, ""55"": 0.25, ""45"": 0.25, ""78"": 0.0}, ""num_aggregated"": 5}"
391,apra,apra_mad_filter,"[7, 99, 24, 37, 67, 76, 10, 44]","[3, 0]","{""median_norm"": 0.6014891132223545, ""mad"": 0.06573232699610243, ""k"": 2.0, ""num_accepted"": 8, ""safety_keep_used"": false, ""fallback_used"": false}"
391,apra,apra_hierarchical_cluster,"[7, 99, 24, 37, 76]","[67, 10, 44]","{""best_k"": 4, ""best_score"": 0.38109955191612244, ""selected_cluster"": 0, ""cluster_scores"": {""0"": 3.9006147384643555, ""1"": -1.0, ""2"": -1.0, ""3"": -1.0}, ""num_trusted"": 5, ""fallback_used"": false}"
391,apra,apra_trust_weighted_clip,"[7, 99, 24, 37, 76]",[],"{""base_clip"": 1.0, ""trust_weights"": {""7"": 0.17768333852291107, ""99"": 0.0, ""24"": 0.2741055488586426, ""37"": 0.2741055488586426, ""76"": 0.2741055488586426}, ""num_aggregated"": 5}"
392,apra,apra_mad_filter,"[61, 73, 74, 12, 47, 99, 68, 96, 34]",[2],"{""median_norm"": 0.5047578460702676, ""mad"": 0.05918336188056761, ""k"": 2.0, ""num_accepted"": 9, ""safety_keep_used"": false, ""fallback_used"": false}"
392,apra,apra_hierarchical_cluster,"[61, 74, 12, 47, 99, 68, 96, 34]",[73],"{""best_k"": 2, ""best_score"": 0.579817533493042, ""selected_cluster"": 0, ""cluster_scores"": {""0"": 2.415902853012085, ""1"": -1.0}, ""num_trusted"": 8, ""fallback_used"": false}"
392,apra,apra_trust_weighted_clip,"[61, 74, 12, 47, 99, 68, 96, 34]",[],"{""base_clip"": 1.0, ""trust_weights"": {""61"": 0.1666666716337204, ""74"": 0.1666666716337204, ""12"": 0.1666666716337204, ""47"": 0.0, ""99"": 0.1666666716337204, ""68"": 0.1666666716337204, ""96"": 0.0, ""34"": 0.1666666716337204}, ""num_aggregated"": 8}"
393,apra,apra_mad_filter,"[34, 87, 45, 49, 15, 84, 19, 99, 29]",[1],"{""median_norm"": 0.6130046727845488, ""mad"": 0.10062129780846724, ""k"": 2.0, ""num_accepted"": 9, ""safety_keep_used"": false, ""fallback_used"": false}"
393,apra,apra_hierarchical_cluster,"[34, 87, 45, 49, 15, 84, 99, 29]",[19],"{""best_k"": 2, ""best_score"": 0.4346376657485962, ""selected_cluster"": 0, ""cluster_scores"": {""0"": 1.0452932119369507, ""1"": -1.0}, ""num_trusted"": 8, ""fallback_used"": false}"
393,apra,apra_trust_weighted_clip,"[34, 87, 45, 49, 15, 84, 99, 29]",[],"{""base_clip"": 1.0, ""trust_weights"": {""34"": 0.1723886877298355, ""87"": 0.1723886877298355, ""45"": 0.13805657625198364, ""49"": 0.1723886877298355, ""15"": 0.1723886877298355, ""84"": 0.1723886877298355, ""99"": 0.0, ""29"": 0.0}, ""num_aggregated"": 8}"
394,apra,apra_mad_filter,"[27, 34, 36, 92, 60, 89, 66]","[2, 8, 4]","{""median_norm"": 0.4972449605095388, ""mad"": 0.05898807365096298, ""k"": 2.0, ""num_accepted"": 7, ""safety_keep_used"": false, ""fallback_used"": false}"
394,apra,apra_hierarchical_cluster,"[27, 34, 92, 60, 89, 66]",[36],"{""best_k"": 2, ""best_score"": 0.6918364763259888, ""selected_cluster"": 0, ""cluster_scores"": {""0"": 5.698770046234131, ""1"": -1.0}, ""num_trusted"": 6, ""fallback_used"": false}"
394,apra,apra_trust_weighted_clip,"[27, 34, 92, 60, 89, 66]",[],"{""base_clip"": 1.0, ""trust_weights"": {""27"": 0.20000000298023224, ""34"": 0.20000000298023224, ""92"": 0.20000000298023224, ""60"": 0.20000000298023224, ""89"": 0.20000000298023224, ""66"": 0.0}, ""num_aggregated"": 6}"
395,apra,apra_mad_filter,"[54, 84, 28, 10, 94, 31, 76, 43, 79]",[0],"{""median_norm"": 0.5976693208526621, ""mad"": 0.08027981035952936, ""k"": 2.0, ""num_accepted"": 9, ""safety_keep_used"": false, ""fallback_used"": false}"
395,apra,apra_hierarchical_cluster,"[84, 28, 10, 94, 76, 43, 79]","[54, 31]","{""best_k"": 3, ""best_score"": 0.7097216844558716, ""selected_cluster"": 0, ""cluster_scores"": {""0"": 5.696810245513916, ""1"": -1.0, ""2"": -1.0}, ""num_trusted"": 7, ""fallback_used"": false}"
395,apra,apra_trust_weighted_clip,"[84, 28, 10, 94, 76, 43, 79]",[],"{""base_clip"": 1.0, ""trust_weights"": {""84"": 0.17231659591197968, ""28"": 0.138417050242424, ""10"": 0.0, ""94"": 0.17231659591197968, ""76"": 0.17231659591197968, ""43"": 0.17231659591197968, ""79"": 0.17231659591197968}, ""num_aggregated"": 7}"
396,apra,apra_mad_filter,"[31, 42, 58, 70, 96, 84, 35, 80]","[2, 3]","{""median_norm"": 0.5290379702858591, ""mad"": 0.1066444285264623, ""k"": 2.0, ""num_accepted"": 8, ""safety_keep_used"": false, ""fallback_used"": false}"
396,apra,apra_hierarchical_cluster,"[42, 58, 70, 96, 84, 35, 80]",[31],"{""best_k"": 2, ""best_score"": 0.6469588279724121, ""selected_cluster"": 0, ""cluster_scores"": {""0"": 2.2843027114868164, ""1"": -1.0}, ""num_trusted"": 7, ""fallback_used"": false}"
396,apra,apra_trust_weighted_clip,"[42, 58, 70, 96, 84, 35, 80]",[],"{""base_clip"": 1.0, ""trust_weights"": {""42"": 0.0, ""58"": 0.2061225324869156, ""70"": 0.2061225324869156, ""96"": 0.17550989985466003, ""84"": 0.2061225324869156, ""35"": 0.0, ""80"": 0.2061225324869156}, ""num_aggregated"": 7}"
397,apra,apra_mad_filter,"[27, 89, 94, 16, 20, 21, 10, 82]","[3, 67]","{""median_norm"": 0.5248163922192651, ""mad"": 0.03724167346079288, ""k"": 2.0, ""num_accepted"": 8, ""safety_keep_used"": false, ""fallback_used"": false}"
397,apra,apra_hierarchical_cluster,"[27, 89, 94, 16, 20, 21, 82]",[10],"{""best_k"": 2, ""best_score"": 0.6777573823928833, ""selected_cluster"": 0, ""cluster_scores"": {""0"": 3.115330219268799, ""1"": -1.0}, ""num_trusted"": 7, ""fallback_used"": false}"
397,apra,apra_trust_weighted_clip,"[27, 89, 94, 16, 20, 21, 82]",[],"{""base_clip"": 1.0, ""trust_weights"": {""27"": 0.0, ""89"": 0.20000000298023224, ""94"": 0.20000000298023224, ""16"": 0.20000000298023224, ""20"": 0.0, ""21"": 0.20000000298023224, ""82"": 0.20000000298023224}, ""num_aggregated"": 7}"
398,apra,apra_mad_filter,"[10, 24, 51, 40, 82, 20, 13, 85, 66]",[0],"{""median_norm"": 0.5272760829226443, ""mad"": 0.04642053479703953, ""k"": 2.0, ""num_accepted"": 9, ""safety_keep_used"": false, ""fallback_used"": false}"
398,apra,apra_hierarchical_cluster,"[24, 51, 40, 82, 20, 13, 85, 66]",[10],"{""best_k"": 2, ""best_score"": 0.5401687026023865, ""selected_cluster"": 0, ""cluster_scores"": {""0"": 3.576693296432495, ""1"": -1.0}, ""num_trusted"": 8, ""fallback_used"": false}"
398,apra,apra_trust_weighted_clip,"[24, 51, 40, 82, 20, 13, 85, 66]",[],"{""base_clip"": 1.0, ""trust_weights"": {""24"": 0.0, ""51"": 0.0, ""40"": 0.18674622476100922, ""82"": 0.18674622476100922, ""20"": 0.18674622476100922, ""13"": 0.06626888364553452, ""85"": 0.18674622476100922, ""66"": 0.18674622476100922}, ""num_aggregated"": 8}"
399,apra,apra_mad_filter,"[41, 33, 34, 99, 64, 71, 65, 75, 28]",[0],"{""median_norm"": 0.7527045668169581, ""mad"": 0.1156699378477366, ""k"": 2.0, ""num_accepted"": 9, ""safety_keep_used"": false, ""fallback_used"": false}"
399,apra,apra_hierarchical_cluster,"[33, 34, 99, 64, 71, 65, 75, 28]",[41],"{""best_k"": 2, ""best_score"": 0.5707848072052002, ""selected_cluster"": 0, ""cluster_scores"": {""0"": 5.727499961853027, ""1"": -1.0}, ""num_trusted"": 8, ""fallback_used"": false}"
399,apra,apra_trust_weighted_clip,"[33, 34, 99, 64, 71, 65, 75, 28]",[],"{""base_clip"": 1.0, ""trust_weights"": {""33"": 0.17528964579105377, ""34"": 0.17528964579105377, ""99"": 0.0, ""64"": 0.17528964579105377, ""71"": 0.06550934165716171, ""65"": 0.10025451332330704, ""75"": 0.13307751715183258, ""28"": 0.17528964579105377}, ""num_aggregated"": 8}"
400,apra,apra_mad_filter,"[82, 59, 7, 63, 8, 57, 80]","[3, 48, 4]","{""median_norm"": 0.5446633568610817, ""mad"": 0.0929305199623017, ""k"": 2.0, ""num_accepted"": 7, ""safety_keep_used"": false, ""fallback_used"": false}"
400,apra,apra_hierarchical_cluster,"[82, 59, 7, 63, 57, 80]",[8],"{""best_k"": 2, ""best_score"": 0.6459792852401733, ""selected_cluster"": 0, ""cluster_scores"": {""0"": 4.66972017288208, ""1"": -1.0}, ""num_trusted"": 6, ""fallback_used"": false}"
400,apra,apra_trust_weighted_clip,"[82, 59, 7, 63, 57, 80]",[],"{""base_clip"": 1.0, ""trust_weights"": {""82"": 0.0, ""59"": 0.21259494125843048, ""7"": 0.21259494125843048, ""63"": 0.21259494125843048, ""57"": 0.14962023496627808, ""80"": 0.21259494125843048}, ""num_aggregated"": 6}"
401,apra,apra_mad_filter,"[2, 83, 93, 3, 52, 17, 50, 86, 28]",[82],"{""median_norm"": 0.7500332866024921, ""mad"": 0.12240032536843753, ""k"": 2.0, ""num_accepted"": 9, ""safety_keep_used"": false, ""fallback_used"": false}"
401,apra,apra_hierarchical_cluster,"[2, 83, 93, 3, 52, 50, 86, 28]",[17],"{""best_k"": 2, ""best_score"": 0.5189908146858215, ""selected_cluster"": 0, ""cluster_scores"": {""0"": 1.246401071548462, ""1"": -1.0}, ""num_trusted"": 8, ""fallback_used"": false}"
401,apra,apra_trust_weighted_clip,"[2, 83, 93, 3, 52, 50, 86, 28]",[],"{""base_clip"": 1.0, ""trust_weights"": {""2"": 0.182800754904747, ""83"": 0.0, ""93"": 0.182800754904747, ""3"": 0.02476378343999386, ""52"": 0.182800754904747, ""50"": 0.182800754904747, ""86"": 0.06123249605298042, ""28"": 0.182800754904747}, ""num_aggregated"": 8}"
402,apra,apra_mad_filter,"[57, 52, 23, 33, 92, 85, 98, 26, 17]",[1],"{""median_norm"": 0.5133453974303219, ""mad"": 0.0564714778357959, ""k"": 2.0, ""num_accepted"": 9, ""safety_keep_used"": false, ""fallback_used"": false}"
402,apra,apra_hierarchical_cluster,"[57, 52, 33, 92, 85, 98, 26, 17]",[23],"{""best_k"": 2, ""best_score"": 0.6255793571472168, ""selected_cluster"": 0, ""cluster_scores"": {""0"": 2.493016481399536, ""1"": -1.0}, ""num_trusted"": 8, ""fallback_used"": false}"
402,apra,apra_trust_weighted_clip,"[57, 52, 33, 92, 85, 98, 26, 17]",[],"{""base_clip"": 1.0, ""trust_weights"": {""57"": 0.1616756021976471, ""52"": 0.1616756021976471, ""33"": 0.0471428707242012, ""92"": 0.1616756021976471, ""85"": 0.0, ""98"": 0.1616756021976471, ""26"": 0.14447909593582153, ""17"": 0.1616756021976471}, ""num_aggregated"": 8}"
403,apra,apra_mad_filter,"[43, 58, 20, 99, 64, 78, 68, 7]","[3, 0]","{""median_norm"": 0.4878080736682074, ""mad"": 0.0546065404505815, ""k"": 2.0, ""num_accepted"": 8, ""safety_keep_used"": false, ""fallback_used"": false}"
403,apra,apra_hierarchical_cluster,"[43, 58, 20, 64, 78, 68, 7]",[99],"{""best_k"": 2, ""best_score"": 0.4797528386116028, ""selected_cluster"": 0, ""cluster_scores"": {""0"": 3.5747268199920654, ""1"": -1.0}, ""num_trusted"": 7, ""fallback_used"": false}"
403,apra,apra_trust_weighted_clip,"[43, 58, 20, 64, 78, 68, 7]",[],"{""base_clip"": 1.0, ""trust_weights"": {""43"": 0.1666666716337204, ""58"": 0.1666666716337204, ""20"": 0.0, ""64"": 0.1666666716337204, ""78"": 0.1666666716337204, ""68"": 0.1666666716337204, ""7"": 0.1666666716337204}, ""num_aggregated"": 7}"
404,apra,apra_mad_filter,"[95, 63, 6, 62, 66, 80, 96, 83, 31]",[2],"{""median_norm"": 0.5637732820231349, ""mad"": 0.10615234968177595, ""k"": 2.0, ""num_accepted"": 9, ""safety_keep_used"": false, ""fallback_used"": false}"
404,apra,apra_hierarchical_cluster,"[63, 6, 62, 66, 80, 96, 83, 31]",[95],"{""best_k"": 2, ""best_score"": 0.5474230647087097, ""selected_cluster"": 0, ""cluster_scores"": {""0"": 2.7478084564208984, ""1"": -1.0}, ""num_trusted"": 8, ""fallback_used"": false}"
404,apra,apra_trust_weighted_clip,"[63, 6, 62, 66, 80, 96, 83, 31]",[],"{""base_clip"": 1.0, ""trust_weights"": {""63"": 0.18948379158973694, ""6"": 0.18948379158973694, ""62"": 0.05258103460073471, ""66"": 0.18948379158973694, ""80"": 0.18948379158973694, ""96"": 0.0, ""83"": 0.18948379158973694, ""31"": 0.0}, ""num_aggregated"": 8}"
405,apra,apra_mad_filter,"[78, 64, 85, 43, 21, 90, 84, 25]","[3, 67]","{""median_norm"": 0.5131703289132303, ""mad"": 0.03630656118304887, ""k"": 2.0, ""num_accepted"": 8, ""safety_keep_used"": false, ""fallback_used"": false}"
405,apra,apra_hierarchical_cluster,"[78, 64, 43, 21, 90, 84, 25]",[85],"{""best_k"": 2, ""best_score"": 0.5130220055580139, ""selected_cluster"": 0, ""cluster_scores"": {""0"": 2.023120403289795, ""1"": -1.0}, ""num_trusted"": 7, ""fallback_used"": false}"
405,apra,apra_trust_weighted_clip,"[78, 64, 43, 21, 90, 84, 25]",[],"{""base_clip"": 1.0, ""trust_weights"": {""78"": 0.32738590240478516, ""64"": 0.01784227415919304, ""43"": 0.0, ""21"": 0.32738590240478516, ""90"": 0.32738590240478516, ""84"": 0.0, ""25"": 0.0}, ""num_aggregated"": 7}"
406,apra,apra_mad_filter,"[76, 80, 56, 25, 50, 14, 67, 39]","[4, 73]","{""median_norm"": 0.5605275356552158, ""mad"": 0.058044415671049676, ""k"": 2.0, ""num_accepted"": 8, ""safety_keep_used"": false, ""fallback_used"": false}"
406,apra,apra_hierarchical_cluster,"[76, 80, 56, 25, 50, 14, 39]",[67],"{""best_k"": 2, ""best_score"": 0.69190514087677, ""selected_cluster"": 0, ""cluster_scores"": {""0"": 4.849052429199219, ""1"": -1.0}, ""num_trusted"": 7, ""fallback_used"": false}"
406,apra,apra_trust_weighted_clip,"[76, 80, 56, 25, 50, 14, 39]",[],"{""base_clip"": 1.0, ""trust_weights"": {""76"": 0.16737882792949677, ""80"": 0.16737882792949677, ""56"": 0.1631057858467102, ""25"": 0.16737882792949677, ""50"": 0.16737882792949677, ""14"": 0.16737882792949677, ""39"": 0.0}, ""num_aggregated"": 7}"
407,apra,apra_mad_filter,"[36, 35, 14, 87, 76, 70, 29, 65]","[2, 47]","{""median_norm"": 0.5103746768800115, ""mad"": 0.09509790149376074, ""k"": 2.0, ""num_accepted"": 8, ""safety_keep_used"": false, ""fallback_used"": false}"
407,apra,apra_hierarchical_cluster,"[35, 14, 87, 76, 70, 29, 65]",[36],"{""best_k"": 2, ""best_score"": 0.5279850363731384, ""selected_cluster"": 0, ""cluster_scores"": {""0"": 2.2809088230133057, ""1"": -1.0}, ""num_trusted"": 7, ""fallback_used"": false}"
407,apra,apra_trust_weighted_clip,"[35, 14, 87, 76, 70, 29, 65]",[],"{""base_clip"": 1.0, ""trust_weights"": {""35"": 0.0, ""14"": 0.20000000298023224, ""87"": 0.20000000298023224, ""76"": 0.20000000298023224, ""70"": 0.20000000298023224, ""29"": 0.20000000298023224, ""65"": 0.0}, ""num_aggregated"": 7}"
408,apra,apra_mad_filter,"[3, 92, 73, 20, 68, 22, 52, 19, 96, 78]",[],"{""median_norm"": 0.5661474160885394, ""mad"": 0.11908140999063352, ""k"": 2.0, ""num_accepted"": 10, ""safety_keep_used"": false, ""fallback_used"": false}"
408,apra,apra_hierarchical_cluster,"[3, 92, 20, 68, 22, 52, 19, 96, 78]",[73],"{""best_k"": 2, ""best_score"": 0.7332097291946411, ""selected_cluster"": 0, ""cluster_scores"": {""0"": 5.220345497131348, ""1"": -1.0}, ""num_trusted"": 9, ""fallback_used"": false}"
408,apra,apra_trust_weighted_clip,"[3, 92, 20, 68, 22, 52, 19, 96, 78]",[],"{""base_clip"": 1.0, ""trust_weights"": {""3"": 0.125, ""92"": 0.125, ""20"": 0.125, ""68"": 0.125, ""22"": 0.125, ""52"": 0.125, ""19"": 0.0, ""96"": 0.125, ""78"": 0.125}, ""num_aggregated"": 9}"
409,apra,apra_mad_filter,"[13, 54, 46, 14, 41, 78, 93, 74, 22]",[0],"{""median_norm"": 0.5051805098465757, ""mad"": 0.13087083733769253, ""k"": 2.0, ""num_accepted"": 9, ""safety_keep_used"": false, ""fallback_used"": false}"
409,apra,apra_hierarchical_cluster,"[13, 46, 14, 78, 93, 74, 22]","[54, 41]","{""best_k"": 2, ""best_score"": 0.6795941591262817, ""selected_cluster"": 1, ""cluster_scores"": {""0"": 1.9537118673324585, ""1"": 6.145292282104492}, ""num_trusted"": 7, ""fallback_used"": false}"
409,apra,apra_trust_weighted_clip,"[13, 46, 14, 78, 93, 74, 22]",[],"{""base_clip"": 1.0, ""trust_weights"": {""13"": 0.0, ""46"": 0.1666666716337204, ""14"": 0.1666666716337204, ""78"": 0.1666666716337204, ""93"": 0.1666666716337204, ""74"": 0.1666666716337204, ""22"": 0.1666666716337204}, ""num_aggregated"": 7}"
410,apra,apra_mad_filter,"[3, 37, 58, 70, 95, 64, 13, 47, 83, 43]",[],"{""median_norm"": 0.621097615207792, ""mad"": 0.14993352867854434, ""k"": 2.0, ""num_accepted"": 10, ""safety_keep_used"": false, ""fallback_used"": false}"
410,apra,apra_hierarchical_cluster,"[3, 37, 58, 70, 64, 13, 47, 83, 43]",[95],"{""best_k"": 2, ""best_score"": 0.6385939717292786, ""selected_cluster"": 0, ""cluster_scores"": {""0"": 3.0912370681762695, ""1"": -1.0}, ""num_trusted"": 9, ""fallback_used"": false}"
410,apra,apra_trust_weighted_clip,"[3, 37, 58, 70, 64, 13, 47, 83, 43]",[],"{""base_clip"": 1.0, ""trust_weights"": {""3"": 0.1666666716337204, ""37"": 0.1666666716337204, ""58"": 0.1666666716337204, ""70"": 0.0, ""64"": 0.1666666716337204, ""13"": 0.0, ""47"": 0.0, ""83"": 0.1666666716337204, ""43"": 0.1666666716337204}, ""num_aggregated"": 9}"
411,apra,apra_mad_filter,"[25, 27, 10, 83, 58, 74, 86, 28]","[1, 30]","{""median_norm"": 0.49987164992594707, ""mad"": 0.06285738917000028, ""k"": 2.0, ""num_accepted"": 8, ""safety_keep_used"": false, ""fallback_used"": false}"
411,apra,apra_hierarchical_cluster,"[25, 27, 83, 58, 74, 86, 28]",[10],"{""best_k"": 2, ""best_score"": 0.6525571942329407, ""selected_cluster"": 0, ""cluster_scores"": {""0"": 3.795330047607422, ""1"": -1.0}, ""num_trusted"": 7, ""fallback_used"": false}"
411,apra,apra_trust_weighted_clip,"[25, 27, 83, 58, 74, 86, 28]",[],"{""base_clip"": 1.0, ""trust_weights"": {""25"": 0.0, ""27"": 0.1666666716337204, ""83"": 0.1666666716337204, ""58"": 0.1666666716337204, ""74"": 0.1666666716337204, ""86"": 0.1666666716337204, ""28"": 0.1666666716337204}, ""num_aggregated"": 7}"
412,apra,apra_mad_filter,"[64, 43, 50, 9, 79, 55, 96, 13, 60]",[2],"{""median_norm"": 0.47538138225925125, ""mad"": 0.05535211508468124, ""k"": 2.0, ""num_accepted"": 9, ""safety_keep_used"": false, ""fallback_used"": false}"
412,apra,apra_hierarchical_cluster,"[64, 43, 50, 9, 79, 55, 13, 60]",[96],"{""best_k"": 2, ""best_score"": 0.6106404662132263, ""selected_cluster"": 0, ""cluster_scores"": {""0"": 3.683119297027588, ""1"": -1.0}, ""num_trusted"": 8, ""fallback_used"": false}"
412,apra,apra_trust_weighted_clip,"[64, 43, 50, 9, 79, 55, 13, 60]",[],"{""base_clip"": 1.0, ""trust_weights"": {""64"": 0.1666666716337204, ""43"": 0.1666666716337204, ""50"": 0.1666666716337204, ""9"": 0.0, ""79"": 0.1666666716337204, ""55"": 0.1666666716337204, ""13"": 0.0, ""60"": 0.1666666716337204}, ""num_aggregated"": 8}"
413,apra,apra_mad_filter,"[3, 47, 81, 7, 19, 15, 2, 6, 22, 64]",[],"{""median_norm"": 0.6541862042152992, ""mad"": 0.178972184875636, ""k"": 2.0, ""num_accepted"": 10, ""safety_keep_used"": false, ""fallback_used"": false}"
413,apra,apra_hierarchical_cluster,"[3, 81, 7, 19, 15, 2, 6, 22, 64]",[47],"{""best_k"": 2, ""best_score"": 0.6624062657356262, ""selected_cluster"": 0, ""cluster_scores"": {""0"": 4.225884437561035, ""1"": -1.0}, ""num_trusted"": 9, ""fallback_used"": false}"
413,apra,apra_trust_weighted_clip,"[3, 81, 7, 19, 15, 2, 6, 22, 64]",[],"{""base_clip"": 1.0, ""trust_weights"": {""3"": 0.1428571492433548, ""81"": 0.1428571492433548, ""7"": 0.1428571492433548, ""19"": 0.0, ""15"": 0.1428571492433548, ""2"": 0.0, ""6"": 0.1428571492433548, ""22"": 0.1428571492433548, ""64"": 0.1428571492433548}, ""num_aggregated"": 9}"
414,apra,apra_mad_filter,"[55, 40, 85, 79, 99, 73, 46, 67, 86]",[4],"{""median_norm"": 0.5788397031030454, ""mad"": 0.10661465582939855, ""k"": 2.0, ""num_accepted"": 9, ""safety_keep_used"": false, ""fallback_used"": false}"
414,apra,apra_hierarchical_cluster,"[55, 40, 85, 79, 99, 46, 67, 86]",[73],"{""best_k"": 2, ""best_score"": 0.726204514503479, ""selected_cluster"": 0, ""cluster_scores"": {""0"": 5.1078996658325195, ""1"": -1.0}, ""num_trusted"": 8, ""fallback_used"": false}"
414,apra,apra_trust_weighted_clip,"[55, 40, 85, 79, 99, 46, 67, 86]",[],"{""base_clip"": 1.0, ""trust_weights"": {""55"": 0.25, ""40"": 0.0, ""85"": 0.25, ""79"": 0.25, ""99"": 0.0, ""46"": 0.0, ""67"": 0.0, ""86"": 0.25}, ""num_aggregated"": 8}"
415,apra,apra_mad_filter,"[8, 99, 45, 16, 82, 17, 42, 30]","[3, 0]","{""median_norm"": 0.6247565530998915, ""mad"": 0.07041693387529535, ""k"": 2.0, ""num_accepted"": 8, ""safety_keep_used"": false, ""fallback_used"": false}"
415,apra,apra_hierarchical_cluster,"[45, 16, 82, 17, 30]","[8, 99, 42]","{""best_k"": 3, ""best_score"": 0.38269102573394775, ""selected_cluster"": 0, ""cluster_scores"": {""0"": 3.2818844318389893, ""1"": -1.0, ""2"": 1.6681928634643555}, ""num_trusted"": 5, ""fallback_used"": false}"
415,apra,apra_trust_weighted_clip,"[45, 16, 82, 17, 30]",[],"{""base_clip"": 1.0, ""trust_weights"": {""45"": 0.25, ""16"": 0.25, ""82"": 0.25, ""17"": 0.25, ""30"": 0.0}, ""num_aggregated"": 5}"
416,apra,apra_mad_filter,"[84, 7, 54, 25, 13, 79, 90, 43]","[4, 0]","{""median_norm"": 0.5483997121657453, ""mad"": 0.12408895993533237, ""k"": 2.0, ""num_accepted"": 8, ""safety_keep_used"": false, ""fallback_used"": false}"
416,apra,apra_hierarchical_cluster,"[84, 7, 25, 13, 79, 90, 43]",[54],"{""best_k"": 2, ""best_score"": 0.7804480791091919, ""selected_cluster"": 0, ""cluster_scores"": {""0"": 6.203641414642334, ""1"": -1.0}, ""num_trusted"": 7, ""fallback_used"": false}"
416,apra,apra_trust_weighted_clip,"[84, 7, 25, 13, 79, 90, 43]",[],"{""base_clip"": 1.0, ""trust_weights"": {""84"": 0.1666666716337204, ""7"": 0.1666666716337204, ""25"": 0.0, ""13"": 0.1666666716337204, ""79"": 0.1666666716337204, ""90"": 0.1666666716337204, ""43"": 0.1666666716337204}, ""num_aggregated"": 7}"
417,apra,apra_mad_filter,"[64, 50, 77, 27, 22, 94, 72, 60, 82]",[1],"{""median_norm"": 0.47176113907363626, ""mad"": 0.06281724673783146, ""k"": 2.0, ""num_accepted"": 9, ""safety_keep_used"": false, ""fallback_used"": false}"
417,apra,apra_hierarchical_cluster,"[64, 50, 77, 27, 22, 94, 60, 82]",[72],"{""best_k"": 2, ""best_score"": 0.5295529365539551, ""selected_cluster"": 0, ""cluster_scores"": {""0"": 1.3890681266784668, ""1"": -1.0}, ""num_trusted"": 8, ""fallback_used"": false}"
417,apra,apra_trust_weighted_clip,"[64, 50, 77, 27, 22, 94, 60, 82]",[],"{""base_clip"": 1.0, ""trust_weights"": {""64"": 0.1666666716337204, ""50"": 0.1666666716337204, ""77"": 0.1666666716337204, ""27"": 0.1666666716337204, ""22"": 0.1666666716337204, ""94"": 0.1666666716337204, ""60"": 0.0, ""82"": 0.0}, ""num_aggregated"": 8}"
418,apra,apra_mad_filter,"[22, 91, 64, 37, 87, 50, 24, 23]","[4, 88]","{""median_norm"": 0.4951339228270006, ""mad"": 0.11743191886411997, ""k"": 2.0, ""num_accepted"": 8, ""safety_keep_used"": false, ""fallback_used"": false}"
418,apra,apra_hierarchical_cluster,"[22, 91, 37, 87, 50, 23]","[64, 24]","{""best_k"": 2, ""best_score"": 0.5705541968345642, ""selected_cluster"": 1, ""cluster_scores"": {""0"": 1.939038634300232, ""1"": 5.8815412521362305}, ""num_trusted"": 6, ""fallback_used"": false}"
418,apra,apra_trust_weighted_clip,"[22, 91, 37, 87, 50, 23]",[],"{""base_clip"": 1.0, ""trust_weights"": {""22"": 0.20000000298023224, ""91"": 0.0, ""37"": 0.20000000298023224, ""87"": 0.20000000298023224, ""50"": 0.20000000298023224, ""23"": 0.20000000298023224}, ""num_aggregated"": 6}"
419,apra,apra_mad_filter,"[66, 87, 79, 61, 41, 25, 12, 10, 96]",[3],"{""median_norm"": 0.5092098733646153, ""mad"": 0.0787173050697961, ""k"": 2.0, ""num_accepted"": 9, ""safety_keep_used"": false, ""fallback_used"": false}"
419,apra,apra_hierarchical_cluster,"[66, 87, 79, 61, 25, 12]","[41, 10, 96]","{""best_k"": 3, ""best_score"": 0.591183066368103, ""selected_cluster"": 0, ""cluster_scores"": {""0"": 4.040252685546875, ""1"": 1.8539814949035645, ""2"": -1.0}, ""num_trusted"": 6, ""fallback_used"": false}"
419,apra,apra_trust_weighted_clip,"[66, 87, 79, 61, 25, 12]",[],"{""base_clip"": 1.0, ""trust_weights"": {""66"": 0.0, ""87"": 0.20000000298023224, ""79"": 0.20000000298023224, ""61"": 0.20000000298023224, ""25"": 0.20000000298023224, ""12"": 0.20000000298023224}, ""num_aggregated"": 6}"
420,apra,apra_mad_filter,"[21, 86, 34, 98, 27, 69, 63, 18, 85]",[2],"{""median_norm"": 0.4761549309945534, ""mad"": 0.03933280400335365, ""k"": 2.0, ""num_accepted"": 9, ""safety_keep_used"": false, ""fallback_used"": false}"
420,apra,apra_hierarchical_cluster,"[21, 86, 34, 98, 27, 63, 18, 85]",[69],"{""best_k"": 2, ""best_score"": 0.7196654081344604, ""selected_cluster"": 0, ""cluster_scores"": {""0"": 4.432681083679199, ""1"": -1.0}, ""num_trusted"": 8, ""fallback_used"": false}"
420,apra,apra_trust_weighted_clip,"[21, 86, 34, 98, 27, 63, 18, 85]",[],"{""base_clip"": 1.0, ""trust_weights"": {""21"": 0.0, ""86"": 0.3333333432674408, ""34"": 0.3333333432674408, ""98"": 0.0, ""27"": 0.0, ""63"": 0.0, ""18"": 0.3333333432674408, ""85"": 0.0}, ""num_aggregated"": 8}"
421,apra,apra_mad_filter,"[57, 58, 78, 25, 94, 13, 40, 84]","[0, 42]","{""median_norm"": 0.4682821863534252, ""mad"": 0.03377393153913663, ""k"": 2.0, ""num_accepted"": 8, ""safety_keep_used"": false, ""fallback_used"": false}"
421,apra,apra_hierarchical_cluster,"[57, 58, 78, 94, 13, 40, 84]",[25],"{""best_k"": 2, ""best_score"": 0.5417951345443726, ""selected_cluster"": 0, ""cluster_scores"": {""0"": 5.686163425445557, ""1"": -1.0}, ""num_trusted"": 7, ""fallback_used"": false}"
421,apra,apra_trust_weighted_clip,"[57, 58, 78, 94, 13, 40, 84]",[],"{""base_clip"": 1.0, ""trust_weights"": {""57"": 0.18261513113975525, ""58"": 0.0, ""78"": 0.18261513113975525, ""94"": 0.18261513113975525, ""13"": 0.08692433685064316, ""40"": 0.18261513113975525, ""84"": 0.18261513113975525}, ""num_aggregated"": 7}"
422,apra,apra_mad_filter,"[33, 84, 78, 35, 15, 76, 91, 73, 49]",[2],"{""median_norm"": 0.6836707207143293, ""mad"": 0.09417370287945126, ""k"": 2.0, ""num_accepted"": 9, ""safety_keep_used"": false, ""fallback_used"": false}"
422,apra,apra_hierarchical_cluster,"[33, 84, 78, 35, 15, 76, 91, 49]",[73],"{""best_k"": 2, ""best_score"": 0.7653533220291138, ""selected_cluster"": 0, ""cluster_scores"": {""0"": 5.457418441772461, ""1"": -1.0}, ""num_trusted"": 8, ""fallback_used"": false}"
422,apra,apra_trust_weighted_clip,"[33, 84, 78, 35, 15, 76, 91, 49]",[],"{""base_clip"": 1.0, ""trust_weights"": {""33"": 0.1666666716337204, ""84"": 0.1666666716337204, ""78"": 0.1666666716337204, ""35"": 0.0, ""15"": 0.1666666716337204, ""76"": 0.1666666716337204, ""91"": 0.1666666716337204, ""49"": 0.0}, ""num_aggregated"": 8}"
423,apra,apra_mad_filter,"[41, 87, 74, 98, 84, 50, 23, 82, 34]",[2],"{""median_norm"": 0.5175756690753297, ""mad"": 0.07662217271153957, ""k"": 2.0, ""num_accepted"": 9, ""safety_keep_used"": false, ""fallback_used"": false}"
423,apra,apra_hierarchical_cluster,"[87, 74, 98, 84, 50, 23, 82, 34]",[41],"{""best_k"": 2, ""best_score"": 0.7063277363777161, ""selected_cluster"": 0, ""cluster_scores"": {""0"": 4.745721340179443, ""1"": -1.0}, ""num_trusted"": 8, ""fallback_used"": false}"
423,apra,apra_trust_weighted_clip,"[87, 74, 98, 84, 50, 23, 82, 34]",[],"{""base_clip"": 1.0, ""trust_weights"": {""87"": 0.1666666716337204, ""74"": 0.1666666716337204, ""98"": 0.1666666716337204, ""84"": 0.1666666716337204, ""50"": 0.1666666716337204, ""23"": 0.0, ""82"": 0.0, ""34"": 0.1666666716337204}, ""num_aggregated"": 8}"
424,apra,apra_mad_filter,"[71, 36, 74, 92, 19, 99, 64, 58]","[1, 0]","{""median_norm"": 0.5517454460071568, ""mad"": 0.08776761804435901, ""k"": 2.0, ""num_accepted"": 8, ""safety_keep_used"": false, ""fallback_used"": false}"
424,apra,apra_hierarchical_cluster,"[71, 36, 74, 92, 99, 64, 58]",[19],"{""best_k"": 2, ""best_score"": 0.5189194679260254, ""selected_cluster"": 0, ""cluster_scores"": {""0"": 2.775418996810913, ""1"": -1.0}, ""num_trusted"": 7, ""fallback_used"": false}"
424,apra,apra_trust_weighted_clip,"[71, 36, 74, 92, 99, 64, 58]",[],"{""base_clip"": 1.0, ""trust_weights"": {""71"": 0.0, ""36"": 0.0, ""74"": 0.22990228235721588, ""92"": 0.22990228235721588, ""99"": 0.08039087057113647, ""64"": 0.22990228235721588, ""58"": 0.22990228235721588}, ""num_aggregated"": 7}"
425,apra,apra_mad_filter,"[46, 58, 30, 86, 82, 53, 68, 43]","[0, 1]","{""median_norm"": 0.597570589395982, ""mad"": 0.08098952646059887, ""k"": 2.0, ""num_accepted"": 8, ""safety_keep_used"": false, ""fallback_used"": false}"
425,apra,apra_hierarchical_cluster,"[46, 58, 86, 82, 53, 68, 43]",[30],"{""best_k"": 2, ""best_score"": 0.7176278829574585, ""selected_cluster"": 0, ""cluster_scores"": {""0"": 5.971072673797607, ""1"": -1.0}, ""num_trusted"": 7, ""fallback_used"": false}"
425,apra,apra_trust_weighted_clip,"[46, 58, 86, 82, 53, 68, 43]",[],"{""base_clip"": 1.0, ""trust_weights"": {""46"": 0.0, ""58"": 0.013859804719686508, ""86"": 0.493070125579834, ""82"": 0.0, ""53"": 0.0, ""68"": 0.493070125579834, ""43"": 0.0}, ""num_aggregated"": 7}"
426,apra,apra_mad_filter,"[8, 42, 87, 15, 70, 20, 45, 12]","[3, 83]","{""median_norm"": 0.6008958684773864, ""mad"": 0.05904482204923017, ""k"": 2.0, ""num_accepted"": 8, ""safety_keep_used"": false, ""fallback_used"": false}"
426,apra,apra_hierarchical_cluster,"[87, 70, 12]","[8, 42, 15, 20, 45]","{""best_k"": 4, ""best_score"": 0.37117746472358704, ""selected_cluster"": 1, ""cluster_scores"": {""0"": 2.3935954570770264, ""1"": 2.784550189971924, ""2"": -1.0, ""3"": -1.0}, ""num_trusted"": 3, ""fallback_used"": false}"
426,apra,apra_trust_weighted_clip,"[87, 70, 12]",[],"{""base_clip"": 1.0, ""trust_weights"": {""87"": 0.5, ""70"": 0.5, ""12"": 0.0}, ""num_aggregated"": 3}"
427,apra,apra_mad_filter,"[25, 12, 84, 69, 56, 58]","[0, 4, 17, 3]","{""median_norm"": 0.5377423266199647, ""mad"": 0.07972948002878066, ""k"": 2.0, ""num_accepted"": 6, ""safety_keep_used"": false, ""fallback_used"": false}"
427,apra,apra_hierarchical_cluster,"[25, 12, 84, 56, 58]",[69],"{""best_k"": 2, ""best_score"": 0.5694159865379333, ""selected_cluster"": 0, ""cluster_scores"": {""0"": 2.248098373413086, ""1"": -1.0}, ""num_trusted"": 5, ""fallback_used"": false}"
427,apra,apra_trust_weighted_clip,"[25, 12, 84, 56, 58]",[],"{""base_clip"": 1.0, ""trust_weights"": {""25"": 0.0, ""12"": 0.3864980936050415, ""84"": 0.227003812789917, ""56"": 0.0, ""58"": 0.3864980936050415}, ""num_aggregated"": 5}"
428,apra,apra_mad_filter,"[46, 75, 14, 36, 95, 48, 54, 55, 10]",[3],"{""median_norm"": 0.6836979944857657, ""mad"": 0.08633649420071188, ""k"": 2.0, ""num_accepted"": 9, ""safety_keep_used"": false, ""fallback_used"": false}"
428,apra,apra_hierarchical_cluster,"[46, 75, 14, 36, 55, 10]","[95, 48, 54]","{""best_k"": 3, ""best_score"": 0.47767898440361023, ""selected_cluster"": 0, ""cluster_scores"": {""0"": 4.033234596252441, ""1"": 1.839224100112915, ""2"": -1.0}, ""num_trusted"": 6, ""fallback_used"": false}"
428,apra,apra_trust_weighted_clip,"[46, 75, 14, 36, 55, 10]",[],"{""base_clip"": 1.0, ""trust_weights"": {""46"": 0.0, ""75"": 0.0, ""14"": 0.5, ""36"": 0.0, ""55"": 0.5, ""10"": 0.0}, ""num_aggregated"": 6}"
429,apra,apra_mad_filter,"[4, 53, 52, 94, 59, 88, 49, 1, 12, 93]",[],"{""median_norm"": 0.7934144762070431, ""mad"": 0.34155341839641323, ""k"": 2.0, ""num_accepted"": 10, ""safety_keep_used"": false, ""fallback_used"": false}"
429,apra,apra_hierarchical_cluster,"[4, 53, 52, 94, 59, 49, 1, 12, 93]",[88],"{""best_k"": 2, ""best_score"": 0.8438876867294312, ""selected_cluster"": 0, ""cluster_scores"": {""0"": 7.590415954589844, ""1"": -1.0}, ""num_trusted"": 9, ""fallback_used"": false}"
429,apra,apra_trust_weighted_clip,"[4, 53, 52, 94, 59, 49, 1, 12, 93]",[],"{""base_clip"": 1.0, ""trust_weights"": {""4"": 0.0, ""53"": 0.1428571492433548, ""52"": 0.1428571492433548, ""94"": 0.1428571492433548, ""59"": 0.0, ""49"": 0.1428571492433548, ""1"": 0.1428571492433548, ""12"": 0.1428571492433548, ""93"": 0.1428571492433548}, ""num_aggregated"": 9}"
430,apra,apra_mad_filter,"[7, 92, 35, 31, 99, 11, 24, 51]","[2, 0]","{""median_norm"": 0.6165089432693034, ""mad"": 0.06471222981825053, ""k"": 2.0, ""num_accepted"": 8, ""safety_keep_used"": false, ""fallback_used"": false}"
430,apra,apra_hierarchical_cluster,"[7, 92, 35, 99, 11, 24, 51]",[31],"{""best_k"": 2, ""best_score"": 0.7091033458709717, ""selected_cluster"": 0, ""cluster_scores"": {""0"": 5.299143314361572, ""1"": -1.0}, ""num_trusted"": 7, ""fallback_used"": false}"
430,apra,apra_trust_weighted_clip,"[7, 92, 35, 99, 11, 24, 51]",[],"{""base_clip"": 1.0, ""trust_weights"": {""7"": 0.023751305416226387, ""92"": 0.30786168575286865, ""35"": 0.0, ""99"": 0.0, ""11"": 0.30786168575286865, ""24"": 0.05266357958316803, ""51"": 0.30786168575286865}, ""num_aggregated"": 7}"
431,apra,apra_mad_filter,"[2, 44, 59, 49, 89, 39, 60, 48, 54, 83]",[],"{""median_norm"": 0.6042239072351774, ""mad"": 0.11558269076224303, ""k"": 2.0, ""num_accepted"": 10, ""safety_keep_used"": false, ""fallback_used"": false}"
431,apra,apra_hierarchical_cluster,"[2, 44, 59, 49, 89, 39, 60, 48, 83]",[54],"{""best_k"": 2, ""best_score"": 0.5634528994560242, ""selected_cluster"": 0, ""cluster_scores"": {""0"": 2.3677139282226562, ""1"": -1.0}, ""num_trusted"": 9, ""fallback_used"": false}"
431,apra,apra_trust_weighted_clip,"[2, 44, 59, 49, 89, 39, 60, 48, 83]",[],"{""base_clip"": 1.0, ""trust_weights"": {""2"": 0.0, ""44"": 0.1428571492433548, ""59"": 0.1428571492433548, ""49"": 0.1428571492433548, ""89"": 0.1428571492433548, ""39"": 0.1428571492433548, ""60"": 0.1428571492433548, ""48"": 0.0, ""83"": 0.1428571492433548}, ""num_aggregated"": 9}"
432,apra,apra_mad_filter,"[96, 59, 25, 93, 18, 76, 83, 62]","[3, 47]","{""median_norm"": 0.46561920988996564, ""mad"": 0.09466718854022693, ""k"": 2.0, ""num_accepted"": 8, ""safety_keep_used"": false, ""fallback_used"": false}"
432,apra,apra_hierarchical_cluster,"[59, 25, 93, 18, 76, 83, 62]",[96],"{""best_k"": 2, ""best_score"": 0.5438261032104492, ""selected_cluster"": 0, ""cluster_scores"": {""0"": 3.5376060009002686, ""1"": -1.0}, ""num_trusted"": 7, ""fallback_used"": false}"
432,apra,apra_trust_weighted_clip,"[59, 25, 93, 18, 76, 83, 62]",[],"{""base_clip"": 1.0, ""trust_weights"": {""59"": 0.20000000298023224, ""25"": 0.20000000298023224, ""93"": 0.20000000298023224, ""18"": 0.0, ""76"": 0.0, ""83"": 0.20000000298023224, ""62"": 0.20000000298023224}, ""num_aggregated"": 7}"
433,apra,apra_mad_filter,"[39, 11, 98, 8, 44, 56, 67, 42]","[3, 0]","{""median_norm"": 0.6388190056461158, ""mad"": 0.0955922754490095, ""k"": 2.0, ""num_accepted"": 8, ""safety_keep_used"": false, ""fallback_used"": false}"
433,apra,apra_hierarchical_cluster,"[39, 11, 98, 56, 67]","[8, 44, 42]","{""best_k"": 2, ""best_score"": 0.45023858547210693, ""selected_cluster"": 1, ""cluster_scores"": {""0"": 1.938496470451355, ""1"": 4.120851516723633}, ""num_trusted"": 5, ""fallback_used"": false}"
433,apra,apra_trust_weighted_clip,"[39, 11, 98, 56, 67]",[],"{""base_clip"": 1.0, ""trust_weights"": {""39"": 0.2798145115375519, ""11"": 0.2798145115375519, ""98"": 0.2798145115375519, ""56"": 0.16055646538734436, ""67"": 0.0}, ""num_aggregated"": 5}"
434,apra,apra_mad_filter,"[97, 93, 20, 31, 32, 7, 79, 39]","[4, 2]","{""median_norm"": 0.507495522025935, ""mad"": 0.06631253410030546, ""k"": 2.0, ""num_accepted"": 8, ""safety_keep_used"": false, ""fallback_used"": false}"
434,apra,apra_hierarchical_cluster,"[97, 93, 20, 32, 7, 79, 39]",[31],"{""best_k"": 2, ""best_score"": 0.6384042501449585, ""selected_cluster"": 0, ""cluster_scores"": {""0"": 2.492321014404297, ""1"": -1.0}, ""num_trusted"": 7, ""fallback_used"": false}"
434,apra,apra_trust_weighted_clip,"[97, 93, 20, 32, 7, 79, 39]",[],"{""base_clip"": 1.0, ""trust_weights"": {""97"": 0.15039369463920593, ""93"": 0.16998407244682312, ""20"": 0.16998407244682312, ""32"": 0.0, ""7"": 0.1696700006723404, ""79"": 0.16998407244682312, ""39"": 0.16998407244682312}, ""num_aggregated"": 7}"
435,apra,apra_mad_filter,"[3, 98, 90, 24, 16, 40, 63, 82, 2, 54]",[],"{""median_norm"": 0.6724990089996457, ""mad"": 0.17516730968177496, ""k"": 2.0, ""num_accepted"": 10, ""safety_keep_used"": false, ""fallback_used"": false}"
435,apra,apra_hierarchical_cluster,"[3, 98, 90, 24, 16, 40, 63, 82, 2]",[54],"{""best_k"": 2, ""best_score"": 0.8162366151809692, ""selected_cluster"": 0, ""cluster_scores"": {""0"": 6.192210674285889, ""1"": -1.0}, ""num_trusted"": 9, ""fallback_used"": false}"
435,apra,apra_trust_weighted_clip,"[3, 98, 90, 24, 16, 40, 63, 82, 2]",[],"{""base_clip"": 1.0, ""trust_weights"": {""3"": 0.125, ""98"": 0.125, ""90"": 0.125, ""24"": 0.125, ""16"": 0.125, ""40"": 0.125, ""63"": 0.125, ""82"": 0.125, ""2"": 0.0}, ""num_aggregated"": 9}"
436,apra,apra_mad_filter,"[49, 43, 29, 60, 42, 27, 38, 22]","[0, 2]","{""median_norm"": 0.49439564761740823, ""mad"": 0.0877321297172177, ""k"": 2.0, ""num_accepted"": 8, ""safety_keep_used"": false, ""fallback_used"": false}"
436,apra,apra_hierarchical_cluster,"[49, 43, 29, 60, 27, 38, 22]",[42],"{""best_k"": 2, ""best_score"": 0.5716512799263, ""selected_cluster"": 0, ""cluster_scores"": {""0"": 4.5465312004089355, ""1"": -1.0}, ""num_trusted"": 7, ""fallback_used"": false}"
436,apra,apra_trust_weighted_clip,"[49, 43, 29, 60, 27, 38, 22]",[],"{""base_clip"": 1.0, ""trust_weights"": {""49"": 0.1666666716337204, ""43"": 0.1666666716337204, ""29"": 0.1666666716337204, ""60"": 0.1666666716337204, ""27"": 0.0, ""38"": 0.1666666716337204, ""22"": 0.1666666716337204}, ""num_aggregated"": 7}"
437,apra,apra_mad_filter,"[77, 63, 91, 68, 9, 82, 20]","[4, 0, 54]","{""median_norm"": 0.5368342149276601, ""mad"": 0.04735865514687662, ""k"": 2.0, ""num_accepted"": 7, ""safety_keep_used"": false, ""fallback_used"": false}"
437,apra,apra_hierarchical_cluster,"[77, 63, 91, 68, 20]","[9, 82]","{""best_k"": 2, ""best_score"": 0.3979436755180359, ""selected_cluster"": 0, ""cluster_scores"": {""0"": 3.3104662895202637, ""1"": 1.5435731410980225}, ""num_trusted"": 5, ""fallback_used"": false}"
437,apra,apra_trust_weighted_clip,"[77, 63, 91, 68, 20]",[],"{""base_clip"": 1.0, ""trust_weights"": {""77"": 0.25, ""63"": 0.25, ""91"": 0.25, ""68"": 0.25, ""20"": 0.0}, ""num_aggregated"": 5}"
438,apra,apra_mad_filter,"[26, 8, 84, 49, 15, 46, 62, 7]","[4, 74]","{""median_norm"": 0.5267616549332707, ""mad"": 0.03293794888110635, ""k"": 2.0, ""num_accepted"": 8, ""safety_keep_used"": false, ""fallback_used"": false}"
438,apra,apra_hierarchical_cluster,"[84, 49, 15, 62, 7]","[26, 8, 46]","{""best_k"": 3, ""best_score"": 0.48212188482284546, ""selected_cluster"": 1, ""cluster_scores"": {""0"": 1.4938336610794067, ""1"": 3.742295503616333, ""2"": -1.0}, ""num_trusted"": 5, ""fallback_used"": false}"
438,apra,apra_trust_weighted_clip,"[84, 49, 15, 62, 7]",[],"{""base_clip"": 1.0, ""trust_weights"": {""84"": 0.27587300539016724, ""49"": 0.27587300539016724, ""15"": 0.22412700951099396, ""62"": 0.22412700951099396, ""7"": 0.0}, ""num_aggregated"": 5}"
439,apra,apra_mad_filter,"[51, 16, 78, 7, 29, 56, 59, 8, 43]",[3],"{""median_norm"": 0.5295954382062119, ""mad"": 0.10044315638807558, ""k"": 2.0, ""num_accepted"": 9, ""safety_keep_used"": false, ""fallback_used"": false}"
439,apra,apra_hierarchical_cluster,"[51, 16, 78, 7, 29, 56, 59, 43]",[8],"{""best_k"": 2, ""best_score"": 0.5480210185050964, ""selected_cluster"": 0, ""cluster_scores"": {""0"": 1.6256206035614014, ""1"": -1.0}, ""num_trusted"": 8, ""fallback_used"": false}"
439,apra,apra_trust_weighted_clip,"[51, 16, 78, 7, 29, 56, 59, 43]",[],"{""base_clip"": 1.0, ""trust_weights"": {""51"": 0.0, ""16"": 0.1666666716337204, ""78"": 0.1666666716337204, ""7"": 0.1666666716337204, ""29"": 0.1666666716337204, ""56"": 0.0, ""59"": 0.1666666716337204, ""43"": 0.1666666716337204}, ""num_aggregated"": 8}"
440,apra,apra_mad_filter,"[8, 35, 16, 59, 85, 74, 82, 61]","[4, 88]","{""median_norm"": 0.5109119777587336, ""mad"": 0.08824348293584136, ""k"": 2.0, ""num_accepted"": 8, ""safety_keep_used"": false, ""fallback_used"": false}"
440,apra,apra_hierarchical_cluster,"[35, 16, 59, 85, 74, 82, 61]",[8],"{""best_k"": 2, ""best_score"": 0.4951924681663513, ""selected_cluster"": 0, ""cluster_scores"": {""0"": 6.738399028778076, ""1"": -1.0}, ""num_trusted"": 7, ""fallback_used"": false}"
440,apra,apra_trust_weighted_clip,"[35, 16, 59, 85, 74, 82, 61]",[],"{""base_clip"": 1.0, ""trust_weights"": {""35"": 0.1514495611190796, ""16"": 0.27320805191993713, ""59"": 0.15068477392196655, ""85"": 0.0, ""74"": 0.27320805191993713, ""82"": 0.0, ""61"": 0.1514495611190796}, ""num_aggregated"": 7}"
441,apra,apra_mad_filter,"[78, 56, 87, 26, 14, 77, 74, 37, 53]",[3],"{""median_norm"": 0.5679139019251767, ""mad"": 0.07381992522703787, ""k"": 2.0, ""num_accepted"": 9, ""safety_keep_used"": false, ""fallback_used"": false}"
441,apra,apra_hierarchical_cluster,"[78, 56, 87, 14, 77, 74, 37, 53]",[26],"{""best_k"": 2, ""best_score"": 0.8425697684288025, ""selected_cluster"": 0, ""cluster_scores"": {""0"": 7.124841690063477, ""1"": -1.0}, ""num_trusted"": 8, ""fallback_used"": false}"
441,apra,apra_trust_weighted_clip,"[78, 56, 87, 14, 77, 74, 37, 53]",[],"{""base_clip"": 1.0, ""trust_weights"": {""78"": 0.15745802223682404, ""56"": 0.055251870304346085, ""87"": 0.15745802223682404, ""14"": 0.15745802223682404, ""77"": 0.15745802223682404, ""74"": 0.15745802223682404, ""37"": 0.15745802223682404, ""53"": 0.0}, ""num_aggregated"": 8}"
442,apra,apra_mad_filter,"[5, 73, 80, 50, 87, 7, 71, 60, 35]",[3],"{""median_norm"": 0.5170866970248167, ""mad"": 0.09051526867414739, ""k"": 2.0, ""num_accepted"": 9, ""safety_keep_used"": false, ""fallback_used"": false}"
442,apra,apra_hierarchical_cluster,"[5, 80, 50, 87, 7, 71, 60, 35]",[73],"{""best_k"": 2, ""best_score"": 0.6199148297309875, ""selected_cluster"": 0, ""cluster_scores"": {""0"": 2.5654139518737793, ""1"": -1.0}, ""num_trusted"": 8, ""fallback_used"": false}"
442,apra,apra_trust_weighted_clip,"[5, 80, 50, 87, 7, 71, 60, 35]",[],"{""base_clip"": 1.0, ""trust_weights"": {""5"": 0.1428571492433548, ""80"": 0.1428571492433548, ""50"": 0.1428571492433548, ""87"": 0.1428571492433548, ""7"": 0.1428571492433548, ""71"": 0.0, ""60"": 0.1428571492433548, ""35"": 0.1428571492433548}, ""num_aggregated"": 8}"
443,apra,apra_mad_filter,"[54, 9, 20, 78, 66, 29, 86, 97]","[4, 2]","{""median_norm"": 0.5318683741337866, ""mad"": 0.07008997460978947, ""k"": 2.0, ""num_accepted"": 8, ""safety_keep_used"": false, ""fallback_used"": false}"
443,apra,apra_hierarchical_cluster,"[9, 20, 78, 66, 29, 86, 97]",[54],"{""best_k"": 2, ""best_score"": 0.644167423248291, ""selected_cluster"": 0, ""cluster_scores"": {""0"": 3.049614429473877, ""1"": -1.0}, ""num_trusted"": 7, ""fallback_used"": false}"
443,apra,apra_trust_weighted_clip,"[9, 20, 78, 66, 29, 86, 97]",[],"{""base_clip"": 1.0, ""trust_weights"": {""9"": 0.0, ""20"": 0.20000000298023224, ""78"": 0.20000000298023224, ""66"": 0.20000000298023224, ""29"": 0.20000000298023224, ""86"": 0.20000000298023224, ""97"": 0.0}, ""num_aggregated"": 7}"
444,apra,apra_mad_filter,"[70, 67, 40, 92, 61, 58, 66, 65]","[3, 73]","{""median_norm"": 0.5476362875476354, ""mad"": 0.07370838589337689, ""k"": 2.0, ""num_accepted"": 8, ""safety_keep_used"": false, ""fallback_used"": false}"
444,apra,apra_hierarchical_cluster,"[70, 40, 92, 61, 58, 65]","[67, 66]","{""best_k"": 2, ""best_score"": 0.5094373226165771, ""selected_cluster"": 1, ""cluster_scores"": {""0"": 1.0165237188339233, ""1"": 4.995922565460205}, ""num_trusted"": 6, ""fallback_used"": false}"
444,apra,apra_trust_weighted_clip,"[70, 40, 92, 61, 58, 65]",[],"{""base_clip"": 1.0, ""trust_weights"": {""70"": 0.19986438751220703, ""40"": 0.20003391802310944, ""92"": 0.20003391802310944, ""61"": 0.20003391802310944, ""58"": 0.0, ""65"": 0.20003391802310944}, ""num_aggregated"": 6}"
445,apra,apra_mad_filter,"[33, 28, 59, 45, 80, 68]","[1, 52, 95, 51]","{""median_norm"": 0.4893262162850597, ""mad"": 0.042618102858635876, ""k"": 2.0, ""num_accepted"": 6, ""safety_keep_used"": false, ""fallback_used"": false}"
445,apra,apra_hierarchical_cluster,"[33, 28, 59, 45, 80]",[68],"{""best_k"": 2, ""best_score"": 0.560843288898468, ""selected_cluster"": 0, ""cluster_scores"": {""0"": 2.383835554122925, ""1"": -1.0}, ""num_trusted"": 5, ""fallback_used"": false}"
445,apra,apra_trust_weighted_clip,"[33, 28, 59, 45, 80]",[],"{""base_clip"": 1.0, ""trust_weights"": {""33"": 0.0, ""28"": 0.2276715785264969, ""59"": 0.2723284065723419, ""45"": 0.2276715785264969, ""80"": 0.2723284065723419}, ""num_aggregated"": 5}"
446,apra,apra_mad_filter,"[88, 56, 23, 58, 33, 65, 24, 90, 30]",[4],"{""median_norm"": 0.7568780582919532, ""mad"": 0.1558954414207926, ""k"": 2.0, ""num_accepted"": 9, ""safety_keep_used"": false, ""fallback_used"": false}"
446,apra,apra_hierarchical_cluster,"[56, 23, 58, 33, 65, 24, 90, 30]",[88],"{""best_k"": 2, ""best_score"": 0.7487614154815674, ""selected_cluster"": 0, ""cluster_scores"": {""0"": 5.50028657913208, ""1"": -1.0}, ""num_trusted"": 8, ""fallback_used"": false}"
446,apra,apra_trust_weighted_clip,"[56, 23, 58, 33, 65, 24, 90, 30]",[],"{""base_clip"": 1.0, ""trust_weights"": {""56"": 0.1428571492433548, ""23"": 0.1428571492433548, ""58"": 0.1428571492433548, ""33"": 0.1428571492433548, ""65"": 0.1428571492433548, ""24"": 0.1428571492433548, ""90"": 0.1428571492433548, ""30"": 0.0}, ""num_aggregated"": 8}"
447,apra,apra_mad_filter,"[92, 57, 9, 33, 63, 43]","[0, 5, 73, 42]","{""median_norm"": 0.5349859868194187, ""mad"": 0.050374343980863906, ""k"": 2.0, ""num_accepted"": 6, ""safety_keep_used"": false, ""fallback_used"": false}"
447,apra,apra_hierarchical_cluster,"[92, 57, 33, 63, 43]",[9],"{""best_k"": 2, ""best_score"": 0.559933066368103, ""selected_cluster"": 0, ""cluster_scores"": {""0"": 4.98168420791626, ""1"": -1.0}, ""num_trusted"": 5, ""fallback_used"": false}"
447,apra,apra_trust_weighted_clip,"[92, 57, 33, 63, 43]",[],"{""base_clip"": 1.0, ""trust_weights"": {""92"": 0.25, ""57"": 0.0, ""33"": 0.25, ""63"": 0.25, ""43"": 0.25}, ""num_aggregated"": 5}"
448,apra,apra_mad_filter,"[46, 15, 25, 98, 28, 50, 58]","[4, 2, 20]","{""median_norm"": 0.5135102023883669, ""mad"": 0.06384043285413804, ""k"": 2.0, ""num_accepted"": 7, ""safety_keep_used"": false, ""fallback_used"": false}"
448,apra,apra_hierarchical_cluster,"[15, 25, 98, 28, 50, 58]",[46],"{""best_k"": 2, ""best_score"": 0.5408404469490051, ""selected_cluster"": 0, ""cluster_scores"": {""0"": 2.41174054145813, ""1"": -1.0}, ""num_trusted"": 6, ""fallback_used"": false}"
448,apra,apra_trust_weighted_clip,"[15, 25, 98, 28, 50, 58]",[],"{""base_clip"": 1.0, ""trust_weights"": {""15"": 0.25, ""25"": 0.0, ""98"": 0.25, ""28"": 0.25, ""50"": 0.0, ""58"": 0.25}, ""num_aggregated"": 6}"
449,apra,apra_mad_filter,"[9, 42, 49, 58, 98, 94, 67, 36, 3]",[0],"{""median_norm"": 0.6385100475273785, ""mad"": 0.1772901138143817, ""k"": 2.0, ""num_accepted"": 9, ""safety_keep_used"": false, ""fallback_used"": false}"
449,apra,apra_hierarchical_cluster,"[9, 49, 58, 98, 94, 67, 36, 3]",[42],"{""best_k"": 2, ""best_score"": 0.6297262907028198, ""selected_cluster"": 0, ""cluster_scores"": {""0"": 4.473529815673828, ""1"": -1.0}, ""num_trusted"": 8, ""fallback_used"": false}"
449,apra,apra_trust_weighted_clip,"[9, 49, 58, 98, 94, 67, 36, 3]",[],"{""base_clip"": 1.0, ""trust_weights"": {""9"": 0.1666666716337204, ""49"": 0.1666666716337204, ""58"": 0.1666666716337204, ""98"": 0.1666666716337204, ""94"": 0.1666666716337204, ""67"": 0.0, ""36"": 0.0, ""3"": 0.1666666716337204}, ""num_aggregated"": 8}"
450,apra,apra_mad_filter,"[21, 69, 24, 38, 97, 52, 40, 78, 83]",[4],"{""median_norm"": 0.5973891245640895, ""mad"": 0.09338337040164343, ""k"": 2.0, ""num_accepted"": 9, ""safety_keep_used"": false, ""fallback_used"": false}"
450,apra,apra_hierarchical_cluster,"[21, 69, 24, 38, 52, 40, 78, 83]",[97],"{""best_k"": 2, ""best_score"": 0.5331302285194397, ""selected_cluster"": 0, ""cluster_scores"": {""0"": 3.194448709487915, ""1"": -1.0}, ""num_trusted"": 8, ""fallback_used"": false}"
450,apra,apra_trust_weighted_clip,"[21, 69, 24, 38, 52, 40, 78, 83]",[],"{""base_clip"": 1.0, ""trust_weights"": {""21"": 0.12269018590450287, ""69"": 0.0, ""24"": 0.14621829986572266, ""38"": 0.14621829986572266, ""52"": 0.14621829986572266, ""40"": 0.14621829986572266, ""78"": 0.14621829986572266, ""83"": 0.14621829986572266}, ""num_aggregated"": 8}"
451,apra,apra_mad_filter,"[83, 31, 58, 11, 54, 42, 8, 73, 36]",[0],"{""median_norm"": 0.6486580579455434, ""mad"": 0.10782888438341282, ""k"": 2.0, ""num_accepted"": 9, ""safety_keep_used"": false, ""fallback_used"": false}"
451,apra,apra_hierarchical_cluster,"[83, 58, 11, 42, 8, 36]","[31, 54, 73]","{""best_k"": 3, ""best_score"": 0.6361727714538574, ""selected_cluster"": 0, ""cluster_scores"": {""0"": 4.450008392333984, ""1"": -1.0, ""2"": 1.9509713649749756}, ""num_trusted"": 6, ""fallback_used"": false}"
451,apra,apra_trust_weighted_clip,"[83, 58, 11, 42, 8, 36]",[],"{""base_clip"": 1.0, ""trust_weights"": {""83"": 0.20000000298023224, ""58"": 0.20000000298023224, ""11"": 0.20000000298023224, ""42"": 0.0, ""8"": 0.20000000298023224, ""36"": 0.20000000298023224}, ""num_aggregated"": 6}"
452,apra,apra_mad_filter,"[85, 28, 14, 48, 73, 53, 82, 61]","[1, 31]","{""median_norm"": 0.49897196497714347, ""mad"": 0.12597807457444224, ""k"": 2.0, ""num_accepted"": 8, ""safety_keep_used"": false, ""fallback_used"": false}"
452,apra,apra_hierarchical_cluster,"[85, 28, 14, 48, 53, 82, 61]",[73],"{""best_k"": 2, ""best_score"": 0.7276664972305298, ""selected_cluster"": 0, ""cluster_scores"": {""0"": 6.363053321838379, ""1"": -1.0}, ""num_trusted"": 7, ""fallback_used"": false}"
452,apra,apra_trust_weighted_clip,"[85, 28, 14, 48, 53, 82, 61]",[],"{""base_clip"": 1.0, ""trust_weights"": {""85"": 0.1666666716337204, ""28"": 0.1666666716337204, ""14"": 0.1666666716337204, ""48"": 0.0, ""53"": 0.1666666716337204, ""82"": 0.1666666716337204, ""61"": 0.1666666716337204}, ""num_aggregated"": 7}"
453,apra,apra_mad_filter,"[11, 29, 16, 84, 79, 9, 47, 14, 66]",[4],"{""median_norm"": 0.651560598319706, ""mad"": 0.10566431473513421, ""k"": 2.0, ""num_accepted"": 9, ""safety_keep_used"": false, ""fallback_used"": false}"
453,apra,apra_hierarchical_cluster,"[11, 29, 16, 84, 79, 9, 14, 66]",[47],"{""best_k"": 2, ""best_score"": 0.7078920006752014, ""selected_cluster"": 0, ""cluster_scores"": {""0"": 5.5776777267456055, ""1"": -1.0}, ""num_trusted"": 8, ""fallback_used"": false}"
453,apra,apra_trust_weighted_clip,"[11, 29, 16, 84, 79, 9, 14, 66]",[],"{""base_clip"": 1.0, ""trust_weights"": {""11"": 0.14964812994003296, ""29"": 0.05755294859409332, ""16"": 0.21438361704349518, ""84"": 0.14964812994003296, ""79"": 0.21438361704349518, ""9"": 0.0, ""14"": 0.21438361704349518, ""66"": 0.0}, ""num_aggregated"": 8}"
454,apra,apra_mad_filter,"[91, 31, 49, 75, 3, 4, 36, 57, 77]",[0],"{""median_norm"": 0.6272071893655693, ""mad"": 0.16923020691776686, ""k"": 2.0, ""num_accepted"": 9, ""safety_keep_used"": false, ""fallback_used"": false}"
454,apra,apra_hierarchical_cluster,"[91, 49, 75, 3, 4, 36, 57, 77]",[31],"{""best_k"": 2, ""best_score"": 0.6942973136901855, ""selected_cluster"": 0, ""cluster_scores"": {""0"": 3.5710506439208984, ""1"": -1.0}, ""num_trusted"": 8, ""fallback_used"": false}"
454,apra,apra_trust_weighted_clip,"[91, 49, 75, 3, 4, 36, 57, 77]",[],"{""base_clip"": 1.0, ""trust_weights"": {""91"": 0.20000000298023224, ""49"": 0.20000000298023224, ""75"": 0.20000000298023224, ""3"": 0.0, ""4"": 0.0, ""36"": 0.0, ""57"": 0.20000000298023224, ""77"": 0.20000000298023224}, ""num_aggregated"": 8}"
455,apra,apra_mad_filter,"[39, 56, 94, 40, 37, 77, 34, 8, 99]",[0],"{""median_norm"": 0.46080140389974866, ""mad"": 0.03486825791448253, ""k"": 2.0, ""num_accepted"": 9, ""safety_keep_used"": false, ""fallback_used"": false}"
455,apra,apra_hierarchical_cluster,"[39, 56, 94, 40, 37, 77, 34]","[8, 99]","{""best_k"": 2, ""best_score"": 0.6655997633934021, ""selected_cluster"": 1, ""cluster_scores"": {""0"": 1.7658543586730957, ""1"": 5.795029640197754}, ""num_trusted"": 7, ""fallback_used"": false}"
455,apra,apra_trust_weighted_clip,"[39, 56, 94, 40, 37, 77, 34]",[],"{""base_clip"": 1.0, ""trust_weights"": {""39"": 0.0, ""56"": 0.16466383635997772, ""94"": 0.16766808927059174, ""40"": 0.16466383635997772, ""37"": 0.16766808927059174, ""77"": 0.16766808927059174, ""34"": 0.16766808927059174}, ""num_aggregated"": 7}"
456,apra,apra_mad_filter,"[70, 9, 43, 13, 78, 98, 29, 79]","[2, 88]","{""median_norm"": 0.546759231561334, ""mad"": 0.050911921912548425, ""k"": 2.0, ""num_accepted"": 8, ""safety_keep_used"": false, ""fallback_used"": false}"
456,apra,apra_hierarchical_cluster,"[70, 9, 43, 78, 98, 29, 79]",[13],"{""best_k"": 2, ""best_score"": 0.5493751764297485, ""selected_cluster"": 0, ""cluster_scores"": {""0"": 6.750763893127441, ""1"": -1.0}, ""num_trusted"": 7, ""fallback_used"": false}"
456,apra,apra_trust_weighted_clip,"[70, 9, 43, 78, 98, 29, 79]",[],"{""base_clip"": 1.0, ""trust_weights"": {""70"": 0.1666666716337204, ""9"": 0.0, ""43"": 0.1666666716337204, ""78"": 0.1666666716337204, ""98"": 0.1666666716337204, ""29"": 0.1666666716337204, ""79"": 0.1666666716337204}, ""num_aggregated"": 7}"
457,apra,apra_mad_filter,"[20, 64, 72, 12, 91, 81, 10, 80]","[2, 73]","{""median_norm"": 0.47548515615951703, ""mad"": 0.0568896611269675, ""k"": 2.0, ""num_accepted"": 8, ""safety_keep_used"": false, ""fallback_used"": false}"
457,apra,apra_hierarchical_cluster,"[20, 64, 72, 12, 91, 81, 80]",[10],"{""best_k"": 2, ""best_score"": 0.6313860416412354, ""selected_cluster"": 0, ""cluster_scores"": {""0"": 5.806023597717285, ""1"": -1.0}, ""num_trusted"": 7, ""fallback_used"": false}"
457,apra,apra_trust_weighted_clip,"[20, 64, 72, 12, 91, 81, 80]",[],"{""base_clip"": 1.0, ""trust_weights"": {""20"": 0.0, ""64"": 0.0, ""72"": 0.0, ""12"": 0.3374609053134918, ""91"": 0.32507815957069397, ""81"": 0.3374609053134918, ""80"": 0.0}, ""num_aggregated"": 7}"
458,apra,apra_mad_filter,"[56, 69, 77, 80, 65, 55, 87]","[1, 7, 3]","{""median_norm"": 0.648790501659082, ""mad"": 0.0696598167733895, ""k"": 2.0, ""num_accepted"": 7, ""safety_keep_used"": false, ""fallback_used"": false}"
458,apra,apra_hierarchical_cluster,"[56, 69, 77, 80, 55, 87]",[65],"{""best_k"": 2, ""best_score"": 0.5434972643852234, ""selected_cluster"": 0, ""cluster_scores"": {""0"": 1.5930408239364624, ""1"": -1.0}, ""num_trusted"": 6, ""fallback_used"": false}"
458,apra,apra_trust_weighted_clip,"[56, 69, 77, 80, 55, 87]",[],"{""base_clip"": 1.0, ""trust_weights"": {""56"": 0.3942015767097473, ""69"": 0.0, ""77"": 0.0, ""80"": 0.0, ""55"": 0.3942015767097473, ""87"": 0.21159687638282776}, ""num_aggregated"": 6}"
459,apra,apra_mad_filter,"[82, 55, 67, 10, 38, 40, 11, 93, 50]",[0],"{""median_norm"": 0.5400316235251741, ""mad"": 0.12201145443530978, ""k"": 2.0, ""num_accepted"": 9, ""safety_keep_used"": false, ""fallback_used"": false}"
459,apra,apra_hierarchical_cluster,"[82, 10, 38, 40, 11, 93, 50]","[55, 67]","{""best_k"": 3, ""best_score"": 0.5315781235694885, ""selected_cluster"": 0, ""cluster_scores"": {""0"": 5.1002349853515625, ""1"": -1.0, ""2"": -1.0}, ""num_trusted"": 7, ""fallback_used"": false}"
459,apra,apra_trust_weighted_clip,"[82, 10, 38, 40, 11, 93, 50]",[],"{""base_clip"": 1.0, ""trust_weights"": {""82"": 0.1666666716337204, ""10"": 0.0, ""38"": 0.1666666716337204, ""40"": 0.1666666716337204, ""11"": 0.1666666716337204, ""93"": 0.1666666716337204, ""50"": 0.1666666716337204}, ""num_aggregated"": 7}"
460,apra,apra_mad_filter,"[14, 98, 60, 20, 78, 36, 21]","[0, 62, 88]","{""median_norm"": 0.5075522574530228, ""mad"": 0.04141696611278173, ""k"": 2.0, ""num_accepted"": 7, ""safety_keep_used"": false, ""fallback_used"": false}"
460,apra,apra_hierarchical_cluster,"[14, 98, 60, 20, 78, 21]",[36],"{""best_k"": 2, ""best_score"": 0.5676933526992798, ""selected_cluster"": 0, ""cluster_scores"": {""0"": 5.919521331787109, ""1"": -1.0}, ""num_trusted"": 6, ""fallback_used"": false}"
460,apra,apra_trust_weighted_clip,"[14, 98, 60, 20, 78, 21]",[],"{""base_clip"": 1.0, ""trust_weights"": {""14"": 0.20000000298023224, ""98"": 0.20000000298023224, ""60"": 0.20000000298023224, ""20"": 0.0, ""78"": 0.20000000298023224, ""21"": 0.20000000298023224}, ""num_aggregated"": 6}"
461,apra,apra_mad_filter,"[7, 72, 44, 95, 67, 96]","[0, 53, 61, 4]","{""median_norm"": 0.6401578350324881, ""mad"": 0.025392815894972998, ""k"": 2.0, ""num_accepted"": 6, ""safety_keep_used"": false, ""fallback_used"": false}"
461,apra,apra_hierarchical_cluster,"[7, 72, 44, 67, 96]",[95],"{""best_k"": 2, ""best_score"": 0.39330577850341797, ""selected_cluster"": 0, ""cluster_scores"": {""0"": 1.0019670724868774, ""1"": -1.0}, ""num_trusted"": 5, ""fallback_used"": false}"
461,apra,apra_trust_weighted_clip,"[7, 72, 44, 67, 96]",[],"{""base_clip"": 1.0, ""trust_weights"": {""7"": 0.34405484795570374, ""72"": 0.0, ""44"": 0.0, ""67"": 0.31189030408859253, ""96"": 0.34405484795570374}, ""num_aggregated"": 5}"
462,apra,apra_mad_filter,"[71, 20, 36, 87, 33, 80, 83, 62]","[2, 1]","{""median_norm"": 0.6005977461815315, ""mad"": 0.09337244680535517, ""k"": 2.0, ""num_accepted"": 8, ""safety_keep_used"": false, ""fallback_used"": false}"
462,apra,apra_hierarchical_cluster,"[20, 36, 87, 33, 80, 83, 62]",[71],"{""best_k"": 2, ""best_score"": 0.6036481857299805, ""selected_cluster"": 0, ""cluster_scores"": {""0"": 3.9417519569396973, ""1"": -1.0}, ""num_trusted"": 7, ""fallback_used"": false}"
462,apra,apra_trust_weighted_clip,"[20, 36, 87, 33, 80, 83, 62]",[],"{""base_clip"": 1.0, ""trust_weights"": {""20"": 0.0, ""36"": 0.0, ""87"": 0.0, ""33"": 0.0, ""80"": 0.5, ""83"": 0.0, ""62"": 0.5}, ""num_aggregated"": 7}"
463,apra,apra_mad_filter,"[3, 92, 88, 76, 90, 42, 62, 23, 37, 0]",[],"{""median_norm"": 0.7346502864121862, ""mad"": 0.25349470525455187, ""k"": 2.0, ""num_accepted"": 10, ""safety_keep_used"": false, ""fallback_used"": false}"
463,apra,apra_hierarchical_cluster,"[3, 92, 76, 90, 42, 62, 23, 37, 0]",[88],"{""best_k"": 2, ""best_score"": 0.8001590967178345, ""selected_cluster"": 0, ""cluster_scores"": {""0"": 6.658324718475342, ""1"": -1.0}, ""num_trusted"": 9, ""fallback_used"": false}"
463,apra,apra_trust_weighted_clip,"[3, 92, 76, 90, 42, 62, 23, 37, 0]",[],"{""base_clip"": 1.0, ""trust_weights"": {""3"": 0.1428571492433548, ""92"": 0.1428571492433548, ""76"": 0.1428571492433548, ""90"": 0.1428571492433548, ""42"": 0.1428571492433548, ""62"": 0.0, ""23"": 0.1428571492433548, ""37"": 0.1428571492433548, ""0"": 0.0}, ""num_aggregated"": 9}"
464,apra,apra_mad_filter,"[30, 8, 26, 11, 47, 9, 96, 67, 53]",[0],"{""median_norm"": 0.5732764472848093, ""mad"": 0.07569190807405118, ""k"": 2.0, ""num_accepted"": 9, ""safety_keep_used"": false, ""fallback_used"": false}"
464,apra,apra_hierarchical_cluster,"[30, 8, 11, 47, 9, 96, 67, 53]",[26],"{""best_k"": 2, ""best_score"": 0.44793257117271423, ""selected_cluster"": 0, ""cluster_scores"": {""0"": 2.9147512912750244, ""1"": -1.0}, ""num_trusted"": 8, ""fallback_used"": false}"
464,apra,apra_trust_weighted_clip,"[30, 8, 11, 47, 9, 96, 67, 53]",[],"{""base_clip"": 1.0, ""trust_weights"": {""30"": 0.0, ""8"": 0.0, ""11"": 0.1666666716337204, ""47"": 0.1666666716337204, ""9"": 0.1666666716337204, ""96"": 0.1666666716337204, ""67"": 0.1666666716337204, ""53"": 0.1666666716337204}, ""num_aggregated"": 8}"
465,apra,apra_mad_filter,"[58, 45, 72, 78, 56, 23, 99]","[0, 76, 20]","{""median_norm"": 0.49022644750012667, ""mad"": 0.0266113912286276, ""k"": 2.0, ""num_accepted"": 7, ""safety_keep_used"": false, ""fallback_used"": false}"
465,apra,apra_hierarchical_cluster,"[78, 56, 23]","[58, 45, 72, 99]","{""best_k"": 3, ""best_score"": 0.36583539843559265, ""selected_cluster"": 0, ""cluster_scores"": {""0"": 2.9787135124206543, ""1"": 2.9197118282318115, ""2"": -1.0}, ""num_trusted"": 3, ""fallback_used"": false}"
465,apra,apra_trust_weighted_clip,"[78, 56, 23]",[],"{""base_clip"": 1.0, ""trust_weights"": {""78"": 0.0, ""56"": 0.5, ""23"": 0.5}, ""num_aggregated"": 3}"
466,apra,apra_mad_filter,"[79, 39, 82, 60, 34, 83, 13, 35]","[2, 54]","{""median_norm"": 0.6307617106425537, ""mad"": 0.05634256768569518, ""k"": 2.0, ""num_accepted"": 8, ""safety_keep_used"": false, ""fallback_used"": false}"
466,apra,apra_hierarchical_cluster,"[79, 39, 82, 60, 34, 83, 35]",[13],"{""best_k"": 2, ""best_score"": 0.4449642598628998, ""selected_cluster"": 0, ""cluster_scores"": {""0"": 6.593418598175049, ""1"": -1.0}, ""num_trusted"": 7, ""fallback_used"": false}"
466,apra,apra_trust_weighted_clip,"[79, 39, 82, 60, 34, 83, 35]",[],"{""base_clip"": 1.0, ""trust_weights"": {""79"": 0.1666666716337204, ""39"": 0.1666666716337204, ""82"": 0.0, ""60"": 0.1666666716337204, ""34"": 0.1666666716337204, ""83"": 0.1666666716337204, ""35"": 0.1666666716337204}, ""num_aggregated"": 7}"
467,apra,apra_mad_filter,"[45, 65, 28, 24, 47, 10, 77, 74, 5]",[4],"{""median_norm"": 0.6297138918519003, ""mad"": 0.07087616917482198, ""k"": 2.0, ""num_accepted"": 9, ""safety_keep_used"": false, ""fallback_used"": false}"
467,apra,apra_hierarchical_cluster,"[45, 65, 28, 24, 47, 10, 77, 74]",[5],"{""best_k"": 2, ""best_score"": 0.663682222366333, ""selected_cluster"": 0, ""cluster_scores"": {""0"": 3.2467708587646484, ""1"": -1.0}, ""num_trusted"": 8, ""fallback_used"": false}"
467,apra,apra_trust_weighted_clip,"[45, 65, 28, 24, 47, 10, 77, 74]",[],"{""base_clip"": 1.0, ""trust_weights"": {""45"": 0.1666666716337204, ""65"": 0.1666666716337204, ""28"": 0.1666666716337204, ""24"": 0.1666666716337204, ""47"": 0.0, ""10"": 0.0, ""77"": 0.1666666716337204, ""74"": 0.1666666716337204}, ""num_aggregated"": 8}"
468,apra,apra_mad_filter,"[18, 52, 30, 28, 34, 80, 19, 57]","[0, 2]","{""median_norm"": 0.49352629217307054, ""mad"": 0.09209990400262857, ""k"": 2.0, ""num_accepted"": 8, ""safety_keep_used"": false, ""fallback_used"": false}"
468,apra,apra_hierarchical_cluster,"[18, 52, 28, 34, 80, 19, 57]",[30],"{""best_k"": 2, ""best_score"": 0.546416163444519, ""selected_cluster"": 0, ""cluster_scores"": {""0"": 3.9495718479156494, ""1"": -1.0}, ""num_trusted"": 7, ""fallback_used"": false}"
468,apra,apra_trust_weighted_clip,"[18, 52, 28, 34, 80, 19, 57]",[],"{""base_clip"": 1.0, ""trust_weights"": {""18"": 0.25, ""52"": 0.25, ""28"": 0.0, ""34"": 0.0, ""80"": 0.25, ""19"": 0.0, ""57"": 0.25}, ""num_aggregated"": 7}"
469,apra,apra_mad_filter,"[90, 98, 61, 8, 69, 42, 74, 40, 87]",[3],"{""median_norm"": 0.4502626704130655, ""mad"": 0.05840415604615248, ""k"": 2.0, ""num_accepted"": 9, ""safety_keep_used"": false, ""fallback_used"": false}"
469,apra,apra_hierarchical_cluster,"[90, 98, 61, 8, 69, 74, 40, 87]",[42],"{""best_k"": 2, ""best_score"": 0.6662977933883667, ""selected_cluster"": 0, ""cluster_scores"": {""0"": 3.176525592803955, ""1"": -1.0}, ""num_trusted"": 8, ""fallback_used"": false}"
469,apra,apra_trust_weighted_clip,"[90, 98, 61, 8, 69, 74, 40, 87]",[],"{""base_clip"": 1.0, ""trust_weights"": {""90"": 0.1666666716337204, ""98"": 0.1666666716337204, ""61"": 0.1666666716337204, ""8"": 0.0, ""69"": 0.0, ""74"": 0.1666666716337204, ""40"": 0.1666666716337204, ""87"": 0.1666666716337204}, ""num_aggregated"": 8}"
470,apra,apra_mad_filter,"[1, 55, 65, 23, 31, 79, 85, 96, 47, 95]",[],"{""median_norm"": 0.6475049512966243, ""mad"": 0.10419944126612773, ""k"": 2.0, ""num_accepted"": 10, ""safety_keep_used"": false, ""fallback_used"": false}"
470,apra,apra_hierarchical_cluster,"[1, 55, 65, 23, 79, 85, 96, 47, 95]",[31],"{""best_k"": 2, ""best_score"": 0.7112737894058228, ""selected_cluster"": 0, ""cluster_scores"": {""0"": 4.137518405914307, ""1"": -1.0}, ""num_trusted"": 9, ""fallback_used"": false}"
470,apra,apra_trust_weighted_clip,"[1, 55, 65, 23, 79, 85, 96, 47, 95]",[],"{""base_clip"": 1.0, ""trust_weights"": {""1"": 0.12877987325191498, ""55"": 0.12877987325191498, ""65"": 0.12877987325191498, ""23"": 0.12877987325191498, ""79"": 0.12877987325191498, ""85"": 0.12877987325191498, ""96"": 0.0, ""47"": 0.09854081273078918, ""95"": 0.12877987325191498}, ""num_aggregated"": 9}"
471,apra,apra_mad_filter,"[34, 26, 89, 36, 33, 69, 24, 12, 31]",[2],"{""median_norm"": 0.48180487868250255, ""mad"": 0.09240902726820865, ""k"": 2.0, ""num_accepted"": 9, ""safety_keep_used"": false, ""fallback_used"": false}"
471,apra,apra_hierarchical_cluster,"[34, 26, 89, 36, 33, 69, 24, 12]",[31],"{""best_k"": 2, ""best_score"": 0.5693013072013855, ""selected_cluster"": 0, ""cluster_scores"": {""0"": 2.74432373046875, ""1"": -1.0}, ""num_trusted"": 8, ""fallback_used"": false}"
471,apra,apra_trust_weighted_clip,"[34, 26, 89, 36, 33, 69, 24, 12]",[],"{""base_clip"": 1.0, ""trust_weights"": {""34"": 0.19979695975780487, ""26"": 0.0010151797905564308, ""89"": 0.19979695975780487, ""36"": 0.0, ""33"": 0.19979695975780487, ""69"": 0.0, ""24"": 0.19979695975780487, ""12"": 0.19979695975780487}, ""num_aggregated"": 8}"
472,apra,apra_mad_filter,"[82, 16, 41, 83, 44, 62, 52, 78]","[4, 0]","{""median_norm"": 0.5506824989612655, ""mad"": 0.08476449257570953, ""k"": 2.0, ""num_accepted"": 8, ""safety_keep_used"": false, ""fallback_used"": false}"
472,apra,apra_hierarchical_cluster,"[82, 16, 83, 44, 62, 52, 78]",[41],"{""best_k"": 2, ""best_score"": 0.6609846949577332, ""selected_cluster"": 0, ""cluster_scores"": {""0"": 3.6811752319335938, ""1"": -1.0}, ""num_trusted"": 7, ""fallback_used"": false}"
472,apra,apra_trust_weighted_clip,"[82, 16, 83, 44, 62, 52, 78]",[],"{""base_clip"": 1.0, ""trust_weights"": {""82"": 0.20000000298023224, ""16"": 0.20000000298023224, ""83"": 0.20000000298023224, ""44"": 0.0, ""62"": 0.0, ""52"": 0.20000000298023224, ""78"": 0.20000000298023224}, ""num_aggregated"": 7}"
473,apra,apra_mad_filter,"[13, 87, 48, 14, 27, 80, 70, 98, 47]",[2],"{""median_norm"": 0.6248026379500805, ""mad"": 0.10277636626518194, ""k"": 2.0, ""num_accepted"": 9, ""safety_keep_used"": false, ""fallback_used"": false}"
473,apra,apra_hierarchical_cluster,"[13, 87, 14, 27, 80, 70, 98, 47]",[48],"{""best_k"": 2, ""best_score"": 0.6230561137199402, ""selected_cluster"": 0, ""cluster_scores"": {""0"": 3.5264439582824707, ""1"": -1.0}, ""num_trusted"": 8, ""fallback_used"": false}"
473,apra,apra_trust_weighted_clip,"[13, 87, 14, 27, 80, 70, 98, 47]",[],"{""base_clip"": 1.0, ""trust_weights"": {""13"": 0.1428571492433548, ""87"": 0.1428571492433548, ""14"": 0.1428571492433548, ""27"": 0.1428571492433548, ""80"": 0.1428571492433548, ""70"": 0.1428571492433548, ""98"": 0.1428571492433548, ""47"": 0.0}, ""num_aggregated"": 8}"
474,apra,apra_mad_filter,"[32, 21, 27, 61, 47, 65, 98, 28]","[2, 1]","{""median_norm"": 0.5774449683983259, ""mad"": 0.1356582084582584, ""k"": 2.0, ""num_accepted"": 8, ""safety_keep_used"": false, ""fallback_used"": false}"
474,apra,apra_hierarchical_cluster,"[27, 61, 98, 28]","[32, 21, 47, 65]","{""best_k"": 4, ""best_score"": 0.5709588527679443, ""selected_cluster"": 0, ""cluster_scores"": {""0"": 3.8261537551879883, ""1"": 1.9459425210952759, ""2"": -1.0, ""3"": -1.0}, ""num_trusted"": 4, ""fallback_used"": false}"
474,apra,apra_trust_weighted_clip,"[27, 61, 98, 28]",[],"{""base_clip"": 1.0, ""trust_weights"": {""27"": 0.3333333432674408, ""61"": 0.3333333432674408, ""98"": 0.0, ""28"": 0.3333333432674408}, ""num_aggregated"": 4}"
475,apra,apra_mad_filter,"[64, 32, 16, 60, 41, 22, 20]","[4, 88, 92]","{""median_norm"": 0.5669823750443888, ""mad"": 0.09415697803618026, ""k"": 2.0, ""num_accepted"": 7, ""safety_keep_used"": false, ""fallback_used"": false}"
475,apra,apra_hierarchical_cluster,"[64, 32, 16, 60, 22, 20]",[41],"{""best_k"": 2, ""best_score"": 0.585145890712738, ""selected_cluster"": 0, ""cluster_scores"": {""0"": 3.6393227577209473, ""1"": -1.0}, ""num_trusted"": 6, ""fallback_used"": false}"
475,apra,apra_trust_weighted_clip,"[64, 32, 16, 60, 22, 20]",[],"{""base_clip"": 1.0, ""trust_weights"": {""64"": 0.3333333432674408, ""32"": 0.0, ""16"": 0.3333333432674408, ""60"": 0.0, ""22"": 0.3333333432674408, ""20"": 0.0}, ""num_aggregated"": 6}"
476,apra,apra_mad_filter,"[19, 36, 31, 33, 90, 95, 27, 73]","[1, 13]","{""median_norm"": 0.7159638765095306, ""mad"": 0.0847382919924562, ""k"": 2.0, ""num_accepted"": 8, ""safety_keep_used"": false, ""fallback_used"": false}"
476,apra,apra_hierarchical_cluster,"[19, 36, 31, 33, 90, 95, 27]",[73],"{""best_k"": 2, ""best_score"": 0.5793358087539673, ""selected_cluster"": 0, ""cluster_scores"": {""0"": 3.0841898918151855, ""1"": -1.0}, ""num_trusted"": 7, ""fallback_used"": false}"
476,apra,apra_trust_weighted_clip,"[19, 36, 31, 33, 90, 95, 27]",[],"{""base_clip"": 1.0, ""trust_weights"": {""19"": 0.20000000298023224, ""36"": 0.0, ""31"": 0.0, ""33"": 0.20000000298023224, ""90"": 0.20000000298023224, ""95"": 0.20000000298023224, ""27"": 0.20000000298023224}, ""num_aggregated"": 7}"
477,apra,apra_mad_filter,"[95, 62, 74, 56, 42, 22, 71, 63]","[2, 0]","{""median_norm"": 0.6080964560307943, ""mad"": 0.1251479149897086, ""k"": 2.0, ""num_accepted"": 8, ""safety_keep_used"": false, ""fallback_used"": false}"
477,apra,apra_hierarchical_cluster,"[95, 62, 74, 56, 22, 71, 63]",[42],"{""best_k"": 2, ""best_score"": 0.5203803777694702, ""selected_cluster"": 0, ""cluster_scores"": {""0"": 3.6765573024749756, ""1"": -1.0}, ""num_trusted"": 7, ""fallback_used"": false}"
477,apra,apra_trust_weighted_clip,"[95, 62, 74, 56, 22, 71, 63]",[],"{""base_clip"": 1.0, ""trust_weights"": {""95"": 0.1666666716337204, ""62"": 0.1666666716337204, ""74"": 0.1666666716337204, ""56"": 0.0, ""22"": 0.1666666716337204, ""71"": 0.1666666716337204, ""63"": 0.1666666716337204}, ""num_aggregated"": 7}"
478,apra,apra_mad_filter,"[1, 29, 48, 3, 2, 54, 91, 34, 89, 42]",[],"{""median_norm"": 0.6181200372013566, ""mad"": 0.18555097749516855, ""k"": 2.0, ""num_accepted"": 10, ""safety_keep_used"": false, ""fallback_used"": false}"
478,apra,apra_hierarchical_cluster,"[1, 29, 3, 2, 54, 91, 34, 89, 42]",[48],"{""best_k"": 2, ""best_score"": 0.7306423783302307, ""selected_cluster"": 0, ""cluster_scores"": {""0"": 4.853857040405273, ""1"": -1.0}, ""num_trusted"": 9, ""fallback_used"": false}"
478,apra,apra_trust_weighted_clip,"[1, 29, 3, 2, 54, 91, 34, 89, 42]",[],"{""base_clip"": 1.0, ""trust_weights"": {""1"": 0.125, ""29"": 0.125, ""3"": 0.125, ""2"": 0.125, ""54"": 0.125, ""91"": 0.125, ""34"": 0.125, ""89"": 0.125, ""42"": 0.0}, ""num_aggregated"": 9}"
479,apra,apra_mad_filter,"[93, 6, 40, 22, 79, 38, 61, 87]","[2, 67]","{""median_norm"": 0.44798538638148705, ""mad"": 0.04565584582324689, ""k"": 2.0, ""num_accepted"": 8, ""safety_keep_used"": false, ""fallback_used"": false}"
479,apra,apra_hierarchical_cluster,"[93, 6, 40, 22, 79, 38, 87]",[61],"{""best_k"": 2, ""best_score"": 0.5977790355682373, ""selected_cluster"": 0, ""cluster_scores"": {""0"": 4.090723991394043, ""1"": -1.0}, ""num_trusted"": 7, ""fallback_used"": false}"
479,apra,apra_trust_weighted_clip,"[93, 6, 40, 22, 79, 38, 87]",[],"{""base_clip"": 1.0, ""trust_weights"": {""93"": 0.0, ""6"": 0.18196411430835724, ""40"": 0.09017946571111679, ""22"": 0.18196411430835724, ""79"": 0.18196411430835724, ""38"": 0.18196411430835724, ""87"": 0.18196411430835724}, ""num_aggregated"": 7}"
480,apra,apra_mad_filter,"[21, 67, 49, 24, 47, 95, 45, 57, 96]",[4],"{""median_norm"": 0.6081212605141733, ""mad"": 0.07337755731249113, ""k"": 2.0, ""num_accepted"": 9, ""safety_keep_used"": false, ""fallback_used"": false}"
480,apra,apra_hierarchical_cluster,"[21, 67, 49, 24, 95, 45, 57, 96]",[47],"{""best_k"": 2, ""best_score"": 0.5631898641586304, ""selected_cluster"": 0, ""cluster_scores"": {""0"": 3.228686809539795, ""1"": -1.0}, ""num_trusted"": 8, ""fallback_used"": false}"
480,apra,apra_trust_weighted_clip,"[21, 67, 49, 24, 95, 45, 57, 96]",[],"{""base_clip"": 1.0, ""trust_weights"": {""21"": 0.1428571492433548, ""67"": 0.0, ""49"": 0.1428571492433548, ""24"": 0.1428571492433548, ""95"": 0.1428571492433548, ""45"": 0.1428571492433548, ""57"": 0.1428571492433548, ""96"": 0.1428571492433548}, ""num_aggregated"": 8}"
481,apra,apra_mad_filter,"[25, 94, 96, 58, 99, 55, 97]","[1, 74, 3]","{""median_norm"": 0.4952013684696205, ""mad"": 0.03878866590404875, ""k"": 2.0, ""num_accepted"": 7, ""safety_keep_used"": false, ""fallback_used"": false}"
481,apra,apra_hierarchical_cluster,"[94, 96, 58, 99, 55, 97]",[25],"{""best_k"": 2, ""best_score"": 0.3699164390563965, ""selected_cluster"": 0, ""cluster_scores"": {""0"": 0.3572322428226471, ""1"": -1.0}, ""num_trusted"": 6, ""fallback_used"": false}"
481,apra,apra_trust_weighted_clip,"[94, 96, 58, 99, 55, 97]",[],"{""base_clip"": 1.0, ""trust_weights"": {""94"": 0.25, ""96"": 0.25, ""58"": 0.25, ""99"": 0.25, ""55"": 0.0, ""97"": 0.0}, ""num_aggregated"": 6}"
482,apra,apra_mad_filter,"[81, 82, 47, 65, 60, 93, 28, 49]","[1, 3]","{""median_norm"": 0.6065218138649923, ""mad"": 0.06796005714995779, ""k"": 2.0, ""num_accepted"": 8, ""safety_keep_used"": false, ""fallback_used"": false}"
482,apra,apra_hierarchical_cluster,"[81, 82, 65, 60, 93, 28, 49]",[47],"{""best_k"": 2, ""best_score"": 0.5525788068771362, ""selected_cluster"": 0, ""cluster_scores"": {""0"": 1.4589091539382935, ""1"": -1.0}, ""num_trusted"": 7, ""fallback_used"": false}"
482,apra,apra_trust_weighted_clip,"[81, 82, 65, 60, 93, 28, 49]",[],"{""base_clip"": 1.0, ""trust_weights"": {""81"": 0.20000000298023224, ""82"": 0.0, ""65"": 0.20000000298023224, ""60"": 0.20000000298023224, ""93"": 0.20000000298023224, ""28"": 0.0, ""49"": 0.20000000298023224}, ""num_aggregated"": 7}"
483,apra,apra_mad_filter,"[8, 46, 69, 18, 87, 54, 19, 97]","[4, 48]","{""median_norm"": 0.5871165339679529, ""mad"": 0.08066133470641834, ""k"": 2.0, ""num_accepted"": 8, ""safety_keep_used"": false, ""fallback_used"": false}"
483,apra,apra_hierarchical_cluster,"[69, 19]","[8, 46, 18, 87, 54, 97]","{""best_k"": 3, ""best_score"": 0.48617660999298096, ""selected_cluster"": 2, ""cluster_scores"": {""0"": 1.493584156036377, ""1"": -1.0, ""2"": 1.9778342247009277}, ""num_trusted"": 2, ""fallback_used"": false}"
483,apra,apra_trust_weighted_clip,"[69, 19]",[],"{""base_clip"": 1.0, ""trust_weights"": {""69"": 0.5, ""19"": 0.5}, ""num_aggregated"": 2}"
484,apra,apra_mad_filter,"[91, 86, 11, 53, 59, 9, 26]","[1, 48, 3]","{""median_norm"": 0.5924065131983107, ""mad"": 0.056570053470674064, ""k"": 2.0, ""num_accepted"": 7, ""safety_keep_used"": false, ""fallback_used"": false}"
484,apra,apra_hierarchical_cluster,"[91, 86, 11, 53, 59, 9]",[26],"{""best_k"": 2, ""best_score"": 0.708968460559845, ""selected_cluster"": 0, ""cluster_scores"": {""0"": 3.66483211517334, ""1"": -1.0}, ""num_trusted"": 6, ""fallback_used"": false}"
484,apra,apra_trust_weighted_clip,"[91, 86, 11, 53, 59, 9]",[],"{""base_clip"": 1.0, ""trust_weights"": {""91"": 0.0, ""86"": 0.20000000298023224, ""11"": 0.20000000298023224, ""53"": 0.20000000298023224, ""59"": 0.20000000298023224, ""9"": 0.20000000298023224}, ""num_aggregated"": 6}"
485,apra,apra_mad_filter,"[1, 82, 58, 96, 28, 39, 99, 13, 37]",[4],"{""median_norm"": 0.6054268135218779, ""mad"": 0.14106826391870736, ""k"": 2.0, ""num_accepted"": 9, ""safety_keep_used"": false, ""fallback_used"": false}"
485,apra,apra_hierarchical_cluster,"[1, 82, 58, 28, 39, 99, 13, 37]",[96],"{""best_k"": 2, ""best_score"": 0.5727732181549072, ""selected_cluster"": 0, ""cluster_scores"": {""0"": 1.9131066799163818, ""1"": -1.0}, ""num_trusted"": 8, ""fallback_used"": false}"
485,apra,apra_trust_weighted_clip,"[1, 82, 58, 28, 39, 99, 13, 37]",[],"{""base_clip"": 1.0, ""trust_weights"": {""1"": 0.1428571492433548, ""82"": 0.1428571492433548, ""58"": 0.1428571492433548, ""28"": 0.1428571492433548, ""39"": 0.1428571492433548, ""99"": 0.0, ""13"": 0.1428571492433548, ""37"": 0.1428571492433548}, ""num_aggregated"": 8}"
486,apra,apra_mad_filter,"[62, 44, 97, 49, 90, 70, 66, 87, 54]",[3],"{""median_norm"": 0.500036170823728, ""mad"": 0.04553686517469732, ""k"": 2.0, ""num_accepted"": 9, ""safety_keep_used"": false, ""fallback_used"": false}"
486,apra,apra_hierarchical_cluster,"[62, 44, 97, 49, 90, 70, 66, 87]",[54],"{""best_k"": 2, ""best_score"": 0.8153833746910095, ""selected_cluster"": 0, ""cluster_scores"": {""0"": 6.433530807495117, ""1"": -1.0}, ""num_trusted"": 8, ""fallback_used"": false}"
486,apra,apra_trust_weighted_clip,"[62, 44, 97, 49, 90, 70, 66, 87]",[],"{""base_clip"": 1.0, ""trust_weights"": {""62"": 0.1666666716337204, ""44"": 0.1666666716337204, ""97"": 0.0, ""49"": 0.1666666716337204, ""90"": 0.1666666716337204, ""70"": 0.1666666716337204, ""66"": 0.0, ""87"": 0.1666666716337204}, ""num_aggregated"": 8}"
487,apra,apra_mad_filter,"[95, 63, 12, 31, 57, 76, 69, 61]","[1, 2]","{""median_norm"": 0.6005396847284445, ""mad"": 0.10393706808891434, ""k"": 2.0, ""num_accepted"": 8, ""safety_keep_used"": false, ""fallback_used"": false}"
487,apra,apra_hierarchical_cluster,"[95, 63, 12, 57, 76, 69, 61]",[31],"{""best_k"": 2, ""best_score"": 0.7283951044082642, ""selected_cluster"": 0, ""cluster_scores"": {""0"": 4.003966808319092, ""1"": -1.0}, ""num_trusted"": 7, ""fallback_used"": false}"
487,apra,apra_trust_weighted_clip,"[95, 63, 12, 57, 76, 69, 61]",[],"{""base_clip"": 1.0, ""trust_weights"": {""95"": 0.0, ""63"": 0.20000000298023224, ""12"": 0.20000000298023224, ""57"": 0.20000000298023224, ""76"": 0.20000000298023224, ""69"": 0.0, ""61"": 0.20000000298023224}, ""num_aggregated"": 7}"
488,apra,apra_mad_filter,"[3, 89, 43, 32, 65, 24, 70, 75, 71]",[4],"{""median_norm"": 0.5985243870033694, ""mad"": 0.10438009784589991, ""k"": 2.0, ""num_accepted"": 9, ""safety_keep_used"": false, ""fallback_used"": false}"
488,apra,apra_hierarchical_cluster,"[3, 89, 43, 65, 24, 70, 75, 71]",[32],"{""best_k"": 2, ""best_score"": 0.5264781713485718, ""selected_cluster"": 0, ""cluster_scores"": {""0"": 6.267574310302734, ""1"": -1.0}, ""num_trusted"": 8, ""fallback_used"": false}"
488,apra,apra_trust_weighted_clip,"[3, 89, 43, 65, 24, 70, 75, 71]",[],"{""base_clip"": 1.0, ""trust_weights"": {""3"": 0.20673376321792603, ""89"": 0.0, ""43"": 0.09116309136152267, ""65"": 0.20673376321792603, ""24"": 0.24768468737602234, ""70"": 0.24768468737602234, ""75"": 0.0, ""71"": 0.0}, ""num_aggregated"": 8}"
489,apra,apra_mad_filter,"[23, 91, 20, 84, 29, 85, 79, 43]","[0, 50]","{""median_norm"": 0.4962615873187497, ""mad"": 0.06002772326666825, ""k"": 2.0, ""num_accepted"": 8, ""safety_keep_used"": false, ""fallback_used"": false}"
489,apra,apra_hierarchical_cluster,"[23, 91, 20, 84, 29, 79, 43]",[85],"{""best_k"": 2, ""best_score"": 0.5954914093017578, ""selected_cluster"": 0, ""cluster_scores"": {""0"": 4.964704990386963, ""1"": -1.0}, ""num_trusted"": 7, ""fallback_used"": false}"
489,apra,apra_trust_weighted_clip,"[23, 91, 20, 84, 29, 79, 43]",[],"{""base_clip"": 1.0, ""trust_weights"": {""23"": 0.1666666716337204, ""91"": 0.1666666716337204, ""20"": 0.0, ""84"": 0.1666666716337204, ""29"": 0.1666666716337204, ""79"": 0.1666666716337204, ""43"": 0.1666666716337204}, ""num_aggregated"": 7}"
490,apra,apra_mad_filter,"[89, 96, 25, 98, 83, 63, 50, 35]","[3, 47]","{""median_norm"": 0.6576488318618163, ""mad"": 0.06081129731518459, ""k"": 2.0, ""num_accepted"": 8, ""safety_keep_used"": false, ""fallback_used"": false}"
490,apra,apra_hierarchical_cluster,"[89, 98, 83, 63, 50]","[96, 25, 35]","{""best_k"": 4, ""best_score"": 0.46045804023742676, ""selected_cluster"": 0, ""cluster_scores"": {""0"": 3.9373793601989746, ""1"": -1.0, ""2"": -1.0, ""3"": -1.0}, ""num_trusted"": 5, ""fallback_used"": false}"
490,apra,apra_trust_weighted_clip,"[89, 98, 83, 63, 50]",[],"{""base_clip"": 1.0, ""trust_weights"": {""89"": 0.3333333432674408, ""98"": 0.0, ""83"": 0.3333333432674408, ""63"": 0.3333333432674408, ""50"": 0.0}, ""num_aggregated"": 5}"
491,apra,apra_mad_filter,"[43, 15, 21, 81, 42, 50, 20, 22]","[2, 1]","{""median_norm"": 0.49678444326380455, ""mad"": 0.06743758796944294, ""k"": 2.0, ""num_accepted"": 8, ""safety_keep_used"": false, ""fallback_used"": false}"
491,apra,apra_hierarchical_cluster,"[43, 15, 21, 81, 50, 20, 22]",[42],"{""best_k"": 2, ""best_score"": 0.6419445872306824, ""selected_cluster"": 0, ""cluster_scores"": {""0"": 2.193758964538574, ""1"": -1.0}, ""num_trusted"": 7, ""fallback_used"": false}"
491,apra,apra_trust_weighted_clip,"[43, 15, 21, 81, 50, 20, 22]",[],"{""base_clip"": 1.0, ""trust_weights"": {""43"": 0.31515592336654663, ""15"": 0.027266113087534904, ""21"": 0.027266113087534904, ""81"": 0.0, ""50"": 0.31515592336654663, ""20"": 0.0, ""22"": 0.31515592336654663}, ""num_aggregated"": 7}"
492,apra,apra_mad_filter,"[85, 27, 36, 99, 53, 33, 87, 35]","[4, 17]","{""median_norm"": 0.5241524513633244, ""mad"": 0.06603882961024127, ""k"": 2.0, ""num_accepted"": 8, ""safety_keep_used"": false, ""fallback_used"": false}"
492,apra,apra_hierarchical_cluster,"[27, 36, 99, 53, 33, 87, 35]",[85],"{""best_k"": 2, ""best_score"": 0.5962506532669067, ""selected_cluster"": 0, ""cluster_scores"": {""0"": 3.656137228012085, ""1"": -1.0}, ""num_trusted"": 7, ""fallback_used"": false}"
492,apra,apra_trust_weighted_clip,"[27, 36, 99, 53, 33, 87, 35]",[],"{""base_clip"": 1.0, ""trust_weights"": {""27"": 0.0, ""36"": 0.20000000298023224, ""99"": 0.0, ""53"": 0.20000000298023224, ""33"": 0.20000000298023224, ""87"": 0.20000000298023224, ""35"": 0.20000000298023224}, ""num_aggregated"": 7}"
493,apra,apra_mad_filter,"[73, 94, 50, 16, 27, 67, 8, 58]","[4, 88]","{""median_norm"": 0.5608694416317782, ""mad"": 0.12751740290308294, ""k"": 2.0, ""num_accepted"": 8, ""safety_keep_used"": false, ""fallback_used"": false}"
493,apra,apra_hierarchical_cluster,"[94, 50, 16, 27, 67, 8, 58]",[73],"{""best_k"": 2, ""best_score"": 0.8182957172393799, ""selected_cluster"": 0, ""cluster_scores"": {""0"": 6.373399257659912, ""1"": -1.0}, ""num_trusted"": 7, ""fallback_used"": false}"
493,apra,apra_trust_weighted_clip,"[94, 50, 16, 27, 67, 8, 58]",[],"{""base_clip"": 1.0, ""trust_weights"": {""94"": 0.1666666716337204, ""50"": 0.1666666716337204, ""16"": 0.1666666716337204, ""27"": 0.1666666716337204, ""67"": 0.1666666716337204, ""8"": 0.0, ""58"": 0.1666666716337204}, ""num_aggregated"": 7}"
494,apra,apra_mad_filter,"[72, 87, 49, 6, 94, 56, 76, 84]","[0, 73]","{""median_norm"": 0.553120084635838, ""mad"": 0.04445249557566783, ""k"": 2.0, ""num_accepted"": 8, ""safety_keep_used"": false, ""fallback_used"": false}"
494,apra,apra_hierarchical_cluster,"[87, 49, 6, 94, 56, 76, 84]",[72],"{""best_k"": 2, ""best_score"": 0.6228516101837158, ""selected_cluster"": 0, ""cluster_scores"": {""0"": 6.261815071105957, ""1"": -1.0}, ""num_trusted"": 7, ""fallback_used"": false}"
494,apra,apra_trust_weighted_clip,"[87, 49, 6, 94, 56, 76, 84]",[],"{""base_clip"": 1.0, ""trust_weights"": {""87"": 0.25, ""49"": 0.0, ""6"": 0.25, ""94"": 0.25, ""56"": 0.0, ""76"": 0.25, ""84"": 0.0}, ""num_aggregated"": 7}"
495,apra,apra_mad_filter,"[78, 77, 34, 44, 10, 5, 50, 85, 68]",[1],"{""median_norm"": 0.5114305438138851, ""mad"": 0.0712119606021746, ""k"": 2.0, ""num_accepted"": 9, ""safety_keep_used"": false, ""fallback_used"": false}"
495,apra,apra_hierarchical_cluster,"[78, 77, 34, 44, 5, 50, 85, 68]",[10],"{""best_k"": 2, ""best_score"": 0.6860770583152771, ""selected_cluster"": 0, ""cluster_scores"": {""0"": 2.323495864868164, ""1"": -1.0}, ""num_trusted"": 8, ""fallback_used"": false}"
495,apra,apra_trust_weighted_clip,"[78, 77, 34, 44, 5, 50, 85, 68]",[],"{""base_clip"": 1.0, ""trust_weights"": {""78"": 0.25, ""77"": 0.25, ""34"": 0.25, ""44"": 0.0, ""5"": 0.0, ""50"": 0.25, ""85"": 0.0, ""68"": 0.0}, ""num_aggregated"": 8}"
496,apra,apra_mad_filter,"[67, 93, 20, 79, 19, 10, 49, 75, 94]",[1],"{""median_norm"": 0.512713046453982, ""mad"": 0.07367816551686471, ""k"": 2.0, ""num_accepted"": 9, ""safety_keep_used"": false, ""fallback_used"": false}"
496,apra,apra_hierarchical_cluster,"[67, 93, 20, 79, 19, 49, 75, 94]",[10],"{""best_k"": 2, ""best_score"": 0.7008278369903564, ""selected_cluster"": 0, ""cluster_scores"": {""0"": 3.0428051948547363, ""1"": -1.0}, ""num_trusted"": 8, ""fallback_used"": false}"
496,apra,apra_trust_weighted_clip,"[67, 93, 20, 79, 19, 49, 75, 94]",[],"{""base_clip"": 1.0, ""trust_weights"": {""67"": 0.0, ""93"": 0.20000000298023224, ""20"": 0.20000000298023224, ""79"": 0.20000000298023224, ""19"": 0.20000000298023224, ""49"": 0.0, ""75"": 0.0, ""94"": 0.20000000298023224}, ""num_aggregated"": 8}"
497,apra,apra_mad_filter,"[3, 1, 40, 89, 24, 63, 65, 48, 90, 64]",[],"{""median_norm"": 0.6055113024365623, ""mad"": 0.12409272882480335, ""k"": 2.0, ""num_accepted"": 10, ""safety_keep_used"": false, ""fallback_used"": false}"
497,apra,apra_hierarchical_cluster,"[3, 1, 40, 89, 24, 63, 65, 90, 64]",[48],"{""best_k"": 2, ""best_score"": 0.7103431820869446, ""selected_cluster"": 0, ""cluster_scores"": {""0"": 4.190561771392822, ""1"": -1.0}, ""num_trusted"": 9, ""fallback_used"": false}"
497,apra,apra_trust_weighted_clip,"[3, 1, 40, 89, 24, 63, 65, 90, 64]",[],"{""base_clip"": 1.0, ""trust_weights"": {""3"": 0.06563302874565125, ""1"": 0.0, ""40"": 0.19893382489681244, ""89"": 0.1386316567659378, ""24"": 0.0, ""63"": 0.19893382489681244, ""65"": 0.19893382489681244, ""90"": 0.19893382489681244, ""64"": 0.0}, ""num_aggregated"": 9}"
498,apra,apra_mad_filter,"[97, 8, 32, 54, 84, 25, 82, 2, 47]",[0],"{""median_norm"": 0.6636912542066996, ""mad"": 0.1891495606174584, ""k"": 2.0, ""num_accepted"": 9, ""safety_keep_used"": false, ""fallback_used"": false}"
498,apra,apra_hierarchical_cluster,"[97, 8, 32, 84, 25, 82, 2, 47]",[54],"{""best_k"": 2, ""best_score"": 0.3832947015762329, ""selected_cluster"": 0, ""cluster_scores"": {""0"": 1.203798532485962, ""1"": -1.0}, ""num_trusted"": 8, ""fallback_used"": false}"
498,apra,apra_trust_weighted_clip,"[97, 8, 32, 84, 25, 82, 2, 47]",[],"{""base_clip"": 1.0, ""trust_weights"": {""97"": 0.17778104543685913, ""8"": 0.08946102112531662, ""32"": 0.17778104543685913, ""84"": 0.07019317150115967, ""25"": 0.17778104543685913, ""82"": 0.1292216032743454, ""2"": 0.0, ""47"": 0.17778104543685913}, ""num_aggregated"": 8}"
499,apra,apra_mad_filter,"[77, 43, 84, 54, 41, 81, 5]","[3, 97, 23]","{""median_norm"": 0.7571076032468509, ""mad"": 0.048431657514195425, ""k"": 2.0, ""num_accepted"": 7, ""safety_keep_used"": false, ""fallback_used"": false}"
499,apra,apra_hierarchical_cluster,"[77, 43, 84, 41, 81, 5]",[54],"{""best_k"": 2, ""best_score"": 0.6565527319908142, ""selected_cluster"": 0, ""cluster_scores"": {""0"": 2.3073575496673584, ""1"": -1.0}, ""num_trusted"": 6, ""fallback_used"": false}"
499,apra,apra_trust_weighted_clip,"[77, 43, 84, 41, 81, 5]",[],"{""base_clip"": 1.0, ""trust_weights"": {""77"": 0.2829439640045166, ""43"": 0.2829439640045166, ""84"": 0.1511681079864502, ""41"": 0.0, ""81"": 0.0, ""5"": 0.2829439640045166}, ""num_aggregated"": 6}"
500,apra,apra_mad_filter,"[4, 50, 79, 39, 10, 18, 28, 41, 22, 71]",[],"{""median_norm"": 0.602873398892354, ""mad"": 0.17727019014038214, ""k"": 2.0, ""num_accepted"": 10, ""safety_keep_used"": false, ""fallback_used"": false}"
500,apra,apra_hierarchical_cluster,"[4, 50, 79, 39, 18, 28, 41, 22]","[10, 71]","{""best_k"": 2, ""best_score"": 0.6582300066947937, ""selected_cluster"": 0, ""cluster_scores"": {""0"": 5.618351936340332, ""1"": 1.9640922546386719}, ""num_trusted"": 8, ""fallback_used"": false}"
500,apra,apra_trust_weighted_clip,"[4, 50, 79, 39, 18, 28, 41, 22]",[],"{""base_clip"": 1.0, ""trust_weights"": {""4"": 0.0, ""50"": 0.1428571492433548, ""79"": 0.1428571492433548, ""39"": 0.1428571492433548, ""18"": 0.1428571492433548, ""28"": 0.1428571492433548, ""41"": 0.1428571492433548, ""22"": 0.1428571492433548}, ""num_aggregated"": 8}"
