epoch,method,stage,selected,rejected,human
1,apra,apra_mad_filter,"[71, 32, 58, 4, 24, 62, 67, 43, 29]",[3],"{""median_norm"": 0.675587331436304, ""mad"": 0.22795259942120388, ""k"": 4.524187090179797, ""num_accepted"": 9, ""safety_keep_used"": false, ""fallback_used"": false}"
1,apra,apra_hierarchical_cluster,"[71, 32, 58, 24, 62, 67, 43, 29]",[4],"{""best_k"": 2, ""best_score"": 0.7432025074958801, ""selected_cluster"": 0, ""cluster_scores"": {""0"": 6.674088478088379, ""1"": -1.0}, ""num_trusted"": 8, ""fallback_used"": false}"
1,apra,apra_trust_weighted_clip,"[71, 32, 58, 24, 62, 67, 43, 29]",[],"{""base_clip"": 1.0, ""trust_weights"": {""71"": 0.1428571492433548, ""32"": 0.1428571492433548, ""58"": 0.1428571492433548, ""24"": 0.0, ""62"": 0.1428571492433548, ""67"": 0.1428571492433548, ""43"": 0.1428571492433548, ""29"": 0.1428571492433548}, ""num_aggregated"": 8}"
2,apra,apra_mad_filter,"[73, 72, 99, 20, 15, 37, 93, 74, 22]",[3],"{""median_norm"": 0.5247925494904726, ""mad"": 0.0806723600578568, ""k"": 4.093653765389909, ""num_accepted"": 9, ""safety_keep_used"": false, ""fallback_used"": false}"
2,apra,apra_hierarchical_cluster,"[99, 20, 15, 37, 93, 74, 22]","[73, 72]","{""best_k"": 3, ""best_score"": 0.6185986995697021, ""selected_cluster"": 0, ""cluster_scores"": {""0"": 4.711217403411865, ""1"": -1.0, ""2"": -1.0}, ""num_trusted"": 7, ""fallback_used"": false}"
2,apra,apra_trust_weighted_clip,"[99, 20, 15, 37, 93, 74, 22]",[],"{""base_clip"": 1.0, ""trust_weights"": {""99"": 0.1666666716337204, ""20"": 0.1666666716337204, ""15"": 0.0, ""37"": 0.1666666716337204, ""93"": 0.1666666716337204, ""74"": 0.1666666716337204, ""22"": 0.1666666716337204}, ""num_aggregated"": 7}"
3,apra,apra_mad_filter,"[11, 29, 61, 14, 62, 31, 55, 89]","[2, 0]","{""median_norm"": 0.8144313836811646, ""mad"": 0.16046991561620338, ""k"": 3.7040911034085893, ""num_accepted"": 8, ""safety_keep_used"": false, ""fallback_used"": false}"
3,apra,apra_hierarchical_cluster,"[11, 29, 61, 14, 62, 55, 89]",[31],"{""best_k"": 2, ""best_score"": 0.704660177230835, ""selected_cluster"": 0, ""cluster_scores"": {""0"": 6.819194793701172, ""1"": -1.0}, ""num_trusted"": 7, ""fallback_used"": false}"
3,apra,apra_trust_weighted_clip,"[11, 29, 61, 14, 62, 55, 89]",[],"{""base_clip"": 1.0, ""trust_weights"": {""11"": 0.0, ""29"": 0.25, ""61"": 0.25, ""14"": 0.0, ""62"": 0.0, ""55"": 0.25, ""89"": 0.25}, ""num_aggregated"": 7}"
4,apra,apra_mad_filter,"[73, 5, 68, 48, 28, 53, 72, 34]","[1, 88]","{""median_norm"": 0.7473037337313584, ""mad"": 0.0696995491134913, ""k"": 3.351600230178197, ""num_accepted"": 8, ""safety_keep_used"": false, ""fallback_used"": false}"
4,apra,apra_hierarchical_cluster,"[5, 68, 28, 53, 72, 34]","[73, 48]","{""best_k"": 3, ""best_score"": 0.6359463930130005, ""selected_cluster"": 0, ""cluster_scores"": {""0"": 5.663750648498535, ""1"": -1.0, ""2"": -1.0}, ""num_trusted"": 6, ""fallback_used"": false}"
4,apra,apra_trust_weighted_clip,"[5, 68, 28, 53, 72, 34]",[],"{""base_clip"": 1.0, ""trust_weights"": {""5"": 0.0, ""68"": 0.20000000298023224, ""28"": 0.20000000298023224, ""53"": 0.20000000298023224, ""72"": 0.20000000298023224, ""34"": 0.20000000298023224}, ""num_aggregated"": 6}"
5,apra,apra_mad_filter,"[27, 55, 98, 67, 16, 57, 21, 26, 69]",[4],"{""median_norm"": 0.6331977714849077, ""mad"": 0.06828500885420818, ""k"": 3.032653298563167, ""num_accepted"": 9, ""safety_keep_used"": false, ""fallback_used"": false}"
5,apra,apra_hierarchical_cluster,"[55, 98, 16, 57, 21, 26, 69]","[27, 67]","{""best_k"": 2, ""best_score"": 0.4853726029396057, ""selected_cluster"": 0, ""cluster_scores"": {""0"": 4.6661458015441895, ""1"": 1.597733736038208}, ""num_trusted"": 7, ""fallback_used"": false}"
5,apra,apra_trust_weighted_clip,"[55, 98, 16, 57, 21, 26, 69]",[],"{""base_clip"": 1.0, ""trust_weights"": {""55"": 0.0, ""98"": 0.179483562707901, ""16"": 0.179483562707901, ""57"": 0.179483562707901, ""21"": 0.179483562707901, ""26"": 0.14103282988071442, ""69"": 0.14103282988071442}, ""num_aggregated"": 7}"
6,apra,apra_mad_filter,"[55, 44, 86, 53, 6, 52, 61, 62, 48]",[3],"{""median_norm"": 0.6763875516895073, ""mad"": 0.07481883556675684, ""k"": 2.744058180470132, ""num_accepted"": 9, ""safety_keep_used"": false, ""fallback_used"": false}"
6,apra,apra_hierarchical_cluster,"[55, 44, 86, 53, 6, 52, 61, 62]",[48],"{""best_k"": 2, ""best_score"": 0.6966376304626465, ""selected_cluster"": 0, ""cluster_scores"": {""0"": 5.352082252502441, ""1"": -1.0}, ""num_trusted"": 8, ""fallback_used"": false}"
6,apra,apra_trust_weighted_clip,"[55, 44, 86, 53, 6, 52, 61, 62]",[],"{""base_clip"": 1.0, ""trust_weights"": {""55"": 0.1428571492433548, ""44"": 0.0, ""86"": 0.1428571492433548, ""53"": 0.1428571492433548, ""6"": 0.1428571492433548, ""52"": 0.1428571492433548, ""61"": 0.1428571492433548, ""62"": 0.1428571492433548}, ""num_aggregated"": 8}"
7,apra,apra_mad_filter,"[73, 46, 58, 32, 95, 97, 42, 38, 13]",[2],"{""median_norm"": 0.7501137242288789, ""mad"": 0.09983418062749266, ""k"": 2.4829265189570475, ""num_accepted"": 9, ""safety_keep_used"": false, ""fallback_used"": false}"
7,apra,apra_hierarchical_cluster,"[73, 46, 58, 32, 97, 42, 38, 13]",[95],"{""best_k"": 2, ""best_score"": 0.4729621112346649, ""selected_cluster"": 0, ""cluster_scores"": {""0"": 3.427072048187256, ""1"": -1.0}, ""num_trusted"": 8, ""fallback_used"": false}"
7,apra,apra_trust_weighted_clip,"[73, 46, 58, 32, 97, 42, 38, 13]",[],"{""base_clip"": 1.0, ""trust_weights"": {""73"": 0.0, ""46"": 0.3702728748321533, ""58"": 0.0, ""32"": 0.3702728748321533, ""97"": 0.12972711026668549, ""42"": 0.0, ""38"": 0.12972711026668549, ""13"": 0.0}, ""num_aggregated"": 8}"
8,apra,apra_mad_filter,"[41, 96, 97, 82, 86, 57, 62, 85, 17]",[0],"{""median_norm"": 0.6847383079976971, ""mad"": 0.16931189581934264, ""k"": 2.246644820586108, ""num_accepted"": 9, ""safety_keep_used"": false, ""fallback_used"": false}"
8,apra,apra_hierarchical_cluster,"[86, 57, 62, 85, 17]","[41, 96, 97, 82]","{""best_k"": 3, ""best_score"": 0.4820415675640106, ""selected_cluster"": 2, ""cluster_scores"": {""0"": 1.7959659099578857, ""1"": 1.9197287559509277, ""2"": 4.3874711990356445}, ""num_trusted"": 5, ""fallback_used"": false}"
8,apra,apra_trust_weighted_clip,"[86, 57, 62, 85, 17]",[],"{""base_clip"": 1.0, ""trust_weights"": {""86"": 0.4367397129535675, ""57"": 0.0, ""62"": 0.4367397129535675, ""85"": 0.12652064859867096, ""17"": 0.0}, ""num_aggregated"": 5}"
9,apra,apra_mad_filter,"[6, 23, 43, 89, 96, 69, 84]","[2, 1, 38]","{""median_norm"": 0.7056051088823231, ""mad"": 0.04902916094966786, ""k"": 2.0328482987029957, ""num_accepted"": 7, ""safety_keep_used"": false, ""fallback_used"": false}"
9,apra,apra_hierarchical_cluster,"[6, 23, 43, 89, 96, 84]",[69],"{""best_k"": 2, ""best_score"": 0.42051610350608826, ""selected_cluster"": 0, ""cluster_scores"": {""0"": 4.493229866027832, ""1"": -1.0}, ""num_trusted"": 6, ""fallback_used"": false}"
9,apra,apra_trust_weighted_clip,"[6, 23, 43, 89, 96, 84]",[],"{""base_clip"": 1.0, ""trust_weights"": {""6"": 0.21957555413246155, ""23"": 0.0, ""43"": 0.21957555413246155, ""89"": 0.21957555413246155, ""96"": 0.12169787287712097, ""84"": 0.21957555413246155}, ""num_aggregated"": 6}"
10,apra,apra_mad_filter,"[95, 65, 71, 9, 81, 70, 41, 42]","[4, 3]","{""median_norm"": 0.744751207670596, ""mad"": 0.15737201451370575, ""k"": 2.0, ""num_accepted"": 8, ""safety_keep_used"": false, ""fallback_used"": false}"
10,apra,apra_hierarchical_cluster,"[71, 9, 81, 42]","[95, 65, 70, 41]","{""best_k"": 3, ""best_score"": 0.38356733322143555, ""selected_cluster"": 0, ""cluster_scores"": {""0"": 3.833423614501953, ""1"": 2.955228805541992, ""2"": -1.0}, ""num_trusted"": 4, ""fallback_used"": false}"
10,apra,apra_trust_weighted_clip,"[71, 9, 81, 42]",[],"{""base_clip"": 1.0, ""trust_weights"": {""71"": 0.3333333432674408, ""9"": 0.3333333432674408, ""81"": 0.3333333432674408, ""42"": 0.0}, ""num_aggregated"": 4}"
11,apra,apra_mad_filter,"[58, 28, 44, 63, 65, 38]","[4, 20, 97, 47]","{""median_norm"": 0.759925330827282, ""mad"": 0.05616516345818917, ""k"": 2.0, ""num_accepted"": 6, ""safety_keep_used"": false, ""fallback_used"": false}"
11,apra,apra_hierarchical_cluster,"[63, 65]","[58, 28, 44, 38]","{""best_k"": 3, ""best_score"": 0.37360480427742004, ""selected_cluster"": 1, ""cluster_scores"": {""0"": 1.7735328674316406, ""1"": 1.974701166152954, ""2"": 1.9016244411468506}, ""num_trusted"": 2, ""fallback_used"": false}"
11,apra,apra_trust_weighted_clip,"[63, 65]",[],"{""base_clip"": 1.0, ""trust_weights"": {""63"": 0.5, ""65"": 0.5}, ""num_aggregated"": 2}"
12,apra,apra_mad_filter,"[81, 20, 6, 68, 37, 15, 11, 48]","[3, 2]","{""median_norm"": 0.7245046672316506, ""mad"": 0.21192364858046317, ""k"": 2.0, ""num_accepted"": 8, ""safety_keep_used"": false, ""fallback_used"": false}"
12,apra,apra_hierarchical_cluster,"[81, 20, 6, 68, 37, 15, 11]",[48],"{""best_k"": 2, ""best_score"": 0.6408034563064575, ""selected_cluster"": 0, ""cluster_scores"": {""0"": 4.953239917755127, ""1"": -1.0}, ""num_trusted"": 7, ""fallback_used"": false}"
12,apra,apra_trust_weighted_clip,"[81, 20, 6, 68, 37, 15, 11]",[],"{""base_clip"": 1.0, ""trust_weights"": {""81"": 0.1666666716337204, ""20"": 0.0, ""6"": 0.1666666716337204, ""68"": 0.1666666716337204, ""37"": 0.1666666716337204, ""15"": 0.1666666716337204, ""11"": 0.1666666716337204}, ""num_aggregated"": 7}"
13,apra,apra_mad_filter,"[60, 95, 98, 39, 75, 32, 15, 52, 49]",[0],"{""median_norm"": 0.687337895003789, ""mad"": 0.1447202890274395, ""k"": 2.0, ""num_accepted"": 9, ""safety_keep_used"": false, ""fallback_used"": false}"
13,apra,apra_hierarchical_cluster,"[60, 98, 39, 75, 32, 15, 52, 49]",[95],"{""best_k"": 2, ""best_score"": 0.546194851398468, ""selected_cluster"": 0, ""cluster_scores"": {""0"": 4.6866655349731445, ""1"": -1.0}, ""num_trusted"": 8, ""fallback_used"": false}"
13,apra,apra_trust_weighted_clip,"[60, 98, 39, 75, 32, 15, 52, 49]",[],"{""base_clip"": 1.0, ""trust_weights"": {""60"": 0.0, ""98"": 0.20000000298023224, ""39"": 0.20000000298023224, ""75"": 0.20000000298023224, ""32"": 0.0, ""15"": 0.0, ""52"": 0.20000000298023224, ""49"": 0.20000000298023224}, ""num_aggregated"": 8}"
14,apra,apra_mad_filter,"[86, 16, 55, 99, 15, 12, 44]","[0, 67, 88]","{""median_norm"": 0.49344678711097045, ""mad"": 0.03823706802648788, ""k"": 2.0, ""num_accepted"": 7, ""safety_keep_used"": false, ""fallback_used"": false}"
14,apra,apra_hierarchical_cluster,"[86, 16, 55, 12]","[99, 15, 44]","{""best_k"": 3, ""best_score"": 0.44086235761642456, ""selected_cluster"": 1, ""cluster_scores"": {""0"": 1.9291753768920898, ""1"": 3.9810891151428223, ""2"": -1.0}, ""num_trusted"": 4, ""fallback_used"": false}"
14,apra,apra_trust_weighted_clip,"[86, 16, 55, 12]",[],"{""base_clip"": 1.0, ""trust_weights"": {""86"": 0.3333333432674408, ""16"": 0.0, ""55"": 0.3333333432674408, ""12"": 0.3333333432674408}, ""num_aggregated"": 4}"
15,apra,apra_mad_filter,"[81, 49, 56, 12, 30, 83, 37, 91]","[2, 3]","{""median_norm"": 0.6827589462710865, ""mad"": 0.18806690528529846, ""k"": 2.0, ""num_accepted"": 8, ""safety_keep_used"": false, ""fallback_used"": false}"
15,apra,apra_hierarchical_cluster,"[81, 49, 12, 83, 37, 91]","[56, 30]","{""best_k"": 2, ""best_score"": 0.6020655632019043, ""selected_cluster"": 0, ""cluster_scores"": {""0"": 5.875, ""1"": 1.8700141906738281}, ""num_trusted"": 6, ""fallback_used"": false}"
15,apra,apra_trust_weighted_clip,"[81, 49, 12, 83, 37, 91]",[],"{""base_clip"": 1.0, ""trust_weights"": {""81"": 0.20000000298023224, ""49"": 0.0, ""12"": 0.20000000298023224, ""83"": 0.20000000298023224, ""37"": 0.20000000298023224, ""91"": 0.20000000298023224}, ""num_aggregated"": 6}"
16,apra,apra_mad_filter,"[57, 85, 84, 6, 43, 71, 39]","[2, 46, 40]","{""median_norm"": 0.6332235233516016, ""mad"": 0.030870638881009382, ""k"": 2.0, ""num_accepted"": 7, ""safety_keep_used"": false, ""fallback_used"": false}"
16,apra,apra_hierarchical_cluster,"[57, 84, 6, 43, 39]","[85, 71]","{""best_k"": 2, ""best_score"": 0.5098997950553894, ""selected_cluster"": 1, ""cluster_scores"": {""0"": 1.920528769493103, ""1"": 4.75407075881958}, ""num_trusted"": 5, ""fallback_used"": false}"
16,apra,apra_trust_weighted_clip,"[57, 84, 6, 43, 39]",[],"{""base_clip"": 1.0, ""trust_weights"": {""57"": 0.5, ""84"": 0.0, ""6"": 0.0, ""43"": 0.0, ""39"": 0.5}, ""num_aggregated"": 5}"
17,apra,apra_mad_filter,"[83, 71, 76, 18, 17, 81, 62, 52]","[0, 3]","{""median_norm"": 0.9176344008545481, ""mad"": 0.19326633716249952, ""k"": 2.0, ""num_accepted"": 8, ""safety_keep_used"": false, ""fallback_used"": false}"
17,apra,apra_hierarchical_cluster,"[83, 76, 18, 17, 81, 62, 52]",[71],"{""best_k"": 2, ""best_score"": 0.568024218082428, ""selected_cluster"": 0, ""cluster_scores"": {""0"": 6.745386123657227, ""1"": -1.0}, ""num_trusted"": 7, ""fallback_used"": false}"
17,apra,apra_trust_weighted_clip,"[83, 76, 18, 17, 81, 62, 52]",[],"{""base_clip"": 1.0, ""trust_weights"": {""83"": 0.1666666716337204, ""76"": 0.1666666716337204, ""18"": 0.1666666716337204, ""17"": 0.0, ""81"": 0.1666666716337204, ""62"": 0.1666666716337204, ""52"": 0.1666666716337204}, ""num_aggregated"": 7}"
18,apra,apra_mad_filter,"[80, 88, 5, 84, 50, 40, 78, 31, 43]",[4],"{""median_norm"": 0.7225007409933282, ""mad"": 0.19327086268030852, ""k"": 2.0, ""num_accepted"": 9, ""safety_keep_used"": false, ""fallback_used"": false}"
18,apra,apra_hierarchical_cluster,"[80, 5, 84, 50, 40, 78, 31, 43]",[88],"{""best_k"": 2, ""best_score"": 0.8008056879043579, ""selected_cluster"": 0, ""cluster_scores"": {""0"": 6.195143699645996, ""1"": -1.0}, ""num_trusted"": 8, ""fallback_used"": false}"
18,apra,apra_trust_weighted_clip,"[80, 5, 84, 50, 40, 78, 31, 43]",[],"{""base_clip"": 1.0, ""trust_weights"": {""80"": 0.1428571492433548, ""5"": 0.1428571492433548, ""84"": 0.1428571492433548, ""50"": 0.1428571492433548, ""40"": 0.1428571492433548, ""78"": 0.1428571492433548, ""31"": 0.0, ""43"": 0.1428571492433548}, ""num_aggregated"": 8}"
19,apra,apra_mad_filter,"[45, 95, 90, 65, 6, 87, 29, 51]","[3, 84]","{""median_norm"": 0.6618016408626174, ""mad"": 0.08980664930178783, ""k"": 2.0, ""num_accepted"": 8, ""safety_keep_used"": false, ""fallback_used"": false}"
19,apra,apra_hierarchical_cluster,"[45, 90, 65, 6, 87, 29, 51]",[95],"{""best_k"": 2, ""best_score"": 0.6487712860107422, ""selected_cluster"": 0, ""cluster_scores"": {""0"": 5.014236927032471, ""1"": -1.0}, ""num_trusted"": 7, ""fallback_used"": false}"
19,apra,apra_trust_weighted_clip,"[45, 90, 65, 6, 87, 29, 51]",[],"{""base_clip"": 1.0, ""trust_weights"": {""45"": 0.20000000298023224, ""90"": 0.20000000298023224, ""65"": 0.0, ""6"": 0.20000000298023224, ""87"": 0.20000000298023224, ""29"": 0.0, ""51"": 0.20000000298023224}, ""num_aggregated"": 7}"
20,apra,apra_mad_filter,"[72, 28, 52, 38, 63, 18, 22, 39, 47]",[1],"{""median_norm"": 0.6088286254737093, ""mad"": 0.1415004109194183, ""k"": 2.0, ""num_accepted"": 9, ""safety_keep_used"": false, ""fallback_used"": false}"
20,apra,apra_hierarchical_cluster,"[72, 28, 52, 38, 63, 18, 22, 39]",[47],"{""best_k"": 2, ""best_score"": 0.6304544806480408, ""selected_cluster"": 0, ""cluster_scores"": {""0"": 6.592502593994141, ""1"": -1.0}, ""num_trusted"": 8, ""fallback_used"": false}"
20,apra,apra_trust_weighted_clip,"[72, 28, 52, 38, 63, 18, 22, 39]",[],"{""base_clip"": 1.0, ""trust_weights"": {""72"": 0.19476298987865448, ""28"": 0.19476298987865448, ""52"": 0.19476298987865448, ""38"": 0.19476298987865448, ""63"": 0.0, ""18"": 0.026185041293501854, ""22"": 0.19476298987865448, ""39"": 0.0}, ""num_aggregated"": 8}"
21,apra,apra_mad_filter,"[99, 66, 96, 13, 63, 5, 68, 94, 29]",[2],"{""median_norm"": 0.6215778484182284, ""mad"": 0.04764385708723384, ""k"": 2.0, ""num_accepted"": 9, ""safety_keep_used"": false, ""fallback_used"": false}"
21,apra,apra_hierarchical_cluster,"[66, 96, 13, 63, 5, 68, 94, 29]",[99],"{""best_k"": 2, ""best_score"": 0.35274913907051086, ""selected_cluster"": 0, ""cluster_scores"": {""0"": 4.287654876708984, ""1"": -1.0}, ""num_trusted"": 8, ""fallback_used"": false}"
21,apra,apra_trust_weighted_clip,"[66, 96, 13, 63, 5, 68, 94, 29]",[],"{""base_clip"": 1.0, ""trust_weights"": {""66"": 0.20000000298023224, ""96"": 0.0, ""13"": 0.20000000298023224, ""63"": 0.20000000298023224, ""5"": 0.0, ""68"": 0.20000000298023224, ""94"": 0.20000000298023224, ""29"": 0.0}, ""num_aggregated"": 8}"
22,apra,apra_mad_filter,"[45, 9, 98, 99, 38, 83, 86, 24, 34]",[1],"{""median_norm"": 0.6852159673195057, ""mad"": 0.15390927264749465, ""k"": 2.0, ""num_accepted"": 9, ""safety_keep_used"": false, ""fallback_used"": false}"
22,apra,apra_hierarchical_cluster,"[45, 98, 99, 38, 83, 86, 24, 34]",[9],"{""best_k"": 2, ""best_score"": 0.6242516040802002, ""selected_cluster"": 0, ""cluster_scores"": {""0"": 5.802017688751221, ""1"": -1.0}, ""num_trusted"": 8, ""fallback_used"": false}"
22,apra,apra_trust_weighted_clip,"[45, 98, 99, 38, 83, 86, 24, 34]",[],"{""base_clip"": 1.0, ""trust_weights"": {""45"": 0.1428571492433548, ""98"": 0.1428571492433548, ""99"": 0.0, ""38"": 0.1428571492433548, ""83"": 0.1428571492433548, ""86"": 0.1428571492433548, ""24"": 0.1428571492433548, ""34"": 0.1428571492433548}, ""num_aggregated"": 8}"
23,apra,apra_mad_filter,"[83, 82, 79, 81, 91, 53, 52, 90, 32]",[2],"{""median_norm"": 0.5622038020370478, ""mad"": 0.09781120589925638, ""k"": 2.0, ""num_accepted"": 9, ""safety_keep_used"": false, ""fallback_used"": false}"
23,apra,apra_hierarchical_cluster,"[83, 79, 81, 91, 53, 52, 90, 32]",[82],"{""best_k"": 2, ""best_score"": 0.6579145789146423, ""selected_cluster"": 0, ""cluster_scores"": {""0"": 6.843700408935547, ""1"": -1.0}, ""num_trusted"": 8, ""fallback_used"": false}"
23,apra,apra_trust_weighted_clip,"[83, 79, 81, 91, 53, 52, 90, 32]",[],"{""base_clip"": 1.0, ""trust_weights"": {""83"": 0.1428571492433548, ""79"": 0.1428571492433548, ""81"": 0.1428571492433548, ""91"": 0.1428571492433548, ""53"": 0.1428571492433548, ""52"": 0.1428571492433548, ""90"": 0.1428571492433548, ""32"": 0.0}, ""num_aggregated"": 8}"
24,apra,apra_mad_filter,"[5, 99, 6, 94, 34, 46, 28, 76, 91]",[4],"{""median_norm"": 0.4900492422425483, ""mad"": 0.06568394309306919, ""k"": 2.0, ""num_accepted"": 9, ""safety_keep_used"": false, ""fallback_used"": false}"
24,apra,apra_hierarchical_cluster,"[5, 6, 94, 34, 46, 28, 76, 91]",[99],"{""best_k"": 2, ""best_score"": 0.592731773853302, ""selected_cluster"": 0, ""cluster_scores"": {""0"": 5.789327621459961, ""1"": -1.0}, ""num_trusted"": 8, ""fallback_used"": false}"
24,apra,apra_trust_weighted_clip,"[5, 6, 94, 34, 46, 28, 76, 91]",[],"{""base_clip"": 1.0, ""trust_weights"": {""5"": 0.0, ""6"": 0.1666666716337204, ""94"": 0.1666666716337204, ""34"": 0.1666666716337204, ""46"": 0.1666666716337204, ""28"": 0.0, ""76"": 0.1666666716337204, ""91"": 0.1666666716337204}, ""num_aggregated"": 8}"
25,apra,apra_mad_filter,"[35, 90, 93, 71, 98, 70, 95, 54]","[4, 2]","{""median_norm"": 0.7732542114708079, ""mad"": 0.18399598209446327, ""k"": 2.0, ""num_accepted"": 8, ""safety_keep_used"": false, ""fallback_used"": false}"
25,apra,apra_hierarchical_cluster,"[35, 90, 93, 71, 98, 70, 95]",[54],"{""best_k"": 2, ""best_score"": 0.7335506081581116, ""selected_cluster"": 0, ""cluster_scores"": {""0"": 6.142568588256836, ""1"": -1.0}, ""num_trusted"": 7, ""fallback_used"": false}"
25,apra,apra_trust_weighted_clip,"[35, 90, 93, 71, 98, 70, 95]",[],"{""base_clip"": 1.0, ""trust_weights"": {""35"": 0.0, ""90"": 0.1666666716337204, ""93"": 0.1666666716337204, ""71"": 0.1666666716337204, ""98"": 0.1666666716337204, ""70"": 0.1666666716337204, ""95"": 0.1666666716337204}, ""num_aggregated"": 7}"
26,apra,apra_mad_filter,"[81, 22, 41, 14, 39, 1, 88, 74, 49]",[3],"{""median_norm"": 0.9422998600101792, ""mad"": 0.3317411545142075, ""k"": 2.0, ""num_accepted"": 9, ""safety_keep_used"": false, ""fallback_used"": false}"
26,apra,apra_hierarchical_cluster,"[81, 22, 41, 14, 39, 74, 49]","[1, 88]","{""best_k"": 3, ""best_score"": 0.6890125274658203, ""selected_cluster"": 0, ""cluster_scores"": {""0"": 5.808221817016602, ""1"": -1.0, ""2"": -1.0}, ""num_trusted"": 7, ""fallback_used"": false}"
26,apra,apra_trust_weighted_clip,"[81, 22, 41, 14, 39, 74, 49]",[],"{""base_clip"": 1.0, ""trust_weights"": {""81"": 0.1666666716337204, ""22"": 0.1666666716337204, ""41"": 0.0, ""14"": 0.1666666716337204, ""39"": 0.1666666716337204, ""74"": 0.1666666716337204, ""49"": 0.1666666716337204}, ""num_aggregated"": 7}"
27,apra,apra_mad_filter,"[57, 7, 73, 75, 65, 58, 27, 10]","[0, 95]","{""median_norm"": 0.6537009212328252, ""mad"": 0.061066453418798516, ""k"": 2.0, ""num_accepted"": 8, ""safety_keep_used"": false, ""fallback_used"": false}"
27,apra,apra_hierarchical_cluster,"[57, 7, 75, 65, 58, 27, 10]",[73],"{""best_k"": 2, ""best_score"": 0.6593552827835083, ""selected_cluster"": 0, ""cluster_scores"": {""0"": 5.851070880889893, ""1"": -1.0}, ""num_trusted"": 7, ""fallback_used"": false}"
27,apra,apra_trust_weighted_clip,"[57, 7, 75, 65, 58, 27, 10]",[],"{""base_clip"": 1.0, ""trust_weights"": {""57"": 0.08383999764919281, ""7"": 0.18522219359874725, ""75"": 0.18522219359874725, ""65"": 0.1752711832523346, ""58"": 0.18522219359874725, ""27"": 0.18522219359874725, ""10"": 0.0}, ""num_aggregated"": 7}"
28,apra,apra_mad_filter,"[65, 15, 51, 53, 69, 72, 14]","[3, 1, 76]","{""median_norm"": 0.5709628608853448, ""mad"": 0.12201897010849569, ""k"": 2.0, ""num_accepted"": 7, ""safety_keep_used"": false, ""fallback_used"": false}"
28,apra,apra_hierarchical_cluster,"[65, 15, 51, 53, 72, 14]",[69],"{""best_k"": 2, ""best_score"": 0.39543992280960083, ""selected_cluster"": 0, ""cluster_scores"": {""0"": 5.850277900695801, ""1"": -1.0}, ""num_trusted"": 6, ""fallback_used"": false}"
28,apra,apra_trust_weighted_clip,"[65, 15, 51, 53, 72, 14]",[],"{""base_clip"": 1.0, ""trust_weights"": {""65"": 0.25, ""15"": 0.25, ""51"": 0.0, ""53"": 0.25, ""72"": 0.25, ""14"": 0.0}, ""num_aggregated"": 6}"
29,apra,apra_mad_filter,"[30, 81, 70, 38, 49, 78, 14, 87]","[1, 3]","{""median_norm"": 0.5606995117035528, ""mad"": 0.053121740486325286, ""k"": 2.0, ""num_accepted"": 8, ""safety_keep_used"": false, ""fallback_used"": false}"
29,apra,apra_hierarchical_cluster,"[81, 70, 38, 49, 78, 14, 87]",[30],"{""best_k"": 2, ""best_score"": 0.6885746717453003, ""selected_cluster"": 0, ""cluster_scores"": {""0"": 6.954302787780762, ""1"": -1.0}, ""num_trusted"": 7, ""fallback_used"": false}"
29,apra,apra_trust_weighted_clip,"[81, 70, 38, 49, 78, 14, 87]",[],"{""base_clip"": 1.0, ""trust_weights"": {""81"": 0.20000000298023224, ""70"": 0.0, ""38"": 0.20000000298023224, ""49"": 0.0, ""78"": 0.20000000298023224, ""14"": 0.20000000298023224, ""87"": 0.20000000298023224}, ""num_aggregated"": 7}"
30,apra,apra_mad_filter,"[71, 13, 47, 7, 49, 33, 42, 53]","[1, 34]","{""median_norm"": 0.7055918917165644, ""mad"": 0.07552749816585219, ""k"": 2.0, ""num_accepted"": 8, ""safety_keep_used"": false, ""fallback_used"": false}"
30,apra,apra_hierarchical_cluster,"[71, 13, 7, 49, 33, 53]","[47, 42]","{""best_k"": 2, ""best_score"": 0.5689390897750854, ""selected_cluster"": 1, ""cluster_scores"": {""0"": 1.3988409042358398, ""1"": 5.474699020385742}, ""num_trusted"": 6, ""fallback_used"": false}"
30,apra,apra_trust_weighted_clip,"[71, 13, 7, 49, 33, 53]",[],"{""base_clip"": 1.0, ""trust_weights"": {""71"": 0.5, ""13"": 0.5, ""7"": 0.0, ""49"": 0.0, ""33"": 0.0, ""53"": 0.0}, ""num_aggregated"": 6}"
31,apra,apra_mad_filter,"[20, 48, 30, 15, 29, 54, 14]","[3, 57, 45]","{""median_norm"": 0.7539893296951814, ""mad"": 0.0621970601213051, ""k"": 2.0, ""num_accepted"": 7, ""safety_keep_used"": false, ""fallback_used"": false}"
31,apra,apra_hierarchical_cluster,"[20, 30, 15, 29, 14]","[48, 54]","{""best_k"": 3, ""best_score"": 0.5224646925926208, ""selected_cluster"": 0, ""cluster_scores"": {""0"": 2.664522886276245, ""1"": -1.0, ""2"": -1.0}, ""num_trusted"": 5, ""fallback_used"": false}"
31,apra,apra_trust_weighted_clip,"[20, 30, 15, 29, 14]",[],"{""base_clip"": 1.0, ""trust_weights"": {""20"": 0.0, ""30"": 0.25, ""15"": 0.25, ""29"": 0.25, ""14"": 0.25}, ""num_aggregated"": 5}"
32,apra,apra_mad_filter,"[52, 76, 65, 58, 51, 23, 99, 21]","[1, 57]","{""median_norm"": 0.584317305967516, ""mad"": 0.06256663085301395, ""k"": 2.0, ""num_accepted"": 8, ""safety_keep_used"": false, ""fallback_used"": false}"
32,apra,apra_hierarchical_cluster,"[52, 76, 65, 58, 51, 23, 21]",[99],"{""best_k"": 2, ""best_score"": 0.4380503296852112, ""selected_cluster"": 0, ""cluster_scores"": {""0"": 4.248416423797607, ""1"": -1.0}, ""num_trusted"": 7, ""fallback_used"": false}"
32,apra,apra_trust_weighted_clip,"[52, 76, 65, 58, 51, 23, 21]",[],"{""base_clip"": 1.0, ""trust_weights"": {""52"": 0.1666666716337204, ""76"": 0.1666666716337204, ""65"": 0.0, ""58"": 0.1666666716337204, ""51"": 0.1666666716337204, ""23"": 0.1666666716337204, ""21"": 0.1666666716337204}, ""num_aggregated"": 7}"
33,apra,apra_mad_filter,"[46, 64, 96, 82, 75, 40, 63, 36, 47]",[4],"{""median_norm"": 0.5725015796272285, ""mad"": 0.09046635127119282, ""k"": 2.0, ""num_accepted"": 9, ""safety_keep_used"": false, ""fallback_used"": false}"
33,apra,apra_hierarchical_cluster,"[46, 64, 96, 75, 40, 63, 36]","[82, 47]","{""best_k"": 3, ""best_score"": 0.4321011006832123, ""selected_cluster"": 0, ""cluster_scores"": {""0"": 2.423628330230713, ""1"": -1.0, ""2"": -1.0}, ""num_trusted"": 7, ""fallback_used"": false}"
33,apra,apra_trust_weighted_clip,"[46, 64, 96, 75, 40, 63, 36]",[],"{""base_clip"": 1.0, ""trust_weights"": {""46"": 0.1666666716337204, ""64"": 0.1666666716337204, ""96"": 0.1666666716337204, ""75"": 0.1666666716337204, ""40"": 0.1666666716337204, ""63"": 0.1666666716337204, ""36"": 0.0}, ""num_aggregated"": 7}"
34,apra,apra_mad_filter,"[8, 81, 73, 83, 65, 79, 58, 16]","[0, 72]","{""median_norm"": 0.6125579201458637, ""mad"": 0.042818180622005375, ""k"": 2.0, ""num_accepted"": 8, ""safety_keep_used"": false, ""fallback_used"": false}"
34,apra,apra_hierarchical_cluster,"[8, 81, 83, 65, 79, 58, 16]",[73],"{""best_k"": 2, ""best_score"": 0.7350436449050903, ""selected_cluster"": 0, ""cluster_scores"": {""0"": 5.636602878570557, ""1"": -1.0}, ""num_trusted"": 7, ""fallback_used"": false}"
34,apra,apra_trust_weighted_clip,"[8, 81, 83, 65, 79, 58, 16]",[],"{""base_clip"": 1.0, ""trust_weights"": {""8"": 0.0, ""81"": 0.1666666716337204, ""83"": 0.1666666716337204, ""65"": 0.1666666716337204, ""79"": 0.1666666716337204, ""58"": 0.1666666716337204, ""16"": 0.1666666716337204}, ""num_aggregated"": 7}"
35,apra,apra_mad_filter,"[84, 29, 12, 98, 44, 64, 13, 55]","[3, 30]","{""median_norm"": 0.5482576910316084, ""mad"": 0.04692725640055334, ""k"": 2.0, ""num_accepted"": 8, ""safety_keep_used"": false, ""fallback_used"": false}"
35,apra,apra_hierarchical_cluster,"[84, 29, 12, 98, 64, 13, 55]",[44],"{""best_k"": 2, ""best_score"": 0.47046375274658203, ""selected_cluster"": 0, ""cluster_scores"": {""0"": 5.11384391784668, ""1"": -1.0}, ""num_trusted"": 7, ""fallback_used"": false}"
35,apra,apra_trust_weighted_clip,"[84, 29, 12, 98, 64, 13, 55]",[],"{""base_clip"": 1.0, ""trust_weights"": {""84"": 0.0, ""29"": 0.12834379076957703, ""12"": 0.1931019127368927, ""98"": 0.1931019127368927, ""64"": 0.1931019127368927, ""13"": 0.09924854338169098, ""55"": 0.1931019127368927}, ""num_aggregated"": 7}"
36,apra,apra_mad_filter,"[23, 49, 11, 34, 99, 33, 58]","[0, 36, 12]","{""median_norm"": 0.7612831195331933, ""mad"": 0.09148553353371608, ""k"": 2.0, ""num_accepted"": 7, ""safety_keep_used"": false, ""fallback_used"": false}"
36,apra,apra_hierarchical_cluster,"[23, 11, 34, 33]","[49, 99, 58]","{""best_k"": 3, ""best_score"": 0.42766186594963074, ""selected_cluster"": 1, ""cluster_scores"": {""0"": 1.884713888168335, ""1"": 3.9407031536102295, ""2"": -1.0}, ""num_trusted"": 4, ""fallback_used"": false}"
36,apra,apra_trust_weighted_clip,"[23, 11, 34, 33]",[],"{""base_clip"": 1.0, ""trust_weights"": {""23"": 0.18878665566444397, ""11"": 0.0, ""34"": 0.4056066870689392, ""33"": 0.4056066870689392}, ""num_aggregated"": 4}"
37,apra,apra_mad_filter,"[5, 34, 99, 14, 24, 56, 37]","[3, 43, 48]","{""median_norm"": 0.5257530576472857, ""mad"": 0.11048095327171883, ""k"": 2.0, ""num_accepted"": 7, ""safety_keep_used"": false, ""fallback_used"": false}"
37,apra,apra_hierarchical_cluster,"[34, 14, 24, 37]","[5, 99, 56]","{""best_k"": 3, ""best_score"": 0.4752454161643982, ""selected_cluster"": 1, ""cluster_scores"": {""0"": 1.8839519023895264, ""1"": 3.9092745780944824, ""2"": -1.0}, ""num_trusted"": 4, ""fallback_used"": false}"
37,apra,apra_trust_weighted_clip,"[34, 14, 24, 37]",[],"{""base_clip"": 1.0, ""trust_weights"": {""34"": 0.3333333432674408, ""14"": 0.3333333432674408, ""24"": 0.0, ""37"": 0.3333333432674408}, ""num_aggregated"": 4}"
38,apra,apra_mad_filter,"[85, 65, 95, 82, 19, 77, 54, 37]","[2, 88]","{""median_norm"": 0.686602489949915, ""mad"": 0.12817151912237473, ""k"": 2.0, ""num_accepted"": 8, ""safety_keep_used"": false, ""fallback_used"": false}"
38,apra,apra_hierarchical_cluster,"[85, 65, 82, 19, 77, 37]","[95, 54]","{""best_k"": 2, ""best_score"": 0.660739541053772, ""selected_cluster"": 0, ""cluster_scores"": {""0"": 5.846825122833252, ""1"": 1.9055554866790771}, ""num_trusted"": 6, ""fallback_used"": false}"
38,apra,apra_trust_weighted_clip,"[85, 65, 82, 19, 77, 37]",[],"{""base_clip"": 1.0, ""trust_weights"": {""85"": 0.26598572731018066, ""65"": 0.26598572731018066, ""82"": 0.0, ""19"": 0.0, ""77"": 0.26598572731018066, ""37"": 0.20204277336597443}, ""num_aggregated"": 6}"
39,apra,apra_mad_filter,"[12, 85, 87, 74, 15, 29, 94, 60]","[2, 33]","{""median_norm"": 0.5141311218718524, ""mad"": 0.09400284612639104, ""k"": 2.0, ""num_accepted"": 8, ""safety_keep_used"": false, ""fallback_used"": false}"
39,apra,apra_hierarchical_cluster,"[12, 87, 74, 29, 94, 60]","[85, 15]","{""best_k"": 2, ""best_score"": 0.5265567302703857, ""selected_cluster"": 1, ""cluster_scores"": {""0"": 1.494910478591919, ""1"": 5.796745777130127}, ""num_trusted"": 6, ""fallback_used"": false}"
39,apra,apra_trust_weighted_clip,"[12, 87, 74, 29, 94, 60]",[],"{""base_clip"": 1.0, ""trust_weights"": {""12"": 0.22019368410110474, ""87"": 0.22019368410110474, ""74"": 0.22019368410110474, ""29"": 0.0, ""94"": 0.22019368410110474, ""60"": 0.11922529339790344}, ""num_aggregated"": 6}"
40,apra,apra_mad_filter,"[6, 33, 77, 65, 63, 55, 18, 78]","[4, 2]","{""median_norm"": 0.7926981086519405, ""mad"": 0.11105059307243592, ""k"": 2.0, ""num_accepted"": 8, ""safety_keep_used"": false, ""fallback_used"": false}"
40,apra,apra_hierarchical_cluster,"[6, 33, 77, 63, 55, 18, 78]",[65],"{""best_k"": 2, ""best_score"": 0.6094542741775513, ""selected_cluster"": 0, ""cluster_scores"": {""0"": 6.836230754852295, ""1"": -1.0}, ""num_trusted"": 7, ""fallback_used"": false}"
40,apra,apra_trust_weighted_clip,"[6, 33, 77, 63, 55, 18, 78]",[],"{""base_clip"": 1.0, ""trust_weights"": {""6"": 0.18018844723701477, ""33"": 0.18018844723701477, ""77"": 0.18018844723701477, ""63"": 0.09905783087015152, ""55"": 0.0, ""18"": 0.18018844723701477, ""78"": 0.18018844723701477}, ""num_aggregated"": 7}"
41,apra,apra_mad_filter,"[71, 25, 57, 32, 77, 51, 42, 95, 22]",[1],"{""median_norm"": 0.6940304374351212, ""mad"": 0.1574734987759135, ""k"": 2.0, ""num_accepted"": 9, ""safety_keep_used"": false, ""fallback_used"": false}"
41,apra,apra_hierarchical_cluster,"[71, 25, 57, 32, 77, 51, 42, 22]",[95],"{""best_k"": 2, ""best_score"": 0.5599875450134277, ""selected_cluster"": 0, ""cluster_scores"": {""0"": 3.912093162536621, ""1"": -1.0}, ""num_trusted"": 8, ""fallback_used"": false}"
41,apra,apra_trust_weighted_clip,"[71, 25, 57, 32, 77, 51, 42, 22]",[],"{""base_clip"": 1.0, ""trust_weights"": {""71"": 0.0, ""25"": 0.0, ""57"": 0.25, ""32"": 0.0, ""77"": 0.25, ""51"": 0.25, ""42"": 0.0, ""22"": 0.25}, ""num_aggregated"": 8}"
42,apra,apra_mad_filter,"[23, 61, 86, 54, 91, 63, 37, 85]","[2, 0]","{""median_norm"": 0.7446960254647095, ""mad"": 0.24002670649657795, ""k"": 2.0, ""num_accepted"": 8, ""safety_keep_used"": false, ""fallback_used"": false}"
42,apra,apra_hierarchical_cluster,"[23, 61, 86, 91, 63, 37, 85]",[54],"{""best_k"": 2, ""best_score"": 0.8190218806266785, ""selected_cluster"": 0, ""cluster_scores"": {""0"": 6.938846588134766, ""1"": -1.0}, ""num_trusted"": 7, ""fallback_used"": false}"
42,apra,apra_trust_weighted_clip,"[23, 61, 86, 91, 63, 37, 85]",[],"{""base_clip"": 1.0, ""trust_weights"": {""23"": 0.20000000298023224, ""61"": 0.0, ""86"": 0.20000000298023224, ""91"": 0.20000000298023224, ""63"": 0.20000000298023224, ""37"": 0.20000000298023224, ""85"": 0.0}, ""num_aggregated"": 7}"
43,apra,apra_mad_filter,"[40, 56, 34, 98, 35, 22, 89, 16]","[0, 1]","{""median_norm"": 0.6998709571469321, ""mad"": 0.10313716075310675, ""k"": 2.0, ""num_accepted"": 8, ""safety_keep_used"": false, ""fallback_used"": false}"
43,apra,apra_hierarchical_cluster,"[34, 98, 22, 89, 16]","[40, 56, 35]","{""best_k"": 3, ""best_score"": 0.5431818962097168, ""selected_cluster"": 0, ""cluster_scores"": {""0"": 4.994742393493652, ""1"": -1.0, ""2"": 1.9950776100158691}, ""num_trusted"": 5, ""fallback_used"": false}"
43,apra,apra_trust_weighted_clip,"[34, 98, 22, 89, 16]",[],"{""base_clip"": 1.0, ""trust_weights"": {""34"": 0.0, ""98"": 0.2760888636112213, ""22"": 0.2760888636112213, ""89"": 0.17173342406749725, ""16"": 0.2760888636112213}, ""num_aggregated"": 5}"
44,apra,apra_mad_filter,"[46, 25, 37, 20, 42, 44, 50, 12, 72]",[1],"{""median_norm"": 0.5931922706647121, ""mad"": 0.05181561188102263, ""k"": 2.0, ""num_accepted"": 9, ""safety_keep_used"": false, ""fallback_used"": false}"
44,apra,apra_hierarchical_cluster,"[46, 37, 50, 12, 72]","[25, 20, 42, 44]","{""best_k"": 3, ""best_score"": 0.3198978006839752, ""selected_cluster"": 1, ""cluster_scores"": {""0"": 0.9534423351287842, ""1"": 4.297811508178711, ""2"": -1.0}, ""num_trusted"": 5, ""fallback_used"": false}"
44,apra,apra_trust_weighted_clip,"[46, 37, 50, 12, 72]",[],"{""base_clip"": 1.0, ""trust_weights"": {""46"": 0.0, ""37"": 0.3333333432674408, ""50"": 0.3333333432674408, ""12"": 0.3333333432674408, ""72"": 0.0}, ""num_aggregated"": 5}"
45,apra,apra_mad_filter,"[56, 93, 20, 12, 27, 69, 33, 16]","[1, 19]","{""median_norm"": 0.5879726218359654, ""mad"": 0.07153097929257726, ""k"": 2.0, ""num_accepted"": 8, ""safety_keep_used"": false, ""fallback_used"": false}"
45,apra,apra_hierarchical_cluster,"[56, 93, 20, 12, 27, 33, 16]",[69],"{""best_k"": 2, ""best_score"": 0.5959584712982178, ""selected_cluster"": 0, ""cluster_scores"": {""0"": 5.964126110076904, ""1"": -1.0}, ""num_trusted"": 7, ""fallback_used"": false}"
45,apra,apra_trust_weighted_clip,"[56, 93, 20, 12, 27, 33, 16]",[],"{""base_clip"": 1.0, ""trust_weights"": {""56"": 0.1666666716337204, ""93"": 0.1666666716337204, ""20"": 0.0, ""12"": 0.1666666716337204, ""27"": 0.1666666716337204, ""33"": 0.1666666716337204, ""16"": 0.1666666716337204}, ""num_aggregated"": 7}"
46,apra,apra_mad_filter,"[45, 10, 74, 86, 46, 35, 17, 81]","[2, 1]","{""median_norm"": 0.9243145071528289, ""mad"": 0.257273280821622, ""k"": 2.0, ""num_accepted"": 8, ""safety_keep_used"": false, ""fallback_used"": false}"
46,apra,apra_hierarchical_cluster,"[45, 74, 86, 46, 35, 17, 81]",[10],"{""best_k"": 2, ""best_score"": 0.5753878951072693, ""selected_cluster"": 0, ""cluster_scores"": {""0"": 6.345300197601318, ""1"": -1.0}, ""num_trusted"": 7, ""fallback_used"": false}"
46,apra,apra_trust_weighted_clip,"[45, 74, 86, 46, 35, 17, 81]",[],"{""base_clip"": 1.0, ""trust_weights"": {""45"": 0.1666666716337204, ""74"": 0.1666666716337204, ""86"": 0.1666666716337204, ""46"": 0.1666666716337204, ""35"": 0.1666666716337204, ""17"": 0.0, ""81"": 0.1666666716337204}, ""num_aggregated"": 7}"
47,apra,apra_mad_filter,"[99, 19, 62, 44, 52, 70, 65]","[2, 0, 48]","{""median_norm"": 0.6556978071196556, ""mad"": 0.09453054811107697, ""k"": 2.0, ""num_accepted"": 7, ""safety_keep_used"": false, ""fallback_used"": false}"
47,apra,apra_hierarchical_cluster,"[62, 44, 52, 65]","[99, 19, 70]","{""best_k"": 2, ""best_score"": 0.3766973614692688, ""selected_cluster"": 0, ""cluster_scores"": {""0"": 3.7928757667541504, ""1"": 2.894643545150757}, ""num_trusted"": 4, ""fallback_used"": false}"
47,apra,apra_trust_weighted_clip,"[62, 44, 52, 65]",[],"{""base_clip"": 1.0, ""trust_weights"": {""62"": 0.5, ""44"": 0.0, ""52"": 0.5, ""65"": 0.0}, ""num_aggregated"": 4}"
48,apra,apra_mad_filter,"[66, 36, 83, 68, 23, 90, 57, 21]","[0, 2]","{""median_norm"": 0.650398382398627, ""mad"": 0.2135568154312142, ""k"": 2.0, ""num_accepted"": 8, ""safety_keep_used"": false, ""fallback_used"": false}"
48,apra,apra_hierarchical_cluster,"[66, 36, 83, 68, 90, 57, 21]",[23],"{""best_k"": 2, ""best_score"": 0.6445986032485962, ""selected_cluster"": 0, ""cluster_scores"": {""0"": 6.868947982788086, ""1"": -1.0}, ""num_trusted"": 7, ""fallback_used"": false}"
48,apra,apra_trust_weighted_clip,"[66, 36, 83, 68, 90, 57, 21]",[],"{""base_clip"": 1.0, ""trust_weights"": {""66"": 0.1666666716337204, ""36"": 0.0, ""83"": 0.1666666716337204, ""68"": 0.1666666716337204, ""90"": 0.1666666716337204, ""57"": 0.1666666716337204, ""21"": 0.1666666716337204}, ""num_aggregated"": 7}"
49,apra,apra_mad_filter,"[10, 20, 51, 25, 27, 40, 5, 89, 85]",[3],"{""median_norm"": 0.5356471248540311, ""mad"": 0.044692960489585265, ""k"": 2.0, ""num_accepted"": 9, ""safety_keep_used"": false, ""fallback_used"": false}"
49,apra,apra_hierarchical_cluster,"[20, 51, 25, 27, 40, 5, 89]","[10, 85]","{""best_k"": 2, ""best_score"": 0.445732444524765, ""selected_cluster"": 1, ""cluster_scores"": {""0"": 1.636608600616455, ""1"": 5.297889709472656}, ""num_trusted"": 7, ""fallback_used"": false}"
49,apra,apra_trust_weighted_clip,"[20, 51, 25, 27, 40, 5, 89]",[],"{""base_clip"": 1.0, ""trust_weights"": {""20"": 0.0, ""51"": 0.20000000298023224, ""25"": 0.0, ""27"": 0.20000000298023224, ""40"": 0.20000000298023224, ""5"": 0.20000000298023224, ""89"": 0.20000000298023224}, ""num_aggregated"": 7}"
50,apra,apra_mad_filter,"[80, 28, 63, 68, 14, 94, 32, 20]","[1, 85]","{""median_norm"": 0.5821369345404284, ""mad"": 0.07049316371068534, ""k"": 2.0, ""num_accepted"": 8, ""safety_keep_used"": false, ""fallback_used"": false}"
50,apra,apra_hierarchical_cluster,"[80, 28, 63, 68, 14, 94, 20]",[32],"{""best_k"": 2, ""best_score"": 0.5889312624931335, ""selected_cluster"": 0, ""cluster_scores"": {""0"": 5.658041954040527, ""1"": -1.0}, ""num_trusted"": 7, ""fallback_used"": false}"
50,apra,apra_trust_weighted_clip,"[80, 28, 63, 68, 14, 94, 20]",[],"{""base_clip"": 1.0, ""trust_weights"": {""80"": 0.1666666716337204, ""28"": 0.1666666716337204, ""63"": 0.1666666716337204, ""68"": 0.1666666716337204, ""14"": 0.1666666716337204, ""94"": 0.1666666716337204, ""20"": 0.0}, ""num_aggregated"": 7}"
51,apra,apra_mad_filter,"[21, 58, 32, 20, 53, 93, 55]","[3, 61, 17]","{""median_norm"": 0.5720216975045274, ""mad"": 0.030435041304233856, ""k"": 2.0, ""num_accepted"": 7, ""safety_keep_used"": false, ""fallback_used"": false}"
51,apra,apra_hierarchical_cluster,"[21, 58, 53, 93, 55]","[32, 20]","{""best_k"": 2, ""best_score"": 0.43550950288772583, ""selected_cluster"": 1, ""cluster_scores"": {""0"": 1.0778475999832153, ""1"": 4.0139336585998535}, ""num_trusted"": 5, ""fallback_used"": false}"
51,apra,apra_trust_weighted_clip,"[21, 58, 53, 93, 55]",[],"{""base_clip"": 1.0, ""trust_weights"": {""21"": 0.3333333432674408, ""58"": 0.0, ""53"": 0.0, ""93"": 0.3333333432674408, ""55"": 0.3333333432674408}, ""num_aggregated"": 5}"
52,apra,apra_mad_filter,"[56, 79, 43, 65, 66, 16, 75, 82]","[3, 38]","{""median_norm"": 0.5409016652941211, ""mad"": 0.031307347820403175, ""k"": 2.0, ""num_accepted"": 8, ""safety_keep_used"": false, ""fallback_used"": false}"
52,apra,apra_hierarchical_cluster,"[79, 43, 65, 66, 16, 75, 82]",[56],"{""best_k"": 2, ""best_score"": 0.4879536032676697, ""selected_cluster"": 0, ""cluster_scores"": {""0"": 6.58399772644043, ""1"": -1.0}, ""num_trusted"": 7, ""fallback_used"": false}"
52,apra,apra_trust_weighted_clip,"[79, 43, 65, 66, 16, 75, 82]",[],"{""base_clip"": 1.0, ""trust_weights"": {""79"": 0.20000000298023224, ""43"": 0.20000000298023224, ""65"": 0.0, ""66"": 0.20000000298023224, ""16"": 0.20000000298023224, ""75"": 0.20000000298023224, ""82"": 0.0}, ""num_aggregated"": 7}"
53,apra,apra_mad_filter,"[50, 69, 58, 82, 91, 59, 38]","[2, 98, 97]","{""median_norm"": 0.5974379872252569, ""mad"": 0.07975739313485658, ""k"": 2.0, ""num_accepted"": 7, ""safety_keep_used"": false, ""fallback_used"": false}"
53,apra,apra_hierarchical_cluster,"[50, 69, 58, 91, 38]","[82, 59]","{""best_k"": 2, ""best_score"": 0.6260023713111877, ""selected_cluster"": 0, ""cluster_scores"": {""0"": 4.6380791664123535, ""1"": 1.924796223640442}, ""num_trusted"": 5, ""fallback_used"": false}"
53,apra,apra_trust_weighted_clip,"[50, 69, 58, 91, 38]",[],"{""base_clip"": 1.0, ""trust_weights"": {""50"": 0.25, ""69"": 0.0, ""58"": 0.25, ""91"": 0.25, ""38"": 0.25}, ""num_aggregated"": 5}"
54,apra,apra_mad_filter,"[20, 74, 38, 35, 78, 79, 25, 10]","[4, 88]","{""median_norm"": 0.6256431063293055, ""mad"": 0.05464741147016461, ""k"": 2.0, ""num_accepted"": 8, ""safety_keep_used"": false, ""fallback_used"": false}"
54,apra,apra_hierarchical_cluster,"[74, 38, 35, 78, 79]","[20, 25, 10]","{""best_k"": 3, ""best_score"": 0.6404772400856018, ""selected_cluster"": 0, ""cluster_scores"": {""0"": 4.641103267669678, ""1"": 1.9778399467468262, ""2"": -1.0}, ""num_trusted"": 5, ""fallback_used"": false}"
54,apra,apra_trust_weighted_clip,"[74, 38, 35, 78, 79]",[],"{""base_clip"": 1.0, ""trust_weights"": {""74"": 0.25, ""38"": 0.25, ""35"": 0.0, ""78"": 0.25, ""79"": 0.25}, ""num_aggregated"": 5}"
55,apra,apra_mad_filter,"[63, 45, 82, 64, 21, 94, 97, 52]","[1, 54]","{""median_norm"": 0.5423312420058559, ""mad"": 0.08972456154588909, ""k"": 2.0, ""num_accepted"": 8, ""safety_keep_used"": false, ""fallback_used"": false}"
55,apra,apra_hierarchical_cluster,"[63, 64, 21, 94, 52]","[45, 82, 97]","{""best_k"": 2, ""best_score"": 0.6133804321289062, ""selected_cluster"": 1, ""cluster_scores"": {""0"": 2.8271806240081787, ""1"": 4.847169876098633}, ""num_trusted"": 5, ""fallback_used"": false}"
55,apra,apra_trust_weighted_clip,"[63, 64, 21, 94, 52]",[],"{""base_clip"": 1.0, ""trust_weights"": {""63"": 0.0, ""64"": 0.25, ""21"": 0.25, ""94"": 0.25, ""52"": 0.25}, ""num_aggregated"": 5}"
56,apra,apra_mad_filter,"[65, 34, 91, 78, 88, 43, 30, 52]","[3, 0]","{""median_norm"": 1.0456028543009461, ""mad"": 0.3051038385397684, ""k"": 2.0, ""num_accepted"": 8, ""safety_keep_used"": false, ""fallback_used"": false}"
56,apra,apra_hierarchical_cluster,"[65, 34, 91, 78, 43, 52]","[88, 30]","{""best_k"": 3, ""best_score"": 0.6998291015625, ""selected_cluster"": 0, ""cluster_scores"": {""0"": 5.985651016235352, ""1"": -1.0, ""2"": -1.0}, ""num_trusted"": 6, ""fallback_used"": false}"
56,apra,apra_trust_weighted_clip,"[65, 34, 91, 78, 43, 52]",[],"{""base_clip"": 1.0, ""trust_weights"": {""65"": 0.0, ""34"": 0.14322422444820404, ""91"": 0.21419395506381989, ""78"": 0.21419395506381989, ""43"": 0.21419395506381989, ""52"": 0.21419395506381989}, ""num_aggregated"": 6}"
57,apra,apra_mad_filter,"[83, 65, 27, 98, 24, 5, 25, 10]","[3, 57]","{""median_norm"": 0.5389968213202584, ""mad"": 0.06994473446905639, ""k"": 2.0, ""num_accepted"": 8, ""safety_keep_used"": false, ""fallback_used"": false}"
57,apra,apra_hierarchical_cluster,"[83, 27, 98, 24, 5, 25]","[65, 10]","{""best_k"": 2, ""best_score"": 0.41050463914871216, ""selected_cluster"": 1, ""cluster_scores"": {""0"": 1.2145599126815796, ""1"": 4.723118782043457}, ""num_trusted"": 6, ""fallback_used"": false}"
57,apra,apra_trust_weighted_clip,"[83, 27, 98, 24, 5, 25]",[],"{""base_clip"": 1.0, ""trust_weights"": {""83"": 0.20000000298023224, ""27"": 0.20000000298023224, ""98"": 0.20000000298023224, ""24"": 0.20000000298023224, ""5"": 0.20000000298023224, ""25"": 0.0}, ""num_aggregated"": 6}"
58,apra,apra_mad_filter,"[16, 92, 27, 14, 62, 58, 77, 44]","[3, 1]","{""median_norm"": 0.7675190583409461, ""mad"": 0.2816292761971312, ""k"": 2.0, ""num_accepted"": 8, ""safety_keep_used"": false, ""fallback_used"": false}"
58,apra,apra_hierarchical_cluster,"[16, 92, 14, 58, 77, 44]","[27, 62]","{""best_k"": 2, ""best_score"": 0.45062774419784546, ""selected_cluster"": 0, ""cluster_scores"": {""0"": 5.773440361022949, ""1"": 1.990044116973877}, ""num_trusted"": 6, ""fallback_used"": false}"
58,apra,apra_trust_weighted_clip,"[16, 92, 14, 58, 77, 44]",[],"{""base_clip"": 1.0, ""trust_weights"": {""16"": 0.20000000298023224, ""92"": 0.20000000298023224, ""14"": 0.20000000298023224, ""58"": 0.0, ""77"": 0.20000000298023224, ""44"": 0.20000000298023224}, ""num_aggregated"": 6}"
59,apra,apra_mad_filter,"[39, 6, 27, 71, 69, 29, 25, 26]","[1, 88]","{""median_norm"": 0.8058201772545688, ""mad"": 0.1227252958978548, ""k"": 2.0, ""num_accepted"": 8, ""safety_keep_used"": false, ""fallback_used"": false}"
59,apra,apra_hierarchical_cluster,"[39, 6, 27, 71, 69, 29, 25]",[26],"{""best_k"": 2, ""best_score"": 0.5610437393188477, ""selected_cluster"": 0, ""cluster_scores"": {""0"": 6.37946081161499, ""1"": -1.0}, ""num_trusted"": 7, ""fallback_used"": false}"
59,apra,apra_trust_weighted_clip,"[39, 6, 27, 71, 69, 29, 25]",[],"{""base_clip"": 1.0, ""trust_weights"": {""39"": 0.1666666716337204, ""6"": 0.1666666716337204, ""27"": 0.1666666716337204, ""71"": 0.1666666716337204, ""69"": 0.1666666716337204, ""29"": 0.1666666716337204, ""25"": 0.0}, ""num_aggregated"": 7}"
60,apra,apra_mad_filter,"[84, 41, 86, 94, 13, 66, 14, 51]","[0, 3]","{""median_norm"": 0.7460121600109717, ""mad"": 0.25260024556548716, ""k"": 2.0, ""num_accepted"": 8, ""safety_keep_used"": false, ""fallback_used"": false}"
60,apra,apra_hierarchical_cluster,"[84, 86, 94, 13, 66, 14, 51]",[41],"{""best_k"": 2, ""best_score"": 0.8308846354484558, ""selected_cluster"": 0, ""cluster_scores"": {""0"": 6.914769649505615, ""1"": -1.0}, ""num_trusted"": 7, ""fallback_used"": false}"
60,apra,apra_trust_weighted_clip,"[84, 86, 94, 13, 66, 14, 51]",[],"{""base_clip"": 1.0, ""trust_weights"": {""84"": 0.0, ""86"": 0.1666666716337204, ""94"": 0.1666666716337204, ""13"": 0.1666666716337204, ""66"": 0.1666666716337204, ""14"": 0.1666666716337204, ""51"": 0.1666666716337204}, ""num_aggregated"": 7}"
61,apra,apra_mad_filter,"[36, 70, 21, 32, 55, 18, 69, 8]","[3, 1]","{""median_norm"": 0.6611979884036407, ""mad"": 0.09567632999119552, ""k"": 2.0, ""num_accepted"": 8, ""safety_keep_used"": false, ""fallback_used"": false}"
61,apra,apra_hierarchical_cluster,"[70, 21, 55, 18, 69]","[36, 32, 8]","{""best_k"": 2, ""best_score"": 0.4367753267288208, ""selected_cluster"": 0, ""cluster_scores"": {""0"": 4.611534595489502, ""1"": 2.53629732131958}, ""num_trusted"": 5, ""fallback_used"": false}"
61,apra,apra_trust_weighted_clip,"[70, 21, 55, 18, 69]",[],"{""base_clip"": 1.0, ""trust_weights"": {""70"": 0.25, ""21"": 0.25, ""55"": 0.25, ""18"": 0.25, ""69"": 0.0}, ""num_aggregated"": 5}"
62,apra,apra_mad_filter,"[29, 65, 68, 89, 95, 79, 83]","[0, 77, 47]","{""median_norm"": 0.6289823192121597, ""mad"": 0.07095007190822844, ""k"": 2.0, ""num_accepted"": 7, ""safety_keep_used"": false, ""fallback_used"": false}"
62,apra,apra_hierarchical_cluster,"[29, 68, 89, 79, 83]","[65, 95]","{""best_k"": 2, ""best_score"": 0.6352750062942505, ""selected_cluster"": 1, ""cluster_scores"": {""0"": 1.8928654193878174, ""1"": 4.756479740142822}, ""num_trusted"": 5, ""fallback_used"": false}"
62,apra,apra_trust_weighted_clip,"[29, 68, 89, 79, 83]",[],"{""base_clip"": 1.0, ""trust_weights"": {""29"": 0.0, ""68"": 0.1781165897846222, ""89"": 0.2739611566066742, ""79"": 0.2739611566066742, ""83"": 0.2739611566066742}, ""num_aggregated"": 5}"
63,apra,apra_mad_filter,"[10, 15, 46, 36, 86, 73, 62, 70]","[1, 31]","{""median_norm"": 0.585197328092627, ""mad"": 0.07809464022180429, ""k"": 2.0, ""num_accepted"": 8, ""safety_keep_used"": false, ""fallback_used"": false}"
63,apra,apra_hierarchical_cluster,"[15, 46, 36, 86, 62, 70]","[10, 73]","{""best_k"": 2, ""best_score"": 0.6519842147827148, ""selected_cluster"": 1, ""cluster_scores"": {""0"": 1.9276461601257324, ""1"": 4.685704231262207}, ""num_trusted"": 6, ""fallback_used"": false}"
63,apra,apra_trust_weighted_clip,"[15, 46, 36, 86, 62, 70]",[],"{""base_clip"": 1.0, ""trust_weights"": {""15"": 0.20000000298023224, ""46"": 0.20000000298023224, ""36"": 0.0, ""86"": 0.20000000298023224, ""62"": 0.20000000298023224, ""70"": 0.20000000298023224}, ""num_aggregated"": 6}"
64,apra,apra_mad_filter,"[47, 63, 32, 34, 12, 41, 75, 11]","[0, 3]","{""median_norm"": 0.5907980431106026, ""mad"": 0.1364494088232521, ""k"": 2.0, ""num_accepted"": 8, ""safety_keep_used"": false, ""fallback_used"": false}"
64,apra,apra_hierarchical_cluster,"[63, 32, 34, 12, 75, 11]","[47, 41]","{""best_k"": 3, ""best_score"": 0.5937283039093018, ""selected_cluster"": 0, ""cluster_scores"": {""0"": 5.900473117828369, ""1"": -1.0, ""2"": -1.0}, ""num_trusted"": 6, ""fallback_used"": false}"
64,apra,apra_trust_weighted_clip,"[63, 32, 34, 12, 75, 11]",[],"{""base_clip"": 1.0, ""trust_weights"": {""63"": 0.16488255560398102, ""32"": 0.0, ""34"": 0.20877936482429504, ""12"": 0.20877936482429504, ""75"": 0.20877936482429504, ""11"": 0.20877936482429504}, ""num_aggregated"": 6}"
65,apra,apra_mad_filter,"[55, 65, 54, 24, 31, 92, 49]","[3, 1, 46]","{""median_norm"": 0.8909858077075643, ""mad"": 0.07613778845715174, ""k"": 2.0, ""num_accepted"": 7, ""safety_keep_used"": false, ""fallback_used"": false}"
65,apra,apra_hierarchical_cluster,"[55, 65, 24, 31, 92, 49]",[54],"{""best_k"": 2, ""best_score"": 0.6490888595581055, ""selected_cluster"": 0, ""cluster_scores"": {""0"": 4.882747173309326, ""1"": -1.0}, ""num_trusted"": 6, ""fallback_used"": false}"
65,apra,apra_trust_weighted_clip,"[55, 65, 24, 31, 92, 49]",[],"{""base_clip"": 1.0, ""trust_weights"": {""55"": 0.20000000298023224, ""65"": 0.20000000298023224, ""24"": 0.20000000298023224, ""31"": 0.0, ""92"": 0.20000000298023224, ""49"": 0.20000000298023224}, ""num_aggregated"": 6}"
66,apra,apra_mad_filter,"[51, 5, 19, 53, 84, 23, 40, 64]","[0, 38]","{""median_norm"": 0.7324591476047293, ""mad"": 0.09454165186094549, ""k"": 2.0, ""num_accepted"": 8, ""safety_keep_used"": false, ""fallback_used"": false}"
66,apra,apra_hierarchical_cluster,"[5, 19, 53, 84, 23, 40, 64]",[51],"{""best_k"": 2, ""best_score"": 0.38270485401153564, ""selected_cluster"": 0, ""cluster_scores"": {""0"": 6.044936180114746, ""1"": -1.0}, ""num_trusted"": 7, ""fallback_used"": false}"
66,apra,apra_trust_weighted_clip,"[5, 19, 53, 84, 23, 40, 64]",[],"{""base_clip"": 1.0, ""trust_weights"": {""5"": 0.17631924152374268, ""19"": 0.0, ""53"": 0.17631924152374268, ""84"": 0.11840374767780304, ""23"": 0.17631924152374268, ""40"": 0.17631924152374268, ""64"": 0.17631924152374268}, ""num_aggregated"": 7}"
67,apra,apra_mad_filter,"[82, 78, 17, 19, 44, 14, 71, 90, 55]",[4],"{""median_norm"": 0.7101682922070376, ""mad"": 0.14362136941172515, ""k"": 2.0, ""num_accepted"": 9, ""safety_keep_used"": false, ""fallback_used"": false}"
67,apra,apra_hierarchical_cluster,"[78, 17, 44, 14, 71, 90, 55]","[82, 19]","{""best_k"": 3, ""best_score"": 0.5604131817817688, ""selected_cluster"": 0, ""cluster_scores"": {""0"": 6.311383247375488, ""1"": -1.0, ""2"": -1.0}, ""num_trusted"": 7, ""fallback_used"": false}"
67,apra,apra_trust_weighted_clip,"[78, 17, 44, 14, 71, 90, 55]",[],"{""base_clip"": 1.0, ""trust_weights"": {""78"": 0.20000000298023224, ""17"": 0.0, ""44"": 0.20000000298023224, ""14"": 0.20000000298023224, ""71"": 0.0, ""90"": 0.20000000298023224, ""55"": 0.20000000298023224}, ""num_aggregated"": 7}"
68,apra,apra_mad_filter,"[32, 44, 6, 54, 17, 9, 8, 68, 38]",[0],"{""median_norm"": 0.612855075124182, ""mad"": 0.1448505504283429, ""k"": 2.0, ""num_accepted"": 9, ""safety_keep_used"": false, ""fallback_used"": false}"
68,apra,apra_hierarchical_cluster,"[32, 44, 6, 17, 9, 8, 68, 38]",[54],"{""best_k"": 2, ""best_score"": 0.5778658390045166, ""selected_cluster"": 0, ""cluster_scores"": {""0"": 3.8659310340881348, ""1"": -1.0}, ""num_trusted"": 8, ""fallback_used"": false}"
68,apra,apra_trust_weighted_clip,"[32, 44, 6, 17, 9, 8, 68, 38]",[],"{""base_clip"": 1.0, ""trust_weights"": {""32"": 0.1666666716337204, ""44"": 0.0, ""6"": 0.1666666716337204, ""17"": 0.1666666716337204, ""9"": 0.0, ""8"": 0.1666666716337204, ""68"": 0.1666666716337204, ""38"": 0.1666666716337204}, ""num_aggregated"": 8}"
69,apra,apra_mad_filter,"[10, 42, 62, 79, 75, 64, 84]","[0, 3, 51]","{""median_norm"": 0.676738908164902, ""mad"": 0.09722062502884482, ""k"": 2.0, ""num_accepted"": 7, ""safety_keep_used"": false, ""fallback_used"": false}"
69,apra,apra_hierarchical_cluster,"[42, 62, 79, 75, 64, 84]",[10],"{""best_k"": 2, ""best_score"": 0.5216705799102783, ""selected_cluster"": 0, ""cluster_scores"": {""0"": 5.504875183105469, ""1"": -1.0}, ""num_trusted"": 6, ""fallback_used"": false}"
69,apra,apra_trust_weighted_clip,"[42, 62, 79, 75, 64, 84]",[],"{""base_clip"": 1.0, ""trust_weights"": {""42"": 0.0, ""62"": 0.23280180990695953, ""79"": 0.23280180990695953, ""75"": 0.06879280507564545, ""64"": 0.23280180990695953, ""84"": 0.23280180990695953}, ""num_aggregated"": 6}"
70,apra,apra_mad_filter,"[79, 68, 9, 5, 73, 62, 83, 46]","[1, 91]","{""median_norm"": 0.6223598432061821, ""mad"": 0.11060372459412765, ""k"": 2.0, ""num_accepted"": 8, ""safety_keep_used"": false, ""fallback_used"": false}"
70,apra,apra_hierarchical_cluster,"[79, 68, 9, 5, 62, 83, 46]",[73],"{""best_k"": 2, ""best_score"": 0.6922724843025208, ""selected_cluster"": 0, ""cluster_scores"": {""0"": 5.358887672424316, ""1"": -1.0}, ""num_trusted"": 7, ""fallback_used"": false}"
70,apra,apra_trust_weighted_clip,"[79, 68, 9, 5, 62, 83, 46]",[],"{""base_clip"": 1.0, ""trust_weights"": {""79"": 0.20000000298023224, ""68"": 0.20000000298023224, ""9"": 0.20000000298023224, ""5"": 0.0, ""62"": 0.20000000298023224, ""83"": 0.20000000298023224, ""46"": 0.0}, ""num_aggregated"": 7}"
71,apra,apra_mad_filter,"[55, 68, 51, 54, 48, 7, 69, 28, 71]",[1],"{""median_norm"": 0.6596585813163849, ""mad"": 0.08429761172518735, ""k"": 2.0, ""num_accepted"": 9, ""safety_keep_used"": false, ""fallback_used"": false}"
71,apra,apra_hierarchical_cluster,"[55, 68, 51, 48, 7, 69, 28, 71]",[54],"{""best_k"": 2, ""best_score"": 0.6539050340652466, ""selected_cluster"": 0, ""cluster_scores"": {""0"": 6.84445333480835, ""1"": -1.0}, ""num_trusted"": 8, ""fallback_used"": false}"
71,apra,apra_trust_weighted_clip,"[55, 68, 51, 48, 7, 69, 28, 71]",[],"{""base_clip"": 1.0, ""trust_weights"": {""55"": 0.1428571492433548, ""68"": 0.1428571492433548, ""51"": 0.1428571492433548, ""48"": 0.0, ""7"": 0.1428571492433548, ""69"": 0.1428571492433548, ""28"": 0.1428571492433548, ""71"": 0.1428571492433548}, ""num_aggregated"": 8}"
72,apra,apra_mad_filter,"[51, 72, 87, 21, 15, 38, 6, 57]","[0, 98]","{""median_norm"": 0.4842563549718644, ""mad"": 0.09516755377709249, ""k"": 2.0, ""num_accepted"": 8, ""safety_keep_used"": false, ""fallback_used"": false}"
72,apra,apra_hierarchical_cluster,"[72, 87, 21, 38, 6, 57]","[51, 15]","{""best_k"": 2, ""best_score"": 0.4263511896133423, ""selected_cluster"": 0, ""cluster_scores"": {""0"": 5.671403408050537, ""1"": 1.7458152770996094}, ""num_trusted"": 6, ""fallback_used"": false}"
72,apra,apra_trust_weighted_clip,"[72, 87, 21, 38, 6, 57]",[],"{""base_clip"": 1.0, ""trust_weights"": {""72"": 0.0, ""87"": 0.2770012617111206, ""21"": 0.2770012617111206, ""38"": 0.013736209832131863, ""6"": 0.15525995194911957, ""57"": 0.2770012617111206}, ""num_aggregated"": 6}"
73,apra,apra_mad_filter,"[61, 26, 7, 68, 59, 11, 36, 97]","[1, 88]","{""median_norm"": 0.6217879345150634, ""mad"": 0.08145500043292941, ""k"": 2.0, ""num_accepted"": 8, ""safety_keep_used"": false, ""fallback_used"": false}"
73,apra,apra_hierarchical_cluster,"[61, 26, 7, 68, 11, 36]","[59, 97]","{""best_k"": 2, ""best_score"": 0.5554138422012329, ""selected_cluster"": 0, ""cluster_scores"": {""0"": 5.744402885437012, ""1"": 1.9457216262817383}, ""num_trusted"": 6, ""fallback_used"": false}"
73,apra,apra_trust_weighted_clip,"[61, 26, 7, 68, 11, 36]",[],"{""base_clip"": 1.0, ""trust_weights"": {""61"": 0.20000000298023224, ""26"": 0.20000000298023224, ""7"": 0.20000000298023224, ""68"": 0.20000000298023224, ""11"": 0.20000000298023224, ""36"": 0.0}, ""num_aggregated"": 6}"
74,apra,apra_mad_filter,"[1, 75, 25, 80, 2, 78, 20, 4, 7]",[3],"{""median_norm"": 0.8999744333015802, ""mad"": 0.3794551524155842, ""k"": 2.0, ""num_accepted"": 9, ""safety_keep_used"": false, ""fallback_used"": false}"
74,apra,apra_hierarchical_cluster,"[1, 75, 25, 80, 2, 78, 20, 7]",[4],"{""best_k"": 2, ""best_score"": 0.6438425183296204, ""selected_cluster"": 0, ""cluster_scores"": {""0"": 2.920527696609497, ""1"": -1.0}, ""num_trusted"": 8, ""fallback_used"": false}"
74,apra,apra_trust_weighted_clip,"[1, 75, 25, 80, 2, 78, 20, 7]",[],"{""base_clip"": 1.0, ""trust_weights"": {""1"": 0.0, ""75"": 0.1666666716337204, ""25"": 0.1666666716337204, ""80"": 0.1666666716337204, ""2"": 0.0, ""78"": 0.1666666716337204, ""20"": 0.1666666716337204, ""7"": 0.1666666716337204}, ""num_aggregated"": 8}"
75,apra,apra_mad_filter,"[95, 86, 51, 23, 6, 62, 81, 84]","[2, 0]","{""median_norm"": 0.7189245043036309, ""mad"": 0.11943398728675214, ""k"": 2.0, ""num_accepted"": 8, ""safety_keep_used"": false, ""fallback_used"": false}"
75,apra,apra_hierarchical_cluster,"[86, 51, 23, 6, 62, 81, 84]",[95],"{""best_k"": 2, ""best_score"": 0.7179689407348633, ""selected_cluster"": 0, ""cluster_scores"": {""0"": 6.823148250579834, ""1"": -1.0}, ""num_trusted"": 7, ""fallback_used"": false}"
75,apra,apra_trust_weighted_clip,"[86, 51, 23, 6, 62, 81, 84]",[],"{""base_clip"": 1.0, ""trust_weights"": {""86"": 0.2448631376028061, ""51"": 0.0, ""23"": 0.2551368772983551, ""6"": 0.0, ""62"": 0.0, ""81"": 0.2448631376028061, ""84"": 0.2551368772983551}, ""num_aggregated"": 7}"
76,apra,apra_mad_filter,"[64, 37, 66, 42, 84, 58, 80, 67, 92]",[2],"{""median_norm"": 0.6875012488035595, ""mad"": 0.08922080884672395, ""k"": 2.0, ""num_accepted"": 9, ""safety_keep_used"": false, ""fallback_used"": false}"
76,apra,apra_hierarchical_cluster,"[64, 37, 66, 84, 58, 80, 67, 92]",[42],"{""best_k"": 2, ""best_score"": 0.6351115703582764, ""selected_cluster"": 0, ""cluster_scores"": {""0"": 6.605694770812988, ""1"": -1.0}, ""num_trusted"": 8, ""fallback_used"": false}"
76,apra,apra_trust_weighted_clip,"[64, 37, 66, 84, 58, 80, 67, 92]",[],"{""base_clip"": 1.0, ""trust_weights"": {""64"": 0.0, ""37"": 0.1711912453174591, ""66"": 0.1711912453174591, ""84"": 0.1711912453174591, ""58"": 0.14404374361038208, ""80"": 0.1711912453174591, ""67"": 0.0, ""92"": 0.1711912453174591}, ""num_aggregated"": 8}"
77,apra,apra_mad_filter,"[68, 79, 9, 30, 60, 69, 16, 43]","[4, 22]","{""median_norm"": 0.5963379399169676, ""mad"": 0.051939179596589, ""k"": 2.0, ""num_accepted"": 8, ""safety_keep_used"": false, ""fallback_used"": false}"
77,apra,apra_hierarchical_cluster,"[68, 79, 9, 60, 16, 43]","[30, 69]","{""best_k"": 2, ""best_score"": 0.4922995865345001, ""selected_cluster"": 0, ""cluster_scores"": {""0"": 4.867857933044434, ""1"": 1.7898595333099365}, ""num_trusted"": 6, ""fallback_used"": false}"
77,apra,apra_trust_weighted_clip,"[68, 79, 9, 60, 16, 43]",[],"{""base_clip"": 1.0, ""trust_weights"": {""68"": 0.21153250336647034, ""79"": 0.21153250336647034, ""9"": 0.0, ""60"": 0.15387001633644104, ""16"": 0.21153250336647034, ""43"": 0.21153250336647034}, ""num_aggregated"": 6}"
78,apra,apra_mad_filter,"[20, 77, 27, 23, 18, 74, 59, 86, 87]",[1],"{""median_norm"": 0.5699929086014637, ""mad"": 0.10338113048095174, ""k"": 2.0, ""num_accepted"": 9, ""safety_keep_used"": false, ""fallback_used"": false}"
78,apra,apra_hierarchical_cluster,"[20, 77, 27, 23, 18, 74, 86, 87]",[59],"{""best_k"": 2, ""best_score"": 0.48534658551216125, ""selected_cluster"": 0, ""cluster_scores"": {""0"": 4.3862128257751465, ""1"": -1.0}, ""num_trusted"": 8, ""fallback_used"": false}"
78,apra,apra_trust_weighted_clip,"[20, 77, 27, 23, 18, 74, 86, 87]",[],"{""base_clip"": 1.0, ""trust_weights"": {""20"": 0.0, ""77"": 0.14527757465839386, ""27"": 0.14527757465839386, ""23"": 0.14527757465839386, ""18"": 0.12833456695079803, ""74"": 0.14527757465839386, ""86"": 0.14527757465839386, ""87"": 0.14527757465839386}, ""num_aggregated"": 8}"
79,apra,apra_mad_filter,"[99, 42, 33, 15, 38, 76, 86, 87]","[1, 5]","{""median_norm"": 0.5590583024482518, ""mad"": 0.08821806025631579, ""k"": 2.0, ""num_accepted"": 8, ""safety_keep_used"": false, ""fallback_used"": false}"
79,apra,apra_hierarchical_cluster,"[99, 33, 15, 38, 76, 86, 87]",[42],"{""best_k"": 2, ""best_score"": 0.5696622133255005, ""selected_cluster"": 0, ""cluster_scores"": {""0"": 6.036581039428711, ""1"": -1.0}, ""num_trusted"": 7, ""fallback_used"": false}"
79,apra,apra_trust_weighted_clip,"[99, 33, 15, 38, 76, 86, 87]",[],"{""base_clip"": 1.0, ""trust_weights"": {""99"": 0.0, ""33"": 0.1666666716337204, ""15"": 0.1666666716337204, ""38"": 0.1666666716337204, ""76"": 0.1666666716337204, ""86"": 0.1666666716337204, ""87"": 0.1666666716337204}, ""num_aggregated"": 7}"
80,apra,apra_mad_filter,"[71, 88, 38, 63, 99, 48, 31, 83, 11]",[1],"{""median_norm"": 0.7049669070997358, ""mad"": 0.1646877224222461, ""k"": 2.0, ""num_accepted"": 9, ""safety_keep_used"": false, ""fallback_used"": false}"
80,apra,apra_hierarchical_cluster,"[71, 38, 63, 99, 48, 83, 11]","[88, 31]","{""best_k"": 2, ""best_score"": 0.8000527620315552, ""selected_cluster"": 0, ""cluster_scores"": {""0"": 5.394090175628662, ""1"": 1.9770448207855225}, ""num_trusted"": 7, ""fallback_used"": false}"
80,apra,apra_trust_weighted_clip,"[71, 38, 63, 99, 48, 83, 11]",[],"{""base_clip"": 1.0, ""trust_weights"": {""71"": 0.17720189690589905, ""38"": 0.17720189690589905, ""63"": 0.17720189690589905, ""99"": 0.11399050056934357, ""48"": 0.0, ""83"": 0.17720189690589905, ""11"": 0.17720189690589905}, ""num_aggregated"": 7}"
81,apra,apra_mad_filter,"[69, 52, 40, 47, 77, 35, 59, 70, 7]",[4],"{""median_norm"": 0.6886419224213105, ""mad"": 0.07155112830728039, ""k"": 2.0, ""num_accepted"": 9, ""safety_keep_used"": false, ""fallback_used"": false}"
81,apra,apra_hierarchical_cluster,"[69, 52, 40, 77, 35, 59, 70, 7]",[47],"{""best_k"": 2, ""best_score"": 0.6884143352508545, ""selected_cluster"": 0, ""cluster_scores"": {""0"": 6.494239330291748, ""1"": -1.0}, ""num_trusted"": 8, ""fallback_used"": false}"
81,apra,apra_trust_weighted_clip,"[69, 52, 40, 77, 35, 59, 70, 7]",[],"{""base_clip"": 1.0, ""trust_weights"": {""69"": 0.0, ""52"": 0.1428571492433548, ""40"": 0.1428571492433548, ""77"": 0.1428571492433548, ""35"": 0.1428571492433548, ""59"": 0.1428571492433548, ""70"": 0.1428571492433548, ""7"": 0.1428571492433548}, ""num_aggregated"": 8}"
82,apra,apra_mad_filter,"[61, 81, 74, 23, 95, 35, 97, 55, 28]",[0],"{""median_norm"": 0.6340716292955639, ""mad"": 0.19078733135073525, ""k"": 2.0, ""num_accepted"": 9, ""safety_keep_used"": false, ""fallback_used"": false}"
82,apra,apra_hierarchical_cluster,"[61, 81, 74, 23, 35, 97, 55, 28]",[95],"{""best_k"": 2, ""best_score"": 0.6883739829063416, ""selected_cluster"": 0, ""cluster_scores"": {""0"": 7.35133695602417, ""1"": -1.0}, ""num_trusted"": 8, ""fallback_used"": false}"
82,apra,apra_trust_weighted_clip,"[61, 81, 74, 23, 35, 97, 55, 28]",[],"{""base_clip"": 1.0, ""trust_weights"": {""61"": 0.1428571492433548, ""81"": 0.1428571492433548, ""74"": 0.1428571492433548, ""23"": 0.1428571492433548, ""35"": 0.1428571492433548, ""97"": 0.0, ""55"": 0.1428571492433548, ""28"": 0.1428571492433548}, ""num_aggregated"": 8}"
83,apra,apra_mad_filter,"[53, 77, 67, 31, 62, 45, 47, 82, 84]",[3],"{""median_norm"": 0.7598094735009218, ""mad"": 0.14337347781899967, ""k"": 2.0, ""num_accepted"": 9, ""safety_keep_used"": false, ""fallback_used"": false}"
83,apra,apra_hierarchical_cluster,"[53, 77, 67, 62, 45, 82, 84]","[31, 47]","{""best_k"": 2, ""best_score"": 0.5107122659683228, ""selected_cluster"": 0, ""cluster_scores"": {""0"": 5.113192558288574, ""1"": 1.6349458694458008}, ""num_trusted"": 7, ""fallback_used"": false}"
83,apra,apra_trust_weighted_clip,"[53, 77, 67, 62, 45, 82, 84]",[],"{""base_clip"": 1.0, ""trust_weights"": {""53"": 0.1666666716337204, ""77"": 0.1666666716337204, ""67"": 0.1666666716337204, ""62"": 0.1666666716337204, ""45"": 0.1666666716337204, ""82"": 0.0, ""84"": 0.1666666716337204}, ""num_aggregated"": 7}"
84,apra,apra_mad_filter,"[83, 36, 44, 70, 32, 64, 47, 5]","[2, 3]","{""median_norm"": 0.7035918735181349, ""mad"": 0.08658956597312639, ""k"": 2.0, ""num_accepted"": 8, ""safety_keep_used"": false, ""fallback_used"": false}"
84,apra,apra_hierarchical_cluster,"[83, 36, 44, 70, 32, 64, 5]",[47],"{""best_k"": 2, ""best_score"": 0.618037223815918, ""selected_cluster"": 0, ""cluster_scores"": {""0"": 5.621625900268555, ""1"": -1.0}, ""num_trusted"": 7, ""fallback_used"": false}"
84,apra,apra_trust_weighted_clip,"[83, 36, 44, 70, 32, 64, 5]",[],"{""base_clip"": 1.0, ""trust_weights"": {""83"": 0.20000000298023224, ""36"": 0.0, ""44"": 0.20000000298023224, ""70"": 0.20000000298023224, ""32"": 0.0, ""64"": 0.20000000298023224, ""5"": 0.20000000298023224}, ""num_aggregated"": 7}"
85,apra,apra_mad_filter,"[95, 64, 96, 60, 5, 79, 75, 7, 94]",[0],"{""median_norm"": 0.6259704333902998, ""mad"": 0.11943646239336059, ""k"": 2.0, ""num_accepted"": 9, ""safety_keep_used"": false, ""fallback_used"": false}"
85,apra,apra_hierarchical_cluster,"[64, 60, 79, 75, 7, 94]","[95, 96, 5]","{""best_k"": 3, ""best_score"": 0.711064338684082, ""selected_cluster"": 0, ""cluster_scores"": {""0"": 5.6137285232543945, ""1"": 1.9989638328552246, ""2"": -1.0}, ""num_trusted"": 6, ""fallback_used"": false}"
85,apra,apra_trust_weighted_clip,"[64, 60, 79, 75, 7, 94]",[],"{""base_clip"": 1.0, ""trust_weights"": {""64"": 0.20000000298023224, ""60"": 0.0, ""79"": 0.20000000298023224, ""75"": 0.20000000298023224, ""7"": 0.20000000298023224, ""94"": 0.20000000298023224}, ""num_aggregated"": 6}"
86,apra,apra_mad_filter,"[15, 57, 19, 13, 81, 10, 30, 99, 47]",[1],"{""median_norm"": 0.5500096409133962, ""mad"": 0.1080705618372558, ""k"": 2.0, ""num_accepted"": 9, ""safety_keep_used"": false, ""fallback_used"": false}"
86,apra,apra_hierarchical_cluster,"[15, 57, 19, 13, 81, 10, 99, 47]",[30],"{""best_k"": 2, ""best_score"": 0.46652141213417053, ""selected_cluster"": 0, ""cluster_scores"": {""0"": 3.7484514713287354, ""1"": -1.0}, ""num_trusted"": 8, ""fallback_used"": false}"
86,apra,apra_trust_weighted_clip,"[15, 57, 19, 13, 81, 10, 99, 47]",[],"{""base_clip"": 1.0, ""trust_weights"": {""15"": 0.0, ""57"": 0.1428571492433548, ""19"": 0.1428571492433548, ""13"": 0.1428571492433548, ""81"": 0.1428571492433548, ""10"": 0.1428571492433548, ""99"": 0.1428571492433548, ""47"": 0.1428571492433548}, ""num_aggregated"": 8}"
87,apra,apra_mad_filter,"[91, 65, 37, 25, 27, 31, 15, 97]","[4, 0]","{""median_norm"": 0.7024085100882245, ""mad"": 0.19593028835007592, ""k"": 2.0, ""num_accepted"": 8, ""safety_keep_used"": false, ""fallback_used"": false}"
87,apra,apra_hierarchical_cluster,"[91, 65, 37, 27, 15, 97]","[25, 31]","{""best_k"": 3, ""best_score"": 0.4342421889305115, ""selected_cluster"": 0, ""cluster_scores"": {""0"": 5.905418872833252, ""1"": -1.0, ""2"": -1.0}, ""num_trusted"": 6, ""fallback_used"": false}"
87,apra,apra_trust_weighted_clip,"[91, 65, 37, 27, 15, 97]",[],"{""base_clip"": 1.0, ""trust_weights"": {""91"": 0.20000000298023224, ""65"": 0.20000000298023224, ""37"": 0.20000000298023224, ""27"": 0.20000000298023224, ""15"": 0.20000000298023224, ""97"": 0.0}, ""num_aggregated"": 6}"
88,apra,apra_mad_filter,"[87, 54, 75, 34, 15, 7, 11, 40]","[2, 3]","{""median_norm"": 0.717965928981519, ""mad"": 0.1910648830730059, ""k"": 2.0, ""num_accepted"": 8, ""safety_keep_used"": false, ""fallback_used"": false}"
88,apra,apra_hierarchical_cluster,"[87, 75, 34, 15, 7, 11, 40]",[54],"{""best_k"": 2, ""best_score"": 0.7913462519645691, ""selected_cluster"": 0, ""cluster_scores"": {""0"": 6.52079439163208, ""1"": -1.0}, ""num_trusted"": 7, ""fallback_used"": false}"
88,apra,apra_trust_weighted_clip,"[87, 75, 34, 15, 7, 11, 40]",[],"{""base_clip"": 1.0, ""trust_weights"": {""87"": 0.1666666716337204, ""75"": 0.1666666716337204, ""34"": 0.1666666716337204, ""15"": 0.0, ""7"": 0.1666666716337204, ""11"": 0.1666666716337204, ""40"": 0.1666666716337204}, ""num_aggregated"": 7}"
89,apra,apra_mad_filter,"[12, 80, 87, 26, 27, 42, 24]","[3, 4, 0]","{""median_norm"": 0.7081427406888771, ""mad"": 0.22415967669150919, ""k"": 2.0, ""num_accepted"": 7, ""safety_keep_used"": false, ""fallback_used"": false}"
89,apra,apra_hierarchical_cluster,"[12, 80, 87, 27, 42, 24]",[26],"{""best_k"": 2, ""best_score"": 0.6821590065956116, ""selected_cluster"": 0, ""cluster_scores"": {""0"": 5.920993804931641, ""1"": -1.0}, ""num_trusted"": 6, ""fallback_used"": false}"
89,apra,apra_trust_weighted_clip,"[12, 80, 87, 27, 42, 24]",[],"{""base_clip"": 1.0, ""trust_weights"": {""12"": 0.20000000298023224, ""80"": 0.20000000298023224, ""87"": 0.20000000298023224, ""27"": 0.20000000298023224, ""42"": 0.0, ""24"": 0.20000000298023224}, ""num_aggregated"": 6}"
90,apra,apra_mad_filter,"[22, 23, 50, 7, 73, 27, 10, 96]","[3, 88]","{""median_norm"": 0.7092090596584185, ""mad"": 0.13323052485099018, ""k"": 2.0, ""num_accepted"": 8, ""safety_keep_used"": false, ""fallback_used"": false}"
90,apra,apra_hierarchical_cluster,"[22, 23, 50, 7, 27, 96]","[73, 10]","{""best_k"": 2, ""best_score"": 0.7712734937667847, ""selected_cluster"": 1, ""cluster_scores"": {""0"": 1.8999958038330078, ""1"": 5.739797115325928}, ""num_trusted"": 6, ""fallback_used"": false}"
90,apra,apra_trust_weighted_clip,"[22, 23, 50, 7, 27, 96]",[],"{""base_clip"": 1.0, ""trust_weights"": {""22"": 0.5, ""23"": 0.5, ""50"": 0.0, ""7"": 0.0, ""27"": 0.0, ""96"": 0.0}, ""num_aggregated"": 6}"
91,apra,apra_mad_filter,"[2, 17, 98, 50, 52, 30, 15, 49, 13, 38]",[],"{""median_norm"": 1.0178238593315694, ""mad"": 0.11013893088650684, ""k"": 2.0, ""num_accepted"": 10, ""safety_keep_used"": false, ""fallback_used"": false}"
91,apra,apra_hierarchical_cluster,"[17, 98, 50, 52, 15, 49, 13, 38]","[2, 30]","{""best_k"": 2, ""best_score"": 0.7201639413833618, ""selected_cluster"": 1, ""cluster_scores"": {""0"": 1.7190271615982056, ""1"": 6.642154693603516}, ""num_trusted"": 8, ""fallback_used"": false}"
91,apra,apra_trust_weighted_clip,"[17, 98, 50, 52, 15, 49, 13, 38]",[],"{""base_clip"": 1.0, ""trust_weights"": {""17"": 0.0, ""98"": 0.1666666716337204, ""50"": 0.1666666716337204, ""52"": 0.1666666716337204, ""15"": 0.0, ""49"": 0.1666666716337204, ""13"": 0.1666666716337204, ""38"": 0.1666666716337204}, ""num_aggregated"": 8}"
92,apra,apra_mad_filter,"[71, 20, 25, 14, 9, 61, 11, 89]","[0, 1]","{""median_norm"": 0.6881503460574852, ""mad"": 0.2641495051933642, ""k"": 2.0, ""num_accepted"": 8, ""safety_keep_used"": false, ""fallback_used"": false}"
92,apra,apra_hierarchical_cluster,"[14, 61, 11, 89]","[71, 20, 25, 9]","{""best_k"": 3, ""best_score"": 0.5936527252197266, ""selected_cluster"": 0, ""cluster_scores"": {""0"": 3.969841957092285, ""1"": 1.9777660369873047, ""2"": 1.9984173774719238}, ""num_trusted"": 4, ""fallback_used"": false}"
92,apra,apra_trust_weighted_clip,"[14, 61, 11, 89]",[],"{""base_clip"": 1.0, ""trust_weights"": {""14"": 0.25, ""61"": 0.25, ""11"": 0.25, ""89"": 0.25}, ""num_aggregated"": 4}"
93,apra,apra_mad_filter,"[78, 75, 38, 41, 60, 95, 33, 6]","[3, 16]","{""median_norm"": 0.6184587941141406, ""mad"": 0.09070886244445364, ""k"": 2.0, ""num_accepted"": 8, ""safety_keep_used"": false, ""fallback_used"": false}"
93,apra,apra_hierarchical_cluster,"[78, 75, 38, 60, 33, 6]","[41, 95]","{""best_k"": 2, ""best_score"": 0.7007995247840881, ""selected_cluster"": 1, ""cluster_scores"": {""0"": 1.5858192443847656, ""1"": 5.986483573913574}, ""num_trusted"": 6, ""fallback_used"": false}"
93,apra,apra_trust_weighted_clip,"[78, 75, 38, 60, 33, 6]",[],"{""base_clip"": 1.0, ""trust_weights"": {""78"": 0.15573005378246307, ""75"": 0.0, ""38"": 0.21106748282909393, ""60"": 0.21106748282909393, ""33"": 0.21106748282909393, ""6"": 0.21106748282909393}, ""num_aggregated"": 6}"
94,apra,apra_mad_filter,"[15, 78, 86, 82, 74, 47, 71]","[2, 98, 4]","{""median_norm"": 0.5167999701871299, ""mad"": 0.09554302960881864, ""k"": 2.0, ""num_accepted"": 7, ""safety_keep_used"": false, ""fallback_used"": false}"
94,apra,apra_hierarchical_cluster,"[15, 78, 86, 82, 74, 71]",[47],"{""best_k"": 2, ""best_score"": 0.523054838180542, ""selected_cluster"": 0, ""cluster_scores"": {""0"": 5.6705498695373535, ""1"": -1.0}, ""num_trusted"": 6, ""fallback_used"": false}"
94,apra,apra_trust_weighted_clip,"[15, 78, 86, 82, 74, 71]",[],"{""base_clip"": 1.0, ""trust_weights"": {""15"": 0.20000000298023224, ""78"": 0.20000000298023224, ""86"": 0.20000000298023224, ""82"": 0.20000000298023224, ""74"": 0.20000000298023224, ""71"": 0.0}, ""num_aggregated"": 6}"
95,apra,apra_mad_filter,"[77, 91, 97, 43, 53, 99, 57]","[0, 2, 1]","{""median_norm"": 0.7877784908285317, ""mad"": 0.30464753252108884, ""k"": 2.0, ""num_accepted"": 7, ""safety_keep_used"": false, ""fallback_used"": false}"
95,apra,apra_hierarchical_cluster,"[77, 91, 43, 53, 99, 57]",[97],"{""best_k"": 2, ""best_score"": 0.6973942518234253, ""selected_cluster"": 0, ""cluster_scores"": {""0"": 5.800830364227295, ""1"": -1.0}, ""num_trusted"": 6, ""fallback_used"": false}"
95,apra,apra_trust_weighted_clip,"[77, 91, 43, 53, 99, 57]",[],"{""base_clip"": 1.0, ""trust_weights"": {""77"": 0.25, ""91"": 0.25, ""43"": 0.25, ""53"": 0.0, ""99"": 0.0, ""57"": 0.25}, ""num_aggregated"": 6}"
96,apra,apra_mad_filter,"[82, 46, 21, 54, 29, 47, 77, 48, 12]",[1],"{""median_norm"": 0.8003907153605871, ""mad"": 0.11765669449719063, ""k"": 2.0, ""num_accepted"": 9, ""safety_keep_used"": false, ""fallback_used"": false}"
96,apra,apra_hierarchical_cluster,"[82, 46, 21, 29, 47, 77, 48, 12]",[54],"{""best_k"": 2, ""best_score"": 0.7314413189888, ""selected_cluster"": 0, ""cluster_scores"": {""0"": 5.042807579040527, ""1"": -1.0}, ""num_trusted"": 8, ""fallback_used"": false}"
96,apra,apra_trust_weighted_clip,"[82, 46, 21, 29, 47, 77, 48, 12]",[],"{""base_clip"": 1.0, ""trust_weights"": {""82"": 0.1434963196516037, ""46"": 0.1434963196516037, ""21"": 0.1434963196516037, ""29"": 0.1434963196516037, ""47"": 0.1390221118927002, ""77"": 0.1434963196516037, ""48"": 0.0, ""12"": 0.1434963196516037}, ""num_aggregated"": 8}"
97,apra,apra_mad_filter,"[56, 31, 47, 24, 34, 15, 84, 4, 20]",[3],"{""median_norm"": 0.9049153037353354, ""mad"": 0.17967752831628608, ""k"": 2.0, ""num_accepted"": 9, ""safety_keep_used"": false, ""fallback_used"": false}"
97,apra,apra_hierarchical_cluster,"[56, 47, 24, 34, 15, 84, 20]","[31, 4]","{""best_k"": 3, ""best_score"": 0.581112265586853, ""selected_cluster"": 0, ""cluster_scores"": {""0"": 5.68051815032959, ""1"": -1.0, ""2"": -1.0}, ""num_trusted"": 7, ""fallback_used"": false}"
97,apra,apra_trust_weighted_clip,"[56, 47, 24, 34, 15, 84, 20]",[],"{""base_clip"": 1.0, ""trust_weights"": {""56"": 0.20000000298023224, ""47"": 0.0, ""24"": 0.20000000298023224, ""34"": 0.20000000298023224, ""15"": 0.20000000298023224, ""84"": 0.20000000298023224, ""20"": 0.0}, ""num_aggregated"": 7}"
98,apra,apra_mad_filter,"[68, 97, 49, 62, 13, 7, 51, 42]","[1, 54]","{""median_norm"": 0.6039585013138677, ""mad"": 0.07423188731604552, ""k"": 2.0, ""num_accepted"": 8, ""safety_keep_used"": false, ""fallback_used"": false}"
98,apra,apra_hierarchical_cluster,"[68, 49, 62, 13, 7, 51, 42]",[97],"{""best_k"": 2, ""best_score"": 0.6605806946754456, ""selected_cluster"": 0, ""cluster_scores"": {""0"": 6.734552383422852, ""1"": -1.0}, ""num_trusted"": 7, ""fallback_used"": false}"
98,apra,apra_trust_weighted_clip,"[68, 49, 62, 13, 7, 51, 42]",[],"{""base_clip"": 1.0, ""trust_weights"": {""68"": 0.1666666716337204, ""49"": 0.1666666716337204, ""62"": 0.1666666716337204, ""13"": 0.0, ""7"": 0.1666666716337204, ""51"": 0.1666666716337204, ""42"": 0.1666666716337204}, ""num_aggregated"": 7}"
99,apra,apra_mad_filter,"[22, 38, 75, 25, 47, 58, 57, 37]","[3, 2]","{""median_norm"": 0.6405735055904621, ""mad"": 0.1644653865059393, ""k"": 2.0, ""num_accepted"": 8, ""safety_keep_used"": false, ""fallback_used"": false}"
99,apra,apra_hierarchical_cluster,"[22, 38, 75, 25, 58, 57, 37]",[47],"{""best_k"": 2, ""best_score"": 0.6463920474052429, ""selected_cluster"": 0, ""cluster_scores"": {""0"": 6.943843364715576, ""1"": -1.0}, ""num_trusted"": 7, ""fallback_used"": false}"
99,apra,apra_trust_weighted_clip,"[22, 38, 75, 25, 58, 57, 37]",[],"{""base_clip"": 1.0, ""trust_weights"": {""22"": 0.20000000298023224, ""38"": 0.20000000298023224, ""75"": 0.0, ""25"": 0.20000000298023224, ""58"": 0.0, ""57"": 0.20000000298023224, ""37"": 0.20000000298023224}, ""num_aggregated"": 7}"
100,apra,apra_mad_filter,"[86, 39, 75, 6, 61, 11, 64, 44]","[0, 48]","{""median_norm"": 0.5907945401947389, ""mad"": 0.029483655355460547, ""k"": 2.0, ""num_accepted"": 8, ""safety_keep_used"": false, ""fallback_used"": false}"
100,apra,apra_hierarchical_cluster,"[86, 75, 61, 11, 64, 44]","[39, 6]","{""best_k"": 2, ""best_score"": 0.4822359085083008, ""selected_cluster"": 0, ""cluster_scores"": {""0"": 5.053523540496826, ""1"": 1.9648921489715576}, ""num_trusted"": 6, ""fallback_used"": false}"
100,apra,apra_trust_weighted_clip,"[86, 75, 61, 11, 64, 44]",[],"{""base_clip"": 1.0, ""trust_weights"": {""86"": 0.20000000298023224, ""75"": 0.20000000298023224, ""61"": 0.20000000298023224, ""11"": 0.20000000298023224, ""64"": 0.20000000298023224, ""44"": 0.0}, ""num_aggregated"": 6}"
101,apra,apra_mad_filter,"[1, 20, 17, 92, 64, 80, 89, 87, 99]",[88],"{""median_norm"": 0.6376317811569918, ""mad"": 0.09149062989116802, ""k"": 2.0, ""num_accepted"": 9, ""safety_keep_used"": false, ""fallback_used"": false}"
101,apra,apra_hierarchical_cluster,"[1, 20, 17, 92, 64, 80, 89, 87]",[99],"{""best_k"": 2, ""best_score"": 0.5683917999267578, ""selected_cluster"": 0, ""cluster_scores"": {""0"": 5.746840953826904, ""1"": -1.0}, ""num_trusted"": 8, ""fallback_used"": false}"
101,apra,apra_trust_weighted_clip,"[1, 20, 17, 92, 64, 80, 89, 87]",[],"{""base_clip"": 1.0, ""trust_weights"": {""1"": 0.1428571492433548, ""20"": 0.1428571492433548, ""17"": 0.0, ""92"": 0.1428571492433548, ""64"": 0.1428571492433548, ""80"": 0.1428571492433548, ""89"": 0.1428571492433548, ""87"": 0.1428571492433548}, ""num_aggregated"": 8}"
102,apra,apra_mad_filter,"[2, 21, 51, 16, 41, 68, 60, 67, 91]",[80],"{""median_norm"": 0.6151295825073742, ""mad"": 0.07123651274347897, ""k"": 2.0, ""num_accepted"": 9, ""safety_keep_used"": false, ""fallback_used"": false}"
102,apra,apra_hierarchical_cluster,"[21, 16, 68, 60, 67, 91]","[2, 51, 41]","{""best_k"": 3, ""best_score"": 0.5947891473770142, ""selected_cluster"": 1, ""cluster_scores"": {""0"": 1.9807394742965698, ""1"": 5.0160651206970215, ""2"": -1.0}, ""num_trusted"": 6, ""fallback_used"": false}"
102,apra,apra_trust_weighted_clip,"[21, 16, 68, 60, 67, 91]",[],"{""base_clip"": 1.0, ""trust_weights"": {""21"": 0.20000000298023224, ""16"": 0.20000000298023224, ""68"": 0.20000000298023224, ""60"": 0.20000000298023224, ""67"": 0.0, ""91"": 0.20000000298023224}, ""num_aggregated"": 6}"
103,apra,apra_mad_filter,"[4, 77, 92, 15, 94, 71, 32, 13, 62]",[52],"{""median_norm"": 0.5670491352746156, ""mad"": 0.046258431571863656, ""k"": 2.0, ""num_accepted"": 9, ""safety_keep_used"": false, ""fallback_used"": false}"
103,apra,apra_hierarchical_cluster,"[4, 77, 92, 94, 62]","[15, 71, 32, 13]","{""best_k"": 3, ""best_score"": 0.5798603296279907, ""selected_cluster"": 2, ""cluster_scores"": {""0"": 1.4959651231765747, ""1"": 1.987380027770996, ""2"": 4.619738578796387}, ""num_trusted"": 5, ""fallback_used"": false}"
103,apra,apra_trust_weighted_clip,"[4, 77, 92, 94, 62]",[],"{""base_clip"": 1.0, ""trust_weights"": {""4"": 0.5, ""77"": 0.0, ""92"": 0.5, ""94"": 0.0, ""62"": 0.0}, ""num_aggregated"": 5}"
104,apra,apra_mad_filter,"[15, 12, 34, 21, 93, 38, 90]","[0, 41, 9]","{""median_norm"": 0.5252971581995348, ""mad"": 0.042700791589053044, ""k"": 2.0, ""num_accepted"": 7, ""safety_keep_used"": false, ""fallback_used"": false}"
104,apra,apra_hierarchical_cluster,"[34, 21, 93, 38, 90]","[15, 12]","{""best_k"": 2, ""best_score"": 0.4580983519554138, ""selected_cluster"": 1, ""cluster_scores"": {""0"": 1.507328987121582, ""1"": 4.464982986450195}, ""num_trusted"": 5, ""fallback_used"": false}"
104,apra,apra_trust_weighted_clip,"[34, 21, 93, 38, 90]",[],"{""base_clip"": 1.0, ""trust_weights"": {""34"": 0.25, ""21"": 0.25, ""93"": 0.0, ""38"": 0.25, ""90"": 0.25}, ""num_aggregated"": 5}"
105,apra,apra_mad_filter,"[40, 54, 57, 28, 10, 87, 27, 95]","[4, 47]","{""median_norm"": 0.5993611634993388, ""mad"": 0.06859295705955781, ""k"": 2.0, ""num_accepted"": 8, ""safety_keep_used"": false, ""fallback_used"": false}"
105,apra,apra_hierarchical_cluster,"[40, 57, 28, 10, 87, 27]","[54, 95]","{""best_k"": 2, ""best_score"": 0.578228771686554, ""selected_cluster"": 1, ""cluster_scores"": {""0"": 1.7158148288726807, ""1"": 3.898960590362549}, ""num_trusted"": 6, ""fallback_used"": false}"
105,apra,apra_trust_weighted_clip,"[40, 57, 28, 10, 87, 27]",[],"{""base_clip"": 1.0, ""trust_weights"": {""40"": 0.20000000298023224, ""57"": 0.20000000298023224, ""28"": 0.20000000298023224, ""10"": 0.0, ""87"": 0.20000000298023224, ""27"": 0.20000000298023224}, ""num_aggregated"": 6}"
106,apra,apra_mad_filter,"[3, 92, 34, 12, 74, 0, 88, 53, 52, 77]",[],"{""median_norm"": 0.6102644801722606, ""mad"": 0.16378336973324595, ""k"": 2.0, ""num_accepted"": 10, ""safety_keep_used"": false, ""fallback_used"": false}"
106,apra,apra_hierarchical_cluster,"[3, 92, 34, 12, 74, 0, 53, 52, 77]",[88],"{""best_k"": 2, ""best_score"": 0.8194531202316284, ""selected_cluster"": 0, ""cluster_scores"": {""0"": 7.215837478637695, ""1"": -1.0}, ""num_trusted"": 9, ""fallback_used"": false}"
106,apra,apra_trust_weighted_clip,"[3, 92, 34, 12, 74, 0, 53, 52, 77]",[],"{""base_clip"": 1.0, ""trust_weights"": {""3"": 0.125, ""92"": 0.125, ""34"": 0.125, ""12"": 0.125, ""74"": 0.125, ""0"": 0.0, ""53"": 0.125, ""52"": 0.125, ""77"": 0.125}, ""num_aggregated"": 9}"
107,apra,apra_mad_filter,"[2, 40, 41, 84, 7, 70, 46, 61, 95]",[0],"{""median_norm"": 0.5593673148555085, ""mad"": 0.0708567642098076, ""k"": 2.0, ""num_accepted"": 9, ""safety_keep_used"": false, ""fallback_used"": false}"
107,apra,apra_hierarchical_cluster,"[40, 84, 7, 70, 46, 61]","[2, 41, 95]","{""best_k"": 2, ""best_score"": 0.6614390015602112, ""selected_cluster"": 1, ""cluster_scores"": {""0"": 2.4720659255981445, ""1"": 5.337013244628906}, ""num_trusted"": 6, ""fallback_used"": false}"
107,apra,apra_trust_weighted_clip,"[40, 84, 7, 70, 46, 61]",[],"{""base_clip"": 1.0, ""trust_weights"": {""40"": 0.040156859904527664, ""84"": 0.3199477195739746, ""7"": 0.3199477195739746, ""70"": 0.0, ""46"": 0.3199477195739746, ""61"": 0.0}, ""num_aggregated"": 6}"
108,apra,apra_mad_filter,"[1, 33, 0, 16, 84, 12, 64, 52, 60, 4]",[],"{""median_norm"": 0.6005954601375034, ""mad"": 0.11654953842711185, ""k"": 2.0, ""num_accepted"": 10, ""safety_keep_used"": false, ""fallback_used"": false}"
108,apra,apra_hierarchical_cluster,"[1, 33, 16, 84, 12, 64, 52, 60, 4]",[0],"{""best_k"": 2, ""best_score"": 0.7914971709251404, ""selected_cluster"": 0, ""cluster_scores"": {""0"": 5.4547834396362305, ""1"": -1.0}, ""num_trusted"": 9, ""fallback_used"": false}"
108,apra,apra_trust_weighted_clip,"[1, 33, 16, 84, 12, 64, 52, 60, 4]",[],"{""base_clip"": 1.0, ""trust_weights"": {""1"": 0.0, ""33"": 0.125, ""16"": 0.125, ""84"": 0.125, ""12"": 0.125, ""64"": 0.125, ""52"": 0.125, ""60"": 0.125, ""4"": 0.125}, ""num_aggregated"": 9}"
109,apra,apra_mad_filter,"[3, 27, 84, 15, 87, 58, 28]","[14, 5, 17]","{""median_norm"": 0.48653027371311997, ""mad"": 0.024565238919589644, ""k"": 2.0, ""num_accepted"": 7, ""safety_keep_used"": false, ""fallback_used"": false}"
109,apra,apra_hierarchical_cluster,"[3, 58]","[27, 84, 15, 87, 28]","{""best_k"": 2, ""best_score"": 0.36675581336021423, ""selected_cluster"": 0, ""cluster_scores"": {""0"": 1.3224607706069946, ""1"": 0.9391317367553711}, ""num_trusted"": 2, ""fallback_used"": false}"
109,apra,apra_trust_weighted_clip,"[3, 58]",[],"{""base_clip"": 1.0, ""trust_weights"": {""3"": 0.5, ""58"": 0.5}, ""num_aggregated"": 2}"
110,apra,apra_mad_filter,"[4, 29, 12, 86, 67, 81, 84, 59, 21, 3]",[],"{""median_norm"": 0.5411125044410632, ""mad"": 0.07046653099815803, ""k"": 2.0, ""num_accepted"": 10, ""safety_keep_used"": false, ""fallback_used"": false}"
110,apra,apra_hierarchical_cluster,"[4, 29, 12, 86, 67, 81, 84, 21, 3]",[59],"{""best_k"": 2, ""best_score"": 0.5645333528518677, ""selected_cluster"": 0, ""cluster_scores"": {""0"": 1.7952626943588257, ""1"": -1.0}, ""num_trusted"": 9, ""fallback_used"": false}"
110,apra,apra_trust_weighted_clip,"[4, 29, 12, 86, 67, 81, 84, 21, 3]",[],"{""base_clip"": 1.0, ""trust_weights"": {""4"": 0.0, ""29"": 0.0, ""12"": 0.1666666716337204, ""86"": 0.1666666716337204, ""67"": 0.1666666716337204, ""81"": 0.0, ""84"": 0.1666666716337204, ""21"": 0.1666666716337204, ""3"": 0.1666666716337204}, ""num_aggregated"": 9}"
111,apra,apra_mad_filter,"[1, 41, 61, 76, 49, 46, 55, 34, 2, 4]",[],"{""median_norm"": 0.5621969620548098, ""mad"": 0.07327224067490645, ""k"": 2.0, ""num_accepted"": 10, ""safety_keep_used"": false, ""fallback_used"": false}"
111,apra,apra_hierarchical_cluster,"[1, 61, 76, 49, 46, 55, 34]","[41, 2, 4]","{""best_k"": 3, ""best_score"": 0.7102938890457153, ""selected_cluster"": 2, ""cluster_scores"": {""0"": 1.957596778869629, ""1"": -1.0, ""2"": 6.077813148498535}, ""num_trusted"": 7, ""fallback_used"": false}"
111,apra,apra_trust_weighted_clip,"[1, 61, 76, 49, 46, 55, 34]",[],"{""base_clip"": 1.0, ""trust_weights"": {""1"": 0.1666666716337204, ""61"": 0.1666666716337204, ""76"": 0.1666666716337204, ""49"": 0.0, ""46"": 0.1666666716337204, ""55"": 0.1666666716337204, ""34"": 0.1666666716337204}, ""num_aggregated"": 7}"
112,apra,apra_mad_filter,"[0, 73, 9, 86, 84, 95, 41, 38, 17]",[52],"{""median_norm"": 0.650035100864325, ""mad"": 0.0839132028922292, ""k"": 2.0, ""num_accepted"": 9, ""safety_keep_used"": false, ""fallback_used"": false}"
112,apra,apra_hierarchical_cluster,"[86, 84, 38, 17]","[0, 73, 9, 95, 41]","{""best_k"": 4, ""best_score"": 0.6592457890510559, ""selected_cluster"": 0, ""cluster_scores"": {""0"": 3.94484543800354, ""1"": -1.0, ""2"": 2.9886417388916016, ""3"": -1.0}, ""num_trusted"": 4, ""fallback_used"": false}"
112,apra,apra_trust_weighted_clip,"[86, 84, 38, 17]",[],"{""base_clip"": 1.0, ""trust_weights"": {""86"": 0.0, ""84"": 0.0, ""38"": 0.5, ""17"": 0.5}, ""num_aggregated"": 4}"
113,apra,apra_mad_filter,"[0, 91, 57, 71, 20, 38, 10, 16, 54, 36]",[],"{""median_norm"": 0.7117176123310912, ""mad"": 0.07891763282091041, ""k"": 2.0, ""num_accepted"": 10, ""safety_keep_used"": false, ""fallback_used"": false}"
113,apra,apra_hierarchical_cluster,"[0, 91, 57, 71, 20, 38, 10, 16, 36]",[54],"{""best_k"": 2, ""best_score"": 0.6757837533950806, ""selected_cluster"": 0, ""cluster_scores"": {""0"": 2.82818341255188, ""1"": -1.0}, ""num_trusted"": 9, ""fallback_used"": false}"
113,apra,apra_trust_weighted_clip,"[0, 91, 57, 71, 20, 38, 10, 16, 36]",[],"{""base_clip"": 1.0, ""trust_weights"": {""0"": 0.1666666716337204, ""91"": 0.1666666716337204, ""57"": 0.1666666716337204, ""71"": 0.0, ""20"": 0.0, ""38"": 0.1666666716337204, ""10"": 0.0, ""16"": 0.1666666716337204, ""36"": 0.1666666716337204}, ""num_aggregated"": 9}"
114,apra,apra_mad_filter,"[1, 35, 98, 89, 23, 39, 85, 91, 9, 16]",[],"{""median_norm"": 0.5625825983725465, ""mad"": 0.10968587441890812, ""k"": 2.0, ""num_accepted"": 10, ""safety_keep_used"": false, ""fallback_used"": false}"
114,apra,apra_hierarchical_cluster,"[1, 35, 98, 89, 23, 39, 91, 9, 16]",[85],"{""best_k"": 2, ""best_score"": 0.4890059530735016, ""selected_cluster"": 0, ""cluster_scores"": {""0"": 1.133979320526123, ""1"": -1.0}, ""num_trusted"": 9, ""fallback_used"": false}"
114,apra,apra_trust_weighted_clip,"[1, 35, 98, 89, 23, 39, 91, 9, 16]",[],"{""base_clip"": 1.0, ""trust_weights"": {""1"": 0.1428571492433548, ""35"": 0.0, ""98"": 0.0, ""89"": 0.1428571492433548, ""23"": 0.1428571492433548, ""39"": 0.1428571492433548, ""91"": 0.1428571492433548, ""9"": 0.1428571492433548, ""16"": 0.1428571492433548}, ""num_aggregated"": 9}"
115,apra,apra_mad_filter,"[2, 61, 38, 85, 51, 56, 36, 97]","[41, 19]","{""median_norm"": 0.5177138452249869, ""mad"": 0.04366662298766305, ""k"": 2.0, ""num_accepted"": 8, ""safety_keep_used"": false, ""fallback_used"": false}"
115,apra,apra_hierarchical_cluster,"[2, 61, 38, 85, 51, 56, 36]",[97],"{""best_k"": 2, ""best_score"": 0.5999283790588379, ""selected_cluster"": 0, ""cluster_scores"": {""0"": 0.8124558329582214, ""1"": -1.0}, ""num_trusted"": 7, ""fallback_used"": false}"
115,apra,apra_trust_weighted_clip,"[2, 61, 38, 85, 51, 56, 36]",[],"{""base_clip"": 1.0, ""trust_weights"": {""2"": 0.003888804465532303, ""61"": 0.10278663039207458, ""38"": 0.10278663039207458, ""85"": 0.0, ""51"": 0.3803897798061371, ""56"": 0.029758354648947716, ""36"": 0.3803897798061371}, ""num_aggregated"": 7}"
116,apra,apra_mad_filter,"[4, 19, 8, 83, 55, 38, 96, 10]","[17, 30]","{""median_norm"": 0.6466997916125932, ""mad"": 0.08088329376591757, ""k"": 2.0, ""num_accepted"": 8, ""safety_keep_used"": false, ""fallback_used"": false}"
116,apra,apra_hierarchical_cluster,"[4, 19, 8, 83, 55, 38, 96]",[10],"{""best_k"": 2, ""best_score"": 0.5329910516738892, ""selected_cluster"": 0, ""cluster_scores"": {""0"": 1.0224194526672363, ""1"": -1.0}, ""num_trusted"": 7, ""fallback_used"": false}"
116,apra,apra_trust_weighted_clip,"[4, 19, 8, 83, 55, 38, 96]",[],"{""base_clip"": 1.0, ""trust_weights"": {""4"": 0.0, ""19"": 0.0, ""8"": 0.0, ""83"": 0.3994029760360718, ""55"": 0.20119400322437286, ""38"": 0.3994029760360718, ""96"": 0.0}, ""num_aggregated"": 7}"
117,apra,apra_mad_filter,"[0, 66, 34, 52, 8, 29, 67, 77]","[55, 45]","{""median_norm"": 0.5951169244826198, ""mad"": 0.04899026268593548, ""k"": 2.0, ""num_accepted"": 8, ""safety_keep_used"": false, ""fallback_used"": false}"
117,apra,apra_hierarchical_cluster,"[66, 34, 52, 8, 29, 67, 77]",[0],"{""best_k"": 2, ""best_score"": 0.6308716535568237, ""selected_cluster"": 0, ""cluster_scores"": {""0"": 3.9553818702697754, ""1"": -1.0}, ""num_trusted"": 7, ""fallback_used"": false}"
117,apra,apra_trust_weighted_clip,"[66, 34, 52, 8, 29, 67, 77]",[],"{""base_clip"": 1.0, ""trust_weights"": {""66"": 0.170579731464386, ""34"": 0.170579731464386, ""52"": 0.0, ""8"": 0.170579731464386, ""29"": 0.170579731464386, ""67"": 0.15884055197238922, ""77"": 0.15884055197238922}, ""num_aggregated"": 7}"
118,apra,apra_mad_filter,"[0, 81, 90, 44, 79, 20, 36, 89, 55]",[31],"{""median_norm"": 0.6064426488189325, ""mad"": 0.06323218150808824, ""k"": 2.0, ""num_accepted"": 9, ""safety_keep_used"": false, ""fallback_used"": false}"
118,apra,apra_hierarchical_cluster,"[81, 90, 44, 79, 20, 36, 89, 55]",[0],"{""best_k"": 2, ""best_score"": 0.7225127816200256, ""selected_cluster"": 0, ""cluster_scores"": {""0"": 6.981416702270508, ""1"": -1.0}, ""num_trusted"": 8, ""fallback_used"": false}"
118,apra,apra_trust_weighted_clip,"[81, 90, 44, 79, 20, 36, 89, 55]",[],"{""base_clip"": 1.0, ""trust_weights"": {""81"": 0.1428571492433548, ""90"": 0.1428571492433548, ""44"": 0.1428571492433548, ""79"": 0.1428571492433548, ""20"": 0.0, ""36"": 0.1428571492433548, ""89"": 0.1428571492433548, ""55"": 0.1428571492433548}, ""num_aggregated"": 8}"
119,apra,apra_mad_filter,"[3, 41, 19, 9, 97, 64, 37, 55, 33, 42]",[],"{""median_norm"": 0.6101321018642579, ""mad"": 0.08463227569680287, ""k"": 2.0, ""num_accepted"": 10, ""safety_keep_used"": false, ""fallback_used"": false}"
119,apra,apra_hierarchical_cluster,"[3, 64, 37, 55, 33, 42]","[41, 19, 9, 97]","{""best_k"": 4, ""best_score"": 0.4666938781738281, ""selected_cluster"": 0, ""cluster_scores"": {""0"": 3.5483450889587402, ""1"": -1.0, ""2"": 1.9477970600128174, ""3"": -1.0}, ""num_trusted"": 6, ""fallback_used"": false}"
119,apra,apra_trust_weighted_clip,"[3, 64, 37, 55, 33, 42]",[],"{""base_clip"": 1.0, ""trust_weights"": {""3"": 0.20000000298023224, ""64"": 0.20000000298023224, ""37"": 0.0, ""55"": 0.20000000298023224, ""33"": 0.20000000298023224, ""42"": 0.20000000298023224}, ""num_aggregated"": 6}"
120,apra,apra_mad_filter,"[1, 98, 13, 56, 97, 35, 75]","[30, 41, 2]","{""median_norm"": 0.47246990068548744, ""mad"": 0.047023299768837595, ""k"": 2.0, ""num_accepted"": 7, ""safety_keep_used"": false, ""fallback_used"": false}"
120,apra,apra_hierarchical_cluster,"[1, 98, 13, 56, 35, 75]",[97],"{""best_k"": 2, ""best_score"": 0.5628625750541687, ""selected_cluster"": 0, ""cluster_scores"": {""0"": 2.840062379837036, ""1"": -1.0}, ""num_trusted"": 6, ""fallback_used"": false}"
120,apra,apra_trust_weighted_clip,"[1, 98, 13, 56, 35, 75]",[],"{""base_clip"": 1.0, ""trust_weights"": {""1"": 0.0, ""98"": 0.29209011793136597, ""13"": 0.07136688381433487, ""56"": 0.29209011793136597, ""35"": 0.052362725138664246, ""75"": 0.29209011793136597}, ""num_aggregated"": 6}"
121,apra,apra_mad_filter,"[3, 5, 42, 83, 37, 14, 13, 89, 28, 61]",[],"{""median_norm"": 0.4904617292745147, ""mad"": 0.041729423616267386, ""k"": 2.0, ""num_accepted"": 10, ""safety_keep_used"": false, ""fallback_used"": false}"
121,apra,apra_hierarchical_cluster,"[3, 89]","[5, 42, 83, 37, 14, 13, 28, 61]","{""best_k"": 3, ""best_score"": 0.49176478385925293, ""selected_cluster"": 2, ""cluster_scores"": {""0"": 1.8381367921829224, ""1"": 1.8074123859405518, ""2"": 1.9801840782165527}, ""num_trusted"": 2, ""fallback_used"": false}"
121,apra,apra_trust_weighted_clip,"[3, 89]",[],"{""base_clip"": 1.0, ""trust_weights"": {""3"": 0.5, ""89"": 0.5}, ""num_aggregated"": 2}"
122,apra,apra_mad_filter,"[0, 29, 83, 87, 38, 55, 96, 31, 81, 14]",[],"{""median_norm"": 0.6683957564370224, ""mad"": 0.10365911329439048, ""k"": 2.0, ""num_accepted"": 10, ""safety_keep_used"": false, ""fallback_used"": false}"
122,apra,apra_hierarchical_cluster,"[0, 29, 83, 87, 38, 55, 96, 81, 14]",[31],"{""best_k"": 2, ""best_score"": 0.5976327657699585, ""selected_cluster"": 0, ""cluster_scores"": {""0"": 3.4956181049346924, ""1"": -1.0}, ""num_trusted"": 9, ""fallback_used"": false}"
122,apra,apra_trust_weighted_clip,"[0, 29, 83, 87, 38, 55, 96, 81, 14]",[],"{""base_clip"": 1.0, ""trust_weights"": {""0"": 0.0, ""29"": 0.04807569831609726, ""83"": 0.1718837171792984, ""87"": 0.1718837171792984, ""38"": 0.1718837171792984, ""55"": 0.09250573068857193, ""96"": 0.0, ""81"": 0.1718837171792984, ""14"": 0.1718837171792984}, ""num_aggregated"": 9}"
123,apra,apra_mad_filter,"[0, 64, 70, 77, 6, 82, 62, 69]","[88, 55]","{""median_norm"": 0.5679713551620986, ""mad"": 0.052731867168810787, ""k"": 2.0, ""num_accepted"": 8, ""safety_keep_used"": false, ""fallback_used"": false}"
123,apra,apra_hierarchical_cluster,"[64, 77, 6, 62]","[0, 70, 82, 69]","{""best_k"": 4, ""best_score"": 0.5318514108657837, ""selected_cluster"": 2, ""cluster_scores"": {""0"": 1.9680465459823608, ""1"": -1.0, ""2"": 3.9826364517211914, ""3"": -1.0}, ""num_trusted"": 4, ""fallback_used"": false}"
123,apra,apra_trust_weighted_clip,"[64, 77, 6, 62]",[],"{""base_clip"": 1.0, ""trust_weights"": {""64"": 0.5, ""77"": 0.0, ""6"": 0.5, ""62"": 0.0}, ""num_aggregated"": 4}"
124,apra,apra_mad_filter,"[4, 96, 42, 58, 49, 15, 72, 99]","[88, 7]","{""median_norm"": 0.6572122573068713, ""mad"": 0.047719094567046316, ""k"": 2.0, ""num_accepted"": 8, ""safety_keep_used"": false, ""fallback_used"": false}"
124,apra,apra_hierarchical_cluster,"[58, 72, 99]","[4, 96, 42, 49, 15]","{""best_k"": 3, ""best_score"": 0.3999289274215698, ""selected_cluster"": 1, ""cluster_scores"": {""0"": 2.4184675216674805, ""1"": 2.7734882831573486, ""2"": -1.0}, ""num_trusted"": 3, ""fallback_used"": false}"
124,apra,apra_trust_weighted_clip,"[58, 72, 99]",[],"{""base_clip"": 1.0, ""trust_weights"": {""58"": 0.0, ""72"": 0.5, ""99"": 0.5}, ""num_aggregated"": 3}"
125,apra,apra_mad_filter,"[1, 36, 14, 90, 87, 42, 82, 37]","[4, 30]","{""median_norm"": 0.7404670502734297, ""mad"": 0.0439323053580889, ""k"": 2.0, ""num_accepted"": 8, ""safety_keep_used"": false, ""fallback_used"": false}"
125,apra,apra_hierarchical_cluster,"[1, 36, 14, 90, 87, 82, 37]",[42],"{""best_k"": 2, ""best_score"": 0.5285925269126892, ""selected_cluster"": 0, ""cluster_scores"": {""0"": 3.548859119415283, ""1"": -1.0}, ""num_trusted"": 7, ""fallback_used"": false}"
125,apra,apra_trust_weighted_clip,"[1, 36, 14, 90, 87, 82, 37]",[],"{""base_clip"": 1.0, ""trust_weights"": {""1"": 0.20000000298023224, ""36"": 0.0, ""14"": 0.20000000298023224, ""90"": 0.20000000298023224, ""87"": 0.20000000298023224, ""82"": 0.0, ""37"": 0.20000000298023224}, ""num_aggregated"": 7}"
126,apra,apra_mad_filter,"[3, 64, 31, 35, 90, 84, 78]","[40, 29, 48]","{""median_norm"": 0.603340929741415, ""mad"": 0.05117207126465323, ""k"": 2.0, ""num_accepted"": 7, ""safety_keep_used"": false, ""fallback_used"": false}"
126,apra,apra_hierarchical_cluster,"[3, 64, 35, 90, 84, 78]",[31],"{""best_k"": 2, ""best_score"": 0.5335131883621216, ""selected_cluster"": 0, ""cluster_scores"": {""0"": 3.687839984893799, ""1"": -1.0}, ""num_trusted"": 6, ""fallback_used"": false}"
126,apra,apra_trust_weighted_clip,"[3, 64, 35, 90, 84, 78]",[],"{""base_clip"": 1.0, ""trust_weights"": {""3"": 0.0, ""64"": 0.0, ""35"": 0.0, ""90"": 0.5, ""84"": 0.0, ""78"": 0.5}, ""num_aggregated"": 6}"
127,apra,apra_mad_filter,"[3, 56, 98, 78, 62, 5, 13, 86, 55]",[32],"{""median_norm"": 0.5595007893714412, ""mad"": 0.0674695223486349, ""k"": 2.0, ""num_accepted"": 9, ""safety_keep_used"": false, ""fallback_used"": false}"
127,apra,apra_hierarchical_cluster,"[3, 56, 98, 78, 5, 86, 55]","[62, 13]","{""best_k"": 3, ""best_score"": 0.5491998195648193, ""selected_cluster"": 0, ""cluster_scores"": {""0"": 2.5052433013916016, ""1"": -1.0, ""2"": -1.0}, ""num_trusted"": 7, ""fallback_used"": false}"
127,apra,apra_trust_weighted_clip,"[3, 56, 98, 78, 5, 86, 55]",[],"{""base_clip"": 1.0, ""trust_weights"": {""3"": 0.059452854096889496, ""56"": 0.0, ""98"": 0.31351569294929504, ""78"": 0.31351569294929504, ""5"": 0.31351569294929504, ""86"": 0.0, ""55"": 0.0}, ""num_aggregated"": 7}"
128,apra,apra_mad_filter,"[4, 99, 47, 20, 31, 10, 86, 90, 62, 41]",[],"{""median_norm"": 0.6642604913679245, ""mad"": 0.09209763942532745, ""k"": 2.0, ""num_accepted"": 10, ""safety_keep_used"": false, ""fallback_used"": false}"
128,apra,apra_hierarchical_cluster,"[4, 99, 47, 20, 10, 86, 90, 62, 41]",[31],"{""best_k"": 2, ""best_score"": 0.6015027761459351, ""selected_cluster"": 0, ""cluster_scores"": {""0"": 1.5448570251464844, ""1"": -1.0}, ""num_trusted"": 9, ""fallback_used"": false}"
128,apra,apra_trust_weighted_clip,"[4, 99, 47, 20, 10, 86, 90, 62, 41]",[],"{""base_clip"": 1.0, ""trust_weights"": {""4"": 0.0, ""99"": 0.1666666716337204, ""47"": 0.0, ""20"": 0.1666666716337204, ""10"": 0.0, ""86"": 0.1666666716337204, ""90"": 0.1666666716337204, ""62"": 0.1666666716337204, ""41"": 0.1666666716337204}, ""num_aggregated"": 9}"
129,apra,apra_mad_filter,"[0, 33, 1, 73, 28, 61, 3, 11, 96, 15]",[],"{""median_norm"": 0.6029015842243401, ""mad"": 0.09218909373979511, ""k"": 2.0, ""num_accepted"": 10, ""safety_keep_used"": false, ""fallback_used"": false}"
129,apra,apra_hierarchical_cluster,"[0, 33, 1, 28, 61, 3, 11, 96, 15]",[73],"{""best_k"": 2, ""best_score"": 0.7196029424667358, ""selected_cluster"": 0, ""cluster_scores"": {""0"": 3.5039749145507812, ""1"": -1.0}, ""num_trusted"": 9, ""fallback_used"": false}"
129,apra,apra_trust_weighted_clip,"[0, 33, 1, 28, 61, 3, 11, 96, 15]",[],"{""base_clip"": 1.0, ""trust_weights"": {""0"": 0.0, ""33"": 0.125, ""1"": 0.125, ""28"": 0.125, ""61"": 0.125, ""3"": 0.125, ""11"": 0.125, ""96"": 0.125, ""15"": 0.125}, ""num_aggregated"": 9}"
130,apra,apra_mad_filter,"[4, 42, 80, 51, 72, 74, 90, 58, 35, 83]",[],"{""median_norm"": 0.5587540309697459, ""mad"": 0.04969979754116771, ""k"": 2.0, ""num_accepted"": 10, ""safety_keep_used"": false, ""fallback_used"": false}"
130,apra,apra_hierarchical_cluster,"[80, 72, 74, 90, 58, 83]","[4, 42, 51, 35]","{""best_k"": 2, ""best_score"": 0.5173518061637878, ""selected_cluster"": 1, ""cluster_scores"": {""0"": 3.044020175933838, ""1"": 4.866682529449463}, ""num_trusted"": 6, ""fallback_used"": false}"
130,apra,apra_trust_weighted_clip,"[80, 72, 74, 90, 58, 83]",[],"{""base_clip"": 1.0, ""trust_weights"": {""80"": 0.0, ""72"": 0.20000000298023224, ""74"": 0.20000000298023224, ""90"": 0.20000000298023224, ""58"": 0.20000000298023224, ""83"": 0.20000000298023224}, ""num_aggregated"": 6}"
131,apra,apra_mad_filter,"[0, 80, 46, 73, 42, 85]","[95, 22, 3, 93]","{""median_norm"": 0.7609959931730614, ""mad"": 0.023254481735690447, ""k"": 2.0, ""num_accepted"": 6, ""safety_keep_used"": false, ""fallback_used"": false}"
131,apra,apra_hierarchical_cluster,"[73, 42]","[0, 80, 46, 85]","{""best_k"": 2, ""best_score"": 0.4354008734226227, ""selected_cluster"": 1, ""cluster_scores"": {""0"": 0.6937519311904907, ""1"": 1.9161165952682495}, ""num_trusted"": 2, ""fallback_used"": false}"
131,apra,apra_trust_weighted_clip,"[73, 42]",[],"{""base_clip"": 1.0, ""trust_weights"": {""73"": 0.5, ""42"": 0.5}, ""num_aggregated"": 2}"
132,apra,apra_mad_filter,"[2, 5, 77, 62, 74, 20, 65, 9, 68]",[45],"{""median_norm"": 0.6906409157472593, ""mad"": 0.06074925687569738, ""k"": 2.0, ""num_accepted"": 9, ""safety_keep_used"": false, ""fallback_used"": false}"
132,apra,apra_hierarchical_cluster,"[5, 77, 62, 65, 68]","[2, 74, 20, 9]","{""best_k"": 4, ""best_score"": 0.4330254793167114, ""selected_cluster"": 0, ""cluster_scores"": {""0"": 2.3404641151428223, ""1"": 1.9774096012115479, ""2"": -1.0, ""3"": -1.0}, ""num_trusted"": 5, ""fallback_used"": false}"
132,apra,apra_trust_weighted_clip,"[5, 77, 62, 65, 68]",[],"{""base_clip"": 1.0, ""trust_weights"": {""5"": 0.0, ""77"": 0.2879956364631653, ""62"": 0.2879956364631653, ""65"": 0.2879956364631653, ""68"": 0.13601304590702057}, ""num_aggregated"": 5}"
133,apra,apra_mad_filter,"[2, 58, 94, 20, 50, 51, 65, 7, 27]",[95],"{""median_norm"": 0.5108699732672977, ""mad"": 0.07032355905585624, ""k"": 2.0, ""num_accepted"": 9, ""safety_keep_used"": false, ""fallback_used"": false}"
133,apra,apra_hierarchical_cluster,"[58, 94, 51, 27]","[2, 20, 50, 65, 7]","{""best_k"": 4, ""best_score"": 0.3548453450202942, ""selected_cluster"": 1, ""cluster_scores"": {""0"": 2.7222914695739746, ""1"": 3.617121458053589, ""2"": -1.0, ""3"": -1.0}, ""num_trusted"": 4, ""fallback_used"": false}"
133,apra,apra_trust_weighted_clip,"[58, 94, 51, 27]",[],"{""base_clip"": 1.0, ""trust_weights"": {""58"": 0.0, ""94"": 0.5, ""51"": 0.5, ""27"": 0.0}, ""num_aggregated"": 4}"
134,apra,apra_mad_filter,"[78, 82, 23, 37, 10, 55, 13, 77]","[4, 12]","{""median_norm"": 0.553508368607317, ""mad"": 0.03719174222124966, ""k"": 2.0, ""num_accepted"": 8, ""safety_keep_used"": false, ""fallback_used"": false}"
134,apra,apra_hierarchical_cluster,"[78, 23, 37, 10, 55, 13, 77]",[82],"{""best_k"": 2, ""best_score"": 0.6508743762969971, ""selected_cluster"": 0, ""cluster_scores"": {""0"": 0.7495989799499512, ""1"": -1.0}, ""num_trusted"": 7, ""fallback_used"": false}"
134,apra,apra_trust_weighted_clip,"[78, 23, 37, 10, 55, 13, 77]",[],"{""base_clip"": 1.0, ""trust_weights"": {""78"": 0.20000000298023224, ""23"": 0.20000000298023224, ""37"": 0.0, ""10"": 0.0, ""55"": 0.20000000298023224, ""13"": 0.20000000298023224, ""77"": 0.20000000298023224}, ""num_aggregated"": 7}"
135,apra,apra_mad_filter,"[2, 35, 89, 82, 49, 23, 63]","[5, 93, 95]","{""median_norm"": 0.5107591913377239, ""mad"": 0.023485148597339855, ""k"": 2.0, ""num_accepted"": 7, ""safety_keep_used"": false, ""fallback_used"": false}"
135,apra,apra_hierarchical_cluster,"[2, 35, 89, 49, 23, 63]",[82],"{""best_k"": 2, ""best_score"": 0.5243188142776489, ""selected_cluster"": 0, ""cluster_scores"": {""0"": 3.5453543663024902, ""1"": -1.0}, ""num_trusted"": 6, ""fallback_used"": false}"
135,apra,apra_trust_weighted_clip,"[2, 35, 89, 49, 23, 63]",[],"{""base_clip"": 1.0, ""trust_weights"": {""2"": 0.0, ""35"": 0.0, ""89"": 0.25, ""49"": 0.25, ""23"": 0.25, ""63"": 0.25}, ""num_aggregated"": 6}"
136,apra,apra_mad_filter,"[4, 83, 79, 3, 66, 69, 95, 96, 84]",[7],"{""median_norm"": 0.622323678487936, ""mad"": 0.041864880154971695, ""k"": 2.0, ""num_accepted"": 9, ""safety_keep_used"": false, ""fallback_used"": false}"
136,apra,apra_hierarchical_cluster,"[4, 83, 79, 3, 66, 69, 84]","[95, 96]","{""best_k"": 2, ""best_score"": 0.5382010340690613, ""selected_cluster"": 0, ""cluster_scores"": {""0"": 3.556663990020752, ""1"": 1.6009109020233154}, ""num_trusted"": 7, ""fallback_used"": false}"
136,apra,apra_trust_weighted_clip,"[4, 83, 79, 3, 66, 69, 84]",[],"{""base_clip"": 1.0, ""trust_weights"": {""4"": 0.12424898147583008, ""83"": 0.1869860738515854, ""79"": 0.1869860738515854, ""3"": 0.12780676782131195, ""66"": 0.1869860738515854, ""69"": 0.0, ""84"": 0.1869860738515854}, ""num_aggregated"": 7}"
137,apra,apra_mad_filter,"[3, 65, 12, 98, 86, 75]","[26, 16, 20, 59]","{""median_norm"": 0.488153367597993, ""mad"": 0.018045812249354115, ""k"": 2.0, ""num_accepted"": 6, ""safety_keep_used"": false, ""fallback_used"": false}"
137,apra,apra_hierarchical_cluster,"[3, 65, 12, 98, 86]",[75],"{""best_k"": 2, ""best_score"": 0.36449959874153137, ""selected_cluster"": 0, ""cluster_scores"": {""0"": 3.1289753913879395, ""1"": -1.0}, ""num_trusted"": 5, ""fallback_used"": false}"
137,apra,apra_trust_weighted_clip,"[3, 65, 12, 98, 86]",[],"{""base_clip"": 1.0, ""trust_weights"": {""3"": 0.0, ""65"": 0.5, ""12"": 0.5, ""98"": 0.0, ""86"": 0.0}, ""num_aggregated"": 5}"
138,apra,apra_mad_filter,"[2, 78, 18, 71, 20, 21, 27]","[31, 11, 24]","{""median_norm"": 0.4957890569684845, ""mad"": 0.06483655093196539, ""k"": 2.0, ""num_accepted"": 7, ""safety_keep_used"": false, ""fallback_used"": false}"
138,apra,apra_hierarchical_cluster,"[78, 18, 20, 21]","[2, 71, 27]","{""best_k"": 2, ""best_score"": 0.34930115938186646, ""selected_cluster"": 0, ""cluster_scores"": {""0"": 3.4698691368103027, ""1"": 2.7557880878448486}, ""num_trusted"": 4, ""fallback_used"": false}"
138,apra,apra_trust_weighted_clip,"[78, 18, 20, 21]",[],"{""base_clip"": 1.0, ""trust_weights"": {""78"": 0.5, ""18"": 0.0, ""20"": 0.5, ""21"": 0.0}, ""num_aggregated"": 4}"
139,apra,apra_mad_filter,"[2, 50, 63, 64, 18, 45, 0, 89, 28]",[91],"{""median_norm"": 0.6046504774708544, ""mad"": 0.053980014769722195, ""k"": 2.0, ""num_accepted"": 9, ""safety_keep_used"": false, ""fallback_used"": false}"
139,apra,apra_hierarchical_cluster,"[2, 50, 63, 64, 18, 45, 89, 28]",[0],"{""best_k"": 2, ""best_score"": 0.6494038105010986, ""selected_cluster"": 0, ""cluster_scores"": {""0"": 3.0769243240356445, ""1"": -1.0}, ""num_trusted"": 8, ""fallback_used"": false}"
139,apra,apra_trust_weighted_clip,"[2, 50, 63, 64, 18, 45, 89, 28]",[],"{""base_clip"": 1.0, ""trust_weights"": {""2"": 0.0, ""50"": 0.1428571492433548, ""63"": 0.1428571492433548, ""64"": 0.1428571492433548, ""18"": 0.1428571492433548, ""45"": 0.1428571492433548, ""89"": 0.1428571492433548, ""28"": 0.1428571492433548}, ""num_aggregated"": 8}"
140,apra,apra_mad_filter,"[97, 55, 16, 23, 89, 59, 90, 15]","[4, 45]","{""median_norm"": 0.470965917718257, ""mad"": 0.03481506540722751, ""k"": 2.0, ""num_accepted"": 8, ""safety_keep_used"": false, ""fallback_used"": false}"
140,apra,apra_hierarchical_cluster,"[55, 16, 23, 89, 90, 15]","[97, 59]","{""best_k"": 2, ""best_score"": 0.7390709519386292, ""selected_cluster"": 1, ""cluster_scores"": {""0"": 1.8170323371887207, ""1"": 4.42120885848999}, ""num_trusted"": 6, ""fallback_used"": false}"
140,apra,apra_trust_weighted_clip,"[55, 16, 23, 89, 90, 15]",[],"{""base_clip"": 1.0, ""trust_weights"": {""55"": 0.0, ""16"": 0.20000000298023224, ""23"": 0.20000000298023224, ""89"": 0.20000000298023224, ""90"": 0.20000000298023224, ""15"": 0.20000000298023224}, ""num_aggregated"": 6}"
141,apra,apra_mad_filter,"[2, 12, 25, 36, 23, 64, 84, 91, 26]",[19],"{""median_norm"": 0.5186602025288538, ""mad"": 0.0337508670415895, ""k"": 2.0, ""num_accepted"": 9, ""safety_keep_used"": false, ""fallback_used"": false}"
141,apra,apra_hierarchical_cluster,"[12, 25, 36, 23, 64, 84, 91, 26]",[2],"{""best_k"": 2, ""best_score"": 0.7001075744628906, ""selected_cluster"": 0, ""cluster_scores"": {""0"": 3.9123315811157227, ""1"": -1.0}, ""num_trusted"": 8, ""fallback_used"": false}"
141,apra,apra_trust_weighted_clip,"[12, 25, 36, 23, 64, 84, 91, 26]",[],"{""base_clip"": 1.0, ""trust_weights"": {""12"": 0.14504434168338776, ""25"": 0.14504434168338776, ""36"": 0.14504434168338776, ""23"": 0.14504434168338776, ""64"": 0.14504434168338776, ""84"": 0.12973390519618988, ""91"": 0.14504434168338776, ""26"": 0.0}, ""num_aggregated"": 8}"
142,apra,apra_mad_filter,"[2, 84, 63, 30, 90, 33, 24, 13, 87, 40]",[],"{""median_norm"": 0.6310505244966362, ""mad"": 0.12271618795897088, ""k"": 2.0, ""num_accepted"": 10, ""safety_keep_used"": false, ""fallback_used"": false}"
142,apra,apra_hierarchical_cluster,"[2, 84, 63, 90, 33, 13, 87, 40]","[30, 24]","{""best_k"": 2, ""best_score"": 0.5729755163192749, ""selected_cluster"": 0, ""cluster_scores"": {""0"": 4.0083465576171875, ""1"": 1.99764883518219}, ""num_trusted"": 8, ""fallback_used"": false}"
142,apra,apra_trust_weighted_clip,"[2, 84, 63, 90, 33, 13, 87, 40]",[],"{""base_clip"": 1.0, ""trust_weights"": {""2"": 0.0, ""84"": 0.1666666716337204, ""63"": 0.1666666716337204, ""90"": 0.1666666716337204, ""33"": 0.1666666716337204, ""13"": 0.0, ""87"": 0.1666666716337204, ""40"": 0.1666666716337204}, ""num_aggregated"": 8}"
143,apra,apra_mad_filter,"[1, 2, 78, 33, 24, 5, 57, 77, 31, 62]",[],"{""median_norm"": 0.5284307882072837, ""mad"": 0.10483742498756635, ""k"": 2.0, ""num_accepted"": 10, ""safety_keep_used"": false, ""fallback_used"": false}"
143,apra,apra_hierarchical_cluster,"[1, 2, 78, 33, 24, 5, 57, 77, 62]",[31],"{""best_k"": 2, ""best_score"": 0.6860327124595642, ""selected_cluster"": 0, ""cluster_scores"": {""0"": 4.317352771759033, ""1"": -1.0}, ""num_trusted"": 9, ""fallback_used"": false}"
143,apra,apra_trust_weighted_clip,"[1, 2, 78, 33, 24, 5, 57, 77, 62]",[],"{""base_clip"": 1.0, ""trust_weights"": {""1"": 0.1428571492433548, ""2"": 0.0, ""78"": 0.1428571492433548, ""33"": 0.1428571492433548, ""24"": 0.1428571492433548, ""5"": 0.0, ""57"": 0.1428571492433548, ""77"": 0.1428571492433548, ""62"": 0.1428571492433548}, ""num_aggregated"": 9}"
144,apra,apra_mad_filter,"[2, 15, 84, 66, 59, 80, 91, 79]","[48, 9]","{""median_norm"": 0.5587298795471689, ""mad"": 0.06108678301274523, ""k"": 2.0, ""num_accepted"": 8, ""safety_keep_used"": false, ""fallback_used"": false}"
144,apra,apra_hierarchical_cluster,"[15, 84, 66, 59, 80, 91, 79]",[2],"{""best_k"": 2, ""best_score"": 0.6769983172416687, ""selected_cluster"": 0, ""cluster_scores"": {""0"": 3.214664936065674, ""1"": -1.0}, ""num_trusted"": 7, ""fallback_used"": false}"
144,apra,apra_trust_weighted_clip,"[15, 84, 66, 59, 80, 91, 79]",[],"{""base_clip"": 1.0, ""trust_weights"": {""15"": 0.0, ""84"": 0.25, ""66"": 0.25, ""59"": 0.0, ""80"": 0.0, ""91"": 0.25, ""79"": 0.25}, ""num_aggregated"": 7}"
145,apra,apra_mad_filter,"[2, 19, 44, 7, 85, 43, 73, 18, 29, 83]",[],"{""median_norm"": 0.6721652931708751, ""mad"": 0.12389226826088723, ""k"": 2.0, ""num_accepted"": 10, ""safety_keep_used"": false, ""fallback_used"": false}"
145,apra,apra_hierarchical_cluster,"[19, 44, 7, 85, 43, 18, 29, 83]","[2, 73]","{""best_k"": 3, ""best_score"": 0.48890846967697144, ""selected_cluster"": 0, ""cluster_scores"": {""0"": 3.204066753387451, ""1"": -1.0, ""2"": -1.0}, ""num_trusted"": 8, ""fallback_used"": false}"
145,apra,apra_trust_weighted_clip,"[19, 44, 7, 85, 43, 18, 29, 83]",[],"{""base_clip"": 1.0, ""trust_weights"": {""19"": 0.0, ""44"": 0.1666666716337204, ""7"": 0.1666666716337204, ""85"": 0.0, ""43"": 0.1666666716337204, ""18"": 0.1666666716337204, ""29"": 0.1666666716337204, ""83"": 0.1666666716337204}, ""num_aggregated"": 8}"
146,apra,apra_mad_filter,"[0, 99, 74, 47, 46, 89, 95, 71, 63]",[88],"{""median_norm"": 0.5715566627543837, ""mad"": 0.13366229529194068, ""k"": 2.0, ""num_accepted"": 9, ""safety_keep_used"": false, ""fallback_used"": false}"
146,apra,apra_hierarchical_cluster,"[0, 99, 74, 47, 46, 89, 71, 63]",[95],"{""best_k"": 2, ""best_score"": 0.6319258213043213, ""selected_cluster"": 0, ""cluster_scores"": {""0"": 4.192788124084473, ""1"": -1.0}, ""num_trusted"": 8, ""fallback_used"": false}"
146,apra,apra_trust_weighted_clip,"[0, 99, 74, 47, 46, 89, 71, 63]",[],"{""base_clip"": 1.0, ""trust_weights"": {""0"": 0.0, ""99"": 0.1666666716337204, ""74"": 0.1666666716337204, ""47"": 0.0, ""46"": 0.1666666716337204, ""89"": 0.1666666716337204, ""71"": 0.1666666716337204, ""63"": 0.1666666716337204}, ""num_aggregated"": 8}"
147,apra,apra_mad_filter,"[3, 78, 91, 29, 51, 38, 86, 63, 27]",[24],"{""median_norm"": 0.49522808386152584, ""mad"": 0.06849609309707683, ""k"": 2.0, ""num_accepted"": 9, ""safety_keep_used"": false, ""fallback_used"": false}"
147,apra,apra_hierarchical_cluster,"[3, 78, 91, 29, 38, 86, 63, 27]",[51],"{""best_k"": 2, ""best_score"": 0.5498589873313904, ""selected_cluster"": 0, ""cluster_scores"": {""0"": 2.6738715171813965, ""1"": -1.0}, ""num_trusted"": 8, ""fallback_used"": false}"
147,apra,apra_trust_weighted_clip,"[3, 78, 91, 29, 38, 86, 63, 27]",[],"{""base_clip"": 1.0, ""trust_weights"": {""3"": 0.1737993210554123, ""78"": 0.13100339472293854, ""91"": 0.1737993210554123, ""29"": 0.0, ""38"": 0.1737993210554123, ""86"": 0.1737993210554123, ""63"": 0.1737993210554123, ""27"": 0.0}, ""num_aggregated"": 8}"
148,apra,apra_mad_filter,"[3, 75, 59, 20, 29, 67, 93, 81, 13]",[45],"{""median_norm"": 0.47592746348709214, ""mad"": 0.031078711110993085, ""k"": 2.0, ""num_accepted"": 9, ""safety_keep_used"": false, ""fallback_used"": false}"
148,apra,apra_hierarchical_cluster,"[3, 75, 20, 29, 67, 93, 81, 13]",[59],"{""best_k"": 2, ""best_score"": 0.6084593534469604, ""selected_cluster"": 0, ""cluster_scores"": {""0"": 0.839024007320404, ""1"": -1.0}, ""num_trusted"": 8, ""fallback_used"": false}"
148,apra,apra_trust_weighted_clip,"[3, 75, 20, 29, 67, 93, 81, 13]",[],"{""base_clip"": 1.0, ""trust_weights"": {""3"": 0.1666666716337204, ""75"": 0.1666666716337204, ""20"": 0.1666666716337204, ""29"": 0.1666666716337204, ""67"": 0.0, ""93"": 0.0, ""81"": 0.1666666716337204, ""13"": 0.1666666716337204}, ""num_aggregated"": 8}"
149,apra,apra_mad_filter,"[3, 10, 17, 75, 20, 11, 31, 42, 14]",[88],"{""median_norm"": 0.6890449979603971, ""mad"": 0.15640069980984928, ""k"": 2.0, ""num_accepted"": 9, ""safety_keep_used"": false, ""fallback_used"": false}"
149,apra,apra_hierarchical_cluster,"[3, 10, 17, 75, 20, 11, 42, 14]",[31],"{""best_k"": 2, ""best_score"": 0.689572811126709, ""selected_cluster"": 0, ""cluster_scores"": {""0"": 6.1053924560546875, ""1"": -1.0}, ""num_trusted"": 8, ""fallback_used"": false}"
149,apra,apra_trust_weighted_clip,"[3, 10, 17, 75, 20, 11, 42, 14]",[],"{""base_clip"": 1.0, ""trust_weights"": {""3"": 0.1428571492433548, ""10"": 0.0, ""17"": 0.1428571492433548, ""75"": 0.1428571492433548, ""20"": 0.1428571492433548, ""11"": 0.1428571492433548, ""42"": 0.1428571492433548, ""14"": 0.1428571492433548}, ""num_aggregated"": 8}"
150,apra,apra_mad_filter,"[0, 85, 82, 10, 31, 84, 7, 4]","[27, 14]","{""median_norm"": 0.6749138872515443, ""mad"": 0.04477170728592689, ""k"": 2.0, ""num_accepted"": 8, ""safety_keep_used"": false, ""fallback_used"": false}"
150,apra,apra_hierarchical_cluster,"[85, 82, 10, 31, 84, 7, 4]",[0],"{""best_k"": 2, ""best_score"": 0.457882821559906, ""selected_cluster"": 0, ""cluster_scores"": {""0"": 1.3176074028015137, ""1"": -1.0}, ""num_trusted"": 7, ""fallback_used"": false}"
150,apra,apra_trust_weighted_clip,"[85, 82, 10, 31, 84, 7, 4]",[],"{""base_clip"": 1.0, ""trust_weights"": {""85"": 0.175140380859375, ""82"": 0.1242980808019638, ""10"": 0.175140380859375, ""31"": 0.0, ""84"": 0.175140380859375, ""7"": 0.175140380859375, ""4"": 0.175140380859375}, ""num_aggregated"": 7}"
151,apra,apra_mad_filter,"[3, 43, 25, 48, 98, 87, 6, 23, 34]",[52],"{""median_norm"": 0.5304304686759187, ""mad"": 0.06831538443421162, ""k"": 2.0, ""num_accepted"": 9, ""safety_keep_used"": false, ""fallback_used"": false}"
151,apra,apra_hierarchical_cluster,"[3, 43, 25, 98, 87, 6, 23, 34]",[48],"{""best_k"": 2, ""best_score"": 0.6904364824295044, ""selected_cluster"": 0, ""cluster_scores"": {""0"": 2.8043456077575684, ""1"": -1.0}, ""num_trusted"": 8, ""fallback_used"": false}"
151,apra,apra_trust_weighted_clip,"[3, 43, 25, 98, 87, 6, 23, 34]",[],"{""base_clip"": 1.0, ""trust_weights"": {""3"": 0.1428571492433548, ""43"": 0.1428571492433548, ""25"": 0.0, ""98"": 0.1428571492433548, ""87"": 0.1428571492433548, ""6"": 0.1428571492433548, ""23"": 0.1428571492433548, ""34"": 0.1428571492433548}, ""num_aggregated"": 8}"
152,apra,apra_mad_filter,"[36, 68, 37, 92, 94, 14, 22, 28, 18]",[4],"{""median_norm"": 0.4827074823119304, ""mad"": 0.05331700946564932, ""k"": 2.0, ""num_accepted"": 9, ""safety_keep_used"": false, ""fallback_used"": false}"
152,apra,apra_hierarchical_cluster,"[68, 37, 92, 94, 14, 22, 28, 18]",[36],"{""best_k"": 2, ""best_score"": 0.6529085040092468, ""selected_cluster"": 0, ""cluster_scores"": {""0"": 4.182080268859863, ""1"": -1.0}, ""num_trusted"": 8, ""fallback_used"": false}"
152,apra,apra_trust_weighted_clip,"[68, 37, 92, 94, 14, 22, 28, 18]",[],"{""base_clip"": 1.0, ""trust_weights"": {""68"": 0.16184033453464508, ""37"": 0.0, ""92"": 0.03840288519859314, ""94"": 0.16184033453464508, ""14"": 0.16184033453464508, ""22"": 0.16184033453464508, ""28"": 0.16184033453464508, ""18"": 0.15239547193050385}, ""num_aggregated"": 8}"
153,apra,apra_mad_filter,"[1, 24, 30, 22, 5, 72, 62, 32, 68, 97]",[],"{""median_norm"": 0.5427558772122256, ""mad"": 0.06581777775589645, ""k"": 2.0, ""num_accepted"": 10, ""safety_keep_used"": false, ""fallback_used"": false}"
153,apra,apra_hierarchical_cluster,"[1, 24, 30, 22, 5, 72, 32, 68, 97]",[62],"{""best_k"": 2, ""best_score"": 0.4359212815761566, ""selected_cluster"": 0, ""cluster_scores"": {""0"": 0.6570810675621033, ""1"": -1.0}, ""num_trusted"": 9, ""fallback_used"": false}"
153,apra,apra_trust_weighted_clip,"[1, 24, 30, 22, 5, 72, 32, 68, 97]",[],"{""base_clip"": 1.0, ""trust_weights"": {""1"": 0.1261119842529297, ""24"": 0.12166404724121094, ""30"": 0.1261119842529297, ""22"": 0.1261119842529297, ""5"": 0.1261119842529297, ""72"": 0.1261119842529297, ""32"": 0.0, ""68"": 0.12166404724121094, ""97"": 0.1261119842529297}, ""num_aggregated"": 9}"
154,apra,apra_mad_filter,"[2, 91, 61, 8, 99, 97, 98, 93, 39]",[74],"{""median_norm"": 0.5154434975176787, ""mad"": 0.02855349726573239, ""k"": 2.0, ""num_accepted"": 9, ""safety_keep_used"": false, ""fallback_used"": false}"
154,apra,apra_hierarchical_cluster,"[91, 61, 97, 98, 93]","[2, 8, 99, 39]","{""best_k"": 3, ""best_score"": 0.4688819348812103, ""selected_cluster"": 0, ""cluster_scores"": {""0"": 2.3022561073303223, ""1"": 1.9134695529937744, ""2"": 1.907170057296753}, ""num_trusted"": 5, ""fallback_used"": false}"
154,apra,apra_trust_weighted_clip,"[91, 61, 97, 98, 93]",[],"{""base_clip"": 1.0, ""trust_weights"": {""91"": 0.0, ""61"": 0.11833438277244568, ""97"": 0.3816656172275543, ""98"": 0.11833438277244568, ""93"": 0.3816656172275543}, ""num_aggregated"": 5}"
155,apra,apra_mad_filter,"[1, 75, 14, 2, 68, 46, 57]","[32, 62, 72]","{""median_norm"": 0.6492046450140354, ""mad"": 0.03162709697184679, ""k"": 2.0, ""num_accepted"": 7, ""safety_keep_used"": false, ""fallback_used"": false}"
155,apra,apra_hierarchical_cluster,"[1, 75, 14, 68, 46, 57]",[2],"{""best_k"": 2, ""best_score"": 0.6748996376991272, ""selected_cluster"": 0, ""cluster_scores"": {""0"": 3.4651315212249756, ""1"": -1.0}, ""num_trusted"": 6, ""fallback_used"": false}"
155,apra,apra_trust_weighted_clip,"[1, 75, 14, 68, 46, 57]",[],"{""base_clip"": 1.0, ""trust_weights"": {""1"": 0.20000000298023224, ""75"": 0.20000000298023224, ""14"": 0.20000000298023224, ""68"": 0.20000000298023224, ""46"": 0.0, ""57"": 0.20000000298023224}, ""num_aggregated"": 6}"
156,apra,apra_mad_filter,"[27, 80, 22, 16, 29, 15, 55]","[4, 62, 95]","{""median_norm"": 0.45807748145361904, ""mad"": 0.036357004434339674, ""k"": 2.0, ""num_accepted"": 7, ""safety_keep_used"": false, ""fallback_used"": false}"
156,apra,apra_hierarchical_cluster,"[27, 80, 22, 16, 29, 15]",[55],"{""best_k"": 2, ""best_score"": 0.5906957387924194, ""selected_cluster"": 0, ""cluster_scores"": {""0"": 5.569457530975342, ""1"": -1.0}, ""num_trusted"": 6, ""fallback_used"": false}"
156,apra,apra_trust_weighted_clip,"[27, 80, 22, 16, 29, 15]",[],"{""base_clip"": 1.0, ""trust_weights"": {""27"": 0.20000000298023224, ""80"": 0.20000000298023224, ""22"": 0.20000000298023224, ""16"": 0.20000000298023224, ""29"": 0.0, ""15"": 0.20000000298023224}, ""num_aggregated"": 6}"
157,apra,apra_mad_filter,"[4, 24, 18, 49, 84, 7, 67, 0, 80, 77]",[],"{""median_norm"": 0.5930938000662795, ""mad"": 0.09355811809060455, ""k"": 2.0, ""num_accepted"": 10, ""safety_keep_used"": false, ""fallback_used"": false}"
157,apra,apra_hierarchical_cluster,"[4, 24, 18, 49, 84, 7, 67, 80, 77]",[0],"{""best_k"": 2, ""best_score"": 0.6962057948112488, ""selected_cluster"": 0, ""cluster_scores"": {""0"": 3.1263649463653564, ""1"": -1.0}, ""num_trusted"": 9, ""fallback_used"": false}"
157,apra,apra_trust_weighted_clip,"[4, 24, 18, 49, 84, 7, 67, 80, 77]",[],"{""base_clip"": 1.0, ""trust_weights"": {""4"": 0.1428571492433548, ""24"": 0.1428571492433548, ""18"": 0.0, ""49"": 0.1428571492433548, ""84"": 0.1428571492433548, ""7"": 0.1428571492433548, ""67"": 0.0, ""80"": 0.1428571492433548, ""77"": 0.1428571492433548}, ""num_aggregated"": 9}"
158,apra,apra_mad_filter,"[1, 58, 9, 14, 80, 30, 10, 70, 39]",[48],"{""median_norm"": 0.5442150882971019, ""mad"": 0.03861266481993836, ""k"": 2.0, ""num_accepted"": 9, ""safety_keep_used"": false, ""fallback_used"": false}"
158,apra,apra_hierarchical_cluster,"[1, 58, 9, 14, 80, 30, 70, 39]",[10],"{""best_k"": 2, ""best_score"": 0.6733480095863342, ""selected_cluster"": 0, ""cluster_scores"": {""0"": 4.993387222290039, ""1"": -1.0}, ""num_trusted"": 8, ""fallback_used"": false}"
158,apra,apra_trust_weighted_clip,"[1, 58, 9, 14, 80, 30, 70, 39]",[],"{""base_clip"": 1.0, ""trust_weights"": {""1"": 0.16774074733257294, ""58"": 0.0, ""9"": 0.16774074733257294, ""14"": 0.16774074733257294, ""80"": 0.16774074733257294, ""30"": 0.0, ""70"": 0.16774074733257294, ""39"": 0.1612962782382965}, ""num_aggregated"": 8}"
159,apra,apra_mad_filter,"[2, 92, 77, 70, 72, 99, 32, 0, 26]",[57],"{""median_norm"": 0.6758500511748833, ""mad"": 0.023822752650356938, ""k"": 2.0, ""num_accepted"": 9, ""safety_keep_used"": false, ""fallback_used"": false}"
159,apra,apra_hierarchical_cluster,"[2, 92, 77, 70, 72, 99, 0, 26]",[32],"{""best_k"": 2, ""best_score"": 0.46651697158813477, ""selected_cluster"": 0, ""cluster_scores"": {""0"": 1.4792943000793457, ""1"": -1.0}, ""num_trusted"": 8, ""fallback_used"": false}"
159,apra,apra_trust_weighted_clip,"[2, 92, 77, 70, 72, 99, 0, 26]",[],"{""base_clip"": 1.0, ""trust_weights"": {""2"": 0.049775898456573486, ""92"": 0.1900448203086853, ""77"": 0.1900448203086853, ""70"": 0.1900448203086853, ""72"": 0.1900448203086853, ""99"": 0.0, ""0"": 0.1900448203086853, ""26"": 0.0}, ""num_aggregated"": 8}"
160,apra,apra_mad_filter,"[2, 84, 57, 30, 70, 16, 13, 29, 27]",[95],"{""median_norm"": 0.4986791552416926, ""mad"": 0.053636772652633086, ""k"": 2.0, ""num_accepted"": 9, ""safety_keep_used"": false, ""fallback_used"": false}"
160,apra,apra_hierarchical_cluster,"[84, 57, 30, 70, 16, 13, 29, 27]",[2],"{""best_k"": 2, ""best_score"": 0.567410945892334, ""selected_cluster"": 0, ""cluster_scores"": {""0"": 3.6293697357177734, ""1"": -1.0}, ""num_trusted"": 8, ""fallback_used"": false}"
160,apra,apra_trust_weighted_clip,"[84, 57, 30, 70, 16, 13, 29, 27]",[],"{""base_clip"": 1.0, ""trust_weights"": {""84"": 0.1666666716337204, ""57"": 0.1666666716337204, ""30"": 0.1666666716337204, ""70"": 0.0, ""16"": 0.1666666716337204, ""13"": 0.1666666716337204, ""29"": 0.0, ""27"": 0.1666666716337204}, ""num_aggregated"": 8}"
161,apra,apra_mad_filter,"[3, 8, 86, 33, 74, 35, 51, 22, 40]",[47],"{""median_norm"": 0.521115094427223, ""mad"": 0.06386215782732707, ""k"": 2.0, ""num_accepted"": 9, ""safety_keep_used"": false, ""fallback_used"": false}"
161,apra,apra_hierarchical_cluster,"[3, 8, 86, 33, 74, 35, 22, 40]",[51],"{""best_k"": 2, ""best_score"": 0.5997434258460999, ""selected_cluster"": 0, ""cluster_scores"": {""0"": 1.9016666412353516, ""1"": -1.0}, ""num_trusted"": 8, ""fallback_used"": false}"
161,apra,apra_trust_weighted_clip,"[3, 8, 86, 33, 74, 35, 22, 40]",[],"{""base_clip"": 1.0, ""trust_weights"": {""3"": 0.0, ""8"": 0.0, ""86"": 0.050650954246520996, ""33"": 0.0, ""74"": 0.31644970178604126, ""35"": 0.0, ""22"": 0.31644970178604126, ""40"": 0.31644970178604126}, ""num_aggregated"": 8}"
162,apra,apra_mad_filter,"[2, 4, 57, 63, 1, 42, 30, 46, 84]",[40],"{""median_norm"": 0.5823865865610478, ""mad"": 0.06889687501066788, ""k"": 2.0, ""num_accepted"": 9, ""safety_keep_used"": false, ""fallback_used"": false}"
162,apra,apra_hierarchical_cluster,"[4, 57, 63, 1, 42, 30, 46, 84]",[2],"{""best_k"": 2, ""best_score"": 0.44704946875572205, ""selected_cluster"": 0, ""cluster_scores"": {""0"": 0.9033856391906738, ""1"": -1.0}, ""num_trusted"": 8, ""fallback_used"": false}"
162,apra,apra_trust_weighted_clip,"[4, 57, 63, 1, 42, 30, 46, 84]",[],"{""base_clip"": 1.0, ""trust_weights"": {""4"": 0.0, ""57"": 0.18824079632759094, ""63"": 0.18824079632759094, ""1"": 0.0, ""42"": 0.18824079632759094, ""30"": 0.05879593268036842, ""46"": 0.18824079632759094, ""84"": 0.18824079632759094}, ""num_aggregated"": 8}"
163,apra,apra_mad_filter,"[4, 67, 27, 34, 71, 93, 13, 86, 16]",[17],"{""median_norm"": 0.4775136883124812, ""mad"": 0.060880166577459705, ""k"": 2.0, ""num_accepted"": 9, ""safety_keep_used"": false, ""fallback_used"": false}"
163,apra,apra_hierarchical_cluster,"[4, 27, 34, 71, 93, 13, 86, 16]",[67],"{""best_k"": 2, ""best_score"": 0.41003066301345825, ""selected_cluster"": 0, ""cluster_scores"": {""0"": 1.1792832612991333, ""1"": -1.0}, ""num_trusted"": 8, ""fallback_used"": false}"
163,apra,apra_trust_weighted_clip,"[4, 27, 34, 71, 93, 13, 86, 16]",[],"{""base_clip"": 1.0, ""trust_weights"": {""4"": 0.0, ""27"": 0.15501928329467773, ""34"": 0.15501928329467773, ""71"": 0.069884292781353, ""93"": 0.15501928329467773, ""13"": 0.15501928329467773, ""86"": 0.15501928329467773, ""16"": 0.15501928329467773}, ""num_aggregated"": 8}"
164,apra,apra_mad_filter,"[4, 3, 86, 72, 23, 73, 84, 96, 30, 67]",[],"{""median_norm"": 0.655489495410376, ""mad"": 0.05966946234180054, ""k"": 2.0, ""num_accepted"": 10, ""safety_keep_used"": false, ""fallback_used"": false}"
164,apra,apra_hierarchical_cluster,"[4, 3, 86, 72, 23, 73, 84, 30, 67]",[96],"{""best_k"": 2, ""best_score"": 0.7679647207260132, ""selected_cluster"": 0, ""cluster_scores"": {""0"": 5.3815107345581055, ""1"": -1.0}, ""num_trusted"": 9, ""fallback_used"": false}"
164,apra,apra_trust_weighted_clip,"[4, 3, 86, 72, 23, 73, 84, 30, 67]",[],"{""base_clip"": 1.0, ""trust_weights"": {""4"": 0.125, ""3"": 0.125, ""86"": 0.125, ""72"": 0.0, ""23"": 0.125, ""73"": 0.125, ""84"": 0.125, ""30"": 0.125, ""67"": 0.125}, ""num_aggregated"": 9}"
165,apra,apra_mad_filter,"[2, 8, 18, 94, 69, 36, 62, 76]","[63, 71]","{""median_norm"": 0.5732314797122, ""mad"": 0.03189074394773994, ""k"": 2.0, ""num_accepted"": 8, ""safety_keep_used"": false, ""fallback_used"": false}"
165,apra,apra_hierarchical_cluster,"[2, 18, 94, 69, 62, 76]","[8, 36]","{""best_k"": 2, ""best_score"": 0.3944736421108246, ""selected_cluster"": 0, ""cluster_scores"": {""0"": 1.9439923763275146, ""1"": 1.598177194595337}, ""num_trusted"": 6, ""fallback_used"": false}"
165,apra,apra_trust_weighted_clip,"[2, 18, 94, 69, 62, 76]",[],"{""base_clip"": 1.0, ""trust_weights"": {""2"": 0.0, ""18"": 0.25, ""94"": 0.25, ""69"": 0.0, ""62"": 0.25, ""76"": 0.25}, ""num_aggregated"": 6}"
166,apra,apra_mad_filter,"[44, 66, 95, 46, 29, 60, 9]","[1, 63, 48]","{""median_norm"": 0.5692824667322751, ""mad"": 0.029524972883236078, ""k"": 2.0, ""num_accepted"": 7, ""safety_keep_used"": false, ""fallback_used"": false}"
166,apra,apra_hierarchical_cluster,"[44, 66, 46, 29, 60, 9]",[95],"{""best_k"": 2, ""best_score"": 0.6482520699501038, ""selected_cluster"": 0, ""cluster_scores"": {""0"": 2.395829916000366, ""1"": -1.0}, ""num_trusted"": 6, ""fallback_used"": false}"
166,apra,apra_trust_weighted_clip,"[44, 66, 46, 29, 60, 9]",[],"{""base_clip"": 1.0, ""trust_weights"": {""44"": 0.2136477530002594, ""66"": 0.2136477530002594, ""46"": 0.16247141361236572, ""29"": 0.19658535718917847, ""60"": 0.2136477530002594, ""9"": 0.0}, ""num_aggregated"": 6}"
167,apra,apra_mad_filter,"[3, 99, 38, 13, 42, 28, 96, 58]","[31, 5]","{""median_norm"": 0.5377723997864919, ""mad"": 0.06520143245808382, ""k"": 2.0, ""num_accepted"": 8, ""safety_keep_used"": false, ""fallback_used"": false}"
167,apra,apra_hierarchical_cluster,"[3, 99, 38, 13, 28, 96, 58]",[42],"{""best_k"": 2, ""best_score"": 0.491447389125824, ""selected_cluster"": 0, ""cluster_scores"": {""0"": 3.526763439178467, ""1"": -1.0}, ""num_trusted"": 7, ""fallback_used"": false}"
167,apra,apra_trust_weighted_clip,"[3, 99, 38, 13, 28, 96, 58]",[],"{""base_clip"": 1.0, ""trust_weights"": {""3"": 0.17709076404571533, ""99"": 0.17709076404571533, ""38"": 0.17709076404571533, ""13"": 0.17709076404571533, ""28"": 0.11454621702432632, ""96"": 0.0, ""58"": 0.17709076404571533}, ""num_aggregated"": 7}"
168,apra,apra_mad_filter,"[0, 49, 53, 54, 88, 64, 8, 83, 85, 90]",[],"{""median_norm"": 0.7040049173648963, ""mad"": 0.20940748835636058, ""k"": 2.0, ""num_accepted"": 10, ""safety_keep_used"": false, ""fallback_used"": false}"
168,apra,apra_hierarchical_cluster,"[0, 49, 53, 54, 64, 8, 83, 85, 90]",[88],"{""best_k"": 2, ""best_score"": 0.6808217763900757, ""selected_cluster"": 0, ""cluster_scores"": {""0"": 4.84244441986084, ""1"": -1.0}, ""num_trusted"": 9, ""fallback_used"": false}"
168,apra,apra_trust_weighted_clip,"[0, 49, 53, 54, 64, 8, 83, 85, 90]",[],"{""base_clip"": 1.0, ""trust_weights"": {""0"": 0.0, ""49"": 0.1428571492433548, ""53"": 0.1428571492433548, ""54"": 0.0, ""64"": 0.1428571492433548, ""8"": 0.1428571492433548, ""83"": 0.1428571492433548, ""85"": 0.1428571492433548, ""90"": 0.1428571492433548}, ""num_aggregated"": 9}"
169,apra,apra_mad_filter,"[3, 28, 98, 13, 74, 9, 92, 56]","[30, 12]","{""median_norm"": 0.47664524878693815, ""mad"": 0.03124098731919664, ""k"": 2.0, ""num_accepted"": 8, ""safety_keep_used"": false, ""fallback_used"": false}"
169,apra,apra_hierarchical_cluster,"[3, 98, 13, 74, 9, 92, 56]",[28],"{""best_k"": 2, ""best_score"": 0.44860172271728516, ""selected_cluster"": 0, ""cluster_scores"": {""0"": 1.7436274290084839, ""1"": -1.0}, ""num_trusted"": 7, ""fallback_used"": false}"
169,apra,apra_trust_weighted_clip,"[3, 98, 13, 74, 9, 92, 56]",[],"{""base_clip"": 1.0, ""trust_weights"": {""3"": 0.20000000298023224, ""98"": 0.20000000298023224, ""13"": 0.20000000298023224, ""74"": 0.20000000298023224, ""9"": 0.0, ""92"": 0.20000000298023224, ""56"": 0.0}, ""num_aggregated"": 7}"
170,apra,apra_mad_filter,"[0, 14, 76, 43, 44, 96, 29, 4, 77, 32]",[],"{""median_norm"": 0.6504659225584177, ""mad"": 0.08068702518195331, ""k"": 2.0, ""num_accepted"": 10, ""safety_keep_used"": false, ""fallback_used"": false}"
170,apra,apra_hierarchical_cluster,"[14, 76, 43, 44, 29, 4, 77]","[0, 96, 32]","{""best_k"": 3, ""best_score"": 0.5497238636016846, ""selected_cluster"": 1, ""cluster_scores"": {""0"": 1.6166386604309082, ""1"": 4.067294120788574, ""2"": -1.0}, ""num_trusted"": 7, ""fallback_used"": false}"
170,apra,apra_trust_weighted_clip,"[14, 76, 43, 44, 29, 4, 77]",[],"{""base_clip"": 1.0, ""trust_weights"": {""14"": 0.17302711308002472, ""76"": 0.17302711308002472, ""43"": 0.17302711308002472, ""44"": 0.0, ""29"": 0.13486438989639282, ""4"": 0.17302711308002472, ""77"": 0.17302711308002472}, ""num_aggregated"": 7}"
171,apra,apra_mad_filter,"[3, 27, 93, 15, 25, 33, 8, 63]","[88, 30]","{""median_norm"": 0.5710557266314399, ""mad"": 0.02967791659517416, ""k"": 2.0, ""num_accepted"": 8, ""safety_keep_used"": false, ""fallback_used"": false}"
171,apra,apra_hierarchical_cluster,"[3, 27, 93, 33, 63]","[15, 25, 8]","{""best_k"": 2, ""best_score"": 0.40835514664649963, ""selected_cluster"": 1, ""cluster_scores"": {""0"": 2.295431137084961, ""1"": 3.6282148361206055}, ""num_trusted"": 5, ""fallback_used"": false}"
171,apra,apra_trust_weighted_clip,"[3, 27, 93, 33, 63]",[],"{""base_clip"": 1.0, ""trust_weights"": {""3"": 0.5, ""27"": 0.0, ""93"": 0.0, ""33"": 0.0, ""63"": 0.5}, ""num_aggregated"": 5}"
172,apra,apra_mad_filter,"[80, 10, 60, 1, 28, 63, 74, 81, 84]",[3],"{""median_norm"": 0.5597254189599953, ""mad"": 0.04809450623126177, ""k"": 2.0, ""num_accepted"": 9, ""safety_keep_used"": false, ""fallback_used"": false}"
172,apra,apra_hierarchical_cluster,"[80, 60, 1, 28, 63, 74, 81, 84]",[10],"{""best_k"": 2, ""best_score"": 0.655677318572998, ""selected_cluster"": 0, ""cluster_scores"": {""0"": 1.9702208042144775, ""1"": -1.0}, ""num_trusted"": 8, ""fallback_used"": false}"
172,apra,apra_trust_weighted_clip,"[80, 60, 1, 28, 63, 74, 81, 84]",[],"{""base_clip"": 1.0, ""trust_weights"": {""80"": 0.20000000298023224, ""60"": 0.20000000298023224, ""1"": 0.20000000298023224, ""28"": 0.0, ""63"": 0.20000000298023224, ""74"": 0.20000000298023224, ""81"": 0.0, ""84"": 0.0}, ""num_aggregated"": 8}"
173,apra,apra_mad_filter,"[1, 13, 69, 75, 18, 7, 2, 37]","[4, 54]","{""median_norm"": 0.5058415582305543, ""mad"": 0.06445535309574482, ""k"": 2.0, ""num_accepted"": 8, ""safety_keep_used"": false, ""fallback_used"": false}"
173,apra,apra_hierarchical_cluster,"[1, 13, 75, 18, 7, 37]","[69, 2]","{""best_k"": 3, ""best_score"": 0.54317706823349, ""selected_cluster"": 0, ""cluster_scores"": {""0"": 4.226327896118164, ""1"": -1.0, ""2"": -1.0}, ""num_trusted"": 6, ""fallback_used"": false}"
173,apra,apra_trust_weighted_clip,"[1, 13, 75, 18, 7, 37]",[],"{""base_clip"": 1.0, ""trust_weights"": {""1"": 0.20000000298023224, ""13"": 0.20000000298023224, ""75"": 0.20000000298023224, ""18"": 0.20000000298023224, ""7"": 0.0, ""37"": 0.20000000298023224}, ""num_aggregated"": 6}"
174,apra,apra_mad_filter,"[2, 67, 6, 62, 19, 24, 35]","[17, 13, 51]","{""median_norm"": 0.7044220599105736, ""mad"": 0.06872921842775076, ""k"": 2.0, ""num_accepted"": 7, ""safety_keep_used"": false, ""fallback_used"": false}"
174,apra,apra_hierarchical_cluster,"[2, 67, 6, 62, 24, 35]",[19],"{""best_k"": 2, ""best_score"": 0.4479442238807678, ""selected_cluster"": 0, ""cluster_scores"": {""0"": 0.9106616973876953, ""1"": -1.0}, ""num_trusted"": 6, ""fallback_used"": false}"
174,apra,apra_trust_weighted_clip,"[2, 67, 6, 62, 24, 35]",[],"{""base_clip"": 1.0, ""trust_weights"": {""2"": 0.0, ""67"": 0.20000000298023224, ""6"": 0.20000000298023224, ""62"": 0.20000000298023224, ""24"": 0.20000000298023224, ""35"": 0.20000000298023224}, ""num_aggregated"": 6}"
175,apra,apra_mad_filter,"[3, 89, 39, 17, 56, 72, 35, 62, 32, 19]",[],"{""median_norm"": 0.5815536859595762, ""mad"": 0.05926893969036551, ""k"": 2.0, ""num_accepted"": 10, ""safety_keep_used"": false, ""fallback_used"": false}"
175,apra,apra_hierarchical_cluster,"[17, 35]","[3, 89, 39, 56, 72, 62, 32, 19]","{""best_k"": 5, ""best_score"": 0.43501797318458557, ""selected_cluster"": 1, ""cluster_scores"": {""0"": 1.798404335975647, ""1"": 1.9615886211395264, ""2"": -1.0, ""3"": -1.0, ""4"": -1.0}, ""num_trusted"": 2, ""fallback_used"": false}"
175,apra,apra_trust_weighted_clip,"[17, 35]",[],"{""base_clip"": 1.0, ""trust_weights"": {""17"": 0.5, ""35"": 0.5}, ""num_aggregated"": 2}"
176,apra,apra_mad_filter,"[2, 42, 8, 99, 55, 43, 18, 74, 85, 78]",[],"{""median_norm"": 0.6394916370704498, ""mad"": 0.10672992429162395, ""k"": 2.0, ""num_accepted"": 10, ""safety_keep_used"": false, ""fallback_used"": false}"
176,apra,apra_hierarchical_cluster,"[2, 42, 55, 43, 18, 74, 85, 78]","[8, 99]","{""best_k"": 2, ""best_score"": 0.5065248012542725, ""selected_cluster"": 0, ""cluster_scores"": {""0"": 3.0875844955444336, ""1"": 1.7892439365386963}, ""num_trusted"": 8, ""fallback_used"": false}"
176,apra,apra_trust_weighted_clip,"[2, 42, 55, 43, 18, 74, 85, 78]",[],"{""base_clip"": 1.0, ""trust_weights"": {""2"": 0.0, ""42"": 0.1666666716337204, ""55"": 0.0, ""43"": 0.1666666716337204, ""18"": 0.1666666716337204, ""74"": 0.1666666716337204, ""85"": 0.1666666716337204, ""78"": 0.1666666716337204}, ""num_aggregated"": 8}"
177,apra,apra_mad_filter,"[0, 43, 92, 29, 50, 57, 80, 82, 16]",[17],"{""median_norm"": 0.5439073010787668, ""mad"": 0.0948008905913485, ""k"": 2.0, ""num_accepted"": 9, ""safety_keep_used"": false, ""fallback_used"": false}"
177,apra,apra_hierarchical_cluster,"[43, 92, 29, 50, 57, 80, 82, 16]",[0],"{""best_k"": 2, ""best_score"": 0.7995412349700928, ""selected_cluster"": 0, ""cluster_scores"": {""0"": 5.221546173095703, ""1"": -1.0}, ""num_trusted"": 8, ""fallback_used"": false}"
177,apra,apra_trust_weighted_clip,"[43, 92, 29, 50, 57, 80, 82, 16]",[],"{""base_clip"": 1.0, ""trust_weights"": {""43"": 0.1428571492433548, ""92"": 0.1428571492433548, ""29"": 0.0, ""50"": 0.1428571492433548, ""57"": 0.1428571492433548, ""80"": 0.1428571492433548, ""82"": 0.1428571492433548, ""16"": 0.1428571492433548}, ""num_aggregated"": 8}"
178,apra,apra_mad_filter,"[0, 58, 21, 96, 94, 5, 80, 45, 62, 71]",[],"{""median_norm"": 0.5186369358187847, ""mad"": 0.060840730706790275, ""k"": 2.0, ""num_accepted"": 10, ""safety_keep_used"": false, ""fallback_used"": false}"
178,apra,apra_hierarchical_cluster,"[58, 21, 96, 94, 5, 80, 45, 62, 71]",[0],"{""best_k"": 2, ""best_score"": 0.5797834396362305, ""selected_cluster"": 0, ""cluster_scores"": {""0"": 2.3461427688598633, ""1"": -1.0}, ""num_trusted"": 9, ""fallback_used"": false}"
178,apra,apra_trust_weighted_clip,"[58, 21, 96, 94, 5, 80, 45, 62, 71]",[],"{""base_clip"": 1.0, ""trust_weights"": {""58"": 0.125, ""21"": 0.125, ""96"": 0.125, ""94"": 0.125, ""5"": 0.125, ""80"": 0.125, ""45"": 0.125, ""62"": 0.0, ""71"": 0.125}, ""num_aggregated"": 9}"
179,apra,apra_mad_filter,"[4, 2, 30, 90, 42, 1, 69]","[41, 13, 73]","{""median_norm"": 0.5793667648241408, ""mad"": 0.03071043297050935, ""k"": 2.0, ""num_accepted"": 7, ""safety_keep_used"": false, ""fallback_used"": false}"
179,apra,apra_hierarchical_cluster,"[4, 30, 90, 42, 1]","[2, 69]","{""best_k"": 3, ""best_score"": 0.41911935806274414, ""selected_cluster"": 0, ""cluster_scores"": {""0"": 3.036912679672241, ""1"": -1.0, ""2"": -1.0}, ""num_trusted"": 5, ""fallback_used"": false}"
179,apra,apra_trust_weighted_clip,"[4, 30, 90, 42, 1]",[],"{""base_clip"": 1.0, ""trust_weights"": {""4"": 0.25, ""30"": 0.25, ""90"": 0.25, ""42"": 0.0, ""1"": 0.25}, ""num_aggregated"": 5}"
180,apra,apra_mad_filter,"[4, 97, 70, 96, 34, 36, 42, 56, 91]",[54],"{""median_norm"": 0.5418305136487906, ""mad"": 0.044890127474923824, ""k"": 2.0, ""num_accepted"": 9, ""safety_keep_used"": false, ""fallback_used"": false}"
180,apra,apra_hierarchical_cluster,"[4, 97, 70, 96, 34, 42, 56, 91]",[36],"{""best_k"": 2, ""best_score"": 0.5236440300941467, ""selected_cluster"": 0, ""cluster_scores"": {""0"": 5.150584697723389, ""1"": -1.0}, ""num_trusted"": 8, ""fallback_used"": false}"
180,apra,apra_trust_weighted_clip,"[4, 97, 70, 96, 34, 42, 56, 91]",[],"{""base_clip"": 1.0, ""trust_weights"": {""4"": 0.21832820773124695, ""97"": 0.11271277815103531, ""70"": 0.2253153771162033, ""96"": 0.0, ""34"": 0.21832820773124695, ""42"": 0.0, ""56"": 0.0, ""91"": 0.2253153771162033}, ""num_aggregated"": 8}"
181,apra,apra_mad_filter,"[3, 96, 90, 93, 69, 11, 94, 58, 34, 38]",[],"{""median_norm"": 0.47147400602174383, ""mad"": 0.03488819774456714, ""k"": 2.0, ""num_accepted"": 10, ""safety_keep_used"": false, ""fallback_used"": false}"
181,apra,apra_hierarchical_cluster,"[3, 90, 93, 11, 94, 58, 34, 38]","[96, 69]","{""best_k"": 3, ""best_score"": 0.5671197772026062, ""selected_cluster"": 0, ""cluster_scores"": {""0"": 3.684358596801758, ""1"": -1.0, ""2"": -1.0}, ""num_trusted"": 8, ""fallback_used"": false}"
181,apra,apra_trust_weighted_clip,"[3, 90, 93, 11, 94, 58, 34, 38]",[],"{""base_clip"": 1.0, ""trust_weights"": {""3"": 0.19792911410331726, ""90"": 0.19792911410331726, ""93"": 0.19792911410331726, ""11"": 0.19792911410331726, ""94"": 0.0, ""58"": 0.0, ""34"": 0.19792911410331726, ""38"": 0.010354472324252129}, ""num_aggregated"": 8}"
182,apra,apra_mad_filter,"[1, 41, 34, 8, 82, 47, 11, 48, 89]",[5],"{""median_norm"": 0.6155607185307602, ""mad"": 0.08005172989874193, ""k"": 2.0, ""num_accepted"": 9, ""safety_keep_used"": false, ""fallback_used"": false}"
182,apra,apra_hierarchical_cluster,"[1, 34, 8, 82, 47, 11, 48, 89]",[41],"{""best_k"": 2, ""best_score"": 0.6848134398460388, ""selected_cluster"": 0, ""cluster_scores"": {""0"": 4.008678436279297, ""1"": -1.0}, ""num_trusted"": 8, ""fallback_used"": false}"
182,apra,apra_trust_weighted_clip,"[1, 34, 8, 82, 47, 11, 48, 89]",[],"{""base_clip"": 1.0, ""trust_weights"": {""1"": 0.1428571492433548, ""34"": 0.1428571492433548, ""8"": 0.1428571492433548, ""82"": 0.1428571492433548, ""47"": 0.0, ""11"": 0.1428571492433548, ""48"": 0.1428571492433548, ""89"": 0.1428571492433548}, ""num_aggregated"": 8}"
183,apra,apra_mad_filter,"[2, 36, 1, 73, 23, 7, 15, 94]","[54, 62]","{""median_norm"": 0.5517269363120803, ""mad"": 0.0878300995848065, ""k"": 2.0, ""num_accepted"": 8, ""safety_keep_used"": false, ""fallback_used"": false}"
183,apra,apra_hierarchical_cluster,"[2, 36, 1, 23, 7, 15, 94]",[73],"{""best_k"": 2, ""best_score"": 0.6429490447044373, ""selected_cluster"": 0, ""cluster_scores"": {""0"": 3.7568583488464355, ""1"": -1.0}, ""num_trusted"": 7, ""fallback_used"": false}"
183,apra,apra_trust_weighted_clip,"[2, 36, 1, 23, 7, 15, 94]",[],"{""base_clip"": 1.0, ""trust_weights"": {""2"": 0.0, ""36"": 0.1666666716337204, ""1"": 0.1666666716337204, ""23"": 0.1666666716337204, ""7"": 0.1666666716337204, ""15"": 0.1666666716337204, ""94"": 0.1666666716337204}, ""num_aggregated"": 7}"
184,apra,apra_mad_filter,"[3, 83, 64, 41, 77, 95, 87, 32, 5, 4]",[],"{""median_norm"": 0.6050134521028507, ""mad"": 0.14362769980710238, ""k"": 2.0, ""num_accepted"": 10, ""safety_keep_used"": false, ""fallback_used"": false}"
184,apra,apra_hierarchical_cluster,"[3, 83, 64, 77, 87, 32, 4]","[41, 95, 5]","{""best_k"": 3, ""best_score"": 0.6519925594329834, ""selected_cluster"": 0, ""cluster_scores"": {""0"": 4.8721466064453125, ""1"": 1.938880205154419, ""2"": -1.0}, ""num_trusted"": 7, ""fallback_used"": false}"
184,apra,apra_trust_weighted_clip,"[3, 83, 64, 77, 87, 32, 4]",[],"{""base_clip"": 1.0, ""trust_weights"": {""3"": 0.1666666716337204, ""83"": 0.1666666716337204, ""64"": 0.1666666716337204, ""77"": 0.1666666716337204, ""87"": 0.1666666716337204, ""32"": 0.1666666716337204, ""4"": 0.0}, ""num_aggregated"": 7}"
185,apra,apra_mad_filter,"[0, 29, 33, 81, 11, 39, 5, 95, 69]",[45],"{""median_norm"": 0.5766745777133475, ""mad"": 0.031783687114908754, ""k"": 2.0, ""num_accepted"": 9, ""safety_keep_used"": false, ""fallback_used"": false}"
185,apra,apra_hierarchical_cluster,"[0, 29, 33, 81, 11, 39, 5, 69]",[95],"{""best_k"": 2, ""best_score"": 0.6147605776786804, ""selected_cluster"": 0, ""cluster_scores"": {""0"": 3.2162797451019287, ""1"": -1.0}, ""num_trusted"": 8, ""fallback_used"": false}"
185,apra,apra_trust_weighted_clip,"[0, 29, 33, 81, 11, 39, 5, 69]",[],"{""base_clip"": 1.0, ""trust_weights"": {""0"": 0.0, ""29"": 0.1666666716337204, ""33"": 0.1666666716337204, ""81"": 0.1666666716337204, ""11"": 0.1666666716337204, ""39"": 0.1666666716337204, ""5"": 0.1666666716337204, ""69"": 0.0}, ""num_aggregated"": 8}"
186,apra,apra_mad_filter,"[50, 81, 62, 3, 74, 10, 33, 35, 56]",[0],"{""median_norm"": 0.5149077713321566, ""mad"": 0.052153022135005306, ""k"": 2.0, ""num_accepted"": 9, ""safety_keep_used"": false, ""fallback_used"": false}"
186,apra,apra_hierarchical_cluster,"[50, 81, 62, 3, 74, 33, 35, 56]",[10],"{""best_k"": 2, ""best_score"": 0.6871577501296997, ""selected_cluster"": 0, ""cluster_scores"": {""0"": 4.115163803100586, ""1"": -1.0}, ""num_trusted"": 8, ""fallback_used"": false}"
186,apra,apra_trust_weighted_clip,"[50, 81, 62, 3, 74, 33, 35, 56]",[],"{""base_clip"": 1.0, ""trust_weights"": {""50"": 0.1428571492433548, ""81"": 0.0, ""62"": 0.1428571492433548, ""3"": 0.1428571492433548, ""74"": 0.1428571492433548, ""33"": 0.1428571492433548, ""35"": 0.1428571492433548, ""56"": 0.1428571492433548}, ""num_aggregated"": 8}"
187,apra,apra_mad_filter,"[2, 67, 0, 7, 1, 6, 38, 5]","[40, 33]","{""median_norm"": 0.5567815138047085, ""mad"": 0.046169959896652846, ""k"": 2.0, ""num_accepted"": 8, ""safety_keep_used"": false, ""fallback_used"": false}"
187,apra,apra_hierarchical_cluster,"[67, 7, 1, 6, 38, 5]","[2, 0]","{""best_k"": 3, ""best_score"": 0.5020236372947693, ""selected_cluster"": 0, ""cluster_scores"": {""0"": 2.516157627105713, ""1"": -1.0, ""2"": -1.0}, ""num_trusted"": 6, ""fallback_used"": false}"
187,apra,apra_trust_weighted_clip,"[67, 7, 1, 6, 38, 5]",[],"{""base_clip"": 1.0, ""trust_weights"": {""67"": 0.0, ""7"": 0.5, ""1"": 0.0, ""6"": 0.0, ""38"": 0.5, ""5"": 0.0}, ""num_aggregated"": 6}"
188,apra,apra_mad_filter,"[0, 38, 92, 53, 33, 46, 80, 60, 50, 68]",[],"{""median_norm"": 0.48305355992844395, ""mad"": 0.06979597388528139, ""k"": 2.0, ""num_accepted"": 10, ""safety_keep_used"": false, ""fallback_used"": false}"
188,apra,apra_hierarchical_cluster,"[38, 92, 53, 33, 46, 80, 60, 50, 68]",[0],"{""best_k"": 2, ""best_score"": 0.7388650178909302, ""selected_cluster"": 0, ""cluster_scores"": {""0"": 5.241143703460693, ""1"": -1.0}, ""num_trusted"": 9, ""fallback_used"": false}"
188,apra,apra_trust_weighted_clip,"[38, 92, 53, 33, 46, 80, 60, 50, 68]",[],"{""base_clip"": 1.0, ""trust_weights"": {""38"": 0.1428571492433548, ""92"": 0.1428571492433548, ""53"": 0.1428571492433548, ""33"": 0.1428571492433548, ""46"": 0.0, ""80"": 0.1428571492433548, ""60"": 0.1428571492433548, ""50"": 0.1428571492433548, ""68"": 0.0}, ""num_aggregated"": 9}"
189,apra,apra_mad_filter,"[1, 38, 94, 69, 57, 22, 53, 3]","[45, 47]","{""median_norm"": 0.5098133773852309, ""mad"": 0.042669927826505555, ""k"": 2.0, ""num_accepted"": 8, ""safety_keep_used"": false, ""fallback_used"": false}"
189,apra,apra_hierarchical_cluster,"[1, 38, 94, 57, 22, 53, 3]",[69],"{""best_k"": 2, ""best_score"": 0.5463144183158875, ""selected_cluster"": 0, ""cluster_scores"": {""0"": 3.8893589973449707, ""1"": -1.0}, ""num_trusted"": 7, ""fallback_used"": false}"
189,apra,apra_trust_weighted_clip,"[1, 38, 94, 57, 22, 53, 3]",[],"{""base_clip"": 1.0, ""trust_weights"": {""1"": 0.0, ""38"": 0.3082238435745239, ""94"": 0.3082238435745239, ""57"": 0.0, ""22"": 0.3082238435745239, ""53"": 0.0, ""3"": 0.07532844692468643}, ""num_aggregated"": 7}"
190,apra,apra_mad_filter,"[2, 71, 75, 78, 19, 37, 51, 55, 18, 41]",[],"{""median_norm"": 0.5280922536152552, ""mad"": 0.08223998241580399, ""k"": 2.0, ""num_accepted"": 10, ""safety_keep_used"": false, ""fallback_used"": false}"
190,apra,apra_hierarchical_cluster,"[71, 75, 51, 55]","[2, 78, 19, 37, 18, 41]","{""best_k"": 4, ""best_score"": 0.473471462726593, ""selected_cluster"": 0, ""cluster_scores"": {""0"": 3.487447738647461, ""1"": 1.8694157600402832, ""2"": 2.917034864425659, ""3"": -1.0}, ""num_trusted"": 4, ""fallback_used"": false}"
190,apra,apra_trust_weighted_clip,"[71, 75, 51, 55]",[],"{""base_clip"": 1.0, ""trust_weights"": {""71"": 0.34550347924232483, ""75"": 0.34550347924232483, ""51"": 0.0, ""55"": 0.30899301171302795}, ""num_aggregated"": 4}"
191,apra,apra_mad_filter,"[3, 55, 8, 11, 25, 68, 6, 90, 61, 78]",[],"{""median_norm"": 0.6265243959588201, ""mad"": 0.06373723739476705, ""k"": 2.0, ""num_accepted"": 10, ""safety_keep_used"": false, ""fallback_used"": false}"
191,apra,apra_hierarchical_cluster,"[3, 55, 11, 68, 6, 90, 61, 78]","[8, 25]","{""best_k"": 2, ""best_score"": 0.4948851466178894, ""selected_cluster"": 0, ""cluster_scores"": {""0"": 2.0915889739990234, ""1"": 1.9174113273620605}, ""num_trusted"": 8, ""fallback_used"": false}"
191,apra,apra_trust_weighted_clip,"[3, 55, 11, 68, 6, 90, 61, 78]",[],"{""base_clip"": 1.0, ""trust_weights"": {""3"": 0.18728747963905334, ""55"": 0.18728747963905334, ""11"": 0.0, ""68"": 0.06356261670589447, ""6"": 0.18728747963905334, ""90"": 0.18728747963905334, ""61"": 0.0, ""78"": 0.18728747963905334}, ""num_aggregated"": 8}"
192,apra,apra_mad_filter,"[2, 11, 12, 65, 15, 22, 86, 14, 50]",[95],"{""median_norm"": 0.4717459735710997, ""mad"": 0.05480622135760699, ""k"": 2.0, ""num_accepted"": 9, ""safety_keep_used"": false, ""fallback_used"": false}"
192,apra,apra_hierarchical_cluster,"[11, 12, 15, 22, 86, 14, 50]","[2, 65]","{""best_k"": 2, ""best_score"": 0.6618156433105469, ""selected_cluster"": 1, ""cluster_scores"": {""0"": 1.9490454196929932, ""1"": 5.254030704498291}, ""num_trusted"": 7, ""fallback_used"": false}"
192,apra,apra_trust_weighted_clip,"[11, 12, 15, 22, 86, 14, 50]",[],"{""base_clip"": 1.0, ""trust_weights"": {""11"": 0.0, ""12"": 0.13102605938911438, ""15"": 0.17379479110240936, ""22"": 0.17379479110240936, ""86"": 0.17379479110240936, ""14"": 0.17379479110240936, ""50"": 0.17379479110240936}, ""num_aggregated"": 7}"
193,apra,apra_mad_filter,"[2, 23, 85, 8, 72, 87, 16]","[88, 48, 73]","{""median_norm"": 0.5077320536139652, ""mad"": 0.05731337351343607, ""k"": 2.0, ""num_accepted"": 7, ""safety_keep_used"": false, ""fallback_used"": false}"
193,apra,apra_hierarchical_cluster,"[2, 23, 85, 72, 87, 16]",[8],"{""best_k"": 2, ""best_score"": 0.6510497331619263, ""selected_cluster"": 0, ""cluster_scores"": {""0"": 5.657293319702148, ""1"": -1.0}, ""num_trusted"": 6, ""fallback_used"": false}"
193,apra,apra_trust_weighted_clip,"[2, 23, 85, 72, 87, 16]",[],"{""base_clip"": 1.0, ""trust_weights"": {""2"": 0.20000000298023224, ""23"": 0.20000000298023224, ""85"": 0.0, ""72"": 0.20000000298023224, ""87"": 0.20000000298023224, ""16"": 0.20000000298023224}, ""num_aggregated"": 6}"
194,apra,apra_mad_filter,"[2, 78, 3, 40, 31, 14, 44, 57, 10, 64]",[],"{""median_norm"": 0.5829518512118093, ""mad"": 0.10852421296156889, ""k"": 2.0, ""num_accepted"": 10, ""safety_keep_used"": false, ""fallback_used"": false}"
194,apra,apra_hierarchical_cluster,"[2, 78, 3, 40, 31, 14, 44, 57, 64]",[10],"{""best_k"": 2, ""best_score"": 0.5132160782814026, ""selected_cluster"": 0, ""cluster_scores"": {""0"": 1.8695380687713623, ""1"": -1.0}, ""num_trusted"": 9, ""fallback_used"": false}"
194,apra,apra_trust_weighted_clip,"[2, 78, 3, 40, 31, 14, 44, 57, 64]",[],"{""base_clip"": 1.0, ""trust_weights"": {""2"": 0.0, ""78"": 0.18229518830776215, ""3"": 0.0, ""40"": 0.21180319786071777, ""31"": 0.0, ""14"": 0.21180319786071777, ""44"": 0.18229518830776215, ""57"": 0.21180319786071777, ""64"": 0.0}, ""num_aggregated"": 9}"
195,apra,apra_mad_filter,"[2, 10, 81, 56, 36, 62, 99, 93, 85]",[88],"{""median_norm"": 0.5497448931599562, ""mad"": 0.07696205078155341, ""k"": 2.0, ""num_accepted"": 9, ""safety_keep_used"": false, ""fallback_used"": false}"
195,apra,apra_hierarchical_cluster,"[2, 10, 81, 56, 36, 99, 93, 85]",[62],"{""best_k"": 2, ""best_score"": 0.5131956934928894, ""selected_cluster"": 0, ""cluster_scores"": {""0"": 6.828722953796387, ""1"": -1.0}, ""num_trusted"": 8, ""fallback_used"": false}"
195,apra,apra_trust_weighted_clip,"[2, 10, 81, 56, 36, 99, 93, 85]",[],"{""base_clip"": 1.0, ""trust_weights"": {""2"": 0.1428571492433548, ""10"": 0.0, ""81"": 0.1428571492433548, ""56"": 0.1428571492433548, ""36"": 0.1428571492433548, ""99"": 0.1428571492433548, ""93"": 0.1428571492433548, ""85"": 0.1428571492433548}, ""num_aggregated"": 8}"
196,apra,apra_mad_filter,"[3, 25, 99, 13, 81, 6, 30, 90]","[89, 21]","{""median_norm"": 0.4947538124924592, ""mad"": 0.030003888525096112, ""k"": 2.0, ""num_accepted"": 8, ""safety_keep_used"": false, ""fallback_used"": false}"
196,apra,apra_hierarchical_cluster,"[3, 6]","[25, 99, 13, 81, 30, 90]","{""best_k"": 4, ""best_score"": 0.3659213185310364, ""selected_cluster"": 1, ""cluster_scores"": {""0"": 1.4155356884002686, ""1"": 1.8695827722549438, ""2"": 1.8249790668487549, ""3"": -1.0}, ""num_trusted"": 2, ""fallback_used"": false}"
196,apra,apra_trust_weighted_clip,"[3, 6]",[],"{""base_clip"": 1.0, ""trust_weights"": {""3"": 0.5, ""6"": 0.5}, ""num_aggregated"": 2}"
197,apra,apra_mad_filter,"[1, 16, 75, 59, 61, 8, 21, 40]","[52, 47]","{""median_norm"": 0.5077844704580821, ""mad"": 0.053864733932448755, ""k"": 2.0, ""num_accepted"": 8, ""safety_keep_used"": false, ""fallback_used"": false}"
197,apra,apra_hierarchical_cluster,"[1, 16, 75, 61, 21, 40]","[59, 8]","{""best_k"": 3, ""best_score"": 0.5173183679580688, ""selected_cluster"": 0, ""cluster_scores"": {""0"": 2.937939167022705, ""1"": -1.0, ""2"": -1.0}, ""num_trusted"": 6, ""fallback_used"": false}"
197,apra,apra_trust_weighted_clip,"[1, 16, 75, 61, 21, 40]",[],"{""base_clip"": 1.0, ""trust_weights"": {""1"": 0.20000000298023224, ""16"": 0.20000000298023224, ""75"": 0.20000000298023224, ""61"": 0.20000000298023224, ""21"": 0.20000000298023224, ""40"": 0.0}, ""num_aggregated"": 6}"
198,apra,apra_mad_filter,"[3, 13, 53, 66, 33, 38, 36, 49, 76]",[54],"{""median_norm"": 0.5613697117375303, ""mad"": 0.05586204213342452, ""k"": 2.0, ""num_accepted"": 9, ""safety_keep_used"": false, ""fallback_used"": false}"
198,apra,apra_hierarchical_cluster,"[3, 53, 33, 38, 76]","[13, 66, 36, 49]","{""best_k"": 4, ""best_score"": 0.5458199977874756, ""selected_cluster"": 0, ""cluster_scores"": {""0"": 3.555532455444336, ""1"": 1.9824764728546143, ""2"": -1.0, ""3"": -1.0}, ""num_trusted"": 5, ""fallback_used"": false}"
198,apra,apra_trust_weighted_clip,"[3, 53, 33, 38, 76]",[],"{""base_clip"": 1.0, ""trust_weights"": {""3"": 0.25, ""53"": 0.0, ""33"": 0.25, ""38"": 0.25, ""76"": 0.25}, ""num_aggregated"": 5}"
199,apra,apra_mad_filter,"[2, 47, 98, 83, 65, 78, 24, 33, 40]",[88],"{""median_norm"": 0.6201407053141443, ""mad"": 0.0639680714299784, ""k"": 2.0, ""num_accepted"": 9, ""safety_keep_used"": false, ""fallback_used"": false}"
199,apra,apra_hierarchical_cluster,"[2, 98, 83, 65, 78, 24, 33, 40]",[47],"{""best_k"": 2, ""best_score"": 0.6905112862586975, ""selected_cluster"": 0, ""cluster_scores"": {""0"": 7.02067756652832, ""1"": -1.0}, ""num_trusted"": 8, ""fallback_used"": false}"
199,apra,apra_trust_weighted_clip,"[2, 98, 83, 65, 78, 24, 33, 40]",[],"{""base_clip"": 1.0, ""trust_weights"": {""2"": 0.1428571492433548, ""98"": 0.1428571492433548, ""83"": 0.1428571492433548, ""65"": 0.1428571492433548, ""78"": 0.1428571492433548, ""24"": 0.0, ""33"": 0.1428571492433548, ""40"": 0.1428571492433548}, ""num_aggregated"": 8}"
200,apra,apra_mad_filter,"[0, 86, 70, 24, 66, 99, 9, 12, 31]",[30],"{""median_norm"": 0.5344356412933498, ""mad"": 0.06196073865454324, ""k"": 2.0, ""num_accepted"": 9, ""safety_keep_used"": false, ""fallback_used"": false}"
200,apra,apra_hierarchical_cluster,"[86, 70, 24, 66, 99, 9, 12]","[0, 31]","{""best_k"": 3, ""best_score"": 0.6990651488304138, ""selected_cluster"": 0, ""cluster_scores"": {""0"": 6.351800441741943, ""1"": -1.0, ""2"": -1.0}, ""num_trusted"": 7, ""fallback_used"": false}"
200,apra,apra_trust_weighted_clip,"[86, 70, 24, 66, 99, 9, 12]",[],"{""base_clip"": 1.0, ""trust_weights"": {""86"": 0.07083351165056229, ""70"": 0.22153228521347046, ""24"": 0.04303736984729767, ""66"": 0.22153228521347046, ""99"": 0.0, ""9"": 0.22153228521347046, ""12"": 0.22153228521347046}, ""num_aggregated"": 7}"
201,apra,apra_mad_filter,"[3, 81, 35, 96, 36, 99, 64, 92]","[17, 88]","{""median_norm"": 0.5426427883234612, ""mad"": 0.08153578995022986, ""k"": 2.0, ""num_accepted"": 8, ""safety_keep_used"": false, ""fallback_used"": false}"
201,apra,apra_hierarchical_cluster,"[3, 81, 36, 64, 92]","[35, 96, 99]","{""best_k"": 3, ""best_score"": 0.4190056324005127, ""selected_cluster"": 1, ""cluster_scores"": {""0"": 1.835953950881958, ""1"": 4.9604644775390625, ""2"": -1.0}, ""num_trusted"": 5, ""fallback_used"": false}"
201,apra,apra_trust_weighted_clip,"[3, 81, 36, 64, 92]",[],"{""base_clip"": 1.0, ""trust_weights"": {""3"": 0.054464150220155716, ""81"": 0.0, ""36"": 0.0, ""64"": 0.4727679193019867, ""92"": 0.4727679193019867}, ""num_aggregated"": 5}"
202,apra,apra_mad_filter,"[4, 91, 21, 75, 59, 96, 92, 42, 74, 12]",[],"{""median_norm"": 0.5387043089092275, ""mad"": 0.14822936401743944, ""k"": 2.0, ""num_accepted"": 10, ""safety_keep_used"": false, ""fallback_used"": false}"
202,apra,apra_hierarchical_cluster,"[91, 21, 92, 74, 12]","[4, 75, 59, 96, 42]","{""best_k"": 3, ""best_score"": 0.45101410150527954, ""selected_cluster"": 2, ""cluster_scores"": {""0"": 1.3111073970794678, ""1"": 2.104887008666992, ""2"": 4.867673873901367}, ""num_trusted"": 5, ""fallback_used"": false}"
202,apra,apra_trust_weighted_clip,"[91, 21, 92, 74, 12]",[],"{""base_clip"": 1.0, ""trust_weights"": {""91"": 0.25, ""21"": 0.25, ""92"": 0.25, ""74"": 0.25, ""12"": 0.0}, ""num_aggregated"": 5}"
203,apra,apra_mad_filter,"[2, 39, 68, 74, 40, 3, 50, 44]","[0, 85]","{""median_norm"": 0.4792070431883086, ""mad"": 0.04534587537638338, ""k"": 2.0, ""num_accepted"": 8, ""safety_keep_used"": false, ""fallback_used"": false}"
203,apra,apra_hierarchical_cluster,"[39, 68, 74, 40, 3, 50, 44]",[2],"{""best_k"": 2, ""best_score"": 0.5625933408737183, ""selected_cluster"": 0, ""cluster_scores"": {""0"": 2.7461326122283936, ""1"": -1.0}, ""num_trusted"": 7, ""fallback_used"": false}"
203,apra,apra_trust_weighted_clip,"[39, 68, 74, 40, 3, 50, 44]",[],"{""base_clip"": 1.0, ""trust_weights"": {""39"": 0.11282866448163986, ""68"": 0.09386929124593735, ""74"": 0.26443400979042053, ""40"": 0.0, ""3"": 0.26443400979042053, ""50"": 0.26443400979042053, ""44"": 0.0}, ""num_aggregated"": 7}"
204,apra,apra_mad_filter,"[4, 33, 52, 75, 20, 83, 96, 38, 72]",[31],"{""median_norm"": 0.6369929967231012, ""mad"": 0.15655574703721734, ""k"": 2.0, ""num_accepted"": 9, ""safety_keep_used"": false, ""fallback_used"": false}"
204,apra,apra_hierarchical_cluster,"[4, 33, 52, 75, 20, 83, 38, 72]",[96],"{""best_k"": 2, ""best_score"": 0.46711280941963196, ""selected_cluster"": 0, ""cluster_scores"": {""0"": 3.817387342453003, ""1"": -1.0}, ""num_trusted"": 8, ""fallback_used"": false}"
204,apra,apra_trust_weighted_clip,"[4, 33, 52, 75, 20, 83, 38, 72]",[],"{""base_clip"": 1.0, ""trust_weights"": {""4"": 0.0, ""33"": 0.1666666716337204, ""52"": 0.1666666716337204, ""75"": 0.1666666716337204, ""20"": 0.0, ""83"": 0.1666666716337204, ""38"": 0.1666666716337204, ""72"": 0.1666666716337204}, ""num_aggregated"": 8}"
205,apra,apra_mad_filter,"[4, 64, 72, 2, 83, 62, 86]","[97, 32, 51]","{""median_norm"": 0.49025720054393973, ""mad"": 0.08302085655745764, ""k"": 2.0, ""num_accepted"": 7, ""safety_keep_used"": false, ""fallback_used"": false}"
205,apra,apra_hierarchical_cluster,"[4, 64, 72, 83, 62, 86]",[2],"{""best_k"": 2, ""best_score"": 0.44171589612960815, ""selected_cluster"": 0, ""cluster_scores"": {""0"": 2.533921957015991, ""1"": -1.0}, ""num_trusted"": 6, ""fallback_used"": false}"
205,apra,apra_trust_weighted_clip,"[4, 64, 72, 83, 62, 86]",[],"{""base_clip"": 1.0, ""trust_weights"": {""4"": 0.23072123527526855, ""64"": 0.0, ""72"": 0.0, ""83"": 0.23072123527526855, ""62"": 0.26927876472473145, ""86"": 0.26927876472473145}, ""num_aggregated"": 6}"
206,apra,apra_mad_filter,"[3, 33, 74, 61, 27, 58, 68, 6, 42]",[54],"{""median_norm"": 0.547827088737927, ""mad"": 0.061296925468225905, ""k"": 2.0, ""num_accepted"": 9, ""safety_keep_used"": false, ""fallback_used"": false}"
206,apra,apra_hierarchical_cluster,"[3, 33, 74, 61, 27, 58, 68, 6]",[42],"{""best_k"": 2, ""best_score"": 0.6206340789794922, ""selected_cluster"": 0, ""cluster_scores"": {""0"": 4.849496841430664, ""1"": -1.0}, ""num_trusted"": 8, ""fallback_used"": false}"
206,apra,apra_trust_weighted_clip,"[3, 33, 74, 61, 27, 58, 68, 6]",[],"{""base_clip"": 1.0, ""trust_weights"": {""3"": 0.1604703813791275, ""33"": 0.1604703813791275, ""74"": 0.1604703813791275, ""61"": 0.1604703813791275, ""27"": 0.1195061132311821, ""58"": 0.0781419575214386, ""68"": 0.0, ""6"": 0.1604703813791275}, ""num_aggregated"": 8}"
207,apra,apra_mad_filter,"[1, 36, 19, 15, 73, 13, 69, 59]","[45, 16]","{""median_norm"": 0.5894036633560351, ""mad"": 0.05260313567349423, ""k"": 2.0, ""num_accepted"": 8, ""safety_keep_used"": false, ""fallback_used"": false}"
207,apra,apra_hierarchical_cluster,"[1, 36, 19, 15, 13, 69, 59]",[73],"{""best_k"": 2, ""best_score"": 0.5918567180633545, ""selected_cluster"": 0, ""cluster_scores"": {""0"": 1.1348891258239746, ""1"": -1.0}, ""num_trusted"": 7, ""fallback_used"": false}"
207,apra,apra_trust_weighted_clip,"[1, 36, 19, 15, 13, 69, 59]",[],"{""base_clip"": 1.0, ""trust_weights"": {""1"": 0.1666666716337204, ""36"": 0.1666666716337204, ""19"": 0.1666666716337204, ""15"": 0.1666666716337204, ""13"": 0.0, ""69"": 0.1666666716337204, ""59"": 0.1666666716337204}, ""num_aggregated"": 7}"
208,apra,apra_mad_filter,"[3, 69, 74, 58, 40, 59, 55]","[17, 57, 56]","{""median_norm"": 0.49285559377395993, ""mad"": 0.03276334498012318, ""k"": 2.0, ""num_accepted"": 7, ""safety_keep_used"": false, ""fallback_used"": false}"
208,apra,apra_hierarchical_cluster,"[3, 74, 58, 40, 59, 55]",[69],"{""best_k"": 2, ""best_score"": 0.450885146856308, ""selected_cluster"": 0, ""cluster_scores"": {""0"": 0.7836350798606873, ""1"": -1.0}, ""num_trusted"": 6, ""fallback_used"": false}"
208,apra,apra_trust_weighted_clip,"[3, 74, 58, 40, 59, 55]",[],"{""base_clip"": 1.0, ""trust_weights"": {""3"": 0.2654511034488678, ""74"": 0.0, ""58"": 0.2345488965511322, ""40"": 0.2345488965511322, ""59"": 0.2654511034488678, ""55"": 0.0}, ""num_aggregated"": 6}"
209,apra,apra_mad_filter,"[3, 97, 8, 89, 79, 11, 76, 16, 77, 25]",[],"{""median_norm"": 0.649324638020407, ""mad"": 0.11137308902113663, ""k"": 2.0, ""num_accepted"": 10, ""safety_keep_used"": false, ""fallback_used"": false}"
209,apra,apra_hierarchical_cluster,"[3, 89, 79, 11, 76, 16, 77]","[97, 8, 25]","{""best_k"": 3, ""best_score"": 0.5946806073188782, ""selected_cluster"": 0, ""cluster_scores"": {""0"": 4.8033857345581055, ""1"": 1.9213762283325195, ""2"": -1.0}, ""num_trusted"": 7, ""fallback_used"": false}"
209,apra,apra_trust_weighted_clip,"[3, 89, 79, 11, 76, 16, 77]",[],"{""base_clip"": 1.0, ""trust_weights"": {""3"": 0.1666666716337204, ""89"": 0.1666666716337204, ""79"": 0.1666666716337204, ""11"": 0.0, ""76"": 0.1666666716337204, ""16"": 0.1666666716337204, ""77"": 0.1666666716337204}, ""num_aggregated"": 7}"
210,apra,apra_mad_filter,"[2, 21, 49, 33, 74, 85, 84, 79]","[17, 44]","{""median_norm"": 0.4851943746621292, ""mad"": 0.08598740890761633, ""k"": 2.0, ""num_accepted"": 8, ""safety_keep_used"": false, ""fallback_used"": false}"
210,apra,apra_hierarchical_cluster,"[21, 49, 33, 74, 85, 84, 79]",[2],"{""best_k"": 2, ""best_score"": 0.5283741354942322, ""selected_cluster"": 0, ""cluster_scores"": {""0"": 2.16516375541687, ""1"": -1.0}, ""num_trusted"": 7, ""fallback_used"": false}"
210,apra,apra_trust_weighted_clip,"[21, 49, 33, 74, 85, 84, 79]",[],"{""base_clip"": 1.0, ""trust_weights"": {""21"": 0.21517981588840485, ""49"": 0.0, ""33"": 0.16960440576076508, ""74"": 0.21517981588840485, ""85"": 0.18485617637634277, ""84"": 0.0, ""79"": 0.21517981588840485}, ""num_aggregated"": 7}"
211,apra,apra_mad_filter,"[1, 15, 58, 56, 75, 64, 2, 68]","[46, 54]","{""median_norm"": 0.4711516896918443, ""mad"": 0.04550637399880847, ""k"": 2.0, ""num_accepted"": 8, ""safety_keep_used"": false, ""fallback_used"": false}"
211,apra,apra_hierarchical_cluster,"[1, 15, 58, 56, 75, 64, 68]",[2],"{""best_k"": 2, ""best_score"": 0.4021393656730652, ""selected_cluster"": 0, ""cluster_scores"": {""0"": 4.654584884643555, ""1"": -1.0}, ""num_trusted"": 7, ""fallback_used"": false}"
211,apra,apra_trust_weighted_clip,"[1, 15, 58, 56, 75, 64, 68]",[],"{""base_clip"": 1.0, ""trust_weights"": {""1"": 0.1666666716337204, ""15"": 0.0, ""58"": 0.1666666716337204, ""56"": 0.1666666716337204, ""75"": 0.1666666716337204, ""64"": 0.1666666716337204, ""68"": 0.1666666716337204}, ""num_aggregated"": 7}"
212,apra,apra_mad_filter,"[3, 41, 74, 15, 4, 81, 48, 84, 56, 94]",[],"{""median_norm"": 0.5756991251655932, ""mad"": 0.0919683211380651, ""k"": 2.0, ""num_accepted"": 10, ""safety_keep_used"": false, ""fallback_used"": false}"
212,apra,apra_hierarchical_cluster,"[3, 74, 15, 4, 81, 84, 56, 94]","[41, 48]","{""best_k"": 3, ""best_score"": 0.7066454291343689, ""selected_cluster"": 0, ""cluster_scores"": {""0"": 5.98243522644043, ""1"": -1.0, ""2"": -1.0}, ""num_trusted"": 8, ""fallback_used"": false}"
212,apra,apra_trust_weighted_clip,"[3, 74, 15, 4, 81, 84, 56, 94]",[],"{""base_clip"": 1.0, ""trust_weights"": {""3"": 0.1437351107597351, ""74"": 0.1437351107597351, ""15"": 0.1375892609357834, ""4"": 0.1437351107597351, ""81"": 0.1437351107597351, ""84"": 0.1437351107597351, ""56"": 0.0, ""94"": 0.1437351107597351}, ""num_aggregated"": 8}"
213,apra,apra_mad_filter,"[1, 94, 76, 86, 63, 6, 85, 39]","[84, 54]","{""median_norm"": 0.47683567070014626, ""mad"": 0.03460217520355524, ""k"": 2.0, ""num_accepted"": 8, ""safety_keep_used"": false, ""fallback_used"": false}"
213,apra,apra_hierarchical_cluster,"[1, 94, 76, 86, 63, 6, 39]",[85],"{""best_k"": 2, ""best_score"": 0.6250870227813721, ""selected_cluster"": 0, ""cluster_scores"": {""0"": 5.898982524871826, ""1"": -1.0}, ""num_trusted"": 7, ""fallback_used"": false}"
213,apra,apra_trust_weighted_clip,"[1, 94, 76, 86, 63, 6, 39]",[],"{""base_clip"": 1.0, ""trust_weights"": {""1"": 0.16763761639595032, ""94"": 0.16763761639595032, ""76"": 0.16181187331676483, ""86"": 0.16763761639595032, ""63"": 0.16763761639595032, ""6"": 0.16763761639595032, ""39"": 0.0}, ""num_aggregated"": 7}"
214,apra,apra_mad_filter,"[2, 58, 15, 35, 46, 60, 8, 18]","[62, 5]","{""median_norm"": 0.611654928244399, ""mad"": 0.03388568430306954, ""k"": 2.0, ""num_accepted"": 8, ""safety_keep_used"": false, ""fallback_used"": false}"
214,apra,apra_hierarchical_cluster,"[2, 58, 15, 35, 60, 8, 18]",[46],"{""best_k"": 2, ""best_score"": 0.48412925004959106, ""selected_cluster"": 0, ""cluster_scores"": {""0"": 3.689606189727783, ""1"": -1.0}, ""num_trusted"": 7, ""fallback_used"": false}"
214,apra,apra_trust_weighted_clip,"[2, 58, 15, 35, 60, 8, 18]",[],"{""base_clip"": 1.0, ""trust_weights"": {""2"": 0.17000386118888855, ""58"": 0.17000386118888855, ""15"": 0.17000386118888855, ""35"": 0.14998072385787964, ""60"": 0.17000386118888855, ""8"": 0.0, ""18"": 0.17000386118888855}, ""num_aggregated"": 7}"
215,apra,apra_mad_filter,"[2, 3, 90, 11, 48, 37, 33, 80]","[96, 47]","{""median_norm"": 0.48200605725695983, ""mad"": 0.03673301868764836, ""k"": 2.0, ""num_accepted"": 8, ""safety_keep_used"": false, ""fallback_used"": false}"
215,apra,apra_hierarchical_cluster,"[2, 3, 90, 11, 37, 33, 80]",[48],"{""best_k"": 2, ""best_score"": 0.6919634342193604, ""selected_cluster"": 0, ""cluster_scores"": {""0"": 3.975958824157715, ""1"": -1.0}, ""num_trusted"": 7, ""fallback_used"": false}"
215,apra,apra_trust_weighted_clip,"[2, 3, 90, 11, 37, 33, 80]",[],"{""base_clip"": 1.0, ""trust_weights"": {""2"": 0.0, ""3"": 0.1666666716337204, ""90"": 0.1666666716337204, ""11"": 0.1666666716337204, ""37"": 0.1666666716337204, ""33"": 0.1666666716337204, ""80"": 0.1666666716337204}, ""num_aggregated"": 7}"
216,apra,apra_mad_filter,"[2, 5, 82, 80, 89, 69, 42, 59, 48]",[17],"{""median_norm"": 0.5442899112359553, ""mad"": 0.042412778754777725, ""k"": 2.0, ""num_accepted"": 9, ""safety_keep_used"": false, ""fallback_used"": false}"
216,apra,apra_hierarchical_cluster,"[2, 5, 82, 80, 89, 69, 42, 59]",[48],"{""best_k"": 2, ""best_score"": 0.5340418815612793, ""selected_cluster"": 0, ""cluster_scores"": {""0"": 1.4647685289382935, ""1"": -1.0}, ""num_trusted"": 8, ""fallback_used"": false}"
216,apra,apra_trust_weighted_clip,"[2, 5, 82, 80, 89, 69, 42, 59]",[],"{""base_clip"": 1.0, ""trust_weights"": {""2"": 0.1428571492433548, ""5"": 0.1428571492433548, ""82"": 0.1428571492433548, ""80"": 0.1428571492433548, ""89"": 0.1428571492433548, ""69"": 0.1428571492433548, ""42"": 0.0, ""59"": 0.1428571492433548}, ""num_aggregated"": 8}"
217,apra,apra_mad_filter,"[3, 81, 28, 63, 34, 35, 96, 71, 46, 44]",[],"{""median_norm"": 0.6391624393456645, ""mad"": 0.0553198367435665, ""k"": 2.0, ""num_accepted"": 10, ""safety_keep_used"": false, ""fallback_used"": false}"
217,apra,apra_hierarchical_cluster,"[3, 28, 63, 34, 35, 46, 44]","[81, 96, 71]","{""best_k"": 2, ""best_score"": 0.4129636883735657, ""selected_cluster"": 1, ""cluster_scores"": {""0"": 1.8992632627487183, ""1"": 2.7651970386505127}, ""num_trusted"": 7, ""fallback_used"": false}"
217,apra,apra_trust_weighted_clip,"[3, 28, 63, 34, 35, 46, 44]",[],"{""base_clip"": 1.0, ""trust_weights"": {""3"": 0.25, ""28"": 0.25, ""63"": 0.0, ""34"": 0.0, ""35"": 0.25, ""46"": 0.25, ""44"": 0.0}, ""num_aggregated"": 7}"
218,apra,apra_mad_filter,"[2, 91, 86, 84, 61, 50, 97, 87, 53, 27]",[],"{""median_norm"": 0.4417808415517927, ""mad"": 0.06058005308134823, ""k"": 2.0, ""num_accepted"": 10, ""safety_keep_used"": false, ""fallback_used"": false}"
218,apra,apra_hierarchical_cluster,"[2, 91, 86, 61, 50, 87, 53]","[84, 97, 27]","{""best_k"": 3, ""best_score"": 0.43963342905044556, ""selected_cluster"": 0, ""cluster_scores"": {""0"": 3.0675911903381348, ""1"": 1.6431248188018799, ""2"": -1.0}, ""num_trusted"": 7, ""fallback_used"": false}"
218,apra,apra_trust_weighted_clip,"[2, 91, 86, 61, 50, 87, 53]",[],"{""base_clip"": 1.0, ""trust_weights"": {""2"": 0.09651277959346771, ""91"": 0.18069744110107422, ""86"": 0.0, ""61"": 0.18069744110107422, ""50"": 0.18069744110107422, ""87"": 0.18069744110107422, ""53"": 0.18069744110107422}, ""num_aggregated"": 7}"
219,apra,apra_mad_filter,"[1, 44, 89, 35, 24, 0, 91, 43, 4, 73]",[],"{""median_norm"": 0.665458176766105, ""mad"": 0.13151330145869794, ""k"": 2.0, ""num_accepted"": 10, ""safety_keep_used"": false, ""fallback_used"": false}"
219,apra,apra_hierarchical_cluster,"[1, 44, 89, 35, 24, 91, 43, 4]","[0, 73]","{""best_k"": 3, ""best_score"": 0.6238652467727661, ""selected_cluster"": 0, ""cluster_scores"": {""0"": 4.662327289581299, ""1"": -1.0, ""2"": -1.0}, ""num_trusted"": 8, ""fallback_used"": false}"
219,apra,apra_trust_weighted_clip,"[1, 44, 89, 35, 24, 91, 43, 4]",[],"{""base_clip"": 1.0, ""trust_weights"": {""1"": 0.1511700451374054, ""44"": 0.0, ""89"": 0.1511700451374054, ""35"": 0.1511700451374054, ""24"": 0.09297972917556763, ""91"": 0.1511700451374054, ""43"": 0.1511700451374054, ""4"": 0.1511700451374054}, ""num_aggregated"": 8}"
220,apra,apra_mad_filter,"[2, 28, 1, 58, 21, 61, 94, 17, 68]",[88],"{""median_norm"": 0.47490638316003764, ""mad"": 0.06534715240796646, ""k"": 2.0, ""num_accepted"": 9, ""safety_keep_used"": false, ""fallback_used"": false}"
220,apra,apra_hierarchical_cluster,"[2, 28, 1, 58, 21, 61, 94, 17]",[68],"{""best_k"": 2, ""best_score"": 0.49839523434638977, ""selected_cluster"": 0, ""cluster_scores"": {""0"": 5.136075496673584, ""1"": -1.0}, ""num_trusted"": 8, ""fallback_used"": false}"
220,apra,apra_trust_weighted_clip,"[2, 28, 1, 58, 21, 61, 94, 17]",[],"{""base_clip"": 1.0, ""trust_weights"": {""2"": 0.0, ""28"": 0.1428571492433548, ""1"": 0.1428571492433548, ""58"": 0.1428571492433548, ""21"": 0.1428571492433548, ""61"": 0.1428571492433548, ""94"": 0.1428571492433548, ""17"": 0.1428571492433548}, ""num_aggregated"": 8}"
221,apra,apra_mad_filter,"[1, 61, 50, 74, 42, 87, 65, 72, 64, 8]",[],"{""median_norm"": 0.4589381700449159, ""mad"": 0.051824298356122345, ""k"": 2.0, ""num_accepted"": 10, ""safety_keep_used"": false, ""fallback_used"": false}"
221,apra,apra_hierarchical_cluster,"[1, 61, 50, 74, 42, 87, 65, 72, 64]",[8],"{""best_k"": 2, ""best_score"": 0.633489727973938, ""selected_cluster"": 0, ""cluster_scores"": {""0"": 3.3421244621276855, ""1"": -1.0}, ""num_trusted"": 9, ""fallback_used"": false}"
221,apra,apra_trust_weighted_clip,"[1, 61, 50, 74, 42, 87, 65, 72, 64]",[],"{""base_clip"": 1.0, ""trust_weights"": {""1"": 0.1428571492433548, ""61"": 0.1428571492433548, ""50"": 0.1428571492433548, ""74"": 0.1428571492433548, ""42"": 0.0, ""87"": 0.1428571492433548, ""65"": 0.0, ""72"": 0.1428571492433548, ""64"": 0.1428571492433548}, ""num_aggregated"": 9}"
222,apra,apra_mad_filter,"[4, 75, 35, 21, 95, 83, 55, 2]","[52, 31]","{""median_norm"": 0.5242387575875629, ""mad"": 0.06692911512887359, ""k"": 2.0, ""num_accepted"": 8, ""safety_keep_used"": false, ""fallback_used"": false}"
222,apra,apra_hierarchical_cluster,"[4, 75, 35, 21, 83, 55, 2]",[95],"{""best_k"": 2, ""best_score"": 0.6657858490943909, ""selected_cluster"": 0, ""cluster_scores"": {""0"": 2.0340659618377686, ""1"": -1.0}, ""num_trusted"": 7, ""fallback_used"": false}"
222,apra,apra_trust_weighted_clip,"[4, 75, 35, 21, 83, 55, 2]",[],"{""base_clip"": 1.0, ""trust_weights"": {""4"": 0.1666666716337204, ""75"": 0.1666666716337204, ""35"": 0.1666666716337204, ""21"": 0.1666666716337204, ""83"": 0.1666666716337204, ""55"": 0.1666666716337204, ""2"": 0.0}, ""num_aggregated"": 7}"
223,apra,apra_mad_filter,"[3, 55, 79, 70, 82, 24, 60, 56]","[4, 88]","{""median_norm"": 0.5169389072607395, ""mad"": 0.043147533384796516, ""k"": 2.0, ""num_accepted"": 8, ""safety_keep_used"": false, ""fallback_used"": false}"
223,apra,apra_hierarchical_cluster,"[3, 55, 79, 70, 24, 60, 56]",[82],"{""best_k"": 2, ""best_score"": 0.4125322103500366, ""selected_cluster"": 0, ""cluster_scores"": {""0"": 4.962838649749756, ""1"": -1.0}, ""num_trusted"": 7, ""fallback_used"": false}"
223,apra,apra_trust_weighted_clip,"[3, 55, 79, 70, 24, 60, 56]",[],"{""base_clip"": 1.0, ""trust_weights"": {""3"": 0.1666666716337204, ""55"": 0.1666666716337204, ""79"": 0.1666666716337204, ""70"": 0.1666666716337204, ""24"": 0.1666666716337204, ""60"": 0.1666666716337204, ""56"": 0.0}, ""num_aggregated"": 7}"
224,apra,apra_mad_filter,"[34, 70, 23, 83, 99, 77, 37, 26, 89]",[2],"{""median_norm"": 0.4720290545861247, ""mad"": 0.029362439223432152, ""k"": 2.0, ""num_accepted"": 9, ""safety_keep_used"": false, ""fallback_used"": false}"
224,apra,apra_hierarchical_cluster,"[34, 70, 23, 83, 77, 37, 26, 89]",[99],"{""best_k"": 2, ""best_score"": 0.526322066783905, ""selected_cluster"": 0, ""cluster_scores"": {""0"": 2.2065792083740234, ""1"": -1.0}, ""num_trusted"": 8, ""fallback_used"": false}"
224,apra,apra_trust_weighted_clip,"[34, 70, 23, 83, 77, 37, 26, 89]",[],"{""base_clip"": 1.0, ""trust_weights"": {""34"": 0.1428571492433548, ""70"": 0.0, ""23"": 0.1428571492433548, ""83"": 0.1428571492433548, ""77"": 0.1428571492433548, ""37"": 0.1428571492433548, ""26"": 0.1428571492433548, ""89"": 0.1428571492433548}, ""num_aggregated"": 8}"
225,apra,apra_mad_filter,"[2, 6, 8, 62, 78, 51, 14, 56, 46, 29]",[],"{""median_norm"": 0.44751564694038903, ""mad"": 0.052873714679688794, ""k"": 2.0, ""num_accepted"": 10, ""safety_keep_used"": false, ""fallback_used"": false}"
225,apra,apra_hierarchical_cluster,"[2, 6, 8, 62, 78, 14, 56, 46, 29]",[51],"{""best_k"": 2, ""best_score"": 0.5759919285774231, ""selected_cluster"": 0, ""cluster_scores"": {""0"": 2.2746522426605225, ""1"": -1.0}, ""num_trusted"": 9, ""fallback_used"": false}"
225,apra,apra_trust_weighted_clip,"[2, 6, 8, 62, 78, 14, 56, 46, 29]",[],"{""base_clip"": 1.0, ""trust_weights"": {""2"": 0.1666666716337204, ""6"": 0.1666666716337204, ""8"": 0.0, ""62"": 0.0, ""78"": 0.1666666716337204, ""14"": 0.0, ""56"": 0.1666666716337204, ""46"": 0.1666666716337204, ""29"": 0.1666666716337204}, ""num_aggregated"": 9}"
226,apra,apra_mad_filter,"[3, 64, 60, 68, 18, 36, 63, 14]","[88, 33]","{""median_norm"": 0.4903086499910127, ""mad"": 0.04279876005984454, ""k"": 2.0, ""num_accepted"": 8, ""safety_keep_used"": false, ""fallback_used"": false}"
226,apra,apra_hierarchical_cluster,"[3, 64, 60, 68, 18, 63, 14]",[36],"{""best_k"": 2, ""best_score"": 0.6546274423599243, ""selected_cluster"": 0, ""cluster_scores"": {""0"": 6.271714210510254, ""1"": -1.0}, ""num_trusted"": 7, ""fallback_used"": false}"
226,apra,apra_trust_weighted_clip,"[3, 64, 60, 68, 18, 63, 14]",[],"{""base_clip"": 1.0, ""trust_weights"": {""3"": 0.1666666716337204, ""64"": 0.1666666716337204, ""60"": 0.1666666716337204, ""68"": 0.0, ""18"": 0.1666666716337204, ""63"": 0.1666666716337204, ""14"": 0.1666666716337204}, ""num_aggregated"": 7}"
227,apra,apra_mad_filter,"[3, 37, 73, 9, 76, 15, 50, 25, 55]",[88],"{""median_norm"": 0.528513218992995, ""mad"": 0.11156889228532796, ""k"": 2.0, ""num_accepted"": 9, ""safety_keep_used"": false, ""fallback_used"": false}"
227,apra,apra_hierarchical_cluster,"[3, 37, 9, 76, 15, 50, 25, 55]",[73],"{""best_k"": 2, ""best_score"": 0.7061753273010254, ""selected_cluster"": 0, ""cluster_scores"": {""0"": 6.313584804534912, ""1"": -1.0}, ""num_trusted"": 8, ""fallback_used"": false}"
227,apra,apra_trust_weighted_clip,"[3, 37, 9, 76, 15, 50, 25, 55]",[],"{""base_clip"": 1.0, ""trust_weights"": {""3"": 0.14512275159358978, ""37"": 0.14512275159358978, ""9"": 0.14512275159358978, ""76"": 0.14512275159358978, ""15"": 0.12926346063613892, ""50"": 0.14512275159358978, ""25"": 0.0, ""55"": 0.14512275159358978}, ""num_aggregated"": 8}"
228,apra,apra_mad_filter,"[4, 43, 2, 61, 23, 44, 78, 45, 5]",[88],"{""median_norm"": 0.5993588520879637, ""mad"": 0.10956624024908909, ""k"": 2.0, ""num_accepted"": 9, ""safety_keep_used"": false, ""fallback_used"": false}"
228,apra,apra_hierarchical_cluster,"[43, 2, 61, 23, 44, 78, 45, 5]",[4],"{""best_k"": 2, ""best_score"": 0.8402865529060364, ""selected_cluster"": 0, ""cluster_scores"": {""0"": 7.9046406745910645, ""1"": -1.0}, ""num_trusted"": 8, ""fallback_used"": false}"
228,apra,apra_trust_weighted_clip,"[43, 2, 61, 23, 44, 78, 45, 5]",[],"{""base_clip"": 1.0, ""trust_weights"": {""43"": 0.14396291971206665, ""2"": 0.14396291971206665, ""61"": 0.14396291971206665, ""23"": 0.13622243702411652, ""44"": 0.0, ""78"": 0.14396291971206665, ""45"": 0.14396291971206665, ""5"": 0.14396291971206665}, ""num_aggregated"": 8}"
229,apra,apra_mad_filter,"[50, 78, 10, 45, 55, 79, 61, 68]","[0, 8]","{""median_norm"": 0.5108668439287456, ""mad"": 0.057437399589854415, ""k"": 2.0, ""num_accepted"": 8, ""safety_keep_used"": false, ""fallback_used"": false}"
229,apra,apra_hierarchical_cluster,"[50, 78, 45, 55, 79, 61, 68]",[10],"{""best_k"": 2, ""best_score"": 0.7405992150306702, ""selected_cluster"": 0, ""cluster_scores"": {""0"": 4.759140968322754, ""1"": -1.0}, ""num_trusted"": 7, ""fallback_used"": false}"
229,apra,apra_trust_weighted_clip,"[50, 78, 45, 55, 79, 61, 68]",[],"{""base_clip"": 1.0, ""trust_weights"": {""50"": 0.1666666716337204, ""78"": 0.1666666716337204, ""45"": 0.1666666716337204, ""55"": 0.0, ""79"": 0.1666666716337204, ""61"": 0.1666666716337204, ""68"": 0.1666666716337204}, ""num_aggregated"": 7}"
230,apra,apra_mad_filter,"[3, 66, 27, 62, 86, 6, 2]","[80, 19, 7]","{""median_norm"": 0.5526910056982928, ""mad"": 0.04131293336874986, ""k"": 2.0, ""num_accepted"": 7, ""safety_keep_used"": false, ""fallback_used"": false}"
230,apra,apra_hierarchical_cluster,"[3, 62, 86, 6, 2]","[66, 27]","{""best_k"": 2, ""best_score"": 0.49049562215805054, ""selected_cluster"": 0, ""cluster_scores"": {""0"": 1.9566550254821777, ""1"": 1.8733386993408203}, ""num_trusted"": 5, ""fallback_used"": false}"
230,apra,apra_trust_weighted_clip,"[3, 62, 86, 6, 2]",[],"{""base_clip"": 1.0, ""trust_weights"": {""3"": 0.25, ""62"": 0.25, ""86"": 0.25, ""6"": 0.25, ""2"": 0.0}, ""num_aggregated"": 5}"
231,apra,apra_mad_filter,"[4, 9, 26, 28, 97, 96, 40, 75, 2]",[95],"{""median_norm"": 0.5358788399529768, ""mad"": 0.06591145827505929, ""k"": 2.0, ""num_accepted"": 9, ""safety_keep_used"": false, ""fallback_used"": false}"
231,apra,apra_hierarchical_cluster,"[4, 9, 26, 28, 97, 40, 75, 2]",[96],"{""best_k"": 2, ""best_score"": 0.4152284860610962, ""selected_cluster"": 0, ""cluster_scores"": {""0"": 1.6389548778533936, ""1"": -1.0}, ""num_trusted"": 8, ""fallback_used"": false}"
231,apra,apra_trust_weighted_clip,"[4, 9, 26, 28, 97, 40, 75, 2]",[],"{""base_clip"": 1.0, ""trust_weights"": {""4"": 0.0, ""9"": 0.1666666716337204, ""26"": 0.1666666716337204, ""28"": 0.1666666716337204, ""97"": 0.1666666716337204, ""40"": 0.1666666716337204, ""75"": 0.1666666716337204, ""2"": 0.0}, ""num_aggregated"": 8}"
232,apra,apra_mad_filter,"[99, 62, 39, 30, 23, 56, 74, 92]","[1, 27]","{""median_norm"": 0.5619138489969595, ""mad"": 0.03609630509098333, ""k"": 2.0, ""num_accepted"": 8, ""safety_keep_used"": false, ""fallback_used"": false}"
232,apra,apra_hierarchical_cluster,"[62, 39, 30, 23, 56, 74, 92]",[99],"{""best_k"": 2, ""best_score"": 0.3466188311576843, ""selected_cluster"": 0, ""cluster_scores"": {""0"": 1.219885230064392, ""1"": -1.0}, ""num_trusted"": 7, ""fallback_used"": false}"
232,apra,apra_trust_weighted_clip,"[62, 39, 30, 23, 56, 74, 92]",[],"{""base_clip"": 1.0, ""trust_weights"": {""62"": 0.25757306814193726, ""39"": 0.0, ""30"": 0.0, ""23"": 0.0, ""56"": 0.22728076577186584, ""74"": 0.25757306814193726, ""92"": 0.25757306814193726}, ""num_aggregated"": 7}"
233,apra,apra_mad_filter,"[1, 98, 36, 80, 37, 13, 12, 90]","[71, 0]","{""median_norm"": 0.5169772320536087, ""mad"": 0.07596192245311087, ""k"": 2.0, ""num_accepted"": 8, ""safety_keep_used"": false, ""fallback_used"": false}"
233,apra,apra_hierarchical_cluster,"[1, 98, 80, 37, 12, 90]","[36, 13]","{""best_k"": 3, ""best_score"": 0.6418311595916748, ""selected_cluster"": 0, ""cluster_scores"": {""0"": 5.770514965057373, ""1"": -1.0, ""2"": -1.0}, ""num_trusted"": 6, ""fallback_used"": false}"
233,apra,apra_trust_weighted_clip,"[1, 98, 80, 37, 12, 90]",[],"{""base_clip"": 1.0, ""trust_weights"": {""1"": 0.25, ""98"": 0.0, ""80"": 0.0, ""37"": 0.25, ""12"": 0.25, ""90"": 0.25}, ""num_aggregated"": 6}"
234,apra,apra_mad_filter,"[3, 87, 74, 46, 79, 16, 83, 89, 23]",[82],"{""median_norm"": 0.6520706435953145, ""mad"": 0.058800355017043116, ""k"": 2.0, ""num_accepted"": 9, ""safety_keep_used"": false, ""fallback_used"": false}"
234,apra,apra_hierarchical_cluster,"[3, 87, 74, 79, 16, 83, 89, 23]",[46],"{""best_k"": 2, ""best_score"": 0.6733022332191467, ""selected_cluster"": 0, ""cluster_scores"": {""0"": 2.457737445831299, ""1"": -1.0}, ""num_trusted"": 8, ""fallback_used"": false}"
234,apra,apra_trust_weighted_clip,"[3, 87, 74, 79, 16, 83, 89, 23]",[],"{""base_clip"": 1.0, ""trust_weights"": {""3"": 0.0, ""87"": 0.20178921520709991, ""74"": 0.20178921520709991, ""79"": 0.14952343702316284, ""16"": 0.20178921520709991, ""83"": 0.20178921520709991, ""89"": 0.043319668620824814, ""23"": 0.0}, ""num_aggregated"": 8}"
235,apra,apra_mad_filter,"[4, 39, 34, 6, 32, 9, 14, 70, 20]",[54],"{""median_norm"": 0.5569327198140273, ""mad"": 0.07130196411591458, ""k"": 2.0, ""num_accepted"": 9, ""safety_keep_used"": false, ""fallback_used"": false}"
235,apra,apra_hierarchical_cluster,"[39, 34, 6, 32, 9, 14, 70, 20]",[4],"{""best_k"": 2, ""best_score"": 0.6749502420425415, ""selected_cluster"": 0, ""cluster_scores"": {""0"": 4.899018287658691, ""1"": -1.0}, ""num_trusted"": 8, ""fallback_used"": false}"
235,apra,apra_trust_weighted_clip,"[39, 34, 6, 32, 9, 14, 70, 20]",[],"{""base_clip"": 1.0, ""trust_weights"": {""39"": 0.1524578183889389, ""34"": 0.1524578183889389, ""6"": 0.1524578183889389, ""32"": 0.11885544657707214, ""9"": 0.1524578183889389, ""14"": 0.1524578183889389, ""70"": 0.0, ""20"": 0.11885544657707214}, ""num_aggregated"": 8}"
236,apra,apra_mad_filter,"[4, 60, 77, 13, 34, 56, 46, 76, 45, 11]",[],"{""median_norm"": 0.5905239319875828, ""mad"": 0.0814489912308059, ""k"": 2.0, ""num_accepted"": 10, ""safety_keep_used"": false, ""fallback_used"": false}"
236,apra,apra_hierarchical_cluster,"[4, 60, 77, 34, 56, 46, 76, 45, 11]",[13],"{""best_k"": 2, ""best_score"": 0.3991779088973999, ""selected_cluster"": 0, ""cluster_scores"": {""0"": 0.21659396588802338, ""1"": -1.0}, ""num_trusted"": 9, ""fallback_used"": false}"
236,apra,apra_trust_weighted_clip,"[4, 60, 77, 34, 56, 46, 76, 45, 11]",[],"{""base_clip"": 1.0, ""trust_weights"": {""4"": 0.1362033188343048, ""60"": 0.1362033188343048, ""77"": 0.1362033188343048, ""34"": 0.0, ""56"": 0.1362033188343048, ""46"": 0.046576809138059616, ""76"": 0.1362033188343048, ""45"": 0.1362033188343048, ""11"": 0.1362033188343048}, ""num_aggregated"": 9}"
237,apra,apra_mad_filter,"[1, 4, 25, 30, 73, 96, 8, 78, 50]",[48],"{""median_norm"": 0.5667185730677469, ""mad"": 0.08303312020342579, ""k"": 2.0, ""num_accepted"": 9, ""safety_keep_used"": false, ""fallback_used"": false}"
237,apra,apra_hierarchical_cluster,"[1, 4, 25, 30, 96, 8, 78, 50]",[73],"{""best_k"": 2, ""best_score"": 0.6738815903663635, ""selected_cluster"": 0, ""cluster_scores"": {""0"": 2.3373918533325195, ""1"": -1.0}, ""num_trusted"": 8, ""fallback_used"": false}"
237,apra,apra_trust_weighted_clip,"[1, 4, 25, 30, 96, 8, 78, 50]",[],"{""base_clip"": 1.0, ""trust_weights"": {""1"": 0.1428571492433548, ""4"": 0.1428571492433548, ""25"": 0.1428571492433548, ""30"": 0.1428571492433548, ""96"": 0.1428571492433548, ""8"": 0.0, ""78"": 0.1428571492433548, ""50"": 0.1428571492433548}, ""num_aggregated"": 8}"
238,apra,apra_mad_filter,"[3, 56, 83, 75, 33, 20, 28, 74, 38]",[88],"{""median_norm"": 0.502894975481768, ""mad"": 0.046988650979694124, ""k"": 2.0, ""num_accepted"": 9, ""safety_keep_used"": false, ""fallback_used"": false}"
238,apra,apra_hierarchical_cluster,"[3, 56, 83, 75, 33, 28, 74, 38]",[20],"{""best_k"": 2, ""best_score"": 0.47441017627716064, ""selected_cluster"": 0, ""cluster_scores"": {""0"": 6.604994773864746, ""1"": -1.0}, ""num_trusted"": 8, ""fallback_used"": false}"
238,apra,apra_trust_weighted_clip,"[3, 56, 83, 75, 33, 28, 74, 38]",[],"{""base_clip"": 1.0, ""trust_weights"": {""3"": 0.2054532915353775, ""56"": 0.17667712271213531, ""83"": 0.2054532915353775, ""75"": 0.000754866108763963, ""33"": 0.000754866108763963, ""28"": 0.0, ""74"": 0.2054532915353775, ""38"": 0.2054532915353775}, ""num_aggregated"": 8}"
239,apra,apra_mad_filter,"[1, 72, 87, 27, 93, 62, 37, 21]","[46, 96]","{""median_norm"": 0.5032431544876338, ""mad"": 0.016946290710069756, ""k"": 2.0, ""num_accepted"": 8, ""safety_keep_used"": false, ""fallback_used"": false}"
239,apra,apra_hierarchical_cluster,"[1, 72, 87, 27, 93, 62, 37]",[21],"{""best_k"": 2, ""best_score"": 0.581000030040741, ""selected_cluster"": 0, ""cluster_scores"": {""0"": 5.315672874450684, ""1"": -1.0}, ""num_trusted"": 7, ""fallback_used"": false}"
239,apra,apra_trust_weighted_clip,"[1, 72, 87, 27, 93, 62, 37]",[],"{""base_clip"": 1.0, ""trust_weights"": {""1"": 0.17436422407627106, ""72"": 0.0, ""87"": 0.17436422407627106, ""27"": 0.17436422407627106, ""93"": 0.17436422407627106, ""62"": 0.17436422407627106, ""37"": 0.12817884981632233}, ""num_aggregated"": 7}"
240,apra,apra_mad_filter,"[4, 65, 39, 50, 32, 61, 62, 40]","[93, 31]","{""median_norm"": 0.5481763859339801, ""mad"": 0.047692128111022136, ""k"": 2.0, ""num_accepted"": 8, ""safety_keep_used"": false, ""fallback_used"": false}"
240,apra,apra_hierarchical_cluster,"[4, 65, 39, 50, 61, 62, 40]",[32],"{""best_k"": 2, ""best_score"": 0.5013265609741211, ""selected_cluster"": 0, ""cluster_scores"": {""0"": 2.3789448738098145, ""1"": -1.0}, ""num_trusted"": 7, ""fallback_used"": false}"
240,apra,apra_trust_weighted_clip,"[4, 65, 39, 50, 61, 62, 40]",[],"{""base_clip"": 1.0, ""trust_weights"": {""4"": 0.1666666716337204, ""65"": 0.1666666716337204, ""39"": 0.1666666716337204, ""50"": 0.1666666716337204, ""61"": 0.0, ""62"": 0.1666666716337204, ""40"": 0.1666666716337204}, ""num_aggregated"": 7}"
241,apra,apra_mad_filter,"[4, 81, 42, 7, 95, 1, 94, 23, 58]",[32],"{""median_norm"": 0.5650301001383722, ""mad"": 0.043276505435965396, ""k"": 2.0, ""num_accepted"": 9, ""safety_keep_used"": false, ""fallback_used"": false}"
241,apra,apra_hierarchical_cluster,"[4, 81, 42, 7, 1, 94, 23, 58]",[95],"{""best_k"": 2, ""best_score"": 0.6739522218704224, ""selected_cluster"": 0, ""cluster_scores"": {""0"": 3.754795789718628, ""1"": -1.0}, ""num_trusted"": 8, ""fallback_used"": false}"
241,apra,apra_trust_weighted_clip,"[4, 81, 42, 7, 1, 94, 23, 58]",[],"{""base_clip"": 1.0, ""trust_weights"": {""4"": 0.14549486339092255, ""81"": 0.14549486339092255, ""42"": 0.0, ""7"": 0.12703077495098114, ""1"": 0.14549486339092255, ""94"": 0.14549486339092255, ""23"": 0.14549486339092255, ""58"": 0.14549486339092255}, ""num_aggregated"": 8}"
242,apra,apra_mad_filter,"[3, 18, 11, 59, 74, 27, 10, 52, 21]",[88],"{""median_norm"": 0.5681445838345761, ""mad"": 0.06369123839565743, ""k"": 2.0, ""num_accepted"": 9, ""safety_keep_used"": false, ""fallback_used"": false}"
242,apra,apra_hierarchical_cluster,"[3, 18, 11, 59, 74, 27, 52, 21]",[10],"{""best_k"": 2, ""best_score"": 0.640531599521637, ""selected_cluster"": 0, ""cluster_scores"": {""0"": 4.910805702209473, ""1"": -1.0}, ""num_trusted"": 8, ""fallback_used"": false}"
242,apra,apra_trust_weighted_clip,"[3, 18, 11, 59, 74, 27, 52, 21]",[],"{""base_clip"": 1.0, ""trust_weights"": {""3"": 0.19837026298046112, ""18"": 0.19837026298046112, ""11"": 0.0, ""59"": 0.011297594755887985, ""74"": 0.19837026298046112, ""27"": 0.011297594755887985, ""52"": 0.19837026298046112, ""21"": 0.18392376601696014}, ""num_aggregated"": 8}"
243,apra,apra_mad_filter,"[2, 6, 43, 46, 21, 55, 57, 80, 78]",[26],"{""median_norm"": 0.47741290110365264, ""mad"": 0.06436398494738899, ""k"": 2.0, ""num_accepted"": 9, ""safety_keep_used"": false, ""fallback_used"": false}"
243,apra,apra_hierarchical_cluster,"[6, 43, 46, 21, 55, 57, 80, 78]",[2],"{""best_k"": 2, ""best_score"": 0.5675333738327026, ""selected_cluster"": 0, ""cluster_scores"": {""0"": 2.0882370471954346, ""1"": -1.0}, ""num_trusted"": 8, ""fallback_used"": false}"
243,apra,apra_trust_weighted_clip,"[6, 43, 46, 21, 55, 57, 80, 78]",[],"{""base_clip"": 1.0, ""trust_weights"": {""6"": 0.0, ""43"": 0.02095860056579113, ""46"": 0.16317355632781982, ""21"": 0.16317355632781982, ""55"": 0.16317355632781982, ""57"": 0.16317355632781982, ""80"": 0.16317355632781982, ""78"": 0.16317355632781982}, ""num_aggregated"": 8}"
244,apra,apra_mad_filter,"[1, 36, 84, 82, 40, 87, 90, 66, 32, 89]",[],"{""median_norm"": 0.5122162449973137, ""mad"": 0.042868382085806206, ""k"": 2.0, ""num_accepted"": 10, ""safety_keep_used"": false, ""fallback_used"": false}"
244,apra,apra_hierarchical_cluster,"[1, 84, 82, 40, 87, 90, 66, 89]","[36, 32]","{""best_k"": 2, ""best_score"": 0.5258337259292603, ""selected_cluster"": 1, ""cluster_scores"": {""0"": 1.3016465902328491, ""1"": 3.5442442893981934}, ""num_trusted"": 8, ""fallback_used"": false}"
244,apra,apra_trust_weighted_clip,"[1, 84, 82, 40, 87, 90, 66, 89]",[],"{""base_clip"": 1.0, ""trust_weights"": {""1"": 0.1547783613204956, ""84"": 0.16942784190177917, ""82"": 0.1547783613204956, ""40"": 0.0, ""87"": 0.16942784190177917, ""90"": 0.16942784190177917, ""66"": 0.16942784190177917, ""89"": 0.012731948867440224}, ""num_aggregated"": 8}"
245,apra,apra_mad_filter,"[3, 51, 72, 92, 60, 98, 91, 63, 76]",[19],"{""median_norm"": 0.5105901478394703, ""mad"": 0.04509215323506341, ""k"": 2.0, ""num_accepted"": 9, ""safety_keep_used"": false, ""fallback_used"": false}"
245,apra,apra_hierarchical_cluster,"[3, 72, 92, 60, 98, 91, 63, 76]",[51],"{""best_k"": 2, ""best_score"": 0.6685757040977478, ""selected_cluster"": 0, ""cluster_scores"": {""0"": 3.3821706771850586, ""1"": -1.0}, ""num_trusted"": 8, ""fallback_used"": false}"
245,apra,apra_trust_weighted_clip,"[3, 72, 92, 60, 98, 91, 63, 76]",[],"{""base_clip"": 1.0, ""trust_weights"": {""3"": 0.1428571492433548, ""72"": 0.0, ""92"": 0.1428571492433548, ""60"": 0.1428571492433548, ""98"": 0.1428571492433548, ""91"": 0.1428571492433548, ""63"": 0.1428571492433548, ""76"": 0.1428571492433548}, ""num_aggregated"": 8}"
246,apra,apra_mad_filter,"[1, 94, 86, 68, 35, 77, 11, 22]","[66, 73]","{""median_norm"": 0.548309438506662, ""mad"": 0.02634566351725598, ""k"": 2.0, ""num_accepted"": 8, ""safety_keep_used"": false, ""fallback_used"": false}"
246,apra,apra_hierarchical_cluster,"[1, 94, 86, 35, 77, 22]","[68, 11]","{""best_k"": 3, ""best_score"": 0.4998903274536133, ""selected_cluster"": 0, ""cluster_scores"": {""0"": 5.503610610961914, ""1"": -1.0, ""2"": -1.0}, ""num_trusted"": 6, ""fallback_used"": false}"
246,apra,apra_trust_weighted_clip,"[1, 94, 86, 35, 77, 22]",[],"{""base_clip"": 1.0, ""trust_weights"": {""1"": 0.20140452682971954, ""94"": 0.20140452682971954, ""86"": 0.0, ""35"": 0.20140452682971954, ""77"": 0.20140452682971954, ""22"": 0.19438187777996063}, ""num_aggregated"": 6}"
247,apra,apra_mad_filter,"[4, 56, 57, 22, 65, 63, 62, 33, 64, 69]",[],"{""median_norm"": 0.4836790955361896, ""mad"": 0.06276517089089159, ""k"": 2.0, ""num_accepted"": 10, ""safety_keep_used"": false, ""fallback_used"": false}"
247,apra,apra_hierarchical_cluster,"[4, 56, 57, 22, 65, 63, 62, 33, 64]",[69],"{""best_k"": 2, ""best_score"": 0.6072341799736023, ""selected_cluster"": 0, ""cluster_scores"": {""0"": 2.398808002471924, ""1"": -1.0}, ""num_trusted"": 9, ""fallback_used"": false}"
247,apra,apra_trust_weighted_clip,"[4, 56, 57, 22, 65, 63, 62, 33, 64]",[],"{""base_clip"": 1.0, ""trust_weights"": {""4"": 0.0, ""56"": 0.05965620279312134, ""57"": 0.0, ""22"": 0.3134479522705078, ""65"": 0.0, ""63"": 0.0, ""62"": 0.3134479522705078, ""33"": 0.3134479522705078, ""64"": 0.0}, ""num_aggregated"": 9}"
248,apra,apra_mad_filter,"[3, 79, 11, 7, 38, 2, 57, 49, 91, 22]",[],"{""median_norm"": 0.5232284521180428, ""mad"": 0.0777781520470536, ""k"": 2.0, ""num_accepted"": 10, ""safety_keep_used"": false, ""fallback_used"": false}"
248,apra,apra_hierarchical_cluster,"[3, 79, 11, 7, 38, 57, 49, 91, 22]",[2],"{""best_k"": 2, ""best_score"": 0.5769292712211609, ""selected_cluster"": 0, ""cluster_scores"": {""0"": 1.740250825881958, ""1"": -1.0}, ""num_trusted"": 9, ""fallback_used"": false}"
248,apra,apra_trust_weighted_clip,"[3, 79, 11, 7, 38, 57, 49, 91, 22]",[],"{""base_clip"": 1.0, ""trust_weights"": {""3"": 0.11979203671216965, ""79"": 0.18819361925125122, ""11"": 0.0, ""7"": 0.0, ""38"": 0.18819361925125122, ""57"": 0.0, ""49"": 0.18819361925125122, ""91"": 0.18819361925125122, ""22"": 0.12743347883224487}, ""num_aggregated"": 9}"
249,apra,apra_mad_filter,"[4, 49, 80, 41, 24, 96, 37, 13, 63, 29]",[],"{""median_norm"": 0.5936638614307793, ""mad"": 0.09892861680902687, ""k"": 2.0, ""num_accepted"": 10, ""safety_keep_used"": false, ""fallback_used"": false}"
249,apra,apra_hierarchical_cluster,"[4, 49, 80, 24, 37, 13, 63, 29]","[41, 96]","{""best_k"": 2, ""best_score"": 0.6516447067260742, ""selected_cluster"": 0, ""cluster_scores"": {""0"": 3.7499663829803467, ""1"": 1.994055986404419}, ""num_trusted"": 8, ""fallback_used"": false}"
249,apra,apra_trust_weighted_clip,"[4, 49, 80, 24, 37, 13, 63, 29]",[],"{""base_clip"": 1.0, ""trust_weights"": {""4"": 0.1428571492433548, ""49"": 0.1428571492433548, ""80"": 0.1428571492433548, ""24"": 0.1428571492433548, ""37"": 0.1428571492433548, ""13"": 0.0, ""63"": 0.1428571492433548, ""29"": 0.1428571492433548}, ""num_aggregated"": 8}"
250,apra,apra_mad_filter,"[0, 86, 66, 7, 19, 3, 37, 34, 10, 91]",[],"{""median_norm"": 0.6169792613811098, ""mad"": 0.1384247485251763, ""k"": 2.0, ""num_accepted"": 10, ""safety_keep_used"": false, ""fallback_used"": false}"
250,apra,apra_hierarchical_cluster,"[86, 66, 7, 19, 3, 37, 34, 10, 91]",[0],"{""best_k"": 2, ""best_score"": 0.5935107469558716, ""selected_cluster"": 0, ""cluster_scores"": {""0"": 3.289109230041504, ""1"": -1.0}, ""num_trusted"": 9, ""fallback_used"": false}"
250,apra,apra_trust_weighted_clip,"[86, 66, 7, 19, 3, 37, 34, 10, 91]",[],"{""base_clip"": 1.0, ""trust_weights"": {""86"": 0.17058351635932922, ""66"": 0.00015352012997027487, ""7"": 0.14677536487579346, ""19"": 0.0, ""3"": 0.17058351635932922, ""37"": 0.17058351635932922, ""34"": 0.17058351635932922, ""10"": 0.00015352012997027487, ""91"": 0.17058351635932922}, ""num_aggregated"": 9}"
251,apra,apra_mad_filter,"[0, 59, 14, 73, 9, 18, 77, 36, 32, 89]",[],"{""median_norm"": 0.5719983366330681, ""mad"": 0.05651158825277669, ""k"": 2.0, ""num_accepted"": 10, ""safety_keep_used"": false, ""fallback_used"": false}"
251,apra,apra_hierarchical_cluster,"[59, 14, 73, 9, 18, 77, 36, 32, 89]",[0],"{""best_k"": 2, ""best_score"": 0.6335502862930298, ""selected_cluster"": 0, ""cluster_scores"": {""0"": 2.8078832626342773, ""1"": -1.0}, ""num_trusted"": 9, ""fallback_used"": false}"
251,apra,apra_trust_weighted_clip,"[59, 14, 73, 9, 18, 77, 36, 32, 89]",[],"{""base_clip"": 1.0, ""trust_weights"": {""59"": 0.15966768562793732, ""14"": 0.15966768562793732, ""73"": 0.04199386015534401, ""9"": 0.15966768562793732, ""18"": 0.15966768562793732, ""77"": 0.15966768562793732, ""36"": 0.0, ""32"": 0.0, ""89"": 0.15966768562793732}, ""num_aggregated"": 9}"
252,apra,apra_mad_filter,"[1, 59, 8, 24, 55, 57, 68, 13, 38]",[47],"{""median_norm"": 0.5916862327898964, ""mad"": 0.10376457432089198, ""k"": 2.0, ""num_accepted"": 9, ""safety_keep_used"": false, ""fallback_used"": false}"
252,apra,apra_hierarchical_cluster,"[1, 59, 24, 55, 57, 38]","[8, 68, 13]","{""best_k"": 3, ""best_score"": 0.5298268795013428, ""selected_cluster"": 0, ""cluster_scores"": {""0"": 2.714614152908325, ""1"": -1.0, ""2"": 1.9684040546417236}, ""num_trusted"": 6, ""fallback_used"": false}"
252,apra,apra_trust_weighted_clip,"[1, 59, 24, 55, 57, 38]",[],"{""base_clip"": 1.0, ""trust_weights"": {""1"": 0.2132788747549057, ""59"": 0.2132788747549057, ""24"": 0.0, ""55"": 0.2132788747549057, ""57"": 0.2132788747549057, ""38"": 0.146884486079216}, ""num_aggregated"": 6}"
253,apra,apra_mad_filter,"[4, 29, 46, 41, 3, 11, 75, 27, 48]",[51],"{""median_norm"": 0.6378170789328983, ""mad"": 0.0728798434507914, ""k"": 2.0, ""num_accepted"": 9, ""safety_keep_used"": false, ""fallback_used"": false}"
253,apra,apra_hierarchical_cluster,"[4, 29, 46, 41, 3, 11, 75, 27]",[48],"{""best_k"": 2, ""best_score"": 0.6432830691337585, ""selected_cluster"": 0, ""cluster_scores"": {""0"": 2.6991662979125977, ""1"": -1.0}, ""num_trusted"": 8, ""fallback_used"": false}"
253,apra,apra_trust_weighted_clip,"[4, 29, 46, 41, 3, 11, 75, 27]",[],"{""base_clip"": 1.0, ""trust_weights"": {""4"": 0.0, ""29"": 0.16840259730815887, ""46"": 0.16840259730815887, ""41"": 0.0, ""3"": 0.1579870581626892, ""11"": 0.16840259730815887, ""75"": 0.16840259730815887, ""27"": 0.16840259730815887}, ""num_aggregated"": 8}"
254,apra,apra_mad_filter,"[1, 9, 85, 11, 4, 15, 93, 42, 66, 39]",[],"{""median_norm"": 0.5072698775162418, ""mad"": 0.07814294898662891, ""k"": 2.0, ""num_accepted"": 10, ""safety_keep_used"": false, ""fallback_used"": false}"
254,apra,apra_hierarchical_cluster,"[1, 9, 85, 11, 4, 15, 93, 66, 39]",[42],"{""best_k"": 2, ""best_score"": 0.5535886883735657, ""selected_cluster"": 0, ""cluster_scores"": {""0"": 2.366065502166748, ""1"": -1.0}, ""num_trusted"": 9, ""fallback_used"": false}"
254,apra,apra_trust_weighted_clip,"[1, 9, 85, 11, 4, 15, 93, 66, 39]",[],"{""base_clip"": 1.0, ""trust_weights"": {""1"": 0.125, ""9"": 0.125, ""85"": 0.0, ""11"": 0.125, ""4"": 0.125, ""15"": 0.125, ""93"": 0.125, ""66"": 0.125, ""39"": 0.125}, ""num_aggregated"": 9}"
255,apra,apra_mad_filter,"[2, 51, 57, 29, 12, 62, 8, 89, 6, 93]",[],"{""median_norm"": 0.5504015629473111, ""mad"": 0.04761627376061861, ""k"": 2.0, ""num_accepted"": 10, ""safety_keep_used"": false, ""fallback_used"": false}"
255,apra,apra_hierarchical_cluster,"[2, 57, 29, 12, 62, 8, 89, 6, 93]",[51],"{""best_k"": 2, ""best_score"": 0.48290714621543884, ""selected_cluster"": 0, ""cluster_scores"": {""0"": 1.0143917798995972, ""1"": -1.0}, ""num_trusted"": 9, ""fallback_used"": false}"
255,apra,apra_trust_weighted_clip,"[2, 57, 29, 12, 62, 8, 89, 6, 93]",[],"{""base_clip"": 1.0, ""trust_weights"": {""2"": 0.125, ""57"": 0.125, ""29"": 0.125, ""12"": 0.125, ""62"": 0.125, ""8"": 0.0, ""89"": 0.125, ""6"": 0.125, ""93"": 0.125}, ""num_aggregated"": 9}"
256,apra,apra_mad_filter,"[0, 86, 89, 60, 36, 73, 25, 58]","[12, 47]","{""median_norm"": 0.5582385482499514, ""mad"": 0.060264256316814424, ""k"": 2.0, ""num_accepted"": 8, ""safety_keep_used"": false, ""fallback_used"": false}"
256,apra,apra_hierarchical_cluster,"[86, 89, 60, 36, 25, 58]","[0, 73]","{""best_k"": 3, ""best_score"": 0.600548505783081, ""selected_cluster"": 0, ""cluster_scores"": {""0"": 3.773509979248047, ""1"": -1.0, ""2"": -1.0}, ""num_trusted"": 6, ""fallback_used"": false}"
256,apra,apra_trust_weighted_clip,"[86, 89, 60, 36, 25, 58]",[],"{""base_clip"": 1.0, ""trust_weights"": {""86"": 0.20000000298023224, ""89"": 0.20000000298023224, ""60"": 0.20000000298023224, ""36"": 0.0, ""25"": 0.20000000298023224, ""58"": 0.20000000298023224}, ""num_aggregated"": 6}"
257,apra,apra_mad_filter,"[3, 4, 64, 30, 0, 24, 14, 91, 90, 57]",[],"{""median_norm"": 0.5418651273784023, ""mad"": 0.1036194575462186, ""k"": 2.0, ""num_accepted"": 10, ""safety_keep_used"": false, ""fallback_used"": false}"
257,apra,apra_hierarchical_cluster,"[3, 64, 24, 14, 91, 90, 57]","[4, 30, 0]","{""best_k"": 3, ""best_score"": 0.6753474473953247, ""selected_cluster"": 1, ""cluster_scores"": {""0"": 1.7127368450164795, ""1"": 6.128419399261475, ""2"": -1.0}, ""num_trusted"": 7, ""fallback_used"": false}"
257,apra,apra_trust_weighted_clip,"[3, 64, 24, 14, 91, 90, 57]",[],"{""base_clip"": 1.0, ""trust_weights"": {""3"": 0.1666666716337204, ""64"": 0.1666666716337204, ""24"": 0.0, ""14"": 0.1666666716337204, ""91"": 0.1666666716337204, ""90"": 0.1666666716337204, ""57"": 0.1666666716337204}, ""num_aggregated"": 7}"
258,apra,apra_mad_filter,"[1, 59, 28, 31, 77, 62, 82, 85, 6, 11]",[],"{""median_norm"": 0.5616628749400727, ""mad"": 0.12324837870588243, ""k"": 2.0, ""num_accepted"": 10, ""safety_keep_used"": false, ""fallback_used"": false}"
258,apra,apra_hierarchical_cluster,"[1, 59, 28, 77, 62, 82, 85, 6, 11]",[31],"{""best_k"": 2, ""best_score"": 0.7174495458602905, ""selected_cluster"": 0, ""cluster_scores"": {""0"": 3.840789794921875, ""1"": -1.0}, ""num_trusted"": 9, ""fallback_used"": false}"
258,apra,apra_trust_weighted_clip,"[1, 59, 28, 77, 62, 82, 85, 6, 11]",[],"{""base_clip"": 1.0, ""trust_weights"": {""1"": 0.125, ""59"": 0.125, ""28"": 0.125, ""77"": 0.125, ""62"": 0.0, ""82"": 0.125, ""85"": 0.125, ""6"": 0.125, ""11"": 0.125}, ""num_aggregated"": 9}"
259,apra,apra_mad_filter,"[0, 13, 85, 73, 22, 53, 21, 10, 71]",[38],"{""median_norm"": 0.6094303376133186, ""mad"": 0.05208120560729995, ""k"": 2.0, ""num_accepted"": 9, ""safety_keep_used"": false, ""fallback_used"": false}"
259,apra,apra_hierarchical_cluster,"[13, 85, 73, 22, 53, 21, 10, 71]",[0],"{""best_k"": 2, ""best_score"": 0.6339850425720215, ""selected_cluster"": 0, ""cluster_scores"": {""0"": 2.115985631942749, ""1"": -1.0}, ""num_trusted"": 8, ""fallback_used"": false}"
259,apra,apra_trust_weighted_clip,"[13, 85, 73, 22, 53, 21, 10, 71]",[],"{""base_clip"": 1.0, ""trust_weights"": {""13"": 0.15307888388633728, ""85"": 0.15307888388633728, ""73"": 0.0, ""22"": 0.15307888388633728, ""53"": 0.15307888388633728, ""21"": 0.15307888388633728, ""10"": 0.08152669668197632, ""71"": 0.15307888388633728}, ""num_aggregated"": 8}"
260,apra,apra_mad_filter,"[4, 21, 93, 87, 34, 1, 0, 54, 10, 27]",[],"{""median_norm"": 0.5330847715780198, ""mad"": 0.08701209806866783, ""k"": 2.0, ""num_accepted"": 10, ""safety_keep_used"": false, ""fallback_used"": false}"
260,apra,apra_hierarchical_cluster,"[4, 21, 93, 87, 34, 1, 0, 10, 27]",[54],"{""best_k"": 2, ""best_score"": 0.7029309272766113, ""selected_cluster"": 0, ""cluster_scores"": {""0"": 4.725210666656494, ""1"": -1.0}, ""num_trusted"": 9, ""fallback_used"": false}"
260,apra,apra_trust_weighted_clip,"[4, 21, 93, 87, 34, 1, 0, 10, 27]",[],"{""base_clip"": 1.0, ""trust_weights"": {""4"": 0.1325163096189499, ""21"": 0.1325163096189499, ""93"": 0.1325163096189499, ""87"": 0.1325163096189499, ""34"": 0.1325163096189499, ""1"": 0.1325163096189499, ""0"": 0.0, ""10"": 0.07238580286502838, ""27"": 0.1325163096189499}, ""num_aggregated"": 9}"
261,apra,apra_mad_filter,"[4, 49, 43, 35, 89, 76, 55, 52, 7, 22]",[],"{""median_norm"": 0.6290886840448279, ""mad"": 0.09716038881846639, ""k"": 2.0, ""num_accepted"": 10, ""safety_keep_used"": false, ""fallback_used"": false}"
261,apra,apra_hierarchical_cluster,"[49, 43, 89, 76, 52, 7, 22]","[4, 35, 55]","{""best_k"": 2, ""best_score"": 0.426715612411499, ""selected_cluster"": 1, ""cluster_scores"": {""0"": 2.7646987438201904, ""1"": 3.746556043624878}, ""num_trusted"": 7, ""fallback_used"": false}"
261,apra,apra_trust_weighted_clip,"[49, 43, 89, 76, 52, 7, 22]",[],"{""base_clip"": 1.0, ""trust_weights"": {""49"": 0.1666666716337204, ""43"": 0.1666666716337204, ""89"": 0.1666666716337204, ""76"": 0.1666666716337204, ""52"": 0.1666666716337204, ""7"": 0.0, ""22"": 0.1666666716337204}, ""num_aggregated"": 7}"
262,apra,apra_mad_filter,"[2, 11, 35, 44, 70, 93, 6, 36, 61]",[32],"{""median_norm"": 0.5520915681889237, ""mad"": 0.06508863494530423, ""k"": 2.0, ""num_accepted"": 9, ""safety_keep_used"": false, ""fallback_used"": false}"
262,apra,apra_hierarchical_cluster,"[44, 36]","[2, 11, 35, 70, 93, 6, 61]","{""best_k"": 4, ""best_score"": 0.3908710777759552, ""selected_cluster"": 3, ""cluster_scores"": {""0"": 1.8581328392028809, ""1"": 1.3038232326507568, ""2"": -1.0, ""3"": 1.9430195093154907}, ""num_trusted"": 2, ""fallback_used"": false}"
262,apra,apra_trust_weighted_clip,"[44, 36]",[],"{""base_clip"": 1.0, ""trust_weights"": {""44"": 0.5, ""36"": 0.5}, ""num_aggregated"": 2}"
263,apra,apra_mad_filter,"[0, 9, 72, 92, 4, 5, 39, 44, 7, 11]",[],"{""median_norm"": 0.6917679952234022, ""mad"": 0.11622337698230034, ""k"": 2.0, ""num_accepted"": 10, ""safety_keep_used"": false, ""fallback_used"": false}"
263,apra,apra_hierarchical_cluster,"[0, 9, 72, 92, 4, 39, 44, 7, 11]",[5],"{""best_k"": 2, ""best_score"": 0.7709957361221313, ""selected_cluster"": 0, ""cluster_scores"": {""0"": 5.361727714538574, ""1"": -1.0}, ""num_trusted"": 9, ""fallback_used"": false}"
263,apra,apra_trust_weighted_clip,"[0, 9, 72, 92, 4, 39, 44, 7, 11]",[],"{""base_clip"": 1.0, ""trust_weights"": {""0"": 0.0, ""9"": 0.125, ""72"": 0.125, ""92"": 0.125, ""4"": 0.125, ""39"": 0.125, ""44"": 0.125, ""7"": 0.125, ""11"": 0.125}, ""num_aggregated"": 9}"
264,apra,apra_mad_filter,"[2, 96, 32, 9, 91, 15, 74, 42, 79, 81]",[],"{""median_norm"": 0.5587059178079512, ""mad"": 0.0651525898729296, ""k"": 2.0, ""num_accepted"": 10, ""safety_keep_used"": false, ""fallback_used"": false}"
264,apra,apra_hierarchical_cluster,"[2, 32, 9, 91, 15, 74, 42, 79, 81]",[96],"{""best_k"": 2, ""best_score"": 0.7205188870429993, ""selected_cluster"": 0, ""cluster_scores"": {""0"": 3.489612579345703, ""1"": -1.0}, ""num_trusted"": 9, ""fallback_used"": false}"
264,apra,apra_trust_weighted_clip,"[2, 32, 9, 91, 15, 74, 42, 79, 81]",[],"{""base_clip"": 1.0, ""trust_weights"": {""2"": 0.0, ""32"": 0.0, ""9"": 0.16492855548858643, ""91"": 0.16492855548858643, ""15"": 0.16492855548858643, ""74"": 0.16492855548858643, ""42"": 0.010428713634610176, ""79"": 0.16492855548858643, ""81"": 0.16492855548858643}, ""num_aggregated"": 9}"
265,apra,apra_mad_filter,"[3, 8, 20, 62, 25, 90, 36, 97]","[52, 77]","{""median_norm"": 0.5713608142069704, ""mad"": 0.07213877688149861, ""k"": 2.0, ""num_accepted"": 8, ""safety_keep_used"": false, ""fallback_used"": false}"
265,apra,apra_hierarchical_cluster,"[3, 8, 20, 62, 25, 90, 36]",[97],"{""best_k"": 2, ""best_score"": 0.5044233798980713, ""selected_cluster"": 0, ""cluster_scores"": {""0"": 0.7424582839012146, ""1"": -1.0}, ""num_trusted"": 7, ""fallback_used"": false}"
265,apra,apra_trust_weighted_clip,"[3, 8, 20, 62, 25, 90, 36]",[],"{""base_clip"": 1.0, ""trust_weights"": {""3"": 0.22336694598197937, ""8"": 0.22336694598197937, ""20"": 0.0, ""62"": 0.22336694598197937, ""25"": 0.05326606705784798, ""90"": 0.22336694598197937, ""36"": 0.05326606705784798}, ""num_aggregated"": 7}"
266,apra,apra_mad_filter,"[3, 63, 78, 56, 54, 7, 42, 33, 65, 43]",[],"{""median_norm"": 0.626780202647206, ""mad"": 0.07318701821209428, ""k"": 2.0, ""num_accepted"": 10, ""safety_keep_used"": false, ""fallback_used"": false}"
266,apra,apra_hierarchical_cluster,"[3, 63, 78, 56, 7, 42, 33, 65, 43]",[54],"{""best_k"": 2, ""best_score"": 0.7867029309272766, ""selected_cluster"": 0, ""cluster_scores"": {""0"": 4.13768196105957, ""1"": -1.0}, ""num_trusted"": 9, ""fallback_used"": false}"
266,apra,apra_trust_weighted_clip,"[3, 63, 78, 56, 7, 42, 33, 65, 43]",[],"{""base_clip"": 1.0, ""trust_weights"": {""3"": 0.13832885026931763, ""63"": 0.13832885026931763, ""78"": 0.13832885026931763, ""56"": 0.13832885026931763, ""7"": 0.13832885026931763, ""42"": 0.0, ""33"": 0.13832885026931763, ""65"": 0.031698077917099, ""43"": 0.13832885026931763}, ""num_aggregated"": 9}"
267,apra,apra_mad_filter,"[3, 20, 61, 45, 1, 35, 22, 23, 40]",[41],"{""median_norm"": 0.46500426856065735, ""mad"": 0.0540750010828083, ""k"": 2.0, ""num_accepted"": 9, ""safety_keep_used"": false, ""fallback_used"": false}"
267,apra,apra_hierarchical_cluster,"[61, 45, 1, 35]","[3, 20, 22, 23, 40]","{""best_k"": 3, ""best_score"": 0.30593037605285645, ""selected_cluster"": 0, ""cluster_scores"": {""0"": 3.5476131439208984, ""1"": 3.4181599617004395, ""2"": -1.0}, ""num_trusted"": 4, ""fallback_used"": false}"
267,apra,apra_trust_weighted_clip,"[61, 45, 1, 35]",[],"{""base_clip"": 1.0, ""trust_weights"": {""61"": 0.3333333432674408, ""45"": 0.3333333432674408, ""1"": 0.0, ""35"": 0.3333333432674408}, ""num_aggregated"": 4}"
268,apra,apra_mad_filter,"[3, 34, 97, 8, 50, 76, 85, 96, 89, 65]",[],"{""median_norm"": 0.5560758434193598, ""mad"": 0.07427034888228501, ""k"": 2.0, ""num_accepted"": 10, ""safety_keep_used"": false, ""fallback_used"": false}"
268,apra,apra_hierarchical_cluster,"[3, 34, 8, 50, 76, 85, 96, 89, 65]",[97],"{""best_k"": 2, ""best_score"": 0.4814551770687103, ""selected_cluster"": 0, ""cluster_scores"": {""0"": 1.0002737045288086, ""1"": -1.0}, ""num_trusted"": 9, ""fallback_used"": false}"
268,apra,apra_trust_weighted_clip,"[3, 34, 8, 50, 76, 85, 96, 89, 65]",[],"{""base_clip"": 1.0, ""trust_weights"": {""3"": 0.125, ""34"": 0.125, ""8"": 0.0, ""50"": 0.125, ""76"": 0.125, ""85"": 0.125, ""96"": 0.125, ""89"": 0.125, ""65"": 0.125}, ""num_aggregated"": 9}"
269,apra,apra_mad_filter,"[3, 97, 15, 94, 98, 63, 44, 34, 14, 95]",[],"{""median_norm"": 0.5438035263459223, ""mad"": 0.09742955627802757, ""k"": 2.0, ""num_accepted"": 10, ""safety_keep_used"": false, ""fallback_used"": false}"
269,apra,apra_hierarchical_cluster,"[3, 97, 15, 94, 98, 63, 44, 34, 14]",[95],"{""best_k"": 2, ""best_score"": 0.6627054810523987, ""selected_cluster"": 0, ""cluster_scores"": {""0"": 3.0795955657958984, ""1"": -1.0}, ""num_trusted"": 9, ""fallback_used"": false}"
269,apra,apra_trust_weighted_clip,"[3, 97, 15, 94, 98, 63, 44, 34, 14]",[],"{""base_clip"": 1.0, ""trust_weights"": {""3"": 0.1549484133720398, ""97"": 0.0, ""15"": 0.1549484133720398, ""94"": 0.1549484133720398, ""98"": 0.1549484133720398, ""63"": 0.1549484133720398, ""44"": 0.0, ""34"": 0.11364441365003586, ""14"": 0.11161351203918457}, ""num_aggregated"": 9}"
270,apra,apra_mad_filter,"[4, 21, 64, 14, 15, 39, 13, 49, 8]",[72],"{""median_norm"": 0.45879635685451126, ""mad"": 0.059842392037006364, ""k"": 2.0, ""num_accepted"": 9, ""safety_keep_used"": false, ""fallback_used"": false}"
270,apra,apra_hierarchical_cluster,"[4, 49]","[21, 64, 14, 15, 39, 13, 8]","{""best_k"": 2, ""best_score"": 0.4313160181045532, ""selected_cluster"": 1, ""cluster_scores"": {""0"": 0.8756523132324219, ""1"": 1.8302273750305176}, ""num_trusted"": 2, ""fallback_used"": false}"
270,apra,apra_trust_weighted_clip,"[4, 49]",[],"{""base_clip"": 1.0, ""trust_weights"": {""4"": 0.5, ""49"": 0.5}, ""num_aggregated"": 2}"
271,apra,apra_mad_filter,"[2, 72, 3, 10, 73, 64, 86, 43, 46, 63]",[],"{""median_norm"": 0.6149468197916188, ""mad"": 0.07347177815606293, ""k"": 2.0, ""num_accepted"": 10, ""safety_keep_used"": false, ""fallback_used"": false}"
271,apra,apra_hierarchical_cluster,"[2, 72, 3, 64, 86, 43, 46, 63]","[10, 73]","{""best_k"": 2, ""best_score"": 0.7437357306480408, ""selected_cluster"": 0, ""cluster_scores"": {""0"": 5.25130033493042, ""1"": 1.9582245349884033}, ""num_trusted"": 8, ""fallback_used"": false}"
271,apra,apra_trust_weighted_clip,"[2, 72, 3, 64, 86, 43, 46, 63]",[],"{""base_clip"": 1.0, ""trust_weights"": {""2"": 0.0, ""72"": 0.1428571492433548, ""3"": 0.1428571492433548, ""64"": 0.1428571492433548, ""86"": 0.1428571492433548, ""43"": 0.1428571492433548, ""46"": 0.1428571492433548, ""63"": 0.1428571492433548}, ""num_aggregated"": 8}"
272,apra,apra_mad_filter,"[0, 72, 22, 52, 63, 95, 71, 49, 42, 6]",[],"{""median_norm"": 0.5892931338366961, ""mad"": 0.08280651911877879, ""k"": 2.0, ""num_accepted"": 10, ""safety_keep_used"": false, ""fallback_used"": false}"
272,apra,apra_hierarchical_cluster,"[72, 22, 52, 63, 71, 49, 42, 6]","[0, 95]","{""best_k"": 3, ""best_score"": 0.633704662322998, ""selected_cluster"": 0, ""cluster_scores"": {""0"": 4.170410633087158, ""1"": -1.0, ""2"": -1.0}, ""num_trusted"": 8, ""fallback_used"": false}"
272,apra,apra_trust_weighted_clip,"[72, 22, 52, 63, 71, 49, 42, 6]",[],"{""base_clip"": 1.0, ""trust_weights"": {""72"": 0.0, ""22"": 0.1445779949426651, ""52"": 0.06900128722190857, ""63"": 0.2621402442455292, ""71"": 0.0, ""49"": 0.2621402442455292, ""42"": 0.0, ""6"": 0.2621402442455292}, ""num_aggregated"": 8}"
273,apra,apra_mad_filter,"[2, 35, 94, 38, 12, 39, 36, 96, 18, 80]",[],"{""median_norm"": 0.4500006734458859, ""mad"": 0.029837222201842428, ""k"": 2.0, ""num_accepted"": 10, ""safety_keep_used"": false, ""fallback_used"": false}"
273,apra,apra_hierarchical_cluster,"[35, 94, 38, 12, 39, 18, 80]","[2, 36, 96]","{""best_k"": 3, ""best_score"": 0.5108933448791504, ""selected_cluster"": 0, ""cluster_scores"": {""0"": 2.6175193786621094, ""1"": 1.7942945957183838, ""2"": -1.0}, ""num_trusted"": 7, ""fallback_used"": false}"
273,apra,apra_trust_weighted_clip,"[35, 94, 38, 12, 39, 18, 80]",[],"{""base_clip"": 1.0, ""trust_weights"": {""35"": 0.0, ""94"": 0.20000000298023224, ""38"": 0.20000000298023224, ""12"": 0.20000000298023224, ""39"": 0.0, ""18"": 0.20000000298023224, ""80"": 0.20000000298023224}, ""num_aggregated"": 7}"
274,apra,apra_mad_filter,"[2, 99, 19, 96, 64, 81, 3, 68, 69]",[52],"{""median_norm"": 0.6350235156615016, ""mad"": 0.09871739162254867, ""k"": 2.0, ""num_accepted"": 9, ""safety_keep_used"": false, ""fallback_used"": false}"
274,apra,apra_hierarchical_cluster,"[19, 69]","[2, 99, 96, 64, 81, 3, 68]","{""best_k"": 2, ""best_score"": 0.4582307040691376, ""selected_cluster"": 1, ""cluster_scores"": {""0"": 1.3689061403274536, ""1"": 1.671720266342163}, ""num_trusted"": 2, ""fallback_used"": false}"
274,apra,apra_trust_weighted_clip,"[19, 69]",[],"{""base_clip"": 1.0, ""trust_weights"": {""19"": 0.5, ""69"": 0.5}, ""num_aggregated"": 2}"
275,apra,apra_mad_filter,"[90, 45, 6, 9, 43, 16, 86]","[0, 30, 57]","{""median_norm"": 0.5927011395369097, ""mad"": 0.02231696292584734, ""k"": 2.0, ""num_accepted"": 7, ""safety_keep_used"": false, ""fallback_used"": false}"
275,apra,apra_hierarchical_cluster,"[90, 45, 6, 43, 16, 86]",[9],"{""best_k"": 2, ""best_score"": 0.42918333411216736, ""selected_cluster"": 0, ""cluster_scores"": {""0"": 5.7417707443237305, ""1"": -1.0}, ""num_trusted"": 6, ""fallback_used"": false}"
275,apra,apra_trust_weighted_clip,"[90, 45, 6, 43, 16, 86]",[],"{""base_clip"": 1.0, ""trust_weights"": {""90"": 0.20000000298023224, ""45"": 0.20000000298023224, ""6"": 0.20000000298023224, ""43"": 0.20000000298023224, ""16"": 0.20000000298023224, ""86"": 0.0}, ""num_aggregated"": 6}"
276,apra,apra_mad_filter,"[4, 85, 99, 23, 53, 66, 33, 80, 57]",[54],"{""median_norm"": 0.5743044845907921, ""mad"": 0.04958292640981715, ""k"": 2.0, ""num_accepted"": 9, ""safety_keep_used"": false, ""fallback_used"": false}"
276,apra,apra_hierarchical_cluster,"[4, 53, 33, 80, 57]","[85, 99, 23, 66]","{""best_k"": 3, ""best_score"": 0.6856123208999634, ""selected_cluster"": 1, ""cluster_scores"": {""0"": 1.7690463066101074, ""1"": 4.51823091506958, ""2"": 1.9861270189285278}, ""num_trusted"": 5, ""fallback_used"": false}"
276,apra,apra_trust_weighted_clip,"[4, 53, 33, 80, 57]",[],"{""base_clip"": 1.0, ""trust_weights"": {""4"": 0.25, ""53"": 0.25, ""33"": 0.25, ""80"": 0.25, ""57"": 0.0}, ""num_aggregated"": 5}"
277,apra,apra_mad_filter,"[38, 19, 33, 9, 53, 93, 86, 65]","[0, 73]","{""median_norm"": 0.504706690072035, ""mad"": 0.0564688133343578, ""k"": 2.0, ""num_accepted"": 8, ""safety_keep_used"": false, ""fallback_used"": false}"
277,apra,apra_hierarchical_cluster,"[38, 33, 9, 53, 93, 86, 65]",[19],"{""best_k"": 2, ""best_score"": 0.619209885597229, ""selected_cluster"": 0, ""cluster_scores"": {""0"": 6.395984172821045, ""1"": -1.0}, ""num_trusted"": 7, ""fallback_used"": false}"
277,apra,apra_trust_weighted_clip,"[38, 33, 9, 53, 93, 86, 65]",[],"{""base_clip"": 1.0, ""trust_weights"": {""38"": 0.20000000298023224, ""33"": 0.20000000298023224, ""9"": 0.20000000298023224, ""53"": 0.20000000298023224, ""93"": 0.0, ""86"": 0.0, ""65"": 0.20000000298023224}, ""num_aggregated"": 7}"
278,apra,apra_mad_filter,"[38, 20, 1, 49, 85, 69, 11, 84]","[0, 57]","{""median_norm"": 0.543607044244522, ""mad"": 0.03597920744567884, ""k"": 2.0, ""num_accepted"": 8, ""safety_keep_used"": false, ""fallback_used"": false}"
278,apra,apra_hierarchical_cluster,"[38, 1, 49]","[20, 85, 69, 11, 84]","{""best_k"": 4, ""best_score"": 0.39529427886009216, ""selected_cluster"": 2, ""cluster_scores"": {""0"": 0.8387656211853027, ""1"": 1.9760137796401978, ""2"": 2.9457223415374756, ""3"": -1.0}, ""num_trusted"": 3, ""fallback_used"": false}"
278,apra,apra_trust_weighted_clip,"[38, 1, 49]",[],"{""base_clip"": 1.0, ""trust_weights"": {""38"": 0.5, ""1"": 0.0, ""49"": 0.5}, ""num_aggregated"": 3}"
279,apra,apra_mad_filter,"[0, 6, 55, 69, 10, 34, 29, 74, 61]",[47],"{""median_norm"": 0.5621889676389704, ""mad"": 0.08347493352558277, ""k"": 2.0, ""num_accepted"": 9, ""safety_keep_used"": false, ""fallback_used"": false}"
279,apra,apra_hierarchical_cluster,"[6, 55, 69, 10, 34, 29, 74, 61]",[0],"{""best_k"": 2, ""best_score"": 0.7232962846755981, ""selected_cluster"": 0, ""cluster_scores"": {""0"": 3.869821071624756, ""1"": -1.0}, ""num_trusted"": 8, ""fallback_used"": false}"
279,apra,apra_trust_weighted_clip,"[6, 55, 69, 10, 34, 29, 74, 61]",[],"{""base_clip"": 1.0, ""trust_weights"": {""6"": 0.1428571492433548, ""55"": 0.1428571492433548, ""69"": 0.1428571492433548, ""10"": 0.0, ""34"": 0.1428571492433548, ""29"": 0.1428571492433548, ""74"": 0.1428571492433548, ""61"": 0.1428571492433548}, ""num_aggregated"": 8}"
280,apra,apra_mad_filter,"[1, 86, 29, 77, 96, 84, 60, 51, 53]",[95],"{""median_norm"": 0.503920783160132, ""mad"": 0.03924272165928927, ""k"": 2.0, ""num_accepted"": 9, ""safety_keep_used"": false, ""fallback_used"": false}"
280,apra,apra_hierarchical_cluster,"[1, 86, 29, 77, 53]","[96, 84, 60, 51]","{""best_k"": 3, ""best_score"": 0.5117253065109253, ""selected_cluster"": 2, ""cluster_scores"": {""0"": 1.5633924007415771, ""1"": 1.6568520069122314, ""2"": 4.347984313964844}, ""num_trusted"": 5, ""fallback_used"": false}"
280,apra,apra_trust_weighted_clip,"[1, 86, 29, 77, 53]",[],"{""base_clip"": 1.0, ""trust_weights"": {""1"": 0.25, ""86"": 0.25, ""29"": 0.0, ""77"": 0.25, ""53"": 0.25}, ""num_aggregated"": 5}"
281,apra,apra_mad_filter,"[0, 7, 41, 33, 16, 11, 42, 5]","[88, 59]","{""median_norm"": 0.7282936178604598, ""mad"": 0.07856655427364223, ""k"": 2.0, ""num_accepted"": 8, ""safety_keep_used"": false, ""fallback_used"": false}"
281,apra,apra_hierarchical_cluster,"[0, 7, 41, 33, 16, 11, 42]",[5],"{""best_k"": 2, ""best_score"": 0.6915261745452881, ""selected_cluster"": 0, ""cluster_scores"": {""0"": 2.63383150100708, ""1"": -1.0}, ""num_trusted"": 7, ""fallback_used"": false}"
281,apra,apra_trust_weighted_clip,"[0, 7, 41, 33, 16, 11, 42]",[],"{""base_clip"": 1.0, ""trust_weights"": {""0"": 0.0, ""7"": 0.25, ""41"": 0.0, ""33"": 0.25, ""16"": 0.25, ""11"": 0.25, ""42"": 0.0}, ""num_aggregated"": 7}"
282,apra,apra_mad_filter,"[0, 64, 56, 2, 11, 89, 59, 45, 97, 15]",[],"{""median_norm"": 0.6386592106619324, ""mad"": 0.13163210468061165, ""k"": 2.0, ""num_accepted"": 10, ""safety_keep_used"": false, ""fallback_used"": false}"
282,apra,apra_hierarchical_cluster,"[64, 56, 2, 11, 89, 59, 45, 97, 15]",[0],"{""best_k"": 2, ""best_score"": 0.6639772653579712, ""selected_cluster"": 0, ""cluster_scores"": {""0"": 3.811659097671509, ""1"": -1.0}, ""num_trusted"": 9, ""fallback_used"": false}"
282,apra,apra_trust_weighted_clip,"[64, 56, 2, 11, 89, 59, 45, 97, 15]",[],"{""base_clip"": 1.0, ""trust_weights"": {""64"": 0.1428571492433548, ""56"": 0.0, ""2"": 0.0, ""11"": 0.1428571492433548, ""89"": 0.1428571492433548, ""59"": 0.1428571492433548, ""45"": 0.1428571492433548, ""97"": 0.1428571492433548, ""15"": 0.1428571492433548}, ""num_aggregated"": 9}"
283,apra,apra_mad_filter,"[4, 0, 58, 61, 71, 33, 23, 65, 37, 48]",[],"{""median_norm"": 0.5458591895546372, ""mad"": 0.0705656070418707, ""k"": 2.0, ""num_accepted"": 10, ""safety_keep_used"": false, ""fallback_used"": false}"
283,apra,apra_hierarchical_cluster,"[4, 0, 58, 61, 71, 33, 23, 65, 37]",[48],"{""best_k"": 2, ""best_score"": 0.6946099400520325, ""selected_cluster"": 0, ""cluster_scores"": {""0"": 4.545202732086182, ""1"": -1.0}, ""num_trusted"": 9, ""fallback_used"": false}"
283,apra,apra_trust_weighted_clip,"[4, 0, 58, 61, 71, 33, 23, 65, 37]",[],"{""base_clip"": 1.0, ""trust_weights"": {""4"": 0.0, ""0"": 0.0, ""58"": 0.1428571492433548, ""61"": 0.1428571492433548, ""71"": 0.1428571492433548, ""33"": 0.1428571492433548, ""23"": 0.1428571492433548, ""65"": 0.1428571492433548, ""37"": 0.1428571492433548}, ""num_aggregated"": 9}"
284,apra,apra_mad_filter,"[2, 59, 56, 14, 68, 81, 55, 62, 6, 63]",[],"{""median_norm"": 0.5917643916560857, ""mad"": 0.07960650489590565, ""k"": 2.0, ""num_accepted"": 10, ""safety_keep_used"": false, ""fallback_used"": false}"
284,apra,apra_hierarchical_cluster,"[56, 14, 68, 81, 55, 62, 6, 63]","[2, 59]","{""best_k"": 2, ""best_score"": 0.5234428644180298, ""selected_cluster"": 0, ""cluster_scores"": {""0"": 2.826766014099121, ""1"": 1.4908877611160278}, ""num_trusted"": 8, ""fallback_used"": false}"
284,apra,apra_trust_weighted_clip,"[56, 14, 68, 81, 55, 62, 6, 63]",[],"{""base_clip"": 1.0, ""trust_weights"": {""56"": 0.183210551738739, ""14"": 0.183210551738739, ""68"": 0.0, ""81"": 0.183210551738739, ""55"": 0.183210551738739, ""62"": 0.0, ""6"": 0.08394724875688553, ""63"": 0.183210551738739}, ""num_aggregated"": 8}"
285,apra,apra_mad_filter,"[1, 89, 12, 78, 93, 21, 23, 98, 30]",[71],"{""median_norm"": 0.4879947764960942, ""mad"": 0.04996132658368116, ""k"": 2.0, ""num_accepted"": 9, ""safety_keep_used"": false, ""fallback_used"": false}"
285,apra,apra_hierarchical_cluster,"[1, 89, 12, 78, 93, 21, 23, 98]",[30],"{""best_k"": 2, ""best_score"": 0.7995181679725647, ""selected_cluster"": 0, ""cluster_scores"": {""0"": 5.330578804016113, ""1"": -1.0}, ""num_trusted"": 8, ""fallback_used"": false}"
285,apra,apra_trust_weighted_clip,"[1, 89, 12, 78, 93, 21, 23, 98]",[],"{""base_clip"": 1.0, ""trust_weights"": {""1"": 0.1852860450744629, ""89"": 0.0, ""12"": 0.1852860450744629, ""78"": 0.1852860450744629, ""93"": 0.07356975227594376, ""21"": 0.1852860450744629, ""23"": 0.1852860450744629, ""98"": 0.0}, ""num_aggregated"": 8}"
286,apra,apra_mad_filter,"[2, 76, 16, 34, 1, 82, 20, 15]","[27, 47]","{""median_norm"": 0.4949677624640032, ""mad"": 0.020301581793782275, ""k"": 2.0, ""num_accepted"": 8, ""safety_keep_used"": false, ""fallback_used"": false}"
286,apra,apra_hierarchical_cluster,"[76, 16, 34, 1]","[2, 82, 20, 15]","{""best_k"": 4, ""best_score"": 0.48104268312454224, ""selected_cluster"": 2, ""cluster_scores"": {""0"": 1.7173962593078613, ""1"": -1.0, ""2"": 3.612422227859497, ""3"": -1.0}, ""num_trusted"": 4, ""fallback_used"": false}"
286,apra,apra_trust_weighted_clip,"[76, 16, 34, 1]",[],"{""base_clip"": 1.0, ""trust_weights"": {""76"": 0.3333333432674408, ""16"": 0.3333333432674408, ""34"": 0.0, ""1"": 0.3333333432674408}, ""num_aggregated"": 4}"
287,apra,apra_mad_filter,"[1, 58, 23, 96, 80, 63, 69, 29, 26]",[47],"{""median_norm"": 0.5386255730619789, ""mad"": 0.043135583381416126, ""k"": 2.0, ""num_accepted"": 9, ""safety_keep_used"": false, ""fallback_used"": false}"
287,apra,apra_hierarchical_cluster,"[1, 58, 23, 80, 63, 29]","[96, 69, 26]","{""best_k"": 4, ""best_score"": 0.47401681542396545, ""selected_cluster"": 0, ""cluster_scores"": {""0"": 4.844552516937256, ""1"": -1.0, ""2"": -1.0, ""3"": -1.0}, ""num_trusted"": 6, ""fallback_used"": false}"
287,apra,apra_trust_weighted_clip,"[1, 58, 23, 80, 63, 29]",[],"{""base_clip"": 1.0, ""trust_weights"": {""1"": 0.20000000298023224, ""58"": 0.0, ""23"": 0.20000000298023224, ""80"": 0.20000000298023224, ""63"": 0.20000000298023224, ""29"": 0.20000000298023224}, ""num_aggregated"": 6}"
288,apra,apra_mad_filter,"[3, 60, 36, 89, 68, 87, 74]","[7, 14, 22]","{""median_norm"": 0.5058998403869255, ""mad"": 0.012533840663225437, ""k"": 2.0, ""num_accepted"": 7, ""safety_keep_used"": false, ""fallback_used"": false}"
288,apra,apra_hierarchical_cluster,"[3, 60, 89, 68, 87, 74]",[36],"{""best_k"": 2, ""best_score"": 0.6159395575523376, ""selected_cluster"": 0, ""cluster_scores"": {""0"": 1.938320517539978, ""1"": -1.0}, ""num_trusted"": 6, ""fallback_used"": false}"
288,apra,apra_trust_weighted_clip,"[3, 60, 89, 68, 87, 74]",[],"{""base_clip"": 1.0, ""trust_weights"": {""3"": 0.25, ""60"": 0.25, ""89"": 0.25, ""68"": 0.0, ""87"": 0.0, ""74"": 0.25}, ""num_aggregated"": 6}"
289,apra,apra_mad_filter,"[0, 45, 76, 75, 35, 37, 89, 60, 81, 99]",[],"{""median_norm"": 0.5365681574880719, ""mad"": 0.05915624301172864, ""k"": 2.0, ""num_accepted"": 10, ""safety_keep_used"": false, ""fallback_used"": false}"
289,apra,apra_hierarchical_cluster,"[45, 76, 75, 35, 37, 89, 60, 81, 99]",[0],"{""best_k"": 2, ""best_score"": 0.7460359930992126, ""selected_cluster"": 0, ""cluster_scores"": {""0"": 5.080504417419434, ""1"": -1.0}, ""num_trusted"": 9, ""fallback_used"": false}"
289,apra,apra_trust_weighted_clip,"[45, 76, 75, 35, 37, 89, 60, 81, 99]",[],"{""base_clip"": 1.0, ""trust_weights"": {""45"": 0.1666666716337204, ""76"": 0.1666666716337204, ""75"": 0.0, ""35"": 0.1666666716337204, ""37"": 0.1666666716337204, ""89"": 0.1666666716337204, ""60"": 0.0, ""81"": 0.1666666716337204, ""99"": 0.0}, ""num_aggregated"": 9}"
290,apra,apra_mad_filter,"[3, 76, 69, 70, 4, 23]","[95, 12, 86, 22]","{""median_norm"": 0.5433826831980344, ""mad"": 0.014678646695139796, ""k"": 2.0, ""num_accepted"": 6, ""safety_keep_used"": false, ""fallback_used"": false}"
290,apra,apra_hierarchical_cluster,"[3, 76, 70, 23]","[69, 4]","{""best_k"": 3, ""best_score"": 0.4465470314025879, ""selected_cluster"": 0, ""cluster_scores"": {""0"": 3.3034110069274902, ""1"": -1.0, ""2"": -1.0}, ""num_trusted"": 4, ""fallback_used"": false}"
290,apra,apra_trust_weighted_clip,"[3, 76, 70, 23]",[],"{""base_clip"": 1.0, ""trust_weights"": {""3"": 0.3333333432674408, ""76"": 0.3333333432674408, ""70"": 0.0, ""23"": 0.3333333432674408}, ""num_aggregated"": 4}"
291,apra,apra_mad_filter,"[2, 97, 52, 8, 69, 28, 54, 13, 96]",[17],"{""median_norm"": 0.623240374375796, ""mad"": 0.09952161811400945, ""k"": 2.0, ""num_accepted"": 9, ""safety_keep_used"": false, ""fallback_used"": false}"
291,apra,apra_hierarchical_cluster,"[2, 97, 52, 8, 69, 28, 13, 96]",[54],"{""best_k"": 2, ""best_score"": 0.5126687288284302, ""selected_cluster"": 0, ""cluster_scores"": {""0"": 0.4005264639854431, ""1"": -1.0}, ""num_trusted"": 8, ""fallback_used"": false}"
291,apra,apra_trust_weighted_clip,"[2, 97, 52, 8, 69, 28, 13, 96]",[],"{""base_clip"": 1.0, ""trust_weights"": {""2"": 0.14156687259674072, ""97"": 0.14415797591209412, ""52"": 0.14415797591209412, ""8"": 0.0, ""69"": 0.14023429155349731, ""28"": 0.14415797591209412, ""13"": 0.14415797591209412, ""96"": 0.14156687259674072}, ""num_aggregated"": 8}"
292,apra,apra_mad_filter,"[0, 72, 70, 20, 46, 63, 85, 9, 52]",[5],"{""median_norm"": 0.5989640239395262, ""mad"": 0.07491929668138719, ""k"": 2.0, ""num_accepted"": 9, ""safety_keep_used"": false, ""fallback_used"": false}"
292,apra,apra_hierarchical_cluster,"[72, 70, 20, 46, 63, 85, 9, 52]",[0],"{""best_k"": 2, ""best_score"": 0.5789291858673096, ""selected_cluster"": 0, ""cluster_scores"": {""0"": 3.7431979179382324, ""1"": -1.0}, ""num_trusted"": 8, ""fallback_used"": false}"
292,apra,apra_trust_weighted_clip,"[72, 70, 20, 46, 63, 85, 9, 52]",[],"{""base_clip"": 1.0, ""trust_weights"": {""72"": 0.1428571492433548, ""70"": 0.1428571492433548, ""20"": 0.0, ""46"": 0.1428571492433548, ""63"": 0.1428571492433548, ""85"": 0.1428571492433548, ""9"": 0.1428571492433548, ""52"": 0.1428571492433548}, ""num_aggregated"": 8}"
293,apra,apra_mad_filter,"[1, 92, 7, 95, 84, 51, 31, 59, 8, 29]",[],"{""median_norm"": 0.5725368280250043, ""mad"": 0.08858868140177276, ""k"": 2.0, ""num_accepted"": 10, ""safety_keep_used"": false, ""fallback_used"": false}"
293,apra,apra_hierarchical_cluster,"[1, 92, 7, 95, 84, 51, 59, 8, 29]",[31],"{""best_k"": 2, ""best_score"": 0.72251957654953, ""selected_cluster"": 0, ""cluster_scores"": {""0"": 4.12741756439209, ""1"": -1.0}, ""num_trusted"": 9, ""fallback_used"": false}"
293,apra,apra_trust_weighted_clip,"[1, 92, 7, 95, 84, 51, 59, 8, 29]",[],"{""base_clip"": 1.0, ""trust_weights"": {""1"": 0.1428571492433548, ""92"": 0.0, ""7"": 0.1428571492433548, ""95"": 0.1428571492433548, ""84"": 0.1428571492433548, ""51"": 0.1428571492433548, ""59"": 0.1428571492433548, ""8"": 0.0, ""29"": 0.1428571492433548}, ""num_aggregated"": 9}"
294,apra,apra_mad_filter,"[2, 44, 80, 46, 14, 16, 51, 57, 49]",[41],"{""median_norm"": 0.49465189514629876, ""mad"": 0.04788151826228998, ""k"": 2.0, ""num_accepted"": 9, ""safety_keep_used"": false, ""fallback_used"": false}"
294,apra,apra_hierarchical_cluster,"[2, 80, 46, 14, 16, 57, 49]","[44, 51]","{""best_k"": 2, ""best_score"": 0.5156340599060059, ""selected_cluster"": 0, ""cluster_scores"": {""0"": 3.4117372035980225, ""1"": 1.9650778770446777}, ""num_trusted"": 7, ""fallback_used"": false}"
294,apra,apra_trust_weighted_clip,"[2, 80, 46, 14, 16, 57, 49]",[],"{""base_clip"": 1.0, ""trust_weights"": {""2"": 0.0, ""80"": 0.0, ""46"": 0.0, ""14"": 0.1910170614719391, ""16"": 0.26966097950935364, ""57"": 0.26966097950935364, ""49"": 0.26966097950935364}, ""num_aggregated"": 7}"
295,apra,apra_mad_filter,"[0, 56, 91, 53, 20, 74, 52, 70, 51]",[45],"{""median_norm"": 0.47609047181403796, ""mad"": 0.09885398292740097, ""k"": 2.0, ""num_accepted"": 9, ""safety_keep_used"": false, ""fallback_used"": false}"
295,apra,apra_hierarchical_cluster,"[56, 91, 53, 20, 74, 52, 70, 51]",[0],"{""best_k"": 2, ""best_score"": 0.7774403095245361, ""selected_cluster"": 0, ""cluster_scores"": {""0"": 3.9767093658447266, ""1"": -1.0}, ""num_trusted"": 8, ""fallback_used"": false}"
295,apra,apra_trust_weighted_clip,"[56, 91, 53, 20, 74, 52, 70, 51]",[],"{""base_clip"": 1.0, ""trust_weights"": {""56"": 0.0, ""91"": 0.20000000298023224, ""53"": 0.20000000298023224, ""20"": 0.0, ""74"": 0.20000000298023224, ""52"": 0.20000000298023224, ""70"": 0.0, ""51"": 0.20000000298023224}, ""num_aggregated"": 8}"
296,apra,apra_mad_filter,"[1, 50, 7, 32, 49, 66, 63, 25]","[17, 47]","{""median_norm"": 0.5141482434530957, ""mad"": 0.049000855467217164, ""k"": 2.0, ""num_accepted"": 8, ""safety_keep_used"": false, ""fallback_used"": false}"
296,apra,apra_hierarchical_cluster,"[1, 50, 7, 49, 66, 63, 25]",[32],"{""best_k"": 2, ""best_score"": 0.6836737394332886, ""selected_cluster"": 0, ""cluster_scores"": {""0"": 4.184722423553467, ""1"": -1.0}, ""num_trusted"": 7, ""fallback_used"": false}"
296,apra,apra_trust_weighted_clip,"[1, 50, 7, 49, 66, 63, 25]",[],"{""base_clip"": 1.0, ""trust_weights"": {""1"": 0.1666666716337204, ""50"": 0.1666666716337204, ""7"": 0.1666666716337204, ""49"": 0.1666666716337204, ""66"": 0.0, ""63"": 0.1666666716337204, ""25"": 0.1666666716337204}, ""num_aggregated"": 7}"
297,apra,apra_mad_filter,"[1, 8, 80, 19, 23, 42, 36, 6, 71]",[47],"{""median_norm"": 0.5182580119468676, ""mad"": 0.06432568120423729, ""k"": 2.0, ""num_accepted"": 9, ""safety_keep_used"": false, ""fallback_used"": false}"
297,apra,apra_hierarchical_cluster,"[1, 8, 80, 19, 23, 36, 6]","[42, 71]","{""best_k"": 2, ""best_score"": 0.5357834696769714, ""selected_cluster"": 0, ""cluster_scores"": {""0"": 4.574759006500244, ""1"": 1.5857197046279907}, ""num_trusted"": 7, ""fallback_used"": false}"
297,apra,apra_trust_weighted_clip,"[1, 8, 80, 19, 23, 36, 6]",[],"{""base_clip"": 1.0, ""trust_weights"": {""1"": 0.1666666716337204, ""8"": 0.1666666716337204, ""80"": 0.1666666716337204, ""19"": 0.0, ""23"": 0.1666666716337204, ""36"": 0.1666666716337204, ""6"": 0.1666666716337204}, ""num_aggregated"": 7}"
298,apra,apra_mad_filter,"[50, 79, 35, 3, 57, 72, 27, 84]","[0, 60]","{""median_norm"": 0.5212066666684542, ""mad"": 0.038224994208896745, ""k"": 2.0, ""num_accepted"": 8, ""safety_keep_used"": false, ""fallback_used"": false}"
298,apra,apra_hierarchical_cluster,"[50, 79, 3, 57, 72, 27, 84]",[35],"{""best_k"": 2, ""best_score"": 0.5277296304702759, ""selected_cluster"": 0, ""cluster_scores"": {""0"": 3.587244987487793, ""1"": -1.0}, ""num_trusted"": 7, ""fallback_used"": false}"
298,apra,apra_trust_weighted_clip,"[50, 79, 3, 57, 72, 27, 84]",[],"{""base_clip"": 1.0, ""trust_weights"": {""50"": 0.0, ""79"": 0.20983164012432098, ""3"": 0.15087276697158813, ""57"": 0.20983164012432098, ""72"": 0.009800700470805168, ""27"": 0.20983164012432098, ""84"": 0.20983164012432098}, ""num_aggregated"": 7}"
299,apra,apra_mad_filter,"[64, 13, 69, 26, 82, 37, 16, 97, 8]",[4],"{""median_norm"": 0.5152854683287214, ""mad"": 0.031981560894072836, ""k"": 2.0, ""num_accepted"": 9, ""safety_keep_used"": false, ""fallback_used"": false}"
299,apra,apra_hierarchical_cluster,"[64, 13, 69, 26, 82, 37, 16, 97]",[8],"{""best_k"": 2, ""best_score"": 0.4732740819454193, ""selected_cluster"": 0, ""cluster_scores"": {""0"": 0.6074533462524414, ""1"": -1.0}, ""num_trusted"": 8, ""fallback_used"": false}"
299,apra,apra_trust_weighted_clip,"[64, 13, 69, 26, 82, 37, 16, 97]",[],"{""base_clip"": 1.0, ""trust_weights"": {""64"": 0.21693658828735352, ""13"": 0.0, ""69"": 0.0, ""26"": 0.21693658828735352, ""82"": 0.21693658828735352, ""37"": 0.0, ""16"": 0.21693658828735352, ""97"": 0.13225363194942474}, ""num_aggregated"": 8}"
300,apra,apra_mad_filter,"[82, 1, 56, 50, 38, 66, 37]","[0, 42, 70]","{""median_norm"": 0.5023461125246865, ""mad"": 0.03918867973573947, ""k"": 2.0, ""num_accepted"": 7, ""safety_keep_used"": false, ""fallback_used"": false}"
300,apra,apra_hierarchical_cluster,"[82, 1, 56, 50, 38, 37]",[66],"{""best_k"": 2, ""best_score"": 0.7403355836868286, ""selected_cluster"": 0, ""cluster_scores"": {""0"": 5.630363464355469, ""1"": -1.0}, ""num_trusted"": 6, ""fallback_used"": false}"
300,apra,apra_trust_weighted_clip,"[82, 1, 56, 50, 38, 37]",[],"{""base_clip"": 1.0, ""trust_weights"": {""82"": 0.20000000298023224, ""1"": 0.20000000298023224, ""56"": 0.0, ""50"": 0.20000000298023224, ""38"": 0.20000000298023224, ""37"": 0.20000000298023224}, ""num_aggregated"": 6}"
301,apra,apra_mad_filter,"[1, 92, 30, 0, 36, 56, 8]","[97, 73, 4]","{""median_norm"": 0.5586082714130898, ""mad"": 0.050681868249214945, ""k"": 2.0, ""num_accepted"": 7, ""safety_keep_used"": false, ""fallback_used"": false}"
301,apra,apra_hierarchical_cluster,"[1, 92, 30, 36, 56, 8]",[0],"{""best_k"": 2, ""best_score"": 0.6454839706420898, ""selected_cluster"": 0, ""cluster_scores"": {""0"": 4.426664352416992, ""1"": -1.0}, ""num_trusted"": 6, ""fallback_used"": false}"
301,apra,apra_trust_weighted_clip,"[1, 92, 30, 36, 56, 8]",[],"{""base_clip"": 1.0, ""trust_weights"": {""1"": 0.20000000298023224, ""92"": 0.20000000298023224, ""30"": 0.20000000298023224, ""36"": 0.20000000298023224, ""56"": 0.20000000298023224, ""8"": 0.0}, ""num_aggregated"": 6}"
302,apra,apra_mad_filter,"[1, 90, 41, 84, 92, 54, 0, 91, 69, 78]",[],"{""median_norm"": 0.6158130498897384, ""mad"": 0.09659883524411295, ""k"": 2.0, ""num_accepted"": 10, ""safety_keep_used"": false, ""fallback_used"": false}"
302,apra,apra_hierarchical_cluster,"[1, 90, 84, 92, 0, 91, 69, 78]","[41, 54]","{""best_k"": 2, ""best_score"": 0.6715348958969116, ""selected_cluster"": 1, ""cluster_scores"": {""0"": 1.9911521673202515, ""1"": 5.783729076385498}, ""num_trusted"": 8, ""fallback_used"": false}"
302,apra,apra_trust_weighted_clip,"[1, 90, 84, 92, 0, 91, 69, 78]",[],"{""base_clip"": 1.0, ""trust_weights"": {""1"": 0.14390473067760468, ""90"": 0.14390473067760468, ""84"": 0.14390473067760468, ""92"": 0.14390473067760468, ""0"": 0.0, ""91"": 0.14390473067760468, ""69"": 0.13657163083553314, ""78"": 0.14390473067760468}, ""num_aggregated"": 8}"
303,apra,apra_mad_filter,"[3, 5, 50, 36, 32, 61, 80]","[73, 88, 48]","{""median_norm"": 0.5061284598686759, ""mad"": 0.062484275574778536, ""k"": 2.0, ""num_accepted"": 7, ""safety_keep_used"": false, ""fallback_used"": false}"
303,apra,apra_hierarchical_cluster,"[3, 5, 50, 36, 61, 80]",[32],"{""best_k"": 2, ""best_score"": 0.5932222008705139, ""selected_cluster"": 0, ""cluster_scores"": {""0"": 4.607764720916748, ""1"": -1.0}, ""num_trusted"": 6, ""fallback_used"": false}"
303,apra,apra_trust_weighted_clip,"[3, 5, 50, 36, 61, 80]",[],"{""base_clip"": 1.0, ""trust_weights"": {""3"": 0.20159725844860077, ""5"": 0.19361095130443573, ""50"": 0.20159725844860077, ""36"": 0.0, ""61"": 0.20159725844860077, ""80"": 0.20159725844860077}, ""num_aggregated"": 6}"
304,apra,apra_mad_filter,"[0, 37, 60, 79, 7, 82, 41, 96, 71, 32]",[],"{""median_norm"": 0.6283837626595107, ""mad"": 0.0949154559529356, ""k"": 2.0, ""num_accepted"": 10, ""safety_keep_used"": false, ""fallback_used"": false}"
304,apra,apra_hierarchical_cluster,"[0, 37, 60, 79, 7, 82, 71, 32]","[41, 96]","{""best_k"": 2, ""best_score"": 0.7162895798683167, ""selected_cluster"": 0, ""cluster_scores"": {""0"": 4.347578525543213, ""1"": 1.963800072669983}, ""num_trusted"": 8, ""fallback_used"": false}"
304,apra,apra_trust_weighted_clip,"[0, 37, 60, 79, 7, 82, 71, 32]",[],"{""base_clip"": 1.0, ""trust_weights"": {""0"": 0.0, ""37"": 0.179890438914299, ""60"": 0.179890438914299, ""79"": 0.179890438914299, ""7"": 0.179890438914299, ""82"": 0.179890438914299, ""71"": 0.0, ""32"": 0.10054773837327957}, ""num_aggregated"": 8}"
305,apra,apra_mad_filter,"[0, 34, 61, 2, 63, 84, 68, 74, 4]",[17],"{""median_norm"": 0.5582573628414904, ""mad"": 0.11393325830905746, ""k"": 2.0, ""num_accepted"": 9, ""safety_keep_used"": false, ""fallback_used"": false}"
305,apra,apra_hierarchical_cluster,"[34, 61, 2, 63, 84, 68, 74, 4]",[0],"{""best_k"": 2, ""best_score"": 0.6677191257476807, ""selected_cluster"": 0, ""cluster_scores"": {""0"": 3.9516618251800537, ""1"": -1.0}, ""num_trusted"": 8, ""fallback_used"": false}"
305,apra,apra_trust_weighted_clip,"[34, 61, 2, 63, 84, 68, 74, 4]",[],"{""base_clip"": 1.0, ""trust_weights"": {""34"": 0.1666666716337204, ""61"": 0.1666666716337204, ""2"": 0.0, ""63"": 0.1666666716337204, ""84"": 0.1666666716337204, ""68"": 0.1666666716337204, ""74"": 0.1666666716337204, ""4"": 0.0}, ""num_aggregated"": 8}"
306,apra,apra_mad_filter,"[1, 59, 55, 34, 48, 15, 25, 0, 99]",[88],"{""median_norm"": 0.5705724200170141, ""mad"": 0.0685045398735056, ""k"": 2.0, ""num_accepted"": 9, ""safety_keep_used"": false, ""fallback_used"": false}"
306,apra,apra_hierarchical_cluster,"[1, 59, 55, 34, 15, 25, 0, 99]",[48],"{""best_k"": 2, ""best_score"": 0.618004322052002, ""selected_cluster"": 0, ""cluster_scores"": {""0"": 5.139751434326172, ""1"": -1.0}, ""num_trusted"": 8, ""fallback_used"": false}"
306,apra,apra_trust_weighted_clip,"[1, 59, 55, 34, 15, 25, 0, 99]",[],"{""base_clip"": 1.0, ""trust_weights"": {""1"": 0.16506187617778778, ""59"": 0.16506187617778778, ""55"": 0.1288210153579712, ""34"": 0.16506187617778778, ""15"": 0.16506187617778778, ""25"": 0.16506187617778778, ""0"": 0.0, ""99"": 0.045869577676057816}, ""num_aggregated"": 8}"
307,apra,apra_mad_filter,"[0, 42, 7, 16, 70, 63, 43, 39]","[81, 80]","{""median_norm"": 0.6243260223627286, ""mad"": 0.036075453699151605, ""k"": 2.0, ""num_accepted"": 8, ""safety_keep_used"": false, ""fallback_used"": false}"
307,apra,apra_hierarchical_cluster,"[7, 16, 70, 63, 43, 39]","[0, 42]","{""best_k"": 3, ""best_score"": 0.6687560081481934, ""selected_cluster"": 0, ""cluster_scores"": {""0"": 5.085644721984863, ""1"": -1.0, ""2"": -1.0}, ""num_trusted"": 6, ""fallback_used"": false}"
307,apra,apra_trust_weighted_clip,"[7, 16, 70, 63, 43, 39]",[],"{""base_clip"": 1.0, ""trust_weights"": {""7"": 0.0, ""16"": 0.25, ""70"": 0.25, ""63"": 0.0, ""43"": 0.25, ""39"": 0.25}, ""num_aggregated"": 6}"
308,apra,apra_mad_filter,"[3, 27, 66, 37, 63, 40, 4]","[70, 0, 24]","{""median_norm"": 0.5327158971839574, ""mad"": 0.040374358398046484, ""k"": 2.0, ""num_accepted"": 7, ""safety_keep_used"": false, ""fallback_used"": false}"
308,apra,apra_hierarchical_cluster,"[3, 37, 63, 40]","[27, 66, 4]","{""best_k"": 3, ""best_score"": 0.403349906206131, ""selected_cluster"": 0, ""cluster_scores"": {""0"": 2.6996607780456543, ""1"": 1.9759719371795654, ""2"": -1.0}, ""num_trusted"": 4, ""fallback_used"": false}"
308,apra,apra_trust_weighted_clip,"[3, 37, 63, 40]",[],"{""base_clip"": 1.0, ""trust_weights"": {""3"": 0.4162675142288208, ""37"": 0.4162675142288208, ""63"": 0.0, ""40"": 0.16746491193771362}, ""num_aggregated"": 4}"
309,apra,apra_mad_filter,"[3, 21, 66, 22, 65, 42, 0, 57, 45, 41]",[],"{""median_norm"": 0.5351173726460443, ""mad"": 0.10359311877034952, ""k"": 2.0, ""num_accepted"": 10, ""safety_keep_used"": false, ""fallback_used"": false}"
309,apra,apra_hierarchical_cluster,"[3, 21, 66, 22, 65, 42, 0, 57, 45]",[41],"{""best_k"": 2, ""best_score"": 0.6232287883758545, ""selected_cluster"": 0, ""cluster_scores"": {""0"": 3.3792011737823486, ""1"": -1.0}, ""num_trusted"": 9, ""fallback_used"": false}"
309,apra,apra_trust_weighted_clip,"[3, 21, 66, 22, 65, 42, 0, 57, 45]",[],"{""base_clip"": 1.0, ""trust_weights"": {""3"": 0.1453516185283661, ""21"": 0.1453516185283661, ""66"": 0.12789028882980347, ""22"": 0.1453516185283661, ""65"": 0.1453516185283661, ""42"": 0.0, ""0"": 0.0, ""57"": 0.1453516185283661, ""45"": 0.1453516185283661}, ""num_aggregated"": 9}"
310,apra,apra_mad_filter,"[1, 2, 48, 89, 18, 69, 47, 10, 41]",[24],"{""median_norm"": 0.6174976378282746, ""mad"": 0.07178488109809039, ""k"": 2.0, ""num_accepted"": 9, ""safety_keep_used"": false, ""fallback_used"": false}"
310,apra,apra_hierarchical_cluster,"[1, 2, 89, 18, 69, 47, 10, 41]",[48],"{""best_k"": 2, ""best_score"": 0.49677079916000366, ""selected_cluster"": 0, ""cluster_scores"": {""0"": 0.4356403350830078, ""1"": -1.0}, ""num_trusted"": 8, ""fallback_used"": false}"
310,apra,apra_trust_weighted_clip,"[1, 2, 89, 18, 69, 47, 10, 41]",[],"{""base_clip"": 1.0, ""trust_weights"": {""1"": 0.15349602699279785, ""2"": 0.15349602699279785, ""89"": 0.15349602699279785, ""18"": 0.15349602699279785, ""69"": 0.15349602699279785, ""47"": 0.0, ""10"": 0.07902389019727707, ""41"": 0.15349602699279785}, ""num_aggregated"": 8}"
311,apra,apra_mad_filter,"[2, 8, 15, 25, 43, 21, 33, 60, 11, 12]",[],"{""median_norm"": 0.575927753774699, ""mad"": 0.05607932731383797, ""k"": 2.0, ""num_accepted"": 10, ""safety_keep_used"": false, ""fallback_used"": false}"
311,apra,apra_hierarchical_cluster,"[2, 15, 25, 43, 21, 33, 60, 11, 12]",[8],"{""best_k"": 2, ""best_score"": 0.6248812675476074, ""selected_cluster"": 0, ""cluster_scores"": {""0"": 2.0313990116119385, ""1"": -1.0}, ""num_trusted"": 9, ""fallback_used"": false}"
311,apra,apra_trust_weighted_clip,"[2, 15, 25, 43, 21, 33, 60, 11, 12]",[],"{""base_clip"": 1.0, ""trust_weights"": {""2"": 0.0, ""15"": 0.1428571492433548, ""25"": 0.0, ""43"": 0.1428571492433548, ""21"": 0.1428571492433548, ""33"": 0.1428571492433548, ""60"": 0.1428571492433548, ""11"": 0.1428571492433548, ""12"": 0.1428571492433548}, ""num_aggregated"": 9}"
312,apra,apra_mad_filter,"[3, 66, 61, 87, 98, 45, 1, 93]","[71, 47]","{""median_norm"": 0.5196398524749698, ""mad"": 0.038802518895315774, ""k"": 2.0, ""num_accepted"": 8, ""safety_keep_used"": false, ""fallback_used"": false}"
312,apra,apra_hierarchical_cluster,"[3, 61, 87, 98, 45, 1, 93]",[66],"{""best_k"": 2, ""best_score"": 0.6638059020042419, ""selected_cluster"": 0, ""cluster_scores"": {""0"": 5.741918563842773, ""1"": -1.0}, ""num_trusted"": 7, ""fallback_used"": false}"
312,apra,apra_trust_weighted_clip,"[3, 61, 87, 98, 45, 1, 93]",[],"{""base_clip"": 1.0, ""trust_weights"": {""3"": 0.1666666716337204, ""61"": 0.0, ""87"": 0.1666666716337204, ""98"": 0.1666666716337204, ""45"": 0.1666666716337204, ""1"": 0.1666666716337204, ""93"": 0.1666666716337204}, ""num_aggregated"": 7}"
313,apra,apra_mad_filter,"[27, 80, 89, 16, 68, 82, 35, 12]","[0, 96]","{""median_norm"": 0.44273372917750103, ""mad"": 0.050083447311397356, ""k"": 2.0, ""num_accepted"": 8, ""safety_keep_used"": false, ""fallback_used"": false}"
313,apra,apra_hierarchical_cluster,"[27, 80, 89, 16, 68, 35, 12]",[82],"{""best_k"": 2, ""best_score"": 0.6073118448257446, ""selected_cluster"": 0, ""cluster_scores"": {""0"": 5.771228313446045, ""1"": -1.0}, ""num_trusted"": 7, ""fallback_used"": false}"
313,apra,apra_trust_weighted_clip,"[27, 80, 89, 16, 68, 35, 12]",[],"{""base_clip"": 1.0, ""trust_weights"": {""27"": 0.1666666716337204, ""80"": 0.1666666716337204, ""89"": 0.1666666716337204, ""16"": 0.1666666716337204, ""68"": 0.1666666716337204, ""35"": 0.1666666716337204, ""12"": 0.0}, ""num_aggregated"": 7}"
314,apra,apra_mad_filter,"[4, 3, 46, 96, 12, 38, 14, 2, 92]",[17],"{""median_norm"": 0.5735879368963501, ""mad"": 0.07520543089217777, ""k"": 2.0, ""num_accepted"": 9, ""safety_keep_used"": false, ""fallback_used"": false}"
314,apra,apra_hierarchical_cluster,"[4, 3, 46, 12, 38, 14, 92]","[96, 2]","{""best_k"": 2, ""best_score"": 0.576665997505188, ""selected_cluster"": 0, ""cluster_scores"": {""0"": 2.4624390602111816, ""1"": 1.9936673641204834}, ""num_trusted"": 7, ""fallback_used"": false}"
314,apra,apra_trust_weighted_clip,"[4, 3, 46, 12, 38, 14, 92]",[],"{""base_clip"": 1.0, ""trust_weights"": {""4"": 0.0, ""3"": 0.20000000298023224, ""46"": 0.0, ""12"": 0.20000000298023224, ""38"": 0.20000000298023224, ""14"": 0.20000000298023224, ""92"": 0.20000000298023224}, ""num_aggregated"": 7}"
315,apra,apra_mad_filter,"[0, 64, 34, 81, 6, 36, 95, 9]","[48, 43]","{""median_norm"": 0.5893934480497538, ""mad"": 0.04143568138931869, ""k"": 2.0, ""num_accepted"": 8, ""safety_keep_used"": false, ""fallback_used"": false}"
315,apra,apra_hierarchical_cluster,"[64, 34, 81, 6, 36, 95, 9]",[0],"{""best_k"": 2, ""best_score"": 0.6702296733856201, ""selected_cluster"": 0, ""cluster_scores"": {""0"": 3.9120144844055176, ""1"": -1.0}, ""num_trusted"": 7, ""fallback_used"": false}"
315,apra,apra_trust_weighted_clip,"[64, 34, 81, 6, 36, 95, 9]",[],"{""base_clip"": 1.0, ""trust_weights"": {""64"": 0.1666666716337204, ""34"": 0.1666666716337204, ""81"": 0.1666666716337204, ""6"": 0.1666666716337204, ""36"": 0.0, ""95"": 0.1666666716337204, ""9"": 0.1666666716337204}, ""num_aggregated"": 7}"
316,apra,apra_mad_filter,"[3, 75, 78, 28, 20, 61, 53, 90, 80]",[99],"{""median_norm"": 0.5632316552975654, ""mad"": 0.06439850215679005, ""k"": 2.0, ""num_accepted"": 9, ""safety_keep_used"": false, ""fallback_used"": false}"
316,apra,apra_hierarchical_cluster,"[3, 75, 78, 28, 61, 53, 90, 80]",[20],"{""best_k"": 2, ""best_score"": 0.5209742784500122, ""selected_cluster"": 0, ""cluster_scores"": {""0"": 1.878326654434204, ""1"": -1.0}, ""num_trusted"": 8, ""fallback_used"": false}"
316,apra,apra_trust_weighted_clip,"[3, 75, 78, 28, 61, 53, 90, 80]",[],"{""base_clip"": 1.0, ""trust_weights"": {""3"": 0.15353503823280334, ""75"": 0.15353503823280334, ""78"": 0.0, ""28"": 0.15353503823280334, ""61"": 0.07878976315259933, ""53"": 0.15353503823280334, ""90"": 0.15353503823280334, ""80"": 0.15353503823280334}, ""num_aggregated"": 8}"
317,apra,apra_mad_filter,"[1, 72, 74, 75, 34, 58, 29, 66, 60]",[49],"{""median_norm"": 0.49751237817047256, ""mad"": 0.029408081124030483, ""k"": 2.0, ""num_accepted"": 9, ""safety_keep_used"": false, ""fallback_used"": false}"
317,apra,apra_hierarchical_cluster,"[1, 72, 74, 34, 58, 29, 60]","[75, 66]","{""best_k"": 2, ""best_score"": 0.5436108112335205, ""selected_cluster"": 0, ""cluster_scores"": {""0"": 2.081976890563965, ""1"": 1.907233715057373}, ""num_trusted"": 7, ""fallback_used"": false}"
317,apra,apra_trust_weighted_clip,"[1, 72, 74, 34, 58, 29, 60]",[],"{""base_clip"": 1.0, ""trust_weights"": {""1"": 0.17843475937843323, ""72"": 0.10782617330551147, ""74"": 0.17843475937843323, ""34"": 0.0, ""58"": 0.17843475937843323, ""29"": 0.17843475937843323, ""60"": 0.17843475937843323}, ""num_aggregated"": 7}"
318,apra,apra_mad_filter,"[26, 6, 20, 23, 27, 78]","[4, 73, 87, 48]","{""median_norm"": 0.5124935772203685, ""mad"": 0.03645475946802587, ""k"": 2.0, ""num_accepted"": 6, ""safety_keep_used"": false, ""fallback_used"": false}"
318,apra,apra_hierarchical_cluster,"[26, 6, 20, 23]","[27, 78]","{""best_k"": 2, ""best_score"": 0.4146367609500885, ""selected_cluster"": 1, ""cluster_scores"": {""0"": 1.5801513195037842, ""1"": 3.6454179286956787}, ""num_trusted"": 4, ""fallback_used"": false}"
318,apra,apra_trust_weighted_clip,"[26, 6, 20, 23]",[],"{""base_clip"": 1.0, ""trust_weights"": {""26"": 0.3333333432674408, ""6"": 0.3333333432674408, ""20"": 0.0, ""23"": 0.3333333432674408}, ""num_aggregated"": 4}"
319,apra,apra_mad_filter,"[0, 49, 7, 53, 26, 6, 57, 11, 20]",[47],"{""median_norm"": 0.6494188549547151, ""mad"": 0.07049195910057965, ""k"": 2.0, ""num_accepted"": 9, ""safety_keep_used"": false, ""fallback_used"": false}"
319,apra,apra_hierarchical_cluster,"[49, 7, 53, 26, 6, 57, 11, 20]",[0],"{""best_k"": 2, ""best_score"": 0.6634809374809265, ""selected_cluster"": 0, ""cluster_scores"": {""0"": 3.9116039276123047, ""1"": -1.0}, ""num_trusted"": 8, ""fallback_used"": false}"
319,apra,apra_trust_weighted_clip,"[49, 7, 53, 26, 6, 57, 11, 20]",[],"{""base_clip"": 1.0, ""trust_weights"": {""49"": 0.1666666716337204, ""7"": 0.1666666716337204, ""53"": 0.1666666716337204, ""26"": 0.0, ""6"": 0.1666666716337204, ""57"": 0.1666666716337204, ""11"": 0.1666666716337204, ""20"": 0.0}, ""num_aggregated"": 8}"
320,apra,apra_mad_filter,"[2, 16, 27, 62, 79, 39, 12, 18, 83, 41]",[],"{""median_norm"": 0.47892474876344493, ""mad"": 0.056286242130724445, ""k"": 2.0, ""num_accepted"": 10, ""safety_keep_used"": false, ""fallback_used"": false}"
320,apra,apra_hierarchical_cluster,"[2, 16, 27, 62, 79, 39, 12, 18, 83]",[41],"{""best_k"": 2, ""best_score"": 0.5464174747467041, ""selected_cluster"": 0, ""cluster_scores"": {""0"": 1.8918918371200562, ""1"": -1.0}, ""num_trusted"": 9, ""fallback_used"": false}"
320,apra,apra_trust_weighted_clip,"[2, 16, 27, 62, 79, 39, 12, 18, 83]",[],"{""base_clip"": 1.0, ""trust_weights"": {""2"": 0.0, ""16"": 0.2618957459926605, ""27"": 0.0, ""62"": 0.0, ""79"": 0.2618957459926605, ""39"": 0.0, ""12"": 0.21431270241737366, ""18"": 0.0, ""83"": 0.2618957459926605}, ""num_aggregated"": 9}"
321,apra,apra_mad_filter,"[4, 9, 73, 29, 56, 50, 75, 37, 25, 39]",[],"{""median_norm"": 0.4889180092020122, ""mad"": 0.08156561057255271, ""k"": 2.0, ""num_accepted"": 10, ""safety_keep_used"": false, ""fallback_used"": false}"
321,apra,apra_hierarchical_cluster,"[4, 29, 56, 50, 75, 37, 25, 39]","[9, 73]","{""best_k"": 3, ""best_score"": 0.5975358486175537, ""selected_cluster"": 0, ""cluster_scores"": {""0"": 3.9860923290252686, ""1"": -1.0, ""2"": -1.0}, ""num_trusted"": 8, ""fallback_used"": false}"
321,apra,apra_trust_weighted_clip,"[4, 29, 56, 50, 75, 37, 25, 39]",[],"{""base_clip"": 1.0, ""trust_weights"": {""4"": 0.0, ""29"": 0.1428571492433548, ""56"": 0.1428571492433548, ""50"": 0.1428571492433548, ""75"": 0.1428571492433548, ""37"": 0.1428571492433548, ""25"": 0.1428571492433548, ""39"": 0.1428571492433548}, ""num_aggregated"": 8}"
322,apra,apra_mad_filter,"[1, 55, 45, 87, 89, 25, 11, 85, 40, 95]",[],"{""median_norm"": 0.573436298596977, ""mad"": 0.07049288834121215, ""k"": 2.0, ""num_accepted"": 10, ""safety_keep_used"": false, ""fallback_used"": false}"
322,apra,apra_hierarchical_cluster,"[1, 55, 45, 87, 89, 25, 11, 85, 40]",[95],"{""best_k"": 2, ""best_score"": 0.5379936695098877, ""selected_cluster"": 0, ""cluster_scores"": {""0"": 2.287609577178955, ""1"": -1.0}, ""num_trusted"": 9, ""fallback_used"": false}"
322,apra,apra_trust_weighted_clip,"[1, 55, 45, 87, 89, 25, 11, 85, 40]",[],"{""base_clip"": 1.0, ""trust_weights"": {""1"": 0.20000000298023224, ""55"": 0.0, ""45"": 0.0, ""87"": 0.20000000298023224, ""89"": 0.20000000298023224, ""25"": 0.20000000298023224, ""11"": 0.0, ""85"": 0.0, ""40"": 0.20000000298023224}, ""num_aggregated"": 9}"
323,apra,apra_mad_filter,"[2, 89, 77, 36, 48, 54, 71, 98, 16, 5]",[],"{""median_norm"": 0.5215822519742955, ""mad"": 0.09828785703141943, ""k"": 2.0, ""num_accepted"": 10, ""safety_keep_used"": false, ""fallback_used"": false}"
323,apra,apra_hierarchical_cluster,"[2, 89, 77, 36, 48, 71, 98, 16, 5]",[54],"{""best_k"": 2, ""best_score"": 0.6746456623077393, ""selected_cluster"": 0, ""cluster_scores"": {""0"": 3.6511709690093994, ""1"": -1.0}, ""num_trusted"": 9, ""fallback_used"": false}"
323,apra,apra_trust_weighted_clip,"[2, 89, 77, 36, 48, 71, 98, 16, 5]",[],"{""base_clip"": 1.0, ""trust_weights"": {""2"": 0.004358879290521145, ""89"": 0.1652137041091919, ""77"": 0.1652137041091919, ""36"": 0.1652137041091919, ""48"": 0.0, ""71"": 0.004358879290521145, ""98"": 0.1652137041091919, ""16"": 0.1652137041091919, ""5"": 0.1652137041091919}, ""num_aggregated"": 9}"
324,apra,apra_mad_filter,"[4, 75, 41, 14, 38, 49, 90, 30, 84, 69]",[],"{""median_norm"": 0.6380173774333862, ""mad"": 0.09005081722461444, ""k"": 2.0, ""num_accepted"": 10, ""safety_keep_used"": false, ""fallback_used"": false}"
324,apra,apra_hierarchical_cluster,"[75, 41, 14, 38, 49, 90, 30, 84, 69]",[4],"{""best_k"": 2, ""best_score"": 0.5702470541000366, ""selected_cluster"": 0, ""cluster_scores"": {""0"": 2.9229965209960938, ""1"": -1.0}, ""num_trusted"": 9, ""fallback_used"": false}"
324,apra,apra_trust_weighted_clip,"[75, 41, 14, 38, 49, 90, 30, 84, 69]",[],"{""base_clip"": 1.0, ""trust_weights"": {""75"": 0.1428571492433548, ""41"": 0.0, ""14"": 0.1428571492433548, ""38"": 0.1428571492433548, ""49"": 0.1428571492433548, ""90"": 0.1428571492433548, ""30"": 0.1428571492433548, ""84"": 0.1428571492433548, ""69"": 0.0}, ""num_aggregated"": 9}"
325,apra,apra_mad_filter,"[3, 80, 71, 75, 62, 53, 30, 31, 87, 98]",[],"{""median_norm"": 0.571923407470488, ""mad"": 0.12424276495625516, ""k"": 2.0, ""num_accepted"": 10, ""safety_keep_used"": false, ""fallback_used"": false}"
325,apra,apra_hierarchical_cluster,"[3, 80, 71, 75, 62, 53, 30, 87, 98]",[31],"{""best_k"": 2, ""best_score"": 0.8087053298950195, ""selected_cluster"": 0, ""cluster_scores"": {""0"": 6.0416412353515625, ""1"": -1.0}, ""num_trusted"": 9, ""fallback_used"": false}"
325,apra,apra_trust_weighted_clip,"[3, 80, 71, 75, 62, 53, 30, 87, 98]",[],"{""base_clip"": 1.0, ""trust_weights"": {""3"": 0.125, ""80"": 0.125, ""71"": 0.125, ""75"": 0.125, ""62"": 0.125, ""53"": 0.125, ""30"": 0.0, ""87"": 0.125, ""98"": 0.125}, ""num_aggregated"": 9}"
326,apra,apra_mad_filter,"[26, 2, 36, 20, 27, 29, 89]","[0, 17, 31]","{""median_norm"": 0.5233281493798272, ""mad"": 0.052657757546566764, ""k"": 2.0, ""num_accepted"": 7, ""safety_keep_used"": false, ""fallback_used"": false}"
326,apra,apra_hierarchical_cluster,"[26, 2, 27, 29, 89]","[36, 20]","{""best_k"": 2, ""best_score"": 0.2570578157901764, ""selected_cluster"": 0, ""cluster_scores"": {""0"": 4.045131683349609, ""1"": 1.5704925060272217}, ""num_trusted"": 5, ""fallback_used"": false}"
326,apra,apra_trust_weighted_clip,"[26, 2, 27, 29, 89]",[],"{""base_clip"": 1.0, ""trust_weights"": {""26"": 0.0, ""2"": 0.024399299174547195, ""27"": 0.0, ""29"": 0.48780035972595215, ""89"": 0.48780035972595215}, ""num_aggregated"": 5}"
327,apra,apra_mad_filter,"[4, 68, 81, 98, 14, 85, 50, 0]","[31, 73]","{""median_norm"": 0.5720387757963237, ""mad"": 0.062357000162688414, ""k"": 2.0, ""num_accepted"": 8, ""safety_keep_used"": false, ""fallback_used"": false}"
327,apra,apra_hierarchical_cluster,"[4, 68, 81, 98, 14, 85, 50]",[0],"{""best_k"": 2, ""best_score"": 0.8088667392730713, ""selected_cluster"": 0, ""cluster_scores"": {""0"": 6.054587364196777, ""1"": -1.0}, ""num_trusted"": 7, ""fallback_used"": false}"
327,apra,apra_trust_weighted_clip,"[4, 68, 81, 98, 14, 85, 50]",[],"{""base_clip"": 1.0, ""trust_weights"": {""4"": 0.1666666716337204, ""68"": 0.1666666716337204, ""81"": 0.1666666716337204, ""98"": 0.1666666716337204, ""14"": 0.1666666716337204, ""85"": 0.0, ""50"": 0.1666666716337204}, ""num_aggregated"": 7}"
328,apra,apra_mad_filter,"[1, 42, 4, 79, 93, 92, 85, 20, 64, 3]",[],"{""median_norm"": 0.535831765555326, ""mad"": 0.09188616157149199, ""k"": 2.0, ""num_accepted"": 10, ""safety_keep_used"": false, ""fallback_used"": false}"
328,apra,apra_hierarchical_cluster,"[1, 4, 79, 93, 92, 85, 20, 64, 3]",[42],"{""best_k"": 2, ""best_score"": 0.7614511847496033, ""selected_cluster"": 0, ""cluster_scores"": {""0"": 4.757934093475342, ""1"": -1.0}, ""num_trusted"": 9, ""fallback_used"": false}"
328,apra,apra_trust_weighted_clip,"[1, 4, 79, 93, 92, 85, 20, 64, 3]",[],"{""base_clip"": 1.0, ""trust_weights"": {""1"": 0.1666666716337204, ""4"": 0.0, ""79"": 0.1666666716337204, ""93"": 0.1666666716337204, ""92"": 0.1666666716337204, ""85"": 0.0, ""20"": 0.0, ""64"": 0.1666666716337204, ""3"": 0.1666666716337204}, ""num_aggregated"": 9}"
329,apra,apra_mad_filter,"[2, 0, 4, 40, 32, 70, 56, 49, 55, 66]",[],"{""median_norm"": 0.5454232650116357, ""mad"": 0.07548792715661032, ""k"": 2.0, ""num_accepted"": 10, ""safety_keep_used"": false, ""fallback_used"": false}"
329,apra,apra_hierarchical_cluster,"[2, 4, 40, 32, 70, 56, 49, 55, 66]",[0],"{""best_k"": 2, ""best_score"": 0.6390393972396851, ""selected_cluster"": 0, ""cluster_scores"": {""0"": 3.0568573474884033, ""1"": -1.0}, ""num_trusted"": 9, ""fallback_used"": false}"
329,apra,apra_trust_weighted_clip,"[2, 4, 40, 32, 70, 56, 49, 55, 66]",[],"{""base_clip"": 1.0, ""trust_weights"": {""2"": 0.14582958817481995, ""4"": 0.13852524757385254, ""40"": 0.06981554627418518, ""32"": 0.0, ""70"": 0.14582958817481995, ""56"": 0.06981554627418518, ""49"": 0.14582958817481995, ""55"": 0.13852524757385254, ""66"": 0.14582958817481995}, ""num_aggregated"": 9}"
330,apra,apra_mad_filter,"[2, 60, 6, 64, 84, 20, 21]","[50, 95, 41]","{""median_norm"": 0.5172389603373247, ""mad"": 0.0281122414730203, ""k"": 2.0, ""num_accepted"": 7, ""safety_keep_used"": false, ""fallback_used"": false}"
330,apra,apra_hierarchical_cluster,"[2, 60, 6, 64, 84, 21]",[20],"{""best_k"": 2, ""best_score"": 0.4059748649597168, ""selected_cluster"": 0, ""cluster_scores"": {""0"": 1.7152293920516968, ""1"": -1.0}, ""num_trusted"": 6, ""fallback_used"": false}"
330,apra,apra_trust_weighted_clip,"[2, 60, 6, 64, 84, 21]",[],"{""base_clip"": 1.0, ""trust_weights"": {""2"": 0.0, ""60"": 0.25, ""6"": 0.25, ""64"": 0.25, ""84"": 0.25, ""21"": 0.0}, ""num_aggregated"": 6}"
331,apra,apra_mad_filter,"[3, 94, 65, 78, 54, 55, 26, 53, 4, 46]",[],"{""median_norm"": 0.5589051036291147, ""mad"": 0.1099358510305403, ""k"": 2.0, ""num_accepted"": 10, ""safety_keep_used"": false, ""fallback_used"": false}"
331,apra,apra_hierarchical_cluster,"[3, 94, 65, 78, 55, 26, 53, 4, 46]",[54],"{""best_k"": 2, ""best_score"": 0.6749475002288818, ""selected_cluster"": 0, ""cluster_scores"": {""0"": 3.299485683441162, ""1"": -1.0}, ""num_trusted"": 9, ""fallback_used"": false}"
331,apra,apra_trust_weighted_clip,"[3, 94, 65, 78, 55, 26, 53, 4, 46]",[],"{""base_clip"": 1.0, ""trust_weights"": {""3"": 0.1428571492433548, ""94"": 0.1428571492433548, ""65"": 0.0, ""78"": 0.1428571492433548, ""55"": 0.1428571492433548, ""26"": 0.0, ""53"": 0.1428571492433548, ""4"": 0.1428571492433548, ""46"": 0.1428571492433548}, ""num_aggregated"": 9}"
332,apra,apra_mad_filter,"[1, 63, 25, 68, 8, 72, 6, 73]","[19, 26]","{""median_norm"": 0.551672328786956, ""mad"": 0.07412626335287581, ""k"": 2.0, ""num_accepted"": 8, ""safety_keep_used"": false, ""fallback_used"": false}"
332,apra,apra_hierarchical_cluster,"[1, 63, 25, 68, 8, 72, 6]",[73],"{""best_k"": 2, ""best_score"": 0.7408576607704163, ""selected_cluster"": 0, ""cluster_scores"": {""0"": 3.8900294303894043, ""1"": -1.0}, ""num_trusted"": 7, ""fallback_used"": false}"
332,apra,apra_trust_weighted_clip,"[1, 63, 25, 68, 8, 72, 6]",[],"{""base_clip"": 1.0, ""trust_weights"": {""1"": 0.20000000298023224, ""63"": 0.20000000298023224, ""25"": 0.20000000298023224, ""68"": 0.0, ""8"": 0.20000000298023224, ""72"": 0.0, ""6"": 0.20000000298023224}, ""num_aggregated"": 7}"
333,apra,apra_mad_filter,"[3, 4, 12, 78, 75, 22, 38, 60, 64]",[70],"{""median_norm"": 0.4727144946044888, ""mad"": 0.04831308750310495, ""k"": 2.0, ""num_accepted"": 9, ""safety_keep_used"": false, ""fallback_used"": false}"
333,apra,apra_hierarchical_cluster,"[3, 4, 12, 78, 22, 38, 60, 64]",[75],"{""best_k"": 2, ""best_score"": 0.5598751902580261, ""selected_cluster"": 0, ""cluster_scores"": {""0"": 2.0777792930603027, ""1"": -1.0}, ""num_trusted"": 8, ""fallback_used"": false}"
333,apra,apra_trust_weighted_clip,"[3, 4, 12, 78, 22, 38, 60, 64]",[],"{""base_clip"": 1.0, ""trust_weights"": {""3"": 0.0008757440955378115, ""4"": 0.21661479771137238, ""12"": 0.13266511261463165, ""78"": 0.21661479771137238, ""22"": 0.21661479771137238, ""38"": 0.21661479771137238, ""60"": 0.0, ""64"": 0.0}, ""num_aggregated"": 8}"
334,apra,apra_mad_filter,"[0, 81, 60, 47, 13, 68, 89, 51, 18]",[88],"{""median_norm"": 0.6352181065053377, ""mad"": 0.09407245681411475, ""k"": 2.0, ""num_accepted"": 9, ""safety_keep_used"": false, ""fallback_used"": false}"
334,apra,apra_hierarchical_cluster,"[81, 60, 47, 13, 68, 89, 51, 18]",[0],"{""best_k"": 2, ""best_score"": 0.5998870730400085, ""selected_cluster"": 0, ""cluster_scores"": {""0"": 4.372670650482178, ""1"": -1.0}, ""num_trusted"": 8, ""fallback_used"": false}"
334,apra,apra_trust_weighted_clip,"[81, 60, 47, 13, 68, 89, 51, 18]",[],"{""base_clip"": 1.0, ""trust_weights"": {""81"": 0.20000000298023224, ""60"": 0.20000000298023224, ""47"": 0.0, ""13"": 0.20000000298023224, ""68"": 0.0, ""89"": 0.20000000298023224, ""51"": 0.0, ""18"": 0.20000000298023224}, ""num_aggregated"": 8}"
335,apra,apra_mad_filter,"[1, 73, 65, 85, 81, 84, 53, 25]","[0, 52]","{""median_norm"": 0.5457339940964592, ""mad"": 0.06015539506234105, ""k"": 2.0, ""num_accepted"": 8, ""safety_keep_used"": false, ""fallback_used"": false}"
335,apra,apra_hierarchical_cluster,"[1, 65, 85, 81, 84, 53, 25]",[73],"{""best_k"": 2, ""best_score"": 0.7393712997436523, ""selected_cluster"": 0, ""cluster_scores"": {""0"": 4.4433794021606445, ""1"": -1.0}, ""num_trusted"": 7, ""fallback_used"": false}"
335,apra,apra_trust_weighted_clip,"[1, 65, 85, 81, 84, 53, 25]",[],"{""base_clip"": 1.0, ""trust_weights"": {""1"": 0.24571983516216278, ""65"": 0.13142021000385284, ""85"": 0.13142021000385284, ""81"": 0.24571983516216278, ""84"": 0.24571983516216278, ""53"": 0.0, ""25"": 0.0}, ""num_aggregated"": 7}"
336,apra,apra_mad_filter,"[3, 68, 23, 65, 84, 9, 70, 74]","[88, 55]","{""median_norm"": 0.6349776566054677, ""mad"": 0.06375825958768894, ""k"": 2.0, ""num_accepted"": 8, ""safety_keep_used"": false, ""fallback_used"": false}"
336,apra,apra_hierarchical_cluster,"[3, 23, 65, 84, 9, 74]","[68, 70]","{""best_k"": 2, ""best_score"": 0.47615301609039307, ""selected_cluster"": 0, ""cluster_scores"": {""0"": 5.155873775482178, ""1"": 1.8847625255584717}, ""num_trusted"": 6, ""fallback_used"": false}"
336,apra,apra_trust_weighted_clip,"[3, 23, 65, 84, 9, 74]",[],"{""base_clip"": 1.0, ""trust_weights"": {""3"": 0.20000000298023224, ""23"": 0.20000000298023224, ""65"": 0.0, ""84"": 0.20000000298023224, ""9"": 0.20000000298023224, ""74"": 0.20000000298023224}, ""num_aggregated"": 6}"
337,apra,apra_mad_filter,"[3, 1, 49, 52, 65, 68, 9, 21, 63]",[88],"{""median_norm"": 0.5412490723117858, ""mad"": 0.08890831863211535, ""k"": 2.0, ""num_accepted"": 9, ""safety_keep_used"": false, ""fallback_used"": false}"
337,apra,apra_hierarchical_cluster,"[3, 1, 49, 52, 65, 68, 21, 63]",[9],"{""best_k"": 2, ""best_score"": 0.7321372628211975, ""selected_cluster"": 0, ""cluster_scores"": {""0"": 7.763779640197754, ""1"": -1.0}, ""num_trusted"": 8, ""fallback_used"": false}"
337,apra,apra_trust_weighted_clip,"[3, 1, 49, 52, 65, 68, 21, 63]",[],"{""base_clip"": 1.0, ""trust_weights"": {""3"": 0.16429197788238525, ""1"": 0.16429197788238525, ""49"": 0.16429197788238525, ""52"": 0.16429197788238525, ""65"": 0.0, ""68"": 0.16429197788238525, ""21"": 0.01424806471914053, ""63"": 0.16429197788238525}, ""num_aggregated"": 8}"
338,apra,apra_mad_filter,"[4, 7, 40, 94, 21, 22, 70, 87, 35]",[48],"{""median_norm"": 0.48581533475522454, ""mad"": 0.09005088020016683, ""k"": 2.0, ""num_accepted"": 9, ""safety_keep_used"": false, ""fallback_used"": false}"
338,apra,apra_hierarchical_cluster,"[7, 40, 94, 21, 22, 70, 87]","[4, 35]","{""best_k"": 2, ""best_score"": 0.3856218159198761, ""selected_cluster"": 0, ""cluster_scores"": {""0"": 4.631406784057617, ""1"": 1.840299129486084}, ""num_trusted"": 7, ""fallback_used"": false}"
338,apra,apra_trust_weighted_clip,"[7, 40, 94, 21, 22, 70, 87]",[],"{""base_clip"": 1.0, ""trust_weights"": {""7"": 0.0, ""40"": 0.0, ""94"": 0.25, ""21"": 0.25, ""22"": 0.25, ""70"": 0.0, ""87"": 0.25}, ""num_aggregated"": 7}"
339,apra,apra_mad_filter,"[42, 65, 2, 55, 70, 10, 87, 58, 77]",[3],"{""median_norm"": 0.5821707619481546, ""mad"": 0.03169448026657384, ""k"": 2.0, ""num_accepted"": 9, ""safety_keep_used"": false, ""fallback_used"": false}"
339,apra,apra_hierarchical_cluster,"[65, 2, 55, 70, 87, 58, 77]","[42, 10]","{""best_k"": 2, ""best_score"": 0.6149299144744873, ""selected_cluster"": 1, ""cluster_scores"": {""0"": 1.5835820436477661, ""1"": 3.7199771404266357}, ""num_trusted"": 7, ""fallback_used"": false}"
339,apra,apra_trust_weighted_clip,"[65, 2, 55, 70, 87, 58, 77]",[],"{""base_clip"": 1.0, ""trust_weights"": {""65"": 0.0, ""2"": 0.0, ""55"": 0.0, ""70"": 0.25, ""87"": 0.25, ""58"": 0.25, ""77"": 0.25}, ""num_aggregated"": 7}"
340,apra,apra_mad_filter,"[1, 81, 37, 13, 86, 79, 78, 57]","[21, 59]","{""median_norm"": 0.4843140193871579, ""mad"": 0.023095448933535156, ""k"": 2.0, ""num_accepted"": 8, ""safety_keep_used"": false, ""fallback_used"": false}"
340,apra,apra_hierarchical_cluster,"[1, 81, 37, 86, 79, 78, 57]",[13],"{""best_k"": 2, ""best_score"": 0.6267354488372803, ""selected_cluster"": 0, ""cluster_scores"": {""0"": 2.2014615535736084, ""1"": -1.0}, ""num_trusted"": 7, ""fallback_used"": false}"
340,apra,apra_trust_weighted_clip,"[1, 81, 37, 86, 79, 78, 57]",[],"{""base_clip"": 1.0, ""trust_weights"": {""1"": 0.1666666716337204, ""81"": 0.1666666716337204, ""37"": 0.1666666716337204, ""86"": 0.1666666716337204, ""79"": 0.1666666716337204, ""78"": 0.1666666716337204, ""57"": 0.0}, ""num_aggregated"": 7}"
341,apra,apra_mad_filter,"[28, 16, 6, 72, 8, 68, 34, 93, 1]",[0],"{""median_norm"": 0.4939998648999373, ""mad"": 0.05670723339472061, ""k"": 2.0, ""num_accepted"": 9, ""safety_keep_used"": false, ""fallback_used"": false}"
341,apra,apra_hierarchical_cluster,"[28, 16, 6, 68, 34, 93, 1]","[72, 8]","{""best_k"": 2, ""best_score"": 0.6253505349159241, ""selected_cluster"": 1, ""cluster_scores"": {""0"": 1.4182541370391846, ""1"": 6.459280967712402}, ""num_trusted"": 7, ""fallback_used"": false}"
341,apra,apra_trust_weighted_clip,"[28, 16, 6, 68, 34, 93, 1]",[],"{""base_clip"": 1.0, ""trust_weights"": {""28"": 0.0, ""16"": 0.20000000298023224, ""6"": 0.20000000298023224, ""68"": 0.20000000298023224, ""34"": 0.0, ""93"": 0.20000000298023224, ""1"": 0.20000000298023224}, ""num_aggregated"": 7}"
342,apra,apra_mad_filter,"[4, 70, 45, 93, 34, 33, 68, 59, 74]",[71],"{""median_norm"": 0.5376136725718297, ""mad"": 0.04910083620094258, ""k"": 2.0, ""num_accepted"": 9, ""safety_keep_used"": false, ""fallback_used"": false}"
342,apra,apra_hierarchical_cluster,"[4, 70, 93, 34, 33, 59, 74]","[45, 68]","{""best_k"": 2, ""best_score"": 0.5646689534187317, ""selected_cluster"": 0, ""cluster_scores"": {""0"": 2.5889086723327637, ""1"": 1.8760945796966553}, ""num_trusted"": 7, ""fallback_used"": false}"
342,apra,apra_trust_weighted_clip,"[4, 70, 93, 34, 33, 59, 74]",[],"{""base_clip"": 1.0, ""trust_weights"": {""4"": 0.17330694198608398, ""70"": 0.17330694198608398, ""93"": 0.1334652304649353, ""34"": 0.0, ""33"": 0.17330694198608398, ""59"": 0.17330694198608398, ""74"": 0.17330694198608398}, ""num_aggregated"": 7}"
343,apra,apra_mad_filter,"[0, 35, 69, 32, 25, 33, 54, 41, 70, 49]",[],"{""median_norm"": 0.5921861216200132, ""mad"": 0.11042623495610851, ""k"": 2.0, ""num_accepted"": 10, ""safety_keep_used"": false, ""fallback_used"": false}"
343,apra,apra_hierarchical_cluster,"[0, 35, 69, 32, 25, 33, 41, 70, 49]",[54],"{""best_k"": 2, ""best_score"": 0.5763106942176819, ""selected_cluster"": 0, ""cluster_scores"": {""0"": 2.5514025688171387, ""1"": -1.0}, ""num_trusted"": 9, ""fallback_used"": false}"
343,apra,apra_trust_weighted_clip,"[0, 35, 69, 32, 25, 33, 41, 70, 49]",[],"{""base_clip"": 1.0, ""trust_weights"": {""0"": 0.1428571492433548, ""35"": 0.1428571492433548, ""69"": 0.1428571492433548, ""32"": 0.0, ""25"": 0.1428571492433548, ""33"": 0.1428571492433548, ""41"": 0.0, ""70"": 0.1428571492433548, ""49"": 0.1428571492433548}, ""num_aggregated"": 9}"
344,apra,apra_mad_filter,"[3, 95, 82, 18, 50, 8, 24, 13, 28, 9]",[],"{""median_norm"": 0.5377852007489099, ""mad"": 0.062032800665944854, ""k"": 2.0, ""num_accepted"": 10, ""safety_keep_used"": false, ""fallback_used"": false}"
344,apra,apra_hierarchical_cluster,"[3, 82, 18, 50, 8, 24, 13, 28, 9]",[95],"{""best_k"": 2, ""best_score"": 0.4987739622592926, ""selected_cluster"": 0, ""cluster_scores"": {""0"": 0.7418352365493774, ""1"": -1.0}, ""num_trusted"": 9, ""fallback_used"": false}"
344,apra,apra_trust_weighted_clip,"[3, 82, 18, 50, 8, 24, 13, 28, 9]",[],"{""base_clip"": 1.0, ""trust_weights"": {""3"": 0.1428571492433548, ""82"": 0.1428571492433548, ""18"": 0.1428571492433548, ""50"": 0.1428571492433548, ""8"": 0.1428571492433548, ""24"": 0.0, ""13"": 0.1428571492433548, ""28"": 0.1428571492433548, ""9"": 0.0}, ""num_aggregated"": 9}"
345,apra,apra_mad_filter,"[4, 89, 3, 55, 91, 96, 94, 54, 39, 8]",[],"{""median_norm"": 0.5851160350093885, ""mad"": 0.12794043445411532, ""k"": 2.0, ""num_accepted"": 10, ""safety_keep_used"": false, ""fallback_used"": false}"
345,apra,apra_hierarchical_cluster,"[4, 89, 3, 55, 91, 96, 94, 39, 8]",[54],"{""best_k"": 2, ""best_score"": 0.836349368095398, ""selected_cluster"": 0, ""cluster_scores"": {""0"": 7.110973358154297, ""1"": -1.0}, ""num_trusted"": 9, ""fallback_used"": false}"
345,apra,apra_trust_weighted_clip,"[4, 89, 3, 55, 91, 96, 94, 39, 8]",[],"{""base_clip"": 1.0, ""trust_weights"": {""4"": 0.125, ""89"": 0.125, ""3"": 0.125, ""55"": 0.0, ""91"": 0.125, ""96"": 0.125, ""94"": 0.125, ""39"": 0.125, ""8"": 0.125}, ""num_aggregated"": 9}"
346,apra,apra_mad_filter,"[2, 82, 78, 74, 61, 39, 29, 4, 68]",[88],"{""median_norm"": 0.5096593949795427, ""mad"": 0.06111427657198895, ""k"": 2.0, ""num_accepted"": 9, ""safety_keep_used"": false, ""fallback_used"": false}"
346,apra,apra_hierarchical_cluster,"[2, 78, 74, 61, 39, 29, 4, 68]",[82],"{""best_k"": 2, ""best_score"": 0.4976806044578552, ""selected_cluster"": 0, ""cluster_scores"": {""0"": 7.896686553955078, ""1"": -1.0}, ""num_trusted"": 8, ""fallback_used"": false}"
346,apra,apra_trust_weighted_clip,"[2, 78, 74, 61, 39, 29, 4, 68]",[],"{""base_clip"": 1.0, ""trust_weights"": {""2"": 0.0, ""78"": 0.1428571492433548, ""74"": 0.1428571492433548, ""61"": 0.1428571492433548, ""39"": 0.1428571492433548, ""29"": 0.1428571492433548, ""4"": 0.1428571492433548, ""68"": 0.1428571492433548}, ""num_aggregated"": 8}"
347,apra,apra_mad_filter,"[3, 93, 72, 1, 90, 28, 57, 68, 23, 83]",[],"{""median_norm"": 0.4794415156845899, ""mad"": 0.037589646137781624, ""k"": 2.0, ""num_accepted"": 10, ""safety_keep_used"": false, ""fallback_used"": false}"
347,apra,apra_hierarchical_cluster,"[3, 93, 1, 90, 57, 68, 23, 83]","[72, 28]","{""best_k"": 2, ""best_score"": 0.5281857848167419, ""selected_cluster"": 0, ""cluster_scores"": {""0"": 2.3027706146240234, ""1"": 1.8685431480407715}, ""num_trusted"": 8, ""fallback_used"": false}"
347,apra,apra_trust_weighted_clip,"[3, 93, 1, 90, 57, 68, 23, 83]",[],"{""base_clip"": 1.0, ""trust_weights"": {""3"": 0.1428571492433548, ""93"": 0.1428571492433548, ""1"": 0.1428571492433548, ""90"": 0.1428571492433548, ""57"": 0.1428571492433548, ""68"": 0.1428571492433548, ""23"": 0.0, ""83"": 0.1428571492433548}, ""num_aggregated"": 8}"
348,apra,apra_mad_filter,"[2, 91, 31, 57, 14, 17, 54, 95, 68, 64]",[],"{""median_norm"": 0.530846915164836, ""mad"": 0.14404988385519069, ""k"": 2.0, ""num_accepted"": 10, ""safety_keep_used"": false, ""fallback_used"": false}"
348,apra,apra_hierarchical_cluster,"[2, 91, 57, 14, 17, 68, 64]","[31, 54, 95]","{""best_k"": 3, ""best_score"": 0.6457378268241882, ""selected_cluster"": 2, ""cluster_scores"": {""0"": 1.6906397342681885, ""1"": -1.0, ""2"": 5.256032943725586}, ""num_trusted"": 7, ""fallback_used"": false}"
348,apra,apra_trust_weighted_clip,"[2, 91, 57, 14, 17, 68, 64]",[],"{""base_clip"": 1.0, ""trust_weights"": {""2"": 0.0, ""91"": 0.1666666716337204, ""57"": 0.1666666716337204, ""14"": 0.1666666716337204, ""17"": 0.1666666716337204, ""68"": 0.1666666716337204, ""64"": 0.1666666716337204}, ""num_aggregated"": 7}"
349,apra,apra_mad_filter,"[0, 37, 11, 43, 41, 63, 70, 82, 13, 31]",[],"{""median_norm"": 0.5810259477028124, ""mad"": 0.0620447477854274, ""k"": 2.0, ""num_accepted"": 10, ""safety_keep_used"": false, ""fallback_used"": false}"
349,apra,apra_hierarchical_cluster,"[37, 11, 43, 41, 63, 70, 82, 13]","[0, 31]","{""best_k"": 3, ""best_score"": 0.6254189014434814, ""selected_cluster"": 0, ""cluster_scores"": {""0"": 5.380524635314941, ""1"": -1.0, ""2"": -1.0}, ""num_trusted"": 8, ""fallback_used"": false}"
349,apra,apra_trust_weighted_clip,"[37, 11, 43, 41, 63, 70, 82, 13]",[],"{""base_clip"": 1.0, ""trust_weights"": {""37"": 0.1666666716337204, ""11"": 0.1666666716337204, ""43"": 0.1666666716337204, ""41"": 0.0, ""63"": 0.1666666716337204, ""70"": 0.1666666716337204, ""82"": 0.0, ""13"": 0.1666666716337204}, ""num_aggregated"": 8}"
350,apra,apra_mad_filter,"[3, 26, 92, 10, 37, 22, 16, 62, 86, 44]",[],"{""median_norm"": 0.4530740231174304, ""mad"": 0.09643946485093227, ""k"": 2.0, ""num_accepted"": 10, ""safety_keep_used"": false, ""fallback_used"": false}"
350,apra,apra_hierarchical_cluster,"[3, 26, 92, 37, 22, 16, 62, 86, 44]",[10],"{""best_k"": 2, ""best_score"": 0.6354303359985352, ""selected_cluster"": 0, ""cluster_scores"": {""0"": 3.0791878700256348, ""1"": -1.0}, ""num_trusted"": 9, ""fallback_used"": false}"
350,apra,apra_trust_weighted_clip,"[3, 26, 92, 37, 22, 16, 62, 86, 44]",[],"{""base_clip"": 1.0, ""trust_weights"": {""3"": 0.1428571492433548, ""26"": 0.0, ""92"": 0.1428571492433548, ""37"": 0.1428571492433548, ""22"": 0.1428571492433548, ""16"": 0.1428571492433548, ""62"": 0.1428571492433548, ""86"": 0.1428571492433548, ""44"": 0.0}, ""num_aggregated"": 9}"
351,apra,apra_mad_filter,"[3, 18, 35, 62, 77, 78, 36, 93, 33, 32]",[],"{""median_norm"": 0.489853575499096, ""mad"": 0.05317590805787026, ""k"": 2.0, ""num_accepted"": 10, ""safety_keep_used"": false, ""fallback_used"": false}"
351,apra,apra_hierarchical_cluster,"[3, 18, 35, 62, 77, 78, 93, 33]","[36, 32]","{""best_k"": 3, ""best_score"": 0.47182923555374146, ""selected_cluster"": 0, ""cluster_scores"": {""0"": 3.1845614910125732, ""1"": -1.0, ""2"": -1.0}, ""num_trusted"": 8, ""fallback_used"": false}"
351,apra,apra_trust_weighted_clip,"[3, 18, 35, 62, 77, 78, 93, 33]",[],"{""base_clip"": 1.0, ""trust_weights"": {""3"": 0.1666666716337204, ""18"": 0.0, ""35"": 0.1666666716337204, ""62"": 0.0, ""77"": 0.1666666716337204, ""78"": 0.1666666716337204, ""93"": 0.1666666716337204, ""33"": 0.1666666716337204}, ""num_aggregated"": 8}"
352,apra,apra_mad_filter,"[1, 64, 70, 21, 58, 29, 93, 5]","[15, 46]","{""median_norm"": 0.49795849383852114, ""mad"": 0.032834878498509135, ""k"": 2.0, ""num_accepted"": 8, ""safety_keep_used"": false, ""fallback_used"": false}"
352,apra,apra_hierarchical_cluster,"[1, 70, 21, 58, 29, 93, 5]",[64],"{""best_k"": 2, ""best_score"": 0.4421388506889343, ""selected_cluster"": 0, ""cluster_scores"": {""0"": 3.022514820098877, ""1"": -1.0}, ""num_trusted"": 7, ""fallback_used"": false}"
352,apra,apra_trust_weighted_clip,"[1, 70, 21, 58, 29, 93, 5]",[],"{""base_clip"": 1.0, ""trust_weights"": {""1"": 0.1666666716337204, ""70"": 0.1666666716337204, ""21"": 0.1666666716337204, ""58"": 0.1666666716337204, ""29"": 0.1666666716337204, ""93"": 0.1666666716337204, ""5"": 0.0}, ""num_aggregated"": 7}"
353,apra,apra_mad_filter,"[4, 62, 53, 56, 18, 5, 68, 40, 1, 57]",[],"{""median_norm"": 0.5372367137156489, ""mad"": 0.08779403265877311, ""k"": 2.0, ""num_accepted"": 10, ""safety_keep_used"": false, ""fallback_used"": false}"
353,apra,apra_hierarchical_cluster,"[4, 62, 53, 56, 18, 5, 40, 1, 57]",[68],"{""best_k"": 2, ""best_score"": 0.6244233846664429, ""selected_cluster"": 0, ""cluster_scores"": {""0"": 1.8990365266799927, ""1"": -1.0}, ""num_trusted"": 9, ""fallback_used"": false}"
353,apra,apra_trust_weighted_clip,"[4, 62, 53, 56, 18, 5, 40, 1, 57]",[],"{""base_clip"": 1.0, ""trust_weights"": {""4"": 0.1666666716337204, ""62"": 0.1666666716337204, ""53"": 0.0, ""56"": 0.1666666716337204, ""18"": 0.1666666716337204, ""5"": 0.0, ""40"": 0.1666666716337204, ""1"": 0.0, ""57"": 0.1666666716337204}, ""num_aggregated"": 9}"
354,apra,apra_mad_filter,"[4, 36, 92, 1, 98, 15, 43, 57]","[52, 33]","{""median_norm"": 0.5223249431485566, ""mad"": 0.047060378860588725, ""k"": 2.0, ""num_accepted"": 8, ""safety_keep_used"": false, ""fallback_used"": false}"
354,apra,apra_hierarchical_cluster,"[4, 92, 1, 98, 43, 57]","[36, 15]","{""best_k"": 2, ""best_score"": 0.45528513193130493, ""selected_cluster"": 1, ""cluster_scores"": {""0"": 1.4008573293685913, ""1"": 1.9242634773254395}, ""num_trusted"": 6, ""fallback_used"": false}"
354,apra,apra_trust_weighted_clip,"[4, 92, 1, 98, 43, 57]",[],"{""base_clip"": 1.0, ""trust_weights"": {""4"": 0.47073864936828613, ""92"": 0.47073864936828613, ""1"": 0.0, ""98"": 0.029261291027069092, ""43"": 0.0, ""57"": 0.029261291027069092}, ""num_aggregated"": 6}"
355,apra,apra_mad_filter,"[38, 53, 50, 18, 15, 77, 79, 90, 63]",[3],"{""median_norm"": 0.47269261245873784, ""mad"": 0.03488627788216672, ""k"": 2.0, ""num_accepted"": 9, ""safety_keep_used"": false, ""fallback_used"": false}"
355,apra,apra_hierarchical_cluster,"[38, 53, 50, 18, 77, 79, 90, 63]",[15],"{""best_k"": 2, ""best_score"": 0.4897683560848236, ""selected_cluster"": 0, ""cluster_scores"": {""0"": 1.8858213424682617, ""1"": -1.0}, ""num_trusted"": 8, ""fallback_used"": false}"
355,apra,apra_trust_weighted_clip,"[38, 53, 50, 18, 77, 79, 90, 63]",[],"{""base_clip"": 1.0, ""trust_weights"": {""38"": 0.1540050506591797, ""53"": 0.0, ""50"": 0.1540050506591797, ""18"": 0.1540050506591797, ""77"": 0.1540050506591797, ""79"": 0.07596968859434128, ""90"": 0.1540050506591797, ""63"": 0.1540050506591797}, ""num_aggregated"": 8}"
356,apra,apra_mad_filter,"[4, 85, 41, 55, 44, 81, 39, 20, 34]",[17],"{""median_norm"": 0.6084282297365381, ""mad"": 0.08546580877187576, ""k"": 2.0, ""num_accepted"": 9, ""safety_keep_used"": false, ""fallback_used"": false}"
356,apra,apra_hierarchical_cluster,"[4, 85, 55, 44, 81, 39, 34]","[41, 20]","{""best_k"": 2, ""best_score"": 0.41253840923309326, ""selected_cluster"": 1, ""cluster_scores"": {""0"": 1.0721139907836914, ""1"": 1.9047456979751587}, ""num_trusted"": 7, ""fallback_used"": false}"
356,apra,apra_trust_weighted_clip,"[4, 85, 55, 44, 81, 39, 34]",[],"{""base_clip"": 1.0, ""trust_weights"": {""4"": 0.0, ""85"": 0.24246768653392792, ""55"": 0.24246768653392792, ""44"": 0.0, ""81"": 0.24246768653392792, ""39"": 0.030129311606287956, ""34"": 0.24246768653392792}, ""num_aggregated"": 7}"
357,apra,apra_mad_filter,"[2, 72, 55, 52, 59, 23, 79, 74, 78, 8]",[],"{""median_norm"": 0.5218931736124275, ""mad"": 0.05855397589867545, ""k"": 2.0, ""num_accepted"": 10, ""safety_keep_used"": false, ""fallback_used"": false}"
357,apra,apra_hierarchical_cluster,"[2, 72, 52, 23, 79, 74, 78, 8]","[55, 59]","{""best_k"": 2, ""best_score"": 0.5736185312271118, ""selected_cluster"": 1, ""cluster_scores"": {""0"": 1.6567732095718384, ""1"": 2.968297004699707}, ""num_trusted"": 8, ""fallback_used"": false}"
357,apra,apra_trust_weighted_clip,"[2, 72, 52, 23, 79, 74, 78, 8]",[],"{""base_clip"": 1.0, ""trust_weights"": {""2"": 0.0, ""72"": 0.1428571492433548, ""52"": 0.1428571492433548, ""23"": 0.1428571492433548, ""79"": 0.1428571492433548, ""74"": 0.1428571492433548, ""78"": 0.1428571492433548, ""8"": 0.1428571492433548}, ""num_aggregated"": 8}"
358,apra,apra_mad_filter,"[3, 21, 18, 92, 61, 79, 35, 6, 56]",[54],"{""median_norm"": 0.5100381014526275, ""mad"": 0.032278150741561346, ""k"": 2.0, ""num_accepted"": 9, ""safety_keep_used"": false, ""fallback_used"": false}"
358,apra,apra_hierarchical_cluster,"[3, 21, 18, 92, 61, 79, 35, 6]",[56],"{""best_k"": 2, ""best_score"": 0.5208951830863953, ""selected_cluster"": 0, ""cluster_scores"": {""0"": 7.080584526062012, ""1"": -1.0}, ""num_trusted"": 8, ""fallback_used"": false}"
358,apra,apra_trust_weighted_clip,"[3, 21, 18, 92, 61, 79, 35, 6]",[],"{""base_clip"": 1.0, ""trust_weights"": {""3"": 0.14467483758926392, ""21"": 0.14467483758926392, ""18"": 0.0, ""92"": 0.14467483758926392, ""61"": 0.1319509893655777, ""79"": 0.14467483758926392, ""35"": 0.14467483758926392, ""6"": 0.14467483758926392}, ""num_aggregated"": 8}"
359,apra,apra_mad_filter,"[0, 13, 41, 34, 14, 30, 67, 21, 57, 92]",[],"{""median_norm"": 0.6101141126624177, ""mad"": 0.11766429620815855, ""k"": 2.0, ""num_accepted"": 10, ""safety_keep_used"": false, ""fallback_used"": false}"
359,apra,apra_hierarchical_cluster,"[13, 34, 14, 30, 67, 21, 57, 92]","[0, 41]","{""best_k"": 3, ""best_score"": 0.6821430921554565, ""selected_cluster"": 0, ""cluster_scores"": {""0"": 5.641805648803711, ""1"": -1.0, ""2"": -1.0}, ""num_trusted"": 8, ""fallback_used"": false}"
359,apra,apra_trust_weighted_clip,"[13, 34, 14, 30, 67, 21, 57, 92]",[],"{""base_clip"": 1.0, ""trust_weights"": {""13"": 0.16484379768371582, ""34"": 0.16484379768371582, ""14"": 0.16484379768371582, ""30"": 0.010937245562672615, ""67"": 0.0, ""21"": 0.16484379768371582, ""57"": 0.16484379768371582, ""92"": 0.16484379768371582}, ""num_aggregated"": 8}"
360,apra,apra_mad_filter,"[1, 72, 53, 86, 69, 68, 28, 79, 18]",[31],"{""median_norm"": 0.5356932680903049, ""mad"": 0.07254182720582666, ""k"": 2.0, ""num_accepted"": 9, ""safety_keep_used"": false, ""fallback_used"": false}"
360,apra,apra_hierarchical_cluster,"[1, 72, 53, 86, 68, 28, 79, 18]",[69],"{""best_k"": 2, ""best_score"": 0.4945283532142639, ""selected_cluster"": 0, ""cluster_scores"": {""0"": 4.6351318359375, ""1"": -1.0}, ""num_trusted"": 8, ""fallback_used"": false}"
360,apra,apra_trust_weighted_clip,"[1, 72, 53, 86, 68, 28, 79, 18]",[],"{""base_clip"": 1.0, ""trust_weights"": {""1"": 0.1666666716337204, ""72"": 0.0, ""53"": 0.1666666716337204, ""86"": 0.1666666716337204, ""68"": 0.1666666716337204, ""28"": 0.0, ""79"": 0.1666666716337204, ""18"": 0.1666666716337204}, ""num_aggregated"": 8}"
361,apra,apra_mad_filter,"[1, 69, 86, 97, 78, 68, 50, 18, 20, 46]",[],"{""median_norm"": 0.5086141373613499, ""mad"": 0.07982987838970321, ""k"": 2.0, ""num_accepted"": 10, ""safety_keep_used"": false, ""fallback_used"": false}"
361,apra,apra_hierarchical_cluster,"[1, 86, 97, 78, 68, 50, 18, 20, 46]",[69],"{""best_k"": 2, ""best_score"": 0.5332598090171814, ""selected_cluster"": 0, ""cluster_scores"": {""0"": 2.776059865951538, ""1"": -1.0}, ""num_trusted"": 9, ""fallback_used"": false}"
361,apra,apra_trust_weighted_clip,"[1, 86, 97, 78, 68, 50, 18, 20, 46]",[],"{""base_clip"": 1.0, ""trust_weights"": {""1"": 0.1428571492433548, ""86"": 0.1428571492433548, ""97"": 0.1428571492433548, ""78"": 0.1428571492433548, ""68"": 0.0, ""50"": 0.1428571492433548, ""18"": 0.1428571492433548, ""20"": 0.0, ""46"": 0.1428571492433548}, ""num_aggregated"": 9}"
362,apra,apra_mad_filter,"[2, 55, 84, 65, 95, 24, 73, 53, 56]",[54],"{""median_norm"": 0.6628713312664534, ""mad"": 0.05961326483403728, ""k"": 2.0, ""num_accepted"": 9, ""safety_keep_used"": false, ""fallback_used"": false}"
362,apra,apra_hierarchical_cluster,"[2, 55, 84, 65, 24, 73, 53, 56]",[95],"{""best_k"": 2, ""best_score"": 0.6403582096099854, ""selected_cluster"": 0, ""cluster_scores"": {""0"": 4.552674770355225, ""1"": -1.0}, ""num_trusted"": 8, ""fallback_used"": false}"
362,apra,apra_trust_weighted_clip,"[2, 55, 84, 65, 24, 73, 53, 56]",[],"{""base_clip"": 1.0, ""trust_weights"": {""2"": 0.0, ""55"": 0.1666666716337204, ""84"": 0.1666666716337204, ""65"": 0.1666666716337204, ""24"": 0.1666666716337204, ""73"": 0.0, ""53"": 0.1666666716337204, ""56"": 0.1666666716337204}, ""num_aggregated"": 8}"
363,apra,apra_mad_filter,"[0, 8, 30, 47, 52, 48, 64, 35, 83, 71]",[],"{""median_norm"": 0.6689487365614173, ""mad"": 0.09477535958226213, ""k"": 2.0, ""num_accepted"": 10, ""safety_keep_used"": false, ""fallback_used"": false}"
363,apra,apra_hierarchical_cluster,"[8, 52, 64, 35, 83, 71]","[0, 30, 47, 48]","{""best_k"": 4, ""best_score"": 0.4537224769592285, ""selected_cluster"": 1, ""cluster_scores"": {""0"": 1.6379327774047852, ""1"": 2.330996513366699, ""2"": -1.0, ""3"": -1.0}, ""num_trusted"": 6, ""fallback_used"": false}"
363,apra,apra_trust_weighted_clip,"[8, 52, 64, 35, 83, 71]",[],"{""base_clip"": 1.0, ""trust_weights"": {""8"": 0.0, ""52"": 0.25, ""64"": 0.25, ""35"": 0.25, ""83"": 0.25, ""71"": 0.0}, ""num_aggregated"": 6}"
364,apra,apra_mad_filter,"[72, 40, 26, 63, 84, 11, 91, 99, 75]",[0],"{""median_norm"": 0.524673127917923, ""mad"": 0.08844728499749588, ""k"": 2.0, ""num_accepted"": 9, ""safety_keep_used"": false, ""fallback_used"": false}"
364,apra,apra_hierarchical_cluster,"[72, 40, 63, 84, 11, 91, 99, 75]",[26],"{""best_k"": 2, ""best_score"": 0.7331210374832153, ""selected_cluster"": 0, ""cluster_scores"": {""0"": 5.319703578948975, ""1"": -1.0}, ""num_trusted"": 8, ""fallback_used"": false}"
364,apra,apra_trust_weighted_clip,"[72, 40, 63, 84, 11, 91, 99, 75]",[],"{""base_clip"": 1.0, ""trust_weights"": {""72"": 0.20000000298023224, ""40"": 0.0, ""63"": 0.20000000298023224, ""84"": 0.20000000298023224, ""11"": 0.0, ""91"": 0.20000000298023224, ""99"": 0.20000000298023224, ""75"": 0.0}, ""num_aggregated"": 8}"
365,apra,apra_mad_filter,"[1, 53, 19, 62, 30, 81, 47, 0, 83, 52]",[],"{""median_norm"": 0.7683179241217755, ""mad"": 0.09453585116643576, ""k"": 2.0, ""num_accepted"": 10, ""safety_keep_used"": false, ""fallback_used"": false}"
365,apra,apra_hierarchical_cluster,"[1, 53, 62, 81, 83, 52]","[19, 30, 47, 0]","{""best_k"": 4, ""best_score"": 0.6237500905990601, ""selected_cluster"": 2, ""cluster_scores"": {""0"": 1.8580050468444824, ""1"": -1.0, ""2"": 5.8369140625, ""3"": -1.0}, ""num_trusted"": 6, ""fallback_used"": false}"
365,apra,apra_trust_weighted_clip,"[1, 53, 62, 81, 83, 52]",[],"{""base_clip"": 1.0, ""trust_weights"": {""1"": 0.0, ""53"": 0.30820703506469727, ""62"": 0.0, ""81"": 0.30820703506469727, ""83"": 0.07537893205881119, ""52"": 0.30820703506469727}, ""num_aggregated"": 6}"
366,apra,apra_mad_filter,"[0, 7, 94, 10, 20, 55, 53, 37, 50, 82]",[],"{""median_norm"": 0.5553931606854191, ""mad"": 0.11332469622826916, ""k"": 2.0, ""num_accepted"": 10, ""safety_keep_used"": false, ""fallback_used"": false}"
366,apra,apra_hierarchical_cluster,"[7, 94, 10, 20, 55, 53, 37, 50, 82]",[0],"{""best_k"": 2, ""best_score"": 0.5572606325149536, ""selected_cluster"": 0, ""cluster_scores"": {""0"": 2.9444265365600586, ""1"": -1.0}, ""num_trusted"": 9, ""fallback_used"": false}"
366,apra,apra_trust_weighted_clip,"[7, 94, 10, 20, 55, 53, 37, 50, 82]",[],"{""base_clip"": 1.0, ""trust_weights"": {""7"": 0.1666666716337204, ""94"": 0.1666666716337204, ""10"": 0.0, ""20"": 0.0, ""55"": 0.0, ""53"": 0.1666666716337204, ""37"": 0.1666666716337204, ""50"": 0.1666666716337204, ""82"": 0.1666666716337204}, ""num_aggregated"": 9}"
367,apra,apra_mad_filter,"[0, 75, 56, 10, 37, 78, 73, 11, 1]",[5],"{""median_norm"": 0.5280597155085243, ""mad"": 0.12435827020827686, ""k"": 2.0, ""num_accepted"": 9, ""safety_keep_used"": false, ""fallback_used"": false}"
367,apra,apra_hierarchical_cluster,"[0, 75, 56, 37, 78, 11, 1]","[10, 73]","{""best_k"": 2, ""best_score"": 0.6957970857620239, ""selected_cluster"": 0, ""cluster_scores"": {""0"": 5.119207382202148, ""1"": 1.9424481391906738}, ""num_trusted"": 7, ""fallback_used"": false}"
367,apra,apra_trust_weighted_clip,"[0, 75, 56, 37, 78, 11, 1]",[],"{""base_clip"": 1.0, ""trust_weights"": {""0"": 0.0, ""75"": 0.1666666716337204, ""56"": 0.1666666716337204, ""37"": 0.1666666716337204, ""78"": 0.1666666716337204, ""11"": 0.1666666716337204, ""1"": 0.1666666716337204}, ""num_aggregated"": 7}"
368,apra,apra_mad_filter,"[0, 77, 14, 56, 51, 46, 86, 76, 42, 40]",[],"{""median_norm"": 0.4794768947942156, ""mad"": 0.05254733969632694, ""k"": 2.0, ""num_accepted"": 10, ""safety_keep_used"": false, ""fallback_used"": false}"
368,apra,apra_hierarchical_cluster,"[0, 77, 14, 56, 51, 46, 86, 76, 40]",[42],"{""best_k"": 2, ""best_score"": 0.6372441053390503, ""selected_cluster"": 0, ""cluster_scores"": {""0"": 4.028990745544434, ""1"": -1.0}, ""num_trusted"": 9, ""fallback_used"": false}"
368,apra,apra_trust_weighted_clip,"[0, 77, 14, 56, 51, 46, 86, 76, 40]",[],"{""base_clip"": 1.0, ""trust_weights"": {""0"": 0.0, ""77"": 0.1428571492433548, ""14"": 0.1428571492433548, ""56"": 0.1428571492433548, ""51"": 0.0, ""46"": 0.1428571492433548, ""86"": 0.1428571492433548, ""76"": 0.1428571492433548, ""40"": 0.1428571492433548}, ""num_aggregated"": 9}"
369,apra,apra_mad_filter,"[2, 40, 93, 32, 7, 13, 61, 67, 35]",[5],"{""median_norm"": 0.5529367159394821, ""mad"": 0.08306850034007324, ""k"": 2.0, ""num_accepted"": 9, ""safety_keep_used"": false, ""fallback_used"": false}"
369,apra,apra_hierarchical_cluster,"[2, 40, 93, 7, 13, 61, 67, 35]",[32],"{""best_k"": 2, ""best_score"": 0.6163259744644165, ""selected_cluster"": 0, ""cluster_scores"": {""0"": 4.416316509246826, ""1"": -1.0}, ""num_trusted"": 8, ""fallback_used"": false}"
369,apra,apra_trust_weighted_clip,"[2, 40, 93, 7, 13, 61, 67, 35]",[],"{""base_clip"": 1.0, ""trust_weights"": {""2"": 0.0, ""40"": 0.14572206139564514, ""93"": 0.14572206139564514, ""7"": 0.14572206139564514, ""13"": 0.14572206139564514, ""61"": 0.12566761672496796, ""67"": 0.14572206139564514, ""35"": 0.14572206139564514}, ""num_aggregated"": 8}"
370,apra,apra_mad_filter,"[3, 84, 63, 94, 39, 98, 89, 21]","[17, 95]","{""median_norm"": 0.5228658242122038, ""mad"": 0.05432551232505056, ""k"": 2.0, ""num_accepted"": 8, ""safety_keep_used"": false, ""fallback_used"": false}"
370,apra,apra_hierarchical_cluster,"[3, 84, 63, 94, 98, 89, 21]",[39],"{""best_k"": 2, ""best_score"": 0.28146857023239136, ""selected_cluster"": 0, ""cluster_scores"": {""0"": 4.04764986038208, ""1"": -1.0}, ""num_trusted"": 7, ""fallback_used"": false}"
370,apra,apra_trust_weighted_clip,"[3, 84, 63, 94, 98, 89, 21]",[],"{""base_clip"": 1.0, ""trust_weights"": {""3"": 0.347412109375, ""84"": 0.0, ""63"": 0.14905765652656555, ""94"": 0.14905765652656555, ""98"": 0.0, ""89"": 0.347412109375, ""21"": 0.007060469593852758}, ""num_aggregated"": 7}"
371,apra,apra_mad_filter,"[0, 41, 24, 92, 44, 86, 87]","[83, 17, 71]","{""median_norm"": 0.6909371454602573, ""mad"": 0.05768872650196494, ""k"": 2.0, ""num_accepted"": 7, ""safety_keep_used"": false, ""fallback_used"": false}"
371,apra,apra_hierarchical_cluster,"[41, 24, 92, 44, 86, 87]",[0],"{""best_k"": 2, ""best_score"": 0.6013314127922058, ""selected_cluster"": 0, ""cluster_scores"": {""0"": 1.5328466892242432, ""1"": -1.0}, ""num_trusted"": 6, ""fallback_used"": false}"
371,apra,apra_trust_weighted_clip,"[41, 24, 92, 44, 86, 87]",[],"{""base_clip"": 1.0, ""trust_weights"": {""41"": 0.0, ""24"": 0.20000000298023224, ""92"": 0.20000000298023224, ""44"": 0.20000000298023224, ""86"": 0.20000000298023224, ""87"": 0.20000000298023224}, ""num_aggregated"": 6}"
372,apra,apra_mad_filter,"[4, 65, 59, 88, 26, 8, 64, 21, 14, 53]",[],"{""median_norm"": 0.6913154438344431, ""mad"": 0.10074584549480048, ""k"": 2.0, ""num_accepted"": 10, ""safety_keep_used"": false, ""fallback_used"": false}"
372,apra,apra_hierarchical_cluster,"[4, 65, 59, 26, 8, 64, 21, 14, 53]",[88],"{""best_k"": 2, ""best_score"": 0.8008930087089539, ""selected_cluster"": 0, ""cluster_scores"": {""0"": 6.501430034637451, ""1"": -1.0}, ""num_trusted"": 9, ""fallback_used"": false}"
372,apra,apra_trust_weighted_clip,"[4, 65, 59, 26, 8, 64, 21, 14, 53]",[],"{""base_clip"": 1.0, ""trust_weights"": {""4"": 0.1335175633430481, ""65"": 0.1335175633430481, ""59"": 0.1335175633430481, ""26"": 0.0, ""8"": 0.06537703424692154, ""64"": 0.1335175633430481, ""21"": 0.1335175633430481, ""14"": 0.1335175633430481, ""53"": 0.1335175633430481}, ""num_aggregated"": 9}"
373,apra,apra_mad_filter,"[48, 52, 14, 6, 96, 58, 8, 81]","[3, 73]","{""median_norm"": 0.6124045904789344, ""mad"": 0.05277347077930844, ""k"": 2.0, ""num_accepted"": 8, ""safety_keep_used"": false, ""fallback_used"": false}"
373,apra,apra_hierarchical_cluster,"[52, 14, 6, 96, 58, 8, 81]",[48],"{""best_k"": 2, ""best_score"": 0.7432955503463745, ""selected_cluster"": 0, ""cluster_scores"": {""0"": 3.6087732315063477, ""1"": -1.0}, ""num_trusted"": 7, ""fallback_used"": false}"
373,apra,apra_trust_weighted_clip,"[52, 14, 6, 96, 58, 8, 81]",[],"{""base_clip"": 1.0, ""trust_weights"": {""52"": 0.16884873807430267, ""14"": 0.16884873807430267, ""6"": 0.16884873807430267, ""96"": 0.16884873807430267, ""58"": 0.15575630962848663, ""8"": 0.0, ""81"": 0.16884873807430267}, ""num_aggregated"": 7}"
374,apra,apra_mad_filter,"[4, 87, 86, 52, 97, 9, 16, 64, 12, 28]",[],"{""median_norm"": 0.5284434829022626, ""mad"": 0.0730221457455397, ""k"": 2.0, ""num_accepted"": 10, ""safety_keep_used"": false, ""fallback_used"": false}"
374,apra,apra_hierarchical_cluster,"[4, 87, 86, 52, 97, 16, 64, 12, 28]",[9],"{""best_k"": 2, ""best_score"": 0.6036604046821594, ""selected_cluster"": 0, ""cluster_scores"": {""0"": 3.2530603408813477, ""1"": -1.0}, ""num_trusted"": 9, ""fallback_used"": false}"
374,apra,apra_trust_weighted_clip,"[4, 87, 86, 52, 97, 16, 64, 12, 28]",[],"{""base_clip"": 1.0, ""trust_weights"": {""4"": 0.029994530603289604, ""87"": 0.13857221603393555, ""86"": 0.13857221603393555, ""52"": 0.13857221603393555, ""97"": 0.0, ""16"": 0.13857221603393555, ""64"": 0.13857221603393555, ""12"": 0.13857221603393555, ""28"": 0.13857221603393555}, ""num_aggregated"": 9}"
375,apra,apra_mad_filter,"[2, 0, 82, 19, 46, 5, 3, 53, 35, 23]",[],"{""median_norm"": 0.5695950676021908, ""mad"": 0.0603325598677546, ""k"": 2.0, ""num_accepted"": 10, ""safety_keep_used"": false, ""fallback_used"": false}"
375,apra,apra_hierarchical_cluster,"[2, 82, 19, 46, 5, 3, 53, 35, 23]",[0],"{""best_k"": 2, ""best_score"": 0.7661644220352173, ""selected_cluster"": 0, ""cluster_scores"": {""0"": 5.4358930587768555, ""1"": -1.0}, ""num_trusted"": 9, ""fallback_used"": false}"
375,apra,apra_trust_weighted_clip,"[2, 82, 19, 46, 5, 3, 53, 35, 23]",[],"{""base_clip"": 1.0, ""trust_weights"": {""2"": 0.07478458434343338, ""82"": 0.1373172551393509, ""19"": 0.10131185501813889, ""46"": 0.1373172551393509, ""5"": 0.1373172551393509, ""3"": 0.1373172551393509, ""53"": 0.1373172551393509, ""35"": 0.1373172551393509, ""23"": 0.0}, ""num_aggregated"": 9}"
376,apra,apra_mad_filter,"[1, 59, 33, 32, 40, 74, 83, 98, 86]",[54],"{""median_norm"": 0.5657259187284427, ""mad"": 0.05964317432892169, ""k"": 2.0, ""num_accepted"": 9, ""safety_keep_used"": false, ""fallback_used"": false}"
376,apra,apra_hierarchical_cluster,"[1, 59, 33, 40, 74, 83, 98, 86]",[32],"{""best_k"": 2, ""best_score"": 0.6019867658615112, ""selected_cluster"": 0, ""cluster_scores"": {""0"": 6.62546443939209, ""1"": -1.0}, ""num_trusted"": 8, ""fallback_used"": false}"
376,apra,apra_trust_weighted_clip,"[1, 59, 33, 40, 74, 83, 98, 86]",[],"{""base_clip"": 1.0, ""trust_weights"": {""1"": 0.1428571492433548, ""59"": 0.0, ""33"": 0.1428571492433548, ""40"": 0.1428571492433548, ""74"": 0.1428571492433548, ""83"": 0.1428571492433548, ""98"": 0.1428571492433548, ""86"": 0.1428571492433548}, ""num_aggregated"": 8}"
377,apra,apra_mad_filter,"[3, 44, 18, 56, 87, 46, 8, 41, 25]",[88],"{""median_norm"": 0.47604926794739233, ""mad"": 0.08880127275915406, ""k"": 2.0, ""num_accepted"": 9, ""safety_keep_used"": false, ""fallback_used"": false}"
377,apra,apra_hierarchical_cluster,"[3, 44, 18, 56, 87, 46, 8, 25]",[41],"{""best_k"": 2, ""best_score"": 0.5270572900772095, ""selected_cluster"": 0, ""cluster_scores"": {""0"": 7.0704193115234375, ""1"": -1.0}, ""num_trusted"": 8, ""fallback_used"": false}"
377,apra,apra_trust_weighted_clip,"[3, 44, 18, 56, 87, 46, 8, 25]",[],"{""base_clip"": 1.0, ""trust_weights"": {""3"": 0.1666666716337204, ""44"": 0.1666666716337204, ""18"": 0.1666666716337204, ""56"": 0.1666666716337204, ""87"": 0.1666666716337204, ""46"": 0.1666666716337204, ""8"": 0.0, ""25"": 0.0}, ""num_aggregated"": 8}"
378,apra,apra_mad_filter,"[2, 63, 87, 34, 1, 21, 66]","[64, 11, 53]","{""median_norm"": 0.517156658291229, ""mad"": 0.02296806221790315, ""k"": 2.0, ""num_accepted"": 7, ""safety_keep_used"": false, ""fallback_used"": false}"
378,apra,apra_hierarchical_cluster,"[63, 87, 34, 1, 21, 66]",[2],"{""best_k"": 2, ""best_score"": 0.6654454469680786, ""selected_cluster"": 0, ""cluster_scores"": {""0"": 3.7133665084838867, ""1"": -1.0}, ""num_trusted"": 6, ""fallback_used"": false}"
378,apra,apra_trust_weighted_clip,"[63, 87, 34, 1, 21, 66]",[],"{""base_clip"": 1.0, ""trust_weights"": {""63"": 0.20000000298023224, ""87"": 0.20000000298023224, ""34"": 0.20000000298023224, ""1"": 0.20000000298023224, ""21"": 0.20000000298023224, ""66"": 0.0}, ""num_aggregated"": 6}"
379,apra,apra_mad_filter,"[2, 90, 74, 46, 25, 92, 93, 64]","[71, 69]","{""median_norm"": 0.49205957594569905, ""mad"": 0.025084047803629772, ""k"": 2.0, ""num_accepted"": 8, ""safety_keep_used"": false, ""fallback_used"": false}"
379,apra,apra_hierarchical_cluster,"[90, 74, 46, 92, 93, 64]","[2, 25]","{""best_k"": 3, ""best_score"": 0.5585549473762512, ""selected_cluster"": 0, ""cluster_scores"": {""0"": 4.881187438964844, ""1"": -1.0, ""2"": -1.0}, ""num_trusted"": 6, ""fallback_used"": false}"
379,apra,apra_trust_weighted_clip,"[90, 74, 46, 92, 93, 64]",[],"{""base_clip"": 1.0, ""trust_weights"": {""90"": 0.20000000298023224, ""74"": 0.20000000298023224, ""46"": 0.20000000298023224, ""92"": 0.20000000298023224, ""93"": 0.0, ""64"": 0.20000000298023224}, ""num_aggregated"": 6}"
380,apra,apra_mad_filter,"[2, 46, 77, 82, 72, 64, 41, 73, 95, 24]",[],"{""median_norm"": 0.5017668002648441, ""mad"": 0.08593552651192449, ""k"": 2.0, ""num_accepted"": 10, ""safety_keep_used"": false, ""fallback_used"": false}"
380,apra,apra_hierarchical_cluster,"[2, 46, 77, 82, 72, 64, 24]","[41, 73, 95]","{""best_k"": 3, ""best_score"": 0.593856155872345, ""selected_cluster"": 0, ""cluster_scores"": {""0"": 3.399042844772339, ""1"": -1.0, ""2"": 1.8132047653198242}, ""num_trusted"": 7, ""fallback_used"": false}"
380,apra,apra_trust_weighted_clip,"[2, 46, 77, 82, 72, 64, 24]",[],"{""base_clip"": 1.0, ""trust_weights"": {""2"": 0.0, ""46"": 0.19900089502334595, ""77"": 0.19900089502334595, ""82"": 0.03950396180152893, ""72"": 0.19900089502334595, ""64"": 0.19900089502334595, ""24"": 0.16449245810508728}, ""num_aggregated"": 7}"
381,apra,apra_mad_filter,"[0, 34, 93, 9, 87, 45, 42, 21, 68, 95]",[],"{""median_norm"": 0.5540234614501791, ""mad"": 0.10124490808315664, ""k"": 2.0, ""num_accepted"": 10, ""safety_keep_used"": false, ""fallback_used"": false}"
381,apra,apra_hierarchical_cluster,"[0, 34, 93, 9, 87, 45, 42, 21, 68]",[95],"{""best_k"": 2, ""best_score"": 0.5598347783088684, ""selected_cluster"": 0, ""cluster_scores"": {""0"": 2.6214394569396973, ""1"": -1.0}, ""num_trusted"": 9, ""fallback_used"": false}"
381,apra,apra_trust_weighted_clip,"[0, 34, 93, 9, 87, 45, 42, 21, 68]",[],"{""base_clip"": 1.0, ""trust_weights"": {""0"": 0.0, ""34"": 0.1428571492433548, ""93"": 0.1428571492433548, ""9"": 0.1428571492433548, ""87"": 0.1428571492433548, ""45"": 0.1428571492433548, ""42"": 0.0, ""21"": 0.1428571492433548, ""68"": 0.1428571492433548}, ""num_aggregated"": 9}"
382,apra,apra_mad_filter,"[1, 98, 30, 13, 36, 94, 3, 85]","[7, 52]","{""median_norm"": 0.4994497776167851, ""mad"": 0.022416141464951134, ""k"": 2.0, ""num_accepted"": 8, ""safety_keep_used"": false, ""fallback_used"": false}"
382,apra,apra_hierarchical_cluster,"[1, 98, 30, 36, 94, 3]","[13, 85]","{""best_k"": 2, ""best_score"": 0.6159336566925049, ""selected_cluster"": 1, ""cluster_scores"": {""0"": 1.5345497131347656, ""1"": 3.2612271308898926}, ""num_trusted"": 6, ""fallback_used"": false}"
382,apra,apra_trust_weighted_clip,"[1, 98, 30, 36, 94, 3]",[],"{""base_clip"": 1.0, ""trust_weights"": {""1"": 0.20000000298023224, ""98"": 0.0, ""30"": 0.20000000298023224, ""36"": 0.20000000298023224, ""94"": 0.20000000298023224, ""3"": 0.20000000298023224}, ""num_aggregated"": 6}"
383,apra,apra_mad_filter,"[1, 81, 18, 78, 64, 59, 91, 36, 38, 83]",[],"{""median_norm"": 0.4457890455852005, ""mad"": 0.04172061626776802, ""k"": 2.0, ""num_accepted"": 10, ""safety_keep_used"": false, ""fallback_used"": false}"
383,apra,apra_hierarchical_cluster,"[1, 81, 18, 78, 64, 59, 91, 38, 83]",[36],"{""best_k"": 2, ""best_score"": 0.41467174887657166, ""selected_cluster"": 0, ""cluster_scores"": {""0"": 0.6035781502723694, ""1"": -1.0}, ""num_trusted"": 9, ""fallback_used"": false}"
383,apra,apra_trust_weighted_clip,"[1, 81, 18, 78, 64, 59, 91, 38, 83]",[],"{""base_clip"": 1.0, ""trust_weights"": {""1"": 0.15175193548202515, ""81"": 0.15175193548202515, ""18"": 0.15175193548202515, ""78"": 0.08948834240436554, ""64"": 0.15175193548202515, ""59"": 0.15175193548202515, ""91"": 0.0, ""38"": 0.0, ""83"": 0.15175193548202515}, ""num_aggregated"": 9}"
384,apra,apra_mad_filter,"[30, 92, 76, 90, 45, 87]","[2, 19, 40, 59]","{""median_norm"": 0.7572898536275499, ""mad"": 0.05349297126485114, ""k"": 2.0, ""num_accepted"": 6, ""safety_keep_used"": false, ""fallback_used"": false}"
384,apra,apra_hierarchical_cluster,"[92, 76, 90, 45, 87]",[30],"{""best_k"": 2, ""best_score"": 0.6042577028274536, ""selected_cluster"": 0, ""cluster_scores"": {""0"": 3.215433359146118, ""1"": -1.0}, ""num_trusted"": 5, ""fallback_used"": false}"
384,apra,apra_trust_weighted_clip,"[92, 76, 90, 45, 87]",[],"{""base_clip"": 1.0, ""trust_weights"": {""92"": 0.25, ""76"": 0.25, ""90"": 0.25, ""45"": 0.0, ""87"": 0.25}, ""num_aggregated"": 5}"
385,apra,apra_mad_filter,"[4, 55, 64, 89, 83, 94, 37, 91, 7, 38]",[],"{""median_norm"": 0.5998372200372242, ""mad"": 0.05751511438981083, ""k"": 2.0, ""num_accepted"": 10, ""safety_keep_used"": false, ""fallback_used"": false}"
385,apra,apra_hierarchical_cluster,"[55, 64, 89, 83, 94, 37, 91, 7, 38]",[4],"{""best_k"": 2, ""best_score"": 0.7863101959228516, ""selected_cluster"": 0, ""cluster_scores"": {""0"": 6.133277893066406, ""1"": -1.0}, ""num_trusted"": 9, ""fallback_used"": false}"
385,apra,apra_trust_weighted_clip,"[55, 64, 89, 83, 94, 37, 91, 7, 38]",[],"{""base_clip"": 1.0, ""trust_weights"": {""55"": 0.0, ""64"": 0.1428571492433548, ""89"": 0.1428571492433548, ""83"": 0.1428571492433548, ""94"": 0.1428571492433548, ""37"": 0.1428571492433548, ""91"": 0.1428571492433548, ""7"": 0.0, ""38"": 0.1428571492433548}, ""num_aggregated"": 9}"
386,apra,apra_mad_filter,"[3, 59, 34, 82, 98, 51, 93, 36, 80]",[17],"{""median_norm"": 0.47126614480155415, ""mad"": 0.04476324744846091, ""k"": 2.0, ""num_accepted"": 9, ""safety_keep_used"": false, ""fallback_used"": false}"
386,apra,apra_hierarchical_cluster,"[3, 34, 98, 51, 93, 80]","[59, 82, 36]","{""best_k"": 3, ""best_score"": 0.5116580128669739, ""selected_cluster"": 0, ""cluster_scores"": {""0"": 2.7922215461730957, ""1"": 1.8157823085784912, ""2"": -1.0}, ""num_trusted"": 6, ""fallback_used"": false}"
386,apra,apra_trust_weighted_clip,"[3, 34, 98, 51, 93, 80]",[],"{""base_clip"": 1.0, ""trust_weights"": {""3"": 0.2527381181716919, ""34"": 0.2527381181716919, ""98"": 0.2527381181716919, ""51"": 0.20098648965358734, ""93"": 0.0, ""80"": 0.04079919680953026}, ""num_aggregated"": 6}"
387,apra,apra_mad_filter,"[3, 20, 95, 66, 28, 85, 38, 14, 1]",[73],"{""median_norm"": 0.4887837242566426, ""mad"": 0.06371911777584402, ""k"": 2.0, ""num_accepted"": 9, ""safety_keep_used"": false, ""fallback_used"": false}"
387,apra,apra_hierarchical_cluster,"[3, 20, 66, 28, 85, 38, 14, 1]",[95],"{""best_k"": 2, ""best_score"": 0.6946711540222168, ""selected_cluster"": 0, ""cluster_scores"": {""0"": 3.2204296588897705, ""1"": -1.0}, ""num_trusted"": 8, ""fallback_used"": false}"
387,apra,apra_trust_weighted_clip,"[3, 20, 66, 28, 85, 38, 14, 1]",[],"{""base_clip"": 1.0, ""trust_weights"": {""3"": 0.1666666716337204, ""20"": 0.1666666716337204, ""66"": 0.0, ""28"": 0.1666666716337204, ""85"": 0.0, ""38"": 0.1666666716337204, ""14"": 0.1666666716337204, ""1"": 0.1666666716337204}, ""num_aggregated"": 8}"
388,apra,apra_mad_filter,"[58, 81, 10, 2, 5, 77, 74, 57]","[3, 85]","{""median_norm"": 0.5662527508618977, ""mad"": 0.03960265672153079, ""k"": 2.0, ""num_accepted"": 8, ""safety_keep_used"": false, ""fallback_used"": false}"
388,apra,apra_hierarchical_cluster,"[58, 81, 2, 5, 77, 74, 57]",[10],"{""best_k"": 2, ""best_score"": 0.7534170150756836, ""selected_cluster"": 0, ""cluster_scores"": {""0"": 4.790441513061523, ""1"": -1.0}, ""num_trusted"": 7, ""fallback_used"": false}"
388,apra,apra_trust_weighted_clip,"[58, 81, 2, 5, 77, 74, 57]",[],"{""base_clip"": 1.0, ""trust_weights"": {""58"": 0.11200220137834549, ""81"": 0.17759954929351807, ""2"": 0.0, ""5"": 0.17759954929351807, ""77"": 0.17759954929351807, ""74"": 0.17759954929351807, ""57"": 0.17759954929351807}, ""num_aggregated"": 7}"
389,apra,apra_mad_filter,"[4, 38, 23, 79, 66, 22, 75, 32, 9]",[73],"{""median_norm"": 0.5482316986018723, ""mad"": 0.044679306756401055, ""k"": 2.0, ""num_accepted"": 9, ""safety_keep_used"": false, ""fallback_used"": false}"
389,apra,apra_hierarchical_cluster,"[38, 23, 79, 66, 22, 75, 9]","[4, 32]","{""best_k"": 3, ""best_score"": 0.6549474000930786, ""selected_cluster"": 0, ""cluster_scores"": {""0"": 4.835989475250244, ""1"": -1.0, ""2"": -1.0}, ""num_trusted"": 7, ""fallback_used"": false}"
389,apra,apra_trust_weighted_clip,"[38, 23, 79, 66, 22, 75, 9]",[],"{""base_clip"": 1.0, ""trust_weights"": {""38"": 0.25, ""23"": 0.0, ""79"": 0.25, ""66"": 0.0, ""22"": 0.25, ""75"": 0.0, ""9"": 0.25}, ""num_aggregated"": 7}"
390,apra,apra_mad_filter,"[3, 82, 34, 16, 65, 55, 46, 45, 78]",[17],"{""median_norm"": 0.5640278561068248, ""mad"": 0.08588226793155793, ""k"": 2.0, ""num_accepted"": 9, ""safety_keep_used"": false, ""fallback_used"": false}"
390,apra,apra_hierarchical_cluster,"[3, 82, 34, 16, 65, 55, 46, 78]",[45],"{""best_k"": 2, ""best_score"": 0.4057142436504364, ""selected_cluster"": 0, ""cluster_scores"": {""0"": 0.9998201727867126, ""1"": -1.0}, ""num_trusted"": 8, ""fallback_used"": false}"
390,apra,apra_trust_weighted_clip,"[3, 82, 34, 16, 65, 55, 46, 78]",[],"{""base_clip"": 1.0, ""trust_weights"": {""3"": 0.18464475870132446, ""82"": 0.18464475870132446, ""34"": 0.0, ""16"": 0.18464475870132446, ""65"": 0.18464475870132446, ""55"": 0.18464475870132446, ""46"": 0.07677614688873291, ""78"": 0.0}, ""num_aggregated"": 8}"
391,apra,apra_mad_filter,"[3, 7, 99, 24, 37, 67, 76, 10, 0, 44]",[],"{""median_norm"": 0.6103153569216371, ""mad"": 0.06690275019419828, ""k"": 2.0, ""num_accepted"": 10, ""safety_keep_used"": false, ""fallback_used"": false}"
391,apra,apra_hierarchical_cluster,"[3, 7, 99, 24, 37, 67, 76, 10, 44]",[0],"{""best_k"": 2, ""best_score"": 0.6325997114181519, ""selected_cluster"": 0, ""cluster_scores"": {""0"": 3.0125577449798584, ""1"": -1.0}, ""num_trusted"": 9, ""fallback_used"": false}"
391,apra,apra_trust_weighted_clip,"[3, 7, 99, 24, 37, 67, 76, 10, 44]",[],"{""base_clip"": 1.0, ""trust_weights"": {""3"": 0.1666666716337204, ""7"": 0.1666666716337204, ""99"": 0.0, ""24"": 0.1666666716337204, ""37"": 0.1666666716337204, ""67"": 0.1666666716337204, ""76"": 0.1666666716337204, ""10"": 0.0, ""44"": 0.0}, ""num_aggregated"": 9}"
392,apra,apra_mad_filter,"[2, 61, 74, 12, 99, 68, 96, 34]","[73, 47]","{""median_norm"": 0.4981024690087508, ""mad"": 0.04027066389951961, ""k"": 2.0, ""num_accepted"": 8, ""safety_keep_used"": false, ""fallback_used"": false}"
392,apra,apra_hierarchical_cluster,"[61, 74, 12, 99, 68, 96, 34]",[2],"{""best_k"": 2, ""best_score"": 0.42382484674453735, ""selected_cluster"": 0, ""cluster_scores"": {""0"": 3.1010658740997314, ""1"": -1.0}, ""num_trusted"": 7, ""fallback_used"": false}"
392,apra,apra_trust_weighted_clip,"[61, 74, 12, 99, 68, 96, 34]",[],"{""base_clip"": 1.0, ""trust_weights"": {""61"": 0.17487239837646484, ""74"": 0.21627481281757355, ""12"": 0.21627481281757355, ""99"": 0.08815160393714905, ""68"": 0.0, ""96"": 0.08815160393714905, ""34"": 0.21627481281757355}, ""num_aggregated"": 7}"
393,apra,apra_mad_filter,"[1, 34, 87, 45, 15, 84, 99, 29]","[49, 19]","{""median_norm"": 0.5697888307361776, ""mad"": 0.04736705171896344, ""k"": 2.0, ""num_accepted"": 8, ""safety_keep_used"": false, ""fallback_used"": false}"
393,apra,apra_hierarchical_cluster,"[45, 15, 29]","[1, 34, 87, 84, 99]","{""best_k"": 2, ""best_score"": 0.2923184633255005, ""selected_cluster"": 1, ""cluster_scores"": {""0"": 1.0207158327102661, ""1"": 2.2651219367980957}, ""num_trusted"": 3, ""fallback_used"": false}"
393,apra,apra_trust_weighted_clip,"[45, 15, 29]",[],"{""base_clip"": 1.0, ""trust_weights"": {""45"": 0.5, ""15"": 0.0, ""29"": 0.5}, ""num_aggregated"": 3}"
394,apra,apra_mad_filter,"[2, 27, 34, 36, 8, 92, 60, 89, 66]",[4],"{""median_norm"": 0.49531801150545396, ""mad"": 0.04168478749385757, ""k"": 2.0, ""num_accepted"": 9, ""safety_keep_used"": false, ""fallback_used"": false}"
394,apra,apra_hierarchical_cluster,"[34, 92, 60, 89]","[2, 27, 36, 8, 66]","{""best_k"": 4, ""best_score"": 0.5574044585227966, ""selected_cluster"": 2, ""cluster_scores"": {""0"": 1.9628279209136963, ""1"": 1.964141607284546, ""2"": 2.447920560836792, ""3"": -1.0}, ""num_trusted"": 4, ""fallback_used"": false}"
394,apra,apra_trust_weighted_clip,"[34, 92, 60, 89]",[],"{""base_clip"": 1.0, ""trust_weights"": {""34"": 0.0, ""92"": 0.3333333432674408, ""60"": 0.3333333432674408, ""89"": 0.3333333432674408}, ""num_aggregated"": 4}"
395,apra,apra_mad_filter,"[0, 84, 28, 10, 94, 31, 76, 43, 79]",[54],"{""median_norm"": 0.5867476167551144, ""mad"": 0.06877785564124295, ""k"": 2.0, ""num_accepted"": 9, ""safety_keep_used"": false, ""fallback_used"": false}"
395,apra,apra_hierarchical_cluster,"[84, 28, 10, 94, 76, 43, 79]","[0, 31]","{""best_k"": 3, ""best_score"": 0.7251800894737244, ""selected_cluster"": 0, ""cluster_scores"": {""0"": 6.676249980926514, ""1"": -1.0, ""2"": -1.0}, ""num_trusted"": 7, ""fallback_used"": false}"
395,apra,apra_trust_weighted_clip,"[84, 28, 10, 94, 76, 43, 79]",[],"{""base_clip"": 1.0, ""trust_weights"": {""84"": 0.1666666716337204, ""28"": 0.1666666716337204, ""10"": 0.0, ""94"": 0.1666666716337204, ""76"": 0.1666666716337204, ""43"": 0.1666666716337204, ""79"": 0.1666666716337204}, ""num_aggregated"": 7}"
396,apra,apra_mad_filter,"[2, 42, 58, 70, 96, 84, 35, 80, 3]",[31],"{""median_norm"": 0.4965468181215704, ""mad"": 0.0380389882718834, ""k"": 2.0, ""num_accepted"": 9, ""safety_keep_used"": false, ""fallback_used"": false}"
396,apra,apra_hierarchical_cluster,"[2, 58, 70, 96, 84, 35, 80, 3]",[42],"{""best_k"": 2, ""best_score"": 0.5600370764732361, ""selected_cluster"": 0, ""cluster_scores"": {""0"": 2.655412435531616, ""1"": -1.0}, ""num_trusted"": 8, ""fallback_used"": false}"
396,apra,apra_trust_weighted_clip,"[2, 58, 70, 96, 84, 35, 80, 3]",[],"{""base_clip"": 1.0, ""trust_weights"": {""2"": 0.1428571492433548, ""58"": 0.0, ""70"": 0.1428571492433548, ""96"": 0.1428571492433548, ""84"": 0.1428571492433548, ""35"": 0.1428571492433548, ""80"": 0.1428571492433548, ""3"": 0.1428571492433548}, ""num_aggregated"": 8}"
397,apra,apra_mad_filter,"[3, 27, 89, 94, 16, 20, 21, 82]","[67, 10]","{""median_norm"": 0.49919145690567446, ""mad"": 0.0309367376262914, ""k"": 2.0, ""num_accepted"": 8, ""safety_keep_used"": false, ""fallback_used"": false}"
397,apra,apra_hierarchical_cluster,"[3, 89, 94, 16, 21]","[27, 20, 82]","{""best_k"": 3, ""best_score"": 0.39411598443984985, ""selected_cluster"": 1, ""cluster_scores"": {""0"": 1.3147261142730713, ""1"": 4.149013042449951, ""2"": -1.0}, ""num_trusted"": 5, ""fallback_used"": false}"
397,apra,apra_trust_weighted_clip,"[3, 89, 94, 16, 21]",[],"{""base_clip"": 1.0, ""trust_weights"": {""3"": 0.2139606475830078, ""89"": 0.2139606475830078, ""94"": 0.0, ""16"": 0.2860393524169922, ""21"": 0.2860393524169922}, ""num_aggregated"": 5}"
398,apra,apra_mad_filter,"[0, 10, 24, 51, 40, 82, 20, 13, 85, 66]",[],"{""median_norm"": 0.5708473799210068, ""mad"": 0.08354682681250081, ""k"": 2.0, ""num_accepted"": 10, ""safety_keep_used"": false, ""fallback_used"": false}"
398,apra,apra_hierarchical_cluster,"[10, 24, 51, 40, 82, 20, 13, 85, 66]",[0],"{""best_k"": 2, ""best_score"": 0.660163938999176, ""selected_cluster"": 0, ""cluster_scores"": {""0"": 2.744558095932007, ""1"": -1.0}, ""num_trusted"": 9, ""fallback_used"": false}"
398,apra,apra_trust_weighted_clip,"[10, 24, 51, 40, 82, 20, 13, 85, 66]",[],"{""base_clip"": 1.0, ""trust_weights"": {""10"": 0.08885297179222107, ""24"": 0.051503267139196396, ""51"": 0.0, ""40"": 0.1719287484884262, ""82"": 0.1719287484884262, ""20"": 0.0, ""13"": 0.1719287484884262, ""85"": 0.1719287484884262, ""66"": 0.1719287484884262}, ""num_aggregated"": 9}"
399,apra,apra_mad_filter,"[0, 41, 33, 34, 99, 64, 71, 65, 75, 28]",[],"{""median_norm"": 0.6942499333039271, ""mad"": 0.09410790470891067, ""k"": 2.0, ""num_accepted"": 10, ""safety_keep_used"": false, ""fallback_used"": false}"
399,apra,apra_hierarchical_cluster,"[33, 34, 99, 64, 71, 65, 75, 28]","[0, 41]","{""best_k"": 3, ""best_score"": 0.5083837509155273, ""selected_cluster"": 0, ""cluster_scores"": {""0"": 2.9494469165802, ""1"": -1.0, ""2"": -1.0}, ""num_trusted"": 8, ""fallback_used"": false}"
399,apra,apra_trust_weighted_clip,"[33, 34, 99, 64, 71, 65, 75, 28]",[],"{""base_clip"": 1.0, ""trust_weights"": {""33"": 0.1666666716337204, ""34"": 0.1666666716337204, ""99"": 0.1666666716337204, ""64"": 0.1666666716337204, ""71"": 0.1666666716337204, ""65"": 0.0, ""75"": 0.1666666716337204, ""28"": 0.0}, ""num_aggregated"": 8}"
400,apra,apra_mad_filter,"[3, 82, 7, 63, 8, 4, 57, 80]","[59, 48]","{""median_norm"": 0.4652854724341316, ""mad"": 0.04263724074242739, ""k"": 2.0, ""num_accepted"": 8, ""safety_keep_used"": false, ""fallback_used"": false}"
400,apra,apra_hierarchical_cluster,"[3, 82, 7, 63, 4, 57, 80]",[8],"{""best_k"": 2, ""best_score"": 0.6429593563079834, ""selected_cluster"": 0, ""cluster_scores"": {""0"": 5.297613143920898, ""1"": -1.0}, ""num_trusted"": 7, ""fallback_used"": false}"
400,apra,apra_trust_weighted_clip,"[3, 82, 7, 63, 4, 57, 80]",[],"{""base_clip"": 1.0, ""trust_weights"": {""3"": 0.1666666716337204, ""82"": 0.0, ""7"": 0.1666666716337204, ""63"": 0.1666666716337204, ""4"": 0.1666666716337204, ""57"": 0.1666666716337204, ""80"": 0.1666666716337204}, ""num_aggregated"": 7}"
401,apra,apra_mad_filter,"[2, 83, 93, 3, 82, 52, 17, 50, 86, 28]",[],"{""median_norm"": 0.6344018738637974, ""mad"": 0.1700654117460907, ""k"": 2.0, ""num_accepted"": 10, ""safety_keep_used"": false, ""fallback_used"": false}"
401,apra,apra_hierarchical_cluster,"[83, 93, 3, 82, 52, 17, 50, 86, 28]",[2],"{""best_k"": 2, ""best_score"": 0.48552244901657104, ""selected_cluster"": 0, ""cluster_scores"": {""0"": 1.4518818855285645, ""1"": -1.0}, ""num_trusted"": 9, ""fallback_used"": false}"
401,apra,apra_trust_weighted_clip,"[83, 93, 3, 82, 52, 17, 50, 86, 28]",[],"{""base_clip"": 1.0, ""trust_weights"": {""83"": 0.01590295508503914, ""93"": 0.15134532749652863, ""3"": 0.17938098311424255, ""82"": 0.08628896623849869, ""52"": 0.02893880382180214, ""17"": 0.0, ""50"": 0.17938098311424255, ""86"": 0.17938098311424255, ""28"": 0.17938098311424255}, ""num_aggregated"": 9}"
402,apra,apra_mad_filter,"[1, 57, 52, 23, 33, 92, 85, 98, 17]",[26],"{""median_norm"": 0.5513014080576746, ""mad"": 0.06032810855605658, ""k"": 2.0, ""num_accepted"": 9, ""safety_keep_used"": false, ""fallback_used"": false}"
402,apra,apra_hierarchical_cluster,"[1, 57, 52, 23, 33, 92, 85, 98]",[17],"{""best_k"": 2, ""best_score"": 0.7200599312782288, ""selected_cluster"": 0, ""cluster_scores"": {""0"": 5.0639777183532715, ""1"": -1.0}, ""num_trusted"": 8, ""fallback_used"": false}"
402,apra,apra_trust_weighted_clip,"[1, 57, 52, 23, 33, 92, 85, 98]",[],"{""base_clip"": 1.0, ""trust_weights"": {""1"": 0.1428571492433548, ""57"": 0.1428571492433548, ""52"": 0.1428571492433548, ""23"": 0.1428571492433548, ""33"": 0.1428571492433548, ""92"": 0.1428571492433548, ""85"": 0.0, ""98"": 0.1428571492433548}, ""num_aggregated"": 8}"
403,apra,apra_mad_filter,"[3, 43, 58, 99, 64, 78, 68, 7]","[20, 0]","{""median_norm"": 0.4638564338611211, ""mad"": 0.047393576789468816, ""k"": 2.0, ""num_accepted"": 8, ""safety_keep_used"": false, ""fallback_used"": false}"
403,apra,apra_hierarchical_cluster,"[3, 43, 58, 99, 64, 78, 68]",[7],"{""best_k"": 2, ""best_score"": 0.5255134701728821, ""selected_cluster"": 0, ""cluster_scores"": {""0"": 6.239587783813477, ""1"": -1.0}, ""num_trusted"": 7, ""fallback_used"": false}"
403,apra,apra_trust_weighted_clip,"[3, 43, 58, 99, 64, 78, 68]",[],"{""base_clip"": 1.0, ""trust_weights"": {""3"": 0.1666666716337204, ""43"": 0.1666666716337204, ""58"": 0.1666666716337204, ""99"": 0.0, ""64"": 0.1666666716337204, ""78"": 0.1666666716337204, ""68"": 0.1666666716337204}, ""num_aggregated"": 7}"
404,apra,apra_mad_filter,"[2, 95, 63, 6, 62, 66, 80, 96, 83]",[31],"{""median_norm"": 0.5725695259728796, ""mad"": 0.06911207463788799, ""k"": 2.0, ""num_accepted"": 9, ""safety_keep_used"": false, ""fallback_used"": false}"
404,apra,apra_hierarchical_cluster,"[2, 63, 6, 62, 66, 80, 96, 83]",[95],"{""best_k"": 2, ""best_score"": 0.5350332856178284, ""selected_cluster"": 0, ""cluster_scores"": {""0"": 1.7200087308883667, ""1"": -1.0}, ""num_trusted"": 8, ""fallback_used"": false}"
404,apra,apra_trust_weighted_clip,"[2, 63, 6, 62, 66, 80, 96, 83]",[],"{""base_clip"": 1.0, ""trust_weights"": {""2"": 0.0, ""63"": 0.15663862228393555, ""6"": 0.15663862228393555, ""62"": 0.15663862228393555, ""66"": 0.10840342938899994, ""80"": 0.15663862228393555, ""96"": 0.10840342938899994, ""83"": 0.15663862228393555}, ""num_aggregated"": 8}"
405,apra,apra_mad_filter,"[3, 78, 64, 43, 21, 90, 84, 25]","[67, 85]","{""median_norm"": 0.4900752803003532, ""mad"": 0.04247783718331155, ""k"": 2.0, ""num_accepted"": 8, ""safety_keep_used"": false, ""fallback_used"": false}"
405,apra,apra_hierarchical_cluster,"[3, 78, 64, 43, 21, 90, 84]",[25],"{""best_k"": 2, ""best_score"": 0.5487034320831299, ""selected_cluster"": 0, ""cluster_scores"": {""0"": 3.1369824409484863, ""1"": -1.0}, ""num_trusted"": 7, ""fallback_used"": false}"
405,apra,apra_trust_weighted_clip,"[3, 78, 64, 43, 21, 90, 84]",[],"{""base_clip"": 1.0, ""trust_weights"": {""3"": 0.20000000298023224, ""78"": 0.20000000298023224, ""64"": 0.0, ""43"": 0.20000000298023224, ""21"": 0.20000000298023224, ""90"": 0.20000000298023224, ""84"": 0.0}, ""num_aggregated"": 7}"
406,apra,apra_mad_filter,"[76, 80, 56, 25, 50, 73, 14, 67, 39]",[4],"{""median_norm"": 0.5582861426810604, ""mad"": 0.04942285982804648, ""k"": 2.0, ""num_accepted"": 9, ""safety_keep_used"": false, ""fallback_used"": false}"
406,apra,apra_hierarchical_cluster,"[76, 80, 56, 25, 50, 14, 67, 39]",[73],"{""best_k"": 2, ""best_score"": 0.616884171962738, ""selected_cluster"": 0, ""cluster_scores"": {""0"": 2.476762294769287, ""1"": -1.0}, ""num_trusted"": 8, ""fallback_used"": false}"
406,apra,apra_trust_weighted_clip,"[76, 80, 56, 25, 50, 14, 67, 39]",[],"{""base_clip"": 1.0, ""trust_weights"": {""76"": 0.1559976041316986, ""80"": 0.1559976041316986, ""56"": 0.1559976041316986, ""25"": 0.07017406076192856, ""50"": 0.1559976041316986, ""14"": 0.1559976041316986, ""67"": 0.0, ""39"": 0.149837926030159}, ""num_aggregated"": 8}"
407,apra,apra_mad_filter,"[2, 36, 35, 14, 87, 76, 70, 29, 65]",[47],"{""median_norm"": 0.5093939412124857, ""mad"": 0.08709463827456981, ""k"": 2.0, ""num_accepted"": 9, ""safety_keep_used"": false, ""fallback_used"": false}"
407,apra,apra_hierarchical_cluster,"[36, 35, 14, 87, 76, 70, 29, 65]",[2],"{""best_k"": 2, ""best_score"": 0.4133615791797638, ""selected_cluster"": 0, ""cluster_scores"": {""0"": 2.4679903984069824, ""1"": -1.0}, ""num_trusted"": 8, ""fallback_used"": false}"
407,apra,apra_trust_weighted_clip,"[36, 35, 14, 87, 76, 70, 29, 65]",[],"{""base_clip"": 1.0, ""trust_weights"": {""36"": 0.13759233057498932, ""35"": 0.0, ""14"": 0.17248153686523438, ""87"": 0.17248153686523438, ""76"": 0.17248153686523438, ""70"": 0.0, ""29"": 0.17248153686523438, ""65"": 0.17248153686523438}, ""num_aggregated"": 8}"
408,apra,apra_mad_filter,"[3, 92, 20, 68, 22, 52, 96, 78]","[73, 19]","{""median_norm"": 0.499916073270059, ""mad"": 0.07688533668534842, ""k"": 2.0, ""num_accepted"": 8, ""safety_keep_used"": false, ""fallback_used"": false}"
408,apra,apra_hierarchical_cluster,"[3, 92, 20, 22, 52, 96, 78]",[68],"{""best_k"": 2, ""best_score"": 0.536896288394928, ""selected_cluster"": 0, ""cluster_scores"": {""0"": 4.560675621032715, ""1"": -1.0}, ""num_trusted"": 7, ""fallback_used"": false}"
408,apra,apra_trust_weighted_clip,"[3, 92, 20, 22, 52, 96, 78]",[],"{""base_clip"": 1.0, ""trust_weights"": {""3"": 0.1666666716337204, ""92"": 0.1666666716337204, ""20"": 0.1666666716337204, ""22"": 0.1666666716337204, ""52"": 0.1666666716337204, ""96"": 0.0, ""78"": 0.1666666716337204}, ""num_aggregated"": 7}"
409,apra,apra_mad_filter,"[0, 13, 54, 46, 14, 41, 78, 93, 74, 22]",[],"{""median_norm"": 0.5287375029117758, ""mad"": 0.14400674939212682, ""k"": 2.0, ""num_accepted"": 10, ""safety_keep_used"": false, ""fallback_used"": false}"
409,apra,apra_hierarchical_cluster,"[0, 13, 46, 14, 78, 93, 74, 22]","[54, 41]","{""best_k"": 2, ""best_score"": 0.6295963525772095, ""selected_cluster"": 0, ""cluster_scores"": {""0"": 4.557033061981201, ""1"": 1.9928951263427734}, ""num_trusted"": 8, ""fallback_used"": false}"
409,apra,apra_trust_weighted_clip,"[0, 13, 46, 14, 78, 93, 74, 22]",[],"{""base_clip"": 1.0, ""trust_weights"": {""0"": 0.0, ""13"": 0.12963427603244781, ""46"": 0.0, ""14"": 0.21759144961833954, ""78"": 0.0, ""93"": 0.21759144961833954, ""74"": 0.21759144961833954, ""22"": 0.21759144961833954}, ""num_aggregated"": 8}"
410,apra,apra_mad_filter,"[3, 37, 58, 70, 95, 64, 13, 47, 83, 43]",[],"{""median_norm"": 0.5908098854360504, ""mad"": 0.15127110589429976, ""k"": 2.0, ""num_accepted"": 10, ""safety_keep_used"": false, ""fallback_used"": false}"
410,apra,apra_hierarchical_cluster,"[3, 37, 58, 70, 64, 13, 47, 83, 43]",[95],"{""best_k"": 2, ""best_score"": 0.6459502577781677, ""selected_cluster"": 0, ""cluster_scores"": {""0"": 3.1350059509277344, ""1"": -1.0}, ""num_trusted"": 9, ""fallback_used"": false}"
410,apra,apra_trust_weighted_clip,"[3, 37, 58, 70, 64, 13, 47, 83, 43]",[],"{""base_clip"": 1.0, ""trust_weights"": {""3"": 0.1428571492433548, ""37"": 0.1428571492433548, ""58"": 0.1428571492433548, ""70"": 0.0, ""64"": 0.1428571492433548, ""13"": 0.1428571492433548, ""47"": 0.0, ""83"": 0.1428571492433548, ""43"": 0.1428571492433548}, ""num_aggregated"": 9}"
411,apra,apra_mad_filter,"[1, 25, 27, 10, 83, 58, 74, 30, 86, 28]",[],"{""median_norm"": 0.54926864954718, ""mad"": 0.04628239413242208, ""k"": 2.0, ""num_accepted"": 10, ""safety_keep_used"": false, ""fallback_used"": false}"
411,apra,apra_hierarchical_cluster,"[1, 25, 27, 83, 58, 74, 86]","[10, 30, 28]","{""best_k"": 2, ""best_score"": 0.3684818744659424, ""selected_cluster"": 0, ""cluster_scores"": {""0"": 2.950953960418701, ""1"": 1.6639137268066406}, ""num_trusted"": 7, ""fallback_used"": false}"
411,apra,apra_trust_weighted_clip,"[1, 25, 27, 83, 58, 74, 86]",[],"{""base_clip"": 1.0, ""trust_weights"": {""1"": 0.22393473982810974, ""25"": 0.10426098853349686, ""27"": 0.0, ""83"": 0.22393473982810974, ""58"": 0.0, ""74"": 0.22393473982810974, ""86"": 0.22393473982810974}, ""num_aggregated"": 7}"
412,apra,apra_mad_filter,"[2, 64, 43, 50, 9, 79, 55, 96, 13, 60]",[],"{""median_norm"": 0.4973755366480678, ""mad"": 0.055819054620363434, ""k"": 2.0, ""num_accepted"": 10, ""safety_keep_used"": false, ""fallback_used"": false}"
412,apra,apra_hierarchical_cluster,"[2, 64, 43, 50, 9, 79, 55, 96, 60]",[13],"{""best_k"": 2, ""best_score"": 0.5174590349197388, ""selected_cluster"": 0, ""cluster_scores"": {""0"": 1.8359603881835938, ""1"": -1.0}, ""num_trusted"": 9, ""fallback_used"": false}"
412,apra,apra_trust_weighted_clip,"[2, 64, 43, 50, 9, 79, 55, 96, 60]",[],"{""base_clip"": 1.0, ""trust_weights"": {""2"": 0.1270410716533661, ""64"": 0.0, ""43"": 0.0, ""50"": 0.2486392855644226, ""9"": 0.0, ""79"": 0.2486392855644226, ""55"": 0.0, ""96"": 0.1270410716533661, ""60"": 0.2486392855644226}, ""num_aggregated"": 9}"
413,apra,apra_mad_filter,"[3, 81, 7, 15, 2, 6, 22, 64]","[47, 19]","{""median_norm"": 0.49121065970663647, ""mad"": 0.07434340515665036, ""k"": 2.0, ""num_accepted"": 8, ""safety_keep_used"": false, ""fallback_used"": false}"
413,apra,apra_hierarchical_cluster,"[3, 81, 7, 2, 6, 22, 64]",[15],"{""best_k"": 2, ""best_score"": 0.5936450362205505, ""selected_cluster"": 0, ""cluster_scores"": {""0"": 5.8658928871154785, ""1"": -1.0}, ""num_trusted"": 7, ""fallback_used"": false}"
413,apra,apra_trust_weighted_clip,"[3, 81, 7, 2, 6, 22, 64]",[],"{""base_clip"": 1.0, ""trust_weights"": {""3"": 0.1666666716337204, ""81"": 0.1666666716337204, ""7"": 0.0, ""2"": 0.1666666716337204, ""6"": 0.1666666716337204, ""22"": 0.1666666716337204, ""64"": 0.1666666716337204}, ""num_aggregated"": 7}"
414,apra,apra_mad_filter,"[4, 55, 40, 85, 99, 46, 67, 86]","[79, 73]","{""median_norm"": 0.5525138570384436, ""mad"": 0.035188694395589304, ""k"": 2.0, ""num_accepted"": 8, ""safety_keep_used"": false, ""fallback_used"": false}"
414,apra,apra_hierarchical_cluster,"[4, 40, 99, 46, 67, 86]","[55, 85]","{""best_k"": 2, ""best_score"": 0.47179195284843445, ""selected_cluster"": 0, ""cluster_scores"": {""0"": 4.491426944732666, ""1"": 1.7072811126708984}, ""num_trusted"": 6, ""fallback_used"": false}"
414,apra,apra_trust_weighted_clip,"[4, 40, 99, 46, 67, 86]",[],"{""base_clip"": 1.0, ""trust_weights"": {""4"": 0.0, ""40"": 0.21911898255348206, ""99"": 0.21911898255348206, ""46"": 0.28088101744651794, ""67"": 0.28088101744651794, ""86"": 0.0}, ""num_aggregated"": 6}"
415,apra,apra_mad_filter,"[8, 99, 0, 45, 16, 82, 17, 42, 30]",[3],"{""median_norm"": 0.6589912734750203, ""mad"": 0.07583031878254137, ""k"": 2.0, ""num_accepted"": 9, ""safety_keep_used"": false, ""fallback_used"": false}"
415,apra,apra_hierarchical_cluster,"[8, 99, 45, 16, 82, 17, 42, 30]",[0],"{""best_k"": 2, ""best_score"": 0.5542709827423096, ""selected_cluster"": 0, ""cluster_scores"": {""0"": 0.8112566471099854, ""1"": -1.0}, ""num_trusted"": 8, ""fallback_used"": false}"
415,apra,apra_trust_weighted_clip,"[8, 99, 45, 16, 82, 17, 42, 30]",[],"{""base_clip"": 1.0, ""trust_weights"": {""8"": 0.11443319171667099, ""99"": 0.020898019894957542, ""45"": 0.18755888938903809, ""16"": 0.18755888938903809, ""82"": 0.18755888938903809, ""17"": 0.18755888938903809, ""42"": 0.0, ""30"": 0.11443319171667099}, ""num_aggregated"": 8}"
416,apra,apra_mad_filter,"[4, 84, 7, 25, 13, 79, 90, 0, 43]",[54],"{""median_norm"": 0.5443595584580836, ""mad"": 0.0700744964196483, ""k"": 2.0, ""num_accepted"": 9, ""safety_keep_used"": false, ""fallback_used"": false}"
416,apra,apra_hierarchical_cluster,"[4, 84, 7, 25, 13, 79, 90, 43]",[0],"{""best_k"": 2, ""best_score"": 0.7642899751663208, ""selected_cluster"": 0, ""cluster_scores"": {""0"": 6.7007927894592285, ""1"": -1.0}, ""num_trusted"": 8, ""fallback_used"": false}"
416,apra,apra_trust_weighted_clip,"[4, 84, 7, 25, 13, 79, 90, 43]",[],"{""base_clip"": 1.0, ""trust_weights"": {""4"": 0.10604698956012726, ""84"": 0.1489921659231186, ""7"": 0.1489921659231186, ""25"": 0.1489921659231186, ""13"": 0.1489921659231186, ""79"": 0.1489921659231186, ""90"": 0.0, ""43"": 0.1489921659231186}, ""num_aggregated"": 8}"
417,apra,apra_mad_filter,"[1, 64, 50, 77, 27, 22, 94, 72, 60, 82]",[],"{""median_norm"": 0.457412744114877, ""mad"": 0.05193154137637626, ""k"": 2.0, ""num_accepted"": 10, ""safety_keep_used"": false, ""fallback_used"": false}"
417,apra,apra_hierarchical_cluster,"[1, 64, 50, 77, 22, 94, 72, 60]","[27, 82]","{""best_k"": 2, ""best_score"": 0.5412697196006775, ""selected_cluster"": 1, ""cluster_scores"": {""0"": 1.3575981855392456, ""1"": 2.5464115142822266}, ""num_trusted"": 8, ""fallback_used"": false}"
417,apra,apra_trust_weighted_clip,"[1, 64, 50, 77, 22, 94, 72, 60]",[],"{""base_clip"": 1.0, ""trust_weights"": {""1"": 0.0, ""64"": 0.026524946093559265, ""50"": 0.19469501078128815, ""77"": 0.19469501078128815, ""22"": 0.19469501078128815, ""94"": 0.19469501078128815, ""72"": 0.0, ""60"": 0.19469501078128815}, ""num_aggregated"": 8}"
418,apra,apra_mad_filter,"[4, 22, 91, 64, 37, 87, 50, 24, 23]",[88],"{""median_norm"": 0.4903990691125476, ""mad"": 0.09942925440804473, ""k"": 2.0, ""num_accepted"": 9, ""safety_keep_used"": false, ""fallback_used"": false}"
418,apra,apra_hierarchical_cluster,"[4, 22, 91, 64, 37, 87, 50, 24]",[23],"{""best_k"": 2, ""best_score"": 0.494573175907135, ""selected_cluster"": 0, ""cluster_scores"": {""0"": 5.009910583496094, ""1"": -1.0}, ""num_trusted"": 8, ""fallback_used"": false}"
418,apra,apra_trust_weighted_clip,"[4, 22, 91, 64, 37, 87, 50, 24]",[],"{""base_clip"": 1.0, ""trust_weights"": {""4"": 0.0, ""22"": 0.15051448345184326, ""91"": 0.15051448345184326, ""64"": 0.15051448345184326, ""37"": 0.15051448345184326, ""87"": 0.15051448345184326, ""50"": 0.15051448345184326, ""24"": 0.09691308438777924}, ""num_aggregated"": 8}"
419,apra,apra_mad_filter,"[3, 66, 87, 79, 61, 41, 25, 12, 10, 96]",[],"{""median_norm"": 0.5245222846108564, ""mad"": 0.057202993589625134, ""k"": 2.0, ""num_accepted"": 10, ""safety_keep_used"": false, ""fallback_used"": false}"
419,apra,apra_hierarchical_cluster,"[3, 66, 87, 79, 61, 41, 25, 12, 96]",[10],"{""best_k"": 2, ""best_score"": 0.5140491127967834, ""selected_cluster"": 0, ""cluster_scores"": {""0"": 1.9180349111557007, ""1"": -1.0}, ""num_trusted"": 9, ""fallback_used"": false}"
419,apra,apra_trust_weighted_clip,"[3, 66, 87, 79, 61, 41, 25, 12, 96]",[],"{""base_clip"": 1.0, ""trust_weights"": {""3"": 0.1295788288116455, ""66"": 0.0, ""87"": 0.1295788288116455, ""79"": 0.1295788288116455, ""61"": 0.09294816106557846, ""41"": 0.1295788288116455, ""25"": 0.1295788288116455, ""12"": 0.1295788288116455, ""96"": 0.1295788288116455}, ""num_aggregated"": 9}"
420,apra,apra_mad_filter,"[2, 21, 86, 34, 98, 27, 69, 63, 18, 85]",[],"{""median_norm"": 0.4699933007618672, ""mad"": 0.041798692271305865, ""k"": 2.0, ""num_accepted"": 10, ""safety_keep_used"": false, ""fallback_used"": false}"
420,apra,apra_hierarchical_cluster,"[2, 21, 86, 34, 98, 27, 69, 63, 18]",[85],"{""best_k"": 2, ""best_score"": 0.4413220286369324, ""selected_cluster"": 0, ""cluster_scores"": {""0"": 1.7198619842529297, ""1"": -1.0}, ""num_trusted"": 9, ""fallback_used"": false}"
420,apra,apra_trust_weighted_clip,"[2, 21, 86, 34, 98, 27, 69, 63, 18]",[],"{""base_clip"": 1.0, ""trust_weights"": {""2"": 0.0, ""21"": 0.14586977660655975, ""86"": 0.1708260327577591, ""34"": 0.1708260327577591, ""98"": 0.1708260327577591, ""27"": 0.0, ""69"": 0.0, ""63"": 0.1708260327577591, ""18"": 0.1708260327577591}, ""num_aggregated"": 9}"
421,apra,apra_mad_filter,"[57, 58, 78, 25, 94, 13, 40, 84]","[0, 42]","{""median_norm"": 0.4617532648399041, ""mad"": 0.03566191869290103, ""k"": 2.0, ""num_accepted"": 8, ""safety_keep_used"": false, ""fallback_used"": false}"
421,apra,apra_hierarchical_cluster,"[57, 58, 78, 25, 94, 40, 84]",[13],"{""best_k"": 2, ""best_score"": 0.5626728534698486, ""selected_cluster"": 0, ""cluster_scores"": {""0"": 5.090530872344971, ""1"": -1.0}, ""num_trusted"": 7, ""fallback_used"": false}"
421,apra,apra_trust_weighted_clip,"[57, 58, 78, 25, 94, 40, 84]",[],"{""base_clip"": 1.0, ""trust_weights"": {""57"": 0.1666666716337204, ""58"": 0.1666666716337204, ""78"": 0.1666666716337204, ""25"": 0.0, ""94"": 0.1666666716337204, ""40"": 0.1666666716337204, ""84"": 0.1666666716337204}, ""num_aggregated"": 7}"
422,apra,apra_mad_filter,"[2, 33, 84, 78, 35, 15, 76, 91, 73, 49]",[],"{""median_norm"": 0.6245495542839927, ""mad"": 0.09058279538690578, ""k"": 2.0, ""num_accepted"": 10, ""safety_keep_used"": false, ""fallback_used"": false}"
422,apra,apra_hierarchical_cluster,"[2, 33, 84, 78, 35, 15, 76, 91, 49]",[73],"{""best_k"": 2, ""best_score"": 0.8035272359848022, ""selected_cluster"": 0, ""cluster_scores"": {""0"": 6.518949031829834, ""1"": -1.0}, ""num_trusted"": 9, ""fallback_used"": false}"
422,apra,apra_trust_weighted_clip,"[2, 33, 84, 78, 35, 15, 76, 91, 49]",[],"{""base_clip"": 1.0, ""trust_weights"": {""2"": 0.125, ""33"": 0.125, ""84"": 0.125, ""78"": 0.125, ""35"": 0.125, ""15"": 0.0, ""76"": 0.125, ""91"": 0.125, ""49"": 0.125}, ""num_aggregated"": 9}"
423,apra,apra_mad_filter,"[2, 87, 74, 98, 84, 50, 23, 82, 34]",[41],"{""median_norm"": 0.4777348455917395, ""mad"": 0.05760127849417396, ""k"": 2.0, ""num_accepted"": 9, ""safety_keep_used"": false, ""fallback_used"": false}"
423,apra,apra_hierarchical_cluster,"[87, 74, 98, 84, 50, 23, 82, 34]",[2],"{""best_k"": 2, ""best_score"": 0.5075591802597046, ""selected_cluster"": 0, ""cluster_scores"": {""0"": 5.395135879516602, ""1"": -1.0}, ""num_trusted"": 8, ""fallback_used"": false}"
423,apra,apra_trust_weighted_clip,"[87, 74, 98, 84, 50, 23, 82, 34]",[],"{""base_clip"": 1.0, ""trust_weights"": {""87"": 0.16233035922050476, ""74"": 0.16233035922050476, ""98"": 0.16233035922050476, ""84"": 0.026017842814326286, ""50"": 0.16233035922050476, ""23"": 0.16233035922050476, ""82"": 0.0, ""34"": 0.16233035922050476}, ""num_aggregated"": 8}"
424,apra,apra_mad_filter,"[1, 71, 36, 74, 92, 19, 99, 64, 58]",[0],"{""median_norm"": 0.5255558185838017, ""mad"": 0.06154234210043111, ""k"": 2.0, ""num_accepted"": 9, ""safety_keep_used"": false, ""fallback_used"": false}"
424,apra,apra_hierarchical_cluster,"[1, 71, 36, 74, 92, 99, 64, 58]",[19],"{""best_k"": 2, ""best_score"": 0.6944699883460999, ""selected_cluster"": 0, ""cluster_scores"": {""0"": 4.667402267456055, ""1"": -1.0}, ""num_trusted"": 8, ""fallback_used"": false}"
424,apra,apra_trust_weighted_clip,"[1, 71, 36, 74, 92, 99, 64, 58]",[],"{""base_clip"": 1.0, ""trust_weights"": {""1"": 0.18534308671951294, ""71"": 0.023097911849617958, ""36"": 0.0, ""74"": 0.18534308671951294, ""92"": 0.18534308671951294, ""99"": 0.05018666386604309, ""64"": 0.18534308671951294, ""58"": 0.18534308671951294}, ""num_aggregated"": 8}"
425,apra,apra_mad_filter,"[0, 46, 58, 30, 86, 82, 53, 68, 43, 1]",[],"{""median_norm"": 0.5393793829308682, ""mad"": 0.03695656948679521, ""k"": 2.0, ""num_accepted"": 10, ""safety_keep_used"": false, ""fallback_used"": false}"
425,apra,apra_hierarchical_cluster,"[46, 58, 30, 86, 82, 53, 68, 43, 1]",[0],"{""best_k"": 2, ""best_score"": 0.6530715227127075, ""selected_cluster"": 0, ""cluster_scores"": {""0"": 2.528862953186035, ""1"": -1.0}, ""num_trusted"": 9, ""fallback_used"": false}"
425,apra,apra_trust_weighted_clip,"[46, 58, 30, 86, 82, 53, 68, 43, 1]",[],"{""base_clip"": 1.0, ""trust_weights"": {""46"": 0.1428571492433548, ""58"": 0.1428571492433548, ""30"": 0.0, ""86"": 0.1428571492433548, ""82"": 0.0, ""53"": 0.1428571492433548, ""68"": 0.1428571492433548, ""43"": 0.1428571492433548, ""1"": 0.1428571492433548}, ""num_aggregated"": 9}"
426,apra,apra_mad_filter,"[3, 8, 87, 15, 70, 20, 45, 12, 83]",[42],"{""median_norm"": 0.49558505411765413, ""mad"": 0.06597312795688781, ""k"": 2.0, ""num_accepted"": 9, ""safety_keep_used"": false, ""fallback_used"": false}"
426,apra,apra_hierarchical_cluster,"[3, 87, 15, 70, 45, 12, 83]","[8, 20]","{""best_k"": 3, ""best_score"": 0.5890393853187561, ""selected_cluster"": 0, ""cluster_scores"": {""0"": 6.061588287353516, ""1"": -1.0, ""2"": -1.0}, ""num_trusted"": 7, ""fallback_used"": false}"
426,apra,apra_trust_weighted_clip,"[3, 87, 15, 70, 45, 12, 83]",[],"{""base_clip"": 1.0, ""trust_weights"": {""3"": 0.1666666716337204, ""87"": 0.1666666716337204, ""15"": 0.0, ""70"": 0.1666666716337204, ""45"": 0.1666666716337204, ""12"": 0.1666666716337204, ""83"": 0.1666666716337204}, ""num_aggregated"": 7}"
427,apra,apra_mad_filter,"[4, 25, 12, 84, 69, 56, 58, 3]","[0, 17]","{""median_norm"": 0.47122148751549586, ""mad"": 0.055221005637263815, ""k"": 2.0, ""num_accepted"": 8, ""safety_keep_used"": false, ""fallback_used"": false}"
427,apra,apra_hierarchical_cluster,"[4, 25, 12, 84, 56, 58, 3]",[69],"{""best_k"": 2, ""best_score"": 0.6004611253738403, ""selected_cluster"": 0, ""cluster_scores"": {""0"": 3.980076789855957, ""1"": -1.0}, ""num_trusted"": 7, ""fallback_used"": false}"
427,apra,apra_trust_weighted_clip,"[4, 25, 12, 84, 56, 58, 3]",[],"{""base_clip"": 1.0, ""trust_weights"": {""4"": 0.0, ""25"": 0.17600959539413452, ""12"": 0.20599760115146637, ""84"": 0.20599760115146637, ""56"": 0.20599760115146637, ""58"": 0.0, ""3"": 0.20599760115146637}, ""num_aggregated"": 7}"
428,apra,apra_mad_filter,"[3, 46, 75, 14, 36, 95, 48, 54, 55, 10]",[],"{""median_norm"": 0.6316019298585591, ""mad"": 0.10339955427178638, ""k"": 2.0, ""num_accepted"": 10, ""safety_keep_used"": false, ""fallback_used"": false}"
428,apra,apra_hierarchical_cluster,"[3, 46, 75, 14, 36, 55, 10]","[95, 48, 54]","{""best_k"": 3, ""best_score"": 0.5811346173286438, ""selected_cluster"": 0, ""cluster_scores"": {""0"": 4.879384994506836, ""1"": -1.0, ""2"": 1.89095139503479}, ""num_trusted"": 7, ""fallback_used"": false}"
428,apra,apra_trust_weighted_clip,"[3, 46, 75, 14, 36, 55, 10]",[],"{""base_clip"": 1.0, ""trust_weights"": {""3"": 0.20000000298023224, ""46"": 0.20000000298023224, ""75"": 0.0, ""14"": 0.20000000298023224, ""36"": 0.20000000298023224, ""55"": 0.20000000298023224, ""10"": 0.0}, ""num_aggregated"": 7}"
429,apra,apra_mad_filter,"[4, 53, 52, 94, 59, 88, 49, 1, 12, 93]",[],"{""median_norm"": 0.7282306577355334, ""mad"": 0.24974576644866908, ""k"": 2.0, ""num_accepted"": 10, ""safety_keep_used"": false, ""fallback_used"": false}"
429,apra,apra_hierarchical_cluster,"[4, 53, 52, 94, 59, 49, 1, 12, 93]",[88],"{""best_k"": 2, ""best_score"": 0.7588427662849426, ""selected_cluster"": 0, ""cluster_scores"": {""0"": 5.158561706542969, ""1"": -1.0}, ""num_trusted"": 9, ""fallback_used"": false}"
429,apra,apra_trust_weighted_clip,"[4, 53, 52, 94, 59, 49, 1, 12, 93]",[],"{""base_clip"": 1.0, ""trust_weights"": {""4"": 0.0, ""53"": 0.1666666716337204, ""52"": 0.1666666716337204, ""94"": 0.1666666716337204, ""59"": 0.0, ""49"": 0.1666666716337204, ""1"": 0.1666666716337204, ""12"": 0.1666666716337204, ""93"": 0.0}, ""num_aggregated"": 9}"
430,apra,apra_mad_filter,"[2, 7, 92, 35, 31, 0, 99, 11, 24, 51]",[],"{""median_norm"": 0.6234772391000569, ""mad"": 0.06317338133442962, ""k"": 2.0, ""num_accepted"": 10, ""safety_keep_used"": false, ""fallback_used"": false}"
430,apra,apra_hierarchical_cluster,"[2, 7, 92, 35, 31, 99, 11, 24, 51]",[0],"{""best_k"": 2, ""best_score"": 0.6390290260314941, ""selected_cluster"": 0, ""cluster_scores"": {""0"": 3.0221264362335205, ""1"": -1.0}, ""num_trusted"": 9, ""fallback_used"": false}"
430,apra,apra_trust_weighted_clip,"[2, 7, 92, 35, 31, 99, 11, 24, 51]",[],"{""base_clip"": 1.0, ""trust_weights"": {""2"": 0.1259954571723938, ""7"": 0.1259954571723938, ""92"": 0.1259954571723938, ""35"": 0.1259954571723938, ""31"": 0.0, ""99"": 0.118031807243824, ""11"": 0.1259954571723938, ""24"": 0.1259954571723938, ""51"": 0.1259954571723938}, ""num_aggregated"": 9}"
431,apra,apra_mad_filter,"[2, 44, 59, 49, 89, 39, 60, 48, 54, 83]",[],"{""median_norm"": 0.5605827584239698, ""mad"": 0.09732024700332487, ""k"": 2.0, ""num_accepted"": 10, ""safety_keep_used"": false, ""fallback_used"": false}"
431,apra,apra_hierarchical_cluster,"[2, 44, 59, 49, 89, 39, 60, 48, 83]",[54],"{""best_k"": 2, ""best_score"": 0.5972140431404114, ""selected_cluster"": 0, ""cluster_scores"": {""0"": 2.4794039726257324, ""1"": -1.0}, ""num_trusted"": 9, ""fallback_used"": false}"
431,apra,apra_trust_weighted_clip,"[2, 44, 59, 49, 89, 39, 60, 48, 83]",[],"{""base_clip"": 1.0, ""trust_weights"": {""2"": 0.13156326115131378, ""44"": 0.13156326115131378, ""59"": 0.07905712723731995, ""49"": 0.13156326115131378, ""89"": 0.13156326115131378, ""39"": 0.13156326115131378, ""60"": 0.13156326115131378, ""48"": 0.0, ""83"": 0.13156326115131378}, ""num_aggregated"": 9}"
432,apra,apra_mad_filter,"[3, 59, 25, 93, 18, 76, 83, 62]","[47, 96]","{""median_norm"": 0.4514219002199159, ""mad"": 0.04681961133125709, ""k"": 2.0, ""num_accepted"": 8, ""safety_keep_used"": false, ""fallback_used"": false}"
432,apra,apra_hierarchical_cluster,"[3, 93, 18, 76, 83, 62]","[59, 25]","{""best_k"": 2, ""best_score"": 0.49654871225357056, ""selected_cluster"": 1, ""cluster_scores"": {""0"": 1.5857659578323364, ""1"": 2.519245147705078}, ""num_trusted"": 6, ""fallback_used"": false}"
432,apra,apra_trust_weighted_clip,"[3, 93, 18, 76, 83, 62]",[],"{""base_clip"": 1.0, ""trust_weights"": {""3"": 0.25, ""93"": 0.0, ""18"": 0.25, ""76"": 0.25, ""83"": 0.25, ""62"": 0.0}, ""num_aggregated"": 6}"
433,apra,apra_mad_filter,"[3, 39, 11, 98, 8, 44, 0, 56, 67, 42]",[],"{""median_norm"": 0.5798255522177524, ""mad"": 0.07935335635418234, ""k"": 2.0, ""num_accepted"": 10, ""safety_keep_used"": false, ""fallback_used"": false}"
433,apra,apra_hierarchical_cluster,"[3, 39, 11, 98, 8, 44, 56, 67, 42]",[0],"{""best_k"": 2, ""best_score"": 0.7131112217903137, ""selected_cluster"": 0, ""cluster_scores"": {""0"": 2.871236801147461, ""1"": -1.0}, ""num_trusted"": 9, ""fallback_used"": false}"
433,apra,apra_trust_weighted_clip,"[3, 39, 11, 98, 8, 44, 56, 67, 42]",[],"{""base_clip"": 1.0, ""trust_weights"": {""3"": 0.12629535794258118, ""39"": 0.12629535794258118, ""11"": 0.12629535794258118, ""98"": 0.12629535794258118, ""8"": 0.12629535794258118, ""44"": 0.0, ""56"": 0.12629535794258118, ""67"": 0.12629535794258118, ""42"": 0.11593250930309296}, ""num_aggregated"": 9}"
434,apra,apra_mad_filter,"[2, 97, 93, 20, 32, 7, 79, 39]","[4, 31]","{""median_norm"": 0.5162700122874302, ""mad"": 0.044601237615665285, ""k"": 2.0, ""num_accepted"": 8, ""safety_keep_used"": false, ""fallback_used"": false}"
434,apra,apra_hierarchical_cluster,"[2, 93, 20, 32, 7, 79, 39]",[97],"{""best_k"": 2, ""best_score"": 0.5354971885681152, ""selected_cluster"": 0, ""cluster_scores"": {""0"": 3.3540117740631104, ""1"": -1.0}, ""num_trusted"": 7, ""fallback_used"": false}"
434,apra,apra_trust_weighted_clip,"[2, 93, 20, 32, 7, 79, 39]",[],"{""base_clip"": 1.0, ""trust_weights"": {""2"": 0.25, ""93"": 0.0, ""20"": 0.0, ""32"": 0.0, ""7"": 0.25, ""79"": 0.25, ""39"": 0.25}, ""num_aggregated"": 7}"
435,apra,apra_mad_filter,"[3, 98, 90, 16, 40, 63, 82, 2]","[24, 54]","{""median_norm"": 0.5109484464097647, ""mad"": 0.06684372503969394, ""k"": 2.0, ""num_accepted"": 8, ""safety_keep_used"": false, ""fallback_used"": false}"
435,apra,apra_hierarchical_cluster,"[3, 98, 90, 16, 40, 63, 2]",[82],"{""best_k"": 2, ""best_score"": 0.7599366903305054, ""selected_cluster"": 0, ""cluster_scores"": {""0"": 6.149618625640869, ""1"": -1.0}, ""num_trusted"": 7, ""fallback_used"": false}"
435,apra,apra_trust_weighted_clip,"[3, 98, 90, 16, 40, 63, 2]",[],"{""base_clip"": 1.0, ""trust_weights"": {""3"": 0.20000000298023224, ""98"": 0.0, ""90"": 0.20000000298023224, ""16"": 0.20000000298023224, ""40"": 0.20000000298023224, ""63"": 0.20000000298023224, ""2"": 0.0}, ""num_aggregated"": 7}"
436,apra,apra_mad_filter,"[49, 43, 29, 60, 2, 42, 27, 38, 22]",[0],"{""median_norm"": 0.4948629919806288, ""mad"": 0.08127502029060032, ""k"": 2.0, ""num_accepted"": 9, ""safety_keep_used"": false, ""fallback_used"": false}"
436,apra,apra_hierarchical_cluster,"[49, 43, 29, 60, 2, 27, 38, 22]",[42],"{""best_k"": 2, ""best_score"": 0.7593540549278259, ""selected_cluster"": 0, ""cluster_scores"": {""0"": 5.008498191833496, ""1"": -1.0}, ""num_trusted"": 8, ""fallback_used"": false}"
436,apra,apra_trust_weighted_clip,"[49, 43, 29, 60, 2, 27, 38, 22]",[],"{""base_clip"": 1.0, ""trust_weights"": {""49"": 0.14317551255226135, ""43"": 0.14317551255226135, ""29"": 0.14317551255226135, ""60"": 0.14317551255226135, ""2"": 0.14094693958759308, ""27"": 0.14317551255226135, ""38"": 0.0, ""22"": 0.14317551255226135}, ""num_aggregated"": 8}"
437,apra,apra_mad_filter,"[4, 77, 0, 63, 91, 68, 9, 82, 54, 20]",[],"{""median_norm"": 0.5397541612537924, ""mad"": 0.07510205362070035, ""k"": 2.0, ""num_accepted"": 10, ""safety_keep_used"": false, ""fallback_used"": false}"
437,apra,apra_hierarchical_cluster,"[4, 77, 63, 91, 68, 9, 82, 20]","[0, 54]","{""best_k"": 3, ""best_score"": 0.5563768148422241, ""selected_cluster"": 0, ""cluster_scores"": {""0"": 3.5349879264831543, ""1"": -1.0, ""2"": -1.0}, ""num_trusted"": 8, ""fallback_used"": false}"
437,apra,apra_trust_weighted_clip,"[4, 77, 63, 91, 68, 9, 82, 20]",[],"{""base_clip"": 1.0, ""trust_weights"": {""4"": 0.0, ""77"": 0.3333333432674408, ""63"": 0.3333333432674408, ""91"": 0.3333333432674408, ""68"": 0.0, ""9"": 0.0, ""82"": 0.0, ""20"": 0.0}, ""num_aggregated"": 8}"
438,apra,apra_mad_filter,"[4, 26, 8, 74, 84, 49, 15, 46, 62, 7]",[],"{""median_norm"": 0.5075159705674218, ""mad"": 0.05987266498105834, ""k"": 2.0, ""num_accepted"": 10, ""safety_keep_used"": false, ""fallback_used"": false}"
438,apra,apra_hierarchical_cluster,"[4, 26, 8, 74, 84, 49, 15, 46, 7]",[62],"{""best_k"": 2, ""best_score"": 0.5177668333053589, ""selected_cluster"": 0, ""cluster_scores"": {""0"": 1.4533889293670654, ""1"": -1.0}, ""num_trusted"": 9, ""fallback_used"": false}"
438,apra,apra_trust_weighted_clip,"[4, 26, 8, 74, 84, 49, 15, 46, 7]",[],"{""base_clip"": 1.0, ""trust_weights"": {""4"": 0.1428571492433548, ""26"": 0.0, ""8"": 0.0, ""74"": 0.1428571492433548, ""84"": 0.1428571492433548, ""49"": 0.1428571492433548, ""15"": 0.1428571492433548, ""46"": 0.1428571492433548, ""7"": 0.1428571492433548}, ""num_aggregated"": 9}"
439,apra,apra_mad_filter,"[3, 51, 16, 78, 7, 29, 56, 59, 8, 43]",[],"{""median_norm"": 0.45843545613673065, ""mad"": 0.07172143721841359, ""k"": 2.0, ""num_accepted"": 10, ""safety_keep_used"": false, ""fallback_used"": false}"
439,apra,apra_hierarchical_cluster,"[3, 51, 16, 78, 7, 29, 56, 43]","[59, 8]","{""best_k"": 3, ""best_score"": 0.5999833345413208, ""selected_cluster"": 0, ""cluster_scores"": {""0"": 3.476752996444702, ""1"": -1.0, ""2"": -1.0}, ""num_trusted"": 8, ""fallback_used"": false}"
439,apra,apra_trust_weighted_clip,"[3, 51, 16, 78, 7, 29, 56, 43]",[],"{""base_clip"": 1.0, ""trust_weights"": {""3"": 0.1666666716337204, ""51"": 0.1666666716337204, ""16"": 0.1666666716337204, ""78"": 0.1666666716337204, ""7"": 0.1666666716337204, ""29"": 0.0, ""56"": 0.0, ""43"": 0.1666666716337204}, ""num_aggregated"": 8}"
440,apra,apra_mad_filter,"[4, 8, 35, 16, 59, 85, 74, 82, 61]",[88],"{""median_norm"": 0.5262549741472624, ""mad"": 0.08274741102966929, ""k"": 2.0, ""num_accepted"": 9, ""safety_keep_used"": false, ""fallback_used"": false}"
440,apra,apra_hierarchical_cluster,"[4, 8, 35, 16, 74, 61]","[59, 85, 82]","{""best_k"": 2, ""best_score"": 0.42749449610710144, ""selected_cluster"": 1, ""cluster_scores"": {""0"": 2.264756679534912, ""1"": 5.501001358032227}, ""num_trusted"": 6, ""fallback_used"": false}"
440,apra,apra_trust_weighted_clip,"[4, 8, 35, 16, 74, 61]",[],"{""base_clip"": 1.0, ""trust_weights"": {""4"": 0.15247397124767303, ""8"": 0.21188151836395264, ""35"": 0.21188151836395264, ""16"": 0.21188151836395264, ""74"": 0.21188151836395264, ""61"": 0.0}, ""num_aggregated"": 6}"
441,apra,apra_mad_filter,"[3, 78, 56, 87, 26, 14, 77, 74, 37, 53]",[],"{""median_norm"": 0.5237920102339226, ""mad"": 0.05399035500949595, ""k"": 2.0, ""num_accepted"": 10, ""safety_keep_used"": false, ""fallback_used"": false}"
441,apra,apra_hierarchical_cluster,"[3, 78, 56, 87, 14, 77, 74, 37, 53]",[26],"{""best_k"": 2, ""best_score"": 0.7419316172599792, ""selected_cluster"": 0, ""cluster_scores"": {""0"": 4.0756354331970215, ""1"": -1.0}, ""num_trusted"": 9, ""fallback_used"": false}"
441,apra,apra_trust_weighted_clip,"[3, 78, 56, 87, 14, 77, 74, 37, 53]",[],"{""base_clip"": 1.0, ""trust_weights"": {""3"": 0.1428571492433548, ""78"": 0.1428571492433548, ""56"": 0.0, ""87"": 0.1428571492433548, ""14"": 0.1428571492433548, ""77"": 0.0, ""74"": 0.1428571492433548, ""37"": 0.1428571492433548, ""53"": 0.1428571492433548}, ""num_aggregated"": 9}"
442,apra,apra_mad_filter,"[3, 5, 80, 50, 87, 7, 71, 60, 35]",[73],"{""median_norm"": 0.4541139322335427, ""mad"": 0.06140477092681851, ""k"": 2.0, ""num_accepted"": 9, ""safety_keep_used"": false, ""fallback_used"": false}"
442,apra,apra_hierarchical_cluster,"[3, 80, 50, 87, 7, 71, 60, 35]",[5],"{""best_k"": 2, ""best_score"": 0.5593678951263428, ""selected_cluster"": 0, ""cluster_scores"": {""0"": 3.7180213928222656, ""1"": -1.0}, ""num_trusted"": 8, ""fallback_used"": false}"
442,apra,apra_trust_weighted_clip,"[3, 80, 50, 87, 7, 71, 60, 35]",[],"{""base_clip"": 1.0, ""trust_weights"": {""3"": 0.1666666716337204, ""80"": 0.0, ""50"": 0.1666666716337204, ""87"": 0.1666666716337204, ""7"": 0.1666666716337204, ""71"": 0.0, ""60"": 0.1666666716337204, ""35"": 0.1666666716337204}, ""num_aggregated"": 8}"
443,apra,apra_mad_filter,"[4, 9, 20, 78, 66, 29, 2, 86, 97]",[54],"{""median_norm"": 0.5473573141292107, ""mad"": 0.06790455818511276, ""k"": 2.0, ""num_accepted"": 9, ""safety_keep_used"": false, ""fallback_used"": false}"
443,apra,apra_hierarchical_cluster,"[4, 9, 20, 78, 66, 29, 2, 86]",[97],"{""best_k"": 2, ""best_score"": 0.5998140573501587, ""selected_cluster"": 0, ""cluster_scores"": {""0"": 1.8865134716033936, ""1"": -1.0}, ""num_trusted"": 8, ""fallback_used"": false}"
443,apra,apra_trust_weighted_clip,"[4, 9, 20, 78, 66, 29, 2, 86]",[],"{""base_clip"": 1.0, ""trust_weights"": {""4"": 0.269606351852417, ""9"": 0.0, ""20"": 0.0, ""78"": 0.269606351852417, ""66"": 0.0, ""29"": 0.269606351852417, ""2"": 0.0, ""86"": 0.19118094444274902}, ""num_aggregated"": 8}"
444,apra,apra_mad_filter,"[3, 70, 67, 40, 92, 61, 58, 66, 65]",[73],"{""median_norm"": 0.49409099726423183, ""mad"": 0.06021650509356183, ""k"": 2.0, ""num_accepted"": 9, ""safety_keep_used"": false, ""fallback_used"": false}"
444,apra,apra_hierarchical_cluster,"[3, 40, 92, 58, 65]","[70, 67, 61, 66]","{""best_k"": 3, ""best_score"": 0.48233726620674133, ""selected_cluster"": 1, ""cluster_scores"": {""0"": 1.1540236473083496, ""1"": 4.597135543823242, ""2"": 1.9348528385162354}, ""num_trusted"": 5, ""fallback_used"": false}"
444,apra,apra_trust_weighted_clip,"[3, 40, 92, 58, 65]",[],"{""base_clip"": 1.0, ""trust_weights"": {""3"": 0.0, ""40"": 0.25, ""92"": 0.25, ""58"": 0.25, ""65"": 0.25}, ""num_aggregated"": 5}"
445,apra,apra_mad_filter,"[1, 33, 28, 59, 45, 80, 52, 68, 51]",[95],"{""median_norm"": 0.5277139386488938, ""mad"": 0.0529706812459175, ""k"": 2.0, ""num_accepted"": 9, ""safety_keep_used"": false, ""fallback_used"": false}"
445,apra,apra_hierarchical_cluster,"[1, 33, 28, 59, 45, 80, 52, 51]",[68],"{""best_k"": 2, ""best_score"": 0.5229842066764832, ""selected_cluster"": 0, ""cluster_scores"": {""0"": 3.3117835521698, ""1"": -1.0}, ""num_trusted"": 8, ""fallback_used"": false}"
445,apra,apra_trust_weighted_clip,"[1, 33, 28, 59, 45, 80, 52, 51]",[],"{""base_clip"": 1.0, ""trust_weights"": {""1"": 0.15262512862682343, ""33"": 0.15262512862682343, ""28"": 0.15262512862682343, ""59"": 0.0, ""45"": 0.08424919098615646, ""80"": 0.15262512862682343, ""52"": 0.15262512862682343, ""51"": 0.15262512862682343}, ""num_aggregated"": 8}"
446,apra,apra_mad_filter,"[4, 56, 23, 58, 33, 65, 24, 90, 30]",[88],"{""median_norm"": 0.5573020677325429, ""mad"": 0.08254249559368701, ""k"": 2.0, ""num_accepted"": 9, ""safety_keep_used"": false, ""fallback_used"": false}"
446,apra,apra_hierarchical_cluster,"[4, 56, 23, 58, 33, 65, 24, 90]",[30],"{""best_k"": 2, ""best_score"": 0.6648812890052795, ""selected_cluster"": 0, ""cluster_scores"": {""0"": 7.743346214294434, ""1"": -1.0}, ""num_trusted"": 8, ""fallback_used"": false}"
446,apra,apra_trust_weighted_clip,"[4, 56, 23, 58, 33, 65, 24, 90]",[],"{""base_clip"": 1.0, ""trust_weights"": {""4"": 0.1428571492433548, ""56"": 0.1428571492433548, ""23"": 0.1428571492433548, ""58"": 0.1428571492433548, ""33"": 0.1428571492433548, ""65"": 0.1428571492433548, ""24"": 0.0, ""90"": 0.1428571492433548}, ""num_aggregated"": 8}"
447,apra,apra_mad_filter,"[5, 73, 92, 57, 9, 42, 33, 63, 43]",[0],"{""median_norm"": 0.5396255868143862, ""mad"": 0.08244557114748785, ""k"": 2.0, ""num_accepted"": 9, ""safety_keep_used"": false, ""fallback_used"": false}"
447,apra,apra_hierarchical_cluster,"[5, 92, 57, 42, 33, 63, 43]","[73, 9]","{""best_k"": 3, ""best_score"": 0.6462032794952393, ""selected_cluster"": 0, ""cluster_scores"": {""0"": 4.093151569366455, ""1"": -1.0, ""2"": -1.0}, ""num_trusted"": 7, ""fallback_used"": false}"
447,apra,apra_trust_weighted_clip,"[5, 92, 57, 42, 33, 63, 43]",[],"{""base_clip"": 1.0, ""trust_weights"": {""5"": 0.1666666716337204, ""92"": 0.1666666716337204, ""57"": 0.1666666716337204, ""42"": 0.0, ""33"": 0.1666666716337204, ""63"": 0.1666666716337204, ""43"": 0.1666666716337204}, ""num_aggregated"": 7}"
448,apra,apra_mad_filter,"[46, 2, 15, 25, 98, 28, 50, 58, 20]",[4],"{""median_norm"": 0.47950945699004344, ""mad"": 0.041005682251647024, ""k"": 2.0, ""num_accepted"": 9, ""safety_keep_used"": false, ""fallback_used"": false}"
448,apra,apra_hierarchical_cluster,"[2, 15, 58]","[46, 25, 98, 28, 50, 20]","{""best_k"": 2, ""best_score"": 0.35300153493881226, ""selected_cluster"": 0, ""cluster_scores"": {""0"": 2.2438056468963623, ""1"": 1.9270961284637451}, ""num_trusted"": 3, ""fallback_used"": false}"
448,apra,apra_trust_weighted_clip,"[2, 15, 58]",[],"{""base_clip"": 1.0, ""trust_weights"": {""2"": 0.0, ""15"": 0.5, ""58"": 0.5}, ""num_aggregated"": 3}"
449,apra,apra_mad_filter,"[0, 9, 42, 49, 58, 98, 94, 67, 36, 3]",[],"{""median_norm"": 0.6049471489451627, ""mad"": 0.11695760105701464, ""k"": 2.0, ""num_accepted"": 10, ""safety_keep_used"": false, ""fallback_used"": false}"
449,apra,apra_hierarchical_cluster,"[9, 42, 49, 58, 98, 94, 67, 36, 3]",[0],"{""best_k"": 2, ""best_score"": 0.6585243940353394, ""selected_cluster"": 0, ""cluster_scores"": {""0"": 2.779601812362671, ""1"": -1.0}, ""num_trusted"": 9, ""fallback_used"": false}"
449,apra,apra_trust_weighted_clip,"[9, 42, 49, 58, 98, 94, 67, 36, 3]",[],"{""base_clip"": 1.0, ""trust_weights"": {""9"": 0.125, ""42"": 0.0, ""49"": 0.125, ""58"": 0.125, ""98"": 0.125, ""94"": 0.125, ""67"": 0.125, ""36"": 0.125, ""3"": 0.125}, ""num_aggregated"": 9}"
450,apra,apra_mad_filter,"[4, 21, 69, 24, 38, 97, 52, 40, 78, 83]",[],"{""median_norm"": 0.5858563528666918, ""mad"": 0.07384307206071317, ""k"": 2.0, ""num_accepted"": 10, ""safety_keep_used"": false, ""fallback_used"": false}"
450,apra,apra_hierarchical_cluster,"[4, 21, 69, 24, 38, 52, 40, 78, 83]",[97],"{""best_k"": 2, ""best_score"": 0.6373484134674072, ""selected_cluster"": 0, ""cluster_scores"": {""0"": 4.188018321990967, ""1"": -1.0}, ""num_trusted"": 9, ""fallback_used"": false}"
450,apra,apra_trust_weighted_clip,"[4, 21, 69, 24, 38, 52, 40, 78, 83]",[],"{""base_clip"": 1.0, ""trust_weights"": {""4"": 0.0, ""21"": 0.1428571492433548, ""69"": 0.0, ""24"": 0.1428571492433548, ""38"": 0.1428571492433548, ""52"": 0.1428571492433548, ""40"": 0.1428571492433548, ""78"": 0.1428571492433548, ""83"": 0.1428571492433548}, ""num_aggregated"": 9}"
451,apra,apra_mad_filter,"[0, 83, 31, 58, 11, 54, 42, 8, 73, 36]",[],"{""median_norm"": 0.6182761362658473, ""mad"": 0.10916730061478735, ""k"": 2.0, ""num_accepted"": 10, ""safety_keep_used"": false, ""fallback_used"": false}"
451,apra,apra_hierarchical_cluster,"[0, 83, 31, 58, 11, 54, 8, 36]","[42, 73]","{""best_k"": 2, ""best_score"": 0.5382698774337769, ""selected_cluster"": 0, ""cluster_scores"": {""0"": 4.180681228637695, ""1"": 1.9995670318603516}, ""num_trusted"": 8, ""fallback_used"": false}"
451,apra,apra_trust_weighted_clip,"[0, 83, 31, 58, 11, 54, 8, 36]",[],"{""base_clip"": 1.0, ""trust_weights"": {""0"": 0.0, ""83"": 0.1666666716337204, ""31"": 0.1666666716337204, ""58"": 0.1666666716337204, ""11"": 0.1666666716337204, ""54"": 0.0, ""8"": 0.1666666716337204, ""36"": 0.1666666716337204}, ""num_aggregated"": 8}"
452,apra,apra_mad_filter,"[1, 85, 28, 14, 48, 73, 53, 82, 31, 61]",[],"{""median_norm"": 0.5269510676185423, ""mad"": 0.06864888470543656, ""k"": 2.0, ""num_accepted"": 10, ""safety_keep_used"": false, ""fallback_used"": false}"
452,apra,apra_hierarchical_cluster,"[1, 85, 28, 14, 48, 53, 82, 31, 61]",[73],"{""best_k"": 2, ""best_score"": 0.7348824739456177, ""selected_cluster"": 0, ""cluster_scores"": {""0"": 3.6794536113739014, ""1"": -1.0}, ""num_trusted"": 9, ""fallback_used"": false}"
452,apra,apra_trust_weighted_clip,"[1, 85, 28, 14, 48, 53, 82, 31, 61]",[],"{""base_clip"": 1.0, ""trust_weights"": {""1"": 0.1261574774980545, ""85"": 0.11689762026071548, ""28"": 0.1261574774980545, ""14"": 0.1261574774980545, ""48"": 0.1261574774980545, ""53"": 0.1261574774980545, ""82"": 0.1261574774980545, ""31"": 0.0, ""61"": 0.1261574774980545}, ""num_aggregated"": 9}"
453,apra,apra_mad_filter,"[4, 11, 29, 16, 84, 79, 9, 47, 14, 66]",[],"{""median_norm"": 0.6957340161175039, ""mad"": 0.08877469893446749, ""k"": 2.0, ""num_accepted"": 10, ""safety_keep_used"": false, ""fallback_used"": false}"
453,apra,apra_hierarchical_cluster,"[4, 11, 29, 16, 84, 79, 9, 14, 66]",[47],"{""best_k"": 2, ""best_score"": 0.7436684370040894, ""selected_cluster"": 0, ""cluster_scores"": {""0"": 4.857791900634766, ""1"": -1.0}, ""num_trusted"": 9, ""fallback_used"": false}"
453,apra,apra_trust_weighted_clip,"[4, 11, 29, 16, 84, 79, 9, 14, 66]",[],"{""base_clip"": 1.0, ""trust_weights"": {""4"": 0.13509435951709747, ""11"": 0.13509435951709747, ""29"": 0.05433950573205948, ""16"": 0.13509435951709747, ""84"": 0.13509435951709747, ""79"": 0.13509435951709747, ""9"": 0.0, ""14"": 0.13509435951709747, ""66"": 0.13509435951709747}, ""num_aggregated"": 9}"
454,apra,apra_mad_filter,"[91, 31, 75, 3, 4, 36, 57, 77]","[0, 49]","{""median_norm"": 0.4852903279040728, ""mad"": 0.04649618322923896, ""k"": 2.0, ""num_accepted"": 8, ""safety_keep_used"": false, ""fallback_used"": false}"
454,apra,apra_hierarchical_cluster,"[91, 75, 3, 4, 36, 57, 77]",[31],"{""best_k"": 2, ""best_score"": 0.6276900768280029, ""selected_cluster"": 0, ""cluster_scores"": {""0"": 3.243128776550293, ""1"": -1.0}, ""num_trusted"": 7, ""fallback_used"": false}"
454,apra,apra_trust_weighted_clip,"[91, 75, 3, 4, 36, 57, 77]",[],"{""base_clip"": 1.0, ""trust_weights"": {""91"": 0.18266770243644714, ""75"": 0.18266770243644714, ""3"": 0.18266770243644714, ""4"": 0.0, ""36"": 0.08666146546602249, ""57"": 0.18266770243644714, ""77"": 0.18266770243644714}, ""num_aggregated"": 7}"
455,apra,apra_mad_filter,"[39, 56, 94, 40, 37, 77, 8, 99]","[0, 34]","{""median_norm"": 0.44895377832822314, ""mad"": 0.029090633378153485, ""k"": 2.0, ""num_accepted"": 8, ""safety_keep_used"": false, ""fallback_used"": false}"
455,apra,apra_hierarchical_cluster,"[39, 94, 37, 77]","[56, 40, 8, 99]","{""best_k"": 2, ""best_score"": 0.3859584927558899, ""selected_cluster"": 1, ""cluster_scores"": {""0"": 2.3128318786621094, ""1"": 3.6388449668884277}, ""num_trusted"": 4, ""fallback_used"": false}"
455,apra,apra_trust_weighted_clip,"[39, 94, 37, 77]",[],"{""base_clip"": 1.0, ""trust_weights"": {""39"": 0.0, ""94"": 0.5, ""37"": 0.0, ""77"": 0.5}, ""num_aggregated"": 4}"
456,apra,apra_mad_filter,"[2, 70, 9, 43, 13, 78, 98, 29, 79]",[88],"{""median_norm"": 0.533914780158326, ""mad"": 0.050439985266434034, ""k"": 2.0, ""num_accepted"": 9, ""safety_keep_used"": false, ""fallback_used"": false}"
456,apra,apra_hierarchical_cluster,"[2, 43, 78, 98, 29, 79]","[70, 9, 13]","{""best_k"": 3, ""best_score"": 0.47327640652656555, ""selected_cluster"": 0, ""cluster_scores"": {""0"": 5.863000392913818, ""1"": 1.9651086330413818, ""2"": -1.0}, ""num_trusted"": 6, ""fallback_used"": false}"
456,apra,apra_trust_weighted_clip,"[2, 43, 78, 98, 29, 79]",[],"{""base_clip"": 1.0, ""trust_weights"": {""2"": 0.0, ""43"": 0.25, ""78"": 0.25, ""98"": 0.25, ""29"": 0.0, ""79"": 0.25}, ""num_aggregated"": 6}"
457,apra,apra_mad_filter,"[2, 20, 64, 72, 12, 91, 81, 10, 80]",[73],"{""median_norm"": 0.4876501699953905, ""mad"": 0.05107498069361413, ""k"": 2.0, ""num_accepted"": 9, ""safety_keep_used"": false, ""fallback_used"": false}"
457,apra,apra_hierarchical_cluster,"[2, 20, 64, 12, 91, 81, 10, 80]",[72],"{""best_k"": 2, ""best_score"": 0.5141378045082092, ""selected_cluster"": 0, ""cluster_scores"": {""0"": 2.7977542877197266, ""1"": -1.0}, ""num_trusted"": 8, ""fallback_used"": false}"
457,apra,apra_trust_weighted_clip,"[2, 20, 64, 12, 91, 81, 10, 80]",[],"{""base_clip"": 1.0, ""trust_weights"": {""2"": 0.0, ""20"": 0.20000000298023224, ""64"": 0.20000000298023224, ""12"": 0.20000000298023224, ""91"": 0.20000000298023224, ""81"": 0.0, ""10"": 0.0, ""80"": 0.20000000298023224}, ""num_aggregated"": 8}"
458,apra,apra_mad_filter,"[1, 56, 69, 3, 65, 55, 87]","[77, 7, 80]","{""median_norm"": 0.6542905645341264, ""mad"": 0.03160916752639559, ""k"": 2.0, ""num_accepted"": 7, ""safety_keep_used"": false, ""fallback_used"": false}"
458,apra,apra_hierarchical_cluster,"[1, 56, 3, 65, 55, 87]",[69],"{""best_k"": 2, ""best_score"": 0.6610847115516663, ""selected_cluster"": 0, ""cluster_scores"": {""0"": 3.039318084716797, ""1"": -1.0}, ""num_trusted"": 6, ""fallback_used"": false}"
458,apra,apra_trust_weighted_clip,"[1, 56, 3, 65, 55, 87]",[],"{""base_clip"": 1.0, ""trust_weights"": {""1"": 0.25, ""56"": 0.25, ""3"": 0.25, ""65"": 0.0, ""55"": 0.0, ""87"": 0.25}, ""num_aggregated"": 6}"
459,apra,apra_mad_filter,"[0, 82, 55, 67, 10, 38, 40, 11, 93, 50]",[],"{""median_norm"": 0.5240920117016789, ""mad"": 0.07782377993712092, ""k"": 2.0, ""num_accepted"": 10, ""safety_keep_used"": false, ""fallback_used"": false}"
459,apra,apra_hierarchical_cluster,"[82, 67, 38, 40, 11, 93, 50]","[0, 55, 10]","{""best_k"": 3, ""best_score"": 0.5715382695198059, ""selected_cluster"": 1, ""cluster_scores"": {""0"": 1.721909523010254, ""1"": 6.245871543884277, ""2"": -1.0}, ""num_trusted"": 7, ""fallback_used"": false}"
459,apra,apra_trust_weighted_clip,"[82, 67, 38, 40, 11, 93, 50]",[],"{""base_clip"": 1.0, ""trust_weights"": {""82"": 0.0, ""67"": 0.18073515594005585, ""38"": 0.11217756569385529, ""40"": 0.1648818552494049, ""11"": 0.18073515594005585, ""93"": 0.18073515594005585, ""50"": 0.18073515594005585}, ""num_aggregated"": 7}"
460,apra,apra_mad_filter,"[14, 62, 98, 60, 20, 78, 36, 21]","[0, 88]","{""median_norm"": 0.5151618642183604, ""mad"": 0.05161155314980534, ""k"": 2.0, ""num_accepted"": 8, ""safety_keep_used"": false, ""fallback_used"": false}"
460,apra,apra_hierarchical_cluster,"[14, 98, 60, 20, 78, 36, 21]",[62],"{""best_k"": 2, ""best_score"": 0.5660077333450317, ""selected_cluster"": 0, ""cluster_scores"": {""0"": 6.220971584320068, ""1"": -1.0}, ""num_trusted"": 7, ""fallback_used"": false}"
460,apra,apra_trust_weighted_clip,"[14, 98, 60, 20, 78, 36, 21]",[],"{""base_clip"": 1.0, ""trust_weights"": {""14"": 0.20000000298023224, ""98"": 0.20000000298023224, ""60"": 0.20000000298023224, ""20"": 0.0, ""78"": 0.20000000298023224, ""36"": 0.0, ""21"": 0.20000000298023224}, ""num_aggregated"": 7}"
461,apra,apra_mad_filter,"[0, 53, 7, 72, 44, 95, 67, 96]","[61, 4]","{""median_norm"": 0.6510815131591561, ""mad"": 0.05259040051393843, ""k"": 2.0, ""num_accepted"": 8, ""safety_keep_used"": false, ""fallback_used"": false}"
461,apra,apra_hierarchical_cluster,"[53, 7, 72, 44, 67, 96]","[0, 95]","{""best_k"": 3, ""best_score"": 0.5906431674957275, ""selected_cluster"": 0, ""cluster_scores"": {""0"": 2.5849227905273438, ""1"": -1.0, ""2"": -1.0}, ""num_trusted"": 6, ""fallback_used"": false}"
461,apra,apra_trust_weighted_clip,"[53, 7, 72, 44, 67, 96]",[],"{""base_clip"": 1.0, ""trust_weights"": {""53"": 0.20000000298023224, ""7"": 0.20000000298023224, ""72"": 0.20000000298023224, ""44"": 0.20000000298023224, ""67"": 0.20000000298023224, ""96"": 0.0}, ""num_aggregated"": 6}"
462,apra,apra_mad_filter,"[2, 71, 20, 36, 87, 1, 33, 80, 83, 62]",[],"{""median_norm"": 0.5457833278661306, ""mad"": 0.06686420306114974, ""k"": 2.0, ""num_accepted"": 10, ""safety_keep_used"": false, ""fallback_used"": false}"
462,apra,apra_hierarchical_cluster,"[20, 36, 87, 1, 33, 80, 83, 62]","[2, 71]","{""best_k"": 2, ""best_score"": 0.608738362789154, ""selected_cluster"": 1, ""cluster_scores"": {""0"": 1.6241328716278076, ""1"": 4.33306884765625}, ""num_trusted"": 8, ""fallback_used"": false}"
462,apra,apra_trust_weighted_clip,"[20, 36, 87, 1, 33, 80, 83, 62]",[],"{""base_clip"": 1.0, ""trust_weights"": {""20"": 0.1568707674741745, ""36"": 0.1568707674741745, ""87"": 0.1568707674741745, ""1"": 0.1568707674741745, ""33"": 0.1568707674741745, ""80"": 0.0, ""83"": 0.1568707674741745, ""62"": 0.05877533555030823}, ""num_aggregated"": 8}"
463,apra,apra_mad_filter,"[3, 92, 76, 90, 42, 62, 23, 37, 0]",[88],"{""median_norm"": 0.558623235263769, ""mad"": 0.09044087617678556, ""k"": 2.0, ""num_accepted"": 9, ""safety_keep_used"": false, ""fallback_used"": false}"
463,apra,apra_hierarchical_cluster,"[3, 92, 76, 90, 42, 62, 23, 37]",[0],"{""best_k"": 2, ""best_score"": 0.7409711480140686, ""selected_cluster"": 0, ""cluster_scores"": {""0"": 5.559942245483398, ""1"": -1.0}, ""num_trusted"": 8, ""fallback_used"": false}"
463,apra,apra_trust_weighted_clip,"[3, 92, 76, 90, 42, 62, 23, 37]",[],"{""base_clip"": 1.0, ""trust_weights"": {""3"": 0.1428571492433548, ""92"": 0.1428571492433548, ""76"": 0.1428571492433548, ""90"": 0.1428571492433548, ""42"": 0.0, ""62"": 0.1428571492433548, ""23"": 0.1428571492433548, ""37"": 0.1428571492433548}, ""num_aggregated"": 8}"
464,apra,apra_mad_filter,"[0, 30, 8, 26, 11, 47, 9, 96, 67, 53]",[],"{""median_norm"": 0.6483996647983008, ""mad"": 0.1121284493346329, ""k"": 2.0, ""num_accepted"": 10, ""safety_keep_used"": false, ""fallback_used"": false}"
464,apra,apra_hierarchical_cluster,"[0, 30, 8, 26, 11, 47, 9, 67, 53]",[96],"{""best_k"": 2, ""best_score"": 0.5063390135765076, ""selected_cluster"": 0, ""cluster_scores"": {""0"": 2.284003973007202, ""1"": -1.0}, ""num_trusted"": 9, ""fallback_used"": false}"
464,apra,apra_trust_weighted_clip,"[0, 30, 8, 26, 11, 47, 9, 67, 53]",[],"{""base_clip"": 1.0, ""trust_weights"": {""0"": 0.125, ""30"": 0.0, ""8"": 0.125, ""26"": 0.125, ""11"": 0.125, ""47"": 0.125, ""9"": 0.125, ""67"": 0.125, ""53"": 0.125}, ""num_aggregated"": 9}"
465,apra,apra_mad_filter,"[0, 58, 76, 72, 78, 56, 23, 99, 20]",[45],"{""median_norm"": 0.5141869554467307, ""mad"": 0.06059734839956585, ""k"": 2.0, ""num_accepted"": 9, ""safety_keep_used"": false, ""fallback_used"": false}"
465,apra,apra_hierarchical_cluster,"[58, 76, 72, 78, 56, 23, 99, 20]",[0],"{""best_k"": 2, ""best_score"": 0.7660440802574158, ""selected_cluster"": 0, ""cluster_scores"": {""0"": 6.372079372406006, ""1"": -1.0}, ""num_trusted"": 8, ""fallback_used"": false}"
465,apra,apra_trust_weighted_clip,"[58, 76, 72, 78, 56, 23, 99, 20]",[],"{""base_clip"": 1.0, ""trust_weights"": {""58"": 0.1428571492433548, ""76"": 0.1428571492433548, ""72"": 0.1428571492433548, ""78"": 0.1428571492433548, ""56"": 0.1428571492433548, ""23"": 0.1428571492433548, ""99"": 0.0, ""20"": 0.1428571492433548}, ""num_aggregated"": 8}"
466,apra,apra_mad_filter,"[2, 79, 39, 82, 60, 34, 83, 13, 35]",[54],"{""median_norm"": 0.5164644634650462, ""mad"": 0.04948427125732577, ""k"": 2.0, ""num_accepted"": 9, ""safety_keep_used"": false, ""fallback_used"": false}"
466,apra,apra_hierarchical_cluster,"[2, 79, 39, 82, 60, 34, 83, 35]",[13],"{""best_k"": 2, ""best_score"": 0.45814669132232666, ""selected_cluster"": 0, ""cluster_scores"": {""0"": 4.201368808746338, ""1"": -1.0}, ""num_trusted"": 8, ""fallback_used"": false}"
466,apra,apra_trust_weighted_clip,"[2, 79, 39, 82, 60, 34, 83, 35]",[],"{""base_clip"": 1.0, ""trust_weights"": {""2"": 0.0, ""79"": 0.17565152049064636, ""39"": 0.12174239009618759, ""82"": 0.0, ""60"": 0.17565152049064636, ""34"": 0.17565152049064636, ""83"": 0.17565152049064636, ""35"": 0.17565152049064636}, ""num_aggregated"": 8}"
467,apra,apra_mad_filter,"[4, 45, 65, 28, 24, 47, 10, 77, 74]",[5],"{""median_norm"": 0.6383604971818229, ""mad"": 0.09407618645068838, ""k"": 2.0, ""num_accepted"": 9, ""safety_keep_used"": false, ""fallback_used"": false}"
467,apra,apra_hierarchical_cluster,"[4, 45, 65, 28, 24, 77, 74]","[47, 10]","{""best_k"": 2, ""best_score"": 0.47054848074913025, ""selected_cluster"": 1, ""cluster_scores"": {""0"": 1.6263492107391357, ""1"": 5.591187477111816}, ""num_trusted"": 7, ""fallback_used"": false}"
467,apra,apra_trust_weighted_clip,"[4, 45, 65, 28, 24, 77, 74]",[],"{""base_clip"": 1.0, ""trust_weights"": {""4"": 0.1666666716337204, ""45"": 0.1666666716337204, ""65"": 0.1666666716337204, ""28"": 0.0, ""24"": 0.1666666716337204, ""77"": 0.1666666716337204, ""74"": 0.1666666716337204}, ""num_aggregated"": 7}"
468,apra,apra_mad_filter,"[52, 30, 28, 34, 80, 19, 57]","[0, 2, 18]","{""median_norm"": 0.47912903453030586, ""mad"": 0.060148605475491, ""k"": 2.0, ""num_accepted"": 7, ""safety_keep_used"": false, ""fallback_used"": false}"
468,apra,apra_hierarchical_cluster,"[52, 30, 28, 34, 80, 57]",[19],"{""best_k"": 2, ""best_score"": 0.5770664811134338, ""selected_cluster"": 0, ""cluster_scores"": {""0"": 2.4650068283081055, ""1"": -1.0}, ""num_trusted"": 6, ""fallback_used"": false}"
468,apra,apra_trust_weighted_clip,"[52, 30, 28, 34, 80, 57]",[],"{""base_clip"": 1.0, ""trust_weights"": {""52"": 0.25, ""30"": 0.0, ""28"": 0.0, ""34"": 0.25, ""80"": 0.25, ""57"": 0.25}, ""num_aggregated"": 6}"
469,apra,apra_mad_filter,"[3, 90, 98, 61, 8, 69, 42, 74, 40, 87]",[],"{""median_norm"": 0.455788870917986, ""mad"": 0.06649837087118049, ""k"": 2.0, ""num_accepted"": 10, ""safety_keep_used"": false, ""fallback_used"": false}"
469,apra,apra_hierarchical_cluster,"[3, 90, 98, 61, 8, 69, 74, 40, 87]",[42],"{""best_k"": 2, ""best_score"": 0.662685751914978, ""selected_cluster"": 0, ""cluster_scores"": {""0"": 3.5153446197509766, ""1"": -1.0}, ""num_trusted"": 9, ""fallback_used"": false}"
469,apra,apra_trust_weighted_clip,"[3, 90, 98, 61, 8, 69, 74, 40, 87]",[],"{""base_clip"": 1.0, ""trust_weights"": {""3"": 0.1290433704853058, ""90"": 0.2829594612121582, ""98"": 0.13266852498054504, ""61"": 0.0, ""8"": 0.0, ""69"": 0.0, ""74"": 0.03970065340399742, ""40"": 0.13266852498054504, ""87"": 0.2829594612121582}, ""num_aggregated"": 9}"
470,apra,apra_mad_filter,"[1, 55, 65, 23, 79, 85, 96, 95]","[31, 47]","{""median_norm"": 0.5992957891598512, ""mad"": 0.05853537851291435, ""k"": 2.0, ""num_accepted"": 8, ""safety_keep_used"": false, ""fallback_used"": false}"
470,apra,apra_hierarchical_cluster,"[1, 65, 23, 79, 96, 95]","[55, 85]","{""best_k"": 2, ""best_score"": 0.6679441928863525, ""selected_cluster"": 1, ""cluster_scores"": {""0"": 1.8329565525054932, ""1"": 5.836441993713379}, ""num_trusted"": 6, ""fallback_used"": false}"
470,apra,apra_trust_weighted_clip,"[1, 65, 23, 79, 96, 95]",[],"{""base_clip"": 1.0, ""trust_weights"": {""1"": 0.20000000298023224, ""65"": 0.20000000298023224, ""23"": 0.20000000298023224, ""79"": 0.20000000298023224, ""96"": 0.0, ""95"": 0.20000000298023224}, ""num_aggregated"": 6}"
471,apra,apra_mad_filter,"[2, 34, 26, 89, 36, 33, 69, 24, 12, 31]",[],"{""median_norm"": 0.49619694794363334, ""mad"": 0.0720166308369628, ""k"": 2.0, ""num_accepted"": 10, ""safety_keep_used"": false, ""fallback_used"": false}"
471,apra,apra_hierarchical_cluster,"[2, 34, 26, 89, 36, 33, 69, 24, 12]",[31],"{""best_k"": 2, ""best_score"": 0.5645821690559387, ""selected_cluster"": 0, ""cluster_scores"": {""0"": 1.3670321702957153, ""1"": -1.0}, ""num_trusted"": 9, ""fallback_used"": false}"
471,apra,apra_trust_weighted_clip,"[2, 34, 26, 89, 36, 33, 69, 24, 12]",[],"{""base_clip"": 1.0, ""trust_weights"": {""2"": 0.13476240634918213, ""34"": 0.14860528707504272, ""26"": 0.14860528707504272, ""89"": 0.14860528707504272, ""36"": 0.0, ""33"": 0.0, ""69"": 0.12221118807792664, ""24"": 0.14860528707504272, ""12"": 0.14860528707504272}, ""num_aggregated"": 9}"
472,apra,apra_mad_filter,"[4, 82, 0, 16, 41, 83, 44, 62, 52, 78]",[],"{""median_norm"": 0.5926348649594317, ""mad"": 0.09651329677508722, ""k"": 2.0, ""num_accepted"": 10, ""safety_keep_used"": false, ""fallback_used"": false}"
472,apra,apra_hierarchical_cluster,"[4, 16, 41, 83, 44, 52, 78]","[82, 0, 62]","{""best_k"": 3, ""best_score"": 0.5200058221817017, ""selected_cluster"": 2, ""cluster_scores"": {""0"": 1.5597991943359375, ""1"": -1.0, ""2"": 4.229734420776367}, ""num_trusted"": 7, ""fallback_used"": false}"
472,apra,apra_trust_weighted_clip,"[4, 16, 41, 83, 44, 52, 78]",[],"{""base_clip"": 1.0, ""trust_weights"": {""4"": 0.1666666716337204, ""16"": 0.1666666716337204, ""41"": 0.1666666716337204, ""83"": 0.1666666716337204, ""44"": 0.0, ""52"": 0.1666666716337204, ""78"": 0.1666666716337204}, ""num_aggregated"": 7}"
473,apra,apra_mad_filter,"[2, 13, 87, 14, 27, 80, 70, 98, 47]",[48],"{""median_norm"": 0.6176680246130417, ""mad"": 0.07838719414126805, ""k"": 2.0, ""num_accepted"": 9, ""safety_keep_used"": false, ""fallback_used"": false}"
473,apra,apra_hierarchical_cluster,"[2, 13, 87, 14, 27, 80, 70, 98]",[47],"{""best_k"": 2, ""best_score"": 0.6477654576301575, ""selected_cluster"": 0, ""cluster_scores"": {""0"": 5.865383148193359, ""1"": -1.0}, ""num_trusted"": 8, ""fallback_used"": false}"
473,apra,apra_trust_weighted_clip,"[2, 13, 87, 14, 27, 80, 70, 98]",[],"{""base_clip"": 1.0, ""trust_weights"": {""2"": 0.20000000298023224, ""13"": 0.20000000298023224, ""87"": 0.20000000298023224, ""14"": 0.0, ""27"": 0.20000000298023224, ""80"": 0.0, ""70"": 0.0, ""98"": 0.20000000298023224}, ""num_aggregated"": 8}"
474,apra,apra_mad_filter,"[2, 32, 21, 27, 61, 1, 65, 98, 28]",[47],"{""median_norm"": 0.5442278565558345, ""mad"": 0.07040633247531489, ""k"": 2.0, ""num_accepted"": 9, ""safety_keep_used"": false, ""fallback_used"": false}"
474,apra,apra_hierarchical_cluster,"[2, 21, 27, 61, 1, 65, 98]","[32, 28]","{""best_k"": 2, ""best_score"": 0.504885733127594, ""selected_cluster"": 1, ""cluster_scores"": {""0"": 1.5826752185821533, ""1"": 5.180801868438721}, ""num_trusted"": 7, ""fallback_used"": false}"
474,apra,apra_trust_weighted_clip,"[2, 21, 27, 61, 1, 65, 98]",[],"{""base_clip"": 1.0, ""trust_weights"": {""2"": 0.0, ""21"": 0.25, ""27"": 0.25, ""61"": 0.25, ""1"": 0.0, ""65"": 0.0, ""98"": 0.25}, ""num_aggregated"": 7}"
475,apra,apra_mad_filter,"[4, 64, 32, 16, 60, 41, 22, 20]","[88, 92]","{""median_norm"": 0.5952216055580937, ""mad"": 0.1368019352537011, ""k"": 2.0, ""num_accepted"": 8, ""safety_keep_used"": false, ""fallback_used"": false}"
475,apra,apra_hierarchical_cluster,"[4, 64, 32, 16, 60, 22, 20]",[41],"{""best_k"": 2, ""best_score"": 0.5089362263679504, ""selected_cluster"": 0, ""cluster_scores"": {""0"": 5.044346809387207, ""1"": -1.0}, ""num_trusted"": 7, ""fallback_used"": false}"
475,apra,apra_trust_weighted_clip,"[4, 64, 32, 16, 60, 22, 20]",[],"{""base_clip"": 1.0, ""trust_weights"": {""4"": 0.2128835916519165, ""64"": 0.2128835916519165, ""32"": 0.0, ""16"": 0.2128835916519165, ""60"": 0.14846566319465637, ""22"": 0.2128835916519165, ""20"": 0.0}, ""num_aggregated"": 7}"
476,apra,apra_mad_filter,"[1, 19, 36, 31, 33, 90, 95, 27, 73]",[13],"{""median_norm"": 0.669582440966849, ""mad"": 0.0711022806545682, ""k"": 2.0, ""num_accepted"": 9, ""safety_keep_used"": false, ""fallback_used"": false}"
476,apra,apra_hierarchical_cluster,"[1, 19, 36, 31, 33, 90, 95, 27]",[73],"{""best_k"": 2, ""best_score"": 0.5684788227081299, ""selected_cluster"": 0, ""cluster_scores"": {""0"": 4.120853424072266, ""1"": -1.0}, ""num_trusted"": 8, ""fallback_used"": false}"
476,apra,apra_trust_weighted_clip,"[1, 19, 36, 31, 33, 90, 95, 27]",[],"{""base_clip"": 1.0, ""trust_weights"": {""1"": 0.14514188468456268, ""19"": 0.14514188468456268, ""36"": 0.14514188468456268, ""31"": 0.0, ""33"": 0.14514188468456268, ""90"": 0.14514188468456268, ""95"": 0.12914864718914032, ""27"": 0.14514188468456268}, ""num_aggregated"": 8}"
477,apra,apra_mad_filter,"[2, 95, 62, 74, 56, 42, 22, 71, 0, 63]",[],"{""median_norm"": 0.5728512379082848, ""mad"": 0.09137018014557369, ""k"": 2.0, ""num_accepted"": 10, ""safety_keep_used"": false, ""fallback_used"": false}"
477,apra,apra_hierarchical_cluster,"[2, 95, 62, 74, 56, 22, 71, 0, 63]",[42],"{""best_k"": 2, ""best_score"": 0.5261762738227844, ""selected_cluster"": 0, ""cluster_scores"": {""0"": 2.1392099857330322, ""1"": -1.0}, ""num_trusted"": 9, ""fallback_used"": false}"
477,apra,apra_trust_weighted_clip,"[2, 95, 62, 74, 56, 22, 71, 0, 63]",[],"{""base_clip"": 1.0, ""trust_weights"": {""2"": 0.1406923532485962, ""95"": 0.1406923532485962, ""62"": 0.1406923532485962, ""74"": 0.1406923532485962, ""56"": 0.13935819268226624, ""22"": 0.1406923532485962, ""71"": 0.016487736254930496, ""0"": 0.0, ""63"": 0.1406923532485962}, ""num_aggregated"": 9}"
478,apra,apra_mad_filter,"[1, 29, 48, 3, 2, 54, 91, 34, 89, 42]",[],"{""median_norm"": 0.5255292086550445, ""mad"": 0.07317117084950597, ""k"": 2.0, ""num_accepted"": 10, ""safety_keep_used"": false, ""fallback_used"": false}"
478,apra,apra_hierarchical_cluster,"[1, 29, 3, 2, 54, 91, 34, 89, 42]",[48],"{""best_k"": 2, ""best_score"": 0.6664337515830994, ""selected_cluster"": 0, ""cluster_scores"": {""0"": 4.397078514099121, ""1"": -1.0}, ""num_trusted"": 9, ""fallback_used"": false}"
478,apra,apra_trust_weighted_clip,"[1, 29, 3, 2, 54, 91, 34, 89, 42]",[],"{""base_clip"": 1.0, ""trust_weights"": {""1"": 0.125, ""29"": 0.125, ""3"": 0.125, ""2"": 0.125, ""54"": 0.125, ""91"": 0.125, ""34"": 0.125, ""89"": 0.125, ""42"": 0.0}, ""num_aggregated"": 9}"
479,apra,apra_mad_filter,"[2, 93, 6, 40, 22, 79, 38, 61, 87]",[67],"{""median_norm"": 0.5155519683115698, ""mad"": 0.04863896394981593, ""k"": 2.0, ""num_accepted"": 9, ""safety_keep_used"": false, ""fallback_used"": false}"
479,apra,apra_hierarchical_cluster,"[2, 93, 6, 22, 79, 38, 61, 87]",[40],"{""best_k"": 2, ""best_score"": 0.48917102813720703, ""selected_cluster"": 0, ""cluster_scores"": {""0"": 3.198678731918335, ""1"": -1.0}, ""num_trusted"": 8, ""fallback_used"": false}"
479,apra,apra_trust_weighted_clip,"[2, 93, 6, 22, 79, 38, 61, 87]",[],"{""base_clip"": 1.0, ""trust_weights"": {""2"": 0.1436810940504074, ""93"": 0.13791346549987793, ""6"": 0.1436810940504074, ""22"": 0.1436810940504074, ""79"": 0.1436810940504074, ""38"": 0.1436810940504074, ""61"": 0.0, ""87"": 0.1436810940504074}, ""num_aggregated"": 8}"
480,apra,apra_mad_filter,"[4, 21, 67, 49, 24, 95, 45, 57, 96]",[47],"{""median_norm"": 0.5797784705936352, ""mad"": 0.06536227751667067, ""k"": 2.0, ""num_accepted"": 9, ""safety_keep_used"": false, ""fallback_used"": false}"
480,apra,apra_hierarchical_cluster,"[21, 49, 24, 95, 45, 57, 96]","[4, 67]","{""best_k"": 2, ""best_score"": 0.5884149670600891, ""selected_cluster"": 0, ""cluster_scores"": {""0"": 4.889607906341553, ""1"": 1.931171178817749}, ""num_trusted"": 7, ""fallback_used"": false}"
480,apra,apra_trust_weighted_clip,"[21, 49, 24, 95, 45, 57, 96]",[],"{""base_clip"": 1.0, ""trust_weights"": {""21"": 0.18724417686462402, ""49"": 0.18724417686462402, ""24"": 0.18724417686462402, ""95"": 0.12551164627075195, ""45"": 0.0, ""57"": 0.18724417686462402, ""96"": 0.12551164627075195}, ""num_aggregated"": 7}"
481,apra,apra_mad_filter,"[1, 25, 94, 96, 58, 3, 99, 55]","[74, 97]","{""median_norm"": 0.4732739893720306, ""mad"": 0.03126495456291714, ""k"": 2.0, ""num_accepted"": 8, ""safety_keep_used"": false, ""fallback_used"": false}"
481,apra,apra_hierarchical_cluster,"[1, 25, 94, 58, 3, 99, 55]",[96],"{""best_k"": 2, ""best_score"": 0.49636322259902954, ""selected_cluster"": 0, ""cluster_scores"": {""0"": 1.19828200340271, ""1"": -1.0}, ""num_trusted"": 7, ""fallback_used"": false}"
481,apra,apra_trust_weighted_clip,"[1, 25, 94, 58, 3, 99, 55]",[],"{""base_clip"": 1.0, ""trust_weights"": {""1"": 0.19173966348171234, ""25"": 0.19173966348171234, ""94"": 0.19173966348171234, ""58"": 0.06827622652053833, ""3"": 0.1647651493549347, ""99"": 0.19173966348171234, ""55"": 0.0}, ""num_aggregated"": 7}"
482,apra,apra_mad_filter,"[1, 81, 82, 47, 65, 60, 93, 28, 49, 3]",[],"{""median_norm"": 0.5601933326217003, ""mad"": 0.09796415765240926, ""k"": 2.0, ""num_accepted"": 10, ""safety_keep_used"": false, ""fallback_used"": false}"
482,apra,apra_hierarchical_cluster,"[1, 81, 82, 65, 60, 93, 49, 3]","[47, 28]","{""best_k"": 2, ""best_score"": 0.7711806893348694, ""selected_cluster"": 0, ""cluster_scores"": {""0"": 5.644881248474121, ""1"": 1.9312241077423096}, ""num_trusted"": 8, ""fallback_used"": false}"
482,apra,apra_trust_weighted_clip,"[1, 81, 82, 65, 60, 93, 49, 3]",[],"{""base_clip"": 1.0, ""trust_weights"": {""1"": 0.1428571492433548, ""81"": 0.1428571492433548, ""82"": 0.0, ""65"": 0.1428571492433548, ""60"": 0.1428571492433548, ""93"": 0.1428571492433548, ""49"": 0.1428571492433548, ""3"": 0.1428571492433548}, ""num_aggregated"": 8}"
483,apra,apra_mad_filter,"[4, 8, 69, 18, 54, 19, 97]","[48, 46, 87]","{""median_norm"": 0.5590295461837593, ""mad"": 0.04478815185926427, ""k"": 2.0, ""num_accepted"": 7, ""safety_keep_used"": false, ""fallback_used"": false}"
483,apra,apra_hierarchical_cluster,"[4, 8, 69, 18, 19, 97]",[54],"{""best_k"": 2, ""best_score"": 0.5078533887863159, ""selected_cluster"": 0, ""cluster_scores"": {""0"": 1.4077539443969727, ""1"": -1.0}, ""num_trusted"": 6, ""fallback_used"": false}"
483,apra,apra_trust_weighted_clip,"[4, 8, 69, 18, 19, 97]",[],"{""base_clip"": 1.0, ""trust_weights"": {""4"": 0.25, ""8"": 0.25, ""69"": 0.0, ""18"": 0.25, ""19"": 0.0, ""97"": 0.25}, ""num_aggregated"": 6}"
484,apra,apra_mad_filter,"[1, 91, 86, 11, 53, 59, 48, 3, 9]",[26],"{""median_norm"": 0.4985882849836484, ""mad"": 0.07859932829183239, ""k"": 2.0, ""num_accepted"": 9, ""safety_keep_used"": false, ""fallback_used"": false}"
484,apra,apra_hierarchical_cluster,"[1, 91, 86, 11, 53, 59, 3, 9]",[48],"{""best_k"": 2, ""best_score"": 0.6265841722488403, ""selected_cluster"": 0, ""cluster_scores"": {""0"": 3.577059268951416, ""1"": -1.0}, ""num_trusted"": 8, ""fallback_used"": false}"
484,apra,apra_trust_weighted_clip,"[1, 91, 86, 11, 53, 59, 3, 9]",[],"{""base_clip"": 1.0, ""trust_weights"": {""1"": 0.1666666716337204, ""91"": 0.1666666716337204, ""86"": 0.1666666716337204, ""11"": 0.1666666716337204, ""53"": 0.1666666716337204, ""59"": 0.0, ""3"": 0.1666666716337204, ""9"": 0.0}, ""num_aggregated"": 8}"
485,apra,apra_mad_filter,"[1, 82, 58, 96, 4, 28, 39, 99, 13, 37]",[],"{""median_norm"": 0.5390419035723162, ""mad"": 0.10580127820657201, ""k"": 2.0, ""num_accepted"": 10, ""safety_keep_used"": false, ""fallback_used"": false}"
485,apra,apra_hierarchical_cluster,"[1, 82, 58, 4, 28, 39, 99, 13, 37]",[96],"{""best_k"": 2, ""best_score"": 0.6611738204956055, ""selected_cluster"": 0, ""cluster_scores"": {""0"": 1.9486677646636963, ""1"": -1.0}, ""num_trusted"": 9, ""fallback_used"": false}"
485,apra,apra_trust_weighted_clip,"[1, 82, 58, 4, 28, 39, 99, 13, 37]",[],"{""base_clip"": 1.0, ""trust_weights"": {""1"": 0.21387583017349243, ""82"": 0.0, ""58"": 0.07224833220243454, ""4"": 0.21387583017349243, ""28"": 0.07224833220243454, ""39"": 0.0, ""99"": 0.21387583017349243, ""13"": 0.0, ""37"": 0.21387583017349243}, ""num_aggregated"": 9}"
486,apra,apra_mad_filter,"[3, 62, 44, 97, 49, 90, 70, 66, 87]",[54],"{""median_norm"": 0.5221476036532922, ""mad"": 0.03991173449962529, ""k"": 2.0, ""num_accepted"": 9, ""safety_keep_used"": false, ""fallback_used"": false}"
486,apra,apra_hierarchical_cluster,"[3, 62, 49, 90, 70, 87]","[44, 97, 66]","{""best_k"": 3, ""best_score"": 0.586989164352417, ""selected_cluster"": 0, ""cluster_scores"": {""0"": 5.220889568328857, ""1"": 1.8505048751831055, ""2"": -1.0}, ""num_trusted"": 6, ""fallback_used"": false}"
486,apra,apra_trust_weighted_clip,"[3, 62, 49, 90, 70, 87]",[],"{""base_clip"": 1.0, ""trust_weights"": {""3"": 0.21590036153793335, ""62"": 0.13639859855175018, ""49"": 0.21590036153793335, ""90"": 0.21590036153793335, ""70"": 0.0, ""87"": 0.21590036153793335}, ""num_aggregated"": 6}"
487,apra,apra_mad_filter,"[1, 63, 12, 57, 76, 69, 61, 2]","[95, 31]","{""median_norm"": 0.49199081735741873, ""mad"": 0.04498564905814109, ""k"": 2.0, ""num_accepted"": 8, ""safety_keep_used"": false, ""fallback_used"": false}"
487,apra,apra_hierarchical_cluster,"[1, 63, 12, 57, 76, 61]","[69, 2]","{""best_k"": 3, ""best_score"": 0.5912892818450928, ""selected_cluster"": 0, ""cluster_scores"": {""0"": 5.53965425491333, ""1"": -1.0, ""2"": -1.0}, ""num_trusted"": 6, ""fallback_used"": false}"
487,apra,apra_trust_weighted_clip,"[1, 63, 12, 57, 76, 61]",[],"{""base_clip"": 1.0, ""trust_weights"": {""1"": 0.20000000298023224, ""63"": 0.20000000298023224, ""12"": 0.20000000298023224, ""57"": 0.20000000298023224, ""76"": 0.20000000298023224, ""61"": 0.0}, ""num_aggregated"": 6}"
488,apra,apra_mad_filter,"[4, 3, 89, 43, 32, 65, 24, 70, 75, 71]",[],"{""median_norm"": 0.5557836751257808, ""mad"": 0.08026300525502295, ""k"": 2.0, ""num_accepted"": 10, ""safety_keep_used"": false, ""fallback_used"": false}"
488,apra,apra_hierarchical_cluster,"[4, 3, 89, 43, 65, 24, 70, 75, 71]",[32],"{""best_k"": 2, ""best_score"": 0.5637525916099548, ""selected_cluster"": 0, ""cluster_scores"": {""0"": 1.613829255104065, ""1"": -1.0}, ""num_trusted"": 9, ""fallback_used"": false}"
488,apra,apra_trust_weighted_clip,"[4, 3, 89, 43, 65, 24, 70, 75, 71]",[],"{""base_clip"": 1.0, ""trust_weights"": {""4"": 0.16890980303287506, ""3"": 0.0, ""89"": 0.11307655274868011, ""43"": 0.16890980303287506, ""65"": 0.16890980303287506, ""24"": 0.11307655274868011, ""70"": 0.16890980303287506, ""75"": 0.04910384491086006, ""71"": 0.04910384491086006}, ""num_aggregated"": 9}"
489,apra,apra_mad_filter,"[23, 91, 20, 84, 29, 85, 79, 50, 43]",[0],"{""median_norm"": 0.5064414315059508, ""mad"": 0.06324510991287696, ""k"": 2.0, ""num_accepted"": 9, ""safety_keep_used"": false, ""fallback_used"": false}"
489,apra,apra_hierarchical_cluster,"[23, 91, 20, 84, 29, 79, 50, 43]",[85],"{""best_k"": 2, ""best_score"": 0.5235573053359985, ""selected_cluster"": 0, ""cluster_scores"": {""0"": 5.893905162811279, ""1"": -1.0}, ""num_trusted"": 8, ""fallback_used"": false}"
489,apra,apra_trust_weighted_clip,"[23, 91, 20, 84, 29, 79, 50, 43]",[],"{""base_clip"": 1.0, ""trust_weights"": {""23"": 0.1428571492433548, ""91"": 0.1428571492433548, ""20"": 0.0, ""84"": 0.1428571492433548, ""29"": 0.1428571492433548, ""79"": 0.1428571492433548, ""50"": 0.1428571492433548, ""43"": 0.1428571492433548}, ""num_aggregated"": 8}"
490,apra,apra_mad_filter,"[89, 96, 25, 98, 83, 63, 50, 35]","[3, 47]","{""median_norm"": 0.5743816783409696, ""mad"": 0.04774529786151305, ""k"": 2.0, ""num_accepted"": 8, ""safety_keep_used"": false, ""fallback_used"": false}"
490,apra,apra_hierarchical_cluster,"[89, 25, 83, 63, 50, 35]","[96, 98]","{""best_k"": 2, ""best_score"": 0.468627393245697, ""selected_cluster"": 0, ""cluster_scores"": {""0"": 3.5488121509552, ""1"": 1.932852029800415}, ""num_trusted"": 6, ""fallback_used"": false}"
490,apra,apra_trust_weighted_clip,"[89, 25, 83, 63, 50, 35]",[],"{""base_clip"": 1.0, ""trust_weights"": {""89"": 0.20000000298023224, ""25"": 0.20000000298023224, ""83"": 0.20000000298023224, ""63"": 0.20000000298023224, ""50"": 0.20000000298023224, ""35"": 0.0}, ""num_aggregated"": 6}"
491,apra,apra_mad_filter,"[2, 43, 15, 21, 81, 50, 20, 22, 1]",[42],"{""median_norm"": 0.48180875268113393, ""mad"": 0.044829462066961645, ""k"": 2.0, ""num_accepted"": 9, ""safety_keep_used"": false, ""fallback_used"": false}"
491,apra,apra_hierarchical_cluster,"[43, 50, 20, 22, 1]","[2, 15, 21, 81]","{""best_k"": 4, ""best_score"": 0.5062291622161865, ""selected_cluster"": 0, ""cluster_scores"": {""0"": 4.783291339874268, ""1"": 1.870945692062378, ""2"": -1.0, ""3"": -1.0}, ""num_trusted"": 5, ""fallback_used"": false}"
491,apra,apra_trust_weighted_clip,"[43, 50, 20, 22, 1]",[],"{""base_clip"": 1.0, ""trust_weights"": {""43"": 0.18208330869674683, ""50"": 0.27921262383461, ""20"": 0.0, ""22"": 0.27921262383461, ""1"": 0.2594914138317108}, ""num_aggregated"": 5}"
492,apra,apra_mad_filter,"[4, 85, 27, 36, 99, 53, 33, 87, 35]",[17],"{""median_norm"": 0.537388237003171, ""mad"": 0.08355932509442165, ""k"": 2.0, ""num_accepted"": 9, ""safety_keep_used"": false, ""fallback_used"": false}"
492,apra,apra_hierarchical_cluster,"[4, 36, 99, 53, 33, 87, 35]","[85, 27]","{""best_k"": 2, ""best_score"": 0.3825119137763977, ""selected_cluster"": 0, ""cluster_scores"": {""0"": 1.9173413515090942, ""1"": 1.6947625875473022}, ""num_trusted"": 7, ""fallback_used"": false}"
492,apra,apra_trust_weighted_clip,"[4, 36, 99, 53, 33, 87, 35]",[],"{""base_clip"": 1.0, ""trust_weights"": {""4"": 0.17686909437179565, ""36"": 0.17686909437179565, ""99"": 0.0, ""53"": 0.17686909437179565, ""33"": 0.17686909437179565, ""87"": 0.17686909437179565, ""35"": 0.11565456539392471}, ""num_aggregated"": 7}"
493,apra,apra_mad_filter,"[4, 73, 94, 50, 16, 27, 67, 8, 58]",[88],"{""median_norm"": 0.5556271764381958, ""mad"": 0.10554106973753422, ""k"": 2.0, ""num_accepted"": 9, ""safety_keep_used"": false, ""fallback_used"": false}"
493,apra,apra_hierarchical_cluster,"[4, 94, 50, 16, 27, 67, 8, 58]",[73],"{""best_k"": 2, ""best_score"": 0.8134436011314392, ""selected_cluster"": 0, ""cluster_scores"": {""0"": 7.37172794342041, ""1"": -1.0}, ""num_trusted"": 8, ""fallback_used"": false}"
493,apra,apra_trust_weighted_clip,"[4, 94, 50, 16, 27, 67, 8, 58]",[],"{""base_clip"": 1.0, ""trust_weights"": {""4"": 0.16776934266090393, ""94"": 0.16776934266090393, ""50"": 0.16776934266090393, ""16"": 0.16776934266090393, ""27"": 0.16115331649780273, ""67"": 0.0, ""8"": 0.0, ""58"": 0.16776934266090393}, ""num_aggregated"": 8}"
494,apra,apra_mad_filter,"[72, 87, 49, 6, 94, 56, 76, 84]","[0, 73]","{""median_norm"": 0.5424389529897995, ""mad"": 0.05963926347915527, ""k"": 2.0, ""num_accepted"": 8, ""safety_keep_used"": false, ""fallback_used"": false}"
494,apra,apra_hierarchical_cluster,"[87, 49, 6, 94, 56, 76, 84]",[72],"{""best_k"": 2, ""best_score"": 0.43228089809417725, ""selected_cluster"": 0, ""cluster_scores"": {""0"": 6.604448318481445, ""1"": -1.0}, ""num_trusted"": 7, ""fallback_used"": false}"
494,apra,apra_trust_weighted_clip,"[87, 49, 6, 94, 56, 76, 84]",[],"{""base_clip"": 1.0, ""trust_weights"": {""87"": 0.38054633140563965, ""49"": 0.0, ""6"": 0.38054633140563965, ""94"": 0.2389073371887207, ""56"": 0.0, ""76"": 0.0, ""84"": 0.0}, ""num_aggregated"": 7}"
495,apra,apra_mad_filter,"[1, 78, 77, 34, 44, 10, 5, 50, 68]",[85],"{""median_norm"": 0.47250412800411123, ""mad"": 0.05791674398510149, ""k"": 2.0, ""num_accepted"": 9, ""safety_keep_used"": false, ""fallback_used"": false}"
495,apra,apra_hierarchical_cluster,"[1, 78, 77, 34, 44, 5, 50, 68]",[10],"{""best_k"": 2, ""best_score"": 0.7289828658103943, ""selected_cluster"": 0, ""cluster_scores"": {""0"": 4.436908721923828, ""1"": -1.0}, ""num_trusted"": 8, ""fallback_used"": false}"
495,apra,apra_trust_weighted_clip,"[1, 78, 77, 34, 44, 5, 50, 68]",[],"{""base_clip"": 1.0, ""trust_weights"": {""1"": 0.1428571492433548, ""78"": 0.1428571492433548, ""77"": 0.1428571492433548, ""34"": 0.1428571492433548, ""44"": 0.0, ""5"": 0.1428571492433548, ""50"": 0.1428571492433548, ""68"": 0.1428571492433548}, ""num_aggregated"": 8}"
496,apra,apra_mad_filter,"[1, 67, 93, 20, 79, 19, 10, 49, 75, 94]",[],"{""median_norm"": 0.4927356208561093, ""mad"": 0.07221462606465356, ""k"": 2.0, ""num_accepted"": 10, ""safety_keep_used"": false, ""fallback_used"": false}"
496,apra,apra_hierarchical_cluster,"[1, 67, 93, 20, 79, 19, 49, 75, 94]",[10],"{""best_k"": 2, ""best_score"": 0.6499982476234436, ""selected_cluster"": 0, ""cluster_scores"": {""0"": 2.76693058013916, ""1"": -1.0}, ""num_trusted"": 9, ""fallback_used"": false}"
496,apra,apra_trust_weighted_clip,"[1, 67, 93, 20, 79, 19, 49, 75, 94]",[],"{""base_clip"": 1.0, ""trust_weights"": {""1"": 0.18273787200450897, ""67"": 0.0, ""93"": 0.18273787200450897, ""20"": 0.18273787200450897, ""79"": 0.18273787200450897, ""19"": 0.0, ""49"": 0.08631066232919693, ""75"": 0.0, ""94"": 0.18273787200450897}, ""num_aggregated"": 9}"
497,apra,apra_mad_filter,"[3, 1, 40, 89, 63, 65, 48, 90, 64]",[24],"{""median_norm"": 0.48351384472210324, ""mad"": 0.08104631480060648, ""k"": 2.0, ""num_accepted"": 9, ""safety_keep_used"": false, ""fallback_used"": false}"
497,apra,apra_hierarchical_cluster,"[3, 1, 40, 89, 63, 65, 90, 64]",[48],"{""best_k"": 2, ""best_score"": 0.7288777232170105, ""selected_cluster"": 0, ""cluster_scores"": {""0"": 4.26506233215332, ""1"": -1.0}, ""num_trusted"": 8, ""fallback_used"": false}"
497,apra,apra_trust_weighted_clip,"[3, 1, 40, 89, 63, 65, 90, 64]",[],"{""base_clip"": 1.0, ""trust_weights"": {""3"": 0.30871859192848206, ""1"": 0.0, ""40"": 0.0, ""89"": 0.19128142297267914, ""63"": 0.30871859192848206, ""65"": 0.19128142297267914, ""90"": 0.0, ""64"": 0.0}, ""num_aggregated"": 8}"
498,apra,apra_mad_filter,"[0, 97, 8, 32, 54, 84, 25, 82, 2, 47]",[],"{""median_norm"": 0.6611284664039248, ""mad"": 0.10178684417343953, ""k"": 2.0, ""num_accepted"": 10, ""safety_keep_used"": false, ""fallback_used"": false}"
498,apra,apra_hierarchical_cluster,"[97, 8, 32, 84, 25, 82, 2, 47]","[0, 54]","{""best_k"": 3, ""best_score"": 0.44227075576782227, ""selected_cluster"": 0, ""cluster_scores"": {""0"": 2.0094172954559326, ""1"": -1.0, ""2"": -1.0}, ""num_trusted"": 8, ""fallback_used"": false}"
498,apra,apra_trust_weighted_clip,"[97, 8, 32, 84, 25, 82, 2, 47]",[],"{""base_clip"": 1.0, ""trust_weights"": {""97"": 0.1428571492433548, ""8"": 0.1428571492433548, ""32"": 0.1428571492433548, ""84"": 0.1428571492433548, ""25"": 0.1428571492433548, ""82"": 0.1428571492433548, ""2"": 0.1428571492433548, ""47"": 0.0}, ""num_aggregated"": 8}"
499,apra,apra_mad_filter,"[3, 77, 43, 84, 54, 23, 41, 81, 5]",[97],"{""median_norm"": 0.759128094031468, ""mad"": 0.06553988731205207, ""k"": 2.0, ""num_accepted"": 9, ""safety_keep_used"": false, ""fallback_used"": false}"
499,apra,apra_hierarchical_cluster,"[3, 77, 43, 84, 23, 41, 81, 5]",[54],"{""best_k"": 2, ""best_score"": 0.7121170163154602, ""selected_cluster"": 0, ""cluster_scores"": {""0"": 4.49793004989624, ""1"": -1.0}, ""num_trusted"": 8, ""fallback_used"": false}"
499,apra,apra_trust_weighted_clip,"[3, 77, 43, 84, 23, 41, 81, 5]",[],"{""base_clip"": 1.0, ""trust_weights"": {""3"": 0.16621118783950806, ""77"": 0.16621118783950806, ""43"": 0.16621118783950806, ""84"": 0.16621118783950806, ""23"": 0.16621118783950806, ""41"": 0.0, ""81"": 0.0027329137083142996, ""5"": 0.16621118783950806}, ""num_aggregated"": 8}"
500,apra,apra_mad_filter,"[4, 50, 79, 39, 10, 18, 28, 41, 22, 71]",[],"{""median_norm"": 0.5418655084666042, ""mad"": 0.074891056008285, ""k"": 2.0, ""num_accepted"": 10, ""safety_keep_used"": false, ""fallback_used"": false}"
500,apra,apra_hierarchical_cluster,"[4, 50, 79, 39, 18, 28, 41, 22, 71]",[10],"{""best_k"": 2, ""best_score"": 0.6582702398300171, ""selected_cluster"": 0, ""cluster_scores"": {""0"": 2.1483852863311768, ""1"": -1.0}, ""num_trusted"": 9, ""fallback_used"": false}"
500,apra,apra_trust_weighted_clip,"[4, 50, 79, 39, 18, 28, 41, 22, 71]",[],"{""base_clip"": 1.0, ""trust_weights"": {""4"": 0.1307988166809082, ""50"": 0.1307988166809082, ""79"": 0.1307988166809082, ""39"": 0.1307988166809082, ""18"": 0.1307988166809082, ""28"": 0.08440826833248138, ""41"": 0.1307988166809082, ""22"": 0.1307988166809082, ""71"": 0.0}, ""num_aggregated"": 9}"
