epoch,num_sampled,num_adversaries,sampled_ids,sampled_benign_ids,sampled_malicious_ids,mad_median_norm,mad_mad,mad_k,mad_safety_keep_used,mad_fallback_used,mad_pass_ids,mad_reject_ids,mad_effective_pass_ids,mad_effective_reject_ids,mad_pass_benign_ids,mad_pass_malicious_ids,mad_reject_benign_ids,mad_reject_malicious_ids,cluster_best_k,cluster_best_score,cluster_scores,cluster_selected_cluster,cluster_fallback_used,cluster_pass_ids,cluster_reject_ids,cluster_effective_pass_ids,cluster_effective_reject_ids,cluster_pass_benign_ids,cluster_pass_malicious_ids,cluster_reject_benign_ids,cluster_reject_malicious_ids,final_selected_ids,final_rejected_ids,final_selected_benign_ids,final_selected_malicious_ids,final_rejected_benign_ids,final_rejected_malicious_ids,final_selected_benign_count,final_selected_malicious_count,final_rejected_benign_count,final_rejected_malicious_count
1,10,5,"[4, 32, 71, 58, 3, 24, 62, 67, 43, 29]","[32, 71, 58, 24, 62, 67, 43, 29]","[4, 3]",0.7452118981430402,0.14574378565825802,4.524187090179797,0,0,"[32, 71, 58, 24, 62, 67, 43, 29]","[4, 3]","[32, 71, 58, 24, 62, 67, 43, 29]","[4, 3]","[32, 71, 58, 24, 62, 67, 43, 29]",[],[],"[4, 3]",2,0.2553302049636841,"{""0"": 1.9638564586639404, ""1"": 2.470116376876831}",1,0,"[71, 58, 67, 43]","[4, 32, 3, 24, 62, 29]","[71, 58, 67, 43]","[4, 32, 3, 24, 62, 29]","[71, 58, 67, 43]",[],"[32, 24, 62, 29]","[4, 3]","[71, 58, 67, 43]","[4, 32, 3, 24, 62, 29]","[71, 58, 67, 43]",[],"[32, 24, 62, 29]","[4, 3]",4,0,4,2
2,10,5,"[3, 73, 72, 99, 20, 15, 37, 93, 74, 22]","[73, 72, 99, 20, 15, 37, 93, 74, 22]",[3],0.6416868045711059,0.13672341489015005,4.093653765389909,0,0,"[73, 72, 99, 20, 15, 37, 93, 74, 22]",[3],"[73, 72, 99, 20, 15, 37, 93, 74, 22]",[3],"[73, 72, 99, 20, 15, 37, 93, 74, 22]",[],[],[3],4,0.408860981464386,"{""0"": 3.1860125064849854, ""1"": 1.7409932613372803, ""2"": -1.0, ""3"": -1.0}",0,0,"[72, 37, 93, 74, 22]","[3, 73, 99, 20, 15]","[72, 37, 93, 74, 22]","[3, 73, 99, 20, 15]","[72, 37, 93, 74, 22]",[],"[73, 99, 20, 15]",[3],"[72, 37, 93, 74, 22]","[3, 73, 99, 20, 15]","[72, 37, 93, 74, 22]",[],"[73, 99, 20, 15]",[3],5,0,4,1
3,10,5,"[2, 11, 29, 61, 14, 62, 31, 0, 55, 89]","[11, 29, 61, 14, 62, 31, 55, 89]","[2, 0]",0.9782071991491808,0.28925864684850494,3.7040911034085893,0,0,"[2, 11, 29, 61, 14, 62, 31, 55, 89]",[0],"[2, 11, 29, 61, 14, 62, 31, 55, 89]",[0],"[11, 29, 61, 14, 62, 31, 55, 89]",[2],[],[0],3,0.6603550910949707,"{""0"": 5.907175540924072, ""1"": -1.0, ""2"": -1.0}",0,0,"[11, 29, 61, 14, 62, 55, 89]","[2, 31, 0]","[11, 29, 61, 14, 62, 55, 89]","[2, 31, 0]","[11, 29, 61, 14, 62, 55, 89]",[],[31],"[2, 0]","[11, 29, 61, 14, 62, 55, 89]","[2, 31, 0]","[11, 29, 61, 14, 62, 55, 89]",[],[31],"[2, 0]",7,0,1,2
4,10,5,"[1, 73, 5, 68, 48, 28, 53, 72, 34, 88]","[73, 5, 68, 48, 28, 53, 72, 34, 88]",[1],0.8586417573645455,0.2603919690005474,3.351600230178197,0,0,"[73, 5, 68, 48, 28, 53, 72, 34, 88]",[1],"[73, 5, 68, 48, 28, 53, 72, 34, 88]",[1],"[73, 5, 68, 48, 28, 53, 72, 34, 88]",[],[],[1],3,0.6671236157417297,"{""0"": 5.530221939086914, ""1"": -1.0, ""2"": -1.0}",0,0,"[73, 5, 68, 28, 53, 72, 34]","[1, 48, 88]","[73, 5, 68, 28, 53, 72, 34]","[1, 48, 88]","[73, 5, 68, 28, 53, 72, 34]",[],"[48, 88]",[1],"[73, 5, 68, 28, 53, 72, 34]","[1, 48, 88]","[73, 5, 68, 28, 53, 72, 34]",[],"[48, 88]",[1],7,0,2,1
5,10,5,"[4, 27, 55, 98, 67, 16, 57, 21, 26, 69]","[27, 55, 98, 67, 16, 57, 21, 26, 69]",[4],0.6427200828006747,0.06016357199241329,3.032653298563167,0,0,"[27, 55, 98, 67, 16, 57, 21, 26, 69]",[4],"[27, 55, 98, 67, 16, 57, 21, 26, 69]",[4],"[27, 55, 98, 67, 16, 57, 21, 26, 69]",[],[],[4],2,0.5494455695152283,"{""0"": 3.944113254547119, ""1"": -1.0}",0,0,"[27, 55, 98, 16, 57, 21, 26, 69]","[4, 67]","[27, 55, 98, 16, 57, 21, 26, 69]","[4, 67]","[27, 55, 98, 16, 57, 21, 26, 69]",[],[67],[4],"[27, 55, 98, 16, 57, 21, 26, 69]","[4, 67]","[27, 55, 98, 16, 57, 21, 26, 69]",[],[67],[4],8,0,1,1
6,10,5,"[3, 55, 44, 86, 53, 6, 52, 61, 62, 48]","[55, 44, 86, 53, 6, 52, 61, 62, 48]",[3],1.0987971370277294,0.12270261881487055,2.744058180470132,0,0,"[55, 44, 86, 53, 6, 52, 61, 62, 48]",[3],"[55, 44, 86, 53, 6, 52, 61, 62, 48]",[3],"[55, 44, 86, 53, 6, 52, 61, 62, 48]",[],[],[3],2,0.7156396508216858,"{""0"": 4.265257835388184, ""1"": -1.0}",0,0,"[55, 44, 86, 53, 6, 52, 61, 62]","[3, 48]","[55, 44, 86, 53, 6, 52, 61, 62]","[3, 48]","[55, 44, 86, 53, 6, 52, 61, 62]",[],[48],[3],"[55, 44, 86, 53, 6, 52, 61, 62]","[3, 48]","[55, 44, 86, 53, 6, 52, 61, 62]",[],[48],[3],8,0,1,1
7,10,5,"[2, 73, 46, 58, 32, 95, 97, 42, 38, 13]","[73, 46, 58, 32, 95, 97, 42, 38, 13]",[2],1.0292705102999729,0.18635311426833684,2.4829265189570475,0,0,"[73, 46, 58, 32, 95, 42, 38, 13]","[2, 97]","[73, 46, 58, 32, 95, 42, 38, 13]","[2, 97]","[73, 46, 58, 32, 95, 42, 38, 13]",[],[97],[2],2,0.5144302248954773,"{""0"": 3.4415197372436523, ""1"": -1.0}",0,0,"[73, 46, 58, 32, 42, 38, 13]","[2, 95, 97]","[73, 46, 58, 32, 42, 38, 13]","[2, 95, 97]","[73, 46, 58, 32, 42, 38, 13]",[],"[95, 97]",[2],"[73, 46, 58, 32, 42, 38, 13]","[2, 95, 97]","[73, 46, 58, 32, 42, 38, 13]",[],"[95, 97]",[2],7,0,2,1
8,10,5,"[0, 41, 96, 97, 82, 86, 57, 62, 85, 17]","[41, 96, 97, 82, 86, 57, 62, 85, 17]",[0],0.8533931231262761,0.1662473083273362,2.246644820586108,0,0,"[41, 96, 97, 82, 86, 57, 62, 85, 17]",[0],"[41, 96, 97, 82, 86, 57, 62, 85, 17]",[0],"[41, 96, 97, 82, 86, 57, 62, 85, 17]",[],[],[0],3,0.5675408840179443,"{""0"": 3.6402156352996826, ""1"": 1.866033911705017, ""2"": 1.9729297161102295}",0,0,"[41, 96, 86, 57, 85]","[0, 97, 82, 62, 17]","[41, 96, 86, 57, 85]","[0, 97, 82, 62, 17]","[41, 96, 86, 57, 85]",[],"[97, 82, 62, 17]",[0],"[41, 96, 86, 57, 85]","[0, 97, 82, 62, 17]","[41, 96, 86, 57, 85]",[],"[97, 82, 62, 17]",[0],5,0,4,1
9,10,5,"[2, 1, 38, 6, 23, 43, 89, 96, 69, 84]","[38, 6, 23, 43, 89, 96, 69, 84]","[2, 1]",1.0459165526903513,0.1294480597340173,2.0328482987029957,0,0,"[38, 6, 23, 43, 89, 96, 69, 84]","[2, 1]","[38, 6, 23, 43, 89, 96, 69, 84]","[2, 1]","[38, 6, 23, 43, 89, 96, 69, 84]",[],[],"[2, 1]",2,0.5402428507804871,"{""0"": 5.334890365600586, ""1"": -1.0}",0,0,"[38, 6, 23, 43, 89, 96, 84]","[2, 1, 69]","[38, 6, 23, 43, 89, 96, 84]","[2, 1, 69]","[38, 6, 23, 43, 89, 96, 84]",[],[69],"[2, 1]","[38, 6, 23, 43, 89, 96, 84]","[2, 1, 69]","[38, 6, 23, 43, 89, 96, 84]",[],[69],"[2, 1]",7,0,1,2
10,10,5,"[4, 95, 65, 71, 9, 3, 81, 70, 41, 42]","[95, 65, 71, 9, 81, 70, 41, 42]","[4, 3]",0.8297528795818403,0.17443376543710004,2.0,0,0,"[95, 65, 71, 9, 81, 70, 41, 42]","[4, 3]","[95, 65, 71, 9, 81, 70, 41, 42]","[4, 3]","[95, 65, 71, 9, 81, 70, 41, 42]",[],[],"[4, 3]",2,0.5323473215103149,"{""0"": 5.259305477142334, ""1"": -1.0}",0,0,"[95, 65, 71, 9, 81, 70, 41]","[4, 3, 42]","[95, 65, 71, 9, 81, 70, 41]","[4, 3, 42]","[95, 65, 71, 9, 81, 70, 41]",[],[42],"[4, 3]","[95, 65, 71, 9, 81, 70, 41]","[4, 3, 42]","[95, 65, 71, 9, 81, 70, 41]",[],[42],"[4, 3]",7,0,1,2
11,10,5,"[4, 58, 20, 28, 44, 63, 65, 38, 97, 47]","[58, 20, 28, 44, 63, 65, 38, 97, 47]",[4],0.9099548576225353,0.13145289714993125,2.0,0,0,"[58, 20, 28, 44, 63, 65, 38, 97]","[4, 47]","[58, 20, 28, 44, 63, 65, 38, 97]","[4, 47]","[58, 20, 28, 44, 63, 65, 38, 97]",[],[47],[4],3,0.44353169202804565,"{""0"": 2.3468759059906006, ""1"": 1.780393123626709, ""2"": -1.0}",0,0,"[28, 44, 63, 65, 38]","[4, 58, 20, 97, 47]","[28, 44, 63, 65, 38]","[4, 58, 20, 97, 47]","[28, 44, 63, 65, 38]",[],"[58, 20, 97, 47]",[4],"[28, 44, 63, 65, 38]","[4, 58, 20, 97, 47]","[28, 44, 63, 65, 38]",[],"[58, 20, 97, 47]",[4],5,0,4,1
12,10,5,"[3, 81, 20, 6, 68, 2, 37, 15, 11, 48]","[81, 20, 6, 68, 37, 15, 11, 48]","[3, 2]",0.9048778243161686,0.1609375658304567,2.0,0,0,"[81, 20, 6, 68, 37, 15, 11, 48]","[3, 2]","[81, 20, 6, 68, 37, 15, 11, 48]","[3, 2]","[81, 20, 6, 68, 37, 15, 11, 48]",[],[],"[3, 2]",2,0.6628122329711914,"{""0"": 4.679656028747559, ""1"": -1.0}",0,0,"[81, 20, 6, 68, 37, 15, 11]","[3, 2, 48]","[81, 20, 6, 68, 37, 15, 11]","[3, 2, 48]","[81, 20, 6, 68, 37, 15, 11]",[],[48],"[3, 2]","[81, 20, 6, 68, 37, 15, 11]","[3, 2, 48]","[81, 20, 6, 68, 37, 15, 11]",[],[48],"[3, 2]",7,0,1,2
13,10,5,"[0, 60, 95, 98, 39, 75, 32, 15, 52, 49]","[60, 95, 98, 39, 75, 32, 15, 52, 49]",[0],1.0098421658459915,0.1559247670017212,2.0,0,0,"[60, 95, 98, 39, 75, 32, 15, 52, 49]",[0],"[60, 95, 98, 39, 75, 32, 15, 52, 49]",[0],"[60, 95, 98, 39, 75, 32, 15, 52, 49]",[],[],[0],2,0.5709230899810791,"{""0"": 1.64384925365448, ""1"": 3.941250801086426}",1,0,"[95, 98, 39, 75, 15, 52, 49]","[0, 60, 32]","[95, 98, 39, 75, 15, 52, 49]","[0, 60, 32]","[95, 98, 39, 75, 15, 52, 49]",[],"[60, 32]",[0],"[95, 98, 39, 75, 15, 52, 49]","[0, 60, 32]","[95, 98, 39, 75, 15, 52, 49]",[],"[60, 32]",[0],7,0,2,1
14,10,5,"[0, 67, 86, 16, 55, 99, 88, 15, 12, 44]","[67, 86, 16, 55, 99, 88, 15, 12, 44]",[0],0.690070982546783,0.20015274343186734,2.0,0,0,"[67, 86, 16, 55, 99, 15, 12, 44]","[0, 88]","[67, 86, 16, 55, 99, 15, 12, 44]","[0, 88]","[67, 86, 16, 55, 99, 15, 12, 44]",[],[88],[0],2,0.593633770942688,"{""0"": 4.66667366027832, ""1"": -1.0}",0,0,"[67, 86, 16, 55, 15, 12, 44]","[0, 99, 88]","[67, 86, 16, 55, 15, 12, 44]","[0, 99, 88]","[67, 86, 16, 55, 15, 12, 44]",[],"[99, 88]",[0],"[67, 86, 16, 55, 15, 12, 44]","[0, 99, 88]","[67, 86, 16, 55, 15, 12, 44]",[],"[99, 88]",[0],7,0,2,1
15,10,5,"[2, 81, 49, 56, 12, 30, 83, 37, 3, 91]","[81, 49, 56, 12, 30, 83, 37, 91]","[2, 3]",0.765644536614779,0.23428246023925653,2.0,0,0,"[81, 49, 56, 12, 30, 83, 37, 91]","[2, 3]","[81, 49, 56, 12, 30, 83, 37, 91]","[2, 3]","[81, 49, 56, 12, 30, 83, 37, 91]",[],[],"[2, 3]",3,0.5715115666389465,"{""0"": 3.8420848846435547, ""1"": 1.7230639457702637, ""2"": 1.9869990348815918}",0,0,"[81, 49, 83, 37]","[2, 56, 12, 30, 3, 91]","[81, 49, 83, 37]","[2, 56, 12, 30, 3, 91]","[81, 49, 83, 37]",[],"[56, 12, 30, 91]","[2, 3]","[81, 49, 83, 37]","[2, 56, 12, 30, 3, 91]","[81, 49, 83, 37]",[],"[56, 12, 30, 91]","[2, 3]",4,0,4,2
16,10,5,"[2, 57, 85, 84, 46, 6, 40, 43, 71, 39]","[57, 85, 84, 46, 6, 40, 43, 71, 39]",[2],0.8390768771469705,0.12549852261850275,2.0,0,0,"[57, 85, 84, 46, 6, 40, 43, 71, 39]",[2],"[57, 85, 84, 46, 6, 40, 43, 71, 39]",[2],"[57, 85, 84, 46, 6, 40, 43, 71, 39]",[],[],[2],2,0.42723435163497925,"{""0"": 2.7187442779541016, ""1"": -1.0}",0,0,"[57, 85, 84, 6, 40, 43, 71, 39]","[2, 46]","[57, 85, 84, 6, 40, 43, 71, 39]","[2, 46]","[57, 85, 84, 6, 40, 43, 71, 39]",[],[46],[2],"[57, 85, 84, 6, 40, 43, 71, 39]","[2, 46]","[57, 85, 84, 6, 40, 43, 71, 39]",[],[46],[2],8,0,1,1
17,10,5,"[0, 83, 71, 76, 18, 17, 81, 62, 3, 52]","[83, 71, 76, 18, 17, 81, 62, 52]","[0, 3]",1.0328094272622284,0.2403617076509728,2.0,0,0,"[83, 71, 76, 18, 17, 81, 62, 52]","[0, 3]","[83, 71, 76, 18, 17, 81, 62, 52]","[0, 3]","[83, 71, 76, 18, 17, 81, 62, 52]",[],[],"[0, 3]",3,0.5006072521209717,"{""0"": 4.789660453796387, ""1"": -1.0, ""2"": 1.9996638298034668}",0,0,"[83, 76, 18, 81, 52]","[0, 71, 17, 62, 3]","[83, 76, 18, 81, 52]","[0, 71, 17, 62, 3]","[83, 76, 18, 81, 52]",[],"[71, 17, 62]","[0, 3]","[83, 76, 18, 81, 52]","[0, 71, 17, 62, 3]","[83, 76, 18, 81, 52]",[],"[71, 17, 62]","[0, 3]",5,0,3,2
18,10,5,"[4, 80, 88, 5, 84, 50, 40, 78, 31, 43]","[80, 88, 5, 84, 50, 40, 78, 31, 43]",[4],0.7262593392875005,0.152254747624734,2.0,0,0,"[80, 5, 84, 50, 40, 78, 43]","[4, 88, 31]","[80, 5, 84, 50, 40, 78, 43]","[4, 88, 31]","[80, 5, 84, 50, 40, 78, 43]",[],"[88, 31]",[4],2,0.39894673228263855,"{""0"": 4.697793960571289, ""1"": 1.99923837184906}",0,0,"[80, 5, 50, 78, 43]","[4, 88, 84, 40, 31]","[80, 5, 50, 78, 43]","[4, 88, 84, 40, 31]","[80, 5, 50, 78, 43]",[],"[88, 84, 40, 31]",[4],"[80, 5, 50, 78, 43]","[4, 88, 84, 40, 31]","[80, 5, 50, 78, 43]",[],"[88, 84, 40, 31]",[4],5,0,4,1
19,10,5,"[3, 84, 45, 95, 90, 65, 6, 87, 29, 51]","[84, 45, 95, 90, 65, 6, 87, 29, 51]",[3],0.8036438679660072,0.09434218190699939,2.0,0,0,"[84, 45, 95, 90, 65, 6, 87, 29, 51]",[3],"[84, 45, 95, 90, 65, 6, 87, 29, 51]",[3],"[84, 45, 95, 90, 65, 6, 87, 29, 51]",[],[],[3],2,0.5207468867301941,"{""0"": 1.906008243560791, ""1"": -1.0}",0,0,"[84, 45, 90, 65, 6, 87, 29, 51]","[3, 95]","[84, 45, 90, 65, 6, 87, 29, 51]","[3, 95]","[84, 45, 90, 65, 6, 87, 29, 51]",[],[95],[3],"[84, 45, 90, 65, 6, 87, 29, 51]","[3, 95]","[84, 45, 90, 65, 6, 87, 29, 51]",[],[95],[3],8,0,1,1
20,10,5,"[1, 72, 28, 52, 38, 63, 18, 22, 39, 47]","[72, 28, 52, 38, 63, 18, 22, 39, 47]",[1],0.9500182366093677,0.19082841000720674,2.0,0,0,"[72, 28, 52, 38, 63, 18, 22, 39, 47]",[1],"[72, 28, 52, 38, 63, 18, 22, 39, 47]",[1],"[72, 28, 52, 38, 63, 18, 22, 39, 47]",[],[],[1],2,0.6178286075592041,"{""0"": 2.247032642364502, ""1"": -1.0}",0,0,"[72, 28, 52, 38, 63, 18, 22, 39]","[1, 47]","[72, 28, 52, 38, 63, 18, 22, 39]","[1, 47]","[72, 28, 52, 38, 63, 18, 22, 39]",[],[47],[1],"[72, 28, 52, 38, 63, 18, 22, 39]","[1, 47]","[72, 28, 52, 38, 63, 18, 22, 39]",[],[47],[1],8,0,1,1
21,10,5,"[2, 99, 66, 96, 13, 63, 5, 68, 94, 29]","[99, 66, 96, 13, 63, 5, 68, 94, 29]",[2],0.6560391905373002,0.0699336652311458,2.0,0,0,"[99, 66, 96, 13, 63, 5, 68, 94, 29]",[2],"[99, 66, 96, 13, 63, 5, 68, 94, 29]",[2],"[99, 66, 96, 13, 63, 5, 68, 94, 29]",[],[],[2],2,0.4045771062374115,"{""0"": 3.817936658859253, ""1"": 1.639333963394165}",0,0,"[99, 96, 63, 5, 68, 94, 29]","[2, 66, 13]","[99, 96, 63, 5, 68, 94, 29]","[2, 66, 13]","[99, 96, 63, 5, 68, 94, 29]",[],"[66, 13]",[2],"[99, 96, 63, 5, 68, 94, 29]","[2, 66, 13]","[99, 96, 63, 5, 68, 94, 29]",[],"[66, 13]",[2],7,0,2,1
22,10,5,"[1, 45, 9, 98, 99, 38, 83, 86, 24, 34]","[45, 9, 98, 99, 38, 83, 86, 24, 34]",[1],0.7084365549615326,0.09444897404607866,2.0,0,0,"[9, 98, 99, 38, 83, 86, 24, 34]","[1, 45]","[9, 98, 99, 38, 83, 86, 24, 34]","[1, 45]","[9, 98, 99, 38, 83, 86, 24, 34]",[],[45],[1],2,0.5457403659820557,"{""0"": 4.364112377166748, ""1"": -1.0}",0,0,"[9, 98, 38, 83, 86, 24, 34]","[1, 45, 99]","[9, 98, 38, 83, 86, 24, 34]","[1, 45, 99]","[9, 98, 38, 83, 86, 24, 34]",[],"[45, 99]",[1],"[9, 98, 38, 83, 86, 24, 34]","[1, 45, 99]","[9, 98, 38, 83, 86, 24, 34]",[],"[45, 99]",[1],7,0,2,1
23,10,5,"[2, 83, 82, 79, 81, 91, 53, 52, 90, 32]","[83, 82, 79, 81, 91, 53, 52, 90, 32]",[2],0.6539515454414185,0.07872118175166881,2.0,0,0,"[83, 82, 79, 81, 91, 53, 52, 90]","[2, 32]","[83, 82, 79, 81, 91, 53, 52, 90]","[2, 32]","[83, 82, 79, 81, 91, 53, 52, 90]",[],[32],[2],2,0.7027195692062378,"{""0"": 4.3170905113220215, ""1"": -1.0}",0,0,"[83, 79, 81, 91, 53, 52, 90]","[2, 82, 32]","[83, 79, 81, 91, 53, 52, 90]","[2, 82, 32]","[83, 79, 81, 91, 53, 52, 90]",[],"[82, 32]",[2],"[83, 79, 81, 91, 53, 52, 90]","[2, 82, 32]","[83, 79, 81, 91, 53, 52, 90]",[],"[82, 32]",[2],7,0,2,1
24,10,5,"[4, 5, 99, 6, 94, 34, 46, 28, 76, 91]","[5, 99, 6, 94, 34, 46, 28, 76, 91]",[4],0.6167258419613014,0.09611607099484559,2.0,0,0,"[99, 6, 94, 34, 28, 76, 91]","[4, 5, 46]","[99, 6, 94, 34, 28, 76, 91]","[4, 5, 46]","[99, 6, 94, 34, 28, 76, 91]",[],"[5, 46]",[4],2,0.7297131419181824,"{""0"": 5.2398505210876465, ""1"": -1.0}",0,0,"[6, 94, 34, 28, 76, 91]","[4, 5, 99, 46]","[6, 94, 34, 28, 76, 91]","[4, 5, 99, 46]","[6, 94, 34, 28, 76, 91]",[],"[5, 99, 46]",[4],"[6, 94, 34, 28, 76, 91]","[4, 5, 99, 46]","[6, 94, 34, 28, 76, 91]",[],"[5, 99, 46]",[4],6,0,3,1
25,10,5,"[4, 2, 35, 90, 93, 71, 98, 70, 95, 54]","[35, 90, 93, 71, 98, 70, 95, 54]","[4, 2]",0.8858114108198986,0.19888571233148666,2.0,0,0,"[35, 90, 93, 71, 98, 70, 95, 54]","[4, 2]","[35, 90, 93, 71, 98, 70, 95, 54]","[4, 2]","[35, 90, 93, 71, 98, 70, 95, 54]",[],[],"[4, 2]",2,0.615734875202179,"{""0"": 3.24123215675354, ""1"": -1.0}",0,0,"[35, 90, 93, 71, 98, 70, 95]","[4, 2, 54]","[35, 90, 93, 71, 98, 70, 95]","[4, 2, 54]","[35, 90, 93, 71, 98, 70, 95]",[],[54],"[4, 2]","[35, 90, 93, 71, 98, 70, 95]","[4, 2, 54]","[35, 90, 93, 71, 98, 70, 95]",[],[54],"[4, 2]",7,0,1,2
26,10,5,"[3, 81, 22, 41, 14, 39, 1, 88, 74, 49]","[81, 22, 41, 14, 39, 88, 74, 49]","[3, 1]",0.8485787603752902,0.3007119540358635,2.0,0,0,"[81, 22, 41, 14, 39, 74, 49]","[3, 1, 88]","[81, 22, 41, 14, 39, 74, 49]","[3, 1, 88]","[81, 22, 41, 14, 39, 74, 49]",[],[88],"[3, 1]",2,0.6435055136680603,"{""0"": 5.4995598793029785, ""1"": -1.0}",0,0,"[81, 22, 14, 39, 74, 49]","[3, 41, 1, 88]","[81, 22, 14, 39, 74, 49]","[3, 41, 1, 88]","[81, 22, 14, 39, 74, 49]",[],"[41, 88]","[3, 1]","[81, 22, 14, 39, 74, 49]","[3, 41, 1, 88]","[81, 22, 14, 39, 74, 49]",[],"[41, 88]","[3, 1]",6,0,2,2
27,10,5,"[0, 95, 57, 7, 73, 75, 65, 58, 27, 10]","[95, 57, 7, 73, 75, 65, 58, 27, 10]",[0],0.9757717585814376,0.12151410031226723,2.0,0,0,"[95, 57, 7, 73, 75, 65, 58, 27, 10]",[0],"[95, 57, 7, 73, 75, 65, 58, 27, 10]",[0],"[95, 57, 7, 73, 75, 65, 58, 27, 10]",[],[],[0],2,0.5386521816253662,"{""0"": 4.700932502746582, ""1"": -1.0}",0,0,"[57, 7, 73, 75, 65, 58, 27, 10]","[0, 95]","[57, 7, 73, 75, 65, 58, 27, 10]","[0, 95]","[57, 7, 73, 75, 65, 58, 27, 10]",[],[95],[0],"[57, 7, 73, 75, 65, 58, 27, 10]","[0, 95]","[57, 7, 73, 75, 65, 58, 27, 10]",[],[95],[0],8,0,1,1
28,10,5,"[3, 1, 76, 65, 15, 51, 53, 69, 72, 14]","[76, 65, 15, 51, 53, 69, 72, 14]","[3, 1]",0.992785764047025,0.1581228714635623,2.0,0,0,"[76, 65, 15, 51, 53, 69, 72, 14]","[3, 1]","[76, 65, 15, 51, 53, 69, 72, 14]","[3, 1]","[76, 65, 15, 51, 53, 69, 72, 14]",[],[],"[3, 1]",2,0.5155821442604065,"{""0"": 3.2216885089874268, ""1"": 1.9316272735595703}",0,0,"[76, 15, 51, 69, 72, 14]","[3, 1, 65, 53]","[76, 15, 51, 69, 72, 14]","[3, 1, 65, 53]","[76, 15, 51, 69, 72, 14]",[],"[65, 53]","[3, 1]","[76, 15, 51, 69, 72, 14]","[3, 1, 65, 53]","[76, 15, 51, 69, 72, 14]",[],"[65, 53]","[3, 1]",6,0,2,2
29,10,5,"[1, 3, 30, 81, 70, 38, 49, 78, 14, 87]","[30, 81, 70, 38, 49, 78, 14, 87]","[1, 3]",1.2303981619649769,0.07998485724863902,2.0,0,0,"[30, 81, 70, 38, 49, 78, 14, 87]","[1, 3]","[30, 81, 70, 38, 49, 78, 14, 87]","[1, 3]","[30, 81, 70, 38, 49, 78, 14, 87]",[],[],"[1, 3]",3,0.4355488419532776,"{""0"": 1.0614280700683594, ""1"": 2.709022045135498, ""2"": 2.7806339263916016}",2,0,"[70, 14, 87]","[1, 3, 30, 81, 38, 49, 78]","[70, 14, 87]","[1, 3, 30, 81, 38, 49, 78]","[70, 14, 87]",[],"[30, 81, 38, 49, 78]","[1, 3]","[70, 14, 87]","[1, 3, 30, 81, 38, 49, 78]","[70, 14, 87]",[],"[30, 81, 38, 49, 78]","[1, 3]",3,0,5,2
30,10,5,"[1, 71, 13, 47, 7, 49, 33, 42, 34, 53]","[71, 13, 47, 7, 49, 33, 42, 34, 53]",[1],0.9018430341160717,0.0765428375894554,2.0,0,0,"[71, 13, 47, 7, 49, 33, 42]","[1, 34, 53]","[71, 13, 47, 7, 49, 33, 42]","[1, 34, 53]","[71, 13, 47, 7, 49, 33, 42]",[],"[34, 53]",[1],3,0.3885938227176666,"{""0"": 2.2687578201293945, ""1"": -1.0, ""2"": -1.0}",0,0,"[71, 13, 47, 33, 42]","[1, 7, 49, 34, 53]","[71, 13, 47, 33, 42]","[1, 7, 49, 34, 53]","[71, 13, 47, 33, 42]",[],"[7, 49, 34, 53]",[1],"[71, 13, 47, 33, 42]","[1, 7, 49, 34, 53]","[71, 13, 47, 33, 42]",[],"[7, 49, 34, 53]",[1],5,0,4,1
31,10,5,"[3, 20, 48, 57, 30, 15, 45, 29, 54, 14]","[20, 48, 57, 30, 15, 45, 29, 54, 14]",[3],0.8424073130619194,0.15662178613849648,2.0,0,0,"[20, 57, 30, 15, 45, 29, 14]","[3, 48, 54]","[20, 57, 30, 15, 45, 29, 14]","[3, 48, 54]","[20, 57, 30, 15, 45, 29, 14]",[],"[48, 54]",[3],2,0.4773288667201996,"{""0"": 4.066961765289307, ""1"": 1.739743947982788}",0,0,"[57, 15, 45, 29, 14]","[3, 20, 48, 30, 54]","[57, 15, 45, 29, 14]","[3, 20, 48, 30, 54]","[57, 15, 45, 29, 14]",[],"[20, 48, 30, 54]",[3],"[57, 15, 45, 29, 14]","[3, 20, 48, 30, 54]","[57, 15, 45, 29, 14]",[],"[20, 48, 30, 54]",[3],5,0,4,1
32,10,5,"[1, 57, 52, 76, 65, 58, 51, 23, 99, 21]","[57, 52, 76, 65, 58, 51, 23, 99, 21]",[1],0.5907086352061932,0.08392275916211683,2.0,0,0,"[57, 76, 65, 58, 51, 23, 99, 21]","[1, 52]","[57, 76, 65, 58, 51, 23, 99, 21]","[1, 52]","[57, 76, 65, 58, 51, 23, 99, 21]",[],[52],[1],2,0.5606435537338257,"{""0"": 3.9566516876220703, ""1"": -1.0}",0,0,"[57, 76, 65, 58, 51, 23, 21]","[1, 52, 99]","[57, 76, 65, 58, 51, 23, 21]","[1, 52, 99]","[57, 76, 65, 58, 51, 23, 21]",[],"[52, 99]",[1],"[57, 76, 65, 58, 51, 23, 21]","[1, 52, 99]","[57, 76, 65, 58, 51, 23, 21]",[],"[52, 99]",[1],7,0,2,1
33,10,5,"[4, 46, 64, 96, 82, 75, 40, 63, 36, 47]","[46, 64, 96, 82, 75, 40, 63, 36, 47]",[4],0.7461380580386408,0.14650929672646767,2.0,0,0,"[46, 64, 96, 82, 75, 40, 63, 36, 47]",[4],"[46, 64, 96, 82, 75, 40, 63, 36, 47]",[4],"[46, 64, 96, 82, 75, 40, 63, 36, 47]",[],[],[4],2,0.596932590007782,"{""0"": 2.0974724292755127, ""1"": -1.0}",0,0,"[46, 64, 82, 75, 40, 63, 36, 47]","[4, 96]","[46, 64, 82, 75, 40, 63, 36, 47]","[4, 96]","[46, 64, 82, 75, 40, 63, 36, 47]",[],[96],[4],"[46, 64, 82, 75, 40, 63, 36, 47]","[4, 96]","[46, 64, 82, 75, 40, 63, 36, 47]",[],[96],[4],8,0,1,1
34,10,5,"[0, 72, 8, 81, 73, 83, 65, 79, 58, 16]","[72, 8, 81, 73, 83, 65, 79, 58, 16]",[0],0.8521923811210406,0.13832324039159472,2.0,0,0,"[72, 8, 81, 73, 83, 65, 79, 58, 16]",[0],"[72, 8, 81, 73, 83, 65, 79, 58, 16]",[0],"[72, 8, 81, 73, 83, 65, 79, 58, 16]",[],[],[0],2,0.5419387221336365,"{""0"": 3.663731575012207, ""1"": -1.0}",0,0,"[72, 8, 81, 73, 83, 79, 58, 16]","[0, 65]","[72, 8, 81, 73, 83, 79, 58, 16]","[0, 65]","[72, 8, 81, 73, 83, 79, 58, 16]",[],[65],[0],"[72, 8, 81, 73, 83, 79, 58, 16]","[0, 65]","[72, 8, 81, 73, 83, 79, 58, 16]",[],[65],[0],8,0,1,1
35,10,5,"[3, 30, 84, 29, 12, 98, 44, 64, 13, 55]","[30, 84, 29, 12, 98, 44, 64, 13, 55]",[3],0.7538667284214537,0.0694965362373029,2.0,0,0,"[30, 84, 29, 12, 98, 44, 64, 13, 55]",[3],"[30, 84, 29, 12, 98, 44, 64, 13, 55]",[3],"[30, 84, 29, 12, 98, 44, 64, 13, 55]",[],[],[3],2,0.4990762174129486,"{""0"": 1.550157070159912, ""1"": 2.864203691482544}",1,0,"[30, 29, 12, 98, 44, 64, 55]","[3, 84, 13]","[30, 29, 12, 98, 44, 64, 55]","[3, 84, 13]","[30, 29, 12, 98, 44, 64, 55]",[],"[84, 13]",[3],"[30, 29, 12, 98, 44, 64, 55]","[3, 84, 13]","[30, 29, 12, 98, 44, 64, 55]",[],"[84, 13]",[3],7,0,2,1
36,10,5,"[0, 36, 23, 49, 11, 34, 99, 33, 58, 12]","[36, 23, 49, 11, 34, 99, 33, 58, 12]",[0],0.8762665327203414,0.08444543402793037,2.0,0,0,"[36, 23, 49, 11, 34, 99, 33, 58, 12]",[0],"[36, 23, 49, 11, 34, 99, 33, 58, 12]",[0],"[36, 23, 49, 11, 34, 99, 33, 58, 12]",[],[],[0],4,0.3074395954608917,"{""0"": 0.9692353010177612, ""1"": 1.9508097171783447, ""2"": 1.9618535041809082, ""3"": -1.0}",2,0,"[99, 58]","[0, 36, 23, 49, 11, 34, 33, 12]","[99, 58]","[0, 36, 23, 49, 11, 34, 33, 12]","[99, 58]",[],"[36, 23, 49, 11, 34, 33, 12]",[0],"[99, 58]","[0, 36, 23, 49, 11, 34, 33, 12]","[99, 58]",[],"[36, 23, 49, 11, 34, 33, 12]",[0],2,0,7,1
37,10,5,"[3, 43, 5, 34, 99, 14, 48, 24, 56, 37]","[43, 5, 34, 99, 14, 48, 24, 56, 37]",[3],0.759650423855342,0.23377289520646347,2.0,0,0,"[43, 5, 34, 99, 14, 48, 24, 56, 37]",[3],"[43, 5, 34, 99, 14, 48, 24, 56, 37]",[3],"[43, 5, 34, 99, 14, 48, 24, 56, 37]",[],[],[3],2,0.45267465710639954,"{""0"": 1.5022633075714111, ""1"": -1.0}",0,0,"[43, 5, 34, 99, 14, 48, 56, 37]","[3, 24]","[43, 5, 34, 99, 14, 48, 56, 37]","[3, 24]","[43, 5, 34, 99, 14, 48, 56, 37]",[],[24],[3],"[43, 5, 34, 99, 14, 48, 56, 37]","[3, 24]","[43, 5, 34, 99, 14, 48, 56, 37]",[],[24],[3],8,0,1,1
38,10,5,"[2, 88, 85, 65, 95, 82, 19, 77, 54, 37]","[88, 85, 65, 95, 82, 19, 77, 54, 37]",[2],1.021242422896807,0.34023693579646314,2.0,0,0,"[88, 85, 65, 95, 82, 19, 77, 54, 37]",[2],"[88, 85, 65, 95, 82, 19, 77, 54, 37]",[2],"[88, 85, 65, 95, 82, 19, 77, 54, 37]",[],[],[2],2,0.6726878881454468,"{""0"": 3.371448040008545, ""1"": -1.0}",0,0,"[85, 65, 95, 82, 19, 77, 54, 37]","[2, 88]","[85, 65, 95, 82, 19, 77, 54, 37]","[2, 88]","[85, 65, 95, 82, 19, 77, 54, 37]",[],[88],[2],"[85, 65, 95, 82, 19, 77, 54, 37]","[2, 88]","[85, 65, 95, 82, 19, 77, 54, 37]",[],[88],[2],8,0,1,1
39,10,5,"[2, 33, 12, 85, 87, 74, 15, 29, 94, 60]","[33, 12, 85, 87, 74, 15, 29, 94, 60]",[2],0.7376942941841629,0.17834632145578594,2.0,0,0,"[33, 12, 85, 87, 74, 15, 29, 94, 60]",[2],"[33, 12, 85, 87, 74, 15, 29, 94, 60]",[2],"[33, 12, 85, 87, 74, 15, 29, 94, 60]",[],[],[2],3,0.4217597246170044,"{""0"": 2.4780917167663574, ""1"": 3.812744140625, ""2"": -1.0}",1,0,"[33, 87, 74, 29, 94]","[2, 12, 85, 15, 60]","[33, 87, 74, 29, 94]","[2, 12, 85, 15, 60]","[33, 87, 74, 29, 94]",[],"[12, 85, 15, 60]",[2],"[33, 87, 74, 29, 94]","[2, 12, 85, 15, 60]","[33, 87, 74, 29, 94]",[],"[12, 85, 15, 60]",[2],5,0,4,1
40,10,5,"[4, 6, 33, 77, 65, 63, 55, 18, 2, 78]","[6, 33, 77, 65, 63, 55, 18, 78]","[4, 2]",0.7762545286424098,0.10573271482165797,2.0,0,0,"[6, 33, 77, 65, 63, 55, 18, 78]","[4, 2]","[6, 33, 77, 65, 63, 55, 18, 78]","[4, 2]","[6, 33, 77, 65, 63, 55, 18, 78]",[],[],"[4, 2]",2,0.41801026463508606,"{""0"": 4.65962553024292, ""1"": -1.0}",0,0,"[6, 33, 77, 65, 63, 18, 78]","[4, 55, 2]","[6, 33, 77, 65, 63, 18, 78]","[4, 55, 2]","[6, 33, 77, 65, 63, 18, 78]",[],[55],"[4, 2]","[6, 33, 77, 65, 63, 18, 78]","[4, 55, 2]","[6, 33, 77, 65, 63, 18, 78]",[],[55],"[4, 2]",7,0,1,2
41,10,5,"[1, 71, 25, 57, 32, 77, 51, 42, 95, 22]","[71, 25, 57, 32, 77, 51, 42, 95, 22]",[1],0.9426860432264947,0.21490687564048616,2.0,0,0,"[71, 25, 57, 32, 77, 51, 42, 95, 22]",[1],"[71, 25, 57, 32, 77, 51, 42, 95, 22]",[1],"[71, 25, 57, 32, 77, 51, 42, 95, 22]",[],[],[1],2,0.42723095417022705,"{""0"": 2.178520679473877, ""1"": -1.0}",0,0,"[71, 25, 57, 32, 77, 42, 95, 22]","[1, 51]","[71, 25, 57, 32, 77, 42, 95, 22]","[1, 51]","[71, 25, 57, 32, 77, 42, 95, 22]",[],[51],[1],"[71, 25, 57, 32, 77, 42, 95, 22]","[1, 51]","[71, 25, 57, 32, 77, 42, 95, 22]",[],[51],[1],8,0,1,1
42,10,5,"[2, 23, 61, 86, 54, 0, 91, 63, 37, 85]","[23, 61, 86, 54, 91, 63, 37, 85]","[2, 0]",0.9283227152361643,0.29128502141768753,2.0,0,0,"[23, 61, 86, 54, 91, 63, 37, 85]","[2, 0]","[23, 61, 86, 54, 91, 63, 37, 85]","[2, 0]","[23, 61, 86, 54, 91, 63, 37, 85]",[],[],"[2, 0]",2,0.6031461358070374,"{""0"": 5.06343412399292, ""1"": -1.0}",0,0,"[23, 61, 86, 91, 63, 37, 85]","[2, 54, 0]","[23, 61, 86, 91, 63, 37, 85]","[2, 54, 0]","[23, 61, 86, 91, 63, 37, 85]",[],[54],"[2, 0]","[23, 61, 86, 91, 63, 37, 85]","[2, 54, 0]","[23, 61, 86, 91, 63, 37, 85]",[],[54],"[2, 0]",7,0,1,2
43,10,5,"[0, 40, 56, 34, 98, 35, 1, 22, 89, 16]","[40, 56, 34, 98, 35, 22, 89, 16]","[0, 1]",0.8016499907198631,0.12070703257740256,2.0,0,0,"[40, 56, 34, 98, 35, 22, 89, 16]","[0, 1]","[40, 56, 34, 98, 35, 22, 89, 16]","[0, 1]","[40, 56, 34, 98, 35, 22, 89, 16]",[],[],"[0, 1]",2,0.6793272495269775,"{""0"": 5.509070873260498, ""1"": -1.0}",0,0,"[40, 56, 34, 98, 22, 89, 16]","[0, 35, 1]","[40, 56, 34, 98, 22, 89, 16]","[0, 35, 1]","[40, 56, 34, 98, 22, 89, 16]",[],[35],"[0, 1]","[40, 56, 34, 98, 22, 89, 16]","[0, 35, 1]","[40, 56, 34, 98, 22, 89, 16]",[],[35],"[0, 1]",7,0,1,2
44,10,5,"[1, 46, 25, 37, 20, 42, 44, 50, 12, 72]","[46, 25, 37, 20, 42, 44, 50, 12, 72]",[1],0.654685850050466,0.08596179188246184,2.0,0,0,"[25, 37, 20, 42, 44, 50, 12, 72]","[1, 46]","[25, 37, 20, 42, 44, 50, 12, 72]","[1, 46]","[25, 37, 20, 42, 44, 50, 12, 72]",[],[46],[1],2,0.5175486207008362,"{""0"": 1.1965386867523193, ""1"": 1.8799597024917603}",1,0,"[50, 72]","[1, 46, 25, 37, 20, 42, 44, 12]","[50, 72]","[1, 46, 25, 37, 20, 42, 44, 12]","[50, 72]",[],"[46, 25, 37, 20, 42, 44, 12]",[1],"[50, 72]","[1, 46, 25, 37, 20, 42, 44, 12]","[50, 72]",[],"[46, 25, 37, 20, 42, 44, 12]",[1],2,0,7,1
45,10,5,"[1, 19, 56, 93, 20, 12, 27, 69, 33, 16]","[19, 56, 93, 20, 12, 27, 69, 33, 16]",[1],0.7117781147483854,0.07801547902065609,2.0,0,0,"[19, 56, 93, 20, 12, 27, 69, 33, 16]",[1],"[19, 56, 93, 20, 12, 27, 69, 33, 16]",[1],"[19, 56, 93, 20, 12, 27, 69, 33, 16]",[],[],[1],4,0.3470247685909271,"{""0"": 2.284816026687622, ""1"": 2.1483898162841797, ""2"": -1.0, ""3"": 1.8365967273712158}",0,0,"[19, 12, 69]","[1, 56, 93, 20, 27, 33, 16]","[19, 12, 69]","[1, 56, 93, 20, 27, 33, 16]","[19, 12, 69]",[],"[56, 93, 20, 27, 33, 16]",[1],"[19, 12, 69]","[1, 56, 93, 20, 27, 33, 16]","[19, 12, 69]",[],"[56, 93, 20, 27, 33, 16]",[1],3,0,6,1
46,10,5,"[2, 45, 10, 1, 74, 86, 46, 35, 17, 81]","[45, 10, 74, 86, 46, 35, 17, 81]","[2, 1]",0.9750782950590936,0.16826559061389434,2.0,0,0,"[45, 10, 74, 86, 46, 35, 17, 81]","[2, 1]","[45, 10, 74, 86, 46, 35, 17, 81]","[2, 1]","[45, 10, 74, 86, 46, 35, 17, 81]",[],[],"[2, 1]",2,0.49156713485717773,"{""0"": 2.667712688446045, ""1"": -1.0}",0,0,"[45, 10, 74, 86, 35, 17, 81]","[2, 1, 46]","[45, 10, 74, 86, 35, 17, 81]","[2, 1, 46]","[45, 10, 74, 86, 35, 17, 81]",[],[46],"[2, 1]","[45, 10, 74, 86, 35, 17, 81]","[2, 1, 46]","[45, 10, 74, 86, 35, 17, 81]",[],[46],"[2, 1]",7,0,1,2
47,10,5,"[2, 99, 19, 62, 44, 0, 48, 52, 70, 65]","[99, 19, 62, 44, 48, 52, 70, 65]","[2, 0]",0.8157910229842248,0.21404140408449934,2.0,0,0,"[99, 19, 62, 44, 52, 70, 65]","[2, 0, 48]","[99, 19, 62, 44, 52, 70, 65]","[2, 0, 48]","[99, 19, 62, 44, 52, 70, 65]",[],[48],"[2, 0]",2,0.5557098984718323,"{""0"": 5.459208011627197, ""1"": -1.0}",0,0,"[19, 62, 44, 52, 70, 65]","[2, 99, 0, 48]","[19, 62, 44, 52, 70, 65]","[2, 99, 0, 48]","[19, 62, 44, 52, 70, 65]",[],"[99, 48]","[2, 0]","[19, 62, 44, 52, 70, 65]","[2, 99, 0, 48]","[19, 62, 44, 52, 70, 65]",[],"[99, 48]","[2, 0]",6,0,2,2
48,10,5,"[0, 66, 36, 83, 68, 23, 90, 2, 57, 21]","[66, 36, 83, 68, 23, 90, 57, 21]","[0, 2]",0.7367465246309931,0.1328739481194557,2.0,0,0,"[66, 36, 83, 68, 23, 90, 57, 21]","[0, 2]","[66, 36, 83, 68, 23, 90, 57, 21]","[0, 2]","[66, 36, 83, 68, 23, 90, 57, 21]",[],[],"[0, 2]",2,0.5554869174957275,"{""0"": 6.568198204040527, ""1"": -1.0}",0,0,"[66, 83, 68, 23, 90, 57, 21]","[0, 36, 2]","[66, 83, 68, 23, 90, 57, 21]","[0, 36, 2]","[66, 83, 68, 23, 90, 57, 21]",[],[36],"[0, 2]","[66, 83, 68, 23, 90, 57, 21]","[0, 36, 2]","[66, 83, 68, 23, 90, 57, 21]",[],[36],"[0, 2]",7,0,1,2
49,10,5,"[3, 10, 20, 51, 25, 27, 40, 5, 89, 85]","[10, 20, 51, 25, 27, 40, 5, 89, 85]",[3],0.7797766499146046,0.06903890985309957,2.0,0,0,"[10, 20, 51, 25, 27, 40, 5, 89, 85]",[3],"[10, 20, 51, 25, 27, 40, 5, 89, 85]",[3],"[10, 20, 51, 25, 27, 40, 5, 89, 85]",[],[],[3],2,0.4143219590187073,"{""0"": 1.399166464805603, ""1"": 2.852195978164673}",1,0,"[10, 27, 85]","[3, 20, 51, 25, 40, 5, 89]","[10, 27, 85]","[3, 20, 51, 25, 40, 5, 89]","[10, 27, 85]",[],"[20, 51, 25, 40, 5, 89]",[3],"[10, 27, 85]","[3, 20, 51, 25, 40, 5, 89]","[10, 27, 85]",[],"[20, 51, 25, 40, 5, 89]",[3],3,0,6,1
50,10,5,"[1, 85, 80, 28, 63, 68, 14, 94, 32, 20]","[85, 80, 28, 63, 68, 14, 94, 32, 20]",[1],0.7189894557197531,0.09550657694581449,2.0,0,0,"[85, 80, 28, 63, 68, 14, 94, 20]","[1, 32]","[85, 80, 28, 63, 68, 14, 94, 20]","[1, 32]","[85, 80, 28, 63, 68, 14, 94, 20]",[],[32],[1],2,0.38956302404403687,"{""0"": 0.9353972673416138, ""1"": 4.258491516113281}",1,0,"[85, 80, 28, 63, 14, 94]","[1, 68, 32, 20]","[85, 80, 28, 63, 14, 94]","[1, 68, 32, 20]","[85, 80, 28, 63, 14, 94]",[],"[68, 32, 20]",[1],"[85, 80, 28, 63, 14, 94]","[1, 68, 32, 20]","[85, 80, 28, 63, 14, 94]",[],"[68, 32, 20]",[1],6,0,3,1
51,10,5,"[3, 61, 21, 58, 32, 20, 53, 17, 93, 55]","[61, 21, 58, 32, 20, 53, 17, 93, 55]",[3],0.7701783717305658,0.14577311958213524,2.0,0,0,"[61, 21, 58, 32, 20, 53, 93, 55]","[3, 17]","[61, 21, 58, 32, 20, 53, 93, 55]","[3, 17]","[61, 21, 58, 32, 20, 53, 93, 55]",[],[17],[3],2,0.611644446849823,"{""0"": 1.9520676136016846, ""1"": -1.0}",0,0,"[61, 21, 58, 20, 53, 93, 55]","[3, 32, 17]","[61, 21, 58, 20, 53, 93, 55]","[3, 32, 17]","[61, 21, 58, 20, 53, 93, 55]",[],"[32, 17]",[3],"[61, 21, 58, 20, 53, 93, 55]","[3, 32, 17]","[61, 21, 58, 20, 53, 93, 55]",[],"[32, 17]",[3],7,0,2,1
52,10,5,"[3, 38, 56, 79, 43, 65, 66, 16, 75, 82]","[38, 56, 79, 43, 65, 66, 16, 75, 82]",[3],0.7358582292852142,0.03570946301212957,2.0,0,0,"[56, 79, 65, 66, 16, 75, 82]","[3, 38, 43]","[56, 79, 65, 66, 16, 75, 82]","[3, 38, 43]","[56, 79, 65, 66, 16, 75, 82]",[],"[38, 43]",[3],2,0.46216151118278503,"{""0"": 2.3109688758850098, ""1"": -1.0}",0,0,"[79, 65, 66, 16, 75, 82]","[3, 38, 56, 43]","[79, 65, 66, 16, 75, 82]","[3, 38, 56, 43]","[79, 65, 66, 16, 75, 82]",[],"[38, 56, 43]",[3],"[79, 65, 66, 16, 75, 82]","[3, 38, 56, 43]","[79, 65, 66, 16, 75, 82]",[],"[38, 56, 43]",[3],6,0,3,1
53,10,5,"[2, 98, 50, 69, 58, 82, 91, 59, 97, 38]","[98, 50, 69, 58, 82, 91, 59, 97, 38]",[2],0.8309053504392733,0.13747467358082666,2.0,0,0,"[98, 50, 69, 58, 82, 91, 59, 97, 38]",[2],"[98, 50, 69, 58, 82, 91, 59, 97, 38]",[2],"[98, 50, 69, 58, 82, 91, 59, 97, 38]",[],[],[2],3,0.5541274547576904,"{""0"": 3.1503710746765137, ""1"": 1.9907869100570679, ""2"": -1.0}",0,0,"[98, 50, 69, 58, 91, 38]","[2, 82, 59, 97]","[98, 50, 69, 58, 91, 38]","[2, 82, 59, 97]","[98, 50, 69, 58, 91, 38]",[],"[82, 59, 97]",[2],"[98, 50, 69, 58, 91, 38]","[2, 82, 59, 97]","[98, 50, 69, 58, 91, 38]",[],"[82, 59, 97]",[2],6,0,3,1
54,10,5,"[4, 88, 20, 74, 38, 35, 78, 79, 25, 10]","[88, 20, 74, 38, 35, 78, 79, 25, 10]",[4],0.7519289050603346,0.05680402064261364,2.0,0,0,"[20, 38, 35, 78, 79, 25, 10]","[4, 88, 74]","[20, 38, 35, 78, 79, 25, 10]","[4, 88, 74]","[20, 38, 35, 78, 79, 25, 10]",[],"[88, 74]",[4],2,0.40471094846725464,"{""0"": 3.684833526611328, ""1"": -1.0}",0,0,"[38, 35, 78, 79, 25, 10]","[4, 88, 20, 74]","[38, 35, 78, 79, 25, 10]","[4, 88, 20, 74]","[38, 35, 78, 79, 25, 10]",[],"[88, 20, 74]",[4],"[38, 35, 78, 79, 25, 10]","[4, 88, 20, 74]","[38, 35, 78, 79, 25, 10]",[],"[88, 20, 74]",[4],6,0,3,1
55,10,5,"[1, 54, 63, 45, 82, 64, 21, 94, 97, 52]","[54, 63, 45, 82, 64, 21, 94, 97, 52]",[1],0.783445717937211,0.13850352275621536,2.0,0,0,"[63, 45, 82, 64, 21, 94, 97, 52]","[1, 54]","[63, 45, 82, 64, 21, 94, 97, 52]","[1, 54]","[63, 45, 82, 64, 21, 94, 97, 52]",[],[54],[1],2,0.7292079329490662,"{""0"": 1.8896353244781494, ""1"": 5.628419399261475}",1,0,"[63, 45, 64, 21, 94, 52]","[1, 54, 82, 97]","[63, 45, 64, 21, 94, 52]","[1, 54, 82, 97]","[63, 45, 64, 21, 94, 52]",[],"[54, 82, 97]",[1],"[63, 45, 64, 21, 94, 52]","[1, 54, 82, 97]","[63, 45, 64, 21, 94, 52]",[],"[54, 82, 97]",[1],6,0,3,1
56,10,5,"[3, 65, 34, 91, 78, 0, 88, 43, 30, 52]","[65, 34, 91, 78, 88, 43, 30, 52]","[3, 0]",1.249652699142053,0.4299402273912824,2.0,0,0,"[65, 34, 91, 78, 88, 43, 30, 52]","[3, 0]","[65, 34, 91, 78, 88, 43, 30, 52]","[3, 0]","[65, 34, 91, 78, 88, 43, 30, 52]",[],[],"[3, 0]",2,0.843511700630188,"{""0"": 6.676815509796143, ""1"": -1.0}",0,0,"[65, 34, 91, 78, 43, 30, 52]","[3, 0, 88]","[65, 34, 91, 78, 43, 30, 52]","[3, 0, 88]","[65, 34, 91, 78, 43, 30, 52]",[],[88],"[3, 0]","[65, 34, 91, 78, 43, 30, 52]","[3, 0, 88]","[65, 34, 91, 78, 43, 30, 52]",[],[88],"[3, 0]",7,0,1,2
57,10,5,"[3, 57, 83, 65, 27, 98, 24, 5, 25, 10]","[57, 83, 65, 27, 98, 24, 5, 25, 10]",[3],0.9346442000440522,0.13471632353143437,2.0,0,0,"[57, 83, 65, 27, 98, 24, 5, 25, 10]",[3],"[57, 83, 65, 27, 98, 24, 5, 25, 10]",[3],"[57, 83, 65, 27, 98, 24, 5, 25, 10]",[],[],[3],2,0.5130936503410339,"{""0"": 2.066110610961914, ""1"": -1.0}",0,0,"[57, 83, 65, 27, 98, 24, 5, 25]","[3, 10]","[57, 83, 65, 27, 98, 24, 5, 25]","[3, 10]","[57, 83, 65, 27, 98, 24, 5, 25]",[],[10],[3],"[57, 83, 65, 27, 98, 24, 5, 25]","[3, 10]","[57, 83, 65, 27, 98, 24, 5, 25]",[],[10],[3],8,0,1,1
58,10,5,"[3, 16, 92, 27, 14, 62, 58, 77, 1, 44]","[16, 92, 27, 14, 62, 58, 77, 44]","[3, 1]",0.7422690602910524,0.1467585503160987,2.0,0,0,"[92, 27, 14, 62, 58, 77, 44]","[3, 16, 1]","[92, 27, 14, 62, 58, 77, 44]","[3, 16, 1]","[92, 27, 14, 62, 58, 77, 44]",[],[16],"[3, 1]",2,0.2664497494697571,"{""0"": 3.085146903991699, ""1"": -1.0}",0,0,"[92, 27, 14, 62, 77, 44]","[3, 16, 58, 1]","[92, 27, 14, 62, 77, 44]","[3, 16, 58, 1]","[92, 27, 14, 62, 77, 44]",[],"[16, 58]","[3, 1]","[92, 27, 14, 62, 77, 44]","[3, 16, 58, 1]","[92, 27, 14, 62, 77, 44]",[],"[16, 58]","[3, 1]",6,0,2,2
59,10,5,"[1, 39, 6, 27, 71, 88, 69, 29, 25, 26]","[39, 6, 27, 71, 88, 69, 29, 25, 26]",[1],1.0353141458026185,0.0979997185888668,2.0,0,0,"[39, 6, 27, 69, 29, 26]","[1, 71, 88, 25]","[39, 6, 27, 69, 29, 26]","[1, 71, 88, 25]","[39, 6, 27, 69, 29, 26]",[],"[71, 88, 25]",[1],2,0.6539046168327332,"{""0"": 3.643042802810669, ""1"": -1.0}",0,0,"[39, 6, 27, 69, 29]","[1, 71, 88, 25, 26]","[39, 6, 27, 69, 29]","[1, 71, 88, 25, 26]","[39, 6, 27, 69, 29]",[],"[71, 88, 25, 26]",[1],"[39, 6, 27, 69, 29]","[1, 71, 88, 25, 26]","[39, 6, 27, 69, 29]",[],"[71, 88, 25, 26]",[1],5,0,4,1
60,10,5,"[0, 84, 41, 86, 94, 13, 66, 3, 14, 51]","[84, 41, 86, 94, 13, 66, 14, 51]","[0, 3]",0.7941646520526238,0.07510308384764569,2.0,0,0,"[84, 41, 86, 94, 13, 66, 51]","[0, 3, 14]","[84, 41, 86, 94, 13, 66, 51]","[0, 3, 14]","[84, 41, 86, 94, 13, 66, 51]",[],[14],"[0, 3]",2,0.42056170105934143,"{""0"": 2.1545848846435547, ""1"": -1.0}",0,0,"[41, 86, 94, 13, 66, 51]","[0, 84, 3, 14]","[41, 86, 94, 13, 66, 51]","[0, 84, 3, 14]","[41, 86, 94, 13, 66, 51]",[],"[84, 14]","[0, 3]","[41, 86, 94, 13, 66, 51]","[0, 84, 3, 14]","[41, 86, 94, 13, 66, 51]",[],"[84, 14]","[0, 3]",6,0,2,2
61,10,5,"[3, 36, 70, 1, 21, 32, 55, 18, 69, 8]","[36, 70, 21, 32, 55, 18, 69, 8]","[3, 1]",0.8988054128059513,0.08336743933569407,2.0,0,0,"[36, 70, 21, 32, 69, 8]","[3, 1, 55, 18]","[36, 70, 21, 32, 69, 8]","[3, 1, 55, 18]","[36, 70, 21, 32, 69, 8]",[],"[55, 18]","[3, 1]",2,0.4837600886821747,"{""0"": 2.5910942554473877, ""1"": 1.777687907218933}",0,0,"[36, 21, 32, 8]","[3, 70, 1, 55, 18, 69]","[36, 21, 32, 8]","[3, 70, 1, 55, 18, 69]","[36, 21, 32, 8]",[],"[70, 55, 18, 69]","[3, 1]","[36, 21, 32, 8]","[3, 70, 1, 55, 18, 69]","[36, 21, 32, 8]",[],"[70, 55, 18, 69]","[3, 1]",4,0,4,2
62,10,5,"[0, 77, 29, 65, 68, 89, 95, 79, 83, 47]","[77, 29, 65, 68, 89, 95, 79, 83, 47]",[0],0.9576945376468182,0.07616528142732393,2.0,0,0,"[77, 65, 68, 89, 79, 83]","[0, 29, 95, 47]","[77, 65, 68, 89, 79, 83]","[0, 29, 95, 47]","[77, 65, 68, 89, 79, 83]",[],"[29, 95, 47]",[0],2,0.3619648516178131,"{""0"": 2.5210227966308594, ""1"": 2.8372457027435303}",1,0,"[77, 68, 79]","[0, 29, 65, 89, 95, 83, 47]","[77, 68, 79]","[0, 29, 65, 89, 95, 83, 47]","[77, 68, 79]",[],"[29, 65, 89, 95, 83, 47]",[0],"[77, 68, 79]","[0, 29, 65, 89, 95, 83, 47]","[77, 68, 79]",[],"[29, 65, 89, 95, 83, 47]",[0],3,0,6,1
63,10,5,"[1, 10, 15, 46, 36, 86, 31, 73, 62, 70]","[10, 15, 46, 36, 86, 31, 73, 62, 70]",[1],0.7719089836906758,0.14844673085302368,2.0,0,0,"[10, 15, 46, 36, 86, 31, 73, 62, 70]",[1],"[10, 15, 46, 36, 86, 31, 73, 62, 70]",[1],"[10, 15, 46, 36, 86, 31, 73, 62, 70]",[],[],[1],2,0.6514548659324646,"{""0"": 3.3023340702056885, ""1"": -1.0}",0,0,"[10, 15, 46, 36, 86, 73, 62, 70]","[1, 31]","[10, 15, 46, 36, 86, 73, 62, 70]","[1, 31]","[10, 15, 46, 36, 86, 73, 62, 70]",[],[31],[1],"[10, 15, 46, 36, 86, 73, 62, 70]","[1, 31]","[10, 15, 46, 36, 86, 73, 62, 70]",[],[31],[1],8,0,1,1
64,10,5,"[0, 47, 63, 32, 34, 12, 41, 75, 11, 3]","[47, 63, 32, 34, 12, 41, 75, 11]","[0, 3]",0.9459842227331923,0.21042210795768468,2.0,0,0,"[47, 63, 32, 34, 12, 41, 75, 11]","[0, 3]","[47, 63, 32, 34, 12, 41, 75, 11]","[0, 3]","[47, 63, 32, 34, 12, 41, 75, 11]",[],[],"[0, 3]",2,0.437771737575531,"{""0"": 4.844413757324219, ""1"": -1.0}",0,0,"[63, 32, 34, 12, 41, 75, 11]","[0, 47, 3]","[63, 32, 34, 12, 41, 75, 11]","[0, 47, 3]","[63, 32, 34, 12, 41, 75, 11]",[],[47],"[0, 3]","[63, 32, 34, 12, 41, 75, 11]","[0, 47, 3]","[63, 32, 34, 12, 41, 75, 11]",[],[47],"[0, 3]",7,0,1,2
65,10,5,"[3, 55, 1, 65, 54, 24, 31, 92, 49, 46]","[55, 65, 54, 24, 31, 92, 49, 46]","[3, 1]",1.0734681520315152,0.2667728071862664,2.0,0,0,"[55, 65, 54, 24, 31, 92, 49, 46]","[3, 1]","[55, 65, 54, 24, 31, 92, 49, 46]","[3, 1]","[55, 65, 54, 24, 31, 92, 49, 46]",[],[],"[3, 1]",2,0.6657784581184387,"{""0"": 3.5896077156066895, ""1"": -1.0}",0,0,"[55, 65, 24, 31, 92, 49, 46]","[3, 1, 54]","[55, 65, 24, 31, 92, 49, 46]","[3, 1, 54]","[55, 65, 24, 31, 92, 49, 46]",[],[54],"[3, 1]","[55, 65, 24, 31, 92, 49, 46]","[3, 1, 54]","[55, 65, 24, 31, 92, 49, 46]",[],[54],"[3, 1]",7,0,1,2
66,10,5,"[0, 38, 51, 5, 19, 53, 84, 23, 40, 64]","[38, 51, 5, 19, 53, 84, 23, 40, 64]",[0],0.8010772470492928,0.10028470581926074,2.0,0,0,"[38, 51, 5, 19, 53, 84, 23, 40, 64]",[0],"[38, 51, 5, 19, 53, 84, 23, 40, 64]",[0],"[38, 51, 5, 19, 53, 84, 23, 40, 64]",[],[],[0],2,0.5409554839134216,"{""0"": 4.598495006561279, ""1"": -1.0}",0,0,"[38, 51, 5, 53, 84, 23, 40, 64]","[0, 19]","[38, 51, 5, 53, 84, 23, 40, 64]","[0, 19]","[38, 51, 5, 53, 84, 23, 40, 64]",[],[19],[0],"[38, 51, 5, 53, 84, 23, 40, 64]","[0, 19]","[38, 51, 5, 53, 84, 23, 40, 64]",[],[19],[0],8,0,1,1
67,10,5,"[4, 82, 78, 17, 19, 44, 14, 71, 90, 55]","[82, 78, 17, 19, 44, 14, 71, 90, 55]",[4],0.8057415370208012,0.1386934521451561,2.0,0,0,"[82, 78, 17, 19, 44, 14, 71, 90, 55]",[4],"[82, 78, 17, 19, 44, 14, 71, 90, 55]",[4],"[82, 78, 17, 19, 44, 14, 71, 90, 55]",[],[],[4],2,0.6135774254798889,"{""0"": 2.234128475189209, ""1"": -1.0}",0,0,"[78, 17, 19, 44, 14, 71, 90, 55]","[4, 82]","[78, 17, 19, 44, 14, 71, 90, 55]","[4, 82]","[78, 17, 19, 44, 14, 71, 90, 55]",[],[82],[4],"[78, 17, 19, 44, 14, 71, 90, 55]","[4, 82]","[78, 17, 19, 44, 14, 71, 90, 55]",[],[82],[4],8,0,1,1
68,10,5,"[0, 32, 44, 6, 54, 17, 9, 8, 68, 38]","[32, 44, 6, 54, 17, 9, 8, 68, 38]",[0],0.7794943257921109,0.1348065370123791,2.0,0,0,"[32, 44, 6, 17, 9, 8, 68, 38]","[0, 54]","[32, 44, 6, 17, 9, 8, 68, 38]","[0, 54]","[32, 44, 6, 17, 9, 8, 68, 38]",[],[54],[0],2,0.49869871139526367,"{""0"": 5.544761657714844, ""1"": 0.48524436354637146}",0,0,"[44, 6, 17, 8, 68, 38]","[0, 32, 54, 9]","[44, 6, 17, 8, 68, 38]","[0, 32, 54, 9]","[44, 6, 17, 8, 68, 38]",[],"[32, 54, 9]",[0],"[44, 6, 17, 8, 68, 38]","[0, 32, 54, 9]","[44, 6, 17, 8, 68, 38]",[],"[32, 54, 9]",[0],6,0,3,1
69,10,5,"[0, 10, 42, 62, 79, 75, 64, 84, 3, 51]","[10, 42, 62, 79, 75, 64, 84, 51]","[0, 3]",1.0101461025960474,0.28413944322099327,2.0,0,0,"[10, 42, 62, 79, 75, 64, 84, 51]","[0, 3]","[10, 42, 62, 79, 75, 64, 84, 51]","[0, 3]","[10, 42, 62, 79, 75, 64, 84, 51]",[],[],"[0, 3]",2,0.5678873062133789,"{""0"": 3.798839569091797, ""1"": -1.0}",0,0,"[10, 42, 79, 75, 64, 84, 51]","[0, 62, 3]","[10, 42, 79, 75, 64, 84, 51]","[0, 62, 3]","[10, 42, 79, 75, 64, 84, 51]",[],[62],"[0, 3]","[10, 42, 79, 75, 64, 84, 51]","[0, 62, 3]","[10, 42, 79, 75, 64, 84, 51]",[],[62],"[0, 3]",7,0,1,2
70,10,5,"[1, 91, 79, 68, 9, 5, 73, 62, 83, 46]","[91, 79, 68, 9, 5, 73, 62, 83, 46]",[1],0.8054284604186811,0.05804763875806157,2.0,0,0,"[91, 79, 68, 9, 5, 73, 62, 83, 46]",[1],"[91, 79, 68, 9, 5, 73, 62, 83, 46]",[1],"[91, 79, 68, 9, 5, 73, 62, 83, 46]",[],[],[1],2,0.44668442010879517,"{""0"": 2.364488124847412, ""1"": -1.0}",0,0,"[91, 79, 68, 5, 73, 62, 83, 46]","[1, 9]","[91, 79, 68, 5, 73, 62, 83, 46]","[1, 9]","[91, 79, 68, 5, 73, 62, 83, 46]",[],[9],[1],"[91, 79, 68, 5, 73, 62, 83, 46]","[1, 9]","[91, 79, 68, 5, 73, 62, 83, 46]",[],[9],[1],8,0,1,1
71,10,5,"[1, 55, 68, 51, 54, 48, 7, 69, 28, 71]","[55, 68, 51, 54, 48, 7, 69, 28, 71]",[1],0.9987652446506323,0.05787643780444446,2.0,0,0,"[68, 48, 7, 69, 28, 71]","[1, 55, 51, 54]","[68, 48, 7, 69, 28, 71]","[1, 55, 51, 54]","[68, 48, 7, 69, 28, 71]",[],"[55, 51, 54]",[1],2,0.5979850888252258,"{""0"": 3.0210649967193604, ""1"": -1.0}",0,0,"[68, 7, 69, 28, 71]","[1, 55, 51, 54, 48]","[68, 7, 69, 28, 71]","[1, 55, 51, 54, 48]","[68, 7, 69, 28, 71]",[],"[55, 51, 54, 48]",[1],"[68, 7, 69, 28, 71]","[1, 55, 51, 54, 48]","[68, 7, 69, 28, 71]",[],"[55, 51, 54, 48]",[1],5,0,4,1
72,10,5,"[0, 98, 51, 72, 87, 21, 15, 38, 6, 57]","[98, 51, 72, 87, 21, 15, 38, 6, 57]",[0],0.6106223573400344,0.17390027008652903,2.0,0,0,"[51, 72, 87, 21, 15, 38, 6, 57]","[0, 98]","[51, 72, 87, 21, 15, 38, 6, 57]","[0, 98]","[51, 72, 87, 21, 15, 38, 6, 57]",[],[98],[0],2,0.43068182468414307,"{""0"": 4.924627304077148, ""1"": 1.8683909177780151}",0,0,"[72, 87, 21, 38, 6, 57]","[0, 98, 51, 15]","[72, 87, 21, 38, 6, 57]","[0, 98, 51, 15]","[72, 87, 21, 38, 6, 57]",[],"[98, 51, 15]",[0],"[72, 87, 21, 38, 6, 57]","[0, 98, 51, 15]","[72, 87, 21, 38, 6, 57]",[],"[98, 51, 15]",[0],6,0,3,1
73,10,5,"[1, 61, 26, 7, 68, 88, 59, 11, 36, 97]","[61, 26, 7, 68, 88, 59, 11, 36, 97]",[1],0.8957327659989693,0.11301656686106909,2.0,0,0,"[61, 26, 7, 68, 59, 11, 36]","[1, 88, 97]","[61, 26, 7, 68, 59, 11, 36]","[1, 88, 97]","[61, 26, 7, 68, 59, 11, 36]",[],"[88, 97]",[1],3,0.38675832748413086,"{""0"": 2.9588589668273926, ""1"": 1.9691219329833984, ""2"": -1.0}",0,0,"[61, 26, 59, 36]","[1, 7, 68, 88, 11, 97]","[61, 26, 59, 36]","[1, 7, 68, 88, 11, 97]","[61, 26, 59, 36]",[],"[7, 68, 88, 11, 97]",[1],"[61, 26, 59, 36]","[1, 7, 68, 88, 11, 97]","[61, 26, 59, 36]",[],"[7, 68, 88, 11, 97]",[1],4,0,5,1
74,10,5,"[1, 75, 3, 25, 80, 2, 78, 20, 4, 7]","[75, 25, 80, 78, 20, 7]","[1, 3, 2, 4]",1.067476465014117,0.3752539284468761,2.0,0,0,"[75, 25, 80, 78, 20, 4, 7]","[1, 3, 2]","[75, 25, 80, 78, 20, 4, 7]","[1, 3, 2]","[75, 25, 80, 78, 20, 7]",[4],[],"[1, 3, 2]",2,0.6161940693855286,"{""0"": 5.117846965789795, ""1"": -1.0}",0,0,"[75, 25, 80, 78, 20, 7]","[1, 3, 2, 4]","[75, 25, 80, 78, 20, 7]","[1, 3, 2, 4]","[75, 25, 80, 78, 20, 7]",[],[],"[1, 3, 2, 4]","[75, 25, 80, 78, 20, 7]","[1, 3, 2, 4]","[75, 25, 80, 78, 20, 7]",[],[],"[1, 3, 2, 4]",6,0,0,4
75,10,5,"[2, 95, 86, 51, 23, 6, 62, 0, 81, 84]","[95, 86, 51, 23, 6, 62, 81, 84]","[2, 0]",0.7104208163058898,0.09204592001359324,2.0,0,0,"[86, 51, 23, 6, 62, 81, 84]","[2, 95, 0]","[86, 51, 23, 6, 62, 81, 84]","[2, 95, 0]","[86, 51, 23, 6, 62, 81, 84]",[],[95],"[2, 0]",2,0.5133459568023682,"{""0"": 3.2840256690979004, ""1"": 2.9615116119384766}",0,0,"[51, 23, 6, 84]","[2, 95, 86, 62, 0, 81]","[51, 23, 6, 84]","[2, 95, 86, 62, 0, 81]","[51, 23, 6, 84]",[],"[95, 86, 62, 81]","[2, 0]","[51, 23, 6, 84]","[2, 95, 86, 62, 0, 81]","[51, 23, 6, 84]",[],"[95, 86, 62, 81]","[2, 0]",4,0,4,2
76,10,5,"[2, 64, 37, 66, 42, 84, 58, 80, 67, 92]","[64, 37, 66, 42, 84, 58, 80, 67, 92]",[2],0.7455716334835071,0.12743077540545394,2.0,0,0,"[64, 37, 66, 42, 84, 58, 80, 67, 92]",[2],"[64, 37, 66, 42, 84, 58, 80, 67, 92]",[2],"[64, 37, 66, 42, 84, 58, 80, 67, 92]",[],[],[2],2,0.5229461193084717,"{""0"": 4.344922065734863, ""1"": 1.8630800247192383}",0,0,"[64, 37, 66, 84, 58, 80, 92]","[2, 42, 67]","[64, 37, 66, 84, 58, 80, 92]","[2, 42, 67]","[64, 37, 66, 84, 58, 80, 92]",[],"[42, 67]",[2],"[64, 37, 66, 84, 58, 80, 92]","[2, 42, 67]","[64, 37, 66, 84, 58, 80, 92]",[],"[42, 67]",[2],7,0,2,1
77,10,5,"[4, 68, 79, 22, 9, 30, 60, 69, 16, 43]","[68, 79, 22, 9, 30, 60, 69, 16, 43]",[4],0.7558346198626706,0.0891746774737524,2.0,0,0,"[68, 79, 22, 9, 30, 69, 16, 43]","[4, 60]","[68, 79, 22, 9, 30, 69, 16, 43]","[4, 60]","[68, 79, 22, 9, 30, 69, 16, 43]",[],[60],[4],2,0.5520198345184326,"{""0"": 2.4478609561920166, ""1"": 1.818284511566162}",0,0,"[68, 79, 22, 30, 16, 43]","[4, 9, 60, 69]","[68, 79, 22, 30, 16, 43]","[4, 9, 60, 69]","[68, 79, 22, 30, 16, 43]",[],"[9, 60, 69]",[4],"[68, 79, 22, 30, 16, 43]","[4, 9, 60, 69]","[68, 79, 22, 30, 16, 43]",[],"[9, 60, 69]",[4],6,0,3,1
78,10,5,"[1, 20, 77, 27, 23, 18, 74, 59, 86, 87]","[20, 77, 27, 23, 18, 74, 59, 86, 87]",[1],0.750421198988571,0.1672943817259374,2.0,0,0,"[20, 77, 27, 23, 18, 74, 59, 86, 87]",[1],"[20, 77, 27, 23, 18, 74, 59, 86, 87]",[1],"[20, 77, 27, 23, 18, 74, 59, 86, 87]",[],[],[1],2,0.47513145208358765,"{""0"": 2.9198570251464844, ""1"": -1.0}",0,0,"[20, 77, 27, 23, 18, 74, 86, 87]","[1, 59]","[20, 77, 27, 23, 18, 74, 86, 87]","[1, 59]","[20, 77, 27, 23, 18, 74, 86, 87]",[],[59],[1],"[20, 77, 27, 23, 18, 74, 86, 87]","[1, 59]","[20, 77, 27, 23, 18, 74, 86, 87]",[],[59],[1],8,0,1,1
79,10,5,"[1, 99, 42, 33, 5, 15, 38, 76, 86, 87]","[99, 42, 33, 5, 15, 38, 76, 86, 87]",[1],0.6854222762321431,0.12980253763716942,2.0,0,0,"[99, 42, 33, 5, 15, 38, 76, 86, 87]",[1],"[99, 42, 33, 5, 15, 38, 76, 86, 87]",[1],"[99, 42, 33, 5, 15, 38, 76, 86, 87]",[],[],[1],2,0.5293859839439392,"{""0"": 2.9592883586883545, ""1"": -1.0}",0,0,"[99, 33, 5, 15, 38, 76, 86, 87]","[1, 42]","[99, 33, 5, 15, 38, 76, 86, 87]","[1, 42]","[99, 33, 5, 15, 38, 76, 86, 87]",[],[42],[1],"[99, 33, 5, 15, 38, 76, 86, 87]","[1, 42]","[99, 33, 5, 15, 38, 76, 86, 87]",[],[42],[1],8,0,1,1
80,10,5,"[1, 71, 88, 38, 63, 99, 48, 31, 83, 11]","[71, 88, 38, 63, 99, 48, 31, 83, 11]",[1],0.9834815668385374,0.16810729145533138,2.0,0,0,"[71, 38, 63, 99, 48, 31, 83, 11]","[1, 88]","[71, 38, 63, 99, 48, 31, 83, 11]","[1, 88]","[71, 38, 63, 99, 48, 31, 83, 11]",[],[88],[1],2,0.47754061222076416,"{""0"": 1.6100627183914185, ""1"": -1.0}",0,0,"[71, 38, 63, 99, 31, 83, 11]","[1, 88, 48]","[71, 38, 63, 99, 31, 83, 11]","[1, 88, 48]","[71, 38, 63, 99, 31, 83, 11]",[],"[88, 48]",[1],"[71, 38, 63, 99, 31, 83, 11]","[1, 88, 48]","[71, 38, 63, 99, 31, 83, 11]",[],"[88, 48]",[1],7,0,2,1
81,10,5,"[4, 69, 52, 40, 47, 77, 35, 59, 70, 7]","[69, 52, 40, 47, 77, 35, 59, 70, 7]",[4],1.034145265951857,0.11490208823453424,2.0,0,0,"[69, 52, 40, 47, 77, 35, 59, 70, 7]",[4],"[69, 52, 40, 47, 77, 35, 59, 70, 7]",[4],"[69, 52, 40, 47, 77, 35, 59, 70, 7]",[],[],[4],3,0.44484764337539673,"{""0"": 2.1748757362365723, ""1"": 2.2694225311279297, ""2"": 2.786526918411255}",2,0,"[40, 77, 7]","[4, 69, 52, 47, 35, 59, 70]","[40, 77, 7]","[4, 69, 52, 47, 35, 59, 70]","[40, 77, 7]",[],"[69, 52, 47, 35, 59, 70]",[4],"[40, 77, 7]","[4, 69, 52, 47, 35, 59, 70]","[40, 77, 7]",[],"[69, 52, 47, 35, 59, 70]",[4],3,0,6,1
82,10,5,"[0, 61, 81, 74, 23, 95, 35, 97, 55, 28]","[61, 81, 74, 23, 95, 35, 97, 55, 28]",[0],0.8292904008979619,0.30460566180974863,2.0,0,0,"[61, 81, 74, 23, 95, 35, 97, 55, 28]",[0],"[61, 81, 74, 23, 95, 35, 97, 55, 28]",[0],"[61, 81, 74, 23, 95, 35, 97, 55, 28]",[],[],[0],2,0.6243935227394104,"{""0"": 1.342319130897522, ""1"": 4.48145866394043}",1,0,"[61, 81, 74, 23, 35, 55, 28]","[0, 95, 97]","[61, 81, 74, 23, 35, 55, 28]","[0, 95, 97]","[61, 81, 74, 23, 35, 55, 28]",[],"[95, 97]",[0],"[61, 81, 74, 23, 35, 55, 28]","[0, 95, 97]","[61, 81, 74, 23, 35, 55, 28]",[],"[95, 97]",[0],7,0,2,1
83,10,5,"[3, 53, 77, 67, 31, 62, 45, 47, 82, 84]","[53, 77, 67, 31, 62, 45, 47, 82, 84]",[3],0.8396437635276173,0.1545314087923138,2.0,0,0,"[53, 77, 67, 31, 62, 45, 47, 82, 84]",[3],"[53, 77, 67, 31, 62, 45, 47, 82, 84]",[3],"[53, 77, 67, 31, 62, 45, 47, 82, 84]",[],[],[3],3,0.4288254976272583,"{""0"": 3.082557201385498, ""1"": 1.722421407699585, ""2"": -1.0}",0,0,"[53, 77, 67, 62, 45, 84]","[3, 31, 47, 82]","[53, 77, 67, 62, 45, 84]","[3, 31, 47, 82]","[53, 77, 67, 62, 45, 84]",[],"[31, 47, 82]",[3],"[53, 77, 67, 62, 45, 84]","[3, 31, 47, 82]","[53, 77, 67, 62, 45, 84]",[],"[31, 47, 82]",[3],6,0,3,1
84,10,5,"[2, 83, 3, 36, 44, 70, 32, 64, 47, 5]","[83, 36, 44, 70, 32, 64, 47, 5]","[2, 3]",0.9085169689417718,0.16940373284527538,2.0,0,0,"[83, 36, 44, 70, 32, 64, 47, 5]","[2, 3]","[83, 36, 44, 70, 32, 64, 47, 5]","[2, 3]","[83, 36, 44, 70, 32, 64, 47, 5]",[],[],"[2, 3]",2,0.4916112422943115,"{""0"": 4.2978315353393555, ""1"": 1.433151125907898}",0,0,"[83, 70, 64, 47, 5]","[2, 3, 36, 44, 32]","[83, 70, 64, 47, 5]","[2, 3, 36, 44, 32]","[83, 70, 64, 47, 5]",[],"[36, 44, 32]","[2, 3]","[83, 70, 64, 47, 5]","[2, 3, 36, 44, 32]","[83, 70, 64, 47, 5]",[],"[36, 44, 32]","[2, 3]",5,0,3,2
85,10,5,"[0, 95, 64, 96, 60, 5, 79, 75, 7, 94]","[95, 64, 96, 60, 5, 79, 75, 7, 94]",[0],0.7647459331933503,0.14062942460239497,2.0,0,0,"[64, 96, 60, 5, 79, 75, 7, 94]","[0, 95]","[64, 96, 60, 5, 79, 75, 7, 94]","[0, 95]","[64, 96, 60, 5, 79, 75, 7, 94]",[],[95],[0],2,0.3669760227203369,"{""0"": 5.636091709136963, ""1"": -1.0}",0,0,"[64, 60, 5, 79, 75, 7, 94]","[0, 95, 96]","[64, 60, 5, 79, 75, 7, 94]","[0, 95, 96]","[64, 60, 5, 79, 75, 7, 94]",[],"[95, 96]",[0],"[64, 60, 5, 79, 75, 7, 94]","[0, 95, 96]","[64, 60, 5, 79, 75, 7, 94]",[],"[95, 96]",[0],7,0,2,1
86,10,5,"[1, 15, 57, 19, 13, 81, 10, 30, 99, 47]","[15, 57, 19, 13, 81, 10, 30, 99, 47]",[1],0.9010770799682623,0.08309465525503107,2.0,0,0,"[15, 57, 19, 13, 81, 10, 30, 99]","[1, 47]","[15, 57, 19, 13, 81, 10, 30, 99]","[1, 47]","[15, 57, 19, 13, 81, 10, 30, 99]",[],[47],[1],2,0.42738956212997437,"{""0"": 2.216357707977295, ""1"": 3.3469061851501465}",1,0,"[57, 13, 81, 10]","[1, 15, 19, 30, 99, 47]","[57, 13, 81, 10]","[1, 15, 19, 30, 99, 47]","[57, 13, 81, 10]",[],"[15, 19, 30, 99, 47]",[1],"[57, 13, 81, 10]","[1, 15, 19, 30, 99, 47]","[57, 13, 81, 10]",[],"[15, 19, 30, 99, 47]",[1],4,0,5,1
87,10,5,"[4, 91, 65, 0, 37, 25, 27, 31, 15, 97]","[91, 65, 37, 25, 27, 31, 15, 97]","[4, 0]",0.8959431489774556,0.23050550802257164,2.0,0,0,"[91, 65, 37, 25, 27, 31, 15, 97]","[4, 0]","[91, 65, 37, 25, 27, 31, 15, 97]","[4, 0]","[91, 65, 37, 25, 27, 31, 15, 97]",[],[],"[4, 0]",2,0.624047040939331,"{""0"": 3.938790798187256, ""1"": -1.0}",0,0,"[91, 65, 37, 25, 27, 15, 97]","[4, 0, 31]","[91, 65, 37, 25, 27, 15, 97]","[4, 0, 31]","[91, 65, 37, 25, 27, 15, 97]",[],[31],"[4, 0]","[91, 65, 37, 25, 27, 15, 97]","[4, 0, 31]","[91, 65, 37, 25, 27, 15, 97]",[],[31],"[4, 0]",7,0,1,2
88,10,5,"[2, 87, 54, 75, 34, 3, 15, 7, 11, 40]","[87, 54, 75, 34, 15, 7, 11, 40]","[2, 3]",1.0013198099600313,0.22111084247631496,2.0,0,0,"[87, 54, 75, 34, 15, 7, 11, 40]","[2, 3]","[87, 54, 75, 34, 15, 7, 11, 40]","[2, 3]","[87, 54, 75, 34, 15, 7, 11, 40]",[],[],"[2, 3]",2,0.6776572465896606,"{""0"": 4.665427207946777, ""1"": -1.0}",0,0,"[87, 75, 34, 15, 7, 11, 40]","[2, 54, 3]","[87, 75, 34, 15, 7, 11, 40]","[2, 54, 3]","[87, 75, 34, 15, 7, 11, 40]",[],[54],"[2, 3]","[87, 75, 34, 15, 7, 11, 40]","[2, 54, 3]","[87, 75, 34, 15, 7, 11, 40]",[],[54],"[2, 3]",7,0,1,2
89,10,5,"[3, 4, 12, 80, 87, 26, 27, 42, 24, 0]","[12, 80, 87, 26, 27, 42, 24]","[3, 4, 0]",0.8747647868194832,0.40149719381758575,2.0,0,0,"[12, 80, 87, 26, 27, 42, 24]","[3, 4, 0]","[12, 80, 87, 26, 27, 42, 24]","[3, 4, 0]","[12, 80, 87, 26, 27, 42, 24]",[],[],"[3, 4, 0]",2,0.6228368878364563,"{""0"": 3.991854667663574, ""1"": -1.0}",0,0,"[12, 80, 87, 26, 27, 42]","[3, 4, 24, 0]","[12, 80, 87, 26, 27, 42]","[3, 4, 24, 0]","[12, 80, 87, 26, 27, 42]",[],[24],"[3, 4, 0]","[12, 80, 87, 26, 27, 42]","[3, 4, 24, 0]","[12, 80, 87, 26, 27, 42]",[],[24],"[3, 4, 0]",6,0,1,3
90,10,5,"[3, 22, 23, 50, 7, 88, 73, 27, 10, 96]","[22, 23, 50, 7, 88, 73, 27, 10, 96]",[3],0.9047826832098016,0.14589966262330922,2.0,0,0,"[22, 23, 50, 7, 73, 27, 10, 96]","[3, 88]","[22, 23, 50, 7, 73, 27, 10, 96]","[3, 88]","[22, 23, 50, 7, 73, 27, 10, 96]",[],[88],[3],2,0.5679768919944763,"{""0"": 3.845261573791504, ""1"": -1.0}",0,0,"[22, 23, 50, 7, 73, 27, 10]","[3, 88, 96]","[22, 23, 50, 7, 73, 27, 10]","[3, 88, 96]","[22, 23, 50, 7, 73, 27, 10]",[],"[88, 96]",[3],"[22, 23, 50, 7, 73, 27, 10]","[3, 88, 96]","[22, 23, 50, 7, 73, 27, 10]",[],"[88, 96]",[3],7,0,2,1
91,10,5,"[2, 17, 98, 50, 52, 30, 15, 49, 13, 38]","[17, 98, 50, 52, 30, 15, 49, 13, 38]",[2],1.1369364901395391,0.18156080740027747,2.0,0,0,"[17, 98, 50, 52, 30, 15, 49, 13, 38]",[2],"[17, 98, 50, 52, 30, 15, 49, 13, 38]",[2],"[17, 98, 50, 52, 30, 15, 49, 13, 38]",[],[],[2],2,0.3188829720020294,"{""0"": 1.9880974292755127, ""1"": 3.186276435852051}",1,0,"[17, 98, 52, 49, 38]","[2, 50, 30, 15, 13]","[17, 98, 52, 49, 38]","[2, 50, 30, 15, 13]","[17, 98, 52, 49, 38]",[],"[50, 30, 15, 13]",[2],"[17, 98, 52, 49, 38]","[2, 50, 30, 15, 13]","[17, 98, 52, 49, 38]",[],"[50, 30, 15, 13]",[2],5,0,4,1
92,10,5,"[0, 71, 20, 25, 14, 1, 9, 61, 11, 89]","[71, 20, 25, 14, 9, 61, 11, 89]","[0, 1]",0.976290432222455,0.2657694391453909,2.0,0,0,"[71, 20, 25, 14, 9, 61, 11, 89]","[0, 1]","[71, 20, 25, 14, 9, 61, 11, 89]","[0, 1]","[71, 20, 25, 14, 9, 61, 11, 89]",[],[],"[0, 1]",2,0.382794052362442,"{""0"": 4.989847660064697, ""1"": -1.0}",0,0,"[71, 20, 25, 14, 61, 11, 89]","[0, 1, 9]","[71, 20, 25, 14, 61, 11, 89]","[0, 1, 9]","[71, 20, 25, 14, 61, 11, 89]",[],[9],"[0, 1]","[71, 20, 25, 14, 61, 11, 89]","[0, 1, 9]","[71, 20, 25, 14, 61, 11, 89]",[],[9],"[0, 1]",7,0,1,2
93,10,5,"[3, 16, 78, 75, 38, 41, 60, 95, 33, 6]","[16, 78, 75, 38, 41, 60, 95, 33, 6]",[3],1.0581916808402896,0.17317105882560957,2.0,0,0,"[16, 78, 75, 38, 41, 60, 95, 33, 6]",[3],"[16, 78, 75, 38, 41, 60, 95, 33, 6]",[3],"[16, 78, 75, 38, 41, 60, 95, 33, 6]",[],[],[3],2,0.5534025430679321,"{""0"": 1.159989833831787, ""1"": -1.0}",0,0,"[16, 78, 75, 38, 41, 60, 33, 6]","[3, 95]","[16, 78, 75, 38, 41, 60, 33, 6]","[3, 95]","[16, 78, 75, 38, 41, 60, 33, 6]",[],[95],[3],"[16, 78, 75, 38, 41, 60, 33, 6]","[3, 95]","[16, 78, 75, 38, 41, 60, 33, 6]",[],[95],[3],8,0,1,1
94,10,5,"[2, 98, 15, 78, 86, 82, 74, 47, 4, 71]","[98, 15, 78, 86, 82, 74, 47, 71]","[2, 4]",0.9473319059266332,0.18942624338580044,2.0,0,0,"[98, 15, 78, 86, 82, 74, 47, 71]","[2, 4]","[98, 15, 78, 86, 82, 74, 47, 71]","[2, 4]","[98, 15, 78, 86, 82, 74, 47, 71]",[],[],"[2, 4]",2,0.48809194564819336,"{""0"": 3.6900014877319336, ""1"": -1.0}",0,0,"[98, 15, 78, 86, 74, 47, 71]","[2, 82, 4]","[98, 15, 78, 86, 74, 47, 71]","[2, 82, 4]","[98, 15, 78, 86, 74, 47, 71]",[],[82],"[2, 4]","[98, 15, 78, 86, 74, 47, 71]","[2, 82, 4]","[98, 15, 78, 86, 74, 47, 71]",[],[82],"[2, 4]",7,0,1,2
95,10,5,"[0, 77, 91, 2, 1, 97, 43, 53, 99, 57]","[77, 91, 97, 43, 53, 99, 57]","[0, 2, 1]",0.914948758693097,0.2136435950390984,2.0,0,0,"[77, 91, 43, 53, 99, 57]","[0, 2, 1, 97]","[77, 91, 43, 53, 99, 57]","[0, 2, 1, 97]","[77, 91, 43, 53, 99, 57]",[],[97],"[0, 2, 1]",2,0.6481041312217712,"{""0"": 4.26926326751709, ""1"": -1.0}",0,0,"[77, 91, 53, 99, 57]","[0, 2, 1, 97, 43]","[77, 91, 53, 99, 57]","[0, 2, 1, 97, 43]","[77, 91, 53, 99, 57]",[],"[97, 43]","[0, 2, 1]","[77, 91, 53, 99, 57]","[0, 2, 1, 97, 43]","[77, 91, 53, 99, 57]",[],"[97, 43]","[0, 2, 1]",5,0,2,3
96,10,5,"[1, 82, 46, 21, 54, 29, 47, 77, 48, 12]","[82, 46, 21, 54, 29, 47, 77, 48, 12]",[1],0.9527820020137543,0.1908012536223762,2.0,0,0,"[82, 46, 21, 54, 29, 47, 77, 48, 12]",[1],"[82, 46, 21, 54, 29, 47, 77, 48, 12]",[1],"[82, 46, 21, 54, 29, 47, 77, 48, 12]",[],[],[1],2,0.4945078492164612,"{""0"": 1.6985056400299072, ""1"": -1.0}",0,0,"[82, 46, 21, 29, 47, 77, 48, 12]","[1, 54]","[82, 46, 21, 29, 47, 77, 48, 12]","[1, 54]","[82, 46, 21, 29, 47, 77, 48, 12]",[],[54],[1],"[82, 46, 21, 29, 47, 77, 48, 12]","[1, 54]","[82, 46, 21, 29, 47, 77, 48, 12]",[],[54],[1],8,0,1,1
97,10,5,"[3, 56, 31, 47, 24, 34, 15, 84, 4, 20]","[56, 31, 47, 24, 34, 15, 84, 20]","[3, 4]",1.10492185671297,0.09912407634621645,2.0,0,0,"[56, 31, 24, 34, 15, 84, 20]","[3, 47, 4]","[56, 31, 24, 34, 15, 84, 20]","[3, 47, 4]","[56, 31, 24, 34, 15, 84, 20]",[],[47],"[3, 4]",2,0.5440164804458618,"{""0"": 1.2557793855667114, ""1"": -1.0}",0,0,"[56, 31, 34, 15, 84, 20]","[3, 47, 24, 4]","[56, 31, 34, 15, 84, 20]","[3, 47, 24, 4]","[56, 31, 34, 15, 84, 20]",[],"[47, 24]","[3, 4]","[56, 31, 34, 15, 84, 20]","[3, 47, 24, 4]","[56, 31, 34, 15, 84, 20]",[],"[47, 24]","[3, 4]",6,0,2,2
98,10,5,"[1, 68, 97, 49, 62, 13, 7, 51, 54, 42]","[68, 97, 49, 62, 13, 7, 51, 54, 42]",[1],0.9803253242698913,0.09829876179807845,2.0,0,0,"[68, 49, 62, 13, 7, 51, 42]","[1, 97, 54]","[68, 49, 62, 13, 7, 51, 42]","[1, 97, 54]","[68, 49, 62, 13, 7, 51, 42]",[],"[97, 54]",[1],2,0.27004683017730713,"{""0"": 1.1556735038757324, ""1"": 1.9006376266479492}",1,0,"[49, 62]","[1, 68, 97, 13, 7, 51, 54, 42]","[49, 62]","[1, 68, 97, 13, 7, 51, 54, 42]","[49, 62]",[],"[68, 97, 13, 7, 51, 54, 42]",[1],"[49, 62]","[1, 68, 97, 13, 7, 51, 54, 42]","[49, 62]",[],"[68, 97, 13, 7, 51, 54, 42]",[1],2,0,7,1
99,10,5,"[3, 2, 22, 38, 75, 25, 47, 58, 57, 37]","[22, 38, 75, 25, 47, 58, 57, 37]","[3, 2]",0.9321491675463822,0.2094942517568238,2.0,0,0,"[22, 38, 75, 25, 47, 58, 57, 37]","[3, 2]","[22, 38, 75, 25, 47, 58, 57, 37]","[3, 2]","[22, 38, 75, 25, 47, 58, 57, 37]",[],[],"[3, 2]",2,0.6359385251998901,"{""0"": 5.508017539978027, ""1"": -1.0}",0,0,"[22, 38, 75, 25, 58, 57, 37]","[3, 2, 47]","[22, 38, 75, 25, 58, 57, 37]","[3, 2, 47]","[22, 38, 75, 25, 58, 57, 37]",[],[47],"[3, 2]","[22, 38, 75, 25, 58, 57, 37]","[3, 2, 47]","[22, 38, 75, 25, 58, 57, 37]",[],[47],"[3, 2]",7,0,1,2
100,10,5,"[0, 86, 39, 75, 6, 48, 61, 11, 64, 44]","[86, 39, 75, 6, 48, 61, 11, 64, 44]",[0],0.7658461323616492,0.13007191007994962,2.0,0,0,"[86, 39, 75, 6, 48, 61, 11, 64, 44]",[0],"[86, 39, 75, 6, 48, 61, 11, 64, 44]",[0],"[86, 39, 75, 6, 48, 61, 11, 64, 44]",[],[],[0],2,0.5098549723625183,"{""0"": 2.581381320953369, ""1"": -1.0}",0,0,"[86, 39, 75, 6, 61, 11, 64, 44]","[0, 48]","[86, 39, 75, 6, 61, 11, 64, 44]","[0, 48]","[86, 39, 75, 6, 61, 11, 64, 44]",[],[48],[0],"[86, 39, 75, 6, 61, 11, 64, 44]","[0, 48]","[86, 39, 75, 6, 61, 11, 64, 44]",[],[48],[0],8,0,1,1
101,10,5,"[1, 20, 17, 92, 64, 88, 80, 89, 87, 99]","[20, 17, 92, 64, 88, 80, 89, 87, 99]",[1],0.7420306292288228,0.11475195373177732,2.0,0,0,"[1, 20, 17, 92, 64, 80, 89, 87, 99]",[88],"[1, 20, 17, 92, 64, 80, 89, 87, 99]",[88],"[20, 17, 92, 64, 80, 89, 87, 99]",[1],[88],[],2,0.34786900877952576,"{""0"": 3.2373011112213135, ""1"": 4.290441989898682}",1,0,"[92, 64, 89, 87, 99]","[1, 20, 17, 88, 80]","[92, 64, 89, 87, 99]","[1, 20, 17, 88, 80]","[92, 64, 89, 87, 99]",[],"[20, 17, 88, 80]",[1],"[92, 64, 89, 87, 99]","[1, 20, 17, 88, 80]","[92, 64, 89, 87, 99]",[],"[20, 17, 88, 80]",[1],5,0,4,1
102,10,5,"[2, 21, 51, 16, 41, 68, 60, 67, 80, 91]","[21, 51, 16, 41, 68, 60, 67, 80, 91]",[2],0.6545978913306416,0.09771652759381494,2.0,0,0,"[21, 51, 16, 41, 68, 60, 67, 80, 91]",[2],"[21, 51, 16, 41, 68, 60, 67, 80, 91]",[2],"[21, 51, 16, 41, 68, 60, 67, 80, 91]",[],[],[2],3,0.5151352286338806,"{""0"": 4.806188106536865, ""1"": -1.0, ""2"": -1.0}",0,0,"[21, 51, 16, 68, 60, 67, 91]","[2, 41, 80]","[21, 51, 16, 68, 60, 67, 91]","[2, 41, 80]","[21, 51, 16, 68, 60, 67, 91]",[],"[41, 80]",[2],"[21, 51, 16, 68, 60, 67, 91]","[2, 41, 80]","[21, 51, 16, 68, 60, 67, 91]",[],"[41, 80]",[2],7,0,2,1
103,10,5,"[4, 77, 92, 15, 52, 94, 71, 32, 13, 62]","[77, 92, 15, 52, 94, 71, 32, 13, 62]",[4],0.7782490680041827,0.11348206076499529,2.0,0,0,"[4, 77, 92, 15, 52, 94, 71, 32, 13, 62]",[],"[4, 77, 92, 15, 52, 94, 71, 32, 13, 62]",[],"[77, 92, 15, 52, 94, 71, 32, 13, 62]",[4],[],[],2,0.5373206734657288,"{""0"": 1.1477525234222412, ""1"": -1.0}",0,0,"[77, 92, 15, 52, 94, 71, 32, 13, 62]",[4],"[77, 92, 15, 52, 94, 71, 32, 13, 62]",[4],"[77, 92, 15, 52, 94, 71, 32, 13, 62]",[],[],[4],"[77, 92, 15, 52, 94, 71, 32, 13, 62]",[4],"[77, 92, 15, 52, 94, 71, 32, 13, 62]",[],[],[4],9,0,0,1
104,10,5,"[0, 41, 15, 12, 9, 34, 21, 93, 38, 90]","[41, 15, 12, 9, 34, 21, 93, 38, 90]",[0],0.5274249860665825,0.0913168835255084,2.0,0,0,"[15, 12, 9, 34, 21, 93, 38, 90]","[0, 41]","[15, 12, 9, 34, 21, 93, 38, 90]","[0, 41]","[15, 12, 9, 34, 21, 93, 38, 90]",[],[41],[0],2,0.6649296283721924,"{""0"": 4.454691410064697, ""1"": 1.92911958694458}",0,0,"[15, 12, 34, 21, 38, 90]","[0, 41, 9, 93]","[15, 12, 34, 21, 38, 90]","[0, 41, 9, 93]","[15, 12, 34, 21, 38, 90]",[],"[41, 9, 93]",[0],"[15, 12, 34, 21, 38, 90]","[0, 41, 9, 93]","[15, 12, 34, 21, 38, 90]",[],"[41, 9, 93]",[0],6,0,3,1
105,10,5,"[4, 40, 47, 54, 57, 28, 10, 87, 27, 95]","[40, 47, 54, 57, 28, 10, 87, 27, 95]",[4],0.6866128284073024,0.14948110613973686,2.0,0,0,"[4, 40, 47, 57, 28, 10, 87, 27, 95]",[54],"[4, 40, 47, 57, 28, 10, 87, 27, 95]",[54],"[40, 47, 57, 28, 10, 87, 27, 95]",[4],[54],[],2,0.6462569832801819,"{""0"": 5.550005912780762, ""1"": -1.0}",0,0,"[4, 40, 47, 57, 28, 10, 87, 27]","[54, 95]","[4, 40, 47, 57, 28, 10, 87, 27]","[54, 95]","[40, 47, 57, 28, 10, 87, 27]",[4],"[54, 95]",[],"[4, 40, 47, 57, 28, 10, 87, 27]","[54, 95]","[40, 47, 57, 28, 10, 87, 27]",[4],"[54, 95]",[],7,1,2,0
106,10,5,"[3, 92, 34, 12, 74, 0, 88, 53, 52, 77]","[92, 34, 12, 74, 88, 53, 52, 77]","[3, 0]",0.6659664412563033,0.14668827095188558,2.0,0,0,"[3, 92, 34, 12, 74, 53, 52, 77]","[0, 88]","[3, 92, 34, 12, 74, 53, 52, 77]","[0, 88]","[92, 34, 12, 74, 53, 52, 77]",[3],[88],[0],2,0.46357375383377075,"{""0"": 5.8802361488342285, ""1"": -1.0}",0,0,"[92, 34, 12, 74, 53, 52, 77]","[3, 0, 88]","[92, 34, 12, 74, 53, 52, 77]","[3, 0, 88]","[92, 34, 12, 74, 53, 52, 77]",[],[88],"[3, 0]","[92, 34, 12, 74, 53, 52, 77]","[3, 0, 88]","[92, 34, 12, 74, 53, 52, 77]",[],[88],"[3, 0]",7,0,1,2
107,10,5,"[2, 40, 41, 84, 7, 70, 46, 61, 95, 0]","[40, 41, 84, 7, 70, 46, 61, 95]","[2, 0]",0.771817164747442,0.14951460536792294,2.0,0,0,"[2, 40, 41, 84, 7, 70, 46, 61, 95]",[0],"[2, 40, 41, 84, 7, 70, 46, 61, 95]",[0],"[40, 41, 84, 7, 70, 46, 61, 95]",[2],[],[0],3,0.40470755100250244,"{""0"": 1.3211619853973389, ""1"": 1.891626000404358, ""2"": 2.2143661975860596}",2,0,"[2, 41, 84, 7, 70]","[40, 46, 61, 95, 0]","[2, 41, 84, 7, 70]","[40, 46, 61, 95, 0]","[41, 84, 7, 70]",[2],"[40, 46, 61, 95]",[0],"[2, 41, 84, 7, 70]","[40, 46, 61, 95, 0]","[41, 84, 7, 70]",[2],"[40, 46, 61, 95]",[0],4,1,4,1
108,10,5,"[1, 33, 0, 16, 84, 12, 64, 52, 60, 4]","[33, 16, 84, 12, 64, 52, 60]","[1, 0, 4]",0.7935164863117661,0.16454314688393118,2.0,0,0,"[1, 33, 16, 84, 12, 64, 52, 60, 4]",[0],"[1, 33, 16, 84, 12, 64, 52, 60, 4]",[0],"[33, 16, 84, 12, 64, 52, 60]","[1, 4]",[],[0],3,0.48436471819877625,"{""0"": 1.700403094291687, ""1"": 3.79130220413208, ""2"": 1.997503638267517}",1,0,"[1, 16, 84, 64, 52]","[33, 0, 12, 60, 4]","[1, 16, 84, 64, 52]","[33, 0, 12, 60, 4]","[16, 84, 64, 52]",[1],"[33, 12, 60]","[0, 4]","[1, 16, 84, 64, 52]","[33, 0, 12, 60, 4]","[16, 84, 64, 52]",[1],"[33, 12, 60]","[0, 4]",4,1,3,2
109,10,5,"[3, 14, 27, 84, 5, 15, 87, 17, 58, 28]","[14, 27, 84, 5, 15, 87, 17, 58, 28]",[3],0.7460766705603652,0.07555219228028465,2.0,0,0,"[3, 14, 27, 84, 15, 87, 17, 58, 28]",[5],"[3, 14, 27, 84, 15, 87, 17, 58, 28]",[5],"[14, 27, 84, 15, 87, 17, 58, 28]",[3],[5],[],4,0.30661362409591675,"{""0"": 1.345810890197754, ""1"": 0.8439688682556152, ""2"": 1.819258689880371, ""3"": 1.9375872611999512}",3,0,"[14, 17]","[3, 27, 84, 5, 15, 87, 58, 28]","[14, 17]","[3, 27, 84, 5, 15, 87, 58, 28]","[14, 17]",[],"[27, 84, 5, 15, 87, 58, 28]",[3],"[14, 17]","[3, 27, 84, 5, 15, 87, 58, 28]","[14, 17]",[],"[27, 84, 5, 15, 87, 58, 28]",[3],2,0,7,1
110,10,5,"[4, 29, 12, 86, 67, 81, 84, 59, 21, 3]","[29, 12, 86, 67, 81, 84, 59, 21]","[4, 3]",0.772818285278191,0.040507970277661676,2.0,0,0,"[4, 29, 12, 67, 84, 21]","[86, 81, 59, 3]","[4, 29, 12, 67, 84, 21]","[86, 81, 59, 3]","[29, 12, 67, 84, 21]",[4],"[86, 81, 59]",[3],2,0.6690921783447266,"{""0"": 2.603260040283203, ""1"": 1.9830145835876465}",0,0,"[29, 12, 84, 21]","[4, 86, 67, 81, 59, 3]","[29, 12, 84, 21]","[4, 86, 67, 81, 59, 3]","[29, 12, 84, 21]",[],"[86, 67, 81, 59]","[4, 3]","[29, 12, 84, 21]","[4, 86, 67, 81, 59, 3]","[29, 12, 84, 21]",[],"[86, 67, 81, 59]","[4, 3]",4,0,4,2
111,10,5,"[1, 41, 61, 76, 49, 46, 55, 34, 2, 4]","[41, 61, 76, 49, 46, 55, 34]","[1, 2, 4]",0.8558332342980709,0.10403878888977874,2.0,0,0,"[1, 41, 61, 76, 49, 46, 55, 34, 2, 4]",[],"[1, 41, 61, 76, 49, 46, 55, 34, 2, 4]",[],"[41, 61, 76, 49, 46, 55, 34]","[1, 2, 4]",[],[],4,0.49238458275794983,"{""0"": 2.8718535900115967, ""1"": 1.9983086585998535, ""2"": 2.5177459716796875, ""3"": -1.0}",0,0,"[1, 61, 49]","[41, 76, 46, 55, 34, 2, 4]","[1, 61, 49]","[41, 76, 46, 55, 34, 2, 4]","[61, 49]",[1],"[41, 76, 46, 55, 34]","[2, 4]","[1, 61, 49]","[41, 76, 46, 55, 34, 2, 4]","[61, 49]",[1],"[41, 76, 46, 55, 34]","[2, 4]",2,1,5,2
112,10,5,"[0, 73, 9, 86, 84, 95, 41, 38, 17, 52]","[73, 9, 86, 84, 95, 41, 38, 17, 52]",[0],0.8454464579574564,0.1938352312626358,2.0,0,0,"[0, 73, 9, 86, 84, 95, 41, 38, 17, 52]",[],"[0, 73, 9, 86, 84, 95, 41, 38, 17, 52]",[],"[73, 9, 86, 84, 95, 41, 38, 17, 52]",[0],[],[],2,0.52570641040802,"{""0"": 2.172675371170044, ""1"": -1.0}",0,0,"[0, 73, 9, 86, 84, 41, 38, 17, 52]",[95],"[0, 73, 9, 86, 84, 41, 38, 17, 52]",[95],"[73, 9, 86, 84, 41, 38, 17, 52]",[0],[95],[],"[0, 73, 9, 86, 84, 41, 38, 17, 52]",[95],"[73, 9, 86, 84, 41, 38, 17, 52]",[0],[95],[],8,1,1,0
113,10,5,"[0, 91, 57, 71, 20, 38, 10, 16, 54, 36]","[91, 57, 71, 20, 38, 10, 16, 54, 36]",[0],0.6540481888147099,0.12135416269735877,2.0,0,0,"[0, 91, 57, 71, 20, 38, 10, 16, 36]",[54],"[0, 91, 57, 71, 20, 38, 10, 16, 36]",[54],"[91, 57, 71, 20, 38, 10, 16, 36]",[0],[54],[],2,0.43444904685020447,"{""0"": 2.981712579727173, ""1"": 1.720489740371704}",0,0,"[91, 57, 71, 20, 38, 10, 16]","[0, 54, 36]","[91, 57, 71, 20, 38, 10, 16]","[0, 54, 36]","[91, 57, 71, 20, 38, 10, 16]",[],"[54, 36]",[0],"[91, 57, 71, 20, 38, 10, 16]","[0, 54, 36]","[91, 57, 71, 20, 38, 10, 16]",[],"[54, 36]",[0],7,0,2,1
114,10,5,"[1, 35, 98, 89, 23, 39, 85, 91, 9, 16]","[35, 98, 89, 23, 39, 85, 91, 9, 16]",[1],0.9205475907608405,0.12794748684166296,2.0,0,0,"[1, 35, 98, 89, 23, 39, 85, 91, 9, 16]",[],"[1, 35, 98, 89, 23, 39, 85, 91, 9, 16]",[],"[35, 98, 89, 23, 39, 85, 91, 9, 16]",[1],[],[],2,0.511590838432312,"{""0"": 0.87940514087677, ""1"": -1.0}",0,0,"[1, 98, 89, 23, 39, 85, 91, 9, 16]",[35],"[1, 98, 89, 23, 39, 85, 91, 9, 16]",[35],"[98, 89, 23, 39, 85, 91, 9, 16]",[1],[35],[],"[1, 98, 89, 23, 39, 85, 91, 9, 16]",[35],"[98, 89, 23, 39, 85, 91, 9, 16]",[1],[35],[],8,1,1,0
115,10,5,"[2, 61, 41, 38, 85, 51, 56, 19, 36, 97]","[61, 41, 38, 85, 51, 56, 19, 36, 97]",[2],0.8714279469993241,0.16725266012971945,2.0,0,0,"[2, 61, 41, 38, 85, 51, 56, 19, 36]",[97],"[2, 61, 41, 38, 85, 51, 56, 19, 36]",[97],"[61, 41, 38, 85, 51, 56, 19, 36]",[2],[97],[],2,0.435265451669693,"{""0"": 1.155067801475525, ""1"": -1.0}",0,0,"[2, 61, 41, 38, 85, 51, 56, 19]","[36, 97]","[2, 61, 41, 38, 85, 51, 56, 19]","[36, 97]","[61, 41, 38, 85, 51, 56, 19]",[2],"[36, 97]",[],"[2, 61, 41, 38, 85, 51, 56, 19]","[36, 97]","[61, 41, 38, 85, 51, 56, 19]",[2],"[36, 97]",[],7,1,2,0
116,10,5,"[4, 19, 17, 30, 8, 83, 55, 38, 96, 10]","[19, 17, 30, 8, 83, 55, 38, 96, 10]",[4],0.7977879559075555,0.068840505520329,2.0,0,0,"[4, 30, 8, 83, 55, 38, 96, 10]","[19, 17]","[4, 30, 8, 83, 55, 38, 96, 10]","[19, 17]","[30, 8, 83, 55, 38, 96, 10]",[4],"[19, 17]",[],3,0.3355637192726135,"{""0"": 1.340712308883667, ""1"": 2.8441238403320312, ""2"": -1.0}",1,0,"[83, 55, 38, 96, 10]","[4, 19, 17, 30, 8]","[83, 55, 38, 96, 10]","[4, 19, 17, 30, 8]","[83, 55, 38, 96, 10]",[],"[19, 17, 30, 8]",[4],"[83, 55, 38, 96, 10]","[4, 19, 17, 30, 8]","[83, 55, 38, 96, 10]",[],"[19, 17, 30, 8]",[4],5,0,4,1
117,10,5,"[0, 55, 66, 34, 52, 8, 29, 67, 77, 45]","[55, 66, 34, 52, 8, 29, 67, 77, 45]",[0],0.7704402069857936,0.0930585557519148,2.0,0,0,"[55, 66, 34, 52, 8, 29, 67, 77, 45]",[0],"[55, 66, 34, 52, 8, 29, 67, 77, 45]",[0],"[55, 66, 34, 52, 8, 29, 67, 77, 45]",[],[],[0],2,0.5005114078521729,"{""0"": 3.3008761405944824, ""1"": -1.0}",0,0,"[55, 66, 34, 52, 29, 67, 77, 45]","[0, 8]","[55, 66, 34, 52, 29, 67, 77, 45]","[0, 8]","[55, 66, 34, 52, 29, 67, 77, 45]",[],[8],[0],"[55, 66, 34, 52, 29, 67, 77, 45]","[0, 8]","[55, 66, 34, 52, 29, 67, 77, 45]",[],[8],[0],8,0,1,1
118,10,5,"[0, 81, 90, 44, 79, 20, 31, 36, 89, 55]","[81, 90, 44, 79, 20, 31, 36, 89, 55]",[0],0.6574801030485641,0.06755444994529058,2.0,0,0,"[81, 90, 44, 79, 20, 36, 89, 55]","[0, 31]","[81, 90, 44, 79, 20, 36, 89, 55]","[0, 31]","[81, 90, 44, 79, 20, 36, 89, 55]",[],[31],[0],2,0.5316354036331177,"{""0"": 1.3444762229919434, ""1"": 3.5604023933410645}",1,0,"[81, 90, 44, 79, 89, 55]","[0, 20, 31, 36]","[81, 90, 44, 79, 89, 55]","[0, 20, 31, 36]","[81, 90, 44, 79, 89, 55]",[],"[20, 31, 36]",[0],"[81, 90, 44, 79, 89, 55]","[0, 20, 31, 36]","[81, 90, 44, 79, 89, 55]",[],"[20, 31, 36]",[0],6,0,3,1
119,10,5,"[3, 41, 19, 9, 97, 64, 37, 55, 33, 42]","[41, 19, 9, 97, 64, 37, 55, 33, 42]",[3],0.86078568447046,0.10241511637308376,2.0,0,0,"[3, 41, 19, 9, 97, 64, 37, 55, 33, 42]",[],"[3, 41, 19, 9, 97, 64, 37, 55, 33, 42]",[],"[41, 19, 9, 97, 64, 37, 55, 33, 42]",[3],[],[],2,0.42627859115600586,"{""0"": 0.4518662691116333, ""1"": -1.0}",0,0,"[41, 19, 9, 97, 64, 37, 55, 33, 42]",[3],"[41, 19, 9, 97, 64, 37, 55, 33, 42]",[3],"[41, 19, 9, 97, 64, 37, 55, 33, 42]",[],[],[3],"[41, 19, 9, 97, 64, 37, 55, 33, 42]",[3],"[41, 19, 9, 97, 64, 37, 55, 33, 42]",[],[],[3],9,0,0,1
120,10,5,"[1, 98, 30, 13, 56, 97, 35, 75, 41, 2]","[98, 30, 13, 56, 97, 35, 75, 41]","[1, 2]",0.6672395816977034,0.07786157181424108,2.0,0,0,"[1, 98, 13, 56, 97, 35, 75, 41, 2]",[30],"[1, 98, 13, 56, 97, 35, 75, 41, 2]",[30],"[98, 13, 56, 97, 35, 75, 41]","[1, 2]",[30],[],2,0.5657061338424683,"{""0"": 3.3858070373535156, ""1"": -1.0}",0,0,"[1, 98, 13, 97, 35, 75, 41, 2]","[30, 56]","[1, 98, 13, 97, 35, 75, 41, 2]","[30, 56]","[98, 13, 97, 35, 75, 41]","[1, 2]","[30, 56]",[],"[1, 98, 13, 97, 35, 75, 41, 2]","[30, 56]","[98, 13, 97, 35, 75, 41]","[1, 2]","[30, 56]",[],6,2,2,0
121,10,5,"[3, 5, 42, 83, 37, 14, 13, 89, 28, 61]","[5, 42, 83, 37, 14, 13, 89, 28, 61]",[3],0.7517626168794274,0.07254879865804115,2.0,0,0,"[3, 42, 83, 13, 89, 28, 61]","[5, 37, 14]","[3, 42, 83, 13, 89, 28, 61]","[5, 37, 14]","[42, 83, 13, 89, 28, 61]",[3],"[5, 37, 14]",[],2,0.5026487708091736,"{""0"": 2.227051258087158, ""1"": -1.0}",0,0,"[3, 83, 13, 89, 28, 61]","[5, 42, 37, 14]","[3, 83, 13, 89, 28, 61]","[5, 42, 37, 14]","[83, 13, 89, 28, 61]",[3],"[5, 42, 37, 14]",[],"[3, 83, 13, 89, 28, 61]","[5, 42, 37, 14]","[83, 13, 89, 28, 61]",[3],"[5, 42, 37, 14]",[],5,1,4,0
122,10,5,"[0, 29, 83, 87, 38, 55, 96, 31, 81, 14]","[29, 83, 87, 38, 55, 96, 31, 81, 14]",[0],0.625596209054458,0.05878096363517976,2.0,0,0,"[29, 83, 87, 38, 55, 96, 81, 14]","[0, 31]","[29, 83, 87, 38, 55, 96, 81, 14]","[0, 31]","[29, 83, 87, 38, 55, 96, 81, 14]",[],[31],[0],2,0.36764591932296753,"{""0"": 5.999090671539307, ""1"": -1.0}",0,0,"[83, 87, 38, 55, 96, 81, 14]","[0, 29, 31]","[83, 87, 38, 55, 96, 81, 14]","[0, 29, 31]","[83, 87, 38, 55, 96, 81, 14]",[],"[29, 31]",[0],"[83, 87, 38, 55, 96, 81, 14]","[0, 29, 31]","[83, 87, 38, 55, 96, 81, 14]",[],"[29, 31]",[0],7,0,2,1
123,10,5,"[0, 64, 70, 77, 88, 6, 82, 62, 69, 55]","[64, 70, 77, 88, 6, 82, 62, 69, 55]",[0],0.6480506006791407,0.10517548725188786,2.0,0,0,"[64, 70, 77, 6, 82, 62, 69, 55]","[0, 88]","[64, 70, 77, 6, 82, 62, 69, 55]","[0, 88]","[64, 70, 77, 6, 82, 62, 69, 55]",[],[88],[0],2,0.7682842016220093,"{""0"": 6.880805969238281, ""1"": -1.0}",0,0,"[64, 70, 77, 6, 62, 69, 55]","[0, 88, 82]","[64, 70, 77, 6, 62, 69, 55]","[0, 88, 82]","[64, 70, 77, 6, 62, 69, 55]",[],"[88, 82]",[0],"[64, 70, 77, 6, 62, 69, 55]","[0, 88, 82]","[64, 70, 77, 6, 62, 69, 55]",[],"[88, 82]",[0],7,0,2,1
124,10,5,"[4, 88, 96, 42, 58, 49, 7, 15, 72, 99]","[88, 96, 42, 58, 49, 7, 15, 72, 99]",[4],0.713024490170358,0.050577764793967306,2.0,0,0,"[4, 96, 42, 49, 7, 15, 72, 99]","[88, 58]","[4, 96, 42, 49, 7, 15, 72, 99]","[88, 58]","[96, 42, 49, 7, 15, 72, 99]",[4],"[88, 58]",[],2,0.4673548936843872,"{""0"": 0.3402634561061859, ""1"": 4.613719463348389}",1,0,"[96, 49, 7, 15, 72]","[4, 88, 42, 58, 99]","[96, 49, 7, 15, 72]","[4, 88, 42, 58, 99]","[96, 49, 7, 15, 72]",[],"[88, 42, 58, 99]",[4],"[96, 49, 7, 15, 72]","[4, 88, 42, 58, 99]","[96, 49, 7, 15, 72]",[],"[88, 42, 58, 99]",[4],5,0,4,1
125,10,5,"[4, 30, 1, 36, 14, 90, 87, 42, 82, 37]","[30, 36, 14, 90, 87, 42, 82, 37]","[4, 1]",0.7969574389691142,0.13148167394596777,2.0,0,0,"[4, 30, 1, 36, 14, 90, 87, 42, 82, 37]",[],"[4, 30, 1, 36, 14, 90, 87, 42, 82, 37]",[],"[30, 36, 14, 90, 87, 42, 82, 37]","[4, 1]",[],[],3,0.5814033150672913,"{""0"": 4.495075225830078, ""1"": 1.7605253458023071, ""2"": -1.0}",0,0,"[4, 1, 14, 90, 87, 82, 37]","[30, 36, 42]","[4, 1, 14, 90, 87, 82, 37]","[30, 36, 42]","[14, 90, 87, 82, 37]","[4, 1]","[30, 36, 42]",[],"[4, 1, 14, 90, 87, 82, 37]","[30, 36, 42]","[14, 90, 87, 82, 37]","[4, 1]","[30, 36, 42]",[],5,2,3,0
126,10,5,"[3, 40, 64, 31, 35, 90, 29, 48, 84, 78]","[40, 64, 31, 35, 90, 29, 48, 84, 78]",[3],0.7218193041937834,0.06843266914717572,2.0,0,0,"[3, 40, 64, 31, 35, 90, 29, 84, 78]",[48],"[3, 40, 64, 31, 35, 90, 29, 84, 78]",[48],"[40, 64, 31, 35, 90, 29, 84, 78]",[3],[48],[],3,0.5639522075653076,"{""0"": 4.856777191162109, ""1"": 1.9389595985412598, ""2"": -1.0}",0,0,"[3, 64, 90, 29, 84, 78]","[40, 31, 35, 48]","[3, 64, 90, 29, 84, 78]","[40, 31, 35, 48]","[64, 90, 29, 84, 78]",[3],"[40, 31, 35, 48]",[],"[3, 64, 90, 29, 84, 78]","[40, 31, 35, 48]","[64, 90, 29, 84, 78]",[3],"[40, 31, 35, 48]",[],5,1,4,0
127,10,5,"[3, 32, 56, 98, 78, 62, 5, 13, 86, 55]","[32, 56, 98, 78, 62, 5, 13, 86, 55]",[3],0.8105410561223996,0.14748768174943205,2.0,0,0,"[3, 32, 56, 98, 78, 62, 13, 86, 55]",[5],"[3, 32, 56, 98, 78, 62, 13, 86, 55]",[5],"[32, 56, 98, 78, 62, 13, 86, 55]",[3],[5],[],2,0.6407610177993774,"{""0"": 4.172122478485107, ""1"": -1.0}",0,0,"[3, 56, 98, 78, 62, 13, 86, 55]","[32, 5]","[3, 56, 98, 78, 62, 13, 86, 55]","[32, 5]","[56, 98, 78, 62, 13, 86, 55]",[3],"[32, 5]",[],"[3, 56, 98, 78, 62, 13, 86, 55]","[32, 5]","[56, 98, 78, 62, 13, 86, 55]",[3],"[32, 5]",[],7,1,2,0
128,10,5,"[4, 99, 47, 20, 31, 10, 86, 90, 62, 41]","[99, 47, 20, 31, 10, 86, 90, 62, 41]",[4],0.7821246923295404,0.14741484006522398,2.0,0,0,"[4, 99, 47, 20, 31, 10, 86, 90, 62, 41]",[],"[4, 99, 47, 20, 31, 10, 86, 90, 62, 41]",[],"[99, 47, 20, 31, 10, 86, 90, 62, 41]",[4],[],[],2,0.5173166990280151,"{""0"": 1.4509472846984863, ""1"": -1.0}",0,0,"[4, 99, 47, 20, 10, 86, 90, 62, 41]",[31],"[4, 99, 47, 20, 10, 86, 90, 62, 41]",[31],"[99, 47, 20, 10, 86, 90, 62, 41]",[4],[31],[],"[4, 99, 47, 20, 10, 86, 90, 62, 41]",[31],"[99, 47, 20, 10, 86, 90, 62, 41]",[4],[31],[],8,1,1,0
129,10,5,"[0, 33, 1, 73, 28, 61, 3, 11, 96, 15]","[33, 73, 28, 61, 11, 96, 15]","[0, 1, 3]",0.8204154943227382,0.10111399186909176,2.0,0,0,"[33, 1, 73, 28, 61, 3, 11, 96, 15]",[0],"[33, 1, 73, 28, 61, 3, 11, 96, 15]",[0],"[33, 73, 28, 61, 11, 96, 15]","[1, 3]",[],[0],2,0.40598803758621216,"{""0"": 0.5218150615692139, ""1"": -1.0}",0,0,"[33, 1, 28, 61, 3, 11, 96, 15]","[0, 73]","[33, 1, 28, 61, 3, 11, 96, 15]","[0, 73]","[33, 28, 61, 11, 96, 15]","[1, 3]",[73],[0],"[33, 1, 28, 61, 3, 11, 96, 15]","[0, 73]","[33, 28, 61, 11, 96, 15]","[1, 3]",[73],[0],6,2,1,1
130,10,5,"[4, 42, 80, 51, 72, 74, 90, 58, 35, 83]","[42, 80, 51, 72, 74, 90, 58, 35, 83]",[4],0.729705605494942,0.04908319083460955,2.0,0,0,"[4, 42, 80, 51, 90, 35, 83]","[72, 74, 58]","[4, 42, 80, 51, 90, 35, 83]","[72, 74, 58]","[42, 80, 51, 90, 35, 83]",[4],"[72, 74, 58]",[],2,0.48163992166519165,"{""0"": 1.5881167650222778, ""1"": 2.362311363220215}",1,0,"[4, 80, 51, 90, 83]","[42, 72, 74, 58, 35]","[4, 80, 51, 90, 83]","[42, 72, 74, 58, 35]","[80, 51, 90, 83]",[4],"[42, 72, 74, 58, 35]",[],"[4, 80, 51, 90, 83]","[42, 72, 74, 58, 35]","[80, 51, 90, 83]",[4],"[42, 72, 74, 58, 35]",[],4,1,5,0
131,10,5,"[0, 95, 80, 46, 22, 73, 3, 42, 93, 85]","[95, 80, 46, 22, 73, 42, 93, 85]","[0, 3]",0.8387207470362743,0.12314716905130291,2.0,0,0,"[0, 95, 80, 46, 22, 73, 3, 42, 93, 85]",[],"[0, 95, 80, 46, 22, 73, 3, 42, 93, 85]",[],"[95, 80, 46, 22, 73, 42, 93, 85]","[0, 3]",[],[],2,0.5145150423049927,"{""0"": 0.8162397742271423, ""1"": -1.0}",0,0,"[0, 80, 46, 22, 73, 3, 42, 93, 85]",[95],"[0, 80, 46, 22, 73, 3, 42, 93, 85]",[95],"[80, 46, 22, 73, 42, 93, 85]","[0, 3]",[95],[],"[0, 80, 46, 22, 73, 3, 42, 93, 85]",[95],"[80, 46, 22, 73, 42, 93, 85]","[0, 3]",[95],[],7,2,1,0
132,10,5,"[2, 5, 77, 45, 62, 74, 20, 65, 9, 68]","[5, 77, 45, 62, 74, 20, 65, 9, 68]",[2],0.7268228894396306,0.06545529605454614,2.0,0,0,"[2, 5, 77, 74, 20, 65, 9, 68]","[45, 62]","[2, 5, 77, 74, 20, 65, 9, 68]","[45, 62]","[5, 77, 74, 20, 65, 9, 68]",[2],"[45, 62]",[],2,0.46182969212532043,"{""0"": 2.801830291748047, ""1"": -1.0}",0,0,"[2, 5, 77, 74, 20, 65, 9]","[45, 62, 68]","[2, 5, 77, 74, 20, 65, 9]","[45, 62, 68]","[5, 77, 74, 20, 65, 9]",[2],"[45, 62, 68]",[],"[2, 5, 77, 74, 20, 65, 9]","[45, 62, 68]","[5, 77, 74, 20, 65, 9]",[2],"[45, 62, 68]",[],6,1,3,0
133,10,5,"[2, 58, 94, 20, 50, 51, 65, 7, 27, 95]","[58, 94, 20, 50, 51, 65, 7, 27, 95]",[2],0.6520964446316164,0.0173072536155241,2.0,0,0,"[2, 58, 20, 50, 51, 65, 27]","[94, 7, 95]","[2, 58, 20, 50, 51, 65, 27]","[94, 7, 95]","[58, 20, 50, 51, 65, 27]",[2],"[94, 7, 95]",[],3,0.22912518680095673,"{""0"": 1.2695250511169434, ""1"": 2.278578996658325, ""2"": 1.2719154357910156}",1,0,"[20, 50, 51]","[2, 58, 94, 65, 7, 27, 95]","[20, 50, 51]","[2, 58, 94, 65, 7, 27, 95]","[20, 50, 51]",[],"[58, 94, 65, 7, 27, 95]",[2],"[20, 50, 51]","[2, 58, 94, 65, 7, 27, 95]","[20, 50, 51]",[],"[58, 94, 65, 7, 27, 95]",[2],3,0,6,1
134,10,5,"[4, 78, 82, 23, 37, 10, 55, 13, 12, 77]","[78, 82, 23, 37, 10, 55, 13, 12, 77]",[4],0.8582939573048043,0.11202085133210554,2.0,0,0,"[4, 78, 82, 23, 37, 10, 55, 13, 12, 77]",[],"[4, 78, 82, 23, 37, 10, 55, 13, 12, 77]",[],"[78, 82, 23, 37, 10, 55, 13, 12, 77]",[4],[],[],4,0.4396071434020996,"{""0"": 1.6569231748580933, ""1"": 3.735509157180786, ""2"": 1.6822150945663452, ""3"": -1.0}",1,0,"[78, 23, 55, 12, 77]","[4, 82, 37, 10, 13]","[78, 23, 55, 12, 77]","[4, 82, 37, 10, 13]","[78, 23, 55, 12, 77]",[],"[82, 37, 10, 13]",[4],"[78, 23, 55, 12, 77]","[4, 82, 37, 10, 13]","[78, 23, 55, 12, 77]",[],"[82, 37, 10, 13]",[4],5,0,4,1
135,10,5,"[2, 35, 5, 89, 93, 82, 49, 23, 95, 63]","[35, 5, 89, 93, 82, 49, 23, 95, 63]",[2],0.9825846287560966,0.1959806689324174,2.0,0,0,"[2, 35, 5, 89, 93, 82, 49, 23, 95, 63]",[],"[2, 35, 5, 89, 93, 82, 49, 23, 95, 63]",[],"[35, 5, 89, 93, 82, 49, 23, 95, 63]",[2],[],[],2,0.5099528431892395,"{""0"": 3.072298765182495, ""1"": 1.794537901878357}",0,0,"[35, 5, 89, 93, 82, 49, 23, 63]","[2, 95]","[35, 5, 89, 93, 82, 49, 23, 63]","[2, 95]","[35, 5, 89, 93, 82, 49, 23, 63]",[],[95],[2],"[35, 5, 89, 93, 82, 49, 23, 63]","[2, 95]","[35, 5, 89, 93, 82, 49, 23, 63]",[],[95],[2],8,0,1,1
136,10,5,"[4, 83, 79, 3, 66, 69, 95, 96, 84, 7]","[83, 79, 66, 69, 95, 96, 84, 7]","[4, 3]",0.8421248353625814,0.12809753628365828,2.0,0,0,"[4, 83, 79, 3, 66, 69, 95, 96, 84, 7]",[],"[4, 83, 79, 3, 66, 69, 95, 96, 84, 7]",[],"[83, 79, 66, 69, 95, 96, 84, 7]","[4, 3]",[],[],2,0.5423348546028137,"{""0"": 2.415346384048462, ""1"": -1.0}",0,0,"[4, 83, 79, 3, 66, 69, 96, 84, 7]",[95],"[4, 83, 79, 3, 66, 69, 96, 84, 7]",[95],"[83, 79, 66, 69, 96, 84, 7]","[4, 3]",[95],[],"[4, 83, 79, 3, 66, 69, 96, 84, 7]",[95],"[83, 79, 66, 69, 96, 84, 7]","[4, 3]",[95],[],7,2,1,0
137,10,5,"[3, 65, 26, 12, 98, 16, 20, 86, 59, 75]","[65, 26, 12, 98, 16, 20, 86, 59, 75]",[3],0.6346989609375475,0.0360311156002866,2.0,0,0,"[65, 26, 12, 98, 20, 86, 75]","[3, 16, 59]","[65, 26, 12, 98, 20, 86, 75]","[3, 16, 59]","[65, 26, 12, 98, 20, 86, 75]",[],"[16, 59]",[3],2,0.2555091083049774,"{""0"": 2.4164178371429443, ""1"": 1.5771700143814087}",0,0,"[26, 98, 86, 75]","[3, 65, 12, 16, 20, 59]","[26, 98, 86, 75]","[3, 65, 12, 16, 20, 59]","[26, 98, 86, 75]",[],"[65, 12, 16, 20, 59]",[3],"[26, 98, 86, 75]","[3, 65, 12, 16, 20, 59]","[26, 98, 86, 75]",[],"[65, 12, 16, 20, 59]",[3],4,0,5,1
138,10,5,"[2, 78, 18, 71, 20, 21, 27, 31, 11, 24]","[78, 18, 71, 20, 21, 27, 31, 11, 24]",[2],0.7647626606358799,0.1982372870778369,2.0,0,0,"[2, 78, 18, 71, 20, 21, 27, 31, 11, 24]",[],"[2, 78, 18, 71, 20, 21, 27, 31, 11, 24]",[],"[78, 18, 71, 20, 21, 27, 31, 11, 24]",[2],[],[],3,0.43394821882247925,"{""0"": 2.927401542663574, ""1"": 2.84126877784729, ""2"": -1.0}",0,0,"[78, 18, 20, 21, 27, 24]","[2, 71, 31, 11]","[78, 18, 20, 21, 27, 24]","[2, 71, 31, 11]","[78, 18, 20, 21, 27, 24]",[],"[71, 31, 11]",[2],"[78, 18, 20, 21, 27, 24]","[2, 71, 31, 11]","[78, 18, 20, 21, 27, 24]",[],"[71, 31, 11]",[2],6,0,3,1
139,10,5,"[2, 50, 63, 64, 18, 45, 0, 89, 91, 28]","[50, 63, 64, 18, 45, 89, 91, 28]","[2, 0]",0.8162724191136916,0.14910430193768692,2.0,0,0,"[2, 50, 63, 64, 18, 45, 0, 89, 91, 28]",[],"[2, 50, 63, 64, 18, 45, 0, 89, 91, 28]",[],"[50, 63, 64, 18, 45, 89, 91, 28]","[2, 0]",[],[],4,0.4726834297180176,"{""0"": 1.72560715675354, ""1"": -1.0, ""2"": 4.1556878089904785, ""3"": -1.0}",2,0,"[63, 64, 18, 45, 91, 28]","[2, 50, 0, 89]","[63, 64, 18, 45, 91, 28]","[2, 50, 0, 89]","[63, 64, 18, 45, 91, 28]",[],"[50, 89]","[2, 0]","[63, 64, 18, 45, 91, 28]","[2, 50, 0, 89]","[63, 64, 18, 45, 91, 28]",[],"[50, 89]","[2, 0]",6,0,2,2
140,10,5,"[4, 45, 97, 55, 16, 23, 89, 59, 90, 15]","[45, 97, 55, 16, 23, 89, 59, 90, 15]",[4],0.7861833652146669,0.13336247752305508,2.0,0,0,"[4, 45, 97, 55, 16, 23, 89, 59, 90, 15]",[],"[4, 45, 97, 55, 16, 23, 89, 59, 90, 15]",[],"[45, 97, 55, 16, 23, 89, 59, 90, 15]",[4],[],[],2,0.5819244980812073,"{""0"": 3.630673408508301, ""1"": 1.7867238521575928}",0,0,"[4, 45, 55, 16, 23, 89, 90, 15]","[97, 59]","[4, 45, 55, 16, 23, 89, 90, 15]","[97, 59]","[45, 55, 16, 23, 89, 90, 15]",[4],"[97, 59]",[],"[4, 45, 55, 16, 23, 89, 90, 15]","[97, 59]","[45, 55, 16, 23, 89, 90, 15]",[4],"[97, 59]",[],7,1,2,0
141,10,5,"[2, 12, 25, 36, 23, 64, 84, 91, 19, 26]","[12, 25, 36, 23, 64, 84, 91, 19, 26]",[2],0.6699224452446456,0.13539448611661042,2.0,0,0,"[2, 12, 25, 36, 23, 64, 84, 91, 19, 26]",[],"[2, 12, 25, 36, 23, 64, 84, 91, 19, 26]",[],"[12, 25, 36, 23, 64, 84, 91, 19, 26]",[2],[],[],4,0.43810805678367615,"{""0"": 1.4632235765457153, ""1"": -1.0, ""2"": -1.0, ""3"": -1.0}",0,0,"[12, 25, 36, 23, 64, 84, 91]","[2, 19, 26]","[12, 25, 36, 23, 64, 84, 91]","[2, 19, 26]","[12, 25, 36, 23, 64, 84, 91]",[],"[19, 26]",[2],"[12, 25, 36, 23, 64, 84, 91]","[2, 19, 26]","[12, 25, 36, 23, 64, 84, 91]",[],"[19, 26]",[2],7,0,2,1
142,10,5,"[2, 84, 63, 30, 90, 33, 24, 13, 87, 40]","[84, 63, 30, 90, 33, 24, 13, 87, 40]",[2],0.9197570372183694,0.1560645638451333,2.0,0,0,"[2, 84, 63, 30, 90, 33, 24, 13, 87, 40]",[],"[2, 84, 63, 30, 90, 33, 24, 13, 87, 40]",[],"[84, 63, 30, 90, 33, 24, 13, 87, 40]",[2],[],[],2,0.602080762386322,"{""0"": 3.053340196609497, ""1"": -1.0}",0,0,"[84, 63, 30, 90, 33, 24, 13, 87, 40]",[2],"[84, 63, 30, 90, 33, 24, 13, 87, 40]",[2],"[84, 63, 30, 90, 33, 24, 13, 87, 40]",[],[],[2],"[84, 63, 30, 90, 33, 24, 13, 87, 40]",[2],"[84, 63, 30, 90, 33, 24, 13, 87, 40]",[],[],[2],9,0,0,1
143,10,5,"[1, 2, 78, 33, 24, 5, 57, 77, 31, 62]","[78, 33, 24, 5, 57, 77, 31, 62]","[1, 2]",0.7382291552163275,0.14712865891117954,2.0,0,0,"[1, 2, 78, 33, 24, 5, 57, 77, 31, 62]",[],"[1, 2, 78, 33, 24, 5, 57, 77, 31, 62]",[],"[78, 33, 24, 5, 57, 77, 31, 62]","[1, 2]",[],[],4,0.5528064370155334,"{""0"": 1.8935861587524414, ""1"": 3.876763343811035, ""2"": -1.0, ""3"": -1.0}",1,0,"[1, 78, 33, 5, 57, 77]","[2, 24, 31, 62]","[1, 78, 33, 5, 57, 77]","[2, 24, 31, 62]","[78, 33, 5, 57, 77]",[1],"[24, 31, 62]",[2],"[1, 78, 33, 5, 57, 77]","[2, 24, 31, 62]","[78, 33, 5, 57, 77]",[1],"[24, 31, 62]",[2],5,1,3,1
144,10,5,"[2, 15, 48, 84, 66, 59, 9, 80, 91, 79]","[15, 48, 84, 66, 59, 9, 80, 91, 79]",[2],0.8375833910560943,0.19255848971803408,2.0,0,0,"[2, 15, 48, 84, 66, 59, 9, 80, 91, 79]",[],"[2, 15, 48, 84, 66, 59, 9, 80, 91, 79]",[],"[15, 48, 84, 66, 59, 9, 80, 91, 79]",[2],[],[],4,0.38770008087158203,"{""0"": 2.738328456878662, ""1"": 3.864302396774292, ""2"": -1.0, ""3"": -1.0}",1,0,"[2, 15, 84, 66, 91]","[48, 59, 9, 80, 79]","[2, 15, 84, 66, 91]","[48, 59, 9, 80, 79]","[15, 84, 66, 91]",[2],"[48, 59, 9, 80, 79]",[],"[2, 15, 84, 66, 91]","[48, 59, 9, 80, 79]","[15, 84, 66, 91]",[2],"[48, 59, 9, 80, 79]",[],4,1,5,0
145,10,5,"[2, 19, 44, 7, 85, 43, 73, 18, 29, 83]","[19, 44, 7, 85, 43, 73, 18, 29, 83]",[2],0.9605551605621014,0.07748242392359483,2.0,0,0,"[2, 19, 44, 7, 85, 73, 18, 29, 83]",[43],"[2, 19, 44, 7, 85, 73, 18, 29, 83]",[43],"[19, 44, 7, 85, 73, 18, 29, 83]",[2],[43],[],2,0.45492300391197205,"{""0"": 0.6461681723594666, ""1"": -1.0}",0,0,"[19, 44, 7, 85, 73, 18, 29, 83]","[2, 43]","[19, 44, 7, 85, 73, 18, 29, 83]","[2, 43]","[19, 44, 7, 85, 73, 18, 29, 83]",[],[43],[2],"[19, 44, 7, 85, 73, 18, 29, 83]","[2, 43]","[19, 44, 7, 85, 73, 18, 29, 83]",[],[43],[2],8,0,1,1
146,10,5,"[0, 99, 74, 47, 46, 89, 95, 88, 71, 63]","[99, 74, 47, 46, 89, 95, 88, 71, 63]",[0],0.7885993518032954,0.1402146313709003,2.0,0,0,"[0, 99, 74, 47, 46, 89, 95, 71, 63]",[88],"[0, 99, 74, 47, 46, 89, 95, 71, 63]",[88],"[99, 74, 47, 46, 89, 95, 71, 63]",[0],[88],[],2,0.5816469192504883,"{""0"": 3.6931700706481934, ""1"": -1.0}",0,0,"[99, 74, 47, 46, 89, 95, 71, 63]","[0, 88]","[99, 74, 47, 46, 89, 95, 71, 63]","[0, 88]","[99, 74, 47, 46, 89, 95, 71, 63]",[],[88],[0],"[99, 74, 47, 46, 89, 95, 71, 63]","[0, 88]","[99, 74, 47, 46, 89, 95, 71, 63]",[],[88],[0],8,0,1,1
147,10,5,"[3, 78, 91, 29, 51, 38, 86, 24, 63, 27]","[78, 91, 29, 51, 38, 86, 24, 63, 27]",[3],0.7090343648117337,0.1342903618454947,2.0,0,0,"[3, 78, 91, 29, 51, 38, 86, 63, 27]",[24],"[3, 78, 91, 29, 51, 38, 86, 63, 27]",[24],"[78, 91, 29, 51, 38, 86, 63, 27]",[3],[24],[],2,0.46070969104766846,"{""0"": 0.538988471031189, ""1"": -1.0}",0,0,"[78, 91, 29, 51, 38, 86, 63, 27]","[3, 24]","[78, 91, 29, 51, 38, 86, 63, 27]","[3, 24]","[78, 91, 29, 51, 38, 86, 63, 27]",[],[24],[3],"[78, 91, 29, 51, 38, 86, 63, 27]","[3, 24]","[78, 91, 29, 51, 38, 86, 63, 27]",[],[24],[3],8,0,1,1
148,10,5,"[3, 75, 45, 59, 20, 29, 67, 93, 81, 13]","[75, 45, 59, 20, 29, 67, 93, 81, 13]",[3],0.6145915981946579,0.09056986568061615,2.0,0,0,"[3, 75, 45, 59, 20, 29, 93, 81, 13]",[67],"[3, 75, 45, 59, 20, 29, 93, 81, 13]",[67],"[75, 45, 59, 20, 29, 93, 81, 13]",[3],[67],[],2,0.6351420283317566,"{""0"": 1.7852530479431152, ""1"": -1.0}",0,0,"[3, 75, 45, 20, 29, 93, 81, 13]","[59, 67]","[3, 75, 45, 20, 29, 93, 81, 13]","[59, 67]","[75, 45, 20, 29, 93, 81, 13]",[3],"[59, 67]",[],"[3, 75, 45, 20, 29, 93, 81, 13]","[59, 67]","[75, 45, 20, 29, 93, 81, 13]",[3],"[59, 67]",[],7,1,2,0
149,10,5,"[3, 88, 10, 17, 75, 20, 11, 31, 42, 14]","[88, 10, 17, 75, 20, 11, 31, 42, 14]",[3],0.7743803920810594,0.12849265706839041,2.0,0,0,"[3, 10, 75, 20, 11, 42, 14]","[88, 17, 31]","[3, 10, 75, 20, 11, 42, 14]","[88, 17, 31]","[10, 75, 20, 11, 42, 14]",[3],"[88, 17, 31]",[],3,0.18442921340465546,"{""0"": 2.848660945892334, ""1"": 2.8676462173461914, ""2"": -1.0}",1,0,"[10, 75, 14]","[3, 88, 17, 20, 11, 31, 42]","[10, 75, 14]","[3, 88, 17, 20, 11, 31, 42]","[10, 75, 14]",[],"[88, 17, 20, 11, 31, 42]",[3],"[10, 75, 14]","[3, 88, 17, 20, 11, 31, 42]","[10, 75, 14]",[],"[88, 17, 20, 11, 31, 42]",[3],3,0,6,1
150,10,5,"[0, 85, 82, 10, 31, 84, 27, 7, 14, 4]","[85, 82, 10, 31, 84, 27, 7, 14]","[0, 4]",0.8580658057252726,0.1414088592033353,2.0,0,0,"[0, 85, 82, 10, 31, 84, 27, 7, 14, 4]",[],"[0, 85, 82, 10, 31, 84, 27, 7, 14, 4]",[],"[85, 82, 10, 31, 84, 27, 7, 14]","[0, 4]",[],[],2,0.5760484933853149,"{""0"": 2.3924717903137207, ""1"": -1.0}",0,0,"[85, 82, 10, 31, 84, 27, 7, 14, 4]",[0],"[85, 82, 10, 31, 84, 27, 7, 14, 4]",[0],"[85, 82, 10, 31, 84, 27, 7, 14]",[4],[],[0],"[85, 82, 10, 31, 84, 27, 7, 14, 4]",[0],"[85, 82, 10, 31, 84, 27, 7, 14]",[4],[],[0],8,1,0,1
151,10,5,"[3, 43, 25, 48, 98, 87, 6, 23, 34, 52]","[43, 25, 48, 98, 87, 6, 23, 34, 52]",[3],0.8390630360255031,0.14776399020171826,2.0,0,0,"[3, 43, 25, 48, 98, 87, 6, 23, 34, 52]",[],"[3, 43, 25, 48, 98, 87, 6, 23, 34, 52]",[],"[43, 25, 48, 98, 87, 6, 23, 34, 52]",[3],[],[],2,0.7204901576042175,"{""0"": 4.136910438537598, ""1"": -1.0}",0,0,"[3, 43, 25, 98, 87, 6, 23, 34, 52]",[48],"[3, 43, 25, 98, 87, 6, 23, 34, 52]",[48],"[43, 25, 98, 87, 6, 23, 34, 52]",[3],[48],[],"[3, 43, 25, 98, 87, 6, 23, 34, 52]",[48],"[43, 25, 98, 87, 6, 23, 34, 52]",[3],[48],[],8,1,1,0
152,10,5,"[4, 36, 68, 37, 92, 94, 14, 22, 28, 18]","[36, 68, 37, 92, 94, 14, 22, 28, 18]",[4],0.5589454415652025,0.037450212265863314,2.0,0,0,"[68, 37, 92, 94, 14, 22, 28]","[4, 36, 18]","[68, 37, 92, 94, 14, 22, 28]","[4, 36, 18]","[68, 37, 92, 94, 14, 22, 28]",[],"[36, 18]",[4],2,0.40045425295829773,"{""0"": 1.8559558391571045, ""1"": -1.0}",0,0,"[68, 37, 92, 14, 22, 28]","[4, 36, 94, 18]","[68, 37, 92, 14, 22, 28]","[4, 36, 94, 18]","[68, 37, 92, 14, 22, 28]",[],"[36, 94, 18]",[4],"[68, 37, 92, 14, 22, 28]","[4, 36, 94, 18]","[68, 37, 92, 14, 22, 28]",[],"[36, 94, 18]",[4],6,0,3,1
153,10,5,"[1, 24, 30, 22, 5, 72, 62, 32, 68, 97]","[24, 30, 22, 5, 72, 62, 32, 68, 97]",[1],0.8378550929068147,0.10832070811467093,2.0,0,0,"[1, 24, 22, 5, 72, 62, 32, 68, 97]",[30],"[1, 24, 22, 5, 72, 62, 32, 68, 97]",[30],"[24, 22, 5, 72, 62, 32, 68, 97]",[1],[30],[],2,0.5256473422050476,"{""0"": 2.4198508262634277, ""1"": -1.0}",0,0,"[1, 24, 22, 5, 72, 62, 68, 97]","[30, 32]","[1, 24, 22, 5, 72, 62, 68, 97]","[30, 32]","[24, 22, 5, 72, 62, 68, 97]",[1],"[30, 32]",[],"[1, 24, 22, 5, 72, 62, 68, 97]","[30, 32]","[24, 22, 5, 72, 62, 68, 97]",[1],"[30, 32]",[],7,1,2,0
154,10,5,"[2, 91, 61, 8, 99, 97, 98, 93, 74, 39]","[91, 61, 8, 99, 97, 98, 93, 74, 39]",[2],0.6487320944745218,0.03343313028073086,2.0,0,0,"[91, 61, 99, 98, 93, 39]","[2, 8, 97, 74]","[91, 61, 99, 98, 93, 39]","[2, 8, 97, 74]","[91, 61, 99, 98, 93, 39]",[],"[8, 97, 74]",[2],2,0.4756401479244232,"{""0"": 1.6450796127319336, ""1"": 2.6272988319396973}",1,0,"[91, 61, 98, 93]","[2, 8, 99, 97, 74, 39]","[91, 61, 98, 93]","[2, 8, 99, 97, 74, 39]","[91, 61, 98, 93]",[],"[8, 99, 97, 74, 39]",[2],"[91, 61, 98, 93]","[2, 8, 99, 97, 74, 39]","[91, 61, 98, 93]",[],"[8, 99, 97, 74, 39]",[2],4,0,5,1
155,10,5,"[1, 75, 14, 32, 62, 2, 68, 46, 72, 57]","[75, 14, 32, 62, 68, 46, 72, 57]","[1, 2]",0.7409113576430397,0.03186857473160093,2.0,0,0,"[1, 75, 14, 32, 68, 46, 72]","[62, 2, 57]","[1, 75, 14, 32, 68, 46, 72]","[62, 2, 57]","[75, 14, 32, 68, 46, 72]",[1],"[62, 57]",[2],2,0.4936148226261139,"{""0"": 1.504671335220337, ""1"": -1.0}",0,0,"[1, 75, 14, 68, 46, 72]","[32, 62, 2, 57]","[1, 75, 14, 68, 46, 72]","[32, 62, 2, 57]","[75, 14, 68, 46, 72]",[1],"[32, 62, 57]",[2],"[1, 75, 14, 68, 46, 72]","[32, 62, 2, 57]","[75, 14, 68, 46, 72]",[1],"[32, 62, 57]",[2],5,1,3,1
156,10,5,"[4, 27, 62, 80, 22, 16, 29, 15, 55, 95]","[27, 62, 80, 22, 16, 29, 15, 55, 95]",[4],0.7123023540521043,0.08033110006327776,2.0,0,0,"[4, 27, 62, 80, 22, 16, 29, 15, 55]",[95],"[4, 27, 62, 80, 22, 16, 29, 15, 55]",[95],"[27, 62, 80, 22, 16, 29, 15, 55]",[4],[95],[],2,0.48672300577163696,"{""0"": 2.665712594985962, ""1"": -1.0}",0,0,"[4, 27, 62, 80, 22, 16, 15, 55]","[29, 95]","[4, 27, 62, 80, 22, 16, 15, 55]","[29, 95]","[27, 62, 80, 22, 16, 15, 55]",[4],"[29, 95]",[],"[4, 27, 62, 80, 22, 16, 15, 55]","[29, 95]","[27, 62, 80, 22, 16, 15, 55]",[4],"[29, 95]",[],7,1,2,0
157,10,5,"[4, 24, 18, 49, 84, 7, 67, 0, 80, 77]","[24, 18, 49, 84, 7, 67, 80, 77]","[4, 0]",0.7373224849968489,0.10505474212507843,2.0,0,0,"[4, 24, 18, 49, 84, 7, 67, 0, 80, 77]",[],"[4, 24, 18, 49, 84, 7, 67, 0, 80, 77]",[],"[24, 18, 49, 84, 7, 67, 80, 77]","[4, 0]",[],[],3,0.4952326714992523,"{""0"": 2.694194793701172, ""1"": 1.962029218673706, ""2"": -1.0}",0,0,"[24, 18, 49, 84, 7, 80, 77]","[4, 67, 0]","[24, 18, 49, 84, 7, 80, 77]","[4, 67, 0]","[24, 18, 49, 84, 7, 80, 77]",[],[67],"[4, 0]","[24, 18, 49, 84, 7, 80, 77]","[4, 67, 0]","[24, 18, 49, 84, 7, 80, 77]",[],[67],"[4, 0]",7,0,1,2
158,10,5,"[1, 58, 9, 48, 14, 80, 30, 10, 70, 39]","[58, 9, 48, 14, 80, 30, 10, 70, 39]",[1],0.8261709935985175,0.12877572986478658,2.0,0,0,"[1, 58, 9, 14, 80, 30, 10, 70, 39]",[48],"[1, 58, 9, 14, 80, 30, 10, 70, 39]",[48],"[58, 9, 14, 80, 30, 10, 70, 39]",[1],[48],[],2,0.47255367040634155,"{""0"": 3.082932472229004, ""1"": 3.2553200721740723}",1,0,"[1, 9, 14, 80]","[58, 48, 30, 10, 70, 39]","[1, 9, 14, 80]","[58, 48, 30, 10, 70, 39]","[9, 14, 80]",[1],"[58, 48, 30, 10, 70, 39]",[],"[1, 9, 14, 80]","[58, 48, 30, 10, 70, 39]","[9, 14, 80]",[1],"[58, 48, 30, 10, 70, 39]",[],3,1,6,0
159,10,5,"[2, 92, 77, 70, 72, 99, 32, 0, 26, 57]","[92, 77, 70, 72, 99, 32, 26, 57]","[2, 0]",1.13340830666524,0.06917059161928463,2.0,0,0,"[2, 92, 77, 70, 72, 99, 0]","[32, 26, 57]","[2, 92, 77, 70, 72, 99, 0]","[32, 26, 57]","[92, 77, 70, 72, 99]","[2, 0]","[32, 26, 57]",[],2,0.580245852470398,"{""0"": 2.3182849884033203, ""1"": -1.0}",0,0,"[2, 92, 77, 70, 72, 99]","[32, 0, 26, 57]","[2, 92, 77, 70, 72, 99]","[32, 0, 26, 57]","[92, 77, 70, 72, 99]",[2],"[32, 26, 57]",[0],"[2, 92, 77, 70, 72, 99]","[32, 0, 26, 57]","[92, 77, 70, 72, 99]",[2],"[32, 26, 57]",[0],5,1,3,1
160,10,5,"[2, 84, 57, 95, 30, 70, 16, 13, 29, 27]","[84, 57, 95, 30, 70, 16, 13, 29, 27]",[2],0.8450480072358453,0.13854559291184165,2.0,0,0,"[2, 84, 57, 30, 70, 16, 13, 29, 27]",[95],"[2, 84, 57, 30, 70, 16, 13, 29, 27]",[95],"[84, 57, 30, 70, 16, 13, 29, 27]",[2],[95],[],2,0.5915694236755371,"{""0"": 1.4257571697235107, ""1"": -1.0}",0,0,"[84, 57, 30, 70, 16, 13, 29, 27]","[2, 95]","[84, 57, 30, 70, 16, 13, 29, 27]","[2, 95]","[84, 57, 30, 70, 16, 13, 29, 27]",[],[95],[2],"[84, 57, 30, 70, 16, 13, 29, 27]","[2, 95]","[84, 57, 30, 70, 16, 13, 29, 27]",[],[95],[2],8,0,1,1
161,10,5,"[3, 8, 86, 33, 74, 35, 51, 22, 40, 47]","[8, 86, 33, 74, 35, 51, 22, 40, 47]",[3],0.7545738526796946,0.08464803957146871,2.0,0,0,"[3, 8, 86, 33, 74, 35, 51, 22, 40, 47]",[],"[3, 8, 86, 33, 74, 35, 51, 22, 40, 47]",[],"[8, 86, 33, 74, 35, 51, 22, 40, 47]",[3],[],[],3,0.5175374746322632,"{""0"": 2.8127238750457764, ""1"": 1.9608999490737915, ""2"": 1.8609049320220947}",0,0,"[3, 86, 33, 74, 51, 22]","[8, 35, 40, 47]","[3, 86, 33, 74, 51, 22]","[8, 35, 40, 47]","[86, 33, 74, 51, 22]",[3],"[8, 35, 40, 47]",[],"[3, 86, 33, 74, 51, 22]","[8, 35, 40, 47]","[86, 33, 74, 51, 22]",[3],"[8, 35, 40, 47]",[],5,1,4,0
162,10,5,"[2, 40, 4, 57, 63, 1, 42, 30, 46, 84]","[40, 57, 63, 42, 30, 46, 84]","[2, 4, 1]",0.6957218218248062,0.05875734592344989,2.0,0,0,"[2, 40, 4, 63, 1, 42, 84]","[57, 30, 46]","[2, 40, 4, 63, 1, 42, 84]","[57, 30, 46]","[40, 63, 42, 84]","[2, 4, 1]","[57, 30, 46]",[],2,0.5880991816520691,"{""0"": 2.5086681842803955, ""1"": -1.0}",0,0,"[2, 4, 63, 1, 42, 84]","[40, 57, 30, 46]","[2, 4, 63, 1, 42, 84]","[40, 57, 30, 46]","[63, 42, 84]","[2, 4, 1]","[40, 57, 30, 46]",[],"[2, 4, 63, 1, 42, 84]","[40, 57, 30, 46]","[63, 42, 84]","[2, 4, 1]","[40, 57, 30, 46]",[],3,3,4,0
163,10,5,"[4, 67, 17, 27, 34, 71, 93, 13, 86, 16]","[67, 17, 27, 34, 71, 93, 13, 86, 16]",[4],0.6830908407009999,0.137176309365602,2.0,0,0,"[4, 67, 17, 27, 34, 71, 93, 13, 86, 16]",[],"[4, 67, 17, 27, 34, 71, 93, 13, 86, 16]",[],"[67, 17, 27, 34, 71, 93, 13, 86, 16]",[4],[],[],2,0.5752256512641907,"{""0"": 2.0659279823303223, ""1"": 1.9689483642578125}",0,0,"[4, 67, 17, 27, 34, 93, 86, 16]","[71, 13]","[4, 67, 17, 27, 34, 93, 86, 16]","[71, 13]","[67, 17, 27, 34, 93, 86, 16]",[4],"[71, 13]",[],"[4, 67, 17, 27, 34, 93, 86, 16]","[71, 13]","[67, 17, 27, 34, 93, 86, 16]",[4],"[71, 13]",[],7,1,2,0
164,10,5,"[4, 3, 86, 72, 23, 73, 84, 96, 30, 67]","[86, 72, 23, 73, 84, 96, 30, 67]","[4, 3]",0.6609311376292246,0.10168633039689384,2.0,0,0,"[4, 3, 86, 72, 23, 84, 96, 30, 67]",[73],"[4, 3, 86, 72, 23, 84, 96, 30, 67]",[73],"[86, 72, 23, 84, 96, 30, 67]","[4, 3]",[73],[],2,0.5408952832221985,"{""0"": 1.9866974353790283, ""1"": -1.0}",0,0,"[4, 3, 86, 72, 23, 84, 96, 67]","[73, 30]","[4, 3, 86, 72, 23, 84, 96, 67]","[73, 30]","[86, 72, 23, 84, 96, 67]","[4, 3]","[73, 30]",[],"[4, 3, 86, 72, 23, 84, 96, 67]","[73, 30]","[86, 72, 23, 84, 96, 67]","[4, 3]","[73, 30]",[],6,2,2,0
165,10,5,"[2, 8, 18, 94, 69, 36, 63, 62, 76, 71]","[8, 18, 94, 69, 36, 63, 62, 76, 71]",[2],0.9363682570040626,0.09639488791745154,2.0,0,0,"[2, 8, 18, 94, 69, 36, 62, 76, 71]",[63],"[2, 8, 18, 94, 69, 36, 62, 76, 71]",[63],"[8, 18, 94, 69, 36, 62, 76, 71]",[2],[63],[],2,0.45319122076034546,"{""0"": 1.8458760976791382, ""1"": 1.6667165756225586}",0,0,"[2, 18, 94, 69, 62, 76, 71]","[8, 36, 63]","[2, 18, 94, 69, 62, 76, 71]","[8, 36, 63]","[18, 94, 69, 62, 76, 71]",[2],"[8, 36, 63]",[],"[2, 18, 94, 69, 62, 76, 71]","[8, 36, 63]","[18, 94, 69, 62, 76, 71]",[2],"[8, 36, 63]",[],6,1,3,0
166,10,5,"[1, 44, 66, 63, 95, 46, 29, 60, 9, 48]","[44, 66, 63, 95, 46, 29, 60, 9, 48]",[1],1.0357756931994597,0.17651874563136766,2.0,0,0,"[1, 44, 66, 63, 95, 46, 29, 60, 9, 48]",[],"[1, 44, 66, 63, 95, 46, 29, 60, 9, 48]",[],"[44, 66, 63, 95, 46, 29, 60, 9, 48]",[1],[],[],2,0.46657514572143555,"{""0"": 1.1746968030929565, ""1"": -1.0}",0,0,"[1, 44, 66, 63, 95, 46, 29, 60, 9]",[48],"[1, 44, 66, 63, 95, 46, 29, 60, 9]",[48],"[44, 66, 63, 95, 46, 29, 60, 9]",[1],[48],[],"[1, 44, 66, 63, 95, 46, 29, 60, 9]",[48],"[44, 66, 63, 95, 46, 29, 60, 9]",[1],[48],[],8,1,1,0
167,10,5,"[3, 99, 38, 13, 42, 31, 28, 96, 5, 58]","[99, 38, 13, 42, 31, 28, 96, 5, 58]",[3],0.8737756101391587,0.08305739066008105,2.0,0,0,"[3, 99, 13, 42, 28, 96, 58]","[38, 31, 5]","[3, 99, 13, 42, 28, 96, 58]","[38, 31, 5]","[99, 13, 42, 28, 96, 58]",[3],"[38, 31, 5]",[],3,0.44661349058151245,"{""0"": 1.8948040008544922, ""1"": 1.8694663047790527, ""2"": 1.9750174283981323}",2,0,"[13, 42]","[3, 99, 38, 31, 28, 96, 5, 58]","[13, 42]","[3, 99, 38, 31, 28, 96, 5, 58]","[13, 42]",[],"[99, 38, 31, 28, 96, 5, 58]",[3],"[13, 42]","[3, 99, 38, 31, 28, 96, 5, 58]","[13, 42]",[],"[99, 38, 31, 28, 96, 5, 58]",[3],2,0,7,1
168,10,5,"[0, 49, 53, 54, 88, 64, 8, 83, 85, 90]","[49, 53, 54, 88, 64, 8, 83, 85, 90]",[0],0.8936635730240614,0.21775931028791595,2.0,0,0,"[0, 49, 53, 54, 64, 8, 83, 85, 90]",[88],"[0, 49, 53, 54, 64, 8, 83, 85, 90]",[88],"[49, 53, 54, 64, 8, 83, 85, 90]",[0],[88],[],3,0.5714107155799866,"{""0"": 6.423787593841553, ""1"": -1.0, ""2"": -1.0}",0,0,"[49, 53, 64, 8, 83, 85, 90]","[0, 54, 88]","[49, 53, 64, 8, 83, 85, 90]","[0, 54, 88]","[49, 53, 64, 8, 83, 85, 90]",[],"[54, 88]",[0],"[49, 53, 64, 8, 83, 85, 90]","[0, 54, 88]","[49, 53, 64, 8, 83, 85, 90]",[],"[54, 88]",[0],7,0,2,1
169,10,5,"[3, 28, 98, 30, 12, 13, 74, 9, 92, 56]","[28, 98, 30, 12, 13, 74, 9, 92, 56]",[3],0.590289052475707,0.042015025357473534,2.0,0,0,"[3, 28, 30, 12, 13, 74, 9, 92, 56]",[98],"[3, 28, 30, 12, 13, 74, 9, 92, 56]",[98],"[28, 30, 12, 13, 74, 9, 92, 56]",[3],[98],[],4,0.26825061440467834,"{""0"": 1.7700777053833008, ""1"": 1.5735167264938354, ""2"": 1.8022000789642334, ""3"": -1.0}",2,0,"[28, 74]","[3, 98, 30, 12, 13, 9, 92, 56]","[28, 74]","[3, 98, 30, 12, 13, 9, 92, 56]","[28, 74]",[],"[98, 30, 12, 13, 9, 92, 56]",[3],"[28, 74]","[3, 98, 30, 12, 13, 9, 92, 56]","[28, 74]",[],"[98, 30, 12, 13, 9, 92, 56]",[3],2,0,7,1
170,10,5,"[0, 14, 76, 43, 44, 96, 29, 4, 77, 32]","[14, 76, 43, 44, 96, 29, 77, 32]","[0, 4]",0.7949531867598292,0.0657561753859805,2.0,0,0,"[14, 76, 43, 44, 96, 29, 4, 77, 32]",[0],"[14, 76, 43, 44, 96, 29, 4, 77, 32]",[0],"[14, 76, 43, 44, 96, 29, 77, 32]",[4],[],[0],2,0.5591800212860107,"{""0"": 2.831707715988159, ""1"": -1.0}",0,0,"[14, 76, 43, 44, 96, 29, 4, 77]","[0, 32]","[14, 76, 43, 44, 96, 29, 4, 77]","[0, 32]","[14, 76, 43, 44, 96, 29, 77]",[4],[32],[0],"[14, 76, 43, 44, 96, 29, 4, 77]","[0, 32]","[14, 76, 43, 44, 96, 29, 77]",[4],[32],[0],7,1,1,1
171,10,5,"[3, 27, 93, 15, 25, 33, 88, 8, 30, 63]","[27, 93, 15, 25, 33, 88, 8, 30, 63]",[3],0.6890412284772944,0.07296497508357119,2.0,0,0,"[3, 27, 93, 15, 25, 33, 8, 30, 63]",[88],"[3, 27, 93, 15, 25, 33, 8, 30, 63]",[88],"[27, 93, 15, 25, 33, 8, 30, 63]",[3],[88],[],2,0.4964666962623596,"{""0"": 5.27113151550293, ""1"": -1.0}",0,0,"[3, 27, 93, 15, 25, 33, 30, 63]","[88, 8]","[3, 27, 93, 15, 25, 33, 30, 63]","[88, 8]","[27, 93, 15, 25, 33, 30, 63]",[3],"[88, 8]",[],"[3, 27, 93, 15, 25, 33, 30, 63]","[88, 8]","[27, 93, 15, 25, 33, 30, 63]",[3],"[88, 8]",[],7,1,2,0
172,10,5,"[3, 80, 10, 60, 1, 28, 63, 74, 81, 84]","[80, 10, 60, 28, 63, 74, 81, 84]","[3, 1]",0.8290724157281861,0.0844184326713942,2.0,0,0,"[80, 10, 60, 1, 28, 63, 74, 81, 84]",[3],"[80, 10, 60, 1, 28, 63, 74, 81, 84]",[3],"[80, 10, 60, 28, 63, 74, 81, 84]",[1],[],[3],2,0.594590425491333,"{""0"": 1.318495750427246, ""1"": -1.0}",0,0,"[80, 60, 1, 28, 63, 74, 81, 84]","[3, 10]","[80, 60, 1, 28, 63, 74, 81, 84]","[3, 10]","[80, 60, 28, 63, 74, 81, 84]",[1],[10],[3],"[80, 60, 1, 28, 63, 74, 81, 84]","[3, 10]","[80, 60, 28, 63, 74, 81, 84]",[1],[10],[3],7,1,1,1
173,10,5,"[1, 4, 54, 13, 69, 75, 18, 7, 2, 37]","[54, 13, 69, 75, 18, 7, 37]","[1, 4, 2]",0.7803961110462077,0.14143018994546136,2.0,0,0,"[1, 4, 13, 69, 75, 18, 7, 2, 37]",[54],"[1, 4, 13, 69, 75, 18, 7, 2, 37]",[54],"[13, 69, 75, 18, 7, 37]","[1, 4, 2]",[54],[],2,0.5690281391143799,"{""0"": 3.9596471786499023, ""1"": -1.0}",0,0,"[1, 4, 13, 69, 75, 18, 7, 37]","[54, 2]","[1, 4, 13, 69, 75, 18, 7, 37]","[54, 2]","[13, 69, 75, 18, 7, 37]","[1, 4]",[54],[2],"[1, 4, 13, 69, 75, 18, 7, 37]","[54, 2]","[13, 69, 75, 18, 7, 37]","[1, 4]",[54],[2],6,2,1,1
174,10,5,"[2, 67, 17, 6, 62, 19, 13, 51, 24, 35]","[67, 17, 6, 62, 19, 13, 51, 24, 35]",[2],0.7837470734368475,0.09099103275209602,2.0,0,0,"[2, 67, 17, 6, 62, 19, 13, 51, 24, 35]",[],"[2, 67, 17, 6, 62, 19, 13, 51, 24, 35]",[],"[67, 17, 6, 62, 19, 13, 51, 24, 35]",[2],[],[],4,0.2706340253353119,"{""0"": 0.5957709550857544, ""1"": 2.427583694458008, ""2"": -1.0, ""3"": -1.0}",1,0,"[67, 17, 35]","[2, 6, 62, 19, 13, 51, 24]","[67, 17, 35]","[2, 6, 62, 19, 13, 51, 24]","[67, 17, 35]",[],"[6, 62, 19, 13, 51, 24]",[2],"[67, 17, 35]","[2, 6, 62, 19, 13, 51, 24]","[67, 17, 35]",[],"[6, 62, 19, 13, 51, 24]",[2],3,0,6,1
175,10,5,"[3, 89, 39, 17, 56, 72, 35, 62, 32, 19]","[89, 39, 17, 56, 72, 35, 62, 32, 19]",[3],0.9198953934044615,0.12472490213218396,2.0,0,0,"[3, 89, 39, 17, 56, 72, 35, 62, 32, 19]",[],"[3, 89, 39, 17, 56, 72, 35, 62, 32, 19]",[],"[89, 39, 17, 56, 72, 35, 62, 32, 19]",[3],[],[],2,0.4167167544364929,"{""0"": 0.03889038786292076, ""1"": -1.0}",0,0,"[3, 89, 39, 17, 56, 72, 35, 62, 32]",[19],"[3, 89, 39, 17, 56, 72, 35, 62, 32]",[19],"[89, 39, 17, 56, 72, 35, 62, 32]",[3],[19],[],"[3, 89, 39, 17, 56, 72, 35, 62, 32]",[19],"[89, 39, 17, 56, 72, 35, 62, 32]",[3],[19],[],8,1,1,0
176,10,5,"[2, 42, 8, 99, 55, 43, 18, 74, 85, 78]","[42, 8, 99, 55, 43, 18, 74, 85, 78]",[2],0.6682975909656126,0.13476023901273965,2.0,0,0,"[2, 42, 8, 99, 55, 43, 18, 74, 85, 78]",[],"[2, 42, 8, 99, 55, 43, 18, 74, 85, 78]",[],"[42, 8, 99, 55, 43, 18, 74, 85, 78]",[2],[],[],2,0.4342176020145416,"{""0"": 1.0216258764266968, ""1"": -1.0}",0,0,"[42, 8, 99, 55, 43, 18, 74, 85, 78]",[2],"[42, 8, 99, 55, 43, 18, 74, 85, 78]",[2],"[42, 8, 99, 55, 43, 18, 74, 85, 78]",[],[],[2],"[42, 8, 99, 55, 43, 18, 74, 85, 78]",[2],"[42, 8, 99, 55, 43, 18, 74, 85, 78]",[],[],[2],9,0,0,1
177,10,5,"[0, 43, 92, 29, 50, 57, 80, 82, 16, 17]","[43, 92, 29, 50, 57, 80, 82, 16, 17]",[0],0.6664679865733005,0.11791009965541072,2.0,0,0,"[43, 92, 29, 50, 57, 80, 82, 16]","[0, 17]","[43, 92, 29, 50, 57, 80, 82, 16]","[0, 17]","[43, 92, 29, 50, 57, 80, 82, 16]",[],[17],[0],2,0.43623167276382446,"{""0"": 2.8702661991119385, ""1"": -1.0}",0,0,"[43, 92, 29, 50, 57, 80, 16]","[0, 82, 17]","[43, 92, 29, 50, 57, 80, 16]","[0, 82, 17]","[43, 92, 29, 50, 57, 80, 16]",[],"[82, 17]",[0],"[43, 92, 29, 50, 57, 80, 16]","[0, 82, 17]","[43, 92, 29, 50, 57, 80, 16]",[],"[82, 17]",[0],7,0,2,1
178,10,5,"[0, 58, 21, 96, 94, 5, 80, 45, 62, 71]","[58, 21, 96, 94, 5, 80, 45, 62, 71]",[0],0.7142834259528043,0.1388278160545578,2.0,0,0,"[0, 58, 21, 96, 94, 5, 80, 45, 62, 71]",[],"[0, 58, 21, 96, 94, 5, 80, 45, 62, 71]",[],"[58, 21, 96, 94, 5, 80, 45, 62, 71]",[0],[],[],2,0.6443706154823303,"{""0"": 3.587615489959717, ""1"": -1.0}",0,0,"[0, 58, 21, 96, 94, 80, 45, 62, 71]",[5],"[0, 58, 21, 96, 94, 80, 45, 62, 71]",[5],"[58, 21, 96, 94, 80, 45, 62, 71]",[0],[5],[],"[0, 58, 21, 96, 94, 80, 45, 62, 71]",[5],"[58, 21, 96, 94, 80, 45, 62, 71]",[0],[5],[],8,1,1,0
179,10,5,"[4, 2, 30, 41, 90, 42, 1, 69, 13, 73]","[30, 41, 90, 42, 69, 13, 73]","[4, 2, 1]",0.9568226673624358,0.07498642479063078,2.0,0,0,"[4, 2, 30, 41, 90, 42, 1, 69, 73]",[13],"[4, 2, 30, 41, 90, 42, 1, 69, 73]",[13],"[30, 41, 90, 42, 69, 73]","[4, 2, 1]",[13],[],2,0.5193585157394409,"{""0"": 2.117710828781128, ""1"": 1.9677708148956299}",0,0,"[4, 30, 90, 42, 1, 69, 73]","[2, 41, 13]","[4, 30, 90, 42, 1, 69, 73]","[2, 41, 13]","[30, 90, 42, 69, 73]","[4, 1]","[41, 13]",[2],"[4, 30, 90, 42, 1, 69, 73]","[2, 41, 13]","[30, 90, 42, 69, 73]","[4, 1]","[41, 13]",[2],5,2,2,1
180,10,5,"[4, 97, 54, 70, 96, 34, 36, 42, 56, 91]","[97, 54, 70, 96, 34, 36, 42, 56, 91]",[4],0.7183786881899913,0.12168341319000786,2.0,0,0,"[4, 97, 70, 96, 34, 36, 42, 56, 91]",[54],"[4, 97, 70, 96, 34, 36, 42, 56, 91]",[54],"[97, 70, 96, 34, 36, 42, 56, 91]",[4],[54],[],2,0.4712773561477661,"{""0"": 2.3014965057373047, ""1"": -1.0}",0,0,"[4, 70, 96, 34, 36, 42, 56, 91]","[97, 54]","[4, 70, 96, 34, 36, 42, 56, 91]","[97, 54]","[70, 96, 34, 36, 42, 56, 91]",[4],"[97, 54]",[],"[4, 70, 96, 34, 36, 42, 56, 91]","[97, 54]","[70, 96, 34, 36, 42, 56, 91]",[4],"[97, 54]",[],7,1,2,0
181,10,5,"[3, 96, 90, 93, 69, 11, 94, 58, 34, 38]","[96, 90, 93, 69, 11, 94, 58, 34, 38]",[3],0.8371507420795887,0.1083039066787671,2.0,0,0,"[3, 90, 93, 69, 11, 94, 58, 34, 38]",[96],"[3, 90, 93, 69, 11, 94, 58, 34, 38]",[96],"[90, 93, 69, 11, 94, 58, 34, 38]",[3],[96],[],3,0.46633344888687134,"{""0"": 1.68204665184021, ""1"": 3.9535481929779053, ""2"": -1.0}",1,0,"[90, 93, 69, 94, 34, 38]","[3, 96, 11, 58]","[90, 93, 69, 94, 34, 38]","[3, 96, 11, 58]","[90, 93, 69, 94, 34, 38]",[],"[96, 11, 58]",[3],"[90, 93, 69, 94, 34, 38]","[3, 96, 11, 58]","[90, 93, 69, 94, 34, 38]",[],"[96, 11, 58]",[3],6,0,3,1
182,10,5,"[1, 5, 41, 34, 8, 82, 47, 11, 48, 89]","[5, 41, 34, 8, 82, 47, 11, 48, 89]",[1],0.7980376637213924,0.16963616259986075,2.0,0,0,"[1, 5, 41, 34, 8, 82, 47, 11, 89]",[48],"[1, 5, 41, 34, 8, 82, 47, 11, 89]",[48],"[5, 41, 34, 8, 82, 47, 11, 89]",[1],[48],[],2,0.603780210018158,"{""0"": 1.7138338088989258, ""1"": -1.0}",0,0,"[1, 5, 34, 8, 82, 47, 11, 89]","[41, 48]","[1, 5, 34, 8, 82, 47, 11, 89]","[41, 48]","[5, 34, 8, 82, 47, 11, 89]",[1],"[41, 48]",[],"[1, 5, 34, 8, 82, 47, 11, 89]","[41, 48]","[5, 34, 8, 82, 47, 11, 89]",[1],"[41, 48]",[],7,1,2,0
183,10,5,"[2, 54, 62, 36, 1, 73, 23, 7, 15, 94]","[54, 62, 36, 73, 23, 7, 15, 94]","[2, 1]",0.8162211359027299,0.18851067994115683,2.0,0,0,"[2, 54, 62, 36, 1, 73, 23, 7, 15, 94]",[],"[2, 54, 62, 36, 1, 73, 23, 7, 15, 94]",[],"[54, 62, 36, 73, 23, 7, 15, 94]","[2, 1]",[],[],2,0.6339105367660522,"{""0"": 3.4098658561706543, ""1"": 1.9761778116226196}",0,0,"[62, 36, 1, 73, 23, 7, 15, 94]","[2, 54]","[62, 36, 1, 73, 23, 7, 15, 94]","[2, 54]","[62, 36, 73, 23, 7, 15, 94]",[1],[54],[2],"[62, 36, 1, 73, 23, 7, 15, 94]","[2, 54]","[62, 36, 73, 23, 7, 15, 94]",[1],[54],[2],7,1,1,1
184,10,5,"[3, 83, 64, 41, 77, 95, 87, 32, 5, 4]","[83, 64, 41, 77, 95, 87, 32, 5]","[3, 4]",0.7272252579154691,0.0770673339309576,2.0,0,0,"[3, 83, 64, 77, 87, 32, 5, 4]","[41, 95]","[3, 83, 64, 77, 87, 32, 5, 4]","[41, 95]","[83, 64, 77, 87, 32, 5]","[3, 4]","[41, 95]",[],2,0.6940256357192993,"{""0"": 6.450552940368652, ""1"": -1.0}",0,0,"[3, 83, 64, 77, 87, 5, 4]","[41, 95, 32]","[3, 83, 64, 77, 87, 5, 4]","[41, 95, 32]","[83, 64, 77, 87, 5]","[3, 4]","[41, 95, 32]",[],"[3, 83, 64, 77, 87, 5, 4]","[41, 95, 32]","[83, 64, 77, 87, 5]","[3, 4]","[41, 95, 32]",[],5,2,3,0
185,10,5,"[0, 29, 33, 81, 11, 39, 5, 45, 95, 69]","[29, 33, 81, 11, 39, 5, 45, 95, 69]",[0],0.7080628243703257,0.13818056977856835,2.0,0,0,"[29, 33, 81, 11, 39, 5, 45, 69]","[0, 95]","[29, 33, 81, 11, 39, 5, 45, 69]","[0, 95]","[29, 33, 81, 11, 39, 5, 45, 69]",[],[95],[0],2,0.3548475503921509,"{""0"": 2.2196035385131836, ""1"": 1.4312916994094849}",0,0,"[29, 33, 39, 5, 45, 69]","[0, 81, 11, 95]","[29, 33, 39, 5, 45, 69]","[0, 81, 11, 95]","[29, 33, 39, 5, 45, 69]",[],"[81, 11, 95]",[0],"[29, 33, 39, 5, 45, 69]","[0, 81, 11, 95]","[29, 33, 39, 5, 45, 69]",[],"[81, 11, 95]",[0],6,0,3,1
186,10,5,"[0, 50, 81, 62, 3, 74, 10, 33, 35, 56]","[50, 81, 62, 74, 10, 33, 35, 56]","[0, 3]",0.7640963253740385,0.13287171120241148,2.0,0,0,"[0, 50, 81, 62, 3, 74, 10, 33, 35, 56]",[],"[0, 50, 81, 62, 3, 74, 10, 33, 35, 56]",[],"[50, 81, 62, 74, 10, 33, 35, 56]","[0, 3]",[],[],3,0.3606511652469635,"{""0"": 3.2752785682678223, ""1"": 2.720803737640381, ""2"": -1.0}",0,0,"[81, 62, 74, 10, 33, 56]","[0, 50, 3, 35]","[81, 62, 74, 10, 33, 56]","[0, 50, 3, 35]","[81, 62, 74, 10, 33, 56]",[],"[50, 35]","[0, 3]","[81, 62, 74, 10, 33, 56]","[0, 50, 3, 35]","[81, 62, 74, 10, 33, 56]",[],"[50, 35]","[0, 3]",6,0,2,2
187,10,5,"[2, 40, 67, 33, 0, 7, 1, 6, 38, 5]","[40, 67, 33, 7, 6, 38, 5]","[2, 0, 1]",0.7727101761356479,0.07349760632136942,2.0,0,0,"[2, 40, 67, 33, 7, 1, 6, 38, 5]",[0],"[2, 40, 67, 33, 7, 1, 6, 38, 5]",[0],"[40, 67, 33, 7, 6, 38, 5]","[2, 1]",[],[0],3,0.4255028963088989,"{""0"": 1.6535050868988037, ""1"": 4.064548492431641, ""2"": -1.0}",1,0,"[2, 67, 33, 7, 6, 38]","[40, 0, 1, 5]","[2, 67, 33, 7, 6, 38]","[40, 0, 1, 5]","[67, 33, 7, 6, 38]",[2],"[40, 5]","[0, 1]","[2, 67, 33, 7, 6, 38]","[40, 0, 1, 5]","[67, 33, 7, 6, 38]",[2],"[40, 5]","[0, 1]",5,1,2,2
188,10,5,"[0, 38, 92, 53, 33, 46, 80, 60, 50, 68]","[38, 92, 53, 33, 46, 80, 60, 50, 68]",[0],0.6510704282430277,0.03682190353053799,2.0,0,0,"[38, 92, 53, 33, 80, 50, 68]","[0, 46, 60]","[38, 92, 53, 33, 80, 50, 68]","[0, 46, 60]","[38, 92, 53, 33, 80, 50, 68]",[],"[46, 60]",[0],2,0.619141697883606,"{""0"": 2.7799289226531982, ""1"": -1.0}",0,0,"[38, 92, 53, 33, 50, 68]","[0, 46, 80, 60]","[38, 92, 53, 33, 50, 68]","[0, 46, 80, 60]","[38, 92, 53, 33, 50, 68]",[],"[46, 80, 60]",[0],"[38, 92, 53, 33, 50, 68]","[0, 46, 80, 60]","[38, 92, 53, 33, 50, 68]",[],"[46, 80, 60]",[0],6,0,3,1
189,10,5,"[1, 38, 94, 69, 57, 45, 22, 47, 53, 3]","[38, 94, 69, 57, 45, 22, 47, 53]","[1, 3]",0.6571710777445368,0.027815414956586793,2.0,0,0,"[1, 38, 94, 69, 57, 3]","[45, 22, 47, 53]","[1, 38, 94, 69, 57, 3]","[45, 22, 47, 53]","[38, 94, 69, 57]","[1, 3]","[45, 22, 47, 53]",[],2,0.4202002286911011,"{""0"": 1.6006296873092651, ""1"": 2.4260804653167725}",1,0,"[38, 94, 3]","[1, 69, 57, 45, 22, 47, 53]","[38, 94, 3]","[1, 69, 57, 45, 22, 47, 53]","[38, 94]",[3],"[69, 57, 45, 22, 47, 53]",[1],"[38, 94, 3]","[1, 69, 57, 45, 22, 47, 53]","[38, 94]",[3],"[69, 57, 45, 22, 47, 53]",[1],2,1,6,1
190,10,5,"[2, 71, 75, 78, 19, 37, 51, 55, 18, 41]","[71, 75, 78, 19, 37, 51, 55, 18, 41]",[2],0.6948772160346312,0.106191036921923,2.0,0,0,"[2, 71, 75, 78, 37, 51, 55, 18, 41]",[19],"[2, 71, 75, 78, 37, 51, 55, 18, 41]",[19],"[71, 75, 78, 37, 51, 55, 18, 41]",[2],[19],[],3,0.523409903049469,"{""0"": 1.8495405912399292, ""1"": 2.546170711517334, ""2"": 3.6006102561950684}",2,0,"[71, 75, 51, 55]","[2, 78, 19, 37, 18, 41]","[71, 75, 51, 55]","[2, 78, 19, 37, 18, 41]","[71, 75, 51, 55]",[],"[78, 19, 37, 18, 41]",[2],"[71, 75, 51, 55]","[2, 78, 19, 37, 18, 41]","[71, 75, 51, 55]",[],"[78, 19, 37, 18, 41]",[2],4,0,5,1
191,10,5,"[3, 55, 8, 11, 25, 68, 6, 90, 61, 78]","[55, 8, 11, 25, 68, 6, 90, 61, 78]",[3],0.7256079257178351,0.1333447426145261,2.0,0,0,"[3, 55, 8, 11, 25, 68, 6, 90, 61, 78]",[],"[3, 55, 8, 11, 25, 68, 6, 90, 61, 78]",[],"[55, 8, 11, 25, 68, 6, 90, 61, 78]",[3],[],[],4,0.3618183135986328,"{""0"": 2.9382076263427734, ""1"": 2.7820963859558105, ""2"": -1.0, ""3"": -1.0}",0,0,"[3, 11, 68, 6, 61]","[55, 8, 25, 90, 78]","[3, 11, 68, 6, 61]","[55, 8, 25, 90, 78]","[11, 68, 6, 61]",[3],"[55, 8, 25, 90, 78]",[],"[3, 11, 68, 6, 61]","[55, 8, 25, 90, 78]","[11, 68, 6, 61]",[3],"[55, 8, 25, 90, 78]",[],4,1,5,0
192,10,5,"[2, 95, 11, 12, 65, 15, 22, 86, 14, 50]","[95, 11, 12, 65, 15, 22, 86, 14, 50]",[2],0.7763239720878301,0.08656119988699179,2.0,0,0,"[2, 11, 12, 65, 15, 22, 86, 14, 50]",[95],"[2, 11, 12, 65, 15, 22, 86, 14, 50]",[95],"[11, 12, 65, 15, 22, 86, 14, 50]",[2],[95],[],2,0.4022899568080902,"{""0"": 3.799685478210449, ""1"": -1.0}",0,0,"[11, 12, 65, 15, 22, 86, 14, 50]","[2, 95]","[11, 12, 65, 15, 22, 86, 14, 50]","[2, 95]","[11, 12, 65, 15, 22, 86, 14, 50]",[],[95],[2],"[11, 12, 65, 15, 22, 86, 14, 50]","[2, 95]","[11, 12, 65, 15, 22, 86, 14, 50]",[],[95],[2],8,0,1,1
193,10,5,"[2, 23, 88, 85, 48, 8, 72, 87, 16, 73]","[23, 88, 85, 48, 8, 72, 87, 16, 73]",[2],0.8873918390161915,0.13267159144633206,2.0,0,0,"[2, 23, 85, 48, 8, 72, 87, 16]","[88, 73]","[2, 23, 85, 48, 8, 72, 87, 16]","[88, 73]","[23, 85, 48, 8, 72, 87, 16]",[2],"[88, 73]",[],2,0.6181952357292175,"{""0"": 5.669306755065918, ""1"": -1.0}",0,0,"[23, 85, 48, 8, 72, 87, 16]","[2, 88, 73]","[23, 85, 48, 8, 72, 87, 16]","[2, 88, 73]","[23, 85, 48, 8, 72, 87, 16]",[],"[88, 73]",[2],"[23, 85, 48, 8, 72, 87, 16]","[2, 88, 73]","[23, 85, 48, 8, 72, 87, 16]",[],"[88, 73]",[2],7,0,2,1
194,10,5,"[2, 78, 3, 40, 31, 14, 44, 57, 10, 64]","[78, 40, 31, 14, 44, 57, 10, 64]","[2, 3]",0.8548054831779972,0.18819472473623938,2.0,0,0,"[2, 78, 3, 40, 31, 14, 44, 57, 10, 64]",[],"[2, 78, 3, 40, 31, 14, 44, 57, 10, 64]",[],"[78, 40, 31, 14, 44, 57, 10, 64]","[2, 3]",[],[],2,0.5540696382522583,"{""0"": 2.6856138706207275, ""1"": -1.0}",0,0,"[78, 3, 40, 31, 14, 44, 57, 10, 64]",[2],"[78, 3, 40, 31, 14, 44, 57, 10, 64]",[2],"[78, 40, 31, 14, 44, 57, 10, 64]",[3],[],[2],"[78, 3, 40, 31, 14, 44, 57, 10, 64]",[2],"[78, 40, 31, 14, 44, 57, 10, 64]",[3],[],[2],8,1,0,1
195,10,5,"[2, 10, 81, 56, 88, 36, 62, 99, 93, 85]","[10, 81, 56, 88, 36, 62, 99, 93, 85]",[2],0.7731453619862716,0.10274628092018173,2.0,0,0,"[2, 10, 81, 56, 36, 62, 99, 93, 85]",[88],"[2, 10, 81, 56, 36, 62, 99, 93, 85]",[88],"[10, 81, 56, 36, 62, 99, 93, 85]",[2],[88],[],3,0.5528146624565125,"{""0"": 2.313993215560913, ""1"": 1.9042041301727295, ""2"": 1.9750220775604248}",0,0,"[2, 56, 36, 99, 93]","[10, 81, 88, 62, 85]","[2, 56, 36, 99, 93]","[10, 81, 88, 62, 85]","[56, 36, 99, 93]",[2],"[10, 81, 88, 62, 85]",[],"[2, 56, 36, 99, 93]","[10, 81, 88, 62, 85]","[56, 36, 99, 93]",[2],"[10, 81, 88, 62, 85]",[],4,1,5,0
196,10,5,"[3, 25, 99, 13, 81, 6, 89, 30, 21, 90]","[25, 99, 13, 81, 6, 89, 30, 21, 90]",[3],0.6350242135716611,0.049526710632946835,2.0,0,0,"[3, 25, 99, 13, 81, 6, 21, 90]","[89, 30]","[3, 25, 99, 13, 81, 6, 21, 90]","[89, 30]","[25, 99, 13, 81, 6, 21, 90]",[3],"[89, 30]",[],2,0.48893946409225464,"{""0"": 0.9580427408218384, ""1"": 1.9411568641662598}",1,0,"[13, 81]","[3, 25, 99, 6, 89, 30, 21, 90]","[13, 81]","[3, 25, 99, 6, 89, 30, 21, 90]","[13, 81]",[],"[25, 99, 6, 89, 30, 21, 90]",[3],"[13, 81]","[3, 25, 99, 6, 89, 30, 21, 90]","[13, 81]",[],"[25, 99, 6, 89, 30, 21, 90]",[3],2,0,7,1
197,10,5,"[1, 16, 75, 59, 52, 61, 8, 21, 47, 40]","[16, 75, 59, 52, 61, 8, 21, 47, 40]",[1],0.8383566702432543,0.09787970730035112,2.0,0,0,"[1, 16, 75, 59, 61, 8, 21, 40]","[52, 47]","[1, 16, 75, 59, 61, 8, 21, 40]","[52, 47]","[16, 75, 59, 61, 8, 21, 40]",[1],"[52, 47]",[],4,0.46918579936027527,"{""0"": 1.7545826435089111, ""1"": 2.4063973426818848, ""2"": 1.9655699729919434, ""3"": -1.0}",1,0,"[1, 61, 21]","[16, 75, 59, 52, 8, 47, 40]","[1, 61, 21]","[16, 75, 59, 52, 8, 47, 40]","[61, 21]",[1],"[16, 75, 59, 52, 8, 47, 40]",[],"[1, 61, 21]","[16, 75, 59, 52, 8, 47, 40]","[61, 21]",[1],"[16, 75, 59, 52, 8, 47, 40]",[],2,1,7,0
198,10,5,"[3, 13, 53, 66, 33, 38, 36, 49, 76, 54]","[13, 53, 66, 33, 38, 36, 49, 76, 54]",[3],0.740097982511952,0.08849019741804082,2.0,0,0,"[3, 13, 53, 66, 33, 38, 36, 76]","[49, 54]","[3, 13, 53, 66, 33, 38, 36, 76]","[49, 54]","[13, 53, 66, 33, 38, 36, 76]",[3],"[49, 54]",[],2,0.4646596908569336,"{""0"": 2.27558970451355, ""1"": 1.9770430326461792}",0,0,"[3, 53, 33, 38, 36, 76]","[13, 66, 49, 54]","[3, 53, 33, 38, 36, 76]","[13, 66, 49, 54]","[53, 33, 38, 36, 76]",[3],"[13, 66, 49, 54]",[],"[3, 53, 33, 38, 36, 76]","[13, 66, 49, 54]","[53, 33, 38, 36, 76]",[3],"[13, 66, 49, 54]",[],5,1,4,0
199,10,5,"[2, 47, 98, 83, 65, 78, 24, 33, 88, 40]","[47, 98, 83, 65, 78, 24, 33, 88, 40]",[2],0.793737155159836,0.14811893674629723,2.0,0,0,"[2, 47, 98, 83, 65, 78, 24, 33, 40]",[88],"[2, 47, 98, 83, 65, 78, 24, 33, 40]",[88],"[47, 98, 83, 65, 78, 24, 33, 40]",[2],[88],[],2,0.45120519399642944,"{""0"": 5.292629241943359, ""1"": -1.0}",0,0,"[2, 98, 83, 65, 78, 24, 33, 40]","[47, 88]","[2, 98, 83, 65, 78, 24, 33, 40]","[47, 88]","[98, 83, 65, 78, 24, 33, 40]",[2],"[47, 88]",[],"[2, 98, 83, 65, 78, 24, 33, 40]","[47, 88]","[98, 83, 65, 78, 24, 33, 40]",[2],"[47, 88]",[],7,1,2,0
200,10,5,"[0, 86, 70, 30, 24, 66, 99, 9, 12, 31]","[86, 70, 30, 24, 66, 99, 9, 12, 31]",[0],0.7958204009265136,0.08789661402510601,2.0,0,0,"[86, 70, 24, 66, 99, 9, 12, 31]","[0, 30]","[86, 70, 24, 66, 99, 9, 12, 31]","[0, 30]","[86, 70, 24, 66, 99, 9, 12, 31]",[],[30],[0],2,0.39133220911026,"{""0"": 1.2718069553375244, ""1"": 0.574385404586792}",0,0,"[99, 31]","[0, 86, 70, 30, 24, 66, 9, 12]","[99, 31]","[0, 86, 70, 30, 24, 66, 9, 12]","[99, 31]",[],"[86, 70, 30, 24, 66, 9, 12]",[0],"[99, 31]","[0, 86, 70, 30, 24, 66, 9, 12]","[99, 31]",[],"[86, 70, 30, 24, 66, 9, 12]",[0],2,0,7,1
201,10,5,"[3, 81, 17, 35, 96, 88, 36, 99, 64, 92]","[81, 17, 35, 96, 88, 36, 99, 64, 92]",[3],0.8620946746108695,0.09098887832269453,2.0,0,0,"[3, 81, 17, 35, 96, 36, 64, 92]","[88, 99]","[3, 81, 17, 35, 96, 36, 64, 92]","[88, 99]","[81, 17, 35, 96, 36, 64, 92]",[3],"[88, 99]",[],2,0.4289276599884033,"{""0"": 0.6691036820411682, ""1"": -1.0}",0,0,"[3, 81, 17, 35, 36, 64, 92]","[96, 88, 99]","[3, 81, 17, 35, 36, 64, 92]","[96, 88, 99]","[81, 17, 35, 36, 64, 92]",[3],"[96, 88, 99]",[],"[3, 81, 17, 35, 36, 64, 92]","[96, 88, 99]","[81, 17, 35, 36, 64, 92]",[3],"[96, 88, 99]",[],6,1,3,0
202,10,5,"[4, 91, 21, 75, 59, 96, 92, 42, 74, 12]","[91, 21, 75, 59, 96, 92, 42, 74, 12]",[4],0.6654485776921588,0.17725615856267485,2.0,0,0,"[4, 91, 21, 75, 59, 96, 92, 42, 74, 12]",[],"[4, 91, 21, 75, 59, 96, 92, 42, 74, 12]",[],"[91, 21, 75, 59, 96, 92, 42, 74, 12]",[4],[],[],2,0.6574869155883789,"{""0"": 3.142645835876465, ""1"": -1.0}",0,0,"[4, 91, 21, 75, 96, 92, 42, 74, 12]",[59],"[4, 91, 21, 75, 96, 92, 42, 74, 12]",[59],"[91, 21, 75, 96, 92, 42, 74, 12]",[4],[59],[],"[4, 91, 21, 75, 96, 92, 42, 74, 12]",[59],"[91, 21, 75, 96, 92, 42, 74, 12]",[4],[59],[],8,1,1,0
203,10,5,"[2, 39, 68, 74, 40, 3, 0, 85, 50, 44]","[39, 68, 74, 40, 85, 50, 44]","[2, 3, 0]",0.6672939524857124,0.09589525709686797,2.0,0,0,"[2, 39, 68, 74, 40, 3, 85, 50, 44]",[0],"[2, 39, 68, 74, 40, 3, 85, 50, 44]",[0],"[39, 68, 74, 40, 85, 50, 44]","[2, 3]",[],[0],2,0.3440517485141754,"{""0"": 2.4722137451171875, ""1"": 1.6932222843170166}",0,0,"[68, 74, 40, 3, 85, 50, 44]","[2, 39, 0]","[68, 74, 40, 3, 85, 50, 44]","[2, 39, 0]","[68, 74, 40, 85, 50, 44]",[3],[39],"[2, 0]","[68, 74, 40, 3, 85, 50, 44]","[2, 39, 0]","[68, 74, 40, 85, 50, 44]",[3],[39],"[2, 0]",6,1,1,2
204,10,5,"[4, 33, 52, 31, 75, 20, 83, 96, 38, 72]","[33, 52, 31, 75, 20, 83, 96, 38, 72]",[4],0.7349126050263752,0.08844453342769787,2.0,0,0,"[4, 33, 52, 75, 20, 83, 96, 38, 72]",[31],"[4, 33, 52, 75, 20, 83, 96, 38, 72]",[31],"[33, 52, 75, 20, 83, 96, 38, 72]",[4],[31],[],4,0.33125466108322144,"{""0"": 3.356990337371826, ""1"": 1.955712080001831, ""2"": 1.6879624128341675, ""3"": -1.0}",0,0,"[52, 83, 96, 38]","[4, 33, 31, 75, 20, 72]","[52, 83, 96, 38]","[4, 33, 31, 75, 20, 72]","[52, 83, 96, 38]",[],"[33, 31, 75, 20, 72]",[4],"[52, 83, 96, 38]","[4, 33, 31, 75, 20, 72]","[52, 83, 96, 38]",[],"[33, 31, 75, 20, 72]",[4],4,0,5,1
205,10,5,"[4, 64, 72, 2, 83, 62, 97, 32, 51, 86]","[64, 72, 83, 62, 97, 32, 51, 86]","[4, 2]",0.795464686434595,0.13646582880163566,2.0,0,0,"[4, 64, 72, 2, 83, 62, 32, 51, 86]",[97],"[4, 64, 72, 2, 83, 62, 32, 51, 86]",[97],"[64, 72, 83, 62, 32, 51, 86]","[4, 2]",[97],[],2,0.37312519550323486,"{""0"": 1.3481593132019043, ""1"": 4.007395267486572}",1,0,"[4, 64, 83, 62, 32, 51, 86]","[72, 2, 97]","[4, 64, 83, 62, 32, 51, 86]","[72, 2, 97]","[64, 83, 62, 32, 51, 86]",[4],"[72, 97]",[2],"[4, 64, 83, 62, 32, 51, 86]","[72, 2, 97]","[64, 83, 62, 32, 51, 86]",[4],"[72, 97]",[2],6,1,2,1
206,10,5,"[3, 54, 33, 74, 61, 27, 58, 68, 6, 42]","[54, 33, 74, 61, 27, 58, 68, 6, 42]",[3],0.7438910009755286,0.07085795798063976,2.0,0,0,"[3, 33, 74, 61, 27, 58, 68, 42]","[54, 6]","[3, 33, 74, 61, 27, 58, 68, 42]","[54, 6]","[33, 74, 61, 27, 58, 68, 42]",[3],"[54, 6]",[],2,0.47913169860839844,"{""0"": 5.109731197357178, ""1"": -1.0}",0,0,"[3, 33, 74, 61, 27, 58, 68]","[54, 6, 42]","[3, 33, 74, 61, 27, 58, 68]","[54, 6, 42]","[33, 74, 61, 27, 58, 68]",[3],"[54, 6, 42]",[],"[3, 33, 74, 61, 27, 58, 68]","[54, 6, 42]","[33, 74, 61, 27, 58, 68]",[3],"[54, 6, 42]",[],6,1,3,0
207,10,5,"[1, 36, 19, 45, 15, 73, 13, 69, 59, 16]","[36, 19, 45, 15, 73, 13, 69, 59, 16]",[1],0.8093078683329642,0.06431931149488118,2.0,0,0,"[1, 36, 19, 45, 15, 69, 59]","[73, 13, 16]","[1, 36, 19, 45, 15, 69, 59]","[73, 13, 16]","[36, 19, 45, 15, 69, 59]",[1],"[73, 13, 16]",[],2,0.31558656692504883,"{""0"": 2.7331674098968506, ""1"": 1.9493175745010376}",0,0,"[19, 45, 69]","[1, 36, 15, 73, 13, 59, 16]","[19, 45, 69]","[1, 36, 15, 73, 13, 59, 16]","[19, 45, 69]",[],"[36, 15, 73, 13, 59, 16]",[1],"[19, 45, 69]","[1, 36, 15, 73, 13, 59, 16]","[19, 45, 69]",[],"[36, 15, 73, 13, 59, 16]",[1],3,0,6,1
208,10,5,"[3, 17, 69, 74, 58, 40, 57, 56, 59, 55]","[17, 69, 74, 58, 40, 57, 56, 59, 55]",[3],0.7573104159136872,0.1756865830372607,2.0,0,0,"[3, 17, 69, 74, 58, 40, 57, 56, 59, 55]",[],"[3, 17, 69, 74, 58, 40, 57, 56, 59, 55]",[],"[17, 69, 74, 58, 40, 57, 56, 59, 55]",[3],[],[],2,0.43260326981544495,"{""0"": 0.7477660775184631, ""1"": -1.0}",0,0,"[3, 17, 69, 74, 58, 40, 57, 56, 55]",[59],"[3, 17, 69, 74, 58, 40, 57, 56, 55]",[59],"[17, 69, 74, 58, 40, 57, 56, 55]",[3],[59],[],"[3, 17, 69, 74, 58, 40, 57, 56, 55]",[59],"[17, 69, 74, 58, 40, 57, 56, 55]",[3],[59],[],8,1,1,0
209,10,5,"[3, 97, 8, 89, 79, 11, 76, 16, 77, 25]","[97, 8, 89, 79, 11, 76, 16, 77, 25]",[3],0.7002623590016828,0.14289439169612034,2.0,0,0,"[3, 97, 8, 89, 11, 76, 16, 77, 25]",[79],"[3, 97, 8, 89, 11, 76, 16, 77, 25]",[79],"[97, 8, 89, 11, 76, 16, 77, 25]",[3],[79],[],2,0.5684342980384827,"{""0"": 2.3023438453674316, ""1"": -1.0}",0,0,"[3, 8, 89, 11, 76, 16, 77, 25]","[97, 79]","[3, 8, 89, 11, 76, 16, 77, 25]","[97, 79]","[8, 89, 11, 76, 16, 77, 25]",[3],"[97, 79]",[],"[3, 8, 89, 11, 76, 16, 77, 25]","[97, 79]","[8, 89, 11, 76, 16, 77, 25]",[3],"[97, 79]",[],7,1,2,0
210,10,5,"[2, 21, 49, 33, 17, 44, 74, 85, 84, 79]","[21, 49, 33, 17, 44, 74, 85, 84, 79]",[2],0.7463849417821309,0.14795666151532993,2.0,0,0,"[2, 21, 49, 33, 17, 44, 74, 85, 84, 79]",[],"[2, 21, 49, 33, 17, 44, 74, 85, 84, 79]",[],"[21, 49, 33, 17, 44, 74, 85, 84, 79]",[2],[],[],2,0.5692827701568604,"{""0"": 2.2982001304626465, ""1"": -1.0}",0,0,"[2, 21, 33, 17, 44, 74, 85, 84, 79]",[49],"[2, 21, 33, 17, 44, 74, 85, 84, 79]",[49],"[21, 33, 17, 44, 74, 85, 84, 79]",[2],[49],[],"[2, 21, 33, 17, 44, 74, 85, 84, 79]",[49],"[21, 33, 17, 44, 74, 85, 84, 79]",[2],[49],[],8,1,1,0
211,10,5,"[1, 15, 58, 56, 75, 64, 2, 68, 46, 54]","[15, 58, 56, 75, 64, 68, 46, 54]","[1, 2]",0.6433565778792687,0.09968699568241579,2.0,0,0,"[1, 15, 58, 56, 75, 64, 2, 68, 46]",[54],"[1, 15, 58, 56, 75, 64, 2, 68, 46]",[54],"[15, 58, 56, 75, 64, 68, 46]","[1, 2]",[54],[],2,0.4791136384010315,"{""0"": 2.870065212249756, ""1"": -1.0}",0,0,"[1, 15, 58, 56, 75, 64, 2, 68]","[46, 54]","[1, 15, 58, 56, 75, 64, 2, 68]","[46, 54]","[15, 58, 56, 75, 64, 68]","[1, 2]","[46, 54]",[],"[1, 15, 58, 56, 75, 64, 2, 68]","[46, 54]","[15, 58, 56, 75, 64, 68]","[1, 2]","[46, 54]",[],6,2,2,0
212,10,5,"[3, 41, 74, 15, 4, 81, 48, 84, 56, 94]","[41, 74, 15, 81, 48, 84, 56, 94]","[3, 4]",0.6924089331086463,0.15549451124838248,2.0,0,0,"[3, 41, 74, 15, 4, 81, 48, 84, 56, 94]",[],"[3, 41, 74, 15, 4, 81, 48, 84, 56, 94]",[],"[41, 74, 15, 81, 48, 84, 56, 94]","[3, 4]",[],[],2,0.45050248503685,"{""0"": 0.8902571201324463, ""1"": -1.0}",0,0,"[3, 41, 74, 15, 4, 81, 84, 56, 94]",[48],"[3, 41, 74, 15, 4, 81, 84, 56, 94]",[48],"[41, 74, 15, 81, 84, 56, 94]","[3, 4]",[48],[],"[3, 41, 74, 15, 4, 81, 84, 56, 94]",[48],"[41, 74, 15, 81, 84, 56, 94]","[3, 4]",[48],[],7,2,1,0
213,10,5,"[1, 94, 76, 84, 86, 54, 63, 6, 85, 39]","[94, 76, 84, 86, 54, 63, 6, 85, 39]",[1],0.6347886495003077,0.06615599910936432,2.0,0,0,"[1, 94, 76, 84, 86, 63, 6, 85, 39]",[54],"[1, 94, 76, 84, 86, 63, 6, 85, 39]",[54],"[94, 76, 84, 86, 63, 6, 85, 39]",[1],[54],[],2,0.6507012844085693,"{""0"": 3.4930453300476074, ""1"": -1.0}",0,0,"[1, 94, 76, 84, 86, 63, 6, 39]","[54, 85]","[1, 94, 76, 84, 86, 63, 6, 39]","[54, 85]","[94, 76, 84, 86, 63, 6, 39]",[1],"[54, 85]",[],"[1, 94, 76, 84, 86, 63, 6, 39]","[54, 85]","[94, 76, 84, 86, 63, 6, 39]",[1],"[54, 85]",[],7,1,2,0
214,10,5,"[2, 58, 62, 15, 35, 5, 46, 60, 8, 18]","[58, 62, 15, 35, 5, 46, 60, 8, 18]",[2],0.7165621526694408,0.06195131283436239,2.0,0,0,"[2, 58, 62, 15, 35, 46, 60, 8, 18]",[5],"[2, 58, 62, 15, 35, 46, 60, 8, 18]",[5],"[58, 62, 15, 35, 46, 60, 8, 18]",[2],[5],[],2,0.5216169953346252,"{""0"": 1.7306408882141113, ""1"": -1.0}",0,0,"[58, 62, 15, 35, 46, 60, 8, 18]","[2, 5]","[58, 62, 15, 35, 46, 60, 8, 18]","[2, 5]","[58, 62, 15, 35, 46, 60, 8, 18]",[],[5],[2],"[58, 62, 15, 35, 46, 60, 8, 18]","[2, 5]","[58, 62, 15, 35, 46, 60, 8, 18]",[],[5],[2],8,0,1,1
215,10,5,"[2, 96, 3, 90, 11, 47, 48, 37, 33, 80]","[96, 90, 11, 47, 48, 37, 33, 80]","[2, 3]",0.9942027129907638,0.12574274301979582,2.0,0,0,"[2, 96, 3, 90, 11, 48, 37, 33, 80]",[47],"[2, 96, 3, 90, 11, 48, 37, 33, 80]",[47],"[96, 90, 11, 48, 37, 33, 80]","[2, 3]",[47],[],3,0.33558785915374756,"{""0"": 2.867368698120117, ""1"": 1.5814218521118164, ""2"": 1.7614326477050781}",0,0,"[3, 90, 48, 37, 80]","[2, 96, 11, 47, 33]","[3, 90, 48, 37, 80]","[2, 96, 11, 47, 33]","[90, 48, 37, 80]",[3],"[96, 11, 47, 33]",[2],"[3, 90, 48, 37, 80]","[2, 96, 11, 47, 33]","[90, 48, 37, 80]",[3],"[96, 11, 47, 33]",[2],4,1,4,1
216,10,5,"[2, 5, 82, 80, 89, 69, 42, 59, 17, 48]","[5, 82, 80, 89, 69, 42, 59, 17, 48]",[2],0.8250867937759907,0.10632411838968331,2.0,0,0,"[2, 5, 82, 80, 89, 69, 42, 59, 17, 48]",[],"[2, 5, 82, 80, 89, 69, 42, 59, 17, 48]",[],"[5, 82, 80, 89, 69, 42, 59, 17, 48]",[2],[],[],4,0.4103848338127136,"{""0"": 4.064069747924805, ""1"": 1.3378703594207764, ""2"": -1.0, ""3"": 1.9970167875289917}",0,0,"[2, 5, 89, 42, 17]","[82, 80, 69, 59, 48]","[2, 5, 89, 42, 17]","[82, 80, 69, 59, 48]","[5, 89, 42, 17]",[2],"[82, 80, 69, 59, 48]",[],"[2, 5, 89, 42, 17]","[82, 80, 69, 59, 48]","[5, 89, 42, 17]",[2],"[82, 80, 69, 59, 48]",[],4,1,5,0
217,10,5,"[3, 81, 28, 63, 34, 35, 96, 71, 46, 44]","[81, 28, 63, 34, 35, 96, 71, 46, 44]",[3],0.8860204842805801,0.14577946648609902,2.0,0,0,"[81, 28, 63, 34, 35, 96, 44]","[3, 71, 46]","[81, 28, 63, 34, 35, 96, 44]","[3, 71, 46]","[81, 28, 63, 34, 35, 96, 44]",[],"[71, 46]",[3],2,0.2852480113506317,"{""0"": 0.6493924856185913, ""1"": 2.6870429515838623}",1,0,"[28, 35, 44]","[3, 81, 63, 34, 96, 71, 46]","[28, 35, 44]","[3, 81, 63, 34, 96, 71, 46]","[28, 35, 44]",[],"[81, 63, 34, 96, 71, 46]",[3],"[28, 35, 44]","[3, 81, 63, 34, 96, 71, 46]","[28, 35, 44]",[],"[81, 63, 34, 96, 71, 46]",[3],3,0,6,1
218,10,5,"[2, 91, 86, 84, 61, 50, 97, 87, 53, 27]","[91, 86, 84, 61, 50, 97, 87, 53, 27]",[2],0.6481794890896633,0.06860162015603744,2.0,0,0,"[91, 86, 84, 61, 50, 87, 53, 27]","[2, 97]","[91, 86, 84, 61, 50, 87, 53, 27]","[2, 97]","[91, 86, 84, 61, 50, 87, 53, 27]",[],[97],[2],2,0.6614848971366882,"{""0"": 3.8044967651367188, ""1"": -1.0}",0,0,"[91, 86, 61, 50, 87, 53, 27]","[2, 84, 97]","[91, 86, 61, 50, 87, 53, 27]","[2, 84, 97]","[91, 86, 61, 50, 87, 53, 27]",[],"[84, 97]",[2],"[91, 86, 61, 50, 87, 53, 27]","[2, 84, 97]","[91, 86, 61, 50, 87, 53, 27]",[],"[84, 97]",[2],7,0,2,1
219,10,5,"[1, 44, 89, 35, 24, 0, 91, 43, 4, 73]","[44, 89, 35, 24, 91, 43, 73]","[1, 0, 4]",1.0185047284578295,0.20698181236478902,2.0,0,0,"[1, 44, 89, 35, 24, 0, 91, 43, 4, 73]",[],"[1, 44, 89, 35, 24, 0, 91, 43, 4, 73]",[],"[44, 89, 35, 24, 91, 43, 73]","[1, 0, 4]",[],[],5,0.4464963376522064,"{""0"": 3.9610862731933594, ""1"": 1.820684552192688, ""2"": -1.0, ""3"": -1.0, ""4"": -1.0}",0,0,"[1, 44, 35, 91, 4]","[89, 24, 0, 43, 73]","[1, 44, 35, 91, 4]","[89, 24, 0, 43, 73]","[44, 35, 91]","[1, 4]","[89, 24, 43, 73]",[0],"[1, 44, 35, 91, 4]","[89, 24, 0, 43, 73]","[44, 35, 91]","[1, 4]","[89, 24, 43, 73]",[0],3,2,4,1
220,10,5,"[2, 28, 1, 88, 58, 21, 61, 94, 17, 68]","[28, 88, 58, 21, 61, 94, 17, 68]","[2, 1]",0.8526623234712033,0.10918538190143445,2.0,0,0,"[2, 28, 1, 58, 21, 61, 94, 17, 68]",[88],"[2, 28, 1, 58, 21, 61, 94, 17, 68]",[88],"[28, 58, 21, 61, 94, 17, 68]","[2, 1]",[88],[],3,0.5378405451774597,"{""0"": 3.9368934631347656, ""1"": -1.0, ""2"": 2.9171438217163086}",0,0,"[28, 58, 94, 17, 68]","[2, 1, 88, 21, 61]","[28, 58, 94, 17, 68]","[2, 1, 88, 21, 61]","[28, 58, 94, 17, 68]",[],"[88, 21, 61]","[2, 1]","[28, 58, 94, 17, 68]","[2, 1, 88, 21, 61]","[28, 58, 94, 17, 68]",[],"[88, 21, 61]","[2, 1]",5,0,3,2
221,10,5,"[1, 61, 50, 74, 42, 87, 65, 72, 64, 8]","[61, 50, 74, 42, 87, 65, 72, 64, 8]",[1],0.54297905978458,0.07326459907068109,2.0,0,0,"[1, 61, 50, 74, 42, 87, 65, 72, 64, 8]",[],"[1, 61, 50, 74, 42, 87, 65, 72, 64, 8]",[],"[61, 50, 74, 42, 87, 65, 72, 64, 8]",[1],[],[],4,0.21864493191242218,"{""0"": 1.8721328973770142, ""1"": 2.3544206619262695, ""2"": -1.0, ""3"": -1.0}",1,0,"[61, 50, 74, 87, 72]","[1, 42, 65, 64, 8]","[61, 50, 74, 87, 72]","[1, 42, 65, 64, 8]","[61, 50, 74, 87, 72]",[],"[42, 65, 64, 8]",[1],"[61, 50, 74, 87, 72]","[1, 42, 65, 64, 8]","[61, 50, 74, 87, 72]",[],"[42, 65, 64, 8]",[1],5,0,4,1
222,10,5,"[4, 75, 35, 21, 95, 83, 55, 52, 2, 31]","[75, 35, 21, 95, 83, 55, 52, 31]","[4, 2]",0.837464515070515,0.09251363230594045,2.0,0,0,"[4, 75, 35, 83, 55, 52, 2, 31]","[21, 95]","[4, 75, 35, 83, 55, 52, 2, 31]","[21, 95]","[75, 35, 83, 55, 52, 31]","[4, 2]","[21, 95]",[],2,0.4843793213367462,"{""0"": 2.9772026538848877, ""1"": -1.0}",0,0,"[4, 75, 35, 83, 55, 52, 2]","[21, 95, 31]","[4, 75, 35, 83, 55, 52, 2]","[21, 95, 31]","[75, 35, 83, 55, 52]","[4, 2]","[21, 95, 31]",[],"[4, 75, 35, 83, 55, 52, 2]","[21, 95, 31]","[75, 35, 83, 55, 52]","[4, 2]","[21, 95, 31]",[],5,2,3,0
223,10,5,"[3, 55, 79, 70, 4, 82, 24, 60, 56, 88]","[55, 79, 70, 82, 24, 60, 56, 88]","[3, 4]",0.6780685269887917,0.09798626205442384,2.0,0,0,"[3, 55, 79, 70, 4, 82, 24, 60, 56]",[88],"[3, 55, 79, 70, 4, 82, 24, 60, 56]",[88],"[55, 79, 70, 82, 24, 60, 56]","[3, 4]",[88],[],2,0.46899980306625366,"{""0"": 3.722294807434082, ""1"": -1.0}",0,0,"[3, 55, 79, 70, 4, 24, 60, 56]","[82, 88]","[3, 55, 79, 70, 4, 24, 60, 56]","[82, 88]","[55, 79, 70, 24, 60, 56]","[3, 4]","[82, 88]",[],"[3, 55, 79, 70, 4, 24, 60, 56]","[82, 88]","[55, 79, 70, 24, 60, 56]","[3, 4]","[82, 88]",[],6,2,2,0
224,10,5,"[2, 34, 70, 23, 83, 99, 77, 37, 26, 89]","[34, 70, 23, 83, 99, 77, 37, 26, 89]",[2],0.5747406700174382,0.10807275707376285,2.0,0,0,"[2, 34, 70, 23, 83, 99, 77, 37, 26]",[89],"[2, 34, 70, 23, 83, 99, 77, 37, 26]",[89],"[34, 70, 23, 83, 99, 77, 37, 26]",[2],[89],[],2,0.45476987957954407,"{""0"": 2.265994071960449, ""1"": 3.878692388534546}",1,0,"[2, 34, 23, 83, 99, 77]","[70, 37, 26, 89]","[2, 34, 23, 83, 99, 77]","[70, 37, 26, 89]","[34, 23, 83, 99, 77]",[2],"[70, 37, 26, 89]",[],"[2, 34, 23, 83, 99, 77]","[70, 37, 26, 89]","[34, 23, 83, 99, 77]",[2],"[70, 37, 26, 89]",[],5,1,4,0
225,10,5,"[2, 6, 8, 62, 78, 51, 14, 56, 46, 29]","[6, 8, 62, 78, 51, 14, 56, 46, 29]",[2],0.7604243991180311,0.0887879473918991,2.0,0,0,"[2, 6, 8, 62, 78, 51, 14, 56, 46, 29]",[],"[2, 6, 8, 62, 78, 51, 14, 56, 46, 29]",[],"[6, 8, 62, 78, 51, 14, 56, 46, 29]",[2],[],[],2,0.520930290222168,"{""0"": 1.485148549079895, ""1"": -1.0}",0,0,"[2, 6, 8, 78, 51, 14, 56, 46, 29]",[62],"[2, 6, 8, 78, 51, 14, 56, 46, 29]",[62],"[6, 8, 78, 51, 14, 56, 46, 29]",[2],[62],[],"[2, 6, 8, 78, 51, 14, 56, 46, 29]",[62],"[6, 8, 78, 51, 14, 56, 46, 29]",[2],[62],[],8,1,1,0
226,10,5,"[3, 64, 60, 88, 68, 33, 18, 36, 63, 14]","[64, 60, 88, 68, 33, 18, 36, 63, 14]",[3],0.7901388978171207,0.1767748877890023,2.0,0,0,"[3, 64, 68, 33, 18, 36, 63, 14]","[60, 88]","[3, 64, 68, 33, 18, 36, 63, 14]","[60, 88]","[64, 68, 33, 18, 36, 63, 14]",[3],"[60, 88]",[],3,0.5154699683189392,"{""0"": 3.321272134780884, ""1"": 2.646270513534546, ""2"": -1.0}",0,0,"[3, 64, 18, 63]","[60, 88, 68, 33, 36, 14]","[3, 64, 18, 63]","[60, 88, 68, 33, 36, 14]","[64, 18, 63]",[3],"[60, 88, 68, 33, 36, 14]",[],"[3, 64, 18, 63]","[60, 88, 68, 33, 36, 14]","[64, 18, 63]",[3],"[60, 88, 68, 33, 36, 14]",[],3,1,6,0
227,10,5,"[3, 37, 73, 9, 76, 15, 50, 25, 88, 55]","[37, 73, 9, 76, 15, 50, 25, 88, 55]",[3],0.8211330234339236,0.13594153055837244,2.0,0,0,"[3, 37, 9, 76, 15, 50, 25, 55]","[73, 88]","[3, 37, 9, 76, 15, 50, 25, 55]","[73, 88]","[37, 9, 76, 15, 50, 25, 55]",[3],"[73, 88]",[],3,0.30338889360427856,"{""0"": 1.6529805660247803, ""1"": 3.3155553340911865, ""2"": 1.9873569011688232}",1,0,"[3, 76, 50, 25]","[37, 73, 9, 15, 88, 55]","[3, 76, 50, 25]","[37, 73, 9, 15, 88, 55]","[76, 50, 25]",[3],"[37, 73, 9, 15, 88, 55]",[],"[3, 76, 50, 25]","[37, 73, 9, 15, 88, 55]","[76, 50, 25]",[3],"[37, 73, 9, 15, 88, 55]",[],3,1,6,0
228,10,5,"[4, 43, 2, 88, 61, 23, 44, 78, 45, 5]","[43, 88, 61, 23, 44, 78, 45, 5]","[4, 2]",0.718106881454724,0.12553398737958749,2.0,0,0,"[4, 43, 61, 23, 44, 78, 45, 5]","[2, 88]","[4, 43, 61, 23, 44, 78, 45, 5]","[2, 88]","[43, 61, 23, 44, 78, 45, 5]",[4],[88],[2],2,0.444346159696579,"{""0"": 4.121084213256836, ""1"": -1.0}",0,0,"[4, 43, 61, 23, 44, 78, 45]","[2, 88, 5]","[4, 43, 61, 23, 44, 78, 45]","[2, 88, 5]","[43, 61, 23, 44, 78, 45]",[4],"[88, 5]",[2],"[4, 43, 61, 23, 44, 78, 45]","[2, 88, 5]","[43, 61, 23, 44, 78, 45]",[4],"[88, 5]",[2],6,1,2,1
229,10,5,"[0, 50, 78, 10, 45, 55, 79, 61, 68, 8]","[50, 78, 10, 45, 55, 79, 61, 68, 8]",[0],0.7001221842771841,0.12341920279361801,2.0,0,0,"[50, 78, 10, 45, 55, 79, 61, 68, 8]",[0],"[50, 78, 10, 45, 55, 79, 61, 68, 8]",[0],"[50, 78, 10, 45, 55, 79, 61, 68, 8]",[],[],[0],3,0.39506006240844727,"{""0"": 2.394366502761841, ""1"": 4.057156562805176, ""2"": -1.0}",1,0,"[50, 78, 45, 79, 61]","[0, 10, 55, 68, 8]","[50, 78, 45, 79, 61]","[0, 10, 55, 68, 8]","[50, 78, 45, 79, 61]",[],"[10, 55, 68, 8]",[0],"[50, 78, 45, 79, 61]","[0, 10, 55, 68, 8]","[50, 78, 45, 79, 61]",[],"[10, 55, 68, 8]",[0],5,0,4,1
230,10,5,"[3, 80, 66, 19, 27, 7, 62, 86, 6, 2]","[80, 66, 19, 27, 7, 62, 86, 6]","[3, 2]",0.7332105673261621,0.050068158111210126,2.0,0,0,"[3, 80, 66, 19, 27, 7, 62, 86, 6, 2]",[],"[3, 80, 66, 19, 27, 7, 62, 86, 6, 2]",[],"[80, 66, 19, 27, 7, 62, 86, 6]","[3, 2]",[],[],2,0.5076348185539246,"{""0"": 2.2692010402679443, ""1"": 4.054120063781738}",1,0,"[3, 80, 66, 27, 62, 86, 6]","[19, 7, 2]","[3, 80, 66, 27, 62, 86, 6]","[19, 7, 2]","[80, 66, 27, 62, 86, 6]",[3],"[19, 7]",[2],"[3, 80, 66, 27, 62, 86, 6]","[19, 7, 2]","[80, 66, 27, 62, 86, 6]",[3],"[19, 7]",[2],6,1,2,1
231,10,5,"[4, 9, 26, 28, 97, 96, 40, 95, 75, 2]","[9, 26, 28, 97, 96, 40, 95, 75]","[4, 2]",0.8360590406591302,0.10230630117117112,2.0,0,0,"[9, 26, 28, 96, 40, 95, 75, 2]","[4, 97]","[9, 26, 28, 96, 40, 95, 75, 2]","[4, 97]","[9, 26, 28, 96, 40, 95, 75]",[2],[97],[4],2,0.41077500581741333,"{""0"": 1.7708361148834229, ""1"": 1.4731626510620117}",0,0,"[9, 26, 28, 40, 75, 2]","[4, 97, 96, 95]","[9, 26, 28, 40, 75, 2]","[4, 97, 96, 95]","[9, 26, 28, 40, 75]",[2],"[97, 96, 95]",[4],"[9, 26, 28, 40, 75, 2]","[4, 97, 96, 95]","[9, 26, 28, 40, 75]",[2],"[97, 96, 95]",[4],5,1,3,1
232,10,5,"[1, 27, 99, 62, 39, 30, 23, 56, 74, 92]","[27, 99, 62, 39, 30, 23, 56, 74, 92]",[1],0.8599498339566352,0.1368989924075233,2.0,0,0,"[1, 27, 99, 62, 39, 30, 23, 56, 74, 92]",[],"[1, 27, 99, 62, 39, 30, 23, 56, 74, 92]",[],"[27, 99, 62, 39, 30, 23, 56, 74, 92]",[1],[],[],4,0.30169254541397095,"{""0"": 2.3015799522399902, ""1"": 2.9903464317321777, ""2"": -1.0, ""3"": -1.0}",1,0,"[27, 23, 74, 92]","[1, 99, 62, 39, 30, 56]","[27, 23, 74, 92]","[1, 99, 62, 39, 30, 56]","[27, 23, 74, 92]",[],"[99, 62, 39, 30, 56]",[1],"[27, 23, 74, 92]","[1, 99, 62, 39, 30, 56]","[27, 23, 74, 92]",[],"[99, 62, 39, 30, 56]",[1],4,0,5,1
233,10,5,"[1, 98, 36, 80, 37, 13, 71, 0, 12, 90]","[98, 36, 80, 37, 13, 71, 12, 90]","[1, 0]",0.7521987470002216,0.07858130098228189,2.0,0,0,"[1, 98, 36, 80, 37, 13, 12, 90]","[71, 0]","[1, 98, 36, 80, 37, 13, 12, 90]","[71, 0]","[98, 36, 80, 37, 13, 12, 90]",[1],[71],[0],2,0.5931015014648438,"{""0"": 3.551952838897705, ""1"": -1.0}",0,0,"[1, 98, 36, 80, 37, 12, 90]","[13, 71, 0]","[1, 98, 36, 80, 37, 12, 90]","[13, 71, 0]","[98, 36, 80, 37, 12, 90]",[1],"[13, 71]",[0],"[1, 98, 36, 80, 37, 12, 90]","[13, 71, 0]","[98, 36, 80, 37, 12, 90]",[1],"[13, 71]",[0],6,1,2,1
234,10,5,"[3, 87, 74, 82, 46, 79, 16, 83, 89, 23]","[87, 74, 82, 46, 79, 16, 83, 89, 23]",[3],0.7639734242342148,0.06384762986907344,2.0,0,0,"[3, 87, 74, 82, 16, 83, 23]","[46, 79, 89]","[3, 87, 74, 82, 16, 83, 23]","[46, 79, 89]","[87, 74, 82, 16, 83, 23]",[3],"[46, 79, 89]",[],3,0.46864160895347595,"{""0"": 4.132821559906006, ""1"": -1.0, ""2"": -1.0}",0,0,"[87, 74, 16, 83, 23]","[3, 82, 46, 79, 89]","[87, 74, 16, 83, 23]","[3, 82, 46, 79, 89]","[87, 74, 16, 83, 23]",[],"[82, 46, 79, 89]",[3],"[87, 74, 16, 83, 23]","[3, 82, 46, 79, 89]","[87, 74, 16, 83, 23]",[],"[82, 46, 79, 89]",[3],5,0,4,1
235,10,5,"[4, 39, 54, 34, 6, 32, 9, 14, 70, 20]","[39, 54, 34, 6, 32, 9, 14, 70, 20]",[4],0.7132803232536216,0.06567248944941201,2.0,0,0,"[4, 39, 34, 6, 14, 70, 20]","[54, 32, 9]","[4, 39, 34, 6, 14, 70, 20]","[54, 32, 9]","[39, 34, 6, 14, 70, 20]",[4],"[54, 32, 9]",[],2,0.5188596248626709,"{""0"": 4.397209644317627, ""1"": -1.0}",0,0,"[39, 34, 6, 14, 70, 20]","[4, 54, 32, 9]","[39, 34, 6, 14, 70, 20]","[4, 54, 32, 9]","[39, 34, 6, 14, 70, 20]",[],"[54, 32, 9]",[4],"[39, 34, 6, 14, 70, 20]","[4, 54, 32, 9]","[39, 34, 6, 14, 70, 20]",[],"[54, 32, 9]",[4],6,0,3,1
236,10,5,"[4, 60, 77, 13, 34, 56, 46, 76, 45, 11]","[60, 77, 13, 34, 56, 46, 76, 45, 11]",[4],0.7554438201132658,0.10402454034702635,2.0,0,0,"[4, 60, 77, 13, 34, 56, 46, 76, 45, 11]",[],"[4, 60, 77, 13, 34, 56, 46, 76, 45, 11]",[],"[60, 77, 13, 34, 56, 46, 76, 45, 11]",[4],[],[],2,0.38674840331077576,"{""0"": 0.43730729818344116, ""1"": -1.0}",0,0,"[4, 60, 77, 34, 56, 46, 76, 45, 11]",[13],"[4, 60, 77, 34, 56, 46, 76, 45, 11]",[13],"[60, 77, 34, 56, 46, 76, 45, 11]",[4],[13],[],"[4, 60, 77, 34, 56, 46, 76, 45, 11]",[13],"[60, 77, 34, 56, 46, 76, 45, 11]",[4],[13],[],8,1,1,0
237,10,5,"[1, 4, 25, 30, 73, 96, 8, 48, 78, 50]","[25, 30, 73, 96, 8, 48, 78, 50]","[1, 4]",0.7784324661511168,0.06952343719018311,2.0,0,0,"[1, 4, 25, 30, 96, 8]","[73, 48, 78, 50]","[1, 4, 25, 30, 96, 8]","[73, 48, 78, 50]","[25, 30, 96, 8]","[1, 4]","[73, 48, 78, 50]",[],2,0.32843831181526184,"{""0"": 0.42186057567596436, ""1"": -1.0}",0,0,"[1, 4, 30, 96, 8]","[25, 73, 48, 78, 50]","[1, 4, 30, 96, 8]","[25, 73, 48, 78, 50]","[30, 96, 8]","[1, 4]","[25, 73, 48, 78, 50]",[],"[1, 4, 30, 96, 8]","[25, 73, 48, 78, 50]","[30, 96, 8]","[1, 4]","[25, 73, 48, 78, 50]",[],3,2,5,0
238,10,5,"[3, 88, 56, 83, 75, 33, 20, 28, 74, 38]","[88, 56, 83, 75, 33, 20, 28, 74, 38]",[3],0.7915670188997723,0.14775890874544662,2.0,0,0,"[3, 56, 83, 75, 33, 20, 28, 74, 38]",[88],"[3, 56, 83, 75, 33, 20, 28, 74, 38]",[88],"[56, 83, 75, 33, 20, 28, 74, 38]",[3],[88],[],2,0.5043957233428955,"{""0"": 4.017368793487549, ""1"": -1.0}",0,0,"[3, 56, 83, 33, 20, 28, 74, 38]","[88, 75]","[3, 56, 83, 33, 20, 28, 74, 38]","[88, 75]","[56, 83, 33, 20, 28, 74, 38]",[3],"[88, 75]",[],"[3, 56, 83, 33, 20, 28, 74, 38]","[88, 75]","[56, 83, 33, 20, 28, 74, 38]",[3],"[88, 75]",[],7,1,2,0
239,10,5,"[1, 72, 87, 27, 93, 62, 46, 96, 37, 21]","[72, 87, 27, 93, 62, 46, 96, 37, 21]",[1],0.6944447295809089,0.13209372518970341,2.0,0,0,"[1, 72, 87, 27, 93, 62, 46, 96, 37, 21]",[],"[1, 72, 87, 27, 93, 62, 46, 96, 37, 21]",[],"[72, 87, 27, 93, 62, 46, 96, 37, 21]",[1],[],[],3,0.2745805084705353,"{""0"": 2.046937942504883, ""1"": 2.898327350616455, ""2"": -1.0}",1,0,"[1, 27, 93, 62, 37]","[72, 87, 46, 96, 21]","[1, 27, 93, 62, 37]","[72, 87, 46, 96, 21]","[27, 93, 62, 37]",[1],"[72, 87, 46, 96, 21]",[],"[1, 27, 93, 62, 37]","[72, 87, 46, 96, 21]","[27, 93, 62, 37]",[1],"[72, 87, 46, 96, 21]",[],4,1,5,0
240,10,5,"[4, 65, 39, 50, 32, 61, 93, 62, 31, 40]","[65, 39, 50, 32, 61, 93, 62, 31, 40]",[4],0.6968705591388747,0.10696480439021144,2.0,0,0,"[4, 65, 39, 50, 32, 61, 93, 62, 40]",[31],"[4, 65, 39, 50, 32, 61, 93, 62, 40]",[31],"[65, 39, 50, 32, 61, 93, 62, 40]",[4],[31],[],3,0.45245397090911865,"{""0"": 3.0718202590942383, ""1"": 1.841829776763916, ""2"": 1.5708866119384766}",0,0,"[4, 50, 61, 93, 62]","[65, 39, 32, 31, 40]","[4, 50, 61, 93, 62]","[65, 39, 32, 31, 40]","[50, 61, 93, 62]",[4],"[65, 39, 32, 31, 40]",[],"[4, 50, 61, 93, 62]","[65, 39, 32, 31, 40]","[50, 61, 93, 62]",[4],"[65, 39, 32, 31, 40]",[],4,1,5,0
241,10,5,"[4, 81, 42, 7, 95, 32, 1, 94, 23, 58]","[81, 42, 7, 95, 32, 94, 23, 58]","[4, 1]",0.7126004401519974,0.15637236887433342,2.0,0,0,"[4, 81, 42, 7, 95, 32, 1, 94, 23, 58]",[],"[4, 81, 42, 7, 95, 32, 1, 94, 23, 58]",[],"[81, 42, 7, 95, 32, 94, 23, 58]","[4, 1]",[],[],2,0.46093758940696716,"{""0"": 0.5938901901245117, ""1"": -1.0}",0,0,"[4, 81, 42, 7, 32, 1, 94, 23, 58]",[95],"[4, 81, 42, 7, 32, 1, 94, 23, 58]",[95],"[81, 42, 7, 32, 94, 23, 58]","[4, 1]",[95],[],"[4, 81, 42, 7, 32, 1, 94, 23, 58]",[95],"[81, 42, 7, 32, 94, 23, 58]","[4, 1]",[95],[],7,2,1,0
242,10,5,"[3, 18, 88, 11, 59, 74, 27, 10, 52, 21]","[18, 88, 11, 59, 74, 27, 10, 52, 21]",[3],0.7457416163978472,0.1358679105918214,2.0,0,0,"[3, 18, 11, 59, 74, 27, 10, 52, 21]",[88],"[3, 18, 11, 59, 74, 27, 10, 52, 21]",[88],"[18, 11, 59, 74, 27, 10, 52, 21]",[3],[88],[],2,0.527446985244751,"{""0"": 5.748874664306641, ""1"": -1.0}",0,0,"[3, 18, 11, 59, 74, 27, 52, 21]","[88, 10]","[3, 18, 11, 59, 74, 27, 52, 21]","[88, 10]","[18, 11, 59, 74, 27, 52, 21]",[3],"[88, 10]",[],"[3, 18, 11, 59, 74, 27, 52, 21]","[88, 10]","[18, 11, 59, 74, 27, 52, 21]",[3],"[88, 10]",[],7,1,2,0
243,10,5,"[2, 6, 43, 46, 26, 21, 55, 57, 80, 78]","[6, 43, 46, 26, 21, 55, 57, 80, 78]",[2],0.6765504295442363,0.11805694569848252,2.0,0,0,"[2, 6, 46, 26, 21, 55, 57, 80, 78]",[43],"[2, 6, 46, 26, 21, 55, 57, 80, 78]",[43],"[6, 46, 26, 21, 55, 57, 80, 78]",[2],[43],[],2,0.3860727548599243,"{""0"": 1.2300009727478027, ""1"": -1.0}",0,0,"[6, 46, 26, 21, 55, 57, 80, 78]","[2, 43]","[6, 46, 26, 21, 55, 57, 80, 78]","[2, 43]","[6, 46, 26, 21, 55, 57, 80, 78]",[],[43],[2],"[6, 46, 26, 21, 55, 57, 80, 78]","[2, 43]","[6, 46, 26, 21, 55, 57, 80, 78]",[],[43],[2],8,0,1,1
244,10,5,"[1, 36, 84, 82, 40, 87, 90, 66, 32, 89]","[36, 84, 82, 40, 87, 90, 66, 32, 89]",[1],0.6725737083366634,0.061462607344426046,2.0,0,0,"[1, 36, 84, 82, 40, 90, 66, 32, 89]",[87],"[1, 36, 84, 82, 40, 90, 66, 32, 89]",[87],"[36, 84, 82, 40, 90, 66, 32, 89]",[1],[87],[],4,0.35666048526763916,"{""0"": 1.8885257244110107, ""1"": 1.9195473194122314, ""2"": -1.0, ""3"": -1.0}",1,0,"[36, 40]","[1, 84, 82, 87, 90, 66, 32, 89]","[36, 40]","[1, 84, 82, 87, 90, 66, 32, 89]","[36, 40]",[],"[84, 82, 87, 90, 66, 32, 89]",[1],"[36, 40]","[1, 84, 82, 87, 90, 66, 32, 89]","[36, 40]",[],"[84, 82, 87, 90, 66, 32, 89]",[1],2,0,7,1
245,10,5,"[3, 19, 51, 72, 92, 60, 98, 91, 63, 76]","[19, 51, 72, 92, 60, 98, 91, 63, 76]",[3],1.0199958326508625,0.11842301869861749,2.0,0,0,"[3, 51, 72, 92, 60, 98, 91, 63, 76]",[19],"[3, 51, 72, 92, 60, 98, 91, 63, 76]",[19],"[51, 72, 92, 60, 98, 91, 63, 76]",[3],[19],[],2,0.4418092966079712,"{""0"": 0.8163720369338989, ""1"": -1.0}",0,0,"[3, 72, 92, 60, 98, 91, 63, 76]","[19, 51]","[3, 72, 92, 60, 98, 91, 63, 76]","[19, 51]","[72, 92, 60, 98, 91, 63, 76]",[3],"[19, 51]",[],"[3, 72, 92, 60, 98, 91, 63, 76]","[19, 51]","[72, 92, 60, 98, 91, 63, 76]",[3],"[19, 51]",[],7,1,2,0
246,10,5,"[1, 94, 66, 86, 68, 73, 35, 77, 11, 22]","[94, 66, 86, 68, 73, 35, 77, 11, 22]",[1],0.8282770809633756,0.05604767401059363,2.0,0,0,"[1, 94, 66, 86, 68, 35, 77, 11]","[73, 22]","[1, 94, 66, 86, 68, 35, 77, 11]","[73, 22]","[94, 66, 86, 68, 35, 77, 11]",[1],"[73, 22]",[],4,0.5118983387947083,"{""0"": 1.3852232694625854, ""1"": 1.9743373394012451, ""2"": 1.9055343866348267, ""3"": 1.97487211227417}",3,0,"[86, 68]","[1, 94, 66, 73, 35, 77, 11, 22]","[86, 68]","[1, 94, 66, 73, 35, 77, 11, 22]","[86, 68]",[],"[94, 66, 73, 35, 77, 11, 22]",[1],"[86, 68]","[1, 94, 66, 73, 35, 77, 11, 22]","[86, 68]",[],"[94, 66, 73, 35, 77, 11, 22]",[1],2,0,7,1
247,10,5,"[4, 56, 57, 22, 65, 63, 62, 33, 64, 69]","[56, 57, 22, 65, 63, 62, 33, 64, 69]",[4],0.755759551985653,0.1364211725728281,2.0,0,0,"[4, 56, 57, 22, 65, 63, 62, 33, 64, 69]",[],"[4, 56, 57, 22, 65, 63, 62, 33, 64, 69]",[],"[56, 57, 22, 65, 63, 62, 33, 64, 69]",[4],[],[],4,0.33328017592430115,"{""0"": 2.694899559020996, ""1"": 3.5439658164978027, ""2"": -1.0, ""3"": -1.0}",1,0,"[56, 57, 63, 62, 64]","[4, 22, 65, 33, 69]","[56, 57, 63, 62, 64]","[4, 22, 65, 33, 69]","[56, 57, 63, 62, 64]",[],"[22, 65, 33, 69]",[4],"[56, 57, 63, 62, 64]","[4, 22, 65, 33, 69]","[56, 57, 63, 62, 64]",[],"[22, 65, 33, 69]",[4],5,0,4,1
248,10,5,"[3, 79, 11, 7, 38, 2, 57, 49, 91, 22]","[79, 11, 7, 38, 57, 49, 91, 22]","[3, 2]",0.6493751511360915,0.08473432429436967,2.0,0,0,"[3, 79, 11, 7, 38, 57, 91, 22]","[2, 49]","[3, 79, 11, 7, 38, 57, 91, 22]","[2, 49]","[79, 11, 7, 38, 57, 91, 22]",[3],[49],[2],2,0.441694438457489,"{""0"": 2.7593472003936768, ""1"": -1.0}",0,0,"[3, 11, 7, 38, 57, 91, 22]","[79, 2, 49]","[3, 11, 7, 38, 57, 91, 22]","[79, 2, 49]","[11, 7, 38, 57, 91, 22]",[3],"[79, 49]",[2],"[3, 11, 7, 38, 57, 91, 22]","[79, 2, 49]","[11, 7, 38, 57, 91, 22]",[3],"[79, 49]",[2],6,1,2,1
249,10,5,"[4, 49, 80, 41, 24, 96, 37, 13, 63, 29]","[49, 80, 41, 24, 96, 37, 13, 63, 29]",[4],0.7284319023062215,0.12071131142851166,2.0,0,0,"[4, 80, 41, 24, 96, 37, 13, 63, 29]",[49],"[4, 80, 41, 24, 96, 37, 13, 63, 29]",[49],"[80, 41, 24, 96, 37, 13, 63, 29]",[4],[49],[],3,0.4589727818965912,"{""0"": 2.432105541229248, ""1"": -1.0, ""2"": -1.0}",0,0,"[80, 24, 96, 37, 13, 63, 29]","[4, 49, 41]","[80, 24, 96, 37, 13, 63, 29]","[4, 49, 41]","[80, 24, 96, 37, 13, 63, 29]",[],"[49, 41]",[4],"[80, 24, 96, 37, 13, 63, 29]","[4, 49, 41]","[80, 24, 96, 37, 13, 63, 29]",[],"[49, 41]",[4],7,0,2,1
250,10,5,"[0, 86, 66, 7, 19, 3, 37, 34, 10, 91]","[86, 66, 7, 19, 37, 34, 10, 91]","[0, 3]",0.6962961577931968,0.19400335034707727,2.0,0,0,"[0, 86, 66, 7, 19, 3, 37, 34, 10, 91]",[],"[0, 86, 66, 7, 19, 3, 37, 34, 10, 91]",[],"[86, 66, 7, 19, 37, 34, 10, 91]","[0, 3]",[],[],2,0.6113593578338623,"{""0"": 3.245830535888672, ""1"": -1.0}",0,0,"[86, 66, 7, 19, 3, 37, 34, 10, 91]",[0],"[86, 66, 7, 19, 3, 37, 34, 10, 91]",[0],"[86, 66, 7, 19, 37, 34, 10, 91]",[3],[],[0],"[86, 66, 7, 19, 3, 37, 34, 10, 91]",[0],"[86, 66, 7, 19, 37, 34, 10, 91]",[3],[],[0],8,1,0,1
251,10,5,"[0, 59, 14, 73, 9, 18, 77, 36, 32, 89]","[59, 14, 73, 9, 18, 77, 36, 32, 89]",[0],1.1078707172952242,0.1266454826158232,2.0,0,0,"[0, 59, 14, 73, 9, 18, 77, 36, 32, 89]",[],"[0, 59, 14, 73, 9, 18, 77, 36, 32, 89]",[],"[59, 14, 73, 9, 18, 77, 36, 32, 89]",[0],[],[],2,0.5230754017829895,"{""0"": 0.6229516267776489, ""1"": -1.0}",0,0,"[0, 59, 14, 9, 18, 77, 36, 32, 89]",[73],"[0, 59, 14, 9, 18, 77, 36, 32, 89]",[73],"[59, 14, 9, 18, 77, 36, 32, 89]",[0],[73],[],"[0, 59, 14, 9, 18, 77, 36, 32, 89]",[73],"[59, 14, 9, 18, 77, 36, 32, 89]",[0],[73],[],8,1,1,0
252,10,5,"[1, 59, 8, 24, 55, 47, 57, 68, 13, 38]","[59, 8, 24, 55, 47, 57, 68, 13, 38]",[1],0.8500780337680347,0.09468117166001544,2.0,0,0,"[1, 59, 8, 24, 55, 57, 68, 13, 38]",[47],"[1, 59, 8, 24, 55, 57, 68, 13, 38]",[47],"[59, 8, 24, 55, 57, 68, 13, 38]",[1],[47],[],2,0.35227876901626587,"{""0"": 0.5539491176605225, ""1"": -1.0}",0,0,"[1, 8, 24, 55, 57, 68, 13, 38]","[59, 47]","[1, 8, 24, 55, 57, 68, 13, 38]","[59, 47]","[8, 24, 55, 57, 68, 13, 38]",[1],"[59, 47]",[],"[1, 8, 24, 55, 57, 68, 13, 38]","[59, 47]","[8, 24, 55, 57, 68, 13, 38]",[1],"[59, 47]",[],7,1,2,0
253,10,5,"[4, 51, 29, 46, 41, 3, 11, 75, 27, 48]","[51, 29, 46, 41, 11, 75, 27, 48]","[4, 3]",0.7328412319720312,0.13938482148488374,2.0,0,0,"[4, 51, 29, 46, 41, 3, 11, 75, 27, 48]",[],"[4, 51, 29, 46, 41, 3, 11, 75, 27, 48]",[],"[51, 29, 46, 41, 11, 75, 27, 48]","[4, 3]",[],[],2,0.3544657230377197,"{""0"": 1.190509557723999, ""1"": 1.1989835500717163}",1,0,"[46, 41]","[4, 51, 29, 3, 11, 75, 27, 48]","[46, 41]","[4, 51, 29, 3, 11, 75, 27, 48]","[46, 41]",[],"[51, 29, 11, 75, 27, 48]","[4, 3]","[46, 41]","[4, 51, 29, 3, 11, 75, 27, 48]","[46, 41]",[],"[51, 29, 11, 75, 27, 48]","[4, 3]",2,0,6,2
254,10,5,"[1, 9, 85, 11, 4, 15, 93, 42, 66, 39]","[9, 85, 11, 15, 93, 42, 66, 39]","[1, 4]",0.9482105017306719,0.06779399992075386,2.0,0,0,"[1, 9, 85, 11, 4, 15, 93, 66, 39]",[42],"[1, 9, 85, 11, 4, 15, 93, 66, 39]",[42],"[9, 85, 11, 15, 93, 66, 39]","[1, 4]",[42],[],3,0.30097323656082153,"{""0"": 2.3727152347564697, ""1"": 2.3645546436309814, ""2"": -1.0}",0,0,"[9, 85, 15, 93, 66]","[1, 11, 4, 42, 39]","[9, 85, 15, 93, 66]","[1, 11, 4, 42, 39]","[9, 85, 15, 93, 66]",[],"[11, 42, 39]","[1, 4]","[9, 85, 15, 93, 66]","[1, 11, 4, 42, 39]","[9, 85, 15, 93, 66]",[],"[11, 42, 39]","[1, 4]",5,0,3,2
255,10,5,"[2, 51, 57, 29, 12, 62, 8, 89, 6, 93]","[51, 57, 29, 12, 62, 8, 89, 6, 93]",[2],0.7127711361114835,0.161079484715413,2.0,0,0,"[2, 51, 57, 29, 12, 62, 8, 89, 6, 93]",[],"[2, 51, 57, 29, 12, 62, 8, 89, 6, 93]",[],"[51, 57, 29, 12, 62, 8, 89, 6, 93]",[2],[],[],5,0.4076746106147766,"{""0"": 3.078378677368164, ""1"": 1.8907759189605713, ""2"": -1.0, ""3"": -1.0, ""4"": -1.0}",0,0,"[57, 29, 12, 8, 93]","[2, 51, 62, 89, 6]","[57, 29, 12, 8, 93]","[2, 51, 62, 89, 6]","[57, 29, 12, 8, 93]",[],"[51, 62, 89, 6]",[2],"[57, 29, 12, 8, 93]","[2, 51, 62, 89, 6]","[57, 29, 12, 8, 93]",[],"[51, 62, 89, 6]",[2],5,0,4,1
256,10,5,"[0, 86, 89, 60, 36, 73, 25, 12, 58, 47]","[86, 89, 60, 36, 73, 25, 12, 58, 47]",[0],0.8486060964959816,0.16117161448226414,2.0,0,0,"[0, 86, 89, 60, 36, 73, 25, 58]","[12, 47]","[0, 86, 89, 60, 36, 73, 25, 58]","[12, 47]","[86, 89, 60, 36, 73, 25, 58]",[0],"[12, 47]",[],2,0.45980337262153625,"{""0"": 2.244771718978882, ""1"": -1.0}",0,0,"[0, 86, 89, 60, 36, 25, 58]","[73, 12, 47]","[0, 86, 89, 60, 36, 25, 58]","[73, 12, 47]","[86, 89, 60, 36, 25, 58]",[0],"[73, 12, 47]",[],"[0, 86, 89, 60, 36, 25, 58]","[73, 12, 47]","[86, 89, 60, 36, 25, 58]",[0],"[73, 12, 47]",[],6,1,3,0
257,10,5,"[3, 4, 64, 30, 0, 24, 14, 91, 90, 57]","[64, 30, 24, 14, 91, 90, 57]","[3, 4, 0]",1.0570744389895612,0.10433545787219167,2.0,0,0,"[3, 4, 64, 30, 14, 91, 90, 57]","[0, 24]","[3, 4, 64, 30, 14, 91, 90, 57]","[0, 24]","[64, 30, 14, 91, 90, 57]","[3, 4]",[24],[0],2,0.5863156318664551,"{""0"": 0.1406230330467224, ""1"": -1.0}",0,0,"[3, 64, 30, 14, 91, 90, 57]","[4, 0, 24]","[3, 64, 30, 14, 91, 90, 57]","[4, 0, 24]","[64, 30, 14, 91, 90, 57]",[3],[24],"[4, 0]","[3, 64, 30, 14, 91, 90, 57]","[4, 0, 24]","[64, 30, 14, 91, 90, 57]",[3],[24],"[4, 0]",6,1,1,2
258,10,5,"[1, 59, 28, 31, 77, 62, 82, 85, 6, 11]","[59, 28, 31, 77, 62, 82, 85, 6, 11]",[1],0.8305821773926891,0.19708345675942318,2.0,0,0,"[1, 59, 28, 31, 77, 62, 82, 85, 6, 11]",[],"[1, 59, 28, 31, 77, 62, 82, 85, 6, 11]",[],"[59, 28, 31, 77, 62, 82, 85, 6, 11]",[1],[],[],2,0.5883078575134277,"{""0"": 1.3869163990020752, ""1"": 1.9852054119110107}",1,0,"[59, 82]","[1, 28, 31, 77, 62, 85, 6, 11]","[59, 82]","[1, 28, 31, 77, 62, 85, 6, 11]","[59, 82]",[],"[28, 31, 77, 62, 85, 6, 11]",[1],"[59, 82]","[1, 28, 31, 77, 62, 85, 6, 11]","[59, 82]",[],"[28, 31, 77, 62, 85, 6, 11]",[1],2,0,7,1
259,10,5,"[0, 13, 85, 38, 73, 22, 53, 21, 10, 71]","[13, 85, 38, 73, 22, 53, 21, 10, 71]",[0],0.9822243570576249,0.0658443967639426,2.0,0,0,"[0, 13, 85, 38, 22, 53, 21, 71]","[73, 10]","[0, 13, 85, 38, 22, 53, 21, 71]","[73, 10]","[13, 85, 38, 22, 53, 21, 71]",[0],"[73, 10]",[],2,0.3953486382961273,"{""0"": 0.3754010796546936, ""1"": -1.0}",0,0,"[13, 85, 38, 22, 53, 21, 71]","[0, 73, 10]","[13, 85, 38, 22, 53, 21, 71]","[0, 73, 10]","[13, 85, 38, 22, 53, 21, 71]",[],"[73, 10]",[0],"[13, 85, 38, 22, 53, 21, 71]","[0, 73, 10]","[13, 85, 38, 22, 53, 21, 71]",[],"[73, 10]",[0],7,0,2,1
260,10,5,"[4, 21, 93, 87, 34, 1, 0, 54, 10, 27]","[21, 93, 87, 34, 54, 10, 27]","[4, 1, 0]",0.6243574146879771,0.10158077190702641,2.0,0,0,"[4, 21, 93, 87, 34, 1, 10, 27]","[0, 54]","[4, 21, 93, 87, 34, 1, 10, 27]","[0, 54]","[21, 93, 87, 34, 10, 27]","[4, 1]",[54],[0],2,0.7073588967323303,"{""0"": 6.179988384246826, ""1"": -1.0}",0,0,"[4, 21, 93, 87, 34, 1, 27]","[0, 54, 10]","[4, 21, 93, 87, 34, 1, 27]","[0, 54, 10]","[21, 93, 87, 34, 27]","[4, 1]","[54, 10]",[0],"[4, 21, 93, 87, 34, 1, 27]","[0, 54, 10]","[21, 93, 87, 34, 27]","[4, 1]","[54, 10]",[0],5,2,2,1
261,10,5,"[4, 49, 43, 35, 89, 76, 55, 52, 7, 22]","[49, 43, 35, 89, 76, 55, 52, 7, 22]",[4],1.139106864574591,0.19500001384150145,2.0,0,0,"[4, 49, 43, 35, 89, 76, 55, 52, 7, 22]",[],"[4, 49, 43, 35, 89, 76, 55, 52, 7, 22]",[],"[49, 43, 35, 89, 76, 55, 52, 7, 22]",[4],[],[],4,0.37727466225624084,"{""0"": 1.5731711387634277, ""1"": 3.807300567626953, ""2"": 1.8699560165405273, ""3"": -1.0}",1,0,"[4, 35, 76, 55, 22]","[49, 43, 89, 52, 7]","[4, 35, 76, 55, 22]","[49, 43, 89, 52, 7]","[35, 76, 55, 22]",[4],"[49, 43, 89, 52, 7]",[],"[4, 35, 76, 55, 22]","[49, 43, 89, 52, 7]","[35, 76, 55, 22]",[4],"[49, 43, 89, 52, 7]",[],4,1,5,0
262,10,5,"[2, 11, 35, 32, 44, 70, 93, 6, 36, 61]","[11, 35, 32, 44, 70, 93, 6, 36, 61]",[2],0.6842390947014481,0.1232365637068995,2.0,0,0,"[2, 11, 35, 44, 70, 93, 6, 36, 61]",[32],"[2, 11, 35, 44, 70, 93, 6, 36, 61]",[32],"[11, 35, 44, 70, 93, 6, 36, 61]",[2],[32],[],2,0.7597262859344482,"{""0"": 3.6238155364990234, ""1"": -1.0}",0,0,"[11, 35, 44, 70, 93, 6, 36, 61]","[2, 32]","[11, 35, 44, 70, 93, 6, 36, 61]","[2, 32]","[11, 35, 44, 70, 93, 6, 36, 61]",[],[32],[2],"[11, 35, 44, 70, 93, 6, 36, 61]","[2, 32]","[11, 35, 44, 70, 93, 6, 36, 61]",[],[32],[2],8,0,1,1
263,10,5,"[0, 9, 72, 92, 4, 5, 39, 44, 7, 11]","[9, 72, 92, 5, 39, 44, 7, 11]","[0, 4]",0.9386116825061033,0.06906943801699955,2.0,0,0,"[0, 9, 72, 92, 4, 5, 39, 7, 11]",[44],"[0, 9, 72, 92, 4, 5, 39, 7, 11]",[44],"[9, 72, 92, 5, 39, 7, 11]","[0, 4]",[44],[],3,0.4043505787849426,"{""0"": 1.3229116201400757, ""1"": 1.9226601123809814, ""2"": -1.0}",1,0,"[7, 11]","[0, 9, 72, 92, 4, 5, 39, 44]","[7, 11]","[0, 9, 72, 92, 4, 5, 39, 44]","[7, 11]",[],"[9, 72, 92, 5, 39, 44]","[0, 4]","[7, 11]","[0, 9, 72, 92, 4, 5, 39, 44]","[7, 11]",[],"[9, 72, 92, 5, 39, 44]","[0, 4]",2,0,6,2
264,10,5,"[2, 96, 32, 9, 91, 15, 74, 42, 79, 81]","[96, 32, 9, 91, 15, 74, 42, 79, 81]",[2],0.9211641325161073,0.1245607071640078,2.0,0,0,"[2, 96, 32, 9, 91, 15, 42, 79, 81]",[74],"[2, 96, 32, 9, 91, 15, 42, 79, 81]",[74],"[96, 32, 9, 91, 15, 42, 79, 81]",[2],[74],[],2,0.25653591752052307,"{""0"": 1.1228357553482056, ""1"": 1.63134765625}",1,0,"[2, 42]","[96, 32, 9, 91, 15, 74, 79, 81]","[2, 42]","[96, 32, 9, 91, 15, 74, 79, 81]",[42],[2],"[96, 32, 9, 91, 15, 74, 79, 81]",[],"[2, 42]","[96, 32, 9, 91, 15, 74, 79, 81]",[42],[2],"[96, 32, 9, 91, 15, 74, 79, 81]",[],1,1,8,0
265,10,5,"[3, 8, 20, 62, 52, 77, 25, 90, 36, 97]","[8, 20, 62, 52, 77, 25, 90, 36, 97]",[3],1.1556562578063572,0.07711381788857363,2.0,0,0,"[8, 20, 62, 52, 77, 25, 90, 36, 97]",[3],"[8, 20, 62, 52, 77, 25, 90, 36, 97]",[3],"[8, 20, 62, 52, 77, 25, 90, 36, 97]",[],[],[3],3,0.5423240661621094,"{""0"": 3.995304584503174, ""1"": 1.890247106552124, ""2"": -1.0}",0,0,"[62, 52, 77, 25, 90, 36]","[3, 8, 20, 97]","[62, 52, 77, 25, 90, 36]","[3, 8, 20, 97]","[62, 52, 77, 25, 90, 36]",[],"[8, 20, 97]",[3],"[62, 52, 77, 25, 90, 36]","[3, 8, 20, 97]","[62, 52, 77, 25, 90, 36]",[],"[8, 20, 97]",[3],6,0,3,1
266,10,5,"[3, 63, 78, 56, 54, 7, 42, 33, 65, 43]","[63, 78, 56, 54, 7, 42, 33, 65, 43]",[3],0.8087787610334028,0.12419141740838252,2.0,0,0,"[3, 63, 78, 56, 7, 42, 33, 65, 43]",[54],"[3, 63, 78, 56, 7, 42, 33, 65, 43]",[54],"[63, 78, 56, 7, 42, 33, 65, 43]",[3],[54],[],2,0.6350352764129639,"{""0"": 3.587831497192383, ""1"": 1.973039150238037}",0,0,"[63, 78, 7, 42, 33, 65, 43]","[3, 56, 54]","[63, 78, 7, 42, 33, 65, 43]","[3, 56, 54]","[63, 78, 7, 42, 33, 65, 43]",[],"[56, 54]",[3],"[63, 78, 7, 42, 33, 65, 43]","[3, 56, 54]","[63, 78, 7, 42, 33, 65, 43]",[],"[56, 54]",[3],7,0,2,1
267,10,5,"[3, 20, 41, 61, 45, 1, 35, 22, 23, 40]","[20, 41, 61, 45, 35, 22, 23, 40]","[3, 1]",0.7738879413928103,0.07978421975047567,2.0,0,0,"[3, 20, 41, 61, 45, 1, 35, 23, 40]",[22],"[3, 20, 41, 61, 45, 1, 35, 23, 40]",[22],"[20, 41, 61, 45, 35, 23, 40]","[3, 1]",[22],[],3,0.35053104162216187,"{""0"": 2.6740493774414062, ""1"": 2.737227201461792, ""2"": -1.0}",1,0,"[61, 45, 1, 35]","[3, 20, 41, 22, 23, 40]","[61, 45, 1, 35]","[3, 20, 41, 22, 23, 40]","[61, 45, 35]",[1],"[20, 41, 22, 23, 40]",[3],"[61, 45, 1, 35]","[3, 20, 41, 22, 23, 40]","[61, 45, 35]",[1],"[20, 41, 22, 23, 40]",[3],3,1,5,1
268,10,5,"[3, 34, 97, 8, 50, 76, 85, 96, 89, 65]","[34, 97, 8, 50, 76, 85, 96, 89, 65]",[3],0.7594053284418846,0.15175928413465234,2.0,0,0,"[3, 34, 8, 50, 76, 85, 96, 89, 65]",[97],"[3, 34, 8, 50, 76, 85, 96, 89, 65]",[97],"[34, 8, 50, 76, 85, 96, 89, 65]",[3],[97],[],2,0.45147281885147095,"{""0"": 1.8958890438079834, ""1"": -1.0}",0,0,"[3, 34, 50, 76, 85, 96, 89, 65]","[97, 8]","[3, 34, 50, 76, 85, 96, 89, 65]","[97, 8]","[34, 50, 76, 85, 96, 89, 65]",[3],"[97, 8]",[],"[3, 34, 50, 76, 85, 96, 89, 65]","[97, 8]","[34, 50, 76, 85, 96, 89, 65]",[3],"[97, 8]",[],7,1,2,0
269,10,5,"[3, 97, 15, 94, 98, 63, 44, 34, 14, 95]","[97, 15, 94, 98, 63, 44, 34, 14, 95]",[3],0.78292284225504,0.127539409934683,2.0,0,0,"[3, 97, 15, 94, 98, 63, 44, 34, 14, 95]",[],"[3, 97, 15, 94, 98, 63, 44, 34, 14, 95]",[],"[97, 15, 94, 98, 63, 44, 34, 14, 95]",[3],[],[],2,0.5575173497200012,"{""0"": 1.2341841459274292, ""1"": 4.043674468994141}",1,0,"[3, 15, 94, 98, 63, 44, 34, 14]","[97, 95]","[3, 15, 94, 98, 63, 44, 34, 14]","[97, 95]","[15, 94, 98, 63, 44, 34, 14]",[3],"[97, 95]",[],"[3, 15, 94, 98, 63, 44, 34, 14]","[97, 95]","[15, 94, 98, 63, 44, 34, 14]",[3],"[97, 95]",[],7,1,2,0
270,10,5,"[4, 21, 64, 14, 15, 39, 72, 13, 49, 8]","[21, 64, 14, 15, 39, 72, 13, 49, 8]",[4],0.7320220014137528,0.05732615982011008,2.0,0,0,"[4, 21, 64, 15, 39, 72, 13, 49, 8]",[14],"[4, 21, 64, 15, 39, 72, 13, 49, 8]",[14],"[21, 64, 15, 39, 72, 13, 49, 8]",[4],[14],[],2,0.4503413438796997,"{""0"": 2.1103403568267822, ""1"": -1.0}",0,0,"[4, 21, 64, 15, 39, 72, 13, 8]","[14, 49]","[4, 21, 64, 15, 39, 72, 13, 8]","[14, 49]","[21, 64, 15, 39, 72, 13, 8]",[4],"[14, 49]",[],"[4, 21, 64, 15, 39, 72, 13, 8]","[14, 49]","[21, 64, 15, 39, 72, 13, 8]",[4],"[14, 49]",[],7,1,2,0
271,10,5,"[2, 72, 3, 10, 73, 64, 86, 43, 46, 63]","[72, 10, 73, 64, 86, 43, 46, 63]","[2, 3]",0.759714713721573,0.07848643257564442,2.0,0,0,"[2, 72, 3, 10, 64, 86, 43, 46, 63]",[73],"[2, 72, 3, 10, 64, 86, 43, 46, 63]",[73],"[72, 10, 64, 86, 43, 46, 63]","[2, 3]",[73],[],2,0.5202105045318604,"{""0"": 1.6663113832473755, ""1"": -1.0}",0,0,"[72, 3, 10, 64, 86, 43, 46, 63]","[2, 73]","[72, 3, 10, 64, 86, 43, 46, 63]","[2, 73]","[72, 10, 64, 86, 43, 46, 63]",[3],[73],[2],"[72, 3, 10, 64, 86, 43, 46, 63]","[2, 73]","[72, 10, 64, 86, 43, 46, 63]",[3],[73],[2],7,1,1,1
272,10,5,"[0, 72, 22, 52, 63, 95, 71, 49, 42, 6]","[72, 22, 52, 63, 95, 71, 49, 42, 6]",[0],0.8199986412786244,0.12579771852149196,2.0,0,0,"[0, 72, 22, 52, 63, 95, 71, 49, 42, 6]",[],"[0, 72, 22, 52, 63, 95, 71, 49, 42, 6]",[],"[72, 22, 52, 63, 95, 71, 49, 42, 6]",[0],[],[],2,0.54832923412323,"{""0"": 2.3609635829925537, ""1"": -1.0}",0,0,"[72, 22, 52, 63, 95, 71, 49, 42, 6]",[0],"[72, 22, 52, 63, 95, 71, 49, 42, 6]",[0],"[72, 22, 52, 63, 95, 71, 49, 42, 6]",[],[],[0],"[72, 22, 52, 63, 95, 71, 49, 42, 6]",[0],"[72, 22, 52, 63, 95, 71, 49, 42, 6]",[],[],[0],9,0,0,1
273,10,5,"[2, 35, 94, 38, 12, 39, 36, 96, 18, 80]","[35, 94, 38, 12, 39, 36, 96, 18, 80]",[2],0.563948510578602,0.060672506971525375,2.0,0,0,"[2, 35, 94, 38, 12, 39, 36, 96, 18, 80]",[],"[2, 35, 94, 38, 12, 39, 36, 96, 18, 80]",[],"[35, 94, 38, 12, 39, 36, 96, 18, 80]",[2],[],[],4,0.3947393596172333,"{""0"": 2.380951404571533, ""1"": -1.0, ""2"": 1.978182077407837, ""3"": -1.0}",0,0,"[94, 38, 12, 36, 96, 80]","[2, 35, 39, 18]","[94, 38, 12, 36, 96, 80]","[2, 35, 39, 18]","[94, 38, 12, 36, 96, 80]",[],"[35, 39, 18]",[2],"[94, 38, 12, 36, 96, 80]","[2, 35, 39, 18]","[94, 38, 12, 36, 96, 80]",[],"[35, 39, 18]",[2],6,0,3,1
274,10,5,"[2, 99, 19, 96, 52, 64, 81, 3, 68, 69]","[99, 19, 96, 52, 64, 81, 68, 69]","[2, 3]",0.7801428262776424,0.13063541646902216,2.0,0,0,"[2, 99, 19, 96, 52, 64, 81, 3, 68, 69]",[],"[2, 99, 19, 96, 52, 64, 81, 3, 68, 69]",[],"[99, 19, 96, 52, 64, 81, 68, 69]","[2, 3]",[],[],4,0.45896488428115845,"{""0"": 2.904376745223999, ""1"": 1.9999053478240967, ""2"": 1.569602608680725, ""3"": -1.0}",0,0,"[99, 96, 64, 3, 68]","[2, 19, 52, 81, 69]","[99, 96, 64, 3, 68]","[2, 19, 52, 81, 69]","[99, 96, 64, 68]",[3],"[19, 52, 81, 69]",[2],"[99, 96, 64, 3, 68]","[2, 19, 52, 81, 69]","[99, 96, 64, 68]",[3],"[19, 52, 81, 69]",[2],4,1,4,1
275,10,5,"[0, 90, 45, 6, 9, 43, 16, 30, 57, 86]","[90, 45, 6, 9, 43, 16, 30, 57, 86]",[0],0.7144116113856172,0.08763441735075933,2.0,0,0,"[90, 45, 6, 9, 43, 16, 30, 57, 86]",[0],"[90, 45, 6, 9, 43, 16, 30, 57, 86]",[0],"[90, 45, 6, 9, 43, 16, 30, 57, 86]",[],[],[0],2,0.51584392786026,"{""0"": 2.0225343704223633, ""1"": -1.0}",0,0,"[90, 45, 6, 43, 16, 30, 57, 86]","[0, 9]","[90, 45, 6, 43, 16, 30, 57, 86]","[0, 9]","[90, 45, 6, 43, 16, 30, 57, 86]",[],[9],[0],"[90, 45, 6, 43, 16, 30, 57, 86]","[0, 9]","[90, 45, 6, 43, 16, 30, 57, 86]",[],[9],[0],8,0,1,1
276,10,5,"[4, 85, 54, 99, 23, 53, 66, 33, 80, 57]","[85, 54, 99, 23, 53, 66, 33, 80, 57]",[4],0.7786226969097274,0.11199461996457183,2.0,0,0,"[4, 85, 99, 23, 53, 66, 33, 80, 57]",[54],"[4, 85, 99, 23, 53, 66, 33, 80, 57]",[54],"[85, 99, 23, 53, 66, 33, 80, 57]",[4],[54],[],3,0.41550779342651367,"{""0"": 1.2016288042068481, ""1"": 2.7699358463287354, ""2"": 3.8173067569732666}",2,0,"[4, 99, 33, 57]","[85, 54, 23, 53, 66, 80]","[4, 99, 33, 57]","[85, 54, 23, 53, 66, 80]","[99, 33, 57]",[4],"[85, 54, 23, 53, 66, 80]",[],"[4, 99, 33, 57]","[85, 54, 23, 53, 66, 80]","[99, 33, 57]",[4],"[85, 54, 23, 53, 66, 80]",[],3,1,6,0
277,10,5,"[0, 38, 19, 33, 9, 53, 93, 73, 86, 65]","[38, 19, 33, 9, 53, 93, 73, 86, 65]",[0],0.7429423947609115,0.06957502824675987,2.0,0,0,"[38, 19, 33, 9, 53, 93, 86, 65]","[0, 73]","[38, 19, 33, 9, 53, 93, 86, 65]","[0, 73]","[38, 19, 33, 9, 53, 93, 86, 65]",[],[73],[0],2,0.5434926152229309,"{""0"": 5.571434020996094, ""1"": -1.0}",0,0,"[38, 33, 9, 53, 93, 86, 65]","[0, 19, 73]","[38, 33, 9, 53, 93, 86, 65]","[0, 19, 73]","[38, 33, 9, 53, 93, 86, 65]",[],"[19, 73]",[0],"[38, 33, 9, 53, 93, 86, 65]","[0, 19, 73]","[38, 33, 9, 53, 93, 86, 65]",[],"[19, 73]",[0],7,0,2,1
278,10,5,"[0, 38, 20, 1, 57, 49, 85, 69, 11, 84]","[38, 20, 57, 49, 85, 69, 11, 84]","[0, 1]",0.8133930071243357,0.11868847462098697,2.0,0,0,"[0, 38, 20, 1, 57, 49, 85, 69, 11, 84]",[],"[0, 38, 20, 1, 57, 49, 85, 69, 11, 84]",[],"[38, 20, 57, 49, 85, 69, 11, 84]","[0, 1]",[],[],3,0.4156271815299988,"{""0"": 2.3099112510681152, ""1"": 3.73298978805542, ""2"": 1.9890973567962646}",1,0,"[1, 57, 85, 69]","[0, 38, 20, 49, 11, 84]","[1, 57, 85, 69]","[0, 38, 20, 49, 11, 84]","[57, 85, 69]",[1],"[38, 20, 49, 11, 84]",[0],"[1, 57, 85, 69]","[0, 38, 20, 49, 11, 84]","[57, 85, 69]",[1],"[38, 20, 49, 11, 84]",[0],3,1,5,1
279,10,5,"[0, 6, 55, 69, 10, 34, 29, 47, 74, 61]","[6, 55, 69, 10, 34, 29, 47, 74, 61]",[0],0.8107904664475707,0.07675508571964618,2.0,0,0,"[0, 6, 55, 69, 10, 34, 29, 74, 61]",[47],"[0, 6, 55, 69, 10, 34, 29, 74, 61]",[47],"[6, 55, 69, 10, 34, 29, 74, 61]",[0],[47],[],2,0.4153594374656677,"{""0"": 0.6100967526435852, ""1"": -1.0}",0,0,"[6, 55, 69, 10, 34, 29, 74, 61]","[0, 47]","[6, 55, 69, 10, 34, 29, 74, 61]","[0, 47]","[6, 55, 69, 10, 34, 29, 74, 61]",[],[47],[0],"[6, 55, 69, 10, 34, 29, 74, 61]","[0, 47]","[6, 55, 69, 10, 34, 29, 74, 61]",[],[47],[0],8,0,1,1
280,10,5,"[1, 86, 29, 77, 96, 84, 60, 51, 53, 95]","[86, 29, 77, 96, 84, 60, 51, 53, 95]",[1],0.7365445697355038,0.07341775922098343,2.0,0,0,"[1, 86, 29, 77, 96, 84, 51, 53]","[60, 95]","[1, 86, 29, 77, 96, 84, 51, 53]","[60, 95]","[86, 29, 77, 96, 84, 51, 53]",[1],"[60, 95]",[],2,0.38232359290122986,"{""0"": 0.7344970703125, ""1"": 1.9967200756072998}",1,0,"[86, 77]","[1, 29, 96, 84, 60, 51, 53, 95]","[86, 77]","[1, 29, 96, 84, 60, 51, 53, 95]","[86, 77]",[],"[29, 96, 84, 60, 51, 53, 95]",[1],"[86, 77]","[1, 29, 96, 84, 60, 51, 53, 95]","[86, 77]",[],"[29, 96, 84, 60, 51, 53, 95]",[1],2,0,7,1
281,10,5,"[0, 88, 7, 41, 33, 16, 59, 11, 42, 5]","[88, 7, 41, 33, 16, 59, 11, 42, 5]",[0],0.9483390648264831,0.11222587137580664,2.0,0,0,"[0, 7, 41, 33, 16, 59, 11, 42, 5]",[88],"[0, 7, 41, 33, 16, 59, 11, 42, 5]",[88],"[7, 41, 33, 16, 59, 11, 42, 5]",[0],[88],[],2,0.5008605718612671,"{""0"": 2.7885937690734863, ""1"": -1.0}",0,0,"[7, 41, 33, 16, 59, 11, 42, 5]","[0, 88]","[7, 41, 33, 16, 59, 11, 42, 5]","[0, 88]","[7, 41, 33, 16, 59, 11, 42, 5]",[],[88],[0],"[7, 41, 33, 16, 59, 11, 42, 5]","[0, 88]","[7, 41, 33, 16, 59, 11, 42, 5]",[],[88],[0],8,0,1,1
282,10,5,"[0, 64, 56, 2, 11, 89, 59, 45, 97, 15]","[64, 56, 11, 89, 59, 45, 97, 15]","[0, 2]",0.9600829739996299,0.08982977419594995,2.0,0,0,"[0, 64, 56, 11, 89, 59, 45, 97, 15]",[2],"[0, 64, 56, 11, 89, 59, 45, 97, 15]",[2],"[64, 56, 11, 89, 59, 45, 97, 15]",[0],[],[2],2,0.5623725652694702,"{""0"": 1.822291612625122, ""1"": 1.9701478481292725}",1,0,"[59, 97]","[0, 64, 56, 2, 11, 89, 45, 15]","[59, 97]","[0, 64, 56, 2, 11, 89, 45, 15]","[59, 97]",[],"[64, 56, 11, 89, 45, 15]","[0, 2]","[59, 97]","[0, 64, 56, 2, 11, 89, 45, 15]","[59, 97]",[],"[64, 56, 11, 89, 45, 15]","[0, 2]",2,0,6,2
283,10,5,"[4, 0, 58, 61, 71, 33, 23, 65, 37, 48]","[58, 61, 71, 33, 23, 65, 37, 48]","[4, 0]",1.0688529002320024,0.11417594168388068,2.0,0,0,"[4, 0, 58, 61, 71, 33, 23, 65, 37, 48]",[],"[4, 0, 58, 61, 71, 33, 23, 65, 37, 48]",[],"[58, 61, 71, 33, 23, 65, 37, 48]","[4, 0]",[],[],5,0.3282981514930725,"{""0"": 1.2838375568389893, ""1"": 1.8211685419082642, ""2"": 2.467484474182129, ""3"": -1.0, ""4"": 1.9936110973358154}",2,0,"[4, 61, 23]","[0, 58, 71, 33, 65, 37, 48]","[4, 61, 23]","[0, 58, 71, 33, 65, 37, 48]","[61, 23]",[4],"[58, 71, 33, 65, 37, 48]",[0],"[4, 61, 23]","[0, 58, 71, 33, 65, 37, 48]","[61, 23]",[4],"[58, 71, 33, 65, 37, 48]",[0],2,1,6,1
284,10,5,"[2, 59, 56, 14, 68, 81, 55, 62, 6, 63]","[59, 56, 14, 68, 81, 55, 62, 6, 63]",[2],0.7891114936421431,0.07732717124334232,2.0,0,0,"[2, 59, 56, 14, 68, 81, 55, 62, 6, 63]",[],"[2, 59, 56, 14, 68, 81, 55, 62, 6, 63]",[],"[59, 56, 14, 68, 81, 55, 62, 6, 63]",[2],[],[],2,0.5965591669082642,"{""0"": 1.8899040222167969, ""1"": -1.0}",0,0,"[59, 56, 14, 68, 81, 55, 62, 6, 63]",[2],"[59, 56, 14, 68, 81, 55, 62, 6, 63]",[2],"[59, 56, 14, 68, 81, 55, 62, 6, 63]",[],[],[2],"[59, 56, 14, 68, 81, 55, 62, 6, 63]",[2],"[59, 56, 14, 68, 81, 55, 62, 6, 63]",[],[],[2],9,0,0,1
285,10,5,"[1, 89, 12, 78, 93, 21, 23, 71, 98, 30]","[89, 12, 78, 93, 21, 23, 71, 98, 30]",[1],0.6653623575360047,0.049852735504605505,2.0,0,0,"[1, 89, 12, 78, 93, 21, 23, 98, 30]",[71],"[1, 89, 12, 78, 93, 21, 23, 98, 30]",[71],"[89, 12, 78, 93, 21, 23, 98, 30]",[1],[71],[],2,0.46113988757133484,"{""0"": 1.3425531387329102, ""1"": 3.801893711090088}",1,0,"[1, 12, 78, 93, 21, 23, 98]","[89, 71, 30]","[1, 12, 78, 93, 21, 23, 98]","[89, 71, 30]","[12, 78, 93, 21, 23, 98]",[1],"[89, 71, 30]",[],"[1, 12, 78, 93, 21, 23, 98]","[89, 71, 30]","[12, 78, 93, 21, 23, 98]",[1],"[89, 71, 30]",[],6,1,3,0
286,10,5,"[2, 76, 16, 34, 27, 1, 82, 20, 15, 47]","[76, 16, 34, 27, 82, 20, 15, 47]","[2, 1]",0.6690378078221257,0.05625537193190017,2.0,0,0,"[2, 76, 16, 34, 27, 1, 20, 15]","[82, 47]","[2, 76, 16, 34, 27, 1, 20, 15]","[82, 47]","[76, 16, 34, 27, 20, 15]","[2, 1]","[82, 47]",[],2,0.6476587653160095,"{""0"": 2.931429624557495, ""1"": -1.0}",0,0,"[76, 16, 34, 27, 1, 20, 15]","[2, 82, 47]","[76, 16, 34, 27, 1, 20, 15]","[2, 82, 47]","[76, 16, 34, 27, 20, 15]",[1],"[82, 47]",[2],"[76, 16, 34, 27, 1, 20, 15]","[2, 82, 47]","[76, 16, 34, 27, 20, 15]",[1],"[82, 47]",[2],6,1,2,1
287,10,5,"[1, 58, 23, 96, 47, 80, 63, 69, 29, 26]","[58, 23, 96, 47, 80, 63, 69, 29, 26]",[1],0.7202481794489203,0.10898546366424178,2.0,0,0,"[1, 58, 23, 96, 80, 63, 69, 29]","[47, 26]","[1, 58, 23, 96, 80, 63, 69, 29]","[47, 26]","[58, 23, 96, 80, 63, 69, 29]",[1],"[47, 26]",[],3,0.5558097958564758,"{""0"": 1.686779260635376, ""1"": 3.53192138671875, ""2"": 1.9507856369018555}",1,0,"[1, 23, 80, 63]","[58, 96, 47, 69, 29, 26]","[1, 23, 80, 63]","[58, 96, 47, 69, 29, 26]","[23, 80, 63]",[1],"[58, 96, 47, 69, 29, 26]",[],"[1, 23, 80, 63]","[58, 96, 47, 69, 29, 26]","[23, 80, 63]",[1],"[58, 96, 47, 69, 29, 26]",[],3,1,6,0
288,10,5,"[3, 60, 36, 89, 7, 68, 87, 74, 14, 22]","[60, 36, 89, 7, 68, 87, 74, 14, 22]",[3],0.5923223846047501,0.06365540639343104,2.0,0,0,"[3, 36, 89, 68, 87, 74, 14, 22]","[60, 7]","[3, 36, 89, 68, 87, 74, 14, 22]","[60, 7]","[36, 89, 68, 87, 74, 14, 22]",[3],"[60, 7]",[],2,0.5543744564056396,"{""0"": 0.9535881280899048, ""1"": -1.0}",0,0,"[3, 89, 68, 87, 74, 14, 22]","[60, 36, 7]","[3, 89, 68, 87, 74, 14, 22]","[60, 36, 7]","[89, 68, 87, 74, 14, 22]",[3],"[60, 36, 7]",[],"[3, 89, 68, 87, 74, 14, 22]","[60, 36, 7]","[89, 68, 87, 74, 14, 22]",[3],"[60, 36, 7]",[],6,1,3,0
289,10,5,"[0, 45, 76, 75, 35, 37, 89, 60, 81, 99]","[45, 76, 75, 35, 37, 89, 60, 81, 99]",[0],0.6467570225101333,0.12334334162232363,2.0,0,0,"[45, 76, 75, 35, 37, 89, 81, 99]","[0, 60]","[45, 76, 75, 35, 37, 89, 81, 99]","[0, 60]","[45, 76, 75, 35, 37, 89, 81, 99]",[],[60],[0],2,0.6122455596923828,"{""0"": 3.4296047687530518, ""1"": -1.0}",0,0,"[76, 75, 35, 37, 89, 81, 99]","[0, 45, 60]","[76, 75, 35, 37, 89, 81, 99]","[0, 45, 60]","[76, 75, 35, 37, 89, 81, 99]",[],"[45, 60]",[0],"[76, 75, 35, 37, 89, 81, 99]","[0, 45, 60]","[76, 75, 35, 37, 89, 81, 99]",[],"[45, 60]",[0],7,0,2,1
290,10,5,"[3, 76, 95, 69, 70, 4, 12, 23, 86, 22]","[76, 95, 69, 70, 12, 23, 86, 22]","[3, 4]",0.7484092050611111,0.11708403067855416,2.0,0,0,"[3, 76, 95, 70, 4, 12, 23, 86, 22]",[69],"[3, 76, 95, 70, 4, 12, 23, 86, 22]",[69],"[76, 95, 70, 12, 23, 86, 22]","[3, 4]",[69],[],2,0.564477264881134,"{""0"": 2.018704414367676, ""1"": -1.0}",0,0,"[3, 76, 70, 4, 12, 23, 86, 22]","[95, 69]","[3, 76, 70, 4, 12, 23, 86, 22]","[95, 69]","[76, 70, 12, 23, 86, 22]","[3, 4]","[95, 69]",[],"[3, 76, 70, 4, 12, 23, 86, 22]","[95, 69]","[76, 70, 12, 23, 86, 22]","[3, 4]","[95, 69]",[],6,2,2,0
291,10,5,"[2, 97, 52, 17, 8, 69, 28, 54, 13, 96]","[97, 52, 17, 8, 69, 28, 54, 13, 96]",[2],0.9101318274781003,0.11380373007602751,2.0,0,0,"[2, 97, 52, 17, 8, 69, 28, 13, 96]",[54],"[2, 97, 52, 17, 8, 69, 28, 13, 96]",[54],"[97, 52, 17, 8, 69, 28, 13, 96]",[2],[54],[],2,0.34984272718429565,"{""0"": 1.1809409856796265, ""1"": -1.0}",0,0,"[2, 97, 52, 17, 8, 28, 13, 96]","[69, 54]","[2, 97, 52, 17, 8, 28, 13, 96]","[69, 54]","[97, 52, 17, 8, 28, 13, 96]",[2],"[69, 54]",[],"[2, 97, 52, 17, 8, 28, 13, 96]","[69, 54]","[97, 52, 17, 8, 28, 13, 96]",[2],"[69, 54]",[],7,1,2,0
292,10,5,"[0, 72, 70, 5, 20, 46, 63, 85, 9, 52]","[72, 70, 5, 20, 46, 63, 85, 9, 52]",[0],1.3585931139574545,0.193066938498752,2.0,0,0,"[0, 72, 70, 5, 20, 46, 63, 85, 9]",[52],"[0, 72, 70, 5, 20, 46, 63, 85, 9]",[52],"[72, 70, 5, 20, 46, 63, 85, 9]",[0],[52],[],2,0.5128884315490723,"{""0"": 2.91795015335083, ""1"": 1.919006109237671}",0,0,"[72, 70, 5, 46, 63, 85, 9]","[0, 20, 52]","[72, 70, 5, 46, 63, 85, 9]","[0, 20, 52]","[72, 70, 5, 46, 63, 85, 9]",[],"[20, 52]",[0],"[72, 70, 5, 46, 63, 85, 9]","[0, 20, 52]","[72, 70, 5, 46, 63, 85, 9]",[],"[20, 52]",[0],7,0,2,1
293,10,5,"[1, 92, 7, 95, 84, 51, 31, 59, 8, 29]","[92, 7, 95, 84, 51, 31, 59, 8, 29]",[1],0.8596901268755794,0.07197098725846296,2.0,0,0,"[1, 92, 95, 84, 51, 8, 29]","[7, 31, 59]","[1, 92, 95, 84, 51, 8, 29]","[7, 31, 59]","[92, 95, 84, 51, 8, 29]",[1],"[7, 31, 59]",[],2,0.2939987778663635,"{""0"": 1.5995526313781738, ""1"": -1.0}",0,0,"[1, 92, 95, 84, 8, 29]","[7, 51, 31, 59]","[1, 92, 95, 84, 8, 29]","[7, 51, 31, 59]","[92, 95, 84, 8, 29]",[1],"[7, 51, 31, 59]",[],"[1, 92, 95, 84, 8, 29]","[7, 51, 31, 59]","[92, 95, 84, 8, 29]",[1],"[7, 51, 31, 59]",[],5,1,4,0
294,10,5,"[2, 44, 80, 46, 14, 41, 16, 51, 57, 49]","[44, 80, 46, 14, 41, 16, 51, 57, 49]",[2],0.6817963203159383,0.11205649869752787,2.0,0,0,"[2, 44, 80, 14, 41, 16, 51, 57, 49]",[46],"[2, 44, 80, 14, 41, 16, 51, 57, 49]",[46],"[44, 80, 14, 41, 16, 51, 57, 49]",[2],[46],[],2,0.6420468091964722,"{""0"": 4.0991621017456055, ""1"": 1.8697612285614014}",0,0,"[44, 80, 14, 16, 51, 57, 49]","[2, 46, 41]","[44, 80, 14, 16, 51, 57, 49]","[2, 46, 41]","[44, 80, 14, 16, 51, 57, 49]",[],"[46, 41]",[2],"[44, 80, 14, 16, 51, 57, 49]","[2, 46, 41]","[44, 80, 14, 16, 51, 57, 49]",[],"[46, 41]",[2],7,0,2,1
295,10,5,"[0, 56, 91, 53, 20, 74, 52, 45, 70, 51]","[56, 91, 53, 20, 74, 52, 45, 70, 51]",[0],0.7853235193636618,0.23217718404588955,2.0,0,0,"[0, 56, 91, 53, 20, 74, 52, 45, 70, 51]",[],"[0, 56, 91, 53, 20, 74, 52, 45, 70, 51]",[],"[56, 91, 53, 20, 74, 52, 45, 70, 51]",[0],[],[],4,0.4330500066280365,"{""0"": 3.30722713470459, ""1"": 1.606866717338562, ""2"": -1.0, ""3"": 1.9693224430084229}",0,0,"[91, 53, 74, 45, 70]","[0, 56, 20, 52, 51]","[91, 53, 74, 45, 70]","[0, 56, 20, 52, 51]","[91, 53, 74, 45, 70]",[],"[56, 20, 52, 51]",[0],"[91, 53, 74, 45, 70]","[0, 56, 20, 52, 51]","[91, 53, 74, 45, 70]",[],"[56, 20, 52, 51]",[0],5,0,4,1
296,10,5,"[1, 50, 7, 17, 47, 32, 49, 66, 63, 25]","[50, 7, 17, 47, 32, 49, 66, 63, 25]",[1],0.9893532041781592,0.10984189244589593,2.0,0,0,"[1, 50, 17, 47, 49, 66, 63, 25]","[7, 32]","[1, 50, 17, 47, 49, 66, 63, 25]","[7, 32]","[50, 17, 47, 49, 66, 63, 25]",[1],"[7, 32]",[],4,0.4763199985027313,"{""0"": 2.8732385635375977, ""1"": -1.0, ""2"": 1.9723851680755615, ""3"": -1.0}",0,0,"[1, 17, 49, 25]","[50, 7, 47, 32, 66, 63]","[1, 17, 49, 25]","[50, 7, 47, 32, 66, 63]","[17, 49, 25]",[1],"[50, 7, 47, 32, 66, 63]",[],"[1, 17, 49, 25]","[50, 7, 47, 32, 66, 63]","[17, 49, 25]",[1],"[50, 7, 47, 32, 66, 63]",[],3,1,6,0
297,10,5,"[1, 8, 80, 19, 23, 42, 36, 47, 6, 71]","[8, 80, 19, 23, 42, 36, 47, 6, 71]",[1],0.7215191881760188,0.13732046022622268,2.0,0,0,"[1, 8, 80, 19, 23, 42, 36, 47, 6, 71]",[],"[1, 8, 80, 19, 23, 42, 36, 47, 6, 71]",[],"[8, 80, 19, 23, 42, 36, 47, 6, 71]",[1],[],[],3,0.48306718468666077,"{""0"": 3.460214376449585, ""1"": 1.6952414512634277, ""2"": -1.0}",0,0,"[1, 8, 80, 19, 23, 36, 6]","[42, 47, 71]","[1, 8, 80, 19, 23, 36, 6]","[42, 47, 71]","[8, 80, 19, 23, 36, 6]",[1],"[42, 47, 71]",[],"[1, 8, 80, 19, 23, 36, 6]","[42, 47, 71]","[8, 80, 19, 23, 36, 6]",[1],"[42, 47, 71]",[],6,1,3,0
298,10,5,"[0, 50, 79, 35, 3, 57, 72, 60, 27, 84]","[50, 79, 35, 57, 72, 60, 27, 84]","[0, 3]",0.6574100373601477,0.06866919459579807,2.0,0,0,"[35, 3, 57, 72, 27, 84]","[0, 50, 79, 60]","[35, 3, 57, 72, 27, 84]","[0, 50, 79, 60]","[35, 57, 72, 27, 84]",[3],"[50, 79, 60]",[0],2,0.4203619658946991,"{""0"": 2.3827762603759766, ""1"": -1.0}",0,0,"[3, 57, 72, 27, 84]","[0, 50, 79, 35, 60]","[3, 57, 72, 27, 84]","[0, 50, 79, 35, 60]","[57, 72, 27, 84]",[3],"[50, 79, 35, 60]",[0],"[3, 57, 72, 27, 84]","[0, 50, 79, 35, 60]","[57, 72, 27, 84]",[3],"[50, 79, 35, 60]",[0],4,1,4,1
299,10,5,"[4, 64, 13, 69, 26, 82, 37, 16, 97, 8]","[64, 13, 69, 26, 82, 37, 16, 97, 8]",[4],0.7949617314794908,0.024207159324906635,2.0,0,0,"[4, 64, 13, 69, 26, 37, 8]","[82, 16, 97]","[4, 64, 13, 69, 26, 37, 8]","[82, 16, 97]","[64, 13, 69, 26, 37, 8]",[4],"[82, 16, 97]",[],2,0.47912532091140747,"{""0"": 2.9126861095428467, ""1"": -1.0}",0,0,"[4, 64, 69, 26, 37, 8]","[13, 82, 16, 97]","[4, 64, 69, 26, 37, 8]","[13, 82, 16, 97]","[64, 69, 26, 37, 8]",[4],"[13, 82, 16, 97]",[],"[4, 64, 69, 26, 37, 8]","[13, 82, 16, 97]","[64, 69, 26, 37, 8]",[4],"[13, 82, 16, 97]",[],5,1,4,0
300,10,5,"[0, 82, 1, 56, 50, 42, 70, 38, 66, 37]","[82, 56, 50, 42, 70, 38, 66, 37]","[0, 1]",0.7517818915331422,0.13738675613932594,2.0,0,0,"[0, 82, 1, 56, 50, 42, 70, 38, 66, 37]",[],"[0, 82, 1, 56, 50, 42, 70, 38, 66, 37]",[],"[82, 56, 50, 42, 70, 38, 66, 37]","[0, 1]",[],[],4,0.5489727258682251,"{""0"": 3.853541135787964, ""1"": 1.9755686521530151, ""2"": -1.0, ""3"": -1.0}",0,0,"[1, 56, 50, 38, 66, 37]","[0, 82, 42, 70]","[1, 56, 50, 38, 66, 37]","[0, 82, 42, 70]","[56, 50, 38, 66, 37]",[1],"[82, 42, 70]",[0],"[1, 56, 50, 38, 66, 37]","[0, 82, 42, 70]","[56, 50, 38, 66, 37]",[1],"[82, 42, 70]",[0],5,1,3,1
301,10,5,"[1, 92, 97, 73, 30, 4, 0, 36, 56, 8]","[92, 97, 73, 30, 36, 56, 8]","[1, 4, 0]",0.7905258378303287,0.22441111711943573,2.0,0,0,"[1, 92, 97, 73, 30, 4, 0, 36, 56, 8]",[],"[1, 92, 97, 73, 30, 4, 0, 36, 56, 8]",[],"[92, 97, 73, 30, 36, 56, 8]","[1, 4, 0]",[],[],4,0.4762583374977112,"{""0"": 3.3775007724761963, ""1"": -1.0, ""2"": -1.0, ""3"": -1.0}",0,0,"[1, 92, 4, 0, 36, 56, 8]","[97, 73, 30]","[1, 92, 4, 0, 36, 56, 8]","[97, 73, 30]","[92, 36, 56, 8]","[1, 4, 0]","[97, 73, 30]",[],"[1, 92, 4, 0, 36, 56, 8]","[97, 73, 30]","[92, 36, 56, 8]","[1, 4, 0]","[97, 73, 30]",[],4,3,3,0
302,10,5,"[1, 90, 41, 84, 92, 54, 0, 91, 69, 78]","[90, 41, 84, 92, 54, 91, 69, 78]","[1, 0]",1.0720884299309204,0.18922540616136319,2.0,0,0,"[1, 90, 41, 84, 92, 54, 91, 69, 78]",[0],"[1, 90, 41, 84, 92, 54, 91, 69, 78]",[0],"[90, 41, 84, 92, 54, 91, 69, 78]",[1],[],[0],2,0.530744194984436,"{""0"": 2.695125102996826, ""1"": 1.9377150535583496}",0,0,"[1, 90, 84, 92, 91, 69, 78]","[41, 54, 0]","[1, 90, 84, 92, 91, 69, 78]","[41, 54, 0]","[90, 84, 92, 91, 69, 78]",[1],"[41, 54]",[0],"[1, 90, 84, 92, 91, 69, 78]","[41, 54, 0]","[90, 84, 92, 91, 69, 78]",[1],"[41, 54]",[0],6,1,2,1
303,10,5,"[3, 5, 50, 36, 73, 88, 32, 61, 48, 80]","[5, 50, 36, 73, 88, 32, 61, 48, 80]",[3],0.9338593617182025,0.16510011763454896,2.0,0,0,"[3, 5, 50, 36, 32, 61, 80]","[73, 88, 48]","[3, 5, 50, 36, 32, 61, 80]","[73, 88, 48]","[5, 50, 36, 32, 61, 80]",[3],"[73, 88, 48]",[],3,0.5299132466316223,"{""0"": 4.7438812255859375, ""1"": -1.0, ""2"": -1.0}",0,0,"[5, 50, 36, 61, 80]","[3, 73, 88, 32, 48]","[5, 50, 36, 61, 80]","[3, 73, 88, 32, 48]","[5, 50, 36, 61, 80]",[],"[73, 88, 32, 48]",[3],"[5, 50, 36, 61, 80]","[3, 73, 88, 32, 48]","[5, 50, 36, 61, 80]",[],"[73, 88, 32, 48]",[3],5,0,4,1
304,10,5,"[0, 37, 60, 79, 7, 82, 41, 96, 71, 32]","[37, 60, 79, 7, 82, 41, 96, 71, 32]",[0],0.9755151183846941,0.12440859479312816,2.0,0,0,"[0, 37, 60, 79, 7, 82, 41, 96, 71, 32]",[],"[0, 37, 60, 79, 7, 82, 41, 96, 71, 32]",[],"[37, 60, 79, 7, 82, 41, 96, 71, 32]",[0],[],[],2,0.5428114533424377,"{""0"": 1.5415229797363281, ""1"": -1.0}",0,0,"[0, 37, 60, 79, 7, 82, 41, 96, 71]",[32],"[0, 37, 60, 79, 7, 82, 41, 96, 71]",[32],"[37, 60, 79, 7, 82, 41, 96, 71]",[0],[32],[],"[0, 37, 60, 79, 7, 82, 41, 96, 71]",[32],"[37, 60, 79, 7, 82, 41, 96, 71]",[0],[32],[],8,1,1,0
305,10,5,"[0, 34, 61, 2, 17, 63, 84, 68, 74, 4]","[34, 61, 17, 63, 84, 68, 74]","[0, 2, 4]",0.7360016454677396,0.12372745829483489,2.0,0,0,"[0, 34, 61, 2, 63, 84, 68, 74, 4]",[17],"[0, 34, 61, 2, 63, 84, 68, 74, 4]",[17],"[34, 61, 63, 84, 68, 74]","[0, 2, 4]",[17],[],2,0.5277064442634583,"{""0"": 2.7230987548828125, ""1"": -1.0}",0,0,"[0, 34, 61, 2, 63, 84, 68, 74]","[17, 4]","[0, 34, 61, 2, 63, 84, 68, 74]","[17, 4]","[34, 61, 63, 84, 68, 74]","[0, 2]",[17],[4],"[0, 34, 61, 2, 63, 84, 68, 74]","[17, 4]","[34, 61, 63, 84, 68, 74]","[0, 2]",[17],[4],6,2,1,1
306,10,5,"[1, 59, 55, 34, 48, 15, 25, 0, 88, 99]","[59, 55, 34, 48, 15, 25, 88, 99]","[1, 0]",0.7889465605948831,0.14356894755228328,2.0,0,0,"[1, 59, 55, 34, 15, 25, 0, 99]","[48, 88]","[1, 59, 55, 34, 15, 25, 0, 99]","[48, 88]","[59, 55, 34, 15, 25, 99]","[1, 0]","[48, 88]",[],2,0.3904638886451721,"{""0"": 0.4328538477420807, ""1"": 5.805824279785156}",1,0,"[1, 55, 34, 15, 25, 0]","[59, 48, 88, 99]","[1, 55, 34, 15, 25, 0]","[59, 48, 88, 99]","[55, 34, 15, 25]","[1, 0]","[59, 48, 88, 99]",[],"[1, 55, 34, 15, 25, 0]","[59, 48, 88, 99]","[55, 34, 15, 25]","[1, 0]","[59, 48, 88, 99]",[],4,2,4,0
307,10,5,"[0, 42, 81, 7, 16, 80, 70, 63, 43, 39]","[42, 81, 7, 16, 80, 70, 63, 43, 39]",[0],0.907791117141754,0.07254773230333805,2.0,0,0,"[42, 81, 16, 70, 63, 43, 39]","[0, 7, 80]","[42, 81, 16, 70, 63, 43, 39]","[0, 7, 80]","[42, 81, 16, 70, 63, 43, 39]",[],"[7, 80]",[0],2,0.5397251844406128,"{""0"": 1.3955529928207397, ""1"": -1.0}",0,0,"[81, 16, 70, 63, 43, 39]","[0, 42, 7, 80]","[81, 16, 70, 63, 43, 39]","[0, 42, 7, 80]","[81, 16, 70, 63, 43, 39]",[],"[42, 7, 80]",[0],"[81, 16, 70, 63, 43, 39]","[0, 42, 7, 80]","[81, 16, 70, 63, 43, 39]",[],"[42, 7, 80]",[0],6,0,3,1
308,10,5,"[3, 27, 70, 66, 0, 37, 24, 63, 40, 4]","[27, 70, 66, 37, 24, 63, 40]","[3, 0, 4]",0.8937200472565587,0.09889011036127143,2.0,0,0,"[3, 27, 70, 66, 0, 37, 24, 63, 40, 4]",[],"[3, 27, 70, 66, 0, 37, 24, 63, 40, 4]",[],"[27, 70, 66, 37, 24, 63, 40]","[3, 0, 4]",[],[],2,0.37700167298316956,"{""0"": 0.5262581706047058, ""1"": -1.0}",0,0,"[3, 27, 70, 66, 0, 37, 63, 40, 4]",[24],"[3, 27, 70, 66, 0, 37, 63, 40, 4]",[24],"[27, 70, 66, 37, 63, 40]","[3, 0, 4]",[24],[],"[3, 27, 70, 66, 0, 37, 63, 40, 4]",[24],"[27, 70, 66, 37, 63, 40]","[3, 0, 4]",[24],[],6,3,1,0
309,10,5,"[3, 21, 66, 22, 65, 42, 0, 57, 45, 41]","[21, 66, 22, 65, 42, 57, 45, 41]","[3, 0]",0.5887144567931092,0.08729880825561753,2.0,0,0,"[3, 21, 66, 22, 65, 42, 57, 45]","[0, 41]","[3, 21, 66, 22, 65, 42, 57, 45]","[0, 41]","[21, 66, 22, 65, 42, 57, 45]",[3],[41],[0],2,0.4125884175300598,"{""0"": 2.3729610443115234, ""1"": 1.6512420177459717}",0,0,"[3, 21, 22, 65, 57, 45]","[66, 42, 0, 41]","[3, 21, 22, 65, 57, 45]","[66, 42, 0, 41]","[21, 22, 65, 57, 45]",[3],"[66, 42, 41]",[0],"[3, 21, 22, 65, 57, 45]","[66, 42, 0, 41]","[21, 22, 65, 57, 45]",[3],"[66, 42, 41]",[0],5,1,3,1
310,10,5,"[1, 24, 2, 48, 89, 18, 69, 47, 10, 41]","[24, 48, 89, 18, 69, 47, 10, 41]","[1, 2]",0.8413017718301544,0.13475461106377035,2.0,0,0,"[1, 24, 2, 89, 18, 69, 47, 10, 41]",[48],"[1, 24, 2, 89, 18, 69, 47, 10, 41]",[48],"[24, 89, 18, 69, 47, 10, 41]","[1, 2]",[48],[],4,0.3610851764678955,"{""0"": 0.329059898853302, ""1"": 1.6938529014587402, ""2"": -1.0, ""3"": 1.9646084308624268}",3,0,"[2, 41]","[1, 24, 48, 89, 18, 69, 47, 10]","[2, 41]","[1, 24, 48, 89, 18, 69, 47, 10]",[41],[2],"[24, 48, 89, 18, 69, 47, 10]",[1],"[2, 41]","[1, 24, 48, 89, 18, 69, 47, 10]",[41],[2],"[24, 48, 89, 18, 69, 47, 10]",[1],1,1,7,1
311,10,5,"[2, 8, 15, 25, 43, 21, 33, 60, 11, 12]","[8, 15, 25, 43, 21, 33, 60, 11, 12]",[2],0.8487761753887453,0.09239766089578239,2.0,0,0,"[8, 15, 25, 43, 21, 33, 11, 12]","[2, 60]","[8, 15, 25, 43, 21, 33, 11, 12]","[2, 60]","[8, 15, 25, 43, 21, 33, 11, 12]",[],[60],[2],2,0.3333851099014282,"{""0"": 1.0247238874435425, ""1"": 1.3861764669418335}",1,0,"[8, 12]","[2, 15, 25, 43, 21, 33, 60, 11]","[8, 12]","[2, 15, 25, 43, 21, 33, 60, 11]","[8, 12]",[],"[15, 25, 43, 21, 33, 60, 11]",[2],"[8, 12]","[2, 15, 25, 43, 21, 33, 60, 11]","[8, 12]",[],"[15, 25, 43, 21, 33, 60, 11]",[2],2,0,7,1
312,10,5,"[3, 71, 66, 61, 87, 98, 45, 1, 93, 47]","[71, 66, 61, 87, 98, 45, 93, 47]","[3, 1]",0.7936970109675696,0.11917509508691965,2.0,0,0,"[3, 71, 66, 61, 87, 98, 45, 1, 93]",[47],"[3, 71, 66, 61, 87, 98, 45, 1, 93]",[47],"[71, 66, 61, 87, 98, 45, 93]","[3, 1]",[47],[],2,0.5227739810943604,"{""0"": 2.1628994941711426, ""1"": 4.005277156829834}",1,0,"[3, 87, 98, 45, 1, 93]","[71, 66, 61, 47]","[3, 87, 98, 45, 1, 93]","[71, 66, 61, 47]","[87, 98, 45, 93]","[3, 1]","[71, 66, 61, 47]",[],"[3, 87, 98, 45, 1, 93]","[71, 66, 61, 47]","[87, 98, 45, 93]","[3, 1]","[71, 66, 61, 47]",[],4,2,4,0
313,10,5,"[0, 27, 80, 96, 89, 16, 68, 82, 35, 12]","[27, 80, 96, 89, 16, 68, 82, 35, 12]",[0],0.8907384667459306,0.13063889954623104,2.0,0,0,"[0, 27, 80, 96, 89, 16, 68, 82, 35]",[12],"[0, 27, 80, 96, 89, 16, 68, 82, 35]",[12],"[27, 80, 96, 89, 16, 68, 82, 35]",[0],[12],[],2,0.4075266420841217,"{""0"": 0.575732946395874, ""1"": -1.0}",0,0,"[0, 27, 80, 89, 16, 68, 82, 35]","[96, 12]","[0, 27, 80, 89, 16, 68, 82, 35]","[96, 12]","[27, 80, 89, 16, 68, 82, 35]",[0],"[96, 12]",[],"[0, 27, 80, 89, 16, 68, 82, 35]","[96, 12]","[27, 80, 89, 16, 68, 82, 35]",[0],"[96, 12]",[],7,1,2,0
314,10,5,"[4, 3, 46, 96, 12, 38, 14, 17, 2, 92]","[46, 96, 12, 38, 14, 17, 92]","[4, 3, 2]",0.912658637315559,0.1462855454896262,2.0,0,0,"[4, 3, 46, 96, 12, 38, 14, 17, 2, 92]",[],"[4, 3, 46, 96, 12, 38, 14, 17, 2, 92]",[],"[46, 96, 12, 38, 14, 17, 92]","[4, 3, 2]",[],[],2,0.5581052303314209,"{""0"": 2.8166966438293457, ""1"": 1.9317970275878906}",0,0,"[4, 3, 46, 12, 38, 14, 17, 92]","[96, 2]","[4, 3, 46, 12, 38, 14, 17, 92]","[96, 2]","[46, 12, 38, 14, 17, 92]","[4, 3]",[96],[2],"[4, 3, 46, 12, 38, 14, 17, 92]","[96, 2]","[46, 12, 38, 14, 17, 92]","[4, 3]",[96],[2],6,2,1,1
315,10,5,"[0, 64, 34, 81, 6, 36, 95, 48, 9, 43]","[64, 34, 81, 6, 36, 95, 48, 9, 43]",[0],0.9115376690665697,0.09397611737060724,2.0,0,0,"[0, 64, 34, 81, 6, 36, 95, 48, 43]",[9],"[0, 64, 34, 81, 6, 36, 95, 48, 43]",[9],"[64, 34, 81, 6, 36, 95, 48, 43]",[0],[9],[],2,0.3745231628417969,"{""0"": 0.25816935300827026, ""1"": -1.0}",0,0,"[0, 64, 34, 81, 6, 36, 95, 43]","[48, 9]","[0, 64, 34, 81, 6, 36, 95, 43]","[48, 9]","[64, 34, 81, 6, 36, 95, 43]",[0],"[48, 9]",[],"[0, 64, 34, 81, 6, 36, 95, 43]","[48, 9]","[64, 34, 81, 6, 36, 95, 43]",[0],"[48, 9]",[],7,1,2,0
316,10,5,"[3, 75, 78, 28, 99, 20, 61, 53, 90, 80]","[75, 78, 28, 99, 20, 61, 53, 90, 80]",[3],0.8647106935380426,0.13192257478522246,2.0,0,0,"[3, 75, 78, 28, 99, 20, 61, 53, 90]",[80],"[3, 75, 78, 28, 99, 20, 61, 53, 90]",[80],"[75, 78, 28, 99, 20, 61, 53, 90]",[3],[80],[],4,0.4748590886592865,"{""0"": 2.139953374862671, ""1"": -1.0, ""2"": -1.0, ""3"": -1.0}",0,0,"[78, 28, 20, 61, 53, 90]","[3, 75, 99, 80]","[78, 28, 20, 61, 53, 90]","[3, 75, 99, 80]","[78, 28, 20, 61, 53, 90]",[],"[75, 99, 80]",[3],"[78, 28, 20, 61, 53, 90]","[3, 75, 99, 80]","[78, 28, 20, 61, 53, 90]",[],"[75, 99, 80]",[3],6,0,3,1
317,10,5,"[1, 49, 72, 74, 75, 34, 58, 29, 66, 60]","[49, 72, 74, 75, 34, 58, 29, 66, 60]",[1],0.6650788990221175,0.05869668894776009,2.0,0,0,"[1, 72, 74, 75, 34, 58, 29, 60]","[49, 66]","[1, 72, 74, 75, 34, 58, 29, 60]","[49, 66]","[72, 74, 75, 34, 58, 29, 60]",[1],"[49, 66]",[],3,0.2955155074596405,"{""0"": 1.1113141775131226, ""1"": 1.5424907207489014, ""2"": 2.8372457027435303}",2,0,"[1, 74, 29]","[49, 72, 75, 34, 58, 66, 60]","[1, 74, 29]","[49, 72, 75, 34, 58, 66, 60]","[74, 29]",[1],"[49, 72, 75, 34, 58, 66, 60]",[],"[1, 74, 29]","[49, 72, 75, 34, 58, 66, 60]","[74, 29]",[1],"[49, 72, 75, 34, 58, 66, 60]",[],2,1,7,0
318,10,5,"[4, 26, 6, 73, 20, 87, 48, 23, 27, 78]","[26, 6, 73, 20, 87, 48, 23, 27, 78]",[4],0.6382806289934093,0.08258974744924596,2.0,0,0,"[4, 26, 6, 20, 87, 23, 27, 78]","[73, 48]","[4, 26, 6, 20, 87, 23, 27, 78]","[73, 48]","[26, 6, 20, 87, 23, 27, 78]",[4],"[73, 48]",[],2,0.6545725464820862,"{""0"": 1.6242070198059082, ""1"": 5.443801403045654}",1,0,"[4, 6, 20, 87, 23, 78]","[26, 73, 48, 27]","[4, 6, 20, 87, 23, 78]","[26, 73, 48, 27]","[6, 20, 87, 23, 78]",[4],"[26, 73, 48, 27]",[],"[4, 6, 20, 87, 23, 78]","[26, 73, 48, 27]","[6, 20, 87, 23, 78]",[4],"[26, 73, 48, 27]",[],5,1,4,0
319,10,5,"[0, 49, 7, 47, 53, 26, 6, 57, 11, 20]","[49, 7, 47, 53, 26, 6, 57, 11, 20]",[0],0.8147140871027732,0.06722178610242352,2.0,0,0,"[0, 49, 7, 53, 26, 11]","[47, 6, 57, 20]","[0, 49, 7, 53, 26, 11]","[47, 6, 57, 20]","[49, 7, 53, 26, 11]",[0],"[47, 6, 57, 20]",[],2,0.3870161771774292,"{""0"": 0.8317684531211853, ""1"": -1.0}",0,0,"[0, 7, 53, 26, 11]","[49, 47, 6, 57, 20]","[0, 7, 53, 26, 11]","[49, 47, 6, 57, 20]","[7, 53, 26, 11]",[0],"[49, 47, 6, 57, 20]",[],"[0, 7, 53, 26, 11]","[49, 47, 6, 57, 20]","[7, 53, 26, 11]",[0],"[49, 47, 6, 57, 20]",[],4,1,5,0
320,10,5,"[2, 16, 27, 62, 79, 39, 12, 18, 83, 41]","[16, 27, 62, 79, 39, 12, 18, 83, 41]",[2],0.7317716034667091,0.16646690554978644,2.0,0,0,"[2, 16, 27, 62, 79, 39, 12, 18, 83, 41]",[],"[2, 16, 27, 62, 79, 39, 12, 18, 83, 41]",[],"[16, 27, 62, 79, 39, 12, 18, 83, 41]",[2],[],[],2,0.6829423308372498,"{""0"": 4.098100185394287, ""1"": 1.8351949453353882}",0,0,"[2, 16, 27, 79, 39, 12, 83, 41]","[62, 18]","[2, 16, 27, 79, 39, 12, 83, 41]","[62, 18]","[16, 27, 79, 39, 12, 83, 41]",[2],"[62, 18]",[],"[2, 16, 27, 79, 39, 12, 83, 41]","[62, 18]","[16, 27, 79, 39, 12, 83, 41]",[2],"[62, 18]",[],7,1,2,0
321,10,5,"[4, 9, 73, 29, 56, 50, 75, 37, 25, 39]","[9, 73, 29, 56, 50, 75, 37, 25, 39]",[4],0.5887167770735824,0.07109535426817784,2.0,0,0,"[4, 9, 29, 56, 50, 75, 37, 25, 39]",[73],"[4, 9, 29, 56, 50, 75, 37, 25, 39]",[73],"[9, 29, 56, 50, 75, 37, 25, 39]",[4],[73],[],2,0.39251601696014404,"{""0"": 3.870725393295288, ""1"": -1.0}",0,0,"[4, 9, 29, 56, 50, 37, 25, 39]","[73, 75]","[4, 9, 29, 56, 50, 37, 25, 39]","[73, 75]","[9, 29, 56, 50, 37, 25, 39]",[4],"[73, 75]",[],"[4, 9, 29, 56, 50, 37, 25, 39]","[73, 75]","[9, 29, 56, 50, 37, 25, 39]",[4],"[73, 75]",[],7,1,2,0
322,10,5,"[1, 55, 45, 87, 89, 25, 11, 85, 40, 95]","[55, 45, 87, 89, 25, 11, 85, 40, 95]",[1],0.6959646014976791,0.11576479520361882,2.0,0,0,"[1, 55, 45, 87, 89, 25, 11, 85, 40, 95]",[],"[1, 55, 45, 87, 89, 25, 11, 85, 40, 95]",[],"[55, 45, 87, 89, 25, 11, 85, 40, 95]",[1],[],[],2,0.5103747248649597,"{""0"": 2.4485745429992676, ""1"": 1.4903370141983032}",0,0,"[1, 55, 45, 87, 89, 25, 40, 95]","[11, 85]","[1, 55, 45, 87, 89, 25, 40, 95]","[11, 85]","[55, 45, 87, 89, 25, 40, 95]",[1],"[11, 85]",[],"[1, 55, 45, 87, 89, 25, 40, 95]","[11, 85]","[55, 45, 87, 89, 25, 40, 95]",[1],"[11, 85]",[],7,1,2,0
323,10,5,"[2, 89, 77, 36, 48, 54, 71, 98, 16, 5]","[89, 77, 36, 48, 54, 71, 98, 16, 5]",[2],0.7292617801557559,0.20957325803541427,2.0,0,0,"[2, 89, 77, 36, 48, 54, 71, 98, 16, 5]",[],"[2, 89, 77, 36, 48, 54, 71, 98, 16, 5]",[],"[89, 77, 36, 48, 54, 71, 98, 16, 5]",[2],[],[],2,0.617814838886261,"{""0"": 3.5231103897094727, ""1"": 1.9695780277252197}",0,0,"[89, 77, 36, 48, 71, 98, 16, 5]","[2, 54]","[89, 77, 36, 48, 71, 98, 16, 5]","[2, 54]","[89, 77, 36, 48, 71, 98, 16, 5]",[],[54],[2],"[89, 77, 36, 48, 71, 98, 16, 5]","[2, 54]","[89, 77, 36, 48, 71, 98, 16, 5]",[],[54],[2],8,0,1,1
324,10,5,"[4, 75, 41, 14, 38, 49, 90, 30, 84, 69]","[75, 41, 14, 38, 49, 90, 30, 84, 69]",[4],0.7146403960200711,0.0782909690985707,2.0,0,0,"[4, 75, 41, 14, 38, 90, 30, 84, 69]",[49],"[4, 75, 41, 14, 38, 90, 30, 84, 69]",[49],"[75, 41, 14, 38, 90, 30, 84, 69]",[4],[49],[],2,0.4604288637638092,"{""0"": 1.6024878025054932, ""1"": -1.0}",0,0,"[4, 75, 41, 14, 38, 90, 30, 84]","[49, 69]","[4, 75, 41, 14, 38, 90, 30, 84]","[49, 69]","[75, 41, 14, 38, 90, 30, 84]",[4],"[49, 69]",[],"[4, 75, 41, 14, 38, 90, 30, 84]","[49, 69]","[75, 41, 14, 38, 90, 30, 84]",[4],"[49, 69]",[],7,1,2,0
325,10,5,"[3, 80, 71, 75, 62, 53, 30, 31, 87, 98]","[80, 71, 75, 62, 53, 30, 31, 87, 98]",[3],0.7260913114498071,0.12933134036406074,2.0,0,0,"[3, 80, 71, 75, 62, 53, 30, 87, 98]",[31],"[3, 80, 71, 75, 62, 53, 30, 87, 98]",[31],"[80, 71, 75, 62, 53, 30, 87, 98]",[3],[31],[],2,0.41688185930252075,"{""0"": 3.069855213165283, ""1"": 1.7179194688796997}",0,0,"[3, 80, 71, 62, 53, 87, 98]","[75, 30, 31]","[3, 80, 71, 62, 53, 87, 98]","[75, 30, 31]","[80, 71, 62, 53, 87, 98]",[3],"[75, 30, 31]",[],"[3, 80, 71, 62, 53, 87, 98]","[75, 30, 31]","[80, 71, 62, 53, 87, 98]",[3],"[75, 30, 31]",[],6,1,3,0
326,10,5,"[0, 17, 26, 2, 36, 20, 27, 31, 29, 89]","[17, 26, 36, 20, 27, 31, 29, 89]","[0, 2]",0.6938334329757591,0.09122965172956826,2.0,0,0,"[0, 26, 2, 36, 20, 27, 29, 89]","[17, 31]","[0, 26, 2, 36, 20, 27, 29, 89]","[17, 31]","[26, 36, 20, 27, 29, 89]","[0, 2]","[17, 31]",[],2,0.3085141181945801,"{""0"": 2.078315258026123, ""1"": 2.9296464920043945}",1,0,"[2, 20, 29, 89]","[0, 17, 26, 36, 27, 31]","[2, 20, 29, 89]","[0, 17, 26, 36, 27, 31]","[20, 29, 89]",[2],"[17, 26, 36, 27, 31]",[0],"[2, 20, 29, 89]","[0, 17, 26, 36, 27, 31]","[20, 29, 89]",[2],"[17, 26, 36, 27, 31]",[0],3,1,5,1
327,10,5,"[4, 68, 81, 98, 31, 14, 85, 73, 50, 0]","[68, 81, 98, 31, 14, 85, 73, 50]","[4, 0]",0.8448349164988496,0.11942456127888307,2.0,0,0,"[4, 68, 81, 98, 31, 14, 85, 50, 0]",[73],"[4, 68, 81, 98, 31, 14, 85, 50, 0]",[73],"[68, 81, 98, 31, 14, 85, 50]","[4, 0]",[73],[],2,0.5057440996170044,"{""0"": 2.2442126274108887, ""1"": -1.0}",0,0,"[4, 68, 81, 98, 14, 85, 50, 0]","[31, 73]","[4, 68, 81, 98, 14, 85, 50, 0]","[31, 73]","[68, 81, 98, 14, 85, 50]","[4, 0]","[31, 73]",[],"[4, 68, 81, 98, 14, 85, 50, 0]","[31, 73]","[68, 81, 98, 14, 85, 50]","[4, 0]","[31, 73]",[],6,2,2,0
328,10,5,"[1, 42, 4, 79, 93, 92, 85, 20, 64, 3]","[42, 79, 93, 92, 85, 20, 64]","[1, 4, 3]",0.7186952909796314,0.1032506737862271,2.0,0,0,"[1, 42, 4, 93, 92, 85, 20, 64, 3]",[79],"[1, 42, 4, 93, 92, 85, 20, 64, 3]",[79],"[42, 93, 92, 85, 20, 64]","[1, 4, 3]",[79],[],2,0.5051126480102539,"{""0"": 6.241615295410156, ""1"": -1.0}",0,0,"[1, 42, 4, 93, 92, 85, 20, 64]","[79, 3]","[1, 42, 4, 93, 92, 85, 20, 64]","[79, 3]","[42, 93, 92, 85, 20, 64]","[1, 4]",[79],[3],"[1, 42, 4, 93, 92, 85, 20, 64]","[79, 3]","[42, 93, 92, 85, 20, 64]","[1, 4]",[79],[3],6,2,1,1
329,10,5,"[2, 0, 4, 40, 32, 70, 56, 49, 55, 66]","[40, 32, 70, 56, 49, 55, 66]","[2, 0, 4]",0.7896768883261582,0.09868171582477409,2.0,0,0,"[0, 4, 40, 32, 70, 56, 49, 55, 66]",[2],"[0, 4, 40, 32, 70, 56, 49, 55, 66]",[2],"[40, 32, 70, 56, 49, 55, 66]","[0, 4]",[],[2],2,0.4780821204185486,"{""0"": 1.1193619966506958, ""1"": -1.0}",0,0,"[0, 4, 40, 70, 56, 49, 55, 66]","[2, 32]","[0, 4, 40, 70, 56, 49, 55, 66]","[2, 32]","[40, 70, 56, 49, 55, 66]","[0, 4]",[32],[2],"[0, 4, 40, 70, 56, 49, 55, 66]","[2, 32]","[40, 70, 56, 49, 55, 66]","[0, 4]",[32],[2],6,2,1,1
330,10,5,"[2, 60, 6, 64, 84, 20, 50, 95, 21, 41]","[60, 6, 64, 84, 20, 50, 95, 21, 41]",[2],0.7875591224963181,0.10754477912974097,2.0,0,0,"[2, 60, 6, 64, 84, 20, 50, 95, 21, 41]",[],"[2, 60, 6, 64, 84, 20, 50, 95, 21, 41]",[],"[60, 6, 64, 84, 20, 50, 95, 21, 41]",[2],[],[],3,0.38326579332351685,"{""0"": 2.379530668258667, ""1"": 2.19730281829834, ""2"": -1.0}",0,0,"[2, 95, 41]","[60, 6, 64, 84, 20, 50, 21]","[2, 95, 41]","[60, 6, 64, 84, 20, 50, 21]","[95, 41]",[2],"[60, 6, 64, 84, 20, 50, 21]",[],"[2, 95, 41]","[60, 6, 64, 84, 20, 50, 21]","[95, 41]",[2],"[60, 6, 64, 84, 20, 50, 21]",[],2,1,7,0
331,10,5,"[3, 94, 65, 78, 54, 55, 26, 53, 4, 46]","[94, 65, 78, 54, 55, 26, 53, 46]","[3, 4]",0.7309745947592945,0.10528489677765795,2.0,0,0,"[3, 94, 65, 78, 54, 55, 26, 53, 4, 46]",[],"[3, 94, 65, 78, 54, 55, 26, 53, 4, 46]",[],"[94, 65, 78, 54, 55, 26, 53, 46]","[3, 4]",[],[],2,0.49213576316833496,"{""0"": 0.935178279876709, ""1"": -1.0}",0,0,"[3, 94, 65, 78, 54, 55, 26, 53, 4]",[46],"[3, 94, 65, 78, 54, 55, 26, 53, 4]",[46],"[94, 65, 78, 54, 55, 26, 53]","[3, 4]",[46],[],"[3, 94, 65, 78, 54, 55, 26, 53, 4]",[46],"[94, 65, 78, 54, 55, 26, 53]","[3, 4]",[46],[],7,2,1,0
332,10,5,"[1, 63, 25, 68, 8, 72, 19, 26, 6, 73]","[63, 25, 68, 8, 72, 19, 26, 6, 73]",[1],0.7354072726504619,0.19449254995586313,2.0,0,0,"[1, 63, 25, 68, 8, 72, 19, 26, 6, 73]",[],"[1, 63, 25, 68, 8, 72, 19, 26, 6, 73]",[],"[63, 25, 68, 8, 72, 19, 26, 6, 73]",[1],[],[],2,0.4819089472293854,"{""0"": 1.6276612281799316, ""1"": -1.0}",0,0,"[1, 63, 25, 68, 8, 72, 19, 26, 6]",[73],"[1, 63, 25, 68, 8, 72, 19, 26, 6]",[73],"[63, 25, 68, 8, 72, 19, 26, 6]",[1],[73],[],"[1, 63, 25, 68, 8, 72, 19, 26, 6]",[73],"[63, 25, 68, 8, 72, 19, 26, 6]",[1],[73],[],8,1,1,0
333,10,5,"[3, 4, 12, 78, 75, 70, 22, 38, 60, 64]","[12, 78, 75, 70, 22, 38, 60, 64]","[3, 4]",0.5972367519890749,0.07430769455059738,2.0,0,0,"[3, 4, 12, 78, 75, 70, 22, 38, 60, 64]",[],"[3, 4, 12, 78, 75, 70, 22, 38, 60, 64]",[],"[12, 78, 75, 70, 22, 38, 60, 64]","[3, 4]",[],[],2,0.41733089089393616,"{""0"": 0.916553258895874, ""1"": -1.0}",0,0,"[3, 4, 12, 78, 70, 22, 38, 60, 64]",[75],"[3, 4, 12, 78, 70, 22, 38, 60, 64]",[75],"[12, 78, 70, 22, 38, 60, 64]","[3, 4]",[75],[],"[3, 4, 12, 78, 70, 22, 38, 60, 64]",[75],"[12, 78, 70, 22, 38, 60, 64]","[3, 4]",[75],[],7,2,1,0
334,10,5,"[0, 81, 88, 60, 47, 13, 68, 89, 51, 18]","[81, 88, 60, 47, 13, 68, 89, 51, 18]",[0],0.9580644277584252,0.11675376937410803,2.0,0,0,"[0, 81, 47, 13, 68, 89, 51, 18]","[88, 60]","[0, 81, 47, 13, 68, 89, 51, 18]","[88, 60]","[81, 47, 13, 68, 89, 51, 18]",[0],"[88, 60]",[],4,0.31680792570114136,"{""0"": 2.737154006958008, ""1"": 2.818143844604492, ""2"": -1.0, ""3"": -1.0}",1,0,"[81, 13, 68]","[0, 88, 60, 47, 89, 51, 18]","[81, 13, 68]","[0, 88, 60, 47, 89, 51, 18]","[81, 13, 68]",[],"[88, 60, 47, 89, 51, 18]",[0],"[81, 13, 68]","[0, 88, 60, 47, 89, 51, 18]","[81, 13, 68]",[],"[88, 60, 47, 89, 51, 18]",[0],3,0,6,1
335,10,5,"[0, 1, 73, 65, 85, 81, 84, 53, 25, 52]","[73, 65, 85, 81, 84, 53, 25, 52]","[0, 1]",0.7386894843848815,0.0729573255030026,2.0,0,0,"[0, 1, 73, 65, 85, 81, 84, 53, 25]",[52],"[0, 1, 73, 65, 85, 81, 84, 53, 25]",[52],"[73, 65, 85, 81, 84, 53, 25]","[0, 1]",[52],[],3,0.4062451720237732,"{""0"": 2.3583574295043945, ""1"": 1.9562733173370361, ""2"": -1.0}",0,0,"[1, 65, 85, 81, 84, 53]","[0, 73, 25, 52]","[1, 65, 85, 81, 84, 53]","[0, 73, 25, 52]","[65, 85, 81, 84, 53]",[1],"[73, 25, 52]",[0],"[1, 65, 85, 81, 84, 53]","[0, 73, 25, 52]","[65, 85, 81, 84, 53]",[1],"[73, 25, 52]",[0],5,1,3,1
336,10,5,"[3, 68, 88, 23, 65, 84, 9, 55, 70, 74]","[68, 88, 23, 65, 84, 9, 55, 70, 74]",[3],0.6038562161033807,0.05688020193744209,2.0,0,0,"[3, 68, 23, 65, 84, 9, 55, 70, 74]",[88],"[3, 68, 23, 65, 84, 9, 55, 70, 74]",[88],"[68, 23, 65, 84, 9, 55, 70, 74]",[3],[88],[],2,0.3453279733657837,"{""0"": 3.7846927642822266, ""1"": 3.1732537746429443}",0,0,"[84, 9, 55, 70, 74]","[3, 68, 88, 23, 65]","[84, 9, 55, 70, 74]","[3, 68, 88, 23, 65]","[84, 9, 55, 70, 74]",[],"[68, 88, 23, 65]",[3],"[84, 9, 55, 70, 74]","[3, 68, 88, 23, 65]","[84, 9, 55, 70, 74]",[],"[68, 88, 23, 65]",[3],5,0,4,1
337,10,5,"[3, 1, 49, 52, 65, 88, 68, 9, 21, 63]","[49, 52, 65, 88, 68, 9, 21, 63]","[3, 1]",0.6331013578633975,0.07805715723574519,2.0,0,0,"[3, 1, 49, 52, 65, 68, 9, 21, 63]",[88],"[3, 1, 49, 52, 65, 68, 9, 21, 63]",[88],"[49, 52, 65, 68, 9, 21, 63]","[3, 1]",[88],[],4,0.40364760160446167,"{""0"": 4.8160319328308105, ""1"": 1.9367984533309937, ""2"": -1.0, ""3"": -1.0}",0,0,"[1, 52, 9, 21, 63]","[3, 49, 65, 88, 68]","[1, 52, 9, 21, 63]","[3, 49, 65, 88, 68]","[52, 9, 21, 63]",[1],"[49, 65, 88, 68]",[3],"[1, 52, 9, 21, 63]","[3, 49, 65, 88, 68]","[52, 9, 21, 63]",[1],"[49, 65, 88, 68]",[3],4,1,4,1
338,10,5,"[4, 7, 40, 94, 21, 48, 22, 70, 87, 35]","[7, 40, 94, 21, 48, 22, 70, 87, 35]",[4],0.8418861657881466,0.14353290633191074,2.0,0,0,"[4, 7, 40, 94, 21, 48, 22, 70, 87, 35]",[],"[4, 7, 40, 94, 21, 48, 22, 70, 87, 35]",[],"[7, 40, 94, 21, 48, 22, 70, 87, 35]",[4],[],[],2,0.5872617363929749,"{""0"": 3.641981601715088, ""1"": 1.964306354522705}",0,0,"[4, 7, 94, 21, 22, 70, 87, 35]","[40, 48]","[4, 7, 94, 21, 22, 70, 87, 35]","[40, 48]","[7, 94, 21, 22, 70, 87, 35]",[4],"[40, 48]",[],"[4, 7, 94, 21, 22, 70, 87, 35]","[40, 48]","[7, 94, 21, 22, 70, 87, 35]",[4],"[40, 48]",[],7,1,2,0
339,10,5,"[3, 42, 65, 2, 55, 70, 10, 87, 58, 77]","[42, 65, 55, 70, 10, 87, 58, 77]","[3, 2]",0.7691581587989536,0.06681162597069407,2.0,0,0,"[3, 65, 55, 70, 10, 87, 58, 77]","[42, 2]","[3, 65, 55, 70, 10, 87, 58, 77]","[42, 2]","[65, 55, 70, 10, 87, 58, 77]",[3],[42],[2],2,0.5086418390274048,"{""0"": 2.912874937057495, ""1"": -1.0}",0,0,"[3, 65, 55, 70, 87, 58, 77]","[42, 2, 10]","[3, 65, 55, 70, 87, 58, 77]","[42, 2, 10]","[65, 55, 70, 87, 58, 77]",[3],"[42, 10]",[2],"[3, 65, 55, 70, 87, 58, 77]","[42, 2, 10]","[65, 55, 70, 87, 58, 77]",[3],"[42, 10]",[2],6,1,2,1
340,10,5,"[1, 21, 81, 37, 13, 86, 79, 59, 78, 57]","[21, 81, 37, 13, 86, 79, 59, 78, 57]",[1],0.6174947105896818,0.06800243232155756,2.0,0,0,"[1, 21, 81, 37, 13, 86, 79, 78, 57]",[59],"[1, 21, 81, 37, 13, 86, 79, 78, 57]",[59],"[21, 81, 37, 13, 86, 79, 78, 57]",[1],[59],[],2,0.3617067039012909,"{""0"": 2.1350345611572266, ""1"": 1.1288264989852905}",0,0,"[13, 86, 79]","[1, 21, 81, 37, 59, 78, 57]","[13, 86, 79]","[1, 21, 81, 37, 59, 78, 57]","[13, 86, 79]",[],"[21, 81, 37, 59, 78, 57]",[1],"[13, 86, 79]","[1, 21, 81, 37, 59, 78, 57]","[13, 86, 79]",[],"[21, 81, 37, 59, 78, 57]",[1],3,0,6,1
341,10,5,"[0, 28, 16, 6, 72, 8, 68, 34, 93, 1]","[28, 16, 6, 72, 8, 68, 34, 93]","[0, 1]",0.6765490172632168,0.05765944565742709,2.0,0,0,"[28, 16, 6, 72, 8, 68, 34, 1]","[0, 93]","[28, 16, 6, 72, 8, 68, 34, 1]","[0, 93]","[28, 16, 6, 72, 8, 68, 34]",[1],[93],[0],2,0.48096615076065063,"{""0"": 2.8243815898895264, ""1"": -1.0}",0,0,"[28, 16, 6, 72, 68, 34, 1]","[0, 8, 93]","[28, 16, 6, 72, 68, 34, 1]","[0, 8, 93]","[28, 16, 6, 72, 68, 34]",[1],"[8, 93]",[0],"[28, 16, 6, 72, 68, 34, 1]","[0, 8, 93]","[28, 16, 6, 72, 68, 34]",[1],"[8, 93]",[0],6,1,2,1
342,10,5,"[4, 70, 45, 93, 34, 33, 68, 59, 71, 74]","[70, 45, 93, 34, 33, 68, 59, 71, 74]",[4],0.644507128373053,0.05876741142395214,2.0,0,0,"[4, 70, 45, 93, 33, 74]","[34, 68, 59, 71]","[4, 70, 45, 93, 33, 74]","[34, 68, 59, 71]","[70, 45, 93, 33, 74]",[4],"[34, 68, 59, 71]",[],2,0.4787572920322418,"{""0"": 2.7345876693725586, ""1"": -1.0}",0,0,"[4, 70, 45, 33, 74]","[93, 34, 68, 59, 71]","[4, 70, 45, 33, 74]","[93, 34, 68, 59, 71]","[70, 45, 33, 74]",[4],"[93, 34, 68, 59, 71]",[],"[4, 70, 45, 33, 74]","[93, 34, 68, 59, 71]","[70, 45, 33, 74]",[4],"[93, 34, 68, 59, 71]",[],4,1,5,0
343,10,5,"[0, 35, 69, 32, 25, 33, 54, 41, 70, 49]","[35, 69, 32, 25, 33, 54, 41, 70, 49]",[0],0.8863282543573181,0.27468091901399705,2.0,0,0,"[0, 35, 69, 32, 25, 33, 54, 41, 70, 49]",[],"[0, 35, 69, 32, 25, 33, 54, 41, 70, 49]",[],"[35, 69, 32, 25, 33, 54, 41, 70, 49]",[0],[],[],2,0.45894289016723633,"{""0"": 0.635404109954834, ""1"": -1.0}",0,0,"[0, 35, 69, 25, 33, 54, 41, 70, 49]",[32],"[0, 35, 69, 25, 33, 54, 41, 70, 49]",[32],"[35, 69, 25, 33, 54, 41, 70, 49]",[0],[32],[],"[0, 35, 69, 25, 33, 54, 41, 70, 49]",[32],"[35, 69, 25, 33, 54, 41, 70, 49]",[0],[32],[],8,1,1,0
344,10,5,"[3, 95, 82, 18, 50, 8, 24, 13, 28, 9]","[95, 82, 18, 50, 8, 24, 13, 28, 9]",[3],0.7590628834639206,0.04402246717852892,2.0,0,0,"[3, 82, 18, 50, 8, 24, 13, 9]","[95, 28]","[3, 82, 18, 50, 8, 24, 13, 9]","[95, 28]","[82, 18, 50, 8, 24, 13, 9]",[3],"[95, 28]",[],3,0.3006971776485443,"{""0"": 2.3506388664245605, ""1"": 1.382549524307251, ""2"": -1.0}",0,0,"[3, 18, 50, 8, 13]","[95, 82, 24, 28, 9]","[3, 18, 50, 8, 13]","[95, 82, 24, 28, 9]","[18, 50, 8, 13]",[3],"[95, 82, 24, 28, 9]",[],"[3, 18, 50, 8, 13]","[95, 82, 24, 28, 9]","[18, 50, 8, 13]",[3],"[95, 82, 24, 28, 9]",[],4,1,5,0
345,10,5,"[4, 89, 3, 55, 91, 96, 94, 54, 39, 8]","[89, 55, 91, 96, 94, 54, 39, 8]","[4, 3]",0.7845649764307389,0.22817103607815303,2.0,0,0,"[4, 89, 3, 55, 91, 96, 94, 54, 39, 8]",[],"[4, 89, 3, 55, 91, 96, 94, 54, 39, 8]",[],"[89, 55, 91, 96, 94, 54, 39, 8]","[4, 3]",[],[],2,0.5120565891265869,"{""0"": 1.048400640487671, ""1"": -1.0}",0,0,"[4, 89, 3, 55, 91, 96, 94, 39, 8]",[54],"[4, 89, 3, 55, 91, 96, 94, 39, 8]",[54],"[89, 55, 91, 96, 94, 39, 8]","[4, 3]",[54],[],"[4, 89, 3, 55, 91, 96, 94, 39, 8]",[54],"[89, 55, 91, 96, 94, 39, 8]","[4, 3]",[54],[],7,2,1,0
346,10,5,"[2, 82, 78, 74, 61, 88, 39, 29, 4, 68]","[82, 78, 74, 61, 88, 39, 29, 68]","[2, 4]",0.685943445990453,0.047082513866680775,2.0,0,0,"[2, 82, 78, 74, 61, 39, 29, 4, 68]",[88],"[2, 82, 78, 74, 61, 39, 29, 4, 68]",[88],"[82, 78, 74, 61, 39, 29, 68]","[2, 4]",[88],[],2,0.49082693457603455,"{""0"": 2.613650321960449, ""1"": 1.9917125701904297}",0,0,"[82, 78, 74, 61, 39, 4, 68]","[2, 88, 29]","[82, 78, 74, 61, 39, 4, 68]","[2, 88, 29]","[82, 78, 74, 61, 39, 68]",[4],"[88, 29]",[2],"[82, 78, 74, 61, 39, 4, 68]","[2, 88, 29]","[82, 78, 74, 61, 39, 68]",[4],"[88, 29]",[2],6,1,2,1
347,10,5,"[3, 93, 72, 1, 90, 28, 57, 68, 23, 83]","[93, 72, 90, 28, 57, 68, 23, 83]","[3, 1]",0.7235405440051828,0.06123528576928505,2.0,0,0,"[3, 72, 1, 90, 28, 68, 23, 83]","[93, 57]","[3, 72, 1, 90, 28, 68, 23, 83]","[93, 57]","[72, 90, 28, 68, 23, 83]","[3, 1]","[93, 57]",[],2,0.37567561864852905,"{""0"": 1.269059419631958, ""1"": -1.0}",0,0,"[3, 72, 1, 90, 28, 23, 83]","[93, 57, 68]","[3, 72, 1, 90, 28, 23, 83]","[93, 57, 68]","[72, 90, 28, 23, 83]","[3, 1]","[93, 57, 68]",[],"[3, 72, 1, 90, 28, 23, 83]","[93, 57, 68]","[72, 90, 28, 23, 83]","[3, 1]","[93, 57, 68]",[],5,2,3,0
348,10,5,"[2, 91, 31, 57, 14, 17, 54, 95, 68, 64]","[91, 31, 57, 14, 17, 54, 95, 68, 64]",[2],0.8149170520779925,0.2763125968494373,2.0,0,0,"[2, 91, 31, 57, 14, 17, 54, 95, 68, 64]",[],"[2, 91, 31, 57, 14, 17, 54, 95, 68, 64]",[],"[91, 31, 57, 14, 17, 54, 95, 68, 64]",[2],[],[],2,0.6326054334640503,"{""0"": 2.7877070903778076, ""1"": -1.0}",0,0,"[2, 91, 57, 14, 17, 54, 95, 68, 64]",[31],"[2, 91, 57, 14, 17, 54, 95, 68, 64]",[31],"[91, 57, 14, 17, 54, 95, 68, 64]",[2],[31],[],"[2, 91, 57, 14, 17, 54, 95, 68, 64]",[31],"[91, 57, 14, 17, 54, 95, 68, 64]",[2],[31],[],8,1,1,0
349,10,5,"[0, 37, 11, 43, 41, 63, 70, 82, 13, 31]","[37, 11, 43, 41, 63, 70, 82, 13, 31]",[0],0.6759161553584767,0.09095710646429017,2.0,0,0,"[37, 11, 43, 41, 63, 70, 82, 13]","[0, 31]","[37, 11, 43, 41, 63, 70, 82, 13]","[0, 31]","[37, 11, 43, 41, 63, 70, 82, 13]",[],[31],[0],2,0.5925910472869873,"{""0"": 1.7651307582855225, ""1"": 4.450789451599121}",1,0,"[37, 11, 43, 41, 63, 70]","[0, 82, 13, 31]","[37, 11, 43, 41, 63, 70]","[0, 82, 13, 31]","[37, 11, 43, 41, 63, 70]",[],"[82, 13, 31]",[0],"[37, 11, 43, 41, 63, 70]","[0, 82, 13, 31]","[37, 11, 43, 41, 63, 70]",[],"[82, 13, 31]",[0],6,0,3,1
350,10,5,"[3, 26, 92, 10, 37, 22, 16, 62, 86, 44]","[26, 92, 10, 37, 22, 16, 62, 86, 44]",[3],0.578921227266626,0.1751802536382099,2.0,0,0,"[3, 26, 92, 10, 37, 22, 16, 62, 86, 44]",[],"[3, 26, 92, 10, 37, 22, 16, 62, 86, 44]",[],"[26, 92, 10, 37, 22, 16, 62, 86, 44]",[3],[],[],2,0.47761353850364685,"{""0"": 0.4600166082382202, ""1"": -1.0}",0,0,"[3, 26, 92, 10, 37, 22, 16, 62, 86]",[44],"[3, 26, 92, 10, 37, 22, 16, 62, 86]",[44],"[26, 92, 10, 37, 22, 16, 62, 86]",[3],[44],[],"[3, 26, 92, 10, 37, 22, 16, 62, 86]",[44],"[26, 92, 10, 37, 22, 16, 62, 86]",[3],[44],[],8,1,1,0
351,10,5,"[3, 18, 35, 62, 77, 78, 36, 93, 33, 32]","[18, 35, 62, 77, 78, 36, 93, 33, 32]",[3],0.6654106105234341,0.06026853756088402,2.0,0,0,"[3, 18, 35, 62, 77, 78, 36, 93, 33]",[32],"[3, 18, 35, 62, 77, 78, 36, 93, 33]",[32],"[18, 35, 62, 77, 78, 36, 93, 33]",[3],[32],[],2,0.544701337814331,"{""0"": 1.7960236072540283, ""1"": -1.0}",0,0,"[3, 18, 62, 77, 78, 36, 93, 33]","[35, 32]","[3, 18, 62, 77, 78, 36, 93, 33]","[35, 32]","[18, 62, 77, 78, 36, 93, 33]",[3],"[35, 32]",[],"[3, 18, 62, 77, 78, 36, 93, 33]","[35, 32]","[18, 62, 77, 78, 36, 93, 33]",[3],"[35, 32]",[],7,1,2,0
352,10,5,"[1, 15, 64, 70, 21, 58, 29, 93, 5, 46]","[15, 64, 70, 21, 58, 29, 93, 5, 46]",[1],0.7924140712618613,0.054956270983782196,2.0,0,0,"[1, 15, 64, 70, 21, 58, 29, 93, 5]",[46],"[1, 15, 64, 70, 21, 58, 29, 93, 5]",[46],"[15, 64, 70, 21, 58, 29, 93, 5]",[1],[46],[],2,0.4148222804069519,"{""0"": 1.0671032667160034, ""1"": -1.0}",0,0,"[1, 15, 64, 70, 21, 29, 93, 5]","[58, 46]","[1, 15, 64, 70, 21, 29, 93, 5]","[58, 46]","[15, 64, 70, 21, 29, 93, 5]",[1],"[58, 46]",[],"[1, 15, 64, 70, 21, 29, 93, 5]","[58, 46]","[15, 64, 70, 21, 29, 93, 5]",[1],"[58, 46]",[],7,1,2,0
353,10,5,"[4, 62, 53, 56, 18, 5, 68, 40, 1, 57]","[62, 53, 56, 18, 5, 68, 40, 57]","[4, 1]",0.7367920294708872,0.17448793711072763,2.0,0,0,"[4, 62, 53, 56, 18, 5, 68, 40, 1, 57]",[],"[4, 62, 53, 56, 18, 5, 68, 40, 1, 57]",[],"[62, 53, 56, 18, 5, 68, 40, 57]","[4, 1]",[],[],2,0.3126866817474365,"{""0"": 1.0195403099060059, ""1"": 1.5200384855270386}",1,0,"[62, 68]","[4, 53, 56, 18, 5, 40, 1, 57]","[62, 68]","[4, 53, 56, 18, 5, 40, 1, 57]","[62, 68]",[],"[53, 56, 18, 5, 40, 57]","[4, 1]","[62, 68]","[4, 53, 56, 18, 5, 40, 1, 57]","[62, 68]",[],"[53, 56, 18, 5, 40, 57]","[4, 1]",2,0,6,2
354,10,5,"[4, 36, 92, 52, 33, 1, 98, 15, 43, 57]","[36, 92, 52, 33, 98, 15, 43, 57]","[4, 1]",0.7576812643077269,0.13017294864866236,2.0,0,0,"[4, 36, 92, 52, 33, 1, 98, 15, 43, 57]",[],"[4, 36, 92, 52, 33, 1, 98, 15, 43, 57]",[],"[36, 92, 52, 33, 98, 15, 43, 57]","[4, 1]",[],[],5,0.3375885486602783,"{""0"": 2.65903639793396, ""1"": 1.7183892726898193, ""2"": 2.887718439102173, ""3"": -1.0, ""4"": -1.0}",2,0,"[98, 43, 57]","[4, 36, 92, 52, 33, 1, 15]","[98, 43, 57]","[4, 36, 92, 52, 33, 1, 15]","[98, 43, 57]",[],"[36, 92, 52, 33, 15]","[4, 1]","[98, 43, 57]","[4, 36, 92, 52, 33, 1, 15]","[98, 43, 57]",[],"[36, 92, 52, 33, 15]","[4, 1]",3,0,5,2
355,10,5,"[3, 38, 53, 50, 18, 15, 77, 79, 90, 63]","[38, 53, 50, 18, 15, 77, 79, 90, 63]",[3],0.7506280866516268,0.04992093944898962,2.0,0,0,"[3, 38, 53, 77, 79, 90, 63]","[50, 18, 15]","[3, 38, 53, 77, 79, 90, 63]","[50, 18, 15]","[38, 53, 77, 79, 90, 63]",[3],"[50, 18, 15]",[],2,0.41811466217041016,"{""0"": 3.7581734657287598, ""1"": -1.0}",0,0,"[3, 38, 53, 77, 79, 90]","[50, 18, 15, 63]","[3, 38, 53, 77, 79, 90]","[50, 18, 15, 63]","[38, 53, 77, 79, 90]",[3],"[50, 18, 15, 63]",[],"[3, 38, 53, 77, 79, 90]","[50, 18, 15, 63]","[38, 53, 77, 79, 90]",[3],"[50, 18, 15, 63]",[],5,1,4,0
356,10,5,"[4, 85, 41, 55, 44, 81, 17, 39, 20, 34]","[85, 41, 55, 44, 81, 17, 39, 20, 34]",[4],0.828563916156894,0.11011932727514268,2.0,0,0,"[4, 85, 41, 55, 44, 81, 17, 39, 20, 34]",[],"[4, 85, 41, 55, 44, 81, 17, 39, 20, 34]",[],"[85, 41, 55, 44, 81, 17, 39, 20, 34]",[4],[],[],2,0.4981147348880768,"{""0"": 1.384825587272644, ""1"": 1.9056525230407715}",1,0,"[81, 17]","[4, 85, 41, 55, 44, 39, 20, 34]","[81, 17]","[4, 85, 41, 55, 44, 39, 20, 34]","[81, 17]",[],"[85, 41, 55, 44, 39, 20, 34]",[4],"[81, 17]","[4, 85, 41, 55, 44, 39, 20, 34]","[81, 17]",[],"[85, 41, 55, 44, 39, 20, 34]",[4],2,0,7,1
357,10,5,"[2, 72, 55, 52, 59, 23, 79, 74, 78, 8]","[72, 55, 52, 59, 23, 79, 74, 78, 8]",[2],0.8460008413548803,0.027511687375611826,2.0,0,0,"[2, 72, 52, 59, 23, 79, 74, 78]","[55, 8]","[2, 72, 52, 59, 23, 79, 74, 78]","[55, 8]","[72, 52, 59, 23, 79, 74, 78]",[2],"[55, 8]",[],3,0.34565114974975586,"{""0"": 3.0406200885772705, ""1"": 1.8881014585494995, ""2"": -1.0}",0,0,"[52, 23, 79, 74, 78]","[2, 72, 55, 59, 8]","[52, 23, 79, 74, 78]","[2, 72, 55, 59, 8]","[52, 23, 79, 74, 78]",[],"[72, 55, 59, 8]",[2],"[52, 23, 79, 74, 78]","[2, 72, 55, 59, 8]","[52, 23, 79, 74, 78]",[],"[72, 55, 59, 8]",[2],5,0,4,1
358,10,5,"[3, 21, 18, 92, 54, 61, 79, 35, 6, 56]","[21, 18, 92, 54, 61, 79, 35, 6, 56]",[3],0.6947807573299583,0.09560097394652461,2.0,0,0,"[3, 21, 18, 92, 61, 79, 35, 6, 56]",[54],"[3, 21, 18, 92, 61, 79, 35, 6, 56]",[54],"[21, 18, 92, 61, 79, 35, 6, 56]",[3],[54],[],2,0.5242127776145935,"{""0"": 0.9969958662986755, ""1"": -1.0}",0,0,"[3, 21, 18, 92, 61, 35, 6, 56]","[54, 79]","[3, 21, 18, 92, 61, 35, 6, 56]","[54, 79]","[21, 18, 92, 61, 35, 6, 56]",[3],"[54, 79]",[],"[3, 21, 18, 92, 61, 35, 6, 56]","[54, 79]","[21, 18, 92, 61, 35, 6, 56]",[3],"[54, 79]",[],7,1,2,0
359,10,5,"[0, 13, 41, 34, 14, 30, 67, 21, 57, 92]","[13, 41, 34, 14, 30, 67, 21, 57, 92]",[0],0.718003091233572,0.11373239038072736,2.0,0,0,"[0, 13, 41, 34, 14, 30, 67, 21, 57, 92]",[],"[0, 13, 41, 34, 14, 30, 67, 21, 57, 92]",[],"[13, 41, 34, 14, 30, 67, 21, 57, 92]",[0],[],[],2,0.5975357294082642,"{""0"": 2.654768943786621, ""1"": -1.0}",0,0,"[13, 41, 34, 14, 30, 67, 21, 57, 92]",[0],"[13, 41, 34, 14, 30, 67, 21, 57, 92]",[0],"[13, 41, 34, 14, 30, 67, 21, 57, 92]",[],[],[0],"[13, 41, 34, 14, 30, 67, 21, 57, 92]",[0],"[13, 41, 34, 14, 30, 67, 21, 57, 92]",[],[],[0],9,0,0,1
360,10,5,"[1, 72, 53, 86, 69, 68, 28, 31, 79, 18]","[72, 53, 86, 69, 68, 28, 31, 79, 18]",[1],0.6965920520638893,0.0766565885365808,2.0,0,0,"[1, 72, 53, 69, 68, 28, 79, 18]","[86, 31]","[1, 72, 53, 69, 68, 28, 79, 18]","[86, 31]","[72, 53, 69, 68, 28, 79, 18]",[1],"[86, 31]",[],2,0.4407627582550049,"{""0"": 3.4867405891418457, ""1"": -1.0}",0,0,"[1, 72, 53, 68, 28, 79, 18]","[86, 69, 31]","[1, 72, 53, 68, 28, 79, 18]","[86, 69, 31]","[72, 53, 68, 28, 79, 18]",[1],"[86, 69, 31]",[],"[1, 72, 53, 68, 28, 79, 18]","[86, 69, 31]","[72, 53, 68, 28, 79, 18]",[1],"[86, 69, 31]",[],6,1,3,0
361,10,5,"[1, 69, 86, 97, 78, 68, 50, 18, 20, 46]","[69, 86, 97, 78, 68, 50, 18, 20, 46]",[1],0.7801444260545043,0.16954008095689171,2.0,0,0,"[1, 69, 86, 78, 68, 50, 18, 20, 46]",[97],"[1, 69, 86, 78, 68, 50, 18, 20, 46]",[97],"[69, 86, 78, 68, 50, 18, 20, 46]",[1],[97],[],2,0.40626975893974304,"{""0"": 2.2610673904418945, ""1"": 1.6022076606750488}",0,0,"[1, 69, 86, 78, 68, 18, 20]","[97, 50, 46]","[1, 69, 86, 78, 68, 18, 20]","[97, 50, 46]","[69, 86, 78, 68, 18, 20]",[1],"[97, 50, 46]",[],"[1, 69, 86, 78, 68, 18, 20]","[97, 50, 46]","[69, 86, 78, 68, 18, 20]",[1],"[97, 50, 46]",[],6,1,3,0
362,10,5,"[2, 55, 84, 65, 95, 54, 24, 73, 53, 56]","[55, 84, 65, 95, 54, 24, 73, 53, 56]",[2],0.8201245998404884,0.1585092301736169,2.0,0,0,"[2, 55, 84, 65, 95, 24, 73, 53, 56]",[54],"[2, 55, 84, 65, 95, 24, 73, 53, 56]",[54],"[55, 84, 65, 95, 24, 73, 53, 56]",[2],[54],[],2,0.588793933391571,"{""0"": 2.0250139236450195, ""1"": -1.0}",0,0,"[2, 55, 84, 65, 95, 24, 53, 56]","[54, 73]","[2, 55, 84, 65, 95, 24, 53, 56]","[54, 73]","[55, 84, 65, 95, 24, 53, 56]",[2],"[54, 73]",[],"[2, 55, 84, 65, 95, 24, 53, 56]","[54, 73]","[55, 84, 65, 95, 24, 53, 56]",[2],"[54, 73]",[],7,1,2,0
363,10,5,"[0, 8, 30, 47, 52, 48, 64, 35, 83, 71]","[8, 30, 47, 52, 48, 64, 35, 83, 71]",[0],0.9238588421057261,0.14269678236610994,2.0,0,0,"[0, 8, 30, 47, 52, 48, 64, 35, 83, 71]",[],"[0, 8, 30, 47, 52, 48, 64, 35, 83, 71]",[],"[8, 30, 47, 52, 48, 64, 35, 83, 71]",[0],[],[],2,0.7133166193962097,"{""0"": 2.8094170093536377, ""1"": -1.0}",0,0,"[0, 8, 30, 47, 52, 64, 35, 83, 71]",[48],"[0, 8, 30, 47, 52, 64, 35, 83, 71]",[48],"[8, 30, 47, 52, 64, 35, 83, 71]",[0],[48],[],"[0, 8, 30, 47, 52, 64, 35, 83, 71]",[48],"[8, 30, 47, 52, 64, 35, 83, 71]",[0],[48],[],8,1,1,0
364,10,5,"[0, 72, 40, 26, 63, 84, 11, 91, 99, 75]","[72, 40, 26, 63, 84, 11, 91, 99, 75]",[0],0.7498750518323026,0.06332630549910573,2.0,0,0,"[40, 26, 63, 84, 91, 99, 75]","[0, 72, 11]","[40, 26, 63, 84, 91, 99, 75]","[0, 72, 11]","[40, 26, 63, 84, 91, 99, 75]",[],"[72, 11]",[0],3,0.4241558909416199,"{""0"": 0.8989955186843872, ""1"": -1.0, ""2"": 1.8548884391784668}",2,0,"[40, 99]","[0, 72, 26, 63, 84, 11, 91, 75]","[40, 99]","[0, 72, 26, 63, 84, 11, 91, 75]","[40, 99]",[],"[72, 26, 63, 84, 11, 91, 75]",[0],"[40, 99]","[0, 72, 26, 63, 84, 11, 91, 75]","[40, 99]",[],"[72, 26, 63, 84, 11, 91, 75]",[0],2,0,7,1
365,10,5,"[1, 53, 19, 62, 30, 81, 47, 0, 83, 52]","[53, 19, 62, 30, 81, 47, 83, 52]","[1, 0]",0.8968232650342209,0.11748656843783517,2.0,0,0,"[1, 53, 19, 62, 30, 81, 47, 0, 83, 52]",[],"[1, 53, 19, 62, 30, 81, 47, 0, 83, 52]",[],"[53, 19, 62, 30, 81, 47, 83, 52]","[1, 0]",[],[],2,0.4914588928222656,"{""0"": 1.4452518224716187, ""1"": -1.0}",0,0,"[1, 53, 19, 62, 30, 81, 47, 83, 52]",[0],"[1, 53, 19, 62, 30, 81, 47, 83, 52]",[0],"[53, 19, 62, 30, 81, 47, 83, 52]",[1],[],[0],"[1, 53, 19, 62, 30, 81, 47, 83, 52]",[0],"[53, 19, 62, 30, 81, 47, 83, 52]",[1],[],[0],8,1,0,1
366,10,5,"[0, 7, 94, 10, 20, 55, 53, 37, 50, 82]","[7, 94, 10, 20, 55, 53, 37, 50, 82]",[0],0.7325989619201426,0.16933611308523872,2.0,0,0,"[0, 7, 94, 10, 20, 55, 53, 37, 50, 82]",[],"[0, 7, 94, 10, 20, 55, 53, 37, 50, 82]",[],"[7, 94, 10, 20, 55, 53, 37, 50, 82]",[0],[],[],2,0.46271806955337524,"{""0"": 1.811557412147522, ""1"": -1.0}",0,0,"[0, 94, 10, 20, 55, 53, 37, 50, 82]",[7],"[0, 94, 10, 20, 55, 53, 37, 50, 82]",[7],"[94, 10, 20, 55, 53, 37, 50, 82]",[0],[7],[],"[0, 94, 10, 20, 55, 53, 37, 50, 82]",[7],"[94, 10, 20, 55, 53, 37, 50, 82]",[0],[7],[],8,1,1,0
367,10,5,"[0, 75, 56, 10, 37, 78, 5, 73, 11, 1]","[75, 56, 10, 37, 78, 5, 73, 11]","[0, 1]",0.6316299620474826,0.07543138052333881,2.0,0,0,"[0, 75, 56, 37, 78, 5, 1]","[10, 73, 11]","[0, 75, 56, 37, 78, 5, 1]","[10, 73, 11]","[75, 56, 37, 78, 5]","[0, 1]","[10, 73, 11]",[],3,0.3851257264614105,"{""0"": 0.8597742319107056, ""1"": 3.679349899291992, ""2"": -1.0}",1,0,"[37, 78, 5, 1]","[0, 75, 56, 10, 73, 11]","[37, 78, 5, 1]","[0, 75, 56, 10, 73, 11]","[37, 78, 5]",[1],"[75, 56, 10, 73, 11]",[0],"[37, 78, 5, 1]","[0, 75, 56, 10, 73, 11]","[37, 78, 5]",[1],"[75, 56, 10, 73, 11]",[0],3,1,5,1
368,10,5,"[0, 77, 14, 56, 51, 46, 86, 76, 42, 40]","[77, 14, 56, 51, 46, 86, 76, 42, 40]",[0],0.600206617359461,0.11109305404606085,2.0,0,0,"[0, 77, 14, 56, 51, 46, 86, 76, 42, 40]",[],"[0, 77, 14, 56, 51, 46, 86, 76, 42, 40]",[],"[77, 14, 56, 51, 46, 86, 76, 42, 40]",[0],[],[],2,0.4392909109592438,"{""0"": 0.8045242428779602, ""1"": -1.0}",0,0,"[0, 14, 56, 51, 46, 86, 76, 42, 40]",[77],"[0, 14, 56, 51, 46, 86, 76, 42, 40]",[77],"[14, 56, 51, 46, 86, 76, 42, 40]",[0],[77],[],"[0, 14, 56, 51, 46, 86, 76, 42, 40]",[77],"[14, 56, 51, 46, 86, 76, 42, 40]",[0],[77],[],8,1,1,0
369,10,5,"[2, 40, 93, 32, 5, 7, 13, 61, 67, 35]","[40, 93, 32, 5, 7, 13, 61, 67, 35]",[2],0.6845379403555192,0.14310145516778044,2.0,0,0,"[2, 40, 93, 32, 5, 7, 13, 61, 67, 35]",[],"[2, 40, 93, 32, 5, 7, 13, 61, 67, 35]",[],"[40, 93, 32, 5, 7, 13, 61, 67, 35]",[2],[],[],5,0.4533095359802246,"{""0"": 2.641547679901123, ""1"": 1.8960678577423096, ""2"": 1.9237847328186035, ""3"": -1.0, ""4"": 1.8490190505981445}",0,0,"[5, 61, 35]","[2, 40, 93, 32, 7, 13, 67]","[5, 61, 35]","[2, 40, 93, 32, 7, 13, 67]","[5, 61, 35]",[],"[40, 93, 32, 7, 13, 67]",[2],"[5, 61, 35]","[2, 40, 93, 32, 7, 13, 67]","[5, 61, 35]",[],"[40, 93, 32, 7, 13, 67]",[2],3,0,6,1
370,10,5,"[3, 17, 84, 95, 63, 94, 39, 98, 89, 21]","[17, 84, 95, 63, 94, 39, 98, 89, 21]",[3],0.7254772208050767,0.178110369994479,2.0,0,0,"[3, 84, 95, 63, 94, 39, 98, 89, 21]",[17],"[3, 84, 95, 63, 94, 39, 98, 89, 21]",[17],"[84, 95, 63, 94, 39, 98, 89, 21]",[3],[17],[],2,0.6200595498085022,"{""0"": 2.4836723804473877, ""1"": -1.0}",0,0,"[3, 84, 95, 63, 94, 39, 98, 21]","[17, 89]","[3, 84, 95, 63, 94, 39, 98, 21]","[17, 89]","[84, 95, 63, 94, 39, 98, 21]",[3],"[17, 89]",[],"[3, 84, 95, 63, 94, 39, 98, 21]","[17, 89]","[84, 95, 63, 94, 39, 98, 21]",[3],"[17, 89]",[],7,1,2,0
371,10,5,"[0, 83, 41, 24, 92, 17, 44, 86, 87, 71]","[83, 41, 24, 92, 17, 44, 86, 87, 71]",[0],0.7936339633517699,0.07560665920895565,2.0,0,0,"[0, 83, 41, 24, 92, 44, 86, 87, 71]",[17],"[0, 83, 41, 24, 92, 44, 86, 87, 71]",[17],"[83, 41, 24, 92, 44, 86, 87, 71]",[0],[17],[],2,0.48103079199790955,"{""0"": 1.63173246383667, ""1"": -1.0}",0,0,"[0, 83, 24, 92, 44, 86, 87, 71]","[41, 17]","[0, 83, 24, 92, 44, 86, 87, 71]","[41, 17]","[83, 24, 92, 44, 86, 87, 71]",[0],"[41, 17]",[],"[0, 83, 24, 92, 44, 86, 87, 71]","[41, 17]","[83, 24, 92, 44, 86, 87, 71]",[0],"[41, 17]",[],7,1,2,0
372,10,5,"[4, 65, 59, 88, 26, 8, 64, 21, 14, 53]","[65, 59, 88, 26, 8, 64, 21, 14, 53]",[4],0.8991197386648462,0.15630432854054827,2.0,0,0,"[4, 65, 59, 26, 8, 64, 21, 14, 53]",[88],"[4, 65, 59, 26, 8, 64, 21, 14, 53]",[88],"[65, 59, 26, 8, 64, 21, 14, 53]",[4],[88],[],2,0.4421539306640625,"{""0"": 2.545849323272705, ""1"": -1.0}",0,0,"[4, 65, 59, 26, 64, 21, 14, 53]","[88, 8]","[4, 65, 59, 26, 64, 21, 14, 53]","[88, 8]","[65, 59, 26, 64, 21, 14, 53]",[4],"[88, 8]",[],"[4, 65, 59, 26, 64, 21, 14, 53]","[88, 8]","[65, 59, 26, 64, 21, 14, 53]",[4],"[88, 8]",[],7,1,2,0
373,10,5,"[3, 48, 52, 73, 14, 6, 96, 58, 8, 81]","[48, 52, 73, 14, 6, 96, 58, 8, 81]",[3],0.7353338418060631,0.07969169712474594,2.0,0,0,"[3, 52, 14, 6, 96, 58, 8, 81]","[48, 73]","[3, 52, 14, 6, 96, 58, 8, 81]","[48, 73]","[52, 14, 6, 96, 58, 8, 81]",[3],"[48, 73]",[],2,0.37790948152542114,"{""0"": 1.373023271560669, ""1"": 3.7446048259735107}",1,0,"[3, 52, 14, 6, 96, 81]","[48, 73, 58, 8]","[3, 52, 14, 6, 96, 81]","[48, 73, 58, 8]","[52, 14, 6, 96, 81]",[3],"[48, 73, 58, 8]",[],"[3, 52, 14, 6, 96, 81]","[48, 73, 58, 8]","[52, 14, 6, 96, 81]",[3],"[48, 73, 58, 8]",[],5,1,4,0
374,10,5,"[4, 87, 86, 52, 97, 9, 16, 64, 12, 28]","[87, 86, 52, 97, 9, 16, 64, 12, 28]",[4],0.7141512738426097,0.09873290345599084,2.0,0,0,"[4, 87, 86, 52, 16, 64, 12, 28]","[97, 9]","[4, 87, 86, 52, 16, 64, 12, 28]","[97, 9]","[87, 86, 52, 16, 64, 12, 28]",[4],"[97, 9]",[],2,0.30002540349960327,"{""0"": 2.400660991668701, ""1"": 1.5209832191467285}",0,0,"[4, 87, 86, 16, 64, 12]","[52, 97, 9, 28]","[4, 87, 86, 16, 64, 12]","[52, 97, 9, 28]","[87, 86, 16, 64, 12]",[4],"[52, 97, 9, 28]",[],"[4, 87, 86, 16, 64, 12]","[52, 97, 9, 28]","[87, 86, 16, 64, 12]",[4],"[52, 97, 9, 28]",[],5,1,4,0
375,10,5,"[2, 0, 82, 19, 46, 5, 3, 53, 35, 23]","[82, 19, 46, 5, 53, 35, 23]","[2, 0, 3]",0.9312473554528111,0.15117739903041522,2.0,0,0,"[2, 0, 82, 19, 46, 5, 3, 53, 35, 23]",[],"[2, 0, 82, 19, 46, 5, 3, 53, 35, 23]",[],"[82, 19, 46, 5, 53, 35, 23]","[2, 0, 3]",[],[],2,0.7854149341583252,"{""0"": 5.942961692810059, ""1"": -1.0}",0,0,"[2, 0, 82, 46, 5, 3, 53, 35, 23]",[19],"[2, 0, 82, 46, 5, 3, 53, 35, 23]",[19],"[82, 46, 5, 53, 35, 23]","[2, 0, 3]",[19],[],"[2, 0, 82, 46, 5, 3, 53, 35, 23]",[19],"[82, 46, 5, 53, 35, 23]","[2, 0, 3]",[19],[],6,3,1,0
376,10,5,"[1, 59, 54, 33, 32, 40, 74, 83, 98, 86]","[59, 54, 33, 32, 40, 74, 83, 98, 86]",[1],0.7409169497532302,0.0638440181299918,2.0,0,0,"[1, 59, 33, 32, 40, 83, 98, 86]","[54, 74]","[1, 59, 33, 32, 40, 83, 98, 86]","[54, 74]","[59, 33, 32, 40, 83, 98, 86]",[1],"[54, 74]",[],2,0.5668757557868958,"{""0"": 1.5464956760406494, ""1"": -1.0}",0,0,"[1, 59, 33, 40, 83, 98, 86]","[54, 32, 74]","[1, 59, 33, 40, 83, 98, 86]","[54, 32, 74]","[59, 33, 40, 83, 98, 86]",[1],"[54, 32, 74]",[],"[1, 59, 33, 40, 83, 98, 86]","[54, 32, 74]","[59, 33, 40, 83, 98, 86]",[1],"[54, 32, 74]",[],6,1,3,0
377,10,5,"[3, 44, 18, 56, 87, 88, 46, 8, 41, 25]","[44, 18, 56, 87, 88, 46, 8, 41, 25]",[3],0.6896372690983446,0.10135772540863808,2.0,0,0,"[3, 44, 18, 56, 87, 46, 8, 41, 25]",[88],"[3, 44, 18, 56, 87, 46, 8, 41, 25]",[88],"[44, 18, 56, 87, 46, 8, 41, 25]",[3],[88],[],3,0.41705361008644104,"{""0"": 2.4688000679016113, ""1"": 3.8270363807678223, ""2"": -1.0}",1,0,"[3, 44, 87, 46, 25]","[18, 56, 88, 8, 41]","[3, 44, 87, 46, 25]","[18, 56, 88, 8, 41]","[44, 87, 46, 25]",[3],"[18, 56, 88, 8, 41]",[],"[3, 44, 87, 46, 25]","[18, 56, 88, 8, 41]","[44, 87, 46, 25]",[3],"[18, 56, 88, 8, 41]",[],4,1,5,0
378,10,5,"[2, 64, 63, 87, 34, 11, 53, 1, 21, 66]","[64, 63, 87, 34, 11, 53, 21, 66]","[2, 1]",0.6335256091382435,0.05103277360853603,2.0,0,0,"[64, 63, 87, 34, 53, 1, 66]","[2, 11, 21]","[64, 63, 87, 34, 53, 1, 66]","[2, 11, 21]","[64, 63, 87, 34, 53, 66]",[1],"[11, 21]",[2],2,0.39625927805900574,"{""0"": 2.1346282958984375, ""1"": -1.0}",0,0,"[64, 63, 87, 34, 53, 1]","[2, 11, 21, 66]","[64, 63, 87, 34, 53, 1]","[2, 11, 21, 66]","[64, 63, 87, 34, 53]",[1],"[11, 21, 66]",[2],"[64, 63, 87, 34, 53, 1]","[2, 11, 21, 66]","[64, 63, 87, 34, 53]",[1],"[11, 21, 66]",[2],5,1,3,1
379,10,5,"[2, 90, 74, 46, 25, 92, 71, 69, 93, 64]","[90, 74, 46, 25, 92, 71, 69, 93, 64]",[2],0.5936244358014274,0.06181716780805241,2.0,0,0,"[2, 90, 74, 46, 25, 92, 93, 64]","[71, 69]","[2, 90, 74, 46, 25, 92, 93, 64]","[71, 69]","[90, 74, 46, 25, 92, 93, 64]",[2],"[71, 69]",[],3,0.3441987931728363,"{""0"": 2.3786206245422363, ""1"": 1.932619571685791, ""2"": -1.0}",0,0,"[90, 74, 25, 92, 93]","[2, 46, 71, 69, 64]","[90, 74, 25, 92, 93]","[2, 46, 71, 69, 64]","[90, 74, 25, 92, 93]",[],"[46, 71, 69, 64]",[2],"[90, 74, 25, 92, 93]","[2, 46, 71, 69, 64]","[90, 74, 25, 92, 93]",[],"[46, 71, 69, 64]",[2],5,0,4,1
380,10,5,"[2, 46, 77, 82, 72, 64, 41, 73, 95, 24]","[46, 77, 82, 72, 64, 41, 73, 95, 24]",[2],0.815493556637405,0.19095969920607836,2.0,0,0,"[2, 46, 77, 82, 72, 64, 41, 73, 95, 24]",[],"[2, 46, 77, 82, 72, 64, 41, 73, 95, 24]",[],"[46, 77, 82, 72, 64, 41, 73, 95, 24]",[2],[],[],4,0.49308234453201294,"{""0"": 1.9327718019485474, ""1"": 4.459969997406006, ""2"": -1.0, ""3"": -1.0}",1,0,"[46, 77, 82, 72, 64, 41]","[2, 73, 95, 24]","[46, 77, 82, 72, 64, 41]","[2, 73, 95, 24]","[46, 77, 82, 72, 64, 41]",[],"[73, 95, 24]",[2],"[46, 77, 82, 72, 64, 41]","[2, 73, 95, 24]","[46, 77, 82, 72, 64, 41]",[],"[73, 95, 24]",[2],6,0,3,1
381,10,5,"[0, 34, 93, 9, 87, 45, 42, 21, 68, 95]","[34, 93, 9, 87, 45, 42, 21, 68, 95]",[0],0.6833017265122425,0.14771056876640137,2.0,0,0,"[0, 34, 93, 9, 87, 45, 42, 21, 68]",[95],"[0, 34, 93, 9, 87, 45, 42, 21, 68]",[95],"[34, 93, 9, 87, 45, 42, 21, 68]",[0],[95],[],2,0.5562012195587158,"{""0"": 2.48608136177063, ""1"": -1.0}",0,0,"[0, 34, 93, 9, 87, 45, 21, 68]","[42, 95]","[0, 34, 93, 9, 87, 45, 21, 68]","[42, 95]","[34, 93, 9, 87, 45, 21, 68]",[0],"[42, 95]",[],"[0, 34, 93, 9, 87, 45, 21, 68]","[42, 95]","[34, 93, 9, 87, 45, 21, 68]",[0],"[42, 95]",[],7,1,2,0
382,10,5,"[1, 98, 30, 7, 13, 52, 36, 94, 3, 85]","[98, 30, 7, 13, 52, 36, 94, 85]","[1, 3]",0.7031770769619754,0.11687381177004025,2.0,0,0,"[1, 98, 30, 7, 13, 52, 36, 94, 3, 85]",[],"[1, 98, 30, 7, 13, 52, 36, 94, 3, 85]",[],"[98, 30, 7, 13, 52, 36, 94, 85]","[1, 3]",[],[],2,0.46120357513427734,"{""0"": 1.8561831712722778, ""1"": 1.417684555053711}",0,0,"[1, 98, 7, 13, 52, 94, 3, 85]","[30, 36]","[1, 98, 7, 13, 52, 94, 3, 85]","[30, 36]","[98, 7, 13, 52, 94, 85]","[1, 3]","[30, 36]",[],"[1, 98, 7, 13, 52, 94, 3, 85]","[30, 36]","[98, 7, 13, 52, 94, 85]","[1, 3]","[30, 36]",[],6,2,2,0
383,10,5,"[1, 81, 18, 78, 64, 59, 91, 36, 38, 83]","[81, 18, 78, 64, 59, 91, 36, 38, 83]",[1],0.6056264582234829,0.11555996982097172,2.0,0,0,"[1, 81, 18, 78, 64, 59, 91, 36, 38, 83]",[],"[1, 81, 18, 78, 64, 59, 91, 36, 38, 83]",[],"[81, 18, 78, 64, 59, 91, 36, 38, 83]",[1],[],[],2,0.6454017162322998,"{""0"": 1.641431450843811, ""1"": -1.0}",0,0,"[1, 81, 78, 64, 59, 91, 36, 38, 83]",[18],"[1, 81, 78, 64, 59, 91, 36, 38, 83]",[18],"[81, 78, 64, 59, 91, 36, 38, 83]",[1],[18],[],"[1, 81, 78, 64, 59, 91, 36, 38, 83]",[18],"[81, 78, 64, 59, 91, 36, 38, 83]",[1],[18],[],8,1,1,0
384,10,5,"[2, 30, 92, 19, 76, 90, 40, 45, 87, 59]","[30, 92, 19, 76, 90, 40, 45, 87, 59]",[2],0.6817188396073623,0.05125194146787476,2.0,0,0,"[2, 30, 92, 76, 90, 40, 45, 87, 59]",[19],"[2, 30, 92, 76, 90, 40, 45, 87, 59]",[19],"[30, 92, 76, 90, 40, 45, 87, 59]",[2],[19],[],2,0.5339064002037048,"{""0"": 1.3692564964294434, ""1"": -1.0}",0,0,"[2, 30, 92, 76, 90, 45, 87, 59]","[19, 40]","[2, 30, 92, 76, 90, 45, 87, 59]","[19, 40]","[30, 92, 76, 90, 45, 87, 59]",[2],"[19, 40]",[],"[2, 30, 92, 76, 90, 45, 87, 59]","[19, 40]","[30, 92, 76, 90, 45, 87, 59]",[2],"[19, 40]",[],7,1,2,0
385,10,5,"[4, 55, 64, 89, 83, 94, 37, 91, 7, 38]","[55, 64, 89, 83, 94, 37, 91, 7, 38]",[4],0.7209729126277652,0.047756313571518993,2.0,0,0,"[4, 55, 64, 89, 83, 94, 7, 38]","[37, 91]","[4, 55, 64, 89, 83, 94, 7, 38]","[37, 91]","[55, 64, 89, 83, 94, 7, 38]",[4],"[37, 91]",[],2,0.24715156853199005,"{""0"": 1.9694571495056152, ""1"": 1.3044793605804443}",0,0,"[55, 64, 89, 83, 38]","[4, 94, 37, 91, 7]","[55, 64, 89, 83, 38]","[4, 94, 37, 91, 7]","[55, 64, 89, 83, 38]",[],"[94, 37, 91, 7]",[4],"[55, 64, 89, 83, 38]","[4, 94, 37, 91, 7]","[55, 64, 89, 83, 38]",[],"[94, 37, 91, 7]",[4],5,0,4,1
386,10,5,"[3, 59, 17, 34, 82, 98, 51, 93, 36, 80]","[59, 17, 34, 82, 98, 51, 93, 36, 80]",[3],0.6504563558824461,0.11132633987226015,2.0,0,0,"[3, 59, 17, 34, 82, 98, 51, 93, 36, 80]",[],"[3, 59, 17, 34, 82, 98, 51, 93, 36, 80]",[],"[59, 17, 34, 82, 98, 51, 93, 36, 80]",[3],[],[],2,0.34987014532089233,"{""0"": 1.8653122186660767, ""1"": 2.2309951782226562}",1,0,"[17, 51, 36]","[3, 59, 34, 82, 98, 93, 80]","[17, 51, 36]","[3, 59, 34, 82, 98, 93, 80]","[17, 51, 36]",[],"[59, 34, 82, 98, 93, 80]",[3],"[17, 51, 36]","[3, 59, 34, 82, 98, 93, 80]","[17, 51, 36]",[],"[59, 34, 82, 98, 93, 80]",[3],3,0,6,1
387,10,5,"[3, 20, 95, 66, 28, 85, 38, 14, 73, 1]","[20, 95, 66, 28, 85, 38, 14, 73]","[3, 1]",1.1919991760584887,0.2734392795253277,2.0,0,0,"[3, 20, 95, 66, 28, 85, 38, 14, 73, 1]",[],"[3, 20, 95, 66, 28, 85, 38, 14, 73, 1]",[],"[20, 95, 66, 28, 85, 38, 14, 73]","[3, 1]",[],[],2,0.4442291259765625,"{""0"": 1.335950255393982, ""1"": -1.0}",0,0,"[3, 20, 95, 66, 28, 85, 38, 14, 1]",[73],"[3, 20, 95, 66, 28, 85, 38, 14, 1]",[73],"[20, 95, 66, 28, 85, 38, 14]","[3, 1]",[73],[],"[3, 20, 95, 66, 28, 85, 38, 14, 1]",[73],"[20, 95, 66, 28, 85, 38, 14]","[3, 1]",[73],[],7,2,1,0
388,10,5,"[3, 58, 81, 85, 10, 2, 5, 77, 74, 57]","[58, 81, 85, 10, 5, 77, 74, 57]","[3, 2]",0.8278710089038201,0.12638547680948442,2.0,0,0,"[3, 58, 81, 85, 10, 2, 5, 77, 74, 57]",[],"[3, 58, 81, 85, 10, 2, 5, 77, 74, 57]",[],"[58, 81, 85, 10, 5, 77, 74, 57]","[3, 2]",[],[],2,0.5441716909408569,"{""0"": 2.0267462730407715, ""1"": -1.0}",0,0,"[3, 58, 81, 85, 10, 5, 77, 74, 57]",[2],"[3, 58, 81, 85, 10, 5, 77, 74, 57]",[2],"[58, 81, 85, 10, 5, 77, 74, 57]",[3],[],[2],"[3, 58, 81, 85, 10, 5, 77, 74, 57]",[2],"[58, 81, 85, 10, 5, 77, 74, 57]",[3],[],[2],8,1,0,1
389,10,5,"[4, 38, 23, 79, 66, 22, 75, 73, 32, 9]","[38, 23, 79, 66, 22, 75, 73, 32, 9]",[4],0.7330959040864025,0.09206577975038066,2.0,0,0,"[4, 38, 23, 79, 66, 22, 75]","[73, 32, 9]","[4, 38, 23, 79, 66, 22, 75]","[73, 32, 9]","[38, 23, 79, 66, 22, 75]",[4],"[73, 32, 9]",[],2,0.4101007282733917,"{""0"": 1.5405974388122559, ""1"": -1.0}",0,0,"[4, 38, 23, 79, 22, 75]","[66, 73, 32, 9]","[4, 38, 23, 79, 22, 75]","[66, 73, 32, 9]","[38, 23, 79, 22, 75]",[4],"[66, 73, 32, 9]",[],"[4, 38, 23, 79, 22, 75]","[66, 73, 32, 9]","[38, 23, 79, 22, 75]",[4],"[66, 73, 32, 9]",[],5,1,4,0
390,10,5,"[3, 82, 34, 17, 16, 65, 55, 46, 45, 78]","[82, 34, 17, 16, 65, 55, 46, 45, 78]",[3],0.7326994496353356,0.0872872082886964,2.0,0,0,"[3, 82, 34, 16, 65, 55, 46, 45, 78]",[17],"[3, 82, 34, 16, 65, 55, 46, 45, 78]",[17],"[82, 34, 16, 65, 55, 46, 45, 78]",[3],[17],[],2,0.4230240285396576,"{""0"": 2.2872793674468994, ""1"": 2.6666834354400635}",1,0,"[3, 65, 46]","[82, 34, 17, 16, 55, 45, 78]","[3, 65, 46]","[82, 34, 17, 16, 55, 45, 78]","[65, 46]",[3],"[82, 34, 17, 16, 55, 45, 78]",[],"[3, 65, 46]","[82, 34, 17, 16, 55, 45, 78]","[65, 46]",[3],"[82, 34, 17, 16, 55, 45, 78]",[],2,1,7,0
391,10,5,"[3, 7, 99, 24, 37, 67, 76, 10, 0, 44]","[7, 99, 24, 37, 67, 76, 10, 44]","[3, 0]",0.8646409978659251,0.1651512317787197,2.0,0,0,"[3, 7, 99, 24, 37, 67, 76, 10, 0, 44]",[],"[3, 7, 99, 24, 37, 67, 76, 10, 0, 44]",[],"[7, 99, 24, 37, 67, 76, 10, 44]","[3, 0]",[],[],2,0.45649856328964233,"{""0"": 0.9786275029182434, ""1"": -1.0}",0,0,"[3, 7, 99, 37, 67, 76, 10, 0, 44]",[24],"[3, 7, 99, 37, 67, 76, 10, 0, 44]",[24],"[7, 99, 37, 67, 76, 10, 44]","[3, 0]",[24],[],"[3, 7, 99, 37, 67, 76, 10, 0, 44]",[24],"[7, 99, 37, 67, 76, 10, 44]","[3, 0]",[24],[],7,2,1,0
392,10,5,"[2, 61, 73, 74, 12, 47, 99, 68, 96, 34]","[61, 73, 74, 12, 47, 99, 68, 96, 34]",[2],0.7374719092071251,0.11922022114363623,2.0,0,0,"[2, 61, 74, 12, 99, 68, 96, 34]","[73, 47]","[2, 61, 74, 12, 99, 68, 96, 34]","[73, 47]","[61, 74, 12, 99, 68, 96, 34]",[2],"[73, 47]",[],2,0.508087158203125,"{""0"": 1.7744081020355225, ""1"": -1.0}",0,0,"[2, 61, 74, 12, 68, 96, 34]","[73, 47, 99]","[2, 61, 74, 12, 68, 96, 34]","[73, 47, 99]","[61, 74, 12, 68, 96, 34]",[2],"[73, 47, 99]",[],"[2, 61, 74, 12, 68, 96, 34]","[73, 47, 99]","[61, 74, 12, 68, 96, 34]",[2],"[73, 47, 99]",[],6,1,3,0
393,10,5,"[1, 34, 87, 45, 49, 15, 84, 19, 99, 29]","[34, 87, 45, 49, 15, 84, 19, 99, 29]",[1],0.7973657888462098,0.18400298829205886,2.0,0,0,"[1, 34, 87, 45, 49, 15, 84, 19, 99, 29]",[],"[1, 34, 87, 45, 49, 15, 84, 19, 99, 29]",[],"[34, 87, 45, 49, 15, 84, 19, 99, 29]",[1],[],[],2,0.5485801696777344,"{""0"": 1.7324906587600708, ""1"": -1.0}",0,0,"[1, 34, 87, 45, 49, 15, 84, 19, 29]",[99],"[1, 34, 87, 45, 49, 15, 84, 19, 29]",[99],"[34, 87, 45, 49, 15, 84, 19, 29]",[1],[99],[],"[1, 34, 87, 45, 49, 15, 84, 19, 29]",[99],"[34, 87, 45, 49, 15, 84, 19, 29]",[1],[99],[],8,1,1,0
394,10,5,"[2, 27, 34, 36, 8, 92, 60, 89, 4, 66]","[27, 34, 36, 8, 92, 60, 89, 66]","[2, 4]",0.6393083135526059,0.11372823429869253,2.0,0,0,"[2, 27, 34, 36, 8, 92, 60, 89, 4, 66]",[],"[2, 27, 34, 36, 8, 92, 60, 89, 4, 66]",[],"[27, 34, 36, 8, 92, 60, 89, 66]","[2, 4]",[],[],2,0.5670309662818909,"{""0"": 3.5782129764556885, ""1"": 1.7271416187286377}",0,0,"[2, 27, 34, 92, 60, 89, 4, 66]","[36, 8]","[2, 27, 34, 92, 60, 89, 4, 66]","[36, 8]","[27, 34, 92, 60, 89, 66]","[2, 4]","[36, 8]",[],"[2, 27, 34, 92, 60, 89, 4, 66]","[36, 8]","[27, 34, 92, 60, 89, 66]","[2, 4]","[36, 8]",[],6,2,2,0
395,10,5,"[0, 54, 84, 28, 10, 94, 31, 76, 43, 79]","[54, 84, 28, 10, 94, 31, 76, 43, 79]",[0],0.836000493685153,0.18303641737530396,2.0,0,0,"[0, 54, 84, 28, 10, 94, 31, 76, 43, 79]",[],"[0, 54, 84, 28, 10, 94, 31, 76, 43, 79]",[],"[54, 84, 28, 10, 94, 31, 76, 43, 79]",[0],[],[],2,0.5639057159423828,"{""0"": 3.7127761840820312, ""1"": -1.0}",0,0,"[54, 84, 28, 10, 94, 31, 76, 43, 79]",[0],"[54, 84, 28, 10, 94, 31, 76, 43, 79]",[0],"[54, 84, 28, 10, 94, 31, 76, 43, 79]",[],[],[0],"[54, 84, 28, 10, 94, 31, 76, 43, 79]",[0],"[54, 84, 28, 10, 94, 31, 76, 43, 79]",[],[],[0],9,0,0,1
396,10,5,"[2, 31, 42, 58, 70, 96, 84, 35, 80, 3]","[31, 42, 58, 70, 96, 84, 35, 80]","[2, 3]",0.6857075281374931,0.05007176574114297,2.0,0,0,"[2, 31, 42, 58, 70, 96, 35, 80, 3]",[84],"[2, 31, 42, 58, 70, 96, 35, 80, 3]",[84],"[31, 42, 58, 70, 96, 35, 80]","[2, 3]",[84],[],2,0.4784127473831177,"{""0"": 1.127556562423706, ""1"": -1.0}",0,0,"[2, 42, 58, 70, 96, 35, 80, 3]","[31, 84]","[2, 42, 58, 70, 96, 35, 80, 3]","[31, 84]","[42, 58, 70, 96, 35, 80]","[2, 3]","[31, 84]",[],"[2, 42, 58, 70, 96, 35, 80, 3]","[31, 84]","[42, 58, 70, 96, 35, 80]","[2, 3]","[31, 84]",[],6,2,2,0
397,10,5,"[3, 27, 89, 94, 16, 20, 67, 21, 10, 82]","[27, 89, 94, 16, 20, 67, 21, 10, 82]",[3],0.7139219732318725,0.13196099033380332,2.0,0,0,"[3, 27, 89, 94, 16, 20, 67, 21, 10, 82]",[],"[3, 27, 89, 94, 16, 20, 67, 21, 10, 82]",[],"[27, 89, 94, 16, 20, 67, 21, 10, 82]",[3],[],[],2,0.46357521414756775,"{""0"": 1.2307708263397217, ""1"": -1.0}",0,0,"[3, 27, 89, 94, 16, 20, 67, 21, 10]",[82],"[3, 27, 89, 94, 16, 20, 67, 21, 10]",[82],"[27, 89, 94, 16, 20, 67, 21, 10]",[3],[82],[],"[3, 27, 89, 94, 16, 20, 67, 21, 10]",[82],"[27, 89, 94, 16, 20, 67, 21, 10]",[3],[82],[],8,1,1,0
398,10,5,"[0, 10, 24, 51, 40, 82, 20, 13, 85, 66]","[10, 24, 51, 40, 82, 20, 13, 85, 66]",[0],0.7478017342599776,0.07468233526357876,2.0,0,0,"[10, 51, 40, 82, 20, 13, 85, 66]","[0, 24]","[10, 51, 40, 82, 20, 13, 85, 66]","[0, 24]","[10, 51, 40, 82, 20, 13, 85, 66]",[],[24],[0],4,0.3531467616558075,"{""0"": 2.727914810180664, ""1"": 1.760352373123169, ""2"": -1.0, ""3"": -1.0}",0,0,"[51, 13, 85, 66]","[0, 10, 24, 40, 82, 20]","[51, 13, 85, 66]","[0, 10, 24, 40, 82, 20]","[51, 13, 85, 66]",[],"[10, 24, 40, 82, 20]",[0],"[51, 13, 85, 66]","[0, 10, 24, 40, 82, 20]","[51, 13, 85, 66]",[],"[10, 24, 40, 82, 20]",[0],4,0,5,1
399,10,5,"[0, 41, 33, 34, 99, 64, 71, 65, 75, 28]","[41, 33, 34, 99, 64, 71, 65, 75, 28]",[0],0.8798302643849344,0.131790798129086,2.0,0,0,"[0, 41, 33, 34, 99, 64, 71, 65, 75, 28]",[],"[0, 41, 33, 34, 99, 64, 71, 65, 75, 28]",[],"[41, 33, 34, 99, 64, 71, 65, 75, 28]",[0],[],[],3,0.526835560798645,"{""0"": 4.180556297302246, ""1"": -1.0, ""2"": 2.620249032974243}",0,0,"[33, 34, 99, 64, 75, 28]","[0, 41, 71, 65]","[33, 34, 99, 64, 75, 28]","[0, 41, 71, 65]","[33, 34, 99, 64, 75, 28]",[],"[41, 71, 65]",[0],"[33, 34, 99, 64, 75, 28]","[0, 41, 71, 65]","[33, 34, 99, 64, 75, 28]",[],"[41, 71, 65]",[0],6,0,3,1
400,10,5,"[3, 82, 59, 7, 63, 8, 48, 4, 57, 80]","[82, 59, 7, 63, 8, 48, 57, 80]","[3, 4]",0.7153869404628346,0.13397495030663226,2.0,0,0,"[3, 82, 59, 7, 63, 8, 48, 4, 57, 80]",[],"[3, 82, 59, 7, 63, 8, 48, 4, 57, 80]",[],"[82, 59, 7, 63, 8, 48, 57, 80]","[3, 4]",[],[],2,0.5277736186981201,"{""0"": 1.3598743677139282, ""1"": -1.0}",0,0,"[3, 82, 59, 7, 63, 8, 4, 57, 80]",[48],"[3, 82, 59, 7, 63, 8, 4, 57, 80]",[48],"[82, 59, 7, 63, 8, 57, 80]","[3, 4]",[48],[],"[3, 82, 59, 7, 63, 8, 4, 57, 80]",[48],"[82, 59, 7, 63, 8, 57, 80]","[3, 4]",[48],[],7,2,1,0
401,10,5,"[2, 83, 93, 3, 82, 52, 17, 50, 86, 28]","[83, 93, 82, 52, 17, 50, 86, 28]","[2, 3]",0.7391598113902367,0.10408882911962725,2.0,0,0,"[2, 83, 93, 3, 82, 52, 50, 86, 28]",[17],"[2, 83, 93, 3, 82, 52, 50, 86, 28]",[17],"[83, 93, 82, 52, 50, 86, 28]","[2, 3]",[17],[],2,0.5032220482826233,"{""0"": 0.9791141152381897, ""1"": -1.0}",0,0,"[2, 83, 93, 3, 82, 52, 86, 28]","[17, 50]","[2, 83, 93, 3, 82, 52, 86, 28]","[17, 50]","[83, 93, 82, 52, 86, 28]","[2, 3]","[17, 50]",[],"[2, 83, 93, 3, 82, 52, 86, 28]","[17, 50]","[83, 93, 82, 52, 86, 28]","[2, 3]","[17, 50]",[],6,2,2,0
402,10,5,"[1, 57, 52, 23, 33, 92, 85, 98, 26, 17]","[57, 52, 23, 33, 92, 85, 98, 26, 17]",[1],0.7035134372924744,0.1825765706039768,2.0,0,0,"[1, 57, 52, 23, 33, 92, 85, 98, 26, 17]",[],"[1, 57, 52, 23, 33, 92, 85, 98, 26, 17]",[],"[57, 52, 23, 33, 92, 85, 98, 26, 17]",[1],[],[],2,0.6123315095901489,"{""0"": 1.1447303295135498, ""1"": -1.0}",0,0,"[1, 57, 52, 23, 33, 92, 98, 26, 17]",[85],"[1, 57, 52, 23, 33, 92, 98, 26, 17]",[85],"[57, 52, 23, 33, 92, 98, 26, 17]",[1],[85],[],"[1, 57, 52, 23, 33, 92, 98, 26, 17]",[85],"[57, 52, 23, 33, 92, 98, 26, 17]",[1],[85],[],8,1,1,0
403,10,5,"[3, 43, 58, 20, 0, 99, 64, 78, 68, 7]","[43, 58, 20, 99, 64, 78, 68, 7]","[3, 0]",0.6335399512870321,0.06635688017894753,2.0,0,0,"[3, 43, 58, 20, 99, 64, 78, 68, 7]",[0],"[3, 43, 58, 20, 99, 64, 78, 68, 7]",[0],"[43, 58, 20, 99, 64, 78, 68, 7]",[3],[],[0],2,0.43184375762939453,"{""0"": 1.3536204099655151, ""1"": -1.0}",0,0,"[3, 43, 20, 99, 64, 78, 68, 7]","[58, 0]","[3, 43, 20, 99, 64, 78, 68, 7]","[58, 0]","[43, 20, 99, 64, 78, 68, 7]",[3],[58],[0],"[3, 43, 20, 99, 64, 78, 68, 7]","[58, 0]","[43, 20, 99, 64, 78, 68, 7]",[3],[58],[0],7,1,1,1
404,10,5,"[2, 95, 63, 6, 62, 66, 80, 96, 83, 31]","[95, 63, 6, 62, 66, 80, 96, 83, 31]",[2],0.8842987866409502,0.125532730396766,2.0,0,0,"[2, 95, 63, 6, 62, 66, 80, 96, 83, 31]",[],"[2, 95, 63, 6, 62, 66, 80, 96, 83, 31]",[],"[95, 63, 6, 62, 66, 80, 96, 83, 31]",[2],[],[],2,0.5179450511932373,"{""0"": 0.9663891196250916, ""1"": -1.0}",0,0,"[2, 63, 6, 62, 66, 80, 96, 83, 31]",[95],"[2, 63, 6, 62, 66, 80, 96, 83, 31]",[95],"[63, 6, 62, 66, 80, 96, 83, 31]",[2],[95],[],"[2, 63, 6, 62, 66, 80, 96, 83, 31]",[95],"[63, 6, 62, 66, 80, 96, 83, 31]",[2],[95],[],8,1,1,0
405,10,5,"[3, 78, 67, 64, 85, 43, 21, 90, 84, 25]","[78, 67, 64, 85, 43, 21, 90, 84, 25]",[3],0.6917907508959511,0.09711502044960207,2.0,0,0,"[3, 78, 67, 64, 43, 21, 90, 84, 25]",[85],"[3, 78, 67, 64, 43, 21, 90, 84, 25]",[85],"[78, 67, 64, 43, 21, 90, 84, 25]",[3],[85],[],2,0.6620315313339233,"{""0"": 2.216078042984009, ""1"": -1.0}",0,0,"[3, 78, 67, 64, 21, 90, 84, 25]","[85, 43]","[3, 78, 67, 64, 21, 90, 84, 25]","[85, 43]","[78, 67, 64, 21, 90, 84, 25]",[3],"[85, 43]",[],"[3, 78, 67, 64, 21, 90, 84, 25]","[85, 43]","[78, 67, 64, 21, 90, 84, 25]",[3],"[85, 43]",[],7,1,2,0
406,10,5,"[4, 76, 80, 56, 25, 50, 73, 14, 67, 39]","[76, 80, 56, 25, 50, 73, 14, 67, 39]",[4],0.6966533904871525,0.09423745641458842,2.0,0,0,"[4, 76, 80, 56, 25, 50, 14, 67, 39]",[73],"[4, 76, 80, 56, 25, 50, 14, 67, 39]",[73],"[76, 80, 56, 25, 50, 14, 67, 39]",[4],[73],[],2,0.4393436312675476,"{""0"": 2.2373292446136475, ""1"": 2.5156373977661133}",1,0,"[80, 56, 25]","[4, 76, 50, 73, 14, 67, 39]","[80, 56, 25]","[4, 76, 50, 73, 14, 67, 39]","[80, 56, 25]",[],"[76, 50, 73, 14, 67, 39]",[4],"[80, 56, 25]","[4, 76, 50, 73, 14, 67, 39]","[80, 56, 25]",[],"[76, 50, 73, 14, 67, 39]",[4],3,0,6,1
407,10,5,"[2, 36, 35, 14, 87, 76, 70, 29, 65, 47]","[36, 35, 14, 87, 76, 70, 29, 65, 47]",[2],0.7820672744377595,0.11020450615892197,2.0,0,0,"[2, 36, 35, 14, 87, 76, 70, 29, 65]",[47],"[2, 36, 35, 14, 87, 76, 70, 29, 65]",[47],"[36, 35, 14, 87, 76, 70, 29, 65]",[2],[47],[],2,0.39577022194862366,"{""0"": 1.6522363424301147, ""1"": 1.2831830978393555}",0,0,"[2, 65]","[36, 35, 14, 87, 76, 70, 29, 47]","[2, 65]","[36, 35, 14, 87, 76, 70, 29, 47]",[65],[2],"[36, 35, 14, 87, 76, 70, 29, 47]",[],"[2, 65]","[36, 35, 14, 87, 76, 70, 29, 47]",[65],[2],"[36, 35, 14, 87, 76, 70, 29, 47]",[],1,1,8,0
408,10,5,"[3, 92, 73, 20, 68, 22, 52, 19, 96, 78]","[92, 73, 20, 68, 22, 52, 19, 96, 78]",[3],0.7662792133570775,0.16915619219602335,2.0,0,0,"[3, 92, 20, 68, 22, 52, 19, 96, 78]",[73],"[3, 92, 20, 68, 22, 52, 19, 96, 78]",[73],"[92, 20, 68, 22, 52, 19, 96, 78]",[3],[73],[],2,0.7473999857902527,"{""0"": 4.2762298583984375, ""1"": -1.0}",0,0,"[3, 92, 20, 68, 22, 52, 96, 78]","[73, 19]","[3, 92, 20, 68, 22, 52, 96, 78]","[73, 19]","[92, 20, 68, 22, 52, 96, 78]",[3],"[73, 19]",[],"[3, 92, 20, 68, 22, 52, 96, 78]","[73, 19]","[92, 20, 68, 22, 52, 96, 78]",[3],"[73, 19]",[],7,1,2,0
409,10,5,"[0, 13, 54, 46, 14, 41, 78, 93, 74, 22]","[13, 54, 46, 14, 41, 78, 93, 74, 22]",[0],0.6819155142018924,0.06492280203661482,2.0,0,0,"[13, 46, 14, 78, 93, 74, 22]","[0, 54, 41]","[13, 46, 14, 78, 93, 74, 22]","[0, 54, 41]","[13, 46, 14, 78, 93, 74, 22]",[],"[54, 41]",[0],2,0.5881971120834351,"{""0"": 4.627161979675293, ""1"": -1.0}",0,0,"[46, 14, 78, 93, 74, 22]","[0, 13, 54, 41]","[46, 14, 78, 93, 74, 22]","[0, 13, 54, 41]","[46, 14, 78, 93, 74, 22]",[],"[13, 54, 41]",[0],"[46, 14, 78, 93, 74, 22]","[0, 13, 54, 41]","[46, 14, 78, 93, 74, 22]",[],"[13, 54, 41]",[0],6,0,3,1
410,10,5,"[3, 37, 58, 70, 95, 64, 13, 47, 83, 43]","[37, 58, 70, 95, 64, 13, 47, 83, 43]",[3],0.7262877061002633,0.1334629191289119,2.0,0,0,"[3, 37, 58, 70, 95, 64, 13, 47, 83, 43]",[],"[3, 37, 58, 70, 95, 64, 13, 47, 83, 43]",[],"[37, 58, 70, 95, 64, 13, 47, 83, 43]",[3],[],[],2,0.4169919490814209,"{""0"": 2.695082426071167, ""1"": 1.660632848739624}",0,0,"[3, 37, 70, 95, 64, 13, 83, 43]","[58, 47]","[3, 37, 70, 95, 64, 13, 83, 43]","[58, 47]","[37, 70, 95, 64, 13, 83, 43]",[3],"[58, 47]",[],"[3, 37, 70, 95, 64, 13, 83, 43]","[58, 47]","[37, 70, 95, 64, 13, 83, 43]",[3],"[58, 47]",[],7,1,2,0
411,10,5,"[1, 25, 27, 10, 83, 58, 74, 30, 86, 28]","[25, 27, 10, 83, 58, 74, 30, 86, 28]",[1],0.7795912135160177,0.07657373548940194,2.0,0,0,"[1, 25, 27, 10, 83, 58, 74, 30, 86, 28]",[],"[1, 25, 27, 10, 83, 58, 74, 30, 86, 28]",[],"[25, 27, 10, 83, 58, 74, 30, 86, 28]",[1],[],[],2,0.6428389549255371,"{""0"": 2.9811582565307617, ""1"": -1.0}",0,0,"[1, 25, 27, 83, 58, 74, 30, 86, 28]",[10],"[1, 25, 27, 83, 58, 74, 30, 86, 28]",[10],"[25, 27, 83, 58, 74, 30, 86, 28]",[1],[10],[],"[1, 25, 27, 83, 58, 74, 30, 86, 28]",[10],"[25, 27, 83, 58, 74, 30, 86, 28]",[1],[10],[],8,1,1,0
412,10,5,"[2, 64, 43, 50, 9, 79, 55, 96, 13, 60]","[64, 43, 50, 9, 79, 55, 96, 13, 60]",[2],0.7698715310162683,0.1540008673282725,2.0,0,0,"[2, 64, 43, 50, 9, 79, 55, 96, 13, 60]",[],"[2, 64, 43, 50, 9, 79, 55, 96, 13, 60]",[],"[64, 43, 50, 9, 79, 55, 96, 13, 60]",[2],[],[],2,0.435696542263031,"{""0"": 0.42781952023506165, ""1"": -1.0}",0,0,"[64, 43, 50, 9, 79, 55, 96, 13, 60]",[2],"[64, 43, 50, 9, 79, 55, 96, 13, 60]",[2],"[64, 43, 50, 9, 79, 55, 96, 13, 60]",[],[],[2],"[64, 43, 50, 9, 79, 55, 96, 13, 60]",[2],"[64, 43, 50, 9, 79, 55, 96, 13, 60]",[],[],[2],9,0,0,1
413,10,5,"[3, 47, 81, 7, 19, 15, 2, 6, 22, 64]","[47, 81, 7, 19, 15, 6, 22, 64]","[3, 2]",0.7332711091098758,0.07496343444115605,2.0,0,0,"[3, 81, 7, 19, 15, 2, 6, 22, 64]",[47],"[3, 81, 7, 19, 15, 2, 6, 22, 64]",[47],"[81, 7, 19, 15, 6, 22, 64]","[3, 2]",[47],[],3,0.48252078890800476,"{""0"": 3.206585168838501, ""1"": -1.0, ""2"": -1.0}",0,0,"[3, 81, 7, 19, 6, 22, 64]","[47, 15, 2]","[3, 81, 7, 19, 6, 22, 64]","[47, 15, 2]","[81, 7, 19, 6, 22, 64]",[3],"[47, 15]",[2],"[3, 81, 7, 19, 6, 22, 64]","[47, 15, 2]","[81, 7, 19, 6, 22, 64]",[3],"[47, 15]",[2],6,1,2,1
414,10,5,"[4, 55, 40, 85, 79, 99, 73, 46, 67, 86]","[55, 40, 85, 79, 99, 73, 46, 67, 86]",[4],0.6953499939293428,0.15287389126800655,2.0,0,0,"[4, 55, 40, 85, 79, 99, 46, 67, 86]",[73],"[4, 55, 40, 85, 79, 99, 46, 67, 86]",[73],"[55, 40, 85, 79, 99, 46, 67, 86]",[4],[73],[],4,0.33651620149612427,"{""0"": 1.0531222820281982, ""1"": 1.6720373630523682, ""2"": 1.8602511882781982, ""3"": -1.0}",2,0,"[40, 99]","[4, 55, 85, 79, 73, 46, 67, 86]","[40, 99]","[4, 55, 85, 79, 73, 46, 67, 86]","[40, 99]",[],"[55, 85, 79, 73, 46, 67, 86]",[4],"[40, 99]","[4, 55, 85, 79, 73, 46, 67, 86]","[40, 99]",[],"[55, 85, 79, 73, 46, 67, 86]",[4],2,0,7,1
415,10,5,"[3, 8, 99, 0, 45, 16, 82, 17, 42, 30]","[8, 99, 45, 16, 82, 17, 42, 30]","[3, 0]",0.9839752015445722,0.05715937224392914,2.0,0,0,"[3, 8, 99, 0, 45, 16, 82, 17, 42, 30]",[],"[3, 8, 99, 0, 45, 16, 82, 17, 42, 30]",[],"[8, 99, 45, 16, 82, 17, 42, 30]","[3, 0]",[],[],3,0.36951786279678345,"{""0"": 1.9106800556182861, ""1"": -1.0, ""2"": -1.0}",0,0,"[3, 8, 99, 45, 16, 82, 17, 30]","[0, 42]","[3, 8, 99, 45, 16, 82, 17, 30]","[0, 42]","[8, 99, 45, 16, 82, 17, 30]",[3],[42],[0],"[3, 8, 99, 45, 16, 82, 17, 30]","[0, 42]","[8, 99, 45, 16, 82, 17, 30]",[3],[42],[0],7,1,1,1
416,10,5,"[4, 84, 7, 54, 25, 13, 79, 90, 0, 43]","[84, 7, 54, 25, 13, 79, 90, 43]","[4, 0]",0.7794071372783131,0.12890047340940475,2.0,0,0,"[4, 84, 7, 25, 13, 79, 90, 0, 43]",[54],"[4, 84, 7, 25, 13, 79, 90, 0, 43]",[54],"[84, 7, 25, 13, 79, 90, 43]","[4, 0]",[54],[],2,0.6461761593818665,"{""0"": 5.660360336303711, ""1"": -1.0}",0,0,"[4, 84, 7, 25, 13, 79, 90, 43]","[54, 0]","[4, 84, 7, 25, 13, 79, 90, 43]","[54, 0]","[84, 7, 25, 13, 79, 90, 43]",[4],[54],[0],"[4, 84, 7, 25, 13, 79, 90, 43]","[54, 0]","[84, 7, 25, 13, 79, 90, 43]",[4],[54],[0],7,1,1,1
417,10,5,"[1, 64, 50, 77, 27, 22, 94, 72, 60, 82]","[64, 50, 77, 27, 22, 94, 72, 60, 82]",[1],0.634819933862916,0.0915003722072461,2.0,0,0,"[1, 64, 50, 77, 27, 22, 94, 72, 82]",[60],"[1, 64, 50, 77, 27, 22, 94, 72, 82]",[60],"[64, 50, 77, 27, 22, 94, 72, 82]",[1],[60],[],2,0.4856589734554291,"{""0"": 2.275604009628296, ""1"": 1.945863962173462}",0,0,"[1, 64, 50, 77, 22, 94, 72]","[27, 60, 82]","[1, 64, 50, 77, 22, 94, 72]","[27, 60, 82]","[64, 50, 77, 22, 94, 72]",[1],"[27, 60, 82]",[],"[1, 64, 50, 77, 22, 94, 72]","[27, 60, 82]","[64, 50, 77, 22, 94, 72]",[1],"[27, 60, 82]",[],6,1,3,0
418,10,5,"[4, 88, 22, 91, 64, 37, 87, 50, 24, 23]","[88, 22, 91, 64, 37, 87, 50, 24, 23]",[4],0.6221772728080897,0.08129863397417941,2.0,0,0,"[4, 22, 91, 64, 37, 87, 50, 23]","[88, 24]","[4, 22, 91, 64, 37, 87, 50, 23]","[88, 24]","[22, 91, 64, 37, 87, 50, 23]",[4],"[88, 24]",[],2,0.5313723683357239,"{""0"": 2.9140400886535645, ""1"": 4.8456830978393555}",1,0,"[22, 91, 64, 87, 50]","[4, 88, 37, 24, 23]","[22, 91, 64, 87, 50]","[4, 88, 37, 24, 23]","[22, 91, 64, 87, 50]",[],"[88, 37, 24, 23]",[4],"[22, 91, 64, 87, 50]","[4, 88, 37, 24, 23]","[22, 91, 64, 87, 50]",[],"[88, 37, 24, 23]",[4],5,0,4,1
419,10,5,"[3, 66, 87, 79, 61, 41, 25, 12, 10, 96]","[66, 87, 79, 61, 41, 25, 12, 10, 96]",[3],0.7104772254527347,0.09458621428786995,2.0,0,0,"[3, 66, 87, 79, 61, 41, 25, 12, 96]",[10],"[3, 66, 87, 79, 61, 41, 25, 12, 96]",[10],"[66, 87, 79, 61, 41, 25, 12, 96]",[3],[10],[],2,0.4052719473838806,"{""0"": 0.7705080509185791, ""1"": -1.0}",0,0,"[3, 87, 79, 61, 41, 25, 12, 96]","[66, 10]","[3, 87, 79, 61, 41, 25, 12, 96]","[66, 10]","[87, 79, 61, 41, 25, 12, 96]",[3],"[66, 10]",[],"[3, 87, 79, 61, 41, 25, 12, 96]","[66, 10]","[87, 79, 61, 41, 25, 12, 96]",[3],"[66, 10]",[],7,1,2,0
420,10,5,"[2, 21, 86, 34, 98, 27, 69, 63, 18, 85]","[21, 86, 34, 98, 27, 69, 63, 18, 85]",[2],0.6084141529900621,0.06844552754591493,2.0,0,0,"[2, 21, 86, 34, 98, 27, 69, 63, 18, 85]",[],"[2, 21, 86, 34, 98, 27, 69, 63, 18, 85]",[],"[21, 86, 34, 98, 27, 69, 63, 18, 85]",[2],[],[],2,0.36523008346557617,"{""0"": 0.5845798850059509, ""1"": -1.0}",0,0,"[2, 21, 86, 34, 98, 27, 69, 63, 18]",[85],"[2, 21, 86, 34, 98, 27, 69, 63, 18]",[85],"[21, 86, 34, 98, 27, 69, 63, 18]",[2],[85],[],"[2, 21, 86, 34, 98, 27, 69, 63, 18]",[85],"[21, 86, 34, 98, 27, 69, 63, 18]",[2],[85],[],8,1,1,0
421,10,5,"[0, 57, 42, 58, 78, 25, 94, 13, 40, 84]","[57, 42, 58, 78, 25, 94, 13, 40, 84]",[0],0.6703744498159252,0.10902213653465281,2.0,0,0,"[57, 42, 58, 78, 25, 94, 13, 40, 84]",[0],"[57, 42, 58, 78, 25, 94, 13, 40, 84]",[0],"[57, 42, 58, 78, 25, 94, 13, 40, 84]",[],[],[0],2,0.5036773085594177,"{""0"": 2.406332015991211, ""1"": -1.0}",0,0,"[57, 58, 78, 25, 94, 13, 40, 84]","[0, 42]","[57, 58, 78, 25, 94, 13, 40, 84]","[0, 42]","[57, 58, 78, 25, 94, 13, 40, 84]",[],[42],[0],"[57, 58, 78, 25, 94, 13, 40, 84]","[0, 42]","[57, 58, 78, 25, 94, 13, 40, 84]",[],[42],[0],8,0,1,1
422,10,5,"[2, 33, 84, 78, 35, 15, 76, 91, 73, 49]","[33, 84, 78, 35, 15, 76, 91, 73, 49]",[2],0.7208343047623129,0.22220465687566365,2.0,0,0,"[2, 33, 84, 78, 35, 15, 76, 91, 73, 49]",[],"[2, 33, 84, 78, 35, 15, 76, 91, 73, 49]",[],"[33, 84, 78, 35, 15, 76, 91, 73, 49]",[2],[],[],2,0.6546503901481628,"{""0"": 3.1390187740325928, ""1"": -1.0}",0,0,"[2, 33, 84, 78, 35, 15, 76, 91, 49]",[73],"[2, 33, 84, 78, 35, 15, 76, 91, 49]",[73],"[33, 84, 78, 35, 15, 76, 91, 49]",[2],[73],[],"[2, 33, 84, 78, 35, 15, 76, 91, 49]",[73],"[33, 84, 78, 35, 15, 76, 91, 49]",[2],[73],[],8,1,1,0
423,10,5,"[2, 41, 87, 74, 98, 84, 50, 23, 82, 34]","[41, 87, 74, 98, 84, 50, 23, 82, 34]",[2],0.5962658011695317,0.0427185451542304,2.0,0,0,"[2, 87, 74, 98, 84, 50, 23, 34]","[41, 82]","[2, 87, 74, 98, 84, 50, 23, 34]","[41, 82]","[87, 74, 98, 84, 50, 23, 34]",[2],"[41, 82]",[],4,0.36701786518096924,"{""0"": 1.742880940437317, ""1"": 2.9045441150665283, ""2"": -1.0, ""3"": 1.8225328922271729}",1,0,"[87, 23, 34]","[2, 41, 74, 98, 84, 50, 82]","[87, 23, 34]","[2, 41, 74, 98, 84, 50, 82]","[87, 23, 34]",[],"[41, 74, 98, 84, 50, 82]",[2],"[87, 23, 34]","[2, 41, 74, 98, 84, 50, 82]","[87, 23, 34]",[],"[41, 74, 98, 84, 50, 82]",[2],3,0,6,1
424,10,5,"[1, 71, 36, 0, 74, 92, 19, 99, 64, 58]","[71, 36, 74, 92, 19, 99, 64, 58]","[1, 0]",0.792340706472707,0.09252197492659908,2.0,0,0,"[1, 71, 36, 74, 92, 99, 64, 58]","[0, 19]","[1, 71, 36, 74, 92, 99, 64, 58]","[0, 19]","[71, 36, 74, 92, 99, 64, 58]",[1],[19],[0],2,0.4706615209579468,"{""0"": 1.5307743549346924, ""1"": -1.0}",0,0,"[1, 36, 74, 92, 99, 64, 58]","[71, 0, 19]","[1, 36, 74, 92, 99, 64, 58]","[71, 0, 19]","[36, 74, 92, 99, 64, 58]",[1],"[71, 19]",[0],"[1, 36, 74, 92, 99, 64, 58]","[71, 0, 19]","[36, 74, 92, 99, 64, 58]",[1],"[71, 19]",[0],6,1,2,1
425,10,5,"[0, 46, 58, 30, 86, 82, 53, 68, 43, 1]","[46, 58, 30, 86, 82, 53, 68, 43]","[0, 1]",0.752863839110085,0.05601400063934958,2.0,0,0,"[0, 30, 86, 82, 53, 68, 1]","[46, 58, 43]","[0, 30, 86, 82, 53, 68, 1]","[46, 58, 43]","[30, 86, 82, 53, 68]","[0, 1]","[46, 58, 43]",[],2,0.6608414053916931,"{""0"": 2.372741460800171, ""1"": -1.0}",0,0,"[30, 86, 82, 53, 68, 1]","[0, 46, 58, 43]","[30, 86, 82, 53, 68, 1]","[0, 46, 58, 43]","[30, 86, 82, 53, 68]",[1],"[46, 58, 43]",[0],"[30, 86, 82, 53, 68, 1]","[0, 46, 58, 43]","[30, 86, 82, 53, 68]",[1],"[46, 58, 43]",[0],5,1,3,1
426,10,5,"[3, 8, 42, 87, 15, 70, 20, 45, 12, 83]","[8, 42, 87, 15, 70, 20, 45, 12, 83]",[3],0.7697227375497928,0.1142366029863382,2.0,0,0,"[3, 8, 42, 87, 15, 70, 20, 45, 12, 83]",[],"[3, 8, 42, 87, 15, 70, 20, 45, 12, 83]",[],"[8, 42, 87, 15, 70, 20, 45, 12, 83]",[3],[],[],2,0.46019116044044495,"{""0"": 1.0123491287231445, ""1"": 2.2285594940185547}",1,0,"[3, 8, 87, 15, 70, 20, 12, 83]","[42, 45]","[3, 8, 87, 15, 70, 20, 12, 83]","[42, 45]","[8, 87, 15, 70, 20, 12, 83]",[3],"[42, 45]",[],"[3, 8, 87, 15, 70, 20, 12, 83]","[42, 45]","[8, 87, 15, 70, 20, 12, 83]",[3],"[42, 45]",[],7,1,2,0
427,10,5,"[0, 4, 25, 12, 84, 69, 56, 58, 17, 3]","[25, 12, 84, 69, 56, 58, 17]","[0, 4, 3]",0.83789931065682,0.09813027412426228,2.0,0,0,"[0, 4, 25, 84, 69, 56, 58, 3]","[12, 17]","[0, 4, 25, 84, 69, 56, 58, 3]","[12, 17]","[25, 84, 69, 56, 58]","[0, 4, 3]","[12, 17]",[],3,0.2522332966327667,"{""0"": 1.4341411590576172, ""1"": 0.817379355430603, ""2"": -1.0}",0,0,"[0, 58]","[4, 25, 12, 84, 69, 56, 17, 3]","[0, 58]","[4, 25, 12, 84, 69, 56, 17, 3]",[58],[0],"[25, 12, 84, 69, 56, 17]","[4, 3]","[0, 58]","[4, 25, 12, 84, 69, 56, 17, 3]",[58],[0],"[25, 12, 84, 69, 56, 17]","[4, 3]",1,1,6,2
428,10,5,"[3, 46, 75, 14, 36, 95, 48, 54, 55, 10]","[46, 75, 14, 36, 95, 48, 54, 55, 10]",[3],1.003131023527441,0.1692302136008781,2.0,0,0,"[3, 46, 75, 14, 36, 95, 48, 54, 55, 10]",[],"[3, 46, 75, 14, 36, 95, 48, 54, 55, 10]",[],"[46, 75, 14, 36, 95, 48, 54, 55, 10]",[3],[],[],3,0.43704670667648315,"{""0"": 3.361752510070801, ""1"": 2.5528182983398438, ""2"": 1.6447513103485107}",0,0,"[75, 14, 36, 48, 55]","[3, 46, 95, 54, 10]","[75, 14, 36, 48, 55]","[3, 46, 95, 54, 10]","[75, 14, 36, 48, 55]",[],"[46, 95, 54, 10]",[3],"[75, 14, 36, 48, 55]","[3, 46, 95, 54, 10]","[75, 14, 36, 48, 55]",[],"[46, 95, 54, 10]",[3],5,0,4,1
429,10,5,"[4, 53, 52, 94, 59, 88, 49, 1, 12, 93]","[53, 52, 94, 59, 88, 49, 12, 93]","[4, 1]",0.9738181739709257,0.17044208314818093,2.0,0,0,"[4, 53, 52, 94, 59, 49, 1, 12, 93]",[88],"[4, 53, 52, 94, 59, 49, 1, 12, 93]",[88],"[53, 52, 94, 59, 49, 12, 93]","[4, 1]",[88],[],2,0.5416997075080872,"{""0"": 2.3503589630126953, ""1"": -1.0}",0,0,"[4, 53, 52, 94, 59, 1, 12, 93]","[88, 49]","[4, 53, 52, 94, 59, 1, 12, 93]","[88, 49]","[53, 52, 94, 59, 12, 93]","[4, 1]","[88, 49]",[],"[4, 53, 52, 94, 59, 1, 12, 93]","[88, 49]","[53, 52, 94, 59, 12, 93]","[4, 1]","[88, 49]",[],6,2,2,0
430,10,5,"[2, 7, 92, 35, 31, 0, 99, 11, 24, 51]","[7, 92, 35, 31, 99, 11, 24, 51]","[2, 0]",0.8789129539801415,0.11546592702316,2.0,0,0,"[2, 7, 92, 35, 0, 99, 11, 24, 51]",[31],"[2, 7, 92, 35, 0, 99, 11, 24, 51]",[31],"[7, 92, 35, 99, 11, 24, 51]","[2, 0]",[31],[],2,0.4817711412906647,"{""0"": 1.1752605438232422, ""1"": -1.0}",0,0,"[2, 7, 92, 35, 0, 99, 11, 51]","[31, 24]","[2, 7, 92, 35, 0, 99, 11, 51]","[31, 24]","[7, 92, 35, 99, 11, 51]","[2, 0]","[31, 24]",[],"[2, 7, 92, 35, 0, 99, 11, 51]","[31, 24]","[7, 92, 35, 99, 11, 51]","[2, 0]","[31, 24]",[],6,2,2,0
431,10,5,"[2, 44, 59, 49, 89, 39, 60, 48, 54, 83]","[44, 59, 49, 89, 39, 60, 48, 54, 83]",[2],0.7487322239244452,0.13148352036771582,2.0,0,0,"[2, 44, 59, 49, 89, 39, 60, 83]","[48, 54]","[2, 44, 59, 49, 89, 39, 60, 83]","[48, 54]","[44, 59, 49, 89, 39, 60, 83]",[2],"[48, 54]",[],2,0.5623971223831177,"{""0"": 2.4460530281066895, ""1"": 1.9668445587158203}",0,0,"[2, 44, 59, 39, 60, 83]","[49, 89, 48, 54]","[2, 44, 59, 39, 60, 83]","[49, 89, 48, 54]","[44, 59, 39, 60, 83]",[2],"[49, 89, 48, 54]",[],"[2, 44, 59, 39, 60, 83]","[49, 89, 48, 54]","[44, 59, 39, 60, 83]",[2],"[49, 89, 48, 54]",[],5,1,4,0
432,10,5,"[3, 47, 96, 59, 25, 93, 18, 76, 83, 62]","[47, 96, 59, 25, 93, 18, 76, 83, 62]",[3],0.6966059840804375,0.09922749221455501,2.0,0,0,"[3, 96, 59, 25, 93, 18, 76, 83, 62]",[47],"[3, 96, 59, 25, 93, 18, 76, 83, 62]",[47],"[96, 59, 25, 93, 18, 76, 83, 62]",[3],[47],[],2,0.5220769643783569,"{""0"": 0.7600451707839966, ""1"": -1.0}",0,0,"[3, 96, 25, 93, 18, 76, 83, 62]","[47, 59]","[3, 96, 25, 93, 18, 76, 83, 62]","[47, 59]","[96, 25, 93, 18, 76, 83, 62]",[3],"[47, 59]",[],"[3, 96, 25, 93, 18, 76, 83, 62]","[47, 59]","[96, 25, 93, 18, 76, 83, 62]",[3],"[47, 59]",[],7,1,2,0
433,10,5,"[3, 39, 11, 98, 8, 44, 0, 56, 67, 42]","[39, 11, 98, 8, 44, 56, 67, 42]","[3, 0]",0.6971444425482202,0.08574846706403921,2.0,0,0,"[3, 39, 11, 98, 8, 44, 0, 56, 67, 42]",[],"[3, 39, 11, 98, 8, 44, 0, 56, 67, 42]",[],"[39, 11, 98, 8, 44, 56, 67, 42]","[3, 0]",[],[],5,0.2889131009578705,"{""0"": 1.2607009410858154, ""1"": -1.0, ""2"": 2.5387425422668457, ""3"": -1.0, ""4"": -1.0}",2,0,"[3, 39, 98]","[11, 8, 44, 0, 56, 67, 42]","[3, 39, 98]","[11, 8, 44, 0, 56, 67, 42]","[39, 98]",[3],"[11, 8, 44, 56, 67, 42]",[0],"[3, 39, 98]","[11, 8, 44, 0, 56, 67, 42]","[39, 98]",[3],"[11, 8, 44, 56, 67, 42]",[0],2,1,6,1
434,10,5,"[4, 2, 97, 93, 20, 31, 32, 7, 79, 39]","[97, 93, 20, 31, 32, 7, 79, 39]","[4, 2]",0.741150307388361,0.09899248179161263,2.0,0,0,"[4, 2, 97, 93, 20, 31, 32, 7, 79]",[39],"[4, 2, 97, 93, 20, 31, 32, 7, 79]",[39],"[97, 93, 20, 31, 32, 7, 79]","[4, 2]",[39],[],2,0.5163242220878601,"{""0"": 1.0090421438217163, ""1"": -1.0}",0,0,"[4, 2, 93, 20, 31, 32, 7, 79]","[97, 39]","[4, 2, 93, 20, 31, 32, 7, 79]","[97, 39]","[93, 20, 31, 32, 7, 79]","[4, 2]","[97, 39]",[],"[4, 2, 93, 20, 31, 32, 7, 79]","[97, 39]","[93, 20, 31, 32, 7, 79]","[4, 2]","[97, 39]",[],6,2,2,0
435,10,5,"[3, 98, 90, 24, 16, 40, 63, 82, 2, 54]","[98, 90, 24, 16, 40, 63, 82, 54]","[3, 2]",0.8163294028786785,0.08050091109404933,2.0,0,0,"[3, 98, 90, 16, 40, 63, 82, 2]","[24, 54]","[3, 98, 90, 16, 40, 63, 82, 2]","[24, 54]","[98, 90, 16, 40, 63, 82]","[3, 2]","[24, 54]",[],2,0.676797091960907,"{""0"": 3.066037178039551, ""1"": -1.0}",0,0,"[3, 98, 90, 16, 40, 63, 2]","[24, 82, 54]","[3, 98, 90, 16, 40, 63, 2]","[24, 82, 54]","[98, 90, 16, 40, 63]","[3, 2]","[24, 82, 54]",[],"[3, 98, 90, 16, 40, 63, 2]","[24, 82, 54]","[98, 90, 16, 40, 63]","[3, 2]","[24, 82, 54]",[],5,2,3,0
436,10,5,"[0, 49, 43, 29, 60, 2, 42, 27, 38, 22]","[49, 43, 29, 60, 42, 27, 38, 22]","[0, 2]",0.6399034423529593,0.061997356971172035,2.0,0,0,"[49, 29, 60, 2, 42, 27, 38, 22]","[0, 43]","[49, 29, 60, 2, 42, 27, 38, 22]","[0, 43]","[49, 29, 60, 42, 27, 38, 22]",[2],[43],[0],3,0.43916529417037964,"{""0"": 1.8467154502868652, ""1"": 2.140873432159424, ""2"": 1.9383060932159424}",1,0,"[2, 42, 27, 22]","[0, 49, 43, 29, 60, 38]","[2, 42, 27, 22]","[0, 49, 43, 29, 60, 38]","[42, 27, 22]",[2],"[49, 43, 29, 60, 38]",[0],"[2, 42, 27, 22]","[0, 49, 43, 29, 60, 38]","[42, 27, 22]",[2],"[49, 43, 29, 60, 38]",[0],3,1,5,1
437,10,5,"[4, 77, 0, 63, 91, 68, 9, 82, 54, 20]","[77, 63, 91, 68, 9, 82, 54, 20]","[4, 0]",0.7503070596170229,0.11229804154487683,2.0,0,0,"[4, 77, 0, 63, 91, 68, 9, 82, 20]",[54],"[4, 77, 0, 63, 91, 68, 9, 82, 20]",[54],"[77, 63, 91, 68, 9, 82, 20]","[4, 0]",[54],[],2,0.5308390259742737,"{""0"": 1.9908353090286255, ""1"": -1.0}",0,0,"[4, 77, 63, 91, 68, 9, 82, 20]","[0, 54]","[4, 77, 63, 91, 68, 9, 82, 20]","[0, 54]","[77, 63, 91, 68, 9, 82, 20]",[4],[54],[0],"[4, 77, 63, 91, 68, 9, 82, 20]","[0, 54]","[77, 63, 91, 68, 9, 82, 20]",[4],[54],[0],7,1,1,1
438,10,5,"[4, 26, 8, 74, 84, 49, 15, 46, 62, 7]","[26, 8, 74, 84, 49, 15, 46, 62, 7]",[4],0.7437032523695772,0.06632449992588219,2.0,0,0,"[4, 26, 8, 84, 15, 46, 62, 7]","[74, 49]","[4, 26, 8, 84, 15, 46, 62, 7]","[74, 49]","[26, 8, 84, 15, 46, 62, 7]",[4],"[74, 49]",[],2,0.3018617331981659,"{""0"": 0.4935998320579529, ""1"": -1.0}",0,0,"[4, 26, 8, 84, 15, 62, 7]","[74, 49, 46]","[4, 26, 8, 84, 15, 62, 7]","[74, 49, 46]","[26, 8, 84, 15, 62, 7]",[4],"[74, 49, 46]",[],"[4, 26, 8, 84, 15, 62, 7]","[74, 49, 46]","[26, 8, 84, 15, 62, 7]",[4],"[74, 49, 46]",[],6,1,3,0
439,10,5,"[3, 51, 16, 78, 7, 29, 56, 59, 8, 43]","[51, 16, 78, 7, 29, 56, 59, 8, 43]",[3],0.6354497411494754,0.14542971052446133,2.0,0,0,"[3, 16, 78, 7, 29, 56, 59, 8, 43]",[51],"[3, 16, 78, 7, 29, 56, 59, 8, 43]",[51],"[16, 78, 7, 29, 56, 59, 8, 43]",[3],[51],[],2,0.3713180422782898,"{""0"": 2.043377637863159, ""1"": 4.212034702301025}",1,0,"[3, 16, 7, 29, 8, 43]","[51, 78, 56, 59]","[3, 16, 7, 29, 8, 43]","[51, 78, 56, 59]","[16, 7, 29, 8, 43]",[3],"[51, 78, 56, 59]",[],"[3, 16, 7, 29, 8, 43]","[51, 78, 56, 59]","[16, 7, 29, 8, 43]",[3],"[51, 78, 56, 59]",[],5,1,4,0
440,10,5,"[4, 8, 35, 16, 59, 85, 74, 82, 88, 61]","[8, 35, 16, 59, 85, 74, 82, 88, 61]",[4],0.725105188328854,0.05470570275759007,2.0,0,0,"[35, 16, 59, 85, 82, 61]","[4, 8, 74, 88]","[35, 16, 59, 85, 82, 61]","[4, 8, 74, 88]","[35, 16, 59, 85, 82, 61]",[],"[8, 74, 88]",[4],2,0.41268327832221985,"{""0"": 2.5345442295074463, ""1"": 1.964228868484497}",0,0,"[35, 16, 85, 61]","[4, 8, 59, 74, 82, 88]","[35, 16, 85, 61]","[4, 8, 59, 74, 82, 88]","[35, 16, 85, 61]",[],"[8, 59, 74, 82, 88]",[4],"[35, 16, 85, 61]","[4, 8, 59, 74, 82, 88]","[35, 16, 85, 61]",[],"[8, 59, 74, 82, 88]",[4],4,0,5,1
441,10,5,"[3, 78, 56, 87, 26, 14, 77, 74, 37, 53]","[78, 56, 87, 26, 14, 77, 74, 37, 53]",[3],0.6383621174845707,0.07390602666162904,2.0,0,0,"[3, 78, 56, 87, 26, 14, 77, 74, 37, 53]",[],"[3, 78, 56, 87, 26, 14, 77, 74, 37, 53]",[],"[78, 56, 87, 26, 14, 77, 74, 37, 53]",[3],[],[],2,0.593382716178894,"{""0"": 0.8108373880386353, ""1"": -1.0}",0,0,"[3, 78, 56, 87, 14, 77, 74, 37, 53]",[26],"[3, 78, 56, 87, 14, 77, 74, 37, 53]",[26],"[78, 56, 87, 14, 77, 74, 37, 53]",[3],[26],[],"[3, 78, 56, 87, 14, 77, 74, 37, 53]",[26],"[78, 56, 87, 14, 77, 74, 37, 53]",[3],[26],[],8,1,1,0
442,10,5,"[3, 5, 73, 80, 50, 87, 7, 71, 60, 35]","[5, 73, 80, 50, 87, 7, 71, 60, 35]",[3],0.6237867875280401,0.09373545954861234,2.0,0,0,"[3, 5, 80, 50, 87, 7, 71, 60, 35]",[73],"[3, 5, 80, 50, 87, 7, 71, 60, 35]",[73],"[5, 80, 50, 87, 7, 71, 60, 35]",[3],[73],[],2,0.6538294553756714,"{""0"": 6.296159744262695, ""1"": -1.0}",0,0,"[3, 5, 80, 50, 87, 7, 60, 35]","[73, 71]","[3, 5, 80, 50, 87, 7, 60, 35]","[73, 71]","[5, 80, 50, 87, 7, 60, 35]",[3],"[73, 71]",[],"[3, 5, 80, 50, 87, 7, 60, 35]","[73, 71]","[5, 80, 50, 87, 7, 60, 35]",[3],"[73, 71]",[],7,1,2,0
443,10,5,"[4, 54, 9, 20, 78, 66, 29, 2, 86, 97]","[54, 9, 20, 78, 66, 29, 86, 97]","[4, 2]",0.7719973231482409,0.15670399757339043,2.0,0,0,"[4, 54, 9, 20, 78, 66, 29, 2, 86]",[97],"[4, 54, 9, 20, 78, 66, 29, 2, 86]",[97],"[54, 9, 20, 78, 66, 29, 86]","[4, 2]",[97],[],2,0.5782749652862549,"{""0"": 1.635416030883789, ""1"": -1.0}",0,0,"[4, 9, 20, 78, 66, 29, 2, 86]","[54, 97]","[4, 9, 20, 78, 66, 29, 2, 86]","[54, 97]","[9, 20, 78, 66, 29, 86]","[4, 2]","[54, 97]",[],"[4, 9, 20, 78, 66, 29, 2, 86]","[54, 97]","[9, 20, 78, 66, 29, 86]","[4, 2]","[54, 97]",[],6,2,2,0
444,10,5,"[3, 70, 67, 40, 92, 61, 58, 73, 66, 65]","[70, 67, 40, 92, 61, 58, 73, 66, 65]",[3],0.6640308108202164,0.09900205711859095,2.0,0,0,"[3, 70, 67, 40, 92, 61, 58, 66, 65]",[73],"[3, 70, 67, 40, 92, 61, 58, 66, 65]",[73],"[70, 67, 40, 92, 61, 58, 66, 65]",[3],[73],[],2,0.4870273768901825,"{""0"": 3.4287636280059814, ""1"": -1.0}",0,0,"[3, 70, 67, 40, 92, 61, 58, 65]","[73, 66]","[3, 70, 67, 40, 92, 61, 58, 65]","[73, 66]","[70, 67, 40, 92, 61, 58, 65]",[3],"[73, 66]",[],"[3, 70, 67, 40, 92, 61, 58, 65]","[73, 66]","[70, 67, 40, 92, 61, 58, 65]",[3],"[73, 66]",[],7,1,2,0
445,10,5,"[1, 33, 28, 59, 45, 80, 52, 68, 95, 51]","[33, 28, 59, 45, 80, 52, 68, 95, 51]",[1],0.6375103092488197,0.08638253122909179,2.0,0,0,"[1, 33, 28, 59, 45, 80, 52, 68]","[95, 51]","[1, 33, 28, 59, 45, 80, 52, 68]","[95, 51]","[33, 28, 59, 45, 80, 52, 68]",[1],"[95, 51]",[],2,0.41213518381118774,"{""0"": 1.7575719356536865, ""1"": -1.0}",0,0,"[1, 33, 28, 45, 80, 52, 68]","[59, 95, 51]","[1, 33, 28, 45, 80, 52, 68]","[59, 95, 51]","[33, 28, 45, 80, 52, 68]",[1],"[59, 95, 51]",[],"[1, 33, 28, 45, 80, 52, 68]","[59, 95, 51]","[33, 28, 45, 80, 52, 68]",[1],"[59, 95, 51]",[],6,1,3,0
446,10,5,"[4, 88, 56, 23, 58, 33, 65, 24, 90, 30]","[88, 56, 23, 58, 33, 65, 24, 90, 30]",[4],0.6690630725645007,0.11938309218106752,2.0,0,0,"[4, 56, 23, 58, 33, 65, 24, 90, 30]",[88],"[4, 56, 23, 58, 33, 65, 24, 90, 30]",[88],"[56, 23, 58, 33, 65, 24, 90, 30]",[4],[88],[],2,0.5746845006942749,"{""0"": 5.452640056610107, ""1"": -1.0}",0,0,"[4, 56, 23, 58, 33, 65, 90, 30]","[88, 24]","[4, 56, 23, 58, 33, 65, 90, 30]","[88, 24]","[56, 23, 58, 33, 65, 90, 30]",[4],"[88, 24]",[],"[4, 56, 23, 58, 33, 65, 90, 30]","[88, 24]","[56, 23, 58, 33, 65, 90, 30]",[4],"[88, 24]",[],7,1,2,0
447,10,5,"[0, 5, 73, 92, 57, 9, 42, 33, 63, 43]","[5, 73, 92, 57, 9, 42, 33, 63, 43]",[0],0.8231832138190052,0.058206877619106256,2.0,0,0,"[0, 92, 57, 9, 42, 33, 63, 43]","[5, 73]","[0, 92, 57, 9, 42, 33, 63, 43]","[5, 73]","[92, 57, 9, 42, 33, 63, 43]",[0],"[5, 73]",[],3,0.39136913418769836,"{""0"": 2.1342101097106934, ""1"": 1.9316530227661133, ""2"": -1.0}",0,0,"[0, 92, 42, 33, 63]","[5, 73, 57, 9, 43]","[0, 92, 42, 33, 63]","[5, 73, 57, 9, 43]","[92, 42, 33, 63]",[0],"[5, 73, 57, 9, 43]",[],"[0, 92, 42, 33, 63]","[5, 73, 57, 9, 43]","[92, 42, 33, 63]",[0],"[5, 73, 57, 9, 43]",[],4,1,5,0
448,10,5,"[4, 46, 2, 15, 25, 98, 28, 50, 58, 20]","[46, 15, 25, 98, 28, 50, 58, 20]","[4, 2]",0.7971899428873188,0.10378517087701361,2.0,0,0,"[4, 46, 2, 15, 25, 98, 28, 50, 58, 20]",[],"[4, 46, 2, 15, 25, 98, 28, 50, 58, 20]",[],"[46, 15, 25, 98, 28, 50, 58, 20]","[4, 2]",[],[],2,0.5694072246551514,"{""0"": 1.1091840267181396, ""1"": -1.0}",0,0,"[4, 2, 15, 25, 98, 28, 50, 58, 20]",[46],"[4, 2, 15, 25, 98, 28, 50, 58, 20]",[46],"[15, 25, 98, 28, 50, 58, 20]","[4, 2]",[46],[],"[4, 2, 15, 25, 98, 28, 50, 58, 20]",[46],"[15, 25, 98, 28, 50, 58, 20]","[4, 2]",[46],[],7,2,1,0
449,10,5,"[0, 9, 42, 49, 58, 98, 94, 67, 36, 3]","[9, 42, 49, 58, 98, 94, 67, 36]","[0, 3]",0.7247180016334908,0.10689936626862068,2.0,0,0,"[0, 9, 42, 49, 58, 98, 94, 67, 36, 3]",[],"[0, 9, 42, 49, 58, 98, 94, 67, 36, 3]",[],"[9, 42, 49, 58, 98, 94, 67, 36]","[0, 3]",[],[],2,0.5064295530319214,"{""0"": 1.7211267948150635, ""1"": 2.127009391784668}",1,0,"[0, 42, 58, 98, 94, 67, 36, 3]","[9, 49]","[0, 42, 58, 98, 94, 67, 36, 3]","[9, 49]","[42, 58, 98, 94, 67, 36]","[0, 3]","[9, 49]",[],"[0, 42, 58, 98, 94, 67, 36, 3]","[9, 49]","[42, 58, 98, 94, 67, 36]","[0, 3]","[9, 49]",[],6,2,2,0
450,10,5,"[4, 21, 69, 24, 38, 97, 52, 40, 78, 83]","[21, 69, 24, 38, 97, 52, 40, 78, 83]",[4],0.9694114177583492,0.15278683497197815,2.0,0,0,"[4, 21, 69, 24, 38, 52, 40, 78, 83]",[97],"[4, 21, 69, 24, 38, 52, 40, 78, 83]",[97],"[21, 69, 24, 38, 52, 40, 78, 83]",[4],[97],[],2,0.4229426383972168,"{""0"": 1.837054967880249, ""1"": -1.0}",0,0,"[4, 21, 69, 38, 52, 40, 78, 83]","[24, 97]","[4, 21, 69, 38, 52, 40, 78, 83]","[24, 97]","[21, 69, 38, 52, 40, 78, 83]",[4],"[24, 97]",[],"[4, 21, 69, 38, 52, 40, 78, 83]","[24, 97]","[21, 69, 38, 52, 40, 78, 83]",[4],"[24, 97]",[],7,1,2,0
451,10,5,"[0, 83, 31, 58, 11, 54, 42, 8, 73, 36]","[83, 31, 58, 11, 54, 42, 8, 73, 36]",[0],0.8250566417002915,0.1989188574522066,2.0,0,0,"[0, 83, 31, 58, 11, 54, 42, 8, 73, 36]",[],"[0, 83, 31, 58, 11, 54, 42, 8, 73, 36]",[],"[83, 31, 58, 11, 54, 42, 8, 73, 36]",[0],[],[],2,0.5743850469589233,"{""0"": 1.8938493728637695, ""1"": -1.0}",0,0,"[0, 83, 31, 58, 11, 42, 8, 73, 36]",[54],"[0, 83, 31, 58, 11, 42, 8, 73, 36]",[54],"[83, 31, 58, 11, 42, 8, 73, 36]",[0],[54],[],"[0, 83, 31, 58, 11, 42, 8, 73, 36]",[54],"[83, 31, 58, 11, 42, 8, 73, 36]",[0],[54],[],8,1,1,0
452,10,5,"[1, 85, 28, 14, 48, 73, 53, 82, 31, 61]","[85, 28, 14, 48, 73, 53, 82, 31, 61]",[1],0.6820719659223344,0.0922250480152359,2.0,0,0,"[1, 85, 28, 14, 73, 53, 82, 61]","[48, 31]","[1, 85, 28, 14, 73, 53, 82, 61]","[48, 31]","[85, 28, 14, 73, 53, 82, 61]",[1],"[48, 31]",[],2,0.6084556579589844,"{""0"": 2.919942855834961, ""1"": 4.375917911529541}",1,0,"[85, 28, 14, 73, 82]","[1, 48, 53, 31, 61]","[85, 28, 14, 73, 82]","[1, 48, 53, 31, 61]","[85, 28, 14, 73, 82]",[],"[48, 53, 31, 61]",[1],"[85, 28, 14, 73, 82]","[1, 48, 53, 31, 61]","[85, 28, 14, 73, 82]",[],"[48, 53, 31, 61]",[1],5,0,4,1
453,10,5,"[4, 11, 29, 16, 84, 79, 9, 47, 14, 66]","[11, 29, 16, 84, 79, 9, 47, 14, 66]",[4],0.7129035473163279,0.11347028054789743,2.0,0,0,"[4, 11, 29, 16, 84, 79, 9, 47, 14, 66]",[],"[4, 11, 29, 16, 84, 79, 9, 47, 14, 66]",[],"[11, 29, 16, 84, 79, 9, 47, 14, 66]",[4],[],[],2,0.39108091592788696,"{""0"": 0.8019353151321411, ""1"": -1.0}",0,0,"[4, 29, 16, 84, 79, 9, 47, 14, 66]",[11],"[4, 29, 16, 84, 79, 9, 47, 14, 66]",[11],"[29, 16, 84, 79, 9, 47, 14, 66]",[4],[11],[],"[4, 29, 16, 84, 79, 9, 47, 14, 66]",[11],"[29, 16, 84, 79, 9, 47, 14, 66]",[4],[11],[],8,1,1,0
454,10,5,"[0, 91, 31, 49, 75, 3, 4, 36, 57, 77]","[91, 31, 49, 75, 36, 57, 77]","[0, 3, 4]",0.7602687867682653,0.14506486829794418,2.0,0,0,"[0, 91, 31, 49, 75, 3, 4, 36, 57, 77]",[],"[0, 91, 31, 49, 75, 3, 4, 36, 57, 77]",[],"[91, 31, 49, 75, 36, 57, 77]","[0, 3, 4]",[],[],2,0.6747879981994629,"{""0"": 2.49611496925354, ""1"": -1.0}",0,0,"[0, 91, 31, 49, 75, 4, 36, 57, 77]",[3],"[0, 91, 31, 49, 75, 4, 36, 57, 77]",[3],"[91, 31, 49, 75, 36, 57, 77]","[0, 4]",[],[3],"[0, 91, 31, 49, 75, 4, 36, 57, 77]",[3],"[91, 31, 49, 75, 36, 57, 77]","[0, 4]",[],[3],7,2,0,1
455,10,5,"[0, 39, 56, 94, 40, 37, 77, 34, 8, 99]","[39, 56, 94, 40, 37, 77, 34, 8, 99]",[0],0.5708672723535904,0.06988625710548876,2.0,0,0,"[39, 56, 94, 40, 37, 77, 34, 8, 99]",[0],"[39, 56, 94, 40, 37, 77, 34, 8, 99]",[0],"[39, 56, 94, 40, 37, 77, 34, 8, 99]",[],[],[0],2,0.4822060763835907,"{""0"": 2.600532054901123, ""1"": 3.7537384033203125}",1,0,"[39, 94, 37, 77, 34]","[0, 56, 40, 8, 99]","[39, 94, 37, 77, 34]","[0, 56, 40, 8, 99]","[39, 94, 37, 77, 34]",[],"[56, 40, 8, 99]",[0],"[39, 94, 37, 77, 34]","[0, 56, 40, 8, 99]","[39, 94, 37, 77, 34]",[],"[56, 40, 8, 99]",[0],5,0,4,1
456,10,5,"[2, 88, 70, 9, 43, 13, 78, 98, 29, 79]","[88, 70, 9, 43, 13, 78, 98, 29, 79]",[2],0.6681797182773824,0.12558814172759264,2.0,0,0,"[2, 70, 9, 43, 13, 78, 98, 29, 79]",[88],"[2, 70, 9, 43, 13, 78, 98, 29, 79]",[88],"[70, 9, 43, 13, 78, 98, 29, 79]",[2],[88],[],3,0.4889664053916931,"{""0"": 4.9174652099609375, ""1"": -1.0, ""2"": 2.977421283721924}",0,0,"[70, 43, 13, 78, 98]","[2, 88, 9, 29, 79]","[70, 43, 13, 78, 98]","[2, 88, 9, 29, 79]","[70, 43, 13, 78, 98]",[],"[88, 9, 29, 79]",[2],"[70, 43, 13, 78, 98]","[2, 88, 9, 29, 79]","[70, 43, 13, 78, 98]",[],"[88, 9, 29, 79]",[2],5,0,4,1
457,10,5,"[2, 20, 64, 72, 73, 12, 91, 81, 10, 80]","[20, 64, 72, 73, 12, 91, 81, 10, 80]",[2],0.6401523599711284,0.1092494656587561,2.0,0,0,"[2, 20, 64, 72, 73, 12, 91, 81, 10, 80]",[],"[2, 20, 64, 72, 73, 12, 91, 81, 10, 80]",[],"[20, 64, 72, 73, 12, 91, 81, 10, 80]",[2],[],[],2,0.5503288507461548,"{""0"": 1.9664154052734375, ""1"": -1.0}",0,0,"[2, 20, 64, 72, 12, 91, 81, 10, 80]",[73],"[2, 20, 64, 72, 12, 91, 81, 10, 80]",[73],"[20, 64, 72, 12, 91, 81, 10, 80]",[2],[73],[],"[2, 20, 64, 72, 12, 91, 81, 10, 80]",[73],"[20, 64, 72, 12, 91, 81, 10, 80]",[2],[73],[],8,1,1,0
458,10,5,"[1, 56, 69, 77, 7, 3, 80, 65, 55, 87]","[56, 69, 77, 7, 80, 65, 55, 87]","[1, 3]",0.6525760030308729,0.05713364504909224,2.0,0,0,"[1, 56, 3, 80, 65, 55, 87]","[69, 77, 7]","[1, 56, 3, 80, 65, 55, 87]","[69, 77, 7]","[56, 80, 65, 55, 87]","[1, 3]","[69, 77, 7]",[],3,0.3463824689388275,"{""0"": 2.215439796447754, ""1"": 1.8186265230178833, ""2"": -1.0}",0,0,"[1, 80, 65, 87]","[56, 69, 77, 7, 3, 55]","[1, 80, 65, 87]","[56, 69, 77, 7, 3, 55]","[80, 65, 87]",[1],"[56, 69, 77, 7, 55]",[3],"[1, 80, 65, 87]","[56, 69, 77, 7, 3, 55]","[80, 65, 87]",[1],"[56, 69, 77, 7, 55]",[3],3,1,5,1
459,10,5,"[0, 82, 55, 67, 10, 38, 40, 11, 93, 50]","[82, 55, 67, 10, 38, 40, 11, 93, 50]",[0],0.7178437156152062,0.20252898412914555,2.0,0,0,"[0, 82, 55, 67, 10, 38, 40, 11, 93, 50]",[],"[0, 82, 55, 67, 10, 38, 40, 11, 93, 50]",[],"[82, 55, 67, 10, 38, 40, 11, 93, 50]",[0],[],[],2,0.5595659613609314,"{""0"": 1.1542445421218872, ""1"": -1.0}",0,0,"[0, 82, 55, 10, 38, 40, 11, 93, 50]",[67],"[0, 82, 55, 10, 38, 40, 11, 93, 50]",[67],"[82, 55, 10, 38, 40, 11, 93, 50]",[0],[67],[],"[0, 82, 55, 10, 38, 40, 11, 93, 50]",[67],"[82, 55, 10, 38, 40, 11, 93, 50]",[0],[67],[],8,1,1,0
460,10,5,"[0, 14, 62, 98, 60, 88, 20, 78, 36, 21]","[14, 62, 98, 60, 88, 20, 78, 36, 21]",[0],0.7740729961884165,0.1929664482518147,2.0,0,0,"[0, 14, 62, 98, 60, 20, 78, 36, 21]",[88],"[0, 14, 62, 98, 60, 20, 78, 36, 21]",[88],"[14, 62, 98, 60, 20, 78, 36, 21]",[0],[88],[],2,0.4876228868961334,"{""0"": 5.265401840209961, ""1"": -1.0}",0,0,"[0, 14, 62, 98, 20, 78, 36, 21]","[60, 88]","[0, 14, 62, 98, 20, 78, 36, 21]","[60, 88]","[14, 62, 98, 20, 78, 36, 21]",[0],"[60, 88]",[],"[0, 14, 62, 98, 20, 78, 36, 21]","[60, 88]","[14, 62, 98, 20, 78, 36, 21]",[0],"[60, 88]",[],7,1,2,0
461,10,5,"[0, 53, 61, 7, 72, 4, 44, 95, 67, 96]","[53, 61, 7, 72, 44, 95, 67, 96]","[0, 4]",0.8168555344278794,0.1331987580944725,2.0,0,0,"[0, 53, 61, 7, 72, 4, 44, 95, 67, 96]",[],"[0, 53, 61, 7, 72, 4, 44, 95, 67, 96]",[],"[53, 61, 7, 72, 44, 95, 67, 96]","[0, 4]",[],[],2,0.4319087862968445,"{""0"": 1.1703896522521973, ""1"": 1.9202755689620972}",1,0,"[95, 96]","[0, 53, 61, 7, 72, 4, 44, 67]","[95, 96]","[0, 53, 61, 7, 72, 4, 44, 67]","[95, 96]",[],"[53, 61, 7, 72, 44, 67]","[0, 4]","[95, 96]","[0, 53, 61, 7, 72, 4, 44, 67]","[95, 96]",[],"[53, 61, 7, 72, 44, 67]","[0, 4]",2,0,6,2
462,10,5,"[2, 71, 20, 36, 87, 1, 33, 80, 83, 62]","[71, 20, 36, 87, 33, 80, 83, 62]","[2, 1]",0.760768158808522,0.11239859984956485,2.0,0,0,"[2, 71, 20, 36, 87, 1, 33, 80, 83, 62]",[],"[2, 71, 20, 36, 87, 1, 33, 80, 83, 62]",[],"[71, 20, 36, 87, 33, 80, 83, 62]","[2, 1]",[],[],3,0.43066757917404175,"{""0"": 1.7903413772583008, ""1"": 1.9827253818511963, ""2"": -1.0}",1,0,"[2, 71]","[20, 36, 87, 1, 33, 80, 83, 62]","[2, 71]","[20, 36, 87, 1, 33, 80, 83, 62]",[71],[2],"[20, 36, 87, 33, 80, 83, 62]",[1],"[2, 71]","[20, 36, 87, 1, 33, 80, 83, 62]",[71],[2],"[20, 36, 87, 33, 80, 83, 62]",[1],1,1,7,1
463,10,5,"[3, 92, 88, 76, 90, 42, 62, 23, 37, 0]","[92, 88, 76, 90, 42, 62, 23, 37]","[3, 0]",1.009532207609681,0.1119273221391836,2.0,0,0,"[3, 92, 76, 90, 42, 62, 23, 37, 0]",[88],"[3, 92, 76, 90, 42, 62, 23, 37, 0]",[88],"[92, 76, 90, 42, 62, 23, 37]","[3, 0]",[88],[],2,0.5368243455886841,"{""0"": 7.043048858642578, ""1"": -1.0}",0,0,"[3, 92, 76, 90, 42, 62, 23, 37]","[88, 0]","[3, 92, 76, 90, 42, 62, 23, 37]","[88, 0]","[92, 76, 90, 42, 62, 23, 37]",[3],[88],[0],"[3, 92, 76, 90, 42, 62, 23, 37]","[88, 0]","[92, 76, 90, 42, 62, 23, 37]",[3],[88],[0],7,1,1,1
464,10,5,"[0, 30, 8, 26, 11, 47, 9, 96, 67, 53]","[30, 8, 26, 11, 47, 9, 96, 67, 53]",[0],0.8829827282561995,0.0938721649845905,2.0,0,0,"[0, 30, 8, 26, 11, 47, 9, 96, 67, 53]",[],"[0, 30, 8, 26, 11, 47, 9, 96, 67, 53]",[],"[30, 8, 26, 11, 47, 9, 96, 67, 53]",[0],[],[],4,0.328061044216156,"{""0"": 1.560436487197876, ""1"": 3.520092725753784, ""2"": -1.0, ""3"": 1.6490478515625}",1,0,"[11, 47, 9, 96, 53]","[0, 30, 8, 26, 67]","[11, 47, 9, 96, 53]","[0, 30, 8, 26, 67]","[11, 47, 9, 96, 53]",[],"[30, 8, 26, 67]",[0],"[11, 47, 9, 96, 53]","[0, 30, 8, 26, 67]","[11, 47, 9, 96, 53]",[],"[30, 8, 26, 67]",[0],5,0,4,1
465,10,5,"[0, 58, 45, 76, 72, 78, 56, 23, 99, 20]","[58, 45, 76, 72, 78, 56, 23, 99, 20]",[0],0.7038929048957039,0.09394202493678572,2.0,0,0,"[58, 45, 76, 72, 78, 56, 23, 99, 20]",[0],"[58, 45, 76, 72, 78, 56, 23, 99, 20]",[0],"[58, 45, 76, 72, 78, 56, 23, 99, 20]",[],[],[0],4,0.44901955127716064,"{""0"": 1.952242374420166, ""1"": 3.5334482192993164, ""2"": 1.9383611679077148, ""3"": -1.0}",1,0,"[45, 76, 78, 23]","[0, 58, 72, 56, 99, 20]","[45, 76, 78, 23]","[0, 58, 72, 56, 99, 20]","[45, 76, 78, 23]",[],"[58, 72, 56, 99, 20]",[0],"[45, 76, 78, 23]","[0, 58, 72, 56, 99, 20]","[45, 76, 78, 23]",[],"[58, 72, 56, 99, 20]",[0],4,0,5,1
466,10,5,"[2, 79, 39, 82, 60, 54, 34, 83, 13, 35]","[79, 39, 82, 60, 54, 34, 83, 13, 35]",[2],0.7601466710982911,0.16977962306427608,2.0,0,0,"[2, 39, 82, 60, 34, 83, 13, 35]","[79, 54]","[2, 39, 82, 60, 34, 83, 13, 35]","[79, 54]","[39, 82, 60, 34, 83, 13, 35]",[2],"[79, 54]",[],4,0.5506592392921448,"{""0"": 1.8828755617141724, ""1"": 1.9626917839050293, ""2"": 2.8421716690063477, ""3"": -1.0}",2,0,"[39, 60, 34]","[2, 79, 82, 54, 83, 13, 35]","[39, 60, 34]","[2, 79, 82, 54, 83, 13, 35]","[39, 60, 34]",[],"[79, 82, 54, 83, 13, 35]",[2],"[39, 60, 34]","[2, 79, 82, 54, 83, 13, 35]","[39, 60, 34]",[],"[79, 82, 54, 83, 13, 35]",[2],3,0,6,1
467,10,5,"[4, 45, 65, 28, 24, 47, 10, 77, 74, 5]","[45, 65, 28, 24, 47, 10, 77, 74, 5]",[4],0.7992974164541966,0.16752782234447255,2.0,0,0,"[4, 45, 65, 28, 24, 47, 10, 77, 74, 5]",[],"[4, 45, 65, 28, 24, 47, 10, 77, 74, 5]",[],"[45, 65, 28, 24, 47, 10, 77, 74, 5]",[4],[],[],4,0.46007856726646423,"{""0"": 1.4491157531738281, ""1"": 4.068120956420898, ""2"": 1.7504098415374756, ""3"": -1.0}",1,0,"[45, 28, 77, 74, 5]","[4, 65, 24, 47, 10]","[45, 28, 77, 74, 5]","[4, 65, 24, 47, 10]","[45, 28, 77, 74, 5]",[],"[65, 24, 47, 10]",[4],"[45, 28, 77, 74, 5]","[4, 65, 24, 47, 10]","[45, 28, 77, 74, 5]",[],"[65, 24, 47, 10]",[4],5,0,4,1
468,10,5,"[0, 2, 18, 52, 30, 28, 34, 80, 19, 57]","[18, 52, 30, 28, 34, 80, 19, 57]","[0, 2]",0.7991701788250426,0.17425810359131821,2.0,0,0,"[0, 2, 18, 52, 30, 28, 34, 80, 19, 57]",[],"[0, 2, 18, 52, 30, 28, 34, 80, 19, 57]",[],"[18, 52, 30, 28, 34, 80, 19, 57]","[0, 2]",[],[],3,0.2782614529132843,"{""0"": 1.3793790340423584, ""1"": 1.8039264678955078, ""2"": -1.0}",1,0,"[2, 52]","[0, 18, 30, 28, 34, 80, 19, 57]","[2, 52]","[0, 18, 30, 28, 34, 80, 19, 57]",[52],[2],"[18, 30, 28, 34, 80, 19, 57]",[0],"[2, 52]","[0, 18, 30, 28, 34, 80, 19, 57]",[52],[2],"[18, 30, 28, 34, 80, 19, 57]",[0],1,1,7,1
469,10,5,"[3, 90, 98, 61, 8, 69, 42, 74, 40, 87]","[90, 98, 61, 8, 69, 42, 74, 40, 87]",[3],0.67085196284296,0.12337137604002685,2.0,0,0,"[3, 90, 98, 61, 8, 69, 42, 74, 40, 87]",[],"[3, 90, 98, 61, 8, 69, 42, 74, 40, 87]",[],"[90, 98, 61, 8, 69, 42, 74, 40, 87]",[3],[],[],4,0.5564675331115723,"{""0"": 5.067760467529297, ""1"": -1.0, ""2"": 1.9194562435150146, ""3"": -1.0}",0,0,"[3, 90, 98, 61, 74, 87]","[8, 69, 42, 40]","[3, 90, 98, 61, 74, 87]","[8, 69, 42, 40]","[90, 98, 61, 74, 87]",[3],"[8, 69, 42, 40]",[],"[3, 90, 98, 61, 74, 87]","[8, 69, 42, 40]","[90, 98, 61, 74, 87]",[3],"[8, 69, 42, 40]",[],5,1,4,0
470,10,5,"[1, 55, 65, 23, 31, 79, 85, 96, 47, 95]","[55, 65, 23, 31, 79, 85, 96, 47, 95]",[1],0.7130433403399743,0.08090724198228755,2.0,0,0,"[1, 55, 65, 23, 79, 85, 96, 95]","[31, 47]","[1, 55, 65, 23, 79, 85, 96, 95]","[31, 47]","[55, 65, 23, 79, 85, 96, 95]",[1],"[31, 47]",[],2,0.6790786981582642,"{""0"": 2.623502731323242, ""1"": -1.0}",0,0,"[1, 55, 65, 23, 79, 85, 96]","[31, 47, 95]","[1, 55, 65, 23, 79, 85, 96]","[31, 47, 95]","[55, 65, 23, 79, 85, 96]",[1],"[31, 47, 95]",[],"[1, 55, 65, 23, 79, 85, 96]","[31, 47, 95]","[55, 65, 23, 79, 85, 96]",[1],"[31, 47, 95]",[],6,1,3,0
471,10,5,"[2, 34, 26, 89, 36, 33, 69, 24, 12, 31]","[34, 26, 89, 36, 33, 69, 24, 12, 31]",[2],0.7587767614885107,0.11518837634894236,2.0,0,0,"[2, 34, 26, 89, 36, 33, 69, 24, 12]",[31],"[2, 34, 26, 89, 36, 33, 69, 24, 12]",[31],"[34, 26, 89, 36, 33, 69, 24, 12]",[2],[31],[],4,0.36660274863243103,"{""0"": 0.9691791534423828, ""1"": 2.9504761695861816, ""2"": 1.9523591995239258, ""3"": -1.0}",1,0,"[2, 34, 89]","[26, 36, 33, 69, 24, 12, 31]","[2, 34, 89]","[26, 36, 33, 69, 24, 12, 31]","[34, 89]",[2],"[26, 36, 33, 69, 24, 12, 31]",[],"[2, 34, 89]","[26, 36, 33, 69, 24, 12, 31]","[34, 89]",[2],"[26, 36, 33, 69, 24, 12, 31]",[],2,1,7,0
472,10,5,"[4, 82, 0, 16, 41, 83, 44, 62, 52, 78]","[82, 16, 41, 83, 44, 62, 52, 78]","[4, 0]",0.8919883241735771,0.14132383297703427,2.0,0,0,"[4, 82, 0, 16, 41, 83, 44, 62, 52, 78]",[],"[4, 82, 0, 16, 41, 83, 44, 62, 52, 78]",[],"[82, 16, 41, 83, 44, 62, 52, 78]","[4, 0]",[],[],2,0.6038151979446411,"{""0"": 2.309953451156616, ""1"": -1.0}",0,0,"[4, 82, 16, 41, 83, 44, 62, 52, 78]",[0],"[4, 82, 16, 41, 83, 44, 62, 52, 78]",[0],"[82, 16, 41, 83, 44, 62, 52, 78]",[4],[],[0],"[4, 82, 16, 41, 83, 44, 62, 52, 78]",[0],"[82, 16, 41, 83, 44, 62, 52, 78]",[4],[],[0],8,1,0,1
473,10,5,"[2, 13, 87, 48, 14, 27, 80, 70, 98, 47]","[13, 87, 48, 14, 27, 80, 70, 98, 47]",[2],0.8501415812314796,0.06422365506798444,2.0,0,0,"[2, 13, 14, 27, 80, 70, 98, 47]","[87, 48]","[2, 13, 14, 27, 80, 70, 98, 47]","[87, 48]","[13, 14, 27, 80, 70, 98, 47]",[2],"[87, 48]",[],2,0.5236663818359375,"{""0"": 4.535032272338867, ""1"": -1.0}",0,0,"[2, 13, 14, 27, 80, 70, 98]","[87, 48, 47]","[2, 13, 14, 27, 80, 70, 98]","[87, 48, 47]","[13, 14, 27, 80, 70, 98]",[2],"[87, 48, 47]",[],"[2, 13, 14, 27, 80, 70, 98]","[87, 48, 47]","[13, 14, 27, 80, 70, 98]",[2],"[87, 48, 47]",[],6,1,3,0
474,10,5,"[2, 32, 21, 27, 61, 47, 1, 65, 98, 28]","[32, 21, 27, 61, 47, 65, 98, 28]","[2, 1]",0.6378775843620033,0.0903281479881432,2.0,0,0,"[2, 21, 27, 61, 1, 65, 98, 28]","[32, 47]","[2, 21, 27, 61, 1, 65, 98, 28]","[32, 47]","[21, 27, 61, 65, 98, 28]","[2, 1]","[32, 47]",[],3,0.5084378719329834,"{""0"": 5.25637149810791, ""1"": -1.0, ""2"": -1.0}",0,0,"[21, 27, 1, 65, 98, 28]","[2, 32, 61, 47]","[21, 27, 1, 65, 98, 28]","[2, 32, 61, 47]","[21, 27, 65, 98, 28]",[1],"[32, 61, 47]",[2],"[21, 27, 1, 65, 98, 28]","[2, 32, 61, 47]","[21, 27, 65, 98, 28]",[1],"[32, 61, 47]",[2],5,1,3,1
475,10,5,"[4, 64, 32, 16, 60, 41, 22, 20, 88, 92]","[64, 32, 16, 60, 41, 22, 20, 88, 92]",[4],0.8591344601705522,0.30237939572893235,2.0,0,0,"[4, 64, 32, 16, 60, 41, 22, 20, 92]",[88],"[4, 64, 32, 16, 60, 41, 22, 20, 92]",[88],"[64, 32, 16, 60, 41, 22, 20, 92]",[4],[88],[],2,0.6595121026039124,"{""0"": 5.087655067443848, ""1"": 1.8390345573425293}",0,0,"[4, 64, 16, 41, 22, 20, 92]","[32, 60, 88]","[4, 64, 16, 41, 22, 20, 92]","[32, 60, 88]","[64, 16, 41, 22, 20, 92]",[4],"[32, 60, 88]",[],"[4, 64, 16, 41, 22, 20, 92]","[32, 60, 88]","[64, 16, 41, 22, 20, 92]",[4],"[32, 60, 88]",[],6,1,3,0
476,10,5,"[1, 19, 36, 31, 33, 90, 13, 95, 27, 73]","[19, 36, 31, 33, 90, 13, 95, 27, 73]",[1],1.0609652934765916,0.2351549390929621,2.0,0,0,"[1, 19, 36, 31, 33, 90, 13, 95, 27, 73]",[],"[1, 19, 36, 31, 33, 90, 13, 95, 27, 73]",[],"[19, 36, 31, 33, 90, 13, 95, 27, 73]",[1],[],[],2,0.5948105454444885,"{""0"": 2.0799272060394287, ""1"": -1.0}",0,0,"[1, 19, 36, 33, 90, 13, 95, 27, 73]",[31],"[1, 19, 36, 33, 90, 13, 95, 27, 73]",[31],"[19, 36, 33, 90, 13, 95, 27, 73]",[1],[31],[],"[1, 19, 36, 33, 90, 13, 95, 27, 73]",[31],"[19, 36, 33, 90, 13, 95, 27, 73]",[1],[31],[],8,1,1,0
477,10,5,"[2, 95, 62, 74, 56, 42, 22, 71, 0, 63]","[95, 62, 74, 56, 42, 22, 71, 63]","[2, 0]",0.7613197844843262,0.0809027265928412,2.0,0,0,"[2, 95, 62, 74, 56, 42, 22, 71, 0, 63]",[],"[2, 95, 62, 74, 56, 42, 22, 71, 0, 63]",[],"[95, 62, 74, 56, 42, 22, 71, 63]","[2, 0]",[],[],2,0.37173062562942505,"{""0"": 0.15755467116832733, ""1"": -1.0}",0,0,"[2, 62, 74, 56, 42, 22, 71, 0, 63]",[95],"[2, 62, 74, 56, 42, 22, 71, 0, 63]",[95],"[62, 74, 56, 42, 22, 71, 63]","[2, 0]",[95],[],"[2, 62, 74, 56, 42, 22, 71, 0, 63]",[95],"[62, 74, 56, 42, 22, 71, 63]","[2, 0]",[95],[],7,2,1,0
478,10,5,"[1, 29, 48, 3, 2, 54, 91, 34, 89, 42]","[29, 48, 54, 91, 34, 89, 42]","[1, 3, 2]",0.7891397774338587,0.1454844221225533,2.0,0,0,"[1, 29, 48, 3, 2, 54, 91, 34, 89, 42]",[],"[1, 29, 48, 3, 2, 54, 91, 34, 89, 42]",[],"[29, 48, 54, 91, 34, 89, 42]","[1, 3, 2]",[],[],2,0.6341954469680786,"{""0"": 3.295959234237671, ""1"": -1.0}",0,0,"[1, 29, 48, 3, 2, 91, 34, 89, 42]",[54],"[1, 29, 48, 3, 2, 91, 34, 89, 42]",[54],"[29, 48, 91, 34, 89, 42]","[1, 3, 2]",[54],[],"[1, 29, 48, 3, 2, 91, 34, 89, 42]",[54],"[29, 48, 91, 34, 89, 42]","[1, 3, 2]",[54],[],6,3,1,0
479,10,5,"[2, 93, 67, 6, 40, 22, 79, 38, 61, 87]","[93, 67, 6, 40, 22, 79, 38, 61, 87]",[2],0.6157050244028994,0.08644153023495893,2.0,0,0,"[2, 93, 6, 40, 22, 38, 61, 87]","[67, 79]","[2, 93, 6, 40, 22, 38, 61, 87]","[67, 79]","[93, 6, 40, 22, 38, 61, 87]",[2],"[67, 79]",[],4,0.42149052023887634,"{""0"": 2.7523305416107178, ""1"": -1.0, ""2"": 1.7906806468963623, ""3"": -1.0}",0,0,"[93, 40, 22]","[2, 67, 6, 79, 38, 61, 87]","[93, 40, 22]","[2, 67, 6, 79, 38, 61, 87]","[93, 40, 22]",[],"[67, 6, 79, 38, 61, 87]",[2],"[93, 40, 22]","[2, 67, 6, 79, 38, 61, 87]","[93, 40, 22]",[],"[67, 6, 79, 38, 61, 87]",[2],3,0,6,1
480,10,5,"[4, 21, 67, 49, 24, 47, 95, 45, 57, 96]","[21, 67, 49, 24, 47, 95, 45, 57, 96]",[4],0.8840749150699485,0.12864490821653324,2.0,0,0,"[4, 21, 67, 49, 24, 47, 95, 45, 57, 96]",[],"[4, 21, 67, 49, 24, 47, 95, 45, 57, 96]",[],"[21, 67, 49, 24, 47, 95, 45, 57, 96]",[4],[],[],3,0.49938535690307617,"{""0"": 3.644455909729004, ""1"": 1.9722602367401123, ""2"": -1.0}",0,0,"[4, 21, 67, 47, 45, 57, 96]","[49, 24, 95]","[4, 21, 67, 47, 45, 57, 96]","[49, 24, 95]","[21, 67, 47, 45, 57, 96]",[4],"[49, 24, 95]",[],"[4, 21, 67, 47, 45, 57, 96]","[49, 24, 95]","[21, 67, 47, 45, 57, 96]",[4],"[49, 24, 95]",[],6,1,3,0
481,10,5,"[1, 74, 25, 94, 96, 58, 3, 99, 55, 97]","[74, 25, 94, 96, 58, 99, 55, 97]","[1, 3]",0.7263007516866227,0.060189578833069024,2.0,0,0,"[1, 74, 25, 94, 96, 58, 99, 55]","[3, 97]","[1, 74, 25, 94, 96, 58, 99, 55]","[3, 97]","[74, 25, 94, 96, 58, 99, 55]",[1],[97],[3],2,0.466031551361084,"{""0"": 3.4191365242004395, ""1"": -1.0}",0,0,"[1, 74, 25, 94, 96, 58, 55]","[3, 99, 97]","[1, 74, 25, 94, 96, 58, 55]","[3, 99, 97]","[74, 25, 94, 96, 58, 55]",[1],"[99, 97]",[3],"[1, 74, 25, 94, 96, 58, 55]","[3, 99, 97]","[74, 25, 94, 96, 58, 55]",[1],"[99, 97]",[3],6,1,2,1
482,10,5,"[1, 81, 82, 47, 65, 60, 93, 28, 49, 3]","[81, 82, 47, 65, 60, 93, 28, 49]","[1, 3]",0.6645415542981766,0.10063908583674552,2.0,0,0,"[1, 81, 82, 65, 93, 28, 49, 3]","[47, 60]","[1, 81, 82, 65, 93, 28, 49, 3]","[47, 60]","[81, 82, 65, 93, 28, 49]","[1, 3]","[47, 60]",[],2,0.41531291604042053,"{""0"": 2.3872458934783936, ""1"": -1.0}",0,0,"[1, 81, 82, 65, 93, 28, 3]","[47, 60, 49]","[1, 81, 82, 65, 93, 28, 3]","[47, 60, 49]","[81, 82, 65, 93, 28]","[1, 3]","[47, 60, 49]",[],"[1, 81, 82, 65, 93, 28, 3]","[47, 60, 49]","[81, 82, 65, 93, 28]","[1, 3]","[47, 60, 49]",[],5,2,3,0
483,10,5,"[4, 8, 48, 46, 69, 18, 87, 54, 19, 97]","[8, 48, 46, 69, 18, 87, 54, 19, 97]",[4],0.7606766423800349,0.16587411989331163,2.0,0,0,"[4, 8, 46, 69, 18, 87, 54, 19, 97]",[48],"[4, 8, 46, 69, 18, 87, 54, 19, 97]",[48],"[8, 46, 69, 18, 87, 54, 19, 97]",[4],[48],[],2,0.4969547688961029,"{""0"": 1.388488531112671, ""1"": -1.0}",0,0,"[4, 8, 46, 69, 18, 87, 19, 97]","[48, 54]","[4, 8, 46, 69, 18, 87, 19, 97]","[48, 54]","[8, 46, 69, 18, 87, 19, 97]",[4],"[48, 54]",[],"[4, 8, 46, 69, 18, 87, 19, 97]","[48, 54]","[8, 46, 69, 18, 87, 19, 97]",[4],"[48, 54]",[],7,1,2,0
484,10,5,"[1, 91, 86, 11, 53, 59, 48, 3, 9, 26]","[91, 86, 11, 53, 59, 48, 9, 26]","[1, 3]",0.7963449992160097,0.0544120961969794,2.0,0,0,"[1, 86, 11, 53, 59, 9, 26]","[91, 48, 3]","[1, 86, 11, 53, 59, 9, 26]","[91, 48, 3]","[86, 11, 53, 59, 9, 26]",[1],"[91, 48]",[3],2,0.43005675077438354,"{""0"": 2.3415393829345703, ""1"": 2.4418745040893555}",1,0,"[86, 9, 26]","[1, 91, 11, 53, 59, 48, 3]","[86, 9, 26]","[1, 91, 11, 53, 59, 48, 3]","[86, 9, 26]",[],"[91, 11, 53, 59, 48]","[1, 3]","[86, 9, 26]","[1, 91, 11, 53, 59, 48, 3]","[86, 9, 26]",[],"[91, 11, 53, 59, 48]","[1, 3]",3,0,5,2
485,10,5,"[1, 82, 58, 96, 4, 28, 39, 99, 13, 37]","[82, 58, 96, 28, 39, 99, 13, 37]","[1, 4]",0.6521454966970053,0.17020777726470818,2.0,0,0,"[1, 82, 58, 96, 4, 28, 39, 99, 13, 37]",[],"[1, 82, 58, 96, 4, 28, 39, 99, 13, 37]",[],"[82, 58, 96, 28, 39, 99, 13, 37]","[1, 4]",[],[],2,0.4532805383205414,"{""0"": 2.0232038497924805, ""1"": 1.5761457681655884}",0,0,"[1, 82, 96, 4, 28, 39, 13, 37]","[58, 99]","[1, 82, 96, 4, 28, 39, 13, 37]","[58, 99]","[82, 96, 28, 39, 13, 37]","[1, 4]","[58, 99]",[],"[1, 82, 96, 4, 28, 39, 13, 37]","[58, 99]","[82, 96, 28, 39, 13, 37]","[1, 4]","[58, 99]",[],6,2,2,0
486,10,5,"[3, 62, 44, 97, 49, 90, 70, 66, 87, 54]","[62, 44, 97, 49, 90, 70, 66, 87, 54]",[3],0.8685453748821239,0.1023140761389425,2.0,0,0,"[3, 62, 44, 49, 90, 70, 66, 54]","[97, 87]","[3, 62, 44, 49, 90, 70, 66, 54]","[97, 87]","[62, 44, 49, 90, 70, 66, 54]",[3],"[97, 87]",[],2,0.5914923548698425,"{""0"": 2.2741575241088867, ""1"": -1.0}",0,0,"[3, 62, 44, 49, 90, 70, 66]","[97, 87, 54]","[3, 62, 44, 49, 90, 70, 66]","[97, 87, 54]","[62, 44, 49, 90, 70, 66]",[3],"[97, 87, 54]",[],"[3, 62, 44, 49, 90, 70, 66]","[97, 87, 54]","[62, 44, 49, 90, 70, 66]",[3],"[97, 87, 54]",[],6,1,3,0
487,10,5,"[1, 95, 63, 12, 31, 57, 76, 69, 61, 2]","[95, 63, 12, 31, 57, 76, 69, 61]","[1, 2]",0.6497226944388093,0.1187558488291593,2.0,0,0,"[1, 95, 63, 12, 31, 57, 76, 69, 61, 2]",[],"[1, 95, 63, 12, 31, 57, 76, 69, 61, 2]",[],"[95, 63, 12, 31, 57, 76, 69, 61]","[1, 2]",[],[],2,0.6541551947593689,"{""0"": 4.220587730407715, ""1"": 1.805933952331543}",0,0,"[1, 95, 63, 12, 57, 76, 69, 61]","[31, 2]","[1, 95, 63, 12, 57, 76, 69, 61]","[31, 2]","[95, 63, 12, 57, 76, 69, 61]",[1],[31],[2],"[1, 95, 63, 12, 57, 76, 69, 61]","[31, 2]","[95, 63, 12, 57, 76, 69, 61]",[1],[31],[2],7,1,1,1
488,10,5,"[4, 3, 89, 43, 32, 65, 24, 70, 75, 71]","[89, 43, 32, 65, 24, 70, 75, 71]","[4, 3]",0.9282452710368132,0.14031371683568378,2.0,0,0,"[4, 3, 89, 43, 32, 65, 24, 70, 75, 71]",[],"[4, 3, 89, 43, 32, 65, 24, 70, 75, 71]",[],"[89, 43, 32, 65, 24, 70, 75, 71]","[4, 3]",[],[],2,0.33796021342277527,"{""0"": 0.37577390670776367, ""1"": -1.0}",0,0,"[4, 3, 89, 43, 65, 24, 70, 75, 71]",[32],"[4, 3, 89, 43, 65, 24, 70, 75, 71]",[32],"[89, 43, 65, 24, 70, 75, 71]","[4, 3]",[32],[],"[4, 3, 89, 43, 65, 24, 70, 75, 71]",[32],"[89, 43, 65, 24, 70, 75, 71]","[4, 3]",[32],[],7,2,1,0
489,10,5,"[0, 23, 91, 20, 84, 29, 85, 79, 50, 43]","[23, 91, 20, 84, 29, 85, 79, 50, 43]",[0],0.7629781695165954,0.11612711195026709,2.0,0,0,"[23, 91, 20, 84, 29, 85, 79, 50, 43]",[0],"[23, 91, 20, 84, 29, 85, 79, 50, 43]",[0],"[23, 91, 20, 84, 29, 85, 79, 50, 43]",[],[],[0],2,0.4490297734737396,"{""0"": 2.863670587539673, ""1"": -1.0}",0,0,"[23, 91, 20, 84, 29, 85, 79, 50]","[0, 43]","[23, 91, 20, 84, 29, 85, 79, 50]","[0, 43]","[23, 91, 20, 84, 29, 85, 79, 50]",[],[43],[0],"[23, 91, 20, 84, 29, 85, 79, 50]","[0, 43]","[23, 91, 20, 84, 29, 85, 79, 50]",[],[43],[0],8,0,1,1
490,10,5,"[3, 89, 96, 47, 25, 98, 83, 63, 50, 35]","[89, 96, 47, 25, 98, 83, 63, 50, 35]",[3],0.9883146315885647,0.0580173986976642,2.0,0,0,"[89, 96, 25, 98, 83, 63, 50, 35]","[3, 47]","[89, 96, 25, 98, 83, 63, 50, 35]","[3, 47]","[89, 96, 25, 98, 83, 63, 50, 35]",[],[47],[3],2,0.4924609959125519,"{""0"": 3.173048973083496, ""1"": 1.627465009689331}",0,0,"[89, 96, 25, 98, 83, 63]","[3, 47, 50, 35]","[89, 96, 25, 98, 83, 63]","[3, 47, 50, 35]","[89, 96, 25, 98, 83, 63]",[],"[47, 50, 35]",[3],"[89, 96, 25, 98, 83, 63]","[3, 47, 50, 35]","[89, 96, 25, 98, 83, 63]",[],"[47, 50, 35]",[3],6,0,3,1
491,10,5,"[2, 43, 15, 21, 81, 42, 50, 20, 22, 1]","[43, 15, 21, 81, 42, 50, 20, 22]","[2, 1]",0.6209662081751699,0.0705809799207523,2.0,0,0,"[43, 15, 21, 81, 42, 50, 20, 22, 1]",[2],"[43, 15, 21, 81, 42, 50, 20, 22, 1]",[2],"[43, 15, 21, 81, 42, 50, 20, 22]",[1],[],[2],2,0.40259140729904175,"{""0"": 1.2496376037597656, ""1"": -1.0}",0,0,"[43, 15, 21, 42, 50, 20, 22, 1]","[2, 81]","[43, 15, 21, 42, 50, 20, 22, 1]","[2, 81]","[43, 15, 21, 42, 50, 20, 22]",[1],[81],[2],"[43, 15, 21, 42, 50, 20, 22, 1]","[2, 81]","[43, 15, 21, 42, 50, 20, 22]",[1],[81],[2],7,1,1,1
492,10,5,"[4, 85, 27, 36, 99, 53, 33, 87, 35, 17]","[85, 27, 36, 99, 53, 33, 87, 35, 17]",[4],0.9039237246511364,0.06628962518771286,2.0,0,0,"[4, 85, 27, 36, 99, 53, 33, 87, 35, 17]",[],"[4, 85, 27, 36, 99, 53, 33, 87, 35, 17]",[],"[85, 27, 36, 99, 53, 33, 87, 35, 17]",[4],[],[],2,0.5268305540084839,"{""0"": 1.3289648294448853, ""1"": -1.0}",0,0,"[4, 85, 27, 99, 53, 33, 87, 35, 17]",[36],"[4, 85, 27, 99, 53, 33, 87, 35, 17]",[36],"[85, 27, 99, 53, 33, 87, 35, 17]",[4],[36],[],"[4, 85, 27, 99, 53, 33, 87, 35, 17]",[36],"[85, 27, 99, 53, 33, 87, 35, 17]",[4],[36],[],8,1,1,0
493,10,5,"[4, 73, 88, 94, 50, 16, 27, 67, 8, 58]","[73, 88, 94, 50, 16, 27, 67, 8, 58]",[4],0.8651857091439865,0.21380720074359855,2.0,0,0,"[4, 73, 94, 50, 16, 27, 67, 8, 58]",[88],"[4, 73, 94, 50, 16, 27, 67, 8, 58]",[88],"[73, 94, 50, 16, 27, 67, 8, 58]",[4],[88],[],2,0.5502415895462036,"{""0"": 2.2400965690612793, ""1"": -1.0}",0,0,"[4, 73, 94, 50, 16, 27, 8, 58]","[88, 67]","[4, 73, 94, 50, 16, 27, 8, 58]","[88, 67]","[73, 94, 50, 16, 27, 8, 58]",[4],"[88, 67]",[],"[4, 73, 94, 50, 16, 27, 8, 58]","[88, 67]","[73, 94, 50, 16, 27, 8, 58]",[4],"[88, 67]",[],7,1,2,0
494,10,5,"[0, 72, 87, 49, 6, 94, 56, 73, 76, 84]","[72, 87, 49, 6, 94, 56, 73, 76, 84]",[0],0.6852378675601108,0.11995855414481438,2.0,0,0,"[72, 87, 49, 6, 94, 56, 76, 84]","[0, 73]","[72, 87, 49, 6, 94, 56, 76, 84]","[0, 73]","[72, 87, 49, 6, 94, 56, 76, 84]",[],[73],[0],2,0.46374842524528503,"{""0"": 4.59395170211792, ""1"": -1.0}",0,0,"[72, 87, 49, 6, 94, 56, 76]","[0, 73, 84]","[72, 87, 49, 6, 94, 56, 76]","[0, 73, 84]","[72, 87, 49, 6, 94, 56, 76]",[],"[73, 84]",[0],"[72, 87, 49, 6, 94, 56, 76]","[0, 73, 84]","[72, 87, 49, 6, 94, 56, 76]",[],"[73, 84]",[0],7,0,2,1
495,10,5,"[1, 78, 77, 34, 44, 10, 5, 50, 85, 68]","[78, 77, 34, 44, 10, 5, 50, 85, 68]",[1],0.6728102901876343,0.12246693923479701,2.0,0,0,"[1, 78, 77, 34, 44, 5, 50, 68]","[10, 85]","[1, 78, 77, 34, 44, 5, 50, 68]","[10, 85]","[78, 77, 34, 44, 5, 50, 68]",[1],"[10, 85]",[],2,0.47174325585365295,"{""0"": 3.6104907989501953, ""1"": -1.0}",0,0,"[1, 78, 77, 34, 5, 50, 68]","[44, 10, 85]","[1, 78, 77, 34, 5, 50, 68]","[44, 10, 85]","[78, 77, 34, 5, 50, 68]",[1],"[44, 10, 85]",[],"[1, 78, 77, 34, 5, 50, 68]","[44, 10, 85]","[78, 77, 34, 5, 50, 68]",[1],"[44, 10, 85]",[],6,1,3,0
496,10,5,"[1, 67, 93, 20, 79, 19, 10, 49, 75, 94]","[67, 93, 20, 79, 19, 10, 49, 75, 94]",[1],0.7439826647151296,0.16737075556646092,2.0,0,0,"[1, 67, 93, 20, 79, 19, 10, 49, 75, 94]",[],"[1, 67, 93, 20, 79, 19, 10, 49, 75, 94]",[],"[67, 93, 20, 79, 19, 10, 49, 75, 94]",[1],[],[],2,0.4121624827384949,"{""0"": 1.939822793006897, ""1"": 1.6413280963897705}",0,0,"[1, 67, 93, 20, 79, 49, 75, 94]","[19, 10]","[1, 67, 93, 20, 79, 49, 75, 94]","[19, 10]","[67, 93, 20, 79, 49, 75, 94]",[1],"[19, 10]",[],"[1, 67, 93, 20, 79, 49, 75, 94]","[19, 10]","[67, 93, 20, 79, 49, 75, 94]",[1],"[19, 10]",[],7,1,2,0
497,10,5,"[3, 1, 40, 89, 24, 63, 65, 48, 90, 64]","[40, 89, 24, 63, 65, 48, 90, 64]","[3, 1]",0.6882071202437832,0.1002917901403021,2.0,0,0,"[3, 1, 40, 89, 63, 65, 90, 64]","[24, 48]","[3, 1, 40, 89, 63, 65, 90, 64]","[24, 48]","[40, 89, 63, 65, 90, 64]","[3, 1]","[24, 48]",[],3,0.42941272258758545,"{""0"": 1.621870517730713, ""1"": 4.310317516326904, ""2"": -1.0}",1,0,"[3, 1, 63, 65, 64]","[40, 89, 24, 48, 90]","[3, 1, 63, 65, 64]","[40, 89, 24, 48, 90]","[63, 65, 64]","[3, 1]","[40, 89, 24, 48, 90]",[],"[3, 1, 63, 65, 64]","[40, 89, 24, 48, 90]","[63, 65, 64]","[3, 1]","[40, 89, 24, 48, 90]",[],3,2,5,0
498,10,5,"[0, 97, 8, 32, 54, 84, 25, 82, 2, 47]","[97, 8, 32, 54, 84, 25, 82, 47]","[0, 2]",0.8876060666144185,0.1090552086269988,2.0,0,0,"[0, 97, 8, 32, 54, 84, 25, 82, 2, 47]",[],"[0, 97, 8, 32, 54, 84, 25, 82, 2, 47]",[],"[97, 8, 32, 54, 84, 25, 82, 47]","[0, 2]",[],[],2,0.5959281325340271,"{""0"": 1.7168744802474976, ""1"": -1.0}",0,0,"[0, 97, 8, 32, 84, 25, 82, 2, 47]",[54],"[0, 97, 8, 32, 84, 25, 82, 2, 47]",[54],"[97, 8, 32, 84, 25, 82, 47]","[0, 2]",[54],[],"[0, 97, 8, 32, 84, 25, 82, 2, 47]",[54],"[97, 8, 32, 84, 25, 82, 47]","[0, 2]",[54],[],7,2,1,0
499,10,5,"[3, 77, 43, 84, 97, 54, 23, 41, 81, 5]","[77, 43, 84, 97, 54, 23, 41, 81, 5]",[3],0.8993349975038629,0.14104953412638577,2.0,0,0,"[3, 77, 43, 84, 97, 54, 23, 41, 81, 5]",[],"[3, 77, 43, 84, 97, 54, 23, 41, 81, 5]",[],"[77, 43, 84, 97, 54, 23, 41, 81, 5]",[3],[],[],2,0.5022735595703125,"{""0"": 1.1499762535095215, ""1"": -1.0}",0,0,"[3, 77, 43, 84, 54, 23, 41, 81, 5]",[97],"[3, 77, 43, 84, 54, 23, 41, 81, 5]",[97],"[77, 43, 84, 54, 23, 41, 81, 5]",[3],[97],[],"[3, 77, 43, 84, 54, 23, 41, 81, 5]",[97],"[77, 43, 84, 54, 23, 41, 81, 5]",[3],[97],[],8,1,1,0
500,10,5,"[4, 50, 79, 39, 10, 18, 28, 41, 22, 71]","[50, 79, 39, 10, 18, 28, 41, 22, 71]",[4],0.7209545404683948,0.11381501876255273,2.0,0,0,"[4, 50, 79, 39, 10, 18, 28, 41, 22, 71]",[],"[4, 50, 79, 39, 10, 18, 28, 41, 22, 71]",[],"[50, 79, 39, 10, 18, 28, 41, 22, 71]",[4],[],[],2,0.6079975366592407,"{""0"": 1.668450117111206, ""1"": -1.0}",0,0,"[4, 50, 39, 10, 18, 28, 41, 22, 71]",[79],"[4, 50, 39, 10, 18, 28, 41, 22, 71]",[79],"[50, 39, 10, 18, 28, 41, 22, 71]",[4],[79],[],"[4, 50, 39, 10, 18, 28, 41, 22, 71]",[79],"[50, 39, 10, 18, 28, 41, 22, 71]",[4],[79],[],8,1,1,0
501,10,5,"[4, 70, 79, 75, 87, 0, 71, 66, 98, 67]","[70, 79, 75, 87, 71, 66, 98, 67]","[4, 0]",0.6417462633696338,0.0965935168085183,2.0,0,0,"[4, 70, 75, 87, 0, 71, 66, 98]","[79, 67]","[4, 70, 75, 87, 0, 71, 66, 98]","[79, 67]","[70, 75, 87, 71, 66, 98]","[4, 0]","[79, 67]",[],2,0.5789178609848022,"{""0"": 4.294291019439697, ""1"": -1.0}",0,0,"[4, 70, 75, 87, 71, 66, 98]","[79, 0, 67]","[4, 70, 75, 87, 71, 66, 98]","[79, 0, 67]","[70, 75, 87, 71, 66, 98]",[4],"[79, 67]",[0],"[4, 70, 75, 87, 71, 66, 98]","[79, 0, 67]","[70, 75, 87, 71, 66, 98]",[4],"[79, 67]",[0],6,1,2,1
502,10,5,"[3, 98, 4, 68, 9, 12, 0, 59, 13, 37]","[98, 68, 9, 12, 59, 13, 37]","[3, 4, 0]",0.7837365158249371,0.11543712772300019,2.0,0,0,"[3, 98, 68, 9, 12, 13, 37]","[4, 0, 59]","[3, 98, 68, 9, 12, 13, 37]","[4, 0, 59]","[98, 68, 9, 12, 13, 37]",[3],[59],"[4, 0]",2,0.46941831707954407,"{""0"": 1.647749662399292, ""1"": 2.734792709350586}",1,0,"[3, 68, 12]","[98, 4, 9, 0, 59, 13, 37]","[3, 68, 12]","[98, 4, 9, 0, 59, 13, 37]","[68, 12]",[3],"[98, 9, 59, 13, 37]","[4, 0]","[3, 68, 12]","[98, 4, 9, 0, 59, 13, 37]","[68, 12]",[3],"[98, 9, 59, 13, 37]","[4, 0]",2,1,5,2
503,10,5,"[4, 96, 23, 27, 91, 52, 3, 32, 53, 66]","[96, 23, 27, 91, 52, 32, 53, 66]","[4, 3]",0.6809677007971464,0.0991549676882213,2.0,0,0,"[4, 96, 23, 27, 91, 3, 32, 53, 66]",[52],"[4, 96, 23, 27, 91, 3, 32, 53, 66]",[52],"[96, 23, 27, 91, 32, 53, 66]","[4, 3]",[52],[],3,0.4558357000350952,"{""0"": 1.4368845224380493, ""1"": 2.851795196533203, ""2"": -1.0}",1,0,"[4, 96, 23, 91, 3, 53]","[27, 52, 32, 66]","[4, 96, 23, 91, 3, 53]","[27, 52, 32, 66]","[96, 23, 91, 53]","[4, 3]","[27, 52, 32, 66]",[],"[4, 96, 23, 91, 3, 53]","[27, 52, 32, 66]","[96, 23, 91, 53]","[4, 3]","[27, 52, 32, 66]",[],4,2,4,0
504,10,5,"[0, 65, 84, 43, 72, 85, 37, 34, 99, 35]","[65, 84, 43, 72, 85, 37, 34, 99, 35]",[0],0.6549851808061792,0.12991729313958567,2.0,0,0,"[0, 65, 84, 43, 72, 85, 37, 34, 99, 35]",[],"[0, 65, 84, 43, 72, 85, 37, 34, 99, 35]",[],"[65, 84, 43, 72, 85, 37, 34, 99, 35]",[0],[],[],2,0.6242928504943848,"{""0"": 2.2053706645965576, ""1"": -1.0}",0,0,"[65, 84, 43, 72, 85, 37, 34, 99, 35]",[0],"[65, 84, 43, 72, 85, 37, 34, 99, 35]",[0],"[65, 84, 43, 72, 85, 37, 34, 99, 35]",[],[],[0],"[65, 84, 43, 72, 85, 37, 34, 99, 35]",[0],"[65, 84, 43, 72, 85, 37, 34, 99, 35]",[],[],[0],9,0,0,1
505,10,5,"[1, 63, 18, 15, 26, 23, 56, 92, 91, 64]","[63, 18, 15, 26, 23, 56, 92, 91, 64]",[1],0.652272713094477,0.05962975836478479,2.0,0,0,"[1, 63, 18, 15, 23, 56, 92, 91, 64]",[26],"[1, 63, 18, 15, 23, 56, 92, 91, 64]",[26],"[63, 18, 15, 23, 56, 92, 91, 64]",[1],[26],[],2,0.48914363980293274,"{""0"": 2.6144204139709473, ""1"": -1.0}",0,0,"[1, 63, 18, 15, 23, 92, 91, 64]","[26, 56]","[1, 63, 18, 15, 23, 92, 91, 64]","[26, 56]","[63, 18, 15, 23, 92, 91, 64]",[1],"[26, 56]",[],"[1, 63, 18, 15, 23, 92, 91, 64]","[26, 56]","[63, 18, 15, 23, 92, 91, 64]",[1],"[26, 56]",[],7,1,2,0
506,10,5,"[3, 54, 28, 72, 29, 10, 92, 76, 88, 65]","[54, 28, 72, 29, 10, 92, 76, 88, 65]",[3],0.7332863798935264,0.12318166304242545,2.0,0,0,"[3, 28, 72, 29, 10, 92, 76, 65]","[54, 88]","[3, 28, 72, 29, 10, 92, 76, 65]","[54, 88]","[28, 72, 29, 10, 92, 76, 65]",[3],"[54, 88]",[],2,0.5755962133407593,"{""0"": 4.554015159606934, ""1"": -1.0}",0,0,"[3, 28, 72, 29, 92, 76, 65]","[54, 10, 88]","[3, 28, 72, 29, 92, 76, 65]","[54, 10, 88]","[28, 72, 29, 92, 76, 65]",[3],"[54, 10, 88]",[],"[3, 28, 72, 29, 92, 76, 65]","[54, 10, 88]","[28, 72, 29, 92, 76, 65]",[3],"[54, 10, 88]",[],6,1,3,0
507,10,5,"[0, 39, 30, 66, 90, 31, 6, 99, 76, 61]","[39, 30, 66, 90, 31, 6, 99, 76, 61]",[0],0.6979942413409879,0.18047688483260393,2.0,0,0,"[0, 39, 30, 66, 90, 31, 6, 99, 76, 61]",[],"[0, 39, 30, 66, 90, 31, 6, 99, 76, 61]",[],"[39, 30, 66, 90, 31, 6, 99, 76, 61]",[0],[],[],2,0.4342923164367676,"{""0"": 1.4439371824264526, ""1"": 1.9858276844024658}",1,0,"[31, 99]","[0, 39, 30, 66, 90, 6, 76, 61]","[31, 99]","[0, 39, 30, 66, 90, 6, 76, 61]","[31, 99]",[],"[39, 30, 66, 90, 6, 76, 61]",[0],"[31, 99]","[0, 39, 30, 66, 90, 6, 76, 61]","[31, 99]",[],"[39, 30, 66, 90, 6, 76, 61]",[0],2,0,7,1
508,10,5,"[4, 63, 43, 99, 49, 66, 92, 34, 23, 16]","[63, 43, 99, 49, 66, 92, 34, 23, 16]",[4],0.8669619342202455,0.10952359155673974,2.0,0,0,"[4, 63, 43, 99, 49, 66, 92, 34, 23, 16]",[],"[4, 63, 43, 99, 49, 66, 92, 34, 23, 16]",[],"[63, 43, 99, 49, 66, 92, 34, 23, 16]",[4],[],[],3,0.5066174268722534,"{""0"": 3.360966444015503, ""1"": 3.4705541133880615, ""2"": 1.6851791143417358}",1,0,"[4, 43, 92, 16]","[63, 99, 49, 66, 34, 23]","[4, 43, 92, 16]","[63, 99, 49, 66, 34, 23]","[43, 92, 16]",[4],"[63, 99, 49, 66, 34, 23]",[],"[4, 43, 92, 16]","[63, 99, 49, 66, 34, 23]","[43, 92, 16]",[4],"[63, 99, 49, 66, 34, 23]",[],3,1,6,0
509,10,5,"[4, 16, 72, 98, 5, 9, 68, 96, 61, 36]","[16, 72, 98, 5, 9, 68, 96, 61, 36]",[4],0.8508061471085964,0.15352599944012985,2.0,0,0,"[4, 16, 72, 98, 9, 68, 96, 61, 36]",[5],"[4, 16, 72, 98, 9, 68, 96, 61, 36]",[5],"[16, 72, 98, 9, 68, 96, 61, 36]",[4],[5],[],3,0.3799588978290558,"{""0"": 3.220228672027588, ""1"": 1.5757787227630615, ""2"": 1.7606106996536255}",0,0,"[4, 16, 72, 98, 36]","[5, 9, 68, 96, 61]","[4, 16, 72, 98, 36]","[5, 9, 68, 96, 61]","[16, 72, 98, 36]",[4],"[5, 9, 68, 96, 61]",[],"[4, 16, 72, 98, 36]","[5, 9, 68, 96, 61]","[16, 72, 98, 36]",[4],"[5, 9, 68, 96, 61]",[],4,1,5,0
510,10,5,"[3, 22, 77, 12, 92, 89, 30, 14, 16, 21]","[22, 77, 12, 92, 89, 30, 14, 16, 21]",[3],0.531762133058667,0.0702681154783377,2.0,0,0,"[3, 22, 77, 12, 92, 14, 16, 21]","[89, 30]","[3, 22, 77, 12, 92, 14, 16, 21]","[89, 30]","[22, 77, 12, 92, 14, 16, 21]",[3],"[89, 30]",[],2,0.44886094331741333,"{""0"": 1.2052401304244995, ""1"": 3.9069271087646484}",1,0,"[22, 12, 92, 14, 16, 21]","[3, 77, 89, 30]","[22, 12, 92, 14, 16, 21]","[3, 77, 89, 30]","[22, 12, 92, 14, 16, 21]",[],"[77, 89, 30]",[3],"[22, 12, 92, 14, 16, 21]","[3, 77, 89, 30]","[22, 12, 92, 14, 16, 21]",[],"[77, 89, 30]",[3],6,0,3,1
511,10,5,"[3, 46, 80, 89, 57, 40, 50, 0, 28, 8]","[46, 80, 89, 57, 40, 50, 28, 8]","[3, 0]",0.652771453054737,0.10988911463085271,2.0,0,0,"[3, 46, 80, 89, 57, 40, 50, 0, 28, 8]",[],"[3, 46, 80, 89, 57, 40, 50, 0, 28, 8]",[],"[46, 80, 89, 57, 40, 50, 28, 8]","[3, 0]",[],[],2,0.6605141758918762,"{""0"": 3.3651084899902344, ""1"": -1.0}",0,0,"[3, 46, 80, 89, 57, 40, 50, 28, 8]",[0],"[3, 46, 80, 89, 57, 40, 50, 28, 8]",[0],"[46, 80, 89, 57, 40, 50, 28, 8]",[3],[],[0],"[3, 46, 80, 89, 57, 40, 50, 28, 8]",[0],"[46, 80, 89, 57, 40, 50, 28, 8]",[3],[],[0],8,1,0,1
512,10,5,"[1, 88, 28, 14, 18, 10, 63, 68, 15, 58]","[88, 28, 14, 18, 10, 63, 68, 15, 58]",[1],0.6662434394689012,0.11062962046359226,2.0,0,0,"[1, 28, 14, 18, 10, 63, 68, 15, 58]",[88],"[1, 28, 14, 18, 10, 63, 68, 15, 58]",[88],"[28, 14, 18, 10, 63, 68, 15, 58]",[1],[88],[],2,0.570430338382721,"{""0"": 2.233407974243164, ""1"": -1.0}",0,0,"[28, 14, 18, 10, 63, 68, 15, 58]","[1, 88]","[28, 14, 18, 10, 63, 68, 15, 58]","[1, 88]","[28, 14, 18, 10, 63, 68, 15, 58]",[],[88],[1],"[28, 14, 18, 10, 63, 68, 15, 58]","[1, 88]","[28, 14, 18, 10, 63, 68, 15, 58]",[],[88],[1],8,0,1,1
513,10,5,"[0, 40, 23, 91, 32, 18, 64, 41, 68, 70]","[40, 23, 91, 32, 18, 64, 41, 68, 70]",[0],0.6492347701462033,0.16543929929823145,2.0,0,0,"[0, 40, 23, 91, 32, 18, 64, 41, 68, 70]",[],"[0, 40, 23, 91, 32, 18, 64, 41, 68, 70]",[],"[40, 23, 91, 32, 18, 64, 41, 68, 70]",[0],[],[],2,0.4743790626525879,"{""0"": 1.67240309715271, ""1"": 1.8998265266418457}",1,0,"[40, 32]","[0, 23, 91, 18, 64, 41, 68, 70]","[40, 32]","[0, 23, 91, 18, 64, 41, 68, 70]","[40, 32]",[],"[23, 91, 18, 64, 41, 68, 70]",[0],"[40, 32]","[0, 23, 91, 18, 64, 41, 68, 70]","[40, 32]",[],"[23, 91, 18, 64, 41, 68, 70]",[0],2,0,7,1
514,10,5,"[4, 12, 11, 69, 41, 79, 22, 3, 54, 28]","[12, 11, 69, 41, 79, 22, 54, 28]","[4, 3]",1.1612884086702904,0.14470427479723347,2.0,0,0,"[4, 11, 69, 41, 79, 22, 3, 54, 28]",[12],"[4, 11, 69, 41, 79, 22, 3, 54, 28]",[12],"[11, 69, 41, 79, 22, 54, 28]","[4, 3]",[12],[],2,0.5957923531532288,"{""0"": 1.480138897895813, ""1"": -1.0}",0,0,"[4, 11, 69, 41, 79, 22, 3, 28]","[12, 54]","[4, 11, 69, 41, 79, 22, 3, 28]","[12, 54]","[11, 69, 41, 79, 22, 28]","[4, 3]","[12, 54]",[],"[4, 11, 69, 41, 79, 22, 3, 28]","[12, 54]","[11, 69, 41, 79, 22, 28]","[4, 3]","[12, 54]",[],6,2,2,0
515,10,5,"[0, 34, 15, 49, 45, 17, 59, 22, 51, 12]","[34, 15, 49, 45, 17, 59, 22, 51, 12]",[0],0.7287996987935688,0.11930856562968822,2.0,0,0,"[0, 34, 15, 49, 45, 17, 59, 22, 51, 12]",[],"[0, 34, 15, 49, 45, 17, 59, 22, 51, 12]",[],"[34, 15, 49, 45, 17, 59, 22, 51, 12]",[0],[],[],2,0.4916594922542572,"{""0"": 1.8286603689193726, ""1"": -1.0}",0,0,"[34, 15, 49, 45, 17, 59, 22, 51, 12]",[0],"[34, 15, 49, 45, 17, 59, 22, 51, 12]",[0],"[34, 15, 49, 45, 17, 59, 22, 51, 12]",[],[],[0],"[34, 15, 49, 45, 17, 59, 22, 51, 12]",[0],"[34, 15, 49, 45, 17, 59, 22, 51, 12]",[],[],[0],9,0,0,1
516,10,5,"[4, 73, 14, 1, 74, 45, 29, 13, 6, 2]","[73, 14, 74, 45, 29, 13, 6]","[4, 1, 2]",0.7182580360633143,0.1605324293087268,2.0,0,0,"[4, 14, 1, 74, 45, 29, 13, 6, 2]",[73],"[4, 14, 1, 74, 45, 29, 13, 6, 2]",[73],"[14, 74, 45, 29, 13, 6]","[4, 1, 2]",[73],[],3,0.5112819671630859,"{""0"": 4.639320373535156, ""1"": 1.9712409973144531, ""2"": -1.0}",0,0,"[4, 14, 1, 74, 45, 6]","[73, 29, 13, 2]","[4, 14, 1, 74, 45, 6]","[73, 29, 13, 2]","[14, 74, 45, 6]","[4, 1]","[73, 29, 13]",[2],"[4, 14, 1, 74, 45, 6]","[73, 29, 13, 2]","[14, 74, 45, 6]","[4, 1]","[73, 29, 13]",[2],4,2,3,1
517,10,5,"[0, 59, 78, 85, 24, 97, 42, 9, 29, 51]","[59, 78, 85, 24, 97, 42, 9, 29, 51]",[0],0.94707321386005,0.11964483770573542,2.0,0,0,"[0, 59, 85, 24, 97, 42, 9, 29, 51]",[78],"[0, 59, 85, 24, 97, 42, 9, 29, 51]",[78],"[59, 85, 24, 97, 42, 9, 29, 51]",[0],[78],[],2,0.39671552181243896,"{""0"": 2.9807727336883545, ""1"": 2.5983617305755615}",0,0,"[0, 85, 24, 42, 29, 51]","[59, 78, 97, 9]","[0, 85, 24, 42, 29, 51]","[59, 78, 97, 9]","[85, 24, 42, 29, 51]",[0],"[59, 78, 97, 9]",[],"[0, 85, 24, 42, 29, 51]","[59, 78, 97, 9]","[85, 24, 42, 29, 51]",[0],"[59, 78, 97, 9]",[],5,1,4,0
518,10,5,"[1, 20, 25, 70, 84, 3, 10, 28, 85, 58]","[20, 25, 70, 84, 10, 28, 85, 58]","[1, 3]",0.9362704832336,0.16414811296144016,2.0,0,0,"[1, 20, 25, 70, 84, 3, 10, 28, 85, 58]",[],"[1, 20, 25, 70, 84, 3, 10, 28, 85, 58]",[],"[20, 25, 70, 84, 10, 28, 85, 58]","[1, 3]",[],[],2,0.3801155388355255,"{""0"": 2.234187364578247, ""1"": 2.138169527053833}",0,0,"[1, 20, 25, 70, 84, 3, 85]","[10, 28, 58]","[1, 20, 25, 70, 84, 3, 85]","[10, 28, 58]","[20, 25, 70, 84, 85]","[1, 3]","[10, 28, 58]",[],"[1, 20, 25, 70, 84, 3, 85]","[10, 28, 58]","[20, 25, 70, 84, 85]","[1, 3]","[10, 28, 58]",[],5,2,3,0
519,10,5,"[0, 23, 4, 73, 84, 72, 12, 77, 40, 1]","[23, 73, 84, 72, 12, 77, 40]","[0, 4, 1]",0.7583397601055579,0.10822007678550649,2.0,0,0,"[0, 4, 84, 72, 77, 40, 1]","[23, 73, 12]","[0, 4, 84, 72, 77, 40, 1]","[23, 73, 12]","[84, 72, 77, 40]","[0, 4, 1]","[23, 73, 12]",[],3,0.518150806427002,"{""0"": 3.4672179222106934, ""1"": -1.0, ""2"": -1.0}",0,0,"[4, 72, 77, 40, 1]","[0, 23, 73, 84, 12]","[4, 72, 77, 40, 1]","[0, 23, 73, 84, 12]","[72, 77, 40]","[4, 1]","[23, 73, 84, 12]",[0],"[4, 72, 77, 40, 1]","[0, 23, 73, 84, 12]","[72, 77, 40]","[4, 1]","[23, 73, 84, 12]",[0],3,2,4,1
520,10,5,"[0, 97, 36, 50, 79, 11, 91, 31, 52, 5]","[97, 36, 50, 79, 11, 91, 31, 52, 5]",[0],0.7545582156417417,0.1002678445848652,2.0,0,0,"[0, 36, 50, 79, 11, 91, 31, 52, 5]",[97],"[0, 36, 50, 79, 11, 91, 31, 52, 5]",[97],"[36, 50, 79, 11, 91, 31, 52, 5]",[0],[97],[],3,0.4075070917606354,"{""0"": 4.396059513092041, ""1"": 1.9306015968322754, ""2"": -1.0}",0,0,"[50, 79, 11, 91, 31, 52]","[0, 97, 36, 5]","[50, 79, 11, 91, 31, 52]","[0, 97, 36, 5]","[50, 79, 11, 91, 31, 52]",[],"[97, 36, 5]",[0],"[50, 79, 11, 91, 31, 52]","[0, 97, 36, 5]","[50, 79, 11, 91, 31, 52]",[],"[97, 36, 5]",[0],6,0,3,1
521,10,5,"[3, 64, 19, 63, 21, 5, 81, 96, 37, 47]","[64, 19, 63, 21, 5, 81, 96, 37, 47]",[3],0.67177564914116,0.09606321793665851,2.0,0,0,"[3, 64, 19, 63, 21, 5, 81, 96, 37, 47]",[],"[3, 64, 19, 63, 21, 5, 81, 96, 37, 47]",[],"[64, 19, 63, 21, 5, 81, 96, 37, 47]",[3],[],[],3,0.48763665556907654,"{""0"": 3.3060779571533203, ""1"": 1.7028661966323853, ""2"": 3.5130615234375}",2,0,"[3, 64, 21, 5]","[19, 63, 81, 96, 37, 47]","[3, 64, 21, 5]","[19, 63, 81, 96, 37, 47]","[64, 21, 5]",[3],"[19, 63, 81, 96, 37, 47]",[],"[3, 64, 21, 5]","[19, 63, 81, 96, 37, 47]","[64, 21, 5]",[3],"[19, 63, 81, 96, 37, 47]",[],3,1,6,0
522,10,5,"[0, 90, 92, 74, 71, 1, 56, 95, 27, 89]","[90, 92, 74, 71, 56, 95, 27, 89]","[0, 1]",0.7494804821381389,0.06110356212088952,2.0,0,0,"[90, 92, 74, 71, 1, 56, 27, 89]","[0, 95]","[90, 92, 74, 71, 1, 56, 27, 89]","[0, 95]","[90, 92, 74, 71, 56, 27, 89]",[1],[95],[0],2,0.3879701793193817,"{""0"": 2.9411725997924805, ""1"": -1.0}",0,0,"[90, 92, 74, 71, 1, 56, 27]","[0, 95, 89]","[90, 92, 74, 71, 1, 56, 27]","[0, 95, 89]","[90, 92, 74, 71, 56, 27]",[1],"[95, 89]",[0],"[90, 92, 74, 71, 1, 56, 27]","[0, 95, 89]","[90, 92, 74, 71, 56, 27]",[1],"[95, 89]",[0],6,1,2,1
523,10,5,"[2, 30, 31, 27, 47, 4, 15, 52, 91, 24]","[30, 31, 27, 47, 15, 52, 91, 24]","[2, 4]",1.1372110448911967,0.2337900335777492,2.0,0,0,"[2, 30, 31, 27, 47, 4, 15, 52, 91, 24]",[],"[2, 30, 31, 27, 47, 4, 15, 52, 91, 24]",[],"[30, 31, 27, 47, 15, 52, 91, 24]","[2, 4]",[],[],2,0.39205190539360046,"{""0"": 0.3517054617404938, ""1"": -1.0}",0,0,"[2, 30, 27, 47, 4, 15, 52, 91, 24]",[31],"[2, 30, 27, 47, 4, 15, 52, 91, 24]",[31],"[30, 27, 47, 15, 52, 91, 24]","[2, 4]",[31],[],"[2, 30, 27, 47, 4, 15, 52, 91, 24]",[31],"[30, 27, 47, 15, 52, 91, 24]","[2, 4]",[31],[],7,2,1,0
524,10,5,"[3, 17, 42, 9, 5, 40, 74, 35, 49, 16]","[17, 42, 9, 5, 40, 74, 35, 49, 16]",[3],0.6774800002987631,0.08447447376157458,2.0,0,0,"[3, 17, 42, 9, 5, 40, 74, 35, 49, 16]",[],"[3, 17, 42, 9, 5, 40, 74, 35, 49, 16]",[],"[17, 42, 9, 5, 40, 74, 35, 49, 16]",[3],[],[],2,0.5999767184257507,"{""0"": 2.2453126907348633, ""1"": -1.0}",0,0,"[3, 17, 42, 9, 5, 40, 74, 49, 16]",[35],"[3, 17, 42, 9, 5, 40, 74, 49, 16]",[35],"[17, 42, 9, 5, 40, 74, 49, 16]",[3],[35],[],"[3, 17, 42, 9, 5, 40, 74, 49, 16]",[35],"[17, 42, 9, 5, 40, 74, 49, 16]",[3],[35],[],8,1,1,0
525,10,5,"[3, 32, 5, 47, 86, 10, 94, 44, 13, 27]","[32, 5, 47, 86, 10, 94, 44, 13, 27]",[3],0.7160929965211806,0.12302326386251994,2.0,0,0,"[3, 32, 5, 47, 86, 10, 94, 44, 13, 27]",[],"[3, 32, 5, 47, 86, 10, 94, 44, 13, 27]",[],"[32, 5, 47, 86, 10, 94, 44, 13, 27]",[3],[],[],2,0.43804091215133667,"{""0"": 0.8253015279769897, ""1"": -1.0}",0,0,"[3, 5, 47, 86, 10, 94, 44, 13, 27]",[32],"[3, 5, 47, 86, 10, 94, 44, 13, 27]",[32],"[5, 47, 86, 10, 94, 44, 13, 27]",[3],[32],[],"[3, 5, 47, 86, 10, 94, 44, 13, 27]",[32],"[5, 47, 86, 10, 94, 44, 13, 27]",[3],[32],[],8,1,1,0
526,10,5,"[1, 85, 17, 4, 76, 51, 57, 26, 8, 20]","[85, 17, 76, 51, 57, 26, 8, 20]","[1, 4]",0.7040755897451114,0.09054000850711968,2.0,0,0,"[1, 85, 76, 51, 57, 26, 8, 20]","[17, 4]","[1, 85, 76, 51, 57, 26, 8, 20]","[17, 4]","[85, 76, 51, 57, 26, 8, 20]",[1],[17],[4],2,0.36936044692993164,"{""0"": 1.1372461318969727, ""1"": 1.6850805282592773}",1,0,"[8, 20]","[1, 85, 17, 4, 76, 51, 57, 26]","[8, 20]","[1, 85, 17, 4, 76, 51, 57, 26]","[8, 20]",[],"[85, 17, 76, 51, 57, 26]","[1, 4]","[8, 20]","[1, 85, 17, 4, 76, 51, 57, 26]","[8, 20]",[],"[85, 17, 76, 51, 57, 26]","[1, 4]",2,0,6,2
527,10,5,"[2, 0, 62, 40, 12, 82, 26, 44, 73, 81]","[62, 40, 12, 82, 26, 44, 73, 81]","[2, 0]",0.8506432258537808,0.1055327463853522,2.0,0,0,"[2, 0, 40, 82, 26, 44, 81]","[62, 12, 73]","[2, 0, 40, 82, 26, 44, 81]","[62, 12, 73]","[40, 82, 26, 44, 81]","[2, 0]","[62, 12, 73]",[],2,0.8369522094726562,"{""0"": 3.264364004135132, ""1"": 1.9949228763580322}",0,0,"[2, 0, 40, 44, 81]","[62, 12, 82, 26, 73]","[2, 0, 40, 44, 81]","[62, 12, 82, 26, 73]","[40, 44, 81]","[2, 0]","[62, 12, 82, 26, 73]",[],"[2, 0, 40, 44, 81]","[62, 12, 82, 26, 73]","[40, 44, 81]","[2, 0]","[62, 12, 82, 26, 73]",[],3,2,5,0
528,10,5,"[3, 54, 44, 31, 73, 7, 29, 50, 85, 67]","[54, 44, 31, 73, 7, 29, 50, 85, 67]",[3],1.050260000697838,0.14341800921421677,2.0,0,0,"[3, 31, 73, 7, 29, 85, 67]","[54, 44, 50]","[3, 31, 73, 7, 29, 85, 67]","[54, 44, 50]","[31, 73, 7, 29, 85, 67]",[3],"[54, 44, 50]",[],2,0.4512251317501068,"{""0"": 1.317816972732544, ""1"": 2.3427655696868896}",1,0,"[3, 31, 7, 29, 67]","[54, 44, 73, 50, 85]","[3, 31, 7, 29, 67]","[54, 44, 73, 50, 85]","[31, 7, 29, 67]",[3],"[54, 44, 73, 50, 85]",[],"[3, 31, 7, 29, 67]","[54, 44, 73, 50, 85]","[31, 7, 29, 67]",[3],"[54, 44, 73, 50, 85]",[],4,1,5,0
529,10,5,"[2, 62, 36, 26, 29, 78, 13, 76, 41, 65]","[62, 36, 26, 29, 78, 13, 76, 41, 65]",[2],1.011528590092637,0.10325330843940805,2.0,0,0,"[2, 62, 36, 26, 29, 78, 13, 76, 41, 65]",[],"[2, 62, 36, 26, 29, 78, 13, 76, 41, 65]",[],"[62, 36, 26, 29, 78, 13, 76, 41, 65]",[2],[],[],2,0.6479801535606384,"{""0"": 2.5445234775543213, ""1"": -1.0}",0,0,"[2, 62, 36, 29, 78, 13, 76, 41, 65]",[26],"[2, 62, 36, 29, 78, 13, 76, 41, 65]",[26],"[62, 36, 29, 78, 13, 76, 41, 65]",[2],[26],[],"[2, 62, 36, 29, 78, 13, 76, 41, 65]",[26],"[62, 36, 29, 78, 13, 76, 41, 65]",[2],[26],[],8,1,1,0
530,10,5,"[0, 90, 2, 4, 71, 39, 14, 51, 19, 88]","[90, 71, 39, 14, 51, 19, 88]","[0, 2, 4]",0.7720952619229378,0.14668992713509255,2.0,0,0,"[0, 90, 2, 4, 71, 39, 14, 51, 19]",[88],"[0, 90, 2, 4, 71, 39, 14, 51, 19]",[88],"[90, 71, 39, 14, 51, 19]","[0, 2, 4]",[88],[],2,0.3807847201824188,"{""0"": 1.5399389266967773, ""1"": -1.0}",0,0,"[90, 2, 4, 71, 39, 14, 51, 19]","[0, 88]","[90, 2, 4, 71, 39, 14, 51, 19]","[0, 88]","[90, 71, 39, 14, 51, 19]","[2, 4]",[88],[0],"[90, 2, 4, 71, 39, 14, 51, 19]","[0, 88]","[90, 71, 39, 14, 51, 19]","[2, 4]",[88],[0],6,2,1,1
531,10,5,"[3, 63, 47, 6, 12, 92, 40, 56, 67, 31]","[63, 47, 6, 12, 92, 40, 56, 67, 31]",[3],0.700159100406587,0.12749211942604366,2.0,0,0,"[3, 63, 47, 6, 12, 92, 40, 56, 67]",[31],"[3, 63, 47, 6, 12, 92, 40, 56, 67]",[31],"[63, 47, 6, 12, 92, 40, 56, 67]",[3],[31],[],2,0.47472894191741943,"{""0"": 2.4481258392333984, ""1"": 1.9300951957702637}",0,0,"[3, 63, 47, 6, 12, 92, 67]","[40, 56, 31]","[3, 63, 47, 6, 12, 92, 67]","[40, 56, 31]","[63, 47, 6, 12, 92, 67]",[3],"[40, 56, 31]",[],"[3, 63, 47, 6, 12, 92, 67]","[40, 56, 31]","[63, 47, 6, 12, 92, 67]",[3],"[40, 56, 31]",[],6,1,3,0
532,10,5,"[0, 35, 51, 47, 1, 3, 29, 74, 33, 99]","[35, 51, 47, 29, 74, 33, 99]","[0, 1, 3]",0.710601379430968,0.12507539009453933,2.0,0,0,"[0, 35, 51, 47, 1, 3, 29, 74, 33, 99]",[],"[0, 35, 51, 47, 1, 3, 29, 74, 33, 99]",[],"[35, 51, 47, 29, 74, 33, 99]","[0, 1, 3]",[],[],3,0.4534221589565277,"{""0"": 2.134528636932373, ""1"": 1.9558899402618408, ""2"": -1.0}",0,0,"[0, 35, 51, 47, 1, 74, 33]","[3, 29, 99]","[0, 35, 51, 47, 1, 74, 33]","[3, 29, 99]","[35, 51, 47, 74, 33]","[0, 1]","[29, 99]",[3],"[0, 35, 51, 47, 1, 74, 33]","[3, 29, 99]","[35, 51, 47, 74, 33]","[0, 1]","[29, 99]",[3],5,2,2,1
533,10,5,"[2, 47, 66, 92, 87, 93, 38, 50, 96, 37]","[47, 66, 92, 87, 93, 38, 50, 96, 37]",[2],0.5458010786090811,0.105112107760335,2.0,0,0,"[2, 66, 92, 87, 93, 38, 50, 96, 37]",[47],"[2, 66, 92, 87, 93, 38, 50, 96, 37]",[47],"[66, 92, 87, 93, 38, 50, 96, 37]",[2],[47],[],2,0.3920850455760956,"{""0"": 0.5562365055084229, ""1"": -1.0}",0,0,"[2, 66, 92, 87, 93, 38, 50, 37]","[47, 96]","[2, 66, 92, 87, 93, 38, 50, 37]","[47, 96]","[66, 92, 87, 93, 38, 50, 37]",[2],"[47, 96]",[],"[2, 66, 92, 87, 93, 38, 50, 37]","[47, 96]","[66, 92, 87, 93, 38, 50, 37]",[2],"[47, 96]",[],7,1,2,0
534,10,5,"[1, 8, 13, 65, 14, 98, 83, 77, 3, 18]","[8, 13, 65, 14, 98, 83, 77, 18]","[1, 3]",0.5759545716177701,0.05250841142428919,2.0,0,0,"[1, 65, 14, 98, 83, 77, 3]","[8, 13, 18]","[1, 65, 14, 98, 83, 77, 3]","[8, 13, 18]","[65, 14, 98, 83, 77]","[1, 3]","[8, 13, 18]",[],3,0.4517822265625,"{""0"": 1.8477391004562378, ""1"": 1.9505538940429688, ""2"": 2.5239877700805664}",2,0,"[1, 83, 77]","[8, 13, 65, 14, 98, 3, 18]","[1, 83, 77]","[8, 13, 65, 14, 98, 3, 18]","[83, 77]",[1],"[8, 13, 65, 14, 98, 18]",[3],"[1, 83, 77]","[8, 13, 65, 14, 98, 3, 18]","[83, 77]",[1],"[8, 13, 65, 14, 98, 18]",[3],2,1,6,1
535,10,5,"[1, 22, 0, 13, 49, 45, 14, 77, 67, 71]","[22, 13, 49, 45, 14, 77, 67, 71]","[1, 0]",0.6812113579983935,0.17141632826601516,2.0,0,0,"[1, 22, 0, 13, 49, 45, 14, 77, 67, 71]",[],"[1, 22, 0, 13, 49, 45, 14, 77, 67, 71]",[],"[22, 13, 49, 45, 14, 77, 67, 71]","[1, 0]",[],[],2,0.6142961382865906,"{""0"": 3.3287205696105957, ""1"": 1.9861319065093994}",0,0,"[1, 22, 0, 49, 45, 14, 77, 67]","[13, 71]","[1, 22, 0, 49, 45, 14, 77, 67]","[13, 71]","[22, 49, 45, 14, 77, 67]","[1, 0]","[13, 71]",[],"[1, 22, 0, 49, 45, 14, 77, 67]","[13, 71]","[22, 49, 45, 14, 77, 67]","[1, 0]","[13, 71]",[],6,2,2,0
536,10,5,"[4, 0, 52, 96, 2, 77, 15, 63, 99, 45]","[52, 96, 77, 15, 63, 99, 45]","[4, 0, 2]",0.5993188198681532,0.0865954391162384,2.0,0,0,"[4, 52, 96, 2, 77, 15, 63, 99, 45]",[0],"[4, 52, 96, 2, 77, 15, 63, 99, 45]",[0],"[52, 96, 77, 15, 63, 99, 45]","[4, 2]",[],[0],2,0.4860589802265167,"{""0"": 1.7995309829711914, ""1"": -1.0}",0,0,"[4, 52, 96, 2, 77, 15, 63, 45]","[0, 99]","[4, 52, 96, 2, 77, 15, 63, 45]","[0, 99]","[52, 96, 77, 15, 63, 45]","[4, 2]",[99],[0],"[4, 52, 96, 2, 77, 15, 63, 45]","[0, 99]","[52, 96, 77, 15, 63, 45]","[4, 2]",[99],[0],6,2,1,1
537,10,5,"[0, 59, 44, 16, 96, 75, 21, 50, 60, 61]","[59, 44, 16, 96, 75, 21, 50, 60, 61]",[0],0.6225244748838492,0.10594877027930849,2.0,0,0,"[44, 16, 96, 75, 21, 50, 60, 61]","[0, 59]","[44, 16, 96, 75, 21, 50, 60, 61]","[0, 59]","[44, 16, 96, 75, 21, 50, 60, 61]",[],[59],[0],3,0.3672732710838318,"{""0"": 1.137953519821167, ""1"": 1.9745571613311768, ""2"": 3.0412747859954834}",2,0,"[16, 96, 21, 60]","[0, 59, 44, 75, 50, 61]","[16, 96, 21, 60]","[0, 59, 44, 75, 50, 61]","[16, 96, 21, 60]",[],"[59, 44, 75, 50, 61]",[0],"[16, 96, 21, 60]","[0, 59, 44, 75, 50, 61]","[16, 96, 21, 60]",[],"[59, 44, 75, 50, 61]",[0],4,0,5,1
538,10,5,"[2, 3, 36, 52, 13, 51, 83, 21, 85, 19]","[36, 52, 13, 51, 83, 21, 85, 19]","[2, 3]",0.7153249681104098,0.07923796442946224,2.0,0,0,"[2, 3, 36, 52, 13, 51, 83, 85, 19]",[21],"[2, 3, 36, 52, 13, 51, 83, 85, 19]",[21],"[36, 52, 13, 51, 83, 85, 19]","[2, 3]",[21],[],4,0.42921778559684753,"{""0"": 1.7473407983779907, ""1"": 1.8652961254119873, ""2"": 2.9861209392547607, ""3"": -1.0}",2,0,"[3, 51, 83, 19]","[2, 36, 52, 13, 21, 85]","[3, 51, 83, 19]","[2, 36, 52, 13, 21, 85]","[51, 83, 19]",[3],"[36, 52, 13, 21, 85]",[2],"[3, 51, 83, 19]","[2, 36, 52, 13, 21, 85]","[51, 83, 19]",[3],"[36, 52, 13, 21, 85]",[2],3,1,5,1
539,10,5,"[4, 81, 37, 26, 94, 78, 87, 56, 45, 55]","[81, 37, 26, 94, 78, 87, 56, 45, 55]",[4],0.8652488503245657,0.1304924088232911,2.0,0,0,"[4, 81, 37, 26, 94, 78, 87, 56, 45, 55]",[],"[4, 81, 37, 26, 94, 78, 87, 56, 45, 55]",[],"[81, 37, 26, 94, 78, 87, 56, 45, 55]",[4],[],[],4,0.5005637407302856,"{""0"": 2.9934842586517334, ""1"": -1.0, ""2"": 1.9290690422058105, ""3"": -1.0}",0,0,"[37, 94, 78, 87, 56, 45]","[4, 81, 26, 55]","[37, 94, 78, 87, 56, 45]","[4, 81, 26, 55]","[37, 94, 78, 87, 56, 45]",[],"[81, 26, 55]",[4],"[37, 94, 78, 87, 56, 45]","[4, 81, 26, 55]","[37, 94, 78, 87, 56, 45]",[],"[81, 26, 55]",[4],6,0,3,1
540,10,5,"[4, 96, 82, 72, 98, 64, 22, 1, 19, 0]","[96, 82, 72, 98, 64, 22, 19]","[4, 1, 0]",0.7005965167516333,0.14337214820208594,2.0,0,0,"[4, 96, 82, 72, 98, 64, 22, 1, 19, 0]",[],"[4, 96, 82, 72, 98, 64, 22, 1, 19, 0]",[],"[96, 82, 72, 98, 64, 22, 19]","[4, 1, 0]",[],[],2,0.5481027960777283,"{""0"": 1.3640259504318237, ""1"": -1.0}",0,0,"[4, 96, 72, 98, 64, 22, 1, 19, 0]",[82],"[4, 96, 72, 98, 64, 22, 1, 19, 0]",[82],"[96, 72, 98, 64, 22, 19]","[4, 1, 0]",[82],[],"[4, 96, 72, 98, 64, 22, 1, 19, 0]",[82],"[96, 72, 98, 64, 22, 19]","[4, 1, 0]",[82],[],6,3,1,0
541,10,5,"[2, 72, 63, 11, 4, 30, 50, 87, 44, 37]","[72, 63, 11, 30, 50, 87, 44, 37]","[2, 4]",0.8215102511068233,0.12377366510548793,2.0,0,0,"[2, 72, 63, 11, 4, 30, 50, 87, 44]",[37],"[2, 72, 63, 11, 4, 30, 50, 87, 44]",[37],"[72, 63, 11, 30, 50, 87, 44]","[2, 4]",[37],[],2,0.5539715886116028,"{""0"": 1.2158570289611816, ""1"": 3.0044620037078857}",1,0,"[72, 63, 4, 30, 50, 87, 44]","[2, 11, 37]","[72, 63, 4, 30, 50, 87, 44]","[2, 11, 37]","[72, 63, 30, 50, 87, 44]",[4],"[11, 37]",[2],"[72, 63, 4, 30, 50, 87, 44]","[2, 11, 37]","[72, 63, 30, 50, 87, 44]",[4],"[11, 37]",[2],6,1,2,1
542,10,5,"[3, 49, 97, 38, 12, 33, 19, 93, 91, 96]","[49, 97, 38, 12, 33, 19, 93, 91, 96]",[3],0.7215943375136367,0.09100983305899768,2.0,0,0,"[3, 49, 38, 12, 33, 19, 93, 91, 96]",[97],"[3, 49, 38, 12, 33, 19, 93, 91, 96]",[97],"[49, 38, 12, 33, 19, 93, 91, 96]",[3],[97],[],2,0.4204595386981964,"{""0"": 2.650452136993408, ""1"": -1.0}",0,0,"[3, 38, 12, 33, 19, 93, 91, 96]","[49, 97]","[3, 38, 12, 33, 19, 93, 91, 96]","[49, 97]","[38, 12, 33, 19, 93, 91, 96]",[3],"[49, 97]",[],"[3, 38, 12, 33, 19, 93, 91, 96]","[49, 97]","[38, 12, 33, 19, 93, 91, 96]",[3],"[49, 97]",[],7,1,2,0
543,10,5,"[3, 15, 88, 75, 57, 38, 44, 28, 9, 47]","[15, 88, 75, 57, 38, 44, 28, 9, 47]",[3],0.7606684700389554,0.19146401325256313,2.0,0,0,"[3, 15, 75, 57, 38, 44, 28, 9, 47]",[88],"[3, 15, 75, 57, 38, 44, 28, 9, 47]",[88],"[15, 75, 57, 38, 44, 28, 9, 47]",[3],[88],[],2,0.6013419032096863,"{""0"": 6.788043975830078, ""1"": -1.0}",0,0,"[3, 15, 75, 57, 38, 44, 28, 9]","[88, 47]","[3, 15, 75, 57, 38, 44, 28, 9]","[88, 47]","[15, 75, 57, 38, 44, 28, 9]",[3],"[88, 47]",[],"[3, 15, 75, 57, 38, 44, 28, 9]","[88, 47]","[15, 75, 57, 38, 44, 28, 9]",[3],"[88, 47]",[],7,1,2,0
544,10,5,"[4, 48, 46, 1, 72, 7, 19, 81, 80, 2]","[48, 46, 72, 7, 19, 81, 80]","[4, 1, 2]",0.7415175149552622,0.2173396772368082,2.0,0,0,"[4, 48, 46, 1, 72, 7, 19, 81, 80, 2]",[],"[4, 48, 46, 1, 72, 7, 19, 81, 80, 2]",[],"[48, 46, 72, 7, 19, 81, 80]","[4, 1, 2]",[],[],2,0.6005886793136597,"{""0"": 2.181082010269165, ""1"": -1.0}",0,0,"[4, 48, 46, 1, 72, 7, 81, 80, 2]",[19],"[4, 48, 46, 1, 72, 7, 81, 80, 2]",[19],"[48, 46, 72, 7, 81, 80]","[4, 1, 2]",[19],[],"[4, 48, 46, 1, 72, 7, 81, 80, 2]",[19],"[48, 46, 72, 7, 81, 80]","[4, 1, 2]",[19],[],6,3,1,0
545,10,5,"[3, 93, 75, 45, 40, 61, 26, 41, 55, 33]","[93, 75, 45, 40, 61, 26, 41, 55, 33]",[3],0.7427124709911495,0.0903473949367577,2.0,0,0,"[3, 93, 75, 45, 40, 61, 26, 55, 33]",[41],"[3, 93, 75, 45, 40, 61, 26, 55, 33]",[41],"[93, 75, 45, 40, 61, 26, 55, 33]",[3],[41],[],4,0.39353516697883606,"{""0"": 1.9498521089553833, ""1"": -1.0, ""2"": 1.845127820968628, ""3"": -1.0}",0,0,"[3, 93, 40, 61, 33]","[75, 45, 26, 41, 55]","[3, 93, 40, 61, 33]","[75, 45, 26, 41, 55]","[93, 40, 61, 33]",[3],"[75, 45, 26, 41, 55]",[],"[3, 93, 40, 61, 33]","[75, 45, 26, 41, 55]","[93, 40, 61, 33]",[3],"[75, 45, 26, 41, 55]",[],4,1,5,0
546,10,5,"[1, 58, 89, 18, 76, 33, 27, 53, 81, 12]","[58, 89, 18, 76, 33, 27, 53, 81, 12]",[1],0.8250303982679401,0.05853879797476452,2.0,0,0,"[1, 58, 89, 18, 76, 33, 27, 53, 81]",[12],"[1, 58, 89, 18, 76, 33, 27, 53, 81]",[12],"[58, 89, 18, 76, 33, 27, 53, 81]",[1],[12],[],3,0.47796666622161865,"{""0"": 1.2329680919647217, ""1"": 1.839127779006958, ""2"": -1.0}",1,0,"[27, 81]","[1, 58, 89, 18, 76, 33, 53, 12]","[27, 81]","[1, 58, 89, 18, 76, 33, 53, 12]","[27, 81]",[],"[58, 89, 18, 76, 33, 53, 12]",[1],"[27, 81]","[1, 58, 89, 18, 76, 33, 53, 12]","[27, 81]",[],"[58, 89, 18, 76, 33, 53, 12]",[1],2,0,7,1
547,10,5,"[0, 79, 4, 73, 67, 21, 34, 42, 8, 83]","[79, 73, 67, 21, 34, 42, 8, 83]","[0, 4]",0.852514694256749,0.140229129568183,2.0,0,0,"[0, 79, 4, 73, 67, 21, 34, 42, 8, 83]",[],"[0, 79, 4, 73, 67, 21, 34, 42, 8, 83]",[],"[79, 73, 67, 21, 34, 42, 8, 83]","[0, 4]",[],[],2,0.43698206543922424,"{""0"": 3.0920939445495605, ""1"": 3.139988660812378}",1,0,"[4, 73, 67, 42]","[0, 79, 21, 34, 8, 83]","[4, 73, 67, 42]","[0, 79, 21, 34, 8, 83]","[73, 67, 42]",[4],"[79, 21, 34, 8, 83]",[0],"[4, 73, 67, 42]","[0, 79, 21, 34, 8, 83]","[73, 67, 42]",[4],"[79, 21, 34, 8, 83]",[0],3,1,5,1
548,10,5,"[4, 15, 34, 91, 56, 86, 39, 57, 6, 20]","[15, 34, 91, 56, 86, 39, 57, 6, 20]",[4],0.6674763661237955,0.04140856857186215,2.0,0,0,"[4, 15, 91, 56, 86, 39, 57, 6]","[34, 20]","[4, 15, 91, 56, 86, 39, 57, 6]","[34, 20]","[15, 91, 56, 86, 39, 57, 6]",[4],"[34, 20]",[],2,0.4855054020881653,"{""0"": 2.18061900138855, ""1"": -1.0}",0,0,"[4, 15, 91, 56, 86, 39, 57]","[34, 6, 20]","[4, 15, 91, 56, 86, 39, 57]","[34, 6, 20]","[15, 91, 56, 86, 39, 57]",[4],"[34, 6, 20]",[],"[4, 15, 91, 56, 86, 39, 57]","[34, 6, 20]","[15, 91, 56, 86, 39, 57]",[4],"[34, 6, 20]",[],6,1,3,0
549,10,5,"[1, 54, 0, 57, 38, 15, 63, 8, 55, 2]","[54, 57, 38, 15, 63, 8, 55]","[1, 0, 2]",0.7300329991646419,0.14306953296633795,2.0,0,0,"[1, 0, 57, 38, 15, 63, 8, 55, 2]",[54],"[1, 0, 57, 38, 15, 63, 8, 55, 2]",[54],"[57, 38, 15, 63, 8, 55]","[1, 0, 2]",[54],[],2,0.4943981170654297,"{""0"": 4.2444748878479, ""1"": -1.0}",0,0,"[1, 0, 57, 38, 15, 63, 8, 2]","[54, 55]","[1, 0, 57, 38, 15, 63, 8, 2]","[54, 55]","[57, 38, 15, 63, 8]","[1, 0, 2]","[54, 55]",[],"[1, 0, 57, 38, 15, 63, 8, 2]","[54, 55]","[57, 38, 15, 63, 8]","[1, 0, 2]","[54, 55]",[],5,3,2,0
550,10,5,"[1, 23, 47, 22, 43, 42, 26, 85, 11, 25]","[23, 47, 22, 43, 42, 26, 85, 11, 25]",[1],0.7053801192885116,0.0699281381884892,2.0,0,0,"[1, 23, 22, 43, 42, 26, 85, 11, 25]",[47],"[1, 23, 22, 43, 42, 26, 85, 11, 25]",[47],"[23, 22, 43, 42, 26, 85, 11, 25]",[1],[47],[],3,0.42646315693855286,"{""0"": 2.9360456466674805, ""1"": 1.8424322605133057, ""2"": 1.8236502408981323}",0,0,"[1, 22, 43, 26, 25]","[23, 47, 42, 85, 11]","[1, 22, 43, 26, 25]","[23, 47, 42, 85, 11]","[22, 43, 26, 25]",[1],"[23, 47, 42, 85, 11]",[],"[1, 22, 43, 26, 25]","[23, 47, 42, 85, 11]","[22, 43, 26, 25]",[1],"[23, 47, 42, 85, 11]",[],4,1,5,0
551,10,5,"[2, 96, 12, 58, 54, 24, 70, 4, 74, 45]","[96, 12, 58, 54, 24, 70, 74, 45]","[2, 4]",0.9024332503676179,0.06820942770358218,2.0,0,0,"[2, 96, 58, 24, 70, 4, 74, 45]","[12, 54]","[2, 96, 58, 24, 70, 4, 74, 45]","[12, 54]","[96, 58, 24, 70, 74, 45]","[2, 4]","[12, 54]",[],3,0.506740391254425,"{""0"": 3.9652976989746094, ""1"": 1.9592840671539307, ""2"": -1.0}",0,0,"[58, 70, 4, 74, 45]","[2, 96, 12, 54, 24]","[58, 70, 4, 74, 45]","[2, 96, 12, 54, 24]","[58, 70, 74, 45]",[4],"[96, 12, 54, 24]",[2],"[58, 70, 4, 74, 45]","[2, 96, 12, 54, 24]","[58, 70, 74, 45]",[4],"[96, 12, 54, 24]",[2],4,1,4,1
552,10,5,"[2, 9, 63, 48, 35, 87, 5, 13, 50, 32]","[9, 63, 48, 35, 87, 5, 13, 50, 32]",[2],0.7741193925688932,0.21381395366375622,2.0,0,0,"[2, 9, 63, 48, 35, 87, 5, 13, 50, 32]",[],"[2, 9, 63, 48, 35, 87, 5, 13, 50, 32]",[],"[9, 63, 48, 35, 87, 5, 13, 50, 32]",[2],[],[],2,0.5368876457214355,"{""0"": 1.258787751197815, ""1"": -1.0}",0,0,"[2, 9, 63, 35, 87, 5, 13, 50, 32]",[48],"[2, 9, 63, 35, 87, 5, 13, 50, 32]",[48],"[9, 63, 35, 87, 5, 13, 50, 32]",[2],[48],[],"[2, 9, 63, 35, 87, 5, 13, 50, 32]",[48],"[9, 63, 35, 87, 5, 13, 50, 32]",[2],[48],[],8,1,1,0
553,10,5,"[3, 79, 5, 45, 99, 71, 35, 22, 15, 58]","[79, 5, 45, 99, 71, 35, 22, 15, 58]",[3],0.6686518548763151,0.07578562504223924,2.0,0,0,"[3, 79, 99, 71, 35, 22, 15, 58]","[5, 45]","[3, 79, 99, 71, 35, 22, 15, 58]","[5, 45]","[79, 99, 71, 35, 22, 15, 58]",[3],"[5, 45]",[],4,0.47704771161079407,"{""0"": 1.9798284769058228, ""1"": 1.9212346076965332, ""2"": -1.0, ""3"": 2.869474411010742}",3,0,"[3, 79, 22]","[5, 45, 99, 71, 35, 15, 58]","[3, 79, 22]","[5, 45, 99, 71, 35, 15, 58]","[79, 22]",[3],"[5, 45, 99, 71, 35, 15, 58]",[],"[3, 79, 22]","[5, 45, 99, 71, 35, 15, 58]","[79, 22]",[3],"[5, 45, 99, 71, 35, 15, 58]",[],2,1,7,0
554,10,5,"[1, 79, 27, 28, 97, 96, 52, 80, 81, 14]","[79, 27, 28, 97, 96, 52, 80, 81, 14]",[1],0.686292831131085,0.1448171744354359,2.0,0,0,"[1, 79, 27, 28, 97, 96, 52, 80, 81, 14]",[],"[1, 79, 27, 28, 97, 96, 52, 80, 81, 14]",[],"[79, 27, 28, 97, 96, 52, 80, 81, 14]",[1],[],[],2,0.6414352655410767,"{""0"": 1.5554057359695435, ""1"": -1.0}",0,0,"[1, 79, 27, 28, 96, 52, 80, 81, 14]",[97],"[1, 79, 27, 28, 96, 52, 80, 81, 14]",[97],"[79, 27, 28, 96, 52, 80, 81, 14]",[1],[97],[],"[1, 79, 27, 28, 96, 52, 80, 81, 14]",[97],"[79, 27, 28, 96, 52, 80, 81, 14]",[1],[97],[],8,1,1,0
555,10,5,"[0, 98, 70, 21, 75, 55, 84, 85, 46, 56]","[98, 70, 21, 75, 55, 84, 85, 46, 56]",[0],0.5985354646132129,0.06274074498678794,2.0,0,0,"[98, 70, 21, 75, 55, 84, 56]","[0, 85, 46]","[98, 70, 21, 75, 55, 84, 56]","[0, 85, 46]","[98, 70, 21, 75, 55, 84, 56]",[],"[85, 46]",[0],2,0.3355271518230438,"{""0"": 2.926020383834839, ""1"": -1.0}",0,0,"[98, 21, 75, 55, 84, 56]","[0, 70, 85, 46]","[98, 21, 75, 55, 84, 56]","[0, 70, 85, 46]","[98, 21, 75, 55, 84, 56]",[],"[70, 85, 46]",[0],"[98, 21, 75, 55, 84, 56]","[0, 70, 85, 46]","[98, 21, 75, 55, 84, 56]",[],"[70, 85, 46]",[0],6,0,3,1
556,10,5,"[0, 18, 8, 49, 37, 50, 36, 93, 53, 62]","[18, 8, 49, 37, 50, 36, 93, 53, 62]",[0],0.7430160415379601,0.13960937223926112,2.0,0,0,"[0, 18, 8, 49, 37, 50, 36, 93, 53, 62]",[],"[0, 18, 8, 49, 37, 50, 36, 93, 53, 62]",[],"[18, 8, 49, 37, 50, 36, 93, 53, 62]",[0],[],[],2,0.5573744177818298,"{""0"": 1.6454592943191528, ""1"": -1.0}",0,0,"[0, 18, 8, 49, 37, 50, 36, 93, 53]",[62],"[0, 18, 8, 49, 37, 50, 36, 93, 53]",[62],"[18, 8, 49, 37, 50, 36, 93, 53]",[0],[62],[],"[0, 18, 8, 49, 37, 50, 36, 93, 53]",[62],"[18, 8, 49, 37, 50, 36, 93, 53]",[0],[62],[],8,1,1,0
557,10,5,"[3, 34, 60, 72, 46, 49, 22, 43, 7, 8]","[34, 60, 72, 46, 49, 22, 43, 7, 8]",[3],1.03156136760833,0.1364984600351995,2.0,0,0,"[3, 34, 60, 72, 46, 49, 22, 43, 7]",[8],"[3, 34, 60, 72, 46, 49, 22, 43, 7]",[8],"[34, 60, 72, 46, 49, 22, 43, 7]",[3],[8],[],3,0.3277532756328583,"{""0"": 1.5608012676239014, ""1"": 1.4945385456085205, ""2"": -1.0}",0,0,"[3, 34, 72, 46, 22, 43]","[60, 49, 7, 8]","[3, 34, 72, 46, 22, 43]","[60, 49, 7, 8]","[34, 72, 46, 22, 43]",[3],"[60, 49, 7, 8]",[],"[3, 34, 72, 46, 22, 43]","[60, 49, 7, 8]","[34, 72, 46, 22, 43]",[3],"[60, 49, 7, 8]",[],5,1,4,0
558,10,5,"[0, 84, 40, 32, 74, 75, 73, 20, 46, 60]","[84, 40, 32, 74, 75, 73, 20, 46, 60]",[0],0.7090826499746828,0.16426199152113596,2.0,0,0,"[0, 84, 40, 32, 74, 75, 73, 20, 46, 60]",[],"[0, 84, 40, 32, 74, 75, 73, 20, 46, 60]",[],"[84, 40, 32, 74, 75, 73, 20, 46, 60]",[0],[],[],3,0.47570210695266724,"{""0"": 1.8492546081542969, ""1"": 2.839529037475586, ""2"": 1.887394905090332}",1,0,"[0, 84, 40, 74, 20, 46]","[32, 75, 73, 60]","[0, 84, 40, 74, 20, 46]","[32, 75, 73, 60]","[84, 40, 74, 20, 46]",[0],"[32, 75, 73, 60]",[],"[0, 84, 40, 74, 20, 46]","[32, 75, 73, 60]","[84, 40, 74, 20, 46]",[0],"[32, 75, 73, 60]",[],5,1,4,0
559,10,5,"[0, 75, 22, 66, 56, 16, 2, 19, 67, 45]","[75, 22, 66, 56, 16, 19, 67, 45]","[0, 2]",0.782482170833012,0.139368692235736,2.0,0,0,"[0, 75, 22, 66, 56, 16, 2, 67]","[19, 45]","[0, 75, 22, 66, 56, 16, 2, 67]","[19, 45]","[75, 22, 66, 56, 16, 67]","[0, 2]","[19, 45]",[],2,0.38080817461013794,"{""0"": 2.2460594177246094, ""1"": 4.3009538650512695}",1,0,"[22, 66, 56, 16, 67]","[0, 75, 2, 19, 45]","[22, 66, 56, 16, 67]","[0, 75, 2, 19, 45]","[22, 66, 56, 16, 67]",[],"[75, 19, 45]","[0, 2]","[22, 66, 56, 16, 67]","[0, 75, 2, 19, 45]","[22, 66, 56, 16, 67]",[],"[75, 19, 45]","[0, 2]",5,0,3,2
560,10,5,"[2, 98, 14, 33, 31, 68, 87, 20, 42, 88]","[98, 14, 33, 31, 68, 87, 20, 42, 88]",[2],0.7548376951842246,0.04273027831905585,2.0,0,0,"[98, 14, 33, 31, 68, 20, 42]","[2, 87, 88]","[98, 14, 33, 31, 68, 20, 42]","[2, 87, 88]","[98, 14, 33, 31, 68, 20, 42]",[],"[87, 88]",[2],2,0.5195043683052063,"{""0"": 4.850092887878418, ""1"": -1.0}",0,0,"[98, 14, 33, 68, 20, 42]","[2, 31, 87, 88]","[98, 14, 33, 68, 20, 42]","[2, 31, 87, 88]","[98, 14, 33, 68, 20, 42]",[],"[31, 87, 88]",[2],"[98, 14, 33, 68, 20, 42]","[2, 31, 87, 88]","[98, 14, 33, 68, 20, 42]",[],"[31, 87, 88]",[2],6,0,3,1
561,10,5,"[2, 19, 1, 32, 24, 87, 93, 70, 98, 53]","[19, 32, 24, 87, 93, 70, 98, 53]","[2, 1]",0.7458169900335738,0.13730352592211698,2.0,0,0,"[2, 19, 1, 32, 24, 87, 93, 70, 98, 53]",[],"[2, 19, 1, 32, 24, 87, 93, 70, 98, 53]",[],"[19, 32, 24, 87, 93, 70, 98, 53]","[2, 1]",[],[],4,0.5154457688331604,"{""0"": 3.9212288856506348, ""1"": -1.0, ""2"": -1.0, ""3"": -1.0}",0,0,"[1, 24, 87, 93, 70, 98, 53]","[2, 19, 32]","[1, 24, 87, 93, 70, 98, 53]","[2, 19, 32]","[24, 87, 93, 70, 98, 53]",[1],"[19, 32]",[2],"[1, 24, 87, 93, 70, 98, 53]","[2, 19, 32]","[24, 87, 93, 70, 98, 53]",[1],"[19, 32]",[2],6,1,2,1
562,10,5,"[2, 73, 16, 69, 98, 68, 5, 45, 24, 27]","[73, 16, 69, 98, 68, 5, 45, 24, 27]",[2],0.7771589115080406,0.1504458001460947,2.0,0,0,"[2, 16, 69, 98, 68, 5, 45, 24, 27]",[73],"[2, 16, 69, 98, 68, 5, 45, 24, 27]",[73],"[16, 69, 98, 68, 5, 45, 24, 27]",[2],[73],[],2,0.5742872357368469,"{""0"": 1.4179587364196777, ""1"": -1.0}",0,0,"[2, 16, 98, 68, 5, 45, 24, 27]","[73, 69]","[2, 16, 98, 68, 5, 45, 24, 27]","[73, 69]","[16, 98, 68, 5, 45, 24, 27]",[2],"[73, 69]",[],"[2, 16, 98, 68, 5, 45, 24, 27]","[73, 69]","[16, 98, 68, 5, 45, 24, 27]",[2],"[73, 69]",[],7,1,2,0
563,10,5,"[4, 99, 6, 44, 25, 1, 56, 63, 29, 94]","[99, 6, 44, 25, 56, 63, 29, 94]","[4, 1]",0.7539768205586928,0.04746655874906819,2.0,0,0,"[4, 99, 6, 44, 1, 56, 63, 29, 94]",[25],"[4, 99, 6, 44, 1, 56, 63, 29, 94]",[25],"[99, 6, 44, 56, 63, 29, 94]","[4, 1]",[25],[],2,0.5170071125030518,"{""0"": 2.061553716659546, ""1"": 1.8972946405410767}",0,0,"[4, 6, 44, 1, 63, 29, 94]","[99, 25, 56]","[4, 6, 44, 1, 63, 29, 94]","[99, 25, 56]","[6, 44, 63, 29, 94]","[4, 1]","[99, 25, 56]",[],"[4, 6, 44, 1, 63, 29, 94]","[99, 25, 56]","[6, 44, 63, 29, 94]","[4, 1]","[99, 25, 56]",[],5,2,3,0
564,10,5,"[4, 29, 7, 30, 72, 68, 38, 2, 14, 95]","[29, 7, 30, 72, 68, 38, 14, 95]","[4, 2]",0.6593094608714656,0.08619467690114607,2.0,0,0,"[4, 29, 7, 30, 72, 68, 38, 2, 14]",[95],"[4, 29, 7, 30, 72, 68, 38, 2, 14]",[95],"[29, 7, 30, 72, 68, 38, 14]","[4, 2]",[95],[],3,0.46961483359336853,"{""0"": 1.7605313062667847, ""1"": 3.768557548522949, ""2"": 1.930274486541748}",1,0,"[4, 29, 30, 38, 14]","[7, 72, 68, 2, 95]","[4, 29, 30, 38, 14]","[7, 72, 68, 2, 95]","[29, 30, 38, 14]",[4],"[7, 72, 68, 95]",[2],"[4, 29, 30, 38, 14]","[7, 72, 68, 2, 95]","[29, 30, 38, 14]",[4],"[7, 72, 68, 95]",[2],4,1,4,1
565,10,5,"[3, 82, 61, 60, 52, 76, 19, 90, 89, 9]","[82, 61, 60, 52, 76, 19, 90, 89, 9]",[3],0.7143879148807655,0.11143067388960665,2.0,0,0,"[3, 82, 61, 52, 76, 19, 90, 89, 9]",[60],"[3, 82, 61, 52, 76, 19, 90, 89, 9]",[60],"[82, 61, 52, 76, 19, 90, 89, 9]",[3],[60],[],2,0.4507925808429718,"{""0"": 1.6896846294403076, ""1"": -1.0}",0,0,"[3, 61, 52, 76, 19, 90, 89, 9]","[82, 60]","[3, 61, 52, 76, 19, 90, 89, 9]","[82, 60]","[61, 52, 76, 19, 90, 89, 9]",[3],"[82, 60]",[],"[3, 61, 52, 76, 19, 90, 89, 9]","[82, 60]","[61, 52, 76, 19, 90, 89, 9]",[3],"[82, 60]",[],7,1,2,0
566,10,5,"[4, 83, 16, 95, 2, 43, 1, 63, 13, 75]","[83, 16, 95, 43, 63, 13, 75]","[4, 2, 1]",0.7086753365288083,0.05906533432793515,2.0,0,0,"[4, 83, 2, 43, 1, 63, 13, 75]","[16, 95]","[4, 83, 2, 43, 1, 63, 13, 75]","[16, 95]","[83, 43, 63, 13, 75]","[4, 2, 1]","[16, 95]",[],2,0.44463860988616943,"{""0"": 2.793703556060791, ""1"": -1.0}",0,0,"[4, 83, 43, 1, 63, 13, 75]","[16, 95, 2]","[4, 83, 43, 1, 63, 13, 75]","[16, 95, 2]","[83, 43, 63, 13, 75]","[4, 1]","[16, 95]",[2],"[4, 83, 43, 1, 63, 13, 75]","[16, 95, 2]","[83, 43, 63, 13, 75]","[4, 1]","[16, 95]",[2],5,2,2,1
567,10,5,"[3, 5, 78, 46, 63, 38, 98, 40, 45, 91]","[5, 78, 46, 63, 38, 98, 40, 45, 91]",[3],0.7253252664159872,0.06816612883496115,2.0,0,0,"[3, 5, 78, 63, 38, 98, 40, 91]","[46, 45]","[3, 5, 78, 63, 38, 98, 40, 91]","[46, 45]","[5, 78, 63, 38, 98, 40, 91]",[3],"[46, 45]",[],2,0.5309944152832031,"{""0"": 4.457768440246582, ""1"": 1.7037718296051025}",0,0,"[5, 78, 38, 98, 40, 91]","[3, 46, 63, 45]","[5, 78, 38, 98, 40, 91]","[3, 46, 63, 45]","[5, 78, 38, 98, 40, 91]",[],"[46, 63, 45]",[3],"[5, 78, 38, 98, 40, 91]","[3, 46, 63, 45]","[5, 78, 38, 98, 40, 91]",[],"[46, 63, 45]",[3],6,0,3,1
568,10,5,"[2, 4, 56, 76, 15, 40, 32, 66, 59, 61]","[56, 76, 15, 40, 32, 66, 59, 61]","[2, 4]",0.683336113166338,0.1120395957678218,2.0,0,0,"[2, 4, 56, 76, 15, 40, 32, 66, 59, 61]",[],"[2, 4, 56, 76, 15, 40, 32, 66, 59, 61]",[],"[56, 76, 15, 40, 32, 66, 59, 61]","[2, 4]",[],[],2,0.6074857711791992,"{""0"": 1.8116780519485474, ""1"": -1.0}",0,0,"[2, 4, 56, 76, 15, 40, 32, 66, 61]",[59],"[2, 4, 56, 76, 15, 40, 32, 66, 61]",[59],"[56, 76, 15, 40, 32, 66, 61]","[2, 4]",[59],[],"[2, 4, 56, 76, 15, 40, 32, 66, 61]",[59],"[56, 76, 15, 40, 32, 66, 61]","[2, 4]",[59],[],7,2,1,0
569,10,5,"[1, 71, 83, 40, 32, 15, 99, 89, 82, 41]","[71, 83, 40, 32, 15, 99, 89, 82, 41]",[1],0.7169005815698353,0.059406204098036264,2.0,0,0,"[1, 71, 83, 32, 15, 99, 89, 82]","[40, 41]","[1, 71, 83, 32, 15, 99, 89, 82]","[40, 41]","[71, 83, 32, 15, 99, 89, 82]",[1],"[40, 41]",[],2,0.35421913862228394,"{""0"": 0.16089242696762085, ""1"": -1.0}",0,0,"[1, 71, 83, 32, 15, 99, 89]","[40, 82, 41]","[1, 71, 83, 32, 15, 99, 89]","[40, 82, 41]","[71, 83, 32, 15, 99, 89]",[1],"[40, 82, 41]",[],"[1, 71, 83, 32, 15, 99, 89]","[40, 82, 41]","[71, 83, 32, 15, 99, 89]",[1],"[40, 82, 41]",[],6,1,3,0
570,10,5,"[2, 53, 64, 55, 78, 41, 77, 60, 80, 21]","[53, 64, 55, 78, 41, 77, 60, 80, 21]",[2],0.609365055316214,0.08527733389287495,2.0,0,0,"[53, 64, 55, 78, 41, 77, 80, 21]","[2, 60]","[53, 64, 55, 78, 41, 77, 80, 21]","[2, 60]","[53, 64, 55, 78, 41, 77, 80, 21]",[],[60],[2],2,0.5672399401664734,"{""0"": 4.645468235015869, ""1"": -1.0}",0,0,"[53, 64, 55, 78, 77, 80, 21]","[2, 41, 60]","[53, 64, 55, 78, 77, 80, 21]","[2, 41, 60]","[53, 64, 55, 78, 77, 80, 21]",[],"[41, 60]",[2],"[53, 64, 55, 78, 77, 80, 21]","[2, 41, 60]","[53, 64, 55, 78, 77, 80, 21]",[],"[41, 60]",[2],7,0,2,1
571,10,5,"[4, 49, 24, 95, 53, 30, 22, 92, 61, 28]","[49, 24, 95, 53, 30, 22, 92, 61, 28]",[4],0.8288167161190669,0.11229130941524873,2.0,0,0,"[4, 95, 53, 30, 22, 92, 61, 28]","[49, 24]","[4, 95, 53, 30, 22, 92, 61, 28]","[49, 24]","[95, 53, 30, 22, 92, 61, 28]",[4],"[49, 24]",[],3,0.6079143285751343,"{""0"": 4.259474277496338, ""1"": -1.0, ""2"": -1.0}",0,0,"[4, 53, 22, 92, 61, 28]","[49, 24, 95, 30]","[4, 53, 22, 92, 61, 28]","[49, 24, 95, 30]","[53, 22, 92, 61, 28]",[4],"[49, 24, 95, 30]",[],"[4, 53, 22, 92, 61, 28]","[49, 24, 95, 30]","[53, 22, 92, 61, 28]",[4],"[49, 24, 95, 30]",[],5,1,4,0
572,10,5,"[1, 34, 30, 63, 97, 6, 25, 87, 82, 79]","[34, 30, 63, 97, 6, 25, 87, 82, 79]",[1],0.6223267008650719,0.07417920281293267,2.0,0,0,"[1, 34, 63, 6, 25, 87, 82, 79]","[30, 97]","[1, 34, 63, 6, 25, 87, 82, 79]","[30, 97]","[34, 63, 6, 25, 87, 82, 79]",[1],"[30, 97]",[],2,0.5843449831008911,"{""0"": 3.7711055278778076, ""1"": -1.0}",0,0,"[1, 34, 63, 6, 25, 87, 79]","[30, 97, 82]","[1, 34, 63, 6, 25, 87, 79]","[30, 97, 82]","[34, 63, 6, 25, 87, 79]",[1],"[30, 97, 82]",[],"[1, 34, 63, 6, 25, 87, 79]","[30, 97, 82]","[34, 63, 6, 25, 87, 79]",[1],"[30, 97, 82]",[],6,1,3,0
573,10,5,"[0, 74, 86, 6, 42, 53, 52, 98, 88, 14]","[74, 86, 6, 42, 53, 52, 98, 88, 14]",[0],0.6071383506609086,0.15765172049914625,2.0,0,0,"[0, 74, 86, 6, 42, 53, 52, 98, 14]",[88],"[0, 74, 86, 6, 42, 53, 52, 98, 14]",[88],"[74, 86, 6, 42, 53, 52, 98, 14]",[0],[88],[],2,0.515967845916748,"{""0"": 4.199518203735352, ""1"": -1.0}",0,0,"[74, 86, 6, 42, 53, 52, 98, 14]","[0, 88]","[74, 86, 6, 42, 53, 52, 98, 14]","[0, 88]","[74, 86, 6, 42, 53, 52, 98, 14]",[],[88],[0],"[74, 86, 6, 42, 53, 52, 98, 14]","[0, 88]","[74, 86, 6, 42, 53, 52, 98, 14]",[],[88],[0],8,0,1,1
574,10,5,"[2, 9, 88, 30, 40, 25, 3, 58, 51, 67]","[9, 88, 30, 40, 25, 58, 51, 67]","[2, 3]",0.7830731716268908,0.09982848416434914,2.0,0,0,"[2, 9, 30, 40, 25, 3, 58, 51, 67]",[88],"[2, 9, 30, 40, 25, 3, 58, 51, 67]",[88],"[9, 30, 40, 25, 58, 51, 67]","[2, 3]",[88],[],2,0.4486246109008789,"{""0"": 2.964822769165039, ""1"": -1.0}",0,0,"[2, 9, 30, 40, 25, 3, 58, 67]","[88, 51]","[2, 9, 30, 40, 25, 3, 58, 67]","[88, 51]","[9, 30, 40, 25, 58, 67]","[2, 3]","[88, 51]",[],"[2, 9, 30, 40, 25, 3, 58, 67]","[88, 51]","[9, 30, 40, 25, 58, 67]","[2, 3]","[88, 51]",[],6,2,2,0
575,10,5,"[1, 20, 74, 65, 57, 50, 89, 71, 11, 83]","[20, 74, 65, 57, 50, 89, 71, 11, 83]",[1],0.8963253317718787,0.035772454289920375,2.0,0,0,"[1, 20, 65, 50, 71, 11, 83]","[74, 57, 89]","[1, 20, 65, 50, 71, 11, 83]","[74, 57, 89]","[20, 65, 50, 71, 11, 83]",[1],"[74, 57, 89]",[],2,0.29033106565475464,"{""0"": 1.401113510131836, ""1"": -1.0}",0,0,"[1, 20, 65, 50, 11, 83]","[74, 57, 89, 71]","[1, 20, 65, 50, 11, 83]","[74, 57, 89, 71]","[20, 65, 50, 11, 83]",[1],"[74, 57, 89, 71]",[],"[1, 20, 65, 50, 11, 83]","[74, 57, 89, 71]","[20, 65, 50, 11, 83]",[1],"[74, 57, 89, 71]",[],5,1,4,0
576,10,5,"[3, 5, 46, 93, 81, 12, 75, 14, 61, 0]","[5, 46, 93, 81, 12, 75, 14, 61]","[3, 0]",0.5866173344577621,0.06728364440392431,2.0,0,0,"[3, 5, 93, 81, 12, 75, 14, 61]","[46, 0]","[3, 5, 93, 81, 12, 75, 14, 61]","[46, 0]","[5, 93, 81, 12, 75, 14, 61]",[3],[46],[0],2,0.48510807752609253,"{""0"": 2.2109246253967285, ""1"": -1.0}",0,0,"[3, 5, 93, 81, 12, 14, 61]","[46, 75, 0]","[3, 5, 93, 81, 12, 14, 61]","[46, 75, 0]","[5, 93, 81, 12, 14, 61]",[3],"[46, 75]",[0],"[3, 5, 93, 81, 12, 14, 61]","[46, 75, 0]","[5, 93, 81, 12, 14, 61]",[3],"[46, 75]",[0],6,1,2,1
577,10,5,"[1, 88, 35, 24, 31, 55, 96, 57, 33, 94]","[88, 35, 24, 31, 55, 96, 57, 33, 94]",[1],0.9839414910921034,0.23100135290484297,2.0,0,0,"[1, 35, 24, 31, 55, 96, 57, 33, 94]",[88],"[1, 35, 24, 31, 55, 96, 57, 33, 94]",[88],"[35, 24, 31, 55, 96, 57, 33, 94]",[1],[88],[],2,0.5248448252677917,"{""0"": 5.968820571899414, ""1"": 0.7772080898284912}",0,0,"[1, 24, 55, 96, 57, 33, 94]","[88, 35, 31]","[1, 24, 55, 96, 57, 33, 94]","[88, 35, 31]","[24, 55, 96, 57, 33, 94]",[1],"[88, 35, 31]",[],"[1, 24, 55, 96, 57, 33, 94]","[88, 35, 31]","[24, 55, 96, 57, 33, 94]",[1],"[88, 35, 31]",[],6,1,3,0
578,10,5,"[1, 60, 32, 69, 6, 9, 28, 10, 68, 34]","[60, 32, 69, 6, 9, 28, 10, 68, 34]",[1],0.6386990762068627,0.17180899287363977,2.0,0,0,"[1, 60, 69, 6, 9, 28, 10, 68, 34]",[32],"[1, 60, 69, 6, 9, 28, 10, 68, 34]",[32],"[60, 69, 6, 9, 28, 10, 68, 34]",[1],[32],[],2,0.4010556936264038,"{""0"": 0.2919929027557373, ""1"": -1.0}",0,0,"[1, 60, 69, 6, 9, 28, 68, 34]","[32, 10]","[1, 60, 69, 6, 9, 28, 68, 34]","[32, 10]","[60, 69, 6, 9, 28, 68, 34]",[1],"[32, 10]",[],"[1, 60, 69, 6, 9, 28, 68, 34]","[32, 10]","[60, 69, 6, 9, 28, 68, 34]",[1],"[32, 10]",[],7,1,2,0
579,10,5,"[1, 37, 10, 25, 45, 87, 62, 92, 16, 56]","[37, 10, 25, 45, 87, 62, 92, 16, 56]",[1],0.7289225338927892,0.0650123439846354,2.0,0,0,"[1, 37, 10, 25, 45, 87, 62, 92, 16, 56]",[],"[1, 37, 10, 25, 45, 87, 62, 92, 16, 56]",[],"[37, 10, 25, 45, 87, 62, 92, 16, 56]",[1],[],[],2,0.6036911010742188,"{""0"": 1.887228012084961, ""1"": -1.0}",0,0,"[1, 37, 25, 45, 87, 62, 92, 16, 56]",[10],"[1, 37, 25, 45, 87, 62, 92, 16, 56]",[10],"[37, 25, 45, 87, 62, 92, 16, 56]",[1],[10],[],"[1, 37, 25, 45, 87, 62, 92, 16, 56]",[10],"[37, 25, 45, 87, 62, 92, 16, 56]",[1],[10],[],8,1,1,0
580,10,5,"[4, 19, 53, 16, 9, 14, 95, 37, 60, 49]","[19, 53, 16, 9, 14, 95, 37, 60, 49]",[4],0.6459355047466017,0.0528701878807003,2.0,0,0,"[4, 19, 53, 9, 14, 37, 60, 49]","[16, 95]","[4, 19, 53, 9, 14, 37, 60, 49]","[16, 95]","[19, 53, 9, 14, 37, 60, 49]",[4],"[16, 95]",[],2,0.42757856845855713,"{""0"": 2.4863219261169434, ""1"": -1.0}",0,0,"[4, 19, 53, 14, 37, 60, 49]","[16, 9, 95]","[4, 19, 53, 14, 37, 60, 49]","[16, 9, 95]","[19, 53, 14, 37, 60, 49]",[4],"[16, 9, 95]",[],"[4, 19, 53, 14, 37, 60, 49]","[16, 9, 95]","[19, 53, 14, 37, 60, 49]",[4],"[16, 9, 95]",[],6,1,3,0
581,10,5,"[1, 4, 57, 27, 33, 60, 69, 62, 97, 30]","[57, 27, 33, 60, 69, 62, 97, 30]","[1, 4]",0.7518296894666994,0.14154952030544898,2.0,0,0,"[1, 4, 57, 27, 33, 60, 69, 62, 97, 30]",[],"[1, 4, 57, 27, 33, 60, 69, 62, 97, 30]",[],"[57, 27, 33, 60, 69, 62, 97, 30]","[1, 4]",[],[],3,0.4240179657936096,"{""0"": 1.5658897161483765, ""1"": 2.610511302947998, ""2"": -1.0}",1,0,"[1, 4, 57, 27, 33, 60, 62]","[69, 97, 30]","[1, 4, 57, 27, 33, 60, 62]","[69, 97, 30]","[57, 27, 33, 60, 62]","[1, 4]","[69, 97, 30]",[],"[1, 4, 57, 27, 33, 60, 62]","[69, 97, 30]","[57, 27, 33, 60, 62]","[1, 4]","[69, 97, 30]",[],5,2,3,0
582,10,5,"[2, 40, 16, 36, 42, 45, 54, 58, 25, 9]","[40, 16, 36, 42, 45, 54, 58, 25, 9]",[2],0.7860341486435996,0.08477879856427789,2.0,0,0,"[2, 40, 36, 42, 45, 58, 25, 9]","[16, 54]","[2, 40, 36, 42, 45, 58, 25, 9]","[16, 54]","[40, 36, 42, 45, 58, 25, 9]",[2],"[16, 54]",[],2,0.42386114597320557,"{""0"": 1.0546399354934692, ""1"": -1.0}",0,0,"[2, 40, 36, 45, 58, 25, 9]","[16, 42, 54]","[2, 40, 36, 45, 58, 25, 9]","[16, 42, 54]","[40, 36, 45, 58, 25, 9]",[2],"[16, 42, 54]",[],"[2, 40, 36, 45, 58, 25, 9]","[16, 42, 54]","[40, 36, 45, 58, 25, 9]",[2],"[16, 42, 54]",[],6,1,3,0
583,10,5,"[0, 51, 66, 69, 42, 76, 23, 52, 30, 61]","[51, 66, 69, 42, 76, 23, 52, 30, 61]",[0],0.867243017298845,0.06699355862952805,2.0,0,0,"[66, 69, 42, 76, 23, 52, 30, 61]","[0, 51]","[66, 69, 42, 76, 23, 52, 30, 61]","[0, 51]","[66, 69, 42, 76, 23, 52, 30, 61]",[],[51],[0],4,0.293870747089386,"{""0"": 1.1202486753463745, ""1"": 1.497286319732666, ""2"": 1.8777027130126953, ""3"": 1.786595106124878}",2,0,"[42, 76]","[0, 51, 66, 69, 23, 52, 30, 61]","[42, 76]","[0, 51, 66, 69, 23, 52, 30, 61]","[42, 76]",[],"[51, 66, 69, 23, 52, 30, 61]",[0],"[42, 76]","[0, 51, 66, 69, 23, 52, 30, 61]","[42, 76]",[],"[51, 66, 69, 23, 52, 30, 61]",[0],2,0,7,1
584,10,5,"[0, 2, 70, 83, 67, 78, 35, 29, 71, 25]","[70, 83, 67, 78, 35, 29, 71, 25]","[0, 2]",0.8376981666558251,0.09545209394032994,2.0,0,0,"[0, 2, 70, 83, 67, 78, 35, 29, 71, 25]",[],"[0, 2, 70, 83, 67, 78, 35, 29, 71, 25]",[],"[70, 83, 67, 78, 35, 29, 71, 25]","[0, 2]",[],[],2,0.3531796336174011,"{""0"": 1.0701179504394531, ""1"": 1.9291088581085205}",1,0,"[83, 25]","[0, 2, 70, 67, 78, 35, 29, 71]","[83, 25]","[0, 2, 70, 67, 78, 35, 29, 71]","[83, 25]",[],"[70, 67, 78, 35, 29, 71]","[0, 2]","[83, 25]","[0, 2, 70, 67, 78, 35, 29, 71]","[83, 25]",[],"[70, 67, 78, 35, 29, 71]","[0, 2]",2,0,6,2
585,10,5,"[0, 16, 39, 71, 86, 47, 61, 65, 95, 14]","[16, 39, 71, 86, 47, 61, 65, 95, 14]",[0],0.7558238858973029,0.13527838112876167,2.0,0,0,"[0, 16, 39, 71, 86, 47, 61, 65, 95, 14]",[],"[0, 16, 39, 71, 86, 47, 61, 65, 95, 14]",[],"[16, 39, 71, 86, 47, 61, 65, 95, 14]",[0],[],[],4,0.3762572705745697,"{""0"": 2.7495367527008057, ""1"": 1.8251001834869385, ""2"": -1.0, ""3"": -1.0}",0,0,"[16, 39, 61, 65, 95, 14]","[0, 71, 86, 47]","[16, 39, 61, 65, 95, 14]","[0, 71, 86, 47]","[16, 39, 61, 65, 95, 14]",[],"[71, 86, 47]",[0],"[16, 39, 61, 65, 95, 14]","[0, 71, 86, 47]","[16, 39, 61, 65, 95, 14]",[],"[71, 86, 47]",[0],6,0,3,1
586,10,5,"[3, 48, 56, 1, 67, 68, 7, 87, 34, 9]","[48, 56, 67, 68, 7, 87, 34, 9]","[3, 1]",0.9311068753566144,0.17055611602366127,2.0,0,0,"[3, 48, 56, 1, 67, 68, 7, 87, 34, 9]",[],"[3, 48, 56, 1, 67, 68, 7, 87, 34, 9]",[],"[48, 56, 67, 68, 7, 87, 34, 9]","[3, 1]",[],[],2,0.7138713598251343,"{""0"": 3.143606424331665, ""1"": -1.0}",0,0,"[3, 56, 1, 67, 68, 7, 87, 34, 9]",[48],"[3, 56, 1, 67, 68, 7, 87, 34, 9]",[48],"[56, 67, 68, 7, 87, 34, 9]","[3, 1]",[48],[],"[3, 56, 1, 67, 68, 7, 87, 34, 9]",[48],"[56, 67, 68, 7, 87, 34, 9]","[3, 1]",[48],[],7,2,1,0
587,10,5,"[4, 88, 80, 5, 97, 86, 17, 37, 52, 92]","[88, 80, 5, 97, 86, 17, 37, 52, 92]",[4],0.9272683388176143,0.1782978903959826,2.0,0,0,"[4, 80, 5, 97, 86, 17, 37, 52, 92]",[88],"[4, 80, 5, 97, 86, 17, 37, 52, 92]",[88],"[80, 5, 97, 86, 17, 37, 52, 92]",[4],[88],[],2,0.6041877269744873,"{""0"": 2.931514024734497, ""1"": -1.0}",0,0,"[4, 80, 5, 86, 17, 37, 52, 92]","[88, 97]","[4, 80, 5, 86, 17, 37, 52, 92]","[88, 97]","[80, 5, 86, 17, 37, 52, 92]",[4],"[88, 97]",[],"[4, 80, 5, 86, 17, 37, 52, 92]","[88, 97]","[80, 5, 86, 17, 37, 52, 92]",[4],"[88, 97]",[],7,1,2,0
588,10,5,"[1, 72, 68, 22, 56, 9, 60, 27, 34, 89]","[72, 68, 22, 56, 9, 60, 27, 34, 89]",[1],0.8240481022580695,0.08788823503268928,2.0,0,0,"[1, 72, 68, 22, 56, 9, 60, 27, 34, 89]",[],"[1, 72, 68, 22, 56, 9, 60, 27, 34, 89]",[],"[72, 68, 22, 56, 9, 60, 27, 34, 89]",[1],[],[],2,0.4997994005680084,"{""0"": 0.7685160636901855, ""1"": -1.0}",0,0,"[1, 72, 68, 22, 56, 60, 27, 34, 89]",[9],"[1, 72, 68, 22, 56, 60, 27, 34, 89]",[9],"[72, 68, 22, 56, 60, 27, 34, 89]",[1],[9],[],"[1, 72, 68, 22, 56, 60, 27, 34, 89]",[9],"[72, 68, 22, 56, 60, 27, 34, 89]",[1],[9],[],8,1,1,0
589,10,5,"[3, 5, 70, 59, 28, 98, 56, 26, 11, 34]","[5, 70, 59, 28, 98, 56, 26, 11, 34]",[3],0.6219075143983264,0.06549545990551098,2.0,0,0,"[3, 5, 70, 28, 56, 26, 11, 34]","[59, 98]","[3, 5, 70, 28, 56, 26, 11, 34]","[59, 98]","[5, 70, 28, 56, 26, 11, 34]",[3],"[59, 98]",[],3,0.47462916374206543,"{""0"": 3.111501932144165, ""1"": 1.9641165733337402, ""2"": -1.0}",0,0,"[3, 5, 56, 11, 34]","[70, 59, 28, 98, 26]","[3, 5, 56, 11, 34]","[70, 59, 28, 98, 26]","[5, 56, 11, 34]",[3],"[70, 59, 28, 98, 26]",[],"[3, 5, 56, 11, 34]","[70, 59, 28, 98, 26]","[5, 56, 11, 34]",[3],"[70, 59, 28, 98, 26]",[],4,1,5,0
590,10,5,"[4, 25, 89, 12, 67, 11, 58, 18, 98, 20]","[25, 89, 12, 67, 11, 58, 18, 98, 20]",[4],0.6509252951072095,0.1317859854794505,2.0,0,0,"[4, 25, 89, 12, 67, 11, 58, 18, 98, 20]",[],"[4, 25, 89, 12, 67, 11, 58, 18, 98, 20]",[],"[25, 89, 12, 67, 11, 58, 18, 98, 20]",[4],[],[],2,0.44946154952049255,"{""0"": 1.3366425037384033, ""1"": -1.0}",0,0,"[4, 89, 12, 67, 11, 58, 18, 98, 20]",[25],"[4, 89, 12, 67, 11, 58, 18, 98, 20]",[25],"[89, 12, 67, 11, 58, 18, 98, 20]",[4],[25],[],"[4, 89, 12, 67, 11, 58, 18, 98, 20]",[25],"[89, 12, 67, 11, 58, 18, 98, 20]",[4],[25],[],8,1,1,0
591,10,5,"[4, 95, 26, 67, 96, 0, 40, 44, 84, 30]","[95, 26, 67, 96, 40, 44, 84, 30]","[4, 0]",0.8636600928099611,0.21768206242608285,2.0,0,0,"[4, 95, 26, 67, 96, 0, 40, 44, 84, 30]",[],"[4, 95, 26, 67, 96, 0, 40, 44, 84, 30]",[],"[95, 26, 67, 96, 40, 44, 84, 30]","[4, 0]",[],[],2,0.5065279006958008,"{""0"": 3.4093785285949707, ""1"": 2.48667049407959}",0,0,"[4, 95, 26, 67, 96, 40, 84]","[0, 44, 30]","[4, 95, 26, 67, 96, 40, 84]","[0, 44, 30]","[95, 26, 67, 96, 40, 84]",[4],"[44, 30]",[0],"[4, 95, 26, 67, 96, 40, 84]","[0, 44, 30]","[95, 26, 67, 96, 40, 84]",[4],"[44, 30]",[0],6,1,2,1
592,10,5,"[0, 83, 68, 95, 30, 36, 73, 15, 84, 11]","[83, 68, 95, 30, 36, 73, 15, 84, 11]",[0],0.7615721190421871,0.07047117259731228,2.0,0,0,"[0, 83, 68, 95, 30, 36, 15, 84, 11]",[73],"[0, 83, 68, 95, 30, 36, 15, 84, 11]",[73],"[83, 68, 95, 30, 36, 15, 84, 11]",[0],[73],[],2,0.5014786124229431,"{""0"": 3.820298194885254, ""1"": 1.9481761455535889}",0,0,"[83, 68, 95, 30, 15, 84, 11]","[0, 36, 73]","[83, 68, 95, 30, 15, 84, 11]","[0, 36, 73]","[83, 68, 95, 30, 15, 84, 11]",[],"[36, 73]",[0],"[83, 68, 95, 30, 15, 84, 11]","[0, 36, 73]","[83, 68, 95, 30, 15, 84, 11]",[],"[36, 73]",[0],7,0,2,1
593,10,5,"[3, 37, 63, 53, 33, 75, 24, 93, 62, 26]","[37, 63, 53, 33, 75, 24, 93, 62, 26]",[3],0.774430818722889,0.17557282318476186,2.0,0,0,"[3, 37, 63, 53, 33, 75, 24, 93, 62, 26]",[],"[3, 37, 63, 53, 33, 75, 24, 93, 62, 26]",[],"[37, 63, 53, 33, 75, 24, 93, 62, 26]",[3],[],[],2,0.6416024565696716,"{""0"": 2.432668924331665, ""1"": -1.0}",0,0,"[3, 37, 63, 53, 33, 75, 24, 93, 62]",[26],"[3, 37, 63, 53, 33, 75, 24, 93, 62]",[26],"[37, 63, 53, 33, 75, 24, 93, 62]",[3],[26],[],"[3, 37, 63, 53, 33, 75, 24, 93, 62]",[26],"[37, 63, 53, 33, 75, 24, 93, 62]",[3],[26],[],8,1,1,0
594,10,5,"[4, 89, 53, 72, 13, 27, 30, 94, 61, 84]","[89, 53, 72, 13, 27, 30, 94, 61, 84]",[4],0.635485658853177,0.052111869057556826,2.0,0,0,"[4, 53, 72, 13, 27, 30, 94, 61, 84]",[89],"[4, 53, 72, 13, 27, 30, 94, 61, 84]",[89],"[53, 72, 13, 27, 30, 94, 61, 84]",[4],[89],[],2,0.6250452399253845,"{""0"": 3.488682985305786, ""1"": -1.0}",0,0,"[4, 53, 13, 27, 30, 94, 61, 84]","[89, 72]","[4, 53, 13, 27, 30, 94, 61, 84]","[89, 72]","[53, 13, 27, 30, 94, 61, 84]",[4],"[89, 72]",[],"[4, 53, 13, 27, 30, 94, 61, 84]","[89, 72]","[53, 13, 27, 30, 94, 61, 84]",[4],"[89, 72]",[],7,1,2,0
595,10,5,"[1, 90, 21, 82, 63, 72, 14, 10, 47, 45]","[90, 21, 82, 63, 72, 14, 10, 47, 45]",[1],0.6424330628691264,0.14886519825062688,2.0,0,0,"[1, 90, 21, 82, 63, 72, 14, 10, 47, 45]",[],"[1, 90, 21, 82, 63, 72, 14, 10, 47, 45]",[],"[90, 21, 82, 63, 72, 14, 10, 47, 45]",[1],[],[],2,0.6210516095161438,"{""0"": 2.8870737552642822, ""1"": -1.0}",0,0,"[1, 90, 21, 63, 72, 14, 10, 47, 45]",[82],"[1, 90, 21, 63, 72, 14, 10, 47, 45]",[82],"[90, 21, 63, 72, 14, 10, 47, 45]",[1],[82],[],"[1, 90, 21, 63, 72, 14, 10, 47, 45]",[82],"[90, 21, 63, 72, 14, 10, 47, 45]",[1],[82],[],8,1,1,0
596,10,5,"[1, 85, 75, 24, 47, 89, 65, 69, 32, 5]","[85, 75, 24, 47, 89, 65, 69, 32, 5]",[1],0.7684445256380876,0.10250978912794728,2.0,0,0,"[1, 85, 75, 24, 47, 89, 65, 69, 32, 5]",[],"[1, 85, 75, 24, 47, 89, 65, 69, 32, 5]",[],"[85, 75, 24, 47, 89, 65, 69, 32, 5]",[1],[],[],2,0.49209365248680115,"{""0"": 2.237990379333496, ""1"": 1.4562060832977295}",0,0,"[1, 85, 75, 47, 65, 69, 32, 5]","[24, 89]","[1, 85, 75, 47, 65, 69, 32, 5]","[24, 89]","[85, 75, 47, 65, 69, 32, 5]",[1],"[24, 89]",[],"[1, 85, 75, 47, 65, 69, 32, 5]","[24, 89]","[85, 75, 47, 65, 69, 32, 5]",[1],"[24, 89]",[],7,1,2,0
597,10,5,"[1, 12, 26, 51, 63, 9, 53, 7, 84, 31]","[12, 26, 51, 63, 9, 53, 7, 84, 31]",[1],0.7868555116769256,0.14579430714818842,2.0,0,0,"[1, 12, 26, 51, 63, 9, 53, 7, 84]",[31],"[1, 12, 26, 51, 63, 9, 53, 7, 84]",[31],"[12, 26, 51, 63, 9, 53, 7, 84]",[1],[31],[],3,0.37841498851776123,"{""0"": 2.701889991760254, ""1"": 3.2190122604370117, ""2"": -1.0}",1,0,"[63, 53, 7, 84]","[1, 12, 26, 51, 9, 31]","[63, 53, 7, 84]","[1, 12, 26, 51, 9, 31]","[63, 53, 7, 84]",[],"[12, 26, 51, 9, 31]",[1],"[63, 53, 7, 84]","[1, 12, 26, 51, 9, 31]","[63, 53, 7, 84]",[],"[12, 26, 51, 9, 31]",[1],4,0,5,1
598,10,5,"[1, 65, 40, 10, 93, 61, 98, 67, 59, 52]","[65, 40, 10, 93, 61, 98, 67, 59, 52]",[1],0.7311304110249925,0.08237067251447733,2.0,0,0,"[1, 65, 40, 10, 93, 61, 98, 67, 59, 52]",[],"[1, 65, 40, 10, 93, 61, 98, 67, 59, 52]",[],"[65, 40, 10, 93, 61, 98, 67, 59, 52]",[1],[],[],3,0.40157294273376465,"{""0"": 2.343059778213501, ""1"": 1.7864651679992676, ""2"": -1.0}",0,0,"[1, 40, 93, 61, 98, 67, 59]","[65, 10, 52]","[1, 40, 93, 61, 98, 67, 59]","[65, 10, 52]","[40, 93, 61, 98, 67, 59]",[1],"[65, 10, 52]",[],"[1, 40, 93, 61, 98, 67, 59]","[65, 10, 52]","[40, 93, 61, 98, 67, 59]",[1],"[65, 10, 52]",[],6,1,3,0
599,10,5,"[0, 20, 66, 64, 40, 77, 2, 61, 21, 53]","[20, 66, 64, 40, 77, 61, 21, 53]","[0, 2]",0.6846688485629684,0.09495004936313162,2.0,0,0,"[20, 66, 64, 40, 77, 61, 21, 53]","[0, 2]","[20, 66, 64, 40, 77, 61, 21, 53]","[0, 2]","[20, 66, 64, 40, 77, 61, 21, 53]",[],[],"[0, 2]",3,0.25268083810806274,"{""0"": 1.5877211093902588, ""1"": 2.981260061264038, ""2"": -1.0}",1,0,"[40, 77, 21, 53]","[0, 20, 66, 64, 2, 61]","[40, 77, 21, 53]","[0, 20, 66, 64, 2, 61]","[40, 77, 21, 53]",[],"[20, 66, 64, 61]","[0, 2]","[40, 77, 21, 53]","[0, 20, 66, 64, 2, 61]","[40, 77, 21, 53]",[],"[20, 66, 64, 61]","[0, 2]",4,0,4,2
600,10,5,"[2, 68, 66, 10, 0, 44, 89, 4, 32, 76]","[68, 66, 10, 44, 89, 32, 76]","[2, 0, 4]",0.8011012384813149,0.062173260741591296,2.0,0,0,"[2, 66, 10, 0, 44, 89, 4, 32]","[68, 76]","[2, 66, 10, 0, 44, 89, 4, 32]","[68, 76]","[66, 10, 44, 89, 32]","[2, 0, 4]","[68, 76]",[],2,0.4575713276863098,"{""0"": 1.3626599311828613, ""1"": 1.948897123336792}",1,0,"[0, 44]","[2, 68, 66, 10, 89, 4, 32, 76]","[0, 44]","[2, 68, 66, 10, 89, 4, 32, 76]",[44],[0],"[68, 66, 10, 89, 32, 76]","[2, 4]","[0, 44]","[2, 68, 66, 10, 89, 4, 32, 76]",[44],[0],"[68, 66, 10, 89, 32, 76]","[2, 4]",1,1,6,2
601,10,5,"[0, 54, 62, 69, 10, 23, 68, 66, 86, 32]","[54, 62, 69, 10, 23, 68, 66, 86, 32]",[0],1.0156510350717474,0.08377987994093006,2.0,0,0,"[62, 69, 10, 23, 68, 66, 86, 32]","[0, 54]","[62, 69, 10, 23, 68, 66, 86, 32]","[0, 54]","[62, 69, 10, 23, 68, 66, 86, 32]",[],[54],[0],2,0.6808303594589233,"{""0"": 5.04831600189209, ""1"": -1.0}",0,0,"[62, 69, 10, 23, 68, 66, 86]","[0, 54, 32]","[62, 69, 10, 23, 68, 66, 86]","[0, 54, 32]","[62, 69, 10, 23, 68, 66, 86]",[],"[54, 32]",[0],"[62, 69, 10, 23, 68, 66, 86]","[0, 54, 32]","[62, 69, 10, 23, 68, 66, 86]",[],"[54, 32]",[0],7,0,2,1
602,10,5,"[3, 79, 82, 29, 78, 83, 70, 43, 73, 97]","[79, 82, 29, 78, 83, 70, 43, 73, 97]",[3],1.0095341586952076,0.14673248478006345,2.0,0,0,"[3, 79, 82, 29, 78, 83, 70, 43, 73, 97]",[],"[3, 79, 82, 29, 78, 83, 70, 43, 73, 97]",[],"[79, 82, 29, 78, 83, 70, 43, 73, 97]",[3],[],[],4,0.49647870659828186,"{""0"": 2.8030660152435303, ""1"": 1.8754973411560059, ""2"": 3.648315668106079, ""3"": -1.0}",2,0,"[3, 79, 70, 43]","[82, 29, 78, 83, 73, 97]","[3, 79, 70, 43]","[82, 29, 78, 83, 73, 97]","[79, 70, 43]",[3],"[82, 29, 78, 83, 73, 97]",[],"[3, 79, 70, 43]","[82, 29, 78, 83, 73, 97]","[79, 70, 43]",[3],"[82, 29, 78, 83, 73, 97]",[],3,1,6,0
603,10,5,"[0, 72, 20, 24, 58, 83, 67, 13, 36, 55]","[72, 20, 24, 58, 83, 67, 13, 36, 55]",[0],1.0033311307203938,0.11988866322674119,2.0,0,0,"[0, 72, 58, 83, 67, 13, 36, 55]","[20, 24]","[0, 72, 58, 83, 67, 13, 36, 55]","[20, 24]","[72, 58, 83, 67, 13, 36, 55]",[0],"[20, 24]",[],2,0.36818400025367737,"{""0"": 1.0216362476348877, ""1"": 1.8591804504394531}",1,0,"[72, 58]","[0, 20, 24, 83, 67, 13, 36, 55]","[72, 58]","[0, 20, 24, 83, 67, 13, 36, 55]","[72, 58]",[],"[20, 24, 83, 67, 13, 36, 55]",[0],"[72, 58]","[0, 20, 24, 83, 67, 13, 36, 55]","[72, 58]",[],"[20, 24, 83, 67, 13, 36, 55]",[0],2,0,7,1
604,10,5,"[4, 45, 32, 76, 41, 54, 67, 94, 20, 23]","[45, 32, 76, 41, 54, 67, 94, 20, 23]",[4],0.824554301518192,0.11803377705665646,2.0,0,0,"[4, 45, 32, 76, 41, 67, 94, 20, 23]",[54],"[4, 45, 32, 76, 41, 67, 94, 20, 23]",[54],"[45, 32, 76, 41, 67, 94, 20, 23]",[4],[54],[],2,0.3341779112815857,"{""0"": 2.08518123626709, ""1"": 3.4728317260742188}",1,0,"[45, 32, 94, 20, 23]","[4, 76, 41, 54, 67]","[45, 32, 94, 20, 23]","[4, 76, 41, 54, 67]","[45, 32, 94, 20, 23]",[],"[76, 41, 54, 67]",[4],"[45, 32, 94, 20, 23]","[4, 76, 41, 54, 67]","[45, 32, 94, 20, 23]",[],"[76, 41, 54, 67]",[4],5,0,4,1
605,10,5,"[0, 57, 22, 81, 39, 66, 54, 13, 87, 11]","[57, 22, 81, 39, 66, 54, 13, 87, 11]",[0],1.038667211002644,0.1773828116879822,2.0,0,0,"[0, 57, 22, 81, 39, 66, 13, 87, 11]",[54],"[0, 57, 22, 81, 39, 66, 13, 87, 11]",[54],"[57, 22, 81, 39, 66, 13, 87, 11]",[0],[54],[],3,0.3216511309146881,"{""0"": 0.5804599523544312, ""1"": 1.940459966659546, ""2"": 3.0625481605529785}",2,0,"[0, 57, 22, 87]","[81, 39, 66, 54, 13, 11]","[0, 57, 22, 87]","[81, 39, 66, 54, 13, 11]","[57, 22, 87]",[0],"[81, 39, 66, 54, 13, 11]",[],"[0, 57, 22, 87]","[81, 39, 66, 54, 13, 11]","[57, 22, 87]",[0],"[81, 39, 66, 54, 13, 11]",[],3,1,6,0
606,10,5,"[2, 56, 87, 97, 21, 30, 7, 89, 50, 64]","[56, 87, 97, 21, 30, 7, 89, 50, 64]",[2],0.801239732703506,0.12197933936746141,2.0,0,0,"[2, 56, 87, 21, 30, 7, 89, 50, 64]",[97],"[2, 56, 87, 21, 30, 7, 89, 50, 64]",[97],"[56, 87, 21, 30, 7, 89, 50, 64]",[2],[97],[],2,0.38882434368133545,"{""0"": 2.720977306365967, ""1"": -1.0}",0,0,"[2, 56, 87, 21, 7, 89, 50, 64]","[97, 30]","[2, 56, 87, 21, 7, 89, 50, 64]","[97, 30]","[56, 87, 21, 7, 89, 50, 64]",[2],"[97, 30]",[],"[2, 56, 87, 21, 7, 89, 50, 64]","[97, 30]","[56, 87, 21, 7, 89, 50, 64]",[2],"[97, 30]",[],7,1,2,0
607,10,5,"[4, 3, 9, 87, 74, 36, 50, 63, 5, 11]","[9, 87, 74, 36, 50, 63, 5, 11]","[4, 3]",0.6053079299002075,0.05686643269842295,2.0,0,0,"[3, 9, 87, 74, 36, 50, 63, 5, 11]",[4],"[3, 9, 87, 74, 36, 50, 63, 5, 11]",[4],"[9, 87, 74, 36, 50, 63, 5, 11]",[3],[],[4],3,0.3577632009983063,"{""0"": 2.0784764289855957, ""1"": 4.256319522857666, ""2"": -1.0}",1,0,"[3, 87, 74, 50, 5]","[4, 9, 36, 63, 11]","[3, 87, 74, 50, 5]","[4, 9, 36, 63, 11]","[87, 74, 50, 5]",[3],"[9, 36, 63, 11]",[4],"[3, 87, 74, 50, 5]","[4, 9, 36, 63, 11]","[87, 74, 50, 5]",[3],"[9, 36, 63, 11]",[4],4,1,4,1
608,10,5,"[2, 91, 10, 20, 72, 0, 33, 38, 57, 14]","[91, 10, 20, 72, 33, 38, 57, 14]","[2, 0]",0.6588205468426318,0.11136441322774804,2.0,0,0,"[2, 91, 20, 72, 0, 33, 38, 57, 14]",[10],"[2, 91, 20, 72, 0, 33, 38, 57, 14]",[10],"[91, 20, 72, 33, 38, 57, 14]","[2, 0]",[10],[],2,0.5911948680877686,"{""0"": 2.7807064056396484, ""1"": -1.0}",0,0,"[91, 20, 72, 0, 33, 38, 57, 14]","[2, 10]","[91, 20, 72, 0, 33, 38, 57, 14]","[2, 10]","[91, 20, 72, 33, 38, 57, 14]",[0],[10],[2],"[91, 20, 72, 0, 33, 38, 57, 14]","[2, 10]","[91, 20, 72, 33, 38, 57, 14]",[0],[10],[2],7,1,1,1
609,10,5,"[1, 5, 72, 26, 97, 54, 17, 37, 71, 58]","[5, 72, 26, 97, 54, 17, 37, 71, 58]",[1],0.8012351656116241,0.11811895500501901,2.0,0,0,"[1, 5, 72, 26, 17, 37, 71, 58]","[97, 54]","[1, 5, 72, 26, 17, 37, 71, 58]","[97, 54]","[5, 72, 26, 17, 37, 71, 58]",[1],"[97, 54]",[],2,0.4444567561149597,"{""0"": 3.47568678855896, ""1"": -1.0}",0,0,"[1, 5, 72, 17, 37, 71, 58]","[26, 97, 54]","[1, 5, 72, 17, 37, 71, 58]","[26, 97, 54]","[5, 72, 17, 37, 71, 58]",[1],"[26, 97, 54]",[],"[1, 5, 72, 17, 37, 71, 58]","[26, 97, 54]","[5, 72, 17, 37, 71, 58]",[1],"[26, 97, 54]",[],6,1,3,0
610,10,5,"[2, 65, 43, 52, 24, 28, 58, 70, 83, 72]","[65, 43, 52, 24, 28, 58, 70, 83, 72]",[2],0.6860607632769158,0.07510638264490843,2.0,0,0,"[2, 65, 43, 52, 24, 28, 58, 70, 83, 72]",[],"[2, 65, 43, 52, 24, 28, 58, 70, 83, 72]",[],"[65, 43, 52, 24, 28, 58, 70, 83, 72]",[2],[],[],4,0.3947069048881531,"{""0"": 2.589313507080078, ""1"": 2.422354221343994, ""2"": 1.991590976715088, ""3"": -1.0}",0,0,"[43, 52, 28, 70]","[2, 65, 24, 58, 83, 72]","[43, 52, 28, 70]","[2, 65, 24, 58, 83, 72]","[43, 52, 28, 70]",[],"[65, 24, 58, 83, 72]",[2],"[43, 52, 28, 70]","[2, 65, 24, 58, 83, 72]","[43, 52, 28, 70]",[],"[65, 24, 58, 83, 72]",[2],4,0,5,1
611,10,5,"[3, 90, 9, 62, 29, 17, 58, 59, 53, 4]","[90, 9, 62, 29, 17, 58, 59, 53]","[3, 4]",0.9014454382060015,0.22172447200241302,2.0,0,0,"[3, 90, 9, 62, 29, 17, 58, 59, 53, 4]",[],"[3, 90, 9, 62, 29, 17, 58, 59, 53, 4]",[],"[90, 9, 62, 29, 17, 58, 59, 53]","[3, 4]",[],[],2,0.5513894557952881,"{""0"": 1.5293217897415161, ""1"": -1.0}",0,0,"[3, 90, 9, 62, 29, 17, 58, 53, 4]",[59],"[3, 90, 9, 62, 29, 17, 58, 53, 4]",[59],"[90, 9, 62, 29, 17, 58, 53]","[3, 4]",[59],[],"[3, 90, 9, 62, 29, 17, 58, 53, 4]",[59],"[90, 9, 62, 29, 17, 58, 53]","[3, 4]",[59],[],7,2,1,0
612,10,5,"[3, 98, 25, 79, 84, 88, 43, 82, 9, 91]","[98, 25, 79, 84, 88, 43, 82, 9, 91]",[3],0.873344486441125,0.23020178757266957,2.0,0,0,"[3, 98, 25, 79, 84, 43, 82, 9, 91]",[88],"[3, 98, 25, 79, 84, 43, 82, 9, 91]",[88],"[98, 25, 79, 84, 43, 82, 9, 91]",[3],[88],[],3,0.5616056323051453,"{""0"": 1.9090064764022827, ""1"": 5.349308490753174, ""2"": -1.0}",1,0,"[3, 98, 79, 84, 43, 91]","[25, 88, 82, 9]","[3, 98, 79, 84, 43, 91]","[25, 88, 82, 9]","[98, 79, 84, 43, 91]",[3],"[25, 88, 82, 9]",[],"[3, 98, 79, 84, 43, 91]","[25, 88, 82, 9]","[98, 79, 84, 43, 91]",[3],"[25, 88, 82, 9]",[],5,1,4,0
613,10,5,"[1, 53, 72, 73, 75, 7, 55, 47, 99, 61]","[53, 72, 73, 75, 7, 55, 47, 99, 61]",[1],0.6774699087117155,0.08782402654413474,2.0,0,0,"[1, 53, 72, 75, 7, 55, 99, 61]","[73, 47]","[1, 53, 72, 75, 7, 55, 99, 61]","[73, 47]","[53, 72, 75, 7, 55, 99, 61]",[1],"[73, 47]",[],4,0.24231505393981934,"{""0"": 1.8804128170013428, ""1"": 1.925357699394226, ""2"": -1.0, ""3"": 1.859886884689331}",1,0,"[7, 99]","[1, 53, 72, 73, 75, 55, 47, 61]","[7, 99]","[1, 53, 72, 73, 75, 55, 47, 61]","[7, 99]",[],"[53, 72, 73, 75, 55, 47, 61]",[1],"[7, 99]","[1, 53, 72, 73, 75, 55, 47, 61]","[7, 99]",[],"[53, 72, 73, 75, 55, 47, 61]",[1],2,0,7,1
614,10,5,"[2, 10, 90, 53, 76, 71, 33, 83, 29, 54]","[10, 90, 53, 76, 71, 33, 83, 29, 54]",[2],0.8335395497695526,0.14937862299304544,2.0,0,0,"[2, 10, 90, 53, 76, 71, 33, 83, 29]",[54],"[2, 10, 90, 53, 76, 71, 33, 83, 29]",[54],"[10, 90, 53, 76, 71, 33, 83, 29]",[2],[54],[],2,0.5928130745887756,"{""0"": 3.4889702796936035, ""1"": 1.8641574382781982}",0,0,"[2, 90, 53, 76, 33, 83, 29]","[10, 71, 54]","[2, 90, 53, 76, 33, 83, 29]","[10, 71, 54]","[90, 53, 76, 33, 83, 29]",[2],"[10, 71, 54]",[],"[2, 90, 53, 76, 33, 83, 29]","[10, 71, 54]","[90, 53, 76, 33, 83, 29]",[2],"[10, 71, 54]",[],6,1,3,0
615,10,5,"[3, 91, 32, 87, 61, 95, 48, 54, 11, 65]","[91, 32, 87, 61, 95, 48, 54, 11, 65]",[3],0.7360450012449664,0.18058568019462495,2.0,0,0,"[3, 91, 32, 87, 61, 95, 48, 54, 11, 65]",[],"[3, 91, 32, 87, 61, 95, 48, 54, 11, 65]",[],"[91, 32, 87, 61, 95, 48, 54, 11, 65]",[3],[],[],2,0.5456101298332214,"{""0"": 3.144908905029297, ""1"": 1.6887657642364502}",0,0,"[3, 91, 32, 87, 61, 48, 11, 65]","[95, 54]","[3, 91, 32, 87, 61, 48, 11, 65]","[95, 54]","[91, 32, 87, 61, 48, 11, 65]",[3],"[95, 54]",[],"[3, 91, 32, 87, 61, 48, 11, 65]","[95, 54]","[91, 32, 87, 61, 48, 11, 65]",[3],"[95, 54]",[],7,1,2,0
616,10,5,"[2, 46, 29, 44, 62, 58, 92, 64, 68, 47]","[46, 29, 44, 62, 58, 92, 64, 68, 47]",[2],0.8930878126217754,0.1443079779916034,2.0,0,0,"[2, 46, 29, 44, 62, 58, 92, 64, 68]",[47],"[2, 46, 29, 44, 62, 58, 92, 64, 68]",[47],"[46, 29, 44, 62, 58, 92, 64, 68]",[2],[47],[],3,0.2970044016838074,"{""0"": 2.0082857608795166, ""1"": 1.6180765628814697, ""2"": 1.6996934413909912}",0,0,"[29, 44, 62]","[2, 46, 58, 92, 64, 68, 47]","[29, 44, 62]","[2, 46, 58, 92, 64, 68, 47]","[29, 44, 62]",[],"[46, 58, 92, 64, 68, 47]",[2],"[29, 44, 62]","[2, 46, 58, 92, 64, 68, 47]","[29, 44, 62]",[],"[46, 58, 92, 64, 68, 47]",[2],3,0,6,1
617,10,5,"[4, 18, 89, 79, 36, 44, 65, 30, 53, 10]","[18, 89, 79, 36, 44, 65, 30, 53, 10]",[4],0.7402140759074907,0.18756285540661538,2.0,0,0,"[4, 18, 89, 79, 36, 44, 65, 30, 53, 10]",[],"[4, 18, 89, 79, 36, 44, 65, 30, 53, 10]",[],"[18, 89, 79, 36, 44, 65, 30, 53, 10]",[4],[],[],3,0.34416699409484863,"{""0"": 1.8768036365509033, ""1"": 2.6323275566101074, ""2"": -1.0}",1,0,"[4, 79, 36, 44, 30, 53]","[18, 89, 65, 10]","[4, 79, 36, 44, 30, 53]","[18, 89, 65, 10]","[79, 36, 44, 30, 53]",[4],"[18, 89, 65, 10]",[],"[4, 79, 36, 44, 30, 53]","[18, 89, 65, 10]","[79, 36, 44, 30, 53]",[4],"[18, 89, 65, 10]",[],5,1,4,0
618,10,5,"[4, 88, 66, 90, 25, 57, 38, 40, 70, 73]","[88, 66, 90, 25, 57, 38, 40, 70, 73]",[4],0.7446473127550447,0.12044543098823707,2.0,0,0,"[4, 66, 90, 25, 57, 38, 40, 70]","[88, 73]","[4, 66, 90, 25, 57, 38, 40, 70]","[88, 73]","[66, 90, 25, 57, 38, 40, 70]",[4],"[88, 73]",[],3,0.35736024379730225,"{""0"": 1.7571239471435547, ""1"": 1.9497740268707275, ""2"": 2.1802737712860107}",2,0,"[4, 66, 90, 57]","[88, 25, 38, 40, 70, 73]","[4, 66, 90, 57]","[88, 25, 38, 40, 70, 73]","[66, 90, 57]",[4],"[88, 25, 38, 40, 70, 73]",[],"[4, 66, 90, 57]","[88, 25, 38, 40, 70, 73]","[66, 90, 57]",[4],"[88, 25, 38, 40, 70, 73]",[],3,1,6,0
619,10,5,"[1, 25, 98, 80, 49, 5, 37, 17, 35, 42]","[25, 98, 80, 49, 5, 37, 17, 35, 42]",[1],0.7388972973142085,0.15182970292629422,2.0,0,0,"[1, 25, 98, 80, 49, 5, 37, 35, 42]",[17],"[1, 25, 98, 80, 49, 5, 37, 35, 42]",[17],"[25, 98, 80, 49, 5, 37, 35, 42]",[1],[17],[],2,0.7575992941856384,"{""0"": 5.348382949829102, ""1"": -1.0}",0,0,"[1, 25, 98, 80, 5, 37, 35, 42]","[49, 17]","[1, 25, 98, 80, 5, 37, 35, 42]","[49, 17]","[25, 98, 80, 5, 37, 35, 42]",[1],"[49, 17]",[],"[1, 25, 98, 80, 5, 37, 35, 42]","[49, 17]","[25, 98, 80, 5, 37, 35, 42]",[1],"[49, 17]",[],7,1,2,0
620,10,5,"[0, 24, 45, 50, 64, 82, 8, 20, 16, 62]","[24, 45, 50, 64, 82, 8, 20, 16, 62]",[0],0.7490617261074333,0.05969066332188927,2.0,0,0,"[0, 24, 45, 50, 64, 82, 8, 20, 16, 62]",[],"[0, 24, 45, 50, 64, 82, 8, 20, 16, 62]",[],"[24, 45, 50, 64, 82, 8, 20, 16, 62]",[0],[],[],2,0.5088509321212769,"{""0"": 1.046242117881775, ""1"": -1.0}",0,0,"[0, 24, 45, 50, 64, 8, 20, 16, 62]",[82],"[0, 24, 45, 50, 64, 8, 20, 16, 62]",[82],"[24, 45, 50, 64, 8, 20, 16, 62]",[0],[82],[],"[0, 24, 45, 50, 64, 8, 20, 16, 62]",[82],"[24, 45, 50, 64, 8, 20, 16, 62]",[0],[82],[],8,1,1,0
621,10,5,"[4, 23, 80, 43, 76, 72, 70, 10, 51, 98]","[23, 80, 43, 76, 72, 70, 10, 51, 98]",[4],0.818820390016082,0.12084767695494236,2.0,0,0,"[4, 23, 80, 43, 76, 72, 70, 10, 51]",[98],"[4, 23, 80, 43, 76, 72, 70, 10, 51]",[98],"[23, 80, 43, 76, 72, 70, 10, 51]",[4],[98],[],2,0.4240879416465759,"{""0"": 1.167757272720337, ""1"": -1.0}",0,0,"[4, 23, 43, 76, 72, 70, 10, 51]","[80, 98]","[4, 23, 43, 76, 72, 70, 10, 51]","[80, 98]","[23, 43, 76, 72, 70, 10, 51]",[4],"[80, 98]",[],"[4, 23, 43, 76, 72, 70, 10, 51]","[80, 98]","[23, 43, 76, 72, 70, 10, 51]",[4],"[80, 98]",[],7,1,2,0
622,10,5,"[0, 93, 1, 30, 57, 53, 27, 98, 21, 76]","[93, 30, 57, 53, 27, 98, 21, 76]","[0, 1]",0.8862879220829327,0.03705845578365963,2.0,0,0,"[93, 1, 57, 53, 27, 98, 21, 76]","[0, 30]","[93, 1, 57, 53, 27, 98, 21, 76]","[0, 30]","[93, 57, 53, 27, 98, 21, 76]",[1],[30],[0],2,0.581282377243042,"{""0"": 0.4124157130718231, ""1"": -1.0}",0,0,"[93, 1, 57, 53, 98, 21, 76]","[0, 30, 27]","[93, 1, 57, 53, 98, 21, 76]","[0, 30, 27]","[93, 57, 53, 98, 21, 76]",[1],"[30, 27]",[0],"[93, 1, 57, 53, 98, 21, 76]","[0, 30, 27]","[93, 57, 53, 98, 21, 76]",[1],"[30, 27]",[0],6,1,2,1
623,10,5,"[2, 0, 29, 66, 93, 4, 39, 28, 63, 33]","[29, 66, 93, 39, 28, 63, 33]","[2, 0, 4]",0.7193208717862054,0.0604935572181764,2.0,0,0,"[2, 0, 29, 66, 39, 28, 63]","[93, 4, 33]","[2, 0, 29, 66, 39, 28, 63]","[93, 4, 33]","[29, 66, 39, 28, 63]","[2, 0]","[93, 33]",[4],2,0.49589091539382935,"{""0"": 1.0958352088928223, ""1"": -1.0}",0,0,"[2, 29, 66, 39, 28, 63]","[0, 93, 4, 33]","[2, 29, 66, 39, 28, 63]","[0, 93, 4, 33]","[29, 66, 39, 28, 63]",[2],"[93, 33]","[0, 4]","[2, 29, 66, 39, 28, 63]","[0, 93, 4, 33]","[29, 66, 39, 28, 63]",[2],"[93, 33]","[0, 4]",5,1,2,2
624,10,5,"[0, 81, 21, 56, 79, 71, 2, 66, 94, 49]","[81, 21, 56, 79, 71, 66, 94, 49]","[0, 2]",0.8665286002361221,0.1305719495798206,2.0,0,0,"[0, 81, 21, 56, 79, 71, 2, 66, 94, 49]",[],"[0, 81, 21, 56, 79, 71, 2, 66, 94, 49]",[],"[81, 21, 56, 79, 71, 66, 94, 49]","[0, 2]",[],[],4,0.3262662887573242,"{""0"": 1.3514437675476074, ""1"": 1.890242338180542, ""2"": -1.0, ""3"": -1.0}",1,0,"[81, 49]","[0, 21, 56, 79, 71, 2, 66, 94]","[81, 49]","[0, 21, 56, 79, 71, 2, 66, 94]","[81, 49]",[],"[21, 56, 79, 71, 66, 94]","[0, 2]","[81, 49]","[0, 21, 56, 79, 71, 2, 66, 94]","[81, 49]",[],"[21, 56, 79, 71, 66, 94]","[0, 2]",2,0,6,2
625,10,5,"[2, 41, 16, 1, 68, 53, 14, 79, 76, 60]","[41, 16, 68, 53, 14, 79, 76, 60]","[2, 1]",0.7100167114649948,0.12100666532903043,2.0,0,0,"[2, 41, 16, 1, 68, 53, 14, 79, 76]",[60],"[2, 41, 16, 1, 68, 53, 14, 79, 76]",[60],"[41, 16, 68, 53, 14, 79, 76]","[2, 1]",[60],[],2,0.27726075053215027,"{""0"": 0.9916092753410339, ""1"": 1.723212480545044}",1,0,"[16, 1]","[2, 41, 68, 53, 14, 79, 76, 60]","[16, 1]","[2, 41, 68, 53, 14, 79, 76, 60]",[16],[1],"[41, 68, 53, 14, 79, 76, 60]",[2],"[16, 1]","[2, 41, 68, 53, 14, 79, 76, 60]",[16],[1],"[41, 68, 53, 14, 79, 76, 60]",[2],1,1,7,1
626,10,5,"[0, 64, 93, 96, 65, 27, 80, 87, 11, 31]","[64, 93, 96, 65, 27, 80, 87, 11, 31]",[0],0.6679466134327467,0.1197844938156199,2.0,0,0,"[0, 64, 93, 96, 65, 27, 80, 87, 11, 31]",[],"[0, 64, 93, 96, 65, 27, 80, 87, 11, 31]",[],"[64, 93, 96, 65, 27, 80, 87, 11, 31]",[0],[],[],2,0.3949643671512604,"{""0"": 0.24535948038101196, ""1"": -1.0}",0,0,"[64, 93, 96, 65, 27, 80, 87, 11, 31]",[0],"[64, 93, 96, 65, 27, 80, 87, 11, 31]",[0],"[64, 93, 96, 65, 27, 80, 87, 11, 31]",[],[],[0],"[64, 93, 96, 65, 27, 80, 87, 11, 31]",[0],"[64, 93, 96, 65, 27, 80, 87, 11, 31]",[],[],[0],9,0,0,1
627,10,5,"[1, 80, 39, 5, 22, 87, 61, 47, 76, 38]","[80, 39, 5, 22, 87, 61, 47, 76, 38]",[1],0.7950135908797632,0.14845186925094495,2.0,0,0,"[1, 80, 39, 22, 87, 61, 47, 76, 38]",[5],"[1, 80, 39, 22, 87, 61, 47, 76, 38]",[5],"[80, 39, 22, 87, 61, 47, 76, 38]",[1],[5],[],2,0.5448009967803955,"{""0"": 1.5044915676116943, ""1"": -1.0}",0,0,"[1, 80, 39, 22, 87, 61, 47, 76]","[5, 38]","[1, 80, 39, 22, 87, 61, 47, 76]","[5, 38]","[80, 39, 22, 87, 61, 47, 76]",[1],"[5, 38]",[],"[1, 80, 39, 22, 87, 61, 47, 76]","[5, 38]","[80, 39, 22, 87, 61, 47, 76]",[1],"[5, 38]",[],7,1,2,0
628,10,5,"[1, 46, 6, 9, 52, 48, 58, 47, 41, 61]","[46, 6, 9, 52, 48, 58, 47, 41, 61]",[1],0.768838082010228,0.14948028763439292,2.0,0,0,"[1, 46, 6, 9, 52, 48, 58, 47, 41, 61]",[],"[1, 46, 6, 9, 52, 48, 58, 47, 41, 61]",[],"[46, 6, 9, 52, 48, 58, 47, 41, 61]",[1],[],[],2,0.7260161638259888,"{""0"": 3.5895986557006836, ""1"": -1.0}",0,0,"[1, 46, 6, 9, 52, 58, 47, 41, 61]",[48],"[1, 46, 6, 9, 52, 58, 47, 41, 61]",[48],"[46, 6, 9, 52, 58, 47, 41, 61]",[1],[48],[],"[1, 46, 6, 9, 52, 58, 47, 41, 61]",[48],"[46, 6, 9, 52, 58, 47, 41, 61]",[1],[48],[],8,1,1,0
629,10,5,"[2, 67, 49, 28, 82, 20, 72, 10, 1, 88]","[67, 49, 28, 82, 20, 72, 10, 88]","[2, 1]",0.7641692227281711,0.05765665173602552,2.0,0,0,"[2, 67, 49, 82, 20, 10, 1]","[28, 72, 88]","[2, 67, 49, 82, 20, 10, 1]","[28, 72, 88]","[67, 49, 82, 20, 10]","[2, 1]","[28, 72, 88]",[],2,0.4103182852268219,"{""0"": 1.1740633249282837, ""1"": -1.0}",0,0,"[2, 49, 82, 20, 10, 1]","[67, 28, 72, 88]","[2, 49, 82, 20, 10, 1]","[67, 28, 72, 88]","[49, 82, 20, 10]","[2, 1]","[67, 28, 72, 88]",[],"[2, 49, 82, 20, 10, 1]","[67, 28, 72, 88]","[49, 82, 20, 10]","[2, 1]","[67, 28, 72, 88]",[],4,2,4,0
630,10,5,"[3, 86, 96, 97, 0, 44, 51, 8, 41, 62]","[86, 96, 97, 44, 51, 8, 41, 62]","[3, 0]",1.0444321132793903,0.14220898925018172,2.0,0,0,"[3, 86, 96, 0, 44, 51, 8, 41, 62]",[97],"[3, 86, 96, 0, 44, 51, 8, 41, 62]",[97],"[86, 96, 44, 51, 8, 41, 62]","[3, 0]",[97],[],2,0.4404641389846802,"{""0"": 2.0689215660095215, ""1"": -1.0}",0,0,"[3, 86, 96, 44, 51, 8, 41, 62]","[97, 0]","[3, 86, 96, 44, 51, 8, 41, 62]","[97, 0]","[86, 96, 44, 51, 8, 41, 62]",[3],[97],[0],"[3, 86, 96, 44, 51, 8, 41, 62]","[97, 0]","[86, 96, 44, 51, 8, 41, 62]",[3],[97],[0],7,1,1,1
631,10,5,"[1, 67, 92, 81, 98, 37, 15, 7, 74, 52]","[67, 92, 81, 98, 37, 15, 7, 74, 52]",[1],1.1365470237002127,0.11915987703227437,2.0,0,0,"[1, 67, 92, 81, 98, 37, 15, 7, 74, 52]",[],"[1, 67, 92, 81, 98, 37, 15, 7, 74, 52]",[],"[67, 92, 81, 98, 37, 15, 7, 74, 52]",[1],[],[],2,0.37069636583328247,"{""0"": 1.3649247884750366, ""1"": 2.289163827896118}",1,0,"[1, 81, 37]","[67, 92, 98, 15, 7, 74, 52]","[1, 81, 37]","[67, 92, 98, 15, 7, 74, 52]","[81, 37]",[1],"[67, 92, 98, 15, 7, 74, 52]",[],"[1, 81, 37]","[67, 92, 98, 15, 7, 74, 52]","[81, 37]",[1],"[67, 92, 98, 15, 7, 74, 52]",[],2,1,7,0
632,10,5,"[0, 4, 96, 56, 49, 15, 53, 87, 9, 85]","[96, 56, 49, 15, 53, 87, 9, 85]","[0, 4]",0.7704621042309532,0.07993804090650308,2.0,0,0,"[0, 4, 96, 56, 49, 15, 53, 87, 9, 85]",[],"[0, 4, 96, 56, 49, 15, 53, 87, 9, 85]",[],"[96, 56, 49, 15, 53, 87, 9, 85]","[0, 4]",[],[],4,0.5044347047805786,"{""0"": 4.7288947105407715, ""1"": -1.0, ""2"": 1.834640622138977, ""3"": -1.0}",0,0,"[4, 96, 49, 53, 87, 9]","[0, 56, 15, 85]","[4, 96, 49, 53, 87, 9]","[0, 56, 15, 85]","[96, 49, 53, 87, 9]",[4],"[56, 15, 85]",[0],"[4, 96, 49, 53, 87, 9]","[0, 56, 15, 85]","[96, 49, 53, 87, 9]",[4],"[56, 15, 85]",[0],5,1,3,1
633,10,5,"[2, 25, 11, 57, 49, 52, 3, 89, 22, 38]","[25, 11, 57, 49, 52, 89, 22, 38]","[2, 3]",0.682660320130434,0.08926080121329749,2.0,0,0,"[2, 25, 11, 57, 49, 52, 3, 89, 22, 38]",[],"[2, 25, 11, 57, 49, 52, 3, 89, 22, 38]",[],"[25, 11, 57, 49, 52, 89, 22, 38]","[2, 3]",[],[],2,0.3285789489746094,"{""0"": 0.6927007436752319, ""1"": 1.4366660118103027}",1,0,"[2, 11]","[25, 57, 49, 52, 3, 89, 22, 38]","[2, 11]","[25, 57, 49, 52, 3, 89, 22, 38]",[11],[2],"[25, 57, 49, 52, 89, 22, 38]",[3],"[2, 11]","[25, 57, 49, 52, 3, 89, 22, 38]",[11],[2],"[25, 57, 49, 52, 89, 22, 38]",[3],1,1,7,1
634,10,5,"[2, 89, 48, 49, 77, 60, 90, 76, 12, 66]","[89, 48, 49, 77, 60, 90, 76, 12, 66]",[2],0.9566402082912102,0.25596824004270863,2.0,0,0,"[2, 89, 48, 49, 77, 60, 90, 76, 12, 66]",[],"[2, 89, 48, 49, 77, 60, 90, 76, 12, 66]",[],"[89, 48, 49, 77, 60, 90, 76, 12, 66]",[2],[],[],2,0.5759778618812561,"{""0"": 0.9439569711685181, ""1"": -1.0}",0,0,"[2, 89, 49, 77, 60, 90, 76, 12, 66]",[48],"[2, 89, 49, 77, 60, 90, 76, 12, 66]",[48],"[89, 49, 77, 60, 90, 76, 12, 66]",[2],[48],[],"[2, 89, 49, 77, 60, 90, 76, 12, 66]",[48],"[89, 49, 77, 60, 90, 76, 12, 66]",[2],[48],[],8,1,1,0
635,10,5,"[0, 38, 28, 30, 98, 89, 50, 80, 58, 43]","[38, 28, 30, 98, 89, 50, 80, 58, 43]",[0],0.7128759482521833,0.07960253346934926,2.0,0,0,"[38, 28, 30, 98, 89, 50, 80, 58, 43]",[0],"[38, 28, 30, 98, 89, 50, 80, 58, 43]",[0],"[38, 28, 30, 98, 89, 50, 80, 58, 43]",[],[],[0],2,0.4172844886779785,"{""0"": 1.3402514457702637, ""1"": -1.0}",0,0,"[38, 28, 30, 98, 89, 50, 58, 43]","[0, 80]","[38, 28, 30, 98, 89, 50, 58, 43]","[0, 80]","[38, 28, 30, 98, 89, 50, 58, 43]",[],[80],[0],"[38, 28, 30, 98, 89, 50, 58, 43]","[0, 80]","[38, 28, 30, 98, 89, 50, 58, 43]",[],[80],[0],8,0,1,1
636,10,5,"[3, 43, 47, 34, 51, 2, 50, 72, 25, 35]","[43, 47, 34, 51, 50, 72, 25, 35]","[3, 2]",0.649488922423032,0.07971084629984798,2.0,0,0,"[3, 43, 34, 51, 50, 72, 25, 35]","[47, 2]","[3, 43, 34, 51, 50, 72, 25, 35]","[47, 2]","[43, 34, 51, 50, 72, 25, 35]",[3],[47],[2],2,0.32947778701782227,"{""0"": 2.7705702781677246, ""1"": 2.0869956016540527}",0,0,"[3, 51, 25, 35]","[43, 47, 34, 2, 50, 72]","[3, 51, 25, 35]","[43, 47, 34, 2, 50, 72]","[51, 25, 35]",[3],"[43, 47, 34, 50, 72]",[2],"[3, 51, 25, 35]","[43, 47, 34, 2, 50, 72]","[51, 25, 35]",[3],"[43, 47, 34, 50, 72]",[2],3,1,5,1
637,10,5,"[1, 54, 3, 48, 25, 31, 68, 70, 21, 81]","[54, 48, 25, 31, 68, 70, 21, 81]","[1, 3]",0.6762180477523108,0.08622124223106314,2.0,0,0,"[1, 3, 25, 68, 70, 21, 81]","[54, 48, 31]","[1, 3, 25, 68, 70, 21, 81]","[54, 48, 31]","[25, 68, 70, 21, 81]","[1, 3]","[54, 48, 31]",[],2,0.504899263381958,"{""0"": 3.74759578704834, ""1"": -1.0}",0,0,"[1, 3, 68, 70, 21, 81]","[54, 48, 25, 31]","[1, 3, 68, 70, 21, 81]","[54, 48, 25, 31]","[68, 70, 21, 81]","[1, 3]","[54, 48, 25, 31]",[],"[1, 3, 68, 70, 21, 81]","[54, 48, 25, 31]","[68, 70, 21, 81]","[1, 3]","[54, 48, 25, 31]",[],4,2,4,0
638,10,5,"[2, 78, 91, 76, 56, 52, 49, 93, 7, 70]","[78, 91, 76, 56, 52, 49, 93, 7, 70]",[2],0.7717603996916833,0.11548076385680628,2.0,0,0,"[2, 78, 91, 76, 56, 52, 49, 93, 7, 70]",[],"[2, 78, 91, 76, 56, 52, 49, 93, 7, 70]",[],"[78, 91, 76, 56, 52, 49, 93, 7, 70]",[2],[],[],4,0.45292162895202637,"{""0"": 2.8845133781433105, ""1"": 2.732177257537842, ""2"": 1.83381986618042, ""3"": -1.0}",0,0,"[2, 78, 52, 7]","[91, 76, 56, 49, 93, 70]","[2, 78, 52, 7]","[91, 76, 56, 49, 93, 70]","[78, 52, 7]",[2],"[91, 76, 56, 49, 93, 70]",[],"[2, 78, 52, 7]","[91, 76, 56, 49, 93, 70]","[78, 52, 7]",[2],"[91, 76, 56, 49, 93, 70]",[],3,1,6,0
639,10,5,"[0, 66, 60, 97, 41, 67, 72, 5, 37, 14]","[66, 60, 97, 41, 67, 72, 5, 37, 14]",[0],0.898731820438509,0.1518271434915493,2.0,0,0,"[0, 66, 41, 67, 72, 5, 37, 14]","[60, 97]","[0, 66, 41, 67, 72, 5, 37, 14]","[60, 97]","[66, 41, 67, 72, 5, 37, 14]",[0],"[60, 97]",[],2,0.26594656705856323,"{""0"": 2.9135844707489014, ""1"": 2.0762484073638916}",0,0,"[0, 67, 72, 5, 14]","[66, 60, 97, 41, 37]","[0, 67, 72, 5, 14]","[66, 60, 97, 41, 37]","[67, 72, 5, 14]",[0],"[66, 60, 97, 41, 37]",[],"[0, 67, 72, 5, 14]","[66, 60, 97, 41, 37]","[67, 72, 5, 14]",[0],"[66, 60, 97, 41, 37]",[],4,1,5,0
640,10,5,"[2, 82, 3, 25, 54, 29, 40, 68, 57, 34]","[82, 25, 54, 29, 40, 68, 57, 34]","[2, 3]",0.6990952178891603,0.07612874106967943,2.0,0,0,"[2, 82, 3, 25, 29, 40, 68, 57, 34]",[54],"[2, 82, 3, 25, 29, 40, 68, 57, 34]",[54],"[82, 25, 29, 40, 68, 57, 34]","[2, 3]",[54],[],2,0.4587046205997467,"{""0"": 2.7662925720214844, ""1"": -1.0}",0,0,"[2, 3, 25, 29, 40, 68, 57, 34]","[82, 54]","[2, 3, 25, 29, 40, 68, 57, 34]","[82, 54]","[25, 29, 40, 68, 57, 34]","[2, 3]","[82, 54]",[],"[2, 3, 25, 29, 40, 68, 57, 34]","[82, 54]","[25, 29, 40, 68, 57, 34]","[2, 3]","[82, 54]",[],6,2,2,0
641,10,5,"[2, 14, 18, 96, 50, 16, 73, 31, 58, 79]","[14, 18, 96, 50, 16, 73, 31, 58, 79]",[2],0.8214275739404521,0.13938709139077315,2.0,0,0,"[2, 14, 18, 96, 50, 16, 73, 31, 58, 79]",[],"[2, 14, 18, 96, 50, 16, 73, 31, 58, 79]",[],"[14, 18, 96, 50, 16, 73, 31, 58, 79]",[2],[],[],3,0.6225389838218689,"{""0"": 4.871340274810791, ""1"": 1.9403538703918457, ""2"": -1.0}",0,0,"[2, 14, 18, 96, 16, 58, 79]","[50, 73, 31]","[2, 14, 18, 96, 16, 58, 79]","[50, 73, 31]","[14, 18, 96, 16, 58, 79]",[2],"[50, 73, 31]",[],"[2, 14, 18, 96, 16, 58, 79]","[50, 73, 31]","[14, 18, 96, 16, 58, 79]",[2],"[50, 73, 31]",[],6,1,3,0
642,10,5,"[0, 22, 21, 84, 96, 78, 27, 3, 77, 83]","[22, 21, 84, 96, 78, 27, 77, 83]","[0, 3]",0.6112783946491724,0.09675916785729827,2.0,0,0,"[22, 21, 84, 96, 78, 27, 3, 77, 83]",[0],"[22, 21, 84, 96, 78, 27, 3, 77, 83]",[0],"[22, 21, 84, 96, 78, 27, 77, 83]",[3],[],[0],2,0.5051710605621338,"{""0"": 3.5577850341796875, ""1"": 1.797502040863037}",0,0,"[22, 21, 96, 78, 3, 77, 83]","[0, 84, 27]","[22, 21, 96, 78, 3, 77, 83]","[0, 84, 27]","[22, 21, 96, 78, 77, 83]",[3],"[84, 27]",[0],"[22, 21, 96, 78, 3, 77, 83]","[0, 84, 27]","[22, 21, 96, 78, 77, 83]",[3],"[84, 27]",[0],6,1,2,1
643,10,5,"[2, 38, 28, 9, 88, 21, 11, 26, 36, 92]","[38, 28, 9, 88, 21, 11, 26, 36, 92]",[2],0.7152969947403045,0.16593672153249636,2.0,0,0,"[2, 38, 28, 9, 21, 11, 26, 36, 92]",[88],"[2, 38, 28, 9, 21, 11, 26, 36, 92]",[88],"[38, 28, 9, 21, 11, 26, 36, 92]",[2],[88],[],2,0.65388023853302,"{""0"": 3.570540189743042, ""1"": -1.0}",0,0,"[2, 38, 28, 9, 21, 11, 36, 92]","[88, 26]","[2, 38, 28, 9, 21, 11, 36, 92]","[88, 26]","[38, 28, 9, 21, 11, 36, 92]",[2],"[88, 26]",[],"[2, 38, 28, 9, 21, 11, 36, 92]","[88, 26]","[38, 28, 9, 21, 11, 36, 92]",[2],"[88, 26]",[],7,1,2,0
644,10,5,"[2, 43, 57, 78, 79, 77, 4, 6, 61, 24]","[43, 57, 78, 79, 77, 6, 61, 24]","[2, 4]",0.7688795402148296,0.1327384316152609,2.0,0,0,"[2, 43, 57, 78, 79, 77, 4, 6, 61, 24]",[],"[2, 43, 57, 78, 79, 77, 4, 6, 61, 24]",[],"[43, 57, 78, 79, 77, 6, 61, 24]","[2, 4]",[],[],2,0.4426816403865814,"{""0"": 1.8002607822418213, ""1"": 1.9840452671051025}",1,0,"[43, 4]","[2, 57, 78, 79, 77, 6, 61, 24]","[43, 4]","[2, 57, 78, 79, 77, 6, 61, 24]",[43],[4],"[57, 78, 79, 77, 6, 61, 24]",[2],"[43, 4]","[2, 57, 78, 79, 77, 6, 61, 24]",[43],[4],"[57, 78, 79, 77, 6, 61, 24]",[2],1,1,7,1
645,10,5,"[2, 52, 50, 97, 72, 63, 17, 32, 8, 49]","[52, 50, 97, 72, 63, 17, 32, 8, 49]",[2],0.7895127966154762,0.20632922310999874,2.0,0,0,"[2, 52, 50, 72, 63, 17, 32, 8, 49]",[97],"[2, 52, 50, 72, 63, 17, 32, 8, 49]",[97],"[52, 50, 72, 63, 17, 32, 8, 49]",[2],[97],[],3,0.4997730255126953,"{""0"": 4.533205032348633, ""1"": 1.852603793144226, ""2"": -1.0}",0,0,"[2, 52, 50, 63, 17, 49]","[97, 72, 32, 8]","[2, 52, 50, 63, 17, 49]","[97, 72, 32, 8]","[52, 50, 63, 17, 49]",[2],"[97, 72, 32, 8]",[],"[2, 52, 50, 63, 17, 49]","[97, 72, 32, 8]","[52, 50, 63, 17, 49]",[2],"[97, 72, 32, 8]",[],5,1,4,0
646,10,5,"[1, 54, 45, 58, 68, 26, 57, 90, 10, 83]","[54, 45, 58, 68, 26, 57, 90, 10, 83]",[1],0.7587192219352363,0.13217291194691,2.0,0,0,"[1, 45, 58, 68, 26, 57, 90, 10, 83]",[54],"[1, 45, 58, 68, 26, 57, 90, 10, 83]",[54],"[45, 58, 68, 26, 57, 90, 10, 83]",[1],[54],[],2,0.4780108630657196,"{""0"": 3.5613644123077393, ""1"": 1.9693396091461182}",0,0,"[1, 45, 26, 57, 90, 10, 83]","[54, 58, 68]","[1, 45, 26, 57, 90, 10, 83]","[54, 58, 68]","[45, 26, 57, 90, 10, 83]",[1],"[54, 58, 68]",[],"[1, 45, 26, 57, 90, 10, 83]","[54, 58, 68]","[45, 26, 57, 90, 10, 83]",[1],"[54, 58, 68]",[],6,1,3,0
647,10,5,"[2, 14, 7, 37, 13, 31, 52, 63, 59, 62]","[14, 7, 37, 13, 31, 52, 63, 59, 62]",[2],0.7060093836902457,0.10600786519696748,2.0,0,0,"[2, 14, 7, 37, 13, 52, 63, 59, 62]",[31],"[2, 14, 7, 37, 13, 52, 63, 59, 62]",[31],"[14, 7, 37, 13, 52, 63, 59, 62]",[2],[31],[],2,0.5844953060150146,"{""0"": 4.956813812255859, ""1"": -1.0}",0,0,"[2, 14, 7, 37, 52, 63, 59, 62]","[13, 31]","[2, 14, 7, 37, 52, 63, 59, 62]","[13, 31]","[14, 7, 37, 52, 63, 59, 62]",[2],"[13, 31]",[],"[2, 14, 7, 37, 52, 63, 59, 62]","[13, 31]","[14, 7, 37, 52, 63, 59, 62]",[2],"[13, 31]",[],7,1,2,0
648,10,5,"[3, 63, 78, 47, 75, 85, 89, 83, 26, 96]","[63, 78, 47, 75, 85, 89, 83, 26, 96]",[3],0.6524339799024448,0.08753143162251803,2.0,0,0,"[3, 63, 78, 75, 85, 89, 83, 26, 96]",[47],"[3, 63, 78, 75, 85, 89, 83, 26, 96]",[47],"[63, 78, 75, 85, 89, 83, 26, 96]",[3],[47],[],3,0.5689687728881836,"{""0"": 3.6853373050689697, ""1"": -1.0, ""2"": 1.8676564693450928}",0,0,"[3, 63, 78, 89, 83, 96]","[47, 75, 85, 26]","[3, 63, 78, 89, 83, 96]","[47, 75, 85, 26]","[63, 78, 89, 83, 96]",[3],"[47, 75, 85, 26]",[],"[3, 63, 78, 89, 83, 96]","[47, 75, 85, 26]","[63, 78, 89, 83, 96]",[3],"[47, 75, 85, 26]",[],5,1,4,0
649,10,5,"[1, 93, 17, 35, 77, 50, 62, 28, 60, 11]","[93, 17, 35, 77, 50, 62, 28, 60, 11]",[1],0.6626312451360116,0.12119053964321175,2.0,0,0,"[1, 93, 17, 35, 77, 50, 62, 28, 11]",[60],"[1, 93, 17, 35, 77, 50, 62, 28, 11]",[60],"[93, 17, 35, 77, 50, 62, 28, 11]",[1],[60],[],2,0.4356311559677124,"{""0"": 2.3054304122924805, ""1"": -1.0}",0,0,"[1, 93, 17, 77, 50, 62, 28, 11]","[35, 60]","[1, 93, 17, 77, 50, 62, 28, 11]","[35, 60]","[93, 17, 77, 50, 62, 28, 11]",[1],"[35, 60]",[],"[1, 93, 17, 77, 50, 62, 28, 11]","[35, 60]","[93, 17, 77, 50, 62, 28, 11]",[1],"[35, 60]",[],7,1,2,0
650,10,5,"[4, 54, 61, 41, 43, 58, 75, 16, 17, 3]","[54, 61, 41, 43, 58, 75, 16, 17]","[4, 3]",0.7253081310199792,0.10329478758337224,2.0,0,0,"[4, 61, 41, 43, 58, 75, 16, 17, 3]",[54],"[4, 61, 41, 43, 58, 75, 16, 17, 3]",[54],"[61, 41, 43, 58, 75, 16, 17]","[4, 3]",[54],[],2,0.4092611074447632,"{""0"": 2.176377296447754, ""1"": -1.0}",0,0,"[4, 61, 41, 43, 58, 16, 17, 3]","[54, 75]","[4, 61, 41, 43, 58, 16, 17, 3]","[54, 75]","[61, 41, 43, 58, 16, 17]","[4, 3]","[54, 75]",[],"[4, 61, 41, 43, 58, 16, 17, 3]","[54, 75]","[61, 41, 43, 58, 16, 17]","[4, 3]","[54, 75]",[],6,2,2,0
651,10,5,"[4, 40, 43, 34, 86, 3, 21, 69, 91, 80]","[40, 43, 34, 86, 21, 69, 91, 80]","[4, 3]",0.6498213026073403,0.05236502928509851,2.0,0,0,"[4, 40, 43, 34, 86, 3, 21, 69, 91, 80]",[],"[4, 40, 43, 34, 86, 3, 21, 69, 91, 80]",[],"[40, 43, 34, 86, 21, 69, 91, 80]","[4, 3]",[],[],2,0.4961020350456238,"{""0"": 1.2362529039382935, ""1"": -1.0}",0,0,"[4, 40, 43, 34, 86, 3, 21, 91, 80]",[69],"[4, 40, 43, 34, 86, 3, 21, 91, 80]",[69],"[40, 43, 34, 86, 21, 91, 80]","[4, 3]",[69],[],"[4, 40, 43, 34, 86, 3, 21, 91, 80]",[69],"[40, 43, 34, 86, 21, 91, 80]","[4, 3]",[69],[],7,2,1,0
652,10,5,"[2, 39, 27, 72, 95, 68, 18, 49, 76, 58]","[39, 27, 72, 95, 68, 18, 49, 76, 58]",[2],0.666356690950269,0.08105461761761967,2.0,0,0,"[2, 39, 27, 72, 68, 18, 49, 76, 58]",[95],"[2, 39, 27, 72, 68, 18, 49, 76, 58]",[95],"[39, 27, 72, 68, 18, 49, 76, 58]",[2],[95],[],2,0.4250025451183319,"{""0"": 3.594229221343994, ""1"": -1.0}",0,0,"[2, 39, 27, 72, 18, 49, 76, 58]","[95, 68]","[2, 39, 27, 72, 18, 49, 76, 58]","[95, 68]","[39, 27, 72, 18, 49, 76, 58]",[2],"[95, 68]",[],"[2, 39, 27, 72, 18, 49, 76, 58]","[95, 68]","[39, 27, 72, 18, 49, 76, 58]",[2],"[95, 68]",[],7,1,2,0
653,10,5,"[3, 74, 36, 16, 31, 87, 50, 63, 35, 99]","[74, 36, 16, 31, 87, 50, 63, 35, 99]",[3],0.6785189596395014,0.07501865454286588,2.0,0,0,"[3, 74, 16, 87, 63, 35, 99]","[36, 31, 50]","[3, 74, 16, 87, 63, 35, 99]","[36, 31, 50]","[74, 16, 87, 63, 35, 99]",[3],"[36, 31, 50]",[],2,0.4854499399662018,"{""0"": 1.4963569641113281, ""1"": 4.0336785316467285}",1,0,"[3, 74, 16, 87, 63]","[36, 31, 50, 35, 99]","[3, 74, 16, 87, 63]","[36, 31, 50, 35, 99]","[74, 16, 87, 63]",[3],"[36, 31, 50, 35, 99]",[],"[3, 74, 16, 87, 63]","[36, 31, 50, 35, 99]","[74, 16, 87, 63]",[3],"[36, 31, 50, 35, 99]",[],4,1,5,0
654,10,5,"[4, 67, 55, 65, 78, 75, 51, 1, 99, 62]","[67, 55, 65, 78, 75, 51, 99, 62]","[4, 1]",0.6842401944762394,0.07260784570702877,2.0,0,0,"[4, 67, 55, 65, 75, 1, 99, 62]","[78, 51]","[4, 67, 55, 65, 75, 1, 99, 62]","[78, 51]","[67, 55, 65, 75, 99, 62]","[4, 1]","[78, 51]",[],4,0.31670522689819336,"{""0"": 2.1512985229492188, ""1"": 1.902425765991211, ""2"": 1.7662664651870728, ""3"": -1.0}",0,0,"[4, 1, 62]","[67, 55, 65, 78, 75, 51, 99]","[4, 1, 62]","[67, 55, 65, 78, 75, 51, 99]",[62],"[4, 1]","[67, 55, 65, 78, 75, 51, 99]",[],"[4, 1, 62]","[67, 55, 65, 78, 75, 51, 99]",[62],"[4, 1]","[67, 55, 65, 78, 75, 51, 99]",[],1,2,7,0
655,10,5,"[4, 55, 30, 73, 11, 39, 16, 70, 89, 31]","[55, 30, 73, 11, 39, 16, 70, 89, 31]",[4],0.7777796434436484,0.12687848677183056,2.0,0,0,"[4, 55, 30, 11, 39, 16, 70, 89, 31]",[73],"[4, 55, 30, 11, 39, 16, 70, 89, 31]",[73],"[55, 30, 11, 39, 16, 70, 89, 31]",[4],[73],[],2,0.6679481863975525,"{""0"": 4.721315383911133, ""1"": -1.0}",0,0,"[4, 55, 11, 39, 16, 70, 89, 31]","[30, 73]","[4, 55, 11, 39, 16, 70, 89, 31]","[30, 73]","[55, 11, 39, 16, 70, 89, 31]",[4],"[30, 73]",[],"[4, 55, 11, 39, 16, 70, 89, 31]","[30, 73]","[55, 11, 39, 16, 70, 89, 31]",[4],"[30, 73]",[],7,1,2,0
656,10,5,"[2, 75, 5, 96, 93, 80, 37, 79, 7, 88]","[75, 5, 96, 93, 80, 37, 79, 7, 88]",[2],0.7038803319615039,0.06542735904389257,2.0,0,0,"[2, 75, 96, 93, 80, 37, 79, 7]","[5, 88]","[2, 75, 96, 93, 80, 37, 79, 7]","[5, 88]","[75, 96, 93, 80, 37, 79, 7]",[2],"[5, 88]",[],2,0.5521010756492615,"{""0"": 4.203861713409424, ""1"": -1.0}",0,0,"[2, 96, 93, 80, 37, 79, 7]","[75, 5, 88]","[2, 96, 93, 80, 37, 79, 7]","[75, 5, 88]","[96, 93, 80, 37, 79, 7]",[2],"[75, 5, 88]",[],"[2, 96, 93, 80, 37, 79, 7]","[75, 5, 88]","[96, 93, 80, 37, 79, 7]",[2],"[75, 5, 88]",[],6,1,3,0
657,10,5,"[2, 38, 34, 60, 36, 24, 59, 7, 58, 18]","[38, 34, 60, 36, 24, 59, 7, 58, 18]",[2],0.8386247556849048,0.05826940544801307,2.0,0,0,"[38, 34, 60, 36, 59, 7, 58, 18]","[2, 24]","[38, 34, 60, 36, 59, 7, 58, 18]","[2, 24]","[38, 34, 60, 36, 59, 7, 58, 18]",[],[24],[2],2,0.40857797861099243,"{""0"": 2.167525053024292, ""1"": 2.86560320854187}",1,0,"[38, 34, 60, 7, 58]","[2, 36, 24, 59, 18]","[38, 34, 60, 7, 58]","[2, 36, 24, 59, 18]","[38, 34, 60, 7, 58]",[],"[36, 24, 59, 18]",[2],"[38, 34, 60, 7, 58]","[2, 36, 24, 59, 18]","[38, 34, 60, 7, 58]",[],"[36, 24, 59, 18]",[2],5,0,4,1
658,10,5,"[2, 39, 35, 44, 93, 20, 62, 72, 53, 9]","[39, 35, 44, 93, 20, 62, 72, 53, 9]",[2],0.7195927376206503,0.0612153768090371,2.0,0,0,"[2, 39, 35, 44, 93, 20, 72, 53, 9]",[62],"[2, 39, 35, 44, 93, 20, 72, 53, 9]",[62],"[39, 35, 44, 93, 20, 72, 53, 9]",[2],[62],[],2,0.4383488893508911,"{""0"": 1.3815314769744873, ""1"": -1.0}",0,0,"[2, 39, 35, 44, 20, 72, 53, 9]","[93, 62]","[2, 39, 35, 44, 20, 72, 53, 9]","[93, 62]","[39, 35, 44, 20, 72, 53, 9]",[2],"[93, 62]",[],"[2, 39, 35, 44, 20, 72, 53, 9]","[93, 62]","[39, 35, 44, 20, 72, 53, 9]",[2],"[93, 62]",[],7,1,2,0
659,10,5,"[0, 78, 43, 33, 59, 84, 21, 71, 61, 36]","[78, 43, 33, 59, 84, 21, 71, 61, 36]",[0],0.7780886355850449,0.1614690988072806,2.0,0,0,"[78, 43, 33, 59, 84, 21, 71, 61, 36]",[0],"[78, 43, 33, 59, 84, 21, 71, 61, 36]",[0],"[78, 43, 33, 59, 84, 21, 71, 61, 36]",[],[],[0],2,0.48219019174575806,"{""0"": 1.6371726989746094, ""1"": 2.64040207862854}",1,0,"[78, 43, 33, 84, 21, 61, 36]","[0, 59, 71]","[78, 43, 33, 84, 21, 61, 36]","[0, 59, 71]","[78, 43, 33, 84, 21, 61, 36]",[],"[59, 71]",[0],"[78, 43, 33, 84, 21, 61, 36]","[0, 59, 71]","[78, 43, 33, 84, 21, 61, 36]",[],"[59, 71]",[0],7,0,2,1
660,10,5,"[0, 59, 41, 12, 79, 32, 16, 33, 49, 1]","[59, 41, 12, 79, 32, 16, 33, 49]","[0, 1]",0.8177941914125841,0.2036736907756772,2.0,0,0,"[0, 59, 41, 12, 79, 32, 16, 33, 49, 1]",[],"[0, 59, 41, 12, 79, 32, 16, 33, 49, 1]",[],"[59, 41, 12, 79, 32, 16, 33, 49]","[0, 1]",[],[],2,0.5701780319213867,"{""0"": 2.4519593715667725, ""1"": -1.0}",0,0,"[59, 41, 12, 79, 32, 16, 33, 49, 1]",[0],"[59, 41, 12, 79, 32, 16, 33, 49, 1]",[0],"[59, 41, 12, 79, 32, 16, 33, 49]",[1],[],[0],"[59, 41, 12, 79, 32, 16, 33, 49, 1]",[0],"[59, 41, 12, 79, 32, 16, 33, 49]",[1],[],[0],8,1,0,1
661,10,5,"[1, 58, 70, 22, 72, 4, 30, 41, 53, 67]","[58, 70, 22, 72, 30, 41, 53, 67]","[1, 4]",1.00194010299199,0.13574307859419799,2.0,0,0,"[1, 58, 70, 22, 72, 4, 30, 41, 53, 67]",[],"[1, 58, 70, 22, 72, 4, 30, 41, 53, 67]",[],"[58, 70, 22, 72, 30, 41, 53, 67]","[1, 4]",[],[],2,0.5098881721496582,"{""0"": 1.916609525680542, ""1"": -1.0}",0,0,"[1, 58, 70, 22, 72, 4, 41, 53, 67]",[30],"[1, 58, 70, 22, 72, 4, 41, 53, 67]",[30],"[58, 70, 22, 72, 41, 53, 67]","[1, 4]",[30],[],"[1, 58, 70, 22, 72, 4, 41, 53, 67]",[30],"[58, 70, 22, 72, 41, 53, 67]","[1, 4]",[30],[],7,2,1,0
662,10,5,"[4, 78, 89, 15, 87, 2, 72, 84, 83, 48]","[78, 89, 15, 87, 72, 84, 83, 48]","[4, 2]",0.7101072724620923,0.07714540287391891,2.0,0,0,"[4, 78, 89, 15, 87, 2, 72, 84, 83]",[48],"[4, 78, 89, 15, 87, 2, 72, 84, 83]",[48],"[78, 89, 15, 87, 72, 84, 83]","[4, 2]",[48],[],4,0.2990831732749939,"{""0"": 3.6064157485961914, ""1"": 2.844172716140747, ""2"": -1.0, ""3"": -1.0}",0,0,"[4, 78, 89, 83]","[15, 87, 2, 72, 84, 48]","[4, 78, 89, 83]","[15, 87, 2, 72, 84, 48]","[78, 89, 83]",[4],"[15, 87, 72, 84, 48]",[2],"[4, 78, 89, 83]","[15, 87, 2, 72, 84, 48]","[78, 89, 83]",[4],"[15, 87, 72, 84, 48]",[2],3,1,5,1
663,10,5,"[4, 64, 62, 59, 0, 93, 61, 46, 3, 14]","[64, 62, 59, 93, 61, 46, 14]","[4, 0, 3]",0.7145042062646907,0.14769825656137014,2.0,0,0,"[4, 64, 62, 59, 93, 61, 46, 3, 14]",[0],"[4, 64, 62, 59, 93, 61, 46, 3, 14]",[0],"[64, 62, 59, 93, 61, 46, 14]","[4, 3]",[],[0],3,0.427881121635437,"{""0"": 1.9276610612869263, ""1"": 1.8987221717834473, ""2"": 3.3463215827941895}",2,0,"[4, 62, 93, 3, 14]","[64, 59, 0, 61, 46]","[4, 62, 93, 3, 14]","[64, 59, 0, 61, 46]","[62, 93, 14]","[4, 3]","[64, 59, 61, 46]",[0],"[4, 62, 93, 3, 14]","[64, 59, 0, 61, 46]","[62, 93, 14]","[4, 3]","[64, 59, 61, 46]",[0],3,2,4,1
664,10,5,"[1, 74, 84, 87, 80, 28, 77, 81, 23, 42]","[74, 84, 87, 80, 28, 77, 81, 23, 42]",[1],0.7556596532449633,0.08078706962064575,2.0,0,0,"[1, 74, 84, 87, 80, 28, 77, 81, 23, 42]",[],"[1, 74, 84, 87, 80, 28, 77, 81, 23, 42]",[],"[74, 84, 87, 80, 28, 77, 81, 23, 42]",[1],[],[],2,0.43913617730140686,"{""0"": 0.9400718808174133, ""1"": -1.0}",0,0,"[1, 74, 84, 87, 28, 77, 81, 23, 42]",[80],"[1, 74, 84, 87, 28, 77, 81, 23, 42]",[80],"[74, 84, 87, 28, 77, 81, 23, 42]",[1],[80],[],"[1, 74, 84, 87, 28, 77, 81, 23, 42]",[80],"[74, 84, 87, 28, 77, 81, 23, 42]",[1],[80],[],8,1,1,0
665,10,5,"[3, 58, 79, 62, 89, 99, 39, 87, 51, 32]","[58, 79, 62, 89, 99, 39, 87, 51, 32]",[3],0.6713950360807519,0.12370087320483769,2.0,0,0,"[3, 58, 79, 62, 89, 99, 39, 87, 51, 32]",[],"[3, 58, 79, 62, 89, 99, 39, 87, 51, 32]",[],"[58, 79, 62, 89, 99, 39, 87, 51, 32]",[3],[],[],2,0.5915545225143433,"{""0"": 1.3546606302261353, ""1"": -1.0}",0,0,"[3, 58, 79, 62, 99, 39, 87, 51, 32]",[89],"[3, 58, 79, 62, 99, 39, 87, 51, 32]",[89],"[58, 79, 62, 99, 39, 87, 51, 32]",[3],[89],[],"[3, 58, 79, 62, 99, 39, 87, 51, 32]",[89],"[58, 79, 62, 99, 39, 87, 51, 32]",[3],[89],[],8,1,1,0
666,10,5,"[0, 98, 62, 9, 67, 52, 24, 53, 94, 57]","[98, 62, 9, 67, 52, 24, 53, 94, 57]",[0],0.7661258988452082,0.15549213501112713,2.0,0,0,"[0, 98, 62, 9, 67, 52, 24, 53, 94, 57]",[],"[0, 98, 62, 9, 67, 52, 24, 53, 94, 57]",[],"[98, 62, 9, 67, 52, 24, 53, 94, 57]",[0],[],[],2,0.5276039242744446,"{""0"": 0.6500464081764221, ""1"": -1.0}",0,0,"[98, 62, 9, 67, 52, 24, 53, 94, 57]",[0],"[98, 62, 9, 67, 52, 24, 53, 94, 57]",[0],"[98, 62, 9, 67, 52, 24, 53, 94, 57]",[],[],[0],"[98, 62, 9, 67, 52, 24, 53, 94, 57]",[0],"[98, 62, 9, 67, 52, 24, 53, 94, 57]",[],[],[0],9,0,0,1
667,10,5,"[4, 53, 9, 52, 30, 29, 98, 72, 51, 27]","[53, 9, 52, 30, 29, 98, 72, 51, 27]",[4],0.734331731608528,0.10548478668697747,2.0,0,0,"[4, 53, 9, 52, 30, 29, 72, 51, 27]",[98],"[4, 53, 9, 52, 30, 29, 72, 51, 27]",[98],"[53, 9, 52, 30, 29, 72, 51, 27]",[4],[98],[],4,0.29145392775535583,"{""0"": 1.4473605155944824, ""1"": 2.326430082321167, ""2"": 1.964181661605835, ""3"": -1.0}",1,0,"[4, 52, 72]","[53, 9, 30, 29, 98, 51, 27]","[4, 52, 72]","[53, 9, 30, 29, 98, 51, 27]","[52, 72]",[4],"[53, 9, 30, 29, 98, 51, 27]",[],"[4, 52, 72]","[53, 9, 30, 29, 98, 51, 27]","[52, 72]",[4],"[53, 9, 30, 29, 98, 51, 27]",[],2,1,7,0
668,10,5,"[4, 16, 31, 1, 26, 19, 96, 53, 17, 39]","[16, 31, 26, 19, 96, 53, 17, 39]","[4, 1]",0.6687323160726082,0.10179263573196778,2.0,0,0,"[4, 16, 31, 1, 26, 19, 96, 53, 17, 39]",[],"[4, 16, 31, 1, 26, 19, 96, 53, 17, 39]",[],"[16, 31, 26, 19, 96, 53, 17, 39]","[4, 1]",[],[],4,0.44585949182510376,"{""0"": 2.843156576156616, ""1"": 1.9112986326217651, ""2"": -1.0, ""3"": -1.0}",0,0,"[4, 16, 1, 96, 53, 39]","[31, 26, 19, 17]","[4, 16, 1, 96, 53, 39]","[31, 26, 19, 17]","[16, 96, 53, 39]","[4, 1]","[31, 26, 19, 17]",[],"[4, 16, 1, 96, 53, 39]","[31, 26, 19, 17]","[16, 96, 53, 39]","[4, 1]","[31, 26, 19, 17]",[],4,2,4,0
669,10,5,"[4, 67, 54, 39, 3, 79, 33, 52, 51, 47]","[67, 54, 39, 79, 33, 52, 51, 47]","[4, 3]",0.8221312192104251,0.16304957173804574,2.0,0,0,"[4, 67, 54, 39, 3, 33, 52, 51, 47]",[79],"[4, 67, 54, 39, 3, 33, 52, 51, 47]",[79],"[67, 54, 39, 33, 52, 51, 47]","[4, 3]",[79],[],3,0.5193426609039307,"{""0"": 3.3558175563812256, ""1"": -1.0, ""2"": -1.0}",0,0,"[4, 67, 39, 3, 33, 52, 51]","[54, 79, 47]","[4, 67, 39, 3, 33, 52, 51]","[54, 79, 47]","[67, 39, 33, 52, 51]","[4, 3]","[54, 79, 47]",[],"[4, 67, 39, 3, 33, 52, 51]","[54, 79, 47]","[67, 39, 33, 52, 51]","[4, 3]","[54, 79, 47]",[],5,2,3,0
670,10,5,"[2, 73, 63, 58, 4, 41, 29, 51, 39, 35]","[73, 63, 58, 41, 29, 51, 39, 35]","[2, 4]",0.7360841759355077,0.08687489311013408,2.0,0,0,"[2, 63, 58, 4, 41, 29, 51, 39, 35]",[73],"[2, 63, 58, 4, 41, 29, 51, 39, 35]",[73],"[63, 58, 41, 29, 51, 39, 35]","[2, 4]",[73],[],3,0.4591629207134247,"{""0"": 1.6873235702514648, ""1"": 1.881025791168213, ""2"": -1.0}",1,0,"[2, 41]","[73, 63, 58, 4, 29, 51, 39, 35]","[2, 41]","[73, 63, 58, 4, 29, 51, 39, 35]",[41],[2],"[73, 63, 58, 29, 51, 39, 35]",[4],"[2, 41]","[73, 63, 58, 4, 29, 51, 39, 35]",[41],[2],"[73, 63, 58, 29, 51, 39, 35]",[4],1,1,7,1
671,10,5,"[1, 33, 73, 84, 44, 37, 14, 17, 60, 49]","[33, 73, 84, 44, 37, 14, 17, 60, 49]",[1],0.8774769540349504,0.15221802064261147,2.0,0,0,"[1, 33, 84, 44, 37, 14, 17, 60, 49]",[73],"[1, 33, 84, 44, 37, 14, 17, 60, 49]",[73],"[33, 84, 44, 37, 14, 17, 60, 49]",[1],[73],[],2,0.4564671516418457,"{""0"": 3.7121665477752686, ""1"": -1.0}",0,0,"[1, 33, 84, 44, 37, 14, 17, 49]","[73, 60]","[1, 33, 84, 44, 37, 14, 17, 49]","[73, 60]","[33, 84, 44, 37, 14, 17, 49]",[1],"[73, 60]",[],"[1, 33, 84, 44, 37, 14, 17, 49]","[73, 60]","[33, 84, 44, 37, 14, 17, 49]",[1],"[73, 60]",[],7,1,2,0
672,10,5,"[1, 7, 70, 84, 5, 10, 90, 23, 68, 79]","[7, 70, 84, 5, 10, 90, 23, 68, 79]",[1],0.6697774750125709,0.08034704837840995,2.0,0,0,"[1, 7, 84, 5, 10, 90, 23, 68, 79]",[70],"[1, 7, 84, 5, 10, 90, 23, 68, 79]",[70],"[7, 84, 5, 10, 90, 23, 68, 79]",[1],[70],[],4,0.39880576729774475,"{""0"": 1.4951658248901367, ""1"": 1.9013125896453857, ""2"": -1.0, ""3"": 2.8047053813934326}",3,0,"[1, 23, 79]","[7, 70, 84, 5, 10, 90, 68]","[1, 23, 79]","[7, 70, 84, 5, 10, 90, 68]","[23, 79]",[1],"[7, 70, 84, 5, 10, 90, 68]",[],"[1, 23, 79]","[7, 70, 84, 5, 10, 90, 68]","[23, 79]",[1],"[7, 70, 84, 5, 10, 90, 68]",[],2,1,7,0
673,10,5,"[1, 33, 65, 21, 69, 2, 4, 87, 76, 3]","[33, 65, 21, 69, 87, 76]","[1, 2, 4, 3]",0.698833811436445,0.06374144003342286,2.0,0,0,"[33, 65, 21, 4, 87, 76, 3]","[1, 69, 2]","[33, 65, 21, 4, 87, 76, 3]","[1, 69, 2]","[33, 65, 21, 87, 76]","[4, 3]",[69],"[1, 2]",2,0.49022868275642395,"{""0"": 2.3423922061920166, ""1"": -1.0}",0,0,"[33, 21, 4, 87, 76, 3]","[1, 65, 69, 2]","[33, 21, 4, 87, 76, 3]","[1, 65, 69, 2]","[33, 21, 87, 76]","[4, 3]","[65, 69]","[1, 2]","[33, 21, 4, 87, 76, 3]","[1, 65, 69, 2]","[33, 21, 87, 76]","[4, 3]","[65, 69]","[1, 2]",4,2,2,2
674,10,5,"[2, 32, 50, 42, 4, 37, 82, 46, 52, 68]","[32, 50, 42, 37, 82, 46, 52, 68]","[2, 4]",0.7514700655871148,0.14353787979956129,2.0,0,0,"[2, 32, 50, 42, 4, 37, 82, 46, 52, 68]",[],"[2, 32, 50, 42, 4, 37, 82, 46, 52, 68]",[],"[32, 50, 42, 37, 82, 46, 52, 68]","[2, 4]",[],[],2,0.4080772399902344,"{""0"": 0.48246636986732483, ""1"": -1.0}",0,0,"[2, 32, 42, 4, 37, 82, 46, 52, 68]",[50],"[2, 32, 42, 4, 37, 82, 46, 52, 68]",[50],"[32, 42, 37, 82, 46, 52, 68]","[2, 4]",[50],[],"[2, 32, 42, 4, 37, 82, 46, 52, 68]",[50],"[32, 42, 37, 82, 46, 52, 68]","[2, 4]",[50],[],7,2,1,0
675,10,5,"[3, 80, 54, 77, 6, 5, 11, 22, 28, 25]","[80, 54, 77, 6, 5, 11, 22, 28, 25]",[3],0.7125839832624671,0.08290451137357735,2.0,0,0,"[3, 80, 77, 6, 5, 11, 22, 28, 25]",[54],"[3, 80, 77, 6, 5, 11, 22, 28, 25]",[54],"[80, 77, 6, 5, 11, 22, 28, 25]",[3],[54],[],4,0.38745689392089844,"{""0"": 4.022980690002441, ""1"": 1.9299697875976562, ""2"": -1.0, ""3"": -1.0}",0,0,"[3, 77, 6, 5, 11]","[80, 54, 22, 28, 25]","[3, 77, 6, 5, 11]","[80, 54, 22, 28, 25]","[77, 6, 5, 11]",[3],"[80, 54, 22, 28, 25]",[],"[3, 77, 6, 5, 11]","[80, 54, 22, 28, 25]","[77, 6, 5, 11]",[3],"[80, 54, 22, 28, 25]",[],4,1,5,0
676,10,5,"[0, 41, 18, 39, 2, 35, 16, 82, 59, 42]","[41, 18, 39, 35, 16, 82, 59, 42]","[0, 2]",0.9075130548927173,0.12779098557205082,2.0,0,0,"[0, 41, 18, 39, 2, 35, 16, 82, 59, 42]",[],"[0, 41, 18, 39, 2, 35, 16, 82, 59, 42]",[],"[41, 18, 39, 35, 16, 82, 59, 42]","[0, 2]",[],[],2,0.6257690787315369,"{""0"": 2.947784423828125, ""1"": 1.9972765445709229}",0,0,"[0, 41, 18, 39, 2, 35, 16, 42]","[82, 59]","[0, 41, 18, 39, 2, 35, 16, 42]","[82, 59]","[41, 18, 39, 35, 16, 42]","[0, 2]","[82, 59]",[],"[0, 41, 18, 39, 2, 35, 16, 42]","[82, 59]","[41, 18, 39, 35, 16, 42]","[0, 2]","[82, 59]",[],6,2,2,0
677,10,5,"[4, 89, 35, 19, 60, 55, 67, 54, 12, 84]","[89, 35, 19, 60, 55, 67, 54, 12, 84]",[4],0.7835841589356145,0.13401011778182148,2.0,0,0,"[4, 89, 35, 19, 60, 55, 67, 54, 12, 84]",[],"[4, 89, 35, 19, 60, 55, 67, 54, 12, 84]",[],"[89, 35, 19, 60, 55, 67, 54, 12, 84]",[4],[],[],4,0.46115317940711975,"{""0"": 1.984026551246643, ""1"": 4.338616847991943, ""2"": -1.0, ""3"": -1.0}",1,0,"[4, 89, 35, 55, 67, 84]","[19, 60, 54, 12]","[4, 89, 35, 55, 67, 84]","[19, 60, 54, 12]","[89, 35, 55, 67, 84]",[4],"[19, 60, 54, 12]",[],"[4, 89, 35, 55, 67, 84]","[19, 60, 54, 12]","[89, 35, 55, 67, 84]",[4],"[19, 60, 54, 12]",[],5,1,4,0
678,10,5,"[1, 62, 58, 94, 74, 96, 26, 31, 29, 43]","[62, 58, 94, 74, 96, 26, 31, 29, 43]",[1],0.7427850546377031,0.1032582562529214,2.0,0,0,"[1, 62, 58, 94, 74, 96, 26, 31, 29, 43]",[],"[1, 62, 58, 94, 74, 96, 26, 31, 29, 43]",[],"[62, 58, 94, 74, 96, 26, 31, 29, 43]",[1],[],[],3,0.41775625944137573,"{""0"": 1.9974998235702515, ""1"": 1.56893789768219, ""2"": -1.0}",0,0,"[1, 94, 74, 96, 26, 29, 43]","[62, 58, 31]","[1, 94, 74, 96, 26, 29, 43]","[62, 58, 31]","[94, 74, 96, 26, 29, 43]",[1],"[62, 58, 31]",[],"[1, 94, 74, 96, 26, 29, 43]","[62, 58, 31]","[94, 74, 96, 26, 29, 43]",[1],"[62, 58, 31]",[],6,1,3,0
679,10,5,"[3, 79, 40, 20, 2, 12, 71, 35, 33, 42]","[79, 40, 20, 12, 71, 35, 33, 42]","[3, 2]",0.7972986892571532,0.1540117222688453,2.0,0,0,"[3, 79, 40, 20, 2, 12, 71, 35, 33, 42]",[],"[3, 79, 40, 20, 2, 12, 71, 35, 33, 42]",[],"[79, 40, 20, 12, 71, 35, 33, 42]","[3, 2]",[],[],2,0.3209777772426605,"{""0"": 2.0384132862091064, ""1"": 2.9632773399353027}",1,0,"[2, 71, 35, 33, 42]","[3, 79, 40, 20, 12]","[2, 71, 35, 33, 42]","[3, 79, 40, 20, 12]","[71, 35, 33, 42]",[2],"[79, 40, 20, 12]",[3],"[2, 71, 35, 33, 42]","[3, 79, 40, 20, 12]","[71, 35, 33, 42]",[2],"[79, 40, 20, 12]",[3],4,1,4,1
680,10,5,"[3, 51, 49, 11, 54, 92, 86, 23, 74, 99]","[51, 49, 11, 54, 92, 86, 23, 74, 99]",[3],0.7437867419607289,0.05486826504580611,2.0,0,0,"[3, 51, 49, 11, 92, 86, 23, 99]","[54, 74]","[3, 51, 49, 11, 92, 86, 23, 99]","[54, 74]","[51, 49, 11, 92, 86, 23, 99]",[3],"[54, 74]",[],2,0.4989994466304779,"{""0"": 2.7893640995025635, ""1"": 1.9025003910064697}",0,0,"[3, 51, 11, 92, 23, 99]","[49, 54, 86, 74]","[3, 51, 11, 92, 23, 99]","[49, 54, 86, 74]","[51, 11, 92, 23, 99]",[3],"[49, 54, 86, 74]",[],"[3, 51, 11, 92, 23, 99]","[49, 54, 86, 74]","[51, 11, 92, 23, 99]",[3],"[49, 54, 86, 74]",[],5,1,4,0
681,10,5,"[2, 7, 94, 54, 37, 9, 1, 28, 10, 69]","[7, 94, 54, 37, 9, 28, 10, 69]","[2, 1]",0.7732590228890495,0.1421840729665647,2.0,0,0,"[2, 7, 94, 54, 37, 9, 1, 28, 10, 69]",[],"[2, 7, 94, 54, 37, 9, 1, 28, 10, 69]",[],"[7, 94, 54, 37, 9, 28, 10, 69]","[2, 1]",[],[],2,0.6694647073745728,"{""0"": 2.6856446266174316, ""1"": -1.0}",0,0,"[2, 7, 94, 37, 9, 1, 28, 10, 69]",[54],"[2, 7, 94, 37, 9, 1, 28, 10, 69]",[54],"[7, 94, 37, 9, 28, 10, 69]","[2, 1]",[54],[],"[2, 7, 94, 37, 9, 1, 28, 10, 69]",[54],"[7, 94, 37, 9, 28, 10, 69]","[2, 1]",[54],[],7,2,1,0
682,10,5,"[2, 9, 82, 84, 63, 32, 86, 24, 53, 48]","[9, 82, 84, 63, 32, 86, 24, 53, 48]",[2],0.6940217756162244,0.1090441617660528,2.0,0,0,"[2, 9, 82, 84, 63, 32, 86, 53]","[24, 48]","[2, 9, 82, 84, 63, 32, 86, 53]","[24, 48]","[9, 82, 84, 63, 32, 86, 53]",[2],"[24, 48]",[],3,0.49863582849502563,"{""0"": 3.5830800533294678, ""1"": -1.0, ""2"": -1.0}",0,0,"[2, 9, 84, 63, 86, 53]","[82, 32, 24, 48]","[2, 9, 84, 63, 86, 53]","[82, 32, 24, 48]","[9, 84, 63, 86, 53]",[2],"[82, 32, 24, 48]",[],"[2, 9, 84, 63, 86, 53]","[82, 32, 24, 48]","[9, 84, 63, 86, 53]",[2],"[82, 32, 24, 48]",[],5,1,4,0
683,10,5,"[1, 28, 33, 82, 55, 48, 90, 47, 37, 96]","[28, 33, 82, 55, 48, 90, 47, 37, 96]",[1],0.7468615414375499,0.11634103825879005,2.0,0,0,"[1, 28, 33, 82, 55, 90, 47, 37, 96]",[48],"[1, 28, 33, 82, 55, 90, 47, 37, 96]",[48],"[28, 33, 82, 55, 90, 47, 37, 96]",[1],[48],[],2,0.5163686871528625,"{""0"": 3.457125186920166, ""1"": 1.6642764806747437}",0,0,"[1, 28, 33, 55, 90, 47, 37]","[82, 48, 96]","[1, 28, 33, 55, 90, 47, 37]","[82, 48, 96]","[28, 33, 55, 90, 47, 37]",[1],"[82, 48, 96]",[],"[1, 28, 33, 55, 90, 47, 37]","[82, 48, 96]","[28, 33, 55, 90, 47, 37]",[1],"[82, 48, 96]",[],6,1,3,0
684,10,5,"[0, 17, 85, 8, 29, 98, 70, 36, 95, 53]","[17, 85, 8, 29, 98, 70, 36, 95, 53]",[0],0.7866331806007417,0.08023085102731004,2.0,0,0,"[17, 85, 8, 29, 98, 70, 36, 53]","[0, 95]","[17, 85, 8, 29, 98, 70, 36, 53]","[0, 95]","[17, 85, 8, 29, 98, 70, 36, 53]",[],[95],[0],2,0.45263734459877014,"{""0"": 3.701854944229126, ""1"": -1.0}",0,0,"[17, 8, 29, 98, 70, 36, 53]","[0, 85, 95]","[17, 8, 29, 98, 70, 36, 53]","[0, 85, 95]","[17, 8, 29, 98, 70, 36, 53]",[],"[85, 95]",[0],"[17, 8, 29, 98, 70, 36, 53]","[0, 85, 95]","[17, 8, 29, 98, 70, 36, 53]",[],"[85, 95]",[0],7,0,2,1
685,10,5,"[3, 87, 23, 56, 34, 39, 7, 10, 78, 97]","[87, 23, 56, 34, 39, 7, 10, 78, 97]",[3],0.581297323941496,0.019590729541036578,2.0,0,0,"[3, 87, 23, 56, 34, 39, 78]","[7, 10, 97]","[3, 87, 23, 56, 34, 39, 78]","[7, 10, 97]","[87, 23, 56, 34, 39, 78]",[3],"[7, 10, 97]",[],2,0.5927477478981018,"{""0"": 3.8063106536865234, ""1"": -1.0}",0,0,"[3, 87, 23, 34, 39, 78]","[56, 7, 10, 97]","[3, 87, 23, 34, 39, 78]","[56, 7, 10, 97]","[87, 23, 34, 39, 78]",[3],"[56, 7, 10, 97]",[],"[3, 87, 23, 34, 39, 78]","[56, 7, 10, 97]","[87, 23, 34, 39, 78]",[3],"[56, 7, 10, 97]",[],5,1,4,0
686,10,5,"[4, 80, 23, 91, 66, 78, 15, 39, 87, 27]","[80, 23, 91, 66, 78, 15, 39, 87, 27]",[4],0.5688152235709382,0.1245871266459834,2.0,0,0,"[4, 80, 23, 91, 66, 78, 15, 39, 87, 27]",[],"[4, 80, 23, 91, 66, 78, 15, 39, 87, 27]",[],"[80, 23, 91, 66, 78, 15, 39, 87, 27]",[4],[],[],2,0.4205079972743988,"{""0"": 1.5858604907989502, ""1"": 1.7674775123596191}",1,0,"[80, 27]","[4, 23, 91, 66, 78, 15, 39, 87]","[80, 27]","[4, 23, 91, 66, 78, 15, 39, 87]","[80, 27]",[],"[23, 91, 66, 78, 15, 39, 87]",[4],"[80, 27]","[4, 23, 91, 66, 78, 15, 39, 87]","[80, 27]",[],"[23, 91, 66, 78, 15, 39, 87]",[4],2,0,7,1
687,10,5,"[2, 28, 44, 82, 34, 24, 81, 92, 56, 17]","[28, 44, 82, 34, 24, 81, 92, 56, 17]",[2],0.8361538771843211,0.14343821707073168,2.0,0,0,"[2, 28, 44, 82, 34, 24, 81, 92, 56, 17]",[],"[2, 28, 44, 82, 34, 24, 81, 92, 56, 17]",[],"[28, 44, 82, 34, 24, 81, 92, 56, 17]",[2],[],[],2,0.4328538477420807,"{""0"": 1.6482691764831543, ""1"": 1.7404468059539795}",1,0,"[24, 17]","[2, 28, 44, 82, 34, 81, 92, 56]","[24, 17]","[2, 28, 44, 82, 34, 81, 92, 56]","[24, 17]",[],"[28, 44, 82, 34, 81, 92, 56]",[2],"[24, 17]","[2, 28, 44, 82, 34, 81, 92, 56]","[24, 17]",[],"[28, 44, 82, 34, 81, 92, 56]",[2],2,0,7,1
688,10,5,"[4, 86, 55, 96, 83, 0, 64, 89, 66, 11]","[86, 55, 96, 83, 64, 89, 66, 11]","[4, 0]",0.8436247300957507,0.2873813390586936,2.0,0,0,"[4, 86, 55, 96, 83, 0, 64, 89, 66, 11]",[],"[4, 86, 55, 96, 83, 0, 64, 89, 66, 11]",[],"[86, 55, 96, 83, 64, 89, 66, 11]","[4, 0]",[],[],2,0.8176080584526062,"{""0"": 6.6932454109191895, ""1"": -1.0}",0,0,"[4, 86, 55, 96, 83, 64, 89, 66, 11]",[0],"[4, 86, 55, 96, 83, 64, 89, 66, 11]",[0],"[86, 55, 96, 83, 64, 89, 66, 11]",[4],[],[0],"[4, 86, 55, 96, 83, 64, 89, 66, 11]",[0],"[86, 55, 96, 83, 64, 89, 66, 11]",[4],[],[0],8,1,0,1
689,10,5,"[1, 65, 37, 92, 59, 43, 10, 32, 95, 98]","[65, 37, 92, 59, 43, 10, 32, 95, 98]",[1],0.7943407048374524,0.1498631107503287,2.0,0,0,"[1, 65, 37, 92, 59, 43, 10, 32, 98]",[95],"[1, 65, 37, 92, 59, 43, 10, 32, 98]",[95],"[65, 37, 92, 59, 43, 10, 32, 98]",[1],[95],[],2,0.6481743454933167,"{""0"": 2.853687286376953, ""1"": -1.0}",0,0,"[1, 65, 37, 92, 59, 43, 10, 98]","[32, 95]","[1, 65, 37, 92, 59, 43, 10, 98]","[32, 95]","[65, 37, 92, 59, 43, 10, 98]",[1],"[32, 95]",[],"[1, 65, 37, 92, 59, 43, 10, 98]","[32, 95]","[65, 37, 92, 59, 43, 10, 98]",[1],"[32, 95]",[],7,1,2,0
690,10,5,"[2, 6, 60, 87, 35, 80, 12, 65, 95, 41]","[6, 60, 87, 35, 80, 12, 65, 95, 41]",[2],0.8108522337047247,0.13008260536341065,2.0,0,0,"[2, 6, 87, 35, 80, 12, 65, 95, 41]",[60],"[2, 6, 87, 35, 80, 12, 65, 95, 41]",[60],"[6, 87, 35, 80, 12, 65, 95, 41]",[2],[60],[],2,0.4292522370815277,"{""0"": 1.4511706829071045, ""1"": -1.0}",0,0,"[2, 6, 87, 35, 80, 12, 65, 41]","[60, 95]","[2, 6, 87, 35, 80, 12, 65, 41]","[60, 95]","[6, 87, 35, 80, 12, 65, 41]",[2],"[60, 95]",[],"[2, 6, 87, 35, 80, 12, 65, 41]","[60, 95]","[6, 87, 35, 80, 12, 65, 41]",[2],"[60, 95]",[],7,1,2,0
691,10,5,"[0, 48, 90, 69, 18, 86, 34, 7, 98, 45]","[48, 90, 69, 18, 86, 34, 7, 98, 45]",[0],0.7425510559584332,0.1413712180631742,2.0,0,0,"[0, 90, 69, 18, 86, 34, 7, 98, 45]",[48],"[0, 90, 69, 18, 86, 34, 7, 98, 45]",[48],"[90, 69, 18, 86, 34, 7, 98, 45]",[0],[48],[],2,0.4071432650089264,"{""0"": 2.0296401977539062, ""1"": -1.0}",0,0,"[90, 69, 18, 86, 34, 7, 98, 45]","[0, 48]","[90, 69, 18, 86, 34, 7, 98, 45]","[0, 48]","[90, 69, 18, 86, 34, 7, 98, 45]",[],[48],[0],"[90, 69, 18, 86, 34, 7, 98, 45]","[0, 48]","[90, 69, 18, 86, 34, 7, 98, 45]",[],[48],[0],8,0,1,1
692,10,5,"[2, 99, 35, 54, 92, 45, 10, 17, 8, 52]","[99, 35, 54, 92, 45, 10, 17, 8, 52]",[2],0.8665936844605103,0.05904903965495295,2.0,0,0,"[2, 99, 35, 92, 45, 10, 17, 8, 52]",[54],"[2, 99, 35, 92, 45, 10, 17, 8, 52]",[54],"[99, 35, 92, 45, 10, 17, 8, 52]",[2],[54],[],2,0.4893655776977539,"{""0"": 2.266058921813965, ""1"": 1.9999393224716187}",0,0,"[2, 35, 92, 45, 10, 17, 52]","[99, 54, 8]","[2, 35, 92, 45, 10, 17, 52]","[99, 54, 8]","[35, 92, 45, 10, 17, 52]",[2],"[99, 54, 8]",[],"[2, 35, 92, 45, 10, 17, 52]","[99, 54, 8]","[35, 92, 45, 10, 17, 52]",[2],"[99, 54, 8]",[],6,1,3,0
693,10,5,"[4, 2, 85, 81, 83, 56, 14, 13, 80, 93]","[85, 81, 83, 56, 14, 13, 80, 93]","[4, 2]",0.8131105669879706,0.04422814258541058,2.0,0,0,"[2, 81, 83, 56, 14, 80, 93]","[4, 85, 13]","[2, 81, 83, 56, 14, 80, 93]","[4, 85, 13]","[81, 83, 56, 14, 80, 93]",[2],"[85, 13]",[4],2,0.5158931016921997,"{""0"": 1.051115870475769, ""1"": -1.0}",0,0,"[2, 81, 83, 14, 80, 93]","[4, 85, 56, 13]","[2, 81, 83, 14, 80, 93]","[4, 85, 56, 13]","[81, 83, 14, 80, 93]",[2],"[85, 56, 13]",[4],"[2, 81, 83, 14, 80, 93]","[4, 85, 56, 13]","[81, 83, 14, 80, 93]",[2],"[85, 56, 13]",[4],5,1,3,1
694,10,5,"[2, 99, 76, 59, 28, 82, 57, 20, 43, 31]","[99, 76, 59, 28, 82, 57, 20, 43, 31]",[2],0.7117210756095398,0.13776317047101294,2.0,0,0,"[2, 99, 76, 59, 28, 82, 57, 20, 43]",[31],"[2, 99, 76, 59, 28, 82, 57, 20, 43]",[31],"[99, 76, 59, 28, 82, 57, 20, 43]",[2],[31],[],3,0.5028483867645264,"{""0"": 2.7666311264038086, ""1"": -1.0, ""2"": 1.9732441902160645}",0,0,"[99, 76, 28, 57, 20, 43]","[2, 59, 82, 31]","[99, 76, 28, 57, 20, 43]","[2, 59, 82, 31]","[99, 76, 28, 57, 20, 43]",[],"[59, 82, 31]",[2],"[99, 76, 28, 57, 20, 43]","[2, 59, 82, 31]","[99, 76, 28, 57, 20, 43]",[],"[59, 82, 31]",[2],6,0,3,1
695,10,5,"[0, 30, 16, 41, 69, 35, 49, 40, 98, 77]","[30, 16, 41, 69, 35, 49, 40, 98, 77]",[0],0.7423629551246679,0.08643691024369621,2.0,0,0,"[30, 16, 41, 69, 35, 49, 40, 98, 77]",[0],"[30, 16, 41, 69, 35, 49, 40, 98, 77]",[0],"[30, 16, 41, 69, 35, 49, 40, 98, 77]",[],[],[0],2,0.5901085734367371,"{""0"": 3.065230131149292, ""1"": -1.0}",0,0,"[30, 16, 69, 35, 49, 40, 98, 77]","[0, 41]","[30, 16, 69, 35, 49, 40, 98, 77]","[0, 41]","[30, 16, 69, 35, 49, 40, 98, 77]",[],[41],[0],"[30, 16, 69, 35, 49, 40, 98, 77]","[0, 41]","[30, 16, 69, 35, 49, 40, 98, 77]",[],[41],[0],8,0,1,1
696,10,5,"[2, 35, 98, 17, 71, 3, 89, 42, 33, 87]","[35, 98, 17, 71, 89, 42, 33, 87]","[2, 3]",0.7379588018237027,0.18869074395251367,2.0,0,0,"[2, 35, 98, 17, 71, 3, 89, 42, 33, 87]",[],"[2, 35, 98, 17, 71, 3, 89, 42, 33, 87]",[],"[35, 98, 17, 71, 89, 42, 33, 87]","[2, 3]",[],[],2,0.6122208833694458,"{""0"": 2.7229557037353516, ""1"": -1.0}",0,0,"[2, 35, 98, 17, 71, 3, 89, 33, 87]",[42],"[2, 35, 98, 17, 71, 3, 89, 33, 87]",[42],"[35, 98, 17, 71, 89, 33, 87]","[2, 3]",[42],[],"[2, 35, 98, 17, 71, 3, 89, 33, 87]",[42],"[35, 98, 17, 71, 89, 33, 87]","[2, 3]",[42],[],7,2,1,0
697,10,5,"[0, 8, 75, 22, 94, 97, 27, 14, 74, 46]","[8, 75, 22, 94, 97, 27, 14, 74, 46]",[0],0.6016898317227886,0.14372661947080917,2.0,0,0,"[0, 8, 75, 22, 94, 27, 14, 74, 46]",[97],"[0, 8, 75, 22, 94, 27, 14, 74, 46]",[97],"[8, 75, 22, 94, 27, 14, 74, 46]",[0],[97],[],2,0.5520740151405334,"{""0"": 3.4490480422973633, ""1"": -1.0}",0,0,"[0, 8, 75, 22, 94, 27, 14, 74]","[97, 46]","[0, 8, 75, 22, 94, 27, 14, 74]","[97, 46]","[8, 75, 22, 94, 27, 14, 74]",[0],"[97, 46]",[],"[0, 8, 75, 22, 94, 27, 14, 74]","[97, 46]","[8, 75, 22, 94, 27, 14, 74]",[0],"[97, 46]",[],7,1,2,0
698,10,5,"[0, 61, 72, 64, 32, 2, 44, 88, 25, 75]","[61, 72, 64, 32, 44, 88, 25, 75]","[0, 2]",0.7258669923972234,0.05990510220584461,2.0,0,0,"[0, 61, 64, 32, 2, 44, 25, 75]","[72, 88]","[0, 61, 64, 32, 2, 44, 25, 75]","[72, 88]","[61, 64, 32, 44, 25, 75]","[0, 2]","[72, 88]",[],3,0.6971576809883118,"{""0"": 4.5065836906433105, ""1"": 1.9971259832382202, ""2"": -1.0}",0,0,"[0, 2, 44, 25, 75]","[61, 72, 64, 32, 88]","[0, 2, 44, 25, 75]","[61, 72, 64, 32, 88]","[44, 25, 75]","[0, 2]","[61, 72, 64, 32, 88]",[],"[0, 2, 44, 25, 75]","[61, 72, 64, 32, 88]","[44, 25, 75]","[0, 2]","[61, 72, 64, 32, 88]",[],3,2,5,0
699,10,5,"[0, 5, 31, 98, 35, 82, 94, 81, 27, 24]","[5, 31, 98, 35, 82, 94, 81, 27, 24]",[0],0.7792965566190775,0.05983352699705152,2.0,0,0,"[0, 5, 35, 82, 94, 81, 27, 24]","[31, 98]","[0, 5, 35, 82, 94, 81, 27, 24]","[31, 98]","[5, 35, 82, 94, 81, 27, 24]",[0],"[31, 98]",[],2,0.44259148836135864,"{""0"": 2.4840121269226074, ""1"": 2.8155503273010254}",1,0,"[82, 81, 27]","[0, 5, 31, 98, 35, 94, 24]","[82, 81, 27]","[0, 5, 31, 98, 35, 94, 24]","[82, 81, 27]",[],"[5, 31, 98, 35, 94, 24]",[0],"[82, 81, 27]","[0, 5, 31, 98, 35, 94, 24]","[82, 81, 27]",[],"[5, 31, 98, 35, 94, 24]",[0],3,0,6,1
700,10,5,"[4, 21, 50, 19, 3, 43, 88, 47, 99, 91]","[21, 50, 19, 43, 88, 47, 99, 91]","[4, 3]",0.810393533062315,0.1748639718247555,2.0,0,0,"[4, 21, 50, 19, 3, 43, 47, 99, 91]",[88],"[4, 21, 50, 19, 3, 43, 47, 99, 91]",[88],"[21, 50, 19, 43, 47, 99, 91]","[4, 3]",[88],[],3,0.45430436730384827,"{""0"": 1.2192573547363281, ""1"": 5.326253890991211, ""2"": -1.0}",1,0,"[4, 21, 50, 3, 43, 91]","[19, 88, 47, 99]","[4, 21, 50, 3, 43, 91]","[19, 88, 47, 99]","[21, 50, 43, 91]","[4, 3]","[19, 88, 47, 99]",[],"[4, 21, 50, 3, 43, 91]","[19, 88, 47, 99]","[21, 50, 43, 91]","[4, 3]","[19, 88, 47, 99]",[],4,2,4,0
