epoch,method,status,initial_participants,final_selected,rejected,num_initial,num_final,stage_names,pkl_path
1,foolsgold,success,"[3, 71, 32, 58, 4, 24, 62, 67, 43, 29]","[71, 32, 58, 67, 43, 29]","[3, 4, 24, 62]",10,6,"[""foolsgold""]",../main/re_result_6-29_APRA/cifar10_500_Jun.30_11.27.43_foolsgold_fix_True_no-mia_no-mia-class_no-noise_modelreplace_2/agg_records/pkl/round_0001_foolsgold.pkl
2,foolsgold,success,"[3, 73, 72, 99, 20, 15, 37, 93, 74, 22]","[73, 72, 37, 93, 74]","[3, 99, 20, 15, 22]",10,5,"[""foolsgold""]",../main/re_result_6-29_APRA/cifar10_500_Jun.30_11.27.43_foolsgold_fix_True_no-mia_no-mia-class_no-noise_modelreplace_2/agg_records/pkl/round_0002_foolsgold.pkl
3,foolsgold,success,"[2, 11, 29, 61, 14, 62, 31, 0, 55, 89]","[11, 29, 61, 62, 31, 89]","[2, 14, 0, 55]",10,6,"[""foolsgold""]",../main/re_result_6-29_APRA/cifar10_500_Jun.30_11.27.43_foolsgold_fix_True_no-mia_no-mia-class_no-noise_modelreplace_2/agg_records/pkl/round_0003_foolsgold.pkl
4,foolsgold,success,"[1, 73, 5, 68, 48, 28, 53, 72, 34, 88]","[1, 5, 68, 48, 28, 53, 72, 88]","[73, 34]",10,8,"[""foolsgold""]",../main/re_result_6-29_APRA/cifar10_500_Jun.30_11.27.43_foolsgold_fix_True_no-mia_no-mia-class_no-noise_modelreplace_2/agg_records/pkl/round_0004_foolsgold.pkl
5,foolsgold,success,"[4, 27, 55, 98, 67, 16, 57, 21, 26, 69]","[4, 55, 67, 16, 21, 26, 69]","[27, 98, 57]",10,7,"[""foolsgold""]",../main/re_result_6-29_APRA/cifar10_500_Jun.30_11.27.43_foolsgold_fix_True_no-mia_no-mia-class_no-noise_modelreplace_2/agg_records/pkl/round_0005_foolsgold.pkl
6,foolsgold,success,"[3, 55, 44, 86, 53, 6, 52, 61, 62, 48]","[55, 53, 6, 52, 61, 48]","[3, 44, 86, 62]",10,6,"[""foolsgold""]",../main/re_result_6-29_APRA/cifar10_500_Jun.30_11.27.43_foolsgold_fix_True_no-mia_no-mia-class_no-noise_modelreplace_2/agg_records/pkl/round_0006_foolsgold.pkl
7,foolsgold,success,"[2, 73, 46, 58, 32, 95, 97, 42, 38, 13]","[2, 46, 58, 32, 95, 97, 38]","[73, 42, 13]",10,7,"[""foolsgold""]",../main/re_result_6-29_APRA/cifar10_500_Jun.30_11.27.43_foolsgold_fix_True_no-mia_no-mia-class_no-noise_modelreplace_2/agg_records/pkl/round_0007_foolsgold.pkl
8,foolsgold,success,"[0, 41, 96, 97, 82, 86, 57, 62, 85, 17]","[0, 17]","[41, 96, 97, 82, 86, 57, 62, 85]",10,2,"[""foolsgold""]",../main/re_result_6-29_APRA/cifar10_500_Jun.30_11.27.43_foolsgold_fix_True_no-mia_no-mia-class_no-noise_modelreplace_2/agg_records/pkl/round_0008_foolsgold.pkl
9,foolsgold,success,"[2, 1, 38, 6, 23, 43, 89, 96, 69, 84]","[23, 43, 96, 69, 84]","[2, 1, 38, 6, 89]",10,5,"[""foolsgold""]",../main/re_result_6-29_APRA/cifar10_500_Jun.30_11.27.43_foolsgold_fix_True_no-mia_no-mia-class_no-noise_modelreplace_2/agg_records/pkl/round_0009_foolsgold.pkl
10,foolsgold,success,"[4, 95, 65, 71, 9, 3, 81, 70, 41, 42]","[81, 70]","[4, 95, 65, 71, 9, 3, 41, 42]",10,2,"[""foolsgold""]",../main/re_result_6-29_APRA/cifar10_500_Jun.30_11.27.43_foolsgold_fix_True_no-mia_no-mia-class_no-noise_modelreplace_2/agg_records/pkl/round_0010_foolsgold.pkl
11,foolsgold,success,"[4, 58, 20, 28, 44, 63, 65, 38, 97, 47]","[58, 20, 28, 63, 65, 38, 97, 47]","[4, 44]",10,8,"[""foolsgold""]",../main/re_result_6-29_APRA/cifar10_500_Jun.30_11.27.43_foolsgold_fix_True_no-mia_no-mia-class_no-noise_modelreplace_2/agg_records/pkl/round_0011_foolsgold.pkl
12,foolsgold,success,"[3, 81, 20, 6, 68, 2, 37, 15, 11, 48]","[81, 20, 6, 68, 37, 15, 11, 48]","[3, 2]",10,8,"[""foolsgold""]",../main/re_result_6-29_APRA/cifar10_500_Jun.30_11.27.43_foolsgold_fix_True_no-mia_no-mia-class_no-noise_modelreplace_2/agg_records/pkl/round_0012_foolsgold.pkl
13,foolsgold,success,"[0, 60, 95, 98, 39, 75, 32, 15, 52, 49]","[0, 60, 95, 39, 32, 15]","[98, 75, 52, 49]",10,6,"[""foolsgold""]",../main/re_result_6-29_APRA/cifar10_500_Jun.30_11.27.43_foolsgold_fix_True_no-mia_no-mia-class_no-noise_modelreplace_2/agg_records/pkl/round_0013_foolsgold.pkl
14,foolsgold,success,"[0, 67, 86, 16, 55, 99, 88, 15, 12, 44]","[67, 86, 16, 55, 88, 15]","[0, 99, 12, 44]",10,6,"[""foolsgold""]",../main/re_result_6-29_APRA/cifar10_500_Jun.30_11.27.43_foolsgold_fix_True_no-mia_no-mia-class_no-noise_modelreplace_2/agg_records/pkl/round_0014_foolsgold.pkl
15,foolsgold,success,"[2, 81, 49, 56, 12, 30, 83, 37, 3, 91]","[81, 49, 56, 12, 83, 37, 91]","[2, 30, 3]",10,7,"[""foolsgold""]",../main/re_result_6-29_APRA/cifar10_500_Jun.30_11.27.43_foolsgold_fix_True_no-mia_no-mia-class_no-noise_modelreplace_2/agg_records/pkl/round_0015_foolsgold.pkl
16,foolsgold,success,"[2, 57, 85, 84, 46, 6, 40, 43, 71, 39]","[2, 84, 40, 43, 39]","[57, 85, 46, 6, 71]",10,5,"[""foolsgold""]",../main/re_result_6-29_APRA/cifar10_500_Jun.30_11.27.43_foolsgold_fix_True_no-mia_no-mia-class_no-noise_modelreplace_2/agg_records/pkl/round_0016_foolsgold.pkl
17,foolsgold,success,"[0, 83, 71, 76, 18, 17, 81, 62, 3, 52]","[83, 18, 17, 81, 62, 52]","[0, 71, 76, 3]",10,6,"[""foolsgold""]",../main/re_result_6-29_APRA/cifar10_500_Jun.30_11.27.43_foolsgold_fix_True_no-mia_no-mia-class_no-noise_modelreplace_2/agg_records/pkl/round_0017_foolsgold.pkl
18,foolsgold,success,"[4, 80, 88, 5, 84, 50, 40, 78, 31, 43]","[4, 80, 5, 84, 50, 40, 78, 43]","[88, 31]",10,8,"[""foolsgold""]",../main/re_result_6-29_APRA/cifar10_500_Jun.30_11.27.43_foolsgold_fix_True_no-mia_no-mia-class_no-noise_modelreplace_2/agg_records/pkl/round_0018_foolsgold.pkl
19,foolsgold,success,"[3, 84, 45, 95, 90, 65, 6, 87, 29, 51]","[84, 45, 95, 90, 87, 51]","[3, 65, 6, 29]",10,6,"[""foolsgold""]",../main/re_result_6-29_APRA/cifar10_500_Jun.30_11.27.43_foolsgold_fix_True_no-mia_no-mia-class_no-noise_modelreplace_2/agg_records/pkl/round_0019_foolsgold.pkl
20,foolsgold,success,"[1, 72, 28, 52, 38, 63, 18, 22, 39, 47]","[1, 72, 28, 52, 38, 63, 18, 22, 39, 47]",[],10,10,"[""foolsgold""]",../main/re_result_6-29_APRA/cifar10_500_Jun.30_11.27.43_foolsgold_fix_True_no-mia_no-mia-class_no-noise_modelreplace_2/agg_records/pkl/round_0020_foolsgold.pkl
21,foolsgold,success,"[2, 99, 66, 96, 13, 63, 5, 68, 94, 29]","[2, 99, 96, 5, 68, 29]","[66, 13, 63, 94]",10,6,"[""foolsgold""]",../main/re_result_6-29_APRA/cifar10_500_Jun.30_11.27.43_foolsgold_fix_True_no-mia_no-mia-class_no-noise_modelreplace_2/agg_records/pkl/round_0021_foolsgold.pkl
22,foolsgold,success,"[1, 45, 9, 98, 99, 38, 83, 86, 24, 34]","[1, 45, 9, 99, 83]","[98, 38, 86, 24, 34]",10,5,"[""foolsgold""]",../main/re_result_6-29_APRA/cifar10_500_Jun.30_11.27.43_foolsgold_fix_True_no-mia_no-mia-class_no-noise_modelreplace_2/agg_records/pkl/round_0022_foolsgold.pkl
23,foolsgold,success,"[2, 83, 82, 79, 81, 91, 53, 52, 90, 32]","[2, 83, 82, 79, 81, 91, 53, 52, 90, 32]",[],10,10,"[""foolsgold""]",../main/re_result_6-29_APRA/cifar10_500_Jun.30_11.27.43_foolsgold_fix_True_no-mia_no-mia-class_no-noise_modelreplace_2/agg_records/pkl/round_0023_foolsgold.pkl
24,foolsgold,success,"[4, 5, 99, 6, 94, 34, 46, 28, 76, 91]","[4, 5, 99, 34, 28, 76, 91]","[6, 94, 46]",10,7,"[""foolsgold""]",../main/re_result_6-29_APRA/cifar10_500_Jun.30_11.27.43_foolsgold_fix_True_no-mia_no-mia-class_no-noise_modelreplace_2/agg_records/pkl/round_0024_foolsgold.pkl
25,foolsgold,success,"[4, 2, 35, 90, 93, 71, 98, 70, 95, 54]","[35, 90, 93, 70, 95, 54]","[4, 2, 71, 98]",10,6,"[""foolsgold""]",../main/re_result_6-29_APRA/cifar10_500_Jun.30_11.27.43_foolsgold_fix_True_no-mia_no-mia-class_no-noise_modelreplace_2/agg_records/pkl/round_0025_foolsgold.pkl
26,foolsgold,success,"[3, 81, 22, 41, 14, 39, 1, 88, 74, 49]","[22, 41, 39, 88, 74, 49]","[3, 81, 14, 1]",10,6,"[""foolsgold""]",../main/re_result_6-29_APRA/cifar10_500_Jun.30_11.27.43_foolsgold_fix_True_no-mia_no-mia-class_no-noise_modelreplace_2/agg_records/pkl/round_0026_foolsgold.pkl
27,foolsgold,success,"[0, 95, 57, 7, 73, 75, 65, 58, 27, 10]","[0, 95, 7, 65, 58]","[57, 73, 75, 27, 10]",10,5,"[""foolsgold""]",../main/re_result_6-29_APRA/cifar10_500_Jun.30_11.27.43_foolsgold_fix_True_no-mia_no-mia-class_no-noise_modelreplace_2/agg_records/pkl/round_0027_foolsgold.pkl
28,foolsgold,success,"[3, 1, 76, 65, 15, 51, 53, 69, 72, 14]","[15, 69, 72]","[3, 1, 76, 65, 51, 53, 14]",10,3,"[""foolsgold""]",../main/re_result_6-29_APRA/cifar10_500_Jun.30_11.27.43_foolsgold_fix_True_no-mia_no-mia-class_no-noise_modelreplace_2/agg_records/pkl/round_0028_foolsgold.pkl
29,foolsgold,success,"[1, 3, 30, 81, 70, 38, 49, 78, 14, 87]","[30, 78]","[1, 3, 81, 70, 38, 49, 14, 87]",10,2,"[""foolsgold""]",../main/re_result_6-29_APRA/cifar10_500_Jun.30_11.27.43_foolsgold_fix_True_no-mia_no-mia-class_no-noise_modelreplace_2/agg_records/pkl/round_0029_foolsgold.pkl
30,foolsgold,success,"[1, 71, 13, 47, 7, 49, 33, 42, 34, 53]","[1, 47, 7, 49, 33, 34, 53]","[71, 13, 42]",10,7,"[""foolsgold""]",../main/re_result_6-29_APRA/cifar10_500_Jun.30_11.27.43_foolsgold_fix_True_no-mia_no-mia-class_no-noise_modelreplace_2/agg_records/pkl/round_0030_foolsgold.pkl
31,foolsgold,success,"[3, 20, 48, 57, 30, 15, 45, 29, 54, 14]","[3, 20, 48, 30, 15, 45, 29, 54]","[57, 14]",10,8,"[""foolsgold""]",../main/re_result_6-29_APRA/cifar10_500_Jun.30_11.27.43_foolsgold_fix_True_no-mia_no-mia-class_no-noise_modelreplace_2/agg_records/pkl/round_0031_foolsgold.pkl
32,foolsgold,success,"[1, 57, 52, 76, 65, 58, 51, 23, 99, 21]","[1, 52, 65]","[57, 76, 58, 51, 23, 99, 21]",10,3,"[""foolsgold""]",../main/re_result_6-29_APRA/cifar10_500_Jun.30_11.27.43_foolsgold_fix_True_no-mia_no-mia-class_no-noise_modelreplace_2/agg_records/pkl/round_0032_foolsgold.pkl
33,foolsgold,success,"[4, 46, 64, 96, 82, 75, 40, 63, 36, 47]","[96, 82, 75, 40, 47]","[4, 46, 64, 63, 36]",10,5,"[""foolsgold""]",../main/re_result_6-29_APRA/cifar10_500_Jun.30_11.27.43_foolsgold_fix_True_no-mia_no-mia-class_no-noise_modelreplace_2/agg_records/pkl/round_0033_foolsgold.pkl
34,foolsgold,success,"[0, 72, 8, 81, 73, 83, 65, 79, 58, 16]","[0, 8, 81, 73, 83, 65, 79, 16]","[72, 58]",10,8,"[""foolsgold""]",../main/re_result_6-29_APRA/cifar10_500_Jun.30_11.27.43_foolsgold_fix_True_no-mia_no-mia-class_no-noise_modelreplace_2/agg_records/pkl/round_0034_foolsgold.pkl
35,foolsgold,success,"[3, 30, 84, 29, 12, 98, 44, 64, 13, 55]","[30, 84, 29, 12, 64, 13]","[3, 98, 44, 55]",10,6,"[""foolsgold""]",../main/re_result_6-29_APRA/cifar10_500_Jun.30_11.27.43_foolsgold_fix_True_no-mia_no-mia-class_no-noise_modelreplace_2/agg_records/pkl/round_0035_foolsgold.pkl
36,foolsgold,success,"[0, 36, 23, 49, 11, 34, 99, 33, 58, 12]","[23, 49, 33, 58]","[0, 36, 11, 34, 99, 12]",10,4,"[""foolsgold""]",../main/re_result_6-29_APRA/cifar10_500_Jun.30_11.27.43_foolsgold_fix_True_no-mia_no-mia-class_no-noise_modelreplace_2/agg_records/pkl/round_0036_foolsgold.pkl
37,foolsgold,success,"[3, 43, 5, 34, 99, 14, 48, 24, 56, 37]","[3, 43, 5, 37]","[34, 99, 14, 48, 24, 56]",10,4,"[""foolsgold""]",../main/re_result_6-29_APRA/cifar10_500_Jun.30_11.27.43_foolsgold_fix_True_no-mia_no-mia-class_no-noise_modelreplace_2/agg_records/pkl/round_0037_foolsgold.pkl
38,foolsgold,success,"[2, 88, 85, 65, 95, 82, 19, 77, 54, 37]","[2, 88, 85, 19, 37]","[65, 95, 82, 77, 54]",10,5,"[""foolsgold""]",../main/re_result_6-29_APRA/cifar10_500_Jun.30_11.27.43_foolsgold_fix_True_no-mia_no-mia-class_no-noise_modelreplace_2/agg_records/pkl/round_0038_foolsgold.pkl
39,foolsgold,success,"[2, 33, 12, 85, 87, 74, 15, 29, 94, 60]","[2, 33, 85, 15, 29, 94]","[12, 87, 74, 60]",10,6,"[""foolsgold""]",../main/re_result_6-29_APRA/cifar10_500_Jun.30_11.27.43_foolsgold_fix_True_no-mia_no-mia-class_no-noise_modelreplace_2/agg_records/pkl/round_0039_foolsgold.pkl
40,foolsgold,success,"[4, 6, 33, 77, 65, 63, 55, 18, 2, 78]","[33, 55, 78]","[4, 6, 77, 65, 63, 18, 2]",10,3,"[""foolsgold""]",../main/re_result_6-29_APRA/cifar10_500_Jun.30_11.27.43_foolsgold_fix_True_no-mia_no-mia-class_no-noise_modelreplace_2/agg_records/pkl/round_0040_foolsgold.pkl
41,foolsgold,success,"[1, 71, 25, 57, 32, 77, 51, 42, 95, 22]","[1, 25, 32, 77, 95, 22]","[71, 57, 51, 42]",10,6,"[""foolsgold""]",../main/re_result_6-29_APRA/cifar10_500_Jun.30_11.27.43_foolsgold_fix_True_no-mia_no-mia-class_no-noise_modelreplace_2/agg_records/pkl/round_0041_foolsgold.pkl
42,foolsgold,success,"[2, 23, 61, 86, 54, 0, 91, 63, 37, 85]","[86, 54, 91, 85]","[2, 23, 61, 0, 63, 37]",10,4,"[""foolsgold""]",../main/re_result_6-29_APRA/cifar10_500_Jun.30_11.27.43_foolsgold_fix_True_no-mia_no-mia-class_no-noise_modelreplace_2/agg_records/pkl/round_0042_foolsgold.pkl
43,foolsgold,success,"[0, 40, 56, 34, 98, 35, 1, 22, 89, 16]","[35, 22, 89, 16]","[0, 40, 56, 34, 98, 1]",10,4,"[""foolsgold""]",../main/re_result_6-29_APRA/cifar10_500_Jun.30_11.27.43_foolsgold_fix_True_no-mia_no-mia-class_no-noise_modelreplace_2/agg_records/pkl/round_0043_foolsgold.pkl
44,foolsgold,success,"[1, 46, 25, 37, 20, 42, 44, 50, 12, 72]","[46, 25, 37, 20, 42, 50, 12, 72]","[1, 44]",10,8,"[""foolsgold""]",../main/re_result_6-29_APRA/cifar10_500_Jun.30_11.27.43_foolsgold_fix_True_no-mia_no-mia-class_no-noise_modelreplace_2/agg_records/pkl/round_0044_foolsgold.pkl
45,foolsgold,success,"[1, 19, 56, 93, 20, 12, 27, 69, 33, 16]","[1, 19, 56, 93, 20, 12, 27, 69, 33, 16]",[],10,10,"[""foolsgold""]",../main/re_result_6-29_APRA/cifar10_500_Jun.30_11.27.43_foolsgold_fix_True_no-mia_no-mia-class_no-noise_modelreplace_2/agg_records/pkl/round_0045_foolsgold.pkl
46,foolsgold,success,"[2, 45, 10, 1, 74, 86, 46, 35, 17, 81]","[10, 46, 35, 17]","[2, 45, 1, 74, 86, 81]",10,4,"[""foolsgold""]",../main/re_result_6-29_APRA/cifar10_500_Jun.30_11.27.43_foolsgold_fix_True_no-mia_no-mia-class_no-noise_modelreplace_2/agg_records/pkl/round_0046_foolsgold.pkl
47,foolsgold,success,"[2, 99, 19, 62, 44, 0, 48, 52, 70, 65]","[19, 62, 52, 70, 65]","[2, 99, 44, 0, 48]",10,5,"[""foolsgold""]",../main/re_result_6-29_APRA/cifar10_500_Jun.30_11.27.43_foolsgold_fix_True_no-mia_no-mia-class_no-noise_modelreplace_2/agg_records/pkl/round_0047_foolsgold.pkl
48,foolsgold,success,"[0, 66, 36, 83, 68, 23, 90, 2, 57, 21]","[83, 68, 23, 90, 21]","[0, 66, 36, 2, 57]",10,5,"[""foolsgold""]",../main/re_result_6-29_APRA/cifar10_500_Jun.30_11.27.43_foolsgold_fix_True_no-mia_no-mia-class_no-noise_modelreplace_2/agg_records/pkl/round_0048_foolsgold.pkl
49,foolsgold,success,"[3, 10, 20, 51, 25, 27, 40, 5, 89, 85]","[3, 20, 25, 40, 5, 89]","[10, 51, 27, 85]",10,6,"[""foolsgold""]",../main/re_result_6-29_APRA/cifar10_500_Jun.30_11.27.43_foolsgold_fix_True_no-mia_no-mia-class_no-noise_modelreplace_2/agg_records/pkl/round_0049_foolsgold.pkl
50,foolsgold,success,"[1, 85, 80, 28, 63, 68, 14, 94, 32, 20]","[1, 80, 28, 68]","[85, 63, 14, 94, 32, 20]",10,4,"[""foolsgold""]",../main/re_result_6-29_APRA/cifar10_500_Jun.30_11.27.43_foolsgold_fix_True_no-mia_no-mia-class_no-noise_modelreplace_2/agg_records/pkl/round_0050_foolsgold.pkl
51,foolsgold,success,"[3, 61, 21, 58, 32, 20, 53, 17, 93, 55]","[3, 58, 53, 17, 93, 55]","[61, 21, 32, 20]",10,6,"[""foolsgold""]",../main/re_result_6-29_APRA/cifar10_500_Jun.30_11.27.43_foolsgold_fix_True_no-mia_no-mia-class_no-noise_modelreplace_2/agg_records/pkl/round_0051_foolsgold.pkl
52,foolsgold,success,"[3, 38, 56, 79, 43, 65, 66, 16, 75, 82]","[3, 56, 43, 65, 16, 82]","[38, 79, 66, 75]",10,6,"[""foolsgold""]",../main/re_result_6-29_APRA/cifar10_500_Jun.30_11.27.43_foolsgold_fix_True_no-mia_no-mia-class_no-noise_modelreplace_2/agg_records/pkl/round_0052_foolsgold.pkl
53,foolsgold,success,"[2, 98, 50, 69, 58, 82, 91, 59, 97, 38]","[2, 50, 69, 38]","[98, 58, 82, 91, 59, 97]",10,4,"[""foolsgold""]",../main/re_result_6-29_APRA/cifar10_500_Jun.30_11.27.43_foolsgold_fix_True_no-mia_no-mia-class_no-noise_modelreplace_2/agg_records/pkl/round_0053_foolsgold.pkl
54,foolsgold,success,"[4, 88, 20, 74, 38, 35, 78, 79, 25, 10]","[4, 20, 74, 78, 25, 10]","[88, 38, 35, 79]",10,6,"[""foolsgold""]",../main/re_result_6-29_APRA/cifar10_500_Jun.30_11.27.43_foolsgold_fix_True_no-mia_no-mia-class_no-noise_modelreplace_2/agg_records/pkl/round_0054_foolsgold.pkl
55,foolsgold,success,"[1, 54, 63, 45, 82, 64, 21, 94, 97, 52]","[1, 54, 45, 52]","[63, 82, 64, 21, 94, 97]",10,4,"[""foolsgold""]",../main/re_result_6-29_APRA/cifar10_500_Jun.30_11.27.43_foolsgold_fix_True_no-mia_no-mia-class_no-noise_modelreplace_2/agg_records/pkl/round_0055_foolsgold.pkl
56,foolsgold,success,"[3, 65, 34, 91, 78, 0, 88, 43, 30, 52]","[65, 34, 91, 78, 88, 30]","[3, 0, 43, 52]",10,6,"[""foolsgold""]",../main/re_result_6-29_APRA/cifar10_500_Jun.30_11.27.43_foolsgold_fix_True_no-mia_no-mia-class_no-noise_modelreplace_2/agg_records/pkl/round_0056_foolsgold.pkl
57,foolsgold,success,"[3, 57, 83, 65, 27, 98, 24, 5, 25, 10]","[3, 83, 65, 24, 5, 25]","[57, 27, 98, 10]",10,6,"[""foolsgold""]",../main/re_result_6-29_APRA/cifar10_500_Jun.30_11.27.43_foolsgold_fix_True_no-mia_no-mia-class_no-noise_modelreplace_2/agg_records/pkl/round_0057_foolsgold.pkl
58,foolsgold,success,"[3, 16, 92, 27, 14, 62, 58, 77, 1, 44]","[16, 92, 62, 58, 77]","[3, 27, 14, 1, 44]",10,5,"[""foolsgold""]",../main/re_result_6-29_APRA/cifar10_500_Jun.30_11.27.43_foolsgold_fix_True_no-mia_no-mia-class_no-noise_modelreplace_2/agg_records/pkl/round_0058_foolsgold.pkl
59,foolsgold,success,"[1, 39, 6, 27, 71, 88, 69, 29, 25, 26]","[1, 39, 6, 88, 69, 29, 25, 26]","[27, 71]",10,8,"[""foolsgold""]",../main/re_result_6-29_APRA/cifar10_500_Jun.30_11.27.43_foolsgold_fix_True_no-mia_no-mia-class_no-noise_modelreplace_2/agg_records/pkl/round_0059_foolsgold.pkl
60,foolsgold,success,"[0, 84, 41, 86, 94, 13, 66, 3, 14, 51]","[84, 41, 86, 94]","[0, 13, 66, 3, 14, 51]",10,4,"[""foolsgold""]",../main/re_result_6-29_APRA/cifar10_500_Jun.30_11.27.43_foolsgold_fix_True_no-mia_no-mia-class_no-noise_modelreplace_2/agg_records/pkl/round_0060_foolsgold.pkl
61,foolsgold,success,"[3, 36, 70, 1, 21, 32, 55, 18, 69, 8]","[55, 69]","[3, 36, 70, 1, 21, 32, 18, 8]",10,2,"[""foolsgold""]",../main/re_result_6-29_APRA/cifar10_500_Jun.30_11.27.43_foolsgold_fix_True_no-mia_no-mia-class_no-noise_modelreplace_2/agg_records/pkl/round_0061_foolsgold.pkl
62,foolsgold,success,"[0, 77, 29, 65, 68, 89, 95, 79, 83, 47]","[0, 29, 65, 95, 47]","[77, 68, 89, 79, 83]",10,5,"[""foolsgold""]",../main/re_result_6-29_APRA/cifar10_500_Jun.30_11.27.43_foolsgold_fix_True_no-mia_no-mia-class_no-noise_modelreplace_2/agg_records/pkl/round_0062_foolsgold.pkl
63,foolsgold,success,"[1, 10, 15, 46, 36, 86, 31, 73, 62, 70]","[15, 46, 31, 70]","[1, 10, 36, 86, 73, 62]",10,4,"[""foolsgold""]",../main/re_result_6-29_APRA/cifar10_500_Jun.30_11.27.43_foolsgold_fix_True_no-mia_no-mia-class_no-noise_modelreplace_2/agg_records/pkl/round_0063_foolsgold.pkl
64,foolsgold,success,"[0, 47, 63, 32, 34, 12, 41, 75, 11, 3]","[47, 63, 32, 12, 41]","[0, 34, 75, 11, 3]",10,5,"[""foolsgold""]",../main/re_result_6-29_APRA/cifar10_500_Jun.30_11.27.43_foolsgold_fix_True_no-mia_no-mia-class_no-noise_modelreplace_2/agg_records/pkl/round_0064_foolsgold.pkl
65,foolsgold,success,"[3, 55, 1, 65, 54, 24, 31, 92, 49, 46]","[55, 65, 54, 24, 31, 92, 49, 46]","[3, 1]",10,8,"[""foolsgold""]",../main/re_result_6-29_APRA/cifar10_500_Jun.30_11.27.43_foolsgold_fix_True_no-mia_no-mia-class_no-noise_modelreplace_2/agg_records/pkl/round_0065_foolsgold.pkl
66,foolsgold,success,"[0, 38, 51, 5, 19, 53, 84, 23, 40, 64]","[0, 38, 51, 5, 19, 53, 84, 40]","[23, 64]",10,8,"[""foolsgold""]",../main/re_result_6-29_APRA/cifar10_500_Jun.30_11.27.43_foolsgold_fix_True_no-mia_no-mia-class_no-noise_modelreplace_2/agg_records/pkl/round_0066_foolsgold.pkl
67,foolsgold,success,"[4, 82, 78, 17, 19, 44, 14, 71, 90, 55]","[82, 78, 19, 71]","[4, 17, 44, 14, 90, 55]",10,4,"[""foolsgold""]",../main/re_result_6-29_APRA/cifar10_500_Jun.30_11.27.43_foolsgold_fix_True_no-mia_no-mia-class_no-noise_modelreplace_2/agg_records/pkl/round_0067_foolsgold.pkl
68,foolsgold,success,"[0, 32, 44, 6, 54, 17, 9, 8, 68, 38]","[6, 54, 9]","[0, 32, 44, 17, 8, 68, 38]",10,3,"[""foolsgold""]",../main/re_result_6-29_APRA/cifar10_500_Jun.30_11.27.43_foolsgold_fix_True_no-mia_no-mia-class_no-noise_modelreplace_2/agg_records/pkl/round_0068_foolsgold.pkl
69,foolsgold,success,"[0, 10, 42, 62, 79, 75, 64, 84, 3, 51]","[62, 84]","[0, 10, 42, 79, 75, 64, 3, 51]",10,2,"[""foolsgold""]",../main/re_result_6-29_APRA/cifar10_500_Jun.30_11.27.43_foolsgold_fix_True_no-mia_no-mia-class_no-noise_modelreplace_2/agg_records/pkl/round_0069_foolsgold.pkl
70,foolsgold,success,"[1, 91, 79, 68, 9, 5, 73, 62, 83, 46]","[1, 9, 5, 73]","[91, 79, 68, 62, 83, 46]",10,4,"[""foolsgold""]",../main/re_result_6-29_APRA/cifar10_500_Jun.30_11.27.43_foolsgold_fix_True_no-mia_no-mia-class_no-noise_modelreplace_2/agg_records/pkl/round_0070_foolsgold.pkl
71,foolsgold,success,"[1, 55, 68, 51, 54, 48, 7, 69, 28, 71]","[1, 54, 48, 7]","[55, 68, 51, 69, 28, 71]",10,4,"[""foolsgold""]",../main/re_result_6-29_APRA/cifar10_500_Jun.30_11.27.43_foolsgold_fix_True_no-mia_no-mia-class_no-noise_modelreplace_2/agg_records/pkl/round_0071_foolsgold.pkl
72,foolsgold,success,"[0, 98, 51, 72, 87, 21, 15, 38, 6, 57]","[0, 51, 72, 15]","[98, 87, 21, 38, 6, 57]",10,4,"[""foolsgold""]",../main/re_result_6-29_APRA/cifar10_500_Jun.30_11.27.43_foolsgold_fix_True_no-mia_no-mia-class_no-noise_modelreplace_2/agg_records/pkl/round_0072_foolsgold.pkl
73,foolsgold,success,"[1, 61, 26, 7, 68, 88, 59, 11, 36, 97]","[7, 68, 88, 11]","[1, 61, 26, 59, 36, 97]",10,4,"[""foolsgold""]",../main/re_result_6-29_APRA/cifar10_500_Jun.30_11.27.43_foolsgold_fix_True_no-mia_no-mia-class_no-noise_modelreplace_2/agg_records/pkl/round_0073_foolsgold.pkl
74,foolsgold,success,"[1, 75, 3, 25, 80, 2, 78, 20, 4, 7]","[75, 25, 80, 78, 20, 7]","[1, 3, 2, 4]",10,6,"[""foolsgold""]",../main/re_result_6-29_APRA/cifar10_500_Jun.30_11.27.43_foolsgold_fix_True_no-mia_no-mia-class_no-noise_modelreplace_2/agg_records/pkl/round_0074_foolsgold.pkl
75,foolsgold,success,"[2, 95, 86, 51, 23, 6, 62, 0, 81, 84]","[95, 51, 84]","[2, 86, 23, 6, 62, 0, 81]",10,3,"[""foolsgold""]",../main/re_result_6-29_APRA/cifar10_500_Jun.30_11.27.43_foolsgold_fix_True_no-mia_no-mia-class_no-noise_modelreplace_2/agg_records/pkl/round_0075_foolsgold.pkl
76,foolsgold,success,"[2, 64, 37, 66, 42, 84, 58, 80, 67, 92]","[2, 84, 58, 92]","[64, 37, 66, 42, 80, 67]",10,4,"[""foolsgold""]",../main/re_result_6-29_APRA/cifar10_500_Jun.30_11.27.43_foolsgold_fix_True_no-mia_no-mia-class_no-noise_modelreplace_2/agg_records/pkl/round_0076_foolsgold.pkl
77,foolsgold,success,"[4, 68, 79, 22, 9, 30, 60, 69, 16, 43]","[4, 30, 69, 16, 43]","[68, 79, 22, 9, 60]",10,5,"[""foolsgold""]",../main/re_result_6-29_APRA/cifar10_500_Jun.30_11.27.43_foolsgold_fix_True_no-mia_no-mia-class_no-noise_modelreplace_2/agg_records/pkl/round_0077_foolsgold.pkl
78,foolsgold,success,"[1, 20, 77, 27, 23, 18, 74, 59, 86, 87]","[1, 20, 27, 59, 86]","[77, 23, 18, 74, 87]",10,5,"[""foolsgold""]",../main/re_result_6-29_APRA/cifar10_500_Jun.30_11.27.43_foolsgold_fix_True_no-mia_no-mia-class_no-noise_modelreplace_2/agg_records/pkl/round_0078_foolsgold.pkl
79,foolsgold,success,"[1, 99, 42, 33, 5, 15, 38, 76, 86, 87]","[1, 99, 33, 15]","[42, 5, 38, 76, 86, 87]",10,4,"[""foolsgold""]",../main/re_result_6-29_APRA/cifar10_500_Jun.30_11.27.43_foolsgold_fix_True_no-mia_no-mia-class_no-noise_modelreplace_2/agg_records/pkl/round_0079_foolsgold.pkl
80,foolsgold,success,"[1, 71, 88, 38, 63, 99, 48, 31, 83, 11]","[1, 71, 63, 11]","[88, 38, 99, 48, 31, 83]",10,4,"[""foolsgold""]",../main/re_result_6-29_APRA/cifar10_500_Jun.30_11.27.43_foolsgold_fix_True_no-mia_no-mia-class_no-noise_modelreplace_2/agg_records/pkl/round_0080_foolsgold.pkl
81,foolsgold,success,"[4, 69, 52, 40, 47, 77, 35, 59, 70, 7]","[4, 69, 40, 59, 7]","[52, 47, 77, 35, 70]",10,5,"[""foolsgold""]",../main/re_result_6-29_APRA/cifar10_500_Jun.30_11.27.43_foolsgold_fix_True_no-mia_no-mia-class_no-noise_modelreplace_2/agg_records/pkl/round_0081_foolsgold.pkl
82,foolsgold,success,"[0, 61, 81, 74, 23, 95, 35, 97, 55, 28]","[0, 23, 95, 97, 28]","[61, 81, 74, 35, 55]",10,5,"[""foolsgold""]",../main/re_result_6-29_APRA/cifar10_500_Jun.30_11.27.43_foolsgold_fix_True_no-mia_no-mia-class_no-noise_modelreplace_2/agg_records/pkl/round_0082_foolsgold.pkl
83,foolsgold,success,"[3, 53, 77, 67, 31, 62, 45, 47, 82, 84]","[3, 53, 77, 67, 31, 62, 82, 84]","[45, 47]",10,8,"[""foolsgold""]",../main/re_result_6-29_APRA/cifar10_500_Jun.30_11.27.43_foolsgold_fix_True_no-mia_no-mia-class_no-noise_modelreplace_2/agg_records/pkl/round_0083_foolsgold.pkl
84,foolsgold,success,"[2, 83, 3, 36, 44, 70, 32, 64, 47, 5]","[83, 32, 64, 47]","[2, 3, 36, 44, 70, 5]",10,4,"[""foolsgold""]",../main/re_result_6-29_APRA/cifar10_500_Jun.30_11.27.43_foolsgold_fix_True_no-mia_no-mia-class_no-noise_modelreplace_2/agg_records/pkl/round_0084_foolsgold.pkl
85,foolsgold,success,"[0, 95, 64, 96, 60, 5, 79, 75, 7, 94]","[0, 60, 5, 75, 7]","[95, 64, 96, 79, 94]",10,5,"[""foolsgold""]",../main/re_result_6-29_APRA/cifar10_500_Jun.30_11.27.43_foolsgold_fix_True_no-mia_no-mia-class_no-noise_modelreplace_2/agg_records/pkl/round_0085_foolsgold.pkl
86,foolsgold,success,"[1, 15, 57, 19, 13, 81, 10, 30, 99, 47]","[1, 15, 81, 30, 99]","[57, 19, 13, 10, 47]",10,5,"[""foolsgold""]",../main/re_result_6-29_APRA/cifar10_500_Jun.30_11.27.43_foolsgold_fix_True_no-mia_no-mia-class_no-noise_modelreplace_2/agg_records/pkl/round_0086_foolsgold.pkl
87,foolsgold,success,"[4, 91, 65, 0, 37, 25, 27, 31, 15, 97]","[91, 65, 37, 25, 31, 15]","[4, 0, 27, 97]",10,6,"[""foolsgold""]",../main/re_result_6-29_APRA/cifar10_500_Jun.30_11.27.43_foolsgold_fix_True_no-mia_no-mia-class_no-noise_modelreplace_2/agg_records/pkl/round_0087_foolsgold.pkl
88,foolsgold,success,"[2, 87, 54, 75, 34, 3, 15, 7, 11, 40]","[87, 54, 15, 7, 40]","[2, 75, 34, 3, 11]",10,5,"[""foolsgold""]",../main/re_result_6-29_APRA/cifar10_500_Jun.30_11.27.43_foolsgold_fix_True_no-mia_no-mia-class_no-noise_modelreplace_2/agg_records/pkl/round_0088_foolsgold.pkl
89,foolsgold,success,"[3, 4, 12, 80, 87, 26, 27, 42, 24, 0]","[12, 87, 27, 42, 24]","[3, 4, 80, 26, 0]",10,5,"[""foolsgold""]",../main/re_result_6-29_APRA/cifar10_500_Jun.30_11.27.43_foolsgold_fix_True_no-mia_no-mia-class_no-noise_modelreplace_2/agg_records/pkl/round_0089_foolsgold.pkl
90,foolsgold,success,"[3, 22, 23, 50, 7, 88, 73, 27, 10, 96]","[3, 22, 23, 7, 96]","[50, 88, 73, 27, 10]",10,5,"[""foolsgold""]",../main/re_result_6-29_APRA/cifar10_500_Jun.30_11.27.43_foolsgold_fix_True_no-mia_no-mia-class_no-noise_modelreplace_2/agg_records/pkl/round_0090_foolsgold.pkl
91,foolsgold,success,"[2, 17, 98, 50, 52, 30, 15, 49, 13, 38]","[2, 50, 30, 15]","[17, 98, 52, 49, 13, 38]",10,4,"[""foolsgold""]",../main/re_result_6-29_APRA/cifar10_500_Jun.30_11.27.43_foolsgold_fix_True_no-mia_no-mia-class_no-noise_modelreplace_2/agg_records/pkl/round_0091_foolsgold.pkl
92,foolsgold,success,"[0, 71, 20, 25, 14, 1, 9, 61, 11, 89]","[20, 25, 9, 61, 11, 89]","[0, 71, 14, 1]",10,6,"[""foolsgold""]",../main/re_result_6-29_APRA/cifar10_500_Jun.30_11.27.43_foolsgold_fix_True_no-mia_no-mia-class_no-noise_modelreplace_2/agg_records/pkl/round_0092_foolsgold.pkl
93,foolsgold,success,"[3, 16, 78, 75, 38, 41, 60, 95, 33, 6]","[3, 78, 75, 41, 60, 95]","[16, 38, 33, 6]",10,6,"[""foolsgold""]",../main/re_result_6-29_APRA/cifar10_500_Jun.30_11.27.43_foolsgold_fix_True_no-mia_no-mia-class_no-noise_modelreplace_2/agg_records/pkl/round_0093_foolsgold.pkl
94,foolsgold,success,"[2, 98, 15, 78, 86, 82, 74, 47, 4, 71]","[15, 78, 86, 82, 74, 47]","[2, 98, 4, 71]",10,6,"[""foolsgold""]",../main/re_result_6-29_APRA/cifar10_500_Jun.30_11.27.43_foolsgold_fix_True_no-mia_no-mia-class_no-noise_modelreplace_2/agg_records/pkl/round_0094_foolsgold.pkl
95,foolsgold,success,"[0, 77, 91, 2, 1, 97, 43, 53, 99, 57]",[53],"[0, 77, 91, 2, 1, 97, 43, 99, 57]",10,1,"[""foolsgold""]",../main/re_result_6-29_APRA/cifar10_500_Jun.30_11.27.43_foolsgold_fix_True_no-mia_no-mia-class_no-noise_modelreplace_2/agg_records/pkl/round_0095_foolsgold.pkl
96,foolsgold,success,"[1, 82, 46, 21, 54, 29, 47, 77, 48, 12]","[1, 82, 46, 54, 29, 47]","[21, 77, 48, 12]",10,6,"[""foolsgold""]",../main/re_result_6-29_APRA/cifar10_500_Jun.30_11.27.43_foolsgold_fix_True_no-mia_no-mia-class_no-noise_modelreplace_2/agg_records/pkl/round_0096_foolsgold.pkl
97,foolsgold,success,"[3, 56, 31, 47, 24, 34, 15, 84, 4, 20]","[56, 31, 47, 15, 84, 20]","[3, 24, 34, 4]",10,6,"[""foolsgold""]",../main/re_result_6-29_APRA/cifar10_500_Jun.30_11.27.43_foolsgold_fix_True_no-mia_no-mia-class_no-noise_modelreplace_2/agg_records/pkl/round_0097_foolsgold.pkl
98,foolsgold,success,"[1, 68, 97, 49, 62, 13, 7, 51, 54, 42]","[1, 97, 7, 54]","[68, 49, 62, 13, 51, 42]",10,4,"[""foolsgold""]",../main/re_result_6-29_APRA/cifar10_500_Jun.30_11.27.43_foolsgold_fix_True_no-mia_no-mia-class_no-noise_modelreplace_2/agg_records/pkl/round_0098_foolsgold.pkl
99,foolsgold,success,"[3, 2, 22, 38, 75, 25, 47, 58, 57, 37]","[22, 38, 75, 25, 47, 58, 57, 37]","[3, 2]",10,8,"[""foolsgold""]",../main/re_result_6-29_APRA/cifar10_500_Jun.30_11.27.43_foolsgold_fix_True_no-mia_no-mia-class_no-noise_modelreplace_2/agg_records/pkl/round_0099_foolsgold.pkl
100,foolsgold,success,"[0, 86, 39, 75, 6, 48, 61, 11, 64, 44]","[86, 75, 48]","[0, 39, 6, 61, 11, 64, 44]",10,3,"[""foolsgold""]",../main/re_result_6-29_APRA/cifar10_500_Jun.30_11.27.43_foolsgold_fix_True_no-mia_no-mia-class_no-noise_modelreplace_2/agg_records/pkl/round_0100_foolsgold.pkl
101,foolsgold,success,"[1, 20, 17, 92, 64, 88, 80, 89, 87, 99]","[1, 20, 64, 80, 87, 99]","[17, 92, 88, 89]",10,6,"[""foolsgold""]",../main/re_result_6-29_APRA/cifar10_500_Jun.30_11.27.43_foolsgold_fix_True_no-mia_no-mia-class_no-noise_modelreplace_2/agg_records/pkl/round_0101_foolsgold.pkl
102,foolsgold,success,"[2, 21, 51, 16, 41, 68, 60, 67, 80, 91]","[2, 21, 51, 16, 41, 67, 80]","[68, 60, 91]",10,7,"[""foolsgold""]",../main/re_result_6-29_APRA/cifar10_500_Jun.30_11.27.43_foolsgold_fix_True_no-mia_no-mia-class_no-noise_modelreplace_2/agg_records/pkl/round_0102_foolsgold.pkl
103,foolsgold,success,"[4, 77, 92, 15, 52, 94, 71, 32, 13, 62]","[4, 92, 15, 32]","[77, 52, 94, 71, 13, 62]",10,4,"[""foolsgold""]",../main/re_result_6-29_APRA/cifar10_500_Jun.30_11.27.43_foolsgold_fix_True_no-mia_no-mia-class_no-noise_modelreplace_2/agg_records/pkl/round_0103_foolsgold.pkl
104,foolsgold,success,"[0, 41, 15, 12, 9, 34, 21, 93, 38, 90]","[0, 41, 15, 90]","[12, 9, 34, 21, 93, 38]",10,4,"[""foolsgold""]",../main/re_result_6-29_APRA/cifar10_500_Jun.30_11.27.43_foolsgold_fix_True_no-mia_no-mia-class_no-noise_modelreplace_2/agg_records/pkl/round_0104_foolsgold.pkl
105,foolsgold,success,"[4, 40, 47, 54, 57, 28, 10, 87, 27, 95]","[4, 40, 47, 28, 87]","[54, 57, 10, 27, 95]",10,5,"[""foolsgold""]",../main/re_result_6-29_APRA/cifar10_500_Jun.30_11.27.43_foolsgold_fix_True_no-mia_no-mia-class_no-noise_modelreplace_2/agg_records/pkl/round_0105_foolsgold.pkl
106,foolsgold,success,"[3, 92, 34, 12, 74, 0, 88, 53, 52, 77]","[92, 34, 12, 74, 88, 53, 52, 77]","[3, 0]",10,8,"[""foolsgold""]",../main/re_result_6-29_APRA/cifar10_500_Jun.30_11.27.43_foolsgold_fix_True_no-mia_no-mia-class_no-noise_modelreplace_2/agg_records/pkl/round_0106_foolsgold.pkl
107,foolsgold,success,"[2, 40, 41, 84, 7, 70, 46, 61, 95, 0]","[40, 41, 70, 95]","[2, 84, 7, 46, 61, 0]",10,4,"[""foolsgold""]",../main/re_result_6-29_APRA/cifar10_500_Jun.30_11.27.43_foolsgold_fix_True_no-mia_no-mia-class_no-noise_modelreplace_2/agg_records/pkl/round_0107_foolsgold.pkl
108,foolsgold,success,"[1, 33, 0, 16, 84, 12, 64, 52, 60, 4]","[84, 64, 52]","[1, 33, 0, 16, 12, 60, 4]",10,3,"[""foolsgold""]",../main/re_result_6-29_APRA/cifar10_500_Jun.30_11.27.43_foolsgold_fix_True_no-mia_no-mia-class_no-noise_modelreplace_2/agg_records/pkl/round_0108_foolsgold.pkl
109,foolsgold,success,"[3, 14, 27, 84, 5, 15, 87, 17, 58, 28]","[3, 84, 15, 17, 58, 28]","[14, 27, 5, 87]",10,6,"[""foolsgold""]",../main/re_result_6-29_APRA/cifar10_500_Jun.30_11.27.43_foolsgold_fix_True_no-mia_no-mia-class_no-noise_modelreplace_2/agg_records/pkl/round_0109_foolsgold.pkl
110,foolsgold,success,"[4, 29, 12, 86, 67, 81, 84, 59, 21, 3]","[29, 67, 84, 59]","[4, 12, 86, 81, 21, 3]",10,4,"[""foolsgold""]",../main/re_result_6-29_APRA/cifar10_500_Jun.30_11.27.43_foolsgold_fix_True_no-mia_no-mia-class_no-noise_modelreplace_2/agg_records/pkl/round_0110_foolsgold.pkl
111,foolsgold,success,"[1, 41, 61, 76, 49, 46, 55, 34, 2, 4]","[41, 76, 49]","[1, 61, 46, 55, 34, 2, 4]",10,3,"[""foolsgold""]",../main/re_result_6-29_APRA/cifar10_500_Jun.30_11.27.43_foolsgold_fix_True_no-mia_no-mia-class_no-noise_modelreplace_2/agg_records/pkl/round_0111_foolsgold.pkl
112,foolsgold,success,"[0, 73, 9, 86, 84, 95, 41, 38, 17, 52]","[0, 73, 84, 41]","[9, 86, 95, 38, 17, 52]",10,4,"[""foolsgold""]",../main/re_result_6-29_APRA/cifar10_500_Jun.30_11.27.43_foolsgold_fix_True_no-mia_no-mia-class_no-noise_modelreplace_2/agg_records/pkl/round_0112_foolsgold.pkl
113,foolsgold,success,"[0, 91, 57, 71, 20, 38, 10, 16, 54, 36]","[91, 20, 38, 16, 54]","[0, 57, 71, 10, 36]",10,5,"[""foolsgold""]",../main/re_result_6-29_APRA/cifar10_500_Jun.30_11.27.43_foolsgold_fix_True_no-mia_no-mia-class_no-noise_modelreplace_2/agg_records/pkl/round_0113_foolsgold.pkl
114,foolsgold,success,"[1, 35, 98, 89, 23, 39, 85, 91, 9, 16]","[1, 39, 9]","[35, 98, 89, 23, 85, 91, 16]",10,3,"[""foolsgold""]",../main/re_result_6-29_APRA/cifar10_500_Jun.30_11.27.43_foolsgold_fix_True_no-mia_no-mia-class_no-noise_modelreplace_2/agg_records/pkl/round_0114_foolsgold.pkl
115,foolsgold,success,"[2, 61, 41, 38, 85, 51, 56, 19, 36, 97]","[61, 41, 38, 56, 19]","[2, 85, 51, 36, 97]",10,5,"[""foolsgold""]",../main/re_result_6-29_APRA/cifar10_500_Jun.30_11.27.43_foolsgold_fix_True_no-mia_no-mia-class_no-noise_modelreplace_2/agg_records/pkl/round_0115_foolsgold.pkl
116,foolsgold,success,"[4, 19, 17, 30, 8, 83, 55, 38, 96, 10]","[4, 19, 30, 8, 96]","[17, 83, 55, 38, 10]",10,5,"[""foolsgold""]",../main/re_result_6-29_APRA/cifar10_500_Jun.30_11.27.43_foolsgold_fix_True_no-mia_no-mia-class_no-noise_modelreplace_2/agg_records/pkl/round_0116_foolsgold.pkl
117,foolsgold,success,"[0, 55, 66, 34, 52, 8, 29, 67, 77, 45]","[0, 8, 29, 67, 45]","[55, 66, 34, 52, 77]",10,5,"[""foolsgold""]",../main/re_result_6-29_APRA/cifar10_500_Jun.30_11.27.43_foolsgold_fix_True_no-mia_no-mia-class_no-noise_modelreplace_2/agg_records/pkl/round_0117_foolsgold.pkl
118,foolsgold,success,"[0, 81, 90, 44, 79, 20, 31, 36, 89, 55]","[79, 20, 31]","[0, 81, 90, 44, 36, 89, 55]",10,3,"[""foolsgold""]",../main/re_result_6-29_APRA/cifar10_500_Jun.30_11.27.43_foolsgold_fix_True_no-mia_no-mia-class_no-noise_modelreplace_2/agg_records/pkl/round_0118_foolsgold.pkl
119,foolsgold,success,"[3, 41, 19, 9, 97, 64, 37, 55, 33, 42]","[3, 41, 19, 97, 64, 33]","[9, 37, 55, 42]",10,6,"[""foolsgold""]",../main/re_result_6-29_APRA/cifar10_500_Jun.30_11.27.43_foolsgold_fix_True_no-mia_no-mia-class_no-noise_modelreplace_2/agg_records/pkl/round_0119_foolsgold.pkl
120,foolsgold,success,"[1, 98, 30, 13, 56, 97, 35, 75, 41, 2]","[30, 56, 97, 35, 41]","[1, 98, 13, 75, 2]",10,5,"[""foolsgold""]",../main/re_result_6-29_APRA/cifar10_500_Jun.30_11.27.43_foolsgold_fix_True_no-mia_no-mia-class_no-noise_modelreplace_2/agg_records/pkl/round_0120_foolsgold.pkl
121,foolsgold,success,"[3, 5, 42, 83, 37, 14, 13, 89, 28, 61]","[3, 28]","[5, 42, 83, 37, 14, 13, 89, 61]",10,2,"[""foolsgold""]",../main/re_result_6-29_APRA/cifar10_500_Jun.30_11.27.43_foolsgold_fix_True_no-mia_no-mia-class_no-noise_modelreplace_2/agg_records/pkl/round_0121_foolsgold.pkl
122,foolsgold,success,"[0, 29, 83, 87, 38, 55, 96, 31, 81, 14]","[0, 29, 96, 31]","[83, 87, 38, 55, 81, 14]",10,4,"[""foolsgold""]",../main/re_result_6-29_APRA/cifar10_500_Jun.30_11.27.43_foolsgold_fix_True_no-mia_no-mia-class_no-noise_modelreplace_2/agg_records/pkl/round_0122_foolsgold.pkl
123,foolsgold,success,"[0, 64, 70, 77, 88, 6, 82, 62, 69, 55]","[0, 70, 88, 82, 69]","[64, 77, 6, 62, 55]",10,5,"[""foolsgold""]",../main/re_result_6-29_APRA/cifar10_500_Jun.30_11.27.43_foolsgold_fix_True_no-mia_no-mia-class_no-noise_modelreplace_2/agg_records/pkl/round_0123_foolsgold.pkl
124,foolsgold,success,"[4, 88, 96, 42, 58, 49, 7, 15, 72, 99]","[4, 88, 96, 42, 49, 7, 15]","[58, 72, 99]",10,7,"[""foolsgold""]",../main/re_result_6-29_APRA/cifar10_500_Jun.30_11.27.43_foolsgold_fix_True_no-mia_no-mia-class_no-noise_modelreplace_2/agg_records/pkl/round_0124_foolsgold.pkl
125,foolsgold,success,"[4, 30, 1, 36, 14, 90, 87, 42, 82, 37]","[30, 14, 90, 87, 42, 82, 37]","[4, 1, 36]",10,7,"[""foolsgold""]",../main/re_result_6-29_APRA/cifar10_500_Jun.30_11.27.43_foolsgold_fix_True_no-mia_no-mia-class_no-noise_modelreplace_2/agg_records/pkl/round_0125_foolsgold.pkl
126,foolsgold,success,"[3, 40, 64, 31, 35, 90, 29, 48, 84, 78]","[3, 64, 31, 35, 90, 29, 84, 78]","[40, 48]",10,8,"[""foolsgold""]",../main/re_result_6-29_APRA/cifar10_500_Jun.30_11.27.43_foolsgold_fix_True_no-mia_no-mia-class_no-noise_modelreplace_2/agg_records/pkl/round_0126_foolsgold.pkl
127,foolsgold,success,"[3, 32, 56, 98, 78, 62, 5, 13, 86, 55]","[3, 78, 5]","[32, 56, 98, 62, 13, 86, 55]",10,3,"[""foolsgold""]",../main/re_result_6-29_APRA/cifar10_500_Jun.30_11.27.43_foolsgold_fix_True_no-mia_no-mia-class_no-noise_modelreplace_2/agg_records/pkl/round_0127_foolsgold.pkl
128,foolsgold,success,"[4, 99, 47, 20, 31, 10, 86, 90, 62, 41]","[4, 99, 47, 20, 31, 10, 90, 41]","[86, 62]",10,8,"[""foolsgold""]",../main/re_result_6-29_APRA/cifar10_500_Jun.30_11.27.43_foolsgold_fix_True_no-mia_no-mia-class_no-noise_modelreplace_2/agg_records/pkl/round_0128_foolsgold.pkl
129,foolsgold,success,"[0, 33, 1, 73, 28, 61, 3, 11, 96, 15]","[33, 73, 28, 61, 11, 96, 15]","[0, 1, 3]",10,7,"[""foolsgold""]",../main/re_result_6-29_APRA/cifar10_500_Jun.30_11.27.43_foolsgold_fix_True_no-mia_no-mia-class_no-noise_modelreplace_2/agg_records/pkl/round_0129_foolsgold.pkl
130,foolsgold,success,"[4, 42, 80, 51, 72, 74, 90, 58, 35, 83]","[4, 90, 35]","[42, 80, 51, 72, 74, 58, 83]",10,3,"[""foolsgold""]",../main/re_result_6-29_APRA/cifar10_500_Jun.30_11.27.43_foolsgold_fix_True_no-mia_no-mia-class_no-noise_modelreplace_2/agg_records/pkl/round_0130_foolsgold.pkl
131,foolsgold,success,"[0, 95, 80, 46, 22, 73, 3, 42, 93, 85]","[95, 46, 22]","[0, 80, 73, 3, 42, 93, 85]",10,3,"[""foolsgold""]",../main/re_result_6-29_APRA/cifar10_500_Jun.30_11.27.43_foolsgold_fix_True_no-mia_no-mia-class_no-noise_modelreplace_2/agg_records/pkl/round_0131_foolsgold.pkl
132,foolsgold,success,"[2, 5, 77, 45, 62, 74, 20, 65, 9, 68]","[2, 5, 62, 20, 65, 9]","[77, 45, 74, 68]",10,6,"[""foolsgold""]",../main/re_result_6-29_APRA/cifar10_500_Jun.30_11.27.43_foolsgold_fix_True_no-mia_no-mia-class_no-noise_modelreplace_2/agg_records/pkl/round_0132_foolsgold.pkl
133,foolsgold,success,"[2, 58, 94, 20, 50, 51, 65, 7, 27, 95]","[2, 58, 94, 20, 50, 65, 7, 95]","[51, 27]",10,8,"[""foolsgold""]",../main/re_result_6-29_APRA/cifar10_500_Jun.30_11.27.43_foolsgold_fix_True_no-mia_no-mia-class_no-noise_modelreplace_2/agg_records/pkl/round_0133_foolsgold.pkl
134,foolsgold,success,"[4, 78, 82, 23, 37, 10, 55, 13, 12, 77]",[4],"[78, 82, 23, 37, 10, 55, 13, 12, 77]",10,1,"[""foolsgold""]",../main/re_result_6-29_APRA/cifar10_500_Jun.30_11.27.43_foolsgold_fix_True_no-mia_no-mia-class_no-noise_modelreplace_2/agg_records/pkl/round_0134_foolsgold.pkl
135,foolsgold,success,"[2, 35, 5, 89, 93, 82, 49, 23, 95, 63]",[2],"[35, 5, 89, 93, 82, 49, 23, 95, 63]",10,1,"[""foolsgold""]",../main/re_result_6-29_APRA/cifar10_500_Jun.30_11.27.43_foolsgold_fix_True_no-mia_no-mia-class_no-noise_modelreplace_2/agg_records/pkl/round_0135_foolsgold.pkl
136,foolsgold,success,"[4, 83, 79, 3, 66, 69, 95, 96, 84, 7]","[83, 69]","[4, 79, 3, 66, 95, 96, 84, 7]",10,2,"[""foolsgold""]",../main/re_result_6-29_APRA/cifar10_500_Jun.30_11.27.43_foolsgold_fix_True_no-mia_no-mia-class_no-noise_modelreplace_2/agg_records/pkl/round_0136_foolsgold.pkl
137,foolsgold,success,"[3, 65, 26, 12, 98, 16, 20, 86, 59, 75]","[3, 65, 12, 16, 20]","[26, 98, 86, 59, 75]",10,5,"[""foolsgold""]",../main/re_result_6-29_APRA/cifar10_500_Jun.30_11.27.43_foolsgold_fix_True_no-mia_no-mia-class_no-noise_modelreplace_2/agg_records/pkl/round_0137_foolsgold.pkl
138,foolsgold,success,"[2, 78, 18, 71, 20, 21, 27, 31, 11, 24]","[2, 78, 20, 31, 11, 24]","[18, 71, 21, 27]",10,6,"[""foolsgold""]",../main/re_result_6-29_APRA/cifar10_500_Jun.30_11.27.43_foolsgold_fix_True_no-mia_no-mia-class_no-noise_modelreplace_2/agg_records/pkl/round_0138_foolsgold.pkl
139,foolsgold,success,"[2, 50, 63, 64, 18, 45, 0, 89, 91, 28]","[50, 63, 64, 18, 45, 89, 91, 28]","[2, 0]",10,8,"[""foolsgold""]",../main/re_result_6-29_APRA/cifar10_500_Jun.30_11.27.43_foolsgold_fix_True_no-mia_no-mia-class_no-noise_modelreplace_2/agg_records/pkl/round_0139_foolsgold.pkl
140,foolsgold,success,"[4, 45, 97, 55, 16, 23, 89, 59, 90, 15]","[4, 45, 55, 16, 15]","[97, 23, 89, 59, 90]",10,5,"[""foolsgold""]",../main/re_result_6-29_APRA/cifar10_500_Jun.30_11.27.43_foolsgold_fix_True_no-mia_no-mia-class_no-noise_modelreplace_2/agg_records/pkl/round_0140_foolsgold.pkl
141,foolsgold,success,"[2, 12, 25, 36, 23, 64, 84, 91, 19, 26]","[25, 84, 19, 26]","[2, 12, 36, 23, 64, 91]",10,4,"[""foolsgold""]",../main/re_result_6-29_APRA/cifar10_500_Jun.30_11.27.43_foolsgold_fix_True_no-mia_no-mia-class_no-noise_modelreplace_2/agg_records/pkl/round_0141_foolsgold.pkl
142,foolsgold,success,"[2, 84, 63, 30, 90, 33, 24, 13, 87, 40]","[2, 84, 30, 33, 13, 40]","[63, 90, 24, 87]",10,6,"[""foolsgold""]",../main/re_result_6-29_APRA/cifar10_500_Jun.30_11.27.43_foolsgold_fix_True_no-mia_no-mia-class_no-noise_modelreplace_2/agg_records/pkl/round_0142_foolsgold.pkl
143,foolsgold,success,"[1, 2, 78, 33, 24, 5, 57, 77, 31, 62]","[78, 5, 57, 77]","[1, 2, 33, 24, 31, 62]",10,4,"[""foolsgold""]",../main/re_result_6-29_APRA/cifar10_500_Jun.30_11.27.43_foolsgold_fix_True_no-mia_no-mia-class_no-noise_modelreplace_2/agg_records/pkl/round_0143_foolsgold.pkl
144,foolsgold,success,"[2, 15, 48, 84, 66, 59, 9, 80, 91, 79]","[2, 15, 84]","[48, 66, 59, 9, 80, 91, 79]",10,3,"[""foolsgold""]",../main/re_result_6-29_APRA/cifar10_500_Jun.30_11.27.43_foolsgold_fix_True_no-mia_no-mia-class_no-noise_modelreplace_2/agg_records/pkl/round_0144_foolsgold.pkl
145,foolsgold,success,"[2, 19, 44, 7, 85, 43, 73, 18, 29, 83]","[19, 7, 43, 18, 29, 83]","[2, 44, 85, 73]",10,6,"[""foolsgold""]",../main/re_result_6-29_APRA/cifar10_500_Jun.30_11.27.43_foolsgold_fix_True_no-mia_no-mia-class_no-noise_modelreplace_2/agg_records/pkl/round_0145_foolsgold.pkl
146,foolsgold,success,"[0, 99, 74, 47, 46, 89, 95, 88, 71, 63]","[0, 99, 89, 95, 88, 71]","[74, 47, 46, 63]",10,6,"[""foolsgold""]",../main/re_result_6-29_APRA/cifar10_500_Jun.30_11.27.43_foolsgold_fix_True_no-mia_no-mia-class_no-noise_modelreplace_2/agg_records/pkl/round_0146_foolsgold.pkl
147,foolsgold,success,"[3, 78, 91, 29, 51, 38, 86, 24, 63, 27]","[3, 78, 91, 29, 51, 63, 27]","[38, 86, 24]",10,7,"[""foolsgold""]",../main/re_result_6-29_APRA/cifar10_500_Jun.30_11.27.43_foolsgold_fix_True_no-mia_no-mia-class_no-noise_modelreplace_2/agg_records/pkl/round_0147_foolsgold.pkl
148,foolsgold,success,"[3, 75, 45, 59, 20, 29, 67, 93, 81, 13]","[3, 45, 20, 29, 67, 81]","[75, 59, 93, 13]",10,6,"[""foolsgold""]",../main/re_result_6-29_APRA/cifar10_500_Jun.30_11.27.43_foolsgold_fix_True_no-mia_no-mia-class_no-noise_modelreplace_2/agg_records/pkl/round_0148_foolsgold.pkl
149,foolsgold,success,"[3, 88, 10, 17, 75, 20, 11, 31, 42, 14]","[3, 17, 20, 11, 14]","[88, 10, 75, 31, 42]",10,5,"[""foolsgold""]",../main/re_result_6-29_APRA/cifar10_500_Jun.30_11.27.43_foolsgold_fix_True_no-mia_no-mia-class_no-noise_modelreplace_2/agg_records/pkl/round_0149_foolsgold.pkl
150,foolsgold,success,"[0, 85, 82, 10, 31, 84, 27, 7, 14, 4]","[82, 31]","[0, 85, 10, 84, 27, 7, 14, 4]",10,2,"[""foolsgold""]",../main/re_result_6-29_APRA/cifar10_500_Jun.30_11.27.43_foolsgold_fix_True_no-mia_no-mia-class_no-noise_modelreplace_2/agg_records/pkl/round_0150_foolsgold.pkl
151,foolsgold,success,"[3, 43, 25, 48, 98, 87, 6, 23, 34, 52]","[3, 25, 48]","[43, 98, 87, 6, 23, 34, 52]",10,3,"[""foolsgold""]",../main/re_result_6-29_APRA/cifar10_500_Jun.30_11.27.43_foolsgold_fix_True_no-mia_no-mia-class_no-noise_modelreplace_2/agg_records/pkl/round_0151_foolsgold.pkl
152,foolsgold,success,"[4, 36, 68, 37, 92, 94, 14, 22, 28, 18]","[92, 14, 28, 18]","[4, 36, 68, 37, 94, 22]",10,4,"[""foolsgold""]",../main/re_result_6-29_APRA/cifar10_500_Jun.30_11.27.43_foolsgold_fix_True_no-mia_no-mia-class_no-noise_modelreplace_2/agg_records/pkl/round_0152_foolsgold.pkl
153,foolsgold,success,"[1, 24, 30, 22, 5, 72, 62, 32, 68, 97]","[1, 30, 22, 5, 72, 32, 97]","[24, 62, 68]",10,7,"[""foolsgold""]",../main/re_result_6-29_APRA/cifar10_500_Jun.30_11.27.43_foolsgold_fix_True_no-mia_no-mia-class_no-noise_modelreplace_2/agg_records/pkl/round_0153_foolsgold.pkl
154,foolsgold,success,"[2, 91, 61, 8, 99, 97, 98, 93, 74, 39]","[2, 61, 8, 98, 74, 39]","[91, 99, 97, 93]",10,6,"[""foolsgold""]",../main/re_result_6-29_APRA/cifar10_500_Jun.30_11.27.43_foolsgold_fix_True_no-mia_no-mia-class_no-noise_modelreplace_2/agg_records/pkl/round_0154_foolsgold.pkl
155,foolsgold,success,"[1, 75, 14, 32, 62, 2, 68, 46, 72, 57]","[75, 32, 46, 72]","[1, 14, 62, 2, 68, 57]",10,4,"[""foolsgold""]",../main/re_result_6-29_APRA/cifar10_500_Jun.30_11.27.43_foolsgold_fix_True_no-mia_no-mia-class_no-noise_modelreplace_2/agg_records/pkl/round_0155_foolsgold.pkl
156,foolsgold,success,"[4, 27, 62, 80, 22, 16, 29, 15, 55, 95]","[4, 22, 16, 29, 15]","[27, 62, 80, 55, 95]",10,5,"[""foolsgold""]",../main/re_result_6-29_APRA/cifar10_500_Jun.30_11.27.43_foolsgold_fix_True_no-mia_no-mia-class_no-noise_modelreplace_2/agg_records/pkl/round_0156_foolsgold.pkl
157,foolsgold,success,"[4, 24, 18, 49, 84, 7, 67, 0, 80, 77]","[67, 80]","[4, 24, 18, 49, 84, 7, 0, 77]",10,2,"[""foolsgold""]",../main/re_result_6-29_APRA/cifar10_500_Jun.30_11.27.43_foolsgold_fix_True_no-mia_no-mia-class_no-noise_modelreplace_2/agg_records/pkl/round_0157_foolsgold.pkl
158,foolsgold,success,"[1, 58, 9, 48, 14, 80, 30, 10, 70, 39]","[1, 58, 9, 48, 14, 80, 30, 10, 70, 39]",[],10,10,"[""foolsgold""]",../main/re_result_6-29_APRA/cifar10_500_Jun.30_11.27.43_foolsgold_fix_True_no-mia_no-mia-class_no-noise_modelreplace_2/agg_records/pkl/round_0158_foolsgold.pkl
159,foolsgold,success,"[2, 92, 77, 70, 72, 99, 32, 0, 26, 57]","[92, 77, 70, 72, 99, 32, 26, 57]","[2, 0]",10,8,"[""foolsgold""]",../main/re_result_6-29_APRA/cifar10_500_Jun.30_11.27.43_foolsgold_fix_True_no-mia_no-mia-class_no-noise_modelreplace_2/agg_records/pkl/round_0159_foolsgold.pkl
160,foolsgold,success,"[2, 84, 57, 95, 30, 70, 16, 13, 29, 27]","[84, 95, 70, 16, 29]","[2, 57, 30, 13, 27]",10,5,"[""foolsgold""]",../main/re_result_6-29_APRA/cifar10_500_Jun.30_11.27.43_foolsgold_fix_True_no-mia_no-mia-class_no-noise_modelreplace_2/agg_records/pkl/round_0160_foolsgold.pkl
161,foolsgold,success,"[3, 8, 86, 33, 74, 35, 51, 22, 40, 47]","[3, 86, 33, 74, 51, 22]","[8, 35, 40, 47]",10,6,"[""foolsgold""]",../main/re_result_6-29_APRA/cifar10_500_Jun.30_11.27.43_foolsgold_fix_True_no-mia_no-mia-class_no-noise_modelreplace_2/agg_records/pkl/round_0161_foolsgold.pkl
162,foolsgold,success,"[2, 40, 4, 57, 63, 1, 42, 30, 46, 84]","[40, 57, 42, 30, 84]","[2, 4, 63, 1, 46]",10,5,"[""foolsgold""]",../main/re_result_6-29_APRA/cifar10_500_Jun.30_11.27.43_foolsgold_fix_True_no-mia_no-mia-class_no-noise_modelreplace_2/agg_records/pkl/round_0162_foolsgold.pkl
163,foolsgold,success,"[4, 67, 17, 27, 34, 71, 93, 13, 86, 16]","[4, 67, 93, 16]","[17, 27, 34, 71, 13, 86]",10,4,"[""foolsgold""]",../main/re_result_6-29_APRA/cifar10_500_Jun.30_11.27.43_foolsgold_fix_True_no-mia_no-mia-class_no-noise_modelreplace_2/agg_records/pkl/round_0163_foolsgold.pkl
164,foolsgold,success,"[4, 3, 86, 72, 23, 73, 84, 96, 30, 67]","[86, 72, 73, 84, 96, 30]","[4, 3, 23, 67]",10,6,"[""foolsgold""]",../main/re_result_6-29_APRA/cifar10_500_Jun.30_11.27.43_foolsgold_fix_True_no-mia_no-mia-class_no-noise_modelreplace_2/agg_records/pkl/round_0164_foolsgold.pkl
165,foolsgold,success,"[2, 8, 18, 94, 69, 36, 63, 62, 76, 71]","[8, 18, 69, 62]","[2, 94, 36, 63, 76, 71]",10,4,"[""foolsgold""]",../main/re_result_6-29_APRA/cifar10_500_Jun.30_11.27.43_foolsgold_fix_True_no-mia_no-mia-class_no-noise_modelreplace_2/agg_records/pkl/round_0165_foolsgold.pkl
166,foolsgold,success,"[1, 44, 66, 63, 95, 46, 29, 60, 9, 48]","[66, 29]","[1, 44, 63, 95, 46, 60, 9, 48]",10,2,"[""foolsgold""]",../main/re_result_6-29_APRA/cifar10_500_Jun.30_11.27.43_foolsgold_fix_True_no-mia_no-mia-class_no-noise_modelreplace_2/agg_records/pkl/round_0166_foolsgold.pkl
167,foolsgold,success,"[3, 99, 38, 13, 42, 31, 28, 96, 5, 58]","[3, 38, 31, 28, 96, 5]","[99, 13, 42, 58]",10,6,"[""foolsgold""]",../main/re_result_6-29_APRA/cifar10_500_Jun.30_11.27.43_foolsgold_fix_True_no-mia_no-mia-class_no-noise_modelreplace_2/agg_records/pkl/round_0167_foolsgold.pkl
168,foolsgold,success,"[0, 49, 53, 54, 88, 64, 8, 83, 85, 90]","[0, 88, 64, 8, 83, 85]","[49, 53, 54, 90]",10,6,"[""foolsgold""]",../main/re_result_6-29_APRA/cifar10_500_Jun.30_11.27.43_foolsgold_fix_True_no-mia_no-mia-class_no-noise_modelreplace_2/agg_records/pkl/round_0168_foolsgold.pkl
169,foolsgold,success,"[3, 28, 98, 30, 12, 13, 74, 9, 92, 56]","[3, 28, 30, 12, 74, 9, 92, 56]","[98, 13]",10,8,"[""foolsgold""]",../main/re_result_6-29_APRA/cifar10_500_Jun.30_11.27.43_foolsgold_fix_True_no-mia_no-mia-class_no-noise_modelreplace_2/agg_records/pkl/round_0169_foolsgold.pkl
170,foolsgold,success,"[0, 14, 76, 43, 44, 96, 29, 4, 77, 32]","[29, 32]","[0, 14, 76, 43, 44, 96, 4, 77]",10,2,"[""foolsgold""]",../main/re_result_6-29_APRA/cifar10_500_Jun.30_11.27.43_foolsgold_fix_True_no-mia_no-mia-class_no-noise_modelreplace_2/agg_records/pkl/round_0170_foolsgold.pkl
171,foolsgold,success,"[3, 27, 93, 15, 25, 33, 88, 8, 30, 63]","[3, 27, 93, 15, 25, 8, 30, 63]","[33, 88]",10,8,"[""foolsgold""]",../main/re_result_6-29_APRA/cifar10_500_Jun.30_11.27.43_foolsgold_fix_True_no-mia_no-mia-class_no-noise_modelreplace_2/agg_records/pkl/round_0171_foolsgold.pkl
172,foolsgold,success,"[3, 80, 10, 60, 1, 28, 63, 74, 81, 84]","[80, 10, 60, 28, 63, 74, 81, 84]","[3, 1]",10,8,"[""foolsgold""]",../main/re_result_6-29_APRA/cifar10_500_Jun.30_11.27.43_foolsgold_fix_True_no-mia_no-mia-class_no-noise_modelreplace_2/agg_records/pkl/round_0172_foolsgold.pkl
173,foolsgold,success,"[1, 4, 54, 13, 69, 75, 18, 7, 2, 37]","[54, 69, 18, 7, 37]","[1, 4, 13, 75, 2]",10,5,"[""foolsgold""]",../main/re_result_6-29_APRA/cifar10_500_Jun.30_11.27.43_foolsgold_fix_True_no-mia_no-mia-class_no-noise_modelreplace_2/agg_records/pkl/round_0173_foolsgold.pkl
174,foolsgold,success,"[2, 67, 17, 6, 62, 19, 13, 51, 24, 35]","[2, 67, 6, 19, 35]","[17, 62, 13, 51, 24]",10,5,"[""foolsgold""]",../main/re_result_6-29_APRA/cifar10_500_Jun.30_11.27.43_foolsgold_fix_True_no-mia_no-mia-class_no-noise_modelreplace_2/agg_records/pkl/round_0174_foolsgold.pkl
175,foolsgold,success,"[3, 89, 39, 17, 56, 72, 35, 62, 32, 19]","[3, 39, 35]","[89, 17, 56, 72, 62, 32, 19]",10,3,"[""foolsgold""]",../main/re_result_6-29_APRA/cifar10_500_Jun.30_11.27.43_foolsgold_fix_True_no-mia_no-mia-class_no-noise_modelreplace_2/agg_records/pkl/round_0175_foolsgold.pkl
176,foolsgold,success,"[2, 42, 8, 99, 55, 43, 18, 74, 85, 78]","[2, 8, 43, 74, 78]","[42, 99, 55, 18, 85]",10,5,"[""foolsgold""]",../main/re_result_6-29_APRA/cifar10_500_Jun.30_11.27.43_foolsgold_fix_True_no-mia_no-mia-class_no-noise_modelreplace_2/agg_records/pkl/round_0176_foolsgold.pkl
177,foolsgold,success,"[0, 43, 92, 29, 50, 57, 80, 82, 16, 17]","[0, 29, 57, 16]","[43, 92, 50, 80, 82, 17]",10,4,"[""foolsgold""]",../main/re_result_6-29_APRA/cifar10_500_Jun.30_11.27.43_foolsgold_fix_True_no-mia_no-mia-class_no-noise_modelreplace_2/agg_records/pkl/round_0177_foolsgold.pkl
178,foolsgold,success,"[0, 58, 21, 96, 94, 5, 80, 45, 62, 71]","[0, 58, 80, 45, 62]","[21, 96, 94, 5, 71]",10,5,"[""foolsgold""]",../main/re_result_6-29_APRA/cifar10_500_Jun.30_11.27.43_foolsgold_fix_True_no-mia_no-mia-class_no-noise_modelreplace_2/agg_records/pkl/round_0178_foolsgold.pkl
179,foolsgold,success,"[4, 2, 30, 41, 90, 42, 1, 69, 13, 73]","[30, 41, 90, 69]","[4, 2, 42, 1, 13, 73]",10,4,"[""foolsgold""]",../main/re_result_6-29_APRA/cifar10_500_Jun.30_11.27.43_foolsgold_fix_True_no-mia_no-mia-class_no-noise_modelreplace_2/agg_records/pkl/round_0179_foolsgold.pkl
180,foolsgold,success,"[4, 97, 54, 70, 96, 34, 36, 42, 56, 91]","[97, 34, 42, 56]","[4, 54, 70, 96, 36, 91]",10,4,"[""foolsgold""]",../main/re_result_6-29_APRA/cifar10_500_Jun.30_11.27.43_foolsgold_fix_True_no-mia_no-mia-class_no-noise_modelreplace_2/agg_records/pkl/round_0180_foolsgold.pkl
181,foolsgold,success,"[3, 96, 90, 93, 69, 11, 94, 58, 34, 38]","[3, 96, 93, 69, 94]","[90, 11, 58, 34, 38]",10,5,"[""foolsgold""]",../main/re_result_6-29_APRA/cifar10_500_Jun.30_11.27.43_foolsgold_fix_True_no-mia_no-mia-class_no-noise_modelreplace_2/agg_records/pkl/round_0181_foolsgold.pkl
182,foolsgold,success,"[1, 5, 41, 34, 8, 82, 47, 11, 48, 89]","[1, 41, 47, 89]","[5, 34, 8, 82, 11, 48]",10,4,"[""foolsgold""]",../main/re_result_6-29_APRA/cifar10_500_Jun.30_11.27.43_foolsgold_fix_True_no-mia_no-mia-class_no-noise_modelreplace_2/agg_records/pkl/round_0182_foolsgold.pkl
183,foolsgold,success,"[2, 54, 62, 36, 1, 73, 23, 7, 15, 94]","[54, 62, 73, 7, 15]","[2, 36, 1, 23, 94]",10,5,"[""foolsgold""]",../main/re_result_6-29_APRA/cifar10_500_Jun.30_11.27.43_foolsgold_fix_True_no-mia_no-mia-class_no-noise_modelreplace_2/agg_records/pkl/round_0183_foolsgold.pkl
184,foolsgold,success,"[3, 83, 64, 41, 77, 95, 87, 32, 5, 4]","[64, 41, 95, 32]","[3, 83, 77, 87, 5, 4]",10,4,"[""foolsgold""]",../main/re_result_6-29_APRA/cifar10_500_Jun.30_11.27.43_foolsgold_fix_True_no-mia_no-mia-class_no-noise_modelreplace_2/agg_records/pkl/round_0184_foolsgold.pkl
185,foolsgold,success,"[0, 29, 33, 81, 11, 39, 5, 45, 95, 69]","[0, 29, 33, 81, 11, 39, 5, 95]","[45, 69]",10,8,"[""foolsgold""]",../main/re_result_6-29_APRA/cifar10_500_Jun.30_11.27.43_foolsgold_fix_True_no-mia_no-mia-class_no-noise_modelreplace_2/agg_records/pkl/round_0185_foolsgold.pkl
186,foolsgold,success,"[0, 50, 81, 62, 3, 74, 10, 33, 35, 56]","[74, 10, 33, 56]","[0, 50, 81, 62, 3, 35]",10,4,"[""foolsgold""]",../main/re_result_6-29_APRA/cifar10_500_Jun.30_11.27.43_foolsgold_fix_True_no-mia_no-mia-class_no-noise_modelreplace_2/agg_records/pkl/round_0186_foolsgold.pkl
187,foolsgold,success,"[2, 40, 67, 33, 0, 7, 1, 6, 38, 5]","[40, 7, 5]","[2, 67, 33, 0, 1, 6, 38]",10,3,"[""foolsgold""]",../main/re_result_6-29_APRA/cifar10_500_Jun.30_11.27.43_foolsgold_fix_True_no-mia_no-mia-class_no-noise_modelreplace_2/agg_records/pkl/round_0187_foolsgold.pkl
188,foolsgold,success,"[0, 38, 92, 53, 33, 46, 80, 60, 50, 68]","[0, 53, 33, 46, 80, 60]","[38, 92, 50, 68]",10,6,"[""foolsgold""]",../main/re_result_6-29_APRA/cifar10_500_Jun.30_11.27.43_foolsgold_fix_True_no-mia_no-mia-class_no-noise_modelreplace_2/agg_records/pkl/round_0188_foolsgold.pkl
189,foolsgold,success,"[1, 38, 94, 69, 57, 45, 22, 47, 53, 3]","[38, 94, 57, 22, 53]","[1, 69, 45, 47, 3]",10,5,"[""foolsgold""]",../main/re_result_6-29_APRA/cifar10_500_Jun.30_11.27.43_foolsgold_fix_True_no-mia_no-mia-class_no-noise_modelreplace_2/agg_records/pkl/round_0189_foolsgold.pkl
190,foolsgold,success,"[2, 71, 75, 78, 19, 37, 51, 55, 18, 41]","[2, 78, 19, 37, 18, 41]","[71, 75, 51, 55]",10,6,"[""foolsgold""]",../main/re_result_6-29_APRA/cifar10_500_Jun.30_11.27.43_foolsgold_fix_True_no-mia_no-mia-class_no-noise_modelreplace_2/agg_records/pkl/round_0190_foolsgold.pkl
191,foolsgold,success,"[3, 55, 8, 11, 25, 68, 6, 90, 61, 78]","[3, 8, 11, 25, 6, 90, 61, 78]","[55, 68]",10,8,"[""foolsgold""]",../main/re_result_6-29_APRA/cifar10_500_Jun.30_11.27.43_foolsgold_fix_True_no-mia_no-mia-class_no-noise_modelreplace_2/agg_records/pkl/round_0191_foolsgold.pkl
192,foolsgold,success,"[2, 95, 11, 12, 65, 15, 22, 86, 14, 50]","[2, 95, 11, 65, 15, 50]","[12, 22, 86, 14]",10,6,"[""foolsgold""]",../main/re_result_6-29_APRA/cifar10_500_Jun.30_11.27.43_foolsgold_fix_True_no-mia_no-mia-class_no-noise_modelreplace_2/agg_records/pkl/round_0192_foolsgold.pkl
193,foolsgold,success,"[2, 23, 88, 85, 48, 8, 72, 87, 16, 73]","[2, 72]","[23, 88, 85, 48, 8, 87, 16, 73]",10,2,"[""foolsgold""]",../main/re_result_6-29_APRA/cifar10_500_Jun.30_11.27.43_foolsgold_fix_True_no-mia_no-mia-class_no-noise_modelreplace_2/agg_records/pkl/round_0193_foolsgold.pkl
194,foolsgold,success,"[2, 78, 3, 40, 31, 14, 44, 57, 10, 64]","[78, 40, 31, 64]","[2, 3, 14, 44, 57, 10]",10,4,"[""foolsgold""]",../main/re_result_6-29_APRA/cifar10_500_Jun.30_11.27.43_foolsgold_fix_True_no-mia_no-mia-class_no-noise_modelreplace_2/agg_records/pkl/round_0194_foolsgold.pkl
195,foolsgold,success,"[2, 10, 81, 56, 88, 36, 62, 99, 93, 85]","[88, 93]","[2, 10, 81, 56, 36, 62, 99, 85]",10,2,"[""foolsgold""]",../main/re_result_6-29_APRA/cifar10_500_Jun.30_11.27.43_foolsgold_fix_True_no-mia_no-mia-class_no-noise_modelreplace_2/agg_records/pkl/round_0195_foolsgold.pkl
196,foolsgold,success,"[3, 25, 99, 13, 81, 6, 89, 30, 21, 90]","[3, 25, 99, 13, 81, 30, 21, 90]","[6, 89]",10,8,"[""foolsgold""]",../main/re_result_6-29_APRA/cifar10_500_Jun.30_11.27.43_foolsgold_fix_True_no-mia_no-mia-class_no-noise_modelreplace_2/agg_records/pkl/round_0196_foolsgold.pkl
197,foolsgold,success,"[1, 16, 75, 59, 52, 61, 8, 21, 47, 40]","[1, 16, 75, 59, 52, 47]","[61, 8, 21, 40]",10,6,"[""foolsgold""]",../main/re_result_6-29_APRA/cifar10_500_Jun.30_11.27.43_foolsgold_fix_True_no-mia_no-mia-class_no-noise_modelreplace_2/agg_records/pkl/round_0197_foolsgold.pkl
198,foolsgold,success,"[3, 13, 53, 66, 33, 38, 36, 49, 76, 54]",[33],"[3, 13, 53, 66, 38, 36, 49, 76, 54]",10,1,"[""foolsgold""]",../main/re_result_6-29_APRA/cifar10_500_Jun.30_11.27.43_foolsgold_fix_True_no-mia_no-mia-class_no-noise_modelreplace_2/agg_records/pkl/round_0198_foolsgold.pkl
199,foolsgold,success,"[2, 47, 98, 83, 65, 78, 24, 33, 88, 40]","[2, 47, 83, 65, 78, 40]","[98, 24, 33, 88]",10,6,"[""foolsgold""]",../main/re_result_6-29_APRA/cifar10_500_Jun.30_11.27.43_foolsgold_fix_True_no-mia_no-mia-class_no-noise_modelreplace_2/agg_records/pkl/round_0199_foolsgold.pkl
200,foolsgold,success,"[0, 86, 70, 30, 24, 66, 99, 9, 12, 31]","[0, 70, 30, 66, 9, 31]","[86, 24, 99, 12]",10,6,"[""foolsgold""]",../main/re_result_6-29_APRA/cifar10_500_Jun.30_11.27.43_foolsgold_fix_True_no-mia_no-mia-class_no-noise_modelreplace_2/agg_records/pkl/round_0200_foolsgold.pkl
201,foolsgold,success,"[3, 81, 17, 35, 96, 88, 36, 99, 64, 92]","[96, 99, 64]","[3, 81, 17, 35, 88, 36, 92]",10,3,"[""foolsgold""]",../main/re_result_6-29_APRA/cifar10_500_Jun.30_11.27.43_foolsgold_fix_True_no-mia_no-mia-class_no-noise_modelreplace_2/agg_records/pkl/round_0201_foolsgold.pkl
202,foolsgold,success,"[4, 91, 21, 75, 59, 96, 92, 42, 74, 12]","[4, 21, 59, 96, 92, 74]","[91, 75, 42, 12]",10,6,"[""foolsgold""]",../main/re_result_6-29_APRA/cifar10_500_Jun.30_11.27.43_foolsgold_fix_True_no-mia_no-mia-class_no-noise_modelreplace_2/agg_records/pkl/round_0202_foolsgold.pkl
203,foolsgold,success,"[2, 39, 68, 74, 40, 3, 0, 85, 50, 44]","[39, 68, 74, 40, 85, 50]","[2, 3, 0, 44]",10,6,"[""foolsgold""]",../main/re_result_6-29_APRA/cifar10_500_Jun.30_11.27.43_foolsgold_fix_True_no-mia_no-mia-class_no-noise_modelreplace_2/agg_records/pkl/round_0203_foolsgold.pkl
204,foolsgold,success,"[4, 33, 52, 31, 75, 20, 83, 96, 38, 72]","[4, 75, 20, 96, 72]","[33, 52, 31, 83, 38]",10,5,"[""foolsgold""]",../main/re_result_6-29_APRA/cifar10_500_Jun.30_11.27.43_foolsgold_fix_True_no-mia_no-mia-class_no-noise_modelreplace_2/agg_records/pkl/round_0204_foolsgold.pkl
205,foolsgold,success,"[4, 64, 72, 2, 83, 62, 97, 32, 51, 86]","[64, 72, 83, 97, 32, 51]","[4, 2, 62, 86]",10,6,"[""foolsgold""]",../main/re_result_6-29_APRA/cifar10_500_Jun.30_11.27.43_foolsgold_fix_True_no-mia_no-mia-class_no-noise_modelreplace_2/agg_records/pkl/round_0205_foolsgold.pkl
206,foolsgold,success,"[3, 54, 33, 74, 61, 27, 58, 68, 6, 42]","[3, 54, 33, 74, 61, 6]","[27, 58, 68, 42]",10,6,"[""foolsgold""]",../main/re_result_6-29_APRA/cifar10_500_Jun.30_11.27.43_foolsgold_fix_True_no-mia_no-mia-class_no-noise_modelreplace_2/agg_records/pkl/round_0206_foolsgold.pkl
207,foolsgold,success,"[1, 36, 19, 45, 15, 73, 13, 69, 59, 16]","[15, 59, 16]","[1, 36, 19, 45, 73, 13, 69]",10,3,"[""foolsgold""]",../main/re_result_6-29_APRA/cifar10_500_Jun.30_11.27.43_foolsgold_fix_True_no-mia_no-mia-class_no-noise_modelreplace_2/agg_records/pkl/round_0207_foolsgold.pkl
208,foolsgold,success,"[3, 17, 69, 74, 58, 40, 57, 56, 59, 55]","[3, 17, 69, 74, 58, 59]","[40, 57, 56, 55]",10,6,"[""foolsgold""]",../main/re_result_6-29_APRA/cifar10_500_Jun.30_11.27.43_foolsgold_fix_True_no-mia_no-mia-class_no-noise_modelreplace_2/agg_records/pkl/round_0208_foolsgold.pkl
209,foolsgold,success,"[3, 97, 8, 89, 79, 11, 76, 16, 77, 25]","[3, 97, 8, 16, 25]","[89, 79, 11, 76, 77]",10,5,"[""foolsgold""]",../main/re_result_6-29_APRA/cifar10_500_Jun.30_11.27.43_foolsgold_fix_True_no-mia_no-mia-class_no-noise_modelreplace_2/agg_records/pkl/round_0209_foolsgold.pkl
210,foolsgold,success,"[2, 21, 49, 33, 17, 44, 74, 85, 84, 79]","[21, 33, 74, 85, 84, 79]","[2, 49, 17, 44]",10,6,"[""foolsgold""]",../main/re_result_6-29_APRA/cifar10_500_Jun.30_11.27.43_foolsgold_fix_True_no-mia_no-mia-class_no-noise_modelreplace_2/agg_records/pkl/round_0210_foolsgold.pkl
211,foolsgold,success,"[1, 15, 58, 56, 75, 64, 2, 68, 46, 54]","[15, 56, 75, 54]","[1, 58, 64, 2, 68, 46]",10,4,"[""foolsgold""]",../main/re_result_6-29_APRA/cifar10_500_Jun.30_11.27.43_foolsgold_fix_True_no-mia_no-mia-class_no-noise_modelreplace_2/agg_records/pkl/round_0211_foolsgold.pkl
212,foolsgold,success,"[3, 41, 74, 15, 4, 81, 48, 84, 56, 94]","[41, 74, 15, 81, 84, 94]","[3, 4, 48, 56]",10,6,"[""foolsgold""]",../main/re_result_6-29_APRA/cifar10_500_Jun.30_11.27.43_foolsgold_fix_True_no-mia_no-mia-class_no-noise_modelreplace_2/agg_records/pkl/round_0212_foolsgold.pkl
213,foolsgold,success,"[1, 94, 76, 84, 86, 54, 63, 6, 85, 39]","[1, 84, 86, 54]","[94, 76, 63, 6, 85, 39]",10,4,"[""foolsgold""]",../main/re_result_6-29_APRA/cifar10_500_Jun.30_11.27.43_foolsgold_fix_True_no-mia_no-mia-class_no-noise_modelreplace_2/agg_records/pkl/round_0213_foolsgold.pkl
214,foolsgold,success,"[2, 58, 62, 15, 35, 5, 46, 60, 8, 18]","[2, 62, 15, 46, 8, 18]","[58, 35, 5, 60]",10,6,"[""foolsgold""]",../main/re_result_6-29_APRA/cifar10_500_Jun.30_11.27.43_foolsgold_fix_True_no-mia_no-mia-class_no-noise_modelreplace_2/agg_records/pkl/round_0214_foolsgold.pkl
215,foolsgold,success,"[2, 96, 3, 90, 11, 47, 48, 37, 33, 80]","[96, 90, 11, 47, 48, 33]","[2, 3, 37, 80]",10,6,"[""foolsgold""]",../main/re_result_6-29_APRA/cifar10_500_Jun.30_11.27.43_foolsgold_fix_True_no-mia_no-mia-class_no-noise_modelreplace_2/agg_records/pkl/round_0215_foolsgold.pkl
216,foolsgold,success,"[2, 5, 82, 80, 89, 69, 42, 59, 17, 48]","[2, 5, 69, 42, 48]","[82, 80, 89, 59, 17]",10,5,"[""foolsgold""]",../main/re_result_6-29_APRA/cifar10_500_Jun.30_11.27.43_foolsgold_fix_True_no-mia_no-mia-class_no-noise_modelreplace_2/agg_records/pkl/round_0216_foolsgold.pkl
217,foolsgold,success,"[3, 81, 28, 63, 34, 35, 96, 71, 46, 44]","[3, 28, 35, 96, 71, 44]","[81, 63, 34, 46]",10,6,"[""foolsgold""]",../main/re_result_6-29_APRA/cifar10_500_Jun.30_11.27.43_foolsgold_fix_True_no-mia_no-mia-class_no-noise_modelreplace_2/agg_records/pkl/round_0217_foolsgold.pkl
218,foolsgold,success,"[2, 91, 86, 84, 61, 50, 97, 87, 53, 27]","[2, 91, 86, 84, 61, 53]","[50, 97, 87, 27]",10,6,"[""foolsgold""]",../main/re_result_6-29_APRA/cifar10_500_Jun.30_11.27.43_foolsgold_fix_True_no-mia_no-mia-class_no-noise_modelreplace_2/agg_records/pkl/round_0218_foolsgold.pkl
219,foolsgold,success,"[1, 44, 89, 35, 24, 0, 91, 43, 4, 73]","[35, 91, 43, 73]","[1, 44, 89, 24, 0, 4]",10,4,"[""foolsgold""]",../main/re_result_6-29_APRA/cifar10_500_Jun.30_11.27.43_foolsgold_fix_True_no-mia_no-mia-class_no-noise_modelreplace_2/agg_records/pkl/round_0219_foolsgold.pkl
220,foolsgold,success,"[2, 28, 1, 88, 58, 21, 61, 94, 17, 68]","[28, 88]","[2, 1, 58, 21, 61, 94, 17, 68]",10,2,"[""foolsgold""]",../main/re_result_6-29_APRA/cifar10_500_Jun.30_11.27.43_foolsgold_fix_True_no-mia_no-mia-class_no-noise_modelreplace_2/agg_records/pkl/round_0220_foolsgold.pkl
221,foolsgold,success,"[1, 61, 50, 74, 42, 87, 65, 72, 64, 8]","[1, 42, 8]","[61, 50, 74, 87, 65, 72, 64]",10,3,"[""foolsgold""]",../main/re_result_6-29_APRA/cifar10_500_Jun.30_11.27.43_foolsgold_fix_True_no-mia_no-mia-class_no-noise_modelreplace_2/agg_records/pkl/round_0221_foolsgold.pkl
222,foolsgold,success,"[4, 75, 35, 21, 95, 83, 55, 52, 2, 31]","[75, 35, 21, 95, 83, 55, 52, 31]","[4, 2]",10,8,"[""foolsgold""]",../main/re_result_6-29_APRA/cifar10_500_Jun.30_11.27.43_foolsgold_fix_True_no-mia_no-mia-class_no-noise_modelreplace_2/agg_records/pkl/round_0222_foolsgold.pkl
223,foolsgold,success,"[3, 55, 79, 70, 4, 82, 24, 60, 56, 88]","[70, 82, 60, 56, 88]","[3, 55, 79, 4, 24]",10,5,"[""foolsgold""]",../main/re_result_6-29_APRA/cifar10_500_Jun.30_11.27.43_foolsgold_fix_True_no-mia_no-mia-class_no-noise_modelreplace_2/agg_records/pkl/round_0223_foolsgold.pkl
224,foolsgold,success,"[2, 34, 70, 23, 83, 99, 77, 37, 26, 89]","[2, 34, 70, 23, 99]","[83, 77, 37, 26, 89]",10,5,"[""foolsgold""]",../main/re_result_6-29_APRA/cifar10_500_Jun.30_11.27.43_foolsgold_fix_True_no-mia_no-mia-class_no-noise_modelreplace_2/agg_records/pkl/round_0224_foolsgold.pkl
225,foolsgold,success,"[2, 6, 8, 62, 78, 51, 14, 56, 46, 29]","[2, 62, 78, 51, 14, 29]","[6, 8, 56, 46]",10,6,"[""foolsgold""]",../main/re_result_6-29_APRA/cifar10_500_Jun.30_11.27.43_foolsgold_fix_True_no-mia_no-mia-class_no-noise_modelreplace_2/agg_records/pkl/round_0225_foolsgold.pkl
226,foolsgold,success,"[3, 64, 60, 88, 68, 33, 18, 36, 63, 14]","[64, 60, 88, 68, 33, 18, 63, 14]","[3, 36]",10,8,"[""foolsgold""]",../main/re_result_6-29_APRA/cifar10_500_Jun.30_11.27.43_foolsgold_fix_True_no-mia_no-mia-class_no-noise_modelreplace_2/agg_records/pkl/round_0226_foolsgold.pkl
227,foolsgold,success,"[3, 37, 73, 9, 76, 15, 50, 25, 88, 55]","[3, 37, 9, 15, 25, 55]","[73, 76, 50, 88]",10,6,"[""foolsgold""]",../main/re_result_6-29_APRA/cifar10_500_Jun.30_11.27.43_foolsgold_fix_True_no-mia_no-mia-class_no-noise_modelreplace_2/agg_records/pkl/round_0227_foolsgold.pkl
228,foolsgold,success,"[4, 43, 2, 88, 61, 23, 44, 78, 45, 5]","[43, 88, 61, 23, 78, 45, 5]","[4, 2, 44]",10,7,"[""foolsgold""]",../main/re_result_6-29_APRA/cifar10_500_Jun.30_11.27.43_foolsgold_fix_True_no-mia_no-mia-class_no-noise_modelreplace_2/agg_records/pkl/round_0228_foolsgold.pkl
229,foolsgold,success,"[0, 50, 78, 10, 45, 55, 79, 61, 68, 8]","[0, 50, 78, 45, 61, 8]","[10, 55, 79, 68]",10,6,"[""foolsgold""]",../main/re_result_6-29_APRA/cifar10_500_Jun.30_11.27.43_foolsgold_fix_True_no-mia_no-mia-class_no-noise_modelreplace_2/agg_records/pkl/round_0229_foolsgold.pkl
230,foolsgold,success,"[3, 80, 66, 19, 27, 7, 62, 86, 6, 2]","[80, 19, 7, 6]","[3, 66, 27, 62, 86, 2]",10,4,"[""foolsgold""]",../main/re_result_6-29_APRA/cifar10_500_Jun.30_11.27.43_foolsgold_fix_True_no-mia_no-mia-class_no-noise_modelreplace_2/agg_records/pkl/round_0230_foolsgold.pkl
231,foolsgold,success,"[4, 9, 26, 28, 97, 96, 40, 95, 75, 2]","[26, 28, 96, 40, 75]","[4, 9, 97, 95, 2]",10,5,"[""foolsgold""]",../main/re_result_6-29_APRA/cifar10_500_Jun.30_11.27.43_foolsgold_fix_True_no-mia_no-mia-class_no-noise_modelreplace_2/agg_records/pkl/round_0231_foolsgold.pkl
232,foolsgold,success,"[1, 27, 99, 62, 39, 30, 23, 56, 74, 92]","[1, 27, 99, 62, 39, 30, 23, 56, 74, 92]",[],10,10,"[""foolsgold""]",../main/re_result_6-29_APRA/cifar10_500_Jun.30_11.27.43_foolsgold_fix_True_no-mia_no-mia-class_no-noise_modelreplace_2/agg_records/pkl/round_0232_foolsgold.pkl
233,foolsgold,success,"[1, 98, 36, 80, 37, 13, 71, 0, 12, 90]","[98, 12, 90]","[1, 36, 80, 37, 13, 71, 0]",10,3,"[""foolsgold""]",../main/re_result_6-29_APRA/cifar10_500_Jun.30_11.27.43_foolsgold_fix_True_no-mia_no-mia-class_no-noise_modelreplace_2/agg_records/pkl/round_0233_foolsgold.pkl
234,foolsgold,success,"[3, 87, 74, 82, 46, 79, 16, 83, 89, 23]","[3, 74, 82, 16]","[87, 46, 79, 83, 89, 23]",10,4,"[""foolsgold""]",../main/re_result_6-29_APRA/cifar10_500_Jun.30_11.27.43_foolsgold_fix_True_no-mia_no-mia-class_no-noise_modelreplace_2/agg_records/pkl/round_0234_foolsgold.pkl
235,foolsgold,success,"[4, 39, 54, 34, 6, 32, 9, 14, 70, 20]","[4, 39, 54, 6, 9, 70]","[34, 32, 14, 20]",10,6,"[""foolsgold""]",../main/re_result_6-29_APRA/cifar10_500_Jun.30_11.27.43_foolsgold_fix_True_no-mia_no-mia-class_no-noise_modelreplace_2/agg_records/pkl/round_0235_foolsgold.pkl
236,foolsgold,success,"[4, 60, 77, 13, 34, 56, 46, 76, 45, 11]","[4, 60, 77, 56, 46, 45]","[13, 34, 76, 11]",10,6,"[""foolsgold""]",../main/re_result_6-29_APRA/cifar10_500_Jun.30_11.27.43_foolsgold_fix_True_no-mia_no-mia-class_no-noise_modelreplace_2/agg_records/pkl/round_0236_foolsgold.pkl
237,foolsgold,success,"[1, 4, 25, 30, 73, 96, 8, 48, 78, 50]","[25, 30, 73, 96, 78, 50]","[1, 4, 8, 48]",10,6,"[""foolsgold""]",../main/re_result_6-29_APRA/cifar10_500_Jun.30_11.27.43_foolsgold_fix_True_no-mia_no-mia-class_no-noise_modelreplace_2/agg_records/pkl/round_0237_foolsgold.pkl
238,foolsgold,success,"[3, 88, 56, 83, 75, 33, 20, 28, 74, 38]","[3, 56, 75, 20]","[88, 83, 33, 28, 74, 38]",10,4,"[""foolsgold""]",../main/re_result_6-29_APRA/cifar10_500_Jun.30_11.27.43_foolsgold_fix_True_no-mia_no-mia-class_no-noise_modelreplace_2/agg_records/pkl/round_0238_foolsgold.pkl
239,foolsgold,success,"[1, 72, 87, 27, 93, 62, 46, 96, 37, 21]","[1, 72, 27, 93, 62, 96, 37]","[87, 46, 21]",10,7,"[""foolsgold""]",../main/re_result_6-29_APRA/cifar10_500_Jun.30_11.27.43_foolsgold_fix_True_no-mia_no-mia-class_no-noise_modelreplace_2/agg_records/pkl/round_0239_foolsgold.pkl
240,foolsgold,success,"[4, 65, 39, 50, 32, 61, 93, 62, 31, 40]","[4, 65, 39, 50, 61, 93, 62, 31]","[32, 40]",10,8,"[""foolsgold""]",../main/re_result_6-29_APRA/cifar10_500_Jun.30_11.27.43_foolsgold_fix_True_no-mia_no-mia-class_no-noise_modelreplace_2/agg_records/pkl/round_0240_foolsgold.pkl
241,foolsgold,success,"[4, 81, 42, 7, 95, 32, 1, 94, 23, 58]","[81, 42, 7, 95, 32, 58]","[4, 1, 94, 23]",10,6,"[""foolsgold""]",../main/re_result_6-29_APRA/cifar10_500_Jun.30_11.27.43_foolsgold_fix_True_no-mia_no-mia-class_no-noise_modelreplace_2/agg_records/pkl/round_0241_foolsgold.pkl
242,foolsgold,success,"[3, 18, 88, 11, 59, 74, 27, 10, 52, 21]","[3, 88, 59, 74, 52]","[18, 11, 27, 10, 21]",10,5,"[""foolsgold""]",../main/re_result_6-29_APRA/cifar10_500_Jun.30_11.27.43_foolsgold_fix_True_no-mia_no-mia-class_no-noise_modelreplace_2/agg_records/pkl/round_0242_foolsgold.pkl
243,foolsgold,success,"[2, 6, 43, 46, 26, 21, 55, 57, 80, 78]","[2, 43, 78]","[6, 46, 26, 21, 55, 57, 80]",10,3,"[""foolsgold""]",../main/re_result_6-29_APRA/cifar10_500_Jun.30_11.27.43_foolsgold_fix_True_no-mia_no-mia-class_no-noise_modelreplace_2/agg_records/pkl/round_0243_foolsgold.pkl
244,foolsgold,success,"[1, 36, 84, 82, 40, 87, 90, 66, 32, 89]","[84, 82, 87, 90, 66, 89]","[1, 36, 40, 32]",10,6,"[""foolsgold""]",../main/re_result_6-29_APRA/cifar10_500_Jun.30_11.27.43_foolsgold_fix_True_no-mia_no-mia-class_no-noise_modelreplace_2/agg_records/pkl/round_0244_foolsgold.pkl
245,foolsgold,success,"[3, 19, 51, 72, 92, 60, 98, 91, 63, 76]","[3, 92, 63]","[19, 51, 72, 60, 98, 91, 76]",10,3,"[""foolsgold""]",../main/re_result_6-29_APRA/cifar10_500_Jun.30_11.27.43_foolsgold_fix_True_no-mia_no-mia-class_no-noise_modelreplace_2/agg_records/pkl/round_0245_foolsgold.pkl
246,foolsgold,success,"[1, 94, 66, 86, 68, 73, 35, 77, 11, 22]","[1, 94, 35, 22]","[66, 86, 68, 73, 77, 11]",10,4,"[""foolsgold""]",../main/re_result_6-29_APRA/cifar10_500_Jun.30_11.27.43_foolsgold_fix_True_no-mia_no-mia-class_no-noise_modelreplace_2/agg_records/pkl/round_0246_foolsgold.pkl
247,foolsgold,success,"[4, 56, 57, 22, 65, 63, 62, 33, 64, 69]","[4, 56, 57, 22, 65, 62, 33, 69]","[63, 64]",10,8,"[""foolsgold""]",../main/re_result_6-29_APRA/cifar10_500_Jun.30_11.27.43_foolsgold_fix_True_no-mia_no-mia-class_no-noise_modelreplace_2/agg_records/pkl/round_0247_foolsgold.pkl
248,foolsgold,success,"[3, 79, 11, 7, 38, 2, 57, 49, 91, 22]","[7, 57, 49, 91, 22]","[3, 79, 11, 38, 2]",10,5,"[""foolsgold""]",../main/re_result_6-29_APRA/cifar10_500_Jun.30_11.27.43_foolsgold_fix_True_no-mia_no-mia-class_no-noise_modelreplace_2/agg_records/pkl/round_0248_foolsgold.pkl
249,foolsgold,success,"[4, 49, 80, 41, 24, 96, 37, 13, 63, 29]","[4, 13, 63, 29]","[49, 80, 41, 24, 96, 37]",10,4,"[""foolsgold""]",../main/re_result_6-29_APRA/cifar10_500_Jun.30_11.27.43_foolsgold_fix_True_no-mia_no-mia-class_no-noise_modelreplace_2/agg_records/pkl/round_0249_foolsgold.pkl
250,foolsgold,success,"[0, 86, 66, 7, 19, 3, 37, 34, 10, 91]","[86, 7, 19, 37, 91]","[0, 66, 3, 34, 10]",10,5,"[""foolsgold""]",../main/re_result_6-29_APRA/cifar10_500_Jun.30_11.27.43_foolsgold_fix_True_no-mia_no-mia-class_no-noise_modelreplace_2/agg_records/pkl/round_0250_foolsgold.pkl
251,foolsgold,success,"[0, 59, 14, 73, 9, 18, 77, 36, 32, 89]","[59, 14, 73, 9, 18, 77, 32, 89]","[0, 36]",10,8,"[""foolsgold""]",../main/re_result_6-29_APRA/cifar10_500_Jun.30_11.27.43_foolsgold_fix_True_no-mia_no-mia-class_no-noise_modelreplace_2/agg_records/pkl/round_0251_foolsgold.pkl
252,foolsgold,success,"[1, 59, 8, 24, 55, 47, 57, 68, 13, 38]","[1, 59, 8, 47]","[24, 55, 57, 68, 13, 38]",10,4,"[""foolsgold""]",../main/re_result_6-29_APRA/cifar10_500_Jun.30_11.27.43_foolsgold_fix_True_no-mia_no-mia-class_no-noise_modelreplace_2/agg_records/pkl/round_0252_foolsgold.pkl
253,foolsgold,success,"[4, 51, 29, 46, 41, 3, 11, 75, 27, 48]","[29, 46, 41, 11, 48]","[4, 51, 3, 75, 27]",10,5,"[""foolsgold""]",../main/re_result_6-29_APRA/cifar10_500_Jun.30_11.27.43_foolsgold_fix_True_no-mia_no-mia-class_no-noise_modelreplace_2/agg_records/pkl/round_0253_foolsgold.pkl
254,foolsgold,success,"[1, 9, 85, 11, 4, 15, 93, 42, 66, 39]","[9, 11, 15, 93, 39]","[1, 85, 4, 42, 66]",10,5,"[""foolsgold""]",../main/re_result_6-29_APRA/cifar10_500_Jun.30_11.27.43_foolsgold_fix_True_no-mia_no-mia-class_no-noise_modelreplace_2/agg_records/pkl/round_0254_foolsgold.pkl
255,foolsgold,success,"[2, 51, 57, 29, 12, 62, 8, 89, 6, 93]","[2, 51, 57, 29, 12, 62, 8, 93]","[89, 6]",10,8,"[""foolsgold""]",../main/re_result_6-29_APRA/cifar10_500_Jun.30_11.27.43_foolsgold_fix_True_no-mia_no-mia-class_no-noise_modelreplace_2/agg_records/pkl/round_0255_foolsgold.pkl
256,foolsgold,success,"[0, 86, 89, 60, 36, 73, 25, 12, 58, 47]","[86, 89, 73, 25, 58, 47]","[0, 60, 36, 12]",10,6,"[""foolsgold""]",../main/re_result_6-29_APRA/cifar10_500_Jun.30_11.27.43_foolsgold_fix_True_no-mia_no-mia-class_no-noise_modelreplace_2/agg_records/pkl/round_0256_foolsgold.pkl
257,foolsgold,success,"[3, 4, 64, 30, 0, 24, 14, 91, 90, 57]","[64, 30, 24, 91, 90]","[3, 4, 0, 14, 57]",10,5,"[""foolsgold""]",../main/re_result_6-29_APRA/cifar10_500_Jun.30_11.27.43_foolsgold_fix_True_no-mia_no-mia-class_no-noise_modelreplace_2/agg_records/pkl/round_0257_foolsgold.pkl
258,foolsgold,success,"[1, 59, 28, 31, 77, 62, 82, 85, 6, 11]","[1, 28, 31, 62, 85, 11]","[59, 77, 82, 6]",10,6,"[""foolsgold""]",../main/re_result_6-29_APRA/cifar10_500_Jun.30_11.27.43_foolsgold_fix_True_no-mia_no-mia-class_no-noise_modelreplace_2/agg_records/pkl/round_0258_foolsgold.pkl
259,foolsgold,success,"[0, 13, 85, 38, 73, 22, 53, 21, 10, 71]","[0, 38, 22, 53, 21]","[13, 85, 73, 10, 71]",10,5,"[""foolsgold""]",../main/re_result_6-29_APRA/cifar10_500_Jun.30_11.27.43_foolsgold_fix_True_no-mia_no-mia-class_no-noise_modelreplace_2/agg_records/pkl/round_0259_foolsgold.pkl
260,foolsgold,success,"[4, 21, 93, 87, 34, 1, 0, 54, 10, 27]","[93, 54]","[4, 21, 87, 34, 1, 0, 10, 27]",10,2,"[""foolsgold""]",../main/re_result_6-29_APRA/cifar10_500_Jun.30_11.27.43_foolsgold_fix_True_no-mia_no-mia-class_no-noise_modelreplace_2/agg_records/pkl/round_0260_foolsgold.pkl
261,foolsgold,success,"[4, 49, 43, 35, 89, 76, 55, 52, 7, 22]","[4, 35, 89, 7, 22]","[49, 43, 76, 55, 52]",10,5,"[""foolsgold""]",../main/re_result_6-29_APRA/cifar10_500_Jun.30_11.27.43_foolsgold_fix_True_no-mia_no-mia-class_no-noise_modelreplace_2/agg_records/pkl/round_0261_foolsgold.pkl
262,foolsgold,success,"[2, 11, 35, 32, 44, 70, 93, 6, 36, 61]","[11, 35, 32, 70, 93, 6, 61]","[2, 44, 36]",10,7,"[""foolsgold""]",../main/re_result_6-29_APRA/cifar10_500_Jun.30_11.27.43_foolsgold_fix_True_no-mia_no-mia-class_no-noise_modelreplace_2/agg_records/pkl/round_0262_foolsgold.pkl
263,foolsgold,success,"[0, 9, 72, 92, 4, 5, 39, 44, 7, 11]","[9, 72, 92, 5, 39, 7, 11]","[0, 4, 44]",10,7,"[""foolsgold""]",../main/re_result_6-29_APRA/cifar10_500_Jun.30_11.27.43_foolsgold_fix_True_no-mia_no-mia-class_no-noise_modelreplace_2/agg_records/pkl/round_0263_foolsgold.pkl
264,foolsgold,success,"[2, 96, 32, 9, 91, 15, 74, 42, 79, 81]","[2, 96, 32, 9, 15, 74, 42, 81]","[91, 79]",10,8,"[""foolsgold""]",../main/re_result_6-29_APRA/cifar10_500_Jun.30_11.27.43_foolsgold_fix_True_no-mia_no-mia-class_no-noise_modelreplace_2/agg_records/pkl/round_0264_foolsgold.pkl
265,foolsgold,success,"[3, 8, 20, 62, 52, 77, 25, 90, 36, 97]","[77, 25, 97]","[3, 8, 20, 62, 52, 90, 36]",10,3,"[""foolsgold""]",../main/re_result_6-29_APRA/cifar10_500_Jun.30_11.27.43_foolsgold_fix_True_no-mia_no-mia-class_no-noise_modelreplace_2/agg_records/pkl/round_0265_foolsgold.pkl
266,foolsgold,success,"[3, 63, 78, 56, 54, 7, 42, 33, 65, 43]","[3, 63, 78, 56, 54, 7, 42, 33, 65, 43]",[],10,10,"[""foolsgold""]",../main/re_result_6-29_APRA/cifar10_500_Jun.30_11.27.43_foolsgold_fix_True_no-mia_no-mia-class_no-noise_modelreplace_2/agg_records/pkl/round_0266_foolsgold.pkl
267,foolsgold,success,"[3, 20, 41, 61, 45, 1, 35, 22, 23, 40]","[20, 41, 61, 45, 35, 22, 23, 40]","[3, 1]",10,8,"[""foolsgold""]",../main/re_result_6-29_APRA/cifar10_500_Jun.30_11.27.43_foolsgold_fix_True_no-mia_no-mia-class_no-noise_modelreplace_2/agg_records/pkl/round_0267_foolsgold.pkl
268,foolsgold,success,"[3, 34, 97, 8, 50, 76, 85, 96, 89, 65]","[3, 34, 97, 8, 50, 96, 89, 65]","[76, 85]",10,8,"[""foolsgold""]",../main/re_result_6-29_APRA/cifar10_500_Jun.30_11.27.43_foolsgold_fix_True_no-mia_no-mia-class_no-noise_modelreplace_2/agg_records/pkl/round_0268_foolsgold.pkl
269,foolsgold,success,"[3, 97, 15, 94, 98, 63, 44, 34, 14, 95]","[3, 15, 44, 95]","[97, 94, 98, 63, 34, 14]",10,4,"[""foolsgold""]",../main/re_result_6-29_APRA/cifar10_500_Jun.30_11.27.43_foolsgold_fix_True_no-mia_no-mia-class_no-noise_modelreplace_2/agg_records/pkl/round_0269_foolsgold.pkl
270,foolsgold,success,"[4, 21, 64, 14, 15, 39, 72, 13, 49, 8]","[4, 15, 39, 72, 49, 8]","[21, 64, 14, 13]",10,6,"[""foolsgold""]",../main/re_result_6-29_APRA/cifar10_500_Jun.30_11.27.43_foolsgold_fix_True_no-mia_no-mia-class_no-noise_modelreplace_2/agg_records/pkl/round_0270_foolsgold.pkl
271,foolsgold,success,"[2, 72, 3, 10, 73, 64, 86, 43, 46, 63]","[72, 86, 43, 63]","[2, 3, 10, 73, 64, 46]",10,4,"[""foolsgold""]",../main/re_result_6-29_APRA/cifar10_500_Jun.30_11.27.43_foolsgold_fix_True_no-mia_no-mia-class_no-noise_modelreplace_2/agg_records/pkl/round_0271_foolsgold.pkl
272,foolsgold,success,"[0, 72, 22, 52, 63, 95, 71, 49, 42, 6]","[0, 72, 22, 95]","[52, 63, 71, 49, 42, 6]",10,4,"[""foolsgold""]",../main/re_result_6-29_APRA/cifar10_500_Jun.30_11.27.43_foolsgold_fix_True_no-mia_no-mia-class_no-noise_modelreplace_2/agg_records/pkl/round_0272_foolsgold.pkl
273,foolsgold,success,"[2, 35, 94, 38, 12, 39, 36, 96, 18, 80]","[35, 94, 38, 80]","[2, 12, 39, 36, 96, 18]",10,4,"[""foolsgold""]",../main/re_result_6-29_APRA/cifar10_500_Jun.30_11.27.43_foolsgold_fix_True_no-mia_no-mia-class_no-noise_modelreplace_2/agg_records/pkl/round_0273_foolsgold.pkl
274,foolsgold,success,"[2, 99, 19, 96, 52, 64, 81, 3, 68, 69]","[99, 96, 52, 64, 81, 68]","[2, 19, 3, 69]",10,6,"[""foolsgold""]",../main/re_result_6-29_APRA/cifar10_500_Jun.30_11.27.43_foolsgold_fix_True_no-mia_no-mia-class_no-noise_modelreplace_2/agg_records/pkl/round_0274_foolsgold.pkl
275,foolsgold,success,"[0, 90, 45, 6, 9, 43, 16, 30, 57, 86]","[45, 6, 9, 16, 57, 86]","[0, 90, 43, 30]",10,6,"[""foolsgold""]",../main/re_result_6-29_APRA/cifar10_500_Jun.30_11.27.43_foolsgold_fix_True_no-mia_no-mia-class_no-noise_modelreplace_2/agg_records/pkl/round_0275_foolsgold.pkl
276,foolsgold,success,"[4, 85, 54, 99, 23, 53, 66, 33, 80, 57]","[4, 99, 23, 33, 80]","[85, 54, 53, 66, 57]",10,5,"[""foolsgold""]",../main/re_result_6-29_APRA/cifar10_500_Jun.30_11.27.43_foolsgold_fix_True_no-mia_no-mia-class_no-noise_modelreplace_2/agg_records/pkl/round_0276_foolsgold.pkl
277,foolsgold,success,"[0, 38, 19, 33, 9, 53, 93, 73, 86, 65]","[0, 19, 33, 73]","[38, 9, 53, 93, 86, 65]",10,4,"[""foolsgold""]",../main/re_result_6-29_APRA/cifar10_500_Jun.30_11.27.43_foolsgold_fix_True_no-mia_no-mia-class_no-noise_modelreplace_2/agg_records/pkl/round_0277_foolsgold.pkl
278,foolsgold,success,"[0, 38, 20, 1, 57, 49, 85, 69, 11, 84]","[20, 69]","[0, 38, 1, 57, 49, 85, 11, 84]",10,2,"[""foolsgold""]",../main/re_result_6-29_APRA/cifar10_500_Jun.30_11.27.43_foolsgold_fix_True_no-mia_no-mia-class_no-noise_modelreplace_2/agg_records/pkl/round_0278_foolsgold.pkl
279,foolsgold,success,"[0, 6, 55, 69, 10, 34, 29, 47, 74, 61]","[0, 6, 69, 29, 47, 74, 61]","[55, 10, 34]",10,7,"[""foolsgold""]",../main/re_result_6-29_APRA/cifar10_500_Jun.30_11.27.43_foolsgold_fix_True_no-mia_no-mia-class_no-noise_modelreplace_2/agg_records/pkl/round_0279_foolsgold.pkl
280,foolsgold,success,"[1, 86, 29, 77, 96, 84, 60, 51, 53, 95]","[1, 86, 29, 77, 84, 60, 51, 53]","[96, 95]",10,8,"[""foolsgold""]",../main/re_result_6-29_APRA/cifar10_500_Jun.30_11.27.43_foolsgold_fix_True_no-mia_no-mia-class_no-noise_modelreplace_2/agg_records/pkl/round_0280_foolsgold.pkl
281,foolsgold,success,"[0, 88, 7, 41, 33, 16, 59, 11, 42, 5]","[0, 7, 41, 16, 59, 11, 42, 5]","[88, 33]",10,8,"[""foolsgold""]",../main/re_result_6-29_APRA/cifar10_500_Jun.30_11.27.43_foolsgold_fix_True_no-mia_no-mia-class_no-noise_modelreplace_2/agg_records/pkl/round_0281_foolsgold.pkl
282,foolsgold,success,"[0, 64, 56, 2, 11, 89, 59, 45, 97, 15]","[64, 56, 11, 89, 45, 15]","[0, 2, 59, 97]",10,6,"[""foolsgold""]",../main/re_result_6-29_APRA/cifar10_500_Jun.30_11.27.43_foolsgold_fix_True_no-mia_no-mia-class_no-noise_modelreplace_2/agg_records/pkl/round_0282_foolsgold.pkl
283,foolsgold,success,"[4, 0, 58, 61, 71, 33, 23, 65, 37, 48]","[58, 71, 33, 23, 65, 48]","[4, 0, 61, 37]",10,6,"[""foolsgold""]",../main/re_result_6-29_APRA/cifar10_500_Jun.30_11.27.43_foolsgold_fix_True_no-mia_no-mia-class_no-noise_modelreplace_2/agg_records/pkl/round_0283_foolsgold.pkl
284,foolsgold,success,"[2, 59, 56, 14, 68, 81, 55, 62, 6, 63]","[2, 59, 56, 68]","[14, 81, 55, 62, 6, 63]",10,4,"[""foolsgold""]",../main/re_result_6-29_APRA/cifar10_500_Jun.30_11.27.43_foolsgold_fix_True_no-mia_no-mia-class_no-noise_modelreplace_2/agg_records/pkl/round_0284_foolsgold.pkl
285,foolsgold,success,"[1, 89, 12, 78, 93, 21, 23, 71, 98, 30]","[1, 89, 12, 78, 93, 21, 23, 30]","[71, 98]",10,8,"[""foolsgold""]",../main/re_result_6-29_APRA/cifar10_500_Jun.30_11.27.43_foolsgold_fix_True_no-mia_no-mia-class_no-noise_modelreplace_2/agg_records/pkl/round_0285_foolsgold.pkl
286,foolsgold,success,"[2, 76, 16, 34, 27, 1, 82, 20, 15, 47]","[16, 34, 82, 20, 15, 47]","[2, 76, 27, 1]",10,6,"[""foolsgold""]",../main/re_result_6-29_APRA/cifar10_500_Jun.30_11.27.43_foolsgold_fix_True_no-mia_no-mia-class_no-noise_modelreplace_2/agg_records/pkl/round_0286_foolsgold.pkl
287,foolsgold,success,"[1, 58, 23, 96, 47, 80, 63, 69, 29, 26]","[1, 58, 96, 47, 69, 29]","[23, 80, 63, 26]",10,6,"[""foolsgold""]",../main/re_result_6-29_APRA/cifar10_500_Jun.30_11.27.43_foolsgold_fix_True_no-mia_no-mia-class_no-noise_modelreplace_2/agg_records/pkl/round_0287_foolsgold.pkl
288,foolsgold,success,"[3, 60, 36, 89, 7, 68, 87, 74, 14, 22]","[60, 89, 7, 68, 87, 74, 14, 22]","[3, 36]",10,8,"[""foolsgold""]",../main/re_result_6-29_APRA/cifar10_500_Jun.30_11.27.43_foolsgold_fix_True_no-mia_no-mia-class_no-noise_modelreplace_2/agg_records/pkl/round_0288_foolsgold.pkl
289,foolsgold,success,"[0, 45, 76, 75, 35, 37, 89, 60, 81, 99]","[0, 45, 35, 37, 89, 81]","[76, 75, 60, 99]",10,6,"[""foolsgold""]",../main/re_result_6-29_APRA/cifar10_500_Jun.30_11.27.43_foolsgold_fix_True_no-mia_no-mia-class_no-noise_modelreplace_2/agg_records/pkl/round_0289_foolsgold.pkl
290,foolsgold,success,"[3, 76, 95, 69, 70, 4, 12, 23, 86, 22]","[76, 95, 69, 70, 23, 86]","[3, 4, 12, 22]",10,6,"[""foolsgold""]",../main/re_result_6-29_APRA/cifar10_500_Jun.30_11.27.43_foolsgold_fix_True_no-mia_no-mia-class_no-noise_modelreplace_2/agg_records/pkl/round_0290_foolsgold.pkl
291,foolsgold,success,"[2, 97, 52, 17, 8, 69, 28, 54, 13, 96]","[2, 97, 8, 69, 28, 13]","[52, 17, 54, 96]",10,6,"[""foolsgold""]",../main/re_result_6-29_APRA/cifar10_500_Jun.30_11.27.43_foolsgold_fix_True_no-mia_no-mia-class_no-noise_modelreplace_2/agg_records/pkl/round_0291_foolsgold.pkl
292,foolsgold,success,"[0, 72, 70, 5, 20, 46, 63, 85, 9, 52]","[0, 72, 20, 85, 9, 52]","[70, 5, 46, 63]",10,6,"[""foolsgold""]",../main/re_result_6-29_APRA/cifar10_500_Jun.30_11.27.43_foolsgold_fix_True_no-mia_no-mia-class_no-noise_modelreplace_2/agg_records/pkl/round_0292_foolsgold.pkl
293,foolsgold,success,"[1, 92, 7, 95, 84, 51, 31, 59, 8, 29]","[1, 95, 51, 59, 8, 29]","[92, 7, 84, 31]",10,6,"[""foolsgold""]",../main/re_result_6-29_APRA/cifar10_500_Jun.30_11.27.43_foolsgold_fix_True_no-mia_no-mia-class_no-noise_modelreplace_2/agg_records/pkl/round_0293_foolsgold.pkl
294,foolsgold,success,"[2, 44, 80, 46, 14, 41, 16, 51, 57, 49]","[80, 46, 41, 16, 51, 49]","[2, 44, 14, 57]",10,6,"[""foolsgold""]",../main/re_result_6-29_APRA/cifar10_500_Jun.30_11.27.43_foolsgold_fix_True_no-mia_no-mia-class_no-noise_modelreplace_2/agg_records/pkl/round_0294_foolsgold.pkl
295,foolsgold,success,"[0, 56, 91, 53, 20, 74, 52, 45, 70, 51]","[0, 56, 91, 53, 20, 52, 51]","[74, 45, 70]",10,7,"[""foolsgold""]",../main/re_result_6-29_APRA/cifar10_500_Jun.30_11.27.43_foolsgold_fix_True_no-mia_no-mia-class_no-noise_modelreplace_2/agg_records/pkl/round_0295_foolsgold.pkl
296,foolsgold,success,"[1, 50, 7, 17, 47, 32, 49, 66, 63, 25]","[1, 50, 7, 47, 32, 66, 63, 25]","[17, 49]",10,8,"[""foolsgold""]",../main/re_result_6-29_APRA/cifar10_500_Jun.30_11.27.43_foolsgold_fix_True_no-mia_no-mia-class_no-noise_modelreplace_2/agg_records/pkl/round_0296_foolsgold.pkl
297,foolsgold,success,"[1, 8, 80, 19, 23, 42, 36, 47, 6, 71]","[8, 80]","[1, 19, 23, 42, 36, 47, 6, 71]",10,2,"[""foolsgold""]",../main/re_result_6-29_APRA/cifar10_500_Jun.30_11.27.43_foolsgold_fix_True_no-mia_no-mia-class_no-noise_modelreplace_2/agg_records/pkl/round_0297_foolsgold.pkl
298,foolsgold,success,"[0, 50, 79, 35, 3, 57, 72, 60, 27, 84]","[79, 72, 60, 84]","[0, 50, 35, 3, 57, 27]",10,4,"[""foolsgold""]",../main/re_result_6-29_APRA/cifar10_500_Jun.30_11.27.43_foolsgold_fix_True_no-mia_no-mia-class_no-noise_modelreplace_2/agg_records/pkl/round_0298_foolsgold.pkl
299,foolsgold,success,"[4, 64, 13, 69, 26, 82, 37, 16, 97, 8]","[4, 64, 13, 69, 16, 8]","[26, 82, 37, 97]",10,6,"[""foolsgold""]",../main/re_result_6-29_APRA/cifar10_500_Jun.30_11.27.43_foolsgold_fix_True_no-mia_no-mia-class_no-noise_modelreplace_2/agg_records/pkl/round_0299_foolsgold.pkl
300,foolsgold,success,"[0, 82, 1, 56, 50, 42, 70, 38, 66, 37]","[56, 50, 70, 38]","[0, 82, 1, 42, 66, 37]",10,4,"[""foolsgold""]",../main/re_result_6-29_APRA/cifar10_500_Jun.30_11.27.43_foolsgold_fix_True_no-mia_no-mia-class_no-noise_modelreplace_2/agg_records/pkl/round_0300_foolsgold.pkl
301,foolsgold,success,"[1, 92, 97, 73, 30, 4, 0, 36, 56, 8]","[92, 97, 73, 30]","[1, 4, 0, 36, 56, 8]",10,4,"[""foolsgold""]",../main/re_result_6-29_APRA/cifar10_500_Jun.30_11.27.43_foolsgold_fix_True_no-mia_no-mia-class_no-noise_modelreplace_2/agg_records/pkl/round_0301_foolsgold.pkl
302,foolsgold,success,"[1, 90, 41, 84, 92, 54, 0, 91, 69, 78]","[90, 84, 92, 91, 69, 78]","[1, 41, 54, 0]",10,6,"[""foolsgold""]",../main/re_result_6-29_APRA/cifar10_500_Jun.30_11.27.43_foolsgold_fix_True_no-mia_no-mia-class_no-noise_modelreplace_2/agg_records/pkl/round_0302_foolsgold.pkl
303,foolsgold,success,"[3, 5, 50, 36, 73, 88, 32, 61, 48, 80]","[73, 88, 61, 80]","[3, 5, 50, 36, 32, 48]",10,4,"[""foolsgold""]",../main/re_result_6-29_APRA/cifar10_500_Jun.30_11.27.43_foolsgold_fix_True_no-mia_no-mia-class_no-noise_modelreplace_2/agg_records/pkl/round_0303_foolsgold.pkl
304,foolsgold,success,"[0, 37, 60, 79, 7, 82, 41, 96, 71, 32]","[0, 79, 7, 71]","[37, 60, 82, 41, 96, 32]",10,4,"[""foolsgold""]",../main/re_result_6-29_APRA/cifar10_500_Jun.30_11.27.43_foolsgold_fix_True_no-mia_no-mia-class_no-noise_modelreplace_2/agg_records/pkl/round_0304_foolsgold.pkl
305,foolsgold,success,"[0, 34, 61, 2, 17, 63, 84, 68, 74, 4]","[61, 63, 84, 74]","[0, 34, 2, 17, 68, 4]",10,4,"[""foolsgold""]",../main/re_result_6-29_APRA/cifar10_500_Jun.30_11.27.43_foolsgold_fix_True_no-mia_no-mia-class_no-noise_modelreplace_2/agg_records/pkl/round_0305_foolsgold.pkl
306,foolsgold,success,"[1, 59, 55, 34, 48, 15, 25, 0, 88, 99]","[59, 15, 25, 88]","[1, 55, 34, 48, 0, 99]",10,4,"[""foolsgold""]",../main/re_result_6-29_APRA/cifar10_500_Jun.30_11.27.43_foolsgold_fix_True_no-mia_no-mia-class_no-noise_modelreplace_2/agg_records/pkl/round_0306_foolsgold.pkl
307,foolsgold,success,"[0, 42, 81, 7, 16, 80, 70, 63, 43, 39]","[0, 42, 81, 7, 16, 80, 70, 63, 43, 39]",[],10,10,"[""foolsgold""]",../main/re_result_6-29_APRA/cifar10_500_Jun.30_11.27.43_foolsgold_fix_True_no-mia_no-mia-class_no-noise_modelreplace_2/agg_records/pkl/round_0307_foolsgold.pkl
308,foolsgold,success,"[3, 27, 70, 66, 0, 37, 24, 63, 40, 4]","[70, 24, 40]","[3, 27, 66, 0, 37, 63, 4]",10,3,"[""foolsgold""]",../main/re_result_6-29_APRA/cifar10_500_Jun.30_11.27.43_foolsgold_fix_True_no-mia_no-mia-class_no-noise_modelreplace_2/agg_records/pkl/round_0308_foolsgold.pkl
309,foolsgold,success,"[3, 21, 66, 22, 65, 42, 0, 57, 45, 41]","[21, 22, 65, 45, 41]","[3, 66, 42, 0, 57]",10,5,"[""foolsgold""]",../main/re_result_6-29_APRA/cifar10_500_Jun.30_11.27.43_foolsgold_fix_True_no-mia_no-mia-class_no-noise_modelreplace_2/agg_records/pkl/round_0309_foolsgold.pkl
310,foolsgold,success,"[1, 24, 2, 48, 89, 18, 69, 47, 10, 41]","[48, 69, 47, 10, 41]","[1, 24, 2, 89, 18]",10,5,"[""foolsgold""]",../main/re_result_6-29_APRA/cifar10_500_Jun.30_11.27.43_foolsgold_fix_True_no-mia_no-mia-class_no-noise_modelreplace_2/agg_records/pkl/round_0310_foolsgold.pkl
311,foolsgold,success,"[2, 8, 15, 25, 43, 21, 33, 60, 11, 12]","[2, 8, 15, 25, 43, 21, 33, 11]","[60, 12]",10,8,"[""foolsgold""]",../main/re_result_6-29_APRA/cifar10_500_Jun.30_11.27.43_foolsgold_fix_True_no-mia_no-mia-class_no-noise_modelreplace_2/agg_records/pkl/round_0311_foolsgold.pkl
312,foolsgold,success,"[3, 71, 66, 61, 87, 98, 45, 1, 93, 47]","[61, 87, 93]","[3, 71, 66, 98, 45, 1, 47]",10,3,"[""foolsgold""]",../main/re_result_6-29_APRA/cifar10_500_Jun.30_11.27.43_foolsgold_fix_True_no-mia_no-mia-class_no-noise_modelreplace_2/agg_records/pkl/round_0312_foolsgold.pkl
313,foolsgold,success,"[0, 27, 80, 96, 89, 16, 68, 82, 35, 12]","[0, 27, 96, 89, 16, 35]","[80, 68, 82, 12]",10,6,"[""foolsgold""]",../main/re_result_6-29_APRA/cifar10_500_Jun.30_11.27.43_foolsgold_fix_True_no-mia_no-mia-class_no-noise_modelreplace_2/agg_records/pkl/round_0313_foolsgold.pkl
314,foolsgold,success,"[4, 3, 46, 96, 12, 38, 14, 17, 2, 92]","[4, 46, 96, 12, 14, 92]","[3, 38, 17, 2]",10,6,"[""foolsgold""]",../main/re_result_6-29_APRA/cifar10_500_Jun.30_11.27.43_foolsgold_fix_True_no-mia_no-mia-class_no-noise_modelreplace_2/agg_records/pkl/round_0314_foolsgold.pkl
315,foolsgold,success,"[0, 64, 34, 81, 6, 36, 95, 48, 9, 43]","[48, 43]","[0, 64, 34, 81, 6, 36, 95, 9]",10,2,"[""foolsgold""]",../main/re_result_6-29_APRA/cifar10_500_Jun.30_11.27.43_foolsgold_fix_True_no-mia_no-mia-class_no-noise_modelreplace_2/agg_records/pkl/round_0315_foolsgold.pkl
316,foolsgold,success,"[3, 75, 78, 28, 99, 20, 61, 53, 90, 80]","[75, 78, 28, 99, 61, 53, 90, 80]","[3, 20]",10,8,"[""foolsgold""]",../main/re_result_6-29_APRA/cifar10_500_Jun.30_11.27.43_foolsgold_fix_True_no-mia_no-mia-class_no-noise_modelreplace_2/agg_records/pkl/round_0316_foolsgold.pkl
317,foolsgold,success,"[1, 49, 72, 74, 75, 34, 58, 29, 66, 60]","[1, 49, 34, 29]","[72, 74, 75, 58, 66, 60]",10,4,"[""foolsgold""]",../main/re_result_6-29_APRA/cifar10_500_Jun.30_11.27.43_foolsgold_fix_True_no-mia_no-mia-class_no-noise_modelreplace_2/agg_records/pkl/round_0317_foolsgold.pkl
318,foolsgold,success,"[4, 26, 6, 73, 20, 87, 48, 23, 27, 78]","[4, 26, 20, 87, 48, 78]","[6, 73, 23, 27]",10,6,"[""foolsgold""]",../main/re_result_6-29_APRA/cifar10_500_Jun.30_11.27.43_foolsgold_fix_True_no-mia_no-mia-class_no-noise_modelreplace_2/agg_records/pkl/round_0318_foolsgold.pkl
319,foolsgold,success,"[0, 49, 7, 47, 53, 26, 6, 57, 11, 20]","[0, 49, 7, 47, 53, 26, 6, 57, 11, 20]",[],10,10,"[""foolsgold""]",../main/re_result_6-29_APRA/cifar10_500_Jun.30_11.27.43_foolsgold_fix_True_no-mia_no-mia-class_no-noise_modelreplace_2/agg_records/pkl/round_0319_foolsgold.pkl
320,foolsgold,success,"[2, 16, 27, 62, 79, 39, 12, 18, 83, 41]","[2, 16, 27, 79, 39, 41]","[62, 12, 18, 83]",10,6,"[""foolsgold""]",../main/re_result_6-29_APRA/cifar10_500_Jun.30_11.27.43_foolsgold_fix_True_no-mia_no-mia-class_no-noise_modelreplace_2/agg_records/pkl/round_0320_foolsgold.pkl
321,foolsgold,success,"[4, 9, 73, 29, 56, 50, 75, 37, 25, 39]","[4, 9, 29, 56, 50, 37, 25, 39]","[73, 75]",10,8,"[""foolsgold""]",../main/re_result_6-29_APRA/cifar10_500_Jun.30_11.27.43_foolsgold_fix_True_no-mia_no-mia-class_no-noise_modelreplace_2/agg_records/pkl/round_0321_foolsgold.pkl
322,foolsgold,success,"[1, 55, 45, 87, 89, 25, 11, 85, 40, 95]","[1, 45, 87, 89, 25, 11, 40, 95]","[55, 85]",10,8,"[""foolsgold""]",../main/re_result_6-29_APRA/cifar10_500_Jun.30_11.27.43_foolsgold_fix_True_no-mia_no-mia-class_no-noise_modelreplace_2/agg_records/pkl/round_0322_foolsgold.pkl
323,foolsgold,success,"[2, 89, 77, 36, 48, 54, 71, 98, 16, 5]","[48, 54, 16, 5]","[2, 89, 77, 36, 71, 98]",10,4,"[""foolsgold""]",../main/re_result_6-29_APRA/cifar10_500_Jun.30_11.27.43_foolsgold_fix_True_no-mia_no-mia-class_no-noise_modelreplace_2/agg_records/pkl/round_0323_foolsgold.pkl
324,foolsgold,success,"[4, 75, 41, 14, 38, 49, 90, 30, 84, 69]","[4, 41, 30, 84, 69]","[75, 14, 38, 49, 90]",10,5,"[""foolsgold""]",../main/re_result_6-29_APRA/cifar10_500_Jun.30_11.27.43_foolsgold_fix_True_no-mia_no-mia-class_no-noise_modelreplace_2/agg_records/pkl/round_0324_foolsgold.pkl
325,foolsgold,success,"[3, 80, 71, 75, 62, 53, 30, 31, 87, 98]","[3, 80, 62, 53, 30, 31, 87]","[71, 75, 98]",10,7,"[""foolsgold""]",../main/re_result_6-29_APRA/cifar10_500_Jun.30_11.27.43_foolsgold_fix_True_no-mia_no-mia-class_no-noise_modelreplace_2/agg_records/pkl/round_0325_foolsgold.pkl
326,foolsgold,success,"[0, 17, 26, 2, 36, 20, 27, 31, 29, 89]","[26, 20, 27, 31, 29]","[0, 17, 2, 36, 89]",10,5,"[""foolsgold""]",../main/re_result_6-29_APRA/cifar10_500_Jun.30_11.27.43_foolsgold_fix_True_no-mia_no-mia-class_no-noise_modelreplace_2/agg_records/pkl/round_0326_foolsgold.pkl
327,foolsgold,success,"[4, 68, 81, 98, 31, 14, 85, 73, 50, 0]","[4, 68, 81, 31, 50, 0]","[98, 14, 85, 73]",10,6,"[""foolsgold""]",../main/re_result_6-29_APRA/cifar10_500_Jun.30_11.27.43_foolsgold_fix_True_no-mia_no-mia-class_no-noise_modelreplace_2/agg_records/pkl/round_0327_foolsgold.pkl
328,foolsgold,success,"[1, 42, 4, 79, 93, 92, 85, 20, 64, 3]","[93, 92, 20]","[1, 42, 4, 79, 85, 64, 3]",10,3,"[""foolsgold""]",../main/re_result_6-29_APRA/cifar10_500_Jun.30_11.27.43_foolsgold_fix_True_no-mia_no-mia-class_no-noise_modelreplace_2/agg_records/pkl/round_0328_foolsgold.pkl
329,foolsgold,success,"[2, 0, 4, 40, 32, 70, 56, 49, 55, 66]","[70, 49]","[2, 0, 4, 40, 32, 56, 55, 66]",10,2,"[""foolsgold""]",../main/re_result_6-29_APRA/cifar10_500_Jun.30_11.27.43_foolsgold_fix_True_no-mia_no-mia-class_no-noise_modelreplace_2/agg_records/pkl/round_0329_foolsgold.pkl
330,foolsgold,success,"[2, 60, 6, 64, 84, 20, 50, 95, 21, 41]","[2, 60, 84, 20, 50, 95, 41]","[6, 64, 21]",10,7,"[""foolsgold""]",../main/re_result_6-29_APRA/cifar10_500_Jun.30_11.27.43_foolsgold_fix_True_no-mia_no-mia-class_no-noise_modelreplace_2/agg_records/pkl/round_0330_foolsgold.pkl
331,foolsgold,success,"[3, 94, 65, 78, 54, 55, 26, 53, 4, 46]","[78, 55, 26]","[3, 94, 65, 54, 53, 4, 46]",10,3,"[""foolsgold""]",../main/re_result_6-29_APRA/cifar10_500_Jun.30_11.27.43_foolsgold_fix_True_no-mia_no-mia-class_no-noise_modelreplace_2/agg_records/pkl/round_0331_foolsgold.pkl
332,foolsgold,success,"[1, 63, 25, 68, 8, 72, 19, 26, 6, 73]","[1, 25, 68, 8, 26, 73]","[63, 72, 19, 6]",10,6,"[""foolsgold""]",../main/re_result_6-29_APRA/cifar10_500_Jun.30_11.27.43_foolsgold_fix_True_no-mia_no-mia-class_no-noise_modelreplace_2/agg_records/pkl/round_0332_foolsgold.pkl
333,foolsgold,success,"[3, 4, 12, 78, 75, 70, 22, 38, 60, 64]","[78, 75, 70, 38, 64]","[3, 4, 12, 22, 60]",10,5,"[""foolsgold""]",../main/re_result_6-29_APRA/cifar10_500_Jun.30_11.27.43_foolsgold_fix_True_no-mia_no-mia-class_no-noise_modelreplace_2/agg_records/pkl/round_0333_foolsgold.pkl
334,foolsgold,success,"[0, 81, 88, 60, 47, 13, 68, 89, 51, 18]","[0, 88, 60, 47]","[81, 13, 68, 89, 51, 18]",10,4,"[""foolsgold""]",../main/re_result_6-29_APRA/cifar10_500_Jun.30_11.27.43_foolsgold_fix_True_no-mia_no-mia-class_no-noise_modelreplace_2/agg_records/pkl/round_0334_foolsgold.pkl
335,foolsgold,success,"[0, 1, 73, 65, 85, 81, 84, 53, 25, 52]","[81, 84, 25, 52]","[0, 1, 73, 65, 85, 53]",10,4,"[""foolsgold""]",../main/re_result_6-29_APRA/cifar10_500_Jun.30_11.27.43_foolsgold_fix_True_no-mia_no-mia-class_no-noise_modelreplace_2/agg_records/pkl/round_0335_foolsgold.pkl
336,foolsgold,success,"[3, 68, 88, 23, 65, 84, 9, 55, 70, 74]","[3, 88, 23, 65, 84, 9]","[68, 55, 70, 74]",10,6,"[""foolsgold""]",../main/re_result_6-29_APRA/cifar10_500_Jun.30_11.27.43_foolsgold_fix_True_no-mia_no-mia-class_no-noise_modelreplace_2/agg_records/pkl/round_0336_foolsgold.pkl
337,foolsgold,success,"[3, 1, 49, 52, 65, 88, 68, 9, 21, 63]","[65, 88, 68, 9, 21, 63]","[3, 1, 49, 52]",10,6,"[""foolsgold""]",../main/re_result_6-29_APRA/cifar10_500_Jun.30_11.27.43_foolsgold_fix_True_no-mia_no-mia-class_no-noise_modelreplace_2/agg_records/pkl/round_0337_foolsgold.pkl
338,foolsgold,success,"[4, 7, 40, 94, 21, 48, 22, 70, 87, 35]","[4, 7, 22, 35]","[40, 94, 21, 48, 70, 87]",10,4,"[""foolsgold""]",../main/re_result_6-29_APRA/cifar10_500_Jun.30_11.27.43_foolsgold_fix_True_no-mia_no-mia-class_no-noise_modelreplace_2/agg_records/pkl/round_0338_foolsgold.pkl
339,foolsgold,success,"[3, 42, 65, 2, 55, 70, 10, 87, 58, 77]","[65, 58, 77]","[3, 42, 2, 55, 70, 10, 87]",10,3,"[""foolsgold""]",../main/re_result_6-29_APRA/cifar10_500_Jun.30_11.27.43_foolsgold_fix_True_no-mia_no-mia-class_no-noise_modelreplace_2/agg_records/pkl/round_0339_foolsgold.pkl
340,foolsgold,success,"[1, 21, 81, 37, 13, 86, 79, 59, 78, 57]","[1, 21, 79, 78]","[81, 37, 13, 86, 59, 57]",10,4,"[""foolsgold""]",../main/re_result_6-29_APRA/cifar10_500_Jun.30_11.27.43_foolsgold_fix_True_no-mia_no-mia-class_no-noise_modelreplace_2/agg_records/pkl/round_0340_foolsgold.pkl
341,foolsgold,success,"[0, 28, 16, 6, 72, 8, 68, 34, 93, 1]","[16, 6, 8, 93]","[0, 28, 72, 68, 34, 1]",10,4,"[""foolsgold""]",../main/re_result_6-29_APRA/cifar10_500_Jun.30_11.27.43_foolsgold_fix_True_no-mia_no-mia-class_no-noise_modelreplace_2/agg_records/pkl/round_0341_foolsgold.pkl
342,foolsgold,success,"[4, 70, 45, 93, 34, 33, 68, 59, 71, 74]","[4, 33, 71]","[70, 45, 93, 34, 68, 59, 74]",10,3,"[""foolsgold""]",../main/re_result_6-29_APRA/cifar10_500_Jun.30_11.27.43_foolsgold_fix_True_no-mia_no-mia-class_no-noise_modelreplace_2/agg_records/pkl/round_0342_foolsgold.pkl
343,foolsgold,success,"[0, 35, 69, 32, 25, 33, 54, 41, 70, 49]","[0, 35, 69, 32, 25, 33, 70, 49]","[54, 41]",10,8,"[""foolsgold""]",../main/re_result_6-29_APRA/cifar10_500_Jun.30_11.27.43_foolsgold_fix_True_no-mia_no-mia-class_no-noise_modelreplace_2/agg_records/pkl/round_0343_foolsgold.pkl
344,foolsgold,success,"[3, 95, 82, 18, 50, 8, 24, 13, 28, 9]","[3, 18, 50, 8, 24, 13, 28]","[95, 82, 9]",10,7,"[""foolsgold""]",../main/re_result_6-29_APRA/cifar10_500_Jun.30_11.27.43_foolsgold_fix_True_no-mia_no-mia-class_no-noise_modelreplace_2/agg_records/pkl/round_0344_foolsgold.pkl
345,foolsgold,success,"[4, 89, 3, 55, 91, 96, 94, 54, 39, 8]","[4, 89, 3, 55, 91, 94, 39, 8]","[96, 54]",10,8,"[""foolsgold""]",../main/re_result_6-29_APRA/cifar10_500_Jun.30_11.27.43_foolsgold_fix_True_no-mia_no-mia-class_no-noise_modelreplace_2/agg_records/pkl/round_0345_foolsgold.pkl
346,foolsgold,success,"[2, 82, 78, 74, 61, 88, 39, 29, 4, 68]","[2, 82, 78, 74, 61, 88, 39, 29, 4, 68]",[],10,10,"[""foolsgold""]",../main/re_result_6-29_APRA/cifar10_500_Jun.30_11.27.43_foolsgold_fix_True_no-mia_no-mia-class_no-noise_modelreplace_2/agg_records/pkl/round_0346_foolsgold.pkl
347,foolsgold,success,"[3, 93, 72, 1, 90, 28, 57, 68, 23, 83]","[93, 72, 90, 28, 57, 68, 23, 83]","[3, 1]",10,8,"[""foolsgold""]",../main/re_result_6-29_APRA/cifar10_500_Jun.30_11.27.43_foolsgold_fix_True_no-mia_no-mia-class_no-noise_modelreplace_2/agg_records/pkl/round_0347_foolsgold.pkl
348,foolsgold,success,"[2, 91, 31, 57, 14, 17, 54, 95, 68, 64]","[2, 31, 17, 64]","[91, 57, 14, 54, 95, 68]",10,4,"[""foolsgold""]",../main/re_result_6-29_APRA/cifar10_500_Jun.30_11.27.43_foolsgold_fix_True_no-mia_no-mia-class_no-noise_modelreplace_2/agg_records/pkl/round_0348_foolsgold.pkl
349,foolsgold,success,"[0, 37, 11, 43, 41, 63, 70, 82, 13, 31]","[0, 11, 43, 41, 70, 13, 31]","[37, 63, 82]",10,7,"[""foolsgold""]",../main/re_result_6-29_APRA/cifar10_500_Jun.30_11.27.43_foolsgold_fix_True_no-mia_no-mia-class_no-noise_modelreplace_2/agg_records/pkl/round_0349_foolsgold.pkl
350,foolsgold,success,"[3, 26, 92, 10, 37, 22, 16, 62, 86, 44]","[3, 92, 10, 22, 16, 44]","[26, 37, 62, 86]",10,6,"[""foolsgold""]",../main/re_result_6-29_APRA/cifar10_500_Jun.30_11.27.43_foolsgold_fix_True_no-mia_no-mia-class_no-noise_modelreplace_2/agg_records/pkl/round_0350_foolsgold.pkl
351,foolsgold,success,"[3, 18, 35, 62, 77, 78, 36, 93, 33, 32]","[35, 62, 78, 93, 33]","[3, 18, 77, 36, 32]",10,5,"[""foolsgold""]",../main/re_result_6-29_APRA/cifar10_500_Jun.30_11.27.43_foolsgold_fix_True_no-mia_no-mia-class_no-noise_modelreplace_2/agg_records/pkl/round_0351_foolsgold.pkl
352,foolsgold,success,"[1, 15, 64, 70, 21, 58, 29, 93, 5, 46]","[1, 15, 21, 58, 29, 93]","[64, 70, 5, 46]",10,6,"[""foolsgold""]",../main/re_result_6-29_APRA/cifar10_500_Jun.30_11.27.43_foolsgold_fix_True_no-mia_no-mia-class_no-noise_modelreplace_2/agg_records/pkl/round_0352_foolsgold.pkl
353,foolsgold,success,"[4, 62, 53, 56, 18, 5, 68, 40, 1, 57]","[53, 18, 5, 57]","[4, 62, 56, 68, 40, 1]",10,4,"[""foolsgold""]",../main/re_result_6-29_APRA/cifar10_500_Jun.30_11.27.43_foolsgold_fix_True_no-mia_no-mia-class_no-noise_modelreplace_2/agg_records/pkl/round_0353_foolsgold.pkl
354,foolsgold,success,"[4, 36, 92, 52, 33, 1, 98, 15, 43, 57]","[4, 92, 33, 15]","[36, 52, 1, 98, 43, 57]",10,4,"[""foolsgold""]",../main/re_result_6-29_APRA/cifar10_500_Jun.30_11.27.43_foolsgold_fix_True_no-mia_no-mia-class_no-noise_modelreplace_2/agg_records/pkl/round_0354_foolsgold.pkl
355,foolsgold,success,"[3, 38, 53, 50, 18, 15, 77, 79, 90, 63]","[3, 53, 50, 15, 63]","[38, 18, 77, 79, 90]",10,5,"[""foolsgold""]",../main/re_result_6-29_APRA/cifar10_500_Jun.30_11.27.43_foolsgold_fix_True_no-mia_no-mia-class_no-noise_modelreplace_2/agg_records/pkl/round_0355_foolsgold.pkl
356,foolsgold,success,"[4, 85, 41, 55, 44, 81, 17, 39, 20, 34]","[85, 41, 17, 39, 20]","[4, 55, 44, 81, 34]",10,5,"[""foolsgold""]",../main/re_result_6-29_APRA/cifar10_500_Jun.30_11.27.43_foolsgold_fix_True_no-mia_no-mia-class_no-noise_modelreplace_2/agg_records/pkl/round_0356_foolsgold.pkl
357,foolsgold,success,"[2, 72, 55, 52, 59, 23, 79, 74, 78, 8]","[2, 55, 52, 59, 78, 8]","[72, 23, 79, 74]",10,6,"[""foolsgold""]",../main/re_result_6-29_APRA/cifar10_500_Jun.30_11.27.43_foolsgold_fix_True_no-mia_no-mia-class_no-noise_modelreplace_2/agg_records/pkl/round_0357_foolsgold.pkl
358,foolsgold,success,"[3, 21, 18, 92, 54, 61, 79, 35, 6, 56]","[3, 54, 79, 56]","[21, 18, 92, 61, 35, 6]",10,4,"[""foolsgold""]",../main/re_result_6-29_APRA/cifar10_500_Jun.30_11.27.43_foolsgold_fix_True_no-mia_no-mia-class_no-noise_modelreplace_2/agg_records/pkl/round_0358_foolsgold.pkl
359,foolsgold,success,"[0, 13, 41, 34, 14, 30, 67, 21, 57, 92]","[0, 41, 34, 30, 67, 21, 92]","[13, 14, 57]",10,7,"[""foolsgold""]",../main/re_result_6-29_APRA/cifar10_500_Jun.30_11.27.43_foolsgold_fix_True_no-mia_no-mia-class_no-noise_modelreplace_2/agg_records/pkl/round_0359_foolsgold.pkl
360,foolsgold,success,"[1, 72, 53, 86, 69, 68, 28, 31, 79, 18]","[1, 72, 53, 86, 31, 18]","[69, 68, 28, 79]",10,6,"[""foolsgold""]",../main/re_result_6-29_APRA/cifar10_500_Jun.30_11.27.43_foolsgold_fix_True_no-mia_no-mia-class_no-noise_modelreplace_2/agg_records/pkl/round_0360_foolsgold.pkl
361,foolsgold,success,"[1, 69, 86, 97, 78, 68, 50, 18, 20, 46]","[1, 69, 86, 97, 78, 68, 50, 18, 20, 46]",[],10,10,"[""foolsgold""]",../main/re_result_6-29_APRA/cifar10_500_Jun.30_11.27.43_foolsgold_fix_True_no-mia_no-mia-class_no-noise_modelreplace_2/agg_records/pkl/round_0361_foolsgold.pkl
362,foolsgold,success,"[2, 55, 84, 65, 95, 54, 24, 73, 53, 56]","[2, 84, 95, 56]","[55, 65, 54, 24, 73, 53]",10,4,"[""foolsgold""]",../main/re_result_6-29_APRA/cifar10_500_Jun.30_11.27.43_foolsgold_fix_True_no-mia_no-mia-class_no-noise_modelreplace_2/agg_records/pkl/round_0362_foolsgold.pkl
363,foolsgold,success,"[0, 8, 30, 47, 52, 48, 64, 35, 83, 71]","[0, 8, 30, 47, 52, 48, 64, 35, 83, 71]",[],10,10,"[""foolsgold""]",../main/re_result_6-29_APRA/cifar10_500_Jun.30_11.27.43_foolsgold_fix_True_no-mia_no-mia-class_no-noise_modelreplace_2/agg_records/pkl/round_0363_foolsgold.pkl
364,foolsgold,success,"[0, 72, 40, 26, 63, 84, 11, 91, 99, 75]","[0, 26, 63, 75]","[72, 40, 84, 11, 91, 99]",10,4,"[""foolsgold""]",../main/re_result_6-29_APRA/cifar10_500_Jun.30_11.27.43_foolsgold_fix_True_no-mia_no-mia-class_no-noise_modelreplace_2/agg_records/pkl/round_0364_foolsgold.pkl
365,foolsgold,success,"[1, 53, 19, 62, 30, 81, 47, 0, 83, 52]","[53, 30, 83]","[1, 19, 62, 81, 47, 0, 52]",10,3,"[""foolsgold""]",../main/re_result_6-29_APRA/cifar10_500_Jun.30_11.27.43_foolsgold_fix_True_no-mia_no-mia-class_no-noise_modelreplace_2/agg_records/pkl/round_0365_foolsgold.pkl
366,foolsgold,success,"[0, 7, 94, 10, 20, 55, 53, 37, 50, 82]","[0, 7, 20, 53, 50]","[94, 10, 55, 37, 82]",10,5,"[""foolsgold""]",../main/re_result_6-29_APRA/cifar10_500_Jun.30_11.27.43_foolsgold_fix_True_no-mia_no-mia-class_no-noise_modelreplace_2/agg_records/pkl/round_0366_foolsgold.pkl
367,foolsgold,success,"[0, 75, 56, 10, 37, 78, 5, 73, 11, 1]","[56, 37, 78, 5, 11]","[0, 75, 10, 73, 1]",10,5,"[""foolsgold""]",../main/re_result_6-29_APRA/cifar10_500_Jun.30_11.27.43_foolsgold_fix_True_no-mia_no-mia-class_no-noise_modelreplace_2/agg_records/pkl/round_0367_foolsgold.pkl
368,foolsgold,success,"[0, 77, 14, 56, 51, 46, 86, 76, 42, 40]","[0, 77, 14, 46, 86]","[56, 51, 76, 42, 40]",10,5,"[""foolsgold""]",../main/re_result_6-29_APRA/cifar10_500_Jun.30_11.27.43_foolsgold_fix_True_no-mia_no-mia-class_no-noise_modelreplace_2/agg_records/pkl/round_0368_foolsgold.pkl
369,foolsgold,success,"[2, 40, 93, 32, 5, 7, 13, 61, 67, 35]","[2, 93, 7, 13, 67, 35]","[40, 32, 5, 61]",10,6,"[""foolsgold""]",../main/re_result_6-29_APRA/cifar10_500_Jun.30_11.27.43_foolsgold_fix_True_no-mia_no-mia-class_no-noise_modelreplace_2/agg_records/pkl/round_0369_foolsgold.pkl
370,foolsgold,success,"[3, 17, 84, 95, 63, 94, 39, 98, 89, 21]","[3, 84, 95, 39, 98]","[17, 63, 94, 89, 21]",10,5,"[""foolsgold""]",../main/re_result_6-29_APRA/cifar10_500_Jun.30_11.27.43_foolsgold_fix_True_no-mia_no-mia-class_no-noise_modelreplace_2/agg_records/pkl/round_0370_foolsgold.pkl
371,foolsgold,success,"[0, 83, 41, 24, 92, 17, 44, 86, 87, 71]","[41, 92, 71]","[0, 83, 24, 17, 44, 86, 87]",10,3,"[""foolsgold""]",../main/re_result_6-29_APRA/cifar10_500_Jun.30_11.27.43_foolsgold_fix_True_no-mia_no-mia-class_no-noise_modelreplace_2/agg_records/pkl/round_0371_foolsgold.pkl
372,foolsgold,success,"[4, 65, 59, 88, 26, 8, 64, 21, 14, 53]","[4, 88, 8, 14]","[65, 59, 26, 64, 21, 53]",10,4,"[""foolsgold""]",../main/re_result_6-29_APRA/cifar10_500_Jun.30_11.27.43_foolsgold_fix_True_no-mia_no-mia-class_no-noise_modelreplace_2/agg_records/pkl/round_0372_foolsgold.pkl
373,foolsgold,success,"[3, 48, 52, 73, 14, 6, 96, 58, 8, 81]","[3, 48, 52, 73, 6, 96, 58, 8]","[14, 81]",10,8,"[""foolsgold""]",../main/re_result_6-29_APRA/cifar10_500_Jun.30_11.27.43_foolsgold_fix_True_no-mia_no-mia-class_no-noise_modelreplace_2/agg_records/pkl/round_0373_foolsgold.pkl
374,foolsgold,success,"[4, 87, 86, 52, 97, 9, 16, 64, 12, 28]","[4, 87, 16, 64, 12, 28]","[86, 52, 97, 9]",10,6,"[""foolsgold""]",../main/re_result_6-29_APRA/cifar10_500_Jun.30_11.27.43_foolsgold_fix_True_no-mia_no-mia-class_no-noise_modelreplace_2/agg_records/pkl/round_0374_foolsgold.pkl
375,foolsgold,success,"[2, 0, 82, 19, 46, 5, 3, 53, 35, 23]","[82, 19, 5, 53, 35]","[2, 0, 46, 3, 23]",10,5,"[""foolsgold""]",../main/re_result_6-29_APRA/cifar10_500_Jun.30_11.27.43_foolsgold_fix_True_no-mia_no-mia-class_no-noise_modelreplace_2/agg_records/pkl/round_0375_foolsgold.pkl
376,foolsgold,success,"[1, 59, 54, 33, 32, 40, 74, 83, 98, 86]","[1, 59, 54, 33, 74, 83]","[32, 40, 98, 86]",10,6,"[""foolsgold""]",../main/re_result_6-29_APRA/cifar10_500_Jun.30_11.27.43_foolsgold_fix_True_no-mia_no-mia-class_no-noise_modelreplace_2/agg_records/pkl/round_0376_foolsgold.pkl
377,foolsgold,success,"[3, 44, 18, 56, 87, 88, 46, 8, 41, 25]","[3, 44, 18, 87, 88, 46, 41, 25]","[56, 8]",10,8,"[""foolsgold""]",../main/re_result_6-29_APRA/cifar10_500_Jun.30_11.27.43_foolsgold_fix_True_no-mia_no-mia-class_no-noise_modelreplace_2/agg_records/pkl/round_0377_foolsgold.pkl
378,foolsgold,success,"[2, 64, 63, 87, 34, 11, 53, 1, 21, 66]",[53],"[2, 64, 63, 87, 34, 11, 1, 21, 66]",10,1,"[""foolsgold""]",../main/re_result_6-29_APRA/cifar10_500_Jun.30_11.27.43_foolsgold_fix_True_no-mia_no-mia-class_no-noise_modelreplace_2/agg_records/pkl/round_0378_foolsgold.pkl
379,foolsgold,success,"[2, 90, 74, 46, 25, 92, 71, 69, 93, 64]","[2, 90, 74, 25, 92, 71, 69, 93]","[46, 64]",10,8,"[""foolsgold""]",../main/re_result_6-29_APRA/cifar10_500_Jun.30_11.27.43_foolsgold_fix_True_no-mia_no-mia-class_no-noise_modelreplace_2/agg_records/pkl/round_0379_foolsgold.pkl
380,foolsgold,success,"[2, 46, 77, 82, 72, 64, 41, 73, 95, 24]","[2, 77, 72, 41, 73, 24]","[46, 82, 64, 95]",10,6,"[""foolsgold""]",../main/re_result_6-29_APRA/cifar10_500_Jun.30_11.27.43_foolsgold_fix_True_no-mia_no-mia-class_no-noise_modelreplace_2/agg_records/pkl/round_0380_foolsgold.pkl
381,foolsgold,success,"[0, 34, 93, 9, 87, 45, 42, 21, 68, 95]","[0, 93, 45, 42]","[34, 9, 87, 21, 68, 95]",10,4,"[""foolsgold""]",../main/re_result_6-29_APRA/cifar10_500_Jun.30_11.27.43_foolsgold_fix_True_no-mia_no-mia-class_no-noise_modelreplace_2/agg_records/pkl/round_0381_foolsgold.pkl
382,foolsgold,success,"[1, 98, 30, 7, 13, 52, 36, 94, 3, 85]","[7, 52, 94]","[1, 98, 30, 13, 36, 3, 85]",10,3,"[""foolsgold""]",../main/re_result_6-29_APRA/cifar10_500_Jun.30_11.27.43_foolsgold_fix_True_no-mia_no-mia-class_no-noise_modelreplace_2/agg_records/pkl/round_0382_foolsgold.pkl
383,foolsgold,success,"[1, 81, 18, 78, 64, 59, 91, 36, 38, 83]","[81, 18, 78, 64, 59, 91, 38, 83]","[1, 36]",10,8,"[""foolsgold""]",../main/re_result_6-29_APRA/cifar10_500_Jun.30_11.27.43_foolsgold_fix_True_no-mia_no-mia-class_no-noise_modelreplace_2/agg_records/pkl/round_0383_foolsgold.pkl
384,foolsgold,success,"[2, 30, 92, 19, 76, 90, 40, 45, 87, 59]","[92, 76, 90, 40, 87, 59]","[2, 30, 19, 45]",10,6,"[""foolsgold""]",../main/re_result_6-29_APRA/cifar10_500_Jun.30_11.27.43_foolsgold_fix_True_no-mia_no-mia-class_no-noise_modelreplace_2/agg_records/pkl/round_0384_foolsgold.pkl
385,foolsgold,success,"[4, 55, 64, 89, 83, 94, 37, 91, 7, 38]","[4, 55, 91, 7]","[64, 89, 83, 94, 37, 38]",10,4,"[""foolsgold""]",../main/re_result_6-29_APRA/cifar10_500_Jun.30_11.27.43_foolsgold_fix_True_no-mia_no-mia-class_no-noise_modelreplace_2/agg_records/pkl/round_0385_foolsgold.pkl
386,foolsgold,success,"[3, 59, 17, 34, 82, 98, 51, 93, 36, 80]","[17, 51]","[3, 59, 34, 82, 98, 93, 36, 80]",10,2,"[""foolsgold""]",../main/re_result_6-29_APRA/cifar10_500_Jun.30_11.27.43_foolsgold_fix_True_no-mia_no-mia-class_no-noise_modelreplace_2/agg_records/pkl/round_0386_foolsgold.pkl
387,foolsgold,success,"[3, 20, 95, 66, 28, 85, 38, 14, 73, 1]","[20, 95, 28, 38]","[3, 66, 85, 14, 73, 1]",10,4,"[""foolsgold""]",../main/re_result_6-29_APRA/cifar10_500_Jun.30_11.27.43_foolsgold_fix_True_no-mia_no-mia-class_no-noise_modelreplace_2/agg_records/pkl/round_0387_foolsgold.pkl
388,foolsgold,success,"[3, 58, 81, 85, 10, 2, 5, 77, 74, 57]","[3, 58, 81, 2, 5, 77, 74]","[85, 10, 57]",10,7,"[""foolsgold""]",../main/re_result_6-29_APRA/cifar10_500_Jun.30_11.27.43_foolsgold_fix_True_no-mia_no-mia-class_no-noise_modelreplace_2/agg_records/pkl/round_0388_foolsgold.pkl
389,foolsgold,success,"[4, 38, 23, 79, 66, 22, 75, 73, 32, 9]","[4, 22, 32, 9]","[38, 23, 79, 66, 75, 73]",10,4,"[""foolsgold""]",../main/re_result_6-29_APRA/cifar10_500_Jun.30_11.27.43_foolsgold_fix_True_no-mia_no-mia-class_no-noise_modelreplace_2/agg_records/pkl/round_0389_foolsgold.pkl
390,foolsgold,success,"[3, 82, 34, 17, 16, 65, 55, 46, 45, 78]","[3, 82, 17, 16, 65, 46, 45, 78]","[34, 55]",10,8,"[""foolsgold""]",../main/re_result_6-29_APRA/cifar10_500_Jun.30_11.27.43_foolsgold_fix_True_no-mia_no-mia-class_no-noise_modelreplace_2/agg_records/pkl/round_0390_foolsgold.pkl
391,foolsgold,success,"[3, 7, 99, 24, 37, 67, 76, 10, 0, 44]","[7, 99, 24, 37, 67]","[3, 76, 10, 0, 44]",10,5,"[""foolsgold""]",../main/re_result_6-29_APRA/cifar10_500_Jun.30_11.27.43_foolsgold_fix_True_no-mia_no-mia-class_no-noise_modelreplace_2/agg_records/pkl/round_0391_foolsgold.pkl
392,foolsgold,success,"[2, 61, 73, 74, 12, 47, 99, 68, 96, 34]","[2, 61, 74, 47, 96]","[73, 12, 99, 68, 34]",10,5,"[""foolsgold""]",../main/re_result_6-29_APRA/cifar10_500_Jun.30_11.27.43_foolsgold_fix_True_no-mia_no-mia-class_no-noise_modelreplace_2/agg_records/pkl/round_0392_foolsgold.pkl
393,foolsgold,success,"[1, 34, 87, 45, 49, 15, 84, 19, 99, 29]","[1, 34, 87, 49, 15, 84, 99, 29]","[45, 19]",10,8,"[""foolsgold""]",../main/re_result_6-29_APRA/cifar10_500_Jun.30_11.27.43_foolsgold_fix_True_no-mia_no-mia-class_no-noise_modelreplace_2/agg_records/pkl/round_0393_foolsgold.pkl
394,foolsgold,success,"[2, 27, 34, 36, 8, 92, 60, 89, 4, 66]","[8, 92, 60, 89, 4]","[2, 27, 34, 36, 66]",10,5,"[""foolsgold""]",../main/re_result_6-29_APRA/cifar10_500_Jun.30_11.27.43_foolsgold_fix_True_no-mia_no-mia-class_no-noise_modelreplace_2/agg_records/pkl/round_0394_foolsgold.pkl
395,foolsgold,success,"[0, 54, 84, 28, 10, 94, 31, 76, 43, 79]","[0, 54, 84, 28, 31, 43]","[10, 94, 76, 79]",10,6,"[""foolsgold""]",../main/re_result_6-29_APRA/cifar10_500_Jun.30_11.27.43_foolsgold_fix_True_no-mia_no-mia-class_no-noise_modelreplace_2/agg_records/pkl/round_0395_foolsgold.pkl
396,foolsgold,success,"[2, 31, 42, 58, 70, 96, 84, 35, 80, 3]","[31, 42, 58, 70, 96, 84, 35, 80]","[2, 3]",10,8,"[""foolsgold""]",../main/re_result_6-29_APRA/cifar10_500_Jun.30_11.27.43_foolsgold_fix_True_no-mia_no-mia-class_no-noise_modelreplace_2/agg_records/pkl/round_0396_foolsgold.pkl
397,foolsgold,success,"[3, 27, 89, 94, 16, 20, 67, 21, 10, 82]","[89, 16, 67, 82]","[3, 27, 94, 20, 21, 10]",10,4,"[""foolsgold""]",../main/re_result_6-29_APRA/cifar10_500_Jun.30_11.27.43_foolsgold_fix_True_no-mia_no-mia-class_no-noise_modelreplace_2/agg_records/pkl/round_0397_foolsgold.pkl
398,foolsgold,success,"[0, 10, 24, 51, 40, 82, 20, 13, 85, 66]","[0, 24, 40, 82, 20]","[10, 51, 13, 85, 66]",10,5,"[""foolsgold""]",../main/re_result_6-29_APRA/cifar10_500_Jun.30_11.27.43_foolsgold_fix_True_no-mia_no-mia-class_no-noise_modelreplace_2/agg_records/pkl/round_0398_foolsgold.pkl
399,foolsgold,success,"[0, 41, 33, 34, 99, 64, 71, 65, 75, 28]","[0, 33, 34, 99, 64, 28]","[41, 71, 65, 75]",10,6,"[""foolsgold""]",../main/re_result_6-29_APRA/cifar10_500_Jun.30_11.27.43_foolsgold_fix_True_no-mia_no-mia-class_no-noise_modelreplace_2/agg_records/pkl/round_0399_foolsgold.pkl
400,foolsgold,success,"[3, 82, 59, 7, 63, 8, 48, 4, 57, 80]","[3, 7, 63, 8, 48, 4, 57]","[82, 59, 80]",10,7,"[""foolsgold""]",../main/re_result_6-29_APRA/cifar10_500_Jun.30_11.27.43_foolsgold_fix_True_no-mia_no-mia-class_no-noise_modelreplace_2/agg_records/pkl/round_0400_foolsgold.pkl
401,foolsgold,success,"[2, 83, 93, 3, 82, 52, 17, 50, 86, 28]","[83, 50, 28]","[2, 93, 3, 82, 52, 17, 86]",10,3,"[""foolsgold""]",../main/re_result_6-29_APRA/cifar10_500_Jun.30_11.27.43_foolsgold_fix_True_no-mia_no-mia-class_no-noise_modelreplace_2/agg_records/pkl/round_0401_foolsgold.pkl
402,foolsgold,success,"[1, 57, 52, 23, 33, 92, 85, 98, 26, 17]","[1, 23, 33, 92, 26]","[57, 52, 85, 98, 17]",10,5,"[""foolsgold""]",../main/re_result_6-29_APRA/cifar10_500_Jun.30_11.27.43_foolsgold_fix_True_no-mia_no-mia-class_no-noise_modelreplace_2/agg_records/pkl/round_0402_foolsgold.pkl
403,foolsgold,success,"[3, 43, 58, 20, 0, 99, 64, 78, 68, 7]","[43, 58, 20, 99, 64, 78, 68, 7]","[3, 0]",10,8,"[""foolsgold""]",../main/re_result_6-29_APRA/cifar10_500_Jun.30_11.27.43_foolsgold_fix_True_no-mia_no-mia-class_no-noise_modelreplace_2/agg_records/pkl/round_0403_foolsgold.pkl
404,foolsgold,success,"[2, 95, 63, 6, 62, 66, 80, 96, 83, 31]","[2, 66, 31]","[95, 63, 6, 62, 80, 96, 83]",10,3,"[""foolsgold""]",../main/re_result_6-29_APRA/cifar10_500_Jun.30_11.27.43_foolsgold_fix_True_no-mia_no-mia-class_no-noise_modelreplace_2/agg_records/pkl/round_0404_foolsgold.pkl
405,foolsgold,success,"[3, 78, 67, 64, 85, 43, 21, 90, 84, 25]","[3, 78, 85, 21, 84, 25]","[67, 64, 43, 90]",10,6,"[""foolsgold""]",../main/re_result_6-29_APRA/cifar10_500_Jun.30_11.27.43_foolsgold_fix_True_no-mia_no-mia-class_no-noise_modelreplace_2/agg_records/pkl/round_0405_foolsgold.pkl
406,foolsgold,success,"[4, 76, 80, 56, 25, 50, 73, 14, 67, 39]","[4, 80, 56, 25, 50, 67]","[76, 73, 14, 39]",10,6,"[""foolsgold""]",../main/re_result_6-29_APRA/cifar10_500_Jun.30_11.27.43_foolsgold_fix_True_no-mia_no-mia-class_no-noise_modelreplace_2/agg_records/pkl/round_0406_foolsgold.pkl
407,foolsgold,success,"[2, 36, 35, 14, 87, 76, 70, 29, 65, 47]","[35, 14, 87, 76, 70, 29, 65, 47]","[2, 36]",10,8,"[""foolsgold""]",../main/re_result_6-29_APRA/cifar10_500_Jun.30_11.27.43_foolsgold_fix_True_no-mia_no-mia-class_no-noise_modelreplace_2/agg_records/pkl/round_0407_foolsgold.pkl
408,foolsgold,success,"[3, 92, 73, 20, 68, 22, 52, 19, 96, 78]","[92, 73, 68, 22, 52, 19, 96, 78]","[3, 20]",10,8,"[""foolsgold""]",../main/re_result_6-29_APRA/cifar10_500_Jun.30_11.27.43_foolsgold_fix_True_no-mia_no-mia-class_no-noise_modelreplace_2/agg_records/pkl/round_0408_foolsgold.pkl
409,foolsgold,success,"[0, 13, 54, 46, 14, 41, 78, 93, 74, 22]","[0, 46, 78, 93, 74, 22]","[13, 54, 14, 41]",10,6,"[""foolsgold""]",../main/re_result_6-29_APRA/cifar10_500_Jun.30_11.27.43_foolsgold_fix_True_no-mia_no-mia-class_no-noise_modelreplace_2/agg_records/pkl/round_0409_foolsgold.pkl
410,foolsgold,success,"[3, 37, 58, 70, 95, 64, 13, 47, 83, 43]","[3, 58, 70, 95, 64, 13, 47, 43]","[37, 83]",10,8,"[""foolsgold""]",../main/re_result_6-29_APRA/cifar10_500_Jun.30_11.27.43_foolsgold_fix_True_no-mia_no-mia-class_no-noise_modelreplace_2/agg_records/pkl/round_0410_foolsgold.pkl
411,foolsgold,success,"[1, 25, 27, 10, 83, 58, 74, 30, 86, 28]","[1, 25, 27, 10, 83, 58, 74, 30, 86, 28]",[],10,10,"[""foolsgold""]",../main/re_result_6-29_APRA/cifar10_500_Jun.30_11.27.43_foolsgold_fix_True_no-mia_no-mia-class_no-noise_modelreplace_2/agg_records/pkl/round_0411_foolsgold.pkl
412,foolsgold,success,"[2, 64, 43, 50, 9, 79, 55, 96, 13, 60]","[2, 43, 50, 9, 96, 60]","[64, 79, 55, 13]",10,6,"[""foolsgold""]",../main/re_result_6-29_APRA/cifar10_500_Jun.30_11.27.43_foolsgold_fix_True_no-mia_no-mia-class_no-noise_modelreplace_2/agg_records/pkl/round_0412_foolsgold.pkl
413,foolsgold,success,"[3, 47, 81, 7, 19, 15, 2, 6, 22, 64]","[3, 47, 81, 7, 19, 15, 2, 22]","[6, 64]",10,8,"[""foolsgold""]",../main/re_result_6-29_APRA/cifar10_500_Jun.30_11.27.43_foolsgold_fix_True_no-mia_no-mia-class_no-noise_modelreplace_2/agg_records/pkl/round_0413_foolsgold.pkl
414,foolsgold,success,"[4, 55, 40, 85, 79, 99, 73, 46, 67, 86]",[4],"[55, 40, 85, 79, 99, 73, 46, 67, 86]",10,1,"[""foolsgold""]",../main/re_result_6-29_APRA/cifar10_500_Jun.30_11.27.43_foolsgold_fix_True_no-mia_no-mia-class_no-noise_modelreplace_2/agg_records/pkl/round_0414_foolsgold.pkl
415,foolsgold,success,"[3, 8, 99, 0, 45, 16, 82, 17, 42, 30]","[8, 99, 45, 16, 82, 17, 42]","[3, 0, 30]",10,7,"[""foolsgold""]",../main/re_result_6-29_APRA/cifar10_500_Jun.30_11.27.43_foolsgold_fix_True_no-mia_no-mia-class_no-noise_modelreplace_2/agg_records/pkl/round_0415_foolsgold.pkl
416,foolsgold,success,"[4, 84, 7, 54, 25, 13, 79, 90, 0, 43]","[54, 25, 13, 79]","[4, 84, 7, 90, 0, 43]",10,4,"[""foolsgold""]",../main/re_result_6-29_APRA/cifar10_500_Jun.30_11.27.43_foolsgold_fix_True_no-mia_no-mia-class_no-noise_modelreplace_2/agg_records/pkl/round_0416_foolsgold.pkl
417,foolsgold,success,"[1, 64, 50, 77, 27, 22, 94, 72, 60, 82]","[1, 50, 77, 27, 22, 82]","[64, 94, 72, 60]",10,6,"[""foolsgold""]",../main/re_result_6-29_APRA/cifar10_500_Jun.30_11.27.43_foolsgold_fix_True_no-mia_no-mia-class_no-noise_modelreplace_2/agg_records/pkl/round_0417_foolsgold.pkl
418,foolsgold,success,"[4, 88, 22, 91, 64, 37, 87, 50, 24, 23]","[4, 88, 22, 91, 37, 87, 50, 24]","[64, 23]",10,8,"[""foolsgold""]",../main/re_result_6-29_APRA/cifar10_500_Jun.30_11.27.43_foolsgold_fix_True_no-mia_no-mia-class_no-noise_modelreplace_2/agg_records/pkl/round_0418_foolsgold.pkl
419,foolsgold,success,"[3, 66, 87, 79, 61, 41, 25, 12, 10, 96]","[3, 87, 79, 61, 25, 12]","[66, 41, 10, 96]",10,6,"[""foolsgold""]",../main/re_result_6-29_APRA/cifar10_500_Jun.30_11.27.43_foolsgold_fix_True_no-mia_no-mia-class_no-noise_modelreplace_2/agg_records/pkl/round_0419_foolsgold.pkl
420,foolsgold,success,"[2, 21, 86, 34, 98, 27, 69, 63, 18, 85]","[2, 86, 69, 63]","[21, 34, 98, 27, 18, 85]",10,4,"[""foolsgold""]",../main/re_result_6-29_APRA/cifar10_500_Jun.30_11.27.43_foolsgold_fix_True_no-mia_no-mia-class_no-noise_modelreplace_2/agg_records/pkl/round_0420_foolsgold.pkl
421,foolsgold,success,"[0, 57, 42, 58, 78, 25, 94, 13, 40, 84]","[0, 58, 78, 25, 94, 40, 84]","[57, 42, 13]",10,7,"[""foolsgold""]",../main/re_result_6-29_APRA/cifar10_500_Jun.30_11.27.43_foolsgold_fix_True_no-mia_no-mia-class_no-noise_modelreplace_2/agg_records/pkl/round_0421_foolsgold.pkl
422,foolsgold,success,"[2, 33, 84, 78, 35, 15, 76, 91, 73, 49]","[2, 33, 84, 78, 35, 15, 91, 49]","[76, 73]",10,8,"[""foolsgold""]",../main/re_result_6-29_APRA/cifar10_500_Jun.30_11.27.43_foolsgold_fix_True_no-mia_no-mia-class_no-noise_modelreplace_2/agg_records/pkl/round_0422_foolsgold.pkl
423,foolsgold,success,"[2, 41, 87, 74, 98, 84, 50, 23, 82, 34]","[2, 41, 74, 84, 50, 82]","[87, 98, 23, 34]",10,6,"[""foolsgold""]",../main/re_result_6-29_APRA/cifar10_500_Jun.30_11.27.43_foolsgold_fix_True_no-mia_no-mia-class_no-noise_modelreplace_2/agg_records/pkl/round_0423_foolsgold.pkl
424,foolsgold,success,"[1, 71, 36, 0, 74, 92, 19, 99, 64, 58]","[71, 92, 64]","[1, 36, 0, 74, 19, 99, 58]",10,3,"[""foolsgold""]",../main/re_result_6-29_APRA/cifar10_500_Jun.30_11.27.43_foolsgold_fix_True_no-mia_no-mia-class_no-noise_modelreplace_2/agg_records/pkl/round_0424_foolsgold.pkl
425,foolsgold,success,"[0, 46, 58, 30, 86, 82, 53, 68, 43, 1]","[46, 86, 82, 53, 43]","[0, 58, 30, 68, 1]",10,5,"[""foolsgold""]",../main/re_result_6-29_APRA/cifar10_500_Jun.30_11.27.43_foolsgold_fix_True_no-mia_no-mia-class_no-noise_modelreplace_2/agg_records/pkl/round_0425_foolsgold.pkl
426,foolsgold,success,"[3, 8, 42, 87, 15, 70, 20, 45, 12, 83]","[42, 87, 15, 12, 83]","[3, 8, 70, 20, 45]",10,5,"[""foolsgold""]",../main/re_result_6-29_APRA/cifar10_500_Jun.30_11.27.43_foolsgold_fix_True_no-mia_no-mia-class_no-noise_modelreplace_2/agg_records/pkl/round_0426_foolsgold.pkl
427,foolsgold,success,"[0, 4, 25, 12, 84, 69, 56, 58, 17, 3]","[25, 84, 69, 56, 17]","[0, 4, 12, 58, 3]",10,5,"[""foolsgold""]",../main/re_result_6-29_APRA/cifar10_500_Jun.30_11.27.43_foolsgold_fix_True_no-mia_no-mia-class_no-noise_modelreplace_2/agg_records/pkl/round_0427_foolsgold.pkl
428,foolsgold,success,"[3, 46, 75, 14, 36, 95, 48, 54, 55, 10]","[46, 48]","[3, 75, 14, 36, 95, 54, 55, 10]",10,2,"[""foolsgold""]",../main/re_result_6-29_APRA/cifar10_500_Jun.30_11.27.43_foolsgold_fix_True_no-mia_no-mia-class_no-noise_modelreplace_2/agg_records/pkl/round_0428_foolsgold.pkl
429,foolsgold,success,"[4, 53, 52, 94, 59, 88, 49, 1, 12, 93]","[53, 94, 88, 12]","[4, 52, 59, 49, 1, 93]",10,4,"[""foolsgold""]",../main/re_result_6-29_APRA/cifar10_500_Jun.30_11.27.43_foolsgold_fix_True_no-mia_no-mia-class_no-noise_modelreplace_2/agg_records/pkl/round_0429_foolsgold.pkl
430,foolsgold,success,"[2, 7, 92, 35, 31, 0, 99, 11, 24, 51]","[7, 99, 11, 24, 51]","[2, 92, 35, 31, 0]",10,5,"[""foolsgold""]",../main/re_result_6-29_APRA/cifar10_500_Jun.30_11.27.43_foolsgold_fix_True_no-mia_no-mia-class_no-noise_modelreplace_2/agg_records/pkl/round_0430_foolsgold.pkl
431,foolsgold,success,"[2, 44, 59, 49, 89, 39, 60, 48, 54, 83]","[59, 49, 89, 39, 54, 83]","[2, 44, 60, 48]",10,6,"[""foolsgold""]",../main/re_result_6-29_APRA/cifar10_500_Jun.30_11.27.43_foolsgold_fix_True_no-mia_no-mia-class_no-noise_modelreplace_2/agg_records/pkl/round_0431_foolsgold.pkl
432,foolsgold,success,"[3, 47, 96, 59, 25, 93, 18, 76, 83, 62]","[3, 47, 96, 25, 18, 76, 83, 62]","[59, 93]",10,8,"[""foolsgold""]",../main/re_result_6-29_APRA/cifar10_500_Jun.30_11.27.43_foolsgold_fix_True_no-mia_no-mia-class_no-noise_modelreplace_2/agg_records/pkl/round_0432_foolsgold.pkl
433,foolsgold,success,"[3, 39, 11, 98, 8, 44, 0, 56, 67, 42]","[3, 39, 11, 98, 8, 56, 67, 42]","[44, 0]",10,8,"[""foolsgold""]",../main/re_result_6-29_APRA/cifar10_500_Jun.30_11.27.43_foolsgold_fix_True_no-mia_no-mia-class_no-noise_modelreplace_2/agg_records/pkl/round_0433_foolsgold.pkl
434,foolsgold,success,"[4, 2, 97, 93, 20, 31, 32, 7, 79, 39]","[4, 2, 31, 7, 79, 39]","[97, 93, 20, 32]",10,6,"[""foolsgold""]",../main/re_result_6-29_APRA/cifar10_500_Jun.30_11.27.43_foolsgold_fix_True_no-mia_no-mia-class_no-noise_modelreplace_2/agg_records/pkl/round_0434_foolsgold.pkl
435,foolsgold,success,"[3, 98, 90, 24, 16, 40, 63, 82, 2, 54]","[98, 90, 24, 16, 40, 63, 82, 54]","[3, 2]",10,8,"[""foolsgold""]",../main/re_result_6-29_APRA/cifar10_500_Jun.30_11.27.43_foolsgold_fix_True_no-mia_no-mia-class_no-noise_modelreplace_2/agg_records/pkl/round_0435_foolsgold.pkl
436,foolsgold,success,"[0, 49, 43, 29, 60, 2, 42, 27, 38, 22]","[43, 29]","[0, 49, 60, 2, 42, 27, 38, 22]",10,2,"[""foolsgold""]",../main/re_result_6-29_APRA/cifar10_500_Jun.30_11.27.43_foolsgold_fix_True_no-mia_no-mia-class_no-noise_modelreplace_2/agg_records/pkl/round_0436_foolsgold.pkl
437,foolsgold,success,"[4, 77, 0, 63, 91, 68, 9, 82, 54, 20]","[77, 63, 54, 20]","[4, 0, 91, 68, 9, 82]",10,4,"[""foolsgold""]",../main/re_result_6-29_APRA/cifar10_500_Jun.30_11.27.43_foolsgold_fix_True_no-mia_no-mia-class_no-noise_modelreplace_2/agg_records/pkl/round_0437_foolsgold.pkl
438,foolsgold,success,"[4, 26, 8, 74, 84, 49, 15, 46, 62, 7]","[4, 26, 8, 74, 15, 46]","[84, 49, 62, 7]",10,6,"[""foolsgold""]",../main/re_result_6-29_APRA/cifar10_500_Jun.30_11.27.43_foolsgold_fix_True_no-mia_no-mia-class_no-noise_modelreplace_2/agg_records/pkl/round_0438_foolsgold.pkl
439,foolsgold,success,"[3, 51, 16, 78, 7, 29, 56, 59, 8, 43]","[3, 51, 16, 78, 7, 29, 59, 43]","[56, 8]",10,8,"[""foolsgold""]",../main/re_result_6-29_APRA/cifar10_500_Jun.30_11.27.43_foolsgold_fix_True_no-mia_no-mia-class_no-noise_modelreplace_2/agg_records/pkl/round_0439_foolsgold.pkl
440,foolsgold,success,"[4, 8, 35, 16, 59, 85, 74, 82, 88, 61]","[4, 8, 16, 85, 74, 61]","[35, 59, 82, 88]",10,6,"[""foolsgold""]",../main/re_result_6-29_APRA/cifar10_500_Jun.30_11.27.43_foolsgold_fix_True_no-mia_no-mia-class_no-noise_modelreplace_2/agg_records/pkl/round_0440_foolsgold.pkl
441,foolsgold,success,"[3, 78, 56, 87, 26, 14, 77, 74, 37, 53]","[3, 78, 56, 14, 74, 53]","[87, 26, 77, 37]",10,6,"[""foolsgold""]",../main/re_result_6-29_APRA/cifar10_500_Jun.30_11.27.43_foolsgold_fix_True_no-mia_no-mia-class_no-noise_modelreplace_2/agg_records/pkl/round_0441_foolsgold.pkl
442,foolsgold,success,"[3, 5, 73, 80, 50, 87, 7, 71, 60, 35]","[3, 80, 7, 60]","[5, 73, 50, 87, 71, 35]",10,4,"[""foolsgold""]",../main/re_result_6-29_APRA/cifar10_500_Jun.30_11.27.43_foolsgold_fix_True_no-mia_no-mia-class_no-noise_modelreplace_2/agg_records/pkl/round_0442_foolsgold.pkl
443,foolsgold,success,"[4, 54, 9, 20, 78, 66, 29, 2, 86, 97]","[4, 54, 9, 20, 78, 66, 29, 2, 86, 97]",[],10,10,"[""foolsgold""]",../main/re_result_6-29_APRA/cifar10_500_Jun.30_11.27.43_foolsgold_fix_True_no-mia_no-mia-class_no-noise_modelreplace_2/agg_records/pkl/round_0443_foolsgold.pkl
444,foolsgold,success,"[3, 70, 67, 40, 92, 61, 58, 73, 66, 65]","[3, 70, 67, 40, 92, 61, 58, 65]","[73, 66]",10,8,"[""foolsgold""]",../main/re_result_6-29_APRA/cifar10_500_Jun.30_11.27.43_foolsgold_fix_True_no-mia_no-mia-class_no-noise_modelreplace_2/agg_records/pkl/round_0444_foolsgold.pkl
445,foolsgold,success,"[1, 33, 28, 59, 45, 80, 52, 68, 95, 51]","[1, 33, 52, 68, 95, 51]","[28, 59, 45, 80]",10,6,"[""foolsgold""]",../main/re_result_6-29_APRA/cifar10_500_Jun.30_11.27.43_foolsgold_fix_True_no-mia_no-mia-class_no-noise_modelreplace_2/agg_records/pkl/round_0445_foolsgold.pkl
446,foolsgold,success,"[4, 88, 56, 23, 58, 33, 65, 24, 90, 30]","[4, 56, 23, 58, 65, 24, 90, 30]","[88, 33]",10,8,"[""foolsgold""]",../main/re_result_6-29_APRA/cifar10_500_Jun.30_11.27.43_foolsgold_fix_True_no-mia_no-mia-class_no-noise_modelreplace_2/agg_records/pkl/round_0446_foolsgold.pkl
447,foolsgold,success,"[0, 5, 73, 92, 57, 9, 42, 33, 63, 43]","[0, 5, 92, 57, 9, 33, 63, 43]","[73, 42]",10,8,"[""foolsgold""]",../main/re_result_6-29_APRA/cifar10_500_Jun.30_11.27.43_foolsgold_fix_True_no-mia_no-mia-class_no-noise_modelreplace_2/agg_records/pkl/round_0447_foolsgold.pkl
448,foolsgold,success,"[4, 46, 2, 15, 25, 98, 28, 50, 58, 20]","[4, 46, 2, 15, 25, 98, 28, 50, 58, 20]",[],10,10,"[""foolsgold""]",../main/re_result_6-29_APRA/cifar10_500_Jun.30_11.27.43_foolsgold_fix_True_no-mia_no-mia-class_no-noise_modelreplace_2/agg_records/pkl/round_0448_foolsgold.pkl
449,foolsgold,success,"[0, 9, 42, 49, 58, 98, 94, 67, 36, 3]","[9, 42, 49, 58, 98, 94, 67, 3]","[0, 36]",10,8,"[""foolsgold""]",../main/re_result_6-29_APRA/cifar10_500_Jun.30_11.27.43_foolsgold_fix_True_no-mia_no-mia-class_no-noise_modelreplace_2/agg_records/pkl/round_0449_foolsgold.pkl
450,foolsgold,success,"[4, 21, 69, 24, 38, 97, 52, 40, 78, 83]","[4, 21, 69, 97, 40, 78, 83]","[24, 38, 52]",10,7,"[""foolsgold""]",../main/re_result_6-29_APRA/cifar10_500_Jun.30_11.27.43_foolsgold_fix_True_no-mia_no-mia-class_no-noise_modelreplace_2/agg_records/pkl/round_0450_foolsgold.pkl
451,foolsgold,success,"[0, 83, 31, 58, 11, 54, 42, 8, 73, 36]","[83, 31, 58, 11, 54, 8]","[0, 42, 73, 36]",10,6,"[""foolsgold""]",../main/re_result_6-29_APRA/cifar10_500_Jun.30_11.27.43_foolsgold_fix_True_no-mia_no-mia-class_no-noise_modelreplace_2/agg_records/pkl/round_0451_foolsgold.pkl
452,foolsgold,success,"[1, 85, 28, 14, 48, 73, 53, 82, 31, 61]","[1, 28, 48, 53, 82, 31, 61]","[85, 14, 73]",10,7,"[""foolsgold""]",../main/re_result_6-29_APRA/cifar10_500_Jun.30_11.27.43_foolsgold_fix_True_no-mia_no-mia-class_no-noise_modelreplace_2/agg_records/pkl/round_0452_foolsgold.pkl
453,foolsgold,success,"[4, 11, 29, 16, 84, 79, 9, 47, 14, 66]","[4, 29, 16, 84, 9, 47]","[11, 79, 14, 66]",10,6,"[""foolsgold""]",../main/re_result_6-29_APRA/cifar10_500_Jun.30_11.27.43_foolsgold_fix_True_no-mia_no-mia-class_no-noise_modelreplace_2/agg_records/pkl/round_0453_foolsgold.pkl
454,foolsgold,success,"[0, 91, 31, 49, 75, 3, 4, 36, 57, 77]","[91, 31, 49, 75, 3, 4, 57, 77]","[0, 36]",10,8,"[""foolsgold""]",../main/re_result_6-29_APRA/cifar10_500_Jun.30_11.27.43_foolsgold_fix_True_no-mia_no-mia-class_no-noise_modelreplace_2/agg_records/pkl/round_0454_foolsgold.pkl
455,foolsgold,success,"[0, 39, 56, 94, 40, 37, 77, 34, 8, 99]","[0, 39, 94, 37, 77, 34, 99]","[56, 40, 8]",10,7,"[""foolsgold""]",../main/re_result_6-29_APRA/cifar10_500_Jun.30_11.27.43_foolsgold_fix_True_no-mia_no-mia-class_no-noise_modelreplace_2/agg_records/pkl/round_0455_foolsgold.pkl
456,foolsgold,success,"[2, 88, 70, 9, 43, 13, 78, 98, 29, 79]","[2, 88, 70, 9, 43, 78, 29, 79]","[13, 98]",10,8,"[""foolsgold""]",../main/re_result_6-29_APRA/cifar10_500_Jun.30_11.27.43_foolsgold_fix_True_no-mia_no-mia-class_no-noise_modelreplace_2/agg_records/pkl/round_0456_foolsgold.pkl
457,foolsgold,success,"[2, 20, 64, 72, 73, 12, 91, 81, 10, 80]","[2, 20, 64, 72, 81, 80]","[73, 12, 91, 10]",10,6,"[""foolsgold""]",../main/re_result_6-29_APRA/cifar10_500_Jun.30_11.27.43_foolsgold_fix_True_no-mia_no-mia-class_no-noise_modelreplace_2/agg_records/pkl/round_0457_foolsgold.pkl
458,foolsgold,success,"[1, 56, 69, 77, 7, 3, 80, 65, 55, 87]","[56, 69, 7, 80, 65, 55]","[1, 77, 3, 87]",10,6,"[""foolsgold""]",../main/re_result_6-29_APRA/cifar10_500_Jun.30_11.27.43_foolsgold_fix_True_no-mia_no-mia-class_no-noise_modelreplace_2/agg_records/pkl/round_0458_foolsgold.pkl
459,foolsgold,success,"[0, 82, 55, 67, 10, 38, 40, 11, 93, 50]","[0, 67, 38, 40, 11, 50]","[82, 55, 10, 93]",10,6,"[""foolsgold""]",../main/re_result_6-29_APRA/cifar10_500_Jun.30_11.27.43_foolsgold_fix_True_no-mia_no-mia-class_no-noise_modelreplace_2/agg_records/pkl/round_0459_foolsgold.pkl
460,foolsgold,success,"[0, 14, 62, 98, 60, 88, 20, 78, 36, 21]","[62, 60, 88, 20, 78, 21]","[0, 14, 98, 36]",10,6,"[""foolsgold""]",../main/re_result_6-29_APRA/cifar10_500_Jun.30_11.27.43_foolsgold_fix_True_no-mia_no-mia-class_no-noise_modelreplace_2/agg_records/pkl/round_0460_foolsgold.pkl
461,foolsgold,success,"[0, 53, 61, 7, 72, 4, 44, 95, 67, 96]","[53, 61, 7, 72, 4, 67]","[0, 44, 95, 96]",10,6,"[""foolsgold""]",../main/re_result_6-29_APRA/cifar10_500_Jun.30_11.27.43_foolsgold_fix_True_no-mia_no-mia-class_no-noise_modelreplace_2/agg_records/pkl/round_0461_foolsgold.pkl
462,foolsgold,success,"[2, 71, 20, 36, 87, 1, 33, 80, 83, 62]","[71, 20, 87, 33, 80]","[2, 36, 1, 83, 62]",10,5,"[""foolsgold""]",../main/re_result_6-29_APRA/cifar10_500_Jun.30_11.27.43_foolsgold_fix_True_no-mia_no-mia-class_no-noise_modelreplace_2/agg_records/pkl/round_0462_foolsgold.pkl
463,foolsgold,success,"[3, 92, 88, 76, 90, 42, 62, 23, 37, 0]","[3, 92, 88, 76, 90, 42, 62, 23, 37, 0]",[],10,10,"[""foolsgold""]",../main/re_result_6-29_APRA/cifar10_500_Jun.30_11.27.43_foolsgold_fix_True_no-mia_no-mia-class_no-noise_modelreplace_2/agg_records/pkl/round_0463_foolsgold.pkl
464,foolsgold,success,"[0, 30, 8, 26, 11, 47, 9, 96, 67, 53]","[8, 26, 11, 47, 9, 96, 67, 53]","[0, 30]",10,8,"[""foolsgold""]",../main/re_result_6-29_APRA/cifar10_500_Jun.30_11.27.43_foolsgold_fix_True_no-mia_no-mia-class_no-noise_modelreplace_2/agg_records/pkl/round_0464_foolsgold.pkl
465,foolsgold,success,"[0, 58, 45, 76, 72, 78, 56, 23, 99, 20]","[0, 76, 78, 56, 23, 99, 20]","[58, 45, 72]",10,7,"[""foolsgold""]",../main/re_result_6-29_APRA/cifar10_500_Jun.30_11.27.43_foolsgold_fix_True_no-mia_no-mia-class_no-noise_modelreplace_2/agg_records/pkl/round_0465_foolsgold.pkl
466,foolsgold,success,"[2, 79, 39, 82, 60, 54, 34, 83, 13, 35]","[2, 39, 82, 60, 54, 83, 35]","[79, 34, 13]",10,7,"[""foolsgold""]",../main/re_result_6-29_APRA/cifar10_500_Jun.30_11.27.43_foolsgold_fix_True_no-mia_no-mia-class_no-noise_modelreplace_2/agg_records/pkl/round_0466_foolsgold.pkl
467,foolsgold,success,"[4, 45, 65, 28, 24, 47, 10, 77, 74, 5]","[4, 65, 24, 10, 77, 5]","[45, 28, 47, 74]",10,6,"[""foolsgold""]",../main/re_result_6-29_APRA/cifar10_500_Jun.30_11.27.43_foolsgold_fix_True_no-mia_no-mia-class_no-noise_modelreplace_2/agg_records/pkl/round_0467_foolsgold.pkl
468,foolsgold,success,"[0, 2, 18, 52, 30, 28, 34, 80, 19, 57]","[18, 52, 34, 80, 57]","[0, 2, 30, 28, 19]",10,5,"[""foolsgold""]",../main/re_result_6-29_APRA/cifar10_500_Jun.30_11.27.43_foolsgold_fix_True_no-mia_no-mia-class_no-noise_modelreplace_2/agg_records/pkl/round_0468_foolsgold.pkl
469,foolsgold,success,"[3, 90, 98, 61, 8, 69, 42, 74, 40, 87]","[3, 90, 98, 61, 69, 42, 74, 87]","[8, 40]",10,8,"[""foolsgold""]",../main/re_result_6-29_APRA/cifar10_500_Jun.30_11.27.43_foolsgold_fix_True_no-mia_no-mia-class_no-noise_modelreplace_2/agg_records/pkl/round_0469_foolsgold.pkl
470,foolsgold,success,"[1, 55, 65, 23, 31, 79, 85, 96, 47, 95]","[1, 65, 31, 47]","[55, 23, 79, 85, 96, 95]",10,4,"[""foolsgold""]",../main/re_result_6-29_APRA/cifar10_500_Jun.30_11.27.43_foolsgold_fix_True_no-mia_no-mia-class_no-noise_modelreplace_2/agg_records/pkl/round_0470_foolsgold.pkl
471,foolsgold,success,"[2, 34, 26, 89, 36, 33, 69, 24, 12, 31]","[26, 89, 69, 12]","[2, 34, 36, 33, 24, 31]",10,4,"[""foolsgold""]",../main/re_result_6-29_APRA/cifar10_500_Jun.30_11.27.43_foolsgold_fix_True_no-mia_no-mia-class_no-noise_modelreplace_2/agg_records/pkl/round_0471_foolsgold.pkl
472,foolsgold,success,"[4, 82, 0, 16, 41, 83, 44, 62, 52, 78]","[4, 82, 16, 41, 83, 78]","[0, 44, 62, 52]",10,6,"[""foolsgold""]",../main/re_result_6-29_APRA/cifar10_500_Jun.30_11.27.43_foolsgold_fix_True_no-mia_no-mia-class_no-noise_modelreplace_2/agg_records/pkl/round_0472_foolsgold.pkl
473,foolsgold,success,"[2, 13, 87, 48, 14, 27, 80, 70, 98, 47]","[2, 48, 80, 47]","[13, 87, 14, 27, 70, 98]",10,4,"[""foolsgold""]",../main/re_result_6-29_APRA/cifar10_500_Jun.30_11.27.43_foolsgold_fix_True_no-mia_no-mia-class_no-noise_modelreplace_2/agg_records/pkl/round_0473_foolsgold.pkl
474,foolsgold,success,"[2, 32, 21, 27, 61, 47, 1, 65, 98, 28]","[2, 32, 21, 61, 47, 1, 65, 28]","[27, 98]",10,8,"[""foolsgold""]",../main/re_result_6-29_APRA/cifar10_500_Jun.30_11.27.43_foolsgold_fix_True_no-mia_no-mia-class_no-noise_modelreplace_2/agg_records/pkl/round_0474_foolsgold.pkl
475,foolsgold,success,"[4, 64, 32, 16, 60, 41, 22, 20, 88, 92]","[4, 64, 16, 41, 22, 20]","[32, 60, 88, 92]",10,6,"[""foolsgold""]",../main/re_result_6-29_APRA/cifar10_500_Jun.30_11.27.43_foolsgold_fix_True_no-mia_no-mia-class_no-noise_modelreplace_2/agg_records/pkl/round_0475_foolsgold.pkl
476,foolsgold,success,"[1, 19, 36, 31, 33, 90, 13, 95, 27, 73]","[19, 90, 95]","[1, 36, 31, 33, 13, 27, 73]",10,3,"[""foolsgold""]",../main/re_result_6-29_APRA/cifar10_500_Jun.30_11.27.43_foolsgold_fix_True_no-mia_no-mia-class_no-noise_modelreplace_2/agg_records/pkl/round_0476_foolsgold.pkl
477,foolsgold,success,"[2, 95, 62, 74, 56, 42, 22, 71, 0, 63]","[95, 62, 74, 56, 22, 63]","[2, 42, 71, 0]",10,6,"[""foolsgold""]",../main/re_result_6-29_APRA/cifar10_500_Jun.30_11.27.43_foolsgold_fix_True_no-mia_no-mia-class_no-noise_modelreplace_2/agg_records/pkl/round_0477_foolsgold.pkl
478,foolsgold,success,"[1, 29, 48, 3, 2, 54, 91, 34, 89, 42]","[29, 2, 54, 34, 89, 42]","[1, 48, 3, 91]",10,6,"[""foolsgold""]",../main/re_result_6-29_APRA/cifar10_500_Jun.30_11.27.43_foolsgold_fix_True_no-mia_no-mia-class_no-noise_modelreplace_2/agg_records/pkl/round_0478_foolsgold.pkl
479,foolsgold,success,"[2, 93, 67, 6, 40, 22, 79, 38, 61, 87]","[2, 40, 61]","[93, 67, 6, 22, 79, 38, 87]",10,3,"[""foolsgold""]",../main/re_result_6-29_APRA/cifar10_500_Jun.30_11.27.43_foolsgold_fix_True_no-mia_no-mia-class_no-noise_modelreplace_2/agg_records/pkl/round_0479_foolsgold.pkl
480,foolsgold,success,"[4, 21, 67, 49, 24, 47, 95, 45, 57, 96]","[4, 21, 67, 57]","[49, 24, 47, 95, 45, 96]",10,4,"[""foolsgold""]",../main/re_result_6-29_APRA/cifar10_500_Jun.30_11.27.43_foolsgold_fix_True_no-mia_no-mia-class_no-noise_modelreplace_2/agg_records/pkl/round_0480_foolsgold.pkl
481,foolsgold,success,"[1, 74, 25, 94, 96, 58, 3, 99, 55, 97]","[74, 25, 94, 96, 55, 97]","[1, 58, 3, 99]",10,6,"[""foolsgold""]",../main/re_result_6-29_APRA/cifar10_500_Jun.30_11.27.43_foolsgold_fix_True_no-mia_no-mia-class_no-noise_modelreplace_2/agg_records/pkl/round_0481_foolsgold.pkl
482,foolsgold,success,"[1, 81, 82, 47, 65, 60, 93, 28, 49, 3]","[81, 47, 65, 60, 28, 49]","[1, 82, 93, 3]",10,6,"[""foolsgold""]",../main/re_result_6-29_APRA/cifar10_500_Jun.30_11.27.43_foolsgold_fix_True_no-mia_no-mia-class_no-noise_modelreplace_2/agg_records/pkl/round_0482_foolsgold.pkl
483,foolsgold,success,"[4, 8, 48, 46, 69, 18, 87, 54, 19, 97]","[4, 46, 87, 54, 97]","[8, 48, 69, 18, 19]",10,5,"[""foolsgold""]",../main/re_result_6-29_APRA/cifar10_500_Jun.30_11.27.43_foolsgold_fix_True_no-mia_no-mia-class_no-noise_modelreplace_2/agg_records/pkl/round_0483_foolsgold.pkl
484,foolsgold,success,"[1, 91, 86, 11, 53, 59, 48, 3, 9, 26]","[86, 11, 53]","[1, 91, 59, 48, 3, 9, 26]",10,3,"[""foolsgold""]",../main/re_result_6-29_APRA/cifar10_500_Jun.30_11.27.43_foolsgold_fix_True_no-mia_no-mia-class_no-noise_modelreplace_2/agg_records/pkl/round_0484_foolsgold.pkl
485,foolsgold,success,"[1, 82, 58, 96, 4, 28, 39, 99, 13, 37]","[28, 13]","[1, 82, 58, 96, 4, 39, 99, 37]",10,2,"[""foolsgold""]",../main/re_result_6-29_APRA/cifar10_500_Jun.30_11.27.43_foolsgold_fix_True_no-mia_no-mia-class_no-noise_modelreplace_2/agg_records/pkl/round_0485_foolsgold.pkl
486,foolsgold,success,"[3, 62, 44, 97, 49, 90, 70, 66, 87, 54]","[3, 44, 97, 90, 66, 54]","[62, 49, 70, 87]",10,6,"[""foolsgold""]",../main/re_result_6-29_APRA/cifar10_500_Jun.30_11.27.43_foolsgold_fix_True_no-mia_no-mia-class_no-noise_modelreplace_2/agg_records/pkl/round_0486_foolsgold.pkl
487,foolsgold,success,"[1, 95, 63, 12, 31, 57, 76, 69, 61, 2]","[95, 63, 12, 31, 69, 61]","[1, 57, 76, 2]",10,6,"[""foolsgold""]",../main/re_result_6-29_APRA/cifar10_500_Jun.30_11.27.43_foolsgold_fix_True_no-mia_no-mia-class_no-noise_modelreplace_2/agg_records/pkl/round_0487_foolsgold.pkl
488,foolsgold,success,"[4, 3, 89, 43, 32, 65, 24, 70, 75, 71]","[4, 3, 43, 32, 65, 70]","[89, 24, 75, 71]",10,6,"[""foolsgold""]",../main/re_result_6-29_APRA/cifar10_500_Jun.30_11.27.43_foolsgold_fix_True_no-mia_no-mia-class_no-noise_modelreplace_2/agg_records/pkl/round_0488_foolsgold.pkl
489,foolsgold,success,"[0, 23, 91, 20, 84, 29, 85, 79, 50, 43]","[0, 91, 20, 84, 29, 85, 50, 43]","[23, 79]",10,8,"[""foolsgold""]",../main/re_result_6-29_APRA/cifar10_500_Jun.30_11.27.43_foolsgold_fix_True_no-mia_no-mia-class_no-noise_modelreplace_2/agg_records/pkl/round_0489_foolsgold.pkl
490,foolsgold,success,"[3, 89, 96, 47, 25, 98, 83, 63, 50, 35]","[3, 89, 96, 47, 25, 98, 83, 63, 50, 35]",[],10,10,"[""foolsgold""]",../main/re_result_6-29_APRA/cifar10_500_Jun.30_11.27.43_foolsgold_fix_True_no-mia_no-mia-class_no-noise_modelreplace_2/agg_records/pkl/round_0490_foolsgold.pkl
491,foolsgold,success,"[2, 43, 15, 21, 81, 42, 50, 20, 22, 1]","[2, 43, 15, 21, 81, 42, 50, 20, 22, 1]",[],10,10,"[""foolsgold""]",../main/re_result_6-29_APRA/cifar10_500_Jun.30_11.27.43_foolsgold_fix_True_no-mia_no-mia-class_no-noise_modelreplace_2/agg_records/pkl/round_0491_foolsgold.pkl
492,foolsgold,success,"[4, 85, 27, 36, 99, 53, 33, 87, 35, 17]","[4, 36, 99, 53, 33, 87, 35, 17]","[85, 27]",10,8,"[""foolsgold""]",../main/re_result_6-29_APRA/cifar10_500_Jun.30_11.27.43_foolsgold_fix_True_no-mia_no-mia-class_no-noise_modelreplace_2/agg_records/pkl/round_0492_foolsgold.pkl
493,foolsgold,success,"[4, 73, 88, 94, 50, 16, 27, 67, 8, 58]","[4, 88, 94, 50, 16, 67, 8, 58]","[73, 27]",10,8,"[""foolsgold""]",../main/re_result_6-29_APRA/cifar10_500_Jun.30_11.27.43_foolsgold_fix_True_no-mia_no-mia-class_no-noise_modelreplace_2/agg_records/pkl/round_0493_foolsgold.pkl
494,foolsgold,success,"[0, 72, 87, 49, 6, 94, 56, 73, 76, 84]","[0, 72, 87, 49, 56, 84]","[6, 94, 73, 76]",10,6,"[""foolsgold""]",../main/re_result_6-29_APRA/cifar10_500_Jun.30_11.27.43_foolsgold_fix_True_no-mia_no-mia-class_no-noise_modelreplace_2/agg_records/pkl/round_0494_foolsgold.pkl
495,foolsgold,success,"[1, 78, 77, 34, 44, 10, 5, 50, 85, 68]",[78],"[1, 77, 34, 44, 10, 5, 50, 85, 68]",10,1,"[""foolsgold""]",../main/re_result_6-29_APRA/cifar10_500_Jun.30_11.27.43_foolsgold_fix_True_no-mia_no-mia-class_no-noise_modelreplace_2/agg_records/pkl/round_0495_foolsgold.pkl
496,foolsgold,success,"[1, 67, 93, 20, 79, 19, 10, 49, 75, 94]","[1, 93, 20, 19, 49]","[67, 79, 10, 75, 94]",10,5,"[""foolsgold""]",../main/re_result_6-29_APRA/cifar10_500_Jun.30_11.27.43_foolsgold_fix_True_no-mia_no-mia-class_no-noise_modelreplace_2/agg_records/pkl/round_0496_foolsgold.pkl
497,foolsgold,success,"[3, 1, 40, 89, 24, 63, 65, 48, 90, 64]","[3, 1, 40, 89, 24, 63, 65, 48, 90, 64]",[],10,10,"[""foolsgold""]",../main/re_result_6-29_APRA/cifar10_500_Jun.30_11.27.43_foolsgold_fix_True_no-mia_no-mia-class_no-noise_modelreplace_2/agg_records/pkl/round_0497_foolsgold.pkl
498,foolsgold,success,"[0, 97, 8, 32, 54, 84, 25, 82, 2, 47]","[54, 84, 25, 47]","[0, 97, 8, 32, 82, 2]",10,4,"[""foolsgold""]",../main/re_result_6-29_APRA/cifar10_500_Jun.30_11.27.43_foolsgold_fix_True_no-mia_no-mia-class_no-noise_modelreplace_2/agg_records/pkl/round_0498_foolsgold.pkl
499,foolsgold,success,"[3, 77, 43, 84, 97, 54, 23, 41, 81, 5]","[3, 84, 23, 5]","[77, 43, 97, 54, 41, 81]",10,4,"[""foolsgold""]",../main/re_result_6-29_APRA/cifar10_500_Jun.30_11.27.43_foolsgold_fix_True_no-mia_no-mia-class_no-noise_modelreplace_2/agg_records/pkl/round_0499_foolsgold.pkl
500,foolsgold,success,"[4, 50, 79, 39, 10, 18, 28, 41, 22, 71]","[4, 50, 79, 39, 18, 28, 41, 22]","[10, 71]",10,8,"[""foolsgold""]",../main/re_result_6-29_APRA/cifar10_500_Jun.30_11.27.43_foolsgold_fix_True_no-mia_no-mia-class_no-noise_modelreplace_2/agg_records/pkl/round_0500_foolsgold.pkl
