epoch,method,stage,selected,rejected,human
1,foolsgold,foolsgold,"[71, 32, 58, 67, 43, 29]","[3, 4, 24, 62]","{""layer_name"": ""linear"", ""weights_by_client"": {""3"": 0.0, ""71"": 1.0, ""32"": 0.39278353723489096, ""58"": 0.5147258766704358, ""4"": 0.0, ""24"": 0.0, ""62"": 0.0, ""67"": 1.0, ""43"": 0.39278353723489096, ""29"": 0.2777584839880899}}"
2,foolsgold,foolsgold,"[73, 72, 37, 93, 74]","[3, 99, 20, 15, 22]","{""layer_name"": ""linear"", ""weights_by_client"": {""3"": 0.0, ""73"": 1.0, ""72"": 0.8892328358078827, ""99"": 0.0, ""20"": 0.0, ""15"": 0.0, ""37"": 0.7532771676530094, ""93"": 1.0, ""74"": 1.0, ""22"": 0.0}}"
3,foolsgold,foolsgold,"[11, 29, 61, 62, 31, 89]","[2, 14, 0, 55]","{""layer_name"": ""linear"", ""weights_by_client"": {""2"": 0.0, ""11"": 1.0, ""29"": 0.6245802810416282, ""61"": 1.0, ""14"": 0.0, ""62"": 0.5934757706179741, ""31"": 1.0, ""0"": 0.0, ""55"": 0.0, ""89"": 0.5934757706179741}}"
4,foolsgold,foolsgold,"[1, 5, 68, 48, 28, 53, 72, 88]","[73, 34]","{""layer_name"": ""linear"", ""weights_by_client"": {""1"": 1.0, ""73"": 0.0, ""5"": 1.0, ""68"": 0.6523449410226263, ""48"": 0.6032045670953814, ""28"": 0.1376637074200368, ""53"": 1.0, ""72"": 0.1376637074200368, ""34"": 0.0, ""88"": 1.0}}"
5,foolsgold,foolsgold,"[4, 55, 67, 16, 21, 26, 69]","[27, 98, 57]","{""layer_name"": ""linear"", ""weights_by_client"": {""4"": 0.5748388953645365, ""27"": 0.0, ""55"": 0.5777000961869551, ""98"": 0.0, ""67"": 1.0, ""16"": 0.5748388953645365, ""57"": 0.0, ""21"": 1.0, ""26"": 1.0, ""69"": 1.0}}"
6,foolsgold,foolsgold,"[55, 53, 6, 52, 61, 48]","[3, 44, 86, 62]","{""layer_name"": ""linear"", ""weights_by_client"": {""3"": 0.0, ""55"": 1.0, ""44"": 0.0, ""86"": 0.0, ""53"": 0.18336832283365445, ""6"": 0.18336832283365445, ""52"": 0.7899696066948418, ""61"": 1.0, ""62"": 0.0, ""48"": 1.0}}"
7,foolsgold,foolsgold,"[2, 46, 58, 32, 95, 97, 38]","[73, 42, 13]","{""layer_name"": ""linear"", ""weights_by_client"": {""2"": 1.0, ""73"": 0.0, ""46"": 0.8119571517920323, ""58"": 1.0, ""32"": 1.0, ""95"": 1.0, ""97"": 1.0, ""42"": 0.0, ""38"": 0.8119571517920323, ""13"": 0.0}}"
8,foolsgold,foolsgold,"[0, 17]","[41, 96, 97, 82, 86, 57, 62, 85]","{""layer_name"": ""linear"", ""weights_by_client"": {""0"": 1.0, ""41"": 0.0, ""96"": 0.0, ""97"": 0.0, ""82"": 0.0, ""86"": 0.0, ""57"": 0.0, ""62"": 0.0, ""85"": 0.0, ""17"": 0.7385377715238708}}"
9,foolsgold,foolsgold,"[23, 43, 96, 69, 84]","[2, 1, 38, 6, 89]","{""layer_name"": ""linear"", ""weights_by_client"": {""2"": 0.0, ""1"": 0.0, ""38"": 0.0, ""6"": 0.0, ""23"": 0.6312070297445207, ""43"": 1.0, ""89"": 0.0, ""96"": 1.0, ""69"": 1.0, ""84"": 1.0}}"
10,foolsgold,foolsgold,"[81, 70]","[4, 95, 65, 71, 9, 3, 41, 42]","{""layer_name"": ""linear"", ""weights_by_client"": {""4"": 0.0, ""95"": 0.0, ""65"": 0.0, ""71"": 0.0, ""9"": 0.0, ""3"": 0.0, ""81"": 1.0, ""70"": 1.0, ""41"": 0.0, ""42"": 0.0}}"
11,foolsgold,foolsgold,"[58, 20, 28, 63, 65, 38, 97, 47]","[4, 44]","{""layer_name"": ""linear"", ""weights_by_client"": {""4"": 0.0, ""58"": 1.0, ""20"": 0.4753171557067307, ""28"": 0.8172191947582927, ""44"": 0.0, ""63"": 0.03796894626811054, ""65"": 0.3087313010172431, ""38"": 0.03796894626811054, ""97"": 1.0, ""47"": 0.8172191947582927}}"
12,foolsgold,foolsgold,"[81, 20, 6, 68, 37, 15, 11, 48]","[3, 2]","{""layer_name"": ""linear"", ""weights_by_client"": {""3"": 0.0, ""81"": 1.0, ""20"": 0.7402950333978608, ""6"": 0.6099403129879256, ""68"": 0.6099403129879256, ""2"": 0.0, ""37"": 1.0, ""15"": 0.4854578844309323, ""11"": 1.0, ""48"": 1.0}}"
13,foolsgold,foolsgold,"[0, 60, 95, 39, 32, 15]","[98, 75, 52, 49]","{""layer_name"": ""linear"", ""weights_by_client"": {""0"": 0.33534384079326873, ""60"": 0.7414653065687508, ""95"": 1.0, ""98"": 0.0, ""39"": 1.0, ""75"": 0.0, ""32"": 0.7414653065687508, ""15"": 0.33534384079326873, ""52"": 0.0, ""49"": 0.0}}"
14,foolsgold,foolsgold,"[67, 86, 16, 55, 88, 15]","[0, 99, 12, 44]","{""layer_name"": ""linear"", ""weights_by_client"": {""0"": 0.0, ""67"": 1.0, ""86"": 0.5462390545450901, ""16"": 0.9423485267780576, ""55"": 0.5462390545450901, ""99"": 0.0, ""88"": 1.0, ""15"": 1.0, ""12"": 0.0, ""44"": 0.0}}"
15,foolsgold,foolsgold,"[81, 49, 56, 12, 83, 37, 91]","[2, 30, 3]","{""layer_name"": ""linear"", ""weights_by_client"": {""2"": 0.0, ""81"": 0.1620022762691255, ""49"": 0.1620022762691255, ""56"": 1.0, ""12"": 0.05614922655012067, ""30"": 0.0, ""83"": 0.5451281626598387, ""37"": 0.5451281626598387, ""3"": 0.0, ""91"": 0.05614922655012067}}"
16,foolsgold,foolsgold,"[2, 84, 40, 43, 39]","[57, 85, 46, 6, 71]","{""layer_name"": ""linear"", ""weights_by_client"": {""2"": 1.0, ""57"": 0.0, ""85"": 0.0, ""84"": 1.0, ""46"": 0.0, ""6"": 0.0, ""40"": 0.7940046113033417, ""43"": 0.7940046113033417, ""71"": 0.0, ""39"": 1.0}}"
17,foolsgold,foolsgold,"[83, 18, 17, 81, 62, 52]","[0, 71, 76, 3]","{""layer_name"": ""linear"", ""weights_by_client"": {""0"": 0.0, ""83"": 1.0, ""71"": 0.0, ""76"": 0.0, ""18"": 1.0, ""17"": 1.0, ""81"": 0.5569706337951168, ""62"": 0.5569706337951168, ""3"": 0.0, ""52"": 1.0}}"
18,foolsgold,foolsgold,"[4, 80, 5, 84, 50, 40, 78, 43]","[88, 31]","{""layer_name"": ""linear"", ""weights_by_client"": {""4"": 1.0, ""80"": 0.7344267692145403, ""88"": 0.0, ""5"": 0.7344267692145403, ""84"": 1.0, ""50"": 0.3395917335736665, ""40"": 0.8829329807583319, ""78"": 1.0, ""31"": 0.0, ""43"": 0.8829329807583319}}"
19,foolsgold,foolsgold,"[84, 45, 95, 90, 87, 51]","[3, 65, 6, 29]","{""layer_name"": ""linear"", ""weights_by_client"": {""3"": 0.0, ""84"": 1.0, ""45"": 0.23006933186953415, ""95"": 1.0, ""90"": 1.0, ""65"": 0.0, ""6"": 0.0, ""87"": 0.23006933186953415, ""29"": 0.0, ""51"": 1.0}}"
20,foolsgold,foolsgold,"[1, 72, 28, 52, 38, 63, 18, 22, 39, 47]",[],"{""layer_name"": ""linear"", ""weights_by_client"": {""1"": 1.0, ""72"": 1.0, ""28"": 1.0, ""52"": 0.976984469247248, ""38"": 0.9508133611214122, ""63"": 0.7031999118242048, ""18"": 0.7031999118242048, ""22"": 1.0, ""39"": 1.0, ""47"": 1.0}}"
21,foolsgold,foolsgold,"[2, 99, 96, 5, 68, 29]","[66, 13, 63, 94]","{""layer_name"": ""linear"", ""weights_by_client"": {""2"": 0.5696521445403508, ""99"": 1.0, ""66"": 0.0, ""96"": 1.0, ""13"": 0.0, ""63"": 0.0, ""5"": 1.0, ""68"": 1.0, ""94"": 0.0, ""29"": 0.5696521445403508}}"
22,foolsgold,foolsgold,"[1, 45, 9, 99, 83]","[98, 38, 86, 24, 34]","{""layer_name"": ""linear"", ""weights_by_client"": {""1"": 1.0, ""45"": 1.0, ""9"": 0.9164530055598252, ""98"": 0.0, ""99"": 1.0, ""38"": 0.0, ""83"": 0.4779685788679979, ""86"": 0.0, ""24"": 0.0, ""34"": 0.0}}"
23,foolsgold,foolsgold,"[2, 83, 82, 79, 81, 91, 53, 52, 90, 32]",[],"{""layer_name"": ""linear"", ""weights_by_client"": {""2"": 1.0, ""83"": 0.7059411279525614, ""82"": 0.7667855448537062, ""79"": 0.24640145251236628, ""81"": 0.2423976354578436, ""91"": 0.24640145251236628, ""53"": 1.0, ""52"": 0.33554886323784083, ""90"": 0.2423976354578436, ""32"": 1.0}}"
24,foolsgold,foolsgold,"[4, 5, 99, 34, 28, 76, 91]","[6, 94, 46]","{""layer_name"": ""linear"", ""weights_by_client"": {""4"": 1.0, ""5"": 1.0, ""99"": 0.2738095610965612, ""6"": 0.0, ""94"": 0.0, ""34"": 0.06238525685181279, ""46"": 0.0, ""28"": 1.0, ""76"": 0.06238525685181279, ""91"": 0.2738095610965612}}"
25,foolsgold,foolsgold,"[35, 90, 93, 70, 95, 54]","[4, 2, 71, 98]","{""layer_name"": ""linear"", ""weights_by_client"": {""4"": 0.0, ""2"": 0.0, ""35"": 0.5253476056526462, ""90"": 1.0, ""93"": 1.0, ""71"": 0.0, ""98"": 0.0, ""70"": 0.5253476056526462, ""95"": 0.11559253308131195, ""54"": 0.11559253308131195}}"
26,foolsgold,foolsgold,"[22, 41, 39, 88, 74, 49]","[3, 81, 14, 1]","{""layer_name"": ""linear"", ""weights_by_client"": {""3"": 0.0, ""81"": 0.0, ""22"": 0.6443966772517475, ""41"": 0.4121787177564471, ""14"": 0.0, ""39"": 0.4121787177564471, ""1"": 0.0, ""88"": 1.0, ""74"": 1.0, ""49"": 0.10395445410749071}}"
27,foolsgold,foolsgold,"[0, 95, 7, 65, 58]","[57, 73, 75, 27, 10]","{""layer_name"": ""linear"", ""weights_by_client"": {""0"": 1.0, ""95"": 1.0, ""57"": 0.0, ""7"": 1.0, ""73"": 0.0, ""75"": 0.0, ""65"": 1.0, ""58"": 1.0, ""27"": 0.0, ""10"": 0.0}}"
28,foolsgold,foolsgold,"[15, 69, 72]","[3, 1, 76, 65, 51, 53, 14]","{""layer_name"": ""linear"", ""weights_by_client"": {""3"": 0.0, ""1"": 0.0, ""76"": 0.0, ""65"": 0.0, ""15"": 1.0, ""51"": 0.0, ""53"": 0.0, ""69"": 1.0, ""72"": 1.0, ""14"": 0.0}}"
29,foolsgold,foolsgold,"[30, 78]","[1, 3, 81, 70, 38, 49, 14, 87]","{""layer_name"": ""linear"", ""weights_by_client"": {""1"": 0.0, ""3"": 0.0, ""30"": 1.0, ""81"": 0.0, ""70"": 0.0, ""38"": 0.0, ""49"": 0.0, ""78"": 1.0, ""14"": 0.0, ""87"": 0.0}}"
30,foolsgold,foolsgold,"[1, 47, 7, 49, 33, 34, 53]","[71, 13, 42]","{""layer_name"": ""linear"", ""weights_by_client"": {""1"": 1.0, ""71"": 0.0, ""13"": 0.0, ""47"": 0.8704797508943599, ""7"": 0.5267146755700323, ""49"": 1.0, ""33"": 0.5267146755700323, ""42"": 0.0, ""34"": 0.07676190084706891, ""53"": 1.0}}"
31,foolsgold,foolsgold,"[3, 20, 48, 30, 15, 45, 29, 54]","[57, 14]","{""layer_name"": ""linear"", ""weights_by_client"": {""3"": 0.3365040388153402, ""20"": 0.18858129092207804, ""48"": 1.0, ""57"": 0.0, ""30"": 0.3358135399642431, ""15"": 0.3358135399642431, ""45"": 1.0, ""29"": 0.18858129092207804, ""54"": 1.0, ""14"": 0.0}}"
32,foolsgold,foolsgold,"[1, 52, 65]","[57, 76, 58, 51, 23, 99, 21]","{""layer_name"": ""linear"", ""weights_by_client"": {""1"": 1.0, ""57"": 0.0, ""52"": 1.0, ""76"": 0.0, ""65"": 0.6852779795293016, ""58"": 0.0, ""51"": 0.0, ""23"": 0.0, ""99"": 0.0, ""21"": 0.0}}"
33,foolsgold,foolsgold,"[96, 82, 75, 40, 47]","[4, 46, 64, 63, 36]","{""layer_name"": ""linear"", ""weights_by_client"": {""4"": 0.0, ""46"": 0.0, ""64"": 0.0, ""96"": 1.0, ""82"": 1.0, ""75"": 0.5115536755201487, ""40"": 1.0, ""63"": 0.0, ""36"": 0.0, ""47"": 0.5115536755201487}}"
34,foolsgold,foolsgold,"[0, 8, 81, 73, 83, 65, 79, 16]","[72, 58]","{""layer_name"": ""linear"", ""weights_by_client"": {""0"": 1.0, ""72"": 0.0, ""8"": 1.0, ""81"": 0.34047059828202664, ""73"": 1.0, ""83"": 0.34047059828202664, ""65"": 0.30988663117614745, ""79"": 0.30988663117614745, ""58"": 0.0, ""16"": 1.0}}"
35,foolsgold,foolsgold,"[30, 84, 29, 12, 64, 13]","[3, 98, 44, 55]","{""layer_name"": ""linear"", ""weights_by_client"": {""3"": 0.0, ""30"": 1.0, ""84"": 1.0, ""29"": 1.0, ""12"": 1.0, ""98"": 0.0, ""44"": 0.0, ""64"": 1.0, ""13"": 0.20602308194233726, ""55"": 0.0}}"
36,foolsgold,foolsgold,"[23, 49, 33, 58]","[0, 36, 11, 34, 99, 12]","{""layer_name"": ""linear"", ""weights_by_client"": {""0"": 0.0, ""36"": 0.0, ""23"": 0.7620124039831653, ""49"": 1.0, ""11"": 0.0, ""34"": 0.0, ""99"": 0.0, ""33"": 1.0, ""58"": 0.430779283294674, ""12"": 0.0}}"
37,foolsgold,foolsgold,"[3, 43, 5, 37]","[34, 99, 14, 48, 24, 56]","{""layer_name"": ""linear"", ""weights_by_client"": {""3"": 1.0, ""43"": 1.0, ""5"": 0.6007005525632066, ""34"": 0.0, ""99"": 0.0, ""14"": 0.0, ""48"": 0.0, ""24"": 0.0, ""56"": 0.0, ""37"": 1.0}}"
38,foolsgold,foolsgold,"[2, 88, 85, 19, 37]","[65, 95, 82, 77, 54]","{""layer_name"": ""linear"", ""weights_by_client"": {""2"": 1.0, ""88"": 1.0, ""85"": 1.0, ""65"": 0.0, ""95"": 0.0, ""82"": 0.0, ""19"": 0.677910794164569, ""77"": 0.0, ""54"": 0.0, ""37"": 0.421946151500988}}"
39,foolsgold,foolsgold,"[2, 33, 85, 15, 29, 94]","[12, 87, 74, 60]","{""layer_name"": ""linear"", ""weights_by_client"": {""2"": 1.0, ""33"": 0.6941576623248987, ""12"": 0.0, ""85"": 1.0, ""87"": 0.0, ""74"": 0.0, ""15"": 1.0, ""29"": 1.0, ""94"": 1.0, ""60"": 0.0}}"
40,foolsgold,foolsgold,"[33, 55, 78]","[4, 6, 77, 65, 63, 18, 2]","{""layer_name"": ""linear"", ""weights_by_client"": {""4"": 0.0, ""6"": 0.0, ""33"": 1.0, ""77"": 0.0, ""65"": 0.0, ""63"": 0.0, ""55"": 1.0, ""18"": 0.0, ""2"": 0.0, ""78"": 0.09499796958551082}}"
41,foolsgold,foolsgold,"[1, 25, 32, 77, 95, 22]","[71, 57, 51, 42]","{""layer_name"": ""linear"", ""weights_by_client"": {""1"": 1.0, ""71"": 0.0, ""25"": 0.49424827702374374, ""57"": 0.0, ""32"": 1.0, ""77"": 0.49424827702374374, ""51"": 0.0, ""42"": 0.0, ""95"": 1.0, ""22"": 0.4891637244360007}}"
42,foolsgold,foolsgold,"[86, 54, 91, 85]","[2, 23, 61, 0, 63, 37]","{""layer_name"": ""linear"", ""weights_by_client"": {""2"": 0.0, ""23"": 0.0, ""61"": 0.0, ""86"": 1.0, ""54"": 1.0, ""0"": 0.0, ""91"": 1.0, ""63"": 0.0, ""37"": 0.0, ""85"": 1.0}}"
43,foolsgold,foolsgold,"[35, 22, 89, 16]","[0, 40, 56, 34, 98, 1]","{""layer_name"": ""linear"", ""weights_by_client"": {""0"": 0.0, ""40"": 0.0, ""56"": 0.0, ""34"": 0.0, ""98"": 0.0, ""35"": 0.6947542197513663, ""1"": 0.0, ""22"": 0.23058832938220375, ""89"": 1.0, ""16"": 0.7129582902583119}}"
44,foolsgold,foolsgold,"[46, 25, 37, 20, 42, 50, 12, 72]","[1, 44]","{""layer_name"": ""linear"", ""weights_by_client"": {""1"": 0.0, ""46"": 0.13760084111001564, ""25"": 0.9250738651650174, ""37"": 0.13760084111001564, ""20"": 1.0, ""42"": 1.0, ""44"": 0.0, ""50"": 0.6366231215146886, ""12"": 0.014629807123875349, ""72"": 0.014629807123875349}}"
45,foolsgold,foolsgold,"[1, 19, 56, 93, 20, 12, 27, 69, 33, 16]",[],"{""layer_name"": ""linear"", ""weights_by_client"": {""1"": 1.0, ""19"": 0.6762277572169906, ""56"": 1.0, ""93"": 0.8802232486662421, ""20"": 1.0, ""12"": 0.8802232486662421, ""27"": 1.0, ""69"": 0.6762277572169906, ""33"": 0.8210165316771902, ""16"": 0.8210165316771902}}"
46,foolsgold,foolsgold,"[10, 46, 35, 17]","[2, 45, 1, 74, 86, 81]","{""layer_name"": ""linear"", ""weights_by_client"": {""2"": 0.0, ""45"": 0.0, ""10"": 1.0, ""1"": 0.0, ""74"": 0.0, ""86"": 0.0, ""46"": 1.0, ""35"": 0.3587991878651192, ""17"": 0.4618941987224806, ""81"": 0.0}}"
47,foolsgold,foolsgold,"[19, 62, 52, 70, 65]","[2, 99, 44, 0, 48]","{""layer_name"": ""linear"", ""weights_by_client"": {""2"": 0.0, ""99"": 0.0, ""19"": 0.13970712469420782, ""62"": 0.3934458023337696, ""44"": 0.0, ""0"": 0.0, ""48"": 0.0, ""52"": 0.3934458023337696, ""70"": 0.13970712469420782, ""65"": 1.0}}"
48,foolsgold,foolsgold,"[83, 68, 23, 90, 21]","[0, 66, 36, 2, 57]","{""layer_name"": ""linear"", ""weights_by_client"": {""0"": 0.0, ""66"": 0.0, ""36"": 0.0, ""83"": 1.0, ""68"": 0.4772125269249982, ""23"": 0.4772125269249982, ""90"": 1.0, ""2"": 0.0, ""57"": 0.0, ""21"": 1.0}}"
49,foolsgold,foolsgold,"[3, 20, 25, 40, 5, 89]","[10, 51, 27, 85]","{""layer_name"": ""linear"", ""weights_by_client"": {""3"": 1.0, ""10"": 0.0, ""20"": 0.7201769580314681, ""51"": 0.0, ""25"": 0.3125897252613058, ""27"": 0.0, ""40"": 0.7201769580314681, ""5"": 1.0, ""89"": 0.3125897252613058, ""85"": 0.0}}"
50,foolsgold,foolsgold,"[1, 80, 28, 68]","[85, 63, 14, 94, 32, 20]","{""layer_name"": ""linear"", ""weights_by_client"": {""1"": 1.0, ""85"": 0.0, ""80"": 1.0, ""28"": 1.0, ""63"": 0.0, ""68"": 0.9992336754087492, ""14"": 0.0, ""94"": 0.0, ""32"": 0.0, ""20"": 0.0}}"
51,foolsgold,foolsgold,"[3, 58, 53, 17, 93, 55]","[61, 21, 32, 20]","{""layer_name"": ""linear"", ""weights_by_client"": {""3"": 1.0, ""61"": 0.0, ""21"": 0.0, ""58"": 0.14620849946555126, ""32"": 0.0, ""20"": 0.0, ""53"": 1.0, ""17"": 0.07126657930450031, ""93"": 1.0, ""55"": 0.07126657930450031}}"
52,foolsgold,foolsgold,"[3, 56, 43, 65, 16, 82]","[38, 79, 66, 75]","{""layer_name"": ""linear"", ""weights_by_client"": {""3"": 1.0, ""38"": 0.0, ""56"": 0.8413483820068413, ""79"": 0.0, ""43"": 0.7637236181790219, ""65"": 0.6611132254753984, ""66"": 0.0, ""16"": 1.0, ""75"": 0.0, ""82"": 1.0}}"
53,foolsgold,foolsgold,"[2, 50, 69, 38]","[98, 58, 82, 91, 59, 97]","{""layer_name"": ""linear"", ""weights_by_client"": {""2"": 1.0, ""98"": 0.0, ""50"": 1.0, ""69"": 1.0, ""58"": 0.0, ""82"": 0.0, ""91"": 0.0, ""59"": 0.0, ""97"": 0.0, ""38"": 0.14143593199229698}}"
54,foolsgold,foolsgold,"[4, 20, 74, 78, 25, 10]","[88, 38, 35, 79]","{""layer_name"": ""linear"", ""weights_by_client"": {""4"": 1.0, ""88"": 0.0, ""20"": 1.0, ""74"": 1.0, ""38"": 0.0, ""35"": 0.0, ""78"": 1.0, ""79"": 0.0, ""25"": 1.0, ""10"": 1.0}}"
55,foolsgold,foolsgold,"[1, 54, 45, 52]","[63, 82, 64, 21, 94, 97]","{""layer_name"": ""linear"", ""weights_by_client"": {""1"": 1.0, ""54"": 1.0, ""63"": 0.0, ""45"": 0.13552889950384628, ""82"": 0.0, ""64"": 0.0, ""21"": 0.0, ""94"": 0.0, ""97"": 0.0, ""52"": 1.0}}"
56,foolsgold,foolsgold,"[65, 34, 91, 78, 88, 30]","[3, 0, 43, 52]","{""layer_name"": ""linear"", ""weights_by_client"": {""3"": 0.0, ""65"": 1.0, ""34"": 1.0, ""91"": 0.8641451575226085, ""78"": 0.8641451575226085, ""0"": 0.0, ""88"": 1.0, ""43"": 0.0, ""30"": 1.0, ""52"": 0.0}}"
57,foolsgold,foolsgold,"[3, 83, 65, 24, 5, 25]","[57, 27, 98, 10]","{""layer_name"": ""linear"", ""weights_by_client"": {""3"": 1.0, ""57"": 0.0, ""83"": 0.2673014404478743, ""65"": 1.0, ""27"": 0.0, ""98"": 0.0, ""24"": 0.08686413190929088, ""5"": 0.4642162409587085, ""25"": 0.5607699860788554, ""10"": 0.0}}"
58,foolsgold,foolsgold,"[16, 92, 62, 58, 77]","[3, 27, 14, 1, 44]","{""layer_name"": ""linear"", ""weights_by_client"": {""3"": 0.0, ""16"": 1.0, ""92"": 1.0, ""27"": 0.0, ""14"": 0.0, ""62"": 1.0, ""58"": 1.0, ""77"": 1.0, ""1"": 0.0, ""44"": 0.0}}"
59,foolsgold,foolsgold,"[1, 39, 6, 88, 69, 29, 25, 26]","[27, 71]","{""layer_name"": ""linear"", ""weights_by_client"": {""1"": 1.0, ""39"": 0.2595676090049671, ""6"": 1.0, ""27"": 0.0, ""71"": 0.0, ""88"": 1.0, ""69"": 1.0, ""29"": 1.0, ""25"": 1.0, ""26"": 1.0}}"
60,foolsgold,foolsgold,"[84, 41, 86, 94]","[0, 13, 66, 3, 14, 51]","{""layer_name"": ""linear"", ""weights_by_client"": {""0"": 0.0, ""84"": 0.8763980403700183, ""41"": 1.0, ""86"": 0.6703129664081549, ""94"": 1.0, ""13"": 0.0, ""66"": 0.0, ""3"": 0.0, ""14"": 0.0, ""51"": 0.0}}"
61,foolsgold,foolsgold,"[55, 69]","[3, 36, 70, 1, 21, 32, 18, 8]","{""layer_name"": ""linear"", ""weights_by_client"": {""3"": 0.0, ""36"": 0.0, ""70"": 0.0, ""1"": 0.0, ""21"": 0.0, ""32"": 0.0, ""55"": 1.0, ""18"": 0.0, ""69"": 1.0, ""8"": 0.0}}"
62,foolsgold,foolsgold,"[0, 29, 65, 95, 47]","[77, 68, 89, 79, 83]","{""layer_name"": ""linear"", ""weights_by_client"": {""0"": 1.0, ""77"": 0.0, ""29"": 1.0, ""65"": 0.45606363287847634, ""68"": 0.0, ""89"": 0.0, ""95"": 1.0, ""79"": 0.0, ""83"": 0.0, ""47"": 1.0}}"
63,foolsgold,foolsgold,"[15, 46, 31, 70]","[1, 10, 36, 86, 73, 62]","{""layer_name"": ""linear"", ""weights_by_client"": {""1"": 0.0, ""10"": 0.0, ""15"": 1.0, ""46"": 1.0, ""36"": 0.0, ""86"": 0.0, ""31"": 1.0, ""73"": 0.0, ""62"": 0.0, ""70"": 1.0}}"
64,foolsgold,foolsgold,"[47, 63, 32, 12, 41]","[0, 34, 75, 11, 3]","{""layer_name"": ""linear"", ""weights_by_client"": {""0"": 0.0, ""47"": 1.0, ""63"": 0.5948714609085035, ""32"": 0.961902272046355, ""34"": 0.0, ""12"": 0.5948714609085035, ""41"": 1.0, ""75"": 0.0, ""11"": 0.0, ""3"": 0.0}}"
65,foolsgold,foolsgold,"[55, 65, 54, 24, 31, 92, 49, 46]","[3, 1]","{""layer_name"": ""linear"", ""weights_by_client"": {""3"": 0.0, ""55"": 1.0, ""1"": 0.0, ""65"": 1.0, ""54"": 1.0, ""24"": 0.4377912694959162, ""31"": 1.0, ""92"": 1.0, ""49"": 0.4377912694959162, ""46"": 1.0}}"
66,foolsgold,foolsgold,"[0, 38, 51, 5, 19, 53, 84, 40]","[23, 64]","{""layer_name"": ""linear"", ""weights_by_client"": {""0"": 1.0, ""38"": 0.29964621631723687, ""51"": 1.0, ""5"": 0.26936755617229996, ""19"": 0.26936755617229996, ""53"": 1.0, ""84"": 1.0, ""23"": 0.0, ""40"": 1.0, ""64"": 0.0}}"
67,foolsgold,foolsgold,"[82, 78, 19, 71]","[4, 17, 44, 14, 90, 55]","{""layer_name"": ""linear"", ""weights_by_client"": {""4"": 0.0, ""82"": 1.0, ""78"": 1.0, ""17"": 0.0, ""19"": 1.0, ""44"": 0.0, ""14"": 0.0, ""71"": 0.7230677075514576, ""90"": 0.0, ""55"": 0.0}}"
68,foolsgold,foolsgold,"[6, 54, 9]","[0, 32, 44, 17, 8, 68, 38]","{""layer_name"": ""linear"", ""weights_by_client"": {""0"": 0.0, ""32"": 0.0, ""44"": 0.0, ""6"": 1.0, ""54"": 1.0, ""17"": 0.0, ""9"": 1.0, ""8"": 0.0, ""68"": 0.0, ""38"": 0.0}}"
69,foolsgold,foolsgold,"[62, 84]","[0, 10, 42, 79, 75, 64, 3, 51]","{""layer_name"": ""linear"", ""weights_by_client"": {""0"": 0.0, ""10"": 0.0, ""42"": 0.0, ""62"": 1.0, ""79"": 0.0, ""75"": 0.0, ""64"": 0.0, ""84"": 1.0, ""3"": 0.0, ""51"": 0.0}}"
70,foolsgold,foolsgold,"[1, 9, 5, 73]","[91, 79, 68, 62, 83, 46]","{""layer_name"": ""linear"", ""weights_by_client"": {""1"": 1.0, ""91"": 0.0, ""79"": 0.0, ""68"": 0.0, ""9"": 0.007566665262967731, ""5"": 0.23299845513518103, ""73"": 1.0, ""62"": 0.0, ""83"": 0.0, ""46"": 0.0}}"
71,foolsgold,foolsgold,"[1, 54, 48, 7]","[55, 68, 51, 69, 28, 71]","{""layer_name"": ""linear"", ""weights_by_client"": {""1"": 1.0, ""55"": 0.0, ""68"": 0.0, ""51"": 0.0, ""54"": 1.0, ""48"": 1.0, ""7"": 1.0, ""69"": 0.0, ""28"": 0.0, ""71"": 0.0}}"
72,foolsgold,foolsgold,"[0, 51, 72, 15]","[98, 87, 21, 38, 6, 57]","{""layer_name"": ""linear"", ""weights_by_client"": {""0"": 1.0, ""98"": 0.0, ""51"": 0.6206399377041352, ""72"": 0.7496695108430129, ""87"": 0.0, ""21"": 0.0, ""15"": 1.0, ""38"": 0.0, ""6"": 0.0, ""57"": 0.0}}"
73,foolsgold,foolsgold,"[7, 68, 88, 11]","[1, 61, 26, 59, 36, 97]","{""layer_name"": ""linear"", ""weights_by_client"": {""1"": 0.0, ""61"": 0.0, ""26"": 0.0, ""7"": 0.8928348472801276, ""68"": 0.7399920124299106, ""88"": 1.0, ""59"": 0.0, ""11"": 0.8173005854723888, ""36"": 0.0, ""97"": 0.0}}"
74,foolsgold,foolsgold,"[75, 25, 80, 78, 20, 7]","[1, 3, 2, 4]","{""layer_name"": ""linear"", ""weights_by_client"": {""1"": 0.0, ""75"": 1.0, ""3"": 0.0, ""25"": 1.0, ""80"": 1.0, ""2"": 0.0, ""78"": 0.6951369797737514, ""20"": 1.0, ""4"": 0.0, ""7"": 0.6951369797737514}}"
75,foolsgold,foolsgold,"[95, 51, 84]","[2, 86, 23, 6, 62, 0, 81]","{""layer_name"": ""linear"", ""weights_by_client"": {""2"": 0.0, ""95"": 1.0, ""86"": 0.0, ""51"": 1.0, ""23"": 0.0, ""6"": 0.0, ""62"": 0.0, ""0"": 0.0, ""81"": 0.0, ""84"": 1.0}}"
76,foolsgold,foolsgold,"[2, 84, 58, 92]","[64, 37, 66, 42, 80, 67]","{""layer_name"": ""linear"", ""weights_by_client"": {""2"": 1.0, ""64"": 0.0, ""37"": 0.0, ""66"": 0.0, ""42"": 0.0, ""84"": 0.2955198457874637, ""58"": 0.5208807931133835, ""80"": 0.0, ""67"": 0.0, ""92"": 1.0}}"
77,foolsgold,foolsgold,"[4, 30, 69, 16, 43]","[68, 79, 22, 9, 60]","{""layer_name"": ""linear"", ""weights_by_client"": {""4"": 0.5102989857939578, ""68"": 0.0, ""79"": 0.0, ""22"": 0.0, ""9"": 0.0, ""30"": 0.5102989857939578, ""60"": 0.0, ""69"": 1.0, ""16"": 1.0, ""43"": 0.9147157931778127}}"
78,foolsgold,foolsgold,"[1, 20, 27, 59, 86]","[77, 23, 18, 74, 87]","{""layer_name"": ""linear"", ""weights_by_client"": {""1"": 1.0, ""20"": 1.0, ""77"": 0.0, ""27"": 1.0, ""23"": 0.0, ""18"": 0.0, ""74"": 0.0, ""59"": 1.0, ""86"": 1.0, ""87"": 0.0}}"
79,foolsgold,foolsgold,"[1, 99, 33, 15]","[42, 5, 38, 76, 86, 87]","{""layer_name"": ""linear"", ""weights_by_client"": {""1"": 1.0, ""99"": 0.8911202735597609, ""42"": 0.0, ""33"": 0.3847323708732715, ""5"": 0.0, ""15"": 1.0, ""38"": 0.0, ""76"": 0.0, ""86"": 0.0, ""87"": 0.0}}"
80,foolsgold,foolsgold,"[1, 71, 63, 11]","[88, 38, 99, 48, 31, 83]","{""layer_name"": ""linear"", ""weights_by_client"": {""1"": 1.0, ""71"": 0.179706492385156, ""88"": 0.0, ""38"": 0.0, ""63"": 0.18912941473980993, ""99"": 0.0, ""48"": 0.0, ""31"": 0.0, ""83"": 0.0, ""11"": 0.179706492385156}}"
81,foolsgold,foolsgold,"[4, 69, 40, 59, 7]","[52, 47, 77, 35, 70]","{""layer_name"": ""linear"", ""weights_by_client"": {""4"": 1.0, ""69"": 0.5453757393810609, ""52"": 0.0, ""40"": 1.0, ""47"": 0.0, ""77"": 0.0, ""35"": 0.0, ""59"": 0.7975489350620601, ""70"": 0.0, ""7"": 1.0}}"
82,foolsgold,foolsgold,"[0, 23, 95, 97, 28]","[61, 81, 74, 35, 55]","{""layer_name"": ""linear"", ""weights_by_client"": {""0"": 1.0, ""61"": 0.0, ""81"": 0.0, ""74"": 0.0, ""23"": 0.07224710184051775, ""95"": 1.0, ""35"": 0.0, ""97"": 0.67714388635718, ""55"": 0.0, ""28"": 0.5897165698221346}}"
83,foolsgold,foolsgold,"[3, 53, 77, 67, 31, 62, 82, 84]","[45, 47]","{""layer_name"": ""linear"", ""weights_by_client"": {""3"": 1.0, ""53"": 1.0, ""77"": 0.17052833164354347, ""67"": 0.19933379433819526, ""31"": 0.8601379274215102, ""62"": 0.4307702456903217, ""45"": 0.0, ""47"": 0.0, ""82"": 1.0, ""84"": 0.19933379433819526}}"
84,foolsgold,foolsgold,"[83, 32, 64, 47]","[2, 3, 36, 44, 70, 5]","{""layer_name"": ""linear"", ""weights_by_client"": {""2"": 0.0, ""83"": 0.3265097372618303, ""3"": 0.0, ""36"": 0.0, ""44"": 0.0, ""70"": 0.0, ""32"": 1.0, ""64"": 1.0, ""47"": 1.0, ""5"": 0.0}}"
85,foolsgold,foolsgold,"[0, 60, 5, 75, 7]","[95, 64, 96, 79, 94]","{""layer_name"": ""linear"", ""weights_by_client"": {""0"": 1.0, ""95"": 0.0, ""64"": 0.0, ""96"": 0.0, ""60"": 0.1850858741235678, ""5"": 0.09293663741762392, ""79"": 0.0, ""75"": 1.0, ""7"": 1.0, ""94"": 0.0}}"
86,foolsgold,foolsgold,"[1, 15, 81, 30, 99]","[57, 19, 13, 10, 47]","{""layer_name"": ""linear"", ""weights_by_client"": {""1"": 1.0, ""15"": 1.0, ""57"": 0.0, ""19"": 0.0, ""13"": 0.0, ""81"": 0.48332680501712705, ""10"": 0.0, ""30"": 1.0, ""99"": 1.0, ""47"": 0.0}}"
87,foolsgold,foolsgold,"[91, 65, 37, 25, 31, 15]","[4, 0, 27, 97]","{""layer_name"": ""linear"", ""weights_by_client"": {""4"": 0.0, ""91"": 0.680934907528397, ""65"": 1.0, ""0"": 0.0, ""37"": 0.9866782952987896, ""25"": 1.0, ""27"": 0.0, ""31"": 1.0, ""15"": 0.680934907528397, ""97"": 0.0}}"
88,foolsgold,foolsgold,"[87, 54, 15, 7, 40]","[2, 75, 34, 3, 11]","{""layer_name"": ""linear"", ""weights_by_client"": {""2"": 0.0, ""87"": 1.0, ""54"": 1.0, ""75"": 0.0, ""34"": 0.0, ""3"": 0.0, ""15"": 0.487411575733782, ""7"": 0.7117122568090615, ""11"": 0.0, ""40"": 1.0}}"
89,foolsgold,foolsgold,"[12, 87, 27, 42, 24]","[3, 4, 80, 26, 0]","{""layer_name"": ""linear"", ""weights_by_client"": {""3"": 0.0, ""4"": 0.0, ""12"": 0.442427520055311, ""80"": 0.0, ""87"": 0.442427520055311, ""26"": 0.0, ""27"": 0.7002177105609084, ""42"": 0.7002177105609084, ""24"": 1.0, ""0"": 0.0}}"
90,foolsgold,foolsgold,"[3, 22, 23, 7, 96]","[50, 88, 73, 27, 10]","{""layer_name"": ""linear"", ""weights_by_client"": {""3"": 1.0, ""22"": 0.0529101640760683, ""23"": 0.33864415494088945, ""50"": 0.0, ""7"": 1.0, ""88"": 0.0, ""73"": 0.0, ""27"": 0.0, ""10"": 0.0, ""96"": 0.2884440792911707}}"
91,foolsgold,foolsgold,"[2, 50, 30, 15]","[17, 98, 52, 49, 13, 38]","{""layer_name"": ""linear"", ""weights_by_client"": {""2"": 0.951023577522365, ""17"": 0.0, ""98"": 0.0, ""50"": 1.0, ""52"": 0.0, ""30"": 0.951023577522365, ""15"": 1.0, ""49"": 0.0, ""13"": 0.0, ""38"": 0.0}}"
92,foolsgold,foolsgold,"[20, 25, 9, 61, 11, 89]","[0, 71, 14, 1]","{""layer_name"": ""linear"", ""weights_by_client"": {""0"": 0.0, ""71"": 0.0, ""20"": 1.0, ""25"": 0.01448650826516601, ""14"": 0.0, ""1"": 0.0, ""9"": 1.0, ""61"": 1.0, ""11"": 1.0, ""89"": 0.01448650826516601}}"
93,foolsgold,foolsgold,"[3, 78, 75, 41, 60, 95]","[16, 38, 33, 6]","{""layer_name"": ""linear"", ""weights_by_client"": {""3"": 1.0, ""16"": 0.0, ""78"": 0.1966737871246968, ""75"": 1.0, ""38"": 0.0, ""41"": 0.10686105436648968, ""60"": 0.1966737871246968, ""95"": 0.20045373563673247, ""33"": 0.0, ""6"": 0.0}}"
94,foolsgold,foolsgold,"[15, 78, 86, 82, 74, 47]","[2, 98, 4, 71]","{""layer_name"": ""linear"", ""weights_by_client"": {""2"": 0.0, ""98"": 0.0, ""15"": 1.0, ""78"": 1.0, ""86"": 0.4582571264680181, ""82"": 1.0, ""74"": 0.4243318299768081, ""47"": 0.4243318299768081, ""4"": 0.0, ""71"": 0.0}}"
95,foolsgold,foolsgold,[53],"[0, 77, 91, 2, 1, 97, 43, 99, 57]","{""layer_name"": ""linear"", ""weights_by_client"": {""0"": 0.0, ""77"": 0.0, ""91"": 0.0, ""2"": 0.0, ""1"": 0.0, ""97"": 0.0, ""43"": 0.0, ""53"": 1.0, ""99"": 0.0, ""57"": 0.0}}"
96,foolsgold,foolsgold,"[1, 82, 46, 54, 29, 47]","[21, 77, 48, 12]","{""layer_name"": ""linear"", ""weights_by_client"": {""1"": 1.0, ""82"": 1.0, ""46"": 0.5551230080306012, ""21"": 0.0, ""54"": 1.0, ""29"": 1.0, ""47"": 1.0, ""77"": 0.0, ""48"": 0.0, ""12"": 0.0}}"
97,foolsgold,foolsgold,"[56, 31, 47, 15, 84, 20]","[3, 24, 34, 4]","{""layer_name"": ""linear"", ""weights_by_client"": {""3"": 0.0, ""56"": 1.0, ""31"": 1.0, ""47"": 1.0, ""24"": 0.0, ""34"": 0.0, ""15"": 1.0, ""84"": 1.0, ""4"": 0.0, ""20"": 1.0}}"
98,foolsgold,foolsgold,"[1, 97, 7, 54]","[68, 49, 62, 13, 51, 42]","{""layer_name"": ""linear"", ""weights_by_client"": {""1"": 1.0, ""68"": 0.0, ""97"": 0.9283100678451981, ""49"": 0.0, ""62"": 0.0, ""13"": 0.0, ""7"": 1.0, ""51"": 0.0, ""54"": 1.0, ""42"": 0.0}}"
99,foolsgold,foolsgold,"[22, 38, 75, 25, 47, 58, 57, 37]","[3, 2]","{""layer_name"": ""linear"", ""weights_by_client"": {""3"": 0.0, ""2"": 0.0, ""22"": 0.5181140906082895, ""38"": 0.20090007750176603, ""75"": 0.6806053367886833, ""25"": 1.0, ""47"": 1.0, ""58"": 0.5181140906082895, ""57"": 0.6806053367886833, ""37"": 0.20090007750176603}}"
100,foolsgold,foolsgold,"[86, 75, 48]","[0, 39, 6, 61, 11, 64, 44]","{""layer_name"": ""linear"", ""weights_by_client"": {""0"": 0.0, ""86"": 1.0, ""39"": 0.0, ""75"": 0.03161263024164884, ""6"": 0.0, ""48"": 1.0, ""61"": 0.0, ""11"": 0.0, ""64"": 0.0, ""44"": 0.0}}"
101,foolsgold,foolsgold,"[1, 20, 64, 80, 87, 99]","[17, 92, 88, 89]","{""layer_name"": ""linear"", ""weights_by_client"": {""1"": 1.0, ""20"": 1.0, ""17"": 0.0, ""92"": 0.0, ""64"": 1.0, ""88"": 0.0, ""80"": 1.0, ""89"": 0.0, ""87"": 0.8877877837525021, ""99"": 1.0}}"
102,foolsgold,foolsgold,"[2, 21, 51, 16, 41, 67, 80]","[68, 60, 91]","{""layer_name"": ""linear"", ""weights_by_client"": {""2"": 1.0, ""21"": 0.03590206525334444, ""51"": 1.0, ""16"": 1.0, ""41"": 1.0, ""68"": 0.0, ""60"": 0.0, ""67"": 0.7677014150392771, ""80"": 1.0, ""91"": 0.0}}"
103,foolsgold,foolsgold,"[4, 92, 15, 32]","[77, 52, 94, 71, 13, 62]","{""layer_name"": ""linear"", ""weights_by_client"": {""4"": 1.0, ""77"": 0.0, ""92"": 1.0, ""15"": 1.0, ""52"": 0.0, ""94"": 0.0, ""71"": 0.0, ""32"": 1.0, ""13"": 0.0, ""62"": 0.0}}"
104,foolsgold,foolsgold,"[0, 41, 15, 90]","[12, 9, 34, 21, 93, 38]","{""layer_name"": ""linear"", ""weights_by_client"": {""0"": 1.0, ""41"": 0.7265791081447016, ""15"": 1.0, ""12"": 0.0, ""9"": 0.0, ""34"": 0.0, ""21"": 0.0, ""93"": 0.0, ""38"": 0.0, ""90"": 0.16234672998795785}}"
105,foolsgold,foolsgold,"[4, 40, 47, 28, 87]","[54, 57, 10, 27, 95]","{""layer_name"": ""linear"", ""weights_by_client"": {""4"": 1.0, ""40"": 1.0, ""47"": 0.1799116933050794, ""54"": 0.0, ""57"": 0.0, ""28"": 1.0, ""10"": 0.0, ""87"": 1.0, ""27"": 0.0, ""95"": 0.0}}"
106,foolsgold,foolsgold,"[92, 34, 12, 74, 88, 53, 52, 77]","[3, 0]","{""layer_name"": ""linear"", ""weights_by_client"": {""3"": 0.0, ""92"": 0.03394253550212417, ""34"": 1.0, ""12"": 0.9757573488767919, ""74"": 0.6001144841463161, ""0"": 0.0, ""88"": 0.03394253550212417, ""53"": 1.0, ""52"": 1.0, ""77"": 0.6001144841463161}}"
107,foolsgold,foolsgold,"[40, 41, 70, 95]","[2, 84, 7, 46, 61, 0]","{""layer_name"": ""linear"", ""weights_by_client"": {""2"": 0.0, ""40"": 1.0, ""41"": 0.3064201538156758, ""84"": 0.0, ""7"": 0.0, ""70"": 0.03772355405794697, ""46"": 0.0, ""61"": 0.0, ""95"": 0.08117956755654365, ""0"": 0.0}}"
108,foolsgold,foolsgold,"[84, 64, 52]","[1, 33, 0, 16, 12, 60, 4]","{""layer_name"": ""linear"", ""weights_by_client"": {""1"": 0.0, ""33"": 0.0, ""0"": 0.0, ""16"": 0.0, ""84"": 0.9286792409264493, ""12"": 0.0, ""64"": 1.0, ""52"": 1.0, ""60"": 0.0, ""4"": 0.0}}"
109,foolsgold,foolsgold,"[3, 84, 15, 17, 58, 28]","[14, 27, 5, 87]","{""layer_name"": ""linear"", ""weights_by_client"": {""3"": 1.0, ""14"": 0.0, ""27"": 0.0, ""84"": 0.5465035852061456, ""5"": 0.0, ""15"": 0.12117673056487432, ""87"": 0.0, ""17"": 0.34755195025892927, ""58"": 0.12117673056487432, ""28"": 1.0}}"
110,foolsgold,foolsgold,"[29, 67, 84, 59]","[4, 12, 86, 81, 21, 3]","{""layer_name"": ""linear"", ""weights_by_client"": {""4"": 0.0, ""29"": 1.0, ""12"": 0.0, ""86"": 0.0, ""67"": 0.4151467510853257, ""81"": 0.0, ""84"": 0.4151467510853257, ""59"": 1.0, ""21"": 0.0, ""3"": 0.0}}"
111,foolsgold,foolsgold,"[41, 76, 49]","[1, 61, 46, 55, 34, 2, 4]","{""layer_name"": ""linear"", ""weights_by_client"": {""1"": 0.0, ""41"": 1.0, ""61"": 0.0, ""76"": 0.3280117520463349, ""49"": 1.0, ""46"": 0.0, ""55"": 0.0, ""34"": 0.0, ""2"": 0.0, ""4"": 0.0}}"
112,foolsgold,foolsgold,"[0, 73, 84, 41]","[9, 86, 95, 38, 17, 52]","{""layer_name"": ""linear"", ""weights_by_client"": {""0"": 1.0, ""73"": 1.0, ""9"": 0.0, ""86"": 0.0, ""84"": 1.0, ""95"": 0.0, ""41"": 1.0, ""38"": 0.0, ""17"": 0.0, ""52"": 0.0}}"
113,foolsgold,foolsgold,"[91, 20, 38, 16, 54]","[0, 57, 71, 10, 36]","{""layer_name"": ""linear"", ""weights_by_client"": {""0"": 0.0, ""91"": 0.43427158897434714, ""57"": 0.0, ""71"": 0.0, ""20"": 1.0, ""38"": 1.0, ""10"": 0.0, ""16"": 1.0, ""54"": 1.0, ""36"": 0.0}}"
114,foolsgold,foolsgold,"[1, 39, 9]","[35, 98, 89, 23, 85, 91, 16]","{""layer_name"": ""linear"", ""weights_by_client"": {""1"": 1.0, ""35"": 0.0, ""98"": 0.0, ""89"": 0.0, ""23"": 0.0, ""39"": 0.2891862008249472, ""85"": 0.0, ""91"": 0.0, ""9"": 1.0, ""16"": 0.0}}"
115,foolsgold,foolsgold,"[61, 41, 38, 56, 19]","[2, 85, 51, 36, 97]","{""layer_name"": ""linear"", ""weights_by_client"": {""2"": 0.0, ""61"": 0.23827215669668927, ""41"": 1.0, ""38"": 0.23827215669668927, ""85"": 0.0, ""51"": 0.0, ""56"": 1.0, ""19"": 0.45555263424409415, ""36"": 0.0, ""97"": 0.0}}"
116,foolsgold,foolsgold,"[4, 19, 30, 8, 96]","[17, 83, 55, 38, 10]","{""layer_name"": ""linear"", ""weights_by_client"": {""4"": 0.20408268573716865, ""19"": 1.0, ""17"": 0.0, ""30"": 0.20408268573716865, ""8"": 1.0, ""83"": 0.0, ""55"": 0.0, ""38"": 0.0, ""96"": 1.0, ""10"": 0.0}}"
117,foolsgold,foolsgold,"[0, 8, 29, 67, 45]","[55, 66, 34, 52, 77]","{""layer_name"": ""linear"", ""weights_by_client"": {""0"": 1.0, ""55"": 0.0, ""66"": 0.0, ""34"": 0.0, ""52"": 0.0, ""8"": 1.0, ""29"": 1.0, ""67"": 1.0, ""77"": 0.0, ""45"": 0.3193827916022975}}"
118,foolsgold,foolsgold,"[79, 20, 31]","[0, 81, 90, 44, 36, 89, 55]","{""layer_name"": ""linear"", ""weights_by_client"": {""0"": 0.0, ""81"": 0.0, ""90"": 0.0, ""44"": 0.0, ""79"": 0.08619371010866744, ""20"": 1.0, ""31"": 1.0, ""36"": 0.0, ""89"": 0.0, ""55"": 0.0}}"
119,foolsgold,foolsgold,"[3, 41, 19, 97, 64, 33]","[9, 37, 55, 42]","{""layer_name"": ""linear"", ""weights_by_client"": {""3"": 1.0, ""41"": 1.0, ""19"": 1.0, ""9"": 0.0, ""97"": 0.09212404460543033, ""64"": 0.637832266761776, ""37"": 0.0, ""55"": 0.0, ""33"": 1.0, ""42"": 0.0}}"
120,foolsgold,foolsgold,"[30, 56, 97, 35, 41]","[1, 98, 13, 75, 2]","{""layer_name"": ""linear"", ""weights_by_client"": {""1"": 0.0, ""98"": 0.0, ""30"": 1.0, ""13"": 0.0, ""56"": 1.0, ""97"": 0.32902287834066757, ""35"": 1.0, ""75"": 0.0, ""41"": 1.0, ""2"": 0.0}}"
121,foolsgold,foolsgold,"[3, 28]","[5, 42, 83, 37, 14, 13, 89, 61]","{""layer_name"": ""linear"", ""weights_by_client"": {""3"": 1.0, ""5"": 0.0, ""42"": 0.0, ""83"": 0.0, ""37"": 0.0, ""14"": 0.0, ""13"": 0.0, ""89"": 0.0, ""28"": 1.0, ""61"": 0.0}}"
122,foolsgold,foolsgold,"[0, 29, 96, 31]","[83, 87, 38, 55, 81, 14]","{""layer_name"": ""linear"", ""weights_by_client"": {""0"": 1.0, ""29"": 1.0, ""83"": 0.0, ""87"": 0.0, ""38"": 0.0, ""55"": 0.0, ""96"": 1.0, ""31"": 1.0, ""81"": 0.0, ""14"": 0.0}}"
123,foolsgold,foolsgold,"[0, 70, 88, 82, 69]","[64, 77, 6, 62, 55]","{""layer_name"": ""linear"", ""weights_by_client"": {""0"": 1.0, ""64"": 0.0, ""70"": 0.13421065042301644, ""77"": 0.0, ""88"": 1.0, ""6"": 0.0, ""82"": 0.4784974583831854, ""62"": 0.0, ""69"": 0.7624434372385813, ""55"": 0.0}}"
124,foolsgold,foolsgold,"[4, 88, 96, 42, 49, 7, 15]","[58, 72, 99]","{""layer_name"": ""linear"", ""weights_by_client"": {""4"": 1.0, ""88"": 1.0, ""96"": 0.857468116771228, ""42"": 1.0, ""58"": 0.0, ""49"": 1.0, ""7"": 0.8311208661210933, ""15"": 0.5084750164679522, ""72"": 0.0, ""99"": 0.0}}"
125,foolsgold,foolsgold,"[30, 14, 90, 87, 42, 82, 37]","[4, 1, 36]","{""layer_name"": ""linear"", ""weights_by_client"": {""4"": 0.0, ""30"": 1.0, ""1"": 0.0, ""36"": 0.0, ""14"": 0.7839358937607697, ""90"": 1.0, ""87"": 1.0, ""42"": 0.7839358937607697, ""82"": 0.4527656430841515, ""37"": 0.4527656430841515}}"
126,foolsgold,foolsgold,"[3, 64, 31, 35, 90, 29, 84, 78]","[40, 48]","{""layer_name"": ""linear"", ""weights_by_client"": {""3"": 1.0, ""40"": 0.0, ""64"": 1.0, ""31"": 0.08266893308717527, ""35"": 0.08266893308717527, ""90"": 1.0, ""29"": 1.0, ""48"": 0.0, ""84"": 0.8272847262632013, ""78"": 0.8272847262632013}}"
127,foolsgold,foolsgold,"[3, 78, 5]","[32, 56, 98, 62, 13, 86, 55]","{""layer_name"": ""linear"", ""weights_by_client"": {""3"": 1.0, ""32"": 0.0, ""56"": 0.0, ""98"": 0.0, ""78"": 0.14466476547469437, ""62"": 0.0, ""5"": 0.14466476547469437, ""13"": 0.0, ""86"": 0.0, ""55"": 0.0}}"
128,foolsgold,foolsgold,"[4, 99, 47, 20, 31, 10, 90, 41]","[86, 62]","{""layer_name"": ""linear"", ""weights_by_client"": {""4"": 1.0, ""99"": 1.0, ""47"": 0.35289483087807416, ""20"": 1.0, ""31"": 1.0, ""10"": 0.35289483087807416, ""86"": 0.0, ""90"": 1.0, ""62"": 0.0, ""41"": 1.0}}"
129,foolsgold,foolsgold,"[33, 73, 28, 61, 11, 96, 15]","[0, 1, 3]","{""layer_name"": ""linear"", ""weights_by_client"": {""0"": 0.0, ""33"": 1.0, ""1"": 0.0, ""73"": 0.20212292534158788, ""28"": 1.0, ""61"": 1.0, ""3"": 0.0, ""11"": 0.20212292534158788, ""96"": 1.0, ""15"": 0.7646589097178609}}"
130,foolsgold,foolsgold,"[4, 90, 35]","[42, 80, 51, 72, 74, 58, 83]","{""layer_name"": ""linear"", ""weights_by_client"": {""4"": 1.0, ""42"": 0.0, ""80"": 0.0, ""51"": 0.0, ""72"": 0.0, ""74"": 0.0, ""90"": 0.19420455179541124, ""58"": 0.0, ""35"": 0.5569869740003232, ""83"": 0.0}}"
131,foolsgold,foolsgold,"[95, 46, 22]","[0, 80, 73, 3, 42, 93, 85]","{""layer_name"": ""linear"", ""weights_by_client"": {""0"": 0.0, ""95"": 0.38523533421954465, ""80"": 0.0, ""46"": 1.0, ""22"": 0.705744259238559, ""73"": 0.0, ""3"": 0.0, ""42"": 0.0, ""93"": 0.0, ""85"": 0.0}}"
132,foolsgold,foolsgold,"[2, 5, 62, 20, 65, 9]","[77, 45, 74, 68]","{""layer_name"": ""linear"", ""weights_by_client"": {""2"": 1.0, ""5"": 0.6301540557979007, ""77"": 0.0, ""45"": 0.0, ""62"": 0.1353976039258984, ""74"": 0.0, ""20"": 1.0, ""65"": 0.7235443882337386, ""9"": 0.6301540557979007, ""68"": 0.0}}"
133,foolsgold,foolsgold,"[2, 58, 94, 20, 50, 65, 7, 95]","[51, 27]","{""layer_name"": ""linear"", ""weights_by_client"": {""2"": 1.0, ""58"": 1.0, ""94"": 0.2361516362522088, ""20"": 1.0, ""50"": 0.21677591201338375, ""51"": 0.0, ""65"": 0.21677591201338375, ""7"": 1.0, ""27"": 0.0, ""95"": 0.8312631928531358}}"
134,foolsgold,foolsgold,[4],"[78, 82, 23, 37, 10, 55, 13, 12, 77]","{""layer_name"": ""linear"", ""weights_by_client"": {""4"": 1.0, ""78"": 0.0, ""82"": 0.0, ""23"": 0.0, ""37"": 0.0, ""10"": 0.0, ""55"": 0.0, ""13"": 0.0, ""12"": 0.0, ""77"": 0.0}}"
135,foolsgold,foolsgold,[2],"[35, 5, 89, 93, 82, 49, 23, 95, 63]","{""layer_name"": ""linear"", ""weights_by_client"": {""2"": 1.0, ""35"": 0.0, ""5"": 0.0, ""89"": 0.0, ""93"": 0.0, ""82"": 0.0, ""49"": 0.0, ""23"": 0.0, ""95"": 0.0, ""63"": 0.0}}"
136,foolsgold,foolsgold,"[83, 69]","[4, 79, 3, 66, 95, 96, 84, 7]","{""layer_name"": ""linear"", ""weights_by_client"": {""4"": 0.0, ""83"": 0.8965377148638132, ""79"": 0.0, ""3"": 0.0, ""66"": 0.0, ""69"": 1.0, ""95"": 0.0, ""96"": 0.0, ""84"": 0.0, ""7"": 0.0}}"
137,foolsgold,foolsgold,"[3, 65, 12, 16, 20]","[26, 98, 86, 59, 75]","{""layer_name"": ""linear"", ""weights_by_client"": {""3"": 0.5783615653157724, ""65"": 1.0, ""26"": 0.0, ""12"": 0.7531137387737532, ""98"": 0.0, ""16"": 1.0, ""20"": 0.5783615653157724, ""86"": 0.0, ""59"": 0.0, ""75"": 0.0}}"
138,foolsgold,foolsgold,"[2, 78, 20, 31, 11, 24]","[18, 71, 21, 27]","{""layer_name"": ""linear"", ""weights_by_client"": {""2"": 1.0, ""78"": 0.29157145361693426, ""18"": 0.0, ""71"": 0.0, ""20"": 1.0, ""21"": 0.0, ""27"": 0.0, ""31"": 1.0, ""11"": 0.6082371420307096, ""24"": 1.0}}"
139,foolsgold,foolsgold,"[50, 63, 64, 18, 45, 89, 91, 28]","[2, 0]","{""layer_name"": ""linear"", ""weights_by_client"": {""2"": 0.0, ""50"": 1.0, ""63"": 0.5554176929588781, ""64"": 0.5554176929588781, ""18"": 0.5208633676832319, ""45"": 1.0, ""0"": 0.0, ""89"": 0.5208633676832319, ""91"": 1.0, ""28"": 1.0}}"
140,foolsgold,foolsgold,"[4, 45, 55, 16, 15]","[97, 23, 89, 59, 90]","{""layer_name"": ""linear"", ""weights_by_client"": {""4"": 1.0, ""45"": 0.4333485543571273, ""97"": 0.0, ""55"": 0.41623881083411735, ""16"": 1.0, ""23"": 0.0, ""89"": 0.0, ""59"": 0.0, ""90"": 0.0, ""15"": 1.0}}"
141,foolsgold,foolsgold,"[25, 84, 19, 26]","[2, 12, 36, 23, 64, 91]","{""layer_name"": ""linear"", ""weights_by_client"": {""2"": 0.0, ""12"": 0.0, ""25"": 1.0, ""36"": 0.0, ""23"": 0.0, ""64"": 0.0, ""84"": 1.0, ""91"": 0.0, ""19"": 1.0, ""26"": 1.0}}"
142,foolsgold,foolsgold,"[2, 84, 30, 33, 13, 40]","[63, 90, 24, 87]","{""layer_name"": ""linear"", ""weights_by_client"": {""2"": 0.11466182571413325, ""84"": 0.3160779524410013, ""63"": 0.0, ""30"": 0.11466182571413325, ""90"": 0.0, ""33"": 0.3160779524410013, ""24"": 0.0, ""13"": 1.0, ""87"": 0.0, ""40"": 1.0}}"
143,foolsgold,foolsgold,"[78, 5, 57, 77]","[1, 2, 33, 24, 31, 62]","{""layer_name"": ""linear"", ""weights_by_client"": {""1"": 0.0, ""2"": 0.0, ""78"": 1.0, ""33"": 0.0, ""24"": 0.0, ""5"": 1.0, ""57"": 1.0, ""77"": 1.0, ""31"": 0.0, ""62"": 0.0}}"
144,foolsgold,foolsgold,"[2, 15, 84]","[48, 66, 59, 9, 80, 91, 79]","{""layer_name"": ""linear"", ""weights_by_client"": {""2"": 1.0, ""15"": 0.5220386663214036, ""48"": 0.0, ""84"": 0.11399129435509187, ""66"": 0.0, ""59"": 0.0, ""9"": 0.0, ""80"": 0.0, ""91"": 0.0, ""79"": 0.0}}"
145,foolsgold,foolsgold,"[19, 7, 43, 18, 29, 83]","[2, 44, 85, 73]","{""layer_name"": ""linear"", ""weights_by_client"": {""2"": 0.0, ""19"": 1.0, ""44"": 0.0, ""7"": 1.0, ""85"": 0.0, ""43"": 0.4657293316857171, ""73"": 0.0, ""18"": 0.34782395372811425, ""29"": 1.0, ""83"": 0.34782395372811425}}"
146,foolsgold,foolsgold,"[0, 99, 89, 95, 88, 71]","[74, 47, 46, 63]","{""layer_name"": ""linear"", ""weights_by_client"": {""0"": 1.0, ""99"": 1.0, ""74"": 0.0, ""47"": 0.0, ""46"": 0.0, ""89"": 0.6009600468368717, ""95"": 1.0, ""88"": 1.0, ""71"": 0.4614130088099101, ""63"": 0.0}}"
147,foolsgold,foolsgold,"[3, 78, 91, 29, 51, 63, 27]","[38, 86, 24]","{""layer_name"": ""linear"", ""weights_by_client"": {""3"": 1.0, ""78"": 0.6425089801064632, ""91"": 1.0, ""29"": 1.0, ""51"": 0.28087029353392023, ""38"": 0.0, ""86"": 0.0, ""24"": 0.0, ""63"": 0.6425089801064632, ""27"": 0.28087029353392023}}"
148,foolsgold,foolsgold,"[3, 45, 20, 29, 67, 81]","[75, 59, 93, 13]","{""layer_name"": ""linear"", ""weights_by_client"": {""3"": 0.4096758704004845, ""75"": 0.0, ""45"": 1.0, ""59"": 0.0, ""20"": 0.4096758704004845, ""29"": 1.0, ""67"": 1.0, ""93"": 0.0, ""81"": 1.0, ""13"": 0.0}}"
149,foolsgold,foolsgold,"[3, 17, 20, 11, 14]","[88, 10, 75, 31, 42]","{""layer_name"": ""linear"", ""weights_by_client"": {""3"": 1.0, ""88"": 0.0, ""10"": 0.0, ""17"": 1.0, ""75"": 0.0, ""20"": 1.0, ""11"": 0.4573394282872409, ""31"": 0.0, ""42"": 0.0, ""14"": 0.28159124384716683}}"
150,foolsgold,foolsgold,"[82, 31]","[0, 85, 10, 84, 27, 7, 14, 4]","{""layer_name"": ""linear"", ""weights_by_client"": {""0"": 0.0, ""85"": 0.0, ""82"": 1.0, ""10"": 0.0, ""31"": 1.0, ""84"": 0.0, ""27"": 0.0, ""7"": 0.0, ""14"": 0.0, ""4"": 0.0}}"
151,foolsgold,foolsgold,"[3, 25, 48]","[43, 98, 87, 6, 23, 34, 52]","{""layer_name"": ""linear"", ""weights_by_client"": {""3"": 1.0, ""43"": 0.0, ""25"": 0.5304142258948299, ""48"": 1.0, ""98"": 0.0, ""87"": 0.0, ""6"": 0.0, ""23"": 0.0, ""34"": 0.0, ""52"": 0.0}}"
152,foolsgold,foolsgold,"[92, 14, 28, 18]","[4, 36, 68, 37, 94, 22]","{""layer_name"": ""linear"", ""weights_by_client"": {""4"": 0.0, ""36"": 0.0, ""68"": 0.0, ""37"": 0.0, ""92"": 1.0, ""94"": 0.0, ""14"": 0.3995104177609693, ""22"": 0.0, ""28"": 1.0, ""18"": 0.2893147312193345}}"
153,foolsgold,foolsgold,"[1, 30, 22, 5, 72, 32, 97]","[24, 62, 68]","{""layer_name"": ""linear"", ""weights_by_client"": {""1"": 1.0, ""24"": 0.0, ""30"": 1.0, ""22"": 0.14375636093622807, ""5"": 0.14375636093622807, ""72"": 1.0, ""62"": 0.0, ""32"": 1.0, ""68"": 0.0, ""97"": 1.0}}"
154,foolsgold,foolsgold,"[2, 61, 8, 98, 74, 39]","[91, 99, 97, 93]","{""layer_name"": ""linear"", ""weights_by_client"": {""2"": 1.0, ""91"": 0.0, ""61"": 0.8007746874594056, ""8"": 0.2803869567445014, ""99"": 0.0, ""97"": 0.0, ""98"": 0.017506813595482562, ""93"": 0.0, ""74"": 0.2569381601770674, ""39"": 0.20891807928240325}}"
155,foolsgold,foolsgold,"[75, 32, 46, 72]","[1, 14, 62, 2, 68, 57]","{""layer_name"": ""linear"", ""weights_by_client"": {""1"": 0.0, ""75"": 0.6943202541979272, ""14"": 0.0, ""32"": 1.0, ""62"": 0.0, ""2"": 0.0, ""68"": 0.0, ""46"": 1.0, ""72"": 1.0, ""57"": 0.0}}"
156,foolsgold,foolsgold,"[4, 22, 16, 29, 15]","[27, 62, 80, 55, 95]","{""layer_name"": ""linear"", ""weights_by_client"": {""4"": 1.0, ""27"": 0.0, ""62"": 0.0, ""80"": 0.0, ""22"": 0.5044644198004448, ""16"": 1.0, ""29"": 1.0, ""15"": 1.0, ""55"": 0.0, ""95"": 0.0}}"
157,foolsgold,foolsgold,"[67, 80]","[4, 24, 18, 49, 84, 7, 0, 77]","{""layer_name"": ""linear"", ""weights_by_client"": {""4"": 0.0, ""24"": 0.0, ""18"": 0.0, ""49"": 0.0, ""84"": 0.0, ""7"": 0.0, ""67"": 1.0, ""0"": 0.0, ""80"": 1.0, ""77"": 0.0}}"
158,foolsgold,foolsgold,"[1, 58, 9, 48, 14, 80, 30, 10, 70, 39]",[],"{""layer_name"": ""linear"", ""weights_by_client"": {""1"": 1.0, ""58"": 1.0, ""9"": 0.27111645153346997, ""48"": 1.0, ""14"": 0.36147410288924686, ""80"": 0.27111645153346997, ""30"": 1.0, ""10"": 0.36147410288924686, ""70"": 1.0, ""39"": 1.0}}"
159,foolsgold,foolsgold,"[92, 77, 70, 72, 99, 32, 26, 57]","[2, 0]","{""layer_name"": ""linear"", ""weights_by_client"": {""2"": 0.0, ""92"": 1.0, ""77"": 1.0, ""70"": 0.8445232160826237, ""72"": 0.8445232160826237, ""99"": 0.6059556464211883, ""32"": 0.6059556464211883, ""0"": 0.0, ""26"": 1.0, ""57"": 1.0}}"
160,foolsgold,foolsgold,"[84, 95, 70, 16, 29]","[2, 57, 30, 13, 27]","{""layer_name"": ""linear"", ""weights_by_client"": {""2"": 0.0, ""84"": 1.0, ""57"": 0.0, ""95"": 0.1257754182013261, ""30"": 0.0, ""70"": 0.1257754182013261, ""16"": 1.0, ""13"": 0.0, ""29"": 1.0, ""27"": 0.0}}"
161,foolsgold,foolsgold,"[3, 86, 33, 74, 51, 22]","[8, 35, 40, 47]","{""layer_name"": ""linear"", ""weights_by_client"": {""3"": 1.0, ""8"": 0.0, ""86"": 0.9687594801751342, ""33"": 0.6031662449329395, ""74"": 0.3561544409561243, ""35"": 0.0, ""51"": 1.0, ""22"": 0.7704532015615237, ""40"": 0.0, ""47"": 0.0}}"
162,foolsgold,foolsgold,"[40, 57, 42, 30, 84]","[2, 4, 63, 1, 46]","{""layer_name"": ""linear"", ""weights_by_client"": {""2"": 0.0, ""40"": 1.0, ""4"": 0.0, ""57"": 0.0017011060167790304, ""63"": 0.0, ""1"": 0.0, ""42"": 0.0017011060167790304, ""30"": 0.5623526584183562, ""46"": 0.0, ""84"": 1.0}}"
163,foolsgold,foolsgold,"[4, 67, 93, 16]","[17, 27, 34, 71, 13, 86]","{""layer_name"": ""linear"", ""weights_by_client"": {""4"": 1.0, ""67"": 1.0, ""17"": 0.0, ""27"": 0.0, ""34"": 0.0, ""71"": 0.0, ""93"": 1.0, ""13"": 0.0, ""86"": 0.0, ""16"": 1.0}}"
164,foolsgold,foolsgold,"[86, 72, 73, 84, 96, 30]","[4, 3, 23, 67]","{""layer_name"": ""linear"", ""weights_by_client"": {""4"": 0.0, ""3"": 0.0, ""86"": 1.0, ""72"": 1.0, ""23"": 0.0, ""73"": 1.0, ""84"": 1.0, ""96"": 1.0, ""30"": 1.0, ""67"": 0.0}}"
165,foolsgold,foolsgold,"[8, 18, 69, 62]","[2, 94, 36, 63, 76, 71]","{""layer_name"": ""linear"", ""weights_by_client"": {""2"": 0.0, ""8"": 1.0, ""18"": 0.43247871106689245, ""94"": 0.0, ""69"": 1.0, ""36"": 0.0, ""63"": 0.0, ""62"": 1.0, ""76"": 0.0, ""71"": 0.0}}"
166,foolsgold,foolsgold,"[66, 29]","[1, 44, 63, 95, 46, 60, 9, 48]","{""layer_name"": ""linear"", ""weights_by_client"": {""1"": 0.0, ""44"": 0.0, ""66"": 1.0, ""63"": 0.0, ""95"": 0.0, ""46"": 0.0, ""29"": 1.0, ""60"": 0.0, ""9"": 0.0, ""48"": 0.0}}"
167,foolsgold,foolsgold,"[3, 38, 31, 28, 96, 5]","[99, 13, 42, 58]","{""layer_name"": ""linear"", ""weights_by_client"": {""3"": 1.0, ""99"": 0.0, ""38"": 0.5451477014054548, ""13"": 0.0, ""42"": 0.0, ""31"": 1.0, ""28"": 1.0, ""96"": 0.5439182260561095, ""5"": 0.8983575454353474, ""58"": 0.0}}"
168,foolsgold,foolsgold,"[0, 88, 64, 8, 83, 85]","[49, 53, 54, 90]","{""layer_name"": ""linear"", ""weights_by_client"": {""0"": 1.0, ""49"": 0.0, ""53"": 0.0, ""54"": 0.0, ""88"": 1.0, ""64"": 1.0, ""8"": 1.0, ""83"": 0.5761552832197513, ""85"": 1.0, ""90"": 0.0}}"
169,foolsgold,foolsgold,"[3, 28, 30, 12, 74, 9, 92, 56]","[98, 13]","{""layer_name"": ""linear"", ""weights_by_client"": {""3"": 1.0, ""28"": 0.36405846771000494, ""98"": 0.0, ""30"": 1.0, ""12"": 1.0, ""13"": 0.0, ""74"": 0.36405846771000494, ""9"": 1.0, ""92"": 0.68067094730156, ""56"": 1.0}}"
170,foolsgold,foolsgold,"[29, 32]","[0, 14, 76, 43, 44, 96, 4, 77]","{""layer_name"": ""linear"", ""weights_by_client"": {""0"": 0.0, ""14"": 0.0, ""76"": 0.0, ""43"": 0.0, ""44"": 0.0, ""96"": 0.0, ""29"": 1.0, ""4"": 0.0, ""77"": 0.0, ""32"": 1.0}}"
171,foolsgold,foolsgold,"[3, 27, 93, 15, 25, 8, 30, 63]","[33, 88]","{""layer_name"": ""linear"", ""weights_by_client"": {""3"": 1.0, ""27"": 1.0, ""93"": 1.0, ""15"": 1.0, ""25"": 1.0, ""33"": 0.0, ""88"": 0.0, ""8"": 1.0, ""30"": 1.0, ""63"": 1.0}}"
172,foolsgold,foolsgold,"[80, 10, 60, 28, 63, 74, 81, 84]","[3, 1]","{""layer_name"": ""linear"", ""weights_by_client"": {""3"": 0.0, ""80"": 1.0, ""10"": 1.0, ""60"": 1.0, ""1"": 0.0, ""28"": 0.9802329506323284, ""63"": 1.0, ""74"": 0.9802329506323284, ""81"": 1.0, ""84"": 1.0}}"
173,foolsgold,foolsgold,"[54, 69, 18, 7, 37]","[1, 4, 13, 75, 2]","{""layer_name"": ""linear"", ""weights_by_client"": {""1"": 0.0, ""4"": 0.0, ""54"": 1.0, ""13"": 0.0, ""69"": 1.0, ""75"": 0.0, ""18"": 1.0, ""7"": 1.0, ""2"": 0.0, ""37"": 1.0}}"
174,foolsgold,foolsgold,"[2, 67, 6, 19, 35]","[17, 62, 13, 51, 24]","{""layer_name"": ""linear"", ""weights_by_client"": {""2"": 1.0, ""67"": 0.24153972311530336, ""17"": 0.0, ""6"": 0.1421790940685459, ""62"": 0.0, ""19"": 0.6831784288245987, ""13"": 0.0, ""51"": 0.0, ""24"": 0.0, ""35"": 0.6831784288245987}}"
175,foolsgold,foolsgold,"[3, 39, 35]","[89, 17, 56, 72, 62, 32, 19]","{""layer_name"": ""linear"", ""weights_by_client"": {""3"": 1.0, ""89"": 0.0, ""39"": 1.0, ""17"": 0.0, ""56"": 0.0, ""72"": 0.0, ""35"": 1.0, ""62"": 0.0, ""32"": 0.0, ""19"": 0.0}}"
176,foolsgold,foolsgold,"[2, 8, 43, 74, 78]","[42, 99, 55, 18, 85]","{""layer_name"": ""linear"", ""weights_by_client"": {""2"": 1.0, ""42"": 0.0, ""8"": 0.5940837522271064, ""99"": 0.0, ""55"": 0.0, ""43"": 0.11322022659963465, ""18"": 0.0, ""74"": 0.11322022659963465, ""85"": 0.0, ""78"": 1.0}}"
177,foolsgold,foolsgold,"[0, 29, 57, 16]","[43, 92, 50, 80, 82, 17]","{""layer_name"": ""linear"", ""weights_by_client"": {""0"": 1.0, ""43"": 0.0, ""92"": 0.0, ""29"": 1.0, ""50"": 0.0, ""57"": 1.0, ""80"": 0.0, ""82"": 0.0, ""16"": 1.0, ""17"": 0.0}}"
178,foolsgold,foolsgold,"[0, 58, 80, 45, 62]","[21, 96, 94, 5, 71]","{""layer_name"": ""linear"", ""weights_by_client"": {""0"": 1.0, ""58"": 0.5008060473247159, ""21"": 0.0, ""96"": 0.0, ""94"": 0.0, ""5"": 0.0, ""80"": 0.8429873011985443, ""45"": 0.21565831248485212, ""62"": 0.6939155120701941, ""71"": 0.0}}"
179,foolsgold,foolsgold,"[30, 41, 90, 69]","[4, 2, 42, 1, 13, 73]","{""layer_name"": ""linear"", ""weights_by_client"": {""4"": 0.0, ""2"": 0.0, ""30"": 0.9601309434705432, ""41"": 0.8864239880637366, ""90"": 0.8864239880637366, ""42"": 0.0, ""1"": 0.0, ""69"": 1.0, ""13"": 0.0, ""73"": 0.0}}"
180,foolsgold,foolsgold,"[97, 34, 42, 56]","[4, 54, 70, 96, 36, 91]","{""layer_name"": ""linear"", ""weights_by_client"": {""4"": 0.0, ""97"": 1.0, ""54"": 0.0, ""70"": 0.0, ""96"": 0.0, ""34"": 0.18347217738208577, ""36"": 0.0, ""42"": 0.18347217738208577, ""56"": 1.0, ""91"": 0.0}}"
181,foolsgold,foolsgold,"[3, 96, 93, 69, 94]","[90, 11, 58, 34, 38]","{""layer_name"": ""linear"", ""weights_by_client"": {""3"": 1.0, ""96"": 0.8825543429562919, ""90"": 0.0, ""93"": 0.6734789097240423, ""69"": 0.6734789097240423, ""11"": 0.0, ""94"": 0.34495498842984046, ""58"": 0.0, ""34"": 0.0, ""38"": 0.0}}"
182,foolsgold,foolsgold,"[1, 41, 47, 89]","[5, 34, 8, 82, 11, 48]","{""layer_name"": ""linear"", ""weights_by_client"": {""1"": 1.0, ""5"": 0.0, ""41"": 0.5331545308708391, ""34"": 0.0, ""8"": 0.0, ""82"": 0.0, ""47"": 0.9922241109700138, ""11"": 0.0, ""48"": 0.0, ""89"": 0.5331545308708391}}"
183,foolsgold,foolsgold,"[54, 62, 73, 7, 15]","[2, 36, 1, 23, 94]","{""layer_name"": ""linear"", ""weights_by_client"": {""2"": 0.0, ""54"": 1.0, ""62"": 1.0, ""36"": 0.0, ""1"": 0.0, ""73"": 0.6128138643063074, ""23"": 0.0, ""7"": 1.0, ""15"": 0.6128138643063074, ""94"": 0.0}}"
184,foolsgold,foolsgold,"[64, 41, 95, 32]","[3, 83, 77, 87, 5, 4]","{""layer_name"": ""linear"", ""weights_by_client"": {""3"": 0.0, ""83"": 0.0, ""64"": 0.8801528392000031, ""41"": 0.7247465159608626, ""77"": 0.0, ""95"": 0.6364893870542673, ""87"": 0.0, ""32"": 1.0, ""5"": 0.0, ""4"": 0.0}}"
185,foolsgold,foolsgold,"[0, 29, 33, 81, 11, 39, 5, 95]","[45, 69]","{""layer_name"": ""linear"", ""weights_by_client"": {""0"": 1.0, ""29"": 1.0, ""33"": 1.0, ""81"": 1.0, ""11"": 0.029160188938006593, ""39"": 0.029160188938006593, ""5"": 0.3007949508311232, ""45"": 0.0, ""95"": 0.3007949508311232, ""69"": 0.0}}"
186,foolsgold,foolsgold,"[74, 10, 33, 56]","[0, 50, 81, 62, 3, 35]","{""layer_name"": ""linear"", ""weights_by_client"": {""0"": 0.0, ""50"": 0.0, ""81"": 0.0, ""62"": 0.0, ""3"": 0.0, ""74"": 1.0, ""10"": 1.0, ""33"": 1.0, ""35"": 0.0, ""56"": 1.0}}"
187,foolsgold,foolsgold,"[40, 7, 5]","[2, 67, 33, 0, 1, 6, 38]","{""layer_name"": ""linear"", ""weights_by_client"": {""2"": 0.0, ""40"": 1.0, ""67"": 0.0, ""33"": 0.0, ""0"": 0.0, ""7"": 1.0, ""1"": 0.0, ""6"": 0.0, ""38"": 0.0, ""5"": 0.8405750826092298}}"
188,foolsgold,foolsgold,"[0, 53, 33, 46, 80, 60]","[38, 92, 50, 68]","{""layer_name"": ""linear"", ""weights_by_client"": {""0"": 1.0, ""38"": 0.0, ""92"": 0.0, ""53"": 0.9082871019507881, ""33"": 0.38352841755922207, ""46"": 1.0, ""80"": 1.0, ""60"": 0.593886334222582, ""50"": 0.0, ""68"": 0.0}}"
189,foolsgold,foolsgold,"[38, 94, 57, 22, 53]","[1, 69, 45, 47, 3]","{""layer_name"": ""linear"", ""weights_by_client"": {""1"": 0.0, ""38"": 0.15384838886602614, ""94"": 0.15384838886602614, ""69"": 0.0, ""57"": 0.0036907065167485764, ""45"": 0.0, ""22"": 0.030506731788341346, ""47"": 0.0, ""53"": 1.0, ""3"": 0.0}}"
190,foolsgold,foolsgold,"[2, 78, 19, 37, 18, 41]","[71, 75, 51, 55]","{""layer_name"": ""linear"", ""weights_by_client"": {""2"": 1.0, ""71"": 0.0, ""75"": 0.0, ""78"": 0.4139710407912936, ""19"": 0.8039802902539384, ""37"": 0.4139710407912936, ""51"": 0.0, ""55"": 0.0, ""18"": 0.8801615909314786, ""41"": 0.8801615909314786}}"
191,foolsgold,foolsgold,"[3, 8, 11, 25, 6, 90, 61, 78]","[55, 68]","{""layer_name"": ""linear"", ""weights_by_client"": {""3"": 1.0, ""55"": 0.0, ""8"": 1.0, ""11"": 1.0, ""25"": 1.0, ""68"": 0.0, ""6"": 0.6830137040457932, ""90"": 1.0, ""61"": 0.7540121641698834, ""78"": 1.0}}"
192,foolsgold,foolsgold,"[2, 95, 11, 65, 15, 50]","[12, 22, 86, 14]","{""layer_name"": ""linear"", ""weights_by_client"": {""2"": 1.0, ""95"": 0.6046394469554961, ""11"": 0.4117140113291109, ""12"": 0.0, ""65"": 0.5160081171361534, ""15"": 0.4117140113291109, ""22"": 0.0, ""86"": 0.0, ""14"": 0.0, ""50"": 0.415174718891308}}"
193,foolsgold,foolsgold,"[2, 72]","[23, 88, 85, 48, 8, 87, 16, 73]","{""layer_name"": ""linear"", ""weights_by_client"": {""2"": 1.0, ""23"": 0.0, ""88"": 0.0, ""85"": 0.0, ""48"": 0.0, ""8"": 0.0, ""72"": 1.0, ""87"": 0.0, ""16"": 0.0, ""73"": 0.0}}"
194,foolsgold,foolsgold,"[78, 40, 31, 64]","[2, 3, 14, 44, 57, 10]","{""layer_name"": ""linear"", ""weights_by_client"": {""2"": 0.0, ""78"": 0.6669086606291195, ""3"": 0.0, ""40"": 1.0, ""31"": 1.0, ""14"": 0.0, ""44"": 0.0, ""57"": 0.0, ""10"": 0.0, ""64"": 0.6669086606291195}}"
195,foolsgold,foolsgold,"[88, 93]","[2, 10, 81, 56, 36, 62, 99, 85]","{""layer_name"": ""linear"", ""weights_by_client"": {""2"": 0.0, ""10"": 0.0, ""81"": 0.0, ""56"": 0.0, ""88"": 1.0, ""36"": 0.0, ""62"": 0.0, ""99"": 0.0, ""93"": 1.0, ""85"": 0.0}}"
196,foolsgold,foolsgold,"[3, 25, 99, 13, 81, 30, 21, 90]","[6, 89]","{""layer_name"": ""linear"", ""weights_by_client"": {""3"": 1.0, ""25"": 1.0, ""99"": 1.0, ""13"": 0.9051943425385732, ""81"": 0.7932108399585285, ""6"": 0.0, ""89"": 0.0, ""30"": 1.0, ""21"": 0.8538629651455233, ""90"": 0.6790262641117218}}"
197,foolsgold,foolsgold,"[1, 16, 75, 59, 52, 47]","[61, 8, 21, 40]","{""layer_name"": ""linear"", ""weights_by_client"": {""1"": 1.0, ""16"": 0.9019740108809352, ""75"": 0.40222349382078804, ""59"": 1.0, ""52"": 1.0, ""61"": 0.0, ""8"": 0.0, ""21"": 0.0, ""47"": 0.40222349382078804, ""40"": 0.0}}"
198,foolsgold,foolsgold,[33],"[3, 13, 53, 66, 38, 36, 49, 76, 54]","{""layer_name"": ""linear"", ""weights_by_client"": {""3"": 0.0, ""13"": 0.0, ""53"": 0.0, ""66"": 0.0, ""33"": 1.0, ""38"": 0.0, ""36"": 0.0, ""49"": 0.0, ""76"": 0.0, ""54"": 0.0}}"
199,foolsgold,foolsgold,"[2, 47, 83, 65, 78, 40]","[98, 24, 33, 88]","{""layer_name"": ""linear"", ""weights_by_client"": {""2"": 1.0, ""47"": 1.0, ""98"": 0.0, ""83"": 0.404881554803463, ""65"": 1.0, ""78"": 1.0, ""24"": 0.0, ""33"": 0.0, ""88"": 0.0, ""40"": 1.0}}"
200,foolsgold,foolsgold,"[0, 70, 30, 66, 9, 31]","[86, 24, 99, 12]","{""layer_name"": ""linear"", ""weights_by_client"": {""0"": 0.08046760791377328, ""86"": 0.0, ""70"": 0.41913235855294717, ""30"": 0.08046760791377328, ""24"": 0.0, ""66"": 1.0, ""99"": 0.0, ""9"": 0.7553208907043477, ""12"": 0.0, ""31"": 1.0}}"
201,foolsgold,foolsgold,"[96, 99, 64]","[3, 81, 17, 35, 88, 36, 92]","{""layer_name"": ""linear"", ""weights_by_client"": {""3"": 0.0, ""81"": 0.0, ""17"": 0.0, ""35"": 0.0, ""96"": 1.0, ""88"": 0.0, ""36"": 0.0, ""99"": 1.0, ""64"": 1.0, ""92"": 0.0}}"
202,foolsgold,foolsgold,"[4, 21, 59, 96, 92, 74]","[91, 75, 42, 12]","{""layer_name"": ""linear"", ""weights_by_client"": {""4"": 1.0, ""91"": 0.0, ""21"": 0.0035290759547551565, ""75"": 0.0, ""59"": 1.0, ""96"": 1.0, ""92"": 0.21356212914312378, ""42"": 0.0, ""74"": 0.1118318618967622, ""12"": 0.0}}"
203,foolsgold,foolsgold,"[39, 68, 74, 40, 85, 50]","[2, 3, 0, 44]","{""layer_name"": ""linear"", ""weights_by_client"": {""2"": 0.0, ""39"": 0.5902864033858598, ""68"": 0.5939544046901162, ""74"": 0.5902864033858598, ""40"": 1.0, ""3"": 0.0, ""0"": 0.0, ""85"": 1.0, ""50"": 0.7983967132463055, ""44"": 0.0}}"
204,foolsgold,foolsgold,"[4, 75, 20, 96, 72]","[33, 52, 31, 83, 38]","{""layer_name"": ""linear"", ""weights_by_client"": {""4"": 1.0, ""33"": 0.0, ""52"": 0.0, ""31"": 0.0, ""75"": 1.0, ""20"": 1.0, ""83"": 0.0, ""96"": 1.0, ""38"": 0.0, ""72"": 1.0}}"
205,foolsgold,foolsgold,"[64, 72, 83, 97, 32, 51]","[4, 2, 62, 86]","{""layer_name"": ""linear"", ""weights_by_client"": {""4"": 0.0, ""64"": 1.0, ""72"": 1.0, ""2"": 0.0, ""83"": 0.7077288233053323, ""62"": 0.0, ""97"": 1.0, ""32"": 1.0, ""51"": 1.0, ""86"": 0.0}}"
206,foolsgold,foolsgold,"[3, 54, 33, 74, 61, 6]","[27, 58, 68, 42]","{""layer_name"": ""linear"", ""weights_by_client"": {""3"": 1.0, ""54"": 1.0, ""33"": 1.0, ""74"": 0.8707663707335542, ""61"": 0.25798730886713017, ""27"": 0.0, ""58"": 0.0, ""68"": 0.0, ""6"": 0.14742349640596408, ""42"": 0.0}}"
207,foolsgold,foolsgold,"[15, 59, 16]","[1, 36, 19, 45, 73, 13, 69]","{""layer_name"": ""linear"", ""weights_by_client"": {""1"": 0.0, ""36"": 0.0, ""19"": 0.0, ""45"": 0.0, ""15"": 1.0, ""73"": 0.0, ""13"": 0.0, ""69"": 0.0, ""59"": 1.0, ""16"": 1.0}}"
208,foolsgold,foolsgold,"[3, 17, 69, 74, 58, 59]","[40, 57, 56, 55]","{""layer_name"": ""linear"", ""weights_by_client"": {""3"": 1.0, ""17"": 0.4775849615746142, ""69"": 0.5318152417475851, ""74"": 0.5873974574841556, ""58"": 0.37480010880805914, ""40"": 0.0, ""57"": 0.0, ""56"": 0.0, ""59"": 0.5318152417475851, ""55"": 0.0}}"
209,foolsgold,foolsgold,"[3, 97, 8, 16, 25]","[89, 79, 11, 76, 77]","{""layer_name"": ""linear"", ""weights_by_client"": {""3"": 1.0, ""97"": 1.0, ""8"": 1.0, ""89"": 0.0, ""79"": 0.0, ""11"": 0.0, ""76"": 0.0, ""16"": 1.0, ""77"": 0.0, ""25"": 0.8307293323448525}}"
210,foolsgold,foolsgold,"[21, 33, 74, 85, 84, 79]","[2, 49, 17, 44]","{""layer_name"": ""linear"", ""weights_by_client"": {""2"": 0.0, ""21"": 0.7493260047915076, ""49"": 0.0, ""33"": 1.0, ""17"": 0.0, ""44"": 0.0, ""74"": 0.7493260047915076, ""85"": 1.0, ""84"": 1.0, ""79"": 1.0}}"
211,foolsgold,foolsgold,"[15, 56, 75, 54]","[1, 58, 64, 2, 68, 46]","{""layer_name"": ""linear"", ""weights_by_client"": {""1"": 0.0, ""15"": 0.6777990255624301, ""58"": 0.0, ""56"": 1.0, ""75"": 0.6777990255624301, ""64"": 0.0, ""2"": 0.0, ""68"": 0.0, ""46"": 0.0, ""54"": 1.0}}"
212,foolsgold,foolsgold,"[41, 74, 15, 81, 84, 94]","[3, 4, 48, 56]","{""layer_name"": ""linear"", ""weights_by_client"": {""3"": 0.0, ""41"": 1.0, ""74"": 1.0, ""15"": 1.0, ""4"": 0.0, ""81"": 1.0, ""48"": 0.0, ""84"": 1.0, ""56"": 0.0, ""94"": 1.0}}"
213,foolsgold,foolsgold,"[1, 84, 86, 54]","[94, 76, 63, 6, 85, 39]","{""layer_name"": ""linear"", ""weights_by_client"": {""1"": 1.0, ""94"": 0.0, ""76"": 0.0, ""84"": 1.0, ""86"": 1.0, ""54"": 1.0, ""63"": 0.0, ""6"": 0.0, ""85"": 0.0, ""39"": 0.0}}"
214,foolsgold,foolsgold,"[2, 62, 15, 46, 8, 18]","[58, 35, 5, 60]","{""layer_name"": ""linear"", ""weights_by_client"": {""2"": 1.0, ""58"": 0.0, ""62"": 1.0, ""15"": 1.0, ""35"": 0.0, ""5"": 0.0, ""46"": 0.7253137829622699, ""60"": 0.0, ""8"": 1.0, ""18"": 0.37611051955119496}}"
215,foolsgold,foolsgold,"[96, 90, 11, 47, 48, 33]","[2, 3, 37, 80]","{""layer_name"": ""linear"", ""weights_by_client"": {""2"": 0.0, ""96"": 0.665842079676864, ""3"": 0.0, ""90"": 0.665842079676864, ""11"": 1.0, ""47"": 0.857050642452053, ""48"": 1.0, ""37"": 0.0, ""33"": 1.0, ""80"": 0.0}}"
216,foolsgold,foolsgold,"[2, 5, 69, 42, 48]","[82, 80, 89, 59, 17]","{""layer_name"": ""linear"", ""weights_by_client"": {""2"": 1.0, ""5"": 0.657252741819445, ""82"": 0.0, ""80"": 0.0, ""89"": 0.0, ""69"": 1.0, ""42"": 1.0, ""59"": 0.0, ""17"": 0.0, ""48"": 1.0}}"
217,foolsgold,foolsgold,"[3, 28, 35, 96, 71, 44]","[81, 63, 34, 46]","{""layer_name"": ""linear"", ""weights_by_client"": {""3"": 0.1869690602208135, ""81"": 0.0, ""28"": 1.0, ""63"": 0.0, ""34"": 0.0, ""35"": 1.0, ""96"": 1.0, ""71"": 0.7128505236133346, ""46"": 0.0, ""44"": 0.1869690602208135}}"
218,foolsgold,foolsgold,"[2, 91, 86, 84, 61, 53]","[50, 97, 87, 27]","{""layer_name"": ""linear"", ""weights_by_client"": {""2"": 1.0, ""91"": 0.28411301232148406, ""86"": 1.0, ""84"": 1.0, ""61"": 0.268591624257592, ""50"": 0.0, ""97"": 0.0, ""87"": 0.0, ""53"": 1.0, ""27"": 0.0}}"
219,foolsgold,foolsgold,"[35, 91, 43, 73]","[1, 44, 89, 24, 0, 4]","{""layer_name"": ""linear"", ""weights_by_client"": {""1"": 0.0, ""44"": 0.0, ""89"": 0.0, ""35"": 1.0, ""24"": 0.0, ""0"": 0.0, ""91"": 1.0, ""43"": 0.9467002845048416, ""4"": 0.0, ""73"": 1.0}}"
220,foolsgold,foolsgold,"[28, 88]","[2, 1, 58, 21, 61, 94, 17, 68]","{""layer_name"": ""linear"", ""weights_by_client"": {""2"": 0.0, ""28"": 1.0, ""1"": 0.0, ""88"": 1.0, ""58"": 0.0, ""21"": 0.0, ""61"": 0.0, ""94"": 0.0, ""17"": 0.0, ""68"": 0.0}}"
221,foolsgold,foolsgold,"[1, 42, 8]","[61, 50, 74, 87, 65, 72, 64]","{""layer_name"": ""linear"", ""weights_by_client"": {""1"": 1.0, ""61"": 0.0, ""50"": 0.0, ""74"": 0.0, ""42"": 1.0, ""87"": 0.0, ""65"": 0.0, ""72"": 0.0, ""64"": 0.0, ""8"": 1.0}}"
222,foolsgold,foolsgold,"[75, 35, 21, 95, 83, 55, 52, 31]","[4, 2]","{""layer_name"": ""linear"", ""weights_by_client"": {""4"": 0.0, ""75"": 0.22493072548281323, ""35"": 0.26814099236507277, ""21"": 0.5925176988372911, ""95"": 1.0, ""83"": 0.5925176988372911, ""55"": 0.22493072548281323, ""52"": 1.0, ""2"": 0.0, ""31"": 0.26814099236507277}}"
223,foolsgold,foolsgold,"[70, 82, 60, 56, 88]","[3, 55, 79, 4, 24]","{""layer_name"": ""linear"", ""weights_by_client"": {""3"": 0.0, ""55"": 0.0, ""79"": 0.0, ""70"": 0.32668777678507055, ""4"": 0.0, ""82"": 0.6439300134971373, ""24"": 0.0, ""60"": 0.32668777678507055, ""56"": 1.0, ""88"": 1.0}}"
224,foolsgold,foolsgold,"[2, 34, 70, 23, 99]","[83, 77, 37, 26, 89]","{""layer_name"": ""linear"", ""weights_by_client"": {""2"": 1.0, ""34"": 1.0, ""70"": 0.35877635424930326, ""23"": 0.13443457528457925, ""83"": 0.0, ""99"": 1.0, ""77"": 0.0, ""37"": 0.0, ""26"": 0.0, ""89"": 0.0}}"
225,foolsgold,foolsgold,"[2, 62, 78, 51, 14, 29]","[6, 8, 56, 46]","{""layer_name"": ""linear"", ""weights_by_client"": {""2"": 1.0, ""6"": 0.0, ""8"": 0.0, ""62"": 1.0, ""78"": 1.0, ""51"": 0.14200515528968793, ""14"": 0.14200515528968793, ""56"": 0.0, ""46"": 0.0, ""29"": 1.0}}"
226,foolsgold,foolsgold,"[64, 60, 88, 68, 33, 18, 63, 14]","[3, 36]","{""layer_name"": ""linear"", ""weights_by_client"": {""3"": 0.0, ""64"": 0.8869485933226993, ""60"": 1.0, ""88"": 0.6193439629750354, ""68"": 1.0, ""33"": 0.6193439629750354, ""18"": 1.0, ""36"": 0.0, ""63"": 0.8869485933226993, ""14"": 1.0}}"
227,foolsgold,foolsgold,"[3, 37, 9, 15, 25, 55]","[73, 76, 50, 88]","{""layer_name"": ""linear"", ""weights_by_client"": {""3"": 1.0, ""37"": 0.33873760457306634, ""73"": 0.0, ""9"": 0.33873760457306634, ""76"": 0.0, ""15"": 1.0, ""50"": 0.0, ""25"": 1.0, ""88"": 0.0, ""55"": 0.1816640032143319}}"
228,foolsgold,foolsgold,"[43, 88, 61, 23, 78, 45, 5]","[4, 2, 44]","{""layer_name"": ""linear"", ""weights_by_client"": {""4"": 0.0, ""43"": 1.0, ""2"": 0.0, ""88"": 1.0, ""61"": 0.15317781197024105, ""23"": 0.7700230091337602, ""44"": 0.0, ""78"": 0.7700230091337602, ""45"": 0.9253149165322092, ""5"": 0.15317781197024105}}"
229,foolsgold,foolsgold,"[0, 50, 78, 45, 61, 8]","[10, 55, 79, 68]","{""layer_name"": ""linear"", ""weights_by_client"": {""0"": 1.0, ""50"": 1.0, ""78"": 1.0, ""10"": 0.0, ""45"": 1.0, ""55"": 0.0, ""79"": 0.0, ""61"": 0.9257513656701122, ""68"": 0.0, ""8"": 1.0}}"
230,foolsgold,foolsgold,"[80, 19, 7, 6]","[3, 66, 27, 62, 86, 2]","{""layer_name"": ""linear"", ""weights_by_client"": {""3"": 0.0, ""80"": 1.0, ""66"": 0.0, ""19"": 1.0, ""27"": 0.0, ""7"": 1.0, ""62"": 0.0, ""86"": 0.0, ""6"": 1.0, ""2"": 0.0}}"
231,foolsgold,foolsgold,"[26, 28, 96, 40, 75]","[4, 9, 97, 95, 2]","{""layer_name"": ""linear"", ""weights_by_client"": {""4"": 0.0, ""9"": 0.0, ""26"": 0.12442952819012149, ""28"": 1.0, ""97"": 0.0, ""96"": 0.4704506646062248, ""40"": 1.0, ""95"": 0.0, ""75"": 1.0, ""2"": 0.0}}"
232,foolsgold,foolsgold,"[1, 27, 99, 62, 39, 30, 23, 56, 74, 92]",[],"{""layer_name"": ""linear"", ""weights_by_client"": {""1"": 0.8067636397938516, ""27"": 1.0, ""99"": 0.6026773428768083, ""62"": 1.0, ""39"": 1.0, ""30"": 0.8067636397938516, ""23"": 1.0, ""56"": 0.6026773428768083, ""74"": 0.8614443737908497, ""92"": 0.8614443737908497}}"
233,foolsgold,foolsgold,"[98, 12, 90]","[1, 36, 80, 37, 13, 71, 0]","{""layer_name"": ""linear"", ""weights_by_client"": {""1"": 0.0, ""98"": 0.22457605329266683, ""36"": 0.0, ""80"": 0.0, ""37"": 0.0, ""13"": 0.0, ""71"": 0.0, ""0"": 0.0, ""12"": 1.0, ""90"": 1.0}}"
234,foolsgold,foolsgold,"[3, 74, 82, 16]","[87, 46, 79, 83, 89, 23]","{""layer_name"": ""linear"", ""weights_by_client"": {""3"": 1.0, ""87"": 0.0, ""74"": 0.4053817835576232, ""82"": 0.2318793044929484, ""46"": 0.0, ""79"": 0.0, ""16"": 1.0, ""83"": 0.0, ""89"": 0.0, ""23"": 0.0}}"
235,foolsgold,foolsgold,"[4, 39, 54, 6, 9, 70]","[34, 32, 14, 20]","{""layer_name"": ""linear"", ""weights_by_client"": {""4"": 1.0, ""39"": 0.7474025187860371, ""54"": 0.806573898072769, ""34"": 0.0, ""6"": 1.0, ""32"": 0.0, ""9"": 0.46357709288594956, ""14"": 0.0, ""70"": 0.46357709288594956, ""20"": 0.0}}"
236,foolsgold,foolsgold,"[4, 60, 77, 56, 46, 45]","[13, 34, 76, 11]","{""layer_name"": ""linear"", ""weights_by_client"": {""4"": 1.0, ""60"": 0.36016852628953744, ""77"": 0.36016852628953744, ""13"": 0.0, ""34"": 0.0, ""56"": 1.0, ""46"": 0.3731706101585389, ""76"": 0.0, ""45"": 0.6419327437360309, ""11"": 0.0}}"
237,foolsgold,foolsgold,"[25, 30, 73, 96, 78, 50]","[1, 4, 8, 48]","{""layer_name"": ""linear"", ""weights_by_client"": {""1"": 0.0, ""4"": 0.0, ""25"": 1.0, ""30"": 1.0, ""73"": 1.0, ""96"": 1.0, ""8"": 0.0, ""48"": 0.0, ""78"": 1.0, ""50"": 1.0}}"
238,foolsgold,foolsgold,"[3, 56, 75, 20]","[88, 83, 33, 28, 74, 38]","{""layer_name"": ""linear"", ""weights_by_client"": {""3"": 0.07032441573186304, ""88"": 0.0, ""56"": 0.2019831584268752, ""83"": 0.0, ""75"": 1.0, ""33"": 0.0, ""20"": 0.07032441573186304, ""28"": 0.0, ""74"": 0.0, ""38"": 0.0}}"
239,foolsgold,foolsgold,"[1, 72, 27, 93, 62, 96, 37]","[87, 46, 21]","{""layer_name"": ""linear"", ""weights_by_client"": {""1"": 1.0, ""72"": 1.0, ""87"": 0.0, ""27"": 0.9866842865792239, ""93"": 0.22176689476878841, ""62"": 0.9446959904962302, ""46"": 0.0, ""96"": 1.0, ""37"": 0.10800105781131014, ""21"": 0.0}}"
240,foolsgold,foolsgold,"[4, 65, 39, 50, 61, 93, 62, 31]","[32, 40]","{""layer_name"": ""linear"", ""weights_by_client"": {""4"": 1.0, ""65"": 0.23213225949175958, ""39"": 0.23213225949175958, ""50"": 0.14215518693686646, ""32"": 0.0, ""61"": 1.0, ""93"": 1.0, ""62"": 1.0, ""31"": 0.14215518693686646, ""40"": 0.0}}"
241,foolsgold,foolsgold,"[81, 42, 7, 95, 32, 58]","[4, 1, 94, 23]","{""layer_name"": ""linear"", ""weights_by_client"": {""4"": 0.0, ""81"": 1.0, ""42"": 1.0, ""7"": 1.0, ""95"": 1.0, ""32"": 1.0, ""1"": 0.0, ""94"": 0.0, ""23"": 0.0, ""58"": 1.0}}"
242,foolsgold,foolsgold,"[3, 88, 59, 74, 52]","[18, 11, 27, 10, 21]","{""layer_name"": ""linear"", ""weights_by_client"": {""3"": 1.0, ""18"": 0.0, ""88"": 1.0, ""11"": 0.0, ""59"": 1.0, ""74"": 0.715974170066981, ""27"": 0.0, ""10"": 0.0, ""52"": 1.0, ""21"": 0.0}}"
243,foolsgold,foolsgold,"[2, 43, 78]","[6, 46, 26, 21, 55, 57, 80]","{""layer_name"": ""linear"", ""weights_by_client"": {""2"": 1.0, ""6"": 0.0, ""43"": 1.0, ""46"": 0.0, ""26"": 0.0, ""21"": 0.0, ""55"": 0.0, ""57"": 0.0, ""80"": 0.0, ""78"": 0.7743719137296291}}"
244,foolsgold,foolsgold,"[84, 82, 87, 90, 66, 89]","[1, 36, 40, 32]","{""layer_name"": ""linear"", ""weights_by_client"": {""1"": 0.0, ""36"": 0.0, ""84"": 0.717859533675868, ""82"": 1.0, ""40"": 0.0, ""87"": 1.0, ""90"": 0.4837609525931207, ""66"": 0.717859533675868, ""32"": 0.0, ""89"": 0.4837609525931207}}"
245,foolsgold,foolsgold,"[3, 92, 63]","[19, 51, 72, 60, 98, 91, 76]","{""layer_name"": ""linear"", ""weights_by_client"": {""3"": 1.0, ""19"": 0.0, ""51"": 0.0, ""72"": 0.0, ""92"": 1.0, ""60"": 0.0, ""98"": 0.0, ""91"": 0.0, ""63"": 1.0, ""76"": 0.0}}"
246,foolsgold,foolsgold,"[1, 94, 35, 22]","[66, 86, 68, 73, 77, 11]","{""layer_name"": ""linear"", ""weights_by_client"": {""1"": 1.0, ""94"": 0.31214780842657225, ""66"": 0.0, ""86"": 0.0, ""68"": 0.0, ""73"": 0.0, ""35"": 1.0, ""77"": 0.0, ""11"": 0.0, ""22"": 0.30940643370756604}}"
247,foolsgold,foolsgold,"[4, 56, 57, 22, 65, 62, 33, 69]","[63, 64]","{""layer_name"": ""linear"", ""weights_by_client"": {""4"": 1.0, ""56"": 1.0, ""57"": 0.3377508578663633, ""22"": 0.3377508578663633, ""65"": 1.0, ""63"": 0.0, ""62"": 1.0, ""33"": 1.0, ""64"": 0.0, ""69"": 1.0}}"
248,foolsgold,foolsgold,"[7, 57, 49, 91, 22]","[3, 79, 11, 38, 2]","{""layer_name"": ""linear"", ""weights_by_client"": {""3"": 0.0, ""79"": 0.0, ""11"": 0.0, ""7"": 1.0, ""38"": 0.0, ""2"": 0.0, ""57"": 0.9300482792110671, ""49"": 0.0734887252870014, ""91"": 0.023701759114352905, ""22"": 0.023701759114352905}}"
249,foolsgold,foolsgold,"[4, 13, 63, 29]","[49, 80, 41, 24, 96, 37]","{""layer_name"": ""linear"", ""weights_by_client"": {""4"": 1.0, ""49"": 0.0, ""80"": 0.0, ""41"": 0.0, ""24"": 0.0, ""96"": 0.0, ""37"": 0.0, ""13"": 1.0, ""63"": 0.2935913735688572, ""29"": 1.0}}"
250,foolsgold,foolsgold,"[86, 7, 19, 37, 91]","[0, 66, 3, 34, 10]","{""layer_name"": ""linear"", ""weights_by_client"": {""0"": 0.0, ""86"": 0.24736956885049582, ""66"": 0.0, ""7"": 1.0, ""19"": 0.6186753672041871, ""3"": 0.0, ""37"": 1.0, ""34"": 0.0, ""10"": 0.0, ""91"": 0.6186753672041871}}"
251,foolsgold,foolsgold,"[59, 14, 73, 9, 18, 77, 32, 89]","[0, 36]","{""layer_name"": ""linear"", ""weights_by_client"": {""0"": 0.0, ""59"": 1.0, ""14"": 1.0, ""73"": 1.0, ""9"": 1.0, ""18"": 1.0, ""77"": 1.0, ""36"": 0.0, ""32"": 1.0, ""89"": 1.0}}"
252,foolsgold,foolsgold,"[1, 59, 8, 47]","[24, 55, 57, 68, 13, 38]","{""layer_name"": ""linear"", ""weights_by_client"": {""1"": 1.0, ""59"": 1.0, ""8"": 1.0, ""24"": 0.0, ""55"": 0.0, ""47"": 0.9068011234527535, ""57"": 0.0, ""68"": 0.0, ""13"": 0.0, ""38"": 0.0}}"
253,foolsgold,foolsgold,"[29, 46, 41, 11, 48]","[4, 51, 3, 75, 27]","{""layer_name"": ""linear"", ""weights_by_client"": {""4"": 0.0, ""51"": 0.0, ""29"": 0.45401118512510713, ""46"": 0.45401118512510713, ""41"": 1.0, ""3"": 0.0, ""11"": 0.6440506893223814, ""75"": 0.0, ""27"": 0.0, ""48"": 1.0}}"
254,foolsgold,foolsgold,"[9, 11, 15, 93, 39]","[1, 85, 4, 42, 66]","{""layer_name"": ""linear"", ""weights_by_client"": {""1"": 0.0, ""9"": 0.18957155455990377, ""85"": 0.0, ""11"": 0.2626241500906169, ""4"": 0.0, ""15"": 1.0, ""93"": 0.18957155455990377, ""42"": 0.0, ""66"": 0.0, ""39"": 0.8791878574078815}}"
255,foolsgold,foolsgold,"[2, 51, 57, 29, 12, 62, 8, 93]","[89, 6]","{""layer_name"": ""linear"", ""weights_by_client"": {""2"": 1.0, ""51"": 0.3366276329183735, ""57"": 0.3366276329183735, ""29"": 1.0, ""12"": 0.9963763866281459, ""62"": 0.6105905556035637, ""8"": 1.0, ""89"": 0.0, ""6"": 0.0, ""93"": 0.9963763866281459}}"
256,foolsgold,foolsgold,"[86, 89, 73, 25, 58, 47]","[0, 60, 36, 12]","{""layer_name"": ""linear"", ""weights_by_client"": {""0"": 0.0, ""86"": 1.0, ""89"": 1.0, ""60"": 0.0, ""36"": 0.0, ""73"": 1.0, ""25"": 1.0, ""12"": 0.0, ""58"": 0.4646495570517404, ""47"": 1.0}}"
257,foolsgold,foolsgold,"[64, 30, 24, 91, 90]","[3, 4, 0, 14, 57]","{""layer_name"": ""linear"", ""weights_by_client"": {""3"": 0.0, ""4"": 0.0, ""64"": 1.0, ""30"": 1.0, ""0"": 0.0, ""24"": 0.9416390370132682, ""14"": 0.0, ""91"": 1.0, ""90"": 0.9416390370132682, ""57"": 0.0}}"
258,foolsgold,foolsgold,"[1, 28, 31, 62, 85, 11]","[59, 77, 82, 6]","{""layer_name"": ""linear"", ""weights_by_client"": {""1"": 1.0, ""59"": 0.0, ""28"": 1.0, ""31"": 1.0, ""77"": 0.0, ""62"": 1.0, ""82"": 0.0, ""85"": 0.5901552820570208, ""6"": 0.0, ""11"": 0.5901552820570208}}"
259,foolsgold,foolsgold,"[0, 38, 22, 53, 21]","[13, 85, 73, 10, 71]","{""layer_name"": ""linear"", ""weights_by_client"": {""0"": 1.0, ""13"": 0.0, ""85"": 0.0, ""38"": 0.9820413019872707, ""73"": 0.0, ""22"": 0.8229462123898814, ""53"": 1.0, ""21"": 1.0, ""10"": 0.0, ""71"": 0.0}}"
260,foolsgold,foolsgold,"[93, 54]","[4, 21, 87, 34, 1, 0, 10, 27]","{""layer_name"": ""linear"", ""weights_by_client"": {""4"": 0.0, ""21"": 0.0, ""93"": 1.0, ""87"": 0.0, ""34"": 0.0, ""1"": 0.0, ""0"": 0.0, ""54"": 1.0, ""10"": 0.0, ""27"": 0.0}}"
261,foolsgold,foolsgold,"[4, 35, 89, 7, 22]","[49, 43, 76, 55, 52]","{""layer_name"": ""linear"", ""weights_by_client"": {""4"": 1.0, ""49"": 0.0, ""43"": 0.0, ""35"": 1.0, ""89"": 0.19522039113053502, ""76"": 0.0, ""55"": 0.0, ""52"": 0.0, ""7"": 1.0, ""22"": 1.0}}"
262,foolsgold,foolsgold,"[11, 35, 32, 70, 93, 6, 61]","[2, 44, 36]","{""layer_name"": ""linear"", ""weights_by_client"": {""2"": 0.0, ""11"": 1.0, ""35"": 0.3957969996126356, ""32"": 1.0, ""44"": 0.0, ""70"": 0.8821757033112698, ""93"": 1.0, ""6"": 0.42042821636387406, ""36"": 0.0, ""61"": 0.3957969996126356}}"
263,foolsgold,foolsgold,"[9, 72, 92, 5, 39, 7, 11]","[0, 4, 44]","{""layer_name"": ""linear"", ""weights_by_client"": {""0"": 0.0, ""9"": 0.9012203003541897, ""72"": 1.0, ""92"": 1.0, ""4"": 0.0, ""5"": 0.9012203003541897, ""39"": 0.4139494036060586, ""44"": 0.0, ""7"": 1.0, ""11"": 0.4139494036060586}}"
264,foolsgold,foolsgold,"[2, 96, 32, 9, 15, 74, 42, 81]","[91, 79]","{""layer_name"": ""linear"", ""weights_by_client"": {""2"": 1.0, ""96"": 0.1061026129146907, ""32"": 0.8911097112007742, ""9"": 0.1061026129146907, ""91"": 0.0, ""15"": 1.0, ""74"": 0.8825159424636653, ""42"": 1.0, ""79"": 0.0, ""81"": 0.13787044176017615}}"
265,foolsgold,foolsgold,"[77, 25, 97]","[3, 8, 20, 62, 52, 90, 36]","{""layer_name"": ""linear"", ""weights_by_client"": {""3"": 0.0, ""8"": 0.0, ""20"": 0.0, ""62"": 0.0, ""52"": 0.0, ""77"": 0.45462753313645793, ""25"": 1.0, ""90"": 0.0, ""36"": 0.0, ""97"": 1.0}}"
266,foolsgold,foolsgold,"[3, 63, 78, 56, 54, 7, 42, 33, 65, 43]",[],"{""layer_name"": ""linear"", ""weights_by_client"": {""3"": 1.0, ""63"": 0.21233829210061206, ""78"": 0.21233829210061206, ""56"": 1.0, ""54"": 0.18403559759033206, ""7"": 1.0, ""42"": 1.0, ""33"": 1.0, ""65"": 0.18403559759033206, ""43"": 1.0}}"
267,foolsgold,foolsgold,"[20, 41, 61, 45, 35, 22, 23, 40]","[3, 1]","{""layer_name"": ""linear"", ""weights_by_client"": {""3"": 0.0, ""20"": 0.7295897780194602, ""41"": 1.0, ""61"": 0.468656569503043, ""45"": 0.7294193381953131, ""1"": 0.0, ""35"": 0.468656569503043, ""22"": 1.0, ""23"": 0.9396979570366135, ""40"": 1.0}}"
268,foolsgold,foolsgold,"[3, 34, 97, 8, 50, 96, 89, 65]","[76, 85]","{""layer_name"": ""linear"", ""weights_by_client"": {""3"": 1.0, ""34"": 0.9234855721245419, ""97"": 0.8924808664658288, ""8"": 1.0, ""50"": 1.0, ""76"": 0.0, ""85"": 0.0, ""96"": 1.0, ""89"": 0.6801750783515261, ""65"": 0.6801750783515261}}"
269,foolsgold,foolsgold,"[3, 15, 44, 95]","[97, 94, 98, 63, 34, 14]","{""layer_name"": ""linear"", ""weights_by_client"": {""3"": 0.05056336901356595, ""97"": 0.0, ""15"": 1.0, ""94"": 0.0, ""98"": 0.0, ""63"": 0.0, ""44"": 0.05056336901356595, ""34"": 0.0, ""14"": 0.0, ""95"": 1.0}}"
270,foolsgold,foolsgold,"[4, 15, 39, 72, 49, 8]","[21, 64, 14, 13]","{""layer_name"": ""linear"", ""weights_by_client"": {""4"": 1.0, ""21"": 0.0, ""64"": 0.0, ""14"": 0.0, ""15"": 1.0, ""39"": 1.0, ""72"": 1.0, ""13"": 0.0, ""49"": 1.0, ""8"": 1.0}}"
271,foolsgold,foolsgold,"[72, 86, 43, 63]","[2, 3, 10, 73, 64, 46]","{""layer_name"": ""linear"", ""weights_by_client"": {""2"": 0.0, ""72"": 1.0, ""3"": 0.0, ""10"": 0.0, ""73"": 0.0, ""64"": 0.0, ""86"": 1.0, ""43"": 1.0, ""46"": 0.0, ""63"": 0.3002154404667078}}"
272,foolsgold,foolsgold,"[0, 72, 22, 95]","[52, 63, 71, 49, 42, 6]","{""layer_name"": ""linear"", ""weights_by_client"": {""0"": 1.0, ""72"": 0.9378023296533646, ""22"": 0.5998907476677248, ""52"": 0.0, ""63"": 0.0, ""95"": 0.6286372926442758, ""71"": 0.0, ""49"": 0.0, ""42"": 0.0, ""6"": 0.0}}"
273,foolsgold,foolsgold,"[35, 94, 38, 80]","[2, 12, 39, 36, 96, 18]","{""layer_name"": ""linear"", ""weights_by_client"": {""2"": 0.0, ""35"": 1.0, ""94"": 0.4524663885656161, ""38"": 0.6547757212205332, ""12"": 0.0, ""39"": 0.0, ""36"": 0.0, ""96"": 0.0, ""18"": 0.0, ""80"": 1.0}}"
274,foolsgold,foolsgold,"[99, 96, 52, 64, 81, 68]","[2, 19, 3, 69]","{""layer_name"": ""linear"", ""weights_by_client"": {""2"": 0.0, ""99"": 1.0, ""19"": 0.0, ""96"": 1.0, ""52"": 1.0, ""64"": 1.0, ""81"": 0.155654027114437, ""3"": 0.0, ""68"": 0.155654027114437, ""69"": 0.0}}"
275,foolsgold,foolsgold,"[45, 6, 9, 16, 57, 86]","[0, 90, 43, 30]","{""layer_name"": ""linear"", ""weights_by_client"": {""0"": 0.0, ""90"": 0.0, ""45"": 1.0, ""6"": 1.0, ""9"": 1.0, ""43"": 0.0, ""16"": 1.0, ""30"": 0.0, ""57"": 1.0, ""86"": 0.8901768351964054}}"
276,foolsgold,foolsgold,"[4, 99, 23, 33, 80]","[85, 54, 53, 66, 57]","{""layer_name"": ""linear"", ""weights_by_client"": {""4"": 1.0, ""85"": 0.0, ""54"": 0.0, ""99"": 0.7099081097081874, ""23"": 0.7099081097081874, ""53"": 0.0, ""66"": 0.0, ""33"": 1.0, ""80"": 1.0, ""57"": 0.0}}"
277,foolsgold,foolsgold,"[0, 19, 33, 73]","[38, 9, 53, 93, 86, 65]","{""layer_name"": ""linear"", ""weights_by_client"": {""0"": 1.0, ""38"": 0.0, ""19"": 1.0, ""33"": 1.0, ""9"": 0.0, ""53"": 0.0, ""93"": 0.0, ""73"": 1.0, ""86"": 0.0, ""65"": 0.0}}"
278,foolsgold,foolsgold,"[20, 69]","[0, 38, 1, 57, 49, 85, 11, 84]","{""layer_name"": ""linear"", ""weights_by_client"": {""0"": 0.0, ""38"": 0.0, ""20"": 1.0, ""1"": 0.0, ""57"": 0.0, ""49"": 0.0, ""85"": 0.0, ""69"": 1.0, ""11"": 0.0, ""84"": 0.0}}"
279,foolsgold,foolsgold,"[0, 6, 69, 29, 47, 74, 61]","[55, 10, 34]","{""layer_name"": ""linear"", ""weights_by_client"": {""0"": 1.0, ""6"": 0.38667916246672196, ""55"": 0.0, ""69"": 1.0, ""10"": 0.0, ""34"": 0.0, ""29"": 1.0, ""47"": 0.18676206547427587, ""74"": 0.26800222691104825, ""61"": 0.38667916246672196}}"
280,foolsgold,foolsgold,"[1, 86, 29, 77, 84, 60, 51, 53]","[96, 95]","{""layer_name"": ""linear"", ""weights_by_client"": {""1"": 1.0, ""86"": 1.0, ""29"": 0.9368147533549424, ""77"": 0.5423491976350131, ""96"": 0.0, ""84"": 1.0, ""60"": 0.5423491976350131, ""51"": 1.0, ""53"": 0.23618273777023518, ""95"": 0.0}}"
281,foolsgold,foolsgold,"[0, 7, 41, 16, 59, 11, 42, 5]","[88, 33]","{""layer_name"": ""linear"", ""weights_by_client"": {""0"": 1.0, ""88"": 0.0, ""7"": 1.0, ""41"": 1.0, ""33"": 0.0, ""16"": 0.20464963409752224, ""59"": 1.0, ""11"": 0.42723035275727644, ""42"": 0.42723035275727644, ""5"": 1.0}}"
282,foolsgold,foolsgold,"[64, 56, 11, 89, 45, 15]","[0, 2, 59, 97]","{""layer_name"": ""linear"", ""weights_by_client"": {""0"": 0.0, ""64"": 0.1765858523422399, ""56"": 1.0, ""2"": 0.0, ""11"": 0.9655810796960422, ""89"": 0.1765858523422399, ""59"": 0.0, ""45"": 1.0, ""97"": 0.0, ""15"": 1.0}}"
283,foolsgold,foolsgold,"[58, 71, 33, 23, 65, 48]","[4, 0, 61, 37]","{""layer_name"": ""linear"", ""weights_by_client"": {""4"": 0.0, ""0"": 0.0, ""58"": 0.2843391829273049, ""61"": 0.0, ""71"": 1.0, ""33"": 1.0, ""23"": 0.5385966363238375, ""65"": 0.6410999359564715, ""37"": 0.0, ""48"": 0.2843391829273049}}"
284,foolsgold,foolsgold,"[2, 59, 56, 68]","[14, 81, 55, 62, 6, 63]","{""layer_name"": ""linear"", ""weights_by_client"": {""2"": 1.0, ""59"": 1.0, ""56"": 1.0, ""14"": 0.0, ""68"": 0.13618866369635163, ""81"": 0.0, ""55"": 0.0, ""62"": 0.0, ""6"": 0.0, ""63"": 0.0}}"
285,foolsgold,foolsgold,"[1, 89, 12, 78, 93, 21, 23, 30]","[71, 98]","{""layer_name"": ""linear"", ""weights_by_client"": {""1"": 1.0, ""89"": 0.7289882453132965, ""12"": 1.0, ""78"": 1.0, ""93"": 1.0, ""21"": 1.0, ""23"": 0.7289882453132965, ""71"": 0.0, ""98"": 0.0, ""30"": 1.0}}"
286,foolsgold,foolsgold,"[16, 34, 82, 20, 15, 47]","[2, 76, 27, 1]","{""layer_name"": ""linear"", ""weights_by_client"": {""2"": 0.0, ""76"": 0.0, ""16"": 1.0, ""34"": 0.1429062562779338, ""27"": 0.0, ""1"": 0.0, ""82"": 1.0, ""20"": 1.0, ""15"": 1.0, ""47"": 1.0}}"
287,foolsgold,foolsgold,"[1, 58, 96, 47, 69, 29]","[23, 80, 63, 26]","{""layer_name"": ""linear"", ""weights_by_client"": {""1"": 1.0, ""58"": 1.0, ""23"": 0.0, ""96"": 1.0, ""47"": 0.9092001957818959, ""80"": 0.0, ""63"": 0.0, ""69"": 0.9092001957818959, ""29"": 1.0, ""26"": 0.0}}"
288,foolsgold,foolsgold,"[60, 89, 7, 68, 87, 74, 14, 22]","[3, 36]","{""layer_name"": ""linear"", ""weights_by_client"": {""3"": 0.0, ""60"": 0.13134281623432625, ""36"": 0.0, ""89"": 0.09061846005516844, ""7"": 1.0, ""68"": 0.09061846005516844, ""87"": 0.45320522099391136, ""74"": 0.45320522099391136, ""14"": 1.0, ""22"": 0.13134281623432625}}"
289,foolsgold,foolsgold,"[0, 45, 35, 37, 89, 81]","[76, 75, 60, 99]","{""layer_name"": ""linear"", ""weights_by_client"": {""0"": 1.0, ""45"": 0.38920784841780287, ""76"": 0.0, ""75"": 0.0, ""35"": 0.38920784841780287, ""37"": 0.4515503353273394, ""89"": 0.4515503353273394, ""60"": 0.0, ""81"": 0.6843240714267487, ""99"": 0.0}}"
290,foolsgold,foolsgold,"[76, 95, 69, 70, 23, 86]","[3, 4, 12, 22]","{""layer_name"": ""linear"", ""weights_by_client"": {""3"": 0.0, ""76"": 1.0, ""95"": 0.7774339198535978, ""69"": 1.0, ""70"": 0.5274482447576175, ""4"": 0.0, ""12"": 0.0, ""23"": 0.9485550148760902, ""86"": 1.0, ""22"": 0.0}}"
291,foolsgold,foolsgold,"[2, 97, 8, 69, 28, 13]","[52, 17, 54, 96]","{""layer_name"": ""linear"", ""weights_by_client"": {""2"": 1.0, ""97"": 0.9760678121513924, ""52"": 0.0, ""17"": 0.0, ""8"": 1.0, ""69"": 0.05013536937218699, ""28"": 0.05013536937218699, ""54"": 0.0, ""13"": 0.9760678121513924, ""96"": 0.0}}"
292,foolsgold,foolsgold,"[0, 72, 20, 85, 9, 52]","[70, 5, 46, 63]","{""layer_name"": ""linear"", ""weights_by_client"": {""0"": 1.0, ""72"": 0.6422432434805345, ""70"": 0.0, ""5"": 0.0, ""20"": 1.0, ""46"": 0.0, ""63"": 0.0, ""85"": 1.0, ""9"": 1.0, ""52"": 1.0}}"
293,foolsgold,foolsgold,"[1, 95, 51, 59, 8, 29]","[92, 7, 84, 31]","{""layer_name"": ""linear"", ""weights_by_client"": {""1"": 1.0, ""92"": 0.0, ""7"": 0.0, ""95"": 0.21881216969260875, ""84"": 0.0, ""51"": 1.0, ""31"": 0.0, ""59"": 0.21881216969260875, ""8"": 1.0, ""29"": 1.0}}"
294,foolsgold,foolsgold,"[80, 46, 41, 16, 51, 49]","[2, 44, 14, 57]","{""layer_name"": ""linear"", ""weights_by_client"": {""2"": 0.0, ""44"": 0.0, ""80"": 1.0, ""46"": 1.0, ""14"": 0.0, ""41"": 1.0, ""16"": 1.0, ""51"": 0.6605561292233283, ""57"": 0.0, ""49"": 1.0}}"
295,foolsgold,foolsgold,"[0, 56, 91, 53, 20, 52, 51]","[74, 45, 70]","{""layer_name"": ""linear"", ""weights_by_client"": {""0"": 1.0, ""56"": 0.10105202909028332, ""91"": 0.5608015256615884, ""53"": 1.0, ""20"": 0.10105202909028332, ""74"": 0.0, ""52"": 1.0, ""45"": 0.0, ""70"": 0.0, ""51"": 1.0}}"
296,foolsgold,foolsgold,"[1, 50, 7, 47, 32, 66, 63, 25]","[17, 49]","{""layer_name"": ""linear"", ""weights_by_client"": {""1"": 1.0, ""50"": 1.0, ""7"": 1.0, ""17"": 0.0, ""47"": 0.889773761417655, ""32"": 1.0, ""49"": 0.0, ""66"": 0.889773761417655, ""63"": 1.0, ""25"": 0.7511538603374576}}"
297,foolsgold,foolsgold,"[8, 80]","[1, 19, 23, 42, 36, 47, 6, 71]","{""layer_name"": ""linear"", ""weights_by_client"": {""1"": 0.0, ""8"": 1.0, ""80"": 1.0, ""19"": 0.0, ""23"": 0.0, ""42"": 0.0, ""36"": 0.0, ""47"": 0.0, ""6"": 0.0, ""71"": 0.0}}"
298,foolsgold,foolsgold,"[79, 72, 60, 84]","[0, 50, 35, 3, 57, 27]","{""layer_name"": ""linear"", ""weights_by_client"": {""0"": 0.0, ""50"": 0.0, ""79"": 1.0, ""35"": 0.0, ""3"": 0.0, ""57"": 0.0, ""72"": 0.13643398652934347, ""60"": 0.13643398652934347, ""27"": 0.0, ""84"": 1.0}}"
299,foolsgold,foolsgold,"[4, 64, 13, 69, 16, 8]","[26, 82, 37, 97]","{""layer_name"": ""linear"", ""weights_by_client"": {""4"": 1.0, ""64"": 1.0, ""13"": 1.0, ""69"": 1.0, ""26"": 0.0, ""82"": 0.0, ""37"": 0.0, ""16"": 1.0, ""97"": 0.0, ""8"": 1.0}}"
300,foolsgold,foolsgold,"[56, 50, 70, 38]","[0, 82, 1, 42, 66, 37]","{""layer_name"": ""linear"", ""weights_by_client"": {""0"": 0.0, ""82"": 0.0, ""1"": 0.0, ""56"": 1.0, ""50"": 0.38242738854515423, ""42"": 0.0, ""70"": 0.38242738854515423, ""38"": 0.3160348153001659, ""66"": 0.0, ""37"": 0.0}}"
301,foolsgold,foolsgold,"[92, 97, 73, 30]","[1, 4, 0, 36, 56, 8]","{""layer_name"": ""linear"", ""weights_by_client"": {""1"": 0.0, ""92"": 1.0, ""97"": 1.0, ""73"": 1.0, ""30"": 0.39854657316835657, ""4"": 0.0, ""0"": 0.0, ""36"": 0.0, ""56"": 0.0, ""8"": 0.0}}"
302,foolsgold,foolsgold,"[90, 84, 92, 91, 69, 78]","[1, 41, 54, 0]","{""layer_name"": ""linear"", ""weights_by_client"": {""1"": 0.0, ""90"": 1.0, ""41"": 0.0, ""84"": 1.0, ""92"": 1.0, ""54"": 0.0, ""0"": 0.0, ""91"": 1.0, ""69"": 1.0, ""78"": 1.0}}"
303,foolsgold,foolsgold,"[73, 88, 61, 80]","[3, 5, 50, 36, 32, 48]","{""layer_name"": ""linear"", ""weights_by_client"": {""3"": 0.0, ""5"": 0.0, ""50"": 0.0, ""36"": 0.0, ""73"": 1.0, ""88"": 0.0746861394906212, ""32"": 0.0, ""61"": 0.046687683452427575, ""48"": 0.0, ""80"": 1.0}}"
304,foolsgold,foolsgold,"[0, 79, 7, 71]","[37, 60, 82, 41, 96, 32]","{""layer_name"": ""linear"", ""weights_by_client"": {""0"": 1.0, ""37"": 0.0, ""60"": 0.0, ""79"": 1.0, ""7"": 1.0, ""82"": 0.0, ""41"": 0.0, ""96"": 0.0, ""71"": 0.8961128504873634, ""32"": 0.0}}"
305,foolsgold,foolsgold,"[61, 63, 84, 74]","[0, 34, 2, 17, 68, 4]","{""layer_name"": ""linear"", ""weights_by_client"": {""0"": 0.0, ""34"": 0.0, ""61"": 0.7522857686424124, ""2"": 0.0, ""17"": 0.0, ""63"": 0.7522857686424124, ""84"": 1.0, ""68"": 0.0, ""74"": 1.0, ""4"": 0.0}}"
306,foolsgold,foolsgold,"[59, 15, 25, 88]","[1, 55, 34, 48, 0, 99]","{""layer_name"": ""linear"", ""weights_by_client"": {""1"": 0.0, ""59"": 1.0, ""55"": 0.0, ""34"": 0.0, ""48"": 0.0, ""15"": 1.0, ""25"": 1.0, ""0"": 0.0, ""88"": 1.0, ""99"": 0.0}}"
307,foolsgold,foolsgold,"[0, 42, 81, 7, 16, 80, 70, 63, 43, 39]",[],"{""layer_name"": ""linear"", ""weights_by_client"": {""0"": 1.0, ""42"": 0.6548055439526744, ""81"": 0.23997133014554128, ""7"": 0.7825239644112529, ""16"": 1.0, ""80"": 0.23997133014554128, ""70"": 0.776459452433661, ""63"": 0.7825239644112529, ""43"": 0.776459452433661, ""39"": 0.6548055439526744}}"
308,foolsgold,foolsgold,"[70, 24, 40]","[3, 27, 66, 0, 37, 63, 4]","{""layer_name"": ""linear"", ""weights_by_client"": {""3"": 0.0, ""27"": 0.0, ""70"": 1.0, ""66"": 0.0, ""0"": 0.0, ""37"": 0.0, ""24"": 1.0, ""63"": 0.0, ""40"": 1.0, ""4"": 0.0}}"
309,foolsgold,foolsgold,"[21, 22, 65, 45, 41]","[3, 66, 42, 0, 57]","{""layer_name"": ""linear"", ""weights_by_client"": {""3"": 0.0, ""21"": 1.0, ""66"": 0.0, ""22"": 1.0, ""65"": 0.026106223971996523, ""42"": 0.0, ""0"": 0.0, ""57"": 0.0, ""45"": 1.0, ""41"": 0.026106223971996523}}"
310,foolsgold,foolsgold,"[48, 69, 47, 10, 41]","[1, 24, 2, 89, 18]","{""layer_name"": ""linear"", ""weights_by_client"": {""1"": 0.0, ""24"": 0.0, ""2"": 0.0, ""48"": 0.3457411337960261, ""89"": 0.0, ""18"": 0.0, ""69"": 1.0, ""47"": 0.5192893061531484, ""10"": 0.5192893061531484, ""41"": 1.0}}"
311,foolsgold,foolsgold,"[2, 8, 15, 25, 43, 21, 33, 11]","[60, 12]","{""layer_name"": ""linear"", ""weights_by_client"": {""2"": 1.0, ""8"": 1.0, ""15"": 1.0, ""25"": 1.0, ""43"": 1.0, ""21"": 1.0, ""33"": 1.0, ""60"": 0.0, ""11"": 1.0, ""12"": 0.0}}"
312,foolsgold,foolsgold,"[61, 87, 93]","[3, 71, 66, 98, 45, 1, 47]","{""layer_name"": ""linear"", ""weights_by_client"": {""3"": 0.0, ""71"": 0.0, ""66"": 0.0, ""61"": 0.7960298825507188, ""87"": 0.6314452024778757, ""98"": 0.0, ""45"": 0.0, ""1"": 0.0, ""93"": 1.0, ""47"": 0.0}}"
313,foolsgold,foolsgold,"[0, 27, 96, 89, 16, 35]","[80, 68, 82, 12]","{""layer_name"": ""linear"", ""weights_by_client"": {""0"": 1.0, ""27"": 1.0, ""80"": 0.0, ""96"": 1.0, ""89"": 0.021936972292003254, ""16"": 0.36896599028108745, ""68"": 0.0, ""82"": 0.0, ""35"": 0.36896599028108745, ""12"": 0.0}}"
314,foolsgold,foolsgold,"[4, 46, 96, 12, 14, 92]","[3, 38, 17, 2]","{""layer_name"": ""linear"", ""weights_by_client"": {""4"": 0.05670277375201077, ""3"": 0.0, ""46"": 1.0, ""96"": 1.0, ""12"": 1.0, ""38"": 0.0, ""14"": 1.0, ""17"": 0.0, ""2"": 0.0, ""92"": 1.0}}"
315,foolsgold,foolsgold,"[48, 43]","[0, 64, 34, 81, 6, 36, 95, 9]","{""layer_name"": ""linear"", ""weights_by_client"": {""0"": 0.0, ""64"": 0.0, ""34"": 0.0, ""81"": 0.0, ""6"": 0.0, ""36"": 0.0, ""95"": 0.0, ""48"": 1.0, ""9"": 0.0, ""43"": 1.0}}"
316,foolsgold,foolsgold,"[75, 78, 28, 99, 61, 53, 90, 80]","[3, 20]","{""layer_name"": ""linear"", ""weights_by_client"": {""3"": 0.0, ""75"": 1.0, ""78"": 0.6506557930056251, ""28"": 1.0, ""99"": 1.0, ""20"": 0.0, ""61"": 0.6506557930056251, ""53"": 0.979125979760086, ""90"": 0.979125979760086, ""80"": 0.9706016178322191}}"
317,foolsgold,foolsgold,"[1, 49, 34, 29]","[72, 74, 75, 58, 66, 60]","{""layer_name"": ""linear"", ""weights_by_client"": {""1"": 1.0, ""49"": 1.0, ""72"": 0.0, ""74"": 0.0, ""75"": 0.0, ""34"": 0.21428041952154953, ""58"": 0.0, ""29"": 1.0, ""66"": 0.0, ""60"": 0.0}}"
318,foolsgold,foolsgold,"[4, 26, 20, 87, 48, 78]","[6, 73, 23, 27]","{""layer_name"": ""linear"", ""weights_by_client"": {""4"": 1.0, ""26"": 1.0, ""6"": 0.0, ""73"": 0.0, ""20"": 1.0, ""87"": 0.9830881928338191, ""48"": 1.0, ""23"": 0.0, ""27"": 0.0, ""78"": 1.0}}"
319,foolsgold,foolsgold,"[0, 49, 7, 47, 53, 26, 6, 57, 11, 20]",[],"{""layer_name"": ""linear"", ""weights_by_client"": {""0"": 1.0, ""49"": 1.0, ""7"": 1.0, ""47"": 0.41342228745141163, ""53"": 0.5349465465160511, ""26"": 1.0, ""6"": 0.5349465465160511, ""57"": 0.41342228745141163, ""11"": 0.6907546195145715, ""20"": 1.0}}"
320,foolsgold,foolsgold,"[2, 16, 27, 79, 39, 41]","[62, 12, 18, 83]","{""layer_name"": ""linear"", ""weights_by_client"": {""2"": 1.0, ""16"": 1.0, ""27"": 1.0, ""62"": 0.0, ""79"": 0.6001340355235654, ""39"": 0.16047749736350747, ""12"": 0.0, ""18"": 0.0, ""83"": 0.0, ""41"": 0.16047749736350747}}"
321,foolsgold,foolsgold,"[4, 9, 29, 56, 50, 37, 25, 39]","[73, 75]","{""layer_name"": ""linear"", ""weights_by_client"": {""4"": 1.0, ""9"": 0.5749876383647183, ""73"": 0.0, ""29"": 1.0, ""56"": 0.3818307833785065, ""50"": 1.0, ""75"": 0.0, ""37"": 0.5749876383647183, ""25"": 0.3818307833785065, ""39"": 1.0}}"
322,foolsgold,foolsgold,"[1, 45, 87, 89, 25, 11, 40, 95]","[55, 85]","{""layer_name"": ""linear"", ""weights_by_client"": {""1"": 1.0, ""55"": 0.0, ""45"": 0.6554671011659383, ""87"": 0.6554671011659383, ""89"": 0.9813682013005667, ""25"": 1.0, ""11"": 1.0, ""85"": 0.0, ""40"": 1.0, ""95"": 1.0}}"
323,foolsgold,foolsgold,"[48, 54, 16, 5]","[2, 89, 77, 36, 71, 98]","{""layer_name"": ""linear"", ""weights_by_client"": {""2"": 0.0, ""89"": 0.0, ""77"": 0.0, ""36"": 0.0, ""48"": 1.0, ""54"": 1.0, ""71"": 0.0, ""98"": 0.0, ""16"": 1.0, ""5"": 0.6463133760166515}}"
324,foolsgold,foolsgold,"[4, 41, 30, 84, 69]","[75, 14, 38, 49, 90]","{""layer_name"": ""linear"", ""weights_by_client"": {""4"": 0.4621927119676137, ""75"": 0.0, ""41"": 1.0, ""14"": 0.0, ""38"": 0.0, ""49"": 0.0, ""90"": 0.0, ""30"": 0.4621927119676137, ""84"": 1.0, ""69"": 1.0}}"
325,foolsgold,foolsgold,"[3, 80, 62, 53, 30, 31, 87]","[71, 75, 98]","{""layer_name"": ""linear"", ""weights_by_client"": {""3"": 0.7939385229854964, ""80"": 1.0, ""71"": 0.0, ""75"": 0.0, ""62"": 1.0, ""53"": 1.0, ""30"": 0.7939385229854964, ""31"": 1.0, ""87"": 1.0, ""98"": 0.0}}"
326,foolsgold,foolsgold,"[26, 20, 27, 31, 29]","[0, 17, 2, 36, 89]","{""layer_name"": ""linear"", ""weights_by_client"": {""0"": 0.0, ""17"": 0.0, ""26"": 1.0, ""2"": 0.0, ""36"": 0.0, ""20"": 0.3508540371026152, ""27"": 1.0, ""31"": 1.0, ""29"": 0.3508540371026152, ""89"": 0.0}}"
327,foolsgold,foolsgold,"[4, 68, 81, 31, 50, 0]","[98, 14, 85, 73]","{""layer_name"": ""linear"", ""weights_by_client"": {""4"": 0.45716882153181876, ""68"": 1.0, ""81"": 0.2986154392738891, ""98"": 0.0, ""31"": 1.0, ""14"": 0.0, ""85"": 0.0, ""73"": 0.0, ""50"": 1.0, ""0"": 0.45716882153181876}}"
328,foolsgold,foolsgold,"[93, 92, 20]","[1, 42, 4, 79, 85, 64, 3]","{""layer_name"": ""linear"", ""weights_by_client"": {""1"": 0.0, ""42"": 0.0, ""4"": 0.0, ""79"": 0.0, ""93"": 1.0, ""92"": 1.0, ""85"": 0.0, ""20"": 0.3344426126530011, ""64"": 0.0, ""3"": 0.0}}"
329,foolsgold,foolsgold,"[70, 49]","[2, 0, 4, 40, 32, 56, 55, 66]","{""layer_name"": ""linear"", ""weights_by_client"": {""2"": 0.0, ""0"": 0.0, ""4"": 0.0, ""40"": 0.0, ""32"": 0.0, ""70"": 1.0, ""56"": 0.0, ""49"": 1.0, ""55"": 0.0, ""66"": 0.0}}"
330,foolsgold,foolsgold,"[2, 60, 84, 20, 50, 95, 41]","[6, 64, 21]","{""layer_name"": ""linear"", ""weights_by_client"": {""2"": 1.0, ""60"": 1.0, ""6"": 0.0, ""64"": 0.0, ""84"": 1.0, ""20"": 1.0, ""50"": 0.5727510074516536, ""95"": 0.6071361195970547, ""21"": 0.0, ""41"": 0.6071361195970547}}"
331,foolsgold,foolsgold,"[78, 55, 26]","[3, 94, 65, 54, 53, 4, 46]","{""layer_name"": ""linear"", ""weights_by_client"": {""3"": 0.0, ""94"": 0.0, ""65"": 0.0, ""78"": 1.0, ""54"": 0.0, ""55"": 1.0, ""26"": 1.0, ""53"": 0.0, ""4"": 0.0, ""46"": 0.0}}"
332,foolsgold,foolsgold,"[1, 25, 68, 8, 26, 73]","[63, 72, 19, 6]","{""layer_name"": ""linear"", ""weights_by_client"": {""1"": 1.0, ""63"": 0.0, ""25"": 1.0, ""68"": 1.0, ""8"": 1.0, ""72"": 0.0, ""19"": 0.0, ""26"": 1.0, ""6"": 0.0, ""73"": 1.0}}"
333,foolsgold,foolsgold,"[78, 75, 70, 38, 64]","[3, 4, 12, 22, 60]","{""layer_name"": ""linear"", ""weights_by_client"": {""3"": 0.0, ""4"": 0.0, ""12"": 0.0, ""78"": 0.6861605666309591, ""75"": 1.0, ""70"": 0.7233326015878374, ""22"": 0.0, ""38"": 0.5211279761110726, ""60"": 0.0, ""64"": 0.5211279761110726}}"
334,foolsgold,foolsgold,"[0, 88, 60, 47]","[81, 13, 68, 89, 51, 18]","{""layer_name"": ""linear"", ""weights_by_client"": {""0"": 1.0, ""81"": 0.0, ""88"": 1.0, ""60"": 0.30735748359727333, ""47"": 0.989946413875662, ""13"": 0.0, ""68"": 0.0, ""89"": 0.0, ""51"": 0.0, ""18"": 0.0}}"
335,foolsgold,foolsgold,"[81, 84, 25, 52]","[0, 1, 73, 65, 85, 53]","{""layer_name"": ""linear"", ""weights_by_client"": {""0"": 0.0, ""1"": 0.0, ""73"": 0.0, ""65"": 0.0, ""85"": 0.0, ""81"": 0.8599440261540146, ""84"": 1.0, ""53"": 0.0, ""25"": 1.0, ""52"": 0.9903675453375381}}"
336,foolsgold,foolsgold,"[3, 88, 23, 65, 84, 9]","[68, 55, 70, 74]","{""layer_name"": ""linear"", ""weights_by_client"": {""3"": 1.0, ""68"": 0.0, ""88"": 1.0, ""23"": 0.3125121907473788, ""65"": 0.5705769720874116, ""84"": 0.8499814332909896, ""9"": 0.9970831676240833, ""55"": 0.0, ""70"": 0.0, ""74"": 0.0}}"
337,foolsgold,foolsgold,"[65, 88, 68, 9, 21, 63]","[3, 1, 49, 52]","{""layer_name"": ""linear"", ""weights_by_client"": {""3"": 0.0, ""1"": 0.0, ""49"": 0.0, ""52"": 0.0, ""65"": 0.6964716820057708, ""88"": 1.0, ""68"": 1.0, ""9"": 1.0, ""21"": 0.048336499499154584, ""63"": 0.048336499499154584}}"
338,foolsgold,foolsgold,"[4, 7, 22, 35]","[40, 94, 21, 48, 70, 87]","{""layer_name"": ""linear"", ""weights_by_client"": {""4"": 1.0, ""7"": 1.0, ""40"": 0.0, ""94"": 0.0, ""21"": 0.0, ""48"": 0.0, ""22"": 0.6303468961018606, ""70"": 0.0, ""87"": 0.0, ""35"": 1.0}}"
339,foolsgold,foolsgold,"[65, 58, 77]","[3, 42, 2, 55, 70, 10, 87]","{""layer_name"": ""linear"", ""weights_by_client"": {""3"": 0.0, ""42"": 0.0, ""65"": 1.0, ""2"": 0.0, ""55"": 0.0, ""70"": 0.0, ""10"": 0.0, ""87"": 0.0, ""58"": 1.0, ""77"": 0.19793204158051342}}"
340,foolsgold,foolsgold,"[1, 21, 79, 78]","[81, 37, 13, 86, 59, 57]","{""layer_name"": ""linear"", ""weights_by_client"": {""1"": 1.0, ""21"": 0.2407240644430142, ""81"": 0.0, ""37"": 0.0, ""13"": 0.0, ""86"": 0.0, ""79"": 0.8326992436315617, ""59"": 0.0, ""78"": 0.3583876261903988, ""57"": 0.0}}"
341,foolsgold,foolsgold,"[16, 6, 8, 93]","[0, 28, 72, 68, 34, 1]","{""layer_name"": ""linear"", ""weights_by_client"": {""0"": 0.0, ""28"": 0.0, ""16"": 1.0, ""6"": 0.7376750537927421, ""72"": 0.0, ""8"": 1.0, ""68"": 0.0, ""34"": 0.0, ""93"": 1.0, ""1"": 0.0}}"
342,foolsgold,foolsgold,"[4, 33, 71]","[70, 45, 93, 34, 68, 59, 74]","{""layer_name"": ""linear"", ""weights_by_client"": {""4"": 1.0, ""70"": 0.0, ""45"": 0.0, ""93"": 0.0, ""34"": 0.0, ""33"": 1.0, ""68"": 0.0, ""59"": 0.0, ""71"": 0.3806673210510712, ""74"": 0.0}}"
343,foolsgold,foolsgold,"[0, 35, 69, 32, 25, 33, 70, 49]","[54, 41]","{""layer_name"": ""linear"", ""weights_by_client"": {""0"": 1.0, ""35"": 0.7538382428351262, ""69"": 0.49941824998866124, ""32"": 1.0, ""25"": 0.17879802336315598, ""33"": 0.7538382428351262, ""54"": 0.0, ""41"": 0.0, ""70"": 0.49941824998866124, ""49"": 0.17879802336315598}}"
344,foolsgold,foolsgold,"[3, 18, 50, 8, 24, 13, 28]","[95, 82, 9]","{""layer_name"": ""linear"", ""weights_by_client"": {""3"": 0.7266201128171449, ""95"": 0.0, ""82"": 0.0, ""18"": 0.47049361307289406, ""50"": 0.47049361307289406, ""8"": 0.7266201128171449, ""24"": 1.0, ""13"": 1.0, ""28"": 1.0, ""9"": 0.0}}"
345,foolsgold,foolsgold,"[4, 89, 3, 55, 91, 94, 39, 8]","[96, 54]","{""layer_name"": ""linear"", ""weights_by_client"": {""4"": 0.2476386965763409, ""89"": 0.4454539430640231, ""3"": 0.2476386965763409, ""55"": 1.0, ""91"": 1.0, ""96"": 0.0, ""94"": 0.4454539430640231, ""54"": 0.0, ""39"": 0.7938106063104773, ""8"": 1.0}}"
346,foolsgold,foolsgold,"[2, 82, 78, 74, 61, 88, 39, 29, 4, 68]",[],"{""layer_name"": ""linear"", ""weights_by_client"": {""2"": 0.10950688961956101, ""82"": 1.0, ""78"": 1.0, ""74"": 1.0, ""61"": 0.8528595598490707, ""88"": 1.0, ""39"": 1.0, ""29"": 1.0, ""4"": 0.10950688961956101, ""68"": 0.8528595598490707}}"
347,foolsgold,foolsgold,"[93, 72, 90, 28, 57, 68, 23, 83]","[3, 1]","{""layer_name"": ""linear"", ""weights_by_client"": {""3"": 0.0, ""93"": 1.0, ""72"": 1.0, ""1"": 0.0, ""90"": 1.0, ""28"": 1.0, ""57"": 1.0, ""68"": 0.8019934602042411, ""23"": 1.0, ""83"": 0.8019934602042411}}"
348,foolsgold,foolsgold,"[2, 31, 17, 64]","[91, 57, 14, 54, 95, 68]","{""layer_name"": ""linear"", ""weights_by_client"": {""2"": 1.0, ""91"": 0.0, ""31"": 1.0, ""57"": 0.0, ""14"": 0.0, ""17"": 0.040384585607966095, ""54"": 0.0, ""95"": 0.0, ""68"": 0.0, ""64"": 1.0}}"
349,foolsgold,foolsgold,"[0, 11, 43, 41, 70, 13, 31]","[37, 63, 82]","{""layer_name"": ""linear"", ""weights_by_client"": {""0"": 1.0, ""37"": 0.0, ""11"": 0.2518054408606136, ""43"": 0.7041733284679277, ""41"": 1.0, ""63"": 0.0, ""70"": 0.6603652578431685, ""82"": 0.0, ""13"": 0.2518054408606136, ""31"": 1.0}}"
350,foolsgold,foolsgold,"[3, 92, 10, 22, 16, 44]","[26, 37, 62, 86]","{""layer_name"": ""linear"", ""weights_by_client"": {""3"": 0.31114383304368964, ""26"": 0.0, ""92"": 0.8635892645692327, ""10"": 1.0, ""37"": 0.0, ""22"": 1.0, ""16"": 0.8635892645692327, ""62"": 0.0, ""86"": 0.0, ""44"": 0.31114383304368964}}"
351,foolsgold,foolsgold,"[35, 62, 78, 93, 33]","[3, 18, 77, 36, 32]","{""layer_name"": ""linear"", ""weights_by_client"": {""3"": 0.0, ""18"": 0.0, ""35"": 0.9095144849222365, ""62"": 1.0, ""77"": 0.0, ""78"": 1.0, ""36"": 0.0, ""93"": 1.0, ""33"": 0.9095144849222365, ""32"": 0.0}}"
352,foolsgold,foolsgold,"[1, 15, 21, 58, 29, 93]","[64, 70, 5, 46]","{""layer_name"": ""linear"", ""weights_by_client"": {""1"": 1.0, ""15"": 1.0, ""64"": 0.0, ""70"": 0.0, ""21"": 0.5718199099511397, ""58"": 1.0, ""29"": 1.0, ""93"": 1.0, ""5"": 0.0, ""46"": 0.0}}"
353,foolsgold,foolsgold,"[53, 18, 5, 57]","[4, 62, 56, 68, 40, 1]","{""layer_name"": ""linear"", ""weights_by_client"": {""4"": 0.0, ""62"": 0.0, ""53"": 1.0, ""56"": 0.0, ""18"": 0.929279397262071, ""5"": 1.0, ""68"": 0.0, ""40"": 0.0, ""1"": 0.0, ""57"": 1.0}}"
354,foolsgold,foolsgold,"[4, 92, 33, 15]","[36, 52, 1, 98, 43, 57]","{""layer_name"": ""linear"", ""weights_by_client"": {""4"": 0.1490688704386256, ""36"": 0.0, ""92"": 0.3292201020445915, ""52"": 0.0, ""33"": 0.3292201020445915, ""1"": 0.0, ""98"": 0.0, ""15"": 1.0, ""43"": 0.0, ""57"": 0.0}}"
355,foolsgold,foolsgold,"[3, 53, 50, 15, 63]","[38, 18, 77, 79, 90]","{""layer_name"": ""linear"", ""weights_by_client"": {""3"": 1.0, ""38"": 0.0, ""53"": 1.0, ""50"": 0.9513013153533447, ""18"": 0.0, ""15"": 1.0, ""77"": 0.0, ""79"": 0.0, ""90"": 0.0, ""63"": 0.5594861867066083}}"
356,foolsgold,foolsgold,"[85, 41, 17, 39, 20]","[4, 55, 44, 81, 34]","{""layer_name"": ""linear"", ""weights_by_client"": {""4"": 0.0, ""85"": 0.1351448204502977, ""41"": 0.5642440537437079, ""55"": 0.0, ""44"": 0.0, ""81"": 0.0, ""17"": 0.9632492563019717, ""39"": 0.5642440537437079, ""20"": 1.0, ""34"": 0.0}}"
357,foolsgold,foolsgold,"[2, 55, 52, 59, 78, 8]","[72, 23, 79, 74]","{""layer_name"": ""linear"", ""weights_by_client"": {""2"": 1.0, ""72"": 0.0, ""55"": 0.5973523577032229, ""52"": 1.0, ""59"": 1.0, ""23"": 0.0, ""79"": 0.0, ""74"": 0.0, ""78"": 1.0, ""8"": 1.0}}"
358,foolsgold,foolsgold,"[3, 54, 79, 56]","[21, 18, 92, 61, 35, 6]","{""layer_name"": ""linear"", ""weights_by_client"": {""3"": 1.0, ""21"": 0.0, ""18"": 0.0, ""92"": 0.0, ""54"": 1.0, ""61"": 0.0, ""79"": 0.4254772221259462, ""35"": 0.0, ""6"": 0.0, ""56"": 1.0}}"
359,foolsgold,foolsgold,"[0, 41, 34, 30, 67, 21, 92]","[13, 14, 57]","{""layer_name"": ""linear"", ""weights_by_client"": {""0"": 0.36381672853757213, ""13"": 0.0, ""41"": 1.0, ""34"": 1.0, ""14"": 0.0, ""30"": 0.36381672853757213, ""67"": 1.0, ""21"": 1.0, ""57"": 0.0, ""92"": 1.0}}"
360,foolsgold,foolsgold,"[1, 72, 53, 86, 31, 18]","[69, 68, 28, 79]","{""layer_name"": ""linear"", ""weights_by_client"": {""1"": 1.0, ""72"": 0.20161473767560467, ""53"": 1.0, ""86"": 0.41091899579705293, ""69"": 0.0, ""68"": 0.0, ""28"": 0.0, ""31"": 1.0, ""79"": 0.0, ""18"": 0.6092839710321507}}"
361,foolsgold,foolsgold,"[1, 69, 86, 97, 78, 68, 50, 18, 20, 46]",[],"{""layer_name"": ""linear"", ""weights_by_client"": {""1"": 1.0, ""69"": 1.0, ""86"": 0.6443777462433681, ""97"": 1.0, ""78"": 1.0, ""68"": 0.6443777462433681, ""50"": 1.0, ""18"": 1.0, ""20"": 1.0, ""46"": 1.0}}"
362,foolsgold,foolsgold,"[2, 84, 95, 56]","[55, 65, 54, 24, 73, 53]","{""layer_name"": ""linear"", ""weights_by_client"": {""2"": 1.0, ""55"": 0.0, ""84"": 1.0, ""65"": 0.0, ""95"": 0.23610758016828542, ""54"": 0.0, ""24"": 0.0, ""73"": 0.0, ""53"": 0.0, ""56"": 1.0}}"
363,foolsgold,foolsgold,"[0, 8, 30, 47, 52, 48, 64, 35, 83, 71]",[],"{""layer_name"": ""linear"", ""weights_by_client"": {""0"": 0.051081263267806265, ""8"": 0.42023568779102527, ""30"": 0.051081263267806265, ""47"": 0.3170186052829604, ""52"": 1.0, ""48"": 0.42023568779102527, ""64"": 1.0, ""35"": 0.3170186052829604, ""83"": 1.0, ""71"": 1.0}}"
364,foolsgold,foolsgold,"[0, 26, 63, 75]","[72, 40, 84, 11, 91, 99]","{""layer_name"": ""linear"", ""weights_by_client"": {""0"": 1.0, ""72"": 0.0, ""40"": 0.0, ""26"": 0.05246552566374013, ""63"": 0.05246552566374013, ""84"": 0.0, ""11"": 0.0, ""91"": 0.0, ""99"": 0.0, ""75"": 0.2386993552693928}}"
365,foolsgold,foolsgold,"[53, 30, 83]","[1, 19, 62, 81, 47, 0, 52]","{""layer_name"": ""linear"", ""weights_by_client"": {""1"": 0.0, ""53"": 1.0, ""19"": 0.0, ""62"": 0.0, ""30"": 0.2726773318528814, ""81"": 0.0, ""47"": 0.0, ""0"": 0.0, ""83"": 0.15391767816339147, ""52"": 0.0}}"
366,foolsgold,foolsgold,"[0, 7, 20, 53, 50]","[94, 10, 55, 37, 82]","{""layer_name"": ""linear"", ""weights_by_client"": {""0"": 0.8431336788671133, ""7"": 1.0, ""94"": 0.0, ""10"": 0.0, ""20"": 0.8431336788671133, ""55"": 0.0, ""53"": 1.0, ""37"": 0.0, ""50"": 1.0, ""82"": 0.0}}"
367,foolsgold,foolsgold,"[56, 37, 78, 5, 11]","[0, 75, 10, 73, 1]","{""layer_name"": ""linear"", ""weights_by_client"": {""0"": 0.0, ""75"": 0.0, ""56"": 1.0, ""10"": 0.0, ""37"": 0.5440072319267212, ""78"": 1.0, ""5"": 0.5440072319267212, ""73"": 0.0, ""11"": 0.40612821092776785, ""1"": 0.0}}"
368,foolsgold,foolsgold,"[0, 77, 14, 46, 86]","[56, 51, 76, 42, 40]","{""layer_name"": ""linear"", ""weights_by_client"": {""0"": 1.0, ""77"": 0.372347241102051, ""14"": 0.2143220642488632, ""56"": 0.0, ""51"": 0.0, ""46"": 0.372347241102051, ""86"": 0.7701426137686302, ""76"": 0.0, ""42"": 0.0, ""40"": 0.0}}"
369,foolsgold,foolsgold,"[2, 93, 7, 13, 67, 35]","[40, 32, 5, 61]","{""layer_name"": ""linear"", ""weights_by_client"": {""2"": 1.0, ""40"": 0.0, ""93"": 1.0, ""32"": 0.0, ""5"": 0.0, ""7"": 1.0, ""13"": 1.0, ""61"": 0.0, ""67"": 0.7896592650111297, ""35"": 0.04589322747941138}}"
370,foolsgold,foolsgold,"[3, 84, 95, 39, 98]","[17, 63, 94, 89, 21]","{""layer_name"": ""linear"", ""weights_by_client"": {""3"": 1.0, ""17"": 0.0, ""84"": 1.0, ""95"": 1.0, ""63"": 0.0, ""94"": 0.0, ""39"": 0.5020951665435134, ""98"": 0.5020951665435134, ""89"": 0.0, ""21"": 0.0}}"
371,foolsgold,foolsgold,"[41, 92, 71]","[0, 83, 24, 17, 44, 86, 87]","{""layer_name"": ""linear"", ""weights_by_client"": {""0"": 0.0, ""83"": 0.0, ""41"": 1.0, ""24"": 0.0, ""92"": 1.0, ""17"": 0.0, ""44"": 0.0, ""86"": 0.0, ""87"": 0.0, ""71"": 1.0}}"
372,foolsgold,foolsgold,"[4, 88, 8, 14]","[65, 59, 26, 64, 21, 53]","{""layer_name"": ""linear"", ""weights_by_client"": {""4"": 1.0, ""65"": 0.0, ""59"": 0.0, ""88"": 1.0, ""26"": 0.0, ""8"": 1.0, ""64"": 0.0, ""21"": 0.0, ""14"": 1.0, ""53"": 0.0}}"
373,foolsgold,foolsgold,"[3, 48, 52, 73, 6, 96, 58, 8]","[14, 81]","{""layer_name"": ""linear"", ""weights_by_client"": {""3"": 1.0, ""48"": 0.42569699217518736, ""52"": 1.0, ""73"": 0.2709185177359361, ""14"": 0.0, ""6"": 1.0, ""96"": 1.0, ""58"": 1.0, ""8"": 0.42569699217518736, ""81"": 0.0}}"
374,foolsgold,foolsgold,"[4, 87, 16, 64, 12, 28]","[86, 52, 97, 9]","{""layer_name"": ""linear"", ""weights_by_client"": {""4"": 0.7013124503233976, ""87"": 0.5452309571657731, ""86"": 0.0, ""52"": 0.0, ""97"": 0.0, ""9"": 0.0, ""16"": 0.7013124503233976, ""64"": 1.0, ""12"": 0.5452309571657731, ""28"": 1.0}}"
375,foolsgold,foolsgold,"[82, 19, 5, 53, 35]","[2, 0, 46, 3, 23]","{""layer_name"": ""linear"", ""weights_by_client"": {""2"": 0.0, ""0"": 0.0, ""82"": 0.7881270522316082, ""19"": 1.0, ""46"": 0.0, ""5"": 0.10630842609869312, ""3"": 0.0, ""53"": 1.0, ""35"": 0.10630842609869312, ""23"": 0.0}}"
376,foolsgold,foolsgold,"[1, 59, 54, 33, 74, 83]","[32, 40, 98, 86]","{""layer_name"": ""linear"", ""weights_by_client"": {""1"": 1.0, ""59"": 0.5323314691182315, ""54"": 1.0, ""33"": 1.0, ""32"": 0.0, ""40"": 0.0, ""74"": 1.0, ""83"": 0.4587018231155163, ""98"": 0.0, ""86"": 0.0}}"
377,foolsgold,foolsgold,"[3, 44, 18, 87, 88, 46, 41, 25]","[56, 8]","{""layer_name"": ""linear"", ""weights_by_client"": {""3"": 0.2619238615387528, ""44"": 0.2619238615387528, ""18"": 0.41189659218650587, ""56"": 0.0, ""87"": 0.9470297494331044, ""88"": 1.0, ""46"": 0.41189659218650587, ""8"": 0.0, ""41"": 1.0, ""25"": 1.0}}"
378,foolsgold,foolsgold,[53],"[2, 64, 63, 87, 34, 11, 1, 21, 66]","{""layer_name"": ""linear"", ""weights_by_client"": {""2"": 0.0, ""64"": 0.0, ""63"": 0.0, ""87"": 0.0, ""34"": 0.0, ""11"": 0.0, ""53"": 1.0, ""1"": 0.0, ""21"": 0.0, ""66"": 0.0}}"
379,foolsgold,foolsgold,"[2, 90, 74, 25, 92, 71, 69, 93]","[46, 64]","{""layer_name"": ""linear"", ""weights_by_client"": {""2"": 1.0, ""90"": 0.37332537947955097, ""74"": 0.37332537947955097, ""46"": 0.0, ""25"": 1.0, ""92"": 0.40843231662253215, ""71"": 1.0, ""69"": 0.8796335068669681, ""93"": 1.0, ""64"": 0.0}}"
380,foolsgold,foolsgold,"[2, 77, 72, 41, 73, 24]","[46, 82, 64, 95]","{""layer_name"": ""linear"", ""weights_by_client"": {""2"": 1.0, ""46"": 0.0, ""77"": 0.3084478061087627, ""82"": 0.0, ""72"": 0.6191640772471853, ""64"": 0.0, ""41"": 1.0, ""73"": 1.0, ""95"": 0.0, ""24"": 0.4622816905909693}}"
381,foolsgold,foolsgold,"[0, 93, 45, 42]","[34, 9, 87, 21, 68, 95]","{""layer_name"": ""linear"", ""weights_by_client"": {""0"": 1.0, ""34"": 0.0, ""93"": 0.2667129702697104, ""9"": 0.0, ""87"": 0.0, ""45"": 0.513062358321848, ""42"": 0.5020323112708297, ""21"": 0.0, ""68"": 0.0, ""95"": 0.0}}"
382,foolsgold,foolsgold,"[7, 52, 94]","[1, 98, 30, 13, 36, 3, 85]","{""layer_name"": ""linear"", ""weights_by_client"": {""1"": 0.0, ""98"": 0.0, ""30"": 0.0, ""7"": 1.0, ""13"": 0.0, ""52"": 1.0, ""36"": 0.0, ""94"": 1.0, ""3"": 0.0, ""85"": 0.0}}"
383,foolsgold,foolsgold,"[81, 18, 78, 64, 59, 91, 38, 83]","[1, 36]","{""layer_name"": ""linear"", ""weights_by_client"": {""1"": 0.0, ""81"": 0.03263254565124163, ""18"": 0.7915074883360396, ""78"": 1.0, ""64"": 1.0, ""59"": 1.0, ""91"": 0.7915074883360396, ""36"": 0.0, ""38"": 0.03263254565124163, ""83"": 0.1201396621175913}}"
384,foolsgold,foolsgold,"[92, 76, 90, 40, 87, 59]","[2, 30, 19, 45]","{""layer_name"": ""linear"", ""weights_by_client"": {""2"": 0.0, ""30"": 0.0, ""92"": 1.0, ""19"": 0.0, ""76"": 1.0, ""90"": 0.7038640588421131, ""40"": 1.0, ""45"": 0.0, ""87"": 0.44603742959319187, ""59"": 1.0}}"
385,foolsgold,foolsgold,"[4, 55, 91, 7]","[64, 89, 83, 94, 37, 38]","{""layer_name"": ""linear"", ""weights_by_client"": {""4"": 1.0, ""55"": 0.613368470265525, ""64"": 0.0, ""89"": 0.0, ""83"": 0.0, ""94"": 0.0, ""37"": 0.0, ""91"": 1.0, ""7"": 1.0, ""38"": 0.0}}"
386,foolsgold,foolsgold,"[17, 51]","[3, 59, 34, 82, 98, 93, 36, 80]","{""layer_name"": ""linear"", ""weights_by_client"": {""3"": 0.0, ""59"": 0.0, ""17"": 1.0, ""34"": 0.0, ""82"": 0.0, ""98"": 0.0, ""51"": 1.0, ""93"": 0.0, ""36"": 0.0, ""80"": 0.0}}"
387,foolsgold,foolsgold,"[20, 95, 28, 38]","[3, 66, 85, 14, 73, 1]","{""layer_name"": ""linear"", ""weights_by_client"": {""3"": 0.0, ""20"": 0.05478696315114229, ""95"": 0.9949962412913007, ""66"": 0.0, ""28"": 1.0, ""85"": 0.0, ""38"": 0.9949962412913007, ""14"": 0.0, ""73"": 0.0, ""1"": 0.0}}"
388,foolsgold,foolsgold,"[3, 58, 81, 2, 5, 77, 74]","[85, 10, 57]","{""layer_name"": ""linear"", ""weights_by_client"": {""3"": 0.1778689871160305, ""58"": 1.0, ""81"": 1.0, ""85"": 0.0, ""10"": 0.0, ""2"": 0.1778689871160305, ""5"": 1.0, ""77"": 0.5888665202690471, ""74"": 0.5888665202690471, ""57"": 0.0}}"
389,foolsgold,foolsgold,"[4, 22, 32, 9]","[38, 23, 79, 66, 75, 73]","{""layer_name"": ""linear"", ""weights_by_client"": {""4"": 1.0, ""38"": 0.0, ""23"": 0.0, ""79"": 0.0, ""66"": 0.0, ""22"": 0.1184648797133726, ""75"": 0.0, ""73"": 0.0, ""32"": 1.0, ""9"": 0.1184648797133726}}"
390,foolsgold,foolsgold,"[3, 82, 17, 16, 65, 46, 45, 78]","[34, 55]","{""layer_name"": ""linear"", ""weights_by_client"": {""3"": 1.0, ""82"": 0.9916878534914704, ""34"": 0.0, ""17"": 1.0, ""16"": 1.0, ""65"": 0.1009982643063117, ""55"": 0.0, ""46"": 0.1009982643063117, ""45"": 0.9916878534914704, ""78"": 0.7589724731496267}}"
391,foolsgold,foolsgold,"[7, 99, 24, 37, 67]","[3, 76, 10, 0, 44]","{""layer_name"": ""linear"", ""weights_by_client"": {""3"": 0.0, ""7"": 1.0, ""99"": 1.0, ""24"": 1.0, ""37"": 1.0, ""67"": 1.0, ""76"": 0.0, ""10"": 0.0, ""0"": 0.0, ""44"": 0.0}}"
392,foolsgold,foolsgold,"[2, 61, 74, 47, 96]","[73, 12, 99, 68, 34]","{""layer_name"": ""linear"", ""weights_by_client"": {""2"": 1.0, ""61"": 1.0, ""73"": 0.0, ""74"": 0.019304990986658, ""12"": 0.0, ""47"": 0.019304990986658, ""99"": 0.0, ""68"": 0.0, ""96"": 1.0, ""34"": 0.0}}"
393,foolsgold,foolsgold,"[1, 34, 87, 49, 15, 84, 99, 29]","[45, 19]","{""layer_name"": ""linear"", ""weights_by_client"": {""1"": 1.0, ""34"": 0.7831323712765246, ""87"": 1.0, ""45"": 0.0, ""49"": 0.7831323712765246, ""15"": 1.0, ""84"": 1.0, ""19"": 0.0, ""99"": 1.0, ""29"": 1.0}}"
394,foolsgold,foolsgold,"[8, 92, 60, 89, 4]","[2, 27, 34, 36, 66]","{""layer_name"": ""linear"", ""weights_by_client"": {""2"": 0.0, ""27"": 0.0, ""34"": 0.0, ""36"": 0.0, ""8"": 0.5384028138652989, ""92"": 1.0, ""60"": 0.5384028138652989, ""89"": 1.0, ""4"": 0.16789993341671644, ""66"": 0.0}}"
395,foolsgold,foolsgold,"[0, 54, 84, 28, 31, 43]","[10, 94, 76, 79]","{""layer_name"": ""linear"", ""weights_by_client"": {""0"": 1.0, ""54"": 1.0, ""84"": 1.0, ""28"": 1.0, ""10"": 0.0, ""94"": 0.0, ""31"": 1.0, ""76"": 0.0, ""43"": 1.0, ""79"": 0.0}}"
396,foolsgold,foolsgold,"[31, 42, 58, 70, 96, 84, 35, 80]","[2, 3]","{""layer_name"": ""linear"", ""weights_by_client"": {""2"": 0.0, ""31"": 0.10104565294714613, ""42"": 1.0, ""58"": 1.0, ""70"": 1.0, ""96"": 1.0, ""84"": 1.0, ""35"": 0.10104565294714613, ""80"": 1.0, ""3"": 0.0}}"
397,foolsgold,foolsgold,"[89, 16, 67, 82]","[3, 27, 94, 20, 21, 10]","{""layer_name"": ""linear"", ""weights_by_client"": {""3"": 0.0, ""27"": 0.0, ""89"": 0.3674725291625731, ""94"": 0.0, ""16"": 1.0, ""20"": 0.0, ""67"": 0.5578498288538187, ""21"": 0.0, ""10"": 0.0, ""82"": 1.0}}"
398,foolsgold,foolsgold,"[0, 24, 40, 82, 20]","[10, 51, 13, 85, 66]","{""layer_name"": ""linear"", ""weights_by_client"": {""0"": 1.0, ""10"": 0.0, ""24"": 1.0, ""51"": 0.0, ""40"": 0.7039536572176962, ""82"": 1.0, ""20"": 0.7039536572176962, ""13"": 0.0, ""85"": 0.0, ""66"": 0.0}}"
399,foolsgold,foolsgold,"[0, 33, 34, 99, 64, 28]","[41, 71, 65, 75]","{""layer_name"": ""linear"", ""weights_by_client"": {""0"": 1.0, ""41"": 0.0, ""33"": 1.0, ""34"": 0.7179786075528687, ""99"": 1.0, ""64"": 1.0, ""71"": 0.0, ""65"": 0.0, ""75"": 0.0, ""28"": 1.0}}"
400,foolsgold,foolsgold,"[3, 7, 63, 8, 48, 4, 57]","[82, 59, 80]","{""layer_name"": ""linear"", ""weights_by_client"": {""3"": 0.345173697362435, ""82"": 0.0, ""59"": 0.0, ""7"": 1.0, ""63"": 1.0, ""8"": 0.26528164874178717, ""48"": 0.26528164874178717, ""4"": 0.345173697362435, ""57"": 1.0, ""80"": 0.0}}"
401,foolsgold,foolsgold,"[83, 50, 28]","[2, 93, 3, 82, 52, 17, 86]","{""layer_name"": ""linear"", ""weights_by_client"": {""2"": 0.0, ""83"": 0.36026093945113435, ""93"": 0.0, ""3"": 0.0, ""82"": 0.0, ""52"": 0.0, ""17"": 0.0, ""50"": 0.7399457194882123, ""86"": 0.0, ""28"": 1.0}}"
402,foolsgold,foolsgold,"[1, 23, 33, 92, 26]","[57, 52, 85, 98, 17]","{""layer_name"": ""linear"", ""weights_by_client"": {""1"": 1.0, ""57"": 0.0, ""52"": 0.0, ""23"": 0.3761131790639739, ""33"": 0.320613680469234, ""92"": 0.320613680469234, ""85"": 0.0, ""98"": 0.0, ""26"": 0.3761131790639739, ""17"": 0.0}}"
403,foolsgold,foolsgold,"[43, 58, 20, 99, 64, 78, 68, 7]","[3, 0]","{""layer_name"": ""linear"", ""weights_by_client"": {""3"": 0.0, ""43"": 1.0, ""58"": 0.3034552532030843, ""20"": 0.6492942097546173, ""0"": 0.0, ""99"": 0.8522392141042304, ""64"": 1.0, ""78"": 1.0, ""68"": 0.3034552532030843, ""7"": 1.0}}"
404,foolsgold,foolsgold,"[2, 66, 31]","[95, 63, 6, 62, 80, 96, 83]","{""layer_name"": ""linear"", ""weights_by_client"": {""2"": 1.0, ""95"": 0.0, ""63"": 0.0, ""6"": 0.0, ""62"": 0.0, ""66"": 1.0, ""80"": 0.0, ""96"": 0.0, ""83"": 0.0, ""31"": 1.0}}"
405,foolsgold,foolsgold,"[3, 78, 85, 21, 84, 25]","[67, 64, 43, 90]","{""layer_name"": ""linear"", ""weights_by_client"": {""3"": 1.0, ""78"": 1.0, ""67"": 0.0, ""64"": 0.0, ""85"": 1.0, ""43"": 0.0, ""21"": 0.12453172684006775, ""90"": 0.0, ""84"": 1.0, ""25"": 1.0}}"
406,foolsgold,foolsgold,"[4, 80, 56, 25, 50, 67]","[76, 73, 14, 39]","{""layer_name"": ""linear"", ""weights_by_client"": {""4"": 1.0, ""76"": 0.0, ""80"": 1.0, ""56"": 0.1949392000475792, ""25"": 0.1949392000475792, ""50"": 1.0, ""73"": 0.0, ""14"": 0.0, ""67"": 1.0, ""39"": 0.0}}"
407,foolsgold,foolsgold,"[35, 14, 87, 76, 70, 29, 65, 47]","[2, 36]","{""layer_name"": ""linear"", ""weights_by_client"": {""2"": 0.0, ""36"": 0.0, ""35"": 1.0, ""14"": 0.9759415181636302, ""87"": 0.5294618973113849, ""76"": 0.9759415181636302, ""70"": 0.5294618973113849, ""29"": 1.0, ""65"": 1.0, ""47"": 1.0}}"
408,foolsgold,foolsgold,"[92, 73, 68, 22, 52, 19, 96, 78]","[3, 20]","{""layer_name"": ""linear"", ""weights_by_client"": {""3"": 0.0, ""92"": 1.0, ""73"": 1.0, ""20"": 0.0, ""68"": 0.6890082705004378, ""22"": 0.9828225193904021, ""52"": 0.6890082705004378, ""19"": 1.0, ""96"": 1.0, ""78"": 1.0}}"
409,foolsgold,foolsgold,"[0, 46, 78, 93, 74, 22]","[13, 54, 14, 41]","{""layer_name"": ""linear"", ""weights_by_client"": {""0"": 1.0, ""13"": 0.0, ""54"": 0.0, ""46"": 0.3609289159851192, ""14"": 0.0, ""41"": 0.0, ""78"": 0.3609289159851192, ""93"": 0.0008205170197042033, ""74"": 1.0, ""22"": 0.0008205170197042033}}"
410,foolsgold,foolsgold,"[3, 58, 70, 95, 64, 13, 47, 43]","[37, 83]","{""layer_name"": ""linear"", ""weights_by_client"": {""3"": 1.0, ""37"": 0.0, ""58"": 0.3941897456409176, ""70"": 0.1549900702124707, ""95"": 0.1549900702124707, ""64"": 1.0, ""13"": 0.7084841850488124, ""47"": 0.7084841850488124, ""83"": 0.0, ""43"": 0.3941897456409176}}"
411,foolsgold,foolsgold,"[1, 25, 27, 10, 83, 58, 74, 30, 86, 28]",[],"{""layer_name"": ""linear"", ""weights_by_client"": {""1"": 1.0, ""25"": 1.0, ""27"": 0.05273520845234697, ""10"": 0.05273520845234697, ""83"": 1.0, ""58"": 1.0, ""74"": 0.3306507130869635, ""30"": 1.0, ""86"": 1.0, ""28"": 0.3306507130869635}}"
412,foolsgold,foolsgold,"[2, 43, 50, 9, 96, 60]","[64, 79, 55, 13]","{""layer_name"": ""linear"", ""weights_by_client"": {""2"": 1.0, ""64"": 0.0, ""43"": 1.0, ""50"": 1.0, ""9"": 0.3629406009620154, ""79"": 0.0, ""55"": 0.0, ""96"": 0.3629406009620154, ""13"": 0.0, ""60"": 1.0}}"
413,foolsgold,foolsgold,"[3, 47, 81, 7, 19, 15, 2, 22]","[6, 64]","{""layer_name"": ""linear"", ""weights_by_client"": {""3"": 0.5319727840722324, ""47"": 0.9511904100909339, ""81"": 1.0, ""7"": 1.0, ""19"": 0.9511904100909339, ""15"": 1.0, ""2"": 0.5319727840722324, ""6"": 0.0, ""22"": 1.0, ""64"": 0.0}}"
414,foolsgold,foolsgold,[4],"[55, 40, 85, 79, 99, 73, 46, 67, 86]","{""layer_name"": ""linear"", ""weights_by_client"": {""4"": 1.0, ""55"": 0.0, ""40"": 0.0, ""85"": 0.0, ""79"": 0.0, ""99"": 0.0, ""73"": 0.0, ""46"": 0.0, ""67"": 0.0, ""86"": 0.0}}"
415,foolsgold,foolsgold,"[8, 99, 45, 16, 82, 17, 42]","[3, 0, 30]","{""layer_name"": ""linear"", ""weights_by_client"": {""3"": 0.0, ""8"": 0.2124833610668837, ""99"": 0.2124833610668837, ""0"": 0.0, ""45"": 0.7990663997739531, ""16"": 1.0, ""82"": 0.7990663997739531, ""17"": 1.0, ""42"": 1.0, ""30"": 0.0}}"
416,foolsgold,foolsgold,"[54, 25, 13, 79]","[4, 84, 7, 90, 0, 43]","{""layer_name"": ""linear"", ""weights_by_client"": {""4"": 0.0, ""84"": 0.0, ""7"": 0.0, ""54"": 1.0, ""25"": 1.0, ""13"": 1.0, ""79"": 1.0, ""90"": 0.0, ""0"": 0.0, ""43"": 0.0}}"
417,foolsgold,foolsgold,"[1, 50, 77, 27, 22, 82]","[64, 94, 72, 60]","{""layer_name"": ""linear"", ""weights_by_client"": {""1"": 1.0, ""64"": 0.0, ""50"": 1.0, ""77"": 0.652125858321852, ""27"": 0.8982683586809728, ""22"": 0.17620657704513215, ""94"": 0.0, ""72"": 0.0, ""60"": 0.0, ""82"": 0.46318083584340286}}"
418,foolsgold,foolsgold,"[4, 88, 22, 91, 37, 87, 50, 24]","[64, 23]","{""layer_name"": ""linear"", ""weights_by_client"": {""4"": 1.0, ""88"": 0.23313389818334146, ""22"": 0.3110755560457287, ""91"": 0.3110755560457287, ""64"": 0.0, ""37"": 1.0, ""87"": 0.7454230269487812, ""50"": 0.23313389818334146, ""24"": 1.0, ""23"": 0.0}}"
419,foolsgold,foolsgold,"[3, 87, 79, 61, 25, 12]","[66, 41, 10, 96]","{""layer_name"": ""linear"", ""weights_by_client"": {""3"": 1.0, ""66"": 0.0, ""87"": 1.0, ""79"": 1.0, ""61"": 1.0, ""41"": 0.0, ""25"": 1.0, ""12"": 1.0, ""10"": 0.0, ""96"": 0.0}}"
420,foolsgold,foolsgold,"[2, 86, 69, 63]","[21, 34, 98, 27, 18, 85]","{""layer_name"": ""linear"", ""weights_by_client"": {""2"": 1.0, ""21"": 0.0, ""86"": 0.16926056303168446, ""34"": 0.0, ""98"": 0.0, ""27"": 0.0, ""69"": 1.0, ""63"": 0.15903557882938396, ""18"": 0.0, ""85"": 0.0}}"
421,foolsgold,foolsgold,"[0, 58, 78, 25, 94, 40, 84]","[57, 42, 13]","{""layer_name"": ""linear"", ""weights_by_client"": {""0"": 1.0, ""57"": 0.0, ""42"": 0.0, ""58"": 1.0, ""78"": 0.8947079207926392, ""25"": 0.8634275735114229, ""94"": 0.8947079207926392, ""13"": 0.0, ""40"": 0.8634275735114229, ""84"": 1.0}}"
422,foolsgold,foolsgold,"[2, 33, 84, 78, 35, 15, 91, 49]","[76, 73]","{""layer_name"": ""linear"", ""weights_by_client"": {""2"": 1.0, ""33"": 0.682614292886512, ""84"": 0.682614292886512, ""78"": 1.0, ""35"": 0.9552814363744191, ""15"": 1.0, ""76"": 0.0, ""91"": 1.0, ""73"": 0.0, ""49"": 1.0}}"
423,foolsgold,foolsgold,"[2, 41, 74, 84, 50, 82]","[87, 98, 23, 34]","{""layer_name"": ""linear"", ""weights_by_client"": {""2"": 1.0, ""41"": 1.0, ""87"": 0.0, ""74"": 0.14560557035797428, ""98"": 0.0, ""84"": 1.0, ""50"": 0.46975354472779757, ""23"": 0.0, ""82"": 1.0, ""34"": 0.0}}"
424,foolsgold,foolsgold,"[71, 92, 64]","[1, 36, 0, 74, 19, 99, 58]","{""layer_name"": ""linear"", ""weights_by_client"": {""1"": 0.0, ""71"": 1.0, ""36"": 0.0, ""0"": 0.0, ""74"": 0.0, ""92"": 1.0, ""19"": 0.0, ""99"": 0.0, ""64"": 1.0, ""58"": 0.0}}"
425,foolsgold,foolsgold,"[46, 86, 82, 53, 43]","[0, 58, 30, 68, 1]","{""layer_name"": ""linear"", ""weights_by_client"": {""0"": 0.0, ""46"": 1.0, ""58"": 0.0, ""30"": 0.0, ""86"": 0.24349929070926635, ""82"": 1.0, ""53"": 1.0, ""68"": 0.0, ""43"": 0.9533057238957049, ""1"": 0.0}}"
426,foolsgold,foolsgold,"[42, 87, 15, 12, 83]","[3, 8, 70, 20, 45]","{""layer_name"": ""linear"", ""weights_by_client"": {""3"": 0.0, ""8"": 0.0, ""42"": 1.0, ""87"": 0.05503778560910427, ""15"": 1.0, ""70"": 0.0, ""20"": 0.0, ""45"": 0.0, ""12"": 0.7046407590182526, ""83"": 0.48028815246477385}}"
427,foolsgold,foolsgold,"[25, 84, 69, 56, 17]","[0, 4, 12, 58, 3]","{""layer_name"": ""linear"", ""weights_by_client"": {""0"": 0.0, ""4"": 0.0, ""25"": 0.07862144160923373, ""12"": 0.0, ""84"": 1.0, ""69"": 1.0, ""56"": 0.07862144160923373, ""58"": 0.0, ""17"": 1.0, ""3"": 0.0}}"
428,foolsgold,foolsgold,"[46, 48]","[3, 75, 14, 36, 95, 54, 55, 10]","{""layer_name"": ""linear"", ""weights_by_client"": {""3"": 0.0, ""46"": 1.0, ""75"": 0.0, ""14"": 0.0, ""36"": 0.0, ""95"": 0.0, ""48"": 1.0, ""54"": 0.0, ""55"": 0.0, ""10"": 0.0}}"
429,foolsgold,foolsgold,"[53, 94, 88, 12]","[4, 52, 59, 49, 1, 93]","{""layer_name"": ""linear"", ""weights_by_client"": {""4"": 0.0, ""53"": 1.0, ""52"": 0.0, ""94"": 1.0, ""59"": 0.0, ""88"": 1.0, ""49"": 0.0, ""1"": 0.0, ""12"": 1.0, ""93"": 0.0}}"
430,foolsgold,foolsgold,"[7, 99, 11, 24, 51]","[2, 92, 35, 31, 0]","{""layer_name"": ""linear"", ""weights_by_client"": {""2"": 0.0, ""7"": 1.0, ""92"": 0.0, ""35"": 0.0, ""31"": 0.0, ""0"": 0.0, ""99"": 1.0, ""11"": 0.5401546858009343, ""24"": 1.0, ""51"": 0.5401546858009343}}"
431,foolsgold,foolsgold,"[59, 49, 89, 39, 54, 83]","[2, 44, 60, 48]","{""layer_name"": ""linear"", ""weights_by_client"": {""2"": 0.0, ""44"": 0.0, ""59"": 1.0, ""49"": 0.7676606003420725, ""89"": 0.32624632960094385, ""39"": 1.0, ""60"": 0.0, ""48"": 0.0, ""54"": 1.0, ""83"": 0.32624632960094385}}"
432,foolsgold,foolsgold,"[3, 47, 96, 25, 18, 76, 83, 62]","[59, 93]","{""layer_name"": ""linear"", ""weights_by_client"": {""3"": 1.0, ""47"": 1.0, ""96"": 1.0, ""59"": 0.0, ""25"": 1.0, ""93"": 0.0, ""18"": 1.0, ""76"": 1.0, ""83"": 0.3013396630782016, ""62"": 0.3013396630782016}}"
433,foolsgold,foolsgold,"[3, 39, 11, 98, 8, 56, 67, 42]","[44, 0]","{""layer_name"": ""linear"", ""weights_by_client"": {""3"": 0.9659430118232817, ""39"": 1.0, ""11"": 1.0, ""98"": 1.0, ""8"": 0.11811071700695541, ""44"": 0.0, ""0"": 0.0, ""56"": 0.11811071700695541, ""67"": 1.0, ""42"": 1.0}}"
434,foolsgold,foolsgold,"[4, 2, 31, 7, 79, 39]","[97, 93, 20, 32]","{""layer_name"": ""linear"", ""weights_by_client"": {""4"": 0.18372647475788967, ""2"": 0.18372647475788967, ""97"": 0.0, ""93"": 0.0, ""20"": 0.0, ""31"": 1.0, ""32"": 0.0, ""7"": 1.0, ""79"": 0.7957790750729841, ""39"": 0.7957790750729841}}"
435,foolsgold,foolsgold,"[98, 90, 24, 16, 40, 63, 82, 54]","[3, 2]","{""layer_name"": ""linear"", ""weights_by_client"": {""3"": 0.0, ""98"": 0.3762415531116867, ""90"": 0.014110624283354356, ""24"": 0.014110624283354356, ""16"": 1.0, ""40"": 1.0, ""63"": 1.0, ""82"": 1.0, ""2"": 0.0, ""54"": 1.0}}"
436,foolsgold,foolsgold,"[43, 29]","[0, 49, 60, 2, 42, 27, 38, 22]","{""layer_name"": ""linear"", ""weights_by_client"": {""0"": 0.0, ""49"": 0.0, ""43"": 0.035569191996304206, ""29"": 1.0, ""60"": 0.0, ""2"": 0.0, ""42"": 0.0, ""27"": 0.0, ""38"": 0.0, ""22"": 0.0}}"
437,foolsgold,foolsgold,"[77, 63, 54, 20]","[4, 0, 91, 68, 9, 82]","{""layer_name"": ""linear"", ""weights_by_client"": {""4"": 0.0, ""77"": 0.5639495475642723, ""0"": 0.0, ""63"": 1.0, ""91"": 0.0, ""68"": 0.0, ""9"": 0.0, ""82"": 0.0, ""54"": 1.0, ""20"": 1.0}}"
438,foolsgold,foolsgold,"[4, 26, 8, 74, 15, 46]","[84, 49, 62, 7]","{""layer_name"": ""linear"", ""weights_by_client"": {""4"": 1.0, ""26"": 0.7522085561516558, ""8"": 1.0, ""74"": 1.0, ""84"": 0.0, ""49"": 0.0, ""15"": 1.0, ""46"": 0.7522085561516558, ""62"": 0.0, ""7"": 0.0}}"
439,foolsgold,foolsgold,"[3, 51, 16, 78, 7, 29, 59, 43]","[56, 8]","{""layer_name"": ""linear"", ""weights_by_client"": {""3"": 0.15639726933570275, ""51"": 1.0, ""16"": 1.0, ""78"": 0.6642272951978966, ""7"": 0.6642272951978966, ""29"": 0.15639726933570275, ""56"": 0.0, ""59"": 1.0, ""8"": 0.0, ""43"": 1.0}}"
440,foolsgold,foolsgold,"[4, 8, 16, 85, 74, 61]","[35, 59, 82, 88]","{""layer_name"": ""linear"", ""weights_by_client"": {""4"": 0.3617954383166788, ""8"": 1.0, ""35"": 0.0, ""16"": 0.1997080345103069, ""59"": 0.0, ""85"": 1.0, ""74"": 1.0, ""82"": 0.0, ""88"": 0.0, ""61"": 0.9033116569345525}}"
441,foolsgold,foolsgold,"[3, 78, 56, 14, 74, 53]","[87, 26, 77, 37]","{""layer_name"": ""linear"", ""weights_by_client"": {""3"": 1.0, ""78"": 1.0, ""56"": 1.0, ""87"": 0.0, ""26"": 0.0, ""14"": 1.0, ""77"": 0.0, ""74"": 0.23025493865540286, ""37"": 0.0, ""53"": 0.8581952628135767}}"
442,foolsgold,foolsgold,"[3, 80, 7, 60]","[5, 73, 50, 87, 71, 35]","{""layer_name"": ""linear"", ""weights_by_client"": {""3"": 1.0, ""5"": 0.0, ""73"": 0.0, ""80"": 1.0, ""50"": 0.0, ""87"": 0.0, ""7"": 1.0, ""71"": 0.0, ""60"": 1.0, ""35"": 0.0}}"
443,foolsgold,foolsgold,"[4, 54, 9, 20, 78, 66, 29, 2, 86, 97]",[],"{""layer_name"": ""linear"", ""weights_by_client"": {""4"": 0.5993864328158293, ""54"": 1.0, ""9"": 0.17580575781750152, ""20"": 0.6638370030368317, ""78"": 1.0, ""66"": 1.0, ""29"": 0.6638370030368317, ""2"": 0.5993864328158293, ""86"": 1.0, ""97"": 0.17580575781750152}}"
444,foolsgold,foolsgold,"[3, 70, 67, 40, 92, 61, 58, 65]","[73, 66]","{""layer_name"": ""linear"", ""weights_by_client"": {""3"": 1.0, ""70"": 0.6612264129829477, ""67"": 0.663380404050199, ""40"": 0.9734414314376302, ""92"": 1.0, ""61"": 0.663380404050199, ""58"": 0.9587861326245872, ""73"": 0.0, ""66"": 0.0, ""65"": 0.6612264129829477}}"
445,foolsgold,foolsgold,"[1, 33, 52, 68, 95, 51]","[28, 59, 45, 80]","{""layer_name"": ""linear"", ""weights_by_client"": {""1"": 1.0, ""33"": 1.0, ""28"": 0.0, ""59"": 0.0, ""45"": 0.0, ""80"": 0.0, ""52"": 0.32476174595928764, ""68"": 0.32476174595928764, ""95"": 0.6150699264077962, ""51"": 1.0}}"
446,foolsgold,foolsgold,"[4, 56, 23, 58, 65, 24, 90, 30]","[88, 33]","{""layer_name"": ""linear"", ""weights_by_client"": {""4"": 0.6296243237097997, ""88"": 0.0, ""56"": 1.0, ""23"": 0.8032787150684162, ""58"": 1.0, ""33"": 0.0, ""65"": 0.8032787150684162, ""24"": 0.41091646846727126, ""90"": 0.41091646846727126, ""30"": 0.6296243237097997}}"
447,foolsgold,foolsgold,"[0, 5, 92, 57, 9, 33, 63, 43]","[73, 42]","{""layer_name"": ""linear"", ""weights_by_client"": {""0"": 1.0, ""5"": 0.33424561833129207, ""73"": 0.0, ""92"": 0.34438068288965884, ""57"": 0.3700337537268782, ""9"": 0.33424561833129207, ""42"": 0.0, ""33"": 0.34438068288965884, ""63"": 1.0, ""43"": 1.0}}"
448,foolsgold,foolsgold,"[4, 46, 2, 15, 25, 98, 28, 50, 58, 20]",[],"{""layer_name"": ""linear"", ""weights_by_client"": {""4"": 0.7765257450601222, ""46"": 1.0, ""2"": 0.7765257450601222, ""15"": 1.0, ""25"": 1.0, ""98"": 0.9036508757024175, ""28"": 1.0, ""50"": 1.0, ""58"": 0.9036508757024175, ""20"": 1.0}}"
449,foolsgold,foolsgold,"[9, 42, 49, 58, 98, 94, 67, 3]","[0, 36]","{""layer_name"": ""linear"", ""weights_by_client"": {""0"": 0.0, ""9"": 1.0, ""42"": 0.5472299350262206, ""49"": 1.0, ""58"": 0.9221049546113675, ""98"": 0.5472299350262206, ""94"": 0.2755537942563542, ""67"": 0.2755537942563542, ""36"": 0.0, ""3"": 0.20114112357373004}}"
450,foolsgold,foolsgold,"[4, 21, 69, 97, 40, 78, 83]","[24, 38, 52]","{""layer_name"": ""linear"", ""weights_by_client"": {""4"": 1.0, ""21"": 0.4179288744673394, ""69"": 0.7298885694661632, ""24"": 0.0, ""38"": 0.0, ""97"": 0.7298885694661632, ""52"": 0.0, ""40"": 1.0, ""78"": 0.6143997228817069, ""83"": 0.11093797049898146}}"
451,foolsgold,foolsgold,"[83, 31, 58, 11, 54, 8]","[0, 42, 73, 36]","{""layer_name"": ""linear"", ""weights_by_client"": {""0"": 0.0, ""83"": 1.0, ""31"": 1.0, ""58"": 1.0, ""11"": 1.0, ""54"": 1.0, ""42"": 0.0, ""8"": 1.0, ""73"": 0.0, ""36"": 0.0}}"
452,foolsgold,foolsgold,"[1, 28, 48, 53, 82, 31, 61]","[85, 14, 73]","{""layer_name"": ""linear"", ""weights_by_client"": {""1"": 1.0, ""85"": 0.0, ""28"": 1.0, ""14"": 0.0, ""48"": 1.0, ""73"": 0.0, ""53"": 1.0, ""82"": 1.0, ""31"": 1.0, ""61"": 1.0}}"
453,foolsgold,foolsgold,"[4, 29, 16, 84, 9, 47]","[11, 79, 14, 66]","{""layer_name"": ""linear"", ""weights_by_client"": {""4"": 0.1714042094185026, ""11"": 0.0, ""29"": 1.0, ""16"": 0.1714042094185026, ""84"": 0.34476069029057443, ""79"": 0.0, ""9"": 1.0, ""47"": 1.0, ""14"": 0.0, ""66"": 0.0}}"
454,foolsgold,foolsgold,"[91, 31, 49, 75, 3, 4, 57, 77]","[0, 36]","{""layer_name"": ""linear"", ""weights_by_client"": {""0"": 0.0, ""91"": 0.5130655928161432, ""31"": 1.0, ""49"": 1.0, ""75"": 0.1996937131792481, ""3"": 0.37533510171590706, ""4"": 1.0, ""36"": 0.0, ""57"": 0.1996937131792481, ""77"": 0.5130655928161432}}"
455,foolsgold,foolsgold,"[0, 39, 94, 37, 77, 34, 99]","[56, 40, 8]","{""layer_name"": ""linear"", ""weights_by_client"": {""0"": 1.0, ""39"": 0.9047881896263053, ""56"": 0.0, ""94"": 0.04592485574833732, ""40"": 0.0, ""37"": 0.04592485574833732, ""77"": 0.3908208257338168, ""34"": 0.9047881896263053, ""8"": 0.0, ""99"": 0.5632489759321556}}"
456,foolsgold,foolsgold,"[2, 88, 70, 9, 43, 78, 29, 79]","[13, 98]","{""layer_name"": ""linear"", ""weights_by_client"": {""2"": 1.0, ""88"": 1.0, ""70"": 0.44787628652629247, ""9"": 0.44787628652629247, ""43"": 1.0, ""13"": 0.0, ""78"": 1.0, ""98"": 0.0, ""29"": 1.0, ""79"": 1.0}}"
457,foolsgold,foolsgold,"[2, 20, 64, 72, 81, 80]","[73, 12, 91, 10]","{""layer_name"": ""linear"", ""weights_by_client"": {""2"": 1.0, ""20"": 1.0, ""64"": 1.0, ""72"": 0.5566858076283814, ""73"": 0.0, ""12"": 0.0, ""91"": 0.0, ""81"": 0.7213840305462504, ""10"": 0.0, ""80"": 0.7213840305462504}}"
458,foolsgold,foolsgold,"[56, 69, 7, 80, 65, 55]","[1, 77, 3, 87]","{""layer_name"": ""linear"", ""weights_by_client"": {""1"": 0.0, ""56"": 1.0, ""69"": 0.794939579670763, ""77"": 0.0, ""7"": 1.0, ""3"": 0.0, ""80"": 0.794939579670763, ""65"": 0.6742512586356592, ""55"": 1.0, ""87"": 0.0}}"
459,foolsgold,foolsgold,"[0, 67, 38, 40, 11, 50]","[82, 55, 10, 93]","{""layer_name"": ""linear"", ""weights_by_client"": {""0"": 1.0, ""82"": 0.0, ""55"": 0.0, ""67"": 0.38635739199380315, ""10"": 0.0, ""38"": 0.8087510573970453, ""40"": 1.0, ""11"": 0.04764698727143102, ""93"": 0.0, ""50"": 1.0}}"
460,foolsgold,foolsgold,"[62, 60, 88, 20, 78, 21]","[0, 14, 98, 36]","{""layer_name"": ""linear"", ""weights_by_client"": {""0"": 0.0, ""14"": 0.0, ""62"": 0.9958211474076364, ""98"": 0.0, ""60"": 1.0, ""88"": 1.0, ""20"": 0.8361300610346879, ""78"": 0.35510986439444786, ""36"": 0.0, ""21"": 0.35510986439444786}}"
461,foolsgold,foolsgold,"[53, 61, 7, 72, 4, 67]","[0, 44, 95, 96]","{""layer_name"": ""linear"", ""weights_by_client"": {""0"": 0.0, ""53"": 0.3205746361157853, ""61"": 0.474815118077211, ""7"": 1.0, ""72"": 1.0, ""4"": 0.34897911619235145, ""44"": 0.0, ""95"": 0.0, ""67"": 0.474815118077211, ""96"": 0.0}}"
462,foolsgold,foolsgold,"[71, 20, 87, 33, 80]","[2, 36, 1, 83, 62]","{""layer_name"": ""linear"", ""weights_by_client"": {""2"": 0.0, ""71"": 1.0, ""20"": 1.0, ""36"": 0.0, ""87"": 0.0004300924104835291, ""1"": 0.0, ""33"": 1.0, ""80"": 0.5416338185411268, ""83"": 0.0, ""62"": 0.0}}"
463,foolsgold,foolsgold,"[3, 92, 88, 76, 90, 42, 62, 23, 37, 0]",[],"{""layer_name"": ""linear"", ""weights_by_client"": {""3"": 0.25461317560756735, ""92"": 0.13442831920392456, ""88"": 0.13442831920392456, ""76"": 0.059755432151911425, ""90"": 1.0, ""42"": 0.059755432151911425, ""62"": 1.0, ""23"": 1.0, ""37"": 1.0, ""0"": 0.25461317560756735}}"
464,foolsgold,foolsgold,"[8, 26, 11, 47, 9, 96, 67, 53]","[0, 30]","{""layer_name"": ""linear"", ""weights_by_client"": {""0"": 0.0, ""30"": 0.0, ""8"": 1.0, ""26"": 0.6331937056608858, ""11"": 0.12737230101052816, ""47"": 1.0, ""9"": 0.6331937056608858, ""96"": 0.26367973694073793, ""67"": 0.12737230101052816, ""53"": 0.26367973694073793}}"
465,foolsgold,foolsgold,"[0, 76, 78, 56, 23, 99, 20]","[58, 45, 72]","{""layer_name"": ""linear"", ""weights_by_client"": {""0"": 1.0, ""58"": 0.0, ""45"": 0.0, ""76"": 1.0, ""72"": 0.0, ""78"": 1.0, ""56"": 0.4297703045052269, ""23"": 1.0, ""99"": 0.2933181017136176, ""20"": 0.5288256479877479}}"
466,foolsgold,foolsgold,"[2, 39, 82, 60, 54, 83, 35]","[79, 34, 13]","{""layer_name"": ""linear"", ""weights_by_client"": {""2"": 1.0, ""79"": 0.0, ""39"": 0.3674780387836657, ""82"": 0.12092124167482438, ""60"": 1.0, ""54"": 0.3674780387836657, ""34"": 0.0, ""83"": 0.12092124167482438, ""13"": 0.0, ""35"": 1.0}}"
467,foolsgold,foolsgold,"[4, 65, 24, 10, 77, 5]","[45, 28, 47, 74]","{""layer_name"": ""linear"", ""weights_by_client"": {""4"": 1.0, ""45"": 0.0, ""65"": 0.03323294126301063, ""28"": 0.0, ""24"": 0.8834596526242474, ""47"": 0.0, ""10"": 0.23100671272901124, ""77"": 0.014703256027854272, ""74"": 0.0, ""5"": 0.03323294126301063}}"
468,foolsgold,foolsgold,"[18, 52, 34, 80, 57]","[0, 2, 30, 28, 19]","{""layer_name"": ""linear"", ""weights_by_client"": {""0"": 0.0, ""2"": 0.0, ""18"": 1.0, ""52"": 1.0, ""30"": 0.0, ""28"": 0.0, ""34"": 0.05267334546005975, ""80"": 1.0, ""19"": 0.0, ""57"": 0.05267334546005975}}"
469,foolsgold,foolsgold,"[3, 90, 98, 61, 69, 42, 74, 87]","[8, 40]","{""layer_name"": ""linear"", ""weights_by_client"": {""3"": 1.0, ""90"": 1.0, ""98"": 0.747996063635824, ""61"": 1.0, ""8"": 0.0, ""69"": 1.0, ""42"": 0.747996063635824, ""74"": 0.7864750491767774, ""40"": 0.0, ""87"": 0.7864750491767774}}"
470,foolsgold,foolsgold,"[1, 65, 31, 47]","[55, 23, 79, 85, 96, 95]","{""layer_name"": ""linear"", ""weights_by_client"": {""1"": 1.0, ""55"": 0.0, ""65"": 0.619720149407907, ""23"": 0.0, ""31"": 1.0, ""79"": 0.0, ""85"": 0.0, ""96"": 0.0, ""47"": 1.0, ""95"": 0.0}}"
471,foolsgold,foolsgold,"[26, 89, 69, 12]","[2, 34, 36, 33, 24, 31]","{""layer_name"": ""linear"", ""weights_by_client"": {""2"": 0.0, ""34"": 0.0, ""26"": 1.0, ""89"": 0.03744246302061871, ""36"": 0.0, ""33"": 0.0, ""69"": 1.0, ""24"": 0.0, ""12"": 1.0, ""31"": 0.0}}"
472,foolsgold,foolsgold,"[4, 82, 16, 41, 83, 78]","[0, 44, 62, 52]","{""layer_name"": ""linear"", ""weights_by_client"": {""4"": 0.3643401814202192, ""82"": 0.9335630532997613, ""0"": 0.0, ""16"": 0.7697615703990833, ""41"": 1.0, ""83"": 0.06602057266873884, ""44"": 0.0, ""62"": 0.0, ""52"": 0.0, ""78"": 1.0}}"
473,foolsgold,foolsgold,"[2, 48, 80, 47]","[13, 87, 14, 27, 70, 98]","{""layer_name"": ""linear"", ""weights_by_client"": {""2"": 1.0, ""13"": 0.0, ""87"": 0.0, ""48"": 1.0, ""14"": 0.0, ""27"": 0.0, ""80"": 1.0, ""70"": 0.0, ""98"": 0.0, ""47"": 1.0}}"
474,foolsgold,foolsgold,"[2, 32, 21, 61, 47, 1, 65, 28]","[27, 98]","{""layer_name"": ""linear"", ""weights_by_client"": {""2"": 0.39187206962227533, ""32"": 1.0, ""21"": 0.009909094221849213, ""27"": 0.0, ""61"": 0.009909094221849213, ""47"": 1.0, ""1"": 0.39187206962227533, ""65"": 1.0, ""98"": 0.0, ""28"": 1.0}}"
475,foolsgold,foolsgold,"[4, 64, 16, 41, 22, 20]","[32, 60, 88, 92]","{""layer_name"": ""linear"", ""weights_by_client"": {""4"": 0.2108236292903532, ""64"": 1.0, ""32"": 0.0, ""16"": 0.17663786003651322, ""60"": 0.0, ""41"": 1.0, ""22"": 0.4792409923405027, ""20"": 0.04849361278348813, ""88"": 0.0, ""92"": 0.0}}"
476,foolsgold,foolsgold,"[19, 90, 95]","[1, 36, 31, 33, 13, 27, 73]","{""layer_name"": ""linear"", ""weights_by_client"": {""1"": 0.0, ""19"": 1.0, ""36"": 0.0, ""31"": 0.0, ""33"": 0.0, ""90"": 1.0, ""13"": 0.0, ""95"": 1.0, ""27"": 0.0, ""73"": 0.0}}"
477,foolsgold,foolsgold,"[95, 62, 74, 56, 22, 63]","[2, 42, 71, 0]","{""layer_name"": ""linear"", ""weights_by_client"": {""2"": 0.0, ""95"": 0.6890866937656009, ""62"": 1.0, ""74"": 1.0, ""56"": 1.0, ""42"": 0.0, ""22"": 0.6890866937656009, ""71"": 0.0, ""0"": 0.0, ""63"": 1.0}}"
478,foolsgold,foolsgold,"[29, 2, 54, 34, 89, 42]","[1, 48, 3, 91]","{""layer_name"": ""linear"", ""weights_by_client"": {""1"": 0.0, ""29"": 1.0, ""48"": 0.0, ""3"": 0.0, ""2"": 0.6423560954854383, ""54"": 1.0, ""91"": 0.0, ""34"": 0.312668389332645, ""89"": 1.0, ""42"": 0.312668389332645}}"
479,foolsgold,foolsgold,"[2, 40, 61]","[93, 67, 6, 22, 79, 38, 87]","{""layer_name"": ""linear"", ""weights_by_client"": {""2"": 1.0, ""93"": 0.0, ""67"": 0.0, ""6"": 0.0, ""40"": 1.0, ""22"": 0.0, ""79"": 0.0, ""38"": 0.0, ""61"": 0.17546424289324364, ""87"": 0.0}}"
480,foolsgold,foolsgold,"[4, 21, 67, 57]","[49, 24, 47, 95, 45, 96]","{""layer_name"": ""linear"", ""weights_by_client"": {""4"": 1.0, ""21"": 0.8359267422405421, ""67"": 0.8359267422405421, ""49"": 0.0, ""24"": 0.0, ""47"": 0.0, ""95"": 0.0, ""45"": 0.0, ""57"": 0.457682019636303, ""96"": 0.0}}"
481,foolsgold,foolsgold,"[74, 25, 94, 96, 55, 97]","[1, 58, 3, 99]","{""layer_name"": ""linear"", ""weights_by_client"": {""1"": 0.0, ""74"": 1.0, ""25"": 1.0, ""94"": 1.0, ""96"": 1.0, ""58"": 0.0, ""3"": 0.0, ""99"": 0.0, ""55"": 0.6455253363460713, ""97"": 0.7196631624138305}}"
482,foolsgold,foolsgold,"[81, 47, 65, 60, 28, 49]","[1, 82, 93, 3]","{""layer_name"": ""linear"", ""weights_by_client"": {""1"": 0.0, ""81"": 0.04564287033976483, ""82"": 0.0, ""47"": 0.8312912695408432, ""65"": 1.0, ""60"": 1.0, ""93"": 0.0, ""28"": 0.8312912695408432, ""49"": 0.04564287033976483, ""3"": 0.0}}"
483,foolsgold,foolsgold,"[4, 46, 87, 54, 97]","[8, 48, 69, 18, 19]","{""layer_name"": ""linear"", ""weights_by_client"": {""4"": 1.0, ""8"": 0.0, ""48"": 0.0, ""46"": 0.546150064625366, ""69"": 0.0, ""18"": 0.0, ""87"": 0.5948670232599164, ""54"": 1.0, ""19"": 0.0, ""97"": 1.0}}"
484,foolsgold,foolsgold,"[86, 11, 53]","[1, 91, 59, 48, 3, 9, 26]","{""layer_name"": ""linear"", ""weights_by_client"": {""1"": 0.0, ""91"": 0.0, ""86"": 1.0, ""11"": 1.0, ""53"": 1.0, ""59"": 0.0, ""48"": 0.0, ""3"": 0.0, ""9"": 0.0, ""26"": 0.0}}"
485,foolsgold,foolsgold,"[28, 13]","[1, 82, 58, 96, 4, 39, 99, 37]","{""layer_name"": ""linear"", ""weights_by_client"": {""1"": 0.0, ""82"": 0.0, ""58"": 0.0, ""96"": 0.0, ""4"": 0.0, ""28"": 1.0, ""39"": 0.0, ""99"": 0.0, ""13"": 1.0, ""37"": 0.0}}"
486,foolsgold,foolsgold,"[3, 44, 97, 90, 66, 54]","[62, 49, 70, 87]","{""layer_name"": ""linear"", ""weights_by_client"": {""3"": 0.6974242517204814, ""62"": 0.0, ""44"": 0.6974242517204814, ""97"": 1.0, ""49"": 0.0, ""90"": 0.7641786027905741, ""70"": 0.0, ""66"": 1.0, ""87"": 0.0, ""54"": 1.0}}"
487,foolsgold,foolsgold,"[95, 63, 12, 31, 69, 61]","[1, 57, 76, 2]","{""layer_name"": ""linear"", ""weights_by_client"": {""1"": 0.0, ""95"": 1.0, ""63"": 0.36108088775459446, ""12"": 1.0, ""31"": 1.0, ""57"": 0.0, ""76"": 0.0, ""69"": 1.0, ""61"": 0.36108088775459446, ""2"": 0.0}}"
488,foolsgold,foolsgold,"[4, 3, 43, 32, 65, 70]","[89, 24, 75, 71]","{""layer_name"": ""linear"", ""weights_by_client"": {""4"": 0.4429748346647793, ""3"": 0.4429748346647793, ""89"": 0.0, ""43"": 1.0, ""32"": 1.0, ""65"": 0.5711879054217667, ""24"": 0.0, ""70"": 1.0, ""75"": 0.0, ""71"": 0.0}}"
489,foolsgold,foolsgold,"[0, 91, 20, 84, 29, 85, 50, 43]","[23, 79]","{""layer_name"": ""linear"", ""weights_by_client"": {""0"": 1.0, ""23"": 0.0, ""91"": 1.0, ""20"": 0.6274433723667288, ""84"": 1.0, ""29"": 0.6274433723667288, ""85"": 1.0, ""79"": 0.0, ""50"": 1.0, ""43"": 1.0}}"
490,foolsgold,foolsgold,"[3, 89, 96, 47, 25, 98, 83, 63, 50, 35]",[],"{""layer_name"": ""linear"", ""weights_by_client"": {""3"": 1.0, ""89"": 0.5188742035819237, ""96"": 1.0, ""47"": 1.0, ""25"": 1.0, ""98"": 1.0, ""83"": 0.5188742035819237, ""63"": 1.0, ""50"": 0.13323495688295744, ""35"": 0.13323495688295744}}"
491,foolsgold,foolsgold,"[2, 43, 15, 21, 81, 42, 50, 20, 22, 1]",[],"{""layer_name"": ""linear"", ""weights_by_client"": {""2"": 0.24969204292502795, ""43"": 1.0, ""15"": 1.0, ""21"": 0.4274064761308931, ""81"": 1.0, ""42"": 1.0, ""50"": 0.4274064761308931, ""20"": 1.0, ""22"": 1.0, ""1"": 0.24969204292502795}}"
492,foolsgold,foolsgold,"[4, 36, 99, 53, 33, 87, 35, 17]","[85, 27]","{""layer_name"": ""linear"", ""weights_by_client"": {""4"": 0.15433104495471, ""85"": 0.0, ""27"": 0.0, ""36"": 0.15433104495471, ""99"": 1.0, ""53"": 1.0, ""33"": 1.0, ""87"": 1.0, ""35"": 1.0, ""17"": 1.0}}"
493,foolsgold,foolsgold,"[4, 88, 94, 50, 16, 67, 8, 58]","[73, 27]","{""layer_name"": ""linear"", ""weights_by_client"": {""4"": 0.17022689425327714, ""73"": 0.0, ""88"": 0.050750224385404885, ""94"": 0.02109489332642467, ""50"": 0.050750224385404885, ""16"": 0.17022689425327714, ""27"": 0.0, ""67"": 0.02109489332642467, ""8"": 1.0, ""58"": 1.0}}"
494,foolsgold,foolsgold,"[0, 72, 87, 49, 56, 84]","[6, 94, 73, 76]","{""layer_name"": ""linear"", ""weights_by_client"": {""0"": 1.0, ""72"": 1.0, ""87"": 0.4255131840430179, ""49"": 1.0, ""6"": 0.0, ""94"": 0.0, ""56"": 1.0, ""73"": 0.0, ""76"": 0.0, ""84"": 1.0}}"
495,foolsgold,foolsgold,[78],"[1, 77, 34, 44, 10, 5, 50, 85, 68]","{""layer_name"": ""linear"", ""weights_by_client"": {""1"": 0.0, ""78"": 1.0, ""77"": 0.0, ""34"": 0.0, ""44"": 0.0, ""10"": 0.0, ""5"": 0.0, ""50"": 0.0, ""85"": 0.0, ""68"": 0.0}}"
496,foolsgold,foolsgold,"[1, 93, 20, 19, 49]","[67, 79, 10, 75, 94]","{""layer_name"": ""linear"", ""weights_by_client"": {""1"": 0.9487074263109185, ""67"": 0.0, ""93"": 1.0, ""20"": 0.9487074263109185, ""79"": 0.0, ""19"": 1.0, ""10"": 0.0, ""49"": 1.0, ""75"": 0.0, ""94"": 0.0}}"
497,foolsgold,foolsgold,"[3, 1, 40, 89, 24, 63, 65, 48, 90, 64]",[],"{""layer_name"": ""linear"", ""weights_by_client"": {""3"": 0.10187525618923637, ""1"": 0.10187525618923637, ""40"": 0.42057469705493056, ""89"": 0.5929212883194194, ""24"": 0.5929212883194194, ""63"": 0.585094591999079, ""65"": 1.0, ""48"": 0.42057469705493056, ""90"": 1.0, ""64"": 0.585094591999079}}"
498,foolsgold,foolsgold,"[54, 84, 25, 47]","[0, 97, 8, 32, 82, 2]","{""layer_name"": ""linear"", ""weights_by_client"": {""0"": 0.0, ""97"": 0.0, ""8"": 0.0, ""32"": 0.0, ""54"": 1.0, ""84"": 1.0, ""25"": 1.0, ""82"": 0.0, ""2"": 0.0, ""47"": 1.0}}"
499,foolsgold,foolsgold,"[3, 84, 23, 5]","[77, 43, 97, 54, 41, 81]","{""layer_name"": ""linear"", ""weights_by_client"": {""3"": 1.0, ""77"": 0.0, ""43"": 0.0, ""84"": 1.0, ""97"": 0.0, ""54"": 0.0, ""23"": 0.14856799340700444, ""41"": 0.0, ""81"": 0.0, ""5"": 0.4204807577251787}}"
500,foolsgold,foolsgold,"[4, 50, 79, 39, 18, 28, 41, 22]","[10, 71]","{""layer_name"": ""linear"", ""weights_by_client"": {""4"": 1.0, ""50"": 0.4667250616270021, ""79"": 0.8061500102736507, ""39"": 0.30416102617582047, ""10"": 0.0, ""18"": 0.4667250616270021, ""28"": 1.0, ""41"": 0.5809307166457064, ""22"": 1.0, ""71"": 0.0}}"
