epoch,method,stage,selected,rejected,human
1,rflbat,rflbat_first_distance_filter,"[3, 71, 32, 58, 4, 24, 62, 67, 43, 29, 71, 32, 58, 4, 24, 62, 67, 43, 29]",[],"{""accepted_indices"": [0, 1, 2, 3, 4, 5, 6, 7, 8, 9, 1, 2, 3, 4, 5, 6, 7, 8, 9], ""eps1"": 10, ""distance_median"": 1.0366139172141902}"
1,rflbat,rflbat_cluster_filter,"[3, 71, 32, 58, 4, 24, 62, 67, 43, 29, 71, 32, 58, 4, 24, 62, 67, 43, 29]",[],"{""accepted_indices"": [0, 1, 2, 3, 4, 5, 6, 7, 8, 9, 1, 2, 3, 4, 5, 6, 7, 8, 9], ""num_clusters"": 1, ""cluster_scores"": [0.12351689929433926]}"
1,rflbat,rflbat_final_distance_filter,"[71, 32, 58, 4, 24, 62, 67, 43, 29]",[3],"{""accepted_indices"": [1, 2, 3, 4, 5, 6, 7, 8, 9, 1, 2, 3, 4, 5, 6, 7, 8, 9], ""eps2"": 6, ""distance_median"": 1.5030109922915227}"
2,rflbat,rflbat_first_distance_filter,"[0, 30, 57, 86, 66, 85, 54, 99, 23, 53, 30, 57, 86, 66, 85, 54, 99, 23, 53]",[],"{""accepted_indices"": [0, 1, 2, 3, 4, 5, 6, 7, 8, 9, 1, 2, 3, 4, 5, 6, 7, 8, 9], ""eps1"": 10, ""distance_median"": 0.6303103183501566}"
2,rflbat,rflbat_cluster_filter,"[0, 30, 57, 86, 66, 85, 54, 99, 23, 53, 30, 57, 86, 66, 85, 54, 99, 23, 53]",[],"{""accepted_indices"": [0, 1, 2, 3, 4, 5, 6, 7, 8, 9, 1, 2, 3, 4, 5, 6, 7, 8, 9], ""num_clusters"": 1, ""cluster_scores"": [0.09640242448475114]}"
2,rflbat,rflbat_final_distance_filter,"[30, 57, 86, 66, 85, 54, 99, 23, 53]",[0],"{""accepted_indices"": [1, 2, 3, 4, 5, 6, 7, 8, 9, 1, 2, 3, 4, 5, 6, 7, 8, 9], ""eps2"": 6, ""distance_median"": 0.8279184872593336}"
3,rflbat,rflbat_first_distance_filter,"[2, 39, 9, 63, 48, 35, 87, 5, 13, 50, 39, 9, 63, 48, 35, 87, 5, 13, 50]",[],"{""accepted_indices"": [0, 1, 2, 3, 4, 5, 6, 7, 8, 9, 1, 2, 3, 4, 5, 6, 7, 8, 9], ""eps1"": 10, ""distance_median"": 0.4405345194178952}"
3,rflbat,rflbat_cluster_filter,"[39, 9, 63, 35, 87, 5, 13, 50, 39, 9, 63, 35, 87, 5, 13, 50]","[2, 48]","{""accepted_indices"": [1, 2, 3, 5, 6, 7, 8, 9, 1, 2, 3, 5, 6, 7, 8, 9], ""num_clusters"": 3, ""cluster_scores"": [0.16097657869037535, 1, 1.0000000000014828]}"
3,rflbat,rflbat_final_distance_filter,"[39, 9, 63, 35, 87, 5, 13, 50]","[2, 48]","{""accepted_indices"": [1, 2, 3, 5, 6, 7, 8, 9, 1, 2, 3, 5, 6, 7, 8, 9], ""eps2"": 6, ""distance_median"": 0.08196781591820892}"
4,rflbat,rflbat_first_distance_filter,"[1, 98, 26, 62, 6, 55, 78, 43, 84, 14, 98, 26, 62, 6, 55, 78, 43, 84, 14]",[],"{""accepted_indices"": [0, 1, 2, 3, 4, 5, 6, 7, 8, 9, 1, 2, 3, 4, 5, 6, 7, 8, 9], ""eps1"": 10, ""distance_median"": 0.3614708326118424}"
4,rflbat,rflbat_cluster_filter,"[98, 26, 62, 6, 78, 43, 84, 14, 98, 26, 62, 6, 78, 43, 84, 14]","[1, 55]","{""accepted_indices"": [1, 2, 3, 4, 6, 7, 8, 9, 1, 2, 3, 4, 6, 7, 8, 9], ""num_clusters"": 3, ""cluster_scores"": [1, 0.12446346413744631, 1.00000000000116]}"
4,rflbat,rflbat_final_distance_filter,"[98, 26, 62, 6, 78, 43, 84, 14]","[1, 55]","{""accepted_indices"": [1, 2, 3, 4, 6, 7, 8, 9, 1, 2, 3, 4, 6, 7, 8, 9], ""eps2"": 6, ""distance_median"": 0.10036610266058416}"
5,rflbat,rflbat_first_distance_filter,"[1, 93, 34, 19, 5, 40, 81, 43, 63, 67, 93, 34, 19, 5, 40, 81, 43, 63, 67]",[],"{""accepted_indices"": [0, 1, 2, 3, 4, 5, 6, 7, 8, 9, 1, 2, 3, 4, 5, 6, 7, 8, 9], ""eps1"": 10, ""distance_median"": 0.3285084608472293}"
5,rflbat,rflbat_cluster_filter,"[1, 93, 34, 19, 5, 40, 81, 43, 63, 67, 93, 34, 19, 5, 40, 81, 43, 63, 67]",[],"{""accepted_indices"": [0, 1, 2, 3, 4, 5, 6, 7, 8, 9, 1, 2, 3, 4, 5, 6, 7, 8, 9], ""num_clusters"": 1, ""cluster_scores"": [0.09297296101672628]}"
5,rflbat,rflbat_final_distance_filter,"[93, 34, 19, 5, 40, 81, 43, 63, 67]",[1],"{""accepted_indices"": [1, 2, 3, 4, 5, 6, 7, 8, 9, 1, 2, 3, 4, 5, 6, 7, 8, 9], ""eps2"": 6, ""distance_median"": 0.414068529946907}"
6,rflbat,rflbat_first_distance_filter,"[2, 38, 3, 97, 19, 60, 57, 50, 8, 15, 38, 3, 97, 19, 60, 57, 50, 8, 15]",[],"{""accepted_indices"": [0, 1, 2, 3, 4, 5, 6, 7, 8, 9, 1, 2, 3, 4, 5, 6, 7, 8, 9], ""eps1"": 10, ""distance_median"": 0.6355877525929596}"
6,rflbat,rflbat_cluster_filter,"[38, 97, 19, 60, 57, 50, 15, 38, 97, 19, 60, 57, 50, 15]","[2, 3, 8]","{""accepted_indices"": [1, 3, 4, 5, 6, 7, 9, 1, 3, 4, 5, 6, 7, 9], ""num_clusters"": 4, ""cluster_scores"": [0.14344522314578584, 1, 1.0000000000009643, 1.0000000000027425]}"
6,rflbat,rflbat_final_distance_filter,"[38, 97, 19, 60, 57, 50, 15]","[2, 3, 8]","{""accepted_indices"": [1, 3, 4, 5, 6, 7, 9, 1, 3, 4, 5, 6, 7, 9], ""eps2"": 6, ""distance_median"": 0.030162094738910364}"
7,rflbat,rflbat_first_distance_filter,"[3, 80, 92, 36, 93, 14, 37, 68, 67, 15, 80, 92, 36, 93, 14, 37, 68, 67, 15]",[],"{""accepted_indices"": [0, 1, 2, 3, 4, 5, 6, 7, 8, 9, 1, 2, 3, 4, 5, 6, 7, 8, 9], ""eps1"": 10, ""distance_median"": 0.4339953835640789}"
7,rflbat,rflbat_cluster_filter,"[3, 80, 92, 36, 93, 14, 37, 68, 67, 15, 80, 92, 36, 93, 14, 37, 68, 67, 15]",[],"{""accepted_indices"": [0, 1, 2, 3, 4, 5, 6, 7, 8, 9, 1, 2, 3, 4, 5, 6, 7, 8, 9], ""num_clusters"": 1, ""cluster_scores"": [0.093104050158471]}"
7,rflbat,rflbat_final_distance_filter,"[80, 92, 36, 93, 14, 37, 68, 67, 15]",[3],"{""accepted_indices"": [1, 2, 3, 4, 5, 6, 7, 8, 9, 1, 2, 3, 4, 5, 6, 7, 8, 9], ""eps2"": 6, ""distance_median"": 0.5263143285220848}"
8,rflbat,rflbat_first_distance_filter,"[1, 39, 33, 92, 44, 95, 61, 42, 84, 78, 39, 33, 92, 44, 95, 61, 42, 84, 78]",[],"{""accepted_indices"": [0, 1, 2, 3, 4, 5, 6, 7, 8, 9, 1, 2, 3, 4, 5, 6, 7, 8, 9], ""eps1"": 10, ""distance_median"": 0.4242632422888625}"
8,rflbat,rflbat_cluster_filter,"[39, 33, 92, 44, 95, 61, 42, 84, 78, 39, 33, 92, 44, 95, 61, 42, 84, 78]",[1],"{""accepted_indices"": [1, 2, 3, 4, 5, 6, 7, 8, 9, 1, 2, 3, 4, 5, 6, 7, 8, 9], ""num_clusters"": 2, ""cluster_scores"": [0.13134340893342805, 1]}"
8,rflbat,rflbat_final_distance_filter,"[39, 33, 92, 44, 95, 61, 42, 84, 78]",[1],"{""accepted_indices"": [1, 2, 3, 4, 5, 6, 7, 8, 9, 1, 2, 3, 4, 5, 6, 7, 8, 9], ""eps2"": 6, ""distance_median"": 0.34212303943098166}"
9,rflbat,rflbat_first_distance_filter,"[2, 91, 18, 4, 6, 85, 82, 45, 7, 24, 91, 18, 4, 6, 85, 82, 45, 7, 24]",[],"{""accepted_indices"": [0, 1, 2, 3, 4, 5, 6, 7, 8, 9, 1, 2, 3, 4, 5, 6, 7, 8, 9], ""eps1"": 10, ""distance_median"": 0.5957185315149871}"
9,rflbat,rflbat_cluster_filter,"[2, 91, 18, 4, 6, 85, 82, 45, 7, 24, 91, 18, 4, 6, 85, 82, 45, 7, 24]",[],"{""accepted_indices"": [0, 1, 2, 3, 4, 5, 6, 7, 8, 9, 1, 2, 3, 4, 5, 6, 7, 8, 9], ""num_clusters"": 1, ""cluster_scores"": [0.12311685186694997]}"
9,rflbat,rflbat_final_distance_filter,"[91, 18, 4, 6, 85, 82, 45, 7, 24]",[2],"{""accepted_indices"": [1, 2, 3, 4, 5, 6, 7, 8, 9, 1, 2, 3, 4, 5, 6, 7, 8, 9], ""eps2"": 6, ""distance_median"": 0.872820027752638}"
10,rflbat,rflbat_first_distance_filter,"[0, 50, 35, 20, 96, 84, 68, 21, 29, 47, 50, 35, 20, 96, 84, 68, 21, 29, 47]",[],"{""accepted_indices"": [0, 1, 2, 3, 4, 5, 6, 7, 8, 9, 1, 2, 3, 4, 5, 6, 7, 8, 9], ""eps1"": 10, ""distance_median"": 0.5710973171640202}"
10,rflbat,rflbat_cluster_filter,"[0, 50, 35, 20, 96, 84, 68, 21, 29, 47, 50, 35, 20, 96, 84, 68, 21, 29, 47]",[],"{""accepted_indices"": [0, 1, 2, 3, 4, 5, 6, 7, 8, 9, 1, 2, 3, 4, 5, 6, 7, 8, 9], ""num_clusters"": 1, ""cluster_scores"": [0.15592456616711917]}"
10,rflbat,rflbat_final_distance_filter,"[50, 35, 20, 96, 84, 68, 21, 29, 47]",[0],"{""accepted_indices"": [1, 2, 3, 4, 5, 6, 7, 8, 9, 1, 2, 3, 4, 5, 6, 7, 8, 9], ""eps2"": 6, ""distance_median"": 0.7131569814574195}"
11,rflbat,rflbat_first_distance_filter,"[4, 79, 55, 80, 75, 40, 51, 48, 20, 14, 79, 55, 80, 75, 40, 51, 48, 20, 14]",[],"{""accepted_indices"": [0, 1, 2, 3, 4, 5, 6, 7, 8, 9, 1, 2, 3, 4, 5, 6, 7, 8, 9], ""eps1"": 10, ""distance_median"": 0.35506870261930223}"
11,rflbat,rflbat_cluster_filter,"[4, 79, 55, 80, 75, 40, 51, 48, 20, 14, 79, 55, 80, 75, 40, 51, 48, 20, 14]",[],"{""accepted_indices"": [0, 1, 2, 3, 4, 5, 6, 7, 8, 9, 1, 2, 3, 4, 5, 6, 7, 8, 9], ""num_clusters"": 1, ""cluster_scores"": [0.11682623298634515]}"
11,rflbat,rflbat_final_distance_filter,"[4, 79, 55, 80, 75, 40, 51, 48, 20, 14]",[],"{""accepted_indices"": [0, 1, 2, 3, 4, 5, 6, 7, 8, 9, 1, 2, 3, 4, 5, 6, 7, 8, 9], ""eps2"": 6, ""distance_median"": 0.5606303938680995}"
12,rflbat,rflbat_first_distance_filter,"[4, 97, 5, 42, 59, 69, 28, 98, 33, 12, 97, 5, 42, 59, 69, 28, 98, 33, 12]",[],"{""accepted_indices"": [0, 1, 2, 3, 4, 5, 6, 7, 8, 9, 1, 2, 3, 4, 5, 6, 7, 8, 9], ""eps1"": 10, ""distance_median"": 0.33185958845180374}"
12,rflbat,rflbat_cluster_filter,"[4, 97, 5, 42, 59, 69, 28, 98, 33, 12, 97, 5, 42, 59, 69, 28, 98, 33, 12]",[],"{""accepted_indices"": [0, 1, 2, 3, 4, 5, 6, 7, 8, 9, 1, 2, 3, 4, 5, 6, 7, 8, 9], ""num_clusters"": 1, ""cluster_scores"": [0.1334209914346606]}"
12,rflbat,rflbat_final_distance_filter,"[4, 97, 5, 42, 59, 69, 28, 98, 33, 12]",[],"{""accepted_indices"": [0, 1, 2, 3, 4, 5, 6, 7, 8, 9, 1, 2, 3, 4, 5, 6, 7, 8, 9], ""eps2"": 6, ""distance_median"": 0.5398744208389958}"
13,rflbat,rflbat_first_distance_filter,"[4, 68, 1, 25, 34, 33, 7, 44, 69, 46, 68, 1, 25, 34, 33, 7, 44, 69, 46]",[],"{""accepted_indices"": [0, 1, 2, 3, 4, 5, 6, 7, 8, 9, 1, 2, 3, 4, 5, 6, 7, 8, 9], ""eps1"": 10, ""distance_median"": 0.32863182287147197}"
13,rflbat,rflbat_cluster_filter,"[4, 68, 1, 25, 34, 33, 7, 44, 69, 46, 68, 1, 25, 34, 33, 7, 44, 69, 46]",[],"{""accepted_indices"": [0, 1, 2, 3, 4, 5, 6, 7, 8, 9, 1, 2, 3, 4, 5, 6, 7, 8, 9], ""num_clusters"": 1, ""cluster_scores"": [0.11900985215052833]}"
13,rflbat,rflbat_final_distance_filter,"[4, 68, 1, 25, 34, 33, 7, 44, 69, 46]",[],"{""accepted_indices"": [0, 1, 2, 3, 4, 5, 6, 7, 8, 9, 1, 2, 3, 4, 5, 6, 7, 8, 9], ""eps2"": 6, ""distance_median"": 0.5441394969345245}"
14,rflbat,rflbat_first_distance_filter,"[3, 72, 24, 35, 19, 32, 80, 82, 77, 61, 72, 24, 35, 19, 32, 80, 82, 77, 61]",[],"{""accepted_indices"": [0, 1, 2, 3, 4, 5, 6, 7, 8, 9, 1, 2, 3, 4, 5, 6, 7, 8, 9], ""eps1"": 10, ""distance_median"": 0.26076667479763593}"
14,rflbat,rflbat_cluster_filter,"[72, 24, 35, 19, 32, 80, 82, 77, 61, 72, 24, 35, 19, 32, 80, 82, 77, 61]",[3],"{""accepted_indices"": [1, 2, 3, 4, 5, 6, 7, 8, 9, 1, 2, 3, 4, 5, 6, 7, 8, 9], ""num_clusters"": 2, ""cluster_scores"": [1, 0.15450641077273958]}"
14,rflbat,rflbat_final_distance_filter,"[72, 24, 35, 19, 32, 80, 82, 77, 61]",[3],"{""accepted_indices"": [1, 2, 3, 4, 5, 6, 7, 8, 9, 1, 2, 3, 4, 5, 6, 7, 8, 9], ""eps2"": 6, ""distance_median"": 0.27197051286334156}"
15,rflbat,rflbat_first_distance_filter,"[4, 9, 95, 37, 44, 59, 66, 48, 80, 90, 9, 95, 37, 44, 59, 66, 48, 80, 90]",[],"{""accepted_indices"": [0, 1, 2, 3, 4, 5, 6, 7, 8, 9, 1, 2, 3, 4, 5, 6, 7, 8, 9], ""eps1"": 10, ""distance_median"": 0.2869131699609371}"
15,rflbat,rflbat_cluster_filter,"[4, 9, 95, 37, 44, 59, 66, 48, 80, 90, 9, 95, 37, 44, 59, 66, 48, 80, 90]",[],"{""accepted_indices"": [0, 1, 2, 3, 4, 5, 6, 7, 8, 9, 1, 2, 3, 4, 5, 6, 7, 8, 9], ""num_clusters"": 1, ""cluster_scores"": [0.15545610821906541]}"
15,rflbat,rflbat_final_distance_filter,"[4, 9, 95, 37, 44, 59, 66, 48, 80, 90]",[],"{""accepted_indices"": [0, 1, 2, 3, 4, 5, 6, 7, 8, 9, 1, 2, 3, 4, 5, 6, 7, 8, 9], ""eps2"": 6, ""distance_median"": 0.47766796151875845}"
16,rflbat,rflbat_first_distance_filter,"[1, 8, 79, 78, 88, 26, 43, 21, 47, 10, 8, 79, 78, 88, 26, 43, 21, 47, 10]",[],"{""accepted_indices"": [0, 1, 2, 3, 4, 5, 6, 7, 8, 9, 1, 2, 3, 4, 5, 6, 7, 8, 9], ""eps1"": 10, ""distance_median"": 0.46338756877805054}"
16,rflbat,rflbat_cluster_filter,"[1, 8, 79, 78, 88, 26, 43, 21, 47, 10, 8, 79, 78, 88, 26, 43, 21, 47, 10]",[],"{""accepted_indices"": [0, 1, 2, 3, 4, 5, 6, 7, 8, 9, 1, 2, 3, 4, 5, 6, 7, 8, 9], ""num_clusters"": 1, ""cluster_scores"": [0.11056770533899281]}"
16,rflbat,rflbat_final_distance_filter,"[1, 8, 79, 78, 88, 26, 43, 21, 47, 10]",[],"{""accepted_indices"": [0, 1, 2, 3, 4, 5, 6, 7, 8, 9, 1, 2, 3, 4, 5, 6, 7, 8, 9], ""eps2"": 6, ""distance_median"": 0.7542163438529685}"
17,rflbat,rflbat_first_distance_filter,"[4, 17, 5, 45, 9, 8, 25, 33, 89, 10, 17, 5, 45, 9, 8, 25, 33, 89, 10]",[],"{""accepted_indices"": [0, 1, 2, 3, 4, 5, 6, 7, 8, 9, 1, 2, 3, 4, 5, 6, 7, 8, 9], ""eps1"": 10, ""distance_median"": 0.3493668693467056}"
17,rflbat,rflbat_cluster_filter,"[4, 17, 5, 45, 9, 8, 25, 33, 89, 10, 17, 5, 45, 9, 8, 25, 33, 89, 10]",[],"{""accepted_indices"": [0, 1, 2, 3, 4, 5, 6, 7, 8, 9, 1, 2, 3, 4, 5, 6, 7, 8, 9], ""num_clusters"": 1, ""cluster_scores"": [0.09405289923342154]}"
17,rflbat,rflbat_final_distance_filter,"[4, 17, 5, 45, 9, 8, 25, 33, 89, 10]",[],"{""accepted_indices"": [0, 1, 2, 3, 4, 5, 6, 7, 8, 9, 1, 2, 3, 4, 5, 6, 7, 8, 9], ""eps2"": 6, ""distance_median"": 0.5379040074787586}"
18,rflbat,rflbat_first_distance_filter,"[4, 16, 3, 5, 10, 96, 48, 40, 59, 47, 16, 3, 5, 10, 96, 48, 40, 59, 47]",[],"{""accepted_indices"": [0, 1, 2, 3, 4, 5, 6, 7, 8, 9, 1, 2, 3, 4, 5, 6, 7, 8, 9], ""eps1"": 10, ""distance_median"": 0.43294525563989467}"
18,rflbat,rflbat_cluster_filter,"[4, 16, 3, 5, 10, 96, 48, 40, 59, 47, 16, 3, 5, 10, 96, 48, 40, 59, 47]",[],"{""accepted_indices"": [0, 1, 2, 3, 4, 5, 6, 7, 8, 9, 1, 2, 3, 4, 5, 6, 7, 8, 9], ""num_clusters"": 1, ""cluster_scores"": [0.07289071501670791]}"
18,rflbat,rflbat_final_distance_filter,"[4, 16, 3, 5, 10, 96, 48, 40, 59, 47]",[],"{""accepted_indices"": [0, 1, 2, 3, 4, 5, 6, 7, 8, 9, 1, 2, 3, 4, 5, 6, 7, 8, 9], ""eps2"": 6, ""distance_median"": 0.7182169308208914}"
19,rflbat,rflbat_first_distance_filter,"[2, 83, 76, 70, 10, 14, 82, 34, 48, 63, 83, 76, 70, 10, 14, 82, 34, 48, 63]",[],"{""accepted_indices"": [0, 1, 2, 3, 4, 5, 6, 7, 8, 9, 1, 2, 3, 4, 5, 6, 7, 8, 9], ""eps1"": 10, ""distance_median"": 0.3032891391591788}"
19,rflbat,rflbat_cluster_filter,"[2, 83, 76, 70, 10, 14, 82, 34, 48, 63, 83, 76, 70, 10, 14, 82, 34, 48, 63]",[],"{""accepted_indices"": [0, 1, 2, 3, 4, 5, 6, 7, 8, 9, 1, 2, 3, 4, 5, 6, 7, 8, 9], ""num_clusters"": 1, ""cluster_scores"": [0.11384208229960355]}"
19,rflbat,rflbat_final_distance_filter,"[2, 83, 76, 70, 10, 14, 82, 34, 48, 63]",[],"{""accepted_indices"": [0, 1, 2, 3, 4, 5, 6, 7, 8, 9, 1, 2, 3, 4, 5, 6, 7, 8, 9], ""eps2"": 6, ""distance_median"": 0.48123736684389284}"
20,rflbat,rflbat_first_distance_filter,"[1, 81, 28, 39, 88, 92, 16, 79, 5, 12, 81, 28, 39, 88, 92, 16, 79, 5, 12]",[],"{""accepted_indices"": [0, 1, 2, 3, 4, 5, 6, 7, 8, 9, 1, 2, 3, 4, 5, 6, 7, 8, 9], ""eps1"": 10, ""distance_median"": 0.28108560180355613}"
20,rflbat,rflbat_cluster_filter,"[1, 81, 28, 39, 88, 92, 16, 79, 5, 12, 81, 28, 39, 88, 92, 16, 79, 5, 12]",[],"{""accepted_indices"": [0, 1, 2, 3, 4, 5, 6, 7, 8, 9, 1, 2, 3, 4, 5, 6, 7, 8, 9], ""num_clusters"": 1, ""cluster_scores"": [0.10637797160040761]}"
20,rflbat,rflbat_final_distance_filter,"[1, 81, 28, 39, 88, 92, 16, 79, 5, 12]",[],"{""accepted_indices"": [0, 1, 2, 3, 4, 5, 6, 7, 8, 9, 1, 2, 3, 4, 5, 6, 7, 8, 9], ""eps2"": 6, ""distance_median"": 0.5304588149000227}"
21,rflbat,rflbat_first_distance_filter,"[4, 19, 39, 24, 49, 17, 66, 11, 9, 42, 19, 39, 24, 49, 17, 66, 11, 9, 42]",[],"{""accepted_indices"": [0, 1, 2, 3, 4, 5, 6, 7, 8, 9, 1, 2, 3, 4, 5, 6, 7, 8, 9], ""eps1"": 10, ""distance_median"": 0.287864200275724}"
21,rflbat,rflbat_cluster_filter,"[4, 19, 39, 24, 49, 17, 66, 11, 9, 42, 19, 39, 24, 49, 17, 66, 11, 9, 42]",[],"{""accepted_indices"": [0, 1, 2, 3, 4, 5, 6, 7, 8, 9, 1, 2, 3, 4, 5, 6, 7, 8, 9], ""num_clusters"": 1, ""cluster_scores"": [0.18254698879225464]}"
21,rflbat,rflbat_final_distance_filter,"[19, 39, 24, 49, 17, 66, 11, 9, 42]",[4],"{""accepted_indices"": [1, 2, 3, 4, 5, 6, 7, 8, 9, 1, 2, 3, 4, 5, 6, 7, 8, 9], ""eps2"": 6, ""distance_median"": 0.4260570602471927}"
22,rflbat,rflbat_first_distance_filter,"[0, 41, 83, 69, 8, 72, 19, 26, 4, 52, 41, 83, 69, 8, 72, 19, 26, 4, 52]",[],"{""accepted_indices"": [0, 1, 2, 3, 4, 5, 6, 7, 8, 9, 1, 2, 3, 4, 5, 6, 7, 8, 9], ""eps1"": 10, ""distance_median"": 0.5763627802974568}"
22,rflbat,rflbat_cluster_filter,"[0, 41, 83, 69, 8, 72, 19, 26, 4, 52, 41, 83, 69, 8, 72, 19, 26, 4, 52]",[],"{""accepted_indices"": [0, 1, 2, 3, 4, 5, 6, 7, 8, 9, 1, 2, 3, 4, 5, 6, 7, 8, 9], ""num_clusters"": 1, ""cluster_scores"": [0.14575766119861935]}"
22,rflbat,rflbat_final_distance_filter,"[41, 83, 69, 8, 72, 19, 26, 4, 52]",[0],"{""accepted_indices"": [1, 2, 3, 4, 5, 6, 7, 8, 9, 1, 2, 3, 4, 5, 6, 7, 8, 9], ""eps2"": 6, ""distance_median"": 0.7696604478213217}"
23,rflbat,rflbat_first_distance_filter,"[4, 78, 92, 25, 12, 76, 24, 52, 89, 40, 78, 92, 25, 12, 76, 24, 52, 89, 40]",[],"{""accepted_indices"": [0, 1, 2, 3, 4, 5, 6, 7, 8, 9, 1, 2, 3, 4, 5, 6, 7, 8, 9], ""eps1"": 10, ""distance_median"": 0.17916811857587867}"
23,rflbat,rflbat_cluster_filter,"[4, 78, 92, 25, 12, 76, 24, 52, 89, 40, 78, 92, 25, 12, 76, 24, 52, 89, 40]",[],"{""accepted_indices"": [0, 1, 2, 3, 4, 5, 6, 7, 8, 9, 1, 2, 3, 4, 5, 6, 7, 8, 9], ""num_clusters"": 1, ""cluster_scores"": [0.12787682518561913]}"
23,rflbat,rflbat_final_distance_filter,"[4, 78, 92, 25, 12, 76, 24, 52, 89, 40]",[],"{""accepted_indices"": [0, 1, 2, 3, 4, 5, 6, 7, 8, 9, 1, 2, 3, 4, 5, 6, 7, 8, 9], ""eps2"": 6, ""distance_median"": 0.28406389344279165}"
24,rflbat,rflbat_first_distance_filter,"[3, 6, 98, 54, 77, 5, 71, 59, 84, 15, 6, 98, 54, 77, 5, 71, 59, 84, 15]",[],"{""accepted_indices"": [0, 1, 2, 3, 4, 5, 6, 7, 8, 9, 1, 2, 3, 4, 5, 6, 7, 8, 9], ""eps1"": 10, ""distance_median"": 0.27498719705487096}"
24,rflbat,rflbat_cluster_filter,"[3, 6, 98, 54, 77, 5, 71, 59, 84, 15, 6, 98, 54, 77, 5, 71, 59, 84, 15]",[],"{""accepted_indices"": [0, 1, 2, 3, 4, 5, 6, 7, 8, 9, 1, 2, 3, 4, 5, 6, 7, 8, 9], ""num_clusters"": 1, ""cluster_scores"": [0.08632766311059627]}"
24,rflbat,rflbat_final_distance_filter,"[3, 6, 98, 54, 77, 5, 71, 59, 84, 15]",[],"{""accepted_indices"": [0, 1, 2, 3, 4, 5, 6, 7, 8, 9, 1, 2, 3, 4, 5, 6, 7, 8, 9], ""eps2"": 6, ""distance_median"": 0.46355605149071805}"
25,rflbat,rflbat_first_distance_filter,"[0, 33, 3, 97, 25, 99, 42, 35, 84, 34, 33, 3, 97, 25, 99, 42, 35, 84, 34]",[],"{""accepted_indices"": [0, 1, 2, 3, 4, 5, 6, 7, 8, 9, 1, 2, 3, 4, 5, 6, 7, 8, 9], ""eps1"": 10, ""distance_median"": 0.5727120107358845}"
25,rflbat,rflbat_cluster_filter,"[33, 3, 97, 25, 99, 42, 35, 84, 34, 33, 3, 97, 25, 99, 42, 35, 84, 34]",[0],"{""accepted_indices"": [1, 2, 3, 4, 5, 6, 7, 8, 9, 1, 2, 3, 4, 5, 6, 7, 8, 9], ""num_clusters"": 2, ""cluster_scores"": [0.09534735638863641, 1]}"
25,rflbat,rflbat_final_distance_filter,"[33, 3, 97, 25, 99, 42, 35, 84, 34]",[0],"{""accepted_indices"": [1, 2, 3, 4, 5, 6, 7, 8, 9, 1, 2, 3, 4, 5, 6, 7, 8, 9], ""eps2"": 6, ""distance_median"": 0.4382900521299516}"
26,rflbat,rflbat_first_distance_filter,"[4, 38, 66, 10, 58, 59, 33, 43, 41, 68, 38, 66, 10, 58, 59, 33, 43, 41, 68]",[],"{""accepted_indices"": [0, 1, 2, 3, 4, 5, 6, 7, 8, 9, 1, 2, 3, 4, 5, 6, 7, 8, 9], ""eps1"": 10, ""distance_median"": 0.26771213813123673}"
26,rflbat,rflbat_cluster_filter,"[4, 38, 66, 10, 58, 59, 33, 43, 41, 68, 38, 66, 10, 58, 59, 33, 43, 41, 68]",[],"{""accepted_indices"": [0, 1, 2, 3, 4, 5, 6, 7, 8, 9, 1, 2, 3, 4, 5, 6, 7, 8, 9], ""num_clusters"": 1, ""cluster_scores"": [0.11516636898987498]}"
26,rflbat,rflbat_final_distance_filter,"[4, 38, 66, 10, 58, 59, 33, 43, 41, 68]",[],"{""accepted_indices"": [0, 1, 2, 3, 4, 5, 6, 7, 8, 9, 1, 2, 3, 4, 5, 6, 7, 8, 9], ""eps2"": 6, ""distance_median"": 0.43281451572842194}"
27,rflbat,rflbat_first_distance_filter,"[0, 89, 21, 47, 20, 72, 35, 29, 15, 73, 89, 21, 47, 20, 72, 35, 29, 15, 73]",[],"{""accepted_indices"": [0, 1, 2, 3, 4, 5, 6, 7, 8, 9, 1, 2, 3, 4, 5, 6, 7, 8, 9], ""eps1"": 10, ""distance_median"": 0.6069447424511955}"
27,rflbat,rflbat_cluster_filter,"[0, 89, 21, 47, 20, 72, 35, 29, 15, 73, 89, 21, 47, 20, 72, 35, 29, 15, 73]",[],"{""accepted_indices"": [0, 1, 2, 3, 4, 5, 6, 7, 8, 9, 1, 2, 3, 4, 5, 6, 7, 8, 9], ""num_clusters"": 1, ""cluster_scores"": [0.12995564746270263]}"
27,rflbat,rflbat_final_distance_filter,"[89, 21, 47, 20, 72, 35, 29, 15, 73]",[0],"{""accepted_indices"": [1, 2, 3, 4, 5, 6, 7, 8, 9, 1, 2, 3, 4, 5, 6, 7, 8, 9], ""eps2"": 6, ""distance_median"": 0.847835602953114}"
28,rflbat,rflbat_first_distance_filter,"[0, 41, 83, 55, 18, 44, 6, 49, 71, 25, 41, 83, 55, 18, 44, 6, 49, 71, 25]",[],"{""accepted_indices"": [0, 1, 2, 3, 4, 5, 6, 7, 8, 9, 1, 2, 3, 4, 5, 6, 7, 8, 9], ""eps1"": 10, ""distance_median"": 0.5500935309253706}"
28,rflbat,rflbat_cluster_filter,"[0, 41, 83, 55, 18, 44, 6, 49, 71, 25, 41, 83, 55, 18, 44, 6, 49, 71, 25]",[],"{""accepted_indices"": [0, 1, 2, 3, 4, 5, 6, 7, 8, 9, 1, 2, 3, 4, 5, 6, 7, 8, 9], ""num_clusters"": 1, ""cluster_scores"": [0.16201712870302581]}"
28,rflbat,rflbat_final_distance_filter,"[41, 83, 55, 18, 44, 6, 49, 71, 25]",[0],"{""accepted_indices"": [1, 2, 3, 4, 5, 6, 7, 8, 9, 1, 2, 3, 4, 5, 6, 7, 8, 9], ""eps2"": 6, ""distance_median"": 0.6858423274414427}"
29,rflbat,rflbat_first_distance_filter,"[3, 62, 44, 68, 66, 58, 16, 37, 30, 89, 62, 44, 68, 66, 58, 16, 37, 30, 89]",[],"{""accepted_indices"": [0, 1, 2, 3, 4, 5, 6, 7, 8, 9, 1, 2, 3, 4, 5, 6, 7, 8, 9], ""eps1"": 10, ""distance_median"": 0.22301751686254456}"
29,rflbat,rflbat_cluster_filter,"[62, 44, 68, 66, 58, 16, 37, 30, 89, 62, 44, 68, 66, 58, 16, 37, 30, 89]",[3],"{""accepted_indices"": [1, 2, 3, 4, 5, 6, 7, 8, 9, 1, 2, 3, 4, 5, 6, 7, 8, 9], ""num_clusters"": 2, ""cluster_scores"": [0.12357385225846679, 1]}"
29,rflbat,rflbat_final_distance_filter,"[62, 44, 68, 66, 58, 16, 37, 30, 89]",[3],"{""accepted_indices"": [1, 2, 3, 4, 5, 6, 7, 8, 9, 1, 2, 3, 4, 5, 6, 7, 8, 9], ""eps2"": 6, ""distance_median"": 0.2984880325362811}"
30,rflbat,rflbat_first_distance_filter,"[3, 99, 4, 12, 64, 79, 40, 32, 34, 29, 99, 4, 12, 64, 79, 40, 32, 34, 29]",[],"{""accepted_indices"": [0, 1, 2, 3, 4, 5, 6, 7, 8, 9, 1, 2, 3, 4, 5, 6, 7, 8, 9], ""eps1"": 10, ""distance_median"": 0.21449337559635126}"
30,rflbat,rflbat_cluster_filter,"[3, 99, 4, 12, 64, 79, 40, 32, 34, 29, 99, 4, 12, 64, 79, 40, 32, 34, 29]",[],"{""accepted_indices"": [0, 1, 2, 3, 4, 5, 6, 7, 8, 9, 1, 2, 3, 4, 5, 6, 7, 8, 9], ""num_clusters"": 1, ""cluster_scores"": [0.1609651844851494]}"
30,rflbat,rflbat_final_distance_filter,"[3, 99, 4, 12, 64, 79, 40, 32, 34, 29]",[],"{""accepted_indices"": [0, 1, 2, 3, 4, 5, 6, 7, 8, 9, 1, 2, 3, 4, 5, 6, 7, 8, 9], ""eps2"": 6, ""distance_median"": 0.3486222978660036}"
31,rflbat,rflbat_first_distance_filter,"[2, 26, 79, 14, 28, 24, 52, 10, 37, 47, 26, 79, 14, 28, 24, 52, 10, 37, 47]",[],"{""accepted_indices"": [0, 1, 2, 3, 4, 5, 6, 7, 8, 9, 1, 2, 3, 4, 5, 6, 7, 8, 9], ""eps1"": 10, ""distance_median"": 0.275043415526006}"
31,rflbat,rflbat_cluster_filter,"[2, 26, 79, 14, 28, 24, 52, 10, 37, 47, 26, 79, 14, 28, 24, 52, 10, 37, 47]",[],"{""accepted_indices"": [0, 1, 2, 3, 4, 5, 6, 7, 8, 9, 1, 2, 3, 4, 5, 6, 7, 8, 9], ""num_clusters"": 1, ""cluster_scores"": [0.1254457922430723]}"
31,rflbat,rflbat_final_distance_filter,"[2, 26, 79, 14, 28, 24, 52, 10, 37, 47]",[],"{""accepted_indices"": [0, 1, 2, 3, 4, 5, 6, 7, 8, 9, 1, 2, 3, 4, 5, 6, 7, 8, 9], ""eps2"": 6, ""distance_median"": 0.44716203941450783}"
32,rflbat,rflbat_first_distance_filter,"[3, 81, 83, 18, 79, 10, 32, 15, 94, 6, 81, 83, 18, 79, 10, 32, 15, 94, 6]",[],"{""accepted_indices"": [0, 1, 2, 3, 4, 5, 6, 7, 8, 9, 1, 2, 3, 4, 5, 6, 7, 8, 9], ""eps1"": 10, ""distance_median"": 0.2408880054825947}"
32,rflbat,rflbat_cluster_filter,"[3, 81, 83, 18, 79, 10, 32, 15, 94, 6, 81, 83, 18, 79, 10, 32, 15, 94, 6]",[],"{""accepted_indices"": [0, 1, 2, 3, 4, 5, 6, 7, 8, 9, 1, 2, 3, 4, 5, 6, 7, 8, 9], ""num_clusters"": 1, ""cluster_scores"": [0.15823503054523066]}"
32,rflbat,rflbat_final_distance_filter,"[3, 81, 83, 18, 79, 10, 32, 15, 94, 6]",[],"{""accepted_indices"": [0, 1, 2, 3, 4, 5, 6, 7, 8, 9, 1, 2, 3, 4, 5, 6, 7, 8, 9], ""eps2"": 6, ""distance_median"": 0.3939916018173317}"
33,rflbat,rflbat_first_distance_filter,"[2, 68, 69, 85, 40, 96, 88, 53, 55, 3, 68, 69, 85, 40, 96, 88, 53, 55, 3]",[],"{""accepted_indices"": [0, 1, 2, 3, 4, 5, 6, 7, 8, 9, 1, 2, 3, 4, 5, 6, 7, 8, 9], ""eps1"": 10, ""distance_median"": 0.3211577761450995}"
33,rflbat,rflbat_cluster_filter,"[2, 68, 69, 85, 40, 53, 55, 3, 68, 69, 85, 40, 53, 55, 3]","[96, 88]","{""accepted_indices"": [0, 1, 2, 3, 4, 7, 8, 9, 1, 2, 3, 4, 7, 8, 9], ""num_clusters"": 3, ""cluster_scores"": [0.09669755845515571, 1.0000000000028966, 1.0000000000015945]}"
33,rflbat,rflbat_final_distance_filter,"[2, 68, 69, 85, 40, 53, 55, 3]","[96, 88]","{""accepted_indices"": [0, 1, 2, 3, 4, 7, 8, 9, 1, 2, 3, 4, 7, 8, 9], ""eps2"": 6, ""distance_median"": 0.06634648468570346}"
34,rflbat,rflbat_first_distance_filter,"[1, 16, 82, 92, 8, 24, 27, 9, 5, 31, 16, 82, 92, 8, 24, 27, 9, 5, 31]",[],"{""accepted_indices"": [0, 1, 2, 3, 4, 5, 6, 7, 8, 9, 1, 2, 3, 4, 5, 6, 7, 8, 9], ""eps1"": 10, ""distance_median"": 0.3068720197915933}"
34,rflbat,rflbat_cluster_filter,"[1, 16, 82, 92, 8, 24, 27, 9, 5, 31, 16, 82, 92, 8, 24, 27, 9, 5, 31]",[],"{""accepted_indices"": [0, 1, 2, 3, 4, 5, 6, 7, 8, 9, 1, 2, 3, 4, 5, 6, 7, 8, 9], ""num_clusters"": 1, ""cluster_scores"": [0.12411093373612943]}"
34,rflbat,rflbat_final_distance_filter,"[1, 16, 82, 92, 8, 24, 27, 9, 5, 31]",[],"{""accepted_indices"": [0, 1, 2, 3, 4, 5, 6, 7, 8, 9, 1, 2, 3, 4, 5, 6, 7, 8, 9], ""eps2"": 6, ""distance_median"": 0.5855602404461666}"
35,rflbat,rflbat_first_distance_filter,"[3, 5, 95, 25, 51, 90, 16, 62, 73, 17, 5, 95, 25, 51, 90, 16, 62, 73, 17]",[],"{""accepted_indices"": [0, 1, 2, 3, 4, 5, 6, 7, 8, 9, 1, 2, 3, 4, 5, 6, 7, 8, 9], ""eps1"": 10, ""distance_median"": 0.313357488918053}"
35,rflbat,rflbat_cluster_filter,"[3, 5, 95, 25, 51, 90, 16, 62, 73, 17, 5, 95, 25, 51, 90, 16, 62, 73, 17]",[],"{""accepted_indices"": [0, 1, 2, 3, 4, 5, 6, 7, 8, 9, 1, 2, 3, 4, 5, 6, 7, 8, 9], ""num_clusters"": 1, ""cluster_scores"": [0.09688836704554779]}"
35,rflbat,rflbat_final_distance_filter,"[3, 5, 95, 25, 51, 90, 16, 62, 73, 17]",[],"{""accepted_indices"": [0, 1, 2, 3, 4, 5, 6, 7, 8, 9, 1, 2, 3, 4, 5, 6, 7, 8, 9], ""eps2"": 6, ""distance_median"": 0.6067492572736622}"
36,rflbat,rflbat_first_distance_filter,"[2, 87, 66, 21, 58, 24, 1, 3, 56, 88, 87, 66, 21, 58, 24, 1, 3, 56, 88]",[],"{""accepted_indices"": [0, 1, 2, 3, 4, 5, 6, 7, 8, 9, 1, 2, 3, 4, 5, 6, 7, 8, 9], ""eps1"": 10, ""distance_median"": 0.2980628821591694}"
36,rflbat,rflbat_cluster_filter,"[2, 87, 66, 21, 58, 24, 1, 3, 56, 88, 87, 66, 21, 58, 24, 1, 3, 56, 88]",[],"{""accepted_indices"": [0, 1, 2, 3, 4, 5, 6, 7, 8, 9, 1, 2, 3, 4, 5, 6, 7, 8, 9], ""num_clusters"": 1, ""cluster_scores"": [0.1210569610770274]}"
36,rflbat,rflbat_final_distance_filter,"[2, 87, 66, 21, 58, 24, 1, 3, 56, 88]",[],"{""accepted_indices"": [0, 1, 2, 3, 4, 5, 6, 7, 8, 9, 1, 2, 3, 4, 5, 6, 7, 8, 9], ""eps2"": 6, ""distance_median"": 0.528249392031237}"
37,rflbat,rflbat_first_distance_filter,"[2, 5, 8, 92, 3, 48, 53, 13, 52, 14, 5, 8, 92, 3, 48, 53, 13, 52, 14]",[],"{""accepted_indices"": [0, 1, 2, 3, 4, 5, 6, 7, 8, 9, 1, 2, 3, 4, 5, 6, 7, 8, 9], ""eps1"": 10, ""distance_median"": 0.335692567501334}"
37,rflbat,rflbat_cluster_filter,"[2, 5, 8, 92, 3, 48, 53, 13, 52, 14, 5, 8, 92, 3, 48, 53, 13, 52, 14]",[],"{""accepted_indices"": [0, 1, 2, 3, 4, 5, 6, 7, 8, 9, 1, 2, 3, 4, 5, 6, 7, 8, 9], ""num_clusters"": 1, ""cluster_scores"": [0.10738058092639126]}"
37,rflbat,rflbat_final_distance_filter,"[2, 5, 8, 92, 3, 48, 53, 13, 52, 14]",[],"{""accepted_indices"": [0, 1, 2, 3, 4, 5, 6, 7, 8, 9, 1, 2, 3, 4, 5, 6, 7, 8, 9], ""eps2"": 6, ""distance_median"": 0.5091599101753642}"
38,rflbat,rflbat_first_distance_filter,"[0, 42, 39, 55, 90, 25, 77, 73, 78, 70, 42, 39, 55, 90, 25, 77, 73, 78, 70]",[],"{""accepted_indices"": [0, 1, 2, 3, 4, 5, 6, 7, 8, 9, 1, 2, 3, 4, 5, 6, 7, 8, 9], ""eps1"": 10, ""distance_median"": 0.6270302200928796}"
38,rflbat,rflbat_cluster_filter,"[0, 42, 39, 55, 90, 25, 77, 73, 78, 70, 42, 39, 55, 90, 25, 77, 73, 78, 70]",[],"{""accepted_indices"": [0, 1, 2, 3, 4, 5, 6, 7, 8, 9, 1, 2, 3, 4, 5, 6, 7, 8, 9], ""num_clusters"": 1, ""cluster_scores"": [0.11914324450571573]}"
38,rflbat,rflbat_final_distance_filter,"[42, 39, 55, 90, 25, 77, 73, 78, 70]",[0],"{""accepted_indices"": [1, 2, 3, 4, 5, 6, 7, 8, 9, 1, 2, 3, 4, 5, 6, 7, 8, 9], ""eps2"": 6, ""distance_median"": 0.8655028743692365}"
39,rflbat,rflbat_first_distance_filter,"[3, 46, 64, 88, 1, 68, 33, 14, 89, 25, 46, 64, 88, 1, 68, 33, 14, 89, 25]",[],"{""accepted_indices"": [0, 1, 2, 3, 4, 5, 6, 7, 8, 9, 1, 2, 3, 4, 5, 6, 7, 8, 9], ""eps1"": 10, ""distance_median"": 0.3170420816266911}"
39,rflbat,rflbat_cluster_filter,"[3, 46, 64, 88, 1, 68, 33, 14, 89, 25, 46, 64, 88, 1, 68, 33, 14, 89, 25]",[],"{""accepted_indices"": [0, 1, 2, 3, 4, 5, 6, 7, 8, 9, 1, 2, 3, 4, 5, 6, 7, 8, 9], ""num_clusters"": 1, ""cluster_scores"": [0.15775203927516065]}"
39,rflbat,rflbat_final_distance_filter,"[3, 46, 64, 88, 1, 68, 33, 14, 89, 25]",[],"{""accepted_indices"": [0, 1, 2, 3, 4, 5, 6, 7, 8, 9, 1, 2, 3, 4, 5, 6, 7, 8, 9], ""eps2"": 6, ""distance_median"": 0.6132451475561949}"
40,rflbat,rflbat_first_distance_filter,"[1, 8, 55, 21, 82, 41, 99, 45, 23, 65, 8, 55, 21, 82, 41, 99, 45, 23, 65]",[],"{""accepted_indices"": [0, 1, 2, 3, 4, 5, 6, 7, 8, 9, 1, 2, 3, 4, 5, 6, 7, 8, 9], ""eps1"": 10, ""distance_median"": 0.38720473209556866}"
40,rflbat,rflbat_cluster_filter,"[1, 8, 55, 21, 82, 41, 99, 45, 23, 65, 8, 55, 21, 82, 41, 99, 45, 23, 65]",[],"{""accepted_indices"": [0, 1, 2, 3, 4, 5, 6, 7, 8, 9, 1, 2, 3, 4, 5, 6, 7, 8, 9], ""num_clusters"": 1, ""cluster_scores"": [0.1264780829950205]}"
40,rflbat,rflbat_final_distance_filter,"[1, 8, 55, 21, 82, 41, 99, 45, 23, 65]",[],"{""accepted_indices"": [0, 1, 2, 3, 4, 5, 6, 7, 8, 9, 1, 2, 3, 4, 5, 6, 7, 8, 9], ""eps2"": 6, ""distance_median"": 0.7016529010487964}"
41,rflbat,rflbat_first_distance_filter,"[1, 39, 50, 54, 28, 32, 67, 94, 75, 26, 39, 50, 54, 28, 32, 67, 94, 75, 26]",[],"{""accepted_indices"": [0, 1, 2, 3, 4, 5, 6, 7, 8, 9, 1, 2, 3, 4, 5, 6, 7, 8, 9], ""eps1"": 10, ""distance_median"": 0.22029888619266436}"
41,rflbat,rflbat_cluster_filter,"[1, 39, 50, 54, 28, 32, 67, 94, 75, 26, 39, 50, 54, 28, 32, 67, 94, 75, 26]",[],"{""accepted_indices"": [0, 1, 2, 3, 4, 5, 6, 7, 8, 9, 1, 2, 3, 4, 5, 6, 7, 8, 9], ""num_clusters"": 1, ""cluster_scores"": [0.0918870296192655]}"
41,rflbat,rflbat_final_distance_filter,"[1, 39, 50, 54, 28, 32, 67, 94, 75, 26]",[],"{""accepted_indices"": [0, 1, 2, 3, 4, 5, 6, 7, 8, 9, 1, 2, 3, 4, 5, 6, 7, 8, 9], ""eps2"": 6, ""distance_median"": 0.4010973394700561}"
42,rflbat,rflbat_first_distance_filter,"[1, 59, 29, 14, 47, 98, 70, 71, 92, 53, 59, 29, 14, 47, 98, 70, 71, 92, 53]",[],"{""accepted_indices"": [0, 1, 2, 3, 4, 5, 6, 7, 8, 9, 1, 2, 3, 4, 5, 6, 7, 8, 9], ""eps1"": 10, ""distance_median"": 0.1884001105107218}"
42,rflbat,rflbat_cluster_filter,"[1, 59, 29, 14, 47, 98, 70, 71, 92, 53, 59, 29, 14, 47, 98, 70, 71, 92, 53]",[],"{""accepted_indices"": [0, 1, 2, 3, 4, 5, 6, 7, 8, 9, 1, 2, 3, 4, 5, 6, 7, 8, 9], ""num_clusters"": 1, ""cluster_scores"": [0.12995960580011434]}"
42,rflbat,rflbat_final_distance_filter,"[1, 59, 29, 14, 47, 98, 70, 71, 92, 53]",[],"{""accepted_indices"": [0, 1, 2, 3, 4, 5, 6, 7, 8, 9, 1, 2, 3, 4, 5, 6, 7, 8, 9], ""eps2"": 6, ""distance_median"": 0.349856991176301}"
43,rflbat,rflbat_first_distance_filter,"[2, 28, 44, 85, 19, 90, 11, 26, 47, 51, 28, 44, 85, 19, 90, 11, 26, 47, 51]",[],"{""accepted_indices"": [0, 1, 2, 3, 4, 5, 6, 7, 8, 9, 1, 2, 3, 4, 5, 6, 7, 8, 9], ""eps1"": 10, ""distance_median"": 0.29315650710917496}"
43,rflbat,rflbat_cluster_filter,"[28, 44, 85, 19, 90, 11, 47, 51, 28, 44, 85, 19, 90, 11, 47, 51]","[2, 26]","{""accepted_indices"": [1, 2, 3, 4, 5, 6, 8, 9, 1, 2, 3, 4, 5, 6, 8, 9], ""num_clusters"": 3, ""cluster_scores"": [1, 0.14579638928662692, 1.000000000002814]}"
43,rflbat,rflbat_final_distance_filter,"[28, 44, 85, 19, 90, 11, 47, 51]","[2, 26]","{""accepted_indices"": [1, 2, 3, 4, 5, 6, 8, 9, 1, 2, 3, 4, 5, 6, 8, 9], ""eps2"": 6, ""distance_median"": 0.24364213649968008}"
44,rflbat,rflbat_first_distance_filter,"[2, 44, 68, 91, 7, 33, 39, 22, 69, 25, 44, 68, 91, 7, 33, 39, 22, 69, 25]",[],"{""accepted_indices"": [0, 1, 2, 3, 4, 5, 6, 7, 8, 9, 1, 2, 3, 4, 5, 6, 7, 8, 9], ""eps1"": 10, ""distance_median"": 0.16887999717416635}"
44,rflbat,rflbat_cluster_filter,"[2, 44, 68, 91, 7, 33, 39, 22, 69, 25, 44, 68, 91, 7, 33, 39, 22, 69, 25]",[],"{""accepted_indices"": [0, 1, 2, 3, 4, 5, 6, 7, 8, 9, 1, 2, 3, 4, 5, 6, 7, 8, 9], ""num_clusters"": 1, ""cluster_scores"": [0.1334334181960517]}"
44,rflbat,rflbat_final_distance_filter,"[2, 44, 68, 91, 7, 33, 39, 22, 69, 25]",[],"{""accepted_indices"": [0, 1, 2, 3, 4, 5, 6, 7, 8, 9, 1, 2, 3, 4, 5, 6, 7, 8, 9], ""eps2"": 6, ""distance_median"": 0.2658343248814065}"
45,rflbat,rflbat_first_distance_filter,"[2, 6, 97, 58, 99, 13, 17, 78, 82, 27, 6, 97, 58, 99, 13, 17, 78, 82, 27]",[],"{""accepted_indices"": [0, 1, 2, 3, 4, 5, 6, 7, 8, 9, 1, 2, 3, 4, 5, 6, 7, 8, 9], ""eps1"": 10, ""distance_median"": 0.3014144469617991}"
45,rflbat,rflbat_cluster_filter,"[6, 58, 99, 17, 78, 6, 58, 99, 17, 78]","[2, 97, 13, 82, 27]","{""accepted_indices"": [1, 3, 4, 6, 7, 1, 3, 4, 6, 7], ""num_clusters"": 3, ""cluster_scores"": [0.42771068034216886, 0.32967835031444104, 1]}"
45,rflbat,rflbat_final_distance_filter,"[6, 58, 99, 17, 78]","[2, 97, 13, 82, 27]","{""accepted_indices"": [1, 3, 4, 6, 7, 1, 3, 4, 6, 7], ""eps2"": 6, ""distance_median"": 0.07892513581341078}"
46,rflbat,rflbat_first_distance_filter,"[3, 38, 85, 89, 29, 42, 54, 18, 40, 12, 38, 85, 89, 29, 42, 54, 18, 40, 12]",[],"{""accepted_indices"": [0, 1, 2, 3, 4, 5, 6, 7, 8, 9, 1, 2, 3, 4, 5, 6, 7, 8, 9], ""eps1"": 10, ""distance_median"": 0.25066616353595916}"
46,rflbat,rflbat_cluster_filter,"[3, 38, 85, 89, 29, 42, 54, 18, 40, 12, 38, 85, 89, 29, 42, 54, 18, 40, 12]",[],"{""accepted_indices"": [0, 1, 2, 3, 4, 5, 6, 7, 8, 9, 1, 2, 3, 4, 5, 6, 7, 8, 9], ""num_clusters"": 1, ""cluster_scores"": [0.10721043493822692]}"
46,rflbat,rflbat_final_distance_filter,"[3, 38, 85, 89, 29, 42, 54, 18, 40, 12]",[],"{""accepted_indices"": [0, 1, 2, 3, 4, 5, 6, 7, 8, 9, 1, 2, 3, 4, 5, 6, 7, 8, 9], ""eps2"": 6, ""distance_median"": 0.46283340487950053}"
47,rflbat,rflbat_first_distance_filter,"[0, 48, 76, 70, 57, 27, 13, 46, 83, 6, 48, 76, 70, 57, 27, 13, 46, 83, 6]",[],"{""accepted_indices"": [0, 1, 2, 3, 4, 5, 6, 7, 8, 9, 1, 2, 3, 4, 5, 6, 7, 8, 9], ""eps1"": 10, ""distance_median"": 0.4785075206103926}"
47,rflbat,rflbat_cluster_filter,"[0, 48, 76, 70, 57, 27, 13, 46, 83, 6, 48, 76, 70, 57, 27, 13, 46, 83, 6]",[],"{""accepted_indices"": [0, 1, 2, 3, 4, 5, 6, 7, 8, 9, 1, 2, 3, 4, 5, 6, 7, 8, 9], ""num_clusters"": 1, ""cluster_scores"": [0.10008197434788924]}"
47,rflbat,rflbat_final_distance_filter,"[48, 76, 70, 57, 27, 13, 46, 83, 6]",[0],"{""accepted_indices"": [1, 2, 3, 4, 5, 6, 7, 8, 9, 1, 2, 3, 4, 5, 6, 7, 8, 9], ""eps2"": 6, ""distance_median"": 0.6188518151032045}"
48,rflbat,rflbat_first_distance_filter,"[1, 27, 72, 38, 7, 54, 21, 12, 88, 77, 27, 72, 38, 7, 54, 21, 12, 88, 77]",[],"{""accepted_indices"": [0, 1, 2, 3, 4, 5, 6, 7, 8, 9, 1, 2, 3, 4, 5, 6, 7, 8, 9], ""eps1"": 10, ""distance_median"": 0.28513497588688885}"
48,rflbat,rflbat_cluster_filter,"[1, 27, 72, 38, 7, 54, 21, 12, 88, 77, 27, 72, 38, 7, 54, 21, 12, 88, 77]",[],"{""accepted_indices"": [0, 1, 2, 3, 4, 5, 6, 7, 8, 9, 1, 2, 3, 4, 5, 6, 7, 8, 9], ""num_clusters"": 1, ""cluster_scores"": [0.0904713900568791]}"
48,rflbat,rflbat_final_distance_filter,"[1, 27, 72, 38, 7, 54, 21, 12, 88, 77]",[],"{""accepted_indices"": [0, 1, 2, 3, 4, 5, 6, 7, 8, 9, 1, 2, 3, 4, 5, 6, 7, 8, 9], ""eps2"": 6, ""distance_median"": 0.5464017151712479}"
49,rflbat,rflbat_first_distance_filter,"[3, 57, 34, 7, 60, 58, 65, 10, 12, 16, 57, 34, 7, 60, 58, 65, 10, 12, 16]",[],"{""accepted_indices"": [0, 1, 2, 3, 4, 5, 6, 7, 8, 9, 1, 2, 3, 4, 5, 6, 7, 8, 9], ""eps1"": 10, ""distance_median"": 0.16897313153000013}"
49,rflbat,rflbat_cluster_filter,"[3, 57, 34, 7, 60, 58, 65, 10, 12, 16, 57, 34, 7, 60, 58, 65, 10, 12, 16]",[],"{""accepted_indices"": [0, 1, 2, 3, 4, 5, 6, 7, 8, 9, 1, 2, 3, 4, 5, 6, 7, 8, 9], ""num_clusters"": 1, ""cluster_scores"": [0.11525167558427714]}"
49,rflbat,rflbat_final_distance_filter,"[3, 57, 34, 7, 60, 58, 65, 10, 12, 16]",[],"{""accepted_indices"": [0, 1, 2, 3, 4, 5, 6, 7, 8, 9, 1, 2, 3, 4, 5, 6, 7, 8, 9], ""eps2"": 6, ""distance_median"": 0.29301534268101054}"
50,rflbat,rflbat_first_distance_filter,"[3, 56, 36, 31, 48, 94, 83, 81, 97, 42, 56, 36, 31, 48, 94, 83, 81, 97, 42]",[],"{""accepted_indices"": [0, 1, 2, 3, 4, 5, 6, 7, 8, 9, 1, 2, 3, 4, 5, 6, 7, 8, 9], ""eps1"": 10, ""distance_median"": 0.3555388814443674}"
50,rflbat,rflbat_cluster_filter,"[3, 56, 36, 31, 48, 94, 83, 81, 97, 42, 56, 36, 31, 48, 94, 83, 81, 97, 42]",[],"{""accepted_indices"": [0, 1, 2, 3, 4, 5, 6, 7, 8, 9, 1, 2, 3, 4, 5, 6, 7, 8, 9], ""num_clusters"": 1, ""cluster_scores"": [0.10262499551709386]}"
50,rflbat,rflbat_final_distance_filter,"[3, 56, 36, 31, 48, 94, 83, 81, 97, 42]",[],"{""accepted_indices"": [0, 1, 2, 3, 4, 5, 6, 7, 8, 9, 1, 2, 3, 4, 5, 6, 7, 8, 9], ""eps2"": 6, ""distance_median"": 0.692354771792334}"
51,rflbat,rflbat_first_distance_filter,"[4, 23, 69, 8, 84, 3, 64, 32, 70, 95, 23, 69, 8, 84, 3, 64, 32, 70, 95]",[],"{""accepted_indices"": [0, 1, 2, 3, 4, 5, 6, 7, 8, 9, 1, 2, 3, 4, 5, 6, 7, 8, 9], ""eps1"": 10, ""distance_median"": 0.22242157979389787}"
51,rflbat,rflbat_cluster_filter,"[4, 23, 69, 8, 84, 3, 64, 32, 70, 95, 23, 69, 8, 84, 3, 64, 32, 70, 95]",[],"{""accepted_indices"": [0, 1, 2, 3, 4, 5, 6, 7, 8, 9, 1, 2, 3, 4, 5, 6, 7, 8, 9], ""num_clusters"": 1, ""cluster_scores"": [0.16683302477607082]}"
51,rflbat,rflbat_final_distance_filter,"[4, 23, 69, 8, 84, 3, 64, 32, 70, 95]",[],"{""accepted_indices"": [0, 1, 2, 3, 4, 5, 6, 7, 8, 9, 1, 2, 3, 4, 5, 6, 7, 8, 9], ""eps2"": 6, ""distance_median"": 0.38642320677712794}"
52,rflbat,rflbat_first_distance_filter,"[2, 99, 46, 88, 98, 23, 16, 47, 59, 56, 99, 46, 88, 98, 23, 16, 47, 59, 56]",[],"{""accepted_indices"": [0, 1, 2, 3, 4, 5, 6, 7, 8, 9, 1, 2, 3, 4, 5, 6, 7, 8, 9], ""eps1"": 10, ""distance_median"": 0.2602359888725121}"
52,rflbat,rflbat_cluster_filter,"[2, 99, 46, 88, 98, 23, 16, 47, 59, 56, 99, 46, 88, 98, 23, 16, 47, 59, 56]",[],"{""accepted_indices"": [0, 1, 2, 3, 4, 5, 6, 7, 8, 9, 1, 2, 3, 4, 5, 6, 7, 8, 9], ""num_clusters"": 1, ""cluster_scores"": [0.07542125501641048]}"
52,rflbat,rflbat_final_distance_filter,"[2, 99, 46, 88, 98, 23, 16, 47, 59, 56]",[],"{""accepted_indices"": [0, 1, 2, 3, 4, 5, 6, 7, 8, 9, 1, 2, 3, 4, 5, 6, 7, 8, 9], ""eps2"": 6, ""distance_median"": 0.4483937279279235}"
53,rflbat,rflbat_first_distance_filter,"[1, 67, 70, 92, 53, 68, 64, 31, 93, 87, 67, 70, 92, 53, 68, 64, 31, 93, 87]",[],"{""accepted_indices"": [0, 1, 2, 3, 4, 5, 6, 7, 8, 9, 1, 2, 3, 4, 5, 6, 7, 8, 9], ""eps1"": 10, ""distance_median"": 0.1614094273386522}"
53,rflbat,rflbat_cluster_filter,"[1, 67, 70, 92, 53, 68, 64, 31, 93, 87, 67, 70, 92, 53, 68, 64, 31, 93, 87]",[],"{""accepted_indices"": [0, 1, 2, 3, 4, 5, 6, 7, 8, 9, 1, 2, 3, 4, 5, 6, 7, 8, 9], ""num_clusters"": 1, ""cluster_scores"": [0.10456323056189232]}"
53,rflbat,rflbat_final_distance_filter,"[1, 67, 70, 92, 53, 68, 64, 31, 93, 87]",[],"{""accepted_indices"": [0, 1, 2, 3, 4, 5, 6, 7, 8, 9, 1, 2, 3, 4, 5, 6, 7, 8, 9], ""eps2"": 6, ""distance_median"": 0.2648418878424653}"
54,rflbat,rflbat_first_distance_filter,"[4, 8, 13, 41, 47, 91, 34, 33, 18, 20, 8, 13, 41, 47, 91, 34, 33, 18, 20]",[],"{""accepted_indices"": [0, 1, 2, 3, 4, 5, 6, 7, 8, 9, 1, 2, 3, 4, 5, 6, 7, 8, 9], ""eps1"": 10, ""distance_median"": 0.2810262290486642}"
54,rflbat,rflbat_cluster_filter,"[4, 8, 13, 41, 47, 91, 34, 33, 18, 20, 8, 13, 41, 47, 91, 34, 33, 18, 20]",[],"{""accepted_indices"": [0, 1, 2, 3, 4, 5, 6, 7, 8, 9, 1, 2, 3, 4, 5, 6, 7, 8, 9], ""num_clusters"": 1, ""cluster_scores"": [0.10723681267703154]}"
54,rflbat,rflbat_final_distance_filter,"[4, 8, 13, 41, 47, 91, 34, 33, 18, 20]",[],"{""accepted_indices"": [0, 1, 2, 3, 4, 5, 6, 7, 8, 9, 1, 2, 3, 4, 5, 6, 7, 8, 9], ""eps2"": 6, ""distance_median"": 0.5052390551938809}"
55,rflbat,rflbat_first_distance_filter,"[0, 43, 3, 92, 52, 85, 12, 99, 74, 77, 43, 3, 92, 52, 85, 12, 99, 74, 77]",[],"{""accepted_indices"": [0, 1, 2, 3, 4, 5, 6, 7, 8, 9, 1, 2, 3, 4, 5, 6, 7, 8, 9], ""eps1"": 10, ""distance_median"": 0.40682550863497247}"
55,rflbat,rflbat_cluster_filter,"[43, 3, 92, 52, 85, 12, 99, 74, 77, 43, 3, 92, 52, 85, 12, 99, 74, 77]",[0],"{""accepted_indices"": [1, 2, 3, 4, 5, 6, 7, 8, 9, 1, 2, 3, 4, 5, 6, 7, 8, 9], ""num_clusters"": 2, ""cluster_scores"": [0.15082522461130315, 1]}"
55,rflbat,rflbat_final_distance_filter,"[43, 3, 92, 52, 85, 12, 99, 74, 77]",[0],"{""accepted_indices"": [1, 2, 3, 4, 5, 6, 7, 8, 9, 1, 2, 3, 4, 5, 6, 7, 8, 9], ""eps2"": 6, ""distance_median"": 0.17851064785823467}"
56,rflbat,rflbat_first_distance_filter,"[4, 6, 37, 50, 40, 26, 17, 2, 87, 89, 6, 37, 50, 40, 26, 17, 2, 87, 89]",[],"{""accepted_indices"": [0, 1, 2, 3, 4, 5, 6, 7, 8, 9, 1, 2, 3, 4, 5, 6, 7, 8, 9], ""eps1"": 10, ""distance_median"": 0.2400643328895497}"
56,rflbat,rflbat_cluster_filter,"[6, 37, 50, 40, 17, 2, 87, 89, 6, 37, 50, 40, 17, 2, 87, 89]","[4, 26]","{""accepted_indices"": [1, 2, 3, 4, 6, 7, 8, 9, 1, 2, 3, 4, 6, 7, 8, 9], ""num_clusters"": 3, ""cluster_scores"": [0.17096640654132206, 1.0000000000021463, 1]}"
56,rflbat,rflbat_final_distance_filter,"[6, 37, 50, 40, 17, 2, 87, 89]","[4, 26]","{""accepted_indices"": [1, 2, 3, 4, 6, 7, 8, 9, 1, 2, 3, 4, 6, 7, 8, 9], ""eps2"": 6, ""distance_median"": 0.06740325798471619}"
57,rflbat,rflbat_first_distance_filter,"[1, 19, 9, 25, 59, 3, 55, 0, 31, 56, 19, 9, 25, 59, 3, 55, 0, 31, 56]",[],"{""accepted_indices"": [0, 1, 2, 3, 4, 5, 6, 7, 8, 9, 1, 2, 3, 4, 5, 6, 7, 8, 9], ""eps1"": 10, ""distance_median"": 0.4668196455632301}"
57,rflbat,rflbat_cluster_filter,"[1, 19, 9, 25, 59, 3, 55, 0, 31, 56, 19, 9, 25, 59, 3, 55, 0, 31, 56]",[],"{""accepted_indices"": [0, 1, 2, 3, 4, 5, 6, 7, 8, 9, 1, 2, 3, 4, 5, 6, 7, 8, 9], ""num_clusters"": 1, ""cluster_scores"": [0.14794013140581205]}"
57,rflbat,rflbat_final_distance_filter,"[1, 19, 9, 25, 59, 3, 55, 31, 56]",[0],"{""accepted_indices"": [0, 1, 2, 3, 4, 5, 6, 8, 9, 1, 2, 3, 4, 5, 6, 8, 9], ""eps2"": 6, ""distance_median"": 0.9144266308506923}"
58,rflbat,rflbat_first_distance_filter,"[0, 85, 57, 20, 76, 40, 35, 84, 29, 72, 85, 57, 20, 76, 40, 35, 84, 29, 72]",[],"{""accepted_indices"": [0, 1, 2, 3, 4, 5, 6, 7, 8, 9, 1, 2, 3, 4, 5, 6, 7, 8, 9], ""eps1"": 10, ""distance_median"": 0.4699705507768439}"
58,rflbat,rflbat_cluster_filter,"[0, 85, 57, 20, 76, 40, 35, 84, 29, 72, 85, 57, 20, 76, 40, 35, 84, 29, 72]",[],"{""accepted_indices"": [0, 1, 2, 3, 4, 5, 6, 7, 8, 9, 1, 2, 3, 4, 5, 6, 7, 8, 9], ""num_clusters"": 1, ""cluster_scores"": [0.10549499508641076]}"
58,rflbat,rflbat_final_distance_filter,"[85, 57, 20, 76, 40, 35, 84, 29, 72]",[0],"{""accepted_indices"": [1, 2, 3, 4, 5, 6, 7, 8, 9, 1, 2, 3, 4, 5, 6, 7, 8, 9], ""eps2"": 6, ""distance_median"": 0.6094881138969184}"
59,rflbat,rflbat_first_distance_filter,"[2, 57, 65, 72, 32, 69, 85, 19, 0, 31, 57, 65, 72, 32, 69, 85, 19, 0, 31]",[],"{""accepted_indices"": [0, 1, 2, 3, 4, 5, 6, 7, 8, 9, 1, 2, 3, 4, 5, 6, 7, 8, 9], ""eps1"": 10, ""distance_median"": 0.4840073169126056}"
59,rflbat,rflbat_cluster_filter,"[2, 57, 65, 72, 32, 69, 85, 19, 0, 31, 57, 65, 72, 32, 69, 85, 19, 0, 31]",[],"{""accepted_indices"": [0, 1, 2, 3, 4, 5, 6, 7, 8, 9, 1, 2, 3, 4, 5, 6, 7, 8, 9], ""num_clusters"": 1, ""cluster_scores"": [0.08114884822189913]}"
59,rflbat,rflbat_final_distance_filter,"[2, 57, 65, 72, 32, 69, 85, 19, 0, 31]",[],"{""accepted_indices"": [0, 1, 2, 3, 4, 5, 6, 7, 8, 9, 1, 2, 3, 4, 5, 6, 7, 8, 9], ""eps2"": 6, ""distance_median"": 0.9545811110155282}"
60,rflbat,rflbat_first_distance_filter,"[0, 50, 7, 63, 68, 58, 78, 15, 55, 76, 50, 7, 63, 68, 58, 78, 15, 55, 76]",[],"{""accepted_indices"": [0, 1, 2, 3, 4, 5, 6, 7, 8, 9, 1, 2, 3, 4, 5, 6, 7, 8, 9], ""eps1"": 10, ""distance_median"": 0.38945289157264573}"
60,rflbat,rflbat_cluster_filter,"[0, 50, 7, 63, 68, 58, 78, 15, 55, 76, 50, 7, 63, 68, 58, 78, 15, 55, 76]",[],"{""accepted_indices"": [0, 1, 2, 3, 4, 5, 6, 7, 8, 9, 1, 2, 3, 4, 5, 6, 7, 8, 9], ""num_clusters"": 1, ""cluster_scores"": [0.15554868498965446]}"
60,rflbat,rflbat_final_distance_filter,"[50, 7, 63, 68, 58, 78, 15, 55, 76]",[0],"{""accepted_indices"": [1, 2, 3, 4, 5, 6, 7, 8, 9, 1, 2, 3, 4, 5, 6, 7, 8, 9], ""eps2"": 6, ""distance_median"": 0.519631269900131}"
61,rflbat,rflbat_first_distance_filter,"[1, 53, 35, 11, 69, 70, 42, 87, 51, 24, 53, 35, 11, 69, 70, 42, 87, 51, 24]",[],"{""accepted_indices"": [0, 1, 2, 3, 4, 5, 6, 7, 8, 9, 1, 2, 3, 4, 5, 6, 7, 8, 9], ""eps1"": 10, ""distance_median"": 0.23873069587990317}"
61,rflbat,rflbat_cluster_filter,"[1, 53, 35, 11, 69, 70, 42, 87, 51, 24, 53, 35, 11, 69, 70, 42, 87, 51, 24]",[],"{""accepted_indices"": [0, 1, 2, 3, 4, 5, 6, 7, 8, 9, 1, 2, 3, 4, 5, 6, 7, 8, 9], ""num_clusters"": 1, ""cluster_scores"": [0.1215384116964787]}"
61,rflbat,rflbat_final_distance_filter,"[1, 53, 35, 11, 69, 70, 42, 87, 51, 24]",[],"{""accepted_indices"": [0, 1, 2, 3, 4, 5, 6, 7, 8, 9, 1, 2, 3, 4, 5, 6, 7, 8, 9], ""eps2"": 6, ""distance_median"": 0.4131530965087032}"
62,rflbat,rflbat_first_distance_filter,"[2, 36, 47, 16, 76, 62, 23, 40, 48, 78, 36, 47, 16, 76, 62, 23, 40, 48, 78]",[],"{""accepted_indices"": [0, 1, 2, 3, 4, 5, 6, 7, 8, 9, 1, 2, 3, 4, 5, 6, 7, 8, 9], ""eps1"": 10, ""distance_median"": 0.2847823064550925}"
62,rflbat,rflbat_cluster_filter,"[2, 36, 47, 16, 76, 62, 23, 40, 48, 78, 36, 47, 16, 76, 62, 23, 40, 48, 78]",[],"{""accepted_indices"": [0, 1, 2, 3, 4, 5, 6, 7, 8, 9, 1, 2, 3, 4, 5, 6, 7, 8, 9], ""num_clusters"": 1, ""cluster_scores"": [0.0955381569181254]}"
62,rflbat,rflbat_final_distance_filter,"[2, 36, 47, 16, 76, 62, 23, 40, 48, 78]",[],"{""accepted_indices"": [0, 1, 2, 3, 4, 5, 6, 7, 8, 9, 1, 2, 3, 4, 5, 6, 7, 8, 9], ""eps2"": 6, ""distance_median"": 0.5452074813173631}"
63,rflbat,rflbat_first_distance_filter,"[2, 26, 69, 67, 54, 83, 33, 45, 60, 96, 26, 69, 67, 54, 83, 33, 45, 60, 96]",[],"{""accepted_indices"": [0, 1, 2, 3, 4, 5, 6, 7, 8, 9, 1, 2, 3, 4, 5, 6, 7, 8, 9], ""eps1"": 10, ""distance_median"": 0.45007652956098587}"
63,rflbat,rflbat_cluster_filter,"[2, 69, 67, 54, 83, 33, 45, 60, 96, 69, 67, 54, 83, 33, 45, 60, 96]",[26],"{""accepted_indices"": [0, 2, 3, 4, 5, 6, 7, 8, 9, 2, 3, 4, 5, 6, 7, 8, 9], ""num_clusters"": 2, ""cluster_scores"": [0.11427650683927357, 1.0000000000010352]}"
63,rflbat,rflbat_final_distance_filter,"[2, 69, 67, 54, 83, 33, 45, 60, 96]",[26],"{""accepted_indices"": [0, 2, 3, 4, 5, 6, 7, 8, 9, 2, 3, 4, 5, 6, 7, 8, 9], ""eps2"": 6, ""distance_median"": 0.33765428396095964}"
64,rflbat,rflbat_first_distance_filter,"[4, 92, 24, 26, 34, 59, 9, 58, 39, 23, 92, 24, 26, 34, 59, 9, 58, 39, 23]",[],"{""accepted_indices"": [0, 1, 2, 3, 4, 5, 6, 7, 8, 9, 1, 2, 3, 4, 5, 6, 7, 8, 9], ""eps1"": 10, ""distance_median"": 0.20495478259972166}"
64,rflbat,rflbat_cluster_filter,"[4, 92, 24, 26, 34, 59, 9, 58, 39, 23, 92, 24, 26, 34, 59, 9, 58, 39, 23]",[],"{""accepted_indices"": [0, 1, 2, 3, 4, 5, 6, 7, 8, 9, 1, 2, 3, 4, 5, 6, 7, 8, 9], ""num_clusters"": 1, ""cluster_scores"": [0.11187079198231235]}"
64,rflbat,rflbat_final_distance_filter,"[4, 92, 24, 26, 34, 59, 9, 58, 39, 23]",[],"{""accepted_indices"": [0, 1, 2, 3, 4, 5, 6, 7, 8, 9, 1, 2, 3, 4, 5, 6, 7, 8, 9], ""eps2"": 6, ""distance_median"": 0.3218228458189745}"
65,rflbat,rflbat_first_distance_filter,"[2, 72, 69, 79, 28, 64, 86, 52, 19, 84, 72, 69, 79, 28, 64, 86, 52, 19, 84]",[],"{""accepted_indices"": [0, 1, 2, 3, 4, 5, 6, 7, 8, 9, 1, 2, 3, 4, 5, 6, 7, 8, 9], ""eps1"": 10, ""distance_median"": 0.2173350531163219}"
65,rflbat,rflbat_cluster_filter,"[2, 72, 69, 79, 28, 64, 86, 52, 19, 84, 72, 69, 79, 28, 64, 86, 52, 19, 84]",[],"{""accepted_indices"": [0, 1, 2, 3, 4, 5, 6, 7, 8, 9, 1, 2, 3, 4, 5, 6, 7, 8, 9], ""num_clusters"": 1, ""cluster_scores"": [0.12598140367485502]}"
65,rflbat,rflbat_final_distance_filter,"[2, 72, 69, 79, 28, 64, 86, 52, 19, 84]",[],"{""accepted_indices"": [0, 1, 2, 3, 4, 5, 6, 7, 8, 9, 1, 2, 3, 4, 5, 6, 7, 8, 9], ""eps2"": 6, ""distance_median"": 0.3880224448452748}"
66,rflbat,rflbat_first_distance_filter,"[4, 32, 88, 85, 57, 15, 76, 6, 65, 22, 32, 88, 85, 57, 15, 76, 6, 65, 22]",[],"{""accepted_indices"": [0, 1, 2, 3, 4, 5, 6, 7, 8, 9, 1, 2, 3, 4, 5, 6, 7, 8, 9], ""eps1"": 10, ""distance_median"": 0.27644949077976094}"
66,rflbat,rflbat_cluster_filter,"[4, 32, 85, 57, 15, 76, 6, 65, 22, 32, 85, 57, 15, 76, 6, 65, 22]",[88],"{""accepted_indices"": [0, 1, 3, 4, 5, 6, 7, 8, 9, 1, 3, 4, 5, 6, 7, 8, 9], ""num_clusters"": 2, ""cluster_scores"": [0.09783577305279066, 1.000000000001584]}"
66,rflbat,rflbat_final_distance_filter,"[4, 32, 85, 57, 15, 76, 6, 65, 22]",[88],"{""accepted_indices"": [0, 1, 3, 4, 5, 6, 7, 8, 9, 1, 3, 4, 5, 6, 7, 8, 9], ""eps2"": 6, ""distance_median"": 0.22859317417659603}"
67,rflbat,rflbat_first_distance_filter,"[1, 46, 53, 49, 70, 72, 92, 66, 99, 91, 46, 53, 49, 70, 72, 92, 66, 99, 91]",[],"{""accepted_indices"": [0, 1, 2, 3, 4, 5, 6, 7, 8, 9, 1, 2, 3, 4, 5, 6, 7, 8, 9], ""eps1"": 10, ""distance_median"": 0.1598694274634313}"
67,rflbat,rflbat_cluster_filter,"[1, 46, 53, 49, 70, 72, 92, 66, 99, 91, 46, 53, 49, 70, 72, 92, 66, 99, 91]",[],"{""accepted_indices"": [0, 1, 2, 3, 4, 5, 6, 7, 8, 9, 1, 2, 3, 4, 5, 6, 7, 8, 9], ""num_clusters"": 1, ""cluster_scores"": [0.10418280799590562]}"
67,rflbat,rflbat_final_distance_filter,"[1, 46, 53, 49, 70, 72, 92, 66, 99, 91]",[],"{""accepted_indices"": [0, 1, 2, 3, 4, 5, 6, 7, 8, 9, 1, 2, 3, 4, 5, 6, 7, 8, 9], ""eps2"": 6, ""distance_median"": 0.2707486084843933}"
68,rflbat,rflbat_first_distance_filter,"[0, 94, 39, 35, 87, 56, 88, 27, 30, 81, 94, 39, 35, 87, 56, 88, 27, 30, 81]",[],"{""accepted_indices"": [0, 1, 2, 3, 4, 5, 6, 7, 8, 9, 1, 2, 3, 4, 5, 6, 7, 8, 9], ""eps1"": 10, ""distance_median"": 0.4940199205993655}"
68,rflbat,rflbat_cluster_filter,"[0, 94, 39, 35, 87, 56, 88, 27, 30, 81, 94, 39, 35, 87, 56, 88, 27, 30, 81]",[],"{""accepted_indices"": [0, 1, 2, 3, 4, 5, 6, 7, 8, 9, 1, 2, 3, 4, 5, 6, 7, 8, 9], ""num_clusters"": 1, ""cluster_scores"": [0.11758876642896848]}"
68,rflbat,rflbat_final_distance_filter,"[94, 39, 35, 87, 56, 88, 27, 30, 81]",[0],"{""accepted_indices"": [1, 2, 3, 4, 5, 6, 7, 8, 9, 1, 2, 3, 4, 5, 6, 7, 8, 9], ""eps2"": 6, ""distance_median"": 0.6637586590126063}"
69,rflbat,rflbat_first_distance_filter,"[1, 96, 7, 22, 54, 95, 32, 82, 88, 41, 96, 7, 22, 54, 95, 32, 82, 88, 41]",[],"{""accepted_indices"": [0, 1, 2, 3, 4, 5, 6, 7, 8, 9, 1, 2, 3, 4, 5, 6, 7, 8, 9], ""eps1"": 10, ""distance_median"": 0.3709857401315636}"
69,rflbat,rflbat_cluster_filter,"[1, 96, 7, 22, 54, 95, 32, 82, 88, 41, 96, 7, 22, 54, 95, 32, 82, 88, 41]",[],"{""accepted_indices"": [0, 1, 2, 3, 4, 5, 6, 7, 8, 9, 1, 2, 3, 4, 5, 6, 7, 8, 9], ""num_clusters"": 1, ""cluster_scores"": [0.14366509948762535]}"
69,rflbat,rflbat_final_distance_filter,"[1, 96, 7, 22, 54, 95, 32, 82, 88, 41]",[],"{""accepted_indices"": [0, 1, 2, 3, 4, 5, 6, 7, 8, 9, 1, 2, 3, 4, 5, 6, 7, 8, 9], ""eps2"": 6, ""distance_median"": 0.7214379241276317}"
70,rflbat,rflbat_first_distance_filter,"[3, 48, 96, 27, 54, 98, 61, 42, 0, 49, 48, 96, 27, 54, 98, 61, 42, 0, 49]",[],"{""accepted_indices"": [0, 1, 2, 3, 4, 5, 6, 7, 8, 9, 1, 2, 3, 4, 5, 6, 7, 8, 9], ""eps1"": 10, ""distance_median"": 0.5000220294043267}"
70,rflbat,rflbat_cluster_filter,"[3, 48, 96, 27, 54, 98, 61, 42, 0, 49, 48, 96, 27, 54, 98, 61, 42, 0, 49]",[],"{""accepted_indices"": [0, 1, 2, 3, 4, 5, 6, 7, 8, 9, 1, 2, 3, 4, 5, 6, 7, 8, 9], ""num_clusters"": 1, ""cluster_scores"": [0.11032343333330381]}"
70,rflbat,rflbat_final_distance_filter,"[3, 48, 96, 27, 54, 98, 61, 42, 0, 49]",[],"{""accepted_indices"": [0, 1, 2, 3, 4, 5, 6, 7, 8, 9, 1, 2, 3, 4, 5, 6, 7, 8, 9], ""eps2"": 6, ""distance_median"": 0.9212060461814651}"
71,rflbat,rflbat_first_distance_filter,"[3, 17, 99, 89, 46, 64, 52, 39, 37, 55, 17, 99, 89, 46, 64, 52, 39, 37, 55]",[],"{""accepted_indices"": [0, 1, 2, 3, 4, 5, 6, 7, 8, 9, 1, 2, 3, 4, 5, 6, 7, 8, 9], ""eps1"": 10, ""distance_median"": 0.23205437780183286}"
71,rflbat,rflbat_cluster_filter,"[3, 17, 99, 89, 46, 64, 52, 39, 37, 55, 17, 99, 89, 46, 64, 52, 39, 37, 55]",[],"{""accepted_indices"": [0, 1, 2, 3, 4, 5, 6, 7, 8, 9, 1, 2, 3, 4, 5, 6, 7, 8, 9], ""num_clusters"": 1, ""cluster_scores"": [0.19438229192019635]}"
71,rflbat,rflbat_final_distance_filter,"[3, 17, 99, 89, 46, 64, 52, 39, 37, 55]",[],"{""accepted_indices"": [0, 1, 2, 3, 4, 5, 6, 7, 8, 9, 1, 2, 3, 4, 5, 6, 7, 8, 9], ""eps2"": 6, ""distance_median"": 0.404235016507691}"
72,rflbat,rflbat_first_distance_filter,"[2, 45, 95, 46, 75, 17, 66, 43, 68, 99, 45, 95, 46, 75, 17, 66, 43, 68, 99]",[],"{""accepted_indices"": [0, 1, 2, 3, 4, 5, 6, 7, 8, 9, 1, 2, 3, 4, 5, 6, 7, 8, 9], ""eps1"": 10, ""distance_median"": 0.2525929134026316}"
72,rflbat,rflbat_cluster_filter,"[2, 45, 95, 46, 75, 17, 66, 43, 68, 99, 45, 95, 46, 75, 17, 66, 43, 68, 99]",[],"{""accepted_indices"": [0, 1, 2, 3, 4, 5, 6, 7, 8, 9, 1, 2, 3, 4, 5, 6, 7, 8, 9], ""num_clusters"": 1, ""cluster_scores"": [0.12835539569868945]}"
72,rflbat,rflbat_final_distance_filter,"[2, 45, 95, 46, 75, 17, 66, 43, 68, 99]",[],"{""accepted_indices"": [0, 1, 2, 3, 4, 5, 6, 7, 8, 9, 1, 2, 3, 4, 5, 6, 7, 8, 9], ""eps2"": 6, ""distance_median"": 0.3958439481322515}"
73,rflbat,rflbat_first_distance_filter,"[1, 41, 10, 4, 9, 80, 44, 72, 88, 13, 41, 10, 4, 9, 80, 44, 72, 88, 13]",[],"{""accepted_indices"": [0, 1, 2, 3, 4, 5, 6, 7, 8, 9, 1, 2, 3, 4, 5, 6, 7, 8, 9], ""eps1"": 10, ""distance_median"": 0.3085782590655789}"
73,rflbat,rflbat_cluster_filter,"[1, 41, 10, 4, 9, 80, 44, 72, 88, 13, 41, 10, 4, 9, 80, 44, 72, 88, 13]",[],"{""accepted_indices"": [0, 1, 2, 3, 4, 5, 6, 7, 8, 9, 1, 2, 3, 4, 5, 6, 7, 8, 9], ""num_clusters"": 1, ""cluster_scores"": [0.1198153092720201]}"
73,rflbat,rflbat_final_distance_filter,"[1, 41, 10, 4, 9, 80, 44, 72, 88, 13]",[],"{""accepted_indices"": [0, 1, 2, 3, 4, 5, 6, 7, 8, 9, 1, 2, 3, 4, 5, 6, 7, 8, 9], ""eps2"": 6, ""distance_median"": 0.6344197987886551}"
74,rflbat,rflbat_first_distance_filter,"[2, 36, 33, 30, 9, 23, 78, 91, 5, 58, 36, 33, 30, 9, 23, 78, 91, 5, 58]",[],"{""accepted_indices"": [0, 1, 2, 3, 4, 5, 6, 7, 8, 9, 1, 2, 3, 4, 5, 6, 7, 8, 9], ""eps1"": 10, ""distance_median"": 0.1725355059489097}"
74,rflbat,rflbat_cluster_filter,"[2, 36, 33, 30, 9, 23, 78, 91, 5, 58, 36, 33, 30, 9, 23, 78, 91, 5, 58]",[],"{""accepted_indices"": [0, 1, 2, 3, 4, 5, 6, 7, 8, 9, 1, 2, 3, 4, 5, 6, 7, 8, 9], ""num_clusters"": 1, ""cluster_scores"": [0.12799667138799994]}"
74,rflbat,rflbat_final_distance_filter,"[2, 36, 33, 30, 9, 23, 78, 91, 5, 58]",[],"{""accepted_indices"": [0, 1, 2, 3, 4, 5, 6, 7, 8, 9, 1, 2, 3, 4, 5, 6, 7, 8, 9], ""eps2"": 6, ""distance_median"": 0.2956284430412973}"
75,rflbat,rflbat_first_distance_filter,"[2, 59, 38, 97, 20, 91, 86, 14, 54, 16, 59, 38, 97, 20, 91, 86, 14, 54, 16]",[],"{""accepted_indices"": [0, 1, 2, 3, 4, 5, 6, 7, 8, 9, 1, 2, 3, 4, 5, 6, 7, 8, 9], ""eps1"": 10, ""distance_median"": 0.2692359245547172}"
75,rflbat,rflbat_cluster_filter,"[2, 59, 38, 97, 20, 91, 86, 14, 54, 16, 59, 38, 97, 20, 91, 86, 14, 54, 16]",[],"{""accepted_indices"": [0, 1, 2, 3, 4, 5, 6, 7, 8, 9, 1, 2, 3, 4, 5, 6, 7, 8, 9], ""num_clusters"": 1, ""cluster_scores"": [0.13752677352515466]}"
75,rflbat,rflbat_final_distance_filter,"[2, 59, 38, 97, 20, 91, 86, 14, 54, 16]",[],"{""accepted_indices"": [0, 1, 2, 3, 4, 5, 6, 7, 8, 9, 1, 2, 3, 4, 5, 6, 7, 8, 9], ""eps2"": 6, ""distance_median"": 0.4510046585992121}"
76,rflbat,rflbat_first_distance_filter,"[4, 43, 36, 57, 98, 38, 95, 16, 66, 62, 43, 36, 57, 98, 38, 95, 16, 66, 62]",[],"{""accepted_indices"": [0, 1, 2, 3, 4, 5, 6, 7, 8, 9, 1, 2, 3, 4, 5, 6, 7, 8, 9], ""eps1"": 10, ""distance_median"": 0.21967333171155806}"
76,rflbat,rflbat_cluster_filter,"[4, 43, 36, 57, 98, 38, 95, 16, 66, 62, 43, 36, 57, 98, 38, 95, 16, 66, 62]",[],"{""accepted_indices"": [0, 1, 2, 3, 4, 5, 6, 7, 8, 9, 1, 2, 3, 4, 5, 6, 7, 8, 9], ""num_clusters"": 1, ""cluster_scores"": [0.11100261913520312]}"
76,rflbat,rflbat_final_distance_filter,"[43, 36, 57, 98, 38, 95, 16, 66, 62]",[4],"{""accepted_indices"": [1, 2, 3, 4, 5, 6, 7, 8, 9, 1, 2, 3, 4, 5, 6, 7, 8, 9], ""eps2"": 6, ""distance_median"": 0.31477257154687693}"
77,rflbat,rflbat_first_distance_filter,"[0, 33, 25, 93, 88, 56, 84, 24, 46, 64, 33, 25, 93, 88, 56, 84, 24, 46, 64]",[],"{""accepted_indices"": [0, 1, 2, 3, 4, 5, 6, 7, 8, 9, 1, 2, 3, 4, 5, 6, 7, 8, 9], ""eps1"": 10, ""distance_median"": 0.4452556659379965}"
77,rflbat,rflbat_cluster_filter,"[0, 33, 25, 93, 88, 56, 84, 24, 46, 64, 33, 25, 93, 88, 56, 84, 24, 46, 64]",[],"{""accepted_indices"": [0, 1, 2, 3, 4, 5, 6, 7, 8, 9, 1, 2, 3, 4, 5, 6, 7, 8, 9], ""num_clusters"": 1, ""cluster_scores"": [0.1355391818656282]}"
77,rflbat,rflbat_final_distance_filter,"[33, 25, 93, 88, 56, 84, 24, 46, 64]",[0],"{""accepted_indices"": [1, 2, 3, 4, 5, 6, 7, 8, 9, 1, 2, 3, 4, 5, 6, 7, 8, 9], ""eps2"": 6, ""distance_median"": 0.6051376038643478}"
78,rflbat,rflbat_first_distance_filter,"[3, 72, 90, 33, 46, 95, 71, 5, 62, 55, 72, 90, 33, 46, 95, 71, 5, 62, 55]",[],"{""accepted_indices"": [0, 1, 2, 3, 4, 5, 6, 7, 8, 9, 1, 2, 3, 4, 5, 6, 7, 8, 9], ""eps1"": 10, ""distance_median"": 0.49668247984383546}"
78,rflbat,rflbat_cluster_filter,"[3, 72, 90, 33, 46, 95, 71, 5, 62, 55, 72, 90, 33, 46, 95, 71, 5, 62, 55]",[],"{""accepted_indices"": [0, 1, 2, 3, 4, 5, 6, 7, 8, 9, 1, 2, 3, 4, 5, 6, 7, 8, 9], ""num_clusters"": 1, ""cluster_scores"": [0.11406685426584587]}"
78,rflbat,rflbat_final_distance_filter,"[3, 72, 90, 33, 46, 95, 71, 5, 62, 55]",[],"{""accepted_indices"": [0, 1, 2, 3, 4, 5, 6, 7, 8, 9, 1, 2, 3, 4, 5, 6, 7, 8, 9], ""eps2"": 6, ""distance_median"": 0.9635987507232024}"
79,rflbat,rflbat_first_distance_filter,"[3, 15, 38, 45, 61, 9, 73, 51, 90, 79, 15, 38, 45, 61, 9, 73, 51, 90, 79]",[],"{""accepted_indices"": [0, 1, 2, 3, 4, 5, 6, 7, 8, 9, 1, 2, 3, 4, 5, 6, 7, 8, 9], ""eps1"": 10, ""distance_median"": 0.3219735730374802}"
79,rflbat,rflbat_cluster_filter,"[3, 15, 38, 45, 61, 9, 73, 51, 90, 79, 15, 38, 45, 61, 9, 73, 51, 90, 79]",[],"{""accepted_indices"": [0, 1, 2, 3, 4, 5, 6, 7, 8, 9, 1, 2, 3, 4, 5, 6, 7, 8, 9], ""num_clusters"": 1, ""cluster_scores"": [0.10786033641592964]}"
79,rflbat,rflbat_final_distance_filter,"[3, 15, 38, 45, 61, 9, 73, 51, 90, 79]",[],"{""accepted_indices"": [0, 1, 2, 3, 4, 5, 6, 7, 8, 9, 1, 2, 3, 4, 5, 6, 7, 8, 9], ""eps2"": 6, ""distance_median"": 0.625731972063888}"
80,rflbat,rflbat_first_distance_filter,"[2, 14, 79, 71, 26, 27, 97, 13, 78, 17, 14, 79, 71, 26, 27, 97, 13, 78, 17]",[],"{""accepted_indices"": [0, 1, 2, 3, 4, 5, 6, 7, 8, 9, 1, 2, 3, 4, 5, 6, 7, 8, 9], ""eps1"": 10, ""distance_median"": 0.4451288385504624}"
80,rflbat,rflbat_cluster_filter,"[2, 14, 79, 71, 26, 27, 97, 13, 78, 17, 14, 79, 71, 26, 27, 97, 13, 78, 17]",[],"{""accepted_indices"": [0, 1, 2, 3, 4, 5, 6, 7, 8, 9, 1, 2, 3, 4, 5, 6, 7, 8, 9], ""num_clusters"": 1, ""cluster_scores"": [0.14152575880461282]}"
80,rflbat,rflbat_final_distance_filter,"[2, 14, 79, 71, 26, 27, 97, 13, 78, 17]",[],"{""accepted_indices"": [0, 1, 2, 3, 4, 5, 6, 7, 8, 9, 1, 2, 3, 4, 5, 6, 7, 8, 9], ""eps2"": 6, ""distance_median"": 0.8585196669959749}"
81,rflbat,rflbat_first_distance_filter,"[3, 30, 62, 93, 34, 46, 23, 2, 97, 63, 30, 62, 93, 34, 46, 23, 2, 97, 63]",[],"{""accepted_indices"": [0, 1, 2, 3, 4, 5, 6, 7, 8, 9, 1, 2, 3, 4, 5, 6, 7, 8, 9], ""eps1"": 10, ""distance_median"": 0.3096398004045503}"
81,rflbat,rflbat_cluster_filter,"[30, 62, 93, 34, 2, 97, 30, 62, 93, 34, 2, 97]","[3, 46, 23, 63]","{""accepted_indices"": [1, 2, 3, 4, 7, 8, 1, 2, 3, 4, 7, 8], ""num_clusters"": 4, ""cluster_scores"": [0.15508449112753814, 1.0000000000028246, 1.0000000000009612, 0.7420536843784511]}"
81,rflbat,rflbat_final_distance_filter,"[30, 62, 93, 34, 2, 97]","[3, 46, 23, 63]","{""accepted_indices"": [1, 2, 3, 4, 7, 8, 1, 2, 3, 4, 7, 8], ""eps2"": 6, ""distance_median"": 0.08049197833107744}"
82,rflbat,rflbat_first_distance_filter,"[1, 62, 69, 63, 39, 93, 98, 99, 46, 43, 62, 69, 63, 39, 93, 98, 99, 46, 43]",[],"{""accepted_indices"": [0, 1, 2, 3, 4, 5, 6, 7, 8, 9, 1, 2, 3, 4, 5, 6, 7, 8, 9], ""eps1"": 10, ""distance_median"": 0.25407497421996883}"
82,rflbat,rflbat_cluster_filter,"[1, 62, 69, 63, 39, 93, 98, 99, 46, 43, 62, 69, 63, 39, 93, 98, 99, 46, 43]",[],"{""accepted_indices"": [0, 1, 2, 3, 4, 5, 6, 7, 8, 9, 1, 2, 3, 4, 5, 6, 7, 8, 9], ""num_clusters"": 1, ""cluster_scores"": [0.1308049064547724]}"
82,rflbat,rflbat_final_distance_filter,"[1, 62, 69, 63, 39, 93, 98, 99, 46, 43]",[],"{""accepted_indices"": [0, 1, 2, 3, 4, 5, 6, 7, 8, 9, 1, 2, 3, 4, 5, 6, 7, 8, 9], ""eps2"": 6, ""distance_median"": 0.45917228498186496}"
83,rflbat,rflbat_first_distance_filter,"[2, 65, 13, 68, 82, 66, 44, 29, 49, 91, 65, 13, 68, 82, 66, 44, 29, 49, 91]",[],"{""accepted_indices"": [0, 1, 2, 3, 4, 5, 6, 7, 8, 9, 1, 2, 3, 4, 5, 6, 7, 8, 9], ""eps1"": 10, ""distance_median"": 0.27950795341295287}"
83,rflbat,rflbat_cluster_filter,"[2, 65, 13, 68, 82, 66, 44, 29, 49, 91, 65, 13, 68, 82, 66, 44, 29, 49, 91]",[],"{""accepted_indices"": [0, 1, 2, 3, 4, 5, 6, 7, 8, 9, 1, 2, 3, 4, 5, 6, 7, 8, 9], ""num_clusters"": 1, ""cluster_scores"": [0.08157538768140561]}"
83,rflbat,rflbat_final_distance_filter,"[2, 65, 13, 68, 82, 66, 44, 29, 49, 91]",[],"{""accepted_indices"": [0, 1, 2, 3, 4, 5, 6, 7, 8, 9, 1, 2, 3, 4, 5, 6, 7, 8, 9], ""eps2"": 6, ""distance_median"": 0.49301826092816503}"
84,rflbat,rflbat_first_distance_filter,"[1, 63, 6, 15, 20, 61, 88, 22, 53, 39, 63, 6, 15, 20, 61, 88, 22, 53, 39]",[],"{""accepted_indices"": [0, 1, 2, 3, 4, 5, 6, 7, 8, 9, 1, 2, 3, 4, 5, 6, 7, 8, 9], ""eps1"": 10, ""distance_median"": 0.22697629469881817}"
84,rflbat,rflbat_cluster_filter,"[1, 63, 6, 15, 20, 61, 88, 22, 53, 39, 63, 6, 15, 20, 61, 88, 22, 53, 39]",[],"{""accepted_indices"": [0, 1, 2, 3, 4, 5, 6, 7, 8, 9, 1, 2, 3, 4, 5, 6, 7, 8, 9], ""num_clusters"": 1, ""cluster_scores"": [0.18491704937408276]}"
84,rflbat,rflbat_final_distance_filter,"[1, 63, 6, 15, 20, 61, 88, 22, 53, 39]",[],"{""accepted_indices"": [0, 1, 2, 3, 4, 5, 6, 7, 8, 9, 1, 2, 3, 4, 5, 6, 7, 8, 9], ""eps2"": 6, ""distance_median"": 0.3854210829009751}"
85,rflbat,rflbat_first_distance_filter,"[0, 31, 23, 81, 51, 90, 83, 21, 3, 5, 31, 23, 81, 51, 90, 83, 21, 3, 5]",[],"{""accepted_indices"": [0, 1, 2, 3, 4, 5, 6, 7, 8, 9, 1, 2, 3, 4, 5, 6, 7, 8, 9], ""eps1"": 10, ""distance_median"": 0.5369137546051566}"
85,rflbat,rflbat_cluster_filter,"[0, 31, 23, 81, 51, 90, 83, 21, 3, 5, 31, 23, 81, 51, 90, 83, 21, 3, 5]",[],"{""accepted_indices"": [0, 1, 2, 3, 4, 5, 6, 7, 8, 9, 1, 2, 3, 4, 5, 6, 7, 8, 9], ""num_clusters"": 1, ""cluster_scores"": [0.10238061156909735]}"
85,rflbat,rflbat_final_distance_filter,"[31, 23, 81, 51, 90, 83, 21, 3, 5]",[0],"{""accepted_indices"": [1, 2, 3, 4, 5, 6, 7, 8, 9, 1, 2, 3, 4, 5, 6, 7, 8, 9], ""eps2"": 6, ""distance_median"": 0.793622404661734}"
86,rflbat,rflbat_first_distance_filter,"[4, 66, 52, 9, 41, 59, 17, 78, 34, 58, 66, 52, 9, 41, 59, 17, 78, 34, 58]",[],"{""accepted_indices"": [0, 1, 2, 3, 4, 5, 6, 7, 8, 9, 1, 2, 3, 4, 5, 6, 7, 8, 9], ""eps1"": 10, ""distance_median"": 0.18107041611860153}"
86,rflbat,rflbat_cluster_filter,"[4, 66, 52, 9, 41, 59, 17, 78, 34, 58, 66, 52, 9, 41, 59, 17, 78, 34, 58]",[],"{""accepted_indices"": [0, 1, 2, 3, 4, 5, 6, 7, 8, 9, 1, 2, 3, 4, 5, 6, 7, 8, 9], ""num_clusters"": 1, ""cluster_scores"": [0.15420101959735488]}"
86,rflbat,rflbat_final_distance_filter,"[4, 66, 52, 9, 41, 59, 17, 78, 34, 58]",[],"{""accepted_indices"": [0, 1, 2, 3, 4, 5, 6, 7, 8, 9, 1, 2, 3, 4, 5, 6, 7, 8, 9], ""eps2"": 6, ""distance_median"": 0.3559227228898656}"
87,rflbat,rflbat_first_distance_filter,"[0, 44, 68, 57, 83, 17, 35, 66, 71, 63, 44, 68, 57, 83, 17, 35, 66, 71, 63]",[],"{""accepted_indices"": [0, 1, 2, 3, 4, 5, 6, 7, 8, 9, 1, 2, 3, 4, 5, 6, 7, 8, 9], ""eps1"": 10, ""distance_median"": 0.4302580548253554}"
87,rflbat,rflbat_cluster_filter,"[0, 44, 68, 57, 83, 17, 35, 66, 71, 63, 44, 68, 57, 83, 17, 35, 66, 71, 63]",[],"{""accepted_indices"": [0, 1, 2, 3, 4, 5, 6, 7, 8, 9, 1, 2, 3, 4, 5, 6, 7, 8, 9], ""num_clusters"": 1, ""cluster_scores"": [0.10441407547098375]}"
87,rflbat,rflbat_final_distance_filter,"[44, 68, 57, 83, 17, 35, 66, 71, 63]",[0],"{""accepted_indices"": [1, 2, 3, 4, 5, 6, 7, 8, 9, 1, 2, 3, 4, 5, 6, 7, 8, 9], ""eps2"": 6, ""distance_median"": 0.5582088183311771}"
88,rflbat,rflbat_first_distance_filter,"[1, 13, 91, 2, 81, 20, 24, 88, 41, 18, 13, 91, 2, 81, 20, 24, 88, 41, 18]",[],"{""accepted_indices"": [0, 1, 2, 3, 4, 5, 6, 7, 8, 9, 1, 2, 3, 4, 5, 6, 7, 8, 9], ""eps1"": 10, ""distance_median"": 0.2822667480050344}"
88,rflbat,rflbat_cluster_filter,"[1, 13, 91, 2, 81, 20, 24, 88, 41, 18, 13, 91, 2, 81, 20, 24, 88, 41, 18]",[],"{""accepted_indices"": [0, 1, 2, 3, 4, 5, 6, 7, 8, 9, 1, 2, 3, 4, 5, 6, 7, 8, 9], ""num_clusters"": 1, ""cluster_scores"": [0.10517870802984197]}"
88,rflbat,rflbat_final_distance_filter,"[1, 13, 91, 2, 81, 20, 24, 88, 41, 18]",[],"{""accepted_indices"": [0, 1, 2, 3, 4, 5, 6, 7, 8, 9, 1, 2, 3, 4, 5, 6, 7, 8, 9], ""eps2"": 6, ""distance_median"": 0.5647715159906012}"
89,rflbat,rflbat_first_distance_filter,"[3, 27, 78, 39, 84, 17, 40, 68, 48, 9, 27, 78, 39, 84, 17, 40, 68, 48, 9]",[],"{""accepted_indices"": [0, 1, 2, 3, 4, 5, 6, 7, 8, 9, 1, 2, 3, 4, 5, 6, 7, 8, 9], ""eps1"": 10, ""distance_median"": 0.28993162209037604}"
89,rflbat,rflbat_cluster_filter,"[3, 27, 78, 39, 84, 17, 40, 68, 48, 9, 27, 78, 39, 84, 17, 40, 68, 48, 9]",[],"{""accepted_indices"": [0, 1, 2, 3, 4, 5, 6, 7, 8, 9, 1, 2, 3, 4, 5, 6, 7, 8, 9], ""num_clusters"": 1, ""cluster_scores"": [0.11088453869836538]}"
89,rflbat,rflbat_final_distance_filter,"[3, 27, 78, 39, 84, 17, 40, 68, 48, 9]",[],"{""accepted_indices"": [0, 1, 2, 3, 4, 5, 6, 7, 8, 9, 1, 2, 3, 4, 5, 6, 7, 8, 9], ""eps2"": 6, ""distance_median"": 0.5626136605207903}"
90,rflbat,rflbat_first_distance_filter,"[0, 89, 48, 47, 6, 55, 45, 27, 69, 37, 89, 48, 47, 6, 55, 45, 27, 69, 37]",[],"{""accepted_indices"": [0, 1, 2, 3, 4, 5, 6, 7, 8, 9, 1, 2, 3, 4, 5, 6, 7, 8, 9], ""eps1"": 10, ""distance_median"": 0.4455184161069402}"
90,rflbat,rflbat_cluster_filter,"[0, 89, 48, 47, 6, 55, 45, 27, 69, 37, 89, 48, 47, 6, 55, 45, 27, 69, 37]",[],"{""accepted_indices"": [0, 1, 2, 3, 4, 5, 6, 7, 8, 9, 1, 2, 3, 4, 5, 6, 7, 8, 9], ""num_clusters"": 1, ""cluster_scores"": [0.09867866657369088]}"
90,rflbat,rflbat_final_distance_filter,"[89, 48, 47, 6, 55, 45, 27, 69, 37]",[0],"{""accepted_indices"": [1, 2, 3, 4, 5, 6, 7, 8, 9, 1, 2, 3, 4, 5, 6, 7, 8, 9], ""eps2"": 6, ""distance_median"": 0.6017076842709562}"
91,rflbat,rflbat_first_distance_filter,"[1, 2, 13, 88, 6, 74, 8, 52, 89, 99, 2, 13, 88, 6, 74, 8, 52, 89, 99]",[],"{""accepted_indices"": [0, 1, 2, 3, 4, 5, 6, 7, 8, 9, 1, 2, 3, 4, 5, 6, 7, 8, 9], ""eps1"": 10, ""distance_median"": 0.2286396790279756}"
91,rflbat,rflbat_cluster_filter,"[1, 2, 13, 88, 6, 74, 8, 52, 89, 99, 2, 13, 88, 6, 74, 8, 52, 89, 99]",[],"{""accepted_indices"": [0, 1, 2, 3, 4, 5, 6, 7, 8, 9, 1, 2, 3, 4, 5, 6, 7, 8, 9], ""num_clusters"": 1, ""cluster_scores"": [0.11353966452278395]}"
91,rflbat,rflbat_final_distance_filter,"[1, 2, 13, 88, 6, 74, 8, 52, 89, 99]",[],"{""accepted_indices"": [0, 1, 2, 3, 4, 5, 6, 7, 8, 9, 1, 2, 3, 4, 5, 6, 7, 8, 9], ""eps2"": 6, ""distance_median"": 0.46262306494526395}"
92,rflbat,rflbat_first_distance_filter,"[3, 9, 73, 39, 38, 87, 14, 27, 49, 24, 9, 73, 39, 38, 87, 14, 27, 49, 24]",[],"{""accepted_indices"": [0, 1, 2, 3, 4, 5, 6, 7, 8, 9, 1, 2, 3, 4, 5, 6, 7, 8, 9], ""eps1"": 10, ""distance_median"": 0.2924838963776051}"
92,rflbat,rflbat_cluster_filter,"[3, 9, 73, 39, 38, 87, 14, 27, 49, 24, 9, 73, 39, 38, 87, 14, 27, 49, 24]",[],"{""accepted_indices"": [0, 1, 2, 3, 4, 5, 6, 7, 8, 9, 1, 2, 3, 4, 5, 6, 7, 8, 9], ""num_clusters"": 1, ""cluster_scores"": [0.165607154346816]}"
92,rflbat,rflbat_final_distance_filter,"[3, 9, 73, 39, 38, 87, 14, 27, 49, 24]",[],"{""accepted_indices"": [0, 1, 2, 3, 4, 5, 6, 7, 8, 9, 1, 2, 3, 4, 5, 6, 7, 8, 9], ""eps2"": 6, ""distance_median"": 0.5592859900799216}"
93,rflbat,rflbat_first_distance_filter,"[0, 85, 6, 20, 49, 9, 71, 43, 2, 29, 85, 6, 20, 49, 9, 71, 43, 2, 29]",[],"{""accepted_indices"": [0, 1, 2, 3, 4, 5, 6, 7, 8, 9, 1, 2, 3, 4, 5, 6, 7, 8, 9], ""eps1"": 10, ""distance_median"": 0.46418672127868266}"
93,rflbat,rflbat_cluster_filter,"[6, 49, 43, 6, 49, 43]","[0, 85, 20, 9, 71, 2, 29]","{""accepted_indices"": [2, 4, 7, 2, 4, 7], ""num_clusters"": 7, ""cluster_scores"": [1.0000000000006368, 1, 1.0000000000022853, 0.36454892436289005, 0.7300575742301878, 1.000000000001312, 1.0000000000016798]}"
93,rflbat,rflbat_final_distance_filter,"[6, 49, 43]","[0, 85, 20, 9, 71, 2, 29]","{""accepted_indices"": [2, 4, 7, 2, 4, 7], ""eps2"": 6, ""distance_median"": 0.005561826894833642}"
94,rflbat,rflbat_first_distance_filter,"[2, 14, 97, 20, 12, 35, 41, 74, 80, 92, 14, 97, 20, 12, 35, 41, 74, 80, 92]",[],"{""accepted_indices"": [0, 1, 2, 3, 4, 5, 6, 7, 8, 9, 1, 2, 3, 4, 5, 6, 7, 8, 9], ""eps1"": 10, ""distance_median"": 0.19418386307713087}"
94,rflbat,rflbat_cluster_filter,"[2, 14, 20, 12, 35, 41, 74, 80, 92, 14, 20, 12, 35, 41, 74, 80, 92]",[97],"{""accepted_indices"": [0, 1, 3, 4, 5, 6, 7, 8, 9, 1, 3, 4, 5, 6, 7, 8, 9], ""num_clusters"": 2, ""cluster_scores"": [0.15428840246309425, 1.0000000000012854]}"
94,rflbat,rflbat_final_distance_filter,"[2, 14, 20, 12, 35, 41, 74, 80, 92]",[97],"{""accepted_indices"": [0, 1, 3, 4, 5, 6, 7, 8, 9, 1, 3, 4, 5, 6, 7, 8, 9], ""eps2"": 6, ""distance_median"": 0.23506089344785408}"
95,rflbat,rflbat_first_distance_filter,"[4, 31, 46, 29, 77, 97, 21, 67, 18, 7, 31, 46, 29, 77, 97, 21, 67, 18, 7]",[],"{""accepted_indices"": [0, 1, 2, 3, 4, 5, 6, 7, 8, 9, 1, 2, 3, 4, 5, 6, 7, 8, 9], ""eps1"": 10, ""distance_median"": 0.1899782990653015}"
95,rflbat,rflbat_cluster_filter,"[4, 31, 46, 29, 77, 97, 21, 67, 18, 7, 31, 46, 29, 77, 97, 21, 67, 18, 7]",[],"{""accepted_indices"": [0, 1, 2, 3, 4, 5, 6, 7, 8, 9, 1, 2, 3, 4, 5, 6, 7, 8, 9], ""num_clusters"": 1, ""cluster_scores"": [0.1844737683083584]}"
95,rflbat,rflbat_final_distance_filter,"[4, 31, 46, 29, 77, 97, 21, 67, 18, 7]",[],"{""accepted_indices"": [0, 1, 2, 3, 4, 5, 6, 7, 8, 9, 1, 2, 3, 4, 5, 6, 7, 8, 9], ""eps2"": 6, ""distance_median"": 0.35857952148225675}"
96,rflbat,rflbat_first_distance_filter,"[1, 95, 83, 47, 60, 52, 76, 93, 34, 62, 95, 83, 47, 60, 52, 76, 93, 34, 62]",[],"{""accepted_indices"": [0, 1, 2, 3, 4, 5, 6, 7, 8, 9, 1, 2, 3, 4, 5, 6, 7, 8, 9], ""eps1"": 10, ""distance_median"": 0.14939941711234955}"
96,rflbat,rflbat_cluster_filter,"[1, 95, 83, 47, 60, 52, 76, 93, 34, 62, 95, 83, 47, 60, 52, 76, 93, 34, 62]",[],"{""accepted_indices"": [0, 1, 2, 3, 4, 5, 6, 7, 8, 9, 1, 2, 3, 4, 5, 6, 7, 8, 9], ""num_clusters"": 1, ""cluster_scores"": [0.09211611078081856]}"
96,rflbat,rflbat_final_distance_filter,"[1, 95, 83, 47, 60, 52, 76, 93, 34, 62]",[],"{""accepted_indices"": [0, 1, 2, 3, 4, 5, 6, 7, 8, 9, 1, 2, 3, 4, 5, 6, 7, 8, 9], ""eps2"": 6, ""distance_median"": 0.2964475395363008}"
97,rflbat,rflbat_first_distance_filter,"[2, 69, 82, 0, 96, 78, 46, 54, 49, 87, 69, 82, 0, 96, 78, 46, 54, 49, 87]",[],"{""accepted_indices"": [0, 1, 2, 3, 4, 5, 6, 7, 8, 9, 1, 2, 3, 4, 5, 6, 7, 8, 9], ""eps1"": 10, ""distance_median"": 0.4890969102684095}"
97,rflbat,rflbat_cluster_filter,"[2, 69, 82, 0, 96, 78, 46, 54, 49, 87, 69, 82, 0, 96, 78, 46, 54, 49, 87]",[],"{""accepted_indices"": [0, 1, 2, 3, 4, 5, 6, 7, 8, 9, 1, 2, 3, 4, 5, 6, 7, 8, 9], ""num_clusters"": 1, ""cluster_scores"": [0.09850849428611376]}"
97,rflbat,rflbat_final_distance_filter,"[2, 69, 82, 0, 96, 78, 46, 54, 49, 87]",[],"{""accepted_indices"": [0, 1, 2, 3, 4, 5, 6, 7, 8, 9, 1, 2, 3, 4, 5, 6, 7, 8, 9], ""eps2"": 6, ""distance_median"": 0.9515062918791782}"
98,rflbat,rflbat_first_distance_filter,"[0, 39, 92, 47, 55, 38, 83, 64, 56, 27, 39, 92, 47, 55, 38, 83, 64, 56, 27]",[],"{""accepted_indices"": [0, 1, 2, 3, 4, 5, 6, 7, 8, 9, 1, 2, 3, 4, 5, 6, 7, 8, 9], ""eps1"": 10, ""distance_median"": 0.39424203475461145}"
98,rflbat,rflbat_cluster_filter,"[0, 39, 92, 47, 55, 38, 83, 64, 56, 27, 39, 92, 47, 55, 38, 83, 64, 56, 27]",[],"{""accepted_indices"": [0, 1, 2, 3, 4, 5, 6, 7, 8, 9, 1, 2, 3, 4, 5, 6, 7, 8, 9], ""num_clusters"": 1, ""cluster_scores"": [0.11542574167007658]}"
98,rflbat,rflbat_final_distance_filter,"[39, 92, 47, 55, 38, 83, 64, 56, 27]",[0],"{""accepted_indices"": [1, 2, 3, 4, 5, 6, 7, 8, 9, 1, 2, 3, 4, 5, 6, 7, 8, 9], ""eps2"": 6, ""distance_median"": 0.5128420032374436}"
99,rflbat,rflbat_first_distance_filter,"[3, 61, 58, 89, 32, 71, 17, 31, 80, 37, 61, 58, 89, 32, 71, 17, 31, 80, 37]",[],"{""accepted_indices"": [0, 1, 2, 3, 4, 5, 6, 7, 8, 9, 1, 2, 3, 4, 5, 6, 7, 8, 9], ""eps1"": 10, ""distance_median"": 0.25488452917863497}"
99,rflbat,rflbat_cluster_filter,"[3, 61, 58, 89, 32, 71, 17, 31, 80, 37, 61, 58, 89, 32, 71, 17, 31, 80, 37]",[],"{""accepted_indices"": [0, 1, 2, 3, 4, 5, 6, 7, 8, 9, 1, 2, 3, 4, 5, 6, 7, 8, 9], ""num_clusters"": 1, ""cluster_scores"": [0.11960930940605587]}"
99,rflbat,rflbat_final_distance_filter,"[3, 61, 58, 89, 32, 71, 17, 31, 80, 37]",[],"{""accepted_indices"": [0, 1, 2, 3, 4, 5, 6, 7, 8, 9, 1, 2, 3, 4, 5, 6, 7, 8, 9], ""eps2"": 6, ""distance_median"": 0.48040582665491227}"
100,rflbat,rflbat_first_distance_filter,"[3, 30, 36, 18, 7, 46, 55, 70, 68, 85, 30, 36, 18, 7, 46, 55, 70, 68, 85]",[],"{""accepted_indices"": [0, 1, 2, 3, 4, 5, 6, 7, 8, 9, 1, 2, 3, 4, 5, 6, 7, 8, 9], ""eps1"": 10, ""distance_median"": 0.24052435705321984}"
100,rflbat,rflbat_cluster_filter,"[3, 30, 36, 18, 7, 46, 55, 70, 68, 85, 30, 36, 18, 7, 46, 55, 70, 68, 85]",[],"{""accepted_indices"": [0, 1, 2, 3, 4, 5, 6, 7, 8, 9, 1, 2, 3, 4, 5, 6, 7, 8, 9], ""num_clusters"": 1, ""cluster_scores"": [0.09679441211404323]}"
100,rflbat,rflbat_final_distance_filter,"[3, 30, 36, 18, 7, 46, 55, 70, 68, 85]",[],"{""accepted_indices"": [0, 1, 2, 3, 4, 5, 6, 7, 8, 9, 1, 2, 3, 4, 5, 6, 7, 8, 9], ""eps2"": 6, ""distance_median"": 0.4735497902899914}"
101,rflbat,rflbat_first_distance_filter,"[1, 79, 80, 98, 67, 84, 69, 24, 16, 81, 79, 80, 98, 67, 84, 69, 24, 16, 81]",[],"{""accepted_indices"": [0, 1, 2, 3, 4, 5, 6, 7, 8, 9, 1, 2, 3, 4, 5, 6, 7, 8, 9], ""eps1"": 10, ""distance_median"": 0.17594690994780388}"
101,rflbat,rflbat_cluster_filter,"[1, 79, 80, 98, 67, 84, 69, 24, 16, 81, 79, 80, 98, 67, 84, 69, 24, 16, 81]",[],"{""accepted_indices"": [0, 1, 2, 3, 4, 5, 6, 7, 8, 9, 1, 2, 3, 4, 5, 6, 7, 8, 9], ""num_clusters"": 1, ""cluster_scores"": [0.12922514803876653]}"
101,rflbat,rflbat_final_distance_filter,"[1, 79, 80, 98, 67, 84, 69, 24, 16, 81]",[],"{""accepted_indices"": [0, 1, 2, 3, 4, 5, 6, 7, 8, 9, 1, 2, 3, 4, 5, 6, 7, 8, 9], ""eps2"": 6, ""distance_median"": 0.36925968445327567}"
102,rflbat,rflbat_first_distance_filter,"[4, 35, 22, 89, 21, 3, 5, 82, 94, 91, 35, 22, 89, 21, 3, 5, 82, 94, 91]",[],"{""accepted_indices"": [0, 1, 2, 3, 4, 5, 6, 7, 8, 9, 1, 2, 3, 4, 5, 6, 7, 8, 9], ""eps1"": 10, ""distance_median"": 0.37335284308476696}"
102,rflbat,rflbat_cluster_filter,"[4, 35, 22, 89, 21, 3, 5, 82, 94, 91, 35, 22, 89, 21, 3, 5, 82, 94, 91]",[],"{""accepted_indices"": [0, 1, 2, 3, 4, 5, 6, 7, 8, 9, 1, 2, 3, 4, 5, 6, 7, 8, 9], ""num_clusters"": 1, ""cluster_scores"": [0.14157818827876884]}"
102,rflbat,rflbat_final_distance_filter,"[4, 35, 22, 89, 21, 3, 82, 94, 91]",[5],"{""accepted_indices"": [0, 1, 2, 3, 4, 5, 7, 8, 9, 1, 2, 3, 4, 5, 7, 8, 9], ""eps2"": 6, ""distance_median"": 0.7318340105814939}"
103,rflbat,rflbat_first_distance_filter,"[3, 30, 72, 93, 5, 54, 64, 58, 81, 34, 30, 72, 93, 5, 54, 64, 58, 81, 34]",[],"{""accepted_indices"": [0, 1, 2, 3, 4, 5, 6, 7, 8, 9, 1, 2, 3, 4, 5, 6, 7, 8, 9], ""eps1"": 10, ""distance_median"": 0.4201242199751446}"
103,rflbat,rflbat_cluster_filter,"[3, 30, 72, 93, 54, 64, 58, 81, 34, 30, 72, 93, 54, 64, 58, 81, 34]",[5],"{""accepted_indices"": [0, 1, 2, 3, 5, 6, 7, 8, 9, 1, 2, 3, 5, 6, 7, 8, 9], ""num_clusters"": 2, ""cluster_scores"": [0.1187369337556493, 1.000000000000888]}"
103,rflbat,rflbat_final_distance_filter,"[3, 30, 72, 93, 54, 64, 58, 81, 34]",[5],"{""accepted_indices"": [0, 1, 2, 3, 5, 6, 7, 8, 9, 1, 2, 3, 5, 6, 7, 8, 9], ""eps2"": 6, ""distance_median"": 0.307040109111648}"
104,rflbat,rflbat_first_distance_filter,"[1, 73, 27, 80, 99, 44, 43, 60, 29, 14, 73, 27, 80, 99, 44, 43, 60, 29, 14]",[],"{""accepted_indices"": [0, 1, 2, 3, 4, 5, 6, 7, 8, 9, 1, 2, 3, 4, 5, 6, 7, 8, 9], ""eps1"": 10, ""distance_median"": 0.2711694046788796}"
104,rflbat,rflbat_cluster_filter,"[1, 73, 27, 80, 99, 44, 43, 60, 29, 14, 73, 27, 80, 99, 44, 43, 60, 29, 14]",[],"{""accepted_indices"": [0, 1, 2, 3, 4, 5, 6, 7, 8, 9, 1, 2, 3, 4, 5, 6, 7, 8, 9], ""num_clusters"": 1, ""cluster_scores"": [0.11242986034340771]}"
104,rflbat,rflbat_final_distance_filter,"[1, 73, 27, 80, 99, 44, 43, 60, 29, 14]",[],"{""accepted_indices"": [0, 1, 2, 3, 4, 5, 6, 7, 8, 9, 1, 2, 3, 4, 5, 6, 7, 8, 9], ""eps2"": 6, ""distance_median"": 0.5571567173225583}"
105,rflbat,rflbat_first_distance_filter,"[1, 64, 31, 84, 60, 10, 40, 83, 26, 89, 64, 31, 84, 60, 10, 40, 83, 26, 89]",[],"{""accepted_indices"": [0, 1, 2, 3, 4, 5, 6, 7, 8, 9, 1, 2, 3, 4, 5, 6, 7, 8, 9], ""eps1"": 10, ""distance_median"": 0.1754718089550878}"
105,rflbat,rflbat_cluster_filter,"[1, 64, 31, 84, 60, 10, 40, 83, 26, 89, 64, 31, 84, 60, 10, 40, 83, 26, 89]",[],"{""accepted_indices"": [0, 1, 2, 3, 4, 5, 6, 7, 8, 9, 1, 2, 3, 4, 5, 6, 7, 8, 9], ""num_clusters"": 1, ""cluster_scores"": [0.14743436287261746]}"
105,rflbat,rflbat_final_distance_filter,"[1, 64, 31, 84, 60, 10, 40, 83, 26, 89]",[],"{""accepted_indices"": [0, 1, 2, 3, 4, 5, 6, 7, 8, 9, 1, 2, 3, 4, 5, 6, 7, 8, 9], ""eps2"": 6, ""distance_median"": 0.34642224438093444}"
106,rflbat,rflbat_first_distance_filter,"[0, 66, 40, 3, 91, 32, 44, 8, 39, 42, 66, 40, 3, 91, 32, 44, 8, 39, 42]",[],"{""accepted_indices"": [0, 1, 2, 3, 4, 5, 6, 7, 8, 9, 1, 2, 3, 4, 5, 6, 7, 8, 9], ""eps1"": 10, ""distance_median"": 0.3187152172324874}"
106,rflbat,rflbat_cluster_filter,"[66, 40, 3, 91, 32, 44, 8, 39, 42, 66, 40, 3, 91, 32, 44, 8, 39, 42]",[0],"{""accepted_indices"": [1, 2, 3, 4, 5, 6, 7, 8, 9, 1, 2, 3, 4, 5, 6, 7, 8, 9], ""num_clusters"": 2, ""cluster_scores"": [0.11385065688072474, 1]}"
106,rflbat,rflbat_final_distance_filter,"[66, 40, 3, 91, 32, 44, 8, 39, 42]",[0],"{""accepted_indices"": [1, 2, 3, 4, 5, 6, 7, 8, 9, 1, 2, 3, 4, 5, 6, 7, 8, 9], ""eps2"": 6, ""distance_median"": 0.4079565891258889}"
107,rflbat,rflbat_first_distance_filter,"[0, 54, 25, 36, 8, 59, 62, 77, 78, 4, 54, 25, 36, 8, 59, 62, 77, 78, 4]",[],"{""accepted_indices"": [0, 1, 2, 3, 4, 5, 6, 7, 8, 9, 1, 2, 3, 4, 5, 6, 7, 8, 9], ""eps1"": 10, ""distance_median"": 0.23683009432356444}"
107,rflbat,rflbat_cluster_filter,"[0, 54, 25, 36, 8, 59, 62, 77, 78, 4, 54, 25, 36, 8, 59, 62, 77, 78, 4]",[],"{""accepted_indices"": [0, 1, 2, 3, 4, 5, 6, 7, 8, 9, 1, 2, 3, 4, 5, 6, 7, 8, 9], ""num_clusters"": 1, ""cluster_scores"": [0.13833344635780928]}"
107,rflbat,rflbat_final_distance_filter,"[0, 54, 25, 36, 8, 59, 62, 77, 78, 4]",[],"{""accepted_indices"": [0, 1, 2, 3, 4, 5, 6, 7, 8, 9, 1, 2, 3, 4, 5, 6, 7, 8, 9], ""eps2"": 6, ""distance_median"": 0.38031154112821725}"
108,rflbat,rflbat_first_distance_filter,"[0, 45, 56, 38, 18, 23, 67, 78, 2, 1, 45, 56, 38, 18, 23, 67, 78, 2, 1]",[],"{""accepted_indices"": [0, 1, 2, 3, 4, 5, 6, 7, 8, 9, 1, 2, 3, 4, 5, 6, 7, 8, 9], ""eps1"": 10, ""distance_median"": 0.1584016604006131}"
108,rflbat,rflbat_cluster_filter,"[45, 56, 2, 45, 56, 2]","[0, 38, 18, 23, 67, 78, 1]","{""accepted_indices"": [1, 2, 8, 1, 2, 8], ""num_clusters"": 5, ""cluster_scores"": [0.32818751739375385, 1, 1.000000000001641, 0.25336644547967374, 1.0000000000009859]}"
108,rflbat,rflbat_final_distance_filter,"[45, 56, 2]","[0, 38, 18, 23, 67, 78, 1]","{""accepted_indices"": [1, 2, 8, 1, 2, 8], ""eps2"": 6, ""distance_median"": 0.011606505952486643}"
109,rflbat,rflbat_first_distance_filter,"[3, 6, 45, 53, 71, 95, 97, 67, 43, 26, 6, 45, 53, 71, 95, 97, 67, 43, 26]",[],"{""accepted_indices"": [0, 1, 2, 3, 4, 5, 6, 7, 8, 9, 1, 2, 3, 4, 5, 6, 7, 8, 9], ""eps1"": 10, ""distance_median"": 0.20110212637306923}"
109,rflbat,rflbat_cluster_filter,"[3, 6, 45, 53, 95, 67, 43, 26, 6, 45, 53, 95, 67, 43, 26]","[71, 97]","{""accepted_indices"": [0, 1, 2, 3, 5, 7, 8, 9, 1, 2, 3, 5, 7, 8, 9], ""num_clusters"": 2, ""cluster_scores"": [0.22769801736545686, 0.5787918623730892]}"
109,rflbat,rflbat_final_distance_filter,"[3, 6, 45, 53, 95, 67, 43, 26]","[71, 97]","{""accepted_indices"": [0, 1, 2, 3, 5, 7, 8, 9, 1, 2, 3, 5, 7, 8, 9], ""eps2"": 6, ""distance_median"": 0.1900871360530755}"
110,rflbat,rflbat_first_distance_filter,"[0, 67, 43, 68, 4, 19, 9, 80, 17, 25, 67, 43, 68, 4, 19, 9, 80, 17, 25]",[],"{""accepted_indices"": [0, 1, 2, 3, 4, 5, 6, 7, 8, 9, 1, 2, 3, 4, 5, 6, 7, 8, 9], ""eps1"": 10, ""distance_median"": 0.30030906890909725}"
110,rflbat,rflbat_cluster_filter,"[0, 67, 43, 68, 4, 19, 9, 80, 17, 25, 67, 43, 68, 4, 19, 9, 80, 17, 25]",[],"{""accepted_indices"": [0, 1, 2, 3, 4, 5, 6, 7, 8, 9, 1, 2, 3, 4, 5, 6, 7, 8, 9], ""num_clusters"": 1, ""cluster_scores"": [0.09119098989012615]}"
110,rflbat,rflbat_final_distance_filter,"[0, 67, 43, 68, 4, 19, 9, 80, 17, 25]",[],"{""accepted_indices"": [0, 1, 2, 3, 4, 5, 6, 7, 8, 9, 1, 2, 3, 4, 5, 6, 7, 8, 9], ""eps2"": 6, ""distance_median"": 0.46697819603913887}"
111,rflbat,rflbat_first_distance_filter,"[1, 74, 80, 55, 44, 21, 0, 66, 79, 52, 74, 80, 55, 44, 21, 0, 66, 79, 52]",[],"{""accepted_indices"": [0, 1, 2, 3, 4, 5, 6, 7, 8, 9, 1, 2, 3, 4, 5, 6, 7, 8, 9], ""eps1"": 10, ""distance_median"": 0.17245174306383418}"
111,rflbat,rflbat_cluster_filter,"[1, 74, 80, 55, 44, 21, 0, 66, 79, 52, 74, 80, 55, 44, 21, 0, 66, 79, 52]",[],"{""accepted_indices"": [0, 1, 2, 3, 4, 5, 6, 7, 8, 9, 1, 2, 3, 4, 5, 6, 7, 8, 9], ""num_clusters"": 1, ""cluster_scores"": [0.12224031471240529]}"
111,rflbat,rflbat_final_distance_filter,"[1, 74, 80, 55, 44, 21, 0, 66, 79, 52]",[],"{""accepted_indices"": [0, 1, 2, 3, 4, 5, 6, 7, 8, 9, 1, 2, 3, 4, 5, 6, 7, 8, 9], ""eps2"": 6, ""distance_median"": 0.3557254271575304}"
112,rflbat,rflbat_first_distance_filter,"[4, 95, 60, 61, 52, 36, 67, 48, 44, 56, 95, 60, 61, 52, 36, 67, 48, 44, 56]",[],"{""accepted_indices"": [0, 1, 2, 3, 4, 5, 6, 7, 8, 9, 1, 2, 3, 4, 5, 6, 7, 8, 9], ""eps1"": 10, ""distance_median"": 0.2267670467966143}"
112,rflbat,rflbat_cluster_filter,"[4, 95, 60, 61, 52, 36, 67, 48, 44, 56, 95, 60, 61, 52, 36, 67, 48, 44, 56]",[],"{""accepted_indices"": [0, 1, 2, 3, 4, 5, 6, 7, 8, 9, 1, 2, 3, 4, 5, 6, 7, 8, 9], ""num_clusters"": 1, ""cluster_scores"": [0.09013026059177937]}"
112,rflbat,rflbat_final_distance_filter,"[4, 95, 60, 61, 52, 36, 67, 48, 44, 56]",[],"{""accepted_indices"": [0, 1, 2, 3, 4, 5, 6, 7, 8, 9, 1, 2, 3, 4, 5, 6, 7, 8, 9], ""eps2"": 6, ""distance_median"": 0.4534690108046413}"
113,rflbat,rflbat_first_distance_filter,"[2, 48, 8, 9, 27, 45, 31, 92, 67, 75, 48, 8, 9, 27, 45, 31, 92, 67, 75]",[],"{""accepted_indices"": [0, 1, 2, 3, 4, 5, 6, 7, 8, 9, 1, 2, 3, 4, 5, 6, 7, 8, 9], ""eps1"": 10, ""distance_median"": 0.26716851567912303}"
113,rflbat,rflbat_cluster_filter,"[2, 8, 9, 27, 45, 31, 92, 67, 75, 8, 9, 27, 45, 31, 92, 67, 75]",[48],"{""accepted_indices"": [0, 2, 3, 4, 5, 6, 7, 8, 9, 2, 3, 4, 5, 6, 7, 8, 9], ""num_clusters"": 2, ""cluster_scores"": [0.12571325677358647, 1.0000000000027363]}"
113,rflbat,rflbat_final_distance_filter,"[2, 8, 9, 27, 45, 31, 92, 67, 75]",[48],"{""accepted_indices"": [0, 2, 3, 4, 5, 6, 7, 8, 9, 2, 3, 4, 5, 6, 7, 8, 9], ""eps2"": 6, ""distance_median"": 0.2917905952906832}"
114,rflbat,rflbat_first_distance_filter,"[0, 12, 75, 66, 88, 19, 27, 68, 28, 82, 12, 75, 66, 88, 19, 27, 68, 28, 82]",[],"{""accepted_indices"": [0, 1, 2, 3, 4, 5, 6, 7, 8, 9, 1, 2, 3, 4, 5, 6, 7, 8, 9], ""eps1"": 10, ""distance_median"": 0.2518192640086996}"
114,rflbat,rflbat_cluster_filter,"[0, 12, 75, 66, 88, 19, 27, 68, 28, 82, 12, 75, 66, 88, 19, 27, 68, 28, 82]",[],"{""accepted_indices"": [0, 1, 2, 3, 4, 5, 6, 7, 8, 9, 1, 2, 3, 4, 5, 6, 7, 8, 9], ""num_clusters"": 1, ""cluster_scores"": [0.11543456439642846]}"
114,rflbat,rflbat_final_distance_filter,"[0, 12, 75, 66, 88, 19, 27, 68, 28, 82]",[],"{""accepted_indices"": [0, 1, 2, 3, 4, 5, 6, 7, 8, 9, 1, 2, 3, 4, 5, 6, 7, 8, 9], ""eps2"": 6, ""distance_median"": 0.41961056850826933}"
115,rflbat,rflbat_first_distance_filter,"[4, 21, 48, 7, 32, 8, 56, 31, 99, 84, 21, 48, 7, 32, 8, 56, 31, 99, 84]",[],"{""accepted_indices"": [0, 1, 2, 3, 4, 5, 6, 7, 8, 9, 1, 2, 3, 4, 5, 6, 7, 8, 9], ""eps1"": 10, ""distance_median"": 0.25995364877999017}"
115,rflbat,rflbat_cluster_filter,"[4, 21, 48, 7, 32, 8, 56, 31, 99, 84, 21, 48, 7, 32, 8, 56, 31, 99, 84]",[],"{""accepted_indices"": [0, 1, 2, 3, 4, 5, 6, 7, 8, 9, 1, 2, 3, 4, 5, 6, 7, 8, 9], ""num_clusters"": 1, ""cluster_scores"": [0.3015319485110892]}"
115,rflbat,rflbat_final_distance_filter,"[4, 21, 48, 7, 32, 8, 56, 31, 99, 84]",[],"{""accepted_indices"": [0, 1, 2, 3, 4, 5, 6, 7, 8, 9, 1, 2, 3, 4, 5, 6, 7, 8, 9], ""eps2"": 6, ""distance_median"": 0.5120888299261022}"
116,rflbat,rflbat_first_distance_filter,"[4, 16, 83, 50, 89, 63, 93, 65, 14, 24, 16, 83, 50, 89, 63, 93, 65, 14, 24]",[],"{""accepted_indices"": [0, 1, 2, 3, 4, 5, 6, 7, 8, 9, 1, 2, 3, 4, 5, 6, 7, 8, 9], ""eps1"": 10, ""distance_median"": 0.18920235939950236}"
116,rflbat,rflbat_cluster_filter,"[4, 16, 83, 50, 89, 63, 93, 65, 14, 24, 16, 83, 50, 89, 63, 93, 65, 14, 24]",[],"{""accepted_indices"": [0, 1, 2, 3, 4, 5, 6, 7, 8, 9, 1, 2, 3, 4, 5, 6, 7, 8, 9], ""num_clusters"": 1, ""cluster_scores"": [0.20074025585485722]}"
116,rflbat,rflbat_final_distance_filter,"[4, 16, 83, 50, 89, 63, 93, 65, 14, 24]",[],"{""accepted_indices"": [0, 1, 2, 3, 4, 5, 6, 7, 8, 9, 1, 2, 3, 4, 5, 6, 7, 8, 9], ""eps2"": 6, ""distance_median"": 0.3637777224827767}"
117,rflbat,rflbat_first_distance_filter,"[1, 87, 54, 75, 84, 74, 99, 30, 69, 91, 87, 54, 75, 84, 74, 99, 30, 69, 91]",[],"{""accepted_indices"": [0, 1, 2, 3, 4, 5, 6, 7, 8, 9, 1, 2, 3, 4, 5, 6, 7, 8, 9], ""eps1"": 10, ""distance_median"": 0.2574823980595501}"
117,rflbat,rflbat_cluster_filter,"[1, 87, 54, 75, 84, 74, 99, 30, 69, 91, 87, 54, 75, 84, 74, 99, 30, 69, 91]",[],"{""accepted_indices"": [0, 1, 2, 3, 4, 5, 6, 7, 8, 9, 1, 2, 3, 4, 5, 6, 7, 8, 9], ""num_clusters"": 1, ""cluster_scores"": [0.0997973719017504]}"
117,rflbat,rflbat_final_distance_filter,"[1, 87, 54, 75, 84, 74, 99, 30, 69, 91]",[],"{""accepted_indices"": [0, 1, 2, 3, 4, 5, 6, 7, 8, 9, 1, 2, 3, 4, 5, 6, 7, 8, 9], ""eps2"": 6, ""distance_median"": 0.5126327912192049}"
118,rflbat,rflbat_first_distance_filter,"[3, 0, 45, 80, 99, 96, 26, 33, 67, 11, 0, 45, 80, 99, 96, 26, 33, 67, 11]",[],"{""accepted_indices"": [0, 1, 2, 3, 4, 5, 6, 7, 8, 9, 1, 2, 3, 4, 5, 6, 7, 8, 9], ""eps1"": 10, ""distance_median"": 0.2229249945098724}"
118,rflbat,rflbat_cluster_filter,"[3, 0, 45, 80, 99, 96, 26, 33, 67, 11, 0, 45, 80, 99, 96, 26, 33, 67, 11]",[],"{""accepted_indices"": [0, 1, 2, 3, 4, 5, 6, 7, 8, 9, 1, 2, 3, 4, 5, 6, 7, 8, 9], ""num_clusters"": 1, ""cluster_scores"": [0.11367398676125806]}"
118,rflbat,rflbat_final_distance_filter,"[3, 0, 45, 80, 99, 96, 26, 33, 67, 11]",[],"{""accepted_indices"": [0, 1, 2, 3, 4, 5, 6, 7, 8, 9, 1, 2, 3, 4, 5, 6, 7, 8, 9], ""eps2"": 6, ""distance_median"": 0.4422162352515845}"
119,rflbat,rflbat_first_distance_filter,"[2, 62, 11, 58, 0, 70, 61, 74, 76, 32, 62, 11, 58, 0, 70, 61, 74, 76, 32]",[],"{""accepted_indices"": [0, 1, 2, 3, 4, 5, 6, 7, 8, 9, 1, 2, 3, 4, 5, 6, 7, 8, 9], ""eps1"": 10, ""distance_median"": 0.16644466991494256}"
119,rflbat,rflbat_cluster_filter,"[2, 62, 11, 58, 0, 70, 61, 74, 76, 32, 62, 11, 58, 0, 70, 61, 74, 76, 32]",[],"{""accepted_indices"": [0, 1, 2, 3, 4, 5, 6, 7, 8, 9, 1, 2, 3, 4, 5, 6, 7, 8, 9], ""num_clusters"": 1, ""cluster_scores"": [0.1155811553858701]}"
119,rflbat,rflbat_final_distance_filter,"[2, 62, 11, 58, 0, 70, 61, 74, 76, 32]",[],"{""accepted_indices"": [0, 1, 2, 3, 4, 5, 6, 7, 8, 9, 1, 2, 3, 4, 5, 6, 7, 8, 9], ""eps2"": 6, ""distance_median"": 0.34047819929448603}"
120,rflbat,rflbat_first_distance_filter,"[2, 69, 5, 74, 38, 76, 61, 33, 19, 77, 69, 5, 74, 38, 76, 61, 33, 19, 77]",[],"{""accepted_indices"": [0, 1, 2, 3, 4, 5, 6, 7, 8, 9, 1, 2, 3, 4, 5, 6, 7, 8, 9], ""eps1"": 10, ""distance_median"": 0.09460172769687744}"
120,rflbat,rflbat_cluster_filter,"[2, 69, 5, 74, 38, 76, 61, 33, 19, 77, 69, 5, 74, 38, 76, 61, 33, 19, 77]",[],"{""accepted_indices"": [0, 1, 2, 3, 4, 5, 6, 7, 8, 9, 1, 2, 3, 4, 5, 6, 7, 8, 9], ""num_clusters"": 1, ""cluster_scores"": [0.18586511252019405]}"
120,rflbat,rflbat_final_distance_filter,"[2, 69, 5, 74, 38, 76, 61, 33, 19, 77]",[],"{""accepted_indices"": [0, 1, 2, 3, 4, 5, 6, 7, 8, 9, 1, 2, 3, 4, 5, 6, 7, 8, 9], ""eps2"": 6, ""distance_median"": 0.18500432307476375}"
121,rflbat,rflbat_first_distance_filter,"[2, 93, 89, 83, 87, 77, 74, 84, 60, 6, 93, 89, 83, 87, 77, 74, 84, 60, 6]",[],"{""accepted_indices"": [0, 1, 2, 3, 4, 5, 6, 7, 8, 9, 1, 2, 3, 4, 5, 6, 7, 8, 9], ""eps1"": 10, ""distance_median"": 0.13440508453570593}"
121,rflbat,rflbat_cluster_filter,"[2, 93, 89, 83, 87, 77, 74, 84, 60, 6, 93, 89, 83, 87, 77, 74, 84, 60, 6]",[],"{""accepted_indices"": [0, 1, 2, 3, 4, 5, 6, 7, 8, 9, 1, 2, 3, 4, 5, 6, 7, 8, 9], ""num_clusters"": 1, ""cluster_scores"": [0.20958190082714287]}"
121,rflbat,rflbat_final_distance_filter,"[2, 93, 89, 83, 87, 77, 74, 84, 60, 6]",[],"{""accepted_indices"": [0, 1, 2, 3, 4, 5, 6, 7, 8, 9, 1, 2, 3, 4, 5, 6, 7, 8, 9], ""eps2"": 6, ""distance_median"": 0.22631870632739798}"
122,rflbat,rflbat_first_distance_filter,"[0, 87, 15, 83, 40, 92, 71, 30, 44, 4, 87, 15, 83, 40, 92, 71, 30, 44, 4]",[],"{""accepted_indices"": [0, 1, 2, 3, 4, 5, 6, 7, 8, 9, 1, 2, 3, 4, 5, 6, 7, 8, 9], ""eps1"": 10, ""distance_median"": 0.17771707341208776}"
122,rflbat,rflbat_cluster_filter,"[87, 15, 83, 40, 92, 30, 44, 4, 87, 15, 83, 40, 92, 30, 44, 4]","[0, 71]","{""accepted_indices"": [1, 2, 3, 4, 5, 7, 8, 9, 1, 2, 3, 4, 5, 7, 8, 9], ""num_clusters"": 3, ""cluster_scores"": [0.1608486225419134, 1.000000000001058, 1]}"
122,rflbat,rflbat_final_distance_filter,"[87, 15, 83, 40, 92, 30, 44, 4]","[0, 71]","{""accepted_indices"": [1, 2, 3, 4, 5, 7, 8, 9, 1, 2, 3, 4, 5, 7, 8, 9], ""eps2"": 6, ""distance_median"": 0.07470740458977315}"
123,rflbat,rflbat_first_distance_filter,"[0, 49, 64, 61, 93, 9, 66, 35, 6, 67, 49, 64, 61, 93, 9, 66, 35, 6, 67]",[],"{""accepted_indices"": [0, 1, 2, 3, 4, 5, 6, 7, 8, 9, 1, 2, 3, 4, 5, 6, 7, 8, 9], ""eps1"": 10, ""distance_median"": 0.22974714656217712}"
123,rflbat,rflbat_cluster_filter,"[0, 49, 64, 61, 93, 9, 66, 35, 6, 67, 49, 64, 61, 93, 9, 66, 35, 6, 67]",[],"{""accepted_indices"": [0, 1, 2, 3, 4, 5, 6, 7, 8, 9, 1, 2, 3, 4, 5, 6, 7, 8, 9], ""num_clusters"": 1, ""cluster_scores"": [0.14234832039532774]}"
123,rflbat,rflbat_final_distance_filter,"[0, 49, 64, 61, 93, 9, 66, 35, 6, 67]",[],"{""accepted_indices"": [0, 1, 2, 3, 4, 5, 6, 7, 8, 9, 1, 2, 3, 4, 5, 6, 7, 8, 9], ""eps2"": 6, ""distance_median"": 0.383697077417843}"
124,rflbat,rflbat_first_distance_filter,"[0, 37, 25, 89, 77, 52, 29, 93, 98, 26, 37, 25, 89, 77, 52, 29, 93, 98, 26]",[],"{""accepted_indices"": [0, 1, 2, 3, 4, 5, 6, 7, 8, 9, 1, 2, 3, 4, 5, 6, 7, 8, 9], ""eps1"": 10, ""distance_median"": 0.3130830057946477}"
124,rflbat,rflbat_cluster_filter,"[77, 52, 93, 98, 77, 52, 93, 98]","[0, 37, 25, 89, 29, 26]","{""accepted_indices"": [4, 5, 7, 8, 4, 5, 7, 8], ""num_clusters"": 5, ""cluster_scores"": [1, 0.2285918090153625, 1.0000000000011342, 0.5194160238483045, 0.569442694460668]}"
124,rflbat,rflbat_final_distance_filter,"[77, 52, 93, 98]","[0, 37, 25, 89, 29, 26]","{""accepted_indices"": [4, 5, 7, 8, 4, 5, 7, 8], ""eps2"": 6, ""distance_median"": 0.004953364599278613}"
125,rflbat,rflbat_first_distance_filter,"[3, 31, 59, 81, 36, 29, 10, 44, 7, 83, 31, 59, 81, 36, 29, 10, 44, 7, 83]",[],"{""accepted_indices"": [0, 1, 2, 3, 4, 5, 6, 7, 8, 9, 1, 2, 3, 4, 5, 6, 7, 8, 9], ""eps1"": 10, ""distance_median"": 0.23169800268136032}"
125,rflbat,rflbat_cluster_filter,"[3, 31, 59, 81, 36, 29, 10, 44, 7, 83, 31, 59, 81, 36, 29, 10, 44, 7, 83]",[],"{""accepted_indices"": [0, 1, 2, 3, 4, 5, 6, 7, 8, 9, 1, 2, 3, 4, 5, 6, 7, 8, 9], ""num_clusters"": 1, ""cluster_scores"": [0.09653733470861654]}"
125,rflbat,rflbat_final_distance_filter,"[3, 31, 59, 81, 36, 29, 10, 44, 7, 83]",[],"{""accepted_indices"": [0, 1, 2, 3, 4, 5, 6, 7, 8, 9, 1, 2, 3, 4, 5, 6, 7, 8, 9], ""eps2"": 6, ""distance_median"": 0.46217322891767637}"
126,rflbat,rflbat_first_distance_filter,"[2, 64, 33, 19, 18, 76, 90, 0, 50, 11, 64, 33, 19, 18, 76, 90, 0, 50, 11]",[],"{""accepted_indices"": [0, 1, 2, 3, 4, 5, 6, 7, 8, 9, 1, 2, 3, 4, 5, 6, 7, 8, 9], ""eps1"": 10, ""distance_median"": 0.1633283455431481}"
126,rflbat,rflbat_cluster_filter,"[2, 64, 33, 19, 18, 76, 90, 0, 50, 11, 64, 33, 19, 18, 76, 90, 0, 50, 11]",[],"{""accepted_indices"": [0, 1, 2, 3, 4, 5, 6, 7, 8, 9, 1, 2, 3, 4, 5, 6, 7, 8, 9], ""num_clusters"": 1, ""cluster_scores"": [0.10061549179115706]}"
126,rflbat,rflbat_final_distance_filter,"[2, 64, 33, 19, 18, 76, 90, 0, 50, 11]",[],"{""accepted_indices"": [0, 1, 2, 3, 4, 5, 6, 7, 8, 9, 1, 2, 3, 4, 5, 6, 7, 8, 9], ""eps2"": 6, ""distance_median"": 0.331685390251733}"
127,rflbat,rflbat_first_distance_filter,"[1, 38, 75, 66, 11, 17, 83, 56, 29, 79, 38, 75, 66, 11, 17, 83, 56, 29, 79]",[],"{""accepted_indices"": [0, 1, 2, 3, 4, 5, 6, 7, 8, 9, 1, 2, 3, 4, 5, 6, 7, 8, 9], ""eps1"": 10, ""distance_median"": 0.1520226060379945}"
127,rflbat,rflbat_cluster_filter,"[1, 38, 75, 66, 11, 17, 83, 56, 29, 79, 38, 75, 66, 11, 17, 83, 56, 29, 79]",[],"{""accepted_indices"": [0, 1, 2, 3, 4, 5, 6, 7, 8, 9, 1, 2, 3, 4, 5, 6, 7, 8, 9], ""num_clusters"": 1, ""cluster_scores"": [0.1655727438783429]}"
127,rflbat,rflbat_final_distance_filter,"[1, 38, 75, 66, 11, 17, 83, 56, 29, 79]",[],"{""accepted_indices"": [0, 1, 2, 3, 4, 5, 6, 7, 8, 9, 1, 2, 3, 4, 5, 6, 7, 8, 9], ""eps2"": 6, ""distance_median"": 0.3046083763266551}"
128,rflbat,rflbat_first_distance_filter,"[1, 20, 35, 59, 21, 12, 95, 61, 71, 7, 20, 35, 59, 21, 12, 95, 61, 71, 7]",[],"{""accepted_indices"": [0, 1, 2, 3, 4, 5, 6, 7, 8, 9, 1, 2, 3, 4, 5, 6, 7, 8, 9], ""eps1"": 10, ""distance_median"": 0.1529524740368826}"
128,rflbat,rflbat_cluster_filter,"[1, 20, 35, 59, 21, 12, 95, 61, 71, 7, 20, 35, 59, 21, 12, 95, 61, 71, 7]",[],"{""accepted_indices"": [0, 1, 2, 3, 4, 5, 6, 7, 8, 9, 1, 2, 3, 4, 5, 6, 7, 8, 9], ""num_clusters"": 1, ""cluster_scores"": [0.16106206752561572]}"
128,rflbat,rflbat_final_distance_filter,"[1, 20, 35, 59, 21, 12, 95, 61, 71, 7]",[],"{""accepted_indices"": [0, 1, 2, 3, 4, 5, 6, 7, 8, 9, 1, 2, 3, 4, 5, 6, 7, 8, 9], ""eps2"": 6, ""distance_median"": 0.30842687482187714}"
129,rflbat,rflbat_first_distance_filter,"[1, 88, 18, 39, 55, 65, 96, 84, 52, 42, 88, 18, 39, 55, 65, 96, 84, 52, 42]",[],"{""accepted_indices"": [0, 1, 2, 3, 4, 5, 6, 7, 8, 9, 1, 2, 3, 4, 5, 6, 7, 8, 9], ""eps1"": 10, ""distance_median"": 0.2783509490655461}"
129,rflbat,rflbat_cluster_filter,"[1, 88, 18, 39, 55, 65, 96, 84, 52, 42, 88, 18, 39, 55, 65, 96, 84, 52, 42]",[],"{""accepted_indices"": [0, 1, 2, 3, 4, 5, 6, 7, 8, 9, 1, 2, 3, 4, 5, 6, 7, 8, 9], ""num_clusters"": 1, ""cluster_scores"": [0.10561437665623696]}"
129,rflbat,rflbat_final_distance_filter,"[1, 88, 18, 39, 55, 65, 96, 84, 52, 42]",[],"{""accepted_indices"": [0, 1, 2, 3, 4, 5, 6, 7, 8, 9, 1, 2, 3, 4, 5, 6, 7, 8, 9], ""eps2"": 6, ""distance_median"": 0.5557873822801032}"
130,rflbat,rflbat_first_distance_filter,"[3, 8, 46, 92, 22, 14, 86, 62, 21, 39, 8, 46, 92, 22, 14, 86, 62, 21, 39]",[],"{""accepted_indices"": [0, 1, 2, 3, 4, 5, 6, 7, 8, 9, 1, 2, 3, 4, 5, 6, 7, 8, 9], ""eps1"": 10, ""distance_median"": 0.1614217823008527}"
130,rflbat,rflbat_cluster_filter,"[3, 8, 46, 92, 22, 14, 86, 62, 21, 39, 8, 46, 92, 22, 14, 86, 62, 21, 39]",[],"{""accepted_indices"": [0, 1, 2, 3, 4, 5, 6, 7, 8, 9, 1, 2, 3, 4, 5, 6, 7, 8, 9], ""num_clusters"": 1, ""cluster_scores"": [0.13329375879725183]}"
130,rflbat,rflbat_final_distance_filter,"[3, 8, 46, 92, 22, 14, 86, 62, 21, 39]",[],"{""accepted_indices"": [0, 1, 2, 3, 4, 5, 6, 7, 8, 9, 1, 2, 3, 4, 5, 6, 7, 8, 9], ""eps2"": 6, ""distance_median"": 0.29909910804077794}"
131,rflbat,rflbat_first_distance_filter,"[2, 69, 24, 75, 17, 77, 47, 1, 21, 94, 69, 24, 75, 17, 77, 47, 1, 21, 94]",[],"{""accepted_indices"": [0, 1, 2, 3, 4, 5, 6, 7, 8, 9, 1, 2, 3, 4, 5, 6, 7, 8, 9], ""eps1"": 10, ""distance_median"": 0.16525390680854354}"
131,rflbat,rflbat_cluster_filter,"[2, 24, 75, 17, 77, 1, 21, 94, 24, 75, 17, 77, 1, 21, 94]","[69, 47]","{""accepted_indices"": [0, 2, 3, 4, 5, 7, 8, 9, 2, 3, 4, 5, 7, 8, 9], ""num_clusters"": 2, ""cluster_scores"": [0.15203995502046597, 0.6449036051490676]}"
131,rflbat,rflbat_final_distance_filter,"[2, 24, 75, 17, 77, 1, 21, 94]","[69, 47]","{""accepted_indices"": [0, 2, 3, 4, 5, 7, 8, 9, 2, 3, 4, 5, 7, 8, 9], ""eps2"": 6, ""distance_median"": 0.10800467165376622}"
132,rflbat,rflbat_first_distance_filter,"[0, 33, 30, 54, 57, 64, 53, 26, 24, 35, 33, 30, 54, 57, 64, 53, 26, 24, 35]",[],"{""accepted_indices"": [0, 1, 2, 3, 4, 5, 6, 7, 8, 9, 1, 2, 3, 4, 5, 6, 7, 8, 9], ""eps1"": 10, ""distance_median"": 0.2517398831041345}"
132,rflbat,rflbat_cluster_filter,"[0, 33, 30, 54, 57, 64, 53, 26, 24, 35, 33, 30, 54, 57, 64, 53, 26, 24, 35]",[],"{""accepted_indices"": [0, 1, 2, 3, 4, 5, 6, 7, 8, 9, 1, 2, 3, 4, 5, 6, 7, 8, 9], ""num_clusters"": 1, ""cluster_scores"": [0.08943771113347343]}"
132,rflbat,rflbat_final_distance_filter,"[0, 33, 30, 54, 57, 64, 53, 26, 24, 35]",[],"{""accepted_indices"": [0, 1, 2, 3, 4, 5, 6, 7, 8, 9, 1, 2, 3, 4, 5, 6, 7, 8, 9], ""eps2"": 6, ""distance_median"": 0.41141199779673127}"
133,rflbat,rflbat_first_distance_filter,"[1, 66, 14, 46, 8, 37, 40, 63, 31, 30, 66, 14, 46, 8, 37, 40, 63, 31, 30]",[],"{""accepted_indices"": [0, 1, 2, 3, 4, 5, 6, 7, 8, 9, 1, 2, 3, 4, 5, 6, 7, 8, 9], ""eps1"": 10, ""distance_median"": 0.23309059314002417}"
133,rflbat,rflbat_cluster_filter,"[1, 66, 14, 46, 8, 37, 40, 63, 31, 30, 66, 14, 46, 8, 37, 40, 63, 31, 30]",[],"{""accepted_indices"": [0, 1, 2, 3, 4, 5, 6, 7, 8, 9, 1, 2, 3, 4, 5, 6, 7, 8, 9], ""num_clusters"": 1, ""cluster_scores"": [0.10527713104787088]}"
133,rflbat,rflbat_final_distance_filter,"[1, 66, 14, 46, 8, 37, 40, 63, 31, 30]",[],"{""accepted_indices"": [0, 1, 2, 3, 4, 5, 6, 7, 8, 9, 1, 2, 3, 4, 5, 6, 7, 8, 9], ""eps2"": 6, ""distance_median"": 0.45044810145599984}"
134,rflbat,rflbat_first_distance_filter,"[0, 78, 39, 74, 40, 21, 14, 83, 2, 16, 78, 39, 74, 40, 21, 14, 83, 2, 16]",[],"{""accepted_indices"": [0, 1, 2, 3, 4, 5, 6, 7, 8, 9, 1, 2, 3, 4, 5, 6, 7, 8, 9], ""eps1"": 10, ""distance_median"": 0.11581728841807236}"
134,rflbat,rflbat_cluster_filter,"[0, 78, 39, 74, 40, 21, 14, 83, 2, 16, 78, 39, 74, 40, 21, 14, 83, 2, 16]",[],"{""accepted_indices"": [0, 1, 2, 3, 4, 5, 6, 7, 8, 9, 1, 2, 3, 4, 5, 6, 7, 8, 9], ""num_clusters"": 1, ""cluster_scores"": [0.10825969868500317]}"
134,rflbat,rflbat_final_distance_filter,"[78, 39, 74, 40, 21, 14, 83, 2, 16]",[0],"{""accepted_indices"": [1, 2, 3, 4, 5, 6, 7, 8, 9, 1, 2, 3, 4, 5, 6, 7, 8, 9], ""eps2"": 6, ""distance_median"": 0.16880879688090428}"
135,rflbat,rflbat_first_distance_filter,"[4, 44, 96, 33, 18, 19, 95, 49, 55, 37, 44, 96, 33, 18, 19, 95, 49, 55, 37]",[],"{""accepted_indices"": [0, 1, 2, 3, 4, 5, 6, 7, 8, 9, 1, 2, 3, 4, 5, 6, 7, 8, 9], ""eps1"": 10, ""distance_median"": 0.23542564558421641}"
135,rflbat,rflbat_cluster_filter,"[4, 44, 96, 33, 18, 19, 95, 49, 55, 37, 44, 96, 33, 18, 19, 95, 49, 55, 37]",[],"{""accepted_indices"": [0, 1, 2, 3, 4, 5, 6, 7, 8, 9, 1, 2, 3, 4, 5, 6, 7, 8, 9], ""num_clusters"": 1, ""cluster_scores"": [0.09714645818714278]}"
135,rflbat,rflbat_final_distance_filter,"[4, 44, 96, 33, 18, 19, 95, 49, 55, 37]",[],"{""accepted_indices"": [0, 1, 2, 3, 4, 5, 6, 7, 8, 9, 1, 2, 3, 4, 5, 6, 7, 8, 9], ""eps2"": 6, ""distance_median"": 0.4670512711117917}"
136,rflbat,rflbat_first_distance_filter,"[3, 88, 43, 72, 45, 37, 50, 44, 27, 62, 88, 43, 72, 45, 37, 50, 44, 27, 62]",[],"{""accepted_indices"": [0, 1, 2, 3, 4, 5, 6, 7, 8, 9, 1, 2, 3, 4, 5, 6, 7, 8, 9], ""eps1"": 10, ""distance_median"": 0.16516978857989656}"
136,rflbat,rflbat_cluster_filter,"[3, 88, 43, 72, 45, 37, 50, 44, 27, 62, 88, 43, 72, 45, 37, 50, 44, 27, 62]",[],"{""accepted_indices"": [0, 1, 2, 3, 4, 5, 6, 7, 8, 9, 1, 2, 3, 4, 5, 6, 7, 8, 9], ""num_clusters"": 1, ""cluster_scores"": [0.12500368016392058]}"
136,rflbat,rflbat_final_distance_filter,"[3, 88, 43, 72, 45, 37, 50, 44, 27, 62]",[],"{""accepted_indices"": [0, 1, 2, 3, 4, 5, 6, 7, 8, 9, 1, 2, 3, 4, 5, 6, 7, 8, 9], ""eps2"": 6, ""distance_median"": 0.3223773890780918}"
137,rflbat,rflbat_first_distance_filter,"[0, 50, 48, 55, 89, 68, 45, 73, 17, 75, 50, 48, 55, 89, 68, 45, 73, 17, 75]",[],"{""accepted_indices"": [0, 1, 2, 3, 4, 5, 6, 7, 8, 9, 1, 2, 3, 4, 5, 6, 7, 8, 9], ""eps1"": 10, ""distance_median"": 0.3472312568323349}"
137,rflbat,rflbat_cluster_filter,"[0, 50, 48, 55, 89, 68, 45, 73, 17, 75, 50, 48, 55, 89, 68, 45, 73, 17, 75]",[],"{""accepted_indices"": [0, 1, 2, 3, 4, 5, 6, 7, 8, 9, 1, 2, 3, 4, 5, 6, 7, 8, 9], ""num_clusters"": 1, ""cluster_scores"": [0.11277564636870205]}"
137,rflbat,rflbat_final_distance_filter,"[0, 50, 48, 55, 89, 68, 45, 73, 17, 75]",[],"{""accepted_indices"": [0, 1, 2, 3, 4, 5, 6, 7, 8, 9, 1, 2, 3, 4, 5, 6, 7, 8, 9], ""eps2"": 6, ""distance_median"": 0.6153160580590507}"
138,rflbat,rflbat_first_distance_filter,"[4, 78, 56, 12, 61, 10, 19, 14, 15, 82, 78, 56, 12, 61, 10, 19, 14, 15, 82]",[],"{""accepted_indices"": [0, 1, 2, 3, 4, 5, 6, 7, 8, 9, 1, 2, 3, 4, 5, 6, 7, 8, 9], ""eps1"": 10, ""distance_median"": 0.19085712632613963}"
138,rflbat,rflbat_cluster_filter,"[4, 78, 56, 12, 61, 10, 19, 14, 15, 82, 78, 56, 12, 61, 10, 19, 14, 15, 82]",[],"{""accepted_indices"": [0, 1, 2, 3, 4, 5, 6, 7, 8, 9, 1, 2, 3, 4, 5, 6, 7, 8, 9], ""num_clusters"": 1, ""cluster_scores"": [0.12567869634572976]}"
138,rflbat,rflbat_final_distance_filter,"[4, 78, 56, 12, 61, 10, 19, 14, 15, 82]",[],"{""accepted_indices"": [0, 1, 2, 3, 4, 5, 6, 7, 8, 9, 1, 2, 3, 4, 5, 6, 7, 8, 9], ""eps2"": 6, ""distance_median"": 0.38246653793902813}"
139,rflbat,rflbat_first_distance_filter,"[4, 30, 6, 14, 89, 45, 76, 52, 25, 88, 30, 6, 14, 89, 45, 76, 52, 25, 88]",[],"{""accepted_indices"": [0, 1, 2, 3, 4, 5, 6, 7, 8, 9, 1, 2, 3, 4, 5, 6, 7, 8, 9], ""eps1"": 10, ""distance_median"": 0.17595438698796734}"
139,rflbat,rflbat_cluster_filter,"[4, 30, 6, 14, 89, 45, 76, 52, 25, 88, 30, 6, 14, 89, 45, 76, 52, 25, 88]",[],"{""accepted_indices"": [0, 1, 2, 3, 4, 5, 6, 7, 8, 9, 1, 2, 3, 4, 5, 6, 7, 8, 9], ""num_clusters"": 1, ""cluster_scores"": [0.13707233972552554]}"
139,rflbat,rflbat_final_distance_filter,"[4, 30, 6, 14, 89, 45, 76, 52, 25, 88]",[],"{""accepted_indices"": [0, 1, 2, 3, 4, 5, 6, 7, 8, 9, 1, 2, 3, 4, 5, 6, 7, 8, 9], ""eps2"": 6, ""distance_median"": 0.3411098673397833}"
140,rflbat,rflbat_first_distance_filter,"[0, 10, 27, 82, 43, 50, 97, 18, 17, 55, 10, 27, 82, 43, 50, 97, 18, 17, 55]",[],"{""accepted_indices"": [0, 1, 2, 3, 4, 5, 6, 7, 8, 9, 1, 2, 3, 4, 5, 6, 7, 8, 9], ""eps1"": 10, ""distance_median"": 0.2346783643296252}"
140,rflbat,rflbat_cluster_filter,"[0, 10, 27, 82, 43, 50, 97, 18, 17, 55, 10, 27, 82, 43, 50, 97, 18, 17, 55]",[],"{""accepted_indices"": [0, 1, 2, 3, 4, 5, 6, 7, 8, 9, 1, 2, 3, 4, 5, 6, 7, 8, 9], ""num_clusters"": 1, ""cluster_scores"": [0.11703170017290682]}"
140,rflbat,rflbat_final_distance_filter,"[0, 10, 27, 82, 43, 50, 97, 18, 17, 55]",[],"{""accepted_indices"": [0, 1, 2, 3, 4, 5, 6, 7, 8, 9, 1, 2, 3, 4, 5, 6, 7, 8, 9], ""eps2"": 6, ""distance_median"": 0.38248949077655514}"
141,rflbat,rflbat_first_distance_filter,"[3, 30, 8, 51, 47, 4, 73, 54, 59, 55, 30, 8, 51, 47, 4, 73, 54, 59, 55]",[],"{""accepted_indices"": [0, 1, 2, 3, 4, 5, 6, 7, 8, 9, 1, 2, 3, 4, 5, 6, 7, 8, 9], ""eps1"": 10, ""distance_median"": 0.3079711290856039}"
141,rflbat,rflbat_cluster_filter,"[3, 30, 8, 51, 47, 4, 73, 54, 59, 55, 30, 8, 51, 47, 4, 73, 54, 59, 55]",[],"{""accepted_indices"": [0, 1, 2, 3, 4, 5, 6, 7, 8, 9, 1, 2, 3, 4, 5, 6, 7, 8, 9], ""num_clusters"": 1, ""cluster_scores"": [0.07306325899235792]}"
141,rflbat,rflbat_final_distance_filter,"[3, 30, 8, 51, 47, 4, 73, 54, 59, 55]",[],"{""accepted_indices"": [0, 1, 2, 3, 4, 5, 6, 7, 8, 9, 1, 2, 3, 4, 5, 6, 7, 8, 9], ""eps2"": 6, ""distance_median"": 0.6029820989879704}"
142,rflbat,rflbat_first_distance_filter,"[0, 96, 16, 1, 26, 33, 64, 48, 90, 46, 96, 16, 1, 26, 33, 64, 48, 90, 46]",[],"{""accepted_indices"": [0, 1, 2, 3, 4, 5, 6, 7, 8, 9, 1, 2, 3, 4, 5, 6, 7, 8, 9], ""eps1"": 10, ""distance_median"": 0.19467362860906073}"
142,rflbat,rflbat_cluster_filter,"[0, 96, 16, 1, 26, 33, 64, 48, 90, 46, 96, 16, 1, 26, 33, 64, 48, 90, 46]",[],"{""accepted_indices"": [0, 1, 2, 3, 4, 5, 6, 7, 8, 9, 1, 2, 3, 4, 5, 6, 7, 8, 9], ""num_clusters"": 1, ""cluster_scores"": [0.15844696133759636]}"
142,rflbat,rflbat_final_distance_filter,"[0, 96, 16, 1, 26, 33, 64, 48, 90, 46]",[],"{""accepted_indices"": [0, 1, 2, 3, 4, 5, 6, 7, 8, 9, 1, 2, 3, 4, 5, 6, 7, 8, 9], ""eps2"": 6, ""distance_median"": 0.32008902061392985}"
143,rflbat,rflbat_first_distance_filter,"[2, 70, 47, 32, 69, 58, 63, 79, 80, 49, 70, 47, 32, 69, 58, 63, 79, 80, 49]",[],"{""accepted_indices"": [0, 1, 2, 3, 4, 5, 6, 7, 8, 9, 1, 2, 3, 4, 5, 6, 7, 8, 9], ""eps1"": 10, ""distance_median"": 0.1855659061455786}"
143,rflbat,rflbat_cluster_filter,"[2, 70, 47, 32, 69, 58, 63, 79, 80, 49, 70, 47, 32, 69, 58, 63, 79, 80, 49]",[],"{""accepted_indices"": [0, 1, 2, 3, 4, 5, 6, 7, 8, 9, 1, 2, 3, 4, 5, 6, 7, 8, 9], ""num_clusters"": 1, ""cluster_scores"": [0.10816679065019831]}"
143,rflbat,rflbat_final_distance_filter,"[2, 70, 47, 32, 69, 58, 63, 79, 80, 49]",[],"{""accepted_indices"": [0, 1, 2, 3, 4, 5, 6, 7, 8, 9, 1, 2, 3, 4, 5, 6, 7, 8, 9], ""eps2"": 6, ""distance_median"": 0.37448644138237785}"
144,rflbat,rflbat_first_distance_filter,"[0, 2, 45, 31, 92, 63, 75, 83, 7, 40, 2, 45, 31, 92, 63, 75, 83, 7, 40]",[],"{""accepted_indices"": [0, 1, 2, 3, 4, 5, 6, 7, 8, 9, 1, 2, 3, 4, 5, 6, 7, 8, 9], ""eps1"": 10, ""distance_median"": 0.20250734882479882}"
144,rflbat,rflbat_cluster_filter,"[0, 2, 45, 31, 92, 63, 75, 83, 7, 40, 2, 45, 31, 92, 63, 75, 83, 7, 40]",[],"{""accepted_indices"": [0, 1, 2, 3, 4, 5, 6, 7, 8, 9, 1, 2, 3, 4, 5, 6, 7, 8, 9], ""num_clusters"": 1, ""cluster_scores"": [0.09091110725960443]}"
144,rflbat,rflbat_final_distance_filter,"[0, 2, 45, 31, 92, 63, 75, 83, 7, 40]",[],"{""accepted_indices"": [0, 1, 2, 3, 4, 5, 6, 7, 8, 9, 1, 2, 3, 4, 5, 6, 7, 8, 9], ""eps2"": 6, ""distance_median"": 0.3374428230203945}"
145,rflbat,rflbat_first_distance_filter,"[3, 31, 13, 6, 32, 52, 70, 0, 94, 38, 31, 13, 6, 32, 52, 70, 0, 94, 38]",[],"{""accepted_indices"": [0, 1, 2, 3, 4, 5, 6, 7, 8, 9, 1, 2, 3, 4, 5, 6, 7, 8, 9], ""eps1"": 10, ""distance_median"": 0.19336785426310113}"
145,rflbat,rflbat_cluster_filter,"[3, 31, 13, 6, 32, 52, 70, 0, 94, 38, 31, 13, 6, 32, 52, 70, 0, 94, 38]",[],"{""accepted_indices"": [0, 1, 2, 3, 4, 5, 6, 7, 8, 9, 1, 2, 3, 4, 5, 6, 7, 8, 9], ""num_clusters"": 1, ""cluster_scores"": [0.13176485513705022]}"
145,rflbat,rflbat_final_distance_filter,"[3, 31, 13, 6, 32, 52, 70, 0, 94, 38]",[],"{""accepted_indices"": [0, 1, 2, 3, 4, 5, 6, 7, 8, 9, 1, 2, 3, 4, 5, 6, 7, 8, 9], ""eps2"": 6, ""distance_median"": 0.3879375440455446}"
146,rflbat,rflbat_first_distance_filter,"[2, 84, 81, 3, 78, 97, 88, 7, 6, 52, 84, 81, 3, 78, 97, 88, 7, 6, 52]",[],"{""accepted_indices"": [0, 1, 2, 3, 4, 5, 6, 7, 8, 9, 1, 2, 3, 4, 5, 6, 7, 8, 9], ""eps1"": 10, ""distance_median"": 0.18802395864617605}"
146,rflbat,rflbat_cluster_filter,"[2, 84, 81, 3, 78, 97, 88, 7, 6, 52, 84, 81, 3, 78, 97, 88, 7, 6, 52]",[],"{""accepted_indices"": [0, 1, 2, 3, 4, 5, 6, 7, 8, 9, 1, 2, 3, 4, 5, 6, 7, 8, 9], ""num_clusters"": 1, ""cluster_scores"": [0.15759215741587507]}"
146,rflbat,rflbat_final_distance_filter,"[2, 84, 81, 3, 78, 97, 88, 7, 6, 52]",[],"{""accepted_indices"": [0, 1, 2, 3, 4, 5, 6, 7, 8, 9, 1, 2, 3, 4, 5, 6, 7, 8, 9], ""eps2"": 6, ""distance_median"": 0.37335238868774184}"
147,rflbat,rflbat_first_distance_filter,"[1, 21, 13, 8, 39, 40, 74, 10, 96, 26, 21, 13, 8, 39, 40, 74, 10, 96, 26]",[],"{""accepted_indices"": [0, 1, 2, 3, 4, 5, 6, 7, 8, 9, 1, 2, 3, 4, 5, 6, 7, 8, 9], ""eps1"": 10, ""distance_median"": 0.3481715739088419}"
147,rflbat,rflbat_cluster_filter,"[1, 21, 13, 8, 39, 40, 74, 10, 96, 26, 21, 13, 8, 39, 40, 74, 10, 96, 26]",[],"{""accepted_indices"": [0, 1, 2, 3, 4, 5, 6, 7, 8, 9, 1, 2, 3, 4, 5, 6, 7, 8, 9], ""num_clusters"": 1, ""cluster_scores"": [0.10792899766526952]}"
147,rflbat,rflbat_final_distance_filter,"[1, 21, 13, 8, 39, 40, 74, 10, 96, 26]",[],"{""accepted_indices"": [0, 1, 2, 3, 4, 5, 6, 7, 8, 9, 1, 2, 3, 4, 5, 6, 7, 8, 9], ""eps2"": 6, ""distance_median"": 0.6884969989104022}"
148,rflbat,rflbat_first_distance_filter,"[1, 68, 34, 78, 19, 52, 15, 96, 83, 35, 68, 34, 78, 19, 52, 15, 96, 83, 35]",[],"{""accepted_indices"": [0, 1, 2, 3, 4, 5, 6, 7, 8, 9, 1, 2, 3, 4, 5, 6, 7, 8, 9], ""eps1"": 10, ""distance_median"": 0.12945341396115095}"
148,rflbat,rflbat_cluster_filter,"[1, 68, 34, 78, 19, 52, 15, 96, 83, 35, 68, 34, 78, 19, 52, 15, 96, 83, 35]",[],"{""accepted_indices"": [0, 1, 2, 3, 4, 5, 6, 7, 8, 9, 1, 2, 3, 4, 5, 6, 7, 8, 9], ""num_clusters"": 1, ""cluster_scores"": [0.11260850474888968]}"
148,rflbat,rflbat_final_distance_filter,"[1, 68, 34, 78, 19, 52, 15, 96, 83, 35]",[],"{""accepted_indices"": [0, 1, 2, 3, 4, 5, 6, 7, 8, 9, 1, 2, 3, 4, 5, 6, 7, 8, 9], ""eps2"": 6, ""distance_median"": 0.27324802265886217}"
149,rflbat,rflbat_first_distance_filter,"[4, 74, 72, 97, 80, 27, 7, 56, 19, 79, 74, 72, 97, 80, 27, 7, 56, 19, 79]",[],"{""accepted_indices"": [0, 1, 2, 3, 4, 5, 6, 7, 8, 9, 1, 2, 3, 4, 5, 6, 7, 8, 9], ""eps1"": 10, ""distance_median"": 0.13579441224262045}"
149,rflbat,rflbat_cluster_filter,"[4, 74, 72, 80, 27, 7, 56, 79, 74, 72, 80, 27, 7, 56, 79]","[97, 19]","{""accepted_indices"": [0, 1, 2, 4, 5, 6, 7, 9, 1, 2, 4, 5, 6, 7, 9], ""num_clusters"": 3, ""cluster_scores"": [0.11213584020970989, 1.0000000000013576, 1.0000000000006242]}"
149,rflbat,rflbat_final_distance_filter,"[4, 74, 72, 80, 27, 7, 56, 79]","[97, 19]","{""accepted_indices"": [0, 1, 2, 4, 5, 6, 7, 9, 1, 2, 4, 5, 6, 7, 9], ""eps2"": 6, ""distance_median"": 0.10920497742651912}"
150,rflbat,rflbat_first_distance_filter,"[3, 4, 84, 82, 64, 39, 31, 2, 44, 25, 4, 84, 82, 64, 39, 31, 2, 44, 25]",[],"{""accepted_indices"": [0, 1, 2, 3, 4, 5, 6, 7, 8, 9, 1, 2, 3, 4, 5, 6, 7, 8, 9], ""eps1"": 10, ""distance_median"": 0.20704384548685895}"
150,rflbat,rflbat_cluster_filter,"[3, 4, 84, 82, 64, 39, 2, 44, 25, 4, 84, 82, 64, 39, 2, 44, 25]",[31],"{""accepted_indices"": [0, 1, 2, 3, 4, 5, 7, 8, 9, 1, 2, 3, 4, 5, 7, 8, 9], ""num_clusters"": 2, ""cluster_scores"": [0.1168325685778331, 1.000000000002023]}"
150,rflbat,rflbat_final_distance_filter,"[3, 4, 84, 82, 64, 39, 2, 44, 25]",[31],"{""accepted_indices"": [0, 1, 2, 3, 4, 5, 7, 8, 9, 1, 2, 3, 4, 5, 7, 8, 9], ""eps2"": 6, ""distance_median"": 0.14959434597675195}"
151,rflbat,rflbat_first_distance_filter,"[1, 19, 64, 40, 15, 26, 49, 30, 10, 36, 19, 64, 40, 15, 26, 49, 30, 10, 36]",[],"{""accepted_indices"": [0, 1, 2, 3, 4, 5, 6, 7, 8, 9, 1, 2, 3, 4, 5, 6, 7, 8, 9], ""eps1"": 10, ""distance_median"": 0.27935593564487265}"
151,rflbat,rflbat_cluster_filter,"[1, 19, 64, 40, 15, 26, 49, 30, 10, 36, 19, 64, 40, 15, 26, 49, 30, 10, 36]",[],"{""accepted_indices"": [0, 1, 2, 3, 4, 5, 6, 7, 8, 9, 1, 2, 3, 4, 5, 6, 7, 8, 9], ""num_clusters"": 1, ""cluster_scores"": [0.09938797037899988]}"
151,rflbat,rflbat_final_distance_filter,"[1, 19, 64, 40, 15, 26, 49, 30, 10, 36]",[],"{""accepted_indices"": [0, 1, 2, 3, 4, 5, 6, 7, 8, 9, 1, 2, 3, 4, 5, 6, 7, 8, 9], ""eps2"": 6, ""distance_median"": 0.5560245606646673}"
152,rflbat,rflbat_first_distance_filter,"[2, 11, 52, 5, 60, 56, 37, 47, 48, 86, 11, 52, 5, 60, 56, 37, 47, 48, 86]",[],"{""accepted_indices"": [0, 1, 2, 3, 4, 5, 6, 7, 8, 9, 1, 2, 3, 4, 5, 6, 7, 8, 9], ""eps1"": 10, ""distance_median"": 0.3994310803657783}"
152,rflbat,rflbat_cluster_filter,"[2, 11, 52, 5, 60, 56, 37, 47, 48, 86, 11, 52, 5, 60, 56, 37, 47, 48, 86]",[],"{""accepted_indices"": [0, 1, 2, 3, 4, 5, 6, 7, 8, 9, 1, 2, 3, 4, 5, 6, 7, 8, 9], ""num_clusters"": 1, ""cluster_scores"": [0.10871803493959176]}"
152,rflbat,rflbat_final_distance_filter,"[2, 11, 52, 5, 60, 56, 37, 47, 48, 86]",[],"{""accepted_indices"": [0, 1, 2, 3, 4, 5, 6, 7, 8, 9, 1, 2, 3, 4, 5, 6, 7, 8, 9], ""eps2"": 6, ""distance_median"": 0.8131572076604688}"
153,rflbat,rflbat_first_distance_filter,"[3, 73, 59, 96, 24, 41, 52, 83, 86, 64, 73, 59, 96, 24, 41, 52, 83, 86, 64]",[],"{""accepted_indices"": [0, 1, 2, 3, 4, 5, 6, 7, 8, 9, 1, 2, 3, 4, 5, 6, 7, 8, 9], ""eps1"": 10, ""distance_median"": 0.26437262702293873}"
153,rflbat,rflbat_cluster_filter,"[3, 73, 59, 96, 24, 41, 52, 83, 86, 64, 73, 59, 96, 24, 41, 52, 83, 86, 64]",[],"{""accepted_indices"": [0, 1, 2, 3, 4, 5, 6, 7, 8, 9, 1, 2, 3, 4, 5, 6, 7, 8, 9], ""num_clusters"": 1, ""cluster_scores"": [0.12513019858689262]}"
153,rflbat,rflbat_final_distance_filter,"[3, 73, 59, 96, 24, 41, 52, 83, 86, 64]",[],"{""accepted_indices"": [0, 1, 2, 3, 4, 5, 6, 7, 8, 9, 1, 2, 3, 4, 5, 6, 7, 8, 9], ""eps2"": 6, ""distance_median"": 0.5200957742337976}"
154,rflbat,rflbat_first_distance_filter,"[1, 24, 51, 23, 61, 21, 49, 11, 7, 90, 24, 51, 23, 61, 21, 49, 11, 7, 90]",[],"{""accepted_indices"": [0, 1, 2, 3, 4, 5, 6, 7, 8, 9, 1, 2, 3, 4, 5, 6, 7, 8, 9], ""eps1"": 10, ""distance_median"": 0.15679156762334653}"
154,rflbat,rflbat_cluster_filter,"[1, 24, 51, 23, 61, 21, 49, 11, 7, 90, 24, 51, 23, 61, 21, 49, 11, 7, 90]",[],"{""accepted_indices"": [0, 1, 2, 3, 4, 5, 6, 7, 8, 9, 1, 2, 3, 4, 5, 6, 7, 8, 9], ""num_clusters"": 1, ""cluster_scores"": [0.1406818649423083]}"
154,rflbat,rflbat_final_distance_filter,"[1, 24, 51, 23, 61, 21, 49, 11, 7, 90]",[],"{""accepted_indices"": [0, 1, 2, 3, 4, 5, 6, 7, 8, 9, 1, 2, 3, 4, 5, 6, 7, 8, 9], ""eps2"": 6, ""distance_median"": 0.31229133747424964}"
155,rflbat,rflbat_first_distance_filter,"[3, 95, 98, 6, 52, 96, 27, 90, 34, 9, 95, 98, 6, 52, 96, 27, 90, 34, 9]",[],"{""accepted_indices"": [0, 1, 2, 3, 4, 5, 6, 7, 8, 9, 1, 2, 3, 4, 5, 6, 7, 8, 9], ""eps1"": 10, ""distance_median"": 0.1535862766555774}"
155,rflbat,rflbat_cluster_filter,"[3, 95, 98, 6, 52, 96, 27, 90, 34, 9, 95, 98, 6, 52, 96, 27, 90, 34, 9]",[],"{""accepted_indices"": [0, 1, 2, 3, 4, 5, 6, 7, 8, 9, 1, 2, 3, 4, 5, 6, 7, 8, 9], ""num_clusters"": 1, ""cluster_scores"": [0.08569429558966492]}"
155,rflbat,rflbat_final_distance_filter,"[3, 95, 98, 6, 52, 96, 27, 90, 34, 9]",[],"{""accepted_indices"": [0, 1, 2, 3, 4, 5, 6, 7, 8, 9, 1, 2, 3, 4, 5, 6, 7, 8, 9], ""eps2"": 6, ""distance_median"": 0.30827655617238175}"
156,rflbat,rflbat_first_distance_filter,"[4, 60, 16, 81, 6, 58, 85, 95, 90, 27, 60, 16, 81, 6, 58, 85, 95, 90, 27]",[],"{""accepted_indices"": [0, 1, 2, 3, 4, 5, 6, 7, 8, 9, 1, 2, 3, 4, 5, 6, 7, 8, 9], ""eps1"": 10, ""distance_median"": 0.17663184963900747}"
156,rflbat,rflbat_cluster_filter,"[4, 60, 16, 81, 6, 58, 85, 95, 90, 27, 60, 16, 81, 6, 58, 85, 95, 90, 27]",[],"{""accepted_indices"": [0, 1, 2, 3, 4, 5, 6, 7, 8, 9, 1, 2, 3, 4, 5, 6, 7, 8, 9], ""num_clusters"": 1, ""cluster_scores"": [0.11288977410861858]}"
156,rflbat,rflbat_final_distance_filter,"[4, 60, 16, 81, 6, 58, 85, 95, 90, 27]",[],"{""accepted_indices"": [0, 1, 2, 3, 4, 5, 6, 7, 8, 9, 1, 2, 3, 4, 5, 6, 7, 8, 9], ""eps2"": 6, ""distance_median"": 0.34638246397069117}"
157,rflbat,rflbat_first_distance_filter,"[0, 33, 57, 81, 1, 24, 30, 72, 14, 79, 33, 57, 81, 1, 24, 30, 72, 14, 79]",[],"{""accepted_indices"": [0, 1, 2, 3, 4, 5, 6, 7, 8, 9, 1, 2, 3, 4, 5, 6, 7, 8, 9], ""eps1"": 10, ""distance_median"": 0.2625674512619498}"
157,rflbat,rflbat_cluster_filter,"[0, 33, 57, 81, 1, 24, 30, 72, 14, 79, 33, 57, 81, 1, 24, 30, 72, 14, 79]",[],"{""accepted_indices"": [0, 1, 2, 3, 4, 5, 6, 7, 8, 9, 1, 2, 3, 4, 5, 6, 7, 8, 9], ""num_clusters"": 1, ""cluster_scores"": [0.10563977408382061]}"
157,rflbat,rflbat_final_distance_filter,"[0, 33, 57, 81, 1, 24, 72, 14, 79]",[30],"{""accepted_indices"": [0, 1, 2, 3, 4, 5, 7, 8, 9, 1, 2, 3, 4, 5, 7, 8, 9], ""eps2"": 6, ""distance_median"": 0.43897879111375077}"
158,rflbat,rflbat_first_distance_filter,"[4, 98, 51, 17, 81, 85, 31, 13, 50, 49, 98, 51, 17, 81, 85, 31, 13, 50, 49]",[],"{""accepted_indices"": [0, 1, 2, 3, 4, 5, 6, 7, 8, 9, 1, 2, 3, 4, 5, 6, 7, 8, 9], ""eps1"": 10, ""distance_median"": 0.21631500506546233}"
158,rflbat,rflbat_cluster_filter,"[4, 98, 51, 81, 85, 31, 13, 50, 98, 51, 81, 85, 31, 13, 50]","[17, 49]","{""accepted_indices"": [0, 1, 2, 4, 5, 6, 7, 8, 1, 2, 4, 5, 6, 7, 8], ""num_clusters"": 2, ""cluster_scores"": [0.6239738314674685, 0.18927641895299327]}"
158,rflbat,rflbat_final_distance_filter,"[4, 98, 51, 81, 85, 31, 13, 50]","[17, 49]","{""accepted_indices"": [0, 1, 2, 4, 5, 6, 7, 8, 1, 2, 4, 5, 6, 7, 8], ""eps2"": 6, ""distance_median"": 0.3123901919056741}"
159,rflbat,rflbat_first_distance_filter,"[4, 36, 59, 46, 83, 53, 67, 47, 39, 52, 36, 59, 46, 83, 53, 67, 47, 39, 52]",[],"{""accepted_indices"": [0, 1, 2, 3, 4, 5, 6, 7, 8, 9, 1, 2, 3, 4, 5, 6, 7, 8, 9], ""eps1"": 10, ""distance_median"": 0.20649908451936655}"
159,rflbat,rflbat_cluster_filter,"[36, 59, 47, 36, 59, 47]","[4, 46, 83, 53, 67, 39, 52]","{""accepted_indices"": [1, 2, 7, 1, 2, 7], ""num_clusters"": 5, ""cluster_scores"": [0.38606378120062684, 1.0000000000009361, 1, 1.0000000000016518, 0.3539313569373755]}"
159,rflbat,rflbat_final_distance_filter,"[36, 59, 47]","[4, 46, 83, 53, 67, 39, 52]","{""accepted_indices"": [1, 2, 7, 1, 2, 7], ""eps2"": 6, ""distance_median"": 0.01942876945053197}"
160,rflbat,rflbat_first_distance_filter,"[2, 86, 51, 25, 74, 63, 23, 13, 87, 91, 86, 51, 25, 74, 63, 23, 13, 87, 91]",[],"{""accepted_indices"": [0, 1, 2, 3, 4, 5, 6, 7, 8, 9, 1, 2, 3, 4, 5, 6, 7, 8, 9], ""eps1"": 10, ""distance_median"": 0.1918091888519273}"
160,rflbat,rflbat_cluster_filter,"[2, 86, 51, 25, 74, 63, 23, 13, 87, 91, 86, 51, 25, 74, 63, 23, 13, 87, 91]",[],"{""accepted_indices"": [0, 1, 2, 3, 4, 5, 6, 7, 8, 9, 1, 2, 3, 4, 5, 6, 7, 8, 9], ""num_clusters"": 1, ""cluster_scores"": [0.1707583528165673]}"
160,rflbat,rflbat_final_distance_filter,"[2, 86, 51, 25, 74, 63, 23, 13, 87, 91]",[],"{""accepted_indices"": [0, 1, 2, 3, 4, 5, 6, 7, 8, 9, 1, 2, 3, 4, 5, 6, 7, 8, 9], ""eps2"": 6, ""distance_median"": 0.3650603144594995}"
161,rflbat,rflbat_first_distance_filter,"[2, 19, 17, 25, 65, 26, 7, 61, 24, 15, 19, 17, 25, 65, 26, 7, 61, 24, 15]",[],"{""accepted_indices"": [0, 1, 2, 3, 4, 5, 6, 7, 8, 9, 1, 2, 3, 4, 5, 6, 7, 8, 9], ""eps1"": 10, ""distance_median"": 0.1580689694310714}"
161,rflbat,rflbat_cluster_filter,"[2, 19, 17, 25, 65, 26, 7, 61, 24, 15, 19, 17, 25, 65, 26, 7, 61, 24, 15]",[],"{""accepted_indices"": [0, 1, 2, 3, 4, 5, 6, 7, 8, 9, 1, 2, 3, 4, 5, 6, 7, 8, 9], ""num_clusters"": 1, ""cluster_scores"": [0.14186882679398174]}"
161,rflbat,rflbat_final_distance_filter,"[2, 19, 17, 25, 65, 26, 7, 61, 24, 15]",[],"{""accepted_indices"": [0, 1, 2, 3, 4, 5, 6, 7, 8, 9, 1, 2, 3, 4, 5, 6, 7, 8, 9], ""eps2"": 6, ""distance_median"": 0.32121513277480634}"
162,rflbat,rflbat_first_distance_filter,"[4, 5, 36, 29, 81, 68, 2, 43, 32, 0, 5, 36, 29, 81, 68, 2, 43, 32, 0]",[],"{""accepted_indices"": [0, 1, 2, 3, 4, 5, 6, 7, 8, 9, 1, 2, 3, 4, 5, 6, 7, 8, 9], ""eps1"": 10, ""distance_median"": 0.23970163044219492}"
162,rflbat,rflbat_cluster_filter,"[4, 5, 36, 29, 81, 68, 2, 43, 32, 0, 5, 36, 29, 81, 68, 2, 43, 32, 0]",[],"{""accepted_indices"": [0, 1, 2, 3, 4, 5, 6, 7, 8, 9, 1, 2, 3, 4, 5, 6, 7, 8, 9], ""num_clusters"": 1, ""cluster_scores"": [0.10676875863311382]}"
162,rflbat,rflbat_final_distance_filter,"[4, 5, 36, 29, 81, 68, 2, 43, 32, 0]",[],"{""accepted_indices"": [0, 1, 2, 3, 4, 5, 6, 7, 8, 9, 1, 2, 3, 4, 5, 6, 7, 8, 9], ""eps2"": 6, ""distance_median"": 0.4921149289279519}"
163,rflbat,rflbat_first_distance_filter,"[4, 27, 7, 10, 63, 90, 8, 46, 71, 78, 27, 7, 10, 63, 90, 8, 46, 71, 78]",[],"{""accepted_indices"": [0, 1, 2, 3, 4, 5, 6, 7, 8, 9, 1, 2, 3, 4, 5, 6, 7, 8, 9], ""eps1"": 10, ""distance_median"": 0.32618853448220786}"
163,rflbat,rflbat_cluster_filter,"[4, 27, 7, 10, 63, 90, 8, 46, 71, 78, 27, 7, 10, 63, 90, 8, 46, 71, 78]",[],"{""accepted_indices"": [0, 1, 2, 3, 4, 5, 6, 7, 8, 9, 1, 2, 3, 4, 5, 6, 7, 8, 9], ""num_clusters"": 1, ""cluster_scores"": [0.11616430163270716]}"
163,rflbat,rflbat_final_distance_filter,"[4, 27, 7, 10, 63, 90, 8, 46, 71, 78]",[],"{""accepted_indices"": [0, 1, 2, 3, 4, 5, 6, 7, 8, 9, 1, 2, 3, 4, 5, 6, 7, 8, 9], ""eps2"": 6, ""distance_median"": 0.7220138420042507}"
164,rflbat,rflbat_first_distance_filter,"[1, 61, 75, 28, 45, 59, 83, 78, 72, 66, 61, 75, 28, 45, 59, 83, 78, 72, 66]",[],"{""accepted_indices"": [0, 1, 2, 3, 4, 5, 6, 7, 8, 9, 1, 2, 3, 4, 5, 6, 7, 8, 9], ""eps1"": 10, ""distance_median"": 0.15417164290639573}"
164,rflbat,rflbat_cluster_filter,"[1, 61, 75, 28, 45, 59, 83, 78, 72, 66, 61, 75, 28, 45, 59, 83, 78, 72, 66]",[],"{""accepted_indices"": [0, 1, 2, 3, 4, 5, 6, 7, 8, 9, 1, 2, 3, 4, 5, 6, 7, 8, 9], ""num_clusters"": 1, ""cluster_scores"": [0.14975711162738498]}"
164,rflbat,rflbat_final_distance_filter,"[1, 61, 75, 28, 45, 59, 83, 78, 72, 66]",[],"{""accepted_indices"": [0, 1, 2, 3, 4, 5, 6, 7, 8, 9, 1, 2, 3, 4, 5, 6, 7, 8, 9], ""eps2"": 6, ""distance_median"": 0.3046580500021834}"
165,rflbat,rflbat_first_distance_filter,"[1, 58, 73, 25, 46, 40, 50, 7, 75, 72, 58, 73, 25, 46, 40, 50, 7, 75, 72]",[],"{""accepted_indices"": [0, 1, 2, 3, 4, 5, 6, 7, 8, 9, 1, 2, 3, 4, 5, 6, 7, 8, 9], ""eps1"": 10, ""distance_median"": 0.24323003723961462}"
165,rflbat,rflbat_cluster_filter,"[1, 58, 73, 25, 46, 40, 50, 7, 75, 72, 58, 73, 25, 46, 40, 50, 7, 75, 72]",[],"{""accepted_indices"": [0, 1, 2, 3, 4, 5, 6, 7, 8, 9, 1, 2, 3, 4, 5, 6, 7, 8, 9], ""num_clusters"": 1, ""cluster_scores"": [0.11058350387494346]}"
165,rflbat,rflbat_final_distance_filter,"[1, 58, 73, 25, 46, 40, 50, 7, 75, 72]",[],"{""accepted_indices"": [0, 1, 2, 3, 4, 5, 6, 7, 8, 9, 1, 2, 3, 4, 5, 6, 7, 8, 9], ""eps2"": 6, ""distance_median"": 0.4967671912254742}"
166,rflbat,rflbat_first_distance_filter,"[0, 67, 49, 18, 28, 37, 69, 46, 40, 29, 67, 49, 18, 28, 37, 69, 46, 40, 29]",[],"{""accepted_indices"": [0, 1, 2, 3, 4, 5, 6, 7, 8, 9, 1, 2, 3, 4, 5, 6, 7, 8, 9], ""eps1"": 10, ""distance_median"": 0.1913521526008711}"
166,rflbat,rflbat_cluster_filter,"[0, 67, 49, 18, 28, 37, 69, 46, 40, 29, 67, 49, 18, 28, 37, 69, 46, 40, 29]",[],"{""accepted_indices"": [0, 1, 2, 3, 4, 5, 6, 7, 8, 9, 1, 2, 3, 4, 5, 6, 7, 8, 9], ""num_clusters"": 1, ""cluster_scores"": [0.18902983384427866]}"
166,rflbat,rflbat_final_distance_filter,"[0, 67, 49, 18, 28, 37, 69, 46, 40, 29]",[],"{""accepted_indices"": [0, 1, 2, 3, 4, 5, 6, 7, 8, 9, 1, 2, 3, 4, 5, 6, 7, 8, 9], ""eps2"": 6, ""distance_median"": 0.31485813745707464}"
167,rflbat,rflbat_first_distance_filter,"[1, 72, 87, 96, 48, 16, 21, 63, 25, 23, 72, 87, 96, 48, 16, 21, 63, 25, 23]",[],"{""accepted_indices"": [0, 1, 2, 3, 4, 5, 6, 7, 8, 9, 1, 2, 3, 4, 5, 6, 7, 8, 9], ""eps1"": 10, ""distance_median"": 0.15689644213515708}"
167,rflbat,rflbat_cluster_filter,"[1, 72, 87, 96, 16, 21, 63, 25, 23, 72, 87, 96, 16, 21, 63, 25, 23]",[48],"{""accepted_indices"": [0, 1, 2, 3, 5, 6, 7, 8, 9, 1, 2, 3, 5, 6, 7, 8, 9], ""num_clusters"": 2, ""cluster_scores"": [0.13815295974087835, 1.000000000002208]}"
167,rflbat,rflbat_final_distance_filter,"[1, 72, 87, 96, 16, 21, 63, 25, 23]",[48],"{""accepted_indices"": [0, 1, 2, 3, 5, 6, 7, 8, 9, 1, 2, 3, 5, 6, 7, 8, 9], ""eps2"": 6, ""distance_median"": 0.1152238697173618}"
168,rflbat,rflbat_first_distance_filter,"[3, 89, 84, 17, 32, 16, 9, 35, 72, 12, 89, 84, 17, 32, 16, 9, 35, 72, 12]",[],"{""accepted_indices"": [0, 1, 2, 3, 4, 5, 6, 7, 8, 9, 1, 2, 3, 4, 5, 6, 7, 8, 9], ""eps1"": 10, ""distance_median"": 0.1283886224050112}"
168,rflbat,rflbat_cluster_filter,"[3, 89, 84, 17, 32, 16, 9, 35, 72, 12, 89, 84, 17, 32, 16, 9, 35, 72, 12]",[],"{""accepted_indices"": [0, 1, 2, 3, 4, 5, 6, 7, 8, 9, 1, 2, 3, 4, 5, 6, 7, 8, 9], ""num_clusters"": 1, ""cluster_scores"": [0.13122320587350336]}"
168,rflbat,rflbat_final_distance_filter,"[3, 89, 84, 17, 32, 16, 9, 35, 72, 12]",[],"{""accepted_indices"": [0, 1, 2, 3, 4, 5, 6, 7, 8, 9, 1, 2, 3, 4, 5, 6, 7, 8, 9], ""eps2"": 6, ""distance_median"": 0.25596495720154416}"
169,rflbat,rflbat_first_distance_filter,"[1, 86, 89, 95, 60, 85, 17, 6, 32, 75, 86, 89, 95, 60, 85, 17, 6, 32, 75]",[],"{""accepted_indices"": [0, 1, 2, 3, 4, 5, 6, 7, 8, 9, 1, 2, 3, 4, 5, 6, 7, 8, 9], ""eps1"": 10, ""distance_median"": 0.19387093972094416}"
169,rflbat,rflbat_cluster_filter,"[1, 86, 89, 95, 60, 85, 17, 6, 32, 75, 86, 89, 95, 60, 85, 17, 6, 32, 75]",[],"{""accepted_indices"": [0, 1, 2, 3, 4, 5, 6, 7, 8, 9, 1, 2, 3, 4, 5, 6, 7, 8, 9], ""num_clusters"": 1, ""cluster_scores"": [0.09373587859491171]}"
169,rflbat,rflbat_final_distance_filter,"[1, 86, 89, 95, 60, 85, 17, 6, 32, 75]",[],"{""accepted_indices"": [0, 1, 2, 3, 4, 5, 6, 7, 8, 9, 1, 2, 3, 4, 5, 6, 7, 8, 9], ""eps2"": 6, ""distance_median"": 0.38370279654425093}"
170,rflbat,rflbat_first_distance_filter,"[3, 63, 15, 62, 51, 47, 31, 20, 33, 25, 63, 15, 62, 51, 47, 31, 20, 33, 25]",[],"{""accepted_indices"": [0, 1, 2, 3, 4, 5, 6, 7, 8, 9, 1, 2, 3, 4, 5, 6, 7, 8, 9], ""eps1"": 10, ""distance_median"": 0.2471119823827209}"
170,rflbat,rflbat_cluster_filter,"[3, 63, 15, 62, 51, 47, 31, 20, 33, 25, 63, 15, 62, 51, 47, 31, 20, 33, 25]",[],"{""accepted_indices"": [0, 1, 2, 3, 4, 5, 6, 7, 8, 9, 1, 2, 3, 4, 5, 6, 7, 8, 9], ""num_clusters"": 1, ""cluster_scores"": [0.1344080062037843]}"
170,rflbat,rflbat_final_distance_filter,"[3, 63, 15, 62, 51, 47, 31, 20, 33, 25]",[],"{""accepted_indices"": [0, 1, 2, 3, 4, 5, 6, 7, 8, 9, 1, 2, 3, 4, 5, 6, 7, 8, 9], ""eps2"": 6, ""distance_median"": 0.49293059752748747}"
171,rflbat,rflbat_first_distance_filter,"[0, 59, 22, 14, 93, 11, 38, 31, 71, 85, 59, 22, 14, 93, 11, 38, 31, 71, 85]",[],"{""accepted_indices"": [0, 1, 2, 3, 4, 5, 6, 7, 8, 9, 1, 2, 3, 4, 5, 6, 7, 8, 9], ""eps1"": 10, ""distance_median"": 0.20141301295330016}"
171,rflbat,rflbat_cluster_filter,"[0, 59, 22, 14, 93, 11, 38, 71, 85, 59, 22, 14, 93, 11, 38, 71, 85]",[31],"{""accepted_indices"": [0, 1, 2, 3, 4, 5, 6, 8, 9, 1, 2, 3, 4, 5, 6, 8, 9], ""num_clusters"": 2, ""cluster_scores"": [0.19616910666489162, 1.000000000002286]}"
171,rflbat,rflbat_final_distance_filter,"[0, 59, 22, 14, 93, 11, 38, 71, 85]",[31],"{""accepted_indices"": [0, 1, 2, 3, 4, 5, 6, 8, 9, 1, 2, 3, 4, 5, 6, 8, 9], ""eps2"": 6, ""distance_median"": 0.218381634953336}"
172,rflbat,rflbat_first_distance_filter,"[0, 93, 23, 12, 78, 41, 29, 79, 97, 82, 93, 23, 12, 78, 41, 29, 79, 97, 82]",[],"{""accepted_indices"": [0, 1, 2, 3, 4, 5, 6, 7, 8, 9, 1, 2, 3, 4, 5, 6, 7, 8, 9], ""eps1"": 10, ""distance_median"": 0.2104609297285309}"
172,rflbat,rflbat_cluster_filter,"[0, 93, 23, 12, 78, 41, 29, 79, 97, 82, 93, 23, 12, 78, 41, 29, 79, 97, 82]",[],"{""accepted_indices"": [0, 1, 2, 3, 4, 5, 6, 7, 8, 9, 1, 2, 3, 4, 5, 6, 7, 8, 9], ""num_clusters"": 1, ""cluster_scores"": [0.13494122042793777]}"
172,rflbat,rflbat_final_distance_filter,"[0, 93, 23, 12, 78, 41, 29, 79, 97, 82]",[],"{""accepted_indices"": [0, 1, 2, 3, 4, 5, 6, 7, 8, 9, 1, 2, 3, 4, 5, 6, 7, 8, 9], ""eps2"": 6, ""distance_median"": 0.33815056365416957}"
173,rflbat,rflbat_first_distance_filter,"[2, 31, 9, 69, 65, 32, 33, 70, 8, 49, 31, 9, 69, 65, 32, 33, 70, 8, 49]",[],"{""accepted_indices"": [0, 1, 2, 3, 4, 5, 6, 7, 8, 9, 1, 2, 3, 4, 5, 6, 7, 8, 9], ""eps1"": 10, ""distance_median"": 0.2560323878153842}"
173,rflbat,rflbat_cluster_filter,"[2, 31, 9, 69, 65, 32, 33, 70, 8, 49, 31, 9, 69, 65, 32, 33, 70, 8, 49]",[],"{""accepted_indices"": [0, 1, 2, 3, 4, 5, 6, 7, 8, 9, 1, 2, 3, 4, 5, 6, 7, 8, 9], ""num_clusters"": 1, ""cluster_scores"": [0.12258326060490293]}"
173,rflbat,rflbat_final_distance_filter,"[2, 31, 9, 69, 65, 32, 33, 70, 8, 49]",[],"{""accepted_indices"": [0, 1, 2, 3, 4, 5, 6, 7, 8, 9, 1, 2, 3, 4, 5, 6, 7, 8, 9], ""eps2"": 6, ""distance_median"": 0.5123894405173967}"
174,rflbat,rflbat_first_distance_filter,"[0, 89, 97, 70, 37, 10, 91, 82, 98, 77, 89, 97, 70, 37, 10, 91, 82, 98, 77]",[],"{""accepted_indices"": [0, 1, 2, 3, 4, 5, 6, 7, 8, 9, 1, 2, 3, 4, 5, 6, 7, 8, 9], ""eps1"": 10, ""distance_median"": 0.2261983252220901}"
174,rflbat,rflbat_cluster_filter,"[0, 89, 97, 70, 37, 10, 91, 82, 98, 77, 89, 97, 70, 37, 10, 91, 82, 98, 77]",[],"{""accepted_indices"": [0, 1, 2, 3, 4, 5, 6, 7, 8, 9, 1, 2, 3, 4, 5, 6, 7, 8, 9], ""num_clusters"": 1, ""cluster_scores"": [0.12083545135893993]}"
174,rflbat,rflbat_final_distance_filter,"[0, 89, 97, 70, 37, 10, 91, 82, 98, 77]",[],"{""accepted_indices"": [0, 1, 2, 3, 4, 5, 6, 7, 8, 9, 1, 2, 3, 4, 5, 6, 7, 8, 9], ""eps2"": 6, ""distance_median"": 0.36720412028420985}"
175,rflbat,rflbat_first_distance_filter,"[3, 4, 38, 9, 20, 81, 94, 55, 52, 47, 4, 38, 9, 20, 81, 94, 55, 52, 47]",[],"{""accepted_indices"": [0, 1, 2, 3, 4, 5, 6, 7, 8, 9, 1, 2, 3, 4, 5, 6, 7, 8, 9], ""eps1"": 10, ""distance_median"": 0.146794175112499}"
175,rflbat,rflbat_cluster_filter,"[3, 4, 38, 9, 20, 81, 94, 55, 52, 47, 4, 38, 9, 20, 81, 94, 55, 52, 47]",[],"{""accepted_indices"": [0, 1, 2, 3, 4, 5, 6, 7, 8, 9, 1, 2, 3, 4, 5, 6, 7, 8, 9], ""num_clusters"": 1, ""cluster_scores"": [0.09606695970667167]}"
175,rflbat,rflbat_final_distance_filter,"[3, 4, 38, 9, 20, 81, 94, 55, 52, 47]",[],"{""accepted_indices"": [0, 1, 2, 3, 4, 5, 6, 7, 8, 9, 1, 2, 3, 4, 5, 6, 7, 8, 9], ""eps2"": 6, ""distance_median"": 0.25597708558440957}"
176,rflbat,rflbat_first_distance_filter,"[2, 52, 37, 23, 12, 68, 28, 90, 83, 64, 52, 37, 23, 12, 68, 28, 90, 83, 64]",[],"{""accepted_indices"": [0, 1, 2, 3, 4, 5, 6, 7, 8, 9, 1, 2, 3, 4, 5, 6, 7, 8, 9], ""eps1"": 10, ""distance_median"": 0.09035712789202097}"
176,rflbat,rflbat_cluster_filter,"[2, 52, 37, 23, 12, 68, 28, 90, 83, 64, 52, 37, 23, 12, 68, 28, 90, 83, 64]",[],"{""accepted_indices"": [0, 1, 2, 3, 4, 5, 6, 7, 8, 9, 1, 2, 3, 4, 5, 6, 7, 8, 9], ""num_clusters"": 1, ""cluster_scores"": [0.14178794214750973]}"
176,rflbat,rflbat_final_distance_filter,"[2, 52, 37, 23, 12, 68, 28, 90, 83, 64]",[],"{""accepted_indices"": [0, 1, 2, 3, 4, 5, 6, 7, 8, 9, 1, 2, 3, 4, 5, 6, 7, 8, 9], ""eps2"": 6, ""distance_median"": 0.17067618802326417}"
177,rflbat,rflbat_first_distance_filter,"[1, 8, 9, 91, 62, 45, 16, 15, 40, 28, 8, 9, 91, 62, 45, 16, 15, 40, 28]",[],"{""accepted_indices"": [0, 1, 2, 3, 4, 5, 6, 7, 8, 9, 1, 2, 3, 4, 5, 6, 7, 8, 9], ""eps1"": 10, ""distance_median"": 0.12869940529713006}"
177,rflbat,rflbat_cluster_filter,"[1, 8, 9, 91, 62, 45, 16, 15, 40, 28, 8, 9, 91, 62, 45, 16, 15, 40, 28]",[],"{""accepted_indices"": [0, 1, 2, 3, 4, 5, 6, 7, 8, 9, 1, 2, 3, 4, 5, 6, 7, 8, 9], ""num_clusters"": 1, ""cluster_scores"": [0.1250132180190234]}"
177,rflbat,rflbat_final_distance_filter,"[1, 8, 9, 91, 62, 45, 16, 15, 40, 28]",[],"{""accepted_indices"": [0, 1, 2, 3, 4, 5, 6, 7, 8, 9, 1, 2, 3, 4, 5, 6, 7, 8, 9], ""eps2"": 6, ""distance_median"": 0.2577677141954782}"
178,rflbat,rflbat_first_distance_filter,"[2, 18, 34, 94, 55, 37, 8, 97, 92, 72, 18, 34, 94, 55, 37, 8, 97, 92, 72]",[],"{""accepted_indices"": [0, 1, 2, 3, 4, 5, 6, 7, 8, 9, 1, 2, 3, 4, 5, 6, 7, 8, 9], ""eps1"": 10, ""distance_median"": 0.1404600606479673}"
178,rflbat,rflbat_cluster_filter,"[2, 18, 34, 94, 55, 37, 8, 97, 92, 72, 18, 34, 94, 55, 37, 8, 97, 92, 72]",[],"{""accepted_indices"": [0, 1, 2, 3, 4, 5, 6, 7, 8, 9, 1, 2, 3, 4, 5, 6, 7, 8, 9], ""num_clusters"": 1, ""cluster_scores"": [0.09892576695862954]}"
178,rflbat,rflbat_final_distance_filter,"[2, 18, 34, 94, 55, 37, 8, 97, 92, 72]",[],"{""accepted_indices"": [0, 1, 2, 3, 4, 5, 6, 7, 8, 9, 1, 2, 3, 4, 5, 6, 7, 8, 9], ""eps2"": 6, ""distance_median"": 0.2882450009614323}"
179,rflbat,rflbat_first_distance_filter,"[3, 71, 10, 32, 33, 96, 0, 9, 29, 35, 71, 10, 32, 33, 96, 0, 9, 29, 35]",[],"{""accepted_indices"": [0, 1, 2, 3, 4, 5, 6, 7, 8, 9, 1, 2, 3, 4, 5, 6, 7, 8, 9], ""eps1"": 10, ""distance_median"": 0.2380774803297087}"
179,rflbat,rflbat_cluster_filter,"[3, 71, 10, 32, 33, 96, 0, 9, 29, 35, 71, 10, 32, 33, 96, 0, 9, 29, 35]",[],"{""accepted_indices"": [0, 1, 2, 3, 4, 5, 6, 7, 8, 9, 1, 2, 3, 4, 5, 6, 7, 8, 9], ""num_clusters"": 1, ""cluster_scores"": [0.10239583590995789]}"
179,rflbat,rflbat_final_distance_filter,"[3, 71, 10, 32, 33, 96, 0, 9, 29, 35]",[],"{""accepted_indices"": [0, 1, 2, 3, 4, 5, 6, 7, 8, 9, 1, 2, 3, 4, 5, 6, 7, 8, 9], ""eps2"": 6, ""distance_median"": 0.4649102022682947}"
180,rflbat,rflbat_first_distance_filter,"[1, 88, 87, 58, 13, 64, 11, 81, 40, 61, 88, 87, 58, 13, 64, 11, 81, 40, 61]",[],"{""accepted_indices"": [0, 1, 2, 3, 4, 5, 6, 7, 8, 9, 1, 2, 3, 4, 5, 6, 7, 8, 9], ""eps1"": 10, ""distance_median"": 0.21428858431926856}"
180,rflbat,rflbat_cluster_filter,"[1, 88, 87, 58, 13, 64, 11, 81, 40, 61, 88, 87, 58, 13, 64, 11, 81, 40, 61]",[],"{""accepted_indices"": [0, 1, 2, 3, 4, 5, 6, 7, 8, 9, 1, 2, 3, 4, 5, 6, 7, 8, 9], ""num_clusters"": 1, ""cluster_scores"": [0.0740041519079998]}"
180,rflbat,rflbat_final_distance_filter,"[1, 88, 87, 58, 13, 64, 11, 81, 40, 61]",[],"{""accepted_indices"": [0, 1, 2, 3, 4, 5, 6, 7, 8, 9, 1, 2, 3, 4, 5, 6, 7, 8, 9], ""eps2"": 6, ""distance_median"": 0.42793541652759287}"
181,rflbat,rflbat_first_distance_filter,"[4, 68, 83, 64, 15, 34, 92, 18, 26, 90, 68, 83, 64, 15, 34, 92, 18, 26, 90]",[],"{""accepted_indices"": [0, 1, 2, 3, 4, 5, 6, 7, 8, 9, 1, 2, 3, 4, 5, 6, 7, 8, 9], ""eps1"": 10, ""distance_median"": 0.11005465292815717}"
181,rflbat,rflbat_cluster_filter,"[4, 68, 83, 64, 34, 92, 18, 90, 68, 83, 64, 34, 92, 18, 90]","[15, 26]","{""accepted_indices"": [0, 1, 2, 3, 5, 6, 7, 9, 1, 2, 3, 5, 6, 7, 9], ""num_clusters"": 3, ""cluster_scores"": [0.19691187423695278, 1.0000000000006686, 1.0000000000007883]}"
181,rflbat,rflbat_final_distance_filter,"[4, 68, 83, 64, 34, 92, 18, 90]","[15, 26]","{""accepted_indices"": [0, 1, 2, 3, 5, 6, 7, 9, 1, 2, 3, 5, 6, 7, 9], ""eps2"": 6, ""distance_median"": 0.08987731621538476}"
182,rflbat,rflbat_first_distance_filter,"[4, 94, 85, 76, 24, 73, 39, 8, 32, 35, 94, 85, 76, 24, 73, 39, 8, 32, 35]",[],"{""accepted_indices"": [0, 1, 2, 3, 4, 5, 6, 7, 8, 9, 1, 2, 3, 4, 5, 6, 7, 8, 9], ""eps1"": 10, ""distance_median"": 0.30004658461527134}"
182,rflbat,rflbat_cluster_filter,"[4, 94, 85, 76, 24, 73, 39, 8, 32, 35, 94, 85, 76, 24, 73, 39, 8, 32, 35]",[],"{""accepted_indices"": [0, 1, 2, 3, 4, 5, 6, 7, 8, 9, 1, 2, 3, 4, 5, 6, 7, 8, 9], ""num_clusters"": 1, ""cluster_scores"": [0.07394571311156184]}"
182,rflbat,rflbat_final_distance_filter,"[4, 94, 85, 76, 24, 73, 39, 8, 32, 35]",[],"{""accepted_indices"": [0, 1, 2, 3, 4, 5, 6, 7, 8, 9, 1, 2, 3, 4, 5, 6, 7, 8, 9], ""eps2"": 6, ""distance_median"": 0.6840535969259232}"
183,rflbat,rflbat_first_distance_filter,"[4, 18, 61, 12, 10, 74, 1, 78, 39, 50, 18, 61, 12, 10, 74, 1, 78, 39, 50]",[],"{""accepted_indices"": [0, 1, 2, 3, 4, 5, 6, 7, 8, 9, 1, 2, 3, 4, 5, 6, 7, 8, 9], ""eps1"": 10, ""distance_median"": 0.1465517974063976}"
183,rflbat,rflbat_cluster_filter,"[4, 18, 61, 12, 10, 74, 1, 78, 39, 50, 18, 61, 12, 10, 74, 1, 78, 39, 50]",[],"{""accepted_indices"": [0, 1, 2, 3, 4, 5, 6, 7, 8, 9, 1, 2, 3, 4, 5, 6, 7, 8, 9], ""num_clusters"": 1, ""cluster_scores"": [0.2095863360686711]}"
183,rflbat,rflbat_final_distance_filter,"[4, 18, 61, 12, 10, 74, 1, 78, 39, 50]",[],"{""accepted_indices"": [0, 1, 2, 3, 4, 5, 6, 7, 8, 9, 1, 2, 3, 4, 5, 6, 7, 8, 9], ""eps2"": 6, ""distance_median"": 0.308627298614823}"
184,rflbat,rflbat_first_distance_filter,"[2, 77, 3, 44, 67, 70, 26, 30, 79, 16, 77, 3, 44, 67, 70, 26, 30, 79, 16]",[],"{""accepted_indices"": [0, 1, 2, 3, 4, 5, 6, 7, 8, 9, 1, 2, 3, 4, 5, 6, 7, 8, 9], ""eps1"": 10, ""distance_median"": 0.3414258503330923}"
184,rflbat,rflbat_cluster_filter,"[2, 77, 3, 44, 67, 70, 26, 30, 79, 16, 77, 3, 44, 67, 70, 26, 30, 79, 16]",[],"{""accepted_indices"": [0, 1, 2, 3, 4, 5, 6, 7, 8, 9, 1, 2, 3, 4, 5, 6, 7, 8, 9], ""num_clusters"": 1, ""cluster_scores"": [0.1891135167463002]}"
184,rflbat,rflbat_final_distance_filter,"[2, 77, 3, 44, 67, 70, 26, 30, 79, 16]",[],"{""accepted_indices"": [0, 1, 2, 3, 4, 5, 6, 7, 8, 9, 1, 2, 3, 4, 5, 6, 7, 8, 9], ""eps2"": 6, ""distance_median"": 0.6922735349111517}"
185,rflbat,rflbat_first_distance_filter,"[3, 72, 36, 34, 16, 70, 19, 46, 67, 57, 72, 36, 34, 16, 70, 19, 46, 67, 57]",[],"{""accepted_indices"": [0, 1, 2, 3, 4, 5, 6, 7, 8, 9, 1, 2, 3, 4, 5, 6, 7, 8, 9], ""eps1"": 10, ""distance_median"": 0.17603545075390886}"
185,rflbat,rflbat_cluster_filter,"[3, 72, 36, 34, 16, 70, 19, 46, 67, 57, 72, 36, 34, 16, 70, 19, 46, 67, 57]",[],"{""accepted_indices"": [0, 1, 2, 3, 4, 5, 6, 7, 8, 9, 1, 2, 3, 4, 5, 6, 7, 8, 9], ""num_clusters"": 1, ""cluster_scores"": [0.12606920537145228]}"
185,rflbat,rflbat_final_distance_filter,"[3, 72, 36, 34, 16, 70, 19, 46, 67, 57]",[],"{""accepted_indices"": [0, 1, 2, 3, 4, 5, 6, 7, 8, 9, 1, 2, 3, 4, 5, 6, 7, 8, 9], ""eps2"": 6, ""distance_median"": 0.38655943559183964}"
186,rflbat,rflbat_first_distance_filter,"[2, 24, 59, 35, 20, 50, 79, 93, 4, 26, 24, 59, 35, 20, 50, 79, 93, 4, 26]",[],"{""accepted_indices"": [0, 1, 2, 3, 4, 5, 6, 7, 8, 9, 1, 2, 3, 4, 5, 6, 7, 8, 9], ""eps1"": 10, ""distance_median"": 0.3009557159776016}"
186,rflbat,rflbat_cluster_filter,"[2, 24, 59, 35, 20, 50, 79, 93, 4, 26, 24, 59, 35, 20, 50, 79, 93, 4, 26]",[],"{""accepted_indices"": [0, 1, 2, 3, 4, 5, 6, 7, 8, 9, 1, 2, 3, 4, 5, 6, 7, 8, 9], ""num_clusters"": 1, ""cluster_scores"": [0.10999815688257654]}"
186,rflbat,rflbat_final_distance_filter,"[2, 24, 59, 35, 20, 50, 79, 93, 4]",[26],"{""accepted_indices"": [0, 1, 2, 3, 4, 5, 6, 7, 8, 1, 2, 3, 4, 5, 6, 7, 8], ""eps2"": 6, ""distance_median"": 0.6036446634072993}"
187,rflbat,rflbat_first_distance_filter,"[1, 34, 63, 70, 37, 33, 98, 90, 11, 45, 34, 63, 70, 37, 33, 98, 90, 11, 45]",[],"{""accepted_indices"": [0, 1, 2, 3, 4, 5, 6, 7, 8, 9, 1, 2, 3, 4, 5, 6, 7, 8, 9], ""eps1"": 10, ""distance_median"": 0.1319364293348162}"
187,rflbat,rflbat_cluster_filter,"[1, 34, 63, 70, 37, 33, 98, 90, 11, 45, 34, 63, 70, 37, 33, 98, 90, 11, 45]",[],"{""accepted_indices"": [0, 1, 2, 3, 4, 5, 6, 7, 8, 9, 1, 2, 3, 4, 5, 6, 7, 8, 9], ""num_clusters"": 1, ""cluster_scores"": [0.10265892370503919]}"
187,rflbat,rflbat_final_distance_filter,"[1, 34, 63, 70, 37, 33, 98, 90, 11, 45]",[],"{""accepted_indices"": [0, 1, 2, 3, 4, 5, 6, 7, 8, 9, 1, 2, 3, 4, 5, 6, 7, 8, 9], ""eps2"": 6, ""distance_median"": 0.2743894163025292}"
188,rflbat,rflbat_first_distance_filter,"[2, 96, 20, 82, 54, 18, 50, 99, 84, 51, 96, 20, 82, 54, 18, 50, 99, 84, 51]",[],"{""accepted_indices"": [0, 1, 2, 3, 4, 5, 6, 7, 8, 9, 1, 2, 3, 4, 5, 6, 7, 8, 9], ""eps1"": 10, ""distance_median"": 0.22096759364892832}"
188,rflbat,rflbat_cluster_filter,"[2, 96, 20, 82, 18, 50, 99, 84, 51, 96, 20, 82, 18, 50, 99, 84, 51]",[54],"{""accepted_indices"": [0, 1, 2, 3, 5, 6, 7, 8, 9, 1, 2, 3, 5, 6, 7, 8, 9], ""num_clusters"": 2, ""cluster_scores"": [0.12054075021281623, 1.000000000002907]}"
188,rflbat,rflbat_final_distance_filter,"[2, 96, 20, 82, 18, 50, 99, 84, 51]",[54],"{""accepted_indices"": [0, 1, 2, 3, 5, 6, 7, 8, 9, 1, 2, 3, 5, 6, 7, 8, 9], ""eps2"": 6, ""distance_median"": 0.2583358949752724}"
189,rflbat,rflbat_first_distance_filter,"[2, 26, 24, 94, 0, 65, 90, 89, 67, 58, 26, 24, 94, 0, 65, 90, 89, 67, 58]",[],"{""accepted_indices"": [0, 1, 2, 3, 4, 5, 6, 7, 8, 9, 1, 2, 3, 4, 5, 6, 7, 8, 9], ""eps1"": 10, ""distance_median"": 0.2245870697104416}"
189,rflbat,rflbat_cluster_filter,"[2, 26, 24, 94, 0, 65, 90, 89, 67, 58, 26, 24, 94, 0, 65, 90, 89, 67, 58]",[],"{""accepted_indices"": [0, 1, 2, 3, 4, 5, 6, 7, 8, 9, 1, 2, 3, 4, 5, 6, 7, 8, 9], ""num_clusters"": 1, ""cluster_scores"": [0.12527140841508208]}"
189,rflbat,rflbat_final_distance_filter,"[2, 26, 24, 94, 0, 65, 90, 89, 67, 58]",[],"{""accepted_indices"": [0, 1, 2, 3, 4, 5, 6, 7, 8, 9, 1, 2, 3, 4, 5, 6, 7, 8, 9], ""eps2"": 6, ""distance_median"": 0.4454789821258659}"
190,rflbat,rflbat_first_distance_filter,"[4, 9, 35, 10, 76, 63, 41, 97, 5, 96, 9, 35, 10, 76, 63, 41, 97, 5, 96]",[],"{""accepted_indices"": [0, 1, 2, 3, 4, 5, 6, 7, 8, 9, 1, 2, 3, 4, 5, 6, 7, 8, 9], ""eps1"": 10, ""distance_median"": 0.3794727809140147}"
190,rflbat,rflbat_cluster_filter,"[4, 9, 35, 10, 76, 63, 41, 97, 5, 96, 9, 35, 10, 76, 63, 41, 97, 5, 96]",[],"{""accepted_indices"": [0, 1, 2, 3, 4, 5, 6, 7, 8, 9, 1, 2, 3, 4, 5, 6, 7, 8, 9], ""num_clusters"": 1, ""cluster_scores"": [0.10983616277678744]}"
190,rflbat,rflbat_final_distance_filter,"[4, 9, 35, 10, 76, 63, 41, 97, 5, 96]",[],"{""accepted_indices"": [0, 1, 2, 3, 4, 5, 6, 7, 8, 9, 1, 2, 3, 4, 5, 6, 7, 8, 9], ""eps2"": 6, ""distance_median"": 0.7133057101894577}"
191,rflbat,rflbat_first_distance_filter,"[1, 97, 94, 6, 11, 47, 84, 51, 76, 71, 97, 94, 6, 11, 47, 84, 51, 76, 71]",[],"{""accepted_indices"": [0, 1, 2, 3, 4, 5, 6, 7, 8, 9, 1, 2, 3, 4, 5, 6, 7, 8, 9], ""eps1"": 10, ""distance_median"": 0.18873531048587155}"
191,rflbat,rflbat_cluster_filter,"[1, 97, 94, 6, 11, 47, 84, 51, 76, 71, 97, 94, 6, 11, 47, 84, 51, 76, 71]",[],"{""accepted_indices"": [0, 1, 2, 3, 4, 5, 6, 7, 8, 9, 1, 2, 3, 4, 5, 6, 7, 8, 9], ""num_clusters"": 1, ""cluster_scores"": [0.14439704558238292]}"
191,rflbat,rflbat_final_distance_filter,"[1, 97, 94, 6, 11, 47, 84, 51, 76, 71]",[],"{""accepted_indices"": [0, 1, 2, 3, 4, 5, 6, 7, 8, 9, 1, 2, 3, 4, 5, 6, 7, 8, 9], ""eps2"": 6, ""distance_median"": 0.37870814521552293}"
192,rflbat,rflbat_first_distance_filter,"[4, 42, 20, 76, 81, 70, 69, 21, 18, 16, 42, 20, 76, 81, 70, 69, 21, 18, 16]",[],"{""accepted_indices"": [0, 1, 2, 3, 4, 5, 6, 7, 8, 9, 1, 2, 3, 4, 5, 6, 7, 8, 9], ""eps1"": 10, ""distance_median"": 0.1806563993963149}"
192,rflbat,rflbat_cluster_filter,"[4, 42, 20, 76, 81, 70, 69, 21, 18, 16, 42, 20, 76, 81, 70, 69, 21, 18, 16]",[],"{""accepted_indices"": [0, 1, 2, 3, 4, 5, 6, 7, 8, 9, 1, 2, 3, 4, 5, 6, 7, 8, 9], ""num_clusters"": 1, ""cluster_scores"": [0.13354585849351155]}"
192,rflbat,rflbat_final_distance_filter,"[4, 42, 20, 76, 81, 70, 69, 21, 18, 16]",[],"{""accepted_indices"": [0, 1, 2, 3, 4, 5, 6, 7, 8, 9, 1, 2, 3, 4, 5, 6, 7, 8, 9], ""eps2"": 6, ""distance_median"": 0.4145525906252169}"
193,rflbat,rflbat_first_distance_filter,"[0, 60, 37, 52, 3, 92, 62, 56, 41, 96, 60, 37, 52, 3, 92, 62, 56, 41, 96]",[],"{""accepted_indices"": [0, 1, 2, 3, 4, 5, 6, 7, 8, 9, 1, 2, 3, 4, 5, 6, 7, 8, 9], ""eps1"": 10, ""distance_median"": 0.2600431061427855}"
193,rflbat,rflbat_cluster_filter,"[0, 60, 37, 52, 3, 92, 62, 56, 41, 96, 60, 37, 52, 3, 92, 62, 56, 41, 96]",[],"{""accepted_indices"": [0, 1, 2, 3, 4, 5, 6, 7, 8, 9, 1, 2, 3, 4, 5, 6, 7, 8, 9], ""num_clusters"": 1, ""cluster_scores"": [0.16016220080093882]}"
193,rflbat,rflbat_final_distance_filter,"[0, 60, 37, 52, 3, 92, 62, 56, 41]",[96],"{""accepted_indices"": [0, 1, 2, 3, 4, 5, 6, 7, 8, 1, 2, 3, 4, 5, 6, 7, 8], ""eps2"": 6, ""distance_median"": 0.4550173425822488}"
194,rflbat,rflbat_first_distance_filter,"[3, 80, 85, 29, 94, 75, 18, 77, 66, 21, 80, 85, 29, 94, 75, 18, 77, 66, 21]",[],"{""accepted_indices"": [0, 1, 2, 3, 4, 5, 6, 7, 8, 9, 1, 2, 3, 4, 5, 6, 7, 8, 9], ""eps1"": 10, ""distance_median"": 0.2064558068526826}"
194,rflbat,rflbat_cluster_filter,"[3, 80, 85, 29, 94, 75, 18, 77, 66, 21, 80, 85, 29, 94, 75, 18, 77, 66, 21]",[],"{""accepted_indices"": [0, 1, 2, 3, 4, 5, 6, 7, 8, 9, 1, 2, 3, 4, 5, 6, 7, 8, 9], ""num_clusters"": 1, ""cluster_scores"": [0.10778710893556322]}"
194,rflbat,rflbat_final_distance_filter,"[3, 80, 85, 29, 94, 75, 18, 77, 66, 21]",[],"{""accepted_indices"": [0, 1, 2, 3, 4, 5, 6, 7, 8, 9, 1, 2, 3, 4, 5, 6, 7, 8, 9], ""eps2"": 6, ""distance_median"": 0.42357730687279804}"
195,rflbat,rflbat_first_distance_filter,"[3, 43, 32, 86, 55, 97, 33, 21, 81, 20, 43, 32, 86, 55, 97, 33, 21, 81, 20]",[],"{""accepted_indices"": [0, 1, 2, 3, 4, 5, 6, 7, 8, 9, 1, 2, 3, 4, 5, 6, 7, 8, 9], ""eps1"": 10, ""distance_median"": 0.1642593480178453}"
195,rflbat,rflbat_cluster_filter,"[3, 43, 32, 86, 55, 33, 21, 81, 20, 43, 32, 86, 55, 33, 21, 81, 20]",[97],"{""accepted_indices"": [0, 1, 2, 3, 4, 6, 7, 8, 9, 1, 2, 3, 4, 6, 7, 8, 9], ""num_clusters"": 2, ""cluster_scores"": [1.000000000001407, 0.1246933251986237]}"
195,rflbat,rflbat_final_distance_filter,"[3, 43, 32, 86, 55, 33, 21, 81, 20]",[97],"{""accepted_indices"": [0, 1, 2, 3, 4, 6, 7, 8, 9, 1, 2, 3, 4, 6, 7, 8, 9], ""eps2"": 6, ""distance_median"": 0.21049507722544128}"
196,rflbat,rflbat_first_distance_filter,"[4, 43, 29, 48, 0, 70, 99, 92, 10, 73, 43, 29, 48, 0, 70, 99, 92, 10, 73]",[],"{""accepted_indices"": [0, 1, 2, 3, 4, 5, 6, 7, 8, 9, 1, 2, 3, 4, 5, 6, 7, 8, 9], ""eps1"": 10, ""distance_median"": 0.38301656988707783}"
196,rflbat,rflbat_cluster_filter,"[4, 43, 29, 48, 0, 70, 99, 92, 10, 73, 43, 29, 48, 0, 70, 99, 92, 10, 73]",[],"{""accepted_indices"": [0, 1, 2, 3, 4, 5, 6, 7, 8, 9, 1, 2, 3, 4, 5, 6, 7, 8, 9], ""num_clusters"": 1, ""cluster_scores"": [0.08488887559147418]}"
196,rflbat,rflbat_final_distance_filter,"[4, 43, 29, 48, 0, 70, 99, 92, 10, 73]",[],"{""accepted_indices"": [0, 1, 2, 3, 4, 5, 6, 7, 8, 9, 1, 2, 3, 4, 5, 6, 7, 8, 9], ""eps2"": 6, ""distance_median"": 0.7948779494330054}"
197,rflbat,rflbat_first_distance_filter,"[4, 3, 41, 98, 14, 2, 48, 95, 89, 61, 3, 41, 98, 14, 2, 48, 95, 89, 61]",[],"{""accepted_indices"": [0, 1, 2, 3, 4, 5, 6, 7, 8, 9, 1, 2, 3, 4, 5, 6, 7, 8, 9], ""eps1"": 10, ""distance_median"": 0.19658642708957622}"
197,rflbat,rflbat_cluster_filter,"[4, 3, 41, 98, 14, 2, 48, 95, 89, 61, 3, 41, 98, 14, 2, 48, 95, 89, 61]",[],"{""accepted_indices"": [0, 1, 2, 3, 4, 5, 6, 7, 8, 9, 1, 2, 3, 4, 5, 6, 7, 8, 9], ""num_clusters"": 1, ""cluster_scores"": [0.16978632538628485]}"
197,rflbat,rflbat_final_distance_filter,"[4, 3, 41, 98, 14, 2, 48, 95, 89, 61]",[],"{""accepted_indices"": [0, 1, 2, 3, 4, 5, 6, 7, 8, 9, 1, 2, 3, 4, 5, 6, 7, 8, 9], ""eps2"": 6, ""distance_median"": 0.3760419883035937}"
198,rflbat,rflbat_first_distance_filter,"[1, 16, 3, 4, 57, 46, 68, 18, 34, 81, 16, 3, 4, 57, 46, 68, 18, 34, 81]",[],"{""accepted_indices"": [0, 1, 2, 3, 4, 5, 6, 7, 8, 9, 1, 2, 3, 4, 5, 6, 7, 8, 9], ""eps1"": 10, ""distance_median"": 0.1266842520762281}"
198,rflbat,rflbat_cluster_filter,"[1, 16, 3, 4, 57, 46, 68, 18, 34, 81, 16, 3, 4, 57, 46, 68, 18, 34, 81]",[],"{""accepted_indices"": [0, 1, 2, 3, 4, 5, 6, 7, 8, 9, 1, 2, 3, 4, 5, 6, 7, 8, 9], ""num_clusters"": 1, ""cluster_scores"": [0.10458485790039342]}"
198,rflbat,rflbat_final_distance_filter,"[1, 16, 3, 4, 57, 46, 68, 18, 34, 81]",[],"{""accepted_indices"": [0, 1, 2, 3, 4, 5, 6, 7, 8, 9, 1, 2, 3, 4, 5, 6, 7, 8, 9], ""eps2"": 6, ""distance_median"": 0.2533523309825069}"
199,rflbat,rflbat_first_distance_filter,"[3, 29, 7, 70, 46, 12, 74, 48, 27, 81, 29, 7, 70, 46, 12, 74, 48, 27, 81]",[],"{""accepted_indices"": [0, 1, 2, 3, 4, 5, 6, 7, 8, 9, 1, 2, 3, 4, 5, 6, 7, 8, 9], ""eps1"": 10, ""distance_median"": 0.17173871218668468}"
199,rflbat,rflbat_cluster_filter,"[3, 29, 7, 70, 46, 12, 74, 48, 27, 81, 29, 7, 70, 46, 12, 74, 48, 27, 81]",[],"{""accepted_indices"": [0, 1, 2, 3, 4, 5, 6, 7, 8, 9, 1, 2, 3, 4, 5, 6, 7, 8, 9], ""num_clusters"": 1, ""cluster_scores"": [0.09073455020881205]}"
199,rflbat,rflbat_final_distance_filter,"[3, 29, 7, 70, 46, 12, 74, 48, 27, 81]",[],"{""accepted_indices"": [0, 1, 2, 3, 4, 5, 6, 7, 8, 9, 1, 2, 3, 4, 5, 6, 7, 8, 9], ""eps2"": 6, ""distance_median"": 0.33993674957816905}"
200,rflbat,rflbat_first_distance_filter,"[0, 25, 51, 65, 83, 95, 53, 78, 11, 8, 25, 51, 65, 83, 95, 53, 78, 11, 8]",[],"{""accepted_indices"": [0, 1, 2, 3, 4, 5, 6, 7, 8, 9, 1, 2, 3, 4, 5, 6, 7, 8, 9], ""eps1"": 10, ""distance_median"": 0.1965893908958488}"
200,rflbat,rflbat_cluster_filter,"[0, 25, 51, 65, 83, 53, 78, 11, 8, 25, 51, 65, 83, 53, 78, 11, 8]",[95],"{""accepted_indices"": [0, 1, 2, 3, 4, 6, 7, 8, 9, 1, 2, 3, 4, 6, 7, 8, 9], ""num_clusters"": 2, ""cluster_scores"": [0.1577764939877494, 1.0000000000012523]}"
200,rflbat,rflbat_final_distance_filter,"[25, 51, 65, 83, 53, 78, 11, 8]","[0, 95]","{""accepted_indices"": [1, 2, 3, 4, 6, 7, 8, 9, 1, 2, 3, 4, 6, 7, 8, 9], ""eps2"": 6, ""distance_median"": 0.18291349100366008}"
201,rflbat,rflbat_first_distance_filter,"[0, 38, 8, 73, 40, 99, 81, 47, 84, 97, 38, 8, 73, 40, 99, 81, 47, 84, 97]",[],"{""accepted_indices"": [0, 1, 2, 3, 4, 5, 6, 7, 8, 9, 1, 2, 3, 4, 5, 6, 7, 8, 9], ""eps1"": 10, ""distance_median"": 0.3228527492382386}"
201,rflbat,rflbat_cluster_filter,"[0, 38, 8, 73, 40, 99, 81, 47, 84, 97, 38, 8, 73, 40, 99, 81, 47, 84, 97]",[],"{""accepted_indices"": [0, 1, 2, 3, 4, 5, 6, 7, 8, 9, 1, 2, 3, 4, 5, 6, 7, 8, 9], ""num_clusters"": 1, ""cluster_scores"": [0.10499618820531709]}"
201,rflbat,rflbat_final_distance_filter,"[0, 38, 8, 73, 40, 99, 81, 47, 84, 97]",[],"{""accepted_indices"": [0, 1, 2, 3, 4, 5, 6, 7, 8, 9, 1, 2, 3, 4, 5, 6, 7, 8, 9], ""eps2"": 6, ""distance_median"": 0.5695328109557091}"
202,rflbat,rflbat_first_distance_filter,"[2, 62, 37, 43, 64, 4, 54, 66, 17, 35, 62, 37, 43, 64, 4, 54, 66, 17, 35]",[],"{""accepted_indices"": [0, 1, 2, 3, 4, 5, 6, 7, 8, 9, 1, 2, 3, 4, 5, 6, 7, 8, 9], ""eps1"": 10, ""distance_median"": 0.17932790525125267}"
202,rflbat,rflbat_cluster_filter,"[2, 62, 37, 43, 64, 4, 54, 66, 17, 35, 62, 37, 43, 64, 4, 54, 66, 17, 35]",[],"{""accepted_indices"": [0, 1, 2, 3, 4, 5, 6, 7, 8, 9, 1, 2, 3, 4, 5, 6, 7, 8, 9], ""num_clusters"": 1, ""cluster_scores"": [0.1604563791708132]}"
202,rflbat,rflbat_final_distance_filter,"[2, 62, 37, 43, 64, 4, 54, 66, 17, 35]",[],"{""accepted_indices"": [0, 1, 2, 3, 4, 5, 6, 7, 8, 9, 1, 2, 3, 4, 5, 6, 7, 8, 9], ""eps2"": 6, ""distance_median"": 0.33220656151130207}"
203,rflbat,rflbat_first_distance_filter,"[0, 78, 33, 96, 55, 42, 91, 58, 15, 11, 78, 33, 96, 55, 42, 91, 58, 15, 11]",[],"{""accepted_indices"": [0, 1, 2, 3, 4, 5, 6, 7, 8, 9, 1, 2, 3, 4, 5, 6, 7, 8, 9], ""eps1"": 10, ""distance_median"": 0.299817522009343}"
203,rflbat,rflbat_cluster_filter,"[78, 33, 96, 55, 91, 58, 15, 11, 78, 33, 96, 55, 91, 58, 15, 11]","[0, 42]","{""accepted_indices"": [1, 2, 3, 4, 6, 7, 8, 9, 1, 2, 3, 4, 6, 7, 8, 9], ""num_clusters"": 3, ""cluster_scores"": [1.0000000000012406, 0.12654637067141306, 1]}"
203,rflbat,rflbat_final_distance_filter,"[78, 33, 96, 55, 91, 58, 15, 11]","[0, 42]","{""accepted_indices"": [1, 2, 3, 4, 6, 7, 8, 9, 1, 2, 3, 4, 6, 7, 8, 9], ""eps2"": 6, ""distance_median"": 0.057204087705822526}"
204,rflbat,rflbat_first_distance_filter,"[4, 63, 0, 78, 40, 87, 76, 8, 38, 16, 63, 0, 78, 40, 87, 76, 8, 38, 16]",[],"{""accepted_indices"": [0, 1, 2, 3, 4, 5, 6, 7, 8, 9, 1, 2, 3, 4, 5, 6, 7, 8, 9], ""eps1"": 10, ""distance_median"": 0.1283125120555899}"
204,rflbat,rflbat_cluster_filter,"[4, 63, 0, 78, 40, 87, 76, 8, 38, 16, 63, 0, 78, 40, 87, 76, 8, 38, 16]",[],"{""accepted_indices"": [0, 1, 2, 3, 4, 5, 6, 7, 8, 9, 1, 2, 3, 4, 5, 6, 7, 8, 9], ""num_clusters"": 1, ""cluster_scores"": [0.1730740853245425]}"
204,rflbat,rflbat_final_distance_filter,"[4, 63, 0, 78, 40, 87, 76, 8, 38, 16]",[],"{""accepted_indices"": [0, 1, 2, 3, 4, 5, 6, 7, 8, 9, 1, 2, 3, 4, 5, 6, 7, 8, 9], ""eps2"": 6, ""distance_median"": 0.25852109556495084}"
205,rflbat,rflbat_first_distance_filter,"[0, 80, 60, 96, 66, 78, 1, 5, 30, 56, 80, 60, 96, 66, 78, 1, 5, 30, 56]",[],"{""accepted_indices"": [0, 1, 2, 3, 4, 5, 6, 7, 8, 9, 1, 2, 3, 4, 5, 6, 7, 8, 9], ""eps1"": 10, ""distance_median"": 0.21098819030058052}"
205,rflbat,rflbat_cluster_filter,"[0, 80, 60, 96, 66, 78, 1, 5, 30, 56, 80, 60, 96, 66, 78, 1, 5, 30, 56]",[],"{""accepted_indices"": [0, 1, 2, 3, 4, 5, 6, 7, 8, 9, 1, 2, 3, 4, 5, 6, 7, 8, 9], ""num_clusters"": 1, ""cluster_scores"": [0.1134360859756721]}"
205,rflbat,rflbat_final_distance_filter,"[0, 80, 60, 96, 66, 78, 1, 5, 30, 56]",[],"{""accepted_indices"": [0, 1, 2, 3, 4, 5, 6, 7, 8, 9, 1, 2, 3, 4, 5, 6, 7, 8, 9], ""eps2"": 6, ""distance_median"": 0.367240952540593}"
206,rflbat,rflbat_first_distance_filter,"[0, 36, 74, 99, 70, 52, 26, 43, 61, 16, 36, 74, 99, 70, 52, 26, 43, 61, 16]",[],"{""accepted_indices"": [0, 1, 2, 3, 4, 5, 6, 7, 8, 9, 1, 2, 3, 4, 5, 6, 7, 8, 9], ""eps1"": 10, ""distance_median"": 0.17912395062495573}"
206,rflbat,rflbat_cluster_filter,"[0, 36, 74, 99, 70, 52, 26, 43, 61, 16, 36, 74, 99, 70, 52, 26, 43, 61, 16]",[],"{""accepted_indices"": [0, 1, 2, 3, 4, 5, 6, 7, 8, 9, 1, 2, 3, 4, 5, 6, 7, 8, 9], ""num_clusters"": 1, ""cluster_scores"": [0.13511480045348093]}"
206,rflbat,rflbat_final_distance_filter,"[0, 36, 74, 99, 70, 52, 26, 43, 61, 16]",[],"{""accepted_indices"": [0, 1, 2, 3, 4, 5, 6, 7, 8, 9, 1, 2, 3, 4, 5, 6, 7, 8, 9], ""eps2"": 6, ""distance_median"": 0.2905491278578589}"
207,rflbat,rflbat_first_distance_filter,"[1, 60, 18, 33, 15, 88, 98, 68, 20, 66, 60, 18, 33, 15, 88, 98, 68, 20, 66]",[],"{""accepted_indices"": [0, 1, 2, 3, 4, 5, 6, 7, 8, 9, 1, 2, 3, 4, 5, 6, 7, 8, 9], ""eps1"": 10, ""distance_median"": 0.2115705305040591}"
207,rflbat,rflbat_cluster_filter,"[1, 60, 18, 33, 15, 88, 98, 68, 20, 66, 60, 18, 33, 15, 88, 98, 68, 20, 66]",[],"{""accepted_indices"": [0, 1, 2, 3, 4, 5, 6, 7, 8, 9, 1, 2, 3, 4, 5, 6, 7, 8, 9], ""num_clusters"": 1, ""cluster_scores"": [0.13117011333987594]}"
207,rflbat,rflbat_final_distance_filter,"[1, 60, 18, 33, 15, 88, 98, 68, 20, 66]",[],"{""accepted_indices"": [0, 1, 2, 3, 4, 5, 6, 7, 8, 9, 1, 2, 3, 4, 5, 6, 7, 8, 9], ""eps2"": 6, ""distance_median"": 0.42110775283251123}"
208,rflbat,rflbat_first_distance_filter,"[1, 96, 24, 26, 0, 10, 84, 66, 97, 89, 96, 24, 26, 0, 10, 84, 66, 97, 89]",[],"{""accepted_indices"": [0, 1, 2, 3, 4, 5, 6, 7, 8, 9, 1, 2, 3, 4, 5, 6, 7, 8, 9], ""eps1"": 10, ""distance_median"": 0.2686841411259362}"
208,rflbat,rflbat_cluster_filter,"[1, 96, 24, 26, 0, 10, 84, 66, 97, 89, 96, 24, 26, 0, 10, 84, 66, 97, 89]",[],"{""accepted_indices"": [0, 1, 2, 3, 4, 5, 6, 7, 8, 9, 1, 2, 3, 4, 5, 6, 7, 8, 9], ""num_clusters"": 1, ""cluster_scores"": [0.13467169299697235]}"
208,rflbat,rflbat_final_distance_filter,"[1, 96, 24, 26, 0, 10, 84, 66, 97, 89]",[],"{""accepted_indices"": [0, 1, 2, 3, 4, 5, 6, 7, 8, 9, 1, 2, 3, 4, 5, 6, 7, 8, 9], ""eps2"": 6, ""distance_median"": 0.5317554481430528}"
209,rflbat,rflbat_first_distance_filter,"[4, 97, 65, 46, 11, 57, 77, 40, 70, 73, 97, 65, 46, 11, 57, 77, 40, 70, 73]",[],"{""accepted_indices"": [0, 1, 2, 3, 4, 5, 6, 7, 8, 9, 1, 2, 3, 4, 5, 6, 7, 8, 9], ""eps1"": 10, ""distance_median"": 0.2800125384893516}"
209,rflbat,rflbat_cluster_filter,"[4, 97, 65, 46, 11, 57, 77, 40, 70, 73, 97, 65, 46, 11, 57, 77, 40, 70, 73]",[],"{""accepted_indices"": [0, 1, 2, 3, 4, 5, 6, 7, 8, 9, 1, 2, 3, 4, 5, 6, 7, 8, 9], ""num_clusters"": 1, ""cluster_scores"": [0.08371846466381141]}"
209,rflbat,rflbat_final_distance_filter,"[4, 97, 65, 46, 11, 57, 77, 40, 70, 73]",[],"{""accepted_indices"": [0, 1, 2, 3, 4, 5, 6, 7, 8, 9, 1, 2, 3, 4, 5, 6, 7, 8, 9], ""eps2"": 6, ""distance_median"": 0.5629783091939091}"
210,rflbat,rflbat_first_distance_filter,"[2, 46, 7, 95, 15, 10, 85, 82, 96, 88, 46, 7, 95, 15, 10, 85, 82, 96, 88]",[],"{""accepted_indices"": [0, 1, 2, 3, 4, 5, 6, 7, 8, 9, 1, 2, 3, 4, 5, 6, 7, 8, 9], ""eps1"": 10, ""distance_median"": 0.2652214426771665}"
210,rflbat,rflbat_cluster_filter,"[2, 46, 7, 95, 15, 10, 85, 82, 96, 88, 46, 7, 95, 15, 10, 85, 82, 96, 88]",[],"{""accepted_indices"": [0, 1, 2, 3, 4, 5, 6, 7, 8, 9, 1, 2, 3, 4, 5, 6, 7, 8, 9], ""num_clusters"": 1, ""cluster_scores"": [0.0622018064128169]}"
210,rflbat,rflbat_final_distance_filter,"[2, 46, 7, 95, 15, 10, 85, 82, 96, 88]",[],"{""accepted_indices"": [0, 1, 2, 3, 4, 5, 6, 7, 8, 9, 1, 2, 3, 4, 5, 6, 7, 8, 9], ""eps2"": 6, ""distance_median"": 0.5303373019195234}"
211,rflbat,rflbat_first_distance_filter,"[2, 65, 20, 60, 31, 50, 97, 26, 99, 52, 65, 20, 60, 31, 50, 97, 26, 99, 52]",[],"{""accepted_indices"": [0, 1, 2, 3, 4, 5, 6, 7, 8, 9, 1, 2, 3, 4, 5, 6, 7, 8, 9], ""eps1"": 10, ""distance_median"": 0.29771187176922653}"
211,rflbat,rflbat_cluster_filter,"[2, 65, 20, 60, 31, 50, 97, 26, 99, 52, 65, 20, 60, 31, 50, 97, 26, 99, 52]",[],"{""accepted_indices"": [0, 1, 2, 3, 4, 5, 6, 7, 8, 9, 1, 2, 3, 4, 5, 6, 7, 8, 9], ""num_clusters"": 1, ""cluster_scores"": [0.1797237674949874]}"
211,rflbat,rflbat_final_distance_filter,"[2, 65, 20, 60, 31, 50, 97, 26, 99, 52]",[],"{""accepted_indices"": [0, 1, 2, 3, 4, 5, 6, 7, 8, 9, 1, 2, 3, 4, 5, 6, 7, 8, 9], ""eps2"": 6, ""distance_median"": 0.6076939896174853}"
212,rflbat,rflbat_first_distance_filter,"[3, 82, 63, 72, 46, 81, 6, 56, 31, 45, 82, 63, 72, 46, 81, 6, 56, 31, 45]",[],"{""accepted_indices"": [0, 1, 2, 3, 4, 5, 6, 7, 8, 9, 1, 2, 3, 4, 5, 6, 7, 8, 9], ""eps1"": 10, ""distance_median"": 0.17175492396025677}"
212,rflbat,rflbat_cluster_filter,"[3, 82, 63, 72, 46, 81, 6, 56, 31, 45, 82, 63, 72, 46, 81, 6, 56, 31, 45]",[],"{""accepted_indices"": [0, 1, 2, 3, 4, 5, 6, 7, 8, 9, 1, 2, 3, 4, 5, 6, 7, 8, 9], ""num_clusters"": 1, ""cluster_scores"": [0.13609532611779948]}"
212,rflbat,rflbat_final_distance_filter,"[3, 82, 63, 72, 46, 81, 6, 56, 31, 45]",[],"{""accepted_indices"": [0, 1, 2, 3, 4, 5, 6, 7, 8, 9, 1, 2, 3, 4, 5, 6, 7, 8, 9], ""eps2"": 6, ""distance_median"": 0.3460742021285935}"
213,rflbat,rflbat_first_distance_filter,"[0, 91, 15, 39, 3, 7, 79, 61, 17, 4, 91, 15, 39, 3, 7, 79, 61, 17, 4]",[],"{""accepted_indices"": [0, 1, 2, 3, 4, 5, 6, 7, 8, 9, 1, 2, 3, 4, 5, 6, 7, 8, 9], ""eps1"": 10, ""distance_median"": 0.14819387872414774}"
213,rflbat,rflbat_cluster_filter,"[0, 91, 15, 39, 3, 7, 79, 61, 17, 4, 91, 15, 39, 3, 7, 79, 61, 17, 4]",[],"{""accepted_indices"": [0, 1, 2, 3, 4, 5, 6, 7, 8, 9, 1, 2, 3, 4, 5, 6, 7, 8, 9], ""num_clusters"": 1, ""cluster_scores"": [0.11869466894003264]}"
213,rflbat,rflbat_final_distance_filter,"[0, 91, 15, 39, 3, 7, 79, 61, 17, 4]",[],"{""accepted_indices"": [0, 1, 2, 3, 4, 5, 6, 7, 8, 9, 1, 2, 3, 4, 5, 6, 7, 8, 9], ""eps2"": 6, ""distance_median"": 0.22189834261174324}"
214,rflbat,rflbat_first_distance_filter,"[3, 64, 55, 59, 20, 53, 48, 24, 90, 49, 64, 55, 59, 20, 53, 48, 24, 90, 49]",[],"{""accepted_indices"": [0, 1, 2, 3, 4, 5, 6, 7, 8, 9, 1, 2, 3, 4, 5, 6, 7, 8, 9], ""eps1"": 10, ""distance_median"": 0.20666059786169336}"
214,rflbat,rflbat_cluster_filter,"[3, 64, 55, 59, 20, 53, 48, 24, 90, 49, 64, 55, 59, 20, 53, 48, 24, 90, 49]",[],"{""accepted_indices"": [0, 1, 2, 3, 4, 5, 6, 7, 8, 9, 1, 2, 3, 4, 5, 6, 7, 8, 9], ""num_clusters"": 1, ""cluster_scores"": [0.11587994120378985]}"
214,rflbat,rflbat_final_distance_filter,"[3, 64, 55, 59, 20, 53, 48, 24, 90, 49]",[],"{""accepted_indices"": [0, 1, 2, 3, 4, 5, 6, 7, 8, 9, 1, 2, 3, 4, 5, 6, 7, 8, 9], ""eps2"": 6, ""distance_median"": 0.41284703251909116}"
215,rflbat,rflbat_first_distance_filter,"[1, 72, 2, 46, 13, 23, 68, 73, 38, 4, 72, 2, 46, 13, 23, 68, 73, 38, 4]",[],"{""accepted_indices"": [0, 1, 2, 3, 4, 5, 6, 7, 8, 9, 1, 2, 3, 4, 5, 6, 7, 8, 9], ""eps1"": 10, ""distance_median"": 0.2757254559372869}"
215,rflbat,rflbat_cluster_filter,"[1, 72, 2, 46, 13, 23, 68, 73, 38, 4, 72, 2, 46, 13, 23, 68, 73, 38, 4]",[],"{""accepted_indices"": [0, 1, 2, 3, 4, 5, 6, 7, 8, 9, 1, 2, 3, 4, 5, 6, 7, 8, 9], ""num_clusters"": 1, ""cluster_scores"": [0.16215487834371545]}"
215,rflbat,rflbat_final_distance_filter,"[1, 72, 2, 46, 13, 23, 68, 73, 38, 4]",[],"{""accepted_indices"": [0, 1, 2, 3, 4, 5, 6, 7, 8, 9, 1, 2, 3, 4, 5, 6, 7, 8, 9], ""eps2"": 6, ""distance_median"": 0.5521381910325405}"
216,rflbat,rflbat_first_distance_filter,"[4, 94, 18, 57, 48, 47, 11, 74, 37, 38, 94, 18, 57, 48, 47, 11, 74, 37, 38]",[],"{""accepted_indices"": [0, 1, 2, 3, 4, 5, 6, 7, 8, 9, 1, 2, 3, 4, 5, 6, 7, 8, 9], ""eps1"": 10, ""distance_median"": 0.18083239300005338}"
216,rflbat,rflbat_cluster_filter,"[4, 94, 18, 57, 48, 47, 11, 74, 37, 38, 94, 18, 57, 48, 47, 11, 74, 37, 38]",[],"{""accepted_indices"": [0, 1, 2, 3, 4, 5, 6, 7, 8, 9, 1, 2, 3, 4, 5, 6, 7, 8, 9], ""num_clusters"": 1, ""cluster_scores"": [0.14876402745729334]}"
216,rflbat,rflbat_final_distance_filter,"[4, 94, 18, 57, 48, 47, 11, 74, 37, 38]",[],"{""accepted_indices"": [0, 1, 2, 3, 4, 5, 6, 7, 8, 9, 1, 2, 3, 4, 5, 6, 7, 8, 9], ""eps2"": 6, ""distance_median"": 0.3026788087526961}"
217,rflbat,rflbat_first_distance_filter,"[4, 12, 57, 54, 19, 84, 81, 5, 40, 21, 12, 57, 54, 19, 84, 81, 5, 40, 21]",[],"{""accepted_indices"": [0, 1, 2, 3, 4, 5, 6, 7, 8, 9, 1, 2, 3, 4, 5, 6, 7, 8, 9], ""eps1"": 10, ""distance_median"": 0.2176826635288529}"
217,rflbat,rflbat_cluster_filter,"[4, 12, 57, 54, 19, 84, 81, 5, 40, 21, 12, 57, 54, 19, 84, 81, 5, 40, 21]",[],"{""accepted_indices"": [0, 1, 2, 3, 4, 5, 6, 7, 8, 9, 1, 2, 3, 4, 5, 6, 7, 8, 9], ""num_clusters"": 1, ""cluster_scores"": [0.08026913112276268]}"
217,rflbat,rflbat_final_distance_filter,"[4, 12, 57, 54, 19, 84, 81, 5, 40, 21]",[],"{""accepted_indices"": [0, 1, 2, 3, 4, 5, 6, 7, 8, 9, 1, 2, 3, 4, 5, 6, 7, 8, 9], ""eps2"": 6, ""distance_median"": 0.43338910308338646}"
218,rflbat,rflbat_first_distance_filter,"[4, 74, 91, 54, 69, 37, 94, 41, 59, 1, 74, 91, 54, 69, 37, 94, 41, 59, 1]",[],"{""accepted_indices"": [0, 1, 2, 3, 4, 5, 6, 7, 8, 9, 1, 2, 3, 4, 5, 6, 7, 8, 9], ""eps1"": 10, ""distance_median"": 0.22980365692914004}"
218,rflbat,rflbat_cluster_filter,"[4, 74, 91, 54, 69, 37, 94, 41, 59, 1, 74, 91, 54, 69, 37, 94, 41, 59, 1]",[],"{""accepted_indices"": [0, 1, 2, 3, 4, 5, 6, 7, 8, 9, 1, 2, 3, 4, 5, 6, 7, 8, 9], ""num_clusters"": 1, ""cluster_scores"": [0.18012086016732579]}"
218,rflbat,rflbat_final_distance_filter,"[4, 74, 91, 54, 69, 37, 94, 41, 59, 1]",[],"{""accepted_indices"": [0, 1, 2, 3, 4, 5, 6, 7, 8, 9, 1, 2, 3, 4, 5, 6, 7, 8, 9], ""eps2"": 6, ""distance_median"": 0.3495033545263572}"
219,rflbat,rflbat_first_distance_filter,"[1, 73, 51, 16, 26, 93, 91, 44, 77, 95, 73, 51, 16, 26, 93, 91, 44, 77, 95]",[],"{""accepted_indices"": [0, 1, 2, 3, 4, 5, 6, 7, 8, 9, 1, 2, 3, 4, 5, 6, 7, 8, 9], ""eps1"": 10, ""distance_median"": 0.19634856777941612}"
219,rflbat,rflbat_cluster_filter,"[1, 73, 51, 16, 26, 93, 91, 44, 77, 95, 73, 51, 16, 26, 93, 91, 44, 77, 95]",[],"{""accepted_indices"": [0, 1, 2, 3, 4, 5, 6, 7, 8, 9, 1, 2, 3, 4, 5, 6, 7, 8, 9], ""num_clusters"": 1, ""cluster_scores"": [0.1053626930982862]}"
219,rflbat,rflbat_final_distance_filter,"[1, 73, 51, 16, 26, 93, 91, 44, 77, 95]",[],"{""accepted_indices"": [0, 1, 2, 3, 4, 5, 6, 7, 8, 9, 1, 2, 3, 4, 5, 6, 7, 8, 9], ""eps2"": 6, ""distance_median"": 0.402673674308947}"
220,rflbat,rflbat_first_distance_filter,"[0, 47, 96, 84, 18, 29, 76, 72, 57, 8, 47, 96, 84, 18, 29, 76, 72, 57, 8]",[],"{""accepted_indices"": [0, 1, 2, 3, 4, 5, 6, 7, 8, 9, 1, 2, 3, 4, 5, 6, 7, 8, 9], ""eps1"": 10, ""distance_median"": 0.21184522247394916}"
220,rflbat,rflbat_cluster_filter,"[0, 47, 96, 84, 18, 29, 76, 72, 57, 8, 47, 96, 84, 18, 29, 76, 72, 57, 8]",[],"{""accepted_indices"": [0, 1, 2, 3, 4, 5, 6, 7, 8, 9, 1, 2, 3, 4, 5, 6, 7, 8, 9], ""num_clusters"": 1, ""cluster_scores"": [0.09858972377718833]}"
220,rflbat,rflbat_final_distance_filter,"[0, 47, 96, 84, 18, 29, 76, 72, 57, 8]",[],"{""accepted_indices"": [0, 1, 2, 3, 4, 5, 6, 7, 8, 9, 1, 2, 3, 4, 5, 6, 7, 8, 9], ""eps2"": 6, ""distance_median"": 0.34509284015583974}"
221,rflbat,rflbat_first_distance_filter,"[3, 83, 44, 49, 23, 58, 9, 33, 11, 61, 83, 44, 49, 23, 58, 9, 33, 11, 61]",[],"{""accepted_indices"": [0, 1, 2, 3, 4, 5, 6, 7, 8, 9, 1, 2, 3, 4, 5, 6, 7, 8, 9], ""eps1"": 10, ""distance_median"": 0.12871355417816224}"
221,rflbat,rflbat_cluster_filter,"[3, 83, 44, 49, 23, 58, 9, 33, 11, 61, 83, 44, 49, 23, 58, 9, 33, 11, 61]",[],"{""accepted_indices"": [0, 1, 2, 3, 4, 5, 6, 7, 8, 9, 1, 2, 3, 4, 5, 6, 7, 8, 9], ""num_clusters"": 1, ""cluster_scores"": [0.0972666975616466]}"
221,rflbat,rflbat_final_distance_filter,"[3, 83, 44, 49, 23, 58, 9, 33, 11, 61]",[],"{""accepted_indices"": [0, 1, 2, 3, 4, 5, 6, 7, 8, 9, 1, 2, 3, 4, 5, 6, 7, 8, 9], ""eps2"": 6, ""distance_median"": 0.2722634133009807}"
222,rflbat,rflbat_first_distance_filter,"[0, 2, 91, 50, 23, 31, 58, 80, 68, 37, 2, 91, 50, 23, 31, 58, 80, 68, 37]",[],"{""accepted_indices"": [0, 1, 2, 3, 4, 5, 6, 7, 8, 9, 1, 2, 3, 4, 5, 6, 7, 8, 9], ""eps1"": 10, ""distance_median"": 0.16711953662248324}"
222,rflbat,rflbat_cluster_filter,"[0, 2, 91, 50, 23, 31, 58, 80, 68, 37, 2, 91, 50, 23, 31, 58, 80, 68, 37]",[],"{""accepted_indices"": [0, 1, 2, 3, 4, 5, 6, 7, 8, 9, 1, 2, 3, 4, 5, 6, 7, 8, 9], ""num_clusters"": 1, ""cluster_scores"": [0.10351124366112545]}"
222,rflbat,rflbat_final_distance_filter,"[0, 2, 91, 50, 23, 31, 58, 80, 68, 37]",[],"{""accepted_indices"": [0, 1, 2, 3, 4, 5, 6, 7, 8, 9, 1, 2, 3, 4, 5, 6, 7, 8, 9], ""eps2"": 6, ""distance_median"": 0.27205265898081904}"
223,rflbat,rflbat_first_distance_filter,"[1, 11, 26, 14, 13, 0, 32, 94, 99, 35, 11, 26, 14, 13, 0, 32, 94, 99, 35]",[],"{""accepted_indices"": [0, 1, 2, 3, 4, 5, 6, 7, 8, 9, 1, 2, 3, 4, 5, 6, 7, 8, 9], ""eps1"": 10, ""distance_median"": 0.24616099865262964}"
223,rflbat,rflbat_cluster_filter,"[1, 11, 26, 14, 13, 0, 32, 94, 99, 35, 11, 26, 14, 13, 0, 32, 94, 99, 35]",[],"{""accepted_indices"": [0, 1, 2, 3, 4, 5, 6, 7, 8, 9, 1, 2, 3, 4, 5, 6, 7, 8, 9], ""num_clusters"": 1, ""cluster_scores"": [0.07531403639239252]}"
223,rflbat,rflbat_final_distance_filter,"[1, 11, 26, 14, 13, 0, 32, 94, 99, 35]",[],"{""accepted_indices"": [0, 1, 2, 3, 4, 5, 6, 7, 8, 9, 1, 2, 3, 4, 5, 6, 7, 8, 9], ""eps2"": 6, ""distance_median"": 0.5168199145606642}"
224,rflbat,rflbat_first_distance_filter,"[1, 4, 25, 34, 45, 96, 21, 48, 36, 3, 4, 25, 34, 45, 96, 21, 48, 36, 3]",[],"{""accepted_indices"": [0, 1, 2, 3, 4, 5, 6, 7, 8, 9, 1, 2, 3, 4, 5, 6, 7, 8, 9], ""eps1"": 10, ""distance_median"": 0.20412344970354662}"
224,rflbat,rflbat_cluster_filter,"[1, 4, 25, 34, 45, 96, 21, 48, 36, 3, 4, 25, 34, 45, 96, 21, 48, 36, 3]",[],"{""accepted_indices"": [0, 1, 2, 3, 4, 5, 6, 7, 8, 9, 1, 2, 3, 4, 5, 6, 7, 8, 9], ""num_clusters"": 1, ""cluster_scores"": [0.11647200154054327]}"
224,rflbat,rflbat_final_distance_filter,"[1, 4, 25, 34, 45, 96, 21, 48, 36, 3]",[],"{""accepted_indices"": [0, 1, 2, 3, 4, 5, 6, 7, 8, 9, 1, 2, 3, 4, 5, 6, 7, 8, 9], ""eps2"": 6, ""distance_median"": 0.41213021432476776}"
225,rflbat,rflbat_first_distance_filter,"[2, 81, 72, 68, 36, 32, 11, 54, 75, 83, 81, 72, 68, 36, 32, 11, 54, 75, 83]",[],"{""accepted_indices"": [0, 1, 2, 3, 4, 5, 6, 7, 8, 9, 1, 2, 3, 4, 5, 6, 7, 8, 9], ""eps1"": 10, ""distance_median"": 0.2141484249084316}"
225,rflbat,rflbat_cluster_filter,"[2, 81, 68, 36, 32, 11, 54, 75, 83, 81, 68, 36, 32, 11, 54, 75, 83]",[72],"{""accepted_indices"": [0, 1, 3, 4, 5, 6, 7, 8, 9, 1, 3, 4, 5, 6, 7, 8, 9], ""num_clusters"": 2, ""cluster_scores"": [0.13404275547117042, 1.0000000000019196]}"
225,rflbat,rflbat_final_distance_filter,"[2, 81, 68, 36, 32, 11, 54, 75, 83]",[72],"{""accepted_indices"": [0, 1, 3, 4, 5, 6, 7, 8, 9, 1, 3, 4, 5, 6, 7, 8, 9], ""eps2"": 6, ""distance_median"": 0.19101875236532795}"
226,rflbat,rflbat_first_distance_filter,"[0, 72, 25, 57, 32, 85, 30, 35, 15, 8, 72, 25, 57, 32, 85, 30, 35, 15, 8]",[],"{""accepted_indices"": [0, 1, 2, 3, 4, 5, 6, 7, 8, 9, 1, 2, 3, 4, 5, 6, 7, 8, 9], ""eps1"": 10, ""distance_median"": 0.20678516502902378}"
226,rflbat,rflbat_cluster_filter,"[0, 72, 25, 57, 32, 85, 30, 35, 15, 8, 72, 25, 57, 32, 85, 30, 35, 15, 8]",[],"{""accepted_indices"": [0, 1, 2, 3, 4, 5, 6, 7, 8, 9, 1, 2, 3, 4, 5, 6, 7, 8, 9], ""num_clusters"": 1, ""cluster_scores"": [0.13388348492300697]}"
226,rflbat,rflbat_final_distance_filter,"[0, 72, 25, 57, 32, 85, 30, 35, 15, 8]",[],"{""accepted_indices"": [0, 1, 2, 3, 4, 5, 6, 7, 8, 9, 1, 2, 3, 4, 5, 6, 7, 8, 9], ""eps2"": 6, ""distance_median"": 0.3522728992242476}"
227,rflbat,rflbat_first_distance_filter,"[2, 39, 7, 6, 52, 25, 64, 99, 18, 57, 39, 7, 6, 52, 25, 64, 99, 18, 57]",[],"{""accepted_indices"": [0, 1, 2, 3, 4, 5, 6, 7, 8, 9, 1, 2, 3, 4, 5, 6, 7, 8, 9], ""eps1"": 10, ""distance_median"": 0.11619331469631214}"
227,rflbat,rflbat_cluster_filter,"[2, 39, 7, 6, 52, 25, 64, 99, 18, 57, 39, 7, 6, 52, 25, 64, 99, 18, 57]",[],"{""accepted_indices"": [0, 1, 2, 3, 4, 5, 6, 7, 8, 9, 1, 2, 3, 4, 5, 6, 7, 8, 9], ""num_clusters"": 1, ""cluster_scores"": [0.15532719465656272]}"
227,rflbat,rflbat_final_distance_filter,"[2, 39, 7, 6, 52, 25, 64, 99, 18, 57]",[],"{""accepted_indices"": [0, 1, 2, 3, 4, 5, 6, 7, 8, 9, 1, 2, 3, 4, 5, 6, 7, 8, 9], ""eps2"": 6, ""distance_median"": 0.23068506476591247}"
228,rflbat,rflbat_first_distance_filter,"[4, 59, 32, 43, 49, 60, 45, 63, 80, 35, 59, 32, 43, 49, 60, 45, 63, 80, 35]",[],"{""accepted_indices"": [0, 1, 2, 3, 4, 5, 6, 7, 8, 9, 1, 2, 3, 4, 5, 6, 7, 8, 9], ""eps1"": 10, ""distance_median"": 0.14171642249420552}"
228,rflbat,rflbat_cluster_filter,"[4, 59, 32, 43, 49, 60, 45, 63, 80, 35, 59, 32, 43, 49, 60, 45, 63, 80, 35]",[],"{""accepted_indices"": [0, 1, 2, 3, 4, 5, 6, 7, 8, 9, 1, 2, 3, 4, 5, 6, 7, 8, 9], ""num_clusters"": 1, ""cluster_scores"": [0.11203816210662114]}"
228,rflbat,rflbat_final_distance_filter,"[4, 59, 32, 43, 49, 60, 45, 63, 80, 35]",[],"{""accepted_indices"": [0, 1, 2, 3, 4, 5, 6, 7, 8, 9, 1, 2, 3, 4, 5, 6, 7, 8, 9], ""eps2"": 6, ""distance_median"": 0.24294448091681725}"
229,rflbat,rflbat_first_distance_filter,"[4, 66, 85, 57, 39, 25, 47, 77, 92, 31, 66, 85, 57, 39, 25, 47, 77, 92, 31]",[],"{""accepted_indices"": [0, 1, 2, 3, 4, 5, 6, 7, 8, 9, 1, 2, 3, 4, 5, 6, 7, 8, 9], ""eps1"": 10, ""distance_median"": 0.15900528961042568}"
229,rflbat,rflbat_cluster_filter,"[4, 66, 85, 57, 39, 25, 47, 77, 92, 31, 66, 85, 57, 39, 25, 47, 77, 92, 31]",[],"{""accepted_indices"": [0, 1, 2, 3, 4, 5, 6, 7, 8, 9, 1, 2, 3, 4, 5, 6, 7, 8, 9], ""num_clusters"": 1, ""cluster_scores"": [0.1698498665537512]}"
229,rflbat,rflbat_final_distance_filter,"[4, 66, 85, 57, 39, 25, 47, 77, 92, 31]",[],"{""accepted_indices"": [0, 1, 2, 3, 4, 5, 6, 7, 8, 9, 1, 2, 3, 4, 5, 6, 7, 8, 9], ""eps2"": 6, ""distance_median"": 0.317047034325918}"
230,rflbat,rflbat_first_distance_filter,"[2, 61, 12, 42, 24, 8, 67, 19, 75, 1, 61, 12, 42, 24, 8, 67, 19, 75, 1]",[],"{""accepted_indices"": [0, 1, 2, 3, 4, 5, 6, 7, 8, 9, 1, 2, 3, 4, 5, 6, 7, 8, 9], ""eps1"": 10, ""distance_median"": 0.18340917798816514}"
230,rflbat,rflbat_cluster_filter,"[2, 61, 12, 42, 24, 8, 67, 19, 75, 1, 61, 12, 42, 24, 8, 67, 19, 75, 1]",[],"{""accepted_indices"": [0, 1, 2, 3, 4, 5, 6, 7, 8, 9, 1, 2, 3, 4, 5, 6, 7, 8, 9], ""num_clusters"": 1, ""cluster_scores"": [0.10595012042340461]}"
230,rflbat,rflbat_final_distance_filter,"[2, 61, 12, 42, 24, 8, 67, 19, 75, 1]",[],"{""accepted_indices"": [0, 1, 2, 3, 4, 5, 6, 7, 8, 9, 1, 2, 3, 4, 5, 6, 7, 8, 9], ""eps2"": 6, ""distance_median"": 0.3936003951278743}"
231,rflbat,rflbat_first_distance_filter,"[0, 31, 68, 60, 85, 43, 44, 79, 32, 17, 31, 68, 60, 85, 43, 44, 79, 32, 17]",[],"{""accepted_indices"": [0, 1, 2, 3, 4, 5, 6, 7, 8, 9, 1, 2, 3, 4, 5, 6, 7, 8, 9], ""eps1"": 10, ""distance_median"": 0.17820116557363808}"
231,rflbat,rflbat_cluster_filter,"[0, 31, 68, 60, 85, 43, 44, 79, 32, 17, 31, 68, 60, 85, 43, 44, 79, 32, 17]",[],"{""accepted_indices"": [0, 1, 2, 3, 4, 5, 6, 7, 8, 9, 1, 2, 3, 4, 5, 6, 7, 8, 9], ""num_clusters"": 1, ""cluster_scores"": [0.1050987988796554]}"
231,rflbat,rflbat_final_distance_filter,"[0, 31, 68, 60, 85, 43, 44, 79, 32, 17]",[],"{""accepted_indices"": [0, 1, 2, 3, 4, 5, 6, 7, 8, 9, 1, 2, 3, 4, 5, 6, 7, 8, 9], ""eps2"": 6, ""distance_median"": 0.2811065433168512}"
232,rflbat,rflbat_first_distance_filter,"[2, 25, 69, 39, 84, 92, 20, 15, 57, 62, 25, 69, 39, 84, 92, 20, 15, 57, 62]",[],"{""accepted_indices"": [0, 1, 2, 3, 4, 5, 6, 7, 8, 9, 1, 2, 3, 4, 5, 6, 7, 8, 9], ""eps1"": 10, ""distance_median"": 0.1532025051937923}"
232,rflbat,rflbat_cluster_filter,"[2, 25, 69, 39, 84, 92, 20, 15, 57, 62, 25, 69, 39, 84, 92, 20, 15, 57, 62]",[],"{""accepted_indices"": [0, 1, 2, 3, 4, 5, 6, 7, 8, 9, 1, 2, 3, 4, 5, 6, 7, 8, 9], ""num_clusters"": 1, ""cluster_scores"": [0.09930581076777548]}"
232,rflbat,rflbat_final_distance_filter,"[2, 25, 69, 39, 84, 92, 20, 15, 57, 62]",[],"{""accepted_indices"": [0, 1, 2, 3, 4, 5, 6, 7, 8, 9, 1, 2, 3, 4, 5, 6, 7, 8, 9], ""eps2"": 6, ""distance_median"": 0.3101234959386513}"
233,rflbat,rflbat_first_distance_filter,"[3, 8, 84, 14, 13, 69, 88, 41, 66, 89, 8, 84, 14, 13, 69, 88, 41, 66, 89]",[],"{""accepted_indices"": [0, 1, 2, 3, 4, 5, 6, 7, 8, 9, 1, 2, 3, 4, 5, 6, 7, 8, 9], ""eps1"": 10, ""distance_median"": 0.21615045769643892}"
233,rflbat,rflbat_cluster_filter,"[3, 8, 84, 14, 13, 69, 88, 41, 66, 89, 8, 84, 14, 13, 69, 88, 41, 66, 89]",[],"{""accepted_indices"": [0, 1, 2, 3, 4, 5, 6, 7, 8, 9, 1, 2, 3, 4, 5, 6, 7, 8, 9], ""num_clusters"": 1, ""cluster_scores"": [0.08939320859549091]}"
233,rflbat,rflbat_final_distance_filter,"[3, 8, 84, 14, 13, 69, 88, 41, 66, 89]",[],"{""accepted_indices"": [0, 1, 2, 3, 4, 5, 6, 7, 8, 9, 1, 2, 3, 4, 5, 6, 7, 8, 9], ""eps2"": 6, ""distance_median"": 0.43763041545433495}"
234,rflbat,rflbat_first_distance_filter,"[1, 8, 19, 39, 33, 23, 67, 98, 64, 29, 8, 19, 39, 33, 23, 67, 98, 64, 29]",[],"{""accepted_indices"": [0, 1, 2, 3, 4, 5, 6, 7, 8, 9, 1, 2, 3, 4, 5, 6, 7, 8, 9], ""eps1"": 10, ""distance_median"": 0.10992731505866157}"
234,rflbat,rflbat_cluster_filter,"[1, 8, 19, 39, 33, 23, 67, 98, 64, 29, 8, 19, 39, 33, 23, 67, 98, 64, 29]",[],"{""accepted_indices"": [0, 1, 2, 3, 4, 5, 6, 7, 8, 9, 1, 2, 3, 4, 5, 6, 7, 8, 9], ""num_clusters"": 1, ""cluster_scores"": [0.10853538958654467]}"
234,rflbat,rflbat_final_distance_filter,"[1, 8, 19, 39, 33, 23, 67, 98, 64, 29]",[],"{""accepted_indices"": [0, 1, 2, 3, 4, 5, 6, 7, 8, 9, 1, 2, 3, 4, 5, 6, 7, 8, 9], ""eps2"": 6, ""distance_median"": 0.21885383534506772}"
235,rflbat,rflbat_first_distance_filter,"[2, 33, 45, 79, 74, 76, 21, 70, 96, 62, 33, 45, 79, 74, 76, 21, 70, 96, 62]",[],"{""accepted_indices"": [0, 1, 2, 3, 4, 5, 6, 7, 8, 9, 1, 2, 3, 4, 5, 6, 7, 8, 9], ""eps1"": 10, ""distance_median"": 0.09259491079798961}"
235,rflbat,rflbat_cluster_filter,"[2, 33, 45, 79, 74, 76, 21, 70, 96, 62, 33, 45, 79, 74, 76, 21, 70, 96, 62]",[],"{""accepted_indices"": [0, 1, 2, 3, 4, 5, 6, 7, 8, 9, 1, 2, 3, 4, 5, 6, 7, 8, 9], ""num_clusters"": 1, ""cluster_scores"": [0.11012384158677083]}"
235,rflbat,rflbat_final_distance_filter,"[2, 33, 45, 79, 74, 76, 21, 70, 96, 62]",[],"{""accepted_indices"": [0, 1, 2, 3, 4, 5, 6, 7, 8, 9, 1, 2, 3, 4, 5, 6, 7, 8, 9], ""eps2"": 6, ""distance_median"": 0.18326799617086484}"
236,rflbat,rflbat_first_distance_filter,"[3, 31, 95, 65, 78, 46, 71, 81, 94, 91, 31, 95, 65, 78, 46, 71, 81, 94, 91]",[],"{""accepted_indices"": [0, 1, 2, 3, 4, 5, 6, 7, 8, 9, 1, 2, 3, 4, 5, 6, 7, 8, 9], ""eps1"": 10, ""distance_median"": 0.2887987329332745}"
236,rflbat,rflbat_cluster_filter,"[3, 31, 95, 65, 78, 46, 71, 81, 94, 91, 31, 95, 65, 78, 46, 71, 81, 94, 91]",[],"{""accepted_indices"": [0, 1, 2, 3, 4, 5, 6, 7, 8, 9, 1, 2, 3, 4, 5, 6, 7, 8, 9], ""num_clusters"": 1, ""cluster_scores"": [0.09597527736168027]}"
236,rflbat,rflbat_final_distance_filter,"[3, 31, 95, 65, 78, 46, 71, 81, 94, 91]",[],"{""accepted_indices"": [0, 1, 2, 3, 4, 5, 6, 7, 8, 9, 1, 2, 3, 4, 5, 6, 7, 8, 9], ""eps2"": 6, ""distance_median"": 0.5742148046620528}"
237,rflbat,rflbat_first_distance_filter,"[1, 51, 74, 11, 96, 13, 9, 43, 58, 66, 51, 74, 11, 96, 13, 9, 43, 58, 66]",[],"{""accepted_indices"": [0, 1, 2, 3, 4, 5, 6, 7, 8, 9, 1, 2, 3, 4, 5, 6, 7, 8, 9], ""eps1"": 10, ""distance_median"": 0.22045387967738433}"
237,rflbat,rflbat_cluster_filter,"[1, 74, 11, 96, 13, 9, 43, 58, 66, 74, 11, 96, 13, 9, 43, 58, 66]",[51],"{""accepted_indices"": [0, 2, 3, 4, 5, 6, 7, 8, 9, 2, 3, 4, 5, 6, 7, 8, 9], ""num_clusters"": 2, ""cluster_scores"": [1.0000000000027345, 0.16157399027979993]}"
237,rflbat,rflbat_final_distance_filter,"[1, 74, 11, 96, 13, 9, 43, 58, 66]",[51],"{""accepted_indices"": [0, 2, 3, 4, 5, 6, 7, 8, 9, 2, 3, 4, 5, 6, 7, 8, 9], ""eps2"": 6, ""distance_median"": 0.25220461606367744}"
238,rflbat,rflbat_first_distance_filter,"[0, 49, 35, 1, 61, 19, 59, 69, 86, 58, 49, 35, 1, 61, 19, 59, 69, 86, 58]",[],"{""accepted_indices"": [0, 1, 2, 3, 4, 5, 6, 7, 8, 9, 1, 2, 3, 4, 5, 6, 7, 8, 9], ""eps1"": 10, ""distance_median"": 0.20025966709592424}"
238,rflbat,rflbat_cluster_filter,"[0, 49, 35, 1, 61, 19, 59, 69, 86, 58, 49, 35, 1, 61, 19, 59, 69, 86, 58]",[],"{""accepted_indices"": [0, 1, 2, 3, 4, 5, 6, 7, 8, 9, 1, 2, 3, 4, 5, 6, 7, 8, 9], ""num_clusters"": 1, ""cluster_scores"": [0.19824828644609804]}"
238,rflbat,rflbat_final_distance_filter,"[0, 49, 35, 1, 61, 19, 59, 69, 86, 58]",[],"{""accepted_indices"": [0, 1, 2, 3, 4, 5, 6, 7, 8, 9, 1, 2, 3, 4, 5, 6, 7, 8, 9], ""eps2"": 6, ""distance_median"": 0.3388004361814015}"
239,rflbat,rflbat_first_distance_filter,"[4, 83, 21, 90, 96, 5, 33, 46, 48, 64, 83, 21, 90, 96, 5, 33, 46, 48, 64]",[],"{""accepted_indices"": [0, 1, 2, 3, 4, 5, 6, 7, 8, 9, 1, 2, 3, 4, 5, 6, 7, 8, 9], ""eps1"": 10, ""distance_median"": 0.24519759572785738}"
239,rflbat,rflbat_cluster_filter,"[4, 83, 21, 90, 96, 5, 33, 46, 48, 64, 83, 21, 90, 96, 5, 33, 46, 48, 64]",[],"{""accepted_indices"": [0, 1, 2, 3, 4, 5, 6, 7, 8, 9, 1, 2, 3, 4, 5, 6, 7, 8, 9], ""num_clusters"": 1, ""cluster_scores"": [0.128665475133647]}"
239,rflbat,rflbat_final_distance_filter,"[4, 83, 21, 90, 96, 5, 33, 46, 48, 64]",[],"{""accepted_indices"": [0, 1, 2, 3, 4, 5, 6, 7, 8, 9, 1, 2, 3, 4, 5, 6, 7, 8, 9], ""eps2"": 6, ""distance_median"": 0.479267109089744}"
240,rflbat,rflbat_first_distance_filter,"[1, 18, 98, 38, 42, 96, 43, 91, 23, 97, 18, 98, 38, 42, 96, 43, 91, 23, 97]",[],"{""accepted_indices"": [0, 1, 2, 3, 4, 5, 6, 7, 8, 9, 1, 2, 3, 4, 5, 6, 7, 8, 9], ""eps1"": 10, ""distance_median"": 0.2632491209456273}"
240,rflbat,rflbat_cluster_filter,"[1, 18, 98, 38, 96, 43, 91, 23, 97, 18, 98, 38, 96, 43, 91, 23, 97]",[42],"{""accepted_indices"": [0, 1, 2, 3, 5, 6, 7, 8, 9, 1, 2, 3, 5, 6, 7, 8, 9], ""num_clusters"": 2, ""cluster_scores"": [0.12607950328901144, 1.0000000000026983]}"
240,rflbat,rflbat_final_distance_filter,"[1, 18, 98, 38, 96, 43, 91, 23, 97]",[42],"{""accepted_indices"": [0, 1, 2, 3, 5, 6, 7, 8, 9, 1, 2, 3, 5, 6, 7, 8, 9], ""eps2"": 6, ""distance_median"": 0.1688092985728284}"
241,rflbat,rflbat_first_distance_filter,"[2, 66, 1, 69, 80, 21, 16, 40, 52, 81, 66, 1, 69, 80, 21, 16, 40, 52, 81]",[],"{""accepted_indices"": [0, 1, 2, 3, 4, 5, 6, 7, 8, 9, 1, 2, 3, 4, 5, 6, 7, 8, 9], ""eps1"": 10, ""distance_median"": 0.1027542226427782}"
241,rflbat,rflbat_cluster_filter,"[2, 66, 1, 80, 21, 16, 40, 52, 81, 66, 1, 80, 21, 16, 40, 52, 81]",[69],"{""accepted_indices"": [0, 1, 2, 4, 5, 6, 7, 8, 9, 1, 2, 4, 5, 6, 7, 8, 9], ""num_clusters"": 2, ""cluster_scores"": [1.0000000000007812, 0.10644473283045136]}"
241,rflbat,rflbat_final_distance_filter,"[2, 66, 1, 80, 21, 16, 40, 52, 81]",[69],"{""accepted_indices"": [0, 1, 2, 4, 5, 6, 7, 8, 9, 1, 2, 4, 5, 6, 7, 8, 9], ""eps2"": 6, ""distance_median"": 0.13140409765822061}"
242,rflbat,rflbat_first_distance_filter,"[3, 80, 38, 23, 68, 99, 52, 69, 35, 45, 80, 38, 23, 68, 99, 52, 69, 35, 45]",[],"{""accepted_indices"": [0, 1, 2, 3, 4, 5, 6, 7, 8, 9, 1, 2, 3, 4, 5, 6, 7, 8, 9], ""eps1"": 10, ""distance_median"": 0.15844157122496916}"
242,rflbat,rflbat_cluster_filter,"[3, 80, 38, 23, 68, 99, 52, 69, 35, 45, 80, 38, 23, 68, 99, 52, 69, 35, 45]",[],"{""accepted_indices"": [0, 1, 2, 3, 4, 5, 6, 7, 8, 9, 1, 2, 3, 4, 5, 6, 7, 8, 9], ""num_clusters"": 1, ""cluster_scores"": [0.10324229926858497]}"
242,rflbat,rflbat_final_distance_filter,"[3, 80, 38, 23, 68, 99, 52, 69, 35, 45]",[],"{""accepted_indices"": [0, 1, 2, 3, 4, 5, 6, 7, 8, 9, 1, 2, 3, 4, 5, 6, 7, 8, 9], ""eps2"": 6, ""distance_median"": 0.30471657453321405}"
243,rflbat,rflbat_first_distance_filter,"[4, 1, 13, 11, 84, 15, 42, 12, 27, 89, 1, 13, 11, 84, 15, 42, 12, 27, 89]",[],"{""accepted_indices"": [0, 1, 2, 3, 4, 5, 6, 7, 8, 9, 1, 2, 3, 4, 5, 6, 7, 8, 9], ""eps1"": 10, ""distance_median"": 0.24095633847343623}"
243,rflbat,rflbat_cluster_filter,"[4, 1, 13, 11, 84, 15, 42, 12, 27, 89, 1, 13, 11, 84, 15, 42, 12, 27, 89]",[],"{""accepted_indices"": [0, 1, 2, 3, 4, 5, 6, 7, 8, 9, 1, 2, 3, 4, 5, 6, 7, 8, 9], ""num_clusters"": 1, ""cluster_scores"": [0.14724448503540544]}"
243,rflbat,rflbat_final_distance_filter,"[4, 1, 13, 11, 84, 15, 42, 12, 27, 89]",[],"{""accepted_indices"": [0, 1, 2, 3, 4, 5, 6, 7, 8, 9, 1, 2, 3, 4, 5, 6, 7, 8, 9], ""eps2"": 6, ""distance_median"": 0.45338487012277107}"
244,rflbat,rflbat_first_distance_filter,"[0, 64, 82, 46, 70, 77, 16, 43, 2, 28, 64, 82, 46, 70, 77, 16, 43, 2, 28]",[],"{""accepted_indices"": [0, 1, 2, 3, 4, 5, 6, 7, 8, 9, 1, 2, 3, 4, 5, 6, 7, 8, 9], ""eps1"": 10, ""distance_median"": 0.17332405809192397}"
244,rflbat,rflbat_cluster_filter,"[64, 82, 46, 70, 77, 16, 43, 2, 28, 64, 82, 46, 70, 77, 16, 43, 2, 28]",[0],"{""accepted_indices"": [1, 2, 3, 4, 5, 6, 7, 8, 9, 1, 2, 3, 4, 5, 6, 7, 8, 9], ""num_clusters"": 2, ""cluster_scores"": [0.17782757421855325, 1]}"
244,rflbat,rflbat_final_distance_filter,"[64, 82, 46, 70, 77, 16, 43, 2, 28]",[0],"{""accepted_indices"": [1, 2, 3, 4, 5, 6, 7, 8, 9, 1, 2, 3, 4, 5, 6, 7, 8, 9], ""eps2"": 6, ""distance_median"": 0.21236176209622945}"
245,rflbat,rflbat_first_distance_filter,"[4, 1, 67, 90, 3, 83, 40, 52, 0, 72, 1, 67, 90, 3, 83, 40, 52, 0, 72]",[],"{""accepted_indices"": [0, 1, 2, 3, 4, 5, 6, 7, 8, 9, 1, 2, 3, 4, 5, 6, 7, 8, 9], ""eps1"": 10, ""distance_median"": 0.11532906271822932}"
245,rflbat,rflbat_cluster_filter,"[4, 1, 67, 90, 3, 83, 40, 52, 72, 1, 67, 90, 3, 83, 40, 52, 72]",[0],"{""accepted_indices"": [0, 1, 2, 3, 4, 5, 6, 7, 9, 1, 2, 3, 4, 5, 6, 7, 9], ""num_clusters"": 2, ""cluster_scores"": [0.15714343640332154, 1.0000000000012026]}"
245,rflbat,rflbat_final_distance_filter,"[4, 1, 67, 90, 3, 83, 40, 52, 72]",[0],"{""accepted_indices"": [0, 1, 2, 3, 4, 5, 6, 7, 9, 1, 2, 3, 4, 5, 6, 7, 9], ""eps2"": 6, ""distance_median"": 0.10056993238142119}"
246,rflbat,rflbat_first_distance_filter,"[1, 29, 22, 84, 58, 57, 94, 4, 99, 20, 29, 22, 84, 58, 57, 94, 4, 99, 20]",[],"{""accepted_indices"": [0, 1, 2, 3, 4, 5, 6, 7, 8, 9, 1, 2, 3, 4, 5, 6, 7, 8, 9], ""eps1"": 10, ""distance_median"": 0.1272790883605458}"
246,rflbat,rflbat_cluster_filter,"[1, 29, 22, 84, 58, 57, 94, 4, 99, 29, 22, 84, 58, 57, 94, 4, 99]",[20],"{""accepted_indices"": [0, 1, 2, 3, 4, 5, 6, 7, 8, 1, 2, 3, 4, 5, 6, 7, 8], ""num_clusters"": 2, ""cluster_scores"": [0.10642999360750005, 1.000000000000989]}"
246,rflbat,rflbat_final_distance_filter,"[1, 29, 22, 84, 58, 57, 94, 4, 99]",[20],"{""accepted_indices"": [0, 1, 2, 3, 4, 5, 6, 7, 8, 1, 2, 3, 4, 5, 6, 7, 8], ""eps2"": 6, ""distance_median"": 0.12034455052185956}"
247,rflbat,rflbat_first_distance_filter,"[2, 49, 54, 39, 91, 52, 79, 43, 35, 67, 49, 54, 39, 91, 52, 79, 43, 35, 67]",[],"{""accepted_indices"": [0, 1, 2, 3, 4, 5, 6, 7, 8, 9, 1, 2, 3, 4, 5, 6, 7, 8, 9], ""eps1"": 10, ""distance_median"": 0.14720589137864543}"
247,rflbat,rflbat_cluster_filter,"[2, 49, 54, 39, 91, 52, 79, 43, 35, 67, 49, 54, 39, 91, 52, 79, 43, 35, 67]",[],"{""accepted_indices"": [0, 1, 2, 3, 4, 5, 6, 7, 8, 9, 1, 2, 3, 4, 5, 6, 7, 8, 9], ""num_clusters"": 1, ""cluster_scores"": [0.11527668685877927]}"
247,rflbat,rflbat_final_distance_filter,"[2, 49, 54, 39, 91, 52, 79, 43, 35, 67]",[],"{""accepted_indices"": [0, 1, 2, 3, 4, 5, 6, 7, 8, 9, 1, 2, 3, 4, 5, 6, 7, 8, 9], ""eps2"": 6, ""distance_median"": 0.2797649849707537}"
248,rflbat,rflbat_first_distance_filter,"[1, 13, 45, 63, 22, 69, 70, 92, 52, 77, 13, 45, 63, 22, 69, 70, 92, 52, 77]",[],"{""accepted_indices"": [0, 1, 2, 3, 4, 5, 6, 7, 8, 9, 1, 2, 3, 4, 5, 6, 7, 8, 9], ""eps1"": 10, ""distance_median"": 0.11572055269276418}"
248,rflbat,rflbat_cluster_filter,"[1, 13, 45, 63, 22, 69, 70, 92, 52, 77, 13, 45, 63, 22, 69, 70, 92, 52, 77]",[],"{""accepted_indices"": [0, 1, 2, 3, 4, 5, 6, 7, 8, 9, 1, 2, 3, 4, 5, 6, 7, 8, 9], ""num_clusters"": 1, ""cluster_scores"": [0.1158831788961777]}"
248,rflbat,rflbat_final_distance_filter,"[1, 13, 45, 63, 22, 69, 70, 92, 52, 77]",[],"{""accepted_indices"": [0, 1, 2, 3, 4, 5, 6, 7, 8, 9, 1, 2, 3, 4, 5, 6, 7, 8, 9], ""eps2"": 6, ""distance_median"": 0.22911054432798025}"
249,rflbat,rflbat_first_distance_filter,"[4, 81, 74, 25, 78, 70, 95, 77, 62, 27, 81, 74, 25, 78, 70, 95, 77, 62, 27]",[],"{""accepted_indices"": [0, 1, 2, 3, 4, 5, 6, 7, 8, 9, 1, 2, 3, 4, 5, 6, 7, 8, 9], ""eps1"": 10, ""distance_median"": 0.14622666795392475}"
249,rflbat,rflbat_cluster_filter,"[4, 81, 74, 25, 78, 70, 77, 62, 27, 81, 74, 25, 78, 70, 77, 62, 27]",[95],"{""accepted_indices"": [0, 1, 2, 3, 4, 5, 7, 8, 9, 1, 2, 3, 4, 5, 7, 8, 9], ""num_clusters"": 2, ""cluster_scores"": [0.12962450649335808, 1.000000000001393]}"
249,rflbat,rflbat_final_distance_filter,"[4, 81, 74, 25, 78, 70, 77, 62, 27]",[95],"{""accepted_indices"": [0, 1, 2, 3, 4, 5, 7, 8, 9, 1, 2, 3, 4, 5, 7, 8, 9], ""eps2"": 6, ""distance_median"": 0.17506210310489695}"
250,rflbat,rflbat_first_distance_filter,"[3, 2, 61, 66, 16, 63, 25, 30, 50, 26, 2, 61, 66, 16, 63, 25, 30, 50, 26]",[],"{""accepted_indices"": [0, 1, 2, 3, 4, 5, 6, 7, 8, 9, 1, 2, 3, 4, 5, 6, 7, 8, 9], ""eps1"": 10, ""distance_median"": 0.3174894328994665}"
250,rflbat,rflbat_cluster_filter,"[3, 2, 61, 66, 16, 63, 25, 50, 26, 2, 61, 66, 16, 63, 25, 50, 26]",[30],"{""accepted_indices"": [0, 1, 2, 3, 4, 5, 6, 8, 9, 1, 2, 3, 4, 5, 6, 8, 9], ""num_clusters"": 2, ""cluster_scores"": [0.11949366888581758, 1.0000000000009577]}"
250,rflbat,rflbat_final_distance_filter,"[3, 2, 61, 66, 16, 63, 25, 50, 26]",[30],"{""accepted_indices"": [0, 1, 2, 3, 4, 5, 6, 8, 9, 1, 2, 3, 4, 5, 6, 8, 9], ""eps2"": 6, ""distance_median"": 0.16025243530654176}"
251,rflbat,rflbat_first_distance_filter,"[1, 91, 76, 92, 87, 78, 57, 86, 70, 34, 91, 76, 92, 87, 78, 57, 86, 70, 34]",[],"{""accepted_indices"": [0, 1, 2, 3, 4, 5, 6, 7, 8, 9, 1, 2, 3, 4, 5, 6, 7, 8, 9], ""eps1"": 10, ""distance_median"": 0.0672862374832415}"
251,rflbat,rflbat_cluster_filter,"[1, 91, 76, 92, 87, 78, 57, 86, 70, 34, 91, 76, 92, 87, 78, 57, 86, 70, 34]",[],"{""accepted_indices"": [0, 1, 2, 3, 4, 5, 6, 7, 8, 9, 1, 2, 3, 4, 5, 6, 7, 8, 9], ""num_clusters"": 1, ""cluster_scores"": [0.09768718269660018]}"
251,rflbat,rflbat_final_distance_filter,"[1, 91, 76, 92, 87, 78, 57, 86, 70, 34]",[],"{""accepted_indices"": [0, 1, 2, 3, 4, 5, 6, 7, 8, 9, 1, 2, 3, 4, 5, 6, 7, 8, 9], ""eps2"": 6, ""distance_median"": 0.13532327123121055}"
252,rflbat,rflbat_first_distance_filter,"[4, 27, 90, 91, 55, 65, 52, 68, 51, 43, 27, 90, 91, 55, 65, 52, 68, 51, 43]",[],"{""accepted_indices"": [0, 1, 2, 3, 4, 5, 6, 7, 8, 9, 1, 2, 3, 4, 5, 6, 7, 8, 9], ""eps1"": 10, ""distance_median"": 0.11393392524593476}"
252,rflbat,rflbat_cluster_filter,"[4, 27, 90, 91, 55, 65, 52, 68, 51, 43, 27, 90, 91, 55, 65, 52, 68, 51, 43]",[],"{""accepted_indices"": [0, 1, 2, 3, 4, 5, 6, 7, 8, 9, 1, 2, 3, 4, 5, 6, 7, 8, 9], ""num_clusters"": 1, ""cluster_scores"": [0.0986230836177444]}"
252,rflbat,rflbat_final_distance_filter,"[4, 27, 90, 91, 55, 65, 52, 68, 51, 43]",[],"{""accepted_indices"": [0, 1, 2, 3, 4, 5, 6, 7, 8, 9, 1, 2, 3, 4, 5, 6, 7, 8, 9], ""eps2"": 6, ""distance_median"": 0.229445105625251}"
253,rflbat,rflbat_first_distance_filter,"[2, 78, 98, 90, 66, 93, 99, 30, 29, 25, 78, 98, 90, 66, 93, 99, 30, 29, 25]",[],"{""accepted_indices"": [0, 1, 2, 3, 4, 5, 6, 7, 8, 9, 1, 2, 3, 4, 5, 6, 7, 8, 9], ""eps1"": 10, ""distance_median"": 0.1277322183093387}"
253,rflbat,rflbat_cluster_filter,"[2, 78, 98, 90, 66, 93, 99, 30, 29, 25, 78, 98, 90, 66, 93, 99, 30, 29, 25]",[],"{""accepted_indices"": [0, 1, 2, 3, 4, 5, 6, 7, 8, 9, 1, 2, 3, 4, 5, 6, 7, 8, 9], ""num_clusters"": 1, ""cluster_scores"": [0.09145679919147702]}"
253,rflbat,rflbat_final_distance_filter,"[2, 78, 98, 90, 66, 93, 99, 30, 29, 25]",[],"{""accepted_indices"": [0, 1, 2, 3, 4, 5, 6, 7, 8, 9, 1, 2, 3, 4, 5, 6, 7, 8, 9], ""eps2"": 6, ""distance_median"": 0.256782295429841}"
254,rflbat,rflbat_first_distance_filter,"[1, 92, 34, 78, 33, 94, 99, 45, 89, 37, 92, 34, 78, 33, 94, 99, 45, 89, 37]",[],"{""accepted_indices"": [0, 1, 2, 3, 4, 5, 6, 7, 8, 9, 1, 2, 3, 4, 5, 6, 7, 8, 9], ""eps1"": 10, ""distance_median"": 0.07948359184533643}"
254,rflbat,rflbat_cluster_filter,"[1, 92, 34, 78, 33, 94, 99, 45, 89, 37, 92, 34, 78, 33, 94, 99, 45, 89, 37]",[],"{""accepted_indices"": [0, 1, 2, 3, 4, 5, 6, 7, 8, 9, 1, 2, 3, 4, 5, 6, 7, 8, 9], ""num_clusters"": 1, ""cluster_scores"": [0.11257049841053053]}"
254,rflbat,rflbat_final_distance_filter,"[1, 92, 34, 78, 33, 94, 99, 45, 89, 37]",[],"{""accepted_indices"": [0, 1, 2, 3, 4, 5, 6, 7, 8, 9, 1, 2, 3, 4, 5, 6, 7, 8, 9], ""eps2"": 6, ""distance_median"": 0.1599985836957408}"
255,rflbat,rflbat_first_distance_filter,"[4, 32, 92, 55, 57, 7, 64, 93, 76, 31, 32, 92, 55, 57, 7, 64, 93, 76, 31]",[],"{""accepted_indices"": [0, 1, 2, 3, 4, 5, 6, 7, 8, 9, 1, 2, 3, 4, 5, 6, 7, 8, 9], ""eps1"": 10, ""distance_median"": 0.11987721395838738}"
255,rflbat,rflbat_cluster_filter,"[4, 32, 92, 55, 57, 7, 64, 93, 76, 31, 32, 92, 55, 57, 7, 64, 93, 76, 31]",[],"{""accepted_indices"": [0, 1, 2, 3, 4, 5, 6, 7, 8, 9, 1, 2, 3, 4, 5, 6, 7, 8, 9], ""num_clusters"": 1, ""cluster_scores"": [0.07673539168455389]}"
255,rflbat,rflbat_final_distance_filter,"[4, 32, 92, 55, 57, 7, 64, 93, 76, 31]",[],"{""accepted_indices"": [0, 1, 2, 3, 4, 5, 6, 7, 8, 9, 1, 2, 3, 4, 5, 6, 7, 8, 9], ""eps2"": 6, ""distance_median"": 0.23694562963528584}"
256,rflbat,rflbat_first_distance_filter,"[1, 71, 37, 31, 35, 85, 86, 16, 59, 47, 71, 37, 31, 35, 85, 86, 16, 59, 47]",[],"{""accepted_indices"": [0, 1, 2, 3, 4, 5, 6, 7, 8, 9, 1, 2, 3, 4, 5, 6, 7, 8, 9], ""eps1"": 10, ""distance_median"": 0.1761112373119337}"
256,rflbat,rflbat_cluster_filter,"[1, 37, 31, 35, 86, 16, 59, 47, 37, 31, 35, 86, 16, 59, 47]","[71, 85]","{""accepted_indices"": [0, 2, 3, 4, 6, 7, 8, 9, 2, 3, 4, 6, 7, 8, 9], ""num_clusters"": 2, ""cluster_scores"": [0.15445338490881533, 0.7338732647046338]}"
256,rflbat,rflbat_final_distance_filter,"[1, 37, 31, 35, 86, 16, 59, 47]","[71, 85]","{""accepted_indices"": [0, 2, 3, 4, 6, 7, 8, 9, 2, 3, 4, 6, 7, 8, 9], ""eps2"": 6, ""distance_median"": 0.18407470885271052}"
257,rflbat,rflbat_first_distance_filter,"[1, 82, 45, 15, 8, 97, 83, 0, 66, 40, 82, 45, 15, 8, 97, 83, 0, 66, 40]",[],"{""accepted_indices"": [0, 1, 2, 3, 4, 5, 6, 7, 8, 9, 1, 2, 3, 4, 5, 6, 7, 8, 9], ""eps1"": 10, ""distance_median"": 0.1813848040295129}"
257,rflbat,rflbat_cluster_filter,"[1, 82, 45, 15, 8, 97, 83, 0, 66, 40, 82, 45, 15, 8, 97, 83, 0, 66, 40]",[],"{""accepted_indices"": [0, 1, 2, 3, 4, 5, 6, 7, 8, 9, 1, 2, 3, 4, 5, 6, 7, 8, 9], ""num_clusters"": 1, ""cluster_scores"": [0.09949904513117779]}"
257,rflbat,rflbat_final_distance_filter,"[1, 82, 45, 15, 8, 97, 83, 0, 66, 40]",[],"{""accepted_indices"": [0, 1, 2, 3, 4, 5, 6, 7, 8, 9, 1, 2, 3, 4, 5, 6, 7, 8, 9], ""eps2"": 6, ""distance_median"": 0.3588256441581214}"
258,rflbat,rflbat_first_distance_filter,"[2, 72, 77, 46, 67, 80, 51, 59, 81, 28, 72, 77, 46, 67, 80, 51, 59, 81, 28]",[],"{""accepted_indices"": [0, 1, 2, 3, 4, 5, 6, 7, 8, 9, 1, 2, 3, 4, 5, 6, 7, 8, 9], ""eps1"": 10, ""distance_median"": 0.14941231635539878}"
258,rflbat,rflbat_cluster_filter,"[2, 72, 77, 46, 67, 80, 51, 59, 81, 28, 72, 77, 46, 67, 80, 51, 59, 81, 28]",[],"{""accepted_indices"": [0, 1, 2, 3, 4, 5, 6, 7, 8, 9, 1, 2, 3, 4, 5, 6, 7, 8, 9], ""num_clusters"": 1, ""cluster_scores"": [0.10395280005462652]}"
258,rflbat,rflbat_final_distance_filter,"[2, 72, 77, 46, 67, 80, 51, 59, 81, 28]",[],"{""accepted_indices"": [0, 1, 2, 3, 4, 5, 6, 7, 8, 9, 1, 2, 3, 4, 5, 6, 7, 8, 9], ""eps2"": 6, ""distance_median"": 0.2949453525084254}"
259,rflbat,rflbat_first_distance_filter,"[1, 14, 87, 68, 31, 92, 54, 33, 39, 53, 14, 87, 68, 31, 92, 54, 33, 39, 53]",[],"{""accepted_indices"": [0, 1, 2, 3, 4, 5, 6, 7, 8, 9, 1, 2, 3, 4, 5, 6, 7, 8, 9], ""eps1"": 10, ""distance_median"": 0.16696078856334146}"
259,rflbat,rflbat_cluster_filter,"[1, 14, 87, 68, 31, 92, 54, 33, 39, 53, 14, 87, 68, 31, 92, 54, 33, 39, 53]",[],"{""accepted_indices"": [0, 1, 2, 3, 4, 5, 6, 7, 8, 9, 1, 2, 3, 4, 5, 6, 7, 8, 9], ""num_clusters"": 1, ""cluster_scores"": [0.12970042326778963]}"
259,rflbat,rflbat_final_distance_filter,"[1, 14, 87, 68, 31, 92, 54, 33, 39, 53]",[],"{""accepted_indices"": [0, 1, 2, 3, 4, 5, 6, 7, 8, 9, 1, 2, 3, 4, 5, 6, 7, 8, 9], ""eps2"": 6, ""distance_median"": 0.3297271111746813}"
260,rflbat,rflbat_first_distance_filter,"[2, 46, 14, 42, 93, 17, 62, 85, 60, 23, 46, 14, 42, 93, 17, 62, 85, 60, 23]",[],"{""accepted_indices"": [0, 1, 2, 3, 4, 5, 6, 7, 8, 9, 1, 2, 3, 4, 5, 6, 7, 8, 9], ""eps1"": 10, ""distance_median"": 0.20250407337447893}"
260,rflbat,rflbat_cluster_filter,"[2, 46, 14, 42, 93, 17, 62, 85, 60, 23, 46, 14, 42, 93, 17, 62, 85, 60, 23]",[],"{""accepted_indices"": [0, 1, 2, 3, 4, 5, 6, 7, 8, 9, 1, 2, 3, 4, 5, 6, 7, 8, 9], ""num_clusters"": 1, ""cluster_scores"": [0.11879663771364478]}"
260,rflbat,rflbat_final_distance_filter,"[2, 46, 14, 42, 93, 17, 62, 85, 60, 23]",[],"{""accepted_indices"": [0, 1, 2, 3, 4, 5, 6, 7, 8, 9, 1, 2, 3, 4, 5, 6, 7, 8, 9], ""eps2"": 6, ""distance_median"": 0.4010357413796574}"
261,rflbat,rflbat_first_distance_filter,"[3, 68, 46, 31, 22, 16, 98, 26, 9, 67, 68, 46, 31, 22, 16, 98, 26, 9, 67]",[],"{""accepted_indices"": [0, 1, 2, 3, 4, 5, 6, 7, 8, 9, 1, 2, 3, 4, 5, 6, 7, 8, 9], ""eps1"": 10, ""distance_median"": 0.1470178793432853}"
261,rflbat,rflbat_cluster_filter,"[3, 68, 31, 22, 16, 98, 26, 9, 67, 68, 31, 22, 16, 98, 26, 9, 67]",[46],"{""accepted_indices"": [0, 1, 3, 4, 5, 6, 7, 8, 9, 1, 3, 4, 5, 6, 7, 8, 9], ""num_clusters"": 2, ""cluster_scores"": [0.110612691826623, 1.0000000000016651]}"
261,rflbat,rflbat_final_distance_filter,"[3, 68, 31, 22, 16, 98, 26, 9, 67]",[46],"{""accepted_indices"": [0, 1, 3, 4, 5, 6, 7, 8, 9, 1, 3, 4, 5, 6, 7, 8, 9], ""eps2"": 6, ""distance_median"": 0.21397988445672655}"
262,rflbat,rflbat_first_distance_filter,"[3, 0, 28, 44, 8, 53, 45, 1, 49, 7, 0, 28, 44, 8, 53, 45, 1, 49, 7]",[],"{""accepted_indices"": [0, 1, 2, 3, 4, 5, 6, 7, 8, 9, 1, 2, 3, 4, 5, 6, 7, 8, 9], ""eps1"": 10, ""distance_median"": 0.19428534482039814}"
262,rflbat,rflbat_cluster_filter,"[3, 0, 28, 44, 8, 53, 45, 1, 49, 7, 0, 28, 44, 8, 53, 45, 1, 49, 7]",[],"{""accepted_indices"": [0, 1, 2, 3, 4, 5, 6, 7, 8, 9, 1, 2, 3, 4, 5, 6, 7, 8, 9], ""num_clusters"": 1, ""cluster_scores"": [0.14847857133106637]}"
262,rflbat,rflbat_final_distance_filter,"[3, 0, 28, 44, 8, 53, 45, 1, 49, 7]",[],"{""accepted_indices"": [0, 1, 2, 3, 4, 5, 6, 7, 8, 9, 1, 2, 3, 4, 5, 6, 7, 8, 9], ""eps2"": 6, ""distance_median"": 0.3931211257188352}"
263,rflbat,rflbat_first_distance_filter,"[4, 87, 33, 45, 64, 68, 61, 99, 85, 10, 87, 33, 45, 64, 68, 61, 99, 85, 10]",[],"{""accepted_indices"": [0, 1, 2, 3, 4, 5, 6, 7, 8, 9, 1, 2, 3, 4, 5, 6, 7, 8, 9], ""eps1"": 10, ""distance_median"": 0.20970145979208699}"
263,rflbat,rflbat_cluster_filter,"[4, 87, 33, 45, 64, 68, 61, 99, 85, 10, 87, 33, 45, 64, 68, 61, 99, 85, 10]",[],"{""accepted_indices"": [0, 1, 2, 3, 4, 5, 6, 7, 8, 9, 1, 2, 3, 4, 5, 6, 7, 8, 9], ""num_clusters"": 1, ""cluster_scores"": [0.1250459657487801]}"
263,rflbat,rflbat_final_distance_filter,"[4, 87, 33, 45, 64, 68, 61, 99, 85, 10]",[],"{""accepted_indices"": [0, 1, 2, 3, 4, 5, 6, 7, 8, 9, 1, 2, 3, 4, 5, 6, 7, 8, 9], ""eps2"": 6, ""distance_median"": 0.4160748306384111}"
264,rflbat,rflbat_first_distance_filter,"[0, 84, 57, 59, 91, 28, 75, 24, 22, 51, 84, 57, 59, 91, 28, 75, 24, 22, 51]",[],"{""accepted_indices"": [0, 1, 2, 3, 4, 5, 6, 7, 8, 9, 1, 2, 3, 4, 5, 6, 7, 8, 9], ""eps1"": 10, ""distance_median"": 0.1627216599081655}"
264,rflbat,rflbat_cluster_filter,"[0, 84, 57, 59, 91, 28, 75, 24, 22, 51, 84, 57, 59, 91, 28, 75, 24, 22, 51]",[],"{""accepted_indices"": [0, 1, 2, 3, 4, 5, 6, 7, 8, 9, 1, 2, 3, 4, 5, 6, 7, 8, 9], ""num_clusters"": 1, ""cluster_scores"": [0.1013455785560865]}"
264,rflbat,rflbat_final_distance_filter,"[0, 84, 57, 59, 91, 28, 75, 24, 22, 51]",[],"{""accepted_indices"": [0, 1, 2, 3, 4, 5, 6, 7, 8, 9, 1, 2, 3, 4, 5, 6, 7, 8, 9], ""eps2"": 6, ""distance_median"": 0.2420000464083497}"
265,rflbat,rflbat_first_distance_filter,"[4, 22, 21, 15, 53, 18, 42, 57, 37, 11, 22, 21, 15, 53, 18, 42, 57, 37, 11]",[],"{""accepted_indices"": [0, 1, 2, 3, 4, 5, 6, 7, 8, 9, 1, 2, 3, 4, 5, 6, 7, 8, 9], ""eps1"": 10, ""distance_median"": 0.1578334726659969}"
265,rflbat,rflbat_cluster_filter,"[4, 22, 21, 15, 53, 18, 42, 57, 37, 11, 22, 21, 15, 53, 18, 42, 57, 37, 11]",[],"{""accepted_indices"": [0, 1, 2, 3, 4, 5, 6, 7, 8, 9, 1, 2, 3, 4, 5, 6, 7, 8, 9], ""num_clusters"": 1, ""cluster_scores"": [0.09835495703029466]}"
265,rflbat,rflbat_final_distance_filter,"[4, 22, 21, 15, 53, 18, 42, 57, 37, 11]",[],"{""accepted_indices"": [0, 1, 2, 3, 4, 5, 6, 7, 8, 9, 1, 2, 3, 4, 5, 6, 7, 8, 9], ""eps2"": 6, ""distance_median"": 0.33862324733156707}"
266,rflbat,rflbat_first_distance_filter,"[1, 20, 54, 29, 23, 17, 13, 78, 44, 38, 20, 54, 29, 23, 17, 13, 78, 44, 38]",[],"{""accepted_indices"": [0, 1, 2, 3, 4, 5, 6, 7, 8, 9, 1, 2, 3, 4, 5, 6, 7, 8, 9], ""eps1"": 10, ""distance_median"": 0.19008586372613975}"
266,rflbat,rflbat_cluster_filter,"[1, 20, 54, 29, 23, 17, 13, 78, 44, 38, 20, 54, 29, 23, 17, 13, 78, 44, 38]",[],"{""accepted_indices"": [0, 1, 2, 3, 4, 5, 6, 7, 8, 9, 1, 2, 3, 4, 5, 6, 7, 8, 9], ""num_clusters"": 1, ""cluster_scores"": [0.1350216607863195]}"
266,rflbat,rflbat_final_distance_filter,"[1, 20, 54, 29, 23, 17, 13, 78, 44, 38]",[],"{""accepted_indices"": [0, 1, 2, 3, 4, 5, 6, 7, 8, 9, 1, 2, 3, 4, 5, 6, 7, 8, 9], ""eps2"": 6, ""distance_median"": 0.37890347107770384}"
267,rflbat,rflbat_first_distance_filter,"[4, 81, 53, 66, 52, 91, 86, 27, 87, 74, 81, 53, 66, 52, 91, 86, 27, 87, 74]",[],"{""accepted_indices"": [0, 1, 2, 3, 4, 5, 6, 7, 8, 9, 1, 2, 3, 4, 5, 6, 7, 8, 9], ""eps1"": 10, ""distance_median"": 0.10890714281915354}"
267,rflbat,rflbat_cluster_filter,"[4, 81, 53, 66, 52, 91, 86, 27, 87, 74, 81, 53, 66, 52, 91, 86, 27, 87, 74]",[],"{""accepted_indices"": [0, 1, 2, 3, 4, 5, 6, 7, 8, 9, 1, 2, 3, 4, 5, 6, 7, 8, 9], ""num_clusters"": 1, ""cluster_scores"": [0.12068023503519136]}"
267,rflbat,rflbat_final_distance_filter,"[4, 81, 53, 66, 52, 91, 86, 27, 87, 74]",[],"{""accepted_indices"": [0, 1, 2, 3, 4, 5, 6, 7, 8, 9, 1, 2, 3, 4, 5, 6, 7, 8, 9], ""eps2"": 6, ""distance_median"": 0.21801482793236512}"
268,rflbat,rflbat_first_distance_filter,"[4, 0, 86, 64, 34, 9, 20, 87, 58, 18, 0, 86, 64, 34, 9, 20, 87, 58, 18]",[],"{""accepted_indices"": [0, 1, 2, 3, 4, 5, 6, 7, 8, 9, 1, 2, 3, 4, 5, 6, 7, 8, 9], ""eps1"": 10, ""distance_median"": 0.1382548458552535}"
268,rflbat,rflbat_cluster_filter,"[4, 0, 86, 64, 34, 9, 20, 87, 58, 18, 0, 86, 64, 34, 9, 20, 87, 58, 18]",[],"{""accepted_indices"": [0, 1, 2, 3, 4, 5, 6, 7, 8, 9, 1, 2, 3, 4, 5, 6, 7, 8, 9], ""num_clusters"": 1, ""cluster_scores"": [0.10606134571056776]}"
268,rflbat,rflbat_final_distance_filter,"[4, 0, 86, 64, 34, 9, 20, 87, 58, 18]",[],"{""accepted_indices"": [0, 1, 2, 3, 4, 5, 6, 7, 8, 9, 1, 2, 3, 4, 5, 6, 7, 8, 9], ""eps2"": 6, ""distance_median"": 0.27900310022561736}"
269,rflbat,rflbat_first_distance_filter,"[4, 36, 27, 14, 37, 82, 48, 58, 12, 61, 36, 27, 14, 37, 82, 48, 58, 12, 61]",[],"{""accepted_indices"": [0, 1, 2, 3, 4, 5, 6, 7, 8, 9, 1, 2, 3, 4, 5, 6, 7, 8, 9], ""eps1"": 10, ""distance_median"": 0.19211586852126997}"
269,rflbat,rflbat_cluster_filter,"[4, 36, 27, 14, 37, 82, 48, 58, 12, 61, 36, 27, 14, 37, 82, 48, 58, 12, 61]",[],"{""accepted_indices"": [0, 1, 2, 3, 4, 5, 6, 7, 8, 9, 1, 2, 3, 4, 5, 6, 7, 8, 9], ""num_clusters"": 1, ""cluster_scores"": [0.128699242586725]}"
269,rflbat,rflbat_final_distance_filter,"[4, 36, 27, 14, 37, 82, 48, 58, 12, 61]",[],"{""accepted_indices"": [0, 1, 2, 3, 4, 5, 6, 7, 8, 9, 1, 2, 3, 4, 5, 6, 7, 8, 9], ""eps2"": 6, ""distance_median"": 0.32747876749497234}"
270,rflbat,rflbat_first_distance_filter,"[2, 32, 92, 28, 59, 53, 23, 47, 99, 82, 32, 92, 28, 59, 53, 23, 47, 99, 82]",[],"{""accepted_indices"": [0, 1, 2, 3, 4, 5, 6, 7, 8, 9, 1, 2, 3, 4, 5, 6, 7, 8, 9], ""eps1"": 10, ""distance_median"": 0.1509285166526518}"
270,rflbat,rflbat_cluster_filter,"[2, 32, 92, 28, 59, 53, 23, 47, 99, 82, 32, 92, 28, 59, 53, 23, 47, 99, 82]",[],"{""accepted_indices"": [0, 1, 2, 3, 4, 5, 6, 7, 8, 9, 1, 2, 3, 4, 5, 6, 7, 8, 9], ""num_clusters"": 1, ""cluster_scores"": [0.11604056854139774]}"
270,rflbat,rflbat_final_distance_filter,"[2, 32, 92, 28, 59, 53, 23, 47, 99, 82]",[],"{""accepted_indices"": [0, 1, 2, 3, 4, 5, 6, 7, 8, 9, 1, 2, 3, 4, 5, 6, 7, 8, 9], ""eps2"": 6, ""distance_median"": 0.3126610371451004}"
271,rflbat,rflbat_first_distance_filter,"[1, 22, 66, 4, 34, 52, 96, 29, 47, 68, 22, 66, 4, 34, 52, 96, 29, 47, 68]",[],"{""accepted_indices"": [0, 1, 2, 3, 4, 5, 6, 7, 8, 9, 1, 2, 3, 4, 5, 6, 7, 8, 9], ""eps1"": 10, ""distance_median"": 0.19704611967354083}"
271,rflbat,rflbat_cluster_filter,"[1, 22, 66, 4, 34, 52, 96, 29, 47, 68, 22, 66, 4, 34, 52, 96, 29, 47, 68]",[],"{""accepted_indices"": [0, 1, 2, 3, 4, 5, 6, 7, 8, 9, 1, 2, 3, 4, 5, 6, 7, 8, 9], ""num_clusters"": 1, ""cluster_scores"": [0.11073710302743307]}"
271,rflbat,rflbat_final_distance_filter,"[1, 22, 66, 4, 34, 52, 96, 29, 47, 68]",[],"{""accepted_indices"": [0, 1, 2, 3, 4, 5, 6, 7, 8, 9, 1, 2, 3, 4, 5, 6, 7, 8, 9], ""eps2"": 6, ""distance_median"": 0.3931334236073209}"
272,rflbat,rflbat_first_distance_filter,"[1, 94, 20, 71, 91, 23, 2, 5, 44, 39, 94, 20, 71, 91, 23, 2, 5, 44, 39]",[],"{""accepted_indices"": [0, 1, 2, 3, 4, 5, 6, 7, 8, 9, 1, 2, 3, 4, 5, 6, 7, 8, 9], ""eps1"": 10, ""distance_median"": 0.1310548030141694}"
272,rflbat,rflbat_cluster_filter,"[1, 94, 20, 71, 91, 23, 2, 5, 44, 39, 94, 20, 71, 91, 23, 2, 5, 44, 39]",[],"{""accepted_indices"": [0, 1, 2, 3, 4, 5, 6, 7, 8, 9, 1, 2, 3, 4, 5, 6, 7, 8, 9], ""num_clusters"": 1, ""cluster_scores"": [0.1109861376876872]}"
272,rflbat,rflbat_final_distance_filter,"[1, 94, 20, 71, 91, 23, 2, 5, 44, 39]",[],"{""accepted_indices"": [0, 1, 2, 3, 4, 5, 6, 7, 8, 9, 1, 2, 3, 4, 5, 6, 7, 8, 9], ""eps2"": 6, ""distance_median"": 0.2630836927499363}"
273,rflbat,rflbat_first_distance_filter,"[2, 60, 5, 4, 69, 15, 19, 23, 98, 0, 60, 5, 4, 69, 15, 19, 23, 98, 0]",[],"{""accepted_indices"": [0, 1, 2, 3, 4, 5, 6, 7, 8, 9, 1, 2, 3, 4, 5, 6, 7, 8, 9], ""eps1"": 10, ""distance_median"": 0.1511713605759133}"
273,rflbat,rflbat_cluster_filter,"[2, 60, 5, 4, 69, 15, 19, 23, 98, 0, 60, 5, 4, 69, 15, 19, 23, 98, 0]",[],"{""accepted_indices"": [0, 1, 2, 3, 4, 5, 6, 7, 8, 9, 1, 2, 3, 4, 5, 6, 7, 8, 9], ""num_clusters"": 1, ""cluster_scores"": [0.08790845177993893]}"
273,rflbat,rflbat_final_distance_filter,"[2, 60, 5, 4, 69, 15, 19, 23, 98, 0]",[],"{""accepted_indices"": [0, 1, 2, 3, 4, 5, 6, 7, 8, 9, 1, 2, 3, 4, 5, 6, 7, 8, 9], ""eps2"": 6, ""distance_median"": 0.30726151651778816}"
274,rflbat,rflbat_first_distance_filter,"[3, 71, 26, 0, 68, 98, 78, 47, 6, 2, 71, 26, 0, 68, 98, 78, 47, 6, 2]",[],"{""accepted_indices"": [0, 1, 2, 3, 4, 5, 6, 7, 8, 9, 1, 2, 3, 4, 5, 6, 7, 8, 9], ""eps1"": 10, ""distance_median"": 0.14970802269777755}"
274,rflbat,rflbat_cluster_filter,"[3, 71, 26, 0, 68, 98, 78, 47, 6, 2, 71, 26, 0, 68, 98, 78, 47, 6, 2]",[],"{""accepted_indices"": [0, 1, 2, 3, 4, 5, 6, 7, 8, 9, 1, 2, 3, 4, 5, 6, 7, 8, 9], ""num_clusters"": 1, ""cluster_scores"": [0.08304483975601541]}"
274,rflbat,rflbat_final_distance_filter,"[3, 71, 26, 0, 68, 98, 78, 47, 6, 2]",[],"{""accepted_indices"": [0, 1, 2, 3, 4, 5, 6, 7, 8, 9, 1, 2, 3, 4, 5, 6, 7, 8, 9], ""eps2"": 6, ""distance_median"": 0.2985485708461538}"
275,rflbat,rflbat_first_distance_filter,"[2, 49, 26, 1, 60, 57, 54, 91, 58, 51, 49, 26, 1, 60, 57, 54, 91, 58, 51]",[],"{""accepted_indices"": [0, 1, 2, 3, 4, 5, 6, 7, 8, 9, 1, 2, 3, 4, 5, 6, 7, 8, 9], ""eps1"": 10, ""distance_median"": 0.26802662995822246}"
275,rflbat,rflbat_cluster_filter,"[2, 49, 1, 60, 57, 54, 91, 58, 51, 49, 1, 60, 57, 54, 91, 58, 51]",[26],"{""accepted_indices"": [0, 1, 3, 4, 5, 6, 7, 8, 9, 1, 3, 4, 5, 6, 7, 8, 9], ""num_clusters"": 2, ""cluster_scores"": [1.0000000000018638, 0.09674330181501217]}"
275,rflbat,rflbat_final_distance_filter,"[2, 49, 1, 60, 57, 91, 58, 51]","[26, 54]","{""accepted_indices"": [0, 1, 3, 4, 5, 7, 8, 9, 1, 3, 4, 5, 7, 8, 9], ""eps2"": 6, ""distance_median"": 0.15617619463381927}"
276,rflbat,rflbat_first_distance_filter,"[1, 45, 78, 70, 51, 40, 41, 2, 3, 75, 45, 78, 70, 51, 40, 41, 2, 3, 75]",[],"{""accepted_indices"": [0, 1, 2, 3, 4, 5, 6, 7, 8, 9, 1, 2, 3, 4, 5, 6, 7, 8, 9], ""eps1"": 10, ""distance_median"": 0.13844400550488314}"
276,rflbat,rflbat_cluster_filter,"[1, 45, 78, 70, 51, 40, 41, 2, 3, 75, 45, 78, 70, 51, 40, 41, 2, 3, 75]",[],"{""accepted_indices"": [0, 1, 2, 3, 4, 5, 6, 7, 8, 9, 1, 2, 3, 4, 5, 6, 7, 8, 9], ""num_clusters"": 1, ""cluster_scores"": [0.098045975270552]}"
276,rflbat,rflbat_final_distance_filter,"[1, 45, 78, 70, 51, 40, 41, 2, 3, 75]",[],"{""accepted_indices"": [0, 1, 2, 3, 4, 5, 6, 7, 8, 9, 1, 2, 3, 4, 5, 6, 7, 8, 9], ""eps2"": 6, ""distance_median"": 0.27678953202373746}"
277,rflbat,rflbat_first_distance_filter,"[1, 62, 25, 42, 4, 63, 18, 36, 54, 12, 62, 25, 42, 4, 63, 18, 36, 54, 12]",[],"{""accepted_indices"": [0, 1, 2, 3, 4, 5, 6, 7, 8, 9, 1, 2, 3, 4, 5, 6, 7, 8, 9], ""eps1"": 10, ""distance_median"": 0.15780877033177687}"
277,rflbat,rflbat_cluster_filter,"[1, 62, 25, 42, 4, 63, 18, 36, 54, 12, 62, 25, 42, 4, 63, 18, 36, 54, 12]",[],"{""accepted_indices"": [0, 1, 2, 3, 4, 5, 6, 7, 8, 9, 1, 2, 3, 4, 5, 6, 7, 8, 9], ""num_clusters"": 1, ""cluster_scores"": [0.09788147313586192]}"
277,rflbat,rflbat_final_distance_filter,"[1, 62, 25, 42, 4, 63, 18, 36, 54, 12]",[],"{""accepted_indices"": [0, 1, 2, 3, 4, 5, 6, 7, 8, 9, 1, 2, 3, 4, 5, 6, 7, 8, 9], ""eps2"": 6, ""distance_median"": 0.32382029394783174}"
278,rflbat,rflbat_first_distance_filter,"[0, 55, 39, 76, 99, 17, 96, 41, 52, 9, 55, 39, 76, 99, 17, 96, 41, 52, 9]",[],"{""accepted_indices"": [0, 1, 2, 3, 4, 5, 6, 7, 8, 9, 1, 2, 3, 4, 5, 6, 7, 8, 9], ""eps1"": 10, ""distance_median"": 0.1496637330009396}"
278,rflbat,rflbat_cluster_filter,"[0, 55, 39, 76, 99, 17, 96, 41, 52, 9, 55, 39, 76, 99, 17, 96, 41, 52, 9]",[],"{""accepted_indices"": [0, 1, 2, 3, 4, 5, 6, 7, 8, 9, 1, 2, 3, 4, 5, 6, 7, 8, 9], ""num_clusters"": 1, ""cluster_scores"": [0.10506232081172072]}"
278,rflbat,rflbat_final_distance_filter,"[0, 55, 39, 76, 99, 17, 96, 41, 52, 9]",[],"{""accepted_indices"": [0, 1, 2, 3, 4, 5, 6, 7, 8, 9, 1, 2, 3, 4, 5, 6, 7, 8, 9], ""eps2"": 6, ""distance_median"": 0.24112041132867224}"
279,rflbat,rflbat_first_distance_filter,"[4, 90, 76, 20, 5, 38, 1, 70, 83, 29, 90, 76, 20, 5, 38, 1, 70, 83, 29]",[],"{""accepted_indices"": [0, 1, 2, 3, 4, 5, 6, 7, 8, 9, 1, 2, 3, 4, 5, 6, 7, 8, 9], ""eps1"": 10, ""distance_median"": 0.15888173287677454}"
279,rflbat,rflbat_cluster_filter,"[4, 90, 76, 20, 5, 38, 1, 70, 83, 29, 90, 76, 20, 5, 38, 1, 70, 83, 29]",[],"{""accepted_indices"": [0, 1, 2, 3, 4, 5, 6, 7, 8, 9, 1, 2, 3, 4, 5, 6, 7, 8, 9], ""num_clusters"": 1, ""cluster_scores"": [0.14116098126147725]}"
279,rflbat,rflbat_final_distance_filter,"[4, 90, 76, 20, 5, 38, 1, 70, 83, 29]",[],"{""accepted_indices"": [0, 1, 2, 3, 4, 5, 6, 7, 8, 9, 1, 2, 3, 4, 5, 6, 7, 8, 9], ""eps2"": 6, ""distance_median"": 0.3165056795353261}"
280,rflbat,rflbat_first_distance_filter,"[1, 81, 4, 31, 0, 97, 33, 73, 84, 34, 81, 4, 31, 0, 97, 33, 73, 84, 34]",[],"{""accepted_indices"": [0, 1, 2, 3, 4, 5, 6, 7, 8, 9, 1, 2, 3, 4, 5, 6, 7, 8, 9], ""eps1"": 10, ""distance_median"": 0.24927395688436177}"
280,rflbat,rflbat_cluster_filter,"[1, 81, 4, 31, 0, 97, 33, 73, 84, 34, 81, 4, 31, 0, 97, 33, 73, 84, 34]",[],"{""accepted_indices"": [0, 1, 2, 3, 4, 5, 6, 7, 8, 9, 1, 2, 3, 4, 5, 6, 7, 8, 9], ""num_clusters"": 1, ""cluster_scores"": [0.1466686575921691]}"
280,rflbat,rflbat_final_distance_filter,"[1, 81, 4, 31, 0, 97, 33, 73, 84, 34]",[],"{""accepted_indices"": [0, 1, 2, 3, 4, 5, 6, 7, 8, 9, 1, 2, 3, 4, 5, 6, 7, 8, 9], ""eps2"": 6, ""distance_median"": 0.5052660572844677}"
281,rflbat,rflbat_first_distance_filter,"[4, 99, 27, 97, 61, 95, 98, 89, 67, 85, 99, 27, 97, 61, 95, 98, 89, 67, 85]",[],"{""accepted_indices"": [0, 1, 2, 3, 4, 5, 6, 7, 8, 9, 1, 2, 3, 4, 5, 6, 7, 8, 9], ""eps1"": 10, ""distance_median"": 0.23505280776013743}"
281,rflbat,rflbat_cluster_filter,"[4, 99, 27, 97, 61, 95, 98, 89, 67, 85, 99, 27, 97, 61, 95, 98, 89, 67, 85]",[],"{""accepted_indices"": [0, 1, 2, 3, 4, 5, 6, 7, 8, 9, 1, 2, 3, 4, 5, 6, 7, 8, 9], ""num_clusters"": 1, ""cluster_scores"": [0.12618422215797157]}"
281,rflbat,rflbat_final_distance_filter,"[4, 99, 27, 97, 61, 95, 98, 89, 67, 85]",[],"{""accepted_indices"": [0, 1, 2, 3, 4, 5, 6, 7, 8, 9, 1, 2, 3, 4, 5, 6, 7, 8, 9], ""eps2"": 6, ""distance_median"": 0.4736798379854331}"
282,rflbat,rflbat_first_distance_filter,"[2, 75, 40, 83, 77, 66, 48, 9, 46, 8, 75, 40, 83, 77, 66, 48, 9, 46, 8]",[],"{""accepted_indices"": [0, 1, 2, 3, 4, 5, 6, 7, 8, 9, 1, 2, 3, 4, 5, 6, 7, 8, 9], ""eps1"": 10, ""distance_median"": 0.2420653696381038}"
282,rflbat,rflbat_cluster_filter,"[2, 75, 40, 83, 77, 66, 46, 8, 75, 40, 83, 77, 66, 46, 8]","[48, 9]","{""accepted_indices"": [0, 1, 2, 3, 4, 5, 8, 9, 1, 2, 3, 4, 5, 8, 9], ""num_clusters"": 3, ""cluster_scores"": [0.14557208500425917, 1.0000000000031843, 1.0000000000025489]}"
282,rflbat,rflbat_final_distance_filter,"[2, 75, 40, 83, 77, 66, 46, 8]","[48, 9]","{""accepted_indices"": [0, 1, 2, 3, 4, 5, 8, 9, 1, 2, 3, 4, 5, 8, 9], ""eps2"": 6, ""distance_median"": 0.12687918448062763}"
283,rflbat,rflbat_first_distance_filter,"[3, 84, 76, 90, 89, 81, 69, 79, 12, 77, 84, 76, 90, 89, 81, 69, 79, 12, 77]",[],"{""accepted_indices"": [0, 1, 2, 3, 4, 5, 6, 7, 8, 9, 1, 2, 3, 4, 5, 6, 7, 8, 9], ""eps1"": 10, ""distance_median"": 0.11032659796364173}"
283,rflbat,rflbat_cluster_filter,"[3, 84, 76, 90, 89, 81, 69, 79, 12, 77, 84, 76, 90, 89, 81, 69, 79, 12, 77]",[],"{""accepted_indices"": [0, 1, 2, 3, 4, 5, 6, 7, 8, 9, 1, 2, 3, 4, 5, 6, 7, 8, 9], ""num_clusters"": 1, ""cluster_scores"": [0.12492724901770547]}"
283,rflbat,rflbat_final_distance_filter,"[3, 84, 76, 90, 89, 81, 69, 79, 12, 77]",[],"{""accepted_indices"": [0, 1, 2, 3, 4, 5, 6, 7, 8, 9, 1, 2, 3, 4, 5, 6, 7, 8, 9], ""eps2"": 6, ""distance_median"": 0.18678776720576895}"
284,rflbat,rflbat_first_distance_filter,"[4, 98, 94, 8, 62, 73, 78, 33, 80, 20, 98, 94, 8, 62, 73, 78, 33, 80, 20]",[],"{""accepted_indices"": [0, 1, 2, 3, 4, 5, 6, 7, 8, 9, 1, 2, 3, 4, 5, 6, 7, 8, 9], ""eps1"": 10, ""distance_median"": 0.20362111700338947}"
284,rflbat,rflbat_cluster_filter,"[4, 98, 94, 8, 62, 73, 78, 33, 80, 20, 98, 94, 8, 62, 73, 78, 33, 80, 20]",[],"{""accepted_indices"": [0, 1, 2, 3, 4, 5, 6, 7, 8, 9, 1, 2, 3, 4, 5, 6, 7, 8, 9], ""num_clusters"": 1, ""cluster_scores"": [0.09444957214711577]}"
284,rflbat,rflbat_final_distance_filter,"[4, 98, 94, 8, 62, 73, 78, 33, 80, 20]",[],"{""accepted_indices"": [0, 1, 2, 3, 4, 5, 6, 7, 8, 9, 1, 2, 3, 4, 5, 6, 7, 8, 9], ""eps2"": 6, ""distance_median"": 0.4145511073305112}"
285,rflbat,rflbat_first_distance_filter,"[2, 37, 5, 51, 19, 0, 28, 8, 49, 10, 37, 5, 51, 19, 0, 28, 8, 49, 10]",[],"{""accepted_indices"": [0, 1, 2, 3, 4, 5, 6, 7, 8, 9, 1, 2, 3, 4, 5, 6, 7, 8, 9], ""eps1"": 10, ""distance_median"": 0.3376750811061754}"
285,rflbat,rflbat_cluster_filter,"[2, 37, 51, 19, 0, 28, 8, 49, 10, 37, 51, 19, 0, 28, 8, 49, 10]",[5],"{""accepted_indices"": [0, 1, 3, 4, 5, 6, 7, 8, 9, 1, 3, 4, 5, 6, 7, 8, 9], ""num_clusters"": 2, ""cluster_scores"": [0.09553987030635552, 1.000000000001426]}"
285,rflbat,rflbat_final_distance_filter,"[2, 37, 51, 19, 0, 28, 8, 49, 10]",[5],"{""accepted_indices"": [0, 1, 3, 4, 5, 6, 7, 8, 9, 1, 3, 4, 5, 6, 7, 8, 9], ""eps2"": 6, ""distance_median"": 0.2577562775824586}"
286,rflbat,rflbat_first_distance_filter,"[1, 10, 36, 51, 8, 3, 53, 86, 61, 26, 10, 36, 51, 8, 3, 53, 86, 61, 26]",[],"{""accepted_indices"": [0, 1, 2, 3, 4, 5, 6, 7, 8, 9, 1, 2, 3, 4, 5, 6, 7, 8, 9], ""eps1"": 10, ""distance_median"": 0.21182550106829415}"
286,rflbat,rflbat_cluster_filter,"[1, 10, 36, 8, 3, 53, 86, 61, 26, 10, 36, 8, 3, 53, 86, 61, 26]",[51],"{""accepted_indices"": [0, 1, 2, 4, 5, 6, 7, 8, 9, 1, 2, 4, 5, 6, 7, 8, 9], ""num_clusters"": 2, ""cluster_scores"": [0.12486164167148651, 1.0000000000032998]}"
286,rflbat,rflbat_final_distance_filter,"[1, 10, 36, 8, 3, 53, 86, 61, 26]",[51],"{""accepted_indices"": [0, 1, 2, 4, 5, 6, 7, 8, 9, 1, 2, 4, 5, 6, 7, 8, 9], ""eps2"": 6, ""distance_median"": 0.25827696732454636}"
287,rflbat,rflbat_first_distance_filter,"[2, 82, 14, 98, 35, 96, 58, 55, 84, 56, 82, 14, 98, 35, 96, 58, 55, 84, 56]",[],"{""accepted_indices"": [0, 1, 2, 3, 4, 5, 6, 7, 8, 9, 1, 2, 3, 4, 5, 6, 7, 8, 9], ""eps1"": 10, ""distance_median"": 0.1300478433177159}"
287,rflbat,rflbat_cluster_filter,"[2, 82, 14, 98, 35, 96, 58, 55, 84, 56, 82, 14, 98, 35, 96, 58, 55, 84, 56]",[],"{""accepted_indices"": [0, 1, 2, 3, 4, 5, 6, 7, 8, 9, 1, 2, 3, 4, 5, 6, 7, 8, 9], ""num_clusters"": 1, ""cluster_scores"": [0.10142656404206393]}"
287,rflbat,rflbat_final_distance_filter,"[2, 82, 14, 98, 35, 96, 58, 55, 84, 56]",[],"{""accepted_indices"": [0, 1, 2, 3, 4, 5, 6, 7, 8, 9, 1, 2, 3, 4, 5, 6, 7, 8, 9], ""eps2"": 6, ""distance_median"": 0.25899639083132847}"
288,rflbat,rflbat_first_distance_filter,"[2, 75, 32, 97, 8, 7, 93, 28, 74, 85, 75, 32, 97, 8, 7, 93, 28, 74, 85]",[],"{""accepted_indices"": [0, 1, 2, 3, 4, 5, 6, 7, 8, 9, 1, 2, 3, 4, 5, 6, 7, 8, 9], ""eps1"": 10, ""distance_median"": 0.23902874705277322}"
288,rflbat,rflbat_cluster_filter,"[2, 75, 32, 97, 8, 7, 93, 28, 74, 85, 75, 32, 97, 8, 7, 93, 28, 74, 85]",[],"{""accepted_indices"": [0, 1, 2, 3, 4, 5, 6, 7, 8, 9, 1, 2, 3, 4, 5, 6, 7, 8, 9], ""num_clusters"": 1, ""cluster_scores"": [0.10125153311598901]}"
288,rflbat,rflbat_final_distance_filter,"[2, 75, 32, 97, 8, 7, 93, 28, 74, 85]",[],"{""accepted_indices"": [0, 1, 2, 3, 4, 5, 6, 7, 8, 9, 1, 2, 3, 4, 5, 6, 7, 8, 9], ""eps2"": 6, ""distance_median"": 0.4800335483439489}"
289,rflbat,rflbat_first_distance_filter,"[2, 1, 35, 8, 39, 46, 11, 69, 36, 86, 1, 35, 8, 39, 46, 11, 69, 36, 86]",[],"{""accepted_indices"": [0, 1, 2, 3, 4, 5, 6, 7, 8, 9, 1, 2, 3, 4, 5, 6, 7, 8, 9], ""eps1"": 10, ""distance_median"": 0.13056762775684783}"
289,rflbat,rflbat_cluster_filter,"[2, 1, 35, 8, 39, 46, 11, 69, 36, 86, 1, 35, 8, 39, 46, 11, 69, 36, 86]",[],"{""accepted_indices"": [0, 1, 2, 3, 4, 5, 6, 7, 8, 9, 1, 2, 3, 4, 5, 6, 7, 8, 9], ""num_clusters"": 1, ""cluster_scores"": [0.1356665283249053]}"
289,rflbat,rflbat_final_distance_filter,"[2, 1, 35, 8, 39, 46, 11, 69, 36, 86]",[],"{""accepted_indices"": [0, 1, 2, 3, 4, 5, 6, 7, 8, 9, 1, 2, 3, 4, 5, 6, 7, 8, 9], ""eps2"": 6, ""distance_median"": 0.2581053753548281}"
290,rflbat,rflbat_first_distance_filter,"[1, 46, 35, 81, 53, 84, 29, 88, 21, 99, 46, 35, 81, 53, 84, 29, 88, 21, 99]",[],"{""accepted_indices"": [0, 1, 2, 3, 4, 5, 6, 7, 8, 9, 1, 2, 3, 4, 5, 6, 7, 8, 9], ""eps1"": 10, ""distance_median"": 0.19431273313887826}"
290,rflbat,rflbat_cluster_filter,"[1, 46, 35, 81, 53, 84, 29, 88, 21, 99, 46, 35, 81, 53, 84, 29, 88, 21, 99]",[],"{""accepted_indices"": [0, 1, 2, 3, 4, 5, 6, 7, 8, 9, 1, 2, 3, 4, 5, 6, 7, 8, 9], ""num_clusters"": 1, ""cluster_scores"": [0.1505984935964336]}"
290,rflbat,rflbat_final_distance_filter,"[1, 46, 35, 81, 53, 84, 29, 88, 21, 99]",[],"{""accepted_indices"": [0, 1, 2, 3, 4, 5, 6, 7, 8, 9, 1, 2, 3, 4, 5, 6, 7, 8, 9], ""eps2"": 6, ""distance_median"": 0.38754647166746053}"
291,rflbat,rflbat_first_distance_filter,"[4, 15, 71, 54, 80, 70, 6, 82, 46, 83, 15, 71, 54, 80, 70, 6, 82, 46, 83]",[],"{""accepted_indices"": [0, 1, 2, 3, 4, 5, 6, 7, 8, 9, 1, 2, 3, 4, 5, 6, 7, 8, 9], ""eps1"": 10, ""distance_median"": 0.1690019849624385}"
291,rflbat,rflbat_cluster_filter,"[4, 15, 71, 54, 80, 70, 6, 82, 46, 83, 15, 71, 54, 80, 70, 6, 82, 46, 83]",[],"{""accepted_indices"": [0, 1, 2, 3, 4, 5, 6, 7, 8, 9, 1, 2, 3, 4, 5, 6, 7, 8, 9], ""num_clusters"": 1, ""cluster_scores"": [0.12502258293315335]}"
291,rflbat,rflbat_final_distance_filter,"[4, 15, 71, 54, 80, 70, 6, 82, 46, 83]",[],"{""accepted_indices"": [0, 1, 2, 3, 4, 5, 6, 7, 8, 9, 1, 2, 3, 4, 5, 6, 7, 8, 9], ""eps2"": 6, ""distance_median"": 0.33998468011445593}"
292,rflbat,rflbat_first_distance_filter,"[2, 49, 36, 91, 94, 97, 51, 88, 76, 62, 49, 36, 91, 94, 97, 51, 88, 76, 62]",[],"{""accepted_indices"": [0, 1, 2, 3, 4, 5, 6, 7, 8, 9, 1, 2, 3, 4, 5, 6, 7, 8, 9], ""eps1"": 10, ""distance_median"": 0.2613949724305501}"
292,rflbat,rflbat_cluster_filter,"[2, 49, 36, 91, 94, 97, 51, 88, 76, 62, 49, 36, 91, 94, 97, 51, 88, 76, 62]",[],"{""accepted_indices"": [0, 1, 2, 3, 4, 5, 6, 7, 8, 9, 1, 2, 3, 4, 5, 6, 7, 8, 9], ""num_clusters"": 1, ""cluster_scores"": [0.08340001564976676]}"
292,rflbat,rflbat_final_distance_filter,"[2, 49, 36, 91, 94, 97, 51, 88, 76, 62]",[],"{""accepted_indices"": [0, 1, 2, 3, 4, 5, 6, 7, 8, 9, 1, 2, 3, 4, 5, 6, 7, 8, 9], ""eps2"": 6, ""distance_median"": 0.5215716809582546}"
293,rflbat,rflbat_first_distance_filter,"[1, 40, 71, 11, 49, 17, 27, 60, 55, 91, 40, 71, 11, 49, 17, 27, 60, 55, 91]",[],"{""accepted_indices"": [0, 1, 2, 3, 4, 5, 6, 7, 8, 9, 1, 2, 3, 4, 5, 6, 7, 8, 9], ""eps1"": 10, ""distance_median"": 0.13076140100924716}"
293,rflbat,rflbat_cluster_filter,"[1, 40, 71, 11, 49, 17, 27, 60, 55, 91, 40, 71, 11, 49, 17, 27, 60, 55, 91]",[],"{""accepted_indices"": [0, 1, 2, 3, 4, 5, 6, 7, 8, 9, 1, 2, 3, 4, 5, 6, 7, 8, 9], ""num_clusters"": 1, ""cluster_scores"": [0.154566407003772]}"
293,rflbat,rflbat_final_distance_filter,"[1, 40, 71, 11, 49, 17, 27, 60, 55, 91]",[],"{""accepted_indices"": [0, 1, 2, 3, 4, 5, 6, 7, 8, 9, 1, 2, 3, 4, 5, 6, 7, 8, 9], ""eps2"": 6, ""distance_median"": 0.2608421491535925}"
294,rflbat,rflbat_first_distance_filter,"[0, 57, 56, 24, 81, 78, 25, 98, 21, 12, 57, 56, 24, 81, 78, 25, 98, 21, 12]",[],"{""accepted_indices"": [0, 1, 2, 3, 4, 5, 6, 7, 8, 9, 1, 2, 3, 4, 5, 6, 7, 8, 9], ""eps1"": 10, ""distance_median"": 0.1424863788455768}"
294,rflbat,rflbat_cluster_filter,"[0, 57, 56, 24, 81, 78, 25, 98, 21, 12, 57, 56, 24, 81, 78, 25, 98, 21, 12]",[],"{""accepted_indices"": [0, 1, 2, 3, 4, 5, 6, 7, 8, 9, 1, 2, 3, 4, 5, 6, 7, 8, 9], ""num_clusters"": 1, ""cluster_scores"": [0.11731212975527598]}"
294,rflbat,rflbat_final_distance_filter,"[0, 57, 56, 24, 81, 78, 25, 98, 21, 12]",[],"{""accepted_indices"": [0, 1, 2, 3, 4, 5, 6, 7, 8, 9, 1, 2, 3, 4, 5, 6, 7, 8, 9], ""eps2"": 6, ""distance_median"": 0.21643181927450192}"
295,rflbat,rflbat_first_distance_filter,"[1, 89, 85, 81, 45, 71, 37, 70, 33, 22, 89, 85, 81, 45, 71, 37, 70, 33, 22]",[],"{""accepted_indices"": [0, 1, 2, 3, 4, 5, 6, 7, 8, 9, 1, 2, 3, 4, 5, 6, 7, 8, 9], ""eps1"": 10, ""distance_median"": 0.1379033014486012}"
295,rflbat,rflbat_cluster_filter,"[1, 89, 85, 81, 45, 71, 37, 70, 33, 22, 89, 85, 81, 45, 71, 37, 70, 33, 22]",[],"{""accepted_indices"": [0, 1, 2, 3, 4, 5, 6, 7, 8, 9, 1, 2, 3, 4, 5, 6, 7, 8, 9], ""num_clusters"": 1, ""cluster_scores"": [0.11005194428171337]}"
295,rflbat,rflbat_final_distance_filter,"[1, 89, 85, 81, 45, 71, 37, 70, 33, 22]",[],"{""accepted_indices"": [0, 1, 2, 3, 4, 5, 6, 7, 8, 9, 1, 2, 3, 4, 5, 6, 7, 8, 9], ""eps2"": 6, ""distance_median"": 0.2698453066718648}"
296,rflbat,rflbat_first_distance_filter,"[2, 36, 26, 92, 78, 73, 24, 88, 30, 81, 36, 26, 92, 78, 73, 24, 88, 30, 81]",[],"{""accepted_indices"": [0, 1, 2, 3, 4, 5, 6, 7, 8, 9, 1, 2, 3, 4, 5, 6, 7, 8, 9], ""eps1"": 10, ""distance_median"": 0.3428714633318318}"
296,rflbat,rflbat_cluster_filter,"[2, 36, 26, 92, 78, 73, 24, 88, 81, 36, 26, 92, 78, 73, 24, 88, 81]",[30],"{""accepted_indices"": [0, 1, 2, 3, 4, 5, 6, 7, 9, 1, 2, 3, 4, 5, 6, 7, 9], ""num_clusters"": 2, ""cluster_scores"": [0.07807897570211758, 1.0000000000026994]}"
296,rflbat,rflbat_final_distance_filter,"[2, 36, 26, 92, 78, 73, 24, 88, 81]",[30],"{""accepted_indices"": [0, 1, 2, 3, 4, 5, 6, 7, 9, 1, 2, 3, 4, 5, 6, 7, 9], ""eps2"": 6, ""distance_median"": 0.3376982699108585}"
297,rflbat,rflbat_first_distance_filter,"[1, 23, 95, 28, 10, 14, 60, 77, 27, 3, 23, 95, 28, 10, 14, 60, 77, 27, 3]",[],"{""accepted_indices"": [0, 1, 2, 3, 4, 5, 6, 7, 8, 9, 1, 2, 3, 4, 5, 6, 7, 8, 9], ""eps1"": 10, ""distance_median"": 0.17592770915626493}"
297,rflbat,rflbat_cluster_filter,"[1, 23, 95, 28, 10, 14, 60, 77, 27, 3, 23, 95, 28, 10, 14, 60, 77, 27, 3]",[],"{""accepted_indices"": [0, 1, 2, 3, 4, 5, 6, 7, 8, 9, 1, 2, 3, 4, 5, 6, 7, 8, 9], ""num_clusters"": 1, ""cluster_scores"": [0.12336007943667356]}"
297,rflbat,rflbat_final_distance_filter,"[1, 23, 95, 28, 10, 14, 60, 77, 27, 3]",[],"{""accepted_indices"": [0, 1, 2, 3, 4, 5, 6, 7, 8, 9, 1, 2, 3, 4, 5, 6, 7, 8, 9], ""eps2"": 6, ""distance_median"": 0.34606334736034833}"
298,rflbat,rflbat_first_distance_filter,"[3, 69, 49, 61, 76, 30, 10, 38, 45, 17, 69, 49, 61, 76, 30, 10, 38, 45, 17]",[],"{""accepted_indices"": [0, 1, 2, 3, 4, 5, 6, 7, 8, 9, 1, 2, 3, 4, 5, 6, 7, 8, 9], ""eps1"": 10, ""distance_median"": 0.12742979837514262}"
298,rflbat,rflbat_cluster_filter,"[3, 69, 49, 61, 76, 30, 10, 38, 45, 17, 69, 49, 61, 76, 30, 10, 38, 45, 17]",[],"{""accepted_indices"": [0, 1, 2, 3, 4, 5, 6, 7, 8, 9, 1, 2, 3, 4, 5, 6, 7, 8, 9], ""num_clusters"": 1, ""cluster_scores"": [0.11123891639244275]}"
298,rflbat,rflbat_final_distance_filter,"[3, 69, 49, 61, 76, 30, 10, 38, 45, 17]",[],"{""accepted_indices"": [0, 1, 2, 3, 4, 5, 6, 7, 8, 9, 1, 2, 3, 4, 5, 6, 7, 8, 9], ""eps2"": 6, ""distance_median"": 0.24429419173714376}"
299,rflbat,rflbat_first_distance_filter,"[3, 13, 84, 96, 77, 75, 35, 8, 26, 23, 13, 84, 96, 77, 75, 35, 8, 26, 23]",[],"{""accepted_indices"": [0, 1, 2, 3, 4, 5, 6, 7, 8, 9, 1, 2, 3, 4, 5, 6, 7, 8, 9], ""eps1"": 10, ""distance_median"": 0.3251041453245467}"
299,rflbat,rflbat_cluster_filter,"[3, 13, 84, 96, 77, 75, 35, 8, 26, 23, 13, 84, 96, 77, 75, 35, 8, 26, 23]",[],"{""accepted_indices"": [0, 1, 2, 3, 4, 5, 6, 7, 8, 9, 1, 2, 3, 4, 5, 6, 7, 8, 9], ""num_clusters"": 1, ""cluster_scores"": [0.09998103064112927]}"
299,rflbat,rflbat_final_distance_filter,"[3, 13, 84, 96, 77, 75, 35, 8, 26, 23]",[],"{""accepted_indices"": [0, 1, 2, 3, 4, 5, 6, 7, 8, 9, 1, 2, 3, 4, 5, 6, 7, 8, 9], ""eps2"": 6, ""distance_median"": 0.638384056802143}"
300,rflbat,rflbat_first_distance_filter,"[3, 40, 96, 63, 82, 5, 97, 45, 24, 41, 40, 96, 63, 82, 5, 97, 45, 24, 41]",[],"{""accepted_indices"": [0, 1, 2, 3, 4, 5, 6, 7, 8, 9, 1, 2, 3, 4, 5, 6, 7, 8, 9], ""eps1"": 10, ""distance_median"": 0.26746299401708173}"
300,rflbat,rflbat_cluster_filter,"[3, 40, 96, 63, 82, 5, 97, 45, 24, 41, 40, 96, 63, 82, 5, 97, 45, 24, 41]",[],"{""accepted_indices"": [0, 1, 2, 3, 4, 5, 6, 7, 8, 9, 1, 2, 3, 4, 5, 6, 7, 8, 9], ""num_clusters"": 1, ""cluster_scores"": [0.14098203020405523]}"
300,rflbat,rflbat_final_distance_filter,"[3, 40, 96, 63, 82, 5, 97, 45, 24, 41]",[],"{""accepted_indices"": [0, 1, 2, 3, 4, 5, 6, 7, 8, 9, 1, 2, 3, 4, 5, 6, 7, 8, 9], ""eps2"": 6, ""distance_median"": 0.5388569465686674}"
301,rflbat,rflbat_first_distance_filter,"[0, 90, 93, 2, 50, 6, 30, 54, 35, 27, 90, 93, 2, 50, 6, 30, 54, 35, 27]",[],"{""accepted_indices"": [0, 1, 2, 3, 4, 5, 6, 7, 8, 9, 1, 2, 3, 4, 5, 6, 7, 8, 9], ""eps1"": 10, ""distance_median"": 0.18392511132047387}"
301,rflbat,rflbat_cluster_filter,"[0, 90, 93, 2, 50, 6, 30, 54, 35, 27, 90, 93, 2, 50, 6, 30, 54, 35, 27]",[],"{""accepted_indices"": [0, 1, 2, 3, 4, 5, 6, 7, 8, 9, 1, 2, 3, 4, 5, 6, 7, 8, 9], ""num_clusters"": 1, ""cluster_scores"": [0.10622636424522315]}"
301,rflbat,rflbat_final_distance_filter,"[0, 90, 93, 2, 50, 6, 30, 54, 35, 27]",[],"{""accepted_indices"": [0, 1, 2, 3, 4, 5, 6, 7, 8, 9, 1, 2, 3, 4, 5, 6, 7, 8, 9], ""eps2"": 6, ""distance_median"": 0.3044592047943005}"
302,rflbat,rflbat_first_distance_filter,"[0, 98, 51, 77, 33, 15, 1, 14, 60, 44, 98, 51, 77, 33, 15, 1, 14, 60, 44]",[],"{""accepted_indices"": [0, 1, 2, 3, 4, 5, 6, 7, 8, 9, 1, 2, 3, 4, 5, 6, 7, 8, 9], ""eps1"": 10, ""distance_median"": 0.11961704765547018}"
302,rflbat,rflbat_cluster_filter,"[0, 98, 51, 77, 33, 15, 1, 14, 60, 44, 98, 51, 77, 33, 15, 1, 14, 60, 44]",[],"{""accepted_indices"": [0, 1, 2, 3, 4, 5, 6, 7, 8, 9, 1, 2, 3, 4, 5, 6, 7, 8, 9], ""num_clusters"": 1, ""cluster_scores"": [0.12668776008023763]}"
302,rflbat,rflbat_final_distance_filter,"[0, 98, 51, 77, 33, 15, 1, 14, 60, 44]",[],"{""accepted_indices"": [0, 1, 2, 3, 4, 5, 6, 7, 8, 9, 1, 2, 3, 4, 5, 6, 7, 8, 9], ""eps2"": 6, ""distance_median"": 0.19266944171955483}"
303,rflbat,rflbat_first_distance_filter,"[1, 49, 15, 72, 39, 19, 54, 21, 55, 4, 49, 15, 72, 39, 19, 54, 21, 55, 4]",[],"{""accepted_indices"": [0, 1, 2, 3, 4, 5, 6, 7, 8, 9, 1, 2, 3, 4, 5, 6, 7, 8, 9], ""eps1"": 10, ""distance_median"": 0.14129687428179954}"
303,rflbat,rflbat_cluster_filter,"[1, 49, 15, 72, 39, 19, 54, 21, 55, 4, 49, 15, 72, 39, 19, 54, 21, 55, 4]",[],"{""accepted_indices"": [0, 1, 2, 3, 4, 5, 6, 7, 8, 9, 1, 2, 3, 4, 5, 6, 7, 8, 9], ""num_clusters"": 1, ""cluster_scores"": [0.10473960070472815]}"
303,rflbat,rflbat_final_distance_filter,"[1, 49, 15, 72, 39, 19, 54, 21, 55, 4]",[],"{""accepted_indices"": [0, 1, 2, 3, 4, 5, 6, 7, 8, 9, 1, 2, 3, 4, 5, 6, 7, 8, 9], ""eps2"": 6, ""distance_median"": 0.28663466263186715}"
304,rflbat,rflbat_first_distance_filter,"[0, 12, 99, 56, 58, 77, 37, 64, 78, 42, 12, 99, 56, 58, 77, 37, 64, 78, 42]",[],"{""accepted_indices"": [0, 1, 2, 3, 4, 5, 6, 7, 8, 9, 1, 2, 3, 4, 5, 6, 7, 8, 9], ""eps1"": 10, ""distance_median"": 0.21856635446352216}"
304,rflbat,rflbat_cluster_filter,"[0, 12, 99, 56, 58, 77, 37, 64, 78, 42, 12, 99, 56, 58, 77, 37, 64, 78, 42]",[],"{""accepted_indices"": [0, 1, 2, 3, 4, 5, 6, 7, 8, 9, 1, 2, 3, 4, 5, 6, 7, 8, 9], ""num_clusters"": 1, ""cluster_scores"": [0.19104919049800204]}"
304,rflbat,rflbat_final_distance_filter,"[0, 12, 99, 56, 58, 77, 37, 64, 78, 42]",[],"{""accepted_indices"": [0, 1, 2, 3, 4, 5, 6, 7, 8, 9, 1, 2, 3, 4, 5, 6, 7, 8, 9], ""eps2"": 6, ""distance_median"": 0.36514162522556043}"
305,rflbat,rflbat_first_distance_filter,"[0, 49, 65, 55, 18, 87, 63, 61, 92, 94, 49, 65, 55, 18, 87, 63, 61, 92, 94]",[],"{""accepted_indices"": [0, 1, 2, 3, 4, 5, 6, 7, 8, 9, 1, 2, 3, 4, 5, 6, 7, 8, 9], ""eps1"": 10, ""distance_median"": 0.14859470295347968}"
305,rflbat,rflbat_cluster_filter,"[0, 49, 65, 55, 18, 87, 63, 61, 92, 94, 49, 65, 55, 18, 87, 63, 61, 92, 94]",[],"{""accepted_indices"": [0, 1, 2, 3, 4, 5, 6, 7, 8, 9, 1, 2, 3, 4, 5, 6, 7, 8, 9], ""num_clusters"": 1, ""cluster_scores"": [0.15343247291373852]}"
305,rflbat,rflbat_final_distance_filter,"[0, 49, 65, 55, 18, 87, 63, 61, 92, 94]",[],"{""accepted_indices"": [0, 1, 2, 3, 4, 5, 6, 7, 8, 9, 1, 2, 3, 4, 5, 6, 7, 8, 9], ""eps2"": 6, ""distance_median"": 0.25164530823697956}"
306,rflbat,rflbat_first_distance_filter,"[4, 27, 81, 93, 68, 54, 98, 76, 40, 21, 27, 81, 93, 68, 54, 98, 76, 40, 21]",[],"{""accepted_indices"": [0, 1, 2, 3, 4, 5, 6, 7, 8, 9, 1, 2, 3, 4, 5, 6, 7, 8, 9], ""eps1"": 10, ""distance_median"": 0.12668544336285045}"
306,rflbat,rflbat_cluster_filter,"[4, 27, 81, 93, 68, 98, 76, 40, 21, 27, 81, 93, 68, 98, 76, 40, 21]",[54],"{""accepted_indices"": [0, 1, 2, 3, 4, 6, 7, 8, 9, 1, 2, 3, 4, 6, 7, 8, 9], ""num_clusters"": 2, ""cluster_scores"": [0.16769943972986742, 1.0000000000010978]}"
306,rflbat,rflbat_final_distance_filter,"[4, 27, 81, 93, 68, 98, 76, 40, 21]",[54],"{""accepted_indices"": [0, 1, 2, 3, 4, 6, 7, 8, 9, 1, 2, 3, 4, 6, 7, 8, 9], ""eps2"": 6, ""distance_median"": 0.13306264478374155}"
307,rflbat,rflbat_first_distance_filter,"[2, 98, 91, 39, 62, 97, 53, 30, 28, 5, 98, 91, 39, 62, 97, 53, 30, 28, 5]",[],"{""accepted_indices"": [0, 1, 2, 3, 4, 5, 6, 7, 8, 9, 1, 2, 3, 4, 5, 6, 7, 8, 9], ""eps1"": 10, ""distance_median"": 0.2797656201492864}"
307,rflbat,rflbat_cluster_filter,"[2, 98, 91, 39, 62, 97, 53, 30, 28, 5, 98, 91, 39, 62, 97, 53, 30, 28, 5]",[],"{""accepted_indices"": [0, 1, 2, 3, 4, 5, 6, 7, 8, 9, 1, 2, 3, 4, 5, 6, 7, 8, 9], ""num_clusters"": 1, ""cluster_scores"": [0.10072305529703875]}"
307,rflbat,rflbat_final_distance_filter,"[2, 98, 91, 39, 62, 97, 53, 30, 28, 5]",[],"{""accepted_indices"": [0, 1, 2, 3, 4, 5, 6, 7, 8, 9, 1, 2, 3, 4, 5, 6, 7, 8, 9], ""eps2"": 6, ""distance_median"": 0.5609662366633694}"
308,rflbat,rflbat_first_distance_filter,"[4, 0, 74, 89, 9, 76, 16, 6, 25, 85, 0, 74, 89, 9, 76, 16, 6, 25, 85]",[],"{""accepted_indices"": [0, 1, 2, 3, 4, 5, 6, 7, 8, 9, 1, 2, 3, 4, 5, 6, 7, 8, 9], ""eps1"": 10, ""distance_median"": 0.13976904992547945}"
308,rflbat,rflbat_cluster_filter,"[4, 0, 74, 89, 9, 76, 16, 6, 25, 85, 0, 74, 89, 9, 76, 16, 6, 25, 85]",[],"{""accepted_indices"": [0, 1, 2, 3, 4, 5, 6, 7, 8, 9, 1, 2, 3, 4, 5, 6, 7, 8, 9], ""num_clusters"": 1, ""cluster_scores"": [0.08583396410915335]}"
308,rflbat,rflbat_final_distance_filter,"[4, 0, 74, 89, 9, 76, 16, 6, 25, 85]",[],"{""accepted_indices"": [0, 1, 2, 3, 4, 5, 6, 7, 8, 9, 1, 2, 3, 4, 5, 6, 7, 8, 9], ""eps2"": 6, ""distance_median"": 0.2878752397287703}"
309,rflbat,rflbat_first_distance_filter,"[1, 66, 37, 20, 59, 18, 86, 71, 74, 69, 66, 37, 20, 59, 18, 86, 71, 74, 69]",[],"{""accepted_indices"": [0, 1, 2, 3, 4, 5, 6, 7, 8, 9, 1, 2, 3, 4, 5, 6, 7, 8, 9], ""eps1"": 10, ""distance_median"": 0.1797083277712532}"
309,rflbat,rflbat_cluster_filter,"[1, 37, 59, 18, 86, 74, 69, 37, 59, 18, 86, 74, 69]","[66, 20, 71]","{""accepted_indices"": [0, 2, 4, 5, 6, 8, 9, 2, 4, 5, 6, 8, 9], ""num_clusters"": 3, ""cluster_scores"": [0.1979679368519992, 1.000000000001199, 0.7116616087765387]}"
309,rflbat,rflbat_final_distance_filter,"[1, 37, 59, 18, 86, 74, 69]","[66, 20, 71]","{""accepted_indices"": [0, 2, 4, 5, 6, 8, 9, 2, 4, 5, 6, 8, 9], ""eps2"": 6, ""distance_median"": 0.09520409713118574}"
310,rflbat,rflbat_first_distance_filter,"[0, 88, 73, 81, 24, 79, 26, 16, 89, 92, 88, 73, 81, 24, 79, 26, 16, 89, 92]",[],"{""accepted_indices"": [0, 1, 2, 3, 4, 5, 6, 7, 8, 9, 1, 2, 3, 4, 5, 6, 7, 8, 9], ""eps1"": 10, ""distance_median"": 0.4027170763078345}"
310,rflbat,rflbat_cluster_filter,"[0, 88, 73, 81, 24, 79, 26, 16, 89, 92, 88, 73, 81, 24, 79, 26, 16, 89, 92]",[],"{""accepted_indices"": [0, 1, 2, 3, 4, 5, 6, 7, 8, 9, 1, 2, 3, 4, 5, 6, 7, 8, 9], ""num_clusters"": 1, ""cluster_scores"": [0.12391034962416873]}"
310,rflbat,rflbat_final_distance_filter,"[0, 88, 73, 81, 24, 79, 26, 16, 89, 92]",[],"{""accepted_indices"": [0, 1, 2, 3, 4, 5, 6, 7, 8, 9, 1, 2, 3, 4, 5, 6, 7, 8, 9], ""eps2"": 6, ""distance_median"": 0.8112163307950401}"
311,rflbat,rflbat_first_distance_filter,"[3, 19, 23, 74, 95, 34, 39, 46, 82, 91, 19, 23, 74, 95, 34, 39, 46, 82, 91]",[],"{""accepted_indices"": [0, 1, 2, 3, 4, 5, 6, 7, 8, 9, 1, 2, 3, 4, 5, 6, 7, 8, 9], ""eps1"": 10, ""distance_median"": 0.15216091105650598}"
311,rflbat,rflbat_cluster_filter,"[3, 19, 23, 74, 95, 34, 39, 46, 82, 91, 19, 23, 74, 95, 34, 39, 46, 82, 91]",[],"{""accepted_indices"": [0, 1, 2, 3, 4, 5, 6, 7, 8, 9, 1, 2, 3, 4, 5, 6, 7, 8, 9], ""num_clusters"": 1, ""cluster_scores"": [0.1735387843746205]}"
311,rflbat,rflbat_final_distance_filter,"[3, 19, 23, 74, 95, 34, 39, 46, 82, 91]",[],"{""accepted_indices"": [0, 1, 2, 3, 4, 5, 6, 7, 8, 9, 1, 2, 3, 4, 5, 6, 7, 8, 9], ""eps2"": 6, ""distance_median"": 0.30164392217076663}"
312,rflbat,rflbat_first_distance_filter,"[2, 62, 65, 52, 12, 67, 61, 72, 58, 93, 62, 65, 52, 12, 67, 61, 72, 58, 93]",[],"{""accepted_indices"": [0, 1, 2, 3, 4, 5, 6, 7, 8, 9, 1, 2, 3, 4, 5, 6, 7, 8, 9], ""eps1"": 10, ""distance_median"": 0.129267051693358}"
312,rflbat,rflbat_cluster_filter,"[2, 62, 65, 52, 12, 67, 61, 72, 58, 93, 62, 65, 52, 12, 67, 61, 72, 58, 93]",[],"{""accepted_indices"": [0, 1, 2, 3, 4, 5, 6, 7, 8, 9, 1, 2, 3, 4, 5, 6, 7, 8, 9], ""num_clusters"": 1, ""cluster_scores"": [0.14046894140975627]}"
312,rflbat,rflbat_final_distance_filter,"[2, 62, 65, 52, 12, 67, 61, 72, 58, 93]",[],"{""accepted_indices"": [0, 1, 2, 3, 4, 5, 6, 7, 8, 9, 1, 2, 3, 4, 5, 6, 7, 8, 9], ""eps2"": 6, ""distance_median"": 0.25828447379512665}"
313,rflbat,rflbat_first_distance_filter,"[3, 49, 43, 89, 0, 96, 52, 60, 83, 97, 49, 43, 89, 0, 96, 52, 60, 83, 97]",[],"{""accepted_indices"": [0, 1, 2, 3, 4, 5, 6, 7, 8, 9, 1, 2, 3, 4, 5, 6, 7, 8, 9], ""eps1"": 10, ""distance_median"": 0.12294430477724941}"
313,rflbat,rflbat_cluster_filter,"[3, 49, 43, 89, 96, 52, 60, 83, 49, 43, 89, 96, 52, 60, 83]","[0, 97]","{""accepted_indices"": [0, 1, 2, 3, 5, 6, 7, 8, 1, 2, 3, 5, 6, 7, 8], ""num_clusters"": 3, ""cluster_scores"": [0.1783279551402463, 1.0000000000013107, 1.0000000000018683]}"
313,rflbat,rflbat_final_distance_filter,"[3, 49, 43, 89, 96, 52, 60, 83]","[0, 97]","{""accepted_indices"": [0, 1, 2, 3, 5, 6, 7, 8, 1, 2, 3, 5, 6, 7, 8], ""eps2"": 6, ""distance_median"": 0.06155199850295303}"
314,rflbat,rflbat_first_distance_filter,"[2, 91, 85, 75, 81, 16, 31, 88, 15, 68, 91, 85, 75, 81, 16, 31, 88, 15, 68]",[],"{""accepted_indices"": [0, 1, 2, 3, 4, 5, 6, 7, 8, 9, 1, 2, 3, 4, 5, 6, 7, 8, 9], ""eps1"": 10, ""distance_median"": 0.2320827109145096}"
314,rflbat,rflbat_cluster_filter,"[2, 91, 85, 75, 81, 16, 31, 88, 15, 68, 91, 85, 75, 81, 16, 31, 88, 15, 68]",[],"{""accepted_indices"": [0, 1, 2, 3, 4, 5, 6, 7, 8, 9, 1, 2, 3, 4, 5, 6, 7, 8, 9], ""num_clusters"": 1, ""cluster_scores"": [0.13863980684356925]}"
314,rflbat,rflbat_final_distance_filter,"[2, 91, 85, 75, 81, 16, 31, 88, 15, 68]",[],"{""accepted_indices"": [0, 1, 2, 3, 4, 5, 6, 7, 8, 9, 1, 2, 3, 4, 5, 6, 7, 8, 9], ""eps2"": 6, ""distance_median"": 0.47017067625706915}"
315,rflbat,rflbat_first_distance_filter,"[0, 43, 34, 56, 99, 79, 72, 96, 98, 36, 43, 34, 56, 99, 79, 72, 96, 98, 36]",[],"{""accepted_indices"": [0, 1, 2, 3, 4, 5, 6, 7, 8, 9, 1, 2, 3, 4, 5, 6, 7, 8, 9], ""eps1"": 10, ""distance_median"": 0.15899054241445387}"
315,rflbat,rflbat_cluster_filter,"[43, 34, 79, 96, 98, 43, 34, 79, 96, 98]","[0, 56, 99, 72, 36]","{""accepted_indices"": [1, 2, 5, 7, 8, 1, 2, 5, 7, 8], ""num_clusters"": 6, ""cluster_scores"": [0.2492224265464691, 1.000000000001952, 1.0000000000004965, 1.000000000000706, 1, 1.0000000000005795]}"
315,rflbat,rflbat_final_distance_filter,"[43, 34, 79, 96, 98]","[0, 56, 99, 72, 36]","{""accepted_indices"": [1, 2, 5, 7, 8, 1, 2, 5, 7, 8], ""eps2"": 6, ""distance_median"": 0.025028285379139505}"
316,rflbat,rflbat_first_distance_filter,"[2, 57, 35, 96, 6, 64, 8, 84, 7, 1, 57, 35, 96, 6, 64, 8, 84, 7, 1]",[],"{""accepted_indices"": [0, 1, 2, 3, 4, 5, 6, 7, 8, 9, 1, 2, 3, 4, 5, 6, 7, 8, 9], ""eps1"": 10, ""distance_median"": 0.2745761050607822}"
316,rflbat,rflbat_cluster_filter,"[2, 57, 35, 96, 6, 64, 8, 84, 7, 1, 57, 35, 96, 6, 64, 8, 84, 7, 1]",[],"{""accepted_indices"": [0, 1, 2, 3, 4, 5, 6, 7, 8, 9, 1, 2, 3, 4, 5, 6, 7, 8, 9], ""num_clusters"": 1, ""cluster_scores"": [0.13828188042990938]}"
316,rflbat,rflbat_final_distance_filter,"[2, 57, 35, 96, 6, 64, 8, 84, 7, 1]",[],"{""accepted_indices"": [0, 1, 2, 3, 4, 5, 6, 7, 8, 9, 1, 2, 3, 4, 5, 6, 7, 8, 9], ""eps2"": 6, ""distance_median"": 0.5491514217431991}"
317,rflbat,rflbat_first_distance_filter,"[1, 59, 64, 54, 92, 83, 25, 52, 60, 28, 59, 64, 54, 92, 83, 25, 52, 60, 28]",[],"{""accepted_indices"": [0, 1, 2, 3, 4, 5, 6, 7, 8, 9, 1, 2, 3, 4, 5, 6, 7, 8, 9], ""eps1"": 10, ""distance_median"": 0.12341982361113069}"
317,rflbat,rflbat_cluster_filter,"[1, 59, 64, 54, 92, 83, 25, 52, 60, 28, 59, 64, 54, 92, 83, 25, 52, 60, 28]",[],"{""accepted_indices"": [0, 1, 2, 3, 4, 5, 6, 7, 8, 9, 1, 2, 3, 4, 5, 6, 7, 8, 9], ""num_clusters"": 1, ""cluster_scores"": [0.12345880380970199]}"
317,rflbat,rflbat_final_distance_filter,"[1, 59, 64, 54, 92, 83, 25, 52, 60, 28]",[],"{""accepted_indices"": [0, 1, 2, 3, 4, 5, 6, 7, 8, 9, 1, 2, 3, 4, 5, 6, 7, 8, 9], ""eps2"": 6, ""distance_median"": 0.23839959294095303}"
318,rflbat,rflbat_first_distance_filter,"[3, 21, 19, 40, 37, 25, 89, 29, 42, 58, 21, 19, 40, 37, 25, 89, 29, 42, 58]",[],"{""accepted_indices"": [0, 1, 2, 3, 4, 5, 6, 7, 8, 9, 1, 2, 3, 4, 5, 6, 7, 8, 9], ""eps1"": 10, ""distance_median"": 0.12121488415822701}"
318,rflbat,rflbat_cluster_filter,"[3, 21, 19, 40, 37, 25, 89, 29, 42, 58, 21, 19, 40, 37, 25, 89, 29, 42, 58]",[],"{""accepted_indices"": [0, 1, 2, 3, 4, 5, 6, 7, 8, 9, 1, 2, 3, 4, 5, 6, 7, 8, 9], ""num_clusters"": 1, ""cluster_scores"": [0.1154636565806043]}"
318,rflbat,rflbat_final_distance_filter,"[3, 21, 19, 40, 37, 25, 89, 29, 42, 58]",[],"{""accepted_indices"": [0, 1, 2, 3, 4, 5, 6, 7, 8, 9, 1, 2, 3, 4, 5, 6, 7, 8, 9], ""eps2"": 6, ""distance_median"": 0.2411088897587641}"
319,rflbat,rflbat_first_distance_filter,"[0, 40, 56, 88, 19, 45, 14, 72, 8, 32, 40, 56, 88, 19, 45, 14, 72, 8, 32]",[],"{""accepted_indices"": [0, 1, 2, 3, 4, 5, 6, 7, 8, 9, 1, 2, 3, 4, 5, 6, 7, 8, 9], ""eps1"": 10, ""distance_median"": 0.15605372055483457}"
319,rflbat,rflbat_cluster_filter,"[0, 40, 56, 88, 19, 45, 14, 72, 8, 32, 40, 56, 88, 19, 45, 14, 72, 8, 32]",[],"{""accepted_indices"": [0, 1, 2, 3, 4, 5, 6, 7, 8, 9, 1, 2, 3, 4, 5, 6, 7, 8, 9], ""num_clusters"": 1, ""cluster_scores"": [0.14657834383601678]}"
319,rflbat,rflbat_final_distance_filter,"[0, 40, 56, 88, 19, 45, 14, 72, 8, 32]",[],"{""accepted_indices"": [0, 1, 2, 3, 4, 5, 6, 7, 8, 9, 1, 2, 3, 4, 5, 6, 7, 8, 9], ""eps2"": 6, ""distance_median"": 0.2635131045186344}"
320,rflbat,rflbat_first_distance_filter,"[2, 53, 65, 68, 87, 31, 20, 27, 67, 84, 53, 65, 68, 87, 31, 20, 27, 67, 84]",[],"{""accepted_indices"": [0, 1, 2, 3, 4, 5, 6, 7, 8, 9, 1, 2, 3, 4, 5, 6, 7, 8, 9], ""eps1"": 10, ""distance_median"": 0.1478672341961}"
320,rflbat,rflbat_cluster_filter,"[2, 53, 65, 68, 87, 31, 20, 27, 67, 84, 53, 65, 68, 87, 31, 20, 27, 67, 84]",[],"{""accepted_indices"": [0, 1, 2, 3, 4, 5, 6, 7, 8, 9, 1, 2, 3, 4, 5, 6, 7, 8, 9], ""num_clusters"": 1, ""cluster_scores"": [0.10836258265187089]}"
320,rflbat,rflbat_final_distance_filter,"[2, 53, 65, 68, 87, 31, 20, 27, 67, 84]",[],"{""accepted_indices"": [0, 1, 2, 3, 4, 5, 6, 7, 8, 9, 1, 2, 3, 4, 5, 6, 7, 8, 9], ""eps2"": 6, ""distance_median"": 0.2989107050238621}"
321,rflbat,rflbat_first_distance_filter,"[2, 9, 36, 80, 48, 6, 81, 16, 89, 73, 9, 36, 80, 48, 6, 81, 16, 89, 73]",[],"{""accepted_indices"": [0, 1, 2, 3, 4, 5, 6, 7, 8, 9, 1, 2, 3, 4, 5, 6, 7, 8, 9], ""eps1"": 10, ""distance_median"": 0.2344254843926033}"
321,rflbat,rflbat_cluster_filter,"[2, 9, 36, 80, 48, 6, 81, 16, 89, 73, 9, 36, 80, 48, 6, 81, 16, 89, 73]",[],"{""accepted_indices"": [0, 1, 2, 3, 4, 5, 6, 7, 8, 9, 1, 2, 3, 4, 5, 6, 7, 8, 9], ""num_clusters"": 1, ""cluster_scores"": [0.09038626819535686]}"
321,rflbat,rflbat_final_distance_filter,"[2, 9, 36, 80, 48, 6, 81, 16, 89, 73]",[],"{""accepted_indices"": [0, 1, 2, 3, 4, 5, 6, 7, 8, 9, 1, 2, 3, 4, 5, 6, 7, 8, 9], ""eps2"": 6, ""distance_median"": 0.46460013380716686}"
322,rflbat,rflbat_first_distance_filter,"[3, 20, 74, 91, 6, 18, 16, 38, 42, 54, 20, 74, 91, 6, 18, 16, 38, 42, 54]",[],"{""accepted_indices"": [0, 1, 2, 3, 4, 5, 6, 7, 8, 9, 1, 2, 3, 4, 5, 6, 7, 8, 9], ""eps1"": 10, ""distance_median"": 0.2380645937805389}"
322,rflbat,rflbat_cluster_filter,"[3, 20, 74, 91, 6, 18, 16, 38, 20, 74, 91, 6, 18, 16, 38]","[42, 54]","{""accepted_indices"": [0, 1, 2, 3, 4, 5, 6, 7, 1, 2, 3, 4, 5, 6, 7], ""num_clusters"": 3, ""cluster_scores"": [0.21304639731488698, 1.0000000000031328, 1.000000000001651]}"
322,rflbat,rflbat_final_distance_filter,"[3, 20, 74, 91, 6, 18, 16, 38]","[42, 54]","{""accepted_indices"": [0, 1, 2, 3, 4, 5, 6, 7, 1, 2, 3, 4, 5, 6, 7], ""eps2"": 6, ""distance_median"": 0.04143018781384769}"
323,rflbat,rflbat_first_distance_filter,"[4, 82, 35, 52, 1, 7, 89, 46, 73, 61, 82, 35, 52, 1, 7, 89, 46, 73, 61]",[],"{""accepted_indices"": [0, 1, 2, 3, 4, 5, 6, 7, 8, 9, 1, 2, 3, 4, 5, 6, 7, 8, 9], ""eps1"": 10, ""distance_median"": 0.20040459651121068}"
323,rflbat,rflbat_cluster_filter,"[4, 82, 35, 52, 1, 7, 89, 46, 61, 82, 35, 52, 1, 7, 89, 46, 61]",[73],"{""accepted_indices"": [0, 1, 2, 3, 4, 5, 6, 7, 9, 1, 2, 3, 4, 5, 6, 7, 9], ""num_clusters"": 2, ""cluster_scores"": [0.1571433434426883, 1.0000000000017464]}"
323,rflbat,rflbat_final_distance_filter,"[4, 82, 35, 52, 1, 7, 89, 46, 61]",[73],"{""accepted_indices"": [0, 1, 2, 3, 4, 5, 6, 7, 9, 1, 2, 3, 4, 5, 6, 7, 9], ""eps2"": 6, ""distance_median"": 0.16665931296343628}"
324,rflbat,rflbat_first_distance_filter,"[1, 99, 12, 90, 68, 89, 18, 48, 83, 47, 99, 12, 90, 68, 89, 18, 48, 83, 47]",[],"{""accepted_indices"": [0, 1, 2, 3, 4, 5, 6, 7, 8, 9, 1, 2, 3, 4, 5, 6, 7, 8, 9], ""eps1"": 10, ""distance_median"": 0.1550731556373073}"
324,rflbat,rflbat_cluster_filter,"[1, 99, 12, 90, 68, 89, 18, 48, 83, 47, 99, 12, 90, 68, 89, 18, 48, 83, 47]",[],"{""accepted_indices"": [0, 1, 2, 3, 4, 5, 6, 7, 8, 9, 1, 2, 3, 4, 5, 6, 7, 8, 9], ""num_clusters"": 1, ""cluster_scores"": [0.142393512318898]}"
324,rflbat,rflbat_final_distance_filter,"[1, 99, 12, 90, 68, 89, 18, 48, 83, 47]",[],"{""accepted_indices"": [0, 1, 2, 3, 4, 5, 6, 7, 8, 9, 1, 2, 3, 4, 5, 6, 7, 8, 9], ""eps2"": 6, ""distance_median"": 0.31124577717450397}"
325,rflbat,rflbat_first_distance_filter,"[2, 55, 9, 47, 3, 99, 74, 54, 80, 64, 55, 9, 47, 3, 99, 74, 54, 80, 64]",[],"{""accepted_indices"": [0, 1, 2, 3, 4, 5, 6, 7, 8, 9, 1, 2, 3, 4, 5, 6, 7, 8, 9], ""eps1"": 10, ""distance_median"": 0.166368325829672}"
325,rflbat,rflbat_cluster_filter,"[2, 55, 9, 47, 3, 99, 74, 80, 64, 55, 9, 47, 3, 99, 74, 80, 64]",[54],"{""accepted_indices"": [0, 1, 2, 3, 4, 5, 6, 8, 9, 1, 2, 3, 4, 5, 6, 8, 9], ""num_clusters"": 2, ""cluster_scores"": [0.10440563672196465, 1.0000000000009177]}"
325,rflbat,rflbat_final_distance_filter,"[2, 55, 9, 47, 3, 99, 74, 80, 64]",[54],"{""accepted_indices"": [0, 1, 2, 3, 4, 5, 6, 8, 9, 1, 2, 3, 4, 5, 6, 8, 9], ""eps2"": 6, ""distance_median"": 0.1870129038764909}"
326,rflbat,rflbat_first_distance_filter,"[2, 59, 92, 66, 35, 20, 10, 49, 26, 54, 59, 92, 66, 35, 20, 10, 49, 26, 54]",[],"{""accepted_indices"": [0, 1, 2, 3, 4, 5, 6, 7, 8, 9, 1, 2, 3, 4, 5, 6, 7, 8, 9], ""eps1"": 10, ""distance_median"": 0.21309099486161126}"
326,rflbat,rflbat_cluster_filter,"[2, 59, 92, 66, 35, 20, 10, 49, 26, 54, 59, 92, 66, 35, 20, 10, 49, 26, 54]",[],"{""accepted_indices"": [0, 1, 2, 3, 4, 5, 6, 7, 8, 9, 1, 2, 3, 4, 5, 6, 7, 8, 9], ""num_clusters"": 1, ""cluster_scores"": [0.09087567490814287]}"
326,rflbat,rflbat_final_distance_filter,"[2, 59, 92, 66, 35, 20, 10, 49, 26, 54]",[],"{""accepted_indices"": [0, 1, 2, 3, 4, 5, 6, 7, 8, 9, 1, 2, 3, 4, 5, 6, 7, 8, 9], ""eps2"": 6, ""distance_median"": 0.4078503860246415}"
327,rflbat,rflbat_first_distance_filter,"[3, 99, 97, 84, 43, 67, 7, 92, 58, 19, 99, 97, 84, 43, 67, 7, 92, 58, 19]",[],"{""accepted_indices"": [0, 1, 2, 3, 4, 5, 6, 7, 8, 9, 1, 2, 3, 4, 5, 6, 7, 8, 9], ""eps1"": 10, ""distance_median"": 0.14636051534198022}"
327,rflbat,rflbat_cluster_filter,"[3, 97, 84, 43, 67, 7, 92, 19, 97, 84, 43, 67, 7, 92, 19]","[99, 58]","{""accepted_indices"": [0, 2, 3, 4, 5, 6, 7, 9, 2, 3, 4, 5, 6, 7, 9], ""num_clusters"": 2, ""cluster_scores"": [0.6456987439445983, 0.14738608586984514]}"
327,rflbat,rflbat_final_distance_filter,"[3, 97, 84, 43, 67, 7, 92, 19]","[99, 58]","{""accepted_indices"": [0, 2, 3, 4, 5, 6, 7, 9, 2, 3, 4, 5, 6, 7, 9], ""eps2"": 6, ""distance_median"": 0.17640777116322967}"
328,rflbat,rflbat_first_distance_filter,"[1, 37, 91, 11, 65, 56, 63, 7, 87, 58, 37, 91, 11, 65, 56, 63, 7, 87, 58]",[],"{""accepted_indices"": [0, 1, 2, 3, 4, 5, 6, 7, 8, 9, 1, 2, 3, 4, 5, 6, 7, 8, 9], ""eps1"": 10, ""distance_median"": 0.10229453474271055}"
328,rflbat,rflbat_cluster_filter,"[1, 37, 91, 11, 65, 56, 63, 7, 87, 58, 37, 91, 11, 65, 56, 63, 7, 87, 58]",[],"{""accepted_indices"": [0, 1, 2, 3, 4, 5, 6, 7, 8, 9, 1, 2, 3, 4, 5, 6, 7, 8, 9], ""num_clusters"": 1, ""cluster_scores"": [0.12083422821842778]}"
328,rflbat,rflbat_final_distance_filter,"[1, 37, 91, 11, 65, 56, 63, 7, 87, 58]",[],"{""accepted_indices"": [0, 1, 2, 3, 4, 5, 6, 7, 8, 9, 1, 2, 3, 4, 5, 6, 7, 8, 9], ""eps2"": 6, ""distance_median"": 0.20568941542109118}"
329,rflbat,rflbat_first_distance_filter,"[0, 50, 6, 45, 86, 7, 48, 95, 31, 77, 50, 6, 45, 86, 7, 48, 95, 31, 77]",[],"{""accepted_indices"": [0, 1, 2, 3, 4, 5, 6, 7, 8, 9, 1, 2, 3, 4, 5, 6, 7, 8, 9], ""eps1"": 10, ""distance_median"": 0.2170202287773073}"
329,rflbat,rflbat_cluster_filter,"[0, 50, 6, 45, 86, 7, 48, 95, 31, 77, 50, 6, 45, 86, 7, 48, 95, 31, 77]",[],"{""accepted_indices"": [0, 1, 2, 3, 4, 5, 6, 7, 8, 9, 1, 2, 3, 4, 5, 6, 7, 8, 9], ""num_clusters"": 1, ""cluster_scores"": [0.11772486326623909]}"
329,rflbat,rflbat_final_distance_filter,"[0, 50, 6, 45, 86, 7, 48, 95, 31, 77]",[],"{""accepted_indices"": [0, 1, 2, 3, 4, 5, 6, 7, 8, 9, 1, 2, 3, 4, 5, 6, 7, 8, 9], ""eps2"": 6, ""distance_median"": 0.40243239422702937}"
330,rflbat,rflbat_first_distance_filter,"[3, 75, 33, 29, 43, 49, 32, 38, 34, 15, 75, 33, 29, 43, 49, 32, 38, 34, 15]",[],"{""accepted_indices"": [0, 1, 2, 3, 4, 5, 6, 7, 8, 9, 1, 2, 3, 4, 5, 6, 7, 8, 9], ""eps1"": 10, ""distance_median"": 0.15394854437445316}"
330,rflbat,rflbat_cluster_filter,"[3, 75, 33, 29, 43, 49, 32, 38, 34, 15, 75, 33, 29, 43, 49, 32, 38, 34, 15]",[],"{""accepted_indices"": [0, 1, 2, 3, 4, 5, 6, 7, 8, 9, 1, 2, 3, 4, 5, 6, 7, 8, 9], ""num_clusters"": 1, ""cluster_scores"": [0.1317996164649043]}"
330,rflbat,rflbat_final_distance_filter,"[3, 75, 33, 29, 43, 49, 32, 38, 34, 15]",[],"{""accepted_indices"": [0, 1, 2, 3, 4, 5, 6, 7, 8, 9, 1, 2, 3, 4, 5, 6, 7, 8, 9], ""eps2"": 6, ""distance_median"": 0.29548539845337624}"
331,rflbat,rflbat_first_distance_filter,"[3, 98, 48, 82, 2, 18, 66, 53, 94, 35, 98, 48, 82, 2, 18, 66, 53, 94, 35]",[],"{""accepted_indices"": [0, 1, 2, 3, 4, 5, 6, 7, 8, 9, 1, 2, 3, 4, 5, 6, 7, 8, 9], ""eps1"": 10, ""distance_median"": 0.1515504401261521}"
331,rflbat,rflbat_cluster_filter,"[3, 98, 48, 82, 2, 18, 66, 53, 94, 35, 98, 48, 82, 2, 18, 66, 53, 94, 35]",[],"{""accepted_indices"": [0, 1, 2, 3, 4, 5, 6, 7, 8, 9, 1, 2, 3, 4, 5, 6, 7, 8, 9], ""num_clusters"": 1, ""cluster_scores"": [0.07936106508016301]}"
331,rflbat,rflbat_final_distance_filter,"[3, 98, 48, 82, 2, 18, 66, 53, 94, 35]",[],"{""accepted_indices"": [0, 1, 2, 3, 4, 5, 6, 7, 8, 9, 1, 2, 3, 4, 5, 6, 7, 8, 9], ""eps2"": 6, ""distance_median"": 0.2978226072914329}"
332,rflbat,rflbat_first_distance_filter,"[0, 44, 36, 2, 51, 46, 66, 5, 84, 65, 44, 36, 2, 51, 46, 66, 5, 84, 65]",[],"{""accepted_indices"": [0, 1, 2, 3, 4, 5, 6, 7, 8, 9, 1, 2, 3, 4, 5, 6, 7, 8, 9], ""eps1"": 10, ""distance_median"": 0.188320193686611}"
332,rflbat,rflbat_cluster_filter,"[0, 44, 36, 2, 51, 46, 66, 5, 84, 65, 44, 36, 2, 51, 46, 66, 5, 84, 65]",[],"{""accepted_indices"": [0, 1, 2, 3, 4, 5, 6, 7, 8, 9, 1, 2, 3, 4, 5, 6, 7, 8, 9], ""num_clusters"": 1, ""cluster_scores"": [0.17830425799822752]}"
332,rflbat,rflbat_final_distance_filter,"[0, 44, 36, 2, 51, 46, 66, 5, 84, 65]",[],"{""accepted_indices"": [0, 1, 2, 3, 4, 5, 6, 7, 8, 9, 1, 2, 3, 4, 5, 6, 7, 8, 9], ""eps2"": 6, ""distance_median"": 0.3181236573271258}"
333,rflbat,rflbat_first_distance_filter,"[1, 63, 73, 47, 64, 9, 92, 31, 93, 20, 63, 73, 47, 64, 9, 92, 31, 93, 20]",[],"{""accepted_indices"": [0, 1, 2, 3, 4, 5, 6, 7, 8, 9, 1, 2, 3, 4, 5, 6, 7, 8, 9], ""eps1"": 10, ""distance_median"": 0.3127356702078348}"
333,rflbat,rflbat_cluster_filter,"[1, 63, 73, 47, 64, 9, 92, 31, 93, 20, 63, 73, 47, 64, 9, 92, 31, 93, 20]",[],"{""accepted_indices"": [0, 1, 2, 3, 4, 5, 6, 7, 8, 9, 1, 2, 3, 4, 5, 6, 7, 8, 9], ""num_clusters"": 1, ""cluster_scores"": [0.1070425793334955]}"
333,rflbat,rflbat_final_distance_filter,"[1, 63, 73, 47, 64, 9, 92, 31, 93, 20]",[],"{""accepted_indices"": [0, 1, 2, 3, 4, 5, 6, 7, 8, 9, 1, 2, 3, 4, 5, 6, 7, 8, 9], ""eps2"": 6, ""distance_median"": 0.6323976899660142}"
334,rflbat,rflbat_first_distance_filter,"[1, 79, 46, 96, 7, 30, 98, 66, 34, 69, 79, 46, 96, 7, 30, 98, 66, 34, 69]",[],"{""accepted_indices"": [0, 1, 2, 3, 4, 5, 6, 7, 8, 9, 1, 2, 3, 4, 5, 6, 7, 8, 9], ""eps1"": 10, ""distance_median"": 0.15589377557175432}"
334,rflbat,rflbat_cluster_filter,"[1, 79, 96, 7, 30, 98, 66, 34, 69, 79, 96, 7, 30, 98, 66, 34, 69]",[46],"{""accepted_indices"": [0, 1, 3, 4, 5, 6, 7, 8, 9, 1, 3, 4, 5, 6, 7, 8, 9], ""num_clusters"": 2, ""cluster_scores"": [1.0000000000017415, 0.12086653865290092]}"
334,rflbat,rflbat_final_distance_filter,"[1, 79, 96, 7, 30, 98, 66, 34, 69]",[46],"{""accepted_indices"": [0, 1, 3, 4, 5, 6, 7, 8, 9, 1, 3, 4, 5, 6, 7, 8, 9], ""eps2"": 6, ""distance_median"": 0.24694613521557152}"
335,rflbat,rflbat_first_distance_filter,"[2, 72, 73, 32, 69, 34, 89, 37, 59, 90, 72, 73, 32, 69, 34, 89, 37, 59, 90]",[],"{""accepted_indices"": [0, 1, 2, 3, 4, 5, 6, 7, 8, 9, 1, 2, 3, 4, 5, 6, 7, 8, 9], ""eps1"": 10, ""distance_median"": 0.23519077096097166}"
335,rflbat,rflbat_cluster_filter,"[2, 72, 73, 32, 69, 34, 89, 37, 59, 90, 72, 73, 32, 69, 34, 89, 37, 59, 90]",[],"{""accepted_indices"": [0, 1, 2, 3, 4, 5, 6, 7, 8, 9, 1, 2, 3, 4, 5, 6, 7, 8, 9], ""num_clusters"": 1, ""cluster_scores"": [0.09858340918808535]}"
335,rflbat,rflbat_final_distance_filter,"[2, 72, 73, 32, 69, 34, 89, 37, 59, 90]",[],"{""accepted_indices"": [0, 1, 2, 3, 4, 5, 6, 7, 8, 9, 1, 2, 3, 4, 5, 6, 7, 8, 9], ""eps2"": 6, ""distance_median"": 0.47482732002816597}"
336,rflbat,rflbat_first_distance_filter,"[1, 91, 76, 60, 37, 48, 33, 43, 71, 35, 91, 76, 60, 37, 48, 33, 43, 71, 35]",[],"{""accepted_indices"": [0, 1, 2, 3, 4, 5, 6, 7, 8, 9, 1, 2, 3, 4, 5, 6, 7, 8, 9], ""eps1"": 10, ""distance_median"": 0.1436829917167865}"
336,rflbat,rflbat_cluster_filter,"[1, 91, 76, 60, 37, 48, 33, 43, 71, 35, 91, 76, 60, 37, 48, 33, 43, 71, 35]",[],"{""accepted_indices"": [0, 1, 2, 3, 4, 5, 6, 7, 8, 9, 1, 2, 3, 4, 5, 6, 7, 8, 9], ""num_clusters"": 1, ""cluster_scores"": [0.10630921766290136]}"
336,rflbat,rflbat_final_distance_filter,"[1, 91, 76, 60, 37, 48, 33, 43, 71, 35]",[],"{""accepted_indices"": [0, 1, 2, 3, 4, 5, 6, 7, 8, 9, 1, 2, 3, 4, 5, 6, 7, 8, 9], ""eps2"": 6, ""distance_median"": 0.2854074004637848}"
337,rflbat,rflbat_first_distance_filter,"[4, 65, 93, 48, 43, 1, 94, 54, 23, 79, 65, 93, 48, 43, 1, 94, 54, 23, 79]",[],"{""accepted_indices"": [0, 1, 2, 3, 4, 5, 6, 7, 8, 9, 1, 2, 3, 4, 5, 6, 7, 8, 9], ""eps1"": 10, ""distance_median"": 0.14925323957772163}"
337,rflbat,rflbat_cluster_filter,"[4, 65, 93, 48, 43, 1, 94, 54, 23, 79, 65, 93, 48, 43, 1, 94, 54, 23, 79]",[],"{""accepted_indices"": [0, 1, 2, 3, 4, 5, 6, 7, 8, 9, 1, 2, 3, 4, 5, 6, 7, 8, 9], ""num_clusters"": 1, ""cluster_scores"": [0.14558842382009515]}"
337,rflbat,rflbat_final_distance_filter,"[4, 65, 93, 48, 43, 1, 94, 54, 23, 79]",[],"{""accepted_indices"": [0, 1, 2, 3, 4, 5, 6, 7, 8, 9, 1, 2, 3, 4, 5, 6, 7, 8, 9], ""eps2"": 6, ""distance_median"": 0.29825645741249646}"
338,rflbat,rflbat_first_distance_filter,"[4, 12, 81, 68, 46, 20, 66, 15, 18, 49, 12, 81, 68, 46, 20, 66, 15, 18, 49]",[],"{""accepted_indices"": [0, 1, 2, 3, 4, 5, 6, 7, 8, 9, 1, 2, 3, 4, 5, 6, 7, 8, 9], ""eps1"": 10, ""distance_median"": 0.17478540950644333}"
338,rflbat,rflbat_cluster_filter,"[4, 12, 81, 46, 20, 66, 15, 18, 49, 12, 81, 46, 20, 66, 15, 18, 49]",[68],"{""accepted_indices"": [0, 1, 2, 4, 5, 6, 7, 8, 9, 1, 2, 4, 5, 6, 7, 8, 9], ""num_clusters"": 2, ""cluster_scores"": [1.000000000003545, 0.10767566515092768]}"
338,rflbat,rflbat_final_distance_filter,"[4, 12, 81, 46, 20, 66, 15, 18, 49]",[68],"{""accepted_indices"": [0, 1, 2, 4, 5, 6, 7, 8, 9, 1, 2, 4, 5, 6, 7, 8, 9], ""eps2"": 6, ""distance_median"": 0.18153840059767823}"
339,rflbat,rflbat_first_distance_filter,"[0, 77, 93, 43, 55, 98, 62, 49, 7, 66, 77, 93, 43, 55, 98, 62, 49, 7, 66]",[],"{""accepted_indices"": [0, 1, 2, 3, 4, 5, 6, 7, 8, 9, 1, 2, 3, 4, 5, 6, 7, 8, 9], ""eps1"": 10, ""distance_median"": 0.1415857277613568}"
339,rflbat,rflbat_cluster_filter,"[0, 77, 93, 43, 55, 98, 62, 49, 7, 66, 77, 93, 43, 55, 98, 62, 49, 7, 66]",[],"{""accepted_indices"": [0, 1, 2, 3, 4, 5, 6, 7, 8, 9, 1, 2, 3, 4, 5, 6, 7, 8, 9], ""num_clusters"": 1, ""cluster_scores"": [0.13590690944498046]}"
339,rflbat,rflbat_final_distance_filter,"[0, 77, 93, 43, 55, 98, 62, 49, 7, 66]",[],"{""accepted_indices"": [0, 1, 2, 3, 4, 5, 6, 7, 8, 9, 1, 2, 3, 4, 5, 6, 7, 8, 9], ""eps2"": 6, ""distance_median"": 0.22247126919489735}"
340,rflbat,rflbat_first_distance_filter,"[2, 50, 30, 12, 38, 58, 54, 56, 22, 20, 50, 30, 12, 38, 58, 54, 56, 22, 20]",[],"{""accepted_indices"": [0, 1, 2, 3, 4, 5, 6, 7, 8, 9, 1, 2, 3, 4, 5, 6, 7, 8, 9], ""eps1"": 10, ""distance_median"": 0.16320228099673764}"
340,rflbat,rflbat_cluster_filter,"[2, 50, 30, 12, 38, 58, 54, 56, 22, 20, 50, 30, 12, 38, 58, 54, 56, 22, 20]",[],"{""accepted_indices"": [0, 1, 2, 3, 4, 5, 6, 7, 8, 9, 1, 2, 3, 4, 5, 6, 7, 8, 9], ""num_clusters"": 1, ""cluster_scores"": [0.1416046726275061]}"
340,rflbat,rflbat_final_distance_filter,"[2, 50, 30, 12, 38, 58, 54, 56, 22, 20]",[],"{""accepted_indices"": [0, 1, 2, 3, 4, 5, 6, 7, 8, 9, 1, 2, 3, 4, 5, 6, 7, 8, 9], ""eps2"": 6, ""distance_median"": 0.30173345735264195}"
341,rflbat,rflbat_first_distance_filter,"[3, 62, 17, 31, 96, 26, 91, 98, 39, 25, 62, 17, 31, 96, 26, 91, 98, 39, 25]",[],"{""accepted_indices"": [0, 1, 2, 3, 4, 5, 6, 7, 8, 9, 1, 2, 3, 4, 5, 6, 7, 8, 9], ""eps1"": 10, ""distance_median"": 0.29181655326451206}"
341,rflbat,rflbat_cluster_filter,"[3, 62, 17, 31, 96, 91, 98, 39, 25, 62, 17, 31, 96, 91, 98, 39, 25]",[26],"{""accepted_indices"": [0, 1, 2, 3, 4, 6, 7, 8, 9, 1, 2, 3, 4, 6, 7, 8, 9], ""num_clusters"": 2, ""cluster_scores"": [0.12040311067851522, 1.0000000000011966]}"
341,rflbat,rflbat_final_distance_filter,"[3, 62, 17, 31, 96, 91, 98, 39, 25]",[26],"{""accepted_indices"": [0, 1, 2, 3, 4, 6, 7, 8, 9, 1, 2, 3, 4, 6, 7, 8, 9], ""eps2"": 6, ""distance_median"": 0.13807693014133365}"
342,rflbat,rflbat_first_distance_filter,"[0, 99, 76, 79, 62, 27, 72, 49, 46, 43, 99, 76, 79, 62, 27, 72, 49, 46, 43]",[],"{""accepted_indices"": [0, 1, 2, 3, 4, 5, 6, 7, 8, 9, 1, 2, 3, 4, 5, 6, 7, 8, 9], ""eps1"": 10, ""distance_median"": 0.261617762240758}"
342,rflbat,rflbat_cluster_filter,"[99, 76, 79, 27, 72, 46, 43, 99, 76, 79, 27, 72, 46, 43]","[0, 62, 49]","{""accepted_indices"": [1, 2, 3, 5, 6, 8, 9, 1, 2, 3, 5, 6, 8, 9], ""num_clusters"": 4, ""cluster_scores"": [0.1644382984118495, 1.0000000000028577, 1, 1.000000000000892]}"
342,rflbat,rflbat_final_distance_filter,"[99, 76, 79, 27, 72, 46, 43]","[0, 62, 49]","{""accepted_indices"": [1, 2, 3, 5, 6, 8, 9, 1, 2, 3, 5, 6, 8, 9], ""eps2"": 6, ""distance_median"": 0.030740000362189795}"
343,rflbat,rflbat_first_distance_filter,"[3, 36, 26, 39, 7, 20, 76, 48, 49, 45, 36, 26, 39, 7, 20, 76, 48, 49, 45]",[],"{""accepted_indices"": [0, 1, 2, 3, 4, 5, 6, 7, 8, 9, 1, 2, 3, 4, 5, 6, 7, 8, 9], ""eps1"": 10, ""distance_median"": 0.13837745804206142}"
343,rflbat,rflbat_cluster_filter,"[3, 36, 26, 39, 7, 20, 76, 48, 49, 45, 36, 26, 39, 7, 20, 76, 48, 49, 45]",[],"{""accepted_indices"": [0, 1, 2, 3, 4, 5, 6, 7, 8, 9, 1, 2, 3, 4, 5, 6, 7, 8, 9], ""num_clusters"": 1, ""cluster_scores"": [0.08344967081852951]}"
343,rflbat,rflbat_final_distance_filter,"[3, 36, 26, 39, 7, 20, 76, 48, 49, 45]",[],"{""accepted_indices"": [0, 1, 2, 3, 4, 5, 6, 7, 8, 9, 1, 2, 3, 4, 5, 6, 7, 8, 9], ""eps2"": 6, ""distance_median"": 0.2678121043639713}"
344,rflbat,rflbat_first_distance_filter,"[1, 65, 53, 3, 10, 66, 8, 75, 49, 99, 65, 53, 3, 10, 66, 8, 75, 49, 99]",[],"{""accepted_indices"": [0, 1, 2, 3, 4, 5, 6, 7, 8, 9, 1, 2, 3, 4, 5, 6, 7, 8, 9], ""eps1"": 10, ""distance_median"": 0.19684466494303549}"
344,rflbat,rflbat_cluster_filter,"[1, 65, 53, 3, 10, 66, 8, 75, 49, 99, 65, 53, 3, 10, 66, 8, 75, 49, 99]",[],"{""accepted_indices"": [0, 1, 2, 3, 4, 5, 6, 7, 8, 9, 1, 2, 3, 4, 5, 6, 7, 8, 9], ""num_clusters"": 1, ""cluster_scores"": [0.08056098382697895]}"
344,rflbat,rflbat_final_distance_filter,"[1, 65, 53, 3, 10, 66, 8, 75, 49, 99]",[],"{""accepted_indices"": [0, 1, 2, 3, 4, 5, 6, 7, 8, 9, 1, 2, 3, 4, 5, 6, 7, 8, 9], ""eps2"": 6, ""distance_median"": 0.3847615359730665}"
345,rflbat,rflbat_first_distance_filter,"[1, 68, 12, 53, 23, 82, 97, 9, 64, 38, 68, 12, 53, 23, 82, 97, 9, 64, 38]",[],"{""accepted_indices"": [0, 1, 2, 3, 4, 5, 6, 7, 8, 9, 1, 2, 3, 4, 5, 6, 7, 8, 9], ""eps1"": 10, ""distance_median"": 0.141561572973408}"
345,rflbat,rflbat_cluster_filter,"[1, 68, 12, 53, 23, 82, 97, 9, 64, 38, 68, 12, 53, 23, 82, 97, 9, 64, 38]",[],"{""accepted_indices"": [0, 1, 2, 3, 4, 5, 6, 7, 8, 9, 1, 2, 3, 4, 5, 6, 7, 8, 9], ""num_clusters"": 1, ""cluster_scores"": [0.14531209538321538]}"
345,rflbat,rflbat_final_distance_filter,"[1, 68, 12, 53, 23, 82, 97, 9, 64, 38]",[],"{""accepted_indices"": [0, 1, 2, 3, 4, 5, 6, 7, 8, 9, 1, 2, 3, 4, 5, 6, 7, 8, 9], ""eps2"": 6, ""distance_median"": 0.2786023256188746}"
346,rflbat,rflbat_first_distance_filter,"[1, 83, 60, 55, 58, 18, 98, 59, 30, 67, 83, 60, 55, 58, 18, 98, 59, 30, 67]",[],"{""accepted_indices"": [0, 1, 2, 3, 4, 5, 6, 7, 8, 9, 1, 2, 3, 4, 5, 6, 7, 8, 9], ""eps1"": 10, ""distance_median"": 0.21938171106953158}"
346,rflbat,rflbat_cluster_filter,"[1, 83, 60, 55, 58, 18, 98, 59, 30, 67, 83, 60, 55, 58, 18, 98, 59, 30, 67]",[],"{""accepted_indices"": [0, 1, 2, 3, 4, 5, 6, 7, 8, 9, 1, 2, 3, 4, 5, 6, 7, 8, 9], ""num_clusters"": 1, ""cluster_scores"": [0.09795021399071883]}"
346,rflbat,rflbat_final_distance_filter,"[1, 83, 60, 55, 58, 18, 98, 59, 30, 67]",[],"{""accepted_indices"": [0, 1, 2, 3, 4, 5, 6, 7, 8, 9, 1, 2, 3, 4, 5, 6, 7, 8, 9], ""eps2"": 6, ""distance_median"": 0.43963970312631695}"
347,rflbat,rflbat_first_distance_filter,"[4, 14, 77, 95, 15, 9, 46, 91, 58, 92, 14, 77, 95, 15, 9, 46, 91, 58, 92]",[],"{""accepted_indices"": [0, 1, 2, 3, 4, 5, 6, 7, 8, 9, 1, 2, 3, 4, 5, 6, 7, 8, 9], ""eps1"": 10, ""distance_median"": 0.13686123393701188}"
347,rflbat,rflbat_cluster_filter,"[4, 14, 77, 95, 15, 9, 46, 91, 58, 92, 14, 77, 95, 15, 9, 46, 91, 58, 92]",[],"{""accepted_indices"": [0, 1, 2, 3, 4, 5, 6, 7, 8, 9, 1, 2, 3, 4, 5, 6, 7, 8, 9], ""num_clusters"": 1, ""cluster_scores"": [0.10423650492944193]}"
347,rflbat,rflbat_final_distance_filter,"[4, 14, 77, 95, 15, 9, 46, 91, 58, 92]",[],"{""accepted_indices"": [0, 1, 2, 3, 4, 5, 6, 7, 8, 9, 1, 2, 3, 4, 5, 6, 7, 8, 9], ""eps2"": 6, ""distance_median"": 0.2813099212840386}"
348,rflbat,rflbat_first_distance_filter,"[4, 45, 89, 27, 20, 44, 5, 81, 46, 66, 45, 89, 27, 20, 44, 5, 81, 46, 66]",[],"{""accepted_indices"": [0, 1, 2, 3, 4, 5, 6, 7, 8, 9, 1, 2, 3, 4, 5, 6, 7, 8, 9], ""eps1"": 10, ""distance_median"": 0.1415715314612816}"
348,rflbat,rflbat_cluster_filter,"[4, 45, 89, 27, 20, 44, 5, 81, 46, 66, 45, 89, 27, 20, 44, 5, 81, 46, 66]",[],"{""accepted_indices"": [0, 1, 2, 3, 4, 5, 6, 7, 8, 9, 1, 2, 3, 4, 5, 6, 7, 8, 9], ""num_clusters"": 1, ""cluster_scores"": [0.09085650175063416]}"
348,rflbat,rflbat_final_distance_filter,"[4, 45, 89, 27, 20, 44, 5, 81, 46, 66]",[],"{""accepted_indices"": [0, 1, 2, 3, 4, 5, 6, 7, 8, 9, 1, 2, 3, 4, 5, 6, 7, 8, 9], ""eps2"": 6, ""distance_median"": 0.28280753681795523}"
349,rflbat,rflbat_first_distance_filter,"[2, 97, 60, 50, 96, 48, 49, 67, 62, 47, 97, 60, 50, 96, 48, 49, 67, 62, 47]",[],"{""accepted_indices"": [0, 1, 2, 3, 4, 5, 6, 7, 8, 9, 1, 2, 3, 4, 5, 6, 7, 8, 9], ""eps1"": 10, ""distance_median"": 0.16400005847337298}"
349,rflbat,rflbat_cluster_filter,"[2, 97, 60, 50, 96, 49, 67, 62, 47, 97, 60, 50, 96, 49, 67, 62, 47]",[48],"{""accepted_indices"": [0, 1, 2, 3, 4, 6, 7, 8, 9, 1, 2, 3, 4, 6, 7, 8, 9], ""num_clusters"": 2, ""cluster_scores"": [0.10196683460625838, 1.0000000000011]}"
349,rflbat,rflbat_final_distance_filter,"[2, 97, 60, 50, 96, 49, 67, 62, 47]",[48],"{""accepted_indices"": [0, 1, 2, 3, 4, 6, 7, 8, 9, 1, 2, 3, 4, 6, 7, 8, 9], ""eps2"": 6, ""distance_median"": 0.19583984252416256}"
350,rflbat,rflbat_first_distance_filter,"[1, 65, 99, 28, 30, 80, 12, 92, 62, 39, 65, 99, 28, 30, 80, 12, 92, 62, 39]",[],"{""accepted_indices"": [0, 1, 2, 3, 4, 5, 6, 7, 8, 9, 1, 2, 3, 4, 5, 6, 7, 8, 9], ""eps1"": 10, ""distance_median"": 0.11826129750697972}"
350,rflbat,rflbat_cluster_filter,"[1, 65, 99, 28, 80, 12, 92, 62, 39, 65, 99, 28, 80, 12, 92, 62, 39]",[30],"{""accepted_indices"": [0, 1, 2, 3, 5, 6, 7, 8, 9, 1, 2, 3, 5, 6, 7, 8, 9], ""num_clusters"": 2, ""cluster_scores"": [1.0000000000023626, 0.12922180592792684]}"
350,rflbat,rflbat_final_distance_filter,"[1, 65, 99, 28, 80, 12, 92, 62, 39]",[30],"{""accepted_indices"": [0, 1, 2, 3, 5, 6, 7, 8, 9, 1, 2, 3, 5, 6, 7, 8, 9], ""eps2"": 6, ""distance_median"": 0.10018270926386146}"
351,rflbat,rflbat_first_distance_filter,"[2, 68, 1, 22, 50, 35, 92, 19, 74, 98, 68, 1, 22, 50, 35, 92, 19, 74, 98]",[],"{""accepted_indices"": [0, 1, 2, 3, 4, 5, 6, 7, 8, 9, 1, 2, 3, 4, 5, 6, 7, 8, 9], ""eps1"": 10, ""distance_median"": 0.06755477579298104}"
351,rflbat,rflbat_cluster_filter,"[2, 68, 1, 22, 50, 35, 92, 19, 74, 98, 68, 1, 22, 50, 35, 92, 19, 74, 98]",[],"{""accepted_indices"": [0, 1, 2, 3, 4, 5, 6, 7, 8, 9, 1, 2, 3, 4, 5, 6, 7, 8, 9], ""num_clusters"": 1, ""cluster_scores"": [0.15035615164539973]}"
351,rflbat,rflbat_final_distance_filter,"[2, 68, 1, 22, 50, 35, 92, 19, 74, 98]",[],"{""accepted_indices"": [0, 1, 2, 3, 4, 5, 6, 7, 8, 9, 1, 2, 3, 4, 5, 6, 7, 8, 9], ""eps2"": 6, ""distance_median"": 0.13289054329446753}"
352,rflbat,rflbat_first_distance_filter,"[1, 23, 61, 29, 84, 71, 0, 79, 65, 38, 23, 61, 29, 84, 71, 0, 79, 65, 38]",[],"{""accepted_indices"": [0, 1, 2, 3, 4, 5, 6, 7, 8, 9, 1, 2, 3, 4, 5, 6, 7, 8, 9], ""eps1"": 10, ""distance_median"": 0.13568433819566778}"
352,rflbat,rflbat_cluster_filter,"[1, 23, 61, 29, 84, 71, 0, 79, 65, 38, 23, 61, 29, 84, 71, 0, 79, 65, 38]",[],"{""accepted_indices"": [0, 1, 2, 3, 4, 5, 6, 7, 8, 9, 1, 2, 3, 4, 5, 6, 7, 8, 9], ""num_clusters"": 1, ""cluster_scores"": [0.12553958305508708]}"
352,rflbat,rflbat_final_distance_filter,"[1, 23, 61, 29, 84, 71, 0, 79, 65, 38]",[],"{""accepted_indices"": [0, 1, 2, 3, 4, 5, 6, 7, 8, 9, 1, 2, 3, 4, 5, 6, 7, 8, 9], ""eps2"": 6, ""distance_median"": 0.2700540000684183}"
353,rflbat,rflbat_first_distance_filter,"[4, 52, 78, 56, 87, 82, 41, 94, 29, 80, 52, 78, 56, 87, 82, 41, 94, 29, 80]",[],"{""accepted_indices"": [0, 1, 2, 3, 4, 5, 6, 7, 8, 9, 1, 2, 3, 4, 5, 6, 7, 8, 9], ""eps1"": 10, ""distance_median"": 0.09634526771547741}"
353,rflbat,rflbat_cluster_filter,"[4, 52, 78, 56, 87, 82, 41, 94, 29, 80, 52, 78, 56, 87, 82, 41, 94, 29, 80]",[],"{""accepted_indices"": [0, 1, 2, 3, 4, 5, 6, 7, 8, 9, 1, 2, 3, 4, 5, 6, 7, 8, 9], ""num_clusters"": 1, ""cluster_scores"": [0.11609946743362466]}"
353,rflbat,rflbat_final_distance_filter,"[4, 52, 78, 56, 87, 82, 41, 94, 29, 80]",[],"{""accepted_indices"": [0, 1, 2, 3, 4, 5, 6, 7, 8, 9, 1, 2, 3, 4, 5, 6, 7, 8, 9], ""eps2"": 6, ""distance_median"": 0.19095043251324426}"
354,rflbat,rflbat_first_distance_filter,"[2, 3, 63, 52, 76, 47, 38, 19, 50, 77, 3, 63, 52, 76, 47, 38, 19, 50, 77]",[],"{""accepted_indices"": [0, 1, 2, 3, 4, 5, 6, 7, 8, 9, 1, 2, 3, 4, 5, 6, 7, 8, 9], ""eps1"": 10, ""distance_median"": 0.10981130734617936}"
354,rflbat,rflbat_cluster_filter,"[2, 3, 63, 52, 76, 47, 38, 19, 50, 77, 3, 63, 52, 76, 47, 38, 19, 50, 77]",[],"{""accepted_indices"": [0, 1, 2, 3, 4, 5, 6, 7, 8, 9, 1, 2, 3, 4, 5, 6, 7, 8, 9], ""num_clusters"": 1, ""cluster_scores"": [0.0889559320357703]}"
354,rflbat,rflbat_final_distance_filter,"[2, 3, 63, 52, 76, 47, 38, 19, 50, 77]",[],"{""accepted_indices"": [0, 1, 2, 3, 4, 5, 6, 7, 8, 9, 1, 2, 3, 4, 5, 6, 7, 8, 9], ""eps2"": 6, ""distance_median"": 0.21576130942101684}"
355,rflbat,rflbat_first_distance_filter,"[0, 34, 62, 24, 75, 6, 22, 88, 43, 87, 34, 62, 24, 75, 6, 22, 88, 43, 87]",[],"{""accepted_indices"": [0, 1, 2, 3, 4, 5, 6, 7, 8, 9, 1, 2, 3, 4, 5, 6, 7, 8, 9], ""eps1"": 10, ""distance_median"": 0.28116241740747494}"
355,rflbat,rflbat_cluster_filter,"[0, 34, 62, 24, 75, 6, 22, 88, 43, 87, 34, 62, 24, 75, 6, 22, 88, 43, 87]",[],"{""accepted_indices"": [0, 1, 2, 3, 4, 5, 6, 7, 8, 9, 1, 2, 3, 4, 5, 6, 7, 8, 9], ""num_clusters"": 1, ""cluster_scores"": [0.0981912975114783]}"
355,rflbat,rflbat_final_distance_filter,"[0, 34, 62, 24, 75, 6, 22, 88, 43, 87]",[],"{""accepted_indices"": [0, 1, 2, 3, 4, 5, 6, 7, 8, 9, 1, 2, 3, 4, 5, 6, 7, 8, 9], ""eps2"": 6, ""distance_median"": 0.5367491296243586}"
356,rflbat,rflbat_first_distance_filter,"[3, 95, 28, 36, 13, 30, 23, 63, 44, 45, 95, 28, 36, 13, 30, 23, 63, 44, 45]",[],"{""accepted_indices"": [0, 1, 2, 3, 4, 5, 6, 7, 8, 9, 1, 2, 3, 4, 5, 6, 7, 8, 9], ""eps1"": 10, ""distance_median"": 0.2078154191343839}"
356,rflbat,rflbat_cluster_filter,"[3, 95, 28, 36, 13, 30, 23, 63, 44, 45, 95, 28, 36, 13, 30, 23, 63, 44, 45]",[],"{""accepted_indices"": [0, 1, 2, 3, 4, 5, 6, 7, 8, 9, 1, 2, 3, 4, 5, 6, 7, 8, 9], ""num_clusters"": 1, ""cluster_scores"": [0.1248411742122513]}"
356,rflbat,rflbat_final_distance_filter,"[3, 95, 28, 36, 13, 30, 23, 63, 44, 45]",[],"{""accepted_indices"": [0, 1, 2, 3, 4, 5, 6, 7, 8, 9, 1, 2, 3, 4, 5, 6, 7, 8, 9], ""eps2"": 6, ""distance_median"": 0.40768869806400715}"
357,rflbat,rflbat_first_distance_filter,"[0, 89, 60, 25, 1, 36, 71, 12, 57, 44, 89, 60, 25, 1, 36, 71, 12, 57, 44]",[],"{""accepted_indices"": [0, 1, 2, 3, 4, 5, 6, 7, 8, 9, 1, 2, 3, 4, 5, 6, 7, 8, 9], ""eps1"": 10, ""distance_median"": 0.1533245263453946}"
357,rflbat,rflbat_cluster_filter,"[89, 60, 25, 1, 12, 57, 89, 60, 25, 1, 12, 57]","[0, 36, 71, 44]","{""accepted_indices"": [1, 2, 3, 4, 7, 8, 1, 2, 3, 4, 7, 8], ""num_clusters"": 4, ""cluster_scores"": [0.7347199867063869, 1.000000000001619, 0.19635077386607785, 1]}"
357,rflbat,rflbat_final_distance_filter,"[89, 60, 25, 1, 12, 57]","[0, 36, 71, 44]","{""accepted_indices"": [1, 2, 3, 4, 7, 8, 1, 2, 3, 4, 7, 8], ""eps2"": 6, ""distance_median"": 0.048604705377828725}"
358,rflbat,rflbat_first_distance_filter,"[4, 64, 39, 97, 41, 52, 15, 89, 75, 80, 64, 39, 97, 41, 52, 15, 89, 75, 80]",[],"{""accepted_indices"": [0, 1, 2, 3, 4, 5, 6, 7, 8, 9, 1, 2, 3, 4, 5, 6, 7, 8, 9], ""eps1"": 10, ""distance_median"": 0.1466918387976905}"
358,rflbat,rflbat_cluster_filter,"[4, 64, 39, 97, 41, 52, 15, 89, 75, 80, 64, 39, 97, 41, 52, 15, 89, 75, 80]",[],"{""accepted_indices"": [0, 1, 2, 3, 4, 5, 6, 7, 8, 9, 1, 2, 3, 4, 5, 6, 7, 8, 9], ""num_clusters"": 1, ""cluster_scores"": [0.10917047987246535]}"
358,rflbat,rflbat_final_distance_filter,"[4, 64, 39, 97, 41, 52, 15, 89, 75, 80]",[],"{""accepted_indices"": [0, 1, 2, 3, 4, 5, 6, 7, 8, 9, 1, 2, 3, 4, 5, 6, 7, 8, 9], ""eps2"": 6, ""distance_median"": 0.2987394251639634}"
359,rflbat,rflbat_first_distance_filter,"[3, 79, 69, 76, 5, 31, 55, 99, 53, 85, 79, 69, 76, 5, 31, 55, 99, 53, 85]",[],"{""accepted_indices"": [0, 1, 2, 3, 4, 5, 6, 7, 8, 9, 1, 2, 3, 4, 5, 6, 7, 8, 9], ""eps1"": 10, ""distance_median"": 0.24857905392675295}"
359,rflbat,rflbat_cluster_filter,"[3, 79, 69, 76, 5, 31, 55, 99, 53, 85, 79, 69, 76, 5, 31, 55, 99, 53, 85]",[],"{""accepted_indices"": [0, 1, 2, 3, 4, 5, 6, 7, 8, 9, 1, 2, 3, 4, 5, 6, 7, 8, 9], ""num_clusters"": 1, ""cluster_scores"": [0.11419377388452337]}"
359,rflbat,rflbat_final_distance_filter,"[3, 79, 69, 76, 5, 31, 55, 99, 53, 85]",[],"{""accepted_indices"": [0, 1, 2, 3, 4, 5, 6, 7, 8, 9, 1, 2, 3, 4, 5, 6, 7, 8, 9], ""eps2"": 6, ""distance_median"": 0.5097003326858549}"
360,rflbat,rflbat_first_distance_filter,"[3, 62, 51, 28, 92, 82, 37, 2, 8, 75, 62, 51, 28, 92, 82, 37, 2, 8, 75]",[],"{""accepted_indices"": [0, 1, 2, 3, 4, 5, 6, 7, 8, 9, 1, 2, 3, 4, 5, 6, 7, 8, 9], ""eps1"": 10, ""distance_median"": 0.15237847514158215}"
360,rflbat,rflbat_cluster_filter,"[3, 51, 28, 92, 82, 37, 2, 8, 75, 51, 28, 92, 82, 37, 2, 8, 75]",[62],"{""accepted_indices"": [0, 2, 3, 4, 5, 6, 7, 8, 9, 2, 3, 4, 5, 6, 7, 8, 9], ""num_clusters"": 2, ""cluster_scores"": [0.09457948977779601, 1.0000000000031104]}"
360,rflbat,rflbat_final_distance_filter,"[3, 51, 28, 92, 82, 37, 2, 8, 75]",[62],"{""accepted_indices"": [0, 2, 3, 4, 5, 6, 7, 8, 9, 2, 3, 4, 5, 6, 7, 8, 9], ""eps2"": 6, ""distance_median"": 0.13509005506015806}"
361,rflbat,rflbat_first_distance_filter,"[1, 70, 17, 86, 16, 12, 39, 48, 5, 18, 70, 17, 86, 16, 12, 39, 48, 5, 18]",[],"{""accepted_indices"": [0, 1, 2, 3, 4, 5, 6, 7, 8, 9, 1, 2, 3, 4, 5, 6, 7, 8, 9], ""eps1"": 10, ""distance_median"": 0.19351981012255043}"
361,rflbat,rflbat_cluster_filter,"[1, 70, 17, 86, 16, 12, 39, 18, 70, 17, 86, 16, 12, 39, 18]","[48, 5]","{""accepted_indices"": [0, 1, 2, 3, 4, 5, 6, 9, 1, 2, 3, 4, 5, 6, 9], ""num_clusters"": 3, ""cluster_scores"": [1.0000000000009037, 0.21970563204424465, 1.0000000000024918]}"
361,rflbat,rflbat_final_distance_filter,"[1, 70, 17, 86, 16, 12, 39, 18]","[48, 5]","{""accepted_indices"": [0, 1, 2, 3, 4, 5, 6, 9, 1, 2, 3, 4, 5, 6, 9], ""eps2"": 6, ""distance_median"": 0.0647968275162926}"
362,rflbat,rflbat_first_distance_filter,"[0, 6, 66, 17, 92, 43, 32, 82, 40, 14, 6, 66, 17, 92, 43, 32, 82, 40, 14]",[],"{""accepted_indices"": [0, 1, 2, 3, 4, 5, 6, 7, 8, 9, 1, 2, 3, 4, 5, 6, 7, 8, 9], ""eps1"": 10, ""distance_median"": 0.20626067457558273}"
362,rflbat,rflbat_cluster_filter,"[0, 6, 66, 17, 92, 43, 32, 82, 40, 14, 6, 66, 17, 92, 43, 32, 82, 40, 14]",[],"{""accepted_indices"": [0, 1, 2, 3, 4, 5, 6, 7, 8, 9, 1, 2, 3, 4, 5, 6, 7, 8, 9], ""num_clusters"": 1, ""cluster_scores"": [0.08554979594973426]}"
362,rflbat,rflbat_final_distance_filter,"[0, 6, 66, 17, 92, 43, 82, 40, 14]",[32],"{""accepted_indices"": [0, 1, 2, 3, 4, 5, 7, 8, 9, 1, 2, 3, 4, 5, 7, 8, 9], ""eps2"": 6, ""distance_median"": 0.35029672154606295}"
363,rflbat,rflbat_first_distance_filter,"[3, 45, 36, 34, 50, 57, 60, 85, 0, 68, 45, 36, 34, 50, 57, 60, 85, 0, 68]",[],"{""accepted_indices"": [0, 1, 2, 3, 4, 5, 6, 7, 8, 9, 1, 2, 3, 4, 5, 6, 7, 8, 9], ""eps1"": 10, ""distance_median"": 0.1737853777247755}"
363,rflbat,rflbat_cluster_filter,"[3, 45, 36, 34, 50, 57, 60, 85, 0, 68, 45, 36, 34, 50, 57, 60, 85, 0, 68]",[],"{""accepted_indices"": [0, 1, 2, 3, 4, 5, 6, 7, 8, 9, 1, 2, 3, 4, 5, 6, 7, 8, 9], ""num_clusters"": 1, ""cluster_scores"": [0.09513092619057813]}"
363,rflbat,rflbat_final_distance_filter,"[3, 45, 36, 34, 50, 57, 60, 85, 0, 68]",[],"{""accepted_indices"": [0, 1, 2, 3, 4, 5, 6, 7, 8, 9, 1, 2, 3, 4, 5, 6, 7, 8, 9], ""eps2"": 6, ""distance_median"": 0.37267915208754226}"
364,rflbat,rflbat_first_distance_filter,"[3, 74, 60, 30, 75, 39, 61, 26, 53, 96, 74, 60, 30, 75, 39, 61, 26, 53, 96]",[],"{""accepted_indices"": [0, 1, 2, 3, 4, 5, 6, 7, 8, 9, 1, 2, 3, 4, 5, 6, 7, 8, 9], ""eps1"": 10, ""distance_median"": 0.13868017171179858}"
364,rflbat,rflbat_cluster_filter,"[3, 74, 60, 30, 75, 39, 61, 53, 96, 74, 60, 30, 75, 39, 61, 53, 96]",[26],"{""accepted_indices"": [0, 1, 2, 3, 4, 5, 6, 8, 9, 1, 2, 3, 4, 5, 6, 8, 9], ""num_clusters"": 2, ""cluster_scores"": [0.0966621991763532, 1.0000000000011722]}"
364,rflbat,rflbat_final_distance_filter,"[3, 74, 60, 30, 75, 39, 61, 53, 96]",[26],"{""accepted_indices"": [0, 1, 2, 3, 4, 5, 6, 8, 9, 1, 2, 3, 4, 5, 6, 8, 9], ""eps2"": 6, ""distance_median"": 0.15014066477032958}"
365,rflbat,rflbat_first_distance_filter,"[1, 39, 36, 72, 68, 9, 51, 33, 91, 47, 39, 36, 72, 68, 9, 51, 33, 91, 47]",[],"{""accepted_indices"": [0, 1, 2, 3, 4, 5, 6, 7, 8, 9, 1, 2, 3, 4, 5, 6, 7, 8, 9], ""eps1"": 10, ""distance_median"": 0.1627410424529394}"
365,rflbat,rflbat_cluster_filter,"[1, 39, 36, 72, 68, 9, 51, 33, 91, 47, 39, 36, 72, 68, 9, 51, 33, 91, 47]",[],"{""accepted_indices"": [0, 1, 2, 3, 4, 5, 6, 7, 8, 9, 1, 2, 3, 4, 5, 6, 7, 8, 9], ""num_clusters"": 1, ""cluster_scores"": [0.11087006820389765]}"
365,rflbat,rflbat_final_distance_filter,"[1, 39, 36, 72, 68, 9, 51, 33, 91, 47]",[],"{""accepted_indices"": [0, 1, 2, 3, 4, 5, 6, 7, 8, 9, 1, 2, 3, 4, 5, 6, 7, 8, 9], ""eps2"": 6, ""distance_median"": 0.3235169016293131}"
366,rflbat,rflbat_first_distance_filter,"[2, 19, 28, 74, 47, 36, 30, 55, 82, 40, 19, 28, 74, 47, 36, 30, 55, 82, 40]",[],"{""accepted_indices"": [0, 1, 2, 3, 4, 5, 6, 7, 8, 9, 1, 2, 3, 4, 5, 6, 7, 8, 9], ""eps1"": 10, ""distance_median"": 0.12718568848211226}"
366,rflbat,rflbat_cluster_filter,"[2, 19, 28, 74, 47, 36, 30, 55, 82, 40, 19, 28, 74, 47, 36, 30, 55, 82, 40]",[],"{""accepted_indices"": [0, 1, 2, 3, 4, 5, 6, 7, 8, 9, 1, 2, 3, 4, 5, 6, 7, 8, 9], ""num_clusters"": 1, ""cluster_scores"": [0.12270065929202756]}"
366,rflbat,rflbat_final_distance_filter,"[2, 19, 28, 74, 47, 36, 30, 55, 82, 40]",[],"{""accepted_indices"": [0, 1, 2, 3, 4, 5, 6, 7, 8, 9, 1, 2, 3, 4, 5, 6, 7, 8, 9], ""eps2"": 6, ""distance_median"": 0.24997930409130897}"
367,rflbat,rflbat_first_distance_filter,"[1, 27, 9, 55, 80, 52, 37, 13, 85, 59, 27, 9, 55, 80, 52, 37, 13, 85, 59]",[],"{""accepted_indices"": [0, 1, 2, 3, 4, 5, 6, 7, 8, 9, 1, 2, 3, 4, 5, 6, 7, 8, 9], ""eps1"": 10, ""distance_median"": 0.1844635098613243}"
367,rflbat,rflbat_cluster_filter,"[1, 27, 9, 55, 80, 52, 37, 13, 85, 59, 27, 9, 55, 80, 52, 37, 13, 85, 59]",[],"{""accepted_indices"": [0, 1, 2, 3, 4, 5, 6, 7, 8, 9, 1, 2, 3, 4, 5, 6, 7, 8, 9], ""num_clusters"": 1, ""cluster_scores"": [0.1908012987769604]}"
367,rflbat,rflbat_final_distance_filter,"[1, 27, 9, 55, 80, 52, 37, 13, 85, 59]",[],"{""accepted_indices"": [0, 1, 2, 3, 4, 5, 6, 7, 8, 9, 1, 2, 3, 4, 5, 6, 7, 8, 9], ""eps2"": 6, ""distance_median"": 0.36743290261473843}"
368,rflbat,rflbat_first_distance_filter,"[2, 85, 61, 46, 79, 83, 68, 40, 96, 13, 85, 61, 46, 79, 83, 68, 40, 96, 13]",[],"{""accepted_indices"": [0, 1, 2, 3, 4, 5, 6, 7, 8, 9, 1, 2, 3, 4, 5, 6, 7, 8, 9], ""eps1"": 10, ""distance_median"": 0.155710356906491}"
368,rflbat,rflbat_cluster_filter,"[2, 85, 61, 46, 79, 83, 68, 40, 96, 13, 85, 61, 46, 79, 83, 68, 40, 96, 13]",[],"{""accepted_indices"": [0, 1, 2, 3, 4, 5, 6, 7, 8, 9, 1, 2, 3, 4, 5, 6, 7, 8, 9], ""num_clusters"": 1, ""cluster_scores"": [0.12587167607802474]}"
368,rflbat,rflbat_final_distance_filter,"[2, 85, 61, 46, 79, 83, 68, 40, 96, 13]",[],"{""accepted_indices"": [0, 1, 2, 3, 4, 5, 6, 7, 8, 9, 1, 2, 3, 4, 5, 6, 7, 8, 9], ""eps2"": 6, ""distance_median"": 0.3089996423460394}"
369,rflbat,rflbat_first_distance_filter,"[4, 80, 74, 38, 97, 65, 41, 14, 11, 83, 80, 74, 38, 97, 65, 41, 14, 11, 83]",[],"{""accepted_indices"": [0, 1, 2, 3, 4, 5, 6, 7, 8, 9, 1, 2, 3, 4, 5, 6, 7, 8, 9], ""eps1"": 10, ""distance_median"": 0.13929639631164578}"
369,rflbat,rflbat_cluster_filter,"[4, 80, 74, 38, 97, 65, 41, 14, 11, 83, 80, 74, 38, 97, 65, 41, 14, 11, 83]",[],"{""accepted_indices"": [0, 1, 2, 3, 4, 5, 6, 7, 8, 9, 1, 2, 3, 4, 5, 6, 7, 8, 9], ""num_clusters"": 1, ""cluster_scores"": [0.11322610897195247]}"
369,rflbat,rflbat_final_distance_filter,"[4, 80, 74, 38, 97, 65, 41, 14, 11, 83]",[],"{""accepted_indices"": [0, 1, 2, 3, 4, 5, 6, 7, 8, 9, 1, 2, 3, 4, 5, 6, 7, 8, 9], ""eps2"": 6, ""distance_median"": 0.23801283394865155}"
370,rflbat,rflbat_first_distance_filter,"[3, 37, 78, 46, 89, 1, 28, 68, 80, 48, 37, 78, 46, 89, 1, 28, 68, 80, 48]",[],"{""accepted_indices"": [0, 1, 2, 3, 4, 5, 6, 7, 8, 9, 1, 2, 3, 4, 5, 6, 7, 8, 9], ""eps1"": 10, ""distance_median"": 0.14935725954343415}"
370,rflbat,rflbat_cluster_filter,"[3, 37, 78, 46, 89, 1, 28, 68, 80, 48, 37, 78, 46, 89, 1, 28, 68, 80, 48]",[],"{""accepted_indices"": [0, 1, 2, 3, 4, 5, 6, 7, 8, 9, 1, 2, 3, 4, 5, 6, 7, 8, 9], ""num_clusters"": 1, ""cluster_scores"": [0.16382305451545998]}"
370,rflbat,rflbat_final_distance_filter,"[3, 37, 78, 46, 89, 1, 28, 68, 80, 48]",[],"{""accepted_indices"": [0, 1, 2, 3, 4, 5, 6, 7, 8, 9, 1, 2, 3, 4, 5, 6, 7, 8, 9], ""eps2"": 6, ""distance_median"": 0.29257440648065686}"
371,rflbat,rflbat_first_distance_filter,"[1, 7, 80, 25, 19, 22, 36, 45, 16, 61, 7, 80, 25, 19, 22, 36, 45, 16, 61]",[],"{""accepted_indices"": [0, 1, 2, 3, 4, 5, 6, 7, 8, 9, 1, 2, 3, 4, 5, 6, 7, 8, 9], ""eps1"": 10, ""distance_median"": 0.12648859215403035}"
371,rflbat,rflbat_cluster_filter,"[1, 7, 80, 25, 19, 22, 36, 45, 16, 61, 7, 80, 25, 19, 22, 36, 45, 16, 61]",[],"{""accepted_indices"": [0, 1, 2, 3, 4, 5, 6, 7, 8, 9, 1, 2, 3, 4, 5, 6, 7, 8, 9], ""num_clusters"": 1, ""cluster_scores"": [0.11902555015825177]}"
371,rflbat,rflbat_final_distance_filter,"[1, 7, 80, 25, 19, 22, 36, 45, 16, 61]",[],"{""accepted_indices"": [0, 1, 2, 3, 4, 5, 6, 7, 8, 9, 1, 2, 3, 4, 5, 6, 7, 8, 9], ""eps2"": 6, ""distance_median"": 0.24874753451383633}"
372,rflbat,rflbat_first_distance_filter,"[1, 32, 58, 59, 19, 75, 53, 86, 36, 16, 32, 58, 59, 19, 75, 53, 86, 36, 16]",[],"{""accepted_indices"": [0, 1, 2, 3, 4, 5, 6, 7, 8, 9, 1, 2, 3, 4, 5, 6, 7, 8, 9], ""eps1"": 10, ""distance_median"": 0.15976864706556942}"
372,rflbat,rflbat_cluster_filter,"[1, 32, 58, 59, 19, 75, 53, 86, 36, 16, 32, 58, 59, 19, 75, 53, 86, 36, 16]",[],"{""accepted_indices"": [0, 1, 2, 3, 4, 5, 6, 7, 8, 9, 1, 2, 3, 4, 5, 6, 7, 8, 9], ""num_clusters"": 1, ""cluster_scores"": [0.0871621278399886]}"
372,rflbat,rflbat_final_distance_filter,"[1, 32, 58, 59, 19, 75, 53, 86, 36, 16]",[],"{""accepted_indices"": [0, 1, 2, 3, 4, 5, 6, 7, 8, 9, 1, 2, 3, 4, 5, 6, 7, 8, 9], ""eps2"": 6, ""distance_median"": 0.32382722388731866}"
373,rflbat,rflbat_first_distance_filter,"[2, 78, 24, 16, 64, 20, 86, 14, 80, 68, 78, 24, 16, 64, 20, 86, 14, 80, 68]",[],"{""accepted_indices"": [0, 1, 2, 3, 4, 5, 6, 7, 8, 9, 1, 2, 3, 4, 5, 6, 7, 8, 9], ""eps1"": 10, ""distance_median"": 0.10853247210512318}"
373,rflbat,rflbat_cluster_filter,"[2, 78, 24, 16, 64, 20, 86, 14, 80, 68, 78, 24, 16, 64, 20, 86, 14, 80, 68]",[],"{""accepted_indices"": [0, 1, 2, 3, 4, 5, 6, 7, 8, 9, 1, 2, 3, 4, 5, 6, 7, 8, 9], ""num_clusters"": 1, ""cluster_scores"": [0.10644291324385442]}"
373,rflbat,rflbat_final_distance_filter,"[2, 78, 24, 16, 64, 20, 86, 14, 80, 68]",[],"{""accepted_indices"": [0, 1, 2, 3, 4, 5, 6, 7, 8, 9, 1, 2, 3, 4, 5, 6, 7, 8, 9], ""eps2"": 6, ""distance_median"": 0.2152123148061776}"
374,rflbat,rflbat_first_distance_filter,"[0, 16, 95, 11, 30, 9, 80, 10, 19, 55, 16, 95, 11, 30, 9, 80, 10, 19, 55]",[],"{""accepted_indices"": [0, 1, 2, 3, 4, 5, 6, 7, 8, 9, 1, 2, 3, 4, 5, 6, 7, 8, 9], ""eps1"": 10, ""distance_median"": 0.23519978306149608}"
374,rflbat,rflbat_cluster_filter,"[0, 16, 95, 11, 30, 9, 80, 10, 19, 55, 16, 95, 11, 30, 9, 80, 10, 19, 55]",[],"{""accepted_indices"": [0, 1, 2, 3, 4, 5, 6, 7, 8, 9, 1, 2, 3, 4, 5, 6, 7, 8, 9], ""num_clusters"": 1, ""cluster_scores"": [0.10141906132380063]}"
374,rflbat,rflbat_final_distance_filter,"[0, 16, 95, 11, 30, 9, 80, 10, 19, 55]",[],"{""accepted_indices"": [0, 1, 2, 3, 4, 5, 6, 7, 8, 9, 1, 2, 3, 4, 5, 6, 7, 8, 9], ""eps2"": 6, ""distance_median"": 0.4401504370938987}"
375,rflbat,rflbat_first_distance_filter,"[3, 25, 50, 51, 52, 24, 36, 82, 91, 92, 25, 50, 51, 52, 24, 36, 82, 91, 92]",[],"{""accepted_indices"": [0, 1, 2, 3, 4, 5, 6, 7, 8, 9, 1, 2, 3, 4, 5, 6, 7, 8, 9], ""eps1"": 10, ""distance_median"": 0.12491339136126565}"
375,rflbat,rflbat_cluster_filter,"[3, 25, 50, 51, 52, 24, 36, 82, 91, 92, 25, 50, 51, 52, 24, 36, 82, 91, 92]",[],"{""accepted_indices"": [0, 1, 2, 3, 4, 5, 6, 7, 8, 9, 1, 2, 3, 4, 5, 6, 7, 8, 9], ""num_clusters"": 1, ""cluster_scores"": [0.11566068176182578]}"
375,rflbat,rflbat_final_distance_filter,"[3, 25, 50, 51, 52, 24, 36, 82, 91, 92]",[],"{""accepted_indices"": [0, 1, 2, 3, 4, 5, 6, 7, 8, 9, 1, 2, 3, 4, 5, 6, 7, 8, 9], ""eps2"": 6, ""distance_median"": 0.27429400180661373}"
376,rflbat,rflbat_first_distance_filter,"[1, 74, 52, 82, 32, 18, 72, 7, 36, 96, 74, 52, 82, 32, 18, 72, 7, 36, 96]",[],"{""accepted_indices"": [0, 1, 2, 3, 4, 5, 6, 7, 8, 9, 1, 2, 3, 4, 5, 6, 7, 8, 9], ""eps1"": 10, ""distance_median"": 0.11962993984602707}"
376,rflbat,rflbat_cluster_filter,"[1, 74, 52, 82, 32, 18, 72, 7, 36, 96, 74, 52, 82, 32, 18, 72, 7, 36, 96]",[],"{""accepted_indices"": [0, 1, 2, 3, 4, 5, 6, 7, 8, 9, 1, 2, 3, 4, 5, 6, 7, 8, 9], ""num_clusters"": 1, ""cluster_scores"": [0.11767345064764256]}"
376,rflbat,rflbat_final_distance_filter,"[1, 74, 52, 82, 32, 18, 72, 7, 36, 96]",[],"{""accepted_indices"": [0, 1, 2, 3, 4, 5, 6, 7, 8, 9, 1, 2, 3, 4, 5, 6, 7, 8, 9], ""eps2"": 6, ""distance_median"": 0.2179009881502134}"
377,rflbat,rflbat_first_distance_filter,"[1, 4, 95, 81, 43, 11, 78, 98, 26, 52, 4, 95, 81, 43, 11, 78, 98, 26, 52]",[],"{""accepted_indices"": [0, 1, 2, 3, 4, 5, 6, 7, 8, 9, 1, 2, 3, 4, 5, 6, 7, 8, 9], ""eps1"": 10, ""distance_median"": 0.12796783018503835}"
377,rflbat,rflbat_cluster_filter,"[1, 4, 95, 81, 43, 11, 78, 98, 26, 52, 4, 95, 81, 43, 11, 78, 98, 26, 52]",[],"{""accepted_indices"": [0, 1, 2, 3, 4, 5, 6, 7, 8, 9, 1, 2, 3, 4, 5, 6, 7, 8, 9], ""num_clusters"": 1, ""cluster_scores"": [0.12054053292595183]}"
377,rflbat,rflbat_final_distance_filter,"[1, 4, 95, 81, 43, 11, 78, 98, 26, 52]",[],"{""accepted_indices"": [0, 1, 2, 3, 4, 5, 6, 7, 8, 9, 1, 2, 3, 4, 5, 6, 7, 8, 9], ""eps2"": 6, ""distance_median"": 0.28040558495437934}"
378,rflbat,rflbat_first_distance_filter,"[0, 94, 8, 35, 50, 43, 64, 44, 56, 23, 94, 8, 35, 50, 43, 64, 44, 56, 23]",[],"{""accepted_indices"": [0, 1, 2, 3, 4, 5, 6, 7, 8, 9, 1, 2, 3, 4, 5, 6, 7, 8, 9], ""eps1"": 10, ""distance_median"": 0.14359832121622956}"
378,rflbat,rflbat_cluster_filter,"[0, 94, 8, 35, 50, 43, 64, 44, 56, 23, 94, 8, 35, 50, 43, 64, 44, 56, 23]",[],"{""accepted_indices"": [0, 1, 2, 3, 4, 5, 6, 7, 8, 9, 1, 2, 3, 4, 5, 6, 7, 8, 9], ""num_clusters"": 1, ""cluster_scores"": [0.15067236597504166]}"
378,rflbat,rflbat_final_distance_filter,"[0, 94, 8, 35, 50, 43, 64, 44, 56, 23]",[],"{""accepted_indices"": [0, 1, 2, 3, 4, 5, 6, 7, 8, 9, 1, 2, 3, 4, 5, 6, 7, 8, 9], ""eps2"": 6, ""distance_median"": 0.2209520043738191}"
379,rflbat,rflbat_first_distance_filter,"[4, 91, 42, 50, 93, 74, 8, 28, 19, 31, 91, 42, 50, 93, 74, 8, 28, 19, 31]",[],"{""accepted_indices"": [0, 1, 2, 3, 4, 5, 6, 7, 8, 9, 1, 2, 3, 4, 5, 6, 7, 8, 9], ""eps1"": 10, ""distance_median"": 0.16685489012993543}"
379,rflbat,rflbat_cluster_filter,"[4, 91, 42, 50, 93, 74, 8, 28, 19, 31, 91, 42, 50, 93, 74, 8, 28, 19, 31]",[],"{""accepted_indices"": [0, 1, 2, 3, 4, 5, 6, 7, 8, 9, 1, 2, 3, 4, 5, 6, 7, 8, 9], ""num_clusters"": 1, ""cluster_scores"": [0.13070954966570927]}"
379,rflbat,rflbat_final_distance_filter,"[4, 91, 42, 50, 93, 74, 8, 28, 19, 31]",[],"{""accepted_indices"": [0, 1, 2, 3, 4, 5, 6, 7, 8, 9, 1, 2, 3, 4, 5, 6, 7, 8, 9], ""eps2"": 6, ""distance_median"": 0.3310252971105108}"
380,rflbat,rflbat_first_distance_filter,"[3, 17, 87, 46, 75, 51, 76, 86, 7, 2, 17, 87, 46, 75, 51, 76, 86, 7, 2]",[],"{""accepted_indices"": [0, 1, 2, 3, 4, 5, 6, 7, 8, 9, 1, 2, 3, 4, 5, 6, 7, 8, 9], ""eps1"": 10, ""distance_median"": 0.13947763605807031}"
380,rflbat,rflbat_cluster_filter,"[3, 17, 87, 46, 76, 86, 7, 2, 17, 87, 46, 76, 86, 7, 2]","[75, 51]","{""accepted_indices"": [0, 1, 2, 3, 6, 7, 8, 9, 1, 2, 3, 6, 7, 8, 9], ""num_clusters"": 2, ""cluster_scores"": [0.6470252257852851, 0.1793594761733586]}"
380,rflbat,rflbat_final_distance_filter,"[3, 17, 87, 46, 76, 86, 7, 2]","[75, 51]","{""accepted_indices"": [0, 1, 2, 3, 6, 7, 8, 9, 1, 2, 3, 6, 7, 8, 9], ""eps2"": 6, ""distance_median"": 0.1462154978308956}"
381,rflbat,rflbat_first_distance_filter,"[2, 48, 52, 63, 45, 4, 11, 85, 28, 61, 48, 52, 63, 45, 4, 11, 85, 28, 61]",[],"{""accepted_indices"": [0, 1, 2, 3, 4, 5, 6, 7, 8, 9, 1, 2, 3, 4, 5, 6, 7, 8, 9], ""eps1"": 10, ""distance_median"": 0.17983597008244556}"
381,rflbat,rflbat_cluster_filter,"[2, 48, 52, 63, 45, 4, 11, 85, 28, 61, 48, 52, 63, 45, 4, 11, 85, 28, 61]",[],"{""accepted_indices"": [0, 1, 2, 3, 4, 5, 6, 7, 8, 9, 1, 2, 3, 4, 5, 6, 7, 8, 9], ""num_clusters"": 1, ""cluster_scores"": [0.08197231305543565]}"
381,rflbat,rflbat_final_distance_filter,"[2, 48, 52, 63, 45, 4, 11, 85, 28, 61]",[],"{""accepted_indices"": [0, 1, 2, 3, 4, 5, 6, 7, 8, 9, 1, 2, 3, 4, 5, 6, 7, 8, 9], ""eps2"": 6, ""distance_median"": 0.3455912681186636}"
382,rflbat,rflbat_first_distance_filter,"[3, 73, 18, 31, 30, 25, 63, 33, 95, 5, 73, 18, 31, 30, 25, 63, 33, 95, 5]",[],"{""accepted_indices"": [0, 1, 2, 3, 4, 5, 6, 7, 8, 9, 1, 2, 3, 4, 5, 6, 7, 8, 9], ""eps1"": 10, ""distance_median"": 0.357960503624775}"
382,rflbat,rflbat_cluster_filter,"[3, 18, 30, 25, 63, 33, 95, 5, 18, 30, 25, 63, 33, 95, 5]","[73, 31]","{""accepted_indices"": [0, 2, 4, 5, 6, 7, 8, 9, 2, 4, 5, 6, 7, 8, 9], ""num_clusters"": 3, ""cluster_scores"": [1.000000000001805, 0.1348664068029746, 1.0000000000011764]}"
382,rflbat,rflbat_final_distance_filter,"[3, 18, 30, 25, 63, 33, 95, 5]","[73, 31]","{""accepted_indices"": [0, 2, 4, 5, 6, 7, 8, 9, 2, 4, 5, 6, 7, 8, 9], ""eps2"": 6, ""distance_median"": 0.05181542278026298}"
383,rflbat,rflbat_first_distance_filter,"[2, 10, 45, 27, 3, 75, 29, 61, 39, 18, 10, 45, 27, 3, 75, 29, 61, 39, 18]",[],"{""accepted_indices"": [0, 1, 2, 3, 4, 5, 6, 7, 8, 9, 1, 2, 3, 4, 5, 6, 7, 8, 9], ""eps1"": 10, ""distance_median"": 0.23470056673194195}"
383,rflbat,rflbat_cluster_filter,"[2, 10, 45, 27, 3, 75, 29, 61, 39, 18, 10, 45, 27, 3, 75, 29, 61, 39, 18]",[],"{""accepted_indices"": [0, 1, 2, 3, 4, 5, 6, 7, 8, 9, 1, 2, 3, 4, 5, 6, 7, 8, 9], ""num_clusters"": 1, ""cluster_scores"": [0.11817688379886566]}"
383,rflbat,rflbat_final_distance_filter,"[2, 10, 45, 27, 3, 75, 29, 61, 39, 18]",[],"{""accepted_indices"": [0, 1, 2, 3, 4, 5, 6, 7, 8, 9, 1, 2, 3, 4, 5, 6, 7, 8, 9], ""eps2"": 6, ""distance_median"": 0.47122349697849586}"
384,rflbat,rflbat_first_distance_filter,"[0, 69, 85, 65, 33, 13, 14, 18, 43, 89, 69, 85, 65, 33, 13, 14, 18, 43, 89]",[],"{""accepted_indices"": [0, 1, 2, 3, 4, 5, 6, 7, 8, 9, 1, 2, 3, 4, 5, 6, 7, 8, 9], ""eps1"": 10, ""distance_median"": 0.19289660850145038}"
384,rflbat,rflbat_cluster_filter,"[0, 69, 85, 65, 33, 13, 14, 18, 43, 89, 69, 85, 65, 33, 13, 14, 18, 43, 89]",[],"{""accepted_indices"": [0, 1, 2, 3, 4, 5, 6, 7, 8, 9, 1, 2, 3, 4, 5, 6, 7, 8, 9], ""num_clusters"": 1, ""cluster_scores"": [0.08332893487229817]}"
384,rflbat,rflbat_final_distance_filter,"[0, 69, 85, 65, 33, 13, 14, 18, 43, 89]",[],"{""accepted_indices"": [0, 1, 2, 3, 4, 5, 6, 7, 8, 9, 1, 2, 3, 4, 5, 6, 7, 8, 9], ""eps2"": 6, ""distance_median"": 0.33698866360158736}"
385,rflbat,rflbat_first_distance_filter,"[1, 55, 94, 46, 48, 71, 92, 51, 85, 95, 55, 94, 46, 48, 71, 92, 51, 85, 95]",[],"{""accepted_indices"": [0, 1, 2, 3, 4, 5, 6, 7, 8, 9, 1, 2, 3, 4, 5, 6, 7, 8, 9], ""eps1"": 10, ""distance_median"": 0.254009067101872}"
385,rflbat,rflbat_cluster_filter,"[1, 55, 94, 46, 48, 71, 92, 51, 85, 95, 55, 94, 46, 48, 71, 92, 51, 85, 95]",[],"{""accepted_indices"": [0, 1, 2, 3, 4, 5, 6, 7, 8, 9, 1, 2, 3, 4, 5, 6, 7, 8, 9], ""num_clusters"": 1, ""cluster_scores"": [0.09461747212375503]}"
385,rflbat,rflbat_final_distance_filter,"[1, 55, 94, 46, 48, 71, 92, 51, 85, 95]",[],"{""accepted_indices"": [0, 1, 2, 3, 4, 5, 6, 7, 8, 9, 1, 2, 3, 4, 5, 6, 7, 8, 9], ""eps2"": 6, ""distance_median"": 0.5410626142279126}"
386,rflbat,rflbat_first_distance_filter,"[2, 20, 22, 45, 28, 63, 30, 89, 33, 81, 20, 22, 45, 28, 63, 30, 89, 33, 81]",[],"{""accepted_indices"": [0, 1, 2, 3, 4, 5, 6, 7, 8, 9, 1, 2, 3, 4, 5, 6, 7, 8, 9], ""eps1"": 10, ""distance_median"": 0.1087369389348864}"
386,rflbat,rflbat_cluster_filter,"[2, 20, 22, 45, 28, 63, 30, 89, 33, 81, 20, 22, 45, 28, 63, 30, 89, 33, 81]",[],"{""accepted_indices"": [0, 1, 2, 3, 4, 5, 6, 7, 8, 9, 1, 2, 3, 4, 5, 6, 7, 8, 9], ""num_clusters"": 1, ""cluster_scores"": [0.13069128240340824]}"
386,rflbat,rflbat_final_distance_filter,"[2, 20, 22, 45, 28, 63, 30, 89, 33, 81]",[],"{""accepted_indices"": [0, 1, 2, 3, 4, 5, 6, 7, 8, 9, 1, 2, 3, 4, 5, 6, 7, 8, 9], ""eps2"": 6, ""distance_median"": 0.2188114817784197}"
387,rflbat,rflbat_first_distance_filter,"[2, 89, 65, 85, 30, 73, 11, 64, 12, 23, 89, 65, 85, 30, 73, 11, 64, 12, 23]",[],"{""accepted_indices"": [0, 1, 2, 3, 4, 5, 6, 7, 8, 9, 1, 2, 3, 4, 5, 6, 7, 8, 9], ""eps1"": 10, ""distance_median"": 0.3465127532621398}"
387,rflbat,rflbat_cluster_filter,"[2, 89, 65, 85, 11, 64, 12, 23, 89, 65, 85, 11, 64, 12, 23]","[30, 73]","{""accepted_indices"": [0, 1, 2, 3, 6, 7, 8, 9, 1, 2, 3, 6, 7, 8, 9], ""num_clusters"": 3, ""cluster_scores"": [0.15554741987558482, 1.000000000002198, 1.0000000000019895]}"
387,rflbat,rflbat_final_distance_filter,"[2, 89, 65, 85, 11, 64, 12, 23]","[30, 73]","{""accepted_indices"": [0, 1, 2, 3, 6, 7, 8, 9, 1, 2, 3, 6, 7, 8, 9], ""eps2"": 6, ""distance_median"": 0.08204322875086746}"
388,rflbat,rflbat_first_distance_filter,"[1, 51, 94, 98, 47, 76, 68, 40, 39, 87, 51, 94, 98, 47, 76, 68, 40, 39, 87]",[],"{""accepted_indices"": [0, 1, 2, 3, 4, 5, 6, 7, 8, 9, 1, 2, 3, 4, 5, 6, 7, 8, 9], ""eps1"": 10, ""distance_median"": 0.09842199441857127}"
388,rflbat,rflbat_cluster_filter,"[1, 51, 94, 98, 47, 76, 68, 40, 87, 51, 94, 98, 47, 76, 68, 40, 87]",[39],"{""accepted_indices"": [0, 1, 2, 3, 4, 5, 6, 7, 9, 1, 2, 3, 4, 5, 6, 7, 9], ""num_clusters"": 2, ""cluster_scores"": [0.1065974068890179, 1.0000000000015965]}"
388,rflbat,rflbat_final_distance_filter,"[1, 51, 94, 98, 47, 76, 68, 40, 87]",[39],"{""accepted_indices"": [0, 1, 2, 3, 4, 5, 6, 7, 9, 1, 2, 3, 4, 5, 6, 7, 9], ""eps2"": 6, ""distance_median"": 0.10038735470777194}"
389,rflbat,rflbat_first_distance_filter,"[4, 52, 3, 59, 48, 78, 49, 54, 61, 76, 52, 3, 59, 48, 78, 49, 54, 61, 76]",[],"{""accepted_indices"": [0, 1, 2, 3, 4, 5, 6, 7, 8, 9, 1, 2, 3, 4, 5, 6, 7, 8, 9], ""eps1"": 10, ""distance_median"": 0.16130979917112603}"
389,rflbat,rflbat_cluster_filter,"[4, 52, 3, 59, 48, 78, 49, 54, 61, 76, 52, 3, 59, 48, 78, 49, 54, 61, 76]",[],"{""accepted_indices"": [0, 1, 2, 3, 4, 5, 6, 7, 8, 9, 1, 2, 3, 4, 5, 6, 7, 8, 9], ""num_clusters"": 1, ""cluster_scores"": [0.08207169996426666]}"
389,rflbat,rflbat_final_distance_filter,"[4, 52, 3, 59, 48, 78, 49, 54, 61, 76]",[],"{""accepted_indices"": [0, 1, 2, 3, 4, 5, 6, 7, 8, 9, 1, 2, 3, 4, 5, 6, 7, 8, 9], ""eps2"": 6, ""distance_median"": 0.3083054028489765}"
390,rflbat,rflbat_first_distance_filter,"[2, 66, 13, 14, 34, 96, 61, 85, 33, 40, 66, 13, 14, 34, 96, 61, 85, 33, 40]",[],"{""accepted_indices"": [0, 1, 2, 3, 4, 5, 6, 7, 8, 9, 1, 2, 3, 4, 5, 6, 7, 8, 9], ""eps1"": 10, ""distance_median"": 0.1649358509407839}"
390,rflbat,rflbat_cluster_filter,"[2, 66, 13, 14, 34, 96, 61, 85, 33, 40, 66, 13, 14, 34, 96, 61, 85, 33, 40]",[],"{""accepted_indices"": [0, 1, 2, 3, 4, 5, 6, 7, 8, 9, 1, 2, 3, 4, 5, 6, 7, 8, 9], ""num_clusters"": 1, ""cluster_scores"": [0.2154532329597743]}"
390,rflbat,rflbat_final_distance_filter,"[2, 66, 13, 14, 34, 96, 61, 85, 33, 40]",[],"{""accepted_indices"": [0, 1, 2, 3, 4, 5, 6, 7, 8, 9, 1, 2, 3, 4, 5, 6, 7, 8, 9], ""eps2"": 6, ""distance_median"": 0.3398347913771421}"
391,rflbat,rflbat_first_distance_filter,"[3, 88, 79, 23, 82, 66, 27, 7, 13, 92, 88, 79, 23, 82, 66, 27, 7, 13, 92]",[],"{""accepted_indices"": [0, 1, 2, 3, 4, 5, 6, 7, 8, 9, 1, 2, 3, 4, 5, 6, 7, 8, 9], ""eps1"": 10, ""distance_median"": 0.174025061978425}"
391,rflbat,rflbat_cluster_filter,"[3, 88, 79, 23, 82, 66, 27, 7, 13, 92, 88, 79, 23, 82, 66, 27, 7, 13, 92]",[],"{""accepted_indices"": [0, 1, 2, 3, 4, 5, 6, 7, 8, 9, 1, 2, 3, 4, 5, 6, 7, 8, 9], ""num_clusters"": 1, ""cluster_scores"": [0.10759743693946505]}"
391,rflbat,rflbat_final_distance_filter,"[3, 88, 79, 23, 82, 66, 27, 7, 13, 92]",[],"{""accepted_indices"": [0, 1, 2, 3, 4, 5, 6, 7, 8, 9, 1, 2, 3, 4, 5, 6, 7, 8, 9], ""eps2"": 6, ""distance_median"": 0.3192541799406932}"
392,rflbat,rflbat_first_distance_filter,"[1, 30, 78, 35, 5, 92, 96, 74, 12, 95, 30, 78, 35, 5, 92, 96, 74, 12, 95]",[],"{""accepted_indices"": [0, 1, 2, 3, 4, 5, 6, 7, 8, 9, 1, 2, 3, 4, 5, 6, 7, 8, 9], ""eps1"": 10, ""distance_median"": 0.2201381808378665}"
392,rflbat,rflbat_cluster_filter,"[1, 30, 78, 35, 5, 92, 96, 74, 12, 95, 30, 78, 35, 5, 92, 96, 74, 12, 95]",[],"{""accepted_indices"": [0, 1, 2, 3, 4, 5, 6, 7, 8, 9, 1, 2, 3, 4, 5, 6, 7, 8, 9], ""num_clusters"": 1, ""cluster_scores"": [0.14409357302969453]}"
392,rflbat,rflbat_final_distance_filter,"[1, 30, 78, 35, 92, 96, 74, 12, 95]",[5],"{""accepted_indices"": [0, 1, 2, 3, 5, 6, 7, 8, 9, 1, 2, 3, 5, 6, 7, 8, 9], ""eps2"": 6, ""distance_median"": 0.43984579310181415}"
393,rflbat,rflbat_first_distance_filter,"[2, 41, 27, 97, 16, 24, 57, 34, 91, 80, 41, 27, 97, 16, 24, 57, 34, 91, 80]",[],"{""accepted_indices"": [0, 1, 2, 3, 4, 5, 6, 7, 8, 9, 1, 2, 3, 4, 5, 6, 7, 8, 9], ""eps1"": 10, ""distance_median"": 0.13081229037197084}"
393,rflbat,rflbat_cluster_filter,"[2, 41, 27, 97, 16, 24, 57, 34, 91, 80, 41, 27, 97, 16, 24, 57, 34, 91, 80]",[],"{""accepted_indices"": [0, 1, 2, 3, 4, 5, 6, 7, 8, 9, 1, 2, 3, 4, 5, 6, 7, 8, 9], ""num_clusters"": 1, ""cluster_scores"": [0.1377290218755923]}"
393,rflbat,rflbat_final_distance_filter,"[2, 41, 27, 97, 16, 24, 57, 34, 91, 80]",[],"{""accepted_indices"": [0, 1, 2, 3, 4, 5, 6, 7, 8, 9, 1, 2, 3, 4, 5, 6, 7, 8, 9], ""eps2"": 6, ""distance_median"": 0.2557374476664169}"
394,rflbat,rflbat_first_distance_filter,"[2, 84, 37, 16, 11, 82, 45, 75, 20, 3, 84, 37, 16, 11, 82, 45, 75, 20, 3]",[],"{""accepted_indices"": [0, 1, 2, 3, 4, 5, 6, 7, 8, 9, 1, 2, 3, 4, 5, 6, 7, 8, 9], ""eps1"": 10, ""distance_median"": 0.16045816660897083}"
394,rflbat,rflbat_cluster_filter,"[2, 84, 37, 16, 11, 82, 45, 75, 20, 3, 84, 37, 16, 11, 82, 45, 75, 20, 3]",[],"{""accepted_indices"": [0, 1, 2, 3, 4, 5, 6, 7, 8, 9, 1, 2, 3, 4, 5, 6, 7, 8, 9], ""num_clusters"": 1, ""cluster_scores"": [0.089358104787734]}"
394,rflbat,rflbat_final_distance_filter,"[2, 84, 37, 16, 11, 82, 45, 75, 20, 3]",[],"{""accepted_indices"": [0, 1, 2, 3, 4, 5, 6, 7, 8, 9, 1, 2, 3, 4, 5, 6, 7, 8, 9], ""eps2"": 6, ""distance_median"": 0.3467559810989994}"
395,rflbat,rflbat_first_distance_filter,"[2, 12, 22, 17, 52, 59, 31, 43, 49, 30, 12, 22, 17, 52, 59, 31, 43, 49, 30]",[],"{""accepted_indices"": [0, 1, 2, 3, 4, 5, 6, 7, 8, 9, 1, 2, 3, 4, 5, 6, 7, 8, 9], ""eps1"": 10, ""distance_median"": 0.3155760681273868}"
395,rflbat,rflbat_cluster_filter,"[2, 12, 22, 17, 52, 59, 31, 43, 49, 12, 22, 17, 52, 59, 31, 43, 49]",[30],"{""accepted_indices"": [0, 1, 2, 3, 4, 5, 6, 7, 8, 1, 2, 3, 4, 5, 6, 7, 8], ""num_clusters"": 2, ""cluster_scores"": [0.15843577672518136, 1.0000000000008946]}"
395,rflbat,rflbat_final_distance_filter,"[2, 12, 22, 17, 52, 59, 31, 43, 49]",[30],"{""accepted_indices"": [0, 1, 2, 3, 4, 5, 6, 7, 8, 1, 2, 3, 4, 5, 6, 7, 8], ""eps2"": 6, ""distance_median"": 0.14270228845948393}"
396,rflbat,rflbat_first_distance_filter,"[0, 35, 24, 17, 98, 76, 64, 32, 30, 74, 35, 24, 17, 98, 76, 64, 32, 30, 74]",[],"{""accepted_indices"": [0, 1, 2, 3, 4, 5, 6, 7, 8, 9, 1, 2, 3, 4, 5, 6, 7, 8, 9], ""eps1"": 10, ""distance_median"": 0.21250620845951584}"
396,rflbat,rflbat_cluster_filter,"[0, 35, 24, 17, 98, 76, 64, 32, 30, 74, 35, 24, 17, 98, 76, 64, 32, 30, 74]",[],"{""accepted_indices"": [0, 1, 2, 3, 4, 5, 6, 7, 8, 9, 1, 2, 3, 4, 5, 6, 7, 8, 9], ""num_clusters"": 1, ""cluster_scores"": [0.12232396200212416]}"
396,rflbat,rflbat_final_distance_filter,"[0, 35, 24, 17, 98, 76, 64, 32, 30, 74]",[],"{""accepted_indices"": [0, 1, 2, 3, 4, 5, 6, 7, 8, 9, 1, 2, 3, 4, 5, 6, 7, 8, 9], ""eps2"": 6, ""distance_median"": 0.35136858050426545}"
397,rflbat,rflbat_first_distance_filter,"[0, 9, 1, 69, 22, 31, 72, 14, 84, 44, 9, 1, 69, 22, 31, 72, 14, 84, 44]",[],"{""accepted_indices"": [0, 1, 2, 3, 4, 5, 6, 7, 8, 9, 1, 2, 3, 4, 5, 6, 7, 8, 9], ""eps1"": 10, ""distance_median"": 0.27792406954798665}"
397,rflbat,rflbat_cluster_filter,"[9, 1, 22, 72, 14, 84, 9, 1, 22, 72, 14, 84]","[0, 69, 31, 44]","{""accepted_indices"": [1, 2, 4, 6, 7, 8, 1, 2, 4, 6, 7, 8], ""num_clusters"": 5, ""cluster_scores"": [0.18680651092765482, 1.0000000000014881, 1, 1.0000000000009217, 1.0000000000017684]}"
397,rflbat,rflbat_final_distance_filter,"[9, 1, 22, 72, 14, 84]","[0, 69, 31, 44]","{""accepted_indices"": [1, 2, 4, 6, 7, 8, 1, 2, 4, 6, 7, 8], ""eps2"": 6, ""distance_median"": 0.012596500474931474}"
398,rflbat,rflbat_first_distance_filter,"[0, 97, 63, 91, 30, 12, 94, 28, 83, 80, 97, 63, 91, 30, 12, 94, 28, 83, 80]",[],"{""accepted_indices"": [0, 1, 2, 3, 4, 5, 6, 7, 8, 9, 1, 2, 3, 4, 5, 6, 7, 8, 9], ""eps1"": 10, ""distance_median"": 0.12137453518792596}"
398,rflbat,rflbat_cluster_filter,"[0, 97, 63, 91, 30, 12, 94, 28, 83, 80, 97, 63, 91, 30, 12, 94, 28, 83, 80]",[],"{""accepted_indices"": [0, 1, 2, 3, 4, 5, 6, 7, 8, 9, 1, 2, 3, 4, 5, 6, 7, 8, 9], ""num_clusters"": 1, ""cluster_scores"": [0.14486575343499702]}"
398,rflbat,rflbat_final_distance_filter,"[0, 97, 63, 91, 30, 12, 94, 28, 83, 80]",[],"{""accepted_indices"": [0, 1, 2, 3, 4, 5, 6, 7, 8, 9, 1, 2, 3, 4, 5, 6, 7, 8, 9], ""eps2"": 6, ""distance_median"": 0.20107734368026023}"
399,rflbat,rflbat_first_distance_filter,"[3, 62, 89, 45, 34, 10, 61, 23, 83, 38, 62, 89, 45, 34, 10, 61, 23, 83, 38]",[],"{""accepted_indices"": [0, 1, 2, 3, 4, 5, 6, 7, 8, 9, 1, 2, 3, 4, 5, 6, 7, 8, 9], ""eps1"": 10, ""distance_median"": 0.13155904854542677}"
399,rflbat,rflbat_cluster_filter,"[3, 62, 89, 45, 34, 10, 61, 23, 83, 38, 62, 89, 45, 34, 10, 61, 23, 83, 38]",[],"{""accepted_indices"": [0, 1, 2, 3, 4, 5, 6, 7, 8, 9, 1, 2, 3, 4, 5, 6, 7, 8, 9], ""num_clusters"": 1, ""cluster_scores"": [0.13830244191081542]}"
399,rflbat,rflbat_final_distance_filter,"[3, 62, 89, 45, 34, 10, 61, 23, 83, 38]",[],"{""accepted_indices"": [0, 1, 2, 3, 4, 5, 6, 7, 8, 9, 1, 2, 3, 4, 5, 6, 7, 8, 9], ""eps2"": 6, ""distance_median"": 0.25423402458452093}"
400,rflbat,rflbat_first_distance_filter,"[4, 16, 50, 28, 82, 20, 2, 95, 21, 81, 16, 50, 28, 82, 20, 2, 95, 21, 81]",[],"{""accepted_indices"": [0, 1, 2, 3, 4, 5, 6, 7, 8, 9, 1, 2, 3, 4, 5, 6, 7, 8, 9], ""eps1"": 10, ""distance_median"": 0.15324251920447307}"
400,rflbat,rflbat_cluster_filter,"[4, 16, 50, 28, 82, 20, 2, 95, 21, 81, 16, 50, 28, 82, 20, 2, 95, 21, 81]",[],"{""accepted_indices"": [0, 1, 2, 3, 4, 5, 6, 7, 8, 9, 1, 2, 3, 4, 5, 6, 7, 8, 9], ""num_clusters"": 1, ""cluster_scores"": [0.12190613904378965]}"
400,rflbat,rflbat_final_distance_filter,"[4, 16, 50, 28, 82, 20, 2, 95, 21, 81]",[],"{""accepted_indices"": [0, 1, 2, 3, 4, 5, 6, 7, 8, 9, 1, 2, 3, 4, 5, 6, 7, 8, 9], ""eps2"": 6, ""distance_median"": 0.28389417884986473}"
401,rflbat,rflbat_first_distance_filter,"[0, 68, 12, 87, 76, 10, 48, 30, 33, 63, 68, 12, 87, 76, 10, 48, 30, 33, 63]",[],"{""accepted_indices"": [0, 1, 2, 3, 4, 5, 6, 7, 8, 9, 1, 2, 3, 4, 5, 6, 7, 8, 9], ""eps1"": 10, ""distance_median"": 0.3818087592087739}"
401,rflbat,rflbat_cluster_filter,"[0, 68, 12, 87, 76, 10, 48, 30, 33, 63, 68, 12, 87, 76, 10, 48, 30, 33, 63]",[],"{""accepted_indices"": [0, 1, 2, 3, 4, 5, 6, 7, 8, 9, 1, 2, 3, 4, 5, 6, 7, 8, 9], ""num_clusters"": 1, ""cluster_scores"": [0.10831091180011534]}"
401,rflbat,rflbat_final_distance_filter,"[0, 68, 12, 87, 76, 10, 48, 30, 33, 63]",[],"{""accepted_indices"": [0, 1, 2, 3, 4, 5, 6, 7, 8, 9, 1, 2, 3, 4, 5, 6, 7, 8, 9], ""eps2"": 6, ""distance_median"": 0.7398947573591317}"
402,rflbat,rflbat_first_distance_filter,"[4, 19, 97, 54, 33, 72, 91, 39, 87, 96, 19, 97, 54, 33, 72, 91, 39, 87, 96]",[],"{""accepted_indices"": [0, 1, 2, 3, 4, 5, 6, 7, 8, 9, 1, 2, 3, 4, 5, 6, 7, 8, 9], ""eps1"": 10, ""distance_median"": 0.21072120804347352}"
402,rflbat,rflbat_cluster_filter,"[4, 19, 97, 54, 33, 72, 91, 39, 87, 96, 19, 97, 54, 33, 72, 91, 39, 87, 96]",[],"{""accepted_indices"": [0, 1, 2, 3, 4, 5, 6, 7, 8, 9, 1, 2, 3, 4, 5, 6, 7, 8, 9], ""num_clusters"": 1, ""cluster_scores"": [0.12829275757691982]}"
402,rflbat,rflbat_final_distance_filter,"[4, 19, 97, 54, 33, 72, 91, 39, 87, 96]",[],"{""accepted_indices"": [0, 1, 2, 3, 4, 5, 6, 7, 8, 9, 1, 2, 3, 4, 5, 6, 7, 8, 9], ""eps2"": 6, ""distance_median"": 0.4236351836580905}"
403,rflbat,rflbat_first_distance_filter,"[2, 96, 28, 35, 10, 64, 25, 72, 36, 40, 96, 28, 35, 10, 64, 25, 72, 36, 40]",[],"{""accepted_indices"": [0, 1, 2, 3, 4, 5, 6, 7, 8, 9, 1, 2, 3, 4, 5, 6, 7, 8, 9], ""eps1"": 10, ""distance_median"": 0.2613030584433491}"
403,rflbat,rflbat_cluster_filter,"[2, 96, 28, 35, 10, 64, 25, 72, 36, 40, 96, 28, 35, 10, 64, 25, 72, 36, 40]",[],"{""accepted_indices"": [0, 1, 2, 3, 4, 5, 6, 7, 8, 9, 1, 2, 3, 4, 5, 6, 7, 8, 9], ""num_clusters"": 1, ""cluster_scores"": [0.11474662270773282]}"
403,rflbat,rflbat_final_distance_filter,"[2, 96, 28, 35, 10, 64, 25, 72, 36, 40]",[],"{""accepted_indices"": [0, 1, 2, 3, 4, 5, 6, 7, 8, 9, 1, 2, 3, 4, 5, 6, 7, 8, 9], ""eps2"": 6, ""distance_median"": 0.5206644040567118}"
404,rflbat,rflbat_first_distance_filter,"[3, 44, 36, 92, 6, 88, 27, 68, 93, 11, 44, 36, 92, 6, 88, 27, 68, 93, 11]",[],"{""accepted_indices"": [0, 1, 2, 3, 4, 5, 6, 7, 8, 9, 1, 2, 3, 4, 5, 6, 7, 8, 9], ""eps1"": 10, ""distance_median"": 0.14135624309949707}"
404,rflbat,rflbat_cluster_filter,"[3, 44, 36, 92, 6, 88, 27, 68, 93, 11, 44, 36, 92, 6, 88, 27, 68, 93, 11]",[],"{""accepted_indices"": [0, 1, 2, 3, 4, 5, 6, 7, 8, 9, 1, 2, 3, 4, 5, 6, 7, 8, 9], ""num_clusters"": 1, ""cluster_scores"": [0.11668986969161159]}"
404,rflbat,rflbat_final_distance_filter,"[3, 44, 36, 92, 6, 88, 27, 68, 93, 11]",[],"{""accepted_indices"": [0, 1, 2, 3, 4, 5, 6, 7, 8, 9, 1, 2, 3, 4, 5, 6, 7, 8, 9], ""eps2"": 6, ""distance_median"": 0.28023389775902074}"
405,rflbat,rflbat_first_distance_filter,"[3, 76, 86, 56, 64, 71, 32, 90, 7, 2, 76, 86, 56, 64, 71, 32, 90, 7, 2]",[],"{""accepted_indices"": [0, 1, 2, 3, 4, 5, 6, 7, 8, 9, 1, 2, 3, 4, 5, 6, 7, 8, 9], ""eps1"": 10, ""distance_median"": 0.14150670587128683}"
405,rflbat,rflbat_cluster_filter,"[3, 76, 86, 56, 64, 32, 90, 7, 2, 76, 86, 56, 64, 32, 90, 7, 2]",[71],"{""accepted_indices"": [0, 1, 2, 3, 4, 6, 7, 8, 9, 1, 2, 3, 4, 6, 7, 8, 9], ""num_clusters"": 2, ""cluster_scores"": [0.12515981704451673, 1.0000000000015845]}"
405,rflbat,rflbat_final_distance_filter,"[3, 76, 86, 56, 64, 32, 90, 7, 2]",[71],"{""accepted_indices"": [0, 1, 2, 3, 4, 6, 7, 8, 9, 1, 2, 3, 4, 6, 7, 8, 9], ""eps2"": 6, ""distance_median"": 0.19774520241651336}"
406,rflbat,rflbat_first_distance_filter,"[2, 6, 36, 99, 41, 13, 60, 51, 37, 61, 6, 36, 99, 41, 13, 60, 51, 37, 61]",[],"{""accepted_indices"": [0, 1, 2, 3, 4, 5, 6, 7, 8, 9, 1, 2, 3, 4, 5, 6, 7, 8, 9], ""eps1"": 10, ""distance_median"": 0.14353342082990556}"
406,rflbat,rflbat_cluster_filter,"[2, 6, 36, 99, 41, 13, 60, 51, 37, 61, 6, 36, 99, 41, 13, 60, 51, 37, 61]",[],"{""accepted_indices"": [0, 1, 2, 3, 4, 5, 6, 7, 8, 9, 1, 2, 3, 4, 5, 6, 7, 8, 9], ""num_clusters"": 1, ""cluster_scores"": [0.07644370979608114]}"
406,rflbat,rflbat_final_distance_filter,"[2, 6, 36, 99, 41, 13, 60, 51, 37, 61]",[],"{""accepted_indices"": [0, 1, 2, 3, 4, 5, 6, 7, 8, 9, 1, 2, 3, 4, 5, 6, 7, 8, 9], ""eps2"": 6, ""distance_median"": 0.29477104608124965}"
407,rflbat,rflbat_first_distance_filter,"[0, 14, 43, 80, 50, 97, 99, 23, 37, 12, 14, 43, 80, 50, 97, 99, 23, 37, 12]",[],"{""accepted_indices"": [0, 1, 2, 3, 4, 5, 6, 7, 8, 9, 1, 2, 3, 4, 5, 6, 7, 8, 9], ""eps1"": 10, ""distance_median"": 0.13614265316017204}"
407,rflbat,rflbat_cluster_filter,"[0, 14, 43, 80, 50, 99, 23, 37, 12, 14, 43, 80, 50, 99, 23, 37, 12]",[97],"{""accepted_indices"": [0, 1, 2, 3, 4, 6, 7, 8, 9, 1, 2, 3, 4, 6, 7, 8, 9], ""num_clusters"": 2, ""cluster_scores"": [0.1471157111110073, 1.000000000001725]}"
407,rflbat,rflbat_final_distance_filter,"[0, 14, 43, 80, 50, 99, 23, 37, 12]",[97],"{""accepted_indices"": [0, 1, 2, 3, 4, 6, 7, 8, 9, 1, 2, 3, 4, 6, 7, 8, 9], ""eps2"": 6, ""distance_median"": 0.16823307827925604}"
408,rflbat,rflbat_first_distance_filter,"[2, 20, 83, 24, 89, 70, 93, 42, 41, 53, 20, 83, 24, 89, 70, 93, 42, 41, 53]",[],"{""accepted_indices"": [0, 1, 2, 3, 4, 5, 6, 7, 8, 9, 1, 2, 3, 4, 5, 6, 7, 8, 9], ""eps1"": 10, ""distance_median"": 0.17629554868274297}"
408,rflbat,rflbat_cluster_filter,"[2, 83, 24, 89, 70, 93, 42, 41, 53, 83, 24, 89, 70, 93, 42, 41, 53]",[20],"{""accepted_indices"": [0, 2, 3, 4, 5, 6, 7, 8, 9, 2, 3, 4, 5, 6, 7, 8, 9], ""num_clusters"": 2, ""cluster_scores"": [0.12863917934255686, 1.0000000000034643]}"
408,rflbat,rflbat_final_distance_filter,"[2, 83, 24, 89, 70, 93, 42, 41, 53]",[20],"{""accepted_indices"": [0, 2, 3, 4, 5, 6, 7, 8, 9, 2, 3, 4, 5, 6, 7, 8, 9], ""eps2"": 6, ""distance_median"": 0.2009941254371619}"
409,rflbat,rflbat_first_distance_filter,"[0, 47, 3, 28, 16, 56, 24, 87, 9, 8, 47, 3, 28, 16, 56, 24, 87, 9, 8]",[],"{""accepted_indices"": [0, 1, 2, 3, 4, 5, 6, 7, 8, 9, 1, 2, 3, 4, 5, 6, 7, 8, 9], ""eps1"": 10, ""distance_median"": 0.1619126335326273}"
409,rflbat,rflbat_cluster_filter,"[0, 47, 3, 28, 16, 56, 24, 87, 9, 8, 47, 3, 28, 16, 56, 24, 87, 9, 8]",[],"{""accepted_indices"": [0, 1, 2, 3, 4, 5, 6, 7, 8, 9, 1, 2, 3, 4, 5, 6, 7, 8, 9], ""num_clusters"": 1, ""cluster_scores"": [0.10175400681534547]}"
409,rflbat,rflbat_final_distance_filter,"[0, 47, 3, 28, 16, 56, 24, 87, 9, 8]",[],"{""accepted_indices"": [0, 1, 2, 3, 4, 5, 6, 7, 8, 9, 1, 2, 3, 4, 5, 6, 7, 8, 9], ""eps2"": 6, ""distance_median"": 0.24186225034154785}"
410,rflbat,rflbat_first_distance_filter,"[3, 89, 70, 27, 17, 31, 14, 32, 83, 82, 89, 70, 27, 17, 31, 14, 32, 83, 82]",[],"{""accepted_indices"": [0, 1, 2, 3, 4, 5, 6, 7, 8, 9, 1, 2, 3, 4, 5, 6, 7, 8, 9], ""eps1"": 10, ""distance_median"": 0.18613121622971057}"
410,rflbat,rflbat_cluster_filter,"[3, 89, 70, 27, 17, 31, 14, 32, 83, 82, 89, 70, 27, 17, 31, 14, 32, 83, 82]",[],"{""accepted_indices"": [0, 1, 2, 3, 4, 5, 6, 7, 8, 9, 1, 2, 3, 4, 5, 6, 7, 8, 9], ""num_clusters"": 1, ""cluster_scores"": [0.11712490032975674]}"
410,rflbat,rflbat_final_distance_filter,"[3, 89, 70, 27, 17, 31, 14, 32, 83, 82]",[],"{""accepted_indices"": [0, 1, 2, 3, 4, 5, 6, 7, 8, 9, 1, 2, 3, 4, 5, 6, 7, 8, 9], ""eps2"": 6, ""distance_median"": 0.37583675837008296}"
411,rflbat,rflbat_first_distance_filter,"[0, 25, 58, 63, 45, 1, 86, 85, 17, 10, 25, 58, 63, 45, 1, 86, 85, 17, 10]",[],"{""accepted_indices"": [0, 1, 2, 3, 4, 5, 6, 7, 8, 9, 1, 2, 3, 4, 5, 6, 7, 8, 9], ""eps1"": 10, ""distance_median"": 0.18529662281811535}"
411,rflbat,rflbat_cluster_filter,"[25, 58, 63, 45, 1, 86, 85, 17, 10, 25, 58, 63, 45, 1, 86, 85, 17, 10]",[0],"{""accepted_indices"": [1, 2, 3, 4, 5, 6, 7, 8, 9, 1, 2, 3, 4, 5, 6, 7, 8, 9], ""num_clusters"": 2, ""cluster_scores"": [0.1603339373252415, 1]}"
411,rflbat,rflbat_final_distance_filter,"[25, 58, 63, 45, 1, 86, 85, 17, 10]",[0],"{""accepted_indices"": [1, 2, 3, 4, 5, 6, 7, 8, 9, 1, 2, 3, 4, 5, 6, 7, 8, 9], ""eps2"": 6, ""distance_median"": 0.2438661069253624}"
412,rflbat,rflbat_first_distance_filter,"[1, 4, 54, 70, 64, 73, 41, 5, 28, 18, 4, 54, 70, 64, 73, 41, 5, 28, 18]",[],"{""accepted_indices"": [0, 1, 2, 3, 4, 5, 6, 7, 8, 9, 1, 2, 3, 4, 5, 6, 7, 8, 9], ""eps1"": 10, ""distance_median"": 0.24049986492543862}"
412,rflbat,rflbat_cluster_filter,"[1, 4, 54, 70, 64, 41, 5, 28, 18, 4, 54, 70, 64, 41, 5, 28, 18]",[73],"{""accepted_indices"": [0, 1, 2, 3, 4, 6, 7, 8, 9, 1, 2, 3, 4, 6, 7, 8, 9], ""num_clusters"": 2, ""cluster_scores"": [0.1942440018985418, 1.0000000000019929]}"
412,rflbat,rflbat_final_distance_filter,"[1, 4, 54, 70, 64, 41, 5, 28, 18]",[73],"{""accepted_indices"": [0, 1, 2, 3, 4, 6, 7, 8, 9, 1, 2, 3, 4, 6, 7, 8, 9], ""eps2"": 6, ""distance_median"": 0.24727984419484478}"
413,rflbat,rflbat_first_distance_filter,"[4, 71, 68, 57, 52, 33, 0, 55, 84, 19, 71, 68, 57, 52, 33, 0, 55, 84, 19]",[],"{""accepted_indices"": [0, 1, 2, 3, 4, 5, 6, 7, 8, 9, 1, 2, 3, 4, 5, 6, 7, 8, 9], ""eps1"": 10, ""distance_median"": 0.18321420701143654}"
413,rflbat,rflbat_cluster_filter,"[4, 71, 68, 57, 52, 33, 0, 55, 84, 19, 71, 68, 57, 52, 33, 0, 55, 84, 19]",[],"{""accepted_indices"": [0, 1, 2, 3, 4, 5, 6, 7, 8, 9, 1, 2, 3, 4, 5, 6, 7, 8, 9], ""num_clusters"": 1, ""cluster_scores"": [0.14464926528963393]}"
413,rflbat,rflbat_final_distance_filter,"[4, 71, 68, 57, 52, 33, 0, 55, 84, 19]",[],"{""accepted_indices"": [0, 1, 2, 3, 4, 5, 6, 7, 8, 9, 1, 2, 3, 4, 5, 6, 7, 8, 9], ""eps2"": 6, ""distance_median"": 0.3436779042153178}"
414,rflbat,rflbat_first_distance_filter,"[0, 78, 68, 98, 49, 67, 96, 23, 21, 41, 78, 68, 98, 49, 67, 96, 23, 21, 41]",[],"{""accepted_indices"": [0, 1, 2, 3, 4, 5, 6, 7, 8, 9, 1, 2, 3, 4, 5, 6, 7, 8, 9], ""eps1"": 10, ""distance_median"": 0.2107917254971558}"
414,rflbat,rflbat_cluster_filter,"[0, 78, 68, 98, 49, 67, 96, 23, 21, 41, 78, 68, 98, 49, 67, 96, 23, 21, 41]",[],"{""accepted_indices"": [0, 1, 2, 3, 4, 5, 6, 7, 8, 9, 1, 2, 3, 4, 5, 6, 7, 8, 9], ""num_clusters"": 1, ""cluster_scores"": [0.1024066784786797]}"
414,rflbat,rflbat_final_distance_filter,"[0, 78, 68, 98, 49, 67, 96, 23, 21, 41]",[],"{""accepted_indices"": [0, 1, 2, 3, 4, 5, 6, 7, 8, 9, 1, 2, 3, 4, 5, 6, 7, 8, 9], ""eps2"": 6, ""distance_median"": 0.38759626629042465}"
415,rflbat,rflbat_first_distance_filter,"[4, 13, 43, 24, 28, 91, 1, 51, 50, 42, 13, 43, 24, 28, 91, 1, 51, 50, 42]",[],"{""accepted_indices"": [0, 1, 2, 3, 4, 5, 6, 7, 8, 9, 1, 2, 3, 4, 5, 6, 7, 8, 9], ""eps1"": 10, ""distance_median"": 0.12440392565729197}"
415,rflbat,rflbat_cluster_filter,"[4, 13, 43, 24, 28, 91, 1, 51, 50, 42, 13, 43, 24, 28, 91, 1, 51, 50, 42]",[],"{""accepted_indices"": [0, 1, 2, 3, 4, 5, 6, 7, 8, 9, 1, 2, 3, 4, 5, 6, 7, 8, 9], ""num_clusters"": 1, ""cluster_scores"": [0.1100415546776052]}"
415,rflbat,rflbat_final_distance_filter,"[4, 13, 43, 24, 28, 91, 1, 51, 50, 42]",[],"{""accepted_indices"": [0, 1, 2, 3, 4, 5, 6, 7, 8, 9, 1, 2, 3, 4, 5, 6, 7, 8, 9], ""eps2"": 6, ""distance_median"": 0.2469871524566849}"
416,rflbat,rflbat_first_distance_filter,"[1, 59, 72, 14, 49, 45, 80, 34, 10, 12, 59, 72, 14, 49, 45, 80, 34, 10, 12]",[],"{""accepted_indices"": [0, 1, 2, 3, 4, 5, 6, 7, 8, 9, 1, 2, 3, 4, 5, 6, 7, 8, 9], ""eps1"": 10, ""distance_median"": 0.1302018356277615}"
416,rflbat,rflbat_cluster_filter,"[1, 59, 72, 14, 49, 45, 80, 34, 10, 12, 59, 72, 14, 49, 45, 80, 34, 10, 12]",[],"{""accepted_indices"": [0, 1, 2, 3, 4, 5, 6, 7, 8, 9, 1, 2, 3, 4, 5, 6, 7, 8, 9], ""num_clusters"": 1, ""cluster_scores"": [0.12355840990009156]}"
416,rflbat,rflbat_final_distance_filter,"[1, 59, 72, 14, 49, 45, 80, 34, 10, 12]",[],"{""accepted_indices"": [0, 1, 2, 3, 4, 5, 6, 7, 8, 9, 1, 2, 3, 4, 5, 6, 7, 8, 9], ""eps2"": 6, ""distance_median"": 0.26597300531387524}"
417,rflbat,rflbat_first_distance_filter,"[1, 32, 66, 85, 50, 62, 34, 57, 54, 68, 32, 66, 85, 50, 62, 34, 57, 54, 68]",[],"{""accepted_indices"": [0, 1, 2, 3, 4, 5, 6, 7, 8, 9, 1, 2, 3, 4, 5, 6, 7, 8, 9], ""eps1"": 10, ""distance_median"": 0.20897335141546947}"
417,rflbat,rflbat_cluster_filter,"[1, 32, 50, 34, 57, 68, 32, 50, 34, 57, 68]","[66, 85, 62, 54]","{""accepted_indices"": [0, 1, 4, 6, 7, 9, 1, 4, 6, 7, 9], ""num_clusters"": 4, ""cluster_scores"": [0.6228482493297888, 1.0000000000027394, 1.0000000000012663, 0.19678227550655594]}"
417,rflbat,rflbat_final_distance_filter,"[1, 32, 50, 34, 57, 68]","[66, 85, 62, 54]","{""accepted_indices"": [0, 1, 4, 6, 7, 9, 1, 4, 6, 7, 9], ""eps2"": 6, ""distance_median"": 0.01555447676107631}"
418,rflbat,rflbat_first_distance_filter,"[4, 85, 38, 17, 52, 65, 45, 8, 42, 19, 85, 38, 17, 52, 65, 45, 8, 42, 19]",[],"{""accepted_indices"": [0, 1, 2, 3, 4, 5, 6, 7, 8, 9, 1, 2, 3, 4, 5, 6, 7, 8, 9], ""eps1"": 10, ""distance_median"": 0.19750494517290998}"
418,rflbat,rflbat_cluster_filter,"[4, 85, 38, 17, 52, 65, 45, 8, 19, 85, 38, 17, 52, 65, 45, 8, 19]",[42],"{""accepted_indices"": [0, 1, 2, 3, 4, 5, 6, 7, 9, 1, 2, 3, 4, 5, 6, 7, 9], ""num_clusters"": 2, ""cluster_scores"": [1.000000000001578, 0.11975900285083561]}"
418,rflbat,rflbat_final_distance_filter,"[4, 85, 38, 17, 52, 65, 45, 8, 19]",[42],"{""accepted_indices"": [0, 1, 2, 3, 4, 5, 6, 7, 9, 1, 2, 3, 4, 5, 6, 7, 9], ""eps2"": 6, ""distance_median"": 0.13789852782488374}"
419,rflbat,rflbat_first_distance_filter,"[1, 71, 78, 75, 98, 45, 66, 72, 95, 76, 71, 78, 75, 98, 45, 66, 72, 95, 76]",[],"{""accepted_indices"": [0, 1, 2, 3, 4, 5, 6, 7, 8, 9, 1, 2, 3, 4, 5, 6, 7, 8, 9], ""eps1"": 10, ""distance_median"": 0.20105503918042855}"
419,rflbat,rflbat_cluster_filter,"[1, 71, 78, 75, 98, 45, 66, 72, 76, 71, 78, 75, 98, 45, 66, 72, 76]",[95],"{""accepted_indices"": [0, 1, 2, 3, 4, 5, 6, 7, 9, 1, 2, 3, 4, 5, 6, 7, 9], ""num_clusters"": 2, ""cluster_scores"": [0.1805335422679874, 1.0000000000015201]}"
419,rflbat,rflbat_final_distance_filter,"[1, 71, 78, 75, 98, 45, 66, 72, 76]",[95],"{""accepted_indices"": [0, 1, 2, 3, 4, 5, 6, 7, 9, 1, 2, 3, 4, 5, 6, 7, 9], ""eps2"": 6, ""distance_median"": 0.2906997683488585}"
420,rflbat,rflbat_first_distance_filter,"[2, 36, 24, 83, 52, 43, 93, 1, 73, 95, 36, 24, 83, 52, 43, 93, 1, 73, 95]",[],"{""accepted_indices"": [0, 1, 2, 3, 4, 5, 6, 7, 8, 9, 1, 2, 3, 4, 5, 6, 7, 8, 9], ""eps1"": 10, ""distance_median"": 0.18171657254257645}"
420,rflbat,rflbat_cluster_filter,"[2, 36, 24, 83, 52, 43, 93, 1, 73, 95, 36, 24, 83, 52, 43, 93, 1, 73, 95]",[],"{""accepted_indices"": [0, 1, 2, 3, 4, 5, 6, 7, 8, 9, 1, 2, 3, 4, 5, 6, 7, 8, 9], ""num_clusters"": 1, ""cluster_scores"": [0.11941516423844367]}"
420,rflbat,rflbat_final_distance_filter,"[2, 36, 24, 83, 52, 43, 93, 1, 73, 95]",[],"{""accepted_indices"": [0, 1, 2, 3, 4, 5, 6, 7, 8, 9, 1, 2, 3, 4, 5, 6, 7, 8, 9], ""eps2"": 6, ""distance_median"": 0.36147662446640183}"
421,rflbat,rflbat_first_distance_filter,"[4, 80, 47, 31, 45, 61, 43, 23, 87, 2, 80, 47, 31, 45, 61, 43, 23, 87, 2]",[],"{""accepted_indices"": [0, 1, 2, 3, 4, 5, 6, 7, 8, 9, 1, 2, 3, 4, 5, 6, 7, 8, 9], ""eps1"": 10, ""distance_median"": 0.16989614119651752}"
421,rflbat,rflbat_cluster_filter,"[4, 80, 47, 31, 45, 61, 43, 23, 87, 2, 80, 47, 31, 45, 61, 43, 23, 87, 2]",[],"{""accepted_indices"": [0, 1, 2, 3, 4, 5, 6, 7, 8, 9, 1, 2, 3, 4, 5, 6, 7, 8, 9], ""num_clusters"": 1, ""cluster_scores"": [0.1558867733471737]}"
421,rflbat,rflbat_final_distance_filter,"[4, 80, 47, 31, 45, 61, 43, 23, 87, 2]",[],"{""accepted_indices"": [0, 1, 2, 3, 4, 5, 6, 7, 8, 9, 1, 2, 3, 4, 5, 6, 7, 8, 9], ""eps2"": 6, ""distance_median"": 0.3367525183892385}"
422,rflbat,rflbat_first_distance_filter,"[1, 58, 46, 65, 89, 62, 29, 53, 18, 11, 58, 46, 65, 89, 62, 29, 53, 18, 11]",[],"{""accepted_indices"": [0, 1, 2, 3, 4, 5, 6, 7, 8, 9, 1, 2, 3, 4, 5, 6, 7, 8, 9], ""eps1"": 10, ""distance_median"": 0.112668916152632}"
422,rflbat,rflbat_cluster_filter,"[1, 58, 46, 65, 89, 62, 29, 53, 18, 11, 58, 46, 65, 89, 62, 29, 53, 18, 11]",[],"{""accepted_indices"": [0, 1, 2, 3, 4, 5, 6, 7, 8, 9, 1, 2, 3, 4, 5, 6, 7, 8, 9], ""num_clusters"": 1, ""cluster_scores"": [0.245600780245588]}"
422,rflbat,rflbat_final_distance_filter,"[1, 58, 46, 65, 89, 62, 29, 53, 18, 11]",[],"{""accepted_indices"": [0, 1, 2, 3, 4, 5, 6, 7, 8, 9, 1, 2, 3, 4, 5, 6, 7, 8, 9], ""eps2"": 6, ""distance_median"": 0.215274788855734}"
423,rflbat,rflbat_first_distance_filter,"[0, 26, 90, 74, 49, 17, 84, 69, 54, 30, 26, 90, 74, 49, 17, 84, 69, 54, 30]",[],"{""accepted_indices"": [0, 1, 2, 3, 4, 5, 6, 7, 8, 9, 1, 2, 3, 4, 5, 6, 7, 8, 9], ""eps1"": 10, ""distance_median"": 0.2932243483949023}"
423,rflbat,rflbat_cluster_filter,"[0, 26, 90, 74, 49, 17, 84, 69, 54, 30, 26, 90, 74, 49, 17, 84, 69, 54, 30]",[],"{""accepted_indices"": [0, 1, 2, 3, 4, 5, 6, 7, 8, 9, 1, 2, 3, 4, 5, 6, 7, 8, 9], ""num_clusters"": 1, ""cluster_scores"": [0.12700179351180177]}"
423,rflbat,rflbat_final_distance_filter,"[0, 26, 90, 74, 49, 17, 84, 69, 54, 30]",[],"{""accepted_indices"": [0, 1, 2, 3, 4, 5, 6, 7, 8, 9, 1, 2, 3, 4, 5, 6, 7, 8, 9], ""eps2"": 6, ""distance_median"": 0.5350890252325432}"
424,rflbat,rflbat_first_distance_filter,"[1, 83, 70, 69, 4, 39, 23, 53, 97, 85, 83, 70, 69, 4, 39, 23, 53, 97, 85]",[],"{""accepted_indices"": [0, 1, 2, 3, 4, 5, 6, 7, 8, 9, 1, 2, 3, 4, 5, 6, 7, 8, 9], ""eps1"": 10, ""distance_median"": 0.15958483742300278}"
424,rflbat,rflbat_cluster_filter,"[1, 83, 70, 69, 4, 39, 23, 53, 97, 85, 83, 70, 69, 4, 39, 23, 53, 97, 85]",[],"{""accepted_indices"": [0, 1, 2, 3, 4, 5, 6, 7, 8, 9, 1, 2, 3, 4, 5, 6, 7, 8, 9], ""num_clusters"": 1, ""cluster_scores"": [0.10336687376993847]}"
424,rflbat,rflbat_final_distance_filter,"[1, 83, 70, 69, 4, 39, 23, 53, 97, 85]",[],"{""accepted_indices"": [0, 1, 2, 3, 4, 5, 6, 7, 8, 9, 1, 2, 3, 4, 5, 6, 7, 8, 9], ""eps2"": 6, ""distance_median"": 0.30922586944681374}"
425,rflbat,rflbat_first_distance_filter,"[0, 12, 19, 89, 93, 95, 35, 14, 4, 25, 12, 19, 89, 93, 95, 35, 14, 4, 25]",[],"{""accepted_indices"": [0, 1, 2, 3, 4, 5, 6, 7, 8, 9, 1, 2, 3, 4, 5, 6, 7, 8, 9], ""eps1"": 10, ""distance_median"": 0.11633788114122116}"
425,rflbat,rflbat_cluster_filter,"[0, 12, 19, 89, 93, 95, 35, 14, 4, 25, 12, 19, 89, 93, 95, 35, 14, 4, 25]",[],"{""accepted_indices"": [0, 1, 2, 3, 4, 5, 6, 7, 8, 9, 1, 2, 3, 4, 5, 6, 7, 8, 9], ""num_clusters"": 1, ""cluster_scores"": [0.11306816105799744]}"
425,rflbat,rflbat_final_distance_filter,"[12, 19, 89, 93, 95, 35, 14, 4, 25]",[0],"{""accepted_indices"": [1, 2, 3, 4, 5, 6, 7, 8, 9, 1, 2, 3, 4, 5, 6, 7, 8, 9], ""eps2"": 6, ""distance_median"": 0.17077536149067268}"
426,rflbat,rflbat_first_distance_filter,"[2, 86, 29, 78, 26, 79, 80, 95, 30, 40, 86, 29, 78, 26, 79, 80, 95, 30, 40]",[],"{""accepted_indices"": [0, 1, 2, 3, 4, 5, 6, 7, 8, 9, 1, 2, 3, 4, 5, 6, 7, 8, 9], ""eps1"": 10, ""distance_median"": 0.12440691383779734}"
426,rflbat,rflbat_cluster_filter,"[2, 86, 29, 78, 26, 79, 80, 95, 30, 40, 86, 29, 78, 26, 79, 80, 95, 30, 40]",[],"{""accepted_indices"": [0, 1, 2, 3, 4, 5, 6, 7, 8, 9, 1, 2, 3, 4, 5, 6, 7, 8, 9], ""num_clusters"": 1, ""cluster_scores"": [0.08280099137983758]}"
426,rflbat,rflbat_final_distance_filter,"[2, 86, 29, 78, 26, 79, 80, 95, 30, 40]",[],"{""accepted_indices"": [0, 1, 2, 3, 4, 5, 6, 7, 8, 9, 1, 2, 3, 4, 5, 6, 7, 8, 9], ""eps2"": 6, ""distance_median"": 0.2489063163938931}"
427,rflbat,rflbat_first_distance_filter,"[2, 76, 96, 19, 29, 89, 49, 37, 14, 79, 76, 96, 19, 29, 89, 49, 37, 14, 79]",[],"{""accepted_indices"": [0, 1, 2, 3, 4, 5, 6, 7, 8, 9, 1, 2, 3, 4, 5, 6, 7, 8, 9], ""eps1"": 10, ""distance_median"": 0.07028476586352556}"
427,rflbat,rflbat_cluster_filter,"[2, 76, 96, 19, 29, 89, 49, 37, 14, 79, 76, 96, 19, 29, 89, 49, 37, 14, 79]",[],"{""accepted_indices"": [0, 1, 2, 3, 4, 5, 6, 7, 8, 9, 1, 2, 3, 4, 5, 6, 7, 8, 9], ""num_clusters"": 1, ""cluster_scores"": [0.10739435543417657]}"
427,rflbat,rflbat_final_distance_filter,"[2, 76, 96, 19, 29, 89, 49, 37, 14, 79]",[],"{""accepted_indices"": [0, 1, 2, 3, 4, 5, 6, 7, 8, 9, 1, 2, 3, 4, 5, 6, 7, 8, 9], ""eps2"": 6, ""distance_median"": 0.14079376869469257}"
428,rflbat,rflbat_first_distance_filter,"[3, 28, 29, 37, 50, 97, 98, 63, 71, 23, 28, 29, 37, 50, 97, 98, 63, 71, 23]",[],"{""accepted_indices"": [0, 1, 2, 3, 4, 5, 6, 7, 8, 9, 1, 2, 3, 4, 5, 6, 7, 8, 9], ""eps1"": 10, ""distance_median"": 0.11667271864850212}"
428,rflbat,rflbat_cluster_filter,"[3, 28, 29, 37, 50, 97, 98, 63, 71, 23, 28, 29, 37, 50, 97, 98, 63, 71, 23]",[],"{""accepted_indices"": [0, 1, 2, 3, 4, 5, 6, 7, 8, 9, 1, 2, 3, 4, 5, 6, 7, 8, 9], ""num_clusters"": 1, ""cluster_scores"": [0.10501156244156967]}"
428,rflbat,rflbat_final_distance_filter,"[3, 28, 29, 37, 50, 97, 98, 63, 71, 23]",[],"{""accepted_indices"": [0, 1, 2, 3, 4, 5, 6, 7, 8, 9, 1, 2, 3, 4, 5, 6, 7, 8, 9], ""eps2"": 6, ""distance_median"": 0.24202925251435572}"
429,rflbat,rflbat_first_distance_filter,"[1, 4, 86, 88, 25, 5, 61, 64, 20, 48, 4, 86, 88, 25, 5, 61, 64, 20, 48]",[],"{""accepted_indices"": [0, 1, 2, 3, 4, 5, 6, 7, 8, 9, 1, 2, 3, 4, 5, 6, 7, 8, 9], ""eps1"": 10, ""distance_median"": 0.26026934163834603}"
429,rflbat,rflbat_cluster_filter,"[1, 4, 86, 88, 25, 61, 64, 20, 48, 4, 86, 88, 25, 61, 64, 20, 48]",[5],"{""accepted_indices"": [0, 1, 2, 3, 4, 6, 7, 8, 9, 1, 2, 3, 4, 6, 7, 8, 9], ""num_clusters"": 2, ""cluster_scores"": [0.1308737460381179, 1.0000000000018718]}"
429,rflbat,rflbat_final_distance_filter,"[1, 4, 86, 88, 25, 61, 64, 20, 48]",[5],"{""accepted_indices"": [0, 1, 2, 3, 4, 6, 7, 8, 9, 1, 2, 3, 4, 6, 7, 8, 9], ""eps2"": 6, ""distance_median"": 0.2876642466494431}"
430,rflbat,rflbat_first_distance_filter,"[3, 35, 68, 49, 21, 82, 23, 67, 45, 57, 35, 68, 49, 21, 82, 23, 67, 45, 57]",[],"{""accepted_indices"": [0, 1, 2, 3, 4, 5, 6, 7, 8, 9, 1, 2, 3, 4, 5, 6, 7, 8, 9], ""eps1"": 10, ""distance_median"": 0.11614031655682597}"
430,rflbat,rflbat_cluster_filter,"[3, 35, 68, 49, 21, 82, 23, 67, 45, 57, 35, 68, 49, 21, 82, 23, 67, 45, 57]",[],"{""accepted_indices"": [0, 1, 2, 3, 4, 5, 6, 7, 8, 9, 1, 2, 3, 4, 5, 6, 7, 8, 9], ""num_clusters"": 1, ""cluster_scores"": [0.10199880272021655]}"
430,rflbat,rflbat_final_distance_filter,"[3, 35, 68, 49, 21, 82, 23, 67, 45, 57]",[],"{""accepted_indices"": [0, 1, 2, 3, 4, 5, 6, 7, 8, 9, 1, 2, 3, 4, 5, 6, 7, 8, 9], ""eps2"": 6, ""distance_median"": 0.235830499273609}"
431,rflbat,rflbat_first_distance_filter,"[2, 0, 9, 37, 38, 69, 7, 11, 28, 6, 0, 9, 37, 38, 69, 7, 11, 28, 6]",[],"{""accepted_indices"": [0, 1, 2, 3, 4, 5, 6, 7, 8, 9, 1, 2, 3, 4, 5, 6, 7, 8, 9], ""eps1"": 10, ""distance_median"": 0.12904558941180877}"
431,rflbat,rflbat_cluster_filter,"[2, 0, 9, 37, 38, 69, 7, 11, 28, 6, 0, 9, 37, 38, 69, 7, 11, 28, 6]",[],"{""accepted_indices"": [0, 1, 2, 3, 4, 5, 6, 7, 8, 9, 1, 2, 3, 4, 5, 6, 7, 8, 9], ""num_clusters"": 1, ""cluster_scores"": [0.11971409025590032]}"
431,rflbat,rflbat_final_distance_filter,"[2, 0, 9, 37, 38, 69, 7, 11, 28, 6]",[],"{""accepted_indices"": [0, 1, 2, 3, 4, 5, 6, 7, 8, 9, 1, 2, 3, 4, 5, 6, 7, 8, 9], ""eps2"": 6, ""distance_median"": 0.2605123566020414}"
432,rflbat,rflbat_first_distance_filter,"[0, 9, 30, 36, 58, 1, 99, 86, 78, 48, 9, 30, 36, 58, 1, 99, 86, 78, 48]",[],"{""accepted_indices"": [0, 1, 2, 3, 4, 5, 6, 7, 8, 9, 1, 2, 3, 4, 5, 6, 7, 8, 9], ""eps1"": 10, ""distance_median"": 0.3126789921220895}"
432,rflbat,rflbat_cluster_filter,"[0, 9, 30, 36, 58, 1, 99, 86, 78, 48, 9, 30, 36, 58, 1, 99, 86, 78, 48]",[],"{""accepted_indices"": [0, 1, 2, 3, 4, 5, 6, 7, 8, 9, 1, 2, 3, 4, 5, 6, 7, 8, 9], ""num_clusters"": 1, ""cluster_scores"": [0.13205938897055258]}"
432,rflbat,rflbat_final_distance_filter,"[0, 9, 30, 36, 58, 1, 99, 86, 78, 48]",[],"{""accepted_indices"": [0, 1, 2, 3, 4, 5, 6, 7, 8, 9, 1, 2, 3, 4, 5, 6, 7, 8, 9], ""eps2"": 6, ""distance_median"": 0.6010541338462729}"
433,rflbat,rflbat_first_distance_filter,"[1, 71, 97, 0, 27, 40, 24, 77, 23, 8, 71, 97, 0, 27, 40, 24, 77, 23, 8]",[],"{""accepted_indices"": [0, 1, 2, 3, 4, 5, 6, 7, 8, 9, 1, 2, 3, 4, 5, 6, 7, 8, 9], ""eps1"": 10, ""distance_median"": 0.16907470311982942}"
433,rflbat,rflbat_cluster_filter,"[1, 97, 0, 27, 40, 24, 77, 23, 8, 97, 0, 27, 40, 24, 77, 23, 8]",[71],"{""accepted_indices"": [0, 2, 3, 4, 5, 6, 7, 8, 9, 2, 3, 4, 5, 6, 7, 8, 9], ""num_clusters"": 2, ""cluster_scores"": [0.09947309047976503, 1.000000000001331]}"
433,rflbat,rflbat_final_distance_filter,"[1, 97, 0, 27, 40, 24, 77, 23, 8]",[71],"{""accepted_indices"": [0, 2, 3, 4, 5, 6, 7, 8, 9, 2, 3, 4, 5, 6, 7, 8, 9], ""eps2"": 6, ""distance_median"": 0.22756260558004157}"
434,rflbat,rflbat_first_distance_filter,"[4, 80, 6, 87, 24, 1, 7, 76, 79, 70, 80, 6, 87, 24, 1, 7, 76, 79, 70]",[],"{""accepted_indices"": [0, 1, 2, 3, 4, 5, 6, 7, 8, 9, 1, 2, 3, 4, 5, 6, 7, 8, 9], ""eps1"": 10, ""distance_median"": 0.09356189341131355}"
434,rflbat,rflbat_cluster_filter,"[4, 80, 6, 87, 24, 1, 7, 76, 79, 70, 80, 6, 87, 24, 1, 7, 76, 79, 70]",[],"{""accepted_indices"": [0, 1, 2, 3, 4, 5, 6, 7, 8, 9, 1, 2, 3, 4, 5, 6, 7, 8, 9], ""num_clusters"": 1, ""cluster_scores"": [0.1333178850866906]}"
434,rflbat,rflbat_final_distance_filter,"[4, 80, 6, 87, 24, 1, 7, 76, 79, 70]",[],"{""accepted_indices"": [0, 1, 2, 3, 4, 5, 6, 7, 8, 9, 1, 2, 3, 4, 5, 6, 7, 8, 9], ""eps2"": 6, ""distance_median"": 0.18521998017511698}"
435,rflbat,rflbat_first_distance_filter,"[2, 0, 98, 99, 58, 89, 34, 92, 91, 20, 0, 98, 99, 58, 89, 34, 92, 91, 20]",[],"{""accepted_indices"": [0, 1, 2, 3, 4, 5, 6, 7, 8, 9, 1, 2, 3, 4, 5, 6, 7, 8, 9], ""eps1"": 10, ""distance_median"": 0.16534683736135247}"
435,rflbat,rflbat_cluster_filter,"[2, 0, 98, 99, 58, 89, 34, 92, 91, 20, 0, 98, 99, 58, 89, 34, 92, 91, 20]",[],"{""accepted_indices"": [0, 1, 2, 3, 4, 5, 6, 7, 8, 9, 1, 2, 3, 4, 5, 6, 7, 8, 9], ""num_clusters"": 1, ""cluster_scores"": [0.10024717829178054]}"
435,rflbat,rflbat_final_distance_filter,"[2, 0, 98, 99, 58, 89, 34, 92, 91, 20]",[],"{""accepted_indices"": [0, 1, 2, 3, 4, 5, 6, 7, 8, 9, 1, 2, 3, 4, 5, 6, 7, 8, 9], ""eps2"": 6, ""distance_median"": 0.32982238135891645}"
436,rflbat,rflbat_first_distance_filter,"[3, 23, 62, 41, 60, 18, 97, 58, 31, 57, 23, 62, 41, 60, 18, 97, 58, 31, 57]",[],"{""accepted_indices"": [0, 1, 2, 3, 4, 5, 6, 7, 8, 9, 1, 2, 3, 4, 5, 6, 7, 8, 9], ""eps1"": 10, ""distance_median"": 0.2849471269290332}"
436,rflbat,rflbat_cluster_filter,"[3, 23, 62, 41, 60, 18, 97, 58, 31, 57, 23, 62, 41, 60, 18, 97, 58, 31, 57]",[],"{""accepted_indices"": [0, 1, 2, 3, 4, 5, 6, 7, 8, 9, 1, 2, 3, 4, 5, 6, 7, 8, 9], ""num_clusters"": 1, ""cluster_scores"": [0.1445893079203338]}"
436,rflbat,rflbat_final_distance_filter,"[3, 23, 62, 41, 60, 18, 97, 58, 31, 57]",[],"{""accepted_indices"": [0, 1, 2, 3, 4, 5, 6, 7, 8, 9, 1, 2, 3, 4, 5, 6, 7, 8, 9], ""eps2"": 6, ""distance_median"": 0.5744812337438031}"
437,rflbat,rflbat_first_distance_filter,"[2, 51, 23, 28, 72, 15, 83, 55, 30, 31, 51, 23, 28, 72, 15, 83, 55, 30, 31]",[],"{""accepted_indices"": [0, 1, 2, 3, 4, 5, 6, 7, 8, 9, 1, 2, 3, 4, 5, 6, 7, 8, 9], ""eps1"": 10, ""distance_median"": 0.24316678512007084}"
437,rflbat,rflbat_cluster_filter,"[2, 51, 23, 28, 72, 15, 83, 55, 30, 31, 51, 23, 28, 72, 15, 83, 55, 30, 31]",[],"{""accepted_indices"": [0, 1, 2, 3, 4, 5, 6, 7, 8, 9, 1, 2, 3, 4, 5, 6, 7, 8, 9], ""num_clusters"": 1, ""cluster_scores"": [0.11276942937237111]}"
437,rflbat,rflbat_final_distance_filter,"[2, 51, 23, 28, 72, 15, 83, 55, 30, 31]",[],"{""accepted_indices"": [0, 1, 2, 3, 4, 5, 6, 7, 8, 9, 1, 2, 3, 4, 5, 6, 7, 8, 9], ""eps2"": 6, ""distance_median"": 0.48656053327385984}"
438,rflbat,rflbat_first_distance_filter,"[3, 81, 51, 31, 20, 2, 94, 34, 39, 89, 81, 51, 31, 20, 2, 94, 34, 39, 89]",[],"{""accepted_indices"": [0, 1, 2, 3, 4, 5, 6, 7, 8, 9, 1, 2, 3, 4, 5, 6, 7, 8, 9], ""eps1"": 10, ""distance_median"": 0.16740260060825568}"
438,rflbat,rflbat_cluster_filter,"[3, 81, 51, 31, 20, 2, 94, 34, 39, 89, 81, 51, 31, 20, 2, 94, 34, 39, 89]",[],"{""accepted_indices"": [0, 1, 2, 3, 4, 5, 6, 7, 8, 9, 1, 2, 3, 4, 5, 6, 7, 8, 9], ""num_clusters"": 1, ""cluster_scores"": [0.13267346481478387]}"
438,rflbat,rflbat_final_distance_filter,"[3, 81, 51, 31, 20, 2, 94, 34, 39, 89]",[],"{""accepted_indices"": [0, 1, 2, 3, 4, 5, 6, 7, 8, 9, 1, 2, 3, 4, 5, 6, 7, 8, 9], ""eps2"": 6, ""distance_median"": 0.3303694375351289}"
439,rflbat,rflbat_first_distance_filter,"[1, 47, 11, 81, 71, 84, 86, 27, 63, 26, 47, 11, 81, 71, 84, 86, 27, 63, 26]",[],"{""accepted_indices"": [0, 1, 2, 3, 4, 5, 6, 7, 8, 9, 1, 2, 3, 4, 5, 6, 7, 8, 9], ""eps1"": 10, ""distance_median"": 0.28959599277367565}"
439,rflbat,rflbat_cluster_filter,"[1, 47, 11, 81, 71, 84, 86, 27, 63, 26, 47, 11, 81, 71, 84, 86, 27, 63, 26]",[],"{""accepted_indices"": [0, 1, 2, 3, 4, 5, 6, 7, 8, 9, 1, 2, 3, 4, 5, 6, 7, 8, 9], ""num_clusters"": 1, ""cluster_scores"": [0.19268945867683404]}"
439,rflbat,rflbat_final_distance_filter,"[1, 47, 11, 81, 71, 84, 86, 27, 63, 26]",[],"{""accepted_indices"": [0, 1, 2, 3, 4, 5, 6, 7, 8, 9, 1, 2, 3, 4, 5, 6, 7, 8, 9], ""eps2"": 6, ""distance_median"": 0.5935295286655927}"
440,rflbat,rflbat_first_distance_filter,"[4, 60, 14, 81, 22, 93, 82, 67, 89, 16, 60, 14, 81, 22, 93, 82, 67, 89, 16]",[],"{""accepted_indices"": [0, 1, 2, 3, 4, 5, 6, 7, 8, 9, 1, 2, 3, 4, 5, 6, 7, 8, 9], ""eps1"": 10, ""distance_median"": 0.09717421056450215}"
440,rflbat,rflbat_cluster_filter,"[4, 60, 14, 81, 22, 93, 82, 67, 89, 16, 60, 14, 81, 22, 93, 82, 67, 89, 16]",[],"{""accepted_indices"": [0, 1, 2, 3, 4, 5, 6, 7, 8, 9, 1, 2, 3, 4, 5, 6, 7, 8, 9], ""num_clusters"": 1, ""cluster_scores"": [0.11756993206320614]}"
440,rflbat,rflbat_final_distance_filter,"[4, 60, 14, 81, 22, 93, 82, 67, 89, 16]",[],"{""accepted_indices"": [0, 1, 2, 3, 4, 5, 6, 7, 8, 9, 1, 2, 3, 4, 5, 6, 7, 8, 9], ""eps2"": 6, ""distance_median"": 0.20421278983779775}"
441,rflbat,rflbat_first_distance_filter,"[3, 11, 75, 69, 57, 8, 33, 27, 26, 97, 11, 75, 69, 57, 8, 33, 27, 26, 97]",[],"{""accepted_indices"": [0, 1, 2, 3, 4, 5, 6, 7, 8, 9, 1, 2, 3, 4, 5, 6, 7, 8, 9], ""eps1"": 10, ""distance_median"": 0.15477897666555288}"
441,rflbat,rflbat_cluster_filter,"[3, 11, 75, 69, 57, 8, 33, 27, 26, 97, 11, 75, 69, 57, 8, 33, 27, 26, 97]",[],"{""accepted_indices"": [0, 1, 2, 3, 4, 5, 6, 7, 8, 9, 1, 2, 3, 4, 5, 6, 7, 8, 9], ""num_clusters"": 1, ""cluster_scores"": [0.13870446480924167]}"
441,rflbat,rflbat_final_distance_filter,"[3, 11, 75, 69, 57, 8, 33, 27, 26, 97]",[],"{""accepted_indices"": [0, 1, 2, 3, 4, 5, 6, 7, 8, 9, 1, 2, 3, 4, 5, 6, 7, 8, 9], ""eps2"": 6, ""distance_median"": 0.3033480440303689}"
442,rflbat,rflbat_first_distance_filter,"[2, 76, 54, 82, 31, 17, 35, 1, 27, 7, 76, 54, 82, 31, 17, 35, 1, 27, 7]",[],"{""accepted_indices"": [0, 1, 2, 3, 4, 5, 6, 7, 8, 9, 1, 2, 3, 4, 5, 6, 7, 8, 9], ""eps1"": 10, ""distance_median"": 0.29165973025996805}"
442,rflbat,rflbat_cluster_filter,"[2, 76, 54, 82, 17, 35, 1, 27, 7, 76, 54, 82, 17, 35, 1, 27, 7]",[31],"{""accepted_indices"": [0, 1, 2, 3, 5, 6, 7, 8, 9, 1, 2, 3, 5, 6, 7, 8, 9], ""num_clusters"": 2, ""cluster_scores"": [0.10719416464515018, 1.0000000000016929]}"
442,rflbat,rflbat_final_distance_filter,"[2, 76, 54, 82, 17, 35, 1, 27, 7]",[31],"{""accepted_indices"": [0, 1, 2, 3, 5, 6, 7, 8, 9, 1, 2, 3, 5, 6, 7, 8, 9], ""eps2"": 6, ""distance_median"": 0.17958072770651287}"
443,rflbat,rflbat_first_distance_filter,"[3, 98, 66, 5, 58, 87, 29, 75, 41, 18, 98, 66, 5, 58, 87, 29, 75, 41, 18]",[],"{""accepted_indices"": [0, 1, 2, 3, 4, 5, 6, 7, 8, 9, 1, 2, 3, 4, 5, 6, 7, 8, 9], ""eps1"": 10, ""distance_median"": 0.19633051389625206}"
443,rflbat,rflbat_cluster_filter,"[3, 98, 66, 5, 58, 87, 29, 75, 41, 18, 98, 66, 5, 58, 87, 29, 75, 41, 18]",[],"{""accepted_indices"": [0, 1, 2, 3, 4, 5, 6, 7, 8, 9, 1, 2, 3, 4, 5, 6, 7, 8, 9], ""num_clusters"": 1, ""cluster_scores"": [0.10349050960524442]}"
443,rflbat,rflbat_final_distance_filter,"[3, 98, 66, 5, 58, 87, 29, 75, 41, 18]",[],"{""accepted_indices"": [0, 1, 2, 3, 4, 5, 6, 7, 8, 9, 1, 2, 3, 4, 5, 6, 7, 8, 9], ""eps2"": 6, ""distance_median"": 0.38695219942181747}"
444,rflbat,rflbat_first_distance_filter,"[4, 60, 3, 61, 6, 22, 52, 90, 70, 82, 60, 3, 61, 6, 22, 52, 90, 70, 82]",[],"{""accepted_indices"": [0, 1, 2, 3, 4, 5, 6, 7, 8, 9, 1, 2, 3, 4, 5, 6, 7, 8, 9], ""eps1"": 10, ""distance_median"": 0.1138913652285361}"
444,rflbat,rflbat_cluster_filter,"[4, 60, 3, 61, 6, 22, 52, 90, 70, 82, 60, 3, 61, 6, 22, 52, 90, 70, 82]",[],"{""accepted_indices"": [0, 1, 2, 3, 4, 5, 6, 7, 8, 9, 1, 2, 3, 4, 5, 6, 7, 8, 9], ""num_clusters"": 1, ""cluster_scores"": [0.14385444599556205]}"
444,rflbat,rflbat_final_distance_filter,"[60, 3, 61, 6, 22, 52, 90, 70, 82]",[4],"{""accepted_indices"": [1, 2, 3, 4, 5, 6, 7, 8, 9, 1, 2, 3, 4, 5, 6, 7, 8, 9], ""eps2"": 6, ""distance_median"": 0.1597251634974911}"
445,rflbat,rflbat_first_distance_filter,"[4, 23, 92, 64, 44, 8, 71, 98, 27, 99, 23, 92, 64, 44, 8, 71, 98, 27, 99]",[],"{""accepted_indices"": [0, 1, 2, 3, 4, 5, 6, 7, 8, 9, 1, 2, 3, 4, 5, 6, 7, 8, 9], ""eps1"": 10, ""distance_median"": 0.16537797106659324}"
445,rflbat,rflbat_cluster_filter,"[4, 23, 92, 64, 44, 8, 71, 98, 27, 99, 23, 92, 64, 44, 8, 71, 98, 27, 99]",[],"{""accepted_indices"": [0, 1, 2, 3, 4, 5, 6, 7, 8, 9, 1, 2, 3, 4, 5, 6, 7, 8, 9], ""num_clusters"": 1, ""cluster_scores"": [0.09953005730324045]}"
445,rflbat,rflbat_final_distance_filter,"[4, 23, 92, 64, 44, 8, 71, 98, 27, 99]",[],"{""accepted_indices"": [0, 1, 2, 3, 4, 5, 6, 7, 8, 9, 1, 2, 3, 4, 5, 6, 7, 8, 9], ""eps2"": 6, ""distance_median"": 0.35670896847952915}"
446,rflbat,rflbat_first_distance_filter,"[4, 97, 87, 6, 76, 36, 11, 56, 12, 55, 97, 87, 6, 76, 36, 11, 56, 12, 55]",[],"{""accepted_indices"": [0, 1, 2, 3, 4, 5, 6, 7, 8, 9, 1, 2, 3, 4, 5, 6, 7, 8, 9], ""eps1"": 10, ""distance_median"": 0.1203343297968571}"
446,rflbat,rflbat_cluster_filter,"[4, 97, 87, 6, 76, 36, 11, 56, 12, 55, 97, 87, 6, 76, 36, 11, 56, 12, 55]",[],"{""accepted_indices"": [0, 1, 2, 3, 4, 5, 6, 7, 8, 9, 1, 2, 3, 4, 5, 6, 7, 8, 9], ""num_clusters"": 1, ""cluster_scores"": [0.09184080748899383]}"
446,rflbat,rflbat_final_distance_filter,"[4, 97, 87, 6, 76, 36, 11, 56, 12, 55]",[],"{""accepted_indices"": [0, 1, 2, 3, 4, 5, 6, 7, 8, 9, 1, 2, 3, 4, 5, 6, 7, 8, 9], ""eps2"": 6, ""distance_median"": 0.22294133384727147}"
447,rflbat,rflbat_first_distance_filter,"[1, 24, 12, 57, 18, 35, 8, 10, 2, 68, 24, 12, 57, 18, 35, 8, 10, 2, 68]",[],"{""accepted_indices"": [0, 1, 2, 3, 4, 5, 6, 7, 8, 9, 1, 2, 3, 4, 5, 6, 7, 8, 9], ""eps1"": 10, ""distance_median"": 0.15144221888682063}"
447,rflbat,rflbat_cluster_filter,"[1, 24, 12, 57, 18, 35, 8, 2, 68, 24, 12, 57, 18, 35, 8, 2, 68]",[10],"{""accepted_indices"": [0, 1, 2, 3, 4, 5, 6, 8, 9, 1, 2, 3, 4, 5, 6, 8, 9], ""num_clusters"": 2, ""cluster_scores"": [0.08166898362997213, 1.0000000000009197]}"
447,rflbat,rflbat_final_distance_filter,"[1, 24, 12, 57, 18, 35, 8, 2, 68]",[10],"{""accepted_indices"": [0, 1, 2, 3, 4, 5, 6, 8, 9, 1, 2, 3, 4, 5, 6, 8, 9], ""eps2"": 6, ""distance_median"": 0.16637949387646817}"
448,rflbat,rflbat_first_distance_filter,"[4, 68, 57, 96, 46, 7, 12, 94, 8, 88, 68, 57, 96, 46, 7, 12, 94, 8, 88]",[],"{""accepted_indices"": [0, 1, 2, 3, 4, 5, 6, 7, 8, 9, 1, 2, 3, 4, 5, 6, 7, 8, 9], ""eps1"": 10, ""distance_median"": 0.16727653614070545}"
448,rflbat,rflbat_cluster_filter,"[4, 68, 57, 96, 46, 7, 12, 94, 8, 88, 68, 57, 96, 46, 7, 12, 94, 8, 88]",[],"{""accepted_indices"": [0, 1, 2, 3, 4, 5, 6, 7, 8, 9, 1, 2, 3, 4, 5, 6, 7, 8, 9], ""num_clusters"": 1, ""cluster_scores"": [0.08046082016515556]}"
448,rflbat,rflbat_final_distance_filter,"[4, 68, 57, 96, 46, 7, 12, 94, 8, 88]",[],"{""accepted_indices"": [0, 1, 2, 3, 4, 5, 6, 7, 8, 9, 1, 2, 3, 4, 5, 6, 7, 8, 9], ""eps2"": 6, ""distance_median"": 0.3134487173411633}"
449,rflbat,rflbat_first_distance_filter,"[0, 66, 67, 24, 69, 81, 47, 58, 95, 82, 66, 67, 24, 69, 81, 47, 58, 95, 82]",[],"{""accepted_indices"": [0, 1, 2, 3, 4, 5, 6, 7, 8, 9, 1, 2, 3, 4, 5, 6, 7, 8, 9], ""eps1"": 10, ""distance_median"": 0.18540917335717422}"
449,rflbat,rflbat_cluster_filter,"[0, 66, 67, 24, 69, 81, 47, 58, 95, 82, 66, 67, 24, 69, 81, 47, 58, 95, 82]",[],"{""accepted_indices"": [0, 1, 2, 3, 4, 5, 6, 7, 8, 9, 1, 2, 3, 4, 5, 6, 7, 8, 9], ""num_clusters"": 1, ""cluster_scores"": [0.13658116169311094]}"
449,rflbat,rflbat_final_distance_filter,"[0, 66, 67, 24, 69, 81, 47, 58, 95, 82]",[],"{""accepted_indices"": [0, 1, 2, 3, 4, 5, 6, 7, 8, 9, 1, 2, 3, 4, 5, 6, 7, 8, 9], ""eps2"": 6, ""distance_median"": 0.3092726252808071}"
450,rflbat,rflbat_first_distance_filter,"[4, 48, 57, 38, 75, 56, 92, 6, 46, 74, 48, 57, 38, 75, 56, 92, 6, 46, 74]",[],"{""accepted_indices"": [0, 1, 2, 3, 4, 5, 6, 7, 8, 9, 1, 2, 3, 4, 5, 6, 7, 8, 9], ""eps1"": 10, ""distance_median"": 0.16276127256135525}"
450,rflbat,rflbat_cluster_filter,"[4, 48, 57, 38, 75, 56, 92, 6, 46, 74, 48, 57, 38, 75, 56, 92, 6, 46, 74]",[],"{""accepted_indices"": [0, 1, 2, 3, 4, 5, 6, 7, 8, 9, 1, 2, 3, 4, 5, 6, 7, 8, 9], ""num_clusters"": 1, ""cluster_scores"": [0.08493603838864681]}"
450,rflbat,rflbat_final_distance_filter,"[4, 48, 57, 38, 75, 56, 92, 6, 46, 74]",[],"{""accepted_indices"": [0, 1, 2, 3, 4, 5, 6, 7, 8, 9, 1, 2, 3, 4, 5, 6, 7, 8, 9], ""eps2"": 6, ""distance_median"": 0.3210720224709779}"
451,rflbat,rflbat_first_distance_filter,"[2, 12, 62, 11, 54, 39, 97, 27, 58, 86, 12, 62, 11, 54, 39, 97, 27, 58, 86]",[],"{""accepted_indices"": [0, 1, 2, 3, 4, 5, 6, 7, 8, 9, 1, 2, 3, 4, 5, 6, 7, 8, 9], ""eps1"": 10, ""distance_median"": 0.16200196215076051}"
451,rflbat,rflbat_cluster_filter,"[2, 12, 62, 11, 54, 39, 97, 27, 58, 86, 12, 62, 11, 54, 39, 97, 27, 58, 86]",[],"{""accepted_indices"": [0, 1, 2, 3, 4, 5, 6, 7, 8, 9, 1, 2, 3, 4, 5, 6, 7, 8, 9], ""num_clusters"": 1, ""cluster_scores"": [0.13115621214364648]}"
451,rflbat,rflbat_final_distance_filter,"[2, 12, 62, 11, 54, 39, 97, 27, 58, 86]",[],"{""accepted_indices"": [0, 1, 2, 3, 4, 5, 6, 7, 8, 9, 1, 2, 3, 4, 5, 6, 7, 8, 9], ""eps2"": 6, ""distance_median"": 0.3201462952682136}"
452,rflbat,rflbat_first_distance_filter,"[3, 21, 86, 81, 55, 98, 33, 73, 36, 6, 21, 86, 81, 55, 98, 33, 73, 36, 6]",[],"{""accepted_indices"": [0, 1, 2, 3, 4, 5, 6, 7, 8, 9, 1, 2, 3, 4, 5, 6, 7, 8, 9], ""eps1"": 10, ""distance_median"": 0.1916484529473185}"
452,rflbat,rflbat_cluster_filter,"[3, 21, 86, 81, 55, 98, 33, 73, 36, 6, 21, 86, 81, 55, 98, 33, 73, 36, 6]",[],"{""accepted_indices"": [0, 1, 2, 3, 4, 5, 6, 7, 8, 9, 1, 2, 3, 4, 5, 6, 7, 8, 9], ""num_clusters"": 1, ""cluster_scores"": [0.08220878628717934]}"
452,rflbat,rflbat_final_distance_filter,"[3, 21, 86, 81, 55, 98, 33, 73, 36, 6]",[],"{""accepted_indices"": [0, 1, 2, 3, 4, 5, 6, 7, 8, 9, 1, 2, 3, 4, 5, 6, 7, 8, 9], ""eps2"": 6, ""distance_median"": 0.37793164473075586}"
453,rflbat,rflbat_first_distance_filter,"[4, 45, 31, 91, 9, 76, 59, 38, 13, 67, 45, 31, 91, 9, 76, 59, 38, 13, 67]",[],"{""accepted_indices"": [0, 1, 2, 3, 4, 5, 6, 7, 8, 9, 1, 2, 3, 4, 5, 6, 7, 8, 9], ""eps1"": 10, ""distance_median"": 0.12091361220575708}"
453,rflbat,rflbat_cluster_filter,"[45, 91, 9, 76, 59, 38, 13, 67, 45, 91, 9, 76, 59, 38, 13, 67]","[4, 31]","{""accepted_indices"": [1, 3, 4, 5, 6, 7, 8, 9, 1, 3, 4, 5, 6, 7, 8, 9], ""num_clusters"": 3, ""cluster_scores"": [0.11958637329297354, 1, 1.0000000000020122]}"
453,rflbat,rflbat_final_distance_filter,"[45, 91, 9, 76, 59, 38, 13, 67]","[4, 31]","{""accepted_indices"": [1, 3, 4, 5, 6, 7, 8, 9, 1, 3, 4, 5, 6, 7, 8, 9], ""eps2"": 6, ""distance_median"": 0.07123094535235015}"
454,rflbat,rflbat_first_distance_filter,"[3, 24, 13, 38, 36, 74, 12, 9, 66, 46, 24, 13, 38, 36, 74, 12, 9, 66, 46]",[],"{""accepted_indices"": [0, 1, 2, 3, 4, 5, 6, 7, 8, 9, 1, 2, 3, 4, 5, 6, 7, 8, 9], ""eps1"": 10, ""distance_median"": 0.15527869580578146}"
454,rflbat,rflbat_cluster_filter,"[3, 24, 13, 38, 36, 74, 12, 9, 66, 46, 24, 13, 38, 36, 74, 12, 9, 66, 46]",[],"{""accepted_indices"": [0, 1, 2, 3, 4, 5, 6, 7, 8, 9, 1, 2, 3, 4, 5, 6, 7, 8, 9], ""num_clusters"": 1, ""cluster_scores"": [0.07951086272951353]}"
454,rflbat,rflbat_final_distance_filter,"[3, 24, 13, 38, 36, 74, 12, 9, 66, 46]",[],"{""accepted_indices"": [0, 1, 2, 3, 4, 5, 6, 7, 8, 9, 1, 2, 3, 4, 5, 6, 7, 8, 9], ""eps2"": 6, ""distance_median"": 0.33415518763043284}"
455,rflbat,rflbat_first_distance_filter,"[3, 26, 69, 89, 0, 35, 92, 83, 12, 78, 26, 69, 89, 0, 35, 92, 83, 12, 78]",[],"{""accepted_indices"": [0, 1, 2, 3, 4, 5, 6, 7, 8, 9, 1, 2, 3, 4, 5, 6, 7, 8, 9], ""eps1"": 10, ""distance_median"": 0.11207918107718384}"
455,rflbat,rflbat_cluster_filter,"[3, 69, 89, 35, 92, 83, 12, 78, 69, 89, 35, 92, 83, 12, 78]","[26, 0]","{""accepted_indices"": [0, 2, 3, 5, 6, 7, 8, 9, 2, 3, 5, 6, 7, 8, 9], ""num_clusters"": 3, ""cluster_scores"": [0.21465350434273267, 1.0000000000014262, 1.00000000000172]}"
455,rflbat,rflbat_final_distance_filter,"[3, 69, 89, 35, 92, 83, 12, 78]","[26, 0]","{""accepted_indices"": [0, 2, 3, 5, 6, 7, 8, 9, 2, 3, 5, 6, 7, 8, 9], ""eps2"": 6, ""distance_median"": 0.03109636901407559}"
456,rflbat,rflbat_first_distance_filter,"[0, 49, 33, 53, 64, 54, 96, 9, 45, 52, 49, 33, 53, 64, 54, 96, 9, 45, 52]",[],"{""accepted_indices"": [0, 1, 2, 3, 4, 5, 6, 7, 8, 9, 1, 2, 3, 4, 5, 6, 7, 8, 9], ""eps1"": 10, ""distance_median"": 0.2175854269761194}"
456,rflbat,rflbat_cluster_filter,"[0, 49, 33, 53, 64, 54, 96, 9, 45, 52, 49, 33, 53, 64, 54, 96, 9, 45, 52]",[],"{""accepted_indices"": [0, 1, 2, 3, 4, 5, 6, 7, 8, 9, 1, 2, 3, 4, 5, 6, 7, 8, 9], ""num_clusters"": 1, ""cluster_scores"": [0.13830016145199647]}"
456,rflbat,rflbat_final_distance_filter,"[0, 49, 33, 53, 64, 54, 96, 9, 45, 52]",[],"{""accepted_indices"": [0, 1, 2, 3, 4, 5, 6, 7, 8, 9, 1, 2, 3, 4, 5, 6, 7, 8, 9], ""eps2"": 6, ""distance_median"": 0.38569952170214344}"
457,rflbat,rflbat_first_distance_filter,"[1, 49, 18, 19, 98, 48, 39, 25, 40, 71, 49, 18, 19, 98, 48, 39, 25, 40, 71]",[],"{""accepted_indices"": [0, 1, 2, 3, 4, 5, 6, 7, 8, 9, 1, 2, 3, 4, 5, 6, 7, 8, 9], ""eps1"": 10, ""distance_median"": 0.1778854046709483}"
457,rflbat,rflbat_cluster_filter,"[1, 49, 18, 19, 98, 39, 40, 49, 18, 19, 98, 39, 40]","[48, 25, 71]","{""accepted_indices"": [0, 1, 2, 3, 4, 6, 8, 1, 2, 3, 4, 6, 8], ""num_clusters"": 4, ""cluster_scores"": [0.13274375321846946, 1.0000000000027025, 1.0000000000017326, 1.000000000000739]}"
457,rflbat,rflbat_final_distance_filter,"[1, 49, 18, 19, 98, 39, 40]","[48, 25, 71]","{""accepted_indices"": [0, 1, 2, 3, 4, 6, 8, 1, 2, 3, 4, 6, 8], ""eps2"": 6, ""distance_median"": 0.056021854764263426}"
458,rflbat,rflbat_first_distance_filter,"[3, 53, 31, 67, 5, 30, 78, 18, 83, 1, 53, 31, 67, 5, 30, 78, 18, 83, 1]",[],"{""accepted_indices"": [0, 1, 2, 3, 4, 5, 6, 7, 8, 9, 1, 2, 3, 4, 5, 6, 7, 8, 9], ""eps1"": 10, ""distance_median"": 0.231325655893385}"
458,rflbat,rflbat_cluster_filter,"[3, 53, 31, 67, 5, 30, 78, 18, 83, 1, 53, 31, 67, 5, 30, 78, 18, 83, 1]",[],"{""accepted_indices"": [0, 1, 2, 3, 4, 5, 6, 7, 8, 9, 1, 2, 3, 4, 5, 6, 7, 8, 9], ""num_clusters"": 1, ""cluster_scores"": [0.13830894040578057]}"
458,rflbat,rflbat_final_distance_filter,"[3, 53, 67, 5, 30, 78, 18, 83, 1]",[31],"{""accepted_indices"": [0, 1, 3, 4, 5, 6, 7, 8, 9, 1, 3, 4, 5, 6, 7, 8, 9], ""eps2"": 6, ""distance_median"": 0.462882358161454}"
459,rflbat,rflbat_first_distance_filter,"[2, 37, 65, 94, 15, 81, 71, 33, 23, 59, 37, 65, 94, 15, 81, 71, 33, 23, 59]",[],"{""accepted_indices"": [0, 1, 2, 3, 4, 5, 6, 7, 8, 9, 1, 2, 3, 4, 5, 6, 7, 8, 9], ""eps1"": 10, ""distance_median"": 0.11018215492964153}"
459,rflbat,rflbat_cluster_filter,"[2, 37, 65, 94, 15, 81, 71, 33, 23, 59, 37, 65, 94, 15, 81, 71, 33, 23, 59]",[],"{""accepted_indices"": [0, 1, 2, 3, 4, 5, 6, 7, 8, 9, 1, 2, 3, 4, 5, 6, 7, 8, 9], ""num_clusters"": 1, ""cluster_scores"": [0.1014932632903427]}"
459,rflbat,rflbat_final_distance_filter,"[2, 37, 65, 94, 15, 81, 71, 33, 23, 59]",[],"{""accepted_indices"": [0, 1, 2, 3, 4, 5, 6, 7, 8, 9, 1, 2, 3, 4, 5, 6, 7, 8, 9], ""eps2"": 6, ""distance_median"": 0.212011728552763}"
460,rflbat,rflbat_first_distance_filter,"[0, 20, 45, 92, 80, 18, 94, 59, 36, 78, 20, 45, 92, 80, 18, 94, 59, 36, 78]",[],"{""accepted_indices"": [0, 1, 2, 3, 4, 5, 6, 7, 8, 9, 1, 2, 3, 4, 5, 6, 7, 8, 9], ""eps1"": 10, ""distance_median"": 0.14588563321323633}"
460,rflbat,rflbat_cluster_filter,"[0, 20, 45, 92, 80, 18, 94, 59, 36, 78, 20, 45, 92, 80, 18, 94, 59, 36, 78]",[],"{""accepted_indices"": [0, 1, 2, 3, 4, 5, 6, 7, 8, 9, 1, 2, 3, 4, 5, 6, 7, 8, 9], ""num_clusters"": 1, ""cluster_scores"": [0.1285378249653942]}"
460,rflbat,rflbat_final_distance_filter,"[0, 20, 45, 92, 80, 18, 94, 59, 36, 78]",[],"{""accepted_indices"": [0, 1, 2, 3, 4, 5, 6, 7, 8, 9, 1, 2, 3, 4, 5, 6, 7, 8, 9], ""eps2"": 6, ""distance_median"": 0.2427589398134548}"
461,rflbat,rflbat_first_distance_filter,"[3, 14, 85, 84, 1, 86, 97, 58, 15, 38, 14, 85, 84, 1, 86, 97, 58, 15, 38]",[],"{""accepted_indices"": [0, 1, 2, 3, 4, 5, 6, 7, 8, 9, 1, 2, 3, 4, 5, 6, 7, 8, 9], ""eps1"": 10, ""distance_median"": 0.1221695522218195}"
461,rflbat,rflbat_cluster_filter,"[3, 14, 85, 84, 1, 86, 97, 58, 15, 38, 14, 85, 84, 1, 86, 97, 58, 15, 38]",[],"{""accepted_indices"": [0, 1, 2, 3, 4, 5, 6, 7, 8, 9, 1, 2, 3, 4, 5, 6, 7, 8, 9], ""num_clusters"": 1, ""cluster_scores"": [0.1540989340834787]}"
461,rflbat,rflbat_final_distance_filter,"[3, 14, 85, 84, 1, 86, 97, 58, 15, 38]",[],"{""accepted_indices"": [0, 1, 2, 3, 4, 5, 6, 7, 8, 9, 1, 2, 3, 4, 5, 6, 7, 8, 9], ""eps2"": 6, ""distance_median"": 0.23855361836571237}"
462,rflbat,rflbat_first_distance_filter,"[3, 64, 76, 43, 9, 69, 80, 74, 77, 16, 64, 76, 43, 9, 69, 80, 74, 77, 16]",[],"{""accepted_indices"": [0, 1, 2, 3, 4, 5, 6, 7, 8, 9, 1, 2, 3, 4, 5, 6, 7, 8, 9], ""eps1"": 10, ""distance_median"": 0.08902521142577542}"
462,rflbat,rflbat_cluster_filter,"[3, 64, 76, 43, 9, 80, 74, 77, 16, 64, 76, 43, 9, 80, 74, 77, 16]",[69],"{""accepted_indices"": [0, 1, 2, 3, 4, 6, 7, 8, 9, 1, 2, 3, 4, 6, 7, 8, 9], ""num_clusters"": 2, ""cluster_scores"": [0.12669504058105674, 1.000000000000628]}"
462,rflbat,rflbat_final_distance_filter,"[3, 64, 76, 43, 9, 80, 74, 77, 16]",[69],"{""accepted_indices"": [0, 1, 2, 3, 4, 6, 7, 8, 9, 1, 2, 3, 4, 6, 7, 8, 9], ""eps2"": 6, ""distance_median"": 0.10617330141186046}"
463,rflbat,rflbat_first_distance_filter,"[4, 77, 0, 92, 82, 47, 98, 2, 23, 74, 77, 0, 92, 82, 47, 98, 2, 23, 74]",[],"{""accepted_indices"": [0, 1, 2, 3, 4, 5, 6, 7, 8, 9, 1, 2, 3, 4, 5, 6, 7, 8, 9], ""eps1"": 10, ""distance_median"": 0.09896721451414842}"
463,rflbat,rflbat_cluster_filter,"[4, 77, 0, 92, 82, 47, 98, 2, 23, 74, 77, 0, 92, 82, 47, 98, 2, 23, 74]",[],"{""accepted_indices"": [0, 1, 2, 3, 4, 5, 6, 7, 8, 9, 1, 2, 3, 4, 5, 6, 7, 8, 9], ""num_clusters"": 1, ""cluster_scores"": [0.08506032003163885]}"
463,rflbat,rflbat_final_distance_filter,"[4, 77, 0, 92, 82, 47, 98, 2, 23, 74]",[],"{""accepted_indices"": [0, 1, 2, 3, 4, 5, 6, 7, 8, 9, 1, 2, 3, 4, 5, 6, 7, 8, 9], ""eps2"": 6, ""distance_median"": 0.19944266662059876}"
464,rflbat,rflbat_first_distance_filter,"[0, 84, 4, 12, 13, 33, 89, 11, 99, 67, 84, 4, 12, 13, 33, 89, 11, 99, 67]",[],"{""accepted_indices"": [0, 1, 2, 3, 4, 5, 6, 7, 8, 9, 1, 2, 3, 4, 5, 6, 7, 8, 9], ""eps1"": 10, ""distance_median"": 0.12807940929938838}"
464,rflbat,rflbat_cluster_filter,"[0, 84, 4, 12, 13, 33, 89, 11, 99, 67, 84, 4, 12, 13, 33, 89, 11, 99, 67]",[],"{""accepted_indices"": [0, 1, 2, 3, 4, 5, 6, 7, 8, 9, 1, 2, 3, 4, 5, 6, 7, 8, 9], ""num_clusters"": 1, ""cluster_scores"": [0.1356388448703996]}"
464,rflbat,rflbat_final_distance_filter,"[0, 84, 4, 12, 13, 33, 89, 11, 99, 67]",[],"{""accepted_indices"": [0, 1, 2, 3, 4, 5, 6, 7, 8, 9, 1, 2, 3, 4, 5, 6, 7, 8, 9], ""eps2"": 6, ""distance_median"": 0.21391722513736922}"
465,rflbat,rflbat_first_distance_filter,"[1, 91, 25, 24, 72, 82, 12, 35, 30, 81, 91, 25, 24, 72, 82, 12, 35, 30, 81]",[],"{""accepted_indices"": [0, 1, 2, 3, 4, 5, 6, 7, 8, 9, 1, 2, 3, 4, 5, 6, 7, 8, 9], ""eps1"": 10, ""distance_median"": 0.269287546775675}"
465,rflbat,rflbat_cluster_filter,"[1, 91, 25, 24, 72, 82, 12, 35, 30, 81, 91, 25, 24, 72, 82, 12, 35, 30, 81]",[],"{""accepted_indices"": [0, 1, 2, 3, 4, 5, 6, 7, 8, 9, 1, 2, 3, 4, 5, 6, 7, 8, 9], ""num_clusters"": 1, ""cluster_scores"": [0.0970451740640446]}"
465,rflbat,rflbat_final_distance_filter,"[1, 91, 25, 24, 72, 82, 12, 35, 81]",[30],"{""accepted_indices"": [0, 1, 2, 3, 4, 5, 6, 7, 9, 1, 2, 3, 4, 5, 6, 7, 9], ""eps2"": 6, ""distance_median"": 0.5374066546774117}"
466,rflbat,rflbat_first_distance_filter,"[1, 63, 92, 38, 77, 14, 32, 84, 87, 15, 63, 92, 38, 77, 14, 32, 84, 87, 15]",[],"{""accepted_indices"": [0, 1, 2, 3, 4, 5, 6, 7, 8, 9, 1, 2, 3, 4, 5, 6, 7, 8, 9], ""eps1"": 10, ""distance_median"": 0.09263174988080611}"
466,rflbat,rflbat_cluster_filter,"[1, 63, 92, 38, 77, 14, 32, 84, 87, 15, 63, 92, 38, 77, 14, 32, 84, 87, 15]",[],"{""accepted_indices"": [0, 1, 2, 3, 4, 5, 6, 7, 8, 9, 1, 2, 3, 4, 5, 6, 7, 8, 9], ""num_clusters"": 1, ""cluster_scores"": [0.09495942080684684]}"
466,rflbat,rflbat_final_distance_filter,"[1, 63, 92, 38, 77, 14, 32, 84, 87, 15]",[],"{""accepted_indices"": [0, 1, 2, 3, 4, 5, 6, 7, 8, 9, 1, 2, 3, 4, 5, 6, 7, 8, 9], ""eps2"": 6, ""distance_median"": 0.19076993645910573}"
467,rflbat,rflbat_first_distance_filter,"[3, 6, 77, 94, 83, 63, 88, 26, 68, 84, 6, 77, 94, 83, 63, 88, 26, 68, 84]",[],"{""accepted_indices"": [0, 1, 2, 3, 4, 5, 6, 7, 8, 9, 1, 2, 3, 4, 5, 6, 7, 8, 9], ""eps1"": 10, ""distance_median"": 0.1371721887125636}"
467,rflbat,rflbat_cluster_filter,"[3, 6, 77, 94, 83, 63, 88, 26, 68, 84, 6, 77, 94, 83, 63, 88, 26, 68, 84]",[],"{""accepted_indices"": [0, 1, 2, 3, 4, 5, 6, 7, 8, 9, 1, 2, 3, 4, 5, 6, 7, 8, 9], ""num_clusters"": 1, ""cluster_scores"": [0.14555769719787218]}"
467,rflbat,rflbat_final_distance_filter,"[3, 6, 77, 94, 83, 63, 88, 26, 68, 84]",[],"{""accepted_indices"": [0, 1, 2, 3, 4, 5, 6, 7, 8, 9, 1, 2, 3, 4, 5, 6, 7, 8, 9], ""eps2"": 6, ""distance_median"": 0.2731217343580735}"
468,rflbat,rflbat_first_distance_filter,"[3, 92, 82, 26, 42, 23, 48, 14, 22, 73, 92, 82, 26, 42, 23, 48, 14, 22, 73]",[],"{""accepted_indices"": [0, 1, 2, 3, 4, 5, 6, 7, 8, 9, 1, 2, 3, 4, 5, 6, 7, 8, 9], ""eps1"": 10, ""distance_median"": 0.5159173631663155}"
468,rflbat,rflbat_cluster_filter,"[3, 92, 82, 26, 42, 23, 48, 14, 22, 73, 92, 82, 26, 42, 23, 48, 14, 22, 73]",[],"{""accepted_indices"": [0, 1, 2, 3, 4, 5, 6, 7, 8, 9, 1, 2, 3, 4, 5, 6, 7, 8, 9], ""num_clusters"": 1, ""cluster_scores"": [0.10097053126469392]}"
468,rflbat,rflbat_final_distance_filter,"[3, 92, 82, 26, 42, 23, 48, 14, 22, 73]",[],"{""accepted_indices"": [0, 1, 2, 3, 4, 5, 6, 7, 8, 9, 1, 2, 3, 4, 5, 6, 7, 8, 9], ""eps2"": 6, ""distance_median"": 1.0252029169792174}"
469,rflbat,rflbat_first_distance_filter,"[4, 25, 68, 42, 40, 15, 28, 50, 26, 48, 25, 68, 42, 40, 15, 28, 50, 26, 48]",[],"{""accepted_indices"": [0, 1, 2, 3, 4, 5, 6, 7, 8, 9, 1, 2, 3, 4, 5, 6, 7, 8, 9], ""eps1"": 10, ""distance_median"": 0.17642679781421897}"
469,rflbat,rflbat_cluster_filter,"[4, 25, 68, 42, 40, 15, 28, 50, 26, 48, 25, 68, 42, 40, 15, 28, 50, 26, 48]",[],"{""accepted_indices"": [0, 1, 2, 3, 4, 5, 6, 7, 8, 9, 1, 2, 3, 4, 5, 6, 7, 8, 9], ""num_clusters"": 1, ""cluster_scores"": [0.2359926855498235]}"
469,rflbat,rflbat_final_distance_filter,"[4, 25, 68, 42, 40, 15, 28, 50, 26, 48]",[],"{""accepted_indices"": [0, 1, 2, 3, 4, 5, 6, 7, 8, 9, 1, 2, 3, 4, 5, 6, 7, 8, 9], ""eps2"": 6, ""distance_median"": 0.35374892542555786}"
470,rflbat,rflbat_first_distance_filter,"[2, 84, 91, 83, 68, 16, 93, 15, 82, 6, 84, 91, 83, 68, 16, 93, 15, 82, 6]",[],"{""accepted_indices"": [0, 1, 2, 3, 4, 5, 6, 7, 8, 9, 1, 2, 3, 4, 5, 6, 7, 8, 9], ""eps1"": 10, ""distance_median"": 0.09958363754084433}"
470,rflbat,rflbat_cluster_filter,"[2, 84, 91, 83, 68, 16, 93, 15, 82, 6, 84, 91, 83, 68, 16, 93, 15, 82, 6]",[],"{""accepted_indices"": [0, 1, 2, 3, 4, 5, 6, 7, 8, 9, 1, 2, 3, 4, 5, 6, 7, 8, 9], ""num_clusters"": 1, ""cluster_scores"": [0.12757278655513457]}"
470,rflbat,rflbat_final_distance_filter,"[2, 84, 91, 83, 68, 16, 93, 15, 82, 6]",[],"{""accepted_indices"": [0, 1, 2, 3, 4, 5, 6, 7, 8, 9, 1, 2, 3, 4, 5, 6, 7, 8, 9], ""eps2"": 6, ""distance_median"": 0.19908804171529124}"
471,rflbat,rflbat_first_distance_filter,"[2, 96, 40, 29, 75, 62, 46, 33, 98, 57, 96, 40, 29, 75, 62, 46, 33, 98, 57]",[],"{""accepted_indices"": [0, 1, 2, 3, 4, 5, 6, 7, 8, 9, 1, 2, 3, 4, 5, 6, 7, 8, 9], ""eps1"": 10, ""distance_median"": 0.12024893021222326}"
471,rflbat,rflbat_cluster_filter,"[2, 96, 40, 29, 75, 62, 46, 33, 98, 57, 96, 40, 29, 75, 62, 46, 33, 98, 57]",[],"{""accepted_indices"": [0, 1, 2, 3, 4, 5, 6, 7, 8, 9, 1, 2, 3, 4, 5, 6, 7, 8, 9], ""num_clusters"": 1, ""cluster_scores"": [0.10679999206419823]}"
471,rflbat,rflbat_final_distance_filter,"[2, 96, 40, 29, 75, 62, 46, 33, 98, 57]",[],"{""accepted_indices"": [0, 1, 2, 3, 4, 5, 6, 7, 8, 9, 1, 2, 3, 4, 5, 6, 7, 8, 9], ""eps2"": 6, ""distance_median"": 0.24963082315960985}"
472,rflbat,rflbat_first_distance_filter,"[3, 12, 1, 93, 76, 87, 42, 34, 20, 51, 12, 1, 93, 76, 87, 42, 34, 20, 51]",[],"{""accepted_indices"": [0, 1, 2, 3, 4, 5, 6, 7, 8, 9, 1, 2, 3, 4, 5, 6, 7, 8, 9], ""eps1"": 10, ""distance_median"": 0.281070548462216}"
472,rflbat,rflbat_cluster_filter,"[3, 12, 1, 93, 76, 87, 42, 34, 51, 12, 1, 93, 76, 87, 42, 34, 51]",[20],"{""accepted_indices"": [0, 1, 2, 3, 4, 5, 6, 7, 9, 1, 2, 3, 4, 5, 6, 7, 9], ""num_clusters"": 2, ""cluster_scores"": [1.0000000000025437, 0.11092923753738919]}"
472,rflbat,rflbat_final_distance_filter,"[3, 12, 1, 93, 76, 87, 42, 34, 51]",[20],"{""accepted_indices"": [0, 1, 2, 3, 4, 5, 6, 7, 9, 1, 2, 3, 4, 5, 6, 7, 9], ""eps2"": 6, ""distance_median"": 0.38627585476760073}"
473,rflbat,rflbat_first_distance_filter,"[4, 83, 3, 73, 24, 65, 61, 86, 92, 26, 83, 3, 73, 24, 65, 61, 86, 92, 26]",[],"{""accepted_indices"": [0, 1, 2, 3, 4, 5, 6, 7, 8, 9, 1, 2, 3, 4, 5, 6, 7, 8, 9], ""eps1"": 10, ""distance_median"": 0.18535023743700993}"
473,rflbat,rflbat_cluster_filter,"[4, 83, 3, 73, 24, 65, 61, 86, 92, 26, 83, 3, 73, 24, 65, 61, 86, 92, 26]",[],"{""accepted_indices"": [0, 1, 2, 3, 4, 5, 6, 7, 8, 9, 1, 2, 3, 4, 5, 6, 7, 8, 9], ""num_clusters"": 1, ""cluster_scores"": [0.1353262203798027]}"
473,rflbat,rflbat_final_distance_filter,"[4, 83, 3, 73, 24, 65, 61, 86, 92, 26]",[],"{""accepted_indices"": [0, 1, 2, 3, 4, 5, 6, 7, 8, 9, 1, 2, 3, 4, 5, 6, 7, 8, 9], ""eps2"": 6, ""distance_median"": 0.3688386144104772}"
474,rflbat,rflbat_first_distance_filter,"[1, 16, 94, 31, 13, 71, 30, 60, 68, 55, 16, 94, 31, 13, 71, 30, 60, 68, 55]",[],"{""accepted_indices"": [0, 1, 2, 3, 4, 5, 6, 7, 8, 9, 1, 2, 3, 4, 5, 6, 7, 8, 9], ""eps1"": 10, ""distance_median"": 0.21964485738094552}"
474,rflbat,rflbat_cluster_filter,"[1, 16, 94, 31, 13, 71, 30, 60, 68, 55, 16, 94, 31, 13, 71, 30, 60, 68, 55]",[],"{""accepted_indices"": [0, 1, 2, 3, 4, 5, 6, 7, 8, 9, 1, 2, 3, 4, 5, 6, 7, 8, 9], ""num_clusters"": 1, ""cluster_scores"": [0.11875069036845011]}"
474,rflbat,rflbat_final_distance_filter,"[1, 16, 94, 31, 13, 71, 30, 60, 68, 55]",[],"{""accepted_indices"": [0, 1, 2, 3, 4, 5, 6, 7, 8, 9, 1, 2, 3, 4, 5, 6, 7, 8, 9], ""eps2"": 6, ""distance_median"": 0.45090556832279294}"
475,rflbat,rflbat_first_distance_filter,"[1, 29, 64, 19, 15, 24, 48, 21, 86, 3, 29, 64, 19, 15, 24, 48, 21, 86, 3]",[],"{""accepted_indices"": [0, 1, 2, 3, 4, 5, 6, 7, 8, 9, 1, 2, 3, 4, 5, 6, 7, 8, 9], ""eps1"": 10, ""distance_median"": 0.1343082416569506}"
475,rflbat,rflbat_cluster_filter,"[1, 29, 64, 19, 15, 24, 48, 21, 86, 3, 29, 64, 19, 15, 24, 48, 21, 86, 3]",[],"{""accepted_indices"": [0, 1, 2, 3, 4, 5, 6, 7, 8, 9, 1, 2, 3, 4, 5, 6, 7, 8, 9], ""num_clusters"": 1, ""cluster_scores"": [0.14573775907271025]}"
475,rflbat,rflbat_final_distance_filter,"[1, 29, 64, 19, 15, 24, 48, 21, 86, 3]",[],"{""accepted_indices"": [0, 1, 2, 3, 4, 5, 6, 7, 8, 9, 1, 2, 3, 4, 5, 6, 7, 8, 9], ""eps2"": 6, ""distance_median"": 0.27313643107810376}"
476,rflbat,rflbat_first_distance_filter,"[2, 50, 20, 13, 53, 40, 24, 74, 96, 58, 50, 20, 13, 53, 40, 24, 74, 96, 58]",[],"{""accepted_indices"": [0, 1, 2, 3, 4, 5, 6, 7, 8, 9, 1, 2, 3, 4, 5, 6, 7, 8, 9], ""eps1"": 10, ""distance_median"": 0.11332104057917924}"
476,rflbat,rflbat_cluster_filter,"[2, 50, 20, 13, 53, 40, 24, 74, 96, 58, 50, 20, 13, 53, 40, 24, 74, 96, 58]",[],"{""accepted_indices"": [0, 1, 2, 3, 4, 5, 6, 7, 8, 9, 1, 2, 3, 4, 5, 6, 7, 8, 9], ""num_clusters"": 1, ""cluster_scores"": [0.12047263886660674]}"
476,rflbat,rflbat_final_distance_filter,"[2, 50, 20, 13, 53, 40, 24, 74, 96, 58]",[],"{""accepted_indices"": [0, 1, 2, 3, 4, 5, 6, 7, 8, 9, 1, 2, 3, 4, 5, 6, 7, 8, 9], ""eps2"": 6, ""distance_median"": 0.22665939180646766}"
477,rflbat,rflbat_first_distance_filter,"[0, 98, 34, 44, 29, 18, 6, 23, 86, 26, 98, 34, 44, 29, 18, 6, 23, 86, 26]",[],"{""accepted_indices"": [0, 1, 2, 3, 4, 5, 6, 7, 8, 9, 1, 2, 3, 4, 5, 6, 7, 8, 9], ""eps1"": 10, ""distance_median"": 0.24379375148413326}"
477,rflbat,rflbat_cluster_filter,"[0, 98, 34, 44, 29, 18, 6, 23, 86, 26, 98, 34, 44, 29, 18, 6, 23, 86, 26]",[],"{""accepted_indices"": [0, 1, 2, 3, 4, 5, 6, 7, 8, 9, 1, 2, 3, 4, 5, 6, 7, 8, 9], ""num_clusters"": 1, ""cluster_scores"": [0.11388582756313252]}"
477,rflbat,rflbat_final_distance_filter,"[0, 98, 34, 44, 29, 18, 6, 23, 86]",[26],"{""accepted_indices"": [0, 1, 2, 3, 4, 5, 6, 7, 8, 1, 2, 3, 4, 5, 6, 7, 8], ""eps2"": 6, ""distance_median"": 0.4401902449181842}"
478,rflbat,rflbat_first_distance_filter,"[2, 3, 92, 33, 63, 10, 90, 17, 95, 13, 3, 92, 33, 63, 10, 90, 17, 95, 13]",[],"{""accepted_indices"": [0, 1, 2, 3, 4, 5, 6, 7, 8, 9, 1, 2, 3, 4, 5, 6, 7, 8, 9], ""eps1"": 10, ""distance_median"": 0.16597811701086}"
478,rflbat,rflbat_cluster_filter,"[2, 3, 92, 33, 63, 10, 90, 17, 95, 13, 3, 92, 33, 63, 10, 90, 17, 95, 13]",[],"{""accepted_indices"": [0, 1, 2, 3, 4, 5, 6, 7, 8, 9, 1, 2, 3, 4, 5, 6, 7, 8, 9], ""num_clusters"": 1, ""cluster_scores"": [0.09848206514374903]}"
478,rflbat,rflbat_final_distance_filter,"[2, 3, 92, 33, 63, 10, 90, 17, 95, 13]",[],"{""accepted_indices"": [0, 1, 2, 3, 4, 5, 6, 7, 8, 9, 1, 2, 3, 4, 5, 6, 7, 8, 9], ""eps2"": 6, ""distance_median"": 0.3349704159550037}"
479,rflbat,rflbat_first_distance_filter,"[0, 76, 78, 9, 69, 10, 42, 85, 65, 94, 76, 78, 9, 69, 10, 42, 85, 65, 94]",[],"{""accepted_indices"": [0, 1, 2, 3, 4, 5, 6, 7, 8, 9, 1, 2, 3, 4, 5, 6, 7, 8, 9], ""eps1"": 10, ""distance_median"": 0.2564107334604387}"
479,rflbat,rflbat_cluster_filter,"[0, 76, 78, 9, 69, 10, 42, 85, 65, 94, 76, 78, 9, 69, 10, 42, 85, 65, 94]",[],"{""accepted_indices"": [0, 1, 2, 3, 4, 5, 6, 7, 8, 9, 1, 2, 3, 4, 5, 6, 7, 8, 9], ""num_clusters"": 1, ""cluster_scores"": [0.10178607325838629]}"
479,rflbat,rflbat_final_distance_filter,"[0, 76, 78, 9, 69, 10, 42, 85, 65, 94]",[],"{""accepted_indices"": [0, 1, 2, 3, 4, 5, 6, 7, 8, 9, 1, 2, 3, 4, 5, 6, 7, 8, 9], ""eps2"": 6, ""distance_median"": 0.4721528161161999}"
480,rflbat,rflbat_first_distance_filter,"[4, 56, 71, 57, 34, 51, 86, 60, 39, 94, 56, 71, 57, 34, 51, 86, 60, 39, 94]",[],"{""accepted_indices"": [0, 1, 2, 3, 4, 5, 6, 7, 8, 9, 1, 2, 3, 4, 5, 6, 7, 8, 9], ""eps1"": 10, ""distance_median"": 0.10117257119344714}"
480,rflbat,rflbat_cluster_filter,"[4, 71, 57, 34, 51, 86, 60, 39, 94, 71, 57, 34, 51, 86, 60, 39, 94]",[56],"{""accepted_indices"": [0, 2, 3, 4, 5, 6, 7, 8, 9, 2, 3, 4, 5, 6, 7, 8, 9], ""num_clusters"": 2, ""cluster_scores"": [0.09572403938975296, 1.0000000000006752]}"
480,rflbat,rflbat_final_distance_filter,"[4, 71, 57, 34, 51, 86, 60, 39, 94]",[56],"{""accepted_indices"": [0, 2, 3, 4, 5, 6, 7, 8, 9, 2, 3, 4, 5, 6, 7, 8, 9], ""eps2"": 6, ""distance_median"": 0.134502536798938}"
481,rflbat,rflbat_first_distance_filter,"[2, 14, 71, 84, 66, 13, 37, 23, 93, 75, 14, 71, 84, 66, 13, 37, 23, 93, 75]",[],"{""accepted_indices"": [0, 1, 2, 3, 4, 5, 6, 7, 8, 9, 1, 2, 3, 4, 5, 6, 7, 8, 9], ""eps1"": 10, ""distance_median"": 0.1475169028361456}"
481,rflbat,rflbat_cluster_filter,"[2, 14, 71, 84, 66, 13, 37, 23, 93, 75, 14, 71, 84, 66, 13, 37, 23, 93, 75]",[],"{""accepted_indices"": [0, 1, 2, 3, 4, 5, 6, 7, 8, 9, 1, 2, 3, 4, 5, 6, 7, 8, 9], ""num_clusters"": 1, ""cluster_scores"": [0.1806872618073044]}"
481,rflbat,rflbat_final_distance_filter,"[2, 14, 71, 84, 66, 13, 37, 23, 93, 75]",[],"{""accepted_indices"": [0, 1, 2, 3, 4, 5, 6, 7, 8, 9, 1, 2, 3, 4, 5, 6, 7, 8, 9], ""eps2"": 6, ""distance_median"": 0.29276926268335246}"
482,rflbat,rflbat_first_distance_filter,"[3, 0, 98, 83, 39, 44, 16, 18, 48, 86, 0, 98, 83, 39, 44, 16, 18, 48, 86]",[],"{""accepted_indices"": [0, 1, 2, 3, 4, 5, 6, 7, 8, 9, 1, 2, 3, 4, 5, 6, 7, 8, 9], ""eps1"": 10, ""distance_median"": 0.1588718317127349}"
482,rflbat,rflbat_cluster_filter,"[3, 0, 98, 83, 39, 44, 16, 18, 86, 0, 98, 83, 39, 44, 16, 18, 86]",[48],"{""accepted_indices"": [0, 1, 2, 3, 4, 5, 6, 7, 9, 1, 2, 3, 4, 5, 6, 7, 9], ""num_clusters"": 2, ""cluster_scores"": [0.19997833464057965, 1.0000000000009324]}"
482,rflbat,rflbat_final_distance_filter,"[3, 0, 98, 83, 39, 44, 16, 18, 86]",[48],"{""accepted_indices"": [0, 1, 2, 3, 4, 5, 6, 7, 9, 1, 2, 3, 4, 5, 6, 7, 9], ""eps2"": 6, ""distance_median"": 0.174708868389281}"
483,rflbat,rflbat_first_distance_filter,"[4, 64, 35, 40, 82, 98, 14, 25, 10, 70, 64, 35, 40, 82, 98, 14, 25, 10, 70]",[],"{""accepted_indices"": [0, 1, 2, 3, 4, 5, 6, 7, 8, 9, 1, 2, 3, 4, 5, 6, 7, 8, 9], ""eps1"": 10, ""distance_median"": 0.16588811552448052}"
483,rflbat,rflbat_cluster_filter,"[4, 64, 35, 40, 82, 98, 14, 25, 10, 70, 64, 35, 40, 82, 98, 14, 25, 10, 70]",[],"{""accepted_indices"": [0, 1, 2, 3, 4, 5, 6, 7, 8, 9, 1, 2, 3, 4, 5, 6, 7, 8, 9], ""num_clusters"": 1, ""cluster_scores"": [0.10904680900771337]}"
483,rflbat,rflbat_final_distance_filter,"[4, 64, 35, 40, 82, 98, 14, 25, 10, 70]",[],"{""accepted_indices"": [0, 1, 2, 3, 4, 5, 6, 7, 8, 9, 1, 2, 3, 4, 5, 6, 7, 8, 9], ""eps2"": 6, ""distance_median"": 0.27043749270837975}"
484,rflbat,rflbat_first_distance_filter,"[1, 34, 37, 81, 57, 55, 27, 7, 16, 9, 34, 37, 81, 57, 55, 27, 7, 16, 9]",[],"{""accepted_indices"": [0, 1, 2, 3, 4, 5, 6, 7, 8, 9, 1, 2, 3, 4, 5, 6, 7, 8, 9], ""eps1"": 10, ""distance_median"": 0.11830578624967851}"
484,rflbat,rflbat_cluster_filter,"[1, 34, 37, 81, 57, 55, 27, 7, 16, 9, 34, 37, 81, 57, 55, 27, 7, 16, 9]",[],"{""accepted_indices"": [0, 1, 2, 3, 4, 5, 6, 7, 8, 9, 1, 2, 3, 4, 5, 6, 7, 8, 9], ""num_clusters"": 1, ""cluster_scores"": [0.1278849507653751]}"
484,rflbat,rflbat_final_distance_filter,"[1, 34, 37, 81, 57, 55, 27, 7, 16, 9]",[],"{""accepted_indices"": [0, 1, 2, 3, 4, 5, 6, 7, 8, 9, 1, 2, 3, 4, 5, 6, 7, 8, 9], ""eps2"": 6, ""distance_median"": 0.23898192799714452}"
485,rflbat,rflbat_first_distance_filter,"[1, 28, 44, 82, 55, 10, 87, 3, 20, 69, 28, 44, 82, 55, 10, 87, 3, 20, 69]",[],"{""accepted_indices"": [0, 1, 2, 3, 4, 5, 6, 7, 8, 9, 1, 2, 3, 4, 5, 6, 7, 8, 9], ""eps1"": 10, ""distance_median"": 0.14325922446761835}"
485,rflbat,rflbat_cluster_filter,"[1, 28, 44, 82, 55, 87, 3, 20, 69, 28, 44, 82, 55, 87, 3, 20, 69]",[10],"{""accepted_indices"": [0, 1, 2, 3, 4, 6, 7, 8, 9, 1, 2, 3, 4, 6, 7, 8, 9], ""num_clusters"": 2, ""cluster_scores"": [0.1443752764069386, 1.0000000000016522]}"
485,rflbat,rflbat_final_distance_filter,"[1, 28, 44, 82, 55, 87, 3, 20, 69]",[10],"{""accepted_indices"": [0, 1, 2, 3, 4, 6, 7, 8, 9, 1, 2, 3, 4, 6, 7, 8, 9], ""eps2"": 6, ""distance_median"": 0.18421773267165958}"
486,rflbat,rflbat_first_distance_filter,"[3, 70, 49, 67, 56, 54, 73, 12, 31, 59, 70, 49, 67, 56, 54, 73, 12, 31, 59]",[],"{""accepted_indices"": [0, 1, 2, 3, 4, 5, 6, 7, 8, 9, 1, 2, 3, 4, 5, 6, 7, 8, 9], ""eps1"": 10, ""distance_median"": 0.18229630558559107}"
486,rflbat,rflbat_cluster_filter,"[3, 70, 49, 67, 56, 54, 73, 12, 31, 59, 70, 49, 67, 56, 54, 73, 12, 31, 59]",[],"{""accepted_indices"": [0, 1, 2, 3, 4, 5, 6, 7, 8, 9, 1, 2, 3, 4, 5, 6, 7, 8, 9], ""num_clusters"": 1, ""cluster_scores"": [0.08606216735285412]}"
486,rflbat,rflbat_final_distance_filter,"[3, 70, 49, 67, 56, 54, 73, 12, 31, 59]",[],"{""accepted_indices"": [0, 1, 2, 3, 4, 5, 6, 7, 8, 9, 1, 2, 3, 4, 5, 6, 7, 8, 9], ""eps2"": 6, ""distance_median"": 0.3625370799208162}"
487,rflbat,rflbat_first_distance_filter,"[4, 69, 11, 7, 76, 40, 96, 29, 92, 55, 69, 11, 7, 76, 40, 96, 29, 92, 55]",[],"{""accepted_indices"": [0, 1, 2, 3, 4, 5, 6, 7, 8, 9, 1, 2, 3, 4, 5, 6, 7, 8, 9], ""eps1"": 10, ""distance_median"": 0.10288420390172184}"
487,rflbat,rflbat_cluster_filter,"[4, 69, 11, 7, 76, 40, 96, 29, 92, 55, 69, 11, 7, 76, 40, 96, 29, 92, 55]",[],"{""accepted_indices"": [0, 1, 2, 3, 4, 5, 6, 7, 8, 9, 1, 2, 3, 4, 5, 6, 7, 8, 9], ""num_clusters"": 1, ""cluster_scores"": [0.07716439325251714]}"
487,rflbat,rflbat_final_distance_filter,"[4, 69, 11, 7, 76, 40, 96, 29, 92, 55]",[],"{""accepted_indices"": [0, 1, 2, 3, 4, 5, 6, 7, 8, 9, 1, 2, 3, 4, 5, 6, 7, 8, 9], ""eps2"": 6, ""distance_median"": 0.20556264005389008}"
488,rflbat,rflbat_first_distance_filter,"[3, 59, 64, 41, 90, 18, 28, 73, 32, 44, 59, 64, 41, 90, 18, 28, 73, 32, 44]",[],"{""accepted_indices"": [0, 1, 2, 3, 4, 5, 6, 7, 8, 9, 1, 2, 3, 4, 5, 6, 7, 8, 9], ""eps1"": 10, ""distance_median"": 0.18630433538614327}"
488,rflbat,rflbat_cluster_filter,"[3, 59, 64, 41, 90, 18, 28, 73, 32, 44, 59, 64, 41, 90, 18, 28, 73, 32, 44]",[],"{""accepted_indices"": [0, 1, 2, 3, 4, 5, 6, 7, 8, 9, 1, 2, 3, 4, 5, 6, 7, 8, 9], ""num_clusters"": 1, ""cluster_scores"": [0.1281995556593542]}"
488,rflbat,rflbat_final_distance_filter,"[3, 59, 64, 41, 90, 18, 28, 73, 32, 44]",[],"{""accepted_indices"": [0, 1, 2, 3, 4, 5, 6, 7, 8, 9, 1, 2, 3, 4, 5, 6, 7, 8, 9], ""eps2"": 6, ""distance_median"": 0.37204383152125464}"
489,rflbat,rflbat_first_distance_filter,"[1, 41, 72, 28, 30, 25, 40, 14, 76, 86, 41, 72, 28, 30, 25, 40, 14, 76, 86]",[],"{""accepted_indices"": [0, 1, 2, 3, 4, 5, 6, 7, 8, 9, 1, 2, 3, 4, 5, 6, 7, 8, 9], ""eps1"": 10, ""distance_median"": 0.11636963968347483}"
489,rflbat,rflbat_cluster_filter,"[1, 41, 72, 28, 30, 25, 40, 14, 76, 86, 41, 72, 28, 30, 25, 40, 14, 76, 86]",[],"{""accepted_indices"": [0, 1, 2, 3, 4, 5, 6, 7, 8, 9, 1, 2, 3, 4, 5, 6, 7, 8, 9], ""num_clusters"": 1, ""cluster_scores"": [0.11843483318549415]}"
489,rflbat,rflbat_final_distance_filter,"[1, 41, 72, 28, 30, 25, 40, 14, 76, 86]",[],"{""accepted_indices"": [0, 1, 2, 3, 4, 5, 6, 7, 8, 9, 1, 2, 3, 4, 5, 6, 7, 8, 9], ""eps2"": 6, ""distance_median"": 0.2409874732426802}"
490,rflbat,rflbat_first_distance_filter,"[1, 78, 30, 14, 81, 9, 36, 94, 25, 60, 78, 30, 14, 81, 9, 36, 94, 25, 60]",[],"{""accepted_indices"": [0, 1, 2, 3, 4, 5, 6, 7, 8, 9, 1, 2, 3, 4, 5, 6, 7, 8, 9], ""eps1"": 10, ""distance_median"": 0.11287238477162581}"
490,rflbat,rflbat_cluster_filter,"[1, 78, 30, 14, 81, 9, 36, 94, 60, 78, 30, 14, 81, 9, 36, 94, 60]",[25],"{""accepted_indices"": [0, 1, 2, 3, 4, 5, 6, 7, 9, 1, 2, 3, 4, 5, 6, 7, 9], ""num_clusters"": 2, ""cluster_scores"": [0.1017733505505495, 1.0000000000006677]}"
490,rflbat,rflbat_final_distance_filter,"[1, 78, 30, 14, 81, 9, 36, 94, 60]",[25],"{""accepted_indices"": [0, 1, 2, 3, 4, 5, 6, 7, 9, 1, 2, 3, 4, 5, 6, 7, 9], ""eps2"": 6, ""distance_median"": 0.16355266899515672}"
491,rflbat,rflbat_first_distance_filter,"[0, 38, 48, 69, 52, 2, 83, 46, 61, 26, 38, 48, 69, 52, 2, 83, 46, 61, 26]",[],"{""accepted_indices"": [0, 1, 2, 3, 4, 5, 6, 7, 8, 9, 1, 2, 3, 4, 5, 6, 7, 8, 9], ""eps1"": 10, ""distance_median"": 0.27506430593456693}"
491,rflbat,rflbat_cluster_filter,"[0, 38, 48, 69, 52, 2, 83, 46, 61, 26, 38, 48, 69, 52, 2, 83, 46, 61, 26]",[],"{""accepted_indices"": [0, 1, 2, 3, 4, 5, 6, 7, 8, 9, 1, 2, 3, 4, 5, 6, 7, 8, 9], ""num_clusters"": 1, ""cluster_scores"": [0.10871494387147225]}"
491,rflbat,rflbat_final_distance_filter,"[0, 38, 48, 69, 52, 2, 83, 46, 61, 26]",[],"{""accepted_indices"": [0, 1, 2, 3, 4, 5, 6, 7, 8, 9, 1, 2, 3, 4, 5, 6, 7, 8, 9], ""eps2"": 6, ""distance_median"": 0.534787767464554}"
492,rflbat,rflbat_first_distance_filter,"[3, 89, 87, 78, 93, 92, 32, 12, 66, 63, 89, 87, 78, 93, 92, 32, 12, 66, 63]",[],"{""accepted_indices"": [0, 1, 2, 3, 4, 5, 6, 7, 8, 9, 1, 2, 3, 4, 5, 6, 7, 8, 9], ""eps1"": 10, ""distance_median"": 0.08884905825245903}"
492,rflbat,rflbat_cluster_filter,"[3, 89, 87, 78, 93, 92, 32, 12, 66, 63, 89, 87, 78, 93, 92, 32, 12, 66, 63]",[],"{""accepted_indices"": [0, 1, 2, 3, 4, 5, 6, 7, 8, 9, 1, 2, 3, 4, 5, 6, 7, 8, 9], ""num_clusters"": 1, ""cluster_scores"": [0.13055605211093305]}"
492,rflbat,rflbat_final_distance_filter,"[3, 89, 87, 78, 93, 92, 32, 12, 66, 63]",[],"{""accepted_indices"": [0, 1, 2, 3, 4, 5, 6, 7, 8, 9, 1, 2, 3, 4, 5, 6, 7, 8, 9], ""eps2"": 6, ""distance_median"": 0.17257664064160005}"
493,rflbat,rflbat_first_distance_filter,"[4, 86, 25, 23, 52, 41, 38, 26, 31, 51, 86, 25, 23, 52, 41, 38, 26, 31, 51]",[],"{""accepted_indices"": [0, 1, 2, 3, 4, 5, 6, 7, 8, 9, 1, 2, 3, 4, 5, 6, 7, 8, 9], ""eps1"": 10, ""distance_median"": 0.3417407146556992}"
493,rflbat,rflbat_cluster_filter,"[4, 86, 25, 23, 52, 41, 38, 26, 31, 51, 86, 25, 23, 52, 41, 38, 26, 31, 51]",[],"{""accepted_indices"": [0, 1, 2, 3, 4, 5, 6, 7, 8, 9, 1, 2, 3, 4, 5, 6, 7, 8, 9], ""num_clusters"": 1, ""cluster_scores"": [0.13380592481803816]}"
493,rflbat,rflbat_final_distance_filter,"[4, 86, 25, 23, 52, 41, 38, 31, 51]",[26],"{""accepted_indices"": [0, 1, 2, 3, 4, 5, 6, 8, 9, 1, 2, 3, 4, 5, 6, 8, 9], ""eps2"": 6, ""distance_median"": 0.6287950891022298}"
494,rflbat,rflbat_first_distance_filter,"[4, 96, 37, 85, 89, 77, 1, 98, 40, 32, 96, 37, 85, 89, 77, 1, 98, 40, 32]",[],"{""accepted_indices"": [0, 1, 2, 3, 4, 5, 6, 7, 8, 9, 1, 2, 3, 4, 5, 6, 7, 8, 9], ""eps1"": 10, ""distance_median"": 0.14363036706678453}"
494,rflbat,rflbat_cluster_filter,"[4, 96, 37, 85, 89, 77, 1, 98, 40, 32, 96, 37, 85, 89, 77, 1, 98, 40, 32]",[],"{""accepted_indices"": [0, 1, 2, 3, 4, 5, 6, 7, 8, 9, 1, 2, 3, 4, 5, 6, 7, 8, 9], ""num_clusters"": 1, ""cluster_scores"": [0.09382147273295159]}"
494,rflbat,rflbat_final_distance_filter,"[4, 96, 37, 85, 89, 77, 1, 98, 40, 32]",[],"{""accepted_indices"": [0, 1, 2, 3, 4, 5, 6, 7, 8, 9, 1, 2, 3, 4, 5, 6, 7, 8, 9], ""eps2"": 6, ""distance_median"": 0.2909995470500689}"
495,rflbat,rflbat_first_distance_filter,"[1, 15, 59, 79, 19, 0, 61, 14, 60, 36, 15, 59, 79, 19, 0, 61, 14, 60, 36]",[],"{""accepted_indices"": [0, 1, 2, 3, 4, 5, 6, 7, 8, 9, 1, 2, 3, 4, 5, 6, 7, 8, 9], ""eps1"": 10, ""distance_median"": 0.12532744230815918}"
495,rflbat,rflbat_cluster_filter,"[1, 15, 59, 79, 19, 0, 61, 14, 60, 36, 15, 59, 79, 19, 0, 61, 14, 60, 36]",[],"{""accepted_indices"": [0, 1, 2, 3, 4, 5, 6, 7, 8, 9, 1, 2, 3, 4, 5, 6, 7, 8, 9], ""num_clusters"": 1, ""cluster_scores"": [0.1455935053307851]}"
495,rflbat,rflbat_final_distance_filter,"[1, 15, 59, 79, 19, 0, 61, 14, 60, 36]",[],"{""accepted_indices"": [0, 1, 2, 3, 4, 5, 6, 7, 8, 9, 1, 2, 3, 4, 5, 6, 7, 8, 9], ""eps2"": 6, ""distance_median"": 0.2536722621810927}"
496,rflbat,rflbat_first_distance_filter,"[2, 85, 88, 39, 47, 40, 68, 16, 22, 24, 85, 88, 39, 47, 40, 68, 16, 22, 24]",[],"{""accepted_indices"": [0, 1, 2, 3, 4, 5, 6, 7, 8, 9, 1, 2, 3, 4, 5, 6, 7, 8, 9], ""eps1"": 10, ""distance_median"": 0.1572670850968731}"
496,rflbat,rflbat_cluster_filter,"[2, 85, 88, 39, 47, 40, 68, 16, 22, 24, 85, 88, 39, 47, 40, 68, 16, 22, 24]",[],"{""accepted_indices"": [0, 1, 2, 3, 4, 5, 6, 7, 8, 9, 1, 2, 3, 4, 5, 6, 7, 8, 9], ""num_clusters"": 1, ""cluster_scores"": [0.12248898329739184]}"
496,rflbat,rflbat_final_distance_filter,"[2, 85, 88, 39, 47, 40, 68, 16, 22, 24]",[],"{""accepted_indices"": [0, 1, 2, 3, 4, 5, 6, 7, 8, 9, 1, 2, 3, 4, 5, 6, 7, 8, 9], ""eps2"": 6, ""distance_median"": 0.3132803730135119}"
497,rflbat,rflbat_first_distance_filter,"[3, 70, 60, 68, 32, 95, 9, 98, 77, 80, 70, 60, 68, 32, 95, 9, 98, 77, 80]",[],"{""accepted_indices"": [0, 1, 2, 3, 4, 5, 6, 7, 8, 9, 1, 2, 3, 4, 5, 6, 7, 8, 9], ""eps1"": 10, ""distance_median"": 0.19167579289644998}"
497,rflbat,rflbat_cluster_filter,"[3, 70, 60, 68, 32, 95, 9, 98, 77, 80, 70, 60, 68, 32, 95, 9, 98, 77, 80]",[],"{""accepted_indices"": [0, 1, 2, 3, 4, 5, 6, 7, 8, 9, 1, 2, 3, 4, 5, 6, 7, 8, 9], ""num_clusters"": 1, ""cluster_scores"": [0.13818167116627825]}"
497,rflbat,rflbat_final_distance_filter,"[3, 70, 60, 68, 32, 95, 9, 98, 77, 80]",[],"{""accepted_indices"": [0, 1, 2, 3, 4, 5, 6, 7, 8, 9, 1, 2, 3, 4, 5, 6, 7, 8, 9], ""eps2"": 6, ""distance_median"": 0.382472562599473}"
498,rflbat,rflbat_first_distance_filter,"[3, 77, 11, 55, 94, 63, 66, 34, 74, 97, 77, 11, 55, 94, 63, 66, 34, 74, 97]",[],"{""accepted_indices"": [0, 1, 2, 3, 4, 5, 6, 7, 8, 9, 1, 2, 3, 4, 5, 6, 7, 8, 9], ""eps1"": 10, ""distance_median"": 0.14023094234606287}"
498,rflbat,rflbat_cluster_filter,"[3, 77, 11, 55, 94, 63, 66, 34, 74, 97, 77, 11, 55, 94, 63, 66, 34, 74, 97]",[],"{""accepted_indices"": [0, 1, 2, 3, 4, 5, 6, 7, 8, 9, 1, 2, 3, 4, 5, 6, 7, 8, 9], ""num_clusters"": 1, ""cluster_scores"": [0.11447953466434006]}"
498,rflbat,rflbat_final_distance_filter,"[3, 77, 11, 55, 94, 63, 66, 34, 74, 97]",[],"{""accepted_indices"": [0, 1, 2, 3, 4, 5, 6, 7, 8, 9, 1, 2, 3, 4, 5, 6, 7, 8, 9], ""eps2"": 6, ""distance_median"": 0.27500130715866833}"
499,rflbat,rflbat_first_distance_filter,"[4, 99, 70, 64, 2, 57, 80, 27, 9, 18, 99, 70, 64, 2, 57, 80, 27, 9, 18]",[],"{""accepted_indices"": [0, 1, 2, 3, 4, 5, 6, 7, 8, 9, 1, 2, 3, 4, 5, 6, 7, 8, 9], ""eps1"": 10, ""distance_median"": 0.14587089403416315}"
499,rflbat,rflbat_cluster_filter,"[4, 99, 70, 64, 2, 57, 80, 27, 9, 18, 99, 70, 64, 2, 57, 80, 27, 9, 18]",[],"{""accepted_indices"": [0, 1, 2, 3, 4, 5, 6, 7, 8, 9, 1, 2, 3, 4, 5, 6, 7, 8, 9], ""num_clusters"": 1, ""cluster_scores"": [0.08854044331070796]}"
499,rflbat,rflbat_final_distance_filter,"[4, 99, 70, 64, 2, 57, 80, 27, 9, 18]",[],"{""accepted_indices"": [0, 1, 2, 3, 4, 5, 6, 7, 8, 9, 1, 2, 3, 4, 5, 6, 7, 8, 9], ""eps2"": 6, ""distance_median"": 0.22235348695803292}"
500,rflbat,rflbat_first_distance_filter,"[0, 85, 63, 12, 71, 80, 70, 26, 14, 75, 85, 63, 12, 71, 80, 70, 26, 14, 75]",[],"{""accepted_indices"": [0, 1, 2, 3, 4, 5, 6, 7, 8, 9, 1, 2, 3, 4, 5, 6, 7, 8, 9], ""eps1"": 10, ""distance_median"": 0.1904483679379805}"
500,rflbat,rflbat_cluster_filter,"[0, 85, 63, 12, 71, 80, 70, 14, 75, 85, 63, 12, 71, 80, 70, 14, 75]",[26],"{""accepted_indices"": [0, 1, 2, 3, 4, 5, 6, 8, 9, 1, 2, 3, 4, 5, 6, 8, 9], ""num_clusters"": 2, ""cluster_scores"": [0.13345460229297668, 1.0000000000036031]}"
500,rflbat,rflbat_final_distance_filter,"[0, 85, 63, 12, 71, 80, 70, 14, 75]",[26],"{""accepted_indices"": [0, 1, 2, 3, 4, 5, 6, 8, 9, 1, 2, 3, 4, 5, 6, 8, 9], ""eps2"": 6, ""distance_median"": 0.18675730525326903}"
