epoch,method,stage,selected,rejected,human
1,rflbat,rflbat_first_distance_filter,"[3, 71, 32, 58, 4, 24, 62, 67, 43, 29, 71, 32, 58, 4, 24, 62, 67, 43, 29]",[],"{""accepted_indices"": [0, 1, 2, 3, 4, 5, 6, 7, 8, 9, 1, 2, 3, 4, 5, 6, 7, 8, 9], ""eps1"": 10, ""distance_median"": 1.9361584749665193}"
1,rflbat,rflbat_cluster_filter,"[3, 71, 32, 58, 4, 24, 62, 67, 43, 29, 71, 32, 58, 4, 24, 62, 67, 43, 29]",[],"{""accepted_indices"": [0, 1, 2, 3, 4, 5, 6, 7, 8, 9, 1, 2, 3, 4, 5, 6, 7, 8, 9], ""num_clusters"": 1, ""cluster_scores"": [0.13791195799782266]}"
1,rflbat,rflbat_final_distance_filter,"[71, 32, 58, 4, 24, 62, 67, 43, 29]",[3],"{""accepted_indices"": [1, 2, 3, 4, 5, 6, 7, 8, 9, 1, 2, 3, 4, 5, 6, 7, 8, 9], ""eps2"": 6, ""distance_median"": 2.8064544377220537}"
2,rflbat,rflbat_first_distance_filter,"[0, 30, 57, 86, 66, 85, 54, 99, 23, 53, 30, 57, 86, 66, 85, 54, 99, 23, 53]",[],"{""accepted_indices"": [0, 1, 2, 3, 4, 5, 6, 7, 8, 9, 1, 2, 3, 4, 5, 6, 7, 8, 9], ""eps1"": 10, ""distance_median"": 1.2537290129036802}"
2,rflbat,rflbat_cluster_filter,"[30, 57, 86, 66, 85, 99, 23, 53, 30, 57, 86, 66, 85, 99, 23, 53]","[0, 54]","{""accepted_indices"": [1, 2, 3, 4, 5, 7, 8, 9, 1, 2, 3, 4, 5, 7, 8, 9], ""num_clusters"": 3, ""cluster_scores"": [1.0000000000014448, 1, 0.1806646580070027]}"
2,rflbat,rflbat_final_distance_filter,"[30, 57, 86, 66, 85, 99, 23, 53]","[0, 54]","{""accepted_indices"": [1, 2, 3, 4, 5, 7, 8, 9, 1, 2, 3, 4, 5, 7, 8, 9], ""eps2"": 6, ""distance_median"": 0.10036284111263863}"
3,rflbat,rflbat_first_distance_filter,"[2, 39, 9, 63, 48, 35, 87, 5, 13, 50, 39, 9, 63, 48, 35, 87, 5, 13, 50]",[],"{""accepted_indices"": [0, 1, 2, 3, 4, 5, 6, 7, 8, 9, 1, 2, 3, 4, 5, 6, 7, 8, 9], ""eps1"": 10, ""distance_median"": 1.024354281625832}"
3,rflbat,rflbat_cluster_filter,"[2, 39, 9, 63, 48, 35, 87, 5, 13, 50, 39, 9, 63, 48, 35, 87, 5, 13, 50]",[],"{""accepted_indices"": [0, 1, 2, 3, 4, 5, 6, 7, 8, 9, 1, 2, 3, 4, 5, 6, 7, 8, 9], ""num_clusters"": 1, ""cluster_scores"": [0.11626893962670286]}"
3,rflbat,rflbat_final_distance_filter,"[39, 9, 63, 48, 35, 87, 5, 13, 50]",[2],"{""accepted_indices"": [1, 2, 3, 4, 5, 6, 7, 8, 9, 1, 2, 3, 4, 5, 6, 7, 8, 9], ""eps2"": 6, ""distance_median"": 1.1851217549314648}"
4,rflbat,rflbat_first_distance_filter,"[1, 98, 26, 62, 6, 55, 78, 43, 84, 14, 98, 26, 62, 6, 55, 78, 43, 84, 14]",[],"{""accepted_indices"": [0, 1, 2, 3, 4, 5, 6, 7, 8, 9, 1, 2, 3, 4, 5, 6, 7, 8, 9], ""eps1"": 10, ""distance_median"": 0.843501326546136}"
4,rflbat,rflbat_cluster_filter,"[1, 98, 26, 62, 6, 55, 78, 43, 84, 14, 98, 26, 62, 6, 55, 78, 43, 84, 14]",[],"{""accepted_indices"": [0, 1, 2, 3, 4, 5, 6, 7, 8, 9, 1, 2, 3, 4, 5, 6, 7, 8, 9], ""num_clusters"": 1, ""cluster_scores"": [0.1353456900050197]}"
4,rflbat,rflbat_final_distance_filter,"[98, 26, 62, 6, 55, 78, 43, 84, 14]",[1],"{""accepted_indices"": [1, 2, 3, 4, 5, 6, 7, 8, 9, 1, 2, 3, 4, 5, 6, 7, 8, 9], ""eps2"": 6, ""distance_median"": 0.9306029125105508}"
5,rflbat,rflbat_first_distance_filter,"[1, 93, 34, 19, 5, 40, 81, 43, 63, 67, 93, 34, 19, 5, 40, 81, 43, 63, 67]",[],"{""accepted_indices"": [0, 1, 2, 3, 4, 5, 6, 7, 8, 9, 1, 2, 3, 4, 5, 6, 7, 8, 9], ""eps1"": 10, ""distance_median"": 0.8749715033402741}"
5,rflbat,rflbat_cluster_filter,"[1, 93, 34, 19, 5, 40, 81, 43, 63, 67, 93, 34, 19, 5, 40, 81, 43, 63, 67]",[],"{""accepted_indices"": [0, 1, 2, 3, 4, 5, 6, 7, 8, 9, 1, 2, 3, 4, 5, 6, 7, 8, 9], ""num_clusters"": 1, ""cluster_scores"": [0.10196523827352179]}"
5,rflbat,rflbat_final_distance_filter,"[93, 34, 19, 5, 40, 81, 43, 63, 67]",[1],"{""accepted_indices"": [1, 2, 3, 4, 5, 6, 7, 8, 9, 1, 2, 3, 4, 5, 6, 7, 8, 9], ""eps2"": 6, ""distance_median"": 0.9811443111676492}"
6,rflbat,rflbat_first_distance_filter,"[2, 38, 3, 97, 19, 60, 57, 50, 8, 15, 38, 3, 97, 19, 60, 57, 50, 8, 15]",[],"{""accepted_indices"": [0, 1, 2, 3, 4, 5, 6, 7, 8, 9, 1, 2, 3, 4, 5, 6, 7, 8, 9], ""eps1"": 10, ""distance_median"": 1.7956650263027498}"
6,rflbat,rflbat_cluster_filter,"[38, 97, 19, 60, 57, 50, 38, 97, 19, 60, 57, 50]","[2, 3, 8, 15]","{""accepted_indices"": [1, 3, 4, 5, 6, 7, 1, 3, 4, 5, 6, 7], ""num_clusters"": 4, ""cluster_scores"": [0.15356205541675325, 0.9999999999993475, 1, 0.6731023611279432]}"
6,rflbat,rflbat_final_distance_filter,"[38, 97, 19, 60, 57, 50]","[2, 3, 8, 15]","{""accepted_indices"": [1, 3, 4, 5, 6, 7, 1, 3, 4, 5, 6, 7], ""eps2"": 6, ""distance_median"": 0.018622329124898345}"
7,rflbat,rflbat_first_distance_filter,"[3, 80, 92, 36, 93, 14, 37, 68, 67, 15, 80, 92, 36, 93, 14, 37, 68, 67, 15]",[],"{""accepted_indices"": [0, 1, 2, 3, 4, 5, 6, 7, 8, 9, 1, 2, 3, 4, 5, 6, 7, 8, 9], ""eps1"": 10, ""distance_median"": 1.08736764142487}"
7,rflbat,rflbat_cluster_filter,"[3, 80, 92, 36, 93, 14, 37, 68, 67, 15, 80, 92, 36, 93, 14, 37, 68, 67, 15]",[],"{""accepted_indices"": [0, 1, 2, 3, 4, 5, 6, 7, 8, 9, 1, 2, 3, 4, 5, 6, 7, 8, 9], ""num_clusters"": 1, ""cluster_scores"": [0.1040272556031899]}"
7,rflbat,rflbat_final_distance_filter,"[80, 92, 36, 93, 14, 37, 68, 67, 15]",[3],"{""accepted_indices"": [1, 2, 3, 4, 5, 6, 7, 8, 9, 1, 2, 3, 4, 5, 6, 7, 8, 9], ""eps2"": 6, ""distance_median"": 1.192094289678751}"
8,rflbat,rflbat_first_distance_filter,"[1, 39, 33, 92, 44, 95, 61, 42, 84, 78, 39, 33, 92, 44, 95, 61, 42, 84, 78]",[],"{""accepted_indices"": [0, 1, 2, 3, 4, 5, 6, 7, 8, 9, 1, 2, 3, 4, 5, 6, 7, 8, 9], ""eps1"": 10, ""distance_median"": 0.9603827343852015}"
8,rflbat,rflbat_cluster_filter,"[1, 39, 33, 92, 44, 95, 61, 42, 84, 78, 39, 33, 92, 44, 95, 61, 42, 84, 78]",[],"{""accepted_indices"": [0, 1, 2, 3, 4, 5, 6, 7, 8, 9, 1, 2, 3, 4, 5, 6, 7, 8, 9], ""num_clusters"": 1, ""cluster_scores"": [0.13155884163740444]}"
8,rflbat,rflbat_final_distance_filter,"[39, 33, 92, 44, 95, 61, 42, 84, 78]",[1],"{""accepted_indices"": [1, 2, 3, 4, 5, 6, 7, 8, 9, 1, 2, 3, 4, 5, 6, 7, 8, 9], ""eps2"": 6, ""distance_median"": 1.1275877707446005}"
9,rflbat,rflbat_first_distance_filter,"[2, 91, 18, 4, 6, 85, 82, 45, 7, 24, 91, 18, 4, 6, 85, 82, 45, 7, 24]",[],"{""accepted_indices"": [0, 1, 2, 3, 4, 5, 6, 7, 8, 9, 1, 2, 3, 4, 5, 6, 7, 8, 9], ""eps1"": 10, ""distance_median"": 1.7257472851664435}"
9,rflbat,rflbat_cluster_filter,"[18, 6, 82, 45, 7, 18, 6, 82, 45, 7]","[2, 91, 4, 85, 24]","{""accepted_indices"": [2, 4, 6, 7, 8, 2, 4, 6, 7, 8], ""num_clusters"": 4, ""cluster_scores"": [0.32520737083814294, 0.9999999999994421, 1, 0.21811057946133316]}"
9,rflbat,rflbat_final_distance_filter,"[18, 6, 82, 45, 7]","[2, 91, 4, 85, 24]","{""accepted_indices"": [2, 4, 6, 7, 8, 2, 4, 6, 7, 8], ""eps2"": 6, ""distance_median"": 0.026592188521779678}"
10,rflbat,rflbat_first_distance_filter,"[0, 50, 35, 20, 96, 84, 68, 21, 29, 47, 50, 35, 20, 96, 84, 68, 21, 29, 47]",[],"{""accepted_indices"": [0, 1, 2, 3, 4, 5, 6, 7, 8, 9, 1, 2, 3, 4, 5, 6, 7, 8, 9], ""eps1"": 10, ""distance_median"": 1.2215721746892565}"
10,rflbat,rflbat_cluster_filter,"[50, 35, 20, 96, 84, 68, 21, 29, 47, 50, 35, 20, 96, 84, 68, 21, 29, 47]",[0],"{""accepted_indices"": [1, 2, 3, 4, 5, 6, 7, 8, 9, 1, 2, 3, 4, 5, 6, 7, 8, 9], ""num_clusters"": 2, ""cluster_scores"": [0.11319668711763364, 1]}"
10,rflbat,rflbat_final_distance_filter,"[50, 35, 20, 96, 84, 68, 21, 29, 47]",[0],"{""accepted_indices"": [1, 2, 3, 4, 5, 6, 7, 8, 9, 1, 2, 3, 4, 5, 6, 7, 8, 9], ""eps2"": 6, ""distance_median"": 0.3152644566119707}"
11,rflbat,rflbat_first_distance_filter,"[4, 79, 55, 80, 75, 40, 51, 48, 20, 14, 79, 55, 80, 75, 40, 51, 48, 20, 14]",[],"{""accepted_indices"": [0, 1, 2, 3, 4, 5, 6, 7, 8, 9, 1, 2, 3, 4, 5, 6, 7, 8, 9], ""eps1"": 10, ""distance_median"": 1.045709304343758}"
11,rflbat,rflbat_cluster_filter,"[4, 79, 55, 80, 75, 40, 51, 48, 20, 14, 79, 55, 80, 75, 40, 51, 48, 20, 14]",[],"{""accepted_indices"": [0, 1, 2, 3, 4, 5, 6, 7, 8, 9, 1, 2, 3, 4, 5, 6, 7, 8, 9], ""num_clusters"": 1, ""cluster_scores"": [0.12461452624056375]}"
11,rflbat,rflbat_final_distance_filter,"[79, 55, 80, 75, 40, 51, 48, 20, 14]",[4],"{""accepted_indices"": [1, 2, 3, 4, 5, 6, 7, 8, 9, 1, 2, 3, 4, 5, 6, 7, 8, 9], ""eps2"": 6, ""distance_median"": 1.2482396466722359}"
12,rflbat,rflbat_first_distance_filter,"[4, 97, 5, 42, 59, 69, 28, 98, 33, 12, 97, 5, 42, 59, 69, 28, 98, 33, 12]",[],"{""accepted_indices"": [0, 1, 2, 3, 4, 5, 6, 7, 8, 9, 1, 2, 3, 4, 5, 6, 7, 8, 9], ""eps1"": 10, ""distance_median"": 0.9871536343621197}"
12,rflbat,rflbat_cluster_filter,"[4, 97, 5, 42, 59, 69, 28, 98, 33, 12, 97, 5, 42, 59, 69, 28, 98, 33, 12]",[],"{""accepted_indices"": [0, 1, 2, 3, 4, 5, 6, 7, 8, 9, 1, 2, 3, 4, 5, 6, 7, 8, 9], ""num_clusters"": 1, ""cluster_scores"": [0.09706474816861842]}"
12,rflbat,rflbat_final_distance_filter,"[97, 5, 42, 59, 69, 28, 98, 33, 12]",[4],"{""accepted_indices"": [1, 2, 3, 4, 5, 6, 7, 8, 9, 1, 2, 3, 4, 5, 6, 7, 8, 9], ""eps2"": 6, ""distance_median"": 1.1445888903111991}"
13,rflbat,rflbat_first_distance_filter,"[4, 68, 1, 25, 34, 33, 7, 44, 69, 46, 68, 1, 25, 34, 33, 7, 44, 69, 46]",[],"{""accepted_indices"": [0, 1, 2, 3, 4, 5, 6, 7, 8, 9, 1, 2, 3, 4, 5, 6, 7, 8, 9], ""eps1"": 10, ""distance_median"": 1.6963624944430553}"
13,rflbat,rflbat_cluster_filter,"[68, 25, 34, 33, 7, 44, 69, 46, 68, 25, 34, 33, 7, 44, 69, 46]","[4, 1]","{""accepted_indices"": [1, 3, 4, 5, 6, 7, 8, 9, 1, 3, 4, 5, 6, 7, 8, 9], ""num_clusters"": 3, ""cluster_scores"": [0.1409557881823873, 1.0000000000006701, 1]}"
13,rflbat,rflbat_final_distance_filter,"[68, 25, 34, 33, 7, 44, 69, 46]","[4, 1]","{""accepted_indices"": [1, 3, 4, 5, 6, 7, 8, 9, 1, 3, 4, 5, 6, 7, 8, 9], ""eps2"": 6, ""distance_median"": 0.06692222244541665}"
14,rflbat,rflbat_first_distance_filter,"[3, 72, 24, 35, 19, 32, 80, 82, 77, 61, 72, 24, 35, 19, 32, 80, 82, 77, 61]",[],"{""accepted_indices"": [0, 1, 2, 3, 4, 5, 6, 7, 8, 9, 1, 2, 3, 4, 5, 6, 7, 8, 9], ""eps1"": 10, ""distance_median"": 1.055936139490276}"
14,rflbat,rflbat_cluster_filter,"[3, 72, 24, 35, 19, 32, 80, 82, 77, 61, 72, 24, 35, 19, 32, 80, 82, 77, 61]",[],"{""accepted_indices"": [0, 1, 2, 3, 4, 5, 6, 7, 8, 9, 1, 2, 3, 4, 5, 6, 7, 8, 9], ""num_clusters"": 1, ""cluster_scores"": [0.1143201028677048]}"
14,rflbat,rflbat_final_distance_filter,"[72, 24, 35, 19, 32, 80, 82, 77, 61]",[3],"{""accepted_indices"": [1, 2, 3, 4, 5, 6, 7, 8, 9, 1, 2, 3, 4, 5, 6, 7, 8, 9], ""eps2"": 6, ""distance_median"": 1.1726906589504764}"
15,rflbat,rflbat_first_distance_filter,"[4, 9, 95, 37, 44, 59, 66, 48, 80, 90, 9, 95, 37, 44, 59, 66, 48, 80, 90]",[],"{""accepted_indices"": [0, 1, 2, 3, 4, 5, 6, 7, 8, 9, 1, 2, 3, 4, 5, 6, 7, 8, 9], ""eps1"": 10, ""distance_median"": 1.033698501307622}"
15,rflbat,rflbat_cluster_filter,"[4, 9, 95, 37, 44, 59, 66, 48, 80, 90, 9, 95, 37, 44, 59, 66, 48, 80, 90]",[],"{""accepted_indices"": [0, 1, 2, 3, 4, 5, 6, 7, 8, 9, 1, 2, 3, 4, 5, 6, 7, 8, 9], ""num_clusters"": 1, ""cluster_scores"": [0.1775528085942748]}"
15,rflbat,rflbat_final_distance_filter,"[9, 95, 37, 44, 59, 66, 48, 80, 90]",[4],"{""accepted_indices"": [1, 2, 3, 4, 5, 6, 7, 8, 9, 1, 2, 3, 4, 5, 6, 7, 8, 9], ""eps2"": 6, ""distance_median"": 1.2075697237355403}"
16,rflbat,rflbat_first_distance_filter,"[1, 8, 79, 78, 88, 26, 43, 21, 47, 10, 8, 79, 78, 88, 26, 43, 21, 47, 10]",[],"{""accepted_indices"": [0, 1, 2, 3, 4, 5, 6, 7, 8, 9, 1, 2, 3, 4, 5, 6, 7, 8, 9], ""eps1"": 10, ""distance_median"": 1.185247386790542}"
16,rflbat,rflbat_cluster_filter,"[1, 8, 79, 78, 88, 26, 43, 21, 47, 10, 8, 79, 78, 88, 26, 43, 21, 47, 10]",[],"{""accepted_indices"": [0, 1, 2, 3, 4, 5, 6, 7, 8, 9, 1, 2, 3, 4, 5, 6, 7, 8, 9], ""num_clusters"": 1, ""cluster_scores"": [0.12003134952014172]}"
16,rflbat,rflbat_final_distance_filter,"[8, 79, 78, 88, 26, 43, 21, 47, 10]",[1],"{""accepted_indices"": [1, 2, 3, 4, 5, 6, 7, 8, 9, 1, 2, 3, 4, 5, 6, 7, 8, 9], ""eps2"": 6, ""distance_median"": 1.5685993778278833}"
17,rflbat,rflbat_first_distance_filter,"[4, 17, 5, 45, 9, 8, 25, 33, 89, 10, 17, 5, 45, 9, 8, 25, 33, 89, 10]",[],"{""accepted_indices"": [0, 1, 2, 3, 4, 5, 6, 7, 8, 9, 1, 2, 3, 4, 5, 6, 7, 8, 9], ""eps1"": 10, ""distance_median"": 0.9468967553910965}"
17,rflbat,rflbat_cluster_filter,"[17, 5, 45, 9, 8, 25, 33, 89, 10, 17, 5, 45, 9, 8, 25, 33, 89, 10]",[4],"{""accepted_indices"": [1, 2, 3, 4, 5, 6, 7, 8, 9, 1, 2, 3, 4, 5, 6, 7, 8, 9], ""num_clusters"": 2, ""cluster_scores"": [0.10416444699881694, 1]}"
17,rflbat,rflbat_final_distance_filter,"[17, 5, 45, 9, 8, 25, 33, 89, 10]",[4],"{""accepted_indices"": [1, 2, 3, 4, 5, 6, 7, 8, 9, 1, 2, 3, 4, 5, 6, 7, 8, 9], ""eps2"": 6, ""distance_median"": 0.33578190237181155}"
18,rflbat,rflbat_first_distance_filter,"[4, 16, 3, 5, 10, 96, 48, 40, 59, 47, 16, 3, 5, 10, 96, 48, 40, 59, 47]",[],"{""accepted_indices"": [0, 1, 2, 3, 4, 5, 6, 7, 8, 9, 1, 2, 3, 4, 5, 6, 7, 8, 9], ""eps1"": 10, ""distance_median"": 1.6823431250035439}"
18,rflbat,rflbat_cluster_filter,"[4, 16, 3, 5, 10, 96, 48, 40, 59, 47, 16, 3, 5, 10, 96, 48, 40, 59, 47]",[],"{""accepted_indices"": [0, 1, 2, 3, 4, 5, 6, 7, 8, 9, 1, 2, 3, 4, 5, 6, 7, 8, 9], ""num_clusters"": 1, ""cluster_scores"": [0.08452295558642403]}"
18,rflbat,rflbat_final_distance_filter,"[4, 16, 3, 5, 10, 96, 48, 40, 59, 47]",[],"{""accepted_indices"": [0, 1, 2, 3, 4, 5, 6, 7, 8, 9, 1, 2, 3, 4, 5, 6, 7, 8, 9], ""eps2"": 6, ""distance_median"": 2.639875064685198}"
19,rflbat,rflbat_first_distance_filter,"[2, 83, 76, 70, 10, 14, 82, 34, 48, 63, 83, 76, 70, 10, 14, 82, 34, 48, 63]",[],"{""accepted_indices"": [0, 1, 2, 3, 4, 5, 6, 7, 8, 9, 1, 2, 3, 4, 5, 6, 7, 8, 9], ""eps1"": 10, ""distance_median"": 0.8169738775013446}"
19,rflbat,rflbat_cluster_filter,"[83, 76, 70, 10, 14, 82, 34, 48, 63, 83, 76, 70, 10, 14, 82, 34, 48, 63]",[2],"{""accepted_indices"": [1, 2, 3, 4, 5, 6, 7, 8, 9, 1, 2, 3, 4, 5, 6, 7, 8, 9], ""num_clusters"": 2, ""cluster_scores"": [0.21006946216369426, 1]}"
19,rflbat,rflbat_final_distance_filter,"[83, 76, 70, 10, 14, 82, 34, 48, 63]",[2],"{""accepted_indices"": [1, 2, 3, 4, 5, 6, 7, 8, 9, 1, 2, 3, 4, 5, 6, 7, 8, 9], ""eps2"": 6, ""distance_median"": 0.4210126623889276}"
20,rflbat,rflbat_first_distance_filter,"[1, 81, 28, 39, 88, 92, 16, 79, 5, 12, 81, 28, 39, 88, 92, 16, 79, 5, 12]",[],"{""accepted_indices"": [0, 1, 2, 3, 4, 5, 6, 7, 8, 9, 1, 2, 3, 4, 5, 6, 7, 8, 9], ""eps1"": 10, ""distance_median"": 0.7441112181500495}"
20,rflbat,rflbat_cluster_filter,"[1, 81, 28, 39, 88, 92, 16, 79, 5, 12, 81, 28, 39, 88, 92, 16, 79, 5, 12]",[],"{""accepted_indices"": [0, 1, 2, 3, 4, 5, 6, 7, 8, 9, 1, 2, 3, 4, 5, 6, 7, 8, 9], ""num_clusters"": 1, ""cluster_scores"": [0.13764906812673222]}"
20,rflbat,rflbat_final_distance_filter,"[81, 28, 39, 88, 92, 16, 79, 5, 12]",[1],"{""accepted_indices"": [1, 2, 3, 4, 5, 6, 7, 8, 9, 1, 2, 3, 4, 5, 6, 7, 8, 9], ""eps2"": 6, ""distance_median"": 0.9306606685804737}"
21,rflbat,rflbat_first_distance_filter,"[4, 19, 39, 24, 49, 17, 66, 11, 9, 42, 19, 39, 24, 49, 17, 66, 11, 9, 42]",[],"{""accepted_indices"": [0, 1, 2, 3, 4, 5, 6, 7, 8, 9, 1, 2, 3, 4, 5, 6, 7, 8, 9], ""eps1"": 10, ""distance_median"": 0.8741652263749153}"
21,rflbat,rflbat_cluster_filter,"[19, 39, 24, 49, 17, 66, 11, 9, 19, 39, 24, 49, 17, 66, 11, 9]","[4, 42]","{""accepted_indices"": [1, 2, 3, 4, 5, 6, 7, 8, 1, 2, 3, 4, 5, 6, 7, 8], ""num_clusters"": 3, ""cluster_scores"": [0.23641711851622904, 1, 1.000000000002576]}"
21,rflbat,rflbat_final_distance_filter,"[19, 39, 24, 49, 17, 66, 11, 9]","[4, 42]","{""accepted_indices"": [1, 2, 3, 4, 5, 6, 7, 8, 1, 2, 3, 4, 5, 6, 7, 8], ""eps2"": 6, ""distance_median"": 0.24140413382983178}"
22,rflbat,rflbat_first_distance_filter,"[0, 41, 83, 69, 8, 72, 19, 26, 4, 52, 41, 83, 69, 8, 72, 19, 26, 4, 52]",[],"{""accepted_indices"": [0, 1, 2, 3, 4, 5, 6, 7, 8, 9, 1, 2, 3, 4, 5, 6, 7, 8, 9], ""eps1"": 10, ""distance_median"": 1.662894928425852}"
22,rflbat,rflbat_cluster_filter,"[0, 41, 83, 69, 8, 72, 19, 26, 4, 52, 41, 83, 69, 8, 72, 19, 26, 4, 52]",[],"{""accepted_indices"": [0, 1, 2, 3, 4, 5, 6, 7, 8, 9, 1, 2, 3, 4, 5, 6, 7, 8, 9], ""num_clusters"": 1, ""cluster_scores"": [0.14538453516658312]}"
22,rflbat,rflbat_final_distance_filter,"[41, 83, 69, 8, 72, 19, 26, 4, 52]",[0],"{""accepted_indices"": [1, 2, 3, 4, 5, 6, 7, 8, 9, 1, 2, 3, 4, 5, 6, 7, 8, 9], ""eps2"": 6, ""distance_median"": 2.2790026653503594}"
23,rflbat,rflbat_first_distance_filter,"[4, 78, 92, 25, 12, 76, 24, 52, 89, 40, 78, 92, 25, 12, 76, 24, 52, 89, 40]",[],"{""accepted_indices"": [0, 1, 2, 3, 4, 5, 6, 7, 8, 9, 1, 2, 3, 4, 5, 6, 7, 8, 9], ""eps1"": 10, ""distance_median"": 0.5864924480254066}"
23,rflbat,rflbat_cluster_filter,"[4, 78, 92, 25, 12, 76, 24, 52, 89, 40, 78, 92, 25, 12, 76, 24, 52, 89, 40]",[],"{""accepted_indices"": [0, 1, 2, 3, 4, 5, 6, 7, 8, 9, 1, 2, 3, 4, 5, 6, 7, 8, 9], ""num_clusters"": 1, ""cluster_scores"": [0.18103367748739063]}"
23,rflbat,rflbat_final_distance_filter,"[78, 92, 25, 12, 76, 24, 52, 89, 40]",[4],"{""accepted_indices"": [1, 2, 3, 4, 5, 6, 7, 8, 9, 1, 2, 3, 4, 5, 6, 7, 8, 9], ""eps2"": 6, ""distance_median"": 0.7096128382387832}"
24,rflbat,rflbat_first_distance_filter,"[3, 6, 98, 54, 77, 5, 71, 59, 84, 15, 6, 98, 54, 77, 5, 71, 59, 84, 15]",[],"{""accepted_indices"": [0, 1, 2, 3, 4, 5, 6, 7, 8, 9, 1, 2, 3, 4, 5, 6, 7, 8, 9], ""eps1"": 10, ""distance_median"": 0.803350072698711}"
24,rflbat,rflbat_cluster_filter,"[3, 6, 98, 54, 77, 5, 71, 59, 84, 15, 6, 98, 54, 77, 5, 71, 59, 84, 15]",[],"{""accepted_indices"": [0, 1, 2, 3, 4, 5, 6, 7, 8, 9, 1, 2, 3, 4, 5, 6, 7, 8, 9], ""num_clusters"": 1, ""cluster_scores"": [0.10518453093140444]}"
24,rflbat,rflbat_final_distance_filter,"[6, 98, 54, 77, 5, 71, 59, 84, 15]",[3],"{""accepted_indices"": [1, 2, 3, 4, 5, 6, 7, 8, 9, 1, 2, 3, 4, 5, 6, 7, 8, 9], ""eps2"": 6, ""distance_median"": 1.0791105237499947}"
25,rflbat,rflbat_first_distance_filter,"[0, 33, 3, 97, 25, 99, 42, 35, 84, 34, 33, 3, 97, 25, 99, 42, 35, 84, 34]",[],"{""accepted_indices"": [0, 1, 2, 3, 4, 5, 6, 7, 8, 9, 1, 2, 3, 4, 5, 6, 7, 8, 9], ""eps1"": 10, ""distance_median"": 1.5646439132275134}"
25,rflbat,rflbat_cluster_filter,"[33, 97, 25, 99, 42, 35, 84, 34, 33, 97, 25, 99, 42, 35, 84, 34]","[0, 3]","{""accepted_indices"": [1, 3, 4, 5, 6, 7, 8, 9, 1, 3, 4, 5, 6, 7, 8, 9], ""num_clusters"": 3, ""cluster_scores"": [0.1829830442714298, 1, 1.0000000000007974]}"
25,rflbat,rflbat_final_distance_filter,"[33, 97, 25, 99, 42, 35, 84, 34]","[0, 3]","{""accepted_indices"": [1, 3, 4, 5, 6, 7, 8, 9, 1, 3, 4, 5, 6, 7, 8, 9], ""eps2"": 6, ""distance_median"": 0.09033228102447464}"
26,rflbat,rflbat_first_distance_filter,"[4, 38, 66, 10, 58, 59, 33, 43, 41, 68, 38, 66, 10, 58, 59, 33, 43, 41, 68]",[],"{""accepted_indices"": [0, 1, 2, 3, 4, 5, 6, 7, 8, 9, 1, 2, 3, 4, 5, 6, 7, 8, 9], ""eps1"": 10, ""distance_median"": 0.7536593597419903}"
26,rflbat,rflbat_cluster_filter,"[4, 38, 66, 10, 58, 59, 33, 43, 41, 68, 38, 66, 10, 58, 59, 33, 43, 41, 68]",[],"{""accepted_indices"": [0, 1, 2, 3, 4, 5, 6, 7, 8, 9, 1, 2, 3, 4, 5, 6, 7, 8, 9], ""num_clusters"": 1, ""cluster_scores"": [0.11592969383452773]}"
26,rflbat,rflbat_final_distance_filter,"[38, 66, 10, 58, 59, 33, 43, 41, 68]",[4],"{""accepted_indices"": [1, 2, 3, 4, 5, 6, 7, 8, 9, 1, 2, 3, 4, 5, 6, 7, 8, 9], ""eps2"": 6, ""distance_median"": 0.9234377483113098}"
27,rflbat,rflbat_first_distance_filter,"[0, 89, 21, 47, 20, 72, 35, 29, 15, 73, 89, 21, 47, 20, 72, 35, 29, 15, 73]",[],"{""accepted_indices"": [0, 1, 2, 3, 4, 5, 6, 7, 8, 9, 1, 2, 3, 4, 5, 6, 7, 8, 9], ""eps1"": 10, ""distance_median"": 1.2278583970365484}"
27,rflbat,rflbat_cluster_filter,"[89, 21, 47, 20, 72, 35, 29, 15, 89, 21, 47, 20, 72, 35, 29, 15]","[0, 73]","{""accepted_indices"": [1, 2, 3, 4, 5, 6, 7, 8, 1, 2, 3, 4, 5, 6, 7, 8], ""num_clusters"": 3, ""cluster_scores"": [0.2249493433345089, 1, 1.0000000000014309]}"
27,rflbat,rflbat_final_distance_filter,"[89, 21, 47, 20, 72, 35, 29, 15]","[0, 73]","{""accepted_indices"": [1, 2, 3, 4, 5, 6, 7, 8, 1, 2, 3, 4, 5, 6, 7, 8], ""eps2"": 6, ""distance_median"": 0.18860810283151264}"
28,rflbat,rflbat_first_distance_filter,"[0, 41, 83, 55, 18, 44, 6, 49, 71, 25, 41, 83, 55, 18, 44, 6, 49, 71, 25]",[],"{""accepted_indices"": [0, 1, 2, 3, 4, 5, 6, 7, 8, 9, 1, 2, 3, 4, 5, 6, 7, 8, 9], ""eps1"": 10, ""distance_median"": 1.1157236796890606}"
28,rflbat,rflbat_cluster_filter,"[0, 41, 83, 55, 18, 44, 6, 49, 71, 25, 41, 83, 55, 18, 44, 6, 49, 71, 25]",[],"{""accepted_indices"": [0, 1, 2, 3, 4, 5, 6, 7, 8, 9, 1, 2, 3, 4, 5, 6, 7, 8, 9], ""num_clusters"": 1, ""cluster_scores"": [0.12505860380491757]}"
28,rflbat,rflbat_final_distance_filter,"[41, 83, 55, 18, 44, 6, 49, 71, 25]",[0],"{""accepted_indices"": [1, 2, 3, 4, 5, 6, 7, 8, 9, 1, 2, 3, 4, 5, 6, 7, 8, 9], ""eps2"": 6, ""distance_median"": 1.25890176803549}"
29,rflbat,rflbat_first_distance_filter,"[3, 62, 44, 68, 66, 58, 16, 37, 30, 89, 62, 44, 68, 66, 58, 16, 37, 30, 89]",[],"{""accepted_indices"": [0, 1, 2, 3, 4, 5, 6, 7, 8, 9, 1, 2, 3, 4, 5, 6, 7, 8, 9], ""eps1"": 10, ""distance_median"": 0.7466162256504548}"
29,rflbat,rflbat_cluster_filter,"[3, 62, 44, 68, 66, 58, 16, 37, 30, 89, 62, 44, 68, 66, 58, 16, 37, 30, 89]",[],"{""accepted_indices"": [0, 1, 2, 3, 4, 5, 6, 7, 8, 9, 1, 2, 3, 4, 5, 6, 7, 8, 9], ""num_clusters"": 1, ""cluster_scores"": [0.0999209940098598]}"
29,rflbat,rflbat_final_distance_filter,"[62, 44, 68, 66, 58, 16, 37, 30, 89]",[3],"{""accepted_indices"": [1, 2, 3, 4, 5, 6, 7, 8, 9, 1, 2, 3, 4, 5, 6, 7, 8, 9], ""eps2"": 6, ""distance_median"": 0.8589625645171727}"
30,rflbat,rflbat_first_distance_filter,"[3, 99, 4, 12, 64, 79, 40, 32, 34, 29, 99, 4, 12, 64, 79, 40, 32, 34, 29]",[],"{""accepted_indices"": [0, 1, 2, 3, 4, 5, 6, 7, 8, 9, 1, 2, 3, 4, 5, 6, 7, 8, 9], ""eps1"": 10, ""distance_median"": 1.1201211356594953}"
30,rflbat,rflbat_cluster_filter,"[99, 12, 64, 79, 40, 32, 34, 29, 99, 12, 64, 79, 40, 32, 34, 29]","[3, 4]","{""accepted_indices"": [1, 3, 4, 5, 6, 7, 8, 9, 1, 3, 4, 5, 6, 7, 8, 9], ""num_clusters"": 3, ""cluster_scores"": [0.1916517745620551, 1, 1.000000000000838]}"
30,rflbat,rflbat_final_distance_filter,"[99, 12, 64, 79, 40, 32, 34, 29]","[3, 4]","{""accepted_indices"": [1, 3, 4, 5, 6, 7, 8, 9, 1, 3, 4, 5, 6, 7, 8, 9], ""eps2"": 6, ""distance_median"": 0.04940383877306738}"
31,rflbat,rflbat_first_distance_filter,"[2, 26, 79, 14, 28, 24, 52, 10, 37, 47, 26, 79, 14, 28, 24, 52, 10, 37, 47]",[],"{""accepted_indices"": [0, 1, 2, 3, 4, 5, 6, 7, 8, 9, 1, 2, 3, 4, 5, 6, 7, 8, 9], ""eps1"": 10, ""distance_median"": 0.8364327438041983}"
31,rflbat,rflbat_cluster_filter,"[2, 26, 79, 14, 28, 24, 52, 10, 37, 47, 26, 79, 14, 28, 24, 52, 10, 37, 47]",[],"{""accepted_indices"": [0, 1, 2, 3, 4, 5, 6, 7, 8, 9, 1, 2, 3, 4, 5, 6, 7, 8, 9], ""num_clusters"": 1, ""cluster_scores"": [0.16877502046611542]}"
31,rflbat,rflbat_final_distance_filter,"[26, 79, 14, 28, 24, 52, 10, 37, 47]",[2],"{""accepted_indices"": [1, 2, 3, 4, 5, 6, 7, 8, 9, 1, 2, 3, 4, 5, 6, 7, 8, 9], ""eps2"": 6, ""distance_median"": 1.027978515606779}"
32,rflbat,rflbat_first_distance_filter,"[3, 81, 83, 18, 79, 10, 32, 15, 94, 6, 81, 83, 18, 79, 10, 32, 15, 94, 6]",[],"{""accepted_indices"": [0, 1, 2, 3, 4, 5, 6, 7, 8, 9, 1, 2, 3, 4, 5, 6, 7, 8, 9], ""eps1"": 10, ""distance_median"": 0.8187674111902519}"
32,rflbat,rflbat_cluster_filter,"[3, 81, 83, 18, 79, 10, 32, 15, 94, 6, 81, 83, 18, 79, 10, 32, 15, 94, 6]",[],"{""accepted_indices"": [0, 1, 2, 3, 4, 5, 6, 7, 8, 9, 1, 2, 3, 4, 5, 6, 7, 8, 9], ""num_clusters"": 1, ""cluster_scores"": [0.1331204700496208]}"
32,rflbat,rflbat_final_distance_filter,"[81, 83, 18, 79, 10, 32, 15, 94, 6]",[3],"{""accepted_indices"": [1, 2, 3, 4, 5, 6, 7, 8, 9, 1, 2, 3, 4, 5, 6, 7, 8, 9], ""eps2"": 6, ""distance_median"": 0.9746132068129215}"
33,rflbat,rflbat_first_distance_filter,"[2, 68, 69, 85, 40, 96, 88, 53, 55, 3, 68, 69, 85, 40, 96, 88, 53, 55, 3]",[],"{""accepted_indices"": [0, 1, 2, 3, 4, 5, 6, 7, 8, 9, 1, 2, 3, 4, 5, 6, 7, 8, 9], ""eps1"": 10, ""distance_median"": 1.3314294495063166}"
33,rflbat,rflbat_cluster_filter,"[68, 69, 85, 40, 96, 88, 53, 55, 68, 69, 85, 40, 96, 88, 53, 55]","[2, 3]","{""accepted_indices"": [1, 2, 3, 4, 5, 6, 7, 8, 1, 2, 3, 4, 5, 6, 7, 8], ""num_clusters"": 3, ""cluster_scores"": [0.11044538741915702, 1.000000000000929, 1]}"
33,rflbat,rflbat_final_distance_filter,"[68, 69, 85, 40, 96, 88, 53, 55]","[2, 3]","{""accepted_indices"": [1, 2, 3, 4, 5, 6, 7, 8, 1, 2, 3, 4, 5, 6, 7, 8], ""eps2"": 6, ""distance_median"": 0.10544213559631188}"
34,rflbat,rflbat_first_distance_filter,"[1, 16, 82, 92, 8, 24, 27, 9, 5, 31, 16, 82, 92, 8, 24, 27, 9, 5, 31]",[],"{""accepted_indices"": [0, 1, 2, 3, 4, 5, 6, 7, 8, 9, 1, 2, 3, 4, 5, 6, 7, 8, 9], ""eps1"": 10, ""distance_median"": 0.714387704619878}"
34,rflbat,rflbat_cluster_filter,"[1, 16, 82, 92, 8, 24, 27, 9, 5, 31, 16, 82, 92, 8, 24, 27, 9, 5, 31]",[],"{""accepted_indices"": [0, 1, 2, 3, 4, 5, 6, 7, 8, 9, 1, 2, 3, 4, 5, 6, 7, 8, 9], ""num_clusters"": 1, ""cluster_scores"": [0.1048812728540118]}"
34,rflbat,rflbat_final_distance_filter,"[16, 82, 92, 8, 24, 27, 9, 5, 31]",[1],"{""accepted_indices"": [1, 2, 3, 4, 5, 6, 7, 8, 9, 1, 2, 3, 4, 5, 6, 7, 8, 9], ""eps2"": 6, ""distance_median"": 0.8631589314285315}"
35,rflbat,rflbat_first_distance_filter,"[3, 5, 95, 25, 51, 90, 16, 62, 73, 17, 5, 95, 25, 51, 90, 16, 62, 73, 17]",[],"{""accepted_indices"": [0, 1, 2, 3, 4, 5, 6, 7, 8, 9, 1, 2, 3, 4, 5, 6, 7, 8, 9], ""eps1"": 10, ""distance_median"": 0.8656587552791503}"
35,rflbat,rflbat_cluster_filter,"[3, 5, 95, 25, 51, 90, 16, 62, 73, 17, 5, 95, 25, 51, 90, 16, 62, 73, 17]",[],"{""accepted_indices"": [0, 1, 2, 3, 4, 5, 6, 7, 8, 9, 1, 2, 3, 4, 5, 6, 7, 8, 9], ""num_clusters"": 1, ""cluster_scores"": [0.10364223506190921]}"
35,rflbat,rflbat_final_distance_filter,"[5, 95, 25, 51, 90, 16, 62, 73, 17]",[3],"{""accepted_indices"": [1, 2, 3, 4, 5, 6, 7, 8, 9, 1, 2, 3, 4, 5, 6, 7, 8, 9], ""eps2"": 6, ""distance_median"": 1.110968101856671}"
36,rflbat,rflbat_first_distance_filter,"[2, 87, 66, 21, 58, 24, 1, 3, 56, 88, 87, 66, 21, 58, 24, 1, 3, 56, 88]",[],"{""accepted_indices"": [0, 1, 2, 3, 4, 5, 6, 7, 8, 9, 1, 2, 3, 4, 5, 6, 7, 8, 9], ""eps1"": 10, ""distance_median"": 1.8593046007704097}"
36,rflbat,rflbat_cluster_filter,"[87, 66, 21, 58, 24, 56, 88, 87, 66, 21, 58, 24, 56, 88]","[2, 1, 3]","{""accepted_indices"": [1, 2, 3, 4, 5, 8, 9, 1, 2, 3, 4, 5, 8, 9], ""num_clusters"": 4, ""cluster_scores"": [0.1549237705822017, 1.0000000000008833, 1, 1.0000000000007077]}"
36,rflbat,rflbat_final_distance_filter,"[87, 66, 21, 58, 24, 56, 88]","[2, 1, 3]","{""accepted_indices"": [1, 2, 3, 4, 5, 8, 9, 1, 2, 3, 4, 5, 8, 9], ""eps2"": 6, ""distance_median"": 0.07802366047492348}"
37,rflbat,rflbat_first_distance_filter,"[2, 5, 8, 92, 3, 48, 53, 13, 52, 14, 5, 8, 92, 3, 48, 53, 13, 52, 14]",[],"{""accepted_indices"": [0, 1, 2, 3, 4, 5, 6, 7, 8, 9, 1, 2, 3, 4, 5, 6, 7, 8, 9], ""eps1"": 10, ""distance_median"": 1.4062265578859172}"
37,rflbat,rflbat_cluster_filter,"[5, 8, 92, 48, 53, 13, 52, 14, 5, 8, 92, 48, 53, 13, 52, 14]","[2, 3]","{""accepted_indices"": [1, 2, 3, 5, 6, 7, 8, 9, 1, 2, 3, 5, 6, 7, 8, 9], ""num_clusters"": 3, ""cluster_scores"": [0.12964650191101473, 1.0000000000008689, 1]}"
37,rflbat,rflbat_final_distance_filter,"[5, 8, 92, 48, 53, 13, 52, 14]","[2, 3]","{""accepted_indices"": [1, 2, 3, 5, 6, 7, 8, 9, 1, 2, 3, 5, 6, 7, 8, 9], ""eps2"": 6, ""distance_median"": 0.10232236732648908}"
38,rflbat,rflbat_first_distance_filter,"[0, 42, 39, 55, 90, 25, 77, 73, 78, 70, 42, 39, 55, 90, 25, 77, 73, 78, 70]",[],"{""accepted_indices"": [0, 1, 2, 3, 4, 5, 6, 7, 8, 9, 1, 2, 3, 4, 5, 6, 7, 8, 9], ""eps1"": 10, ""distance_median"": 1.229418801753394}"
38,rflbat,rflbat_cluster_filter,"[42, 39, 55, 90, 25, 77, 73, 78, 70, 42, 39, 55, 90, 25, 77, 73, 78, 70]",[0],"{""accepted_indices"": [1, 2, 3, 4, 5, 6, 7, 8, 9, 1, 2, 3, 4, 5, 6, 7, 8, 9], ""num_clusters"": 2, ""cluster_scores"": [0.16925769759481427, 1]}"
38,rflbat,rflbat_final_distance_filter,"[42, 39, 55, 90, 25, 77, 73, 78, 70]",[0],"{""accepted_indices"": [1, 2, 3, 4, 5, 6, 7, 8, 9, 1, 2, 3, 4, 5, 6, 7, 8, 9], ""eps2"": 6, ""distance_median"": 0.5300186427531894}"
39,rflbat,rflbat_first_distance_filter,"[3, 46, 64, 88, 1, 68, 33, 14, 89, 25, 46, 64, 88, 1, 68, 33, 14, 89, 25]",[],"{""accepted_indices"": [0, 1, 2, 3, 4, 5, 6, 7, 8, 9, 1, 2, 3, 4, 5, 6, 7, 8, 9], ""eps1"": 10, ""distance_median"": 1.259467260253742}"
39,rflbat,rflbat_cluster_filter,"[46, 64, 33, 14, 89, 25, 46, 64, 33, 14, 89, 25]","[3, 88, 1, 68]","{""accepted_indices"": [1, 2, 6, 7, 8, 9, 1, 2, 6, 7, 8, 9], ""num_clusters"": 4, ""cluster_scores"": [0.4835689429392978, 1.0000000000007319, 1, 0.22453789538336824]}"
39,rflbat,rflbat_final_distance_filter,"[46, 64, 33, 14, 89, 25]","[3, 88, 1, 68]","{""accepted_indices"": [1, 2, 6, 7, 8, 9, 1, 2, 6, 7, 8, 9], ""eps2"": 6, ""distance_median"": 0.040116660741504925}"
40,rflbat,rflbat_first_distance_filter,"[1, 8, 55, 21, 82, 41, 99, 45, 23, 65, 8, 55, 21, 82, 41, 99, 45, 23, 65]",[],"{""accepted_indices"": [0, 1, 2, 3, 4, 5, 6, 7, 8, 9, 1, 2, 3, 4, 5, 6, 7, 8, 9], ""eps1"": 10, ""distance_median"": 0.7229426029939122}"
40,rflbat,rflbat_cluster_filter,"[8, 55, 21, 82, 99, 45, 23, 65, 8, 55, 21, 82, 99, 45, 23, 65]","[1, 41]","{""accepted_indices"": [1, 2, 3, 4, 6, 7, 8, 9, 1, 2, 3, 4, 6, 7, 8, 9], ""num_clusters"": 3, ""cluster_scores"": [0.1461394925481502, 1, 1.0000000000030334]}"
40,rflbat,rflbat_final_distance_filter,"[8, 55, 21, 82, 99, 45, 23, 65]","[1, 41]","{""accepted_indices"": [1, 2, 3, 4, 6, 7, 8, 9, 1, 2, 3, 4, 6, 7, 8, 9], ""eps2"": 6, ""distance_median"": 0.1253385127484157}"
41,rflbat,rflbat_first_distance_filter,"[1, 39, 50, 54, 28, 32, 67, 94, 75, 26, 39, 50, 54, 28, 32, 67, 94, 75, 26]",[],"{""accepted_indices"": [0, 1, 2, 3, 4, 5, 6, 7, 8, 9, 1, 2, 3, 4, 5, 6, 7, 8, 9], ""eps1"": 10, ""distance_median"": 0.7442146864579233}"
41,rflbat,rflbat_cluster_filter,"[1, 39, 50, 54, 28, 32, 67, 94, 75, 26, 39, 50, 54, 28, 32, 67, 94, 75, 26]",[],"{""accepted_indices"": [0, 1, 2, 3, 4, 5, 6, 7, 8, 9, 1, 2, 3, 4, 5, 6, 7, 8, 9], ""num_clusters"": 1, ""cluster_scores"": [0.08869722330225448]}"
41,rflbat,rflbat_final_distance_filter,"[39, 50, 54, 28, 32, 67, 94, 75, 26]",[1],"{""accepted_indices"": [1, 2, 3, 4, 5, 6, 7, 8, 9, 1, 2, 3, 4, 5, 6, 7, 8, 9], ""eps2"": 6, ""distance_median"": 0.8837800166871573}"
42,rflbat,rflbat_first_distance_filter,"[1, 59, 29, 14, 47, 98, 70, 71, 92, 53, 59, 29, 14, 47, 98, 70, 71, 92, 53]",[],"{""accepted_indices"": [0, 1, 2, 3, 4, 5, 6, 7, 8, 9, 1, 2, 3, 4, 5, 6, 7, 8, 9], ""eps1"": 10, ""distance_median"": 0.7425256259372902}"
42,rflbat,rflbat_cluster_filter,"[1, 59, 29, 14, 47, 98, 70, 71, 92, 53, 59, 29, 14, 47, 98, 70, 71, 92, 53]",[],"{""accepted_indices"": [0, 1, 2, 3, 4, 5, 6, 7, 8, 9, 1, 2, 3, 4, 5, 6, 7, 8, 9], ""num_clusters"": 1, ""cluster_scores"": [0.13470861709592977]}"
42,rflbat,rflbat_final_distance_filter,"[59, 29, 14, 47, 98, 70, 71, 92, 53]",[1],"{""accepted_indices"": [1, 2, 3, 4, 5, 6, 7, 8, 9, 1, 2, 3, 4, 5, 6, 7, 8, 9], ""eps2"": 6, ""distance_median"": 0.8838044203998126}"
43,rflbat,rflbat_first_distance_filter,"[2, 28, 44, 85, 19, 90, 11, 26, 47, 51, 28, 44, 85, 19, 90, 11, 26, 47, 51]",[],"{""accepted_indices"": [0, 1, 2, 3, 4, 5, 6, 7, 8, 9, 1, 2, 3, 4, 5, 6, 7, 8, 9], ""eps1"": 10, ""distance_median"": 0.8373787360547995}"
43,rflbat,rflbat_cluster_filter,"[2, 28, 44, 85, 19, 90, 11, 26, 47, 51, 28, 44, 85, 19, 90, 11, 26, 47, 51]",[],"{""accepted_indices"": [0, 1, 2, 3, 4, 5, 6, 7, 8, 9, 1, 2, 3, 4, 5, 6, 7, 8, 9], ""num_clusters"": 1, ""cluster_scores"": [0.12323067606200622]}"
43,rflbat,rflbat_final_distance_filter,"[28, 44, 85, 19, 90, 11, 26, 47, 51]",[2],"{""accepted_indices"": [1, 2, 3, 4, 5, 6, 7, 8, 9, 1, 2, 3, 4, 5, 6, 7, 8, 9], ""eps2"": 6, ""distance_median"": 0.9884669540721336}"
44,rflbat,rflbat_first_distance_filter,"[2, 44, 68, 91, 7, 33, 39, 22, 69, 25, 44, 68, 91, 7, 33, 39, 22, 69, 25]",[],"{""accepted_indices"": [0, 1, 2, 3, 4, 5, 6, 7, 8, 9, 1, 2, 3, 4, 5, 6, 7, 8, 9], ""eps1"": 10, ""distance_median"": 0.8137644437654995}"
44,rflbat,rflbat_cluster_filter,"[44, 68, 91, 7, 33, 39, 22, 69, 25, 44, 68, 91, 7, 33, 39, 22, 69, 25]",[2],"{""accepted_indices"": [1, 2, 3, 4, 5, 6, 7, 8, 9, 1, 2, 3, 4, 5, 6, 7, 8, 9], ""num_clusters"": 2, ""cluster_scores"": [0.14398993956909248, 1]}"
44,rflbat,rflbat_final_distance_filter,"[44, 68, 91, 7, 33, 39, 22, 69, 25]",[2],"{""accepted_indices"": [1, 2, 3, 4, 5, 6, 7, 8, 9, 1, 2, 3, 4, 5, 6, 7, 8, 9], ""eps2"": 6, ""distance_median"": 0.21498395264742529}"
45,rflbat,rflbat_first_distance_filter,"[2, 6, 97, 58, 99, 13, 17, 78, 82, 27, 6, 97, 58, 99, 13, 17, 78, 82, 27]",[],"{""accepted_indices"": [0, 1, 2, 3, 4, 5, 6, 7, 8, 9, 1, 2, 3, 4, 5, 6, 7, 8, 9], ""eps1"": 10, ""distance_median"": 0.8927886532418581}"
45,rflbat,rflbat_cluster_filter,"[2, 6, 97, 58, 99, 13, 17, 78, 82, 27, 6, 97, 58, 99, 13, 17, 78, 82, 27]",[],"{""accepted_indices"": [0, 1, 2, 3, 4, 5, 6, 7, 8, 9, 1, 2, 3, 4, 5, 6, 7, 8, 9], ""num_clusters"": 1, ""cluster_scores"": [0.12197757512649678]}"
45,rflbat,rflbat_final_distance_filter,"[6, 97, 58, 99, 13, 17, 78, 82, 27]",[2],"{""accepted_indices"": [1, 2, 3, 4, 5, 6, 7, 8, 9, 1, 2, 3, 4, 5, 6, 7, 8, 9], ""eps2"": 6, ""distance_median"": 1.0860663453703276}"
46,rflbat,rflbat_first_distance_filter,"[3, 38, 85, 89, 29, 42, 54, 18, 40, 12, 38, 85, 89, 29, 42, 54, 18, 40, 12]",[],"{""accepted_indices"": [0, 1, 2, 3, 4, 5, 6, 7, 8, 9, 1, 2, 3, 4, 5, 6, 7, 8, 9], ""eps1"": 10, ""distance_median"": 0.8528329142288118}"
46,rflbat,rflbat_cluster_filter,"[3, 38, 85, 89, 29, 42, 54, 18, 40, 12, 38, 85, 89, 29, 42, 54, 18, 40, 12]",[],"{""accepted_indices"": [0, 1, 2, 3, 4, 5, 6, 7, 8, 9, 1, 2, 3, 4, 5, 6, 7, 8, 9], ""num_clusters"": 1, ""cluster_scores"": [0.13316122072282074]}"
46,rflbat,rflbat_final_distance_filter,"[38, 85, 89, 29, 42, 54, 18, 40, 12]",[3],"{""accepted_indices"": [1, 2, 3, 4, 5, 6, 7, 8, 9, 1, 2, 3, 4, 5, 6, 7, 8, 9], ""eps2"": 6, ""distance_median"": 1.0090390456138512}"
47,rflbat,rflbat_first_distance_filter,"[0, 48, 76, 70, 57, 27, 13, 46, 83, 6, 48, 76, 70, 57, 27, 13, 46, 83, 6]",[],"{""accepted_indices"": [0, 1, 2, 3, 4, 5, 6, 7, 8, 9, 1, 2, 3, 4, 5, 6, 7, 8, 9], ""eps1"": 10, ""distance_median"": 1.0620161836814273}"
47,rflbat,rflbat_cluster_filter,"[0, 48, 76, 70, 57, 27, 13, 46, 83, 6, 48, 76, 70, 57, 27, 13, 46, 83, 6]",[],"{""accepted_indices"": [0, 1, 2, 3, 4, 5, 6, 7, 8, 9, 1, 2, 3, 4, 5, 6, 7, 8, 9], ""num_clusters"": 1, ""cluster_scores"": [0.09506000503237477]}"
47,rflbat,rflbat_final_distance_filter,"[48, 76, 70, 57, 27, 13, 46, 83, 6]",[0],"{""accepted_indices"": [1, 2, 3, 4, 5, 6, 7, 8, 9, 1, 2, 3, 4, 5, 6, 7, 8, 9], ""eps2"": 6, ""distance_median"": 1.2011679627167586}"
48,rflbat,rflbat_first_distance_filter,"[1, 27, 72, 38, 7, 54, 21, 12, 88, 77, 27, 72, 38, 7, 54, 21, 12, 88, 77]",[],"{""accepted_indices"": [0, 1, 2, 3, 4, 5, 6, 7, 8, 9, 1, 2, 3, 4, 5, 6, 7, 8, 9], ""eps1"": 10, ""distance_median"": 0.7788548191371321}"
48,rflbat,rflbat_cluster_filter,"[1, 27, 72, 38, 7, 54, 21, 12, 88, 77, 27, 72, 38, 7, 54, 21, 12, 88, 77]",[],"{""accepted_indices"": [0, 1, 2, 3, 4, 5, 6, 7, 8, 9, 1, 2, 3, 4, 5, 6, 7, 8, 9], ""num_clusters"": 1, ""cluster_scores"": [0.09453498280855145]}"
48,rflbat,rflbat_final_distance_filter,"[27, 72, 38, 7, 54, 21, 12, 88, 77]",[1],"{""accepted_indices"": [1, 2, 3, 4, 5, 6, 7, 8, 9, 1, 2, 3, 4, 5, 6, 7, 8, 9], ""eps2"": 6, ""distance_median"": 0.9448292575102536}"
49,rflbat,rflbat_first_distance_filter,"[3, 57, 34, 7, 60, 58, 65, 10, 12, 16, 57, 34, 7, 60, 58, 65, 10, 12, 16]",[],"{""accepted_indices"": [0, 1, 2, 3, 4, 5, 6, 7, 8, 9, 1, 2, 3, 4, 5, 6, 7, 8, 9], ""eps1"": 10, ""distance_median"": 0.8629602641705267}"
49,rflbat,rflbat_cluster_filter,"[3, 57, 34, 7, 60, 58, 65, 10, 12, 16, 57, 34, 7, 60, 58, 65, 10, 12, 16]",[],"{""accepted_indices"": [0, 1, 2, 3, 4, 5, 6, 7, 8, 9, 1, 2, 3, 4, 5, 6, 7, 8, 9], ""num_clusters"": 1, ""cluster_scores"": [0.12867354125027333]}"
49,rflbat,rflbat_final_distance_filter,"[57, 34, 7, 60, 58, 65, 10, 12, 16]",[3],"{""accepted_indices"": [1, 2, 3, 4, 5, 6, 7, 8, 9, 1, 2, 3, 4, 5, 6, 7, 8, 9], ""eps2"": 6, ""distance_median"": 0.9843844178880505}"
50,rflbat,rflbat_first_distance_filter,"[3, 56, 36, 31, 48, 94, 83, 81, 97, 42, 56, 36, 31, 48, 94, 83, 81, 97, 42]",[],"{""accepted_indices"": [0, 1, 2, 3, 4, 5, 6, 7, 8, 9, 1, 2, 3, 4, 5, 6, 7, 8, 9], ""eps1"": 10, ""distance_median"": 0.8542711043943263}"
50,rflbat,rflbat_cluster_filter,"[3, 56, 36, 31, 48, 94, 83, 81, 97, 42, 56, 36, 31, 48, 94, 83, 81, 97, 42]",[],"{""accepted_indices"": [0, 1, 2, 3, 4, 5, 6, 7, 8, 9, 1, 2, 3, 4, 5, 6, 7, 8, 9], ""num_clusters"": 1, ""cluster_scores"": [0.11803995140119075]}"
50,rflbat,rflbat_final_distance_filter,"[56, 36, 31, 48, 94, 83, 81, 97, 42]",[3],"{""accepted_indices"": [1, 2, 3, 4, 5, 6, 7, 8, 9, 1, 2, 3, 4, 5, 6, 7, 8, 9], ""eps2"": 6, ""distance_median"": 1.0236816410522842}"
51,rflbat,rflbat_first_distance_filter,"[4, 23, 69, 8, 84, 3, 64, 32, 70, 95, 23, 69, 8, 84, 3, 64, 32, 70, 95]",[],"{""accepted_indices"": [0, 1, 2, 3, 4, 5, 6, 7, 8, 9, 1, 2, 3, 4, 5, 6, 7, 8, 9], ""eps1"": 10, ""distance_median"": 1.4139793565726246}"
51,rflbat,rflbat_cluster_filter,"[23, 64, 70, 95, 23, 64, 70, 95]","[4, 69, 8, 84, 3, 32]","{""accepted_indices"": [1, 6, 8, 9, 1, 6, 8, 9], ""num_clusters"": 6, ""cluster_scores"": [0.33261819813552973, 1.0000000000008327, 1, 1.0000000000015727, 0.4551652351425953, 1.0000000000014149]}"
51,rflbat,rflbat_final_distance_filter,"[23, 64, 70, 95]","[4, 69, 8, 84, 3, 32]","{""accepted_indices"": [1, 6, 8, 9, 1, 6, 8, 9], ""eps2"": 6, ""distance_median"": 0.010489762616419613}"
52,rflbat,rflbat_first_distance_filter,"[2, 99, 46, 88, 98, 23, 16, 47, 59, 56, 99, 46, 88, 98, 23, 16, 47, 59, 56]",[],"{""accepted_indices"": [0, 1, 2, 3, 4, 5, 6, 7, 8, 9, 1, 2, 3, 4, 5, 6, 7, 8, 9], ""eps1"": 10, ""distance_median"": 0.8523917034669495}"
52,rflbat,rflbat_cluster_filter,"[2, 99, 46, 88, 98, 23, 16, 47, 59, 56, 99, 46, 88, 98, 23, 16, 47, 59, 56]",[],"{""accepted_indices"": [0, 1, 2, 3, 4, 5, 6, 7, 8, 9, 1, 2, 3, 4, 5, 6, 7, 8, 9], ""num_clusters"": 1, ""cluster_scores"": [0.11295858798824582]}"
52,rflbat,rflbat_final_distance_filter,"[99, 46, 88, 98, 23, 16, 47, 59, 56]",[2],"{""accepted_indices"": [1, 2, 3, 4, 5, 6, 7, 8, 9, 1, 2, 3, 4, 5, 6, 7, 8, 9], ""eps2"": 6, ""distance_median"": 1.0242812375863177}"
53,rflbat,rflbat_first_distance_filter,"[1, 67, 70, 92, 53, 68, 64, 31, 93, 87, 67, 70, 92, 53, 68, 64, 31, 93, 87]",[],"{""accepted_indices"": [0, 1, 2, 3, 4, 5, 6, 7, 8, 9, 1, 2, 3, 4, 5, 6, 7, 8, 9], ""eps1"": 10, ""distance_median"": 0.7205468868657781}"
53,rflbat,rflbat_cluster_filter,"[1, 67, 70, 92, 53, 68, 64, 31, 93, 87, 67, 70, 92, 53, 68, 64, 31, 93, 87]",[],"{""accepted_indices"": [0, 1, 2, 3, 4, 5, 6, 7, 8, 9, 1, 2, 3, 4, 5, 6, 7, 8, 9], ""num_clusters"": 1, ""cluster_scores"": [0.09640369889008574]}"
53,rflbat,rflbat_final_distance_filter,"[67, 70, 92, 53, 68, 64, 31, 93, 87]",[1],"{""accepted_indices"": [1, 2, 3, 4, 5, 6, 7, 8, 9, 1, 2, 3, 4, 5, 6, 7, 8, 9], ""eps2"": 6, ""distance_median"": 0.8383803519480189}"
54,rflbat,rflbat_first_distance_filter,"[4, 8, 13, 41, 47, 91, 34, 33, 18, 20, 8, 13, 41, 47, 91, 34, 33, 18, 20]",[],"{""accepted_indices"": [0, 1, 2, 3, 4, 5, 6, 7, 8, 9, 1, 2, 3, 4, 5, 6, 7, 8, 9], ""eps1"": 10, ""distance_median"": 0.9182055446984043}"
54,rflbat,rflbat_cluster_filter,"[4, 8, 13, 41, 47, 91, 34, 33, 18, 20, 8, 13, 41, 47, 91, 34, 33, 18, 20]",[],"{""accepted_indices"": [0, 1, 2, 3, 4, 5, 6, 7, 8, 9, 1, 2, 3, 4, 5, 6, 7, 8, 9], ""num_clusters"": 1, ""cluster_scores"": [0.11231895333038339]}"
54,rflbat,rflbat_final_distance_filter,"[8, 13, 41, 47, 91, 34, 33, 18, 20]",[4],"{""accepted_indices"": [1, 2, 3, 4, 5, 6, 7, 8, 9, 1, 2, 3, 4, 5, 6, 7, 8, 9], ""eps2"": 6, ""distance_median"": 1.0682383747184947}"
55,rflbat,rflbat_first_distance_filter,"[0, 43, 3, 92, 52, 85, 12, 99, 74, 77, 43, 3, 92, 52, 85, 12, 99, 74, 77]",[],"{""accepted_indices"": [0, 1, 2, 3, 4, 5, 6, 7, 8, 9, 1, 2, 3, 4, 5, 6, 7, 8, 9], ""eps1"": 10, ""distance_median"": 1.6601285058083737}"
55,rflbat,rflbat_cluster_filter,"[0, 43, 3, 92, 52, 85, 12, 99, 74, 77, 43, 3, 92, 52, 85, 12, 99, 74, 77]",[],"{""accepted_indices"": [0, 1, 2, 3, 4, 5, 6, 7, 8, 9, 1, 2, 3, 4, 5, 6, 7, 8, 9], ""num_clusters"": 1, ""cluster_scores"": [0.13527651918606334]}"
55,rflbat,rflbat_final_distance_filter,"[43, 3, 92, 52, 85, 12, 99, 74, 77]",[0],"{""accepted_indices"": [1, 2, 3, 4, 5, 6, 7, 8, 9, 1, 2, 3, 4, 5, 6, 7, 8, 9], ""eps2"": 6, ""distance_median"": 2.3693096779204064}"
56,rflbat,rflbat_first_distance_filter,"[4, 6, 37, 50, 40, 26, 17, 2, 87, 89, 6, 37, 50, 40, 26, 17, 2, 87, 89]",[],"{""accepted_indices"": [0, 1, 2, 3, 4, 5, 6, 7, 8, 9, 1, 2, 3, 4, 5, 6, 7, 8, 9], ""eps1"": 10, ""distance_median"": 1.1346189142502559}"
56,rflbat,rflbat_cluster_filter,"[6, 37, 50, 40, 26, 17, 87, 89, 6, 37, 50, 40, 26, 17, 87, 89]","[4, 2]","{""accepted_indices"": [1, 2, 3, 4, 5, 6, 8, 9, 1, 2, 3, 4, 5, 6, 8, 9], ""num_clusters"": 3, ""cluster_scores"": [1.000000000000783, 0.21905141788976676, 1]}"
56,rflbat,rflbat_final_distance_filter,"[6, 37, 50, 40, 26, 17, 87, 89]","[4, 2]","{""accepted_indices"": [1, 2, 3, 4, 5, 6, 8, 9, 1, 2, 3, 4, 5, 6, 8, 9], ""eps2"": 6, ""distance_median"": 0.037529526805307134}"
57,rflbat,rflbat_first_distance_filter,"[1, 19, 9, 25, 59, 3, 55, 0, 31, 56, 19, 9, 25, 59, 3, 55, 0, 31, 56]",[],"{""accepted_indices"": [0, 1, 2, 3, 4, 5, 6, 7, 8, 9, 1, 2, 3, 4, 5, 6, 7, 8, 9], ""eps1"": 10, ""distance_median"": 1.8284163573094272}"
57,rflbat,rflbat_cluster_filter,"[1, 19, 9, 25, 59, 3, 55, 0, 31, 56, 19, 9, 25, 59, 3, 55, 0, 31, 56]",[],"{""accepted_indices"": [0, 1, 2, 3, 4, 5, 6, 7, 8, 9, 1, 2, 3, 4, 5, 6, 7, 8, 9], ""num_clusters"": 1, ""cluster_scores"": [0.14166223843891254]}"
57,rflbat,rflbat_final_distance_filter,"[1, 19, 9, 25, 59, 3, 55, 0, 31, 56]",[],"{""accepted_indices"": [0, 1, 2, 3, 4, 5, 6, 7, 8, 9, 1, 2, 3, 4, 5, 6, 7, 8, 9], ""eps2"": 6, ""distance_median"": 3.22431001183909}"
58,rflbat,rflbat_first_distance_filter,"[0, 85, 57, 20, 76, 40, 35, 84, 29, 72, 85, 57, 20, 76, 40, 35, 84, 29, 72]",[],"{""accepted_indices"": [0, 1, 2, 3, 4, 5, 6, 7, 8, 9, 1, 2, 3, 4, 5, 6, 7, 8, 9], ""eps1"": 10, ""distance_median"": 0.8207261054021355}"
58,rflbat,rflbat_cluster_filter,"[0, 85, 57, 20, 76, 40, 35, 84, 29, 72, 85, 57, 20, 76, 40, 35, 84, 29, 72]",[],"{""accepted_indices"": [0, 1, 2, 3, 4, 5, 6, 7, 8, 9, 1, 2, 3, 4, 5, 6, 7, 8, 9], ""num_clusters"": 1, ""cluster_scores"": [0.40299678278760864]}"
58,rflbat,rflbat_final_distance_filter,"[85, 57, 20, 76, 40, 35, 84, 29, 72]",[0],"{""accepted_indices"": [1, 2, 3, 4, 5, 6, 7, 8, 9, 1, 2, 3, 4, 5, 6, 7, 8, 9], ""eps2"": 6, ""distance_median"": 1.0838482649387557}"
59,rflbat,rflbat_first_distance_filter,"[2, 57, 65, 72, 32, 69, 85, 19, 0, 31, 57, 65, 72, 32, 69, 85, 19, 0, 31]",[],"{""accepted_indices"": [0, 1, 2, 3, 4, 5, 6, 7, 8, 9, 1, 2, 3, 4, 5, 6, 7, 8, 9], ""eps1"": 10, ""distance_median"": 0.9568754876030896}"
59,rflbat,rflbat_cluster_filter,"[2, 57, 65, 72, 32, 69, 85, 19, 0, 31, 57, 65, 72, 32, 69, 85, 19, 0, 31]",[],"{""accepted_indices"": [0, 1, 2, 3, 4, 5, 6, 7, 8, 9, 1, 2, 3, 4, 5, 6, 7, 8, 9], ""num_clusters"": 1, ""cluster_scores"": [0.20227065964003565]}"
59,rflbat,rflbat_final_distance_filter,"[2, 57, 65, 72, 32, 69, 85, 19, 31]",[0],"{""accepted_indices"": [0, 1, 2, 3, 4, 5, 6, 7, 9, 1, 2, 3, 4, 5, 6, 7, 9], ""eps2"": 6, ""distance_median"": 1.6230486369084278}"
60,rflbat,rflbat_first_distance_filter,"[0, 50, 7, 63, 68, 58, 78, 15, 55, 76, 50, 7, 63, 68, 58, 78, 15, 55, 76]",[],"{""accepted_indices"": [0, 1, 2, 3, 4, 5, 6, 7, 8, 9, 1, 2, 3, 4, 5, 6, 7, 8, 9], ""eps1"": 10, ""distance_median"": 0.7869703040693876}"
60,rflbat,rflbat_cluster_filter,"[0, 50, 7, 63, 68, 58, 78, 15, 55, 76, 50, 7, 63, 68, 58, 78, 15, 55, 76]",[],"{""accepted_indices"": [0, 1, 2, 3, 4, 5, 6, 7, 8, 9, 1, 2, 3, 4, 5, 6, 7, 8, 9], ""num_clusters"": 1, ""cluster_scores"": [0.24440204108866279]}"
60,rflbat,rflbat_final_distance_filter,"[50, 7, 63, 68, 58, 78, 15, 55, 76]",[0],"{""accepted_indices"": [1, 2, 3, 4, 5, 6, 7, 8, 9, 1, 2, 3, 4, 5, 6, 7, 8, 9], ""eps2"": 6, ""distance_median"": 0.9711648633289653}"
61,rflbat,rflbat_first_distance_filter,"[1, 53, 35, 11, 69, 70, 42, 87, 51, 24, 53, 35, 11, 69, 70, 42, 87, 51, 24]",[],"{""accepted_indices"": [0, 1, 2, 3, 4, 5, 6, 7, 8, 9, 1, 2, 3, 4, 5, 6, 7, 8, 9], ""eps1"": 10, ""distance_median"": 0.5038820206588023}"
61,rflbat,rflbat_cluster_filter,"[53, 35, 11, 69, 70, 42, 87, 51, 24, 53, 35, 11, 69, 70, 42, 87, 51, 24]",[1],"{""accepted_indices"": [1, 2, 3, 4, 5, 6, 7, 8, 9, 1, 2, 3, 4, 5, 6, 7, 8, 9], ""num_clusters"": 2, ""cluster_scores"": [0.187289750538281, 1]}"
61,rflbat,rflbat_final_distance_filter,"[53, 35, 11, 69, 70, 42, 87, 51, 24]",[1],"{""accepted_indices"": [1, 2, 3, 4, 5, 6, 7, 8, 9, 1, 2, 3, 4, 5, 6, 7, 8, 9], ""eps2"": 6, ""distance_median"": 0.41816279302511683}"
62,rflbat,rflbat_first_distance_filter,"[2, 36, 47, 16, 76, 62, 23, 40, 48, 78, 36, 47, 16, 76, 62, 23, 40, 48, 78]",[],"{""accepted_indices"": [0, 1, 2, 3, 4, 5, 6, 7, 8, 9, 1, 2, 3, 4, 5, 6, 7, 8, 9], ""eps1"": 10, ""distance_median"": 0.532151124278944}"
62,rflbat,rflbat_cluster_filter,"[2, 36, 47, 16, 76, 62, 23, 40, 48, 78, 36, 47, 16, 76, 62, 23, 40, 48, 78]",[],"{""accepted_indices"": [0, 1, 2, 3, 4, 5, 6, 7, 8, 9, 1, 2, 3, 4, 5, 6, 7, 8, 9], ""num_clusters"": 1, ""cluster_scores"": [0.10770747794524453]}"
62,rflbat,rflbat_final_distance_filter,"[36, 47, 16, 76, 62, 23, 40, 48, 78]",[2],"{""accepted_indices"": [1, 2, 3, 4, 5, 6, 7, 8, 9, 1, 2, 3, 4, 5, 6, 7, 8, 9], ""eps2"": 6, ""distance_median"": 0.7063436670601411}"
63,rflbat,rflbat_first_distance_filter,"[2, 26, 69, 67, 54, 83, 33, 45, 60, 96, 26, 69, 67, 54, 83, 33, 45, 60, 96]",[],"{""accepted_indices"": [0, 1, 2, 3, 4, 5, 6, 7, 8, 9, 1, 2, 3, 4, 5, 6, 7, 8, 9], ""eps1"": 10, ""distance_median"": 0.6476444877962323}"
63,rflbat,rflbat_cluster_filter,"[2, 26, 69, 67, 54, 83, 33, 45, 60, 96, 26, 69, 67, 54, 83, 33, 45, 60, 96]",[],"{""accepted_indices"": [0, 1, 2, 3, 4, 5, 6, 7, 8, 9, 1, 2, 3, 4, 5, 6, 7, 8, 9], ""num_clusters"": 1, ""cluster_scores"": [0.11879454923752358]}"
63,rflbat,rflbat_final_distance_filter,"[26, 69, 67, 54, 83, 33, 45, 60, 96]",[2],"{""accepted_indices"": [1, 2, 3, 4, 5, 6, 7, 8, 9, 1, 2, 3, 4, 5, 6, 7, 8, 9], ""eps2"": 6, ""distance_median"": 0.9142338851526065}"
64,rflbat,rflbat_first_distance_filter,"[4, 92, 24, 26, 34, 59, 9, 58, 39, 23, 92, 24, 26, 34, 59, 9, 58, 39, 23]",[],"{""accepted_indices"": [0, 1, 2, 3, 4, 5, 6, 7, 8, 9, 1, 2, 3, 4, 5, 6, 7, 8, 9], ""eps1"": 10, ""distance_median"": 0.4401146104147021}"
64,rflbat,rflbat_cluster_filter,"[4, 92, 24, 26, 34, 59, 9, 58, 39, 23, 92, 24, 26, 34, 59, 9, 58, 39, 23]",[],"{""accepted_indices"": [0, 1, 2, 3, 4, 5, 6, 7, 8, 9, 1, 2, 3, 4, 5, 6, 7, 8, 9], ""num_clusters"": 1, ""cluster_scores"": [0.09498936519374994]}"
64,rflbat,rflbat_final_distance_filter,"[92, 24, 26, 34, 59, 9, 58, 39, 23]",[4],"{""accepted_indices"": [1, 2, 3, 4, 5, 6, 7, 8, 9, 1, 2, 3, 4, 5, 6, 7, 8, 9], ""eps2"": 6, ""distance_median"": 0.5562333733598438}"
65,rflbat,rflbat_first_distance_filter,"[2, 72, 69, 79, 28, 64, 86, 52, 19, 84, 72, 69, 79, 28, 64, 86, 52, 19, 84]",[],"{""accepted_indices"": [0, 1, 2, 3, 4, 5, 6, 7, 8, 9, 1, 2, 3, 4, 5, 6, 7, 8, 9], ""eps1"": 10, ""distance_median"": 0.5123599561779539}"
65,rflbat,rflbat_cluster_filter,"[2, 72, 69, 79, 28, 64, 86, 52, 19, 84, 72, 69, 79, 28, 64, 86, 52, 19, 84]",[],"{""accepted_indices"": [0, 1, 2, 3, 4, 5, 6, 7, 8, 9, 1, 2, 3, 4, 5, 6, 7, 8, 9], ""num_clusters"": 1, ""cluster_scores"": [0.12659355366548655]}"
65,rflbat,rflbat_final_distance_filter,"[72, 69, 79, 28, 64, 86, 52, 19, 84]",[2],"{""accepted_indices"": [1, 2, 3, 4, 5, 6, 7, 8, 9, 1, 2, 3, 4, 5, 6, 7, 8, 9], ""eps2"": 6, ""distance_median"": 0.6293582164514367}"
66,rflbat,rflbat_first_distance_filter,"[4, 32, 88, 85, 57, 15, 76, 6, 65, 22, 32, 88, 85, 57, 15, 76, 6, 65, 22]",[],"{""accepted_indices"": [0, 1, 2, 3, 4, 5, 6, 7, 8, 9, 1, 2, 3, 4, 5, 6, 7, 8, 9], ""eps1"": 10, ""distance_median"": 0.5010068567709669}"
66,rflbat,rflbat_cluster_filter,"[4, 32, 88, 85, 57, 15, 76, 6, 65, 22, 32, 88, 85, 57, 15, 76, 6, 65, 22]",[],"{""accepted_indices"": [0, 1, 2, 3, 4, 5, 6, 7, 8, 9, 1, 2, 3, 4, 5, 6, 7, 8, 9], ""num_clusters"": 1, ""cluster_scores"": [0.1123682245889009]}"
66,rflbat,rflbat_final_distance_filter,"[32, 88, 85, 57, 15, 76, 6, 65, 22]",[4],"{""accepted_indices"": [1, 2, 3, 4, 5, 6, 7, 8, 9, 1, 2, 3, 4, 5, 6, 7, 8, 9], ""eps2"": 6, ""distance_median"": 0.6896152228406983}"
67,rflbat,rflbat_first_distance_filter,"[1, 46, 53, 49, 70, 72, 92, 66, 99, 91, 46, 53, 49, 70, 72, 92, 66, 99, 91]",[],"{""accepted_indices"": [0, 1, 2, 3, 4, 5, 6, 7, 8, 9, 1, 2, 3, 4, 5, 6, 7, 8, 9], ""eps1"": 10, ""distance_median"": 0.5237302741266663}"
67,rflbat,rflbat_cluster_filter,"[1, 46, 53, 49, 70, 72, 92, 66, 99, 91, 46, 53, 49, 70, 72, 92, 66, 99, 91]",[],"{""accepted_indices"": [0, 1, 2, 3, 4, 5, 6, 7, 8, 9, 1, 2, 3, 4, 5, 6, 7, 8, 9], ""num_clusters"": 1, ""cluster_scores"": [0.1151674538773431]}"
67,rflbat,rflbat_final_distance_filter,"[46, 53, 49, 70, 72, 92, 66, 99, 91]",[1],"{""accepted_indices"": [1, 2, 3, 4, 5, 6, 7, 8, 9, 1, 2, 3, 4, 5, 6, 7, 8, 9], ""eps2"": 6, ""distance_median"": 0.6479895841749937}"
68,rflbat,rflbat_first_distance_filter,"[0, 94, 39, 35, 87, 56, 88, 27, 30, 81, 94, 39, 35, 87, 56, 88, 27, 30, 81]",[],"{""accepted_indices"": [0, 1, 2, 3, 4, 5, 6, 7, 8, 9, 1, 2, 3, 4, 5, 6, 7, 8, 9], ""eps1"": 10, ""distance_median"": 0.9440857344981045}"
68,rflbat,rflbat_cluster_filter,"[0, 94, 39, 35, 87, 56, 88, 27, 30, 81, 94, 39, 35, 87, 56, 88, 27, 30, 81]",[],"{""accepted_indices"": [0, 1, 2, 3, 4, 5, 6, 7, 8, 9, 1, 2, 3, 4, 5, 6, 7, 8, 9], ""num_clusters"": 1, ""cluster_scores"": [0.10623606665804677]}"
68,rflbat,rflbat_final_distance_filter,"[94, 39, 35, 87, 56, 88, 27, 30, 81]",[0],"{""accepted_indices"": [1, 2, 3, 4, 5, 6, 7, 8, 9, 1, 2, 3, 4, 5, 6, 7, 8, 9], ""eps2"": 6, ""distance_median"": 1.130314726136385}"
69,rflbat,rflbat_first_distance_filter,"[1, 96, 7, 22, 54, 95, 32, 82, 88, 41, 96, 7, 22, 54, 95, 32, 82, 88, 41]",[],"{""accepted_indices"": [0, 1, 2, 3, 4, 5, 6, 7, 8, 9, 1, 2, 3, 4, 5, 6, 7, 8, 9], ""eps1"": 10, ""distance_median"": 0.6778876169095165}"
69,rflbat,rflbat_cluster_filter,"[96, 7, 22, 54, 95, 32, 82, 88, 41, 96, 7, 22, 54, 95, 32, 82, 88, 41]",[1],"{""accepted_indices"": [1, 2, 3, 4, 5, 6, 7, 8, 9, 1, 2, 3, 4, 5, 6, 7, 8, 9], ""num_clusters"": 2, ""cluster_scores"": [0.137023697649299, 1]}"
69,rflbat,rflbat_final_distance_filter,"[96, 7, 22, 54, 95, 32, 82, 88, 41]",[1],"{""accepted_indices"": [1, 2, 3, 4, 5, 6, 7, 8, 9, 1, 2, 3, 4, 5, 6, 7, 8, 9], ""eps2"": 6, ""distance_median"": 0.53679450105574}"
70,rflbat,rflbat_first_distance_filter,"[3, 48, 96, 27, 54, 98, 61, 42, 0, 49, 48, 96, 27, 54, 98, 61, 42, 0, 49]",[],"{""accepted_indices"": [0, 1, 2, 3, 4, 5, 6, 7, 8, 9, 1, 2, 3, 4, 5, 6, 7, 8, 9], ""eps1"": 10, ""distance_median"": 1.3083157582066445}"
70,rflbat,rflbat_cluster_filter,"[3, 48, 96, 27, 54, 98, 61, 42, 0, 49, 48, 96, 27, 54, 98, 61, 42, 0, 49]",[],"{""accepted_indices"": [0, 1, 2, 3, 4, 5, 6, 7, 8, 9, 1, 2, 3, 4, 5, 6, 7, 8, 9], ""num_clusters"": 1, ""cluster_scores"": [0.10666430434741565]}"
70,rflbat,rflbat_final_distance_filter,"[3, 48, 96, 27, 54, 98, 61, 42, 49]",[0],"{""accepted_indices"": [0, 1, 2, 3, 4, 5, 6, 7, 9, 1, 2, 3, 4, 5, 6, 7, 9], ""eps2"": 6, ""distance_median"": 2.1530090722952204}"
71,rflbat,rflbat_first_distance_filter,"[3, 17, 99, 89, 46, 64, 52, 39, 37, 55, 17, 99, 89, 46, 64, 52, 39, 37, 55]",[],"{""accepted_indices"": [0, 1, 2, 3, 4, 5, 6, 7, 8, 9, 1, 2, 3, 4, 5, 6, 7, 8, 9], ""eps1"": 10, ""distance_median"": 0.46804496587696953}"
71,rflbat,rflbat_cluster_filter,"[17, 99, 89, 46, 64, 52, 39, 37, 55, 17, 99, 89, 46, 64, 52, 39, 37, 55]",[3],"{""accepted_indices"": [1, 2, 3, 4, 5, 6, 7, 8, 9, 1, 2, 3, 4, 5, 6, 7, 8, 9], ""num_clusters"": 2, ""cluster_scores"": [0.23414622946045016, 1]}"
71,rflbat,rflbat_final_distance_filter,"[17, 99, 89, 46, 64, 52, 39, 37, 55]",[3],"{""accepted_indices"": [1, 2, 3, 4, 5, 6, 7, 8, 9, 1, 2, 3, 4, 5, 6, 7, 8, 9], ""eps2"": 6, ""distance_median"": 0.29689751793873737}"
72,rflbat,rflbat_first_distance_filter,"[2, 45, 95, 46, 75, 17, 66, 43, 68, 99, 45, 95, 46, 75, 17, 66, 43, 68, 99]",[],"{""accepted_indices"": [0, 1, 2, 3, 4, 5, 6, 7, 8, 9, 1, 2, 3, 4, 5, 6, 7, 8, 9], ""eps1"": 10, ""distance_median"": 0.5803612337306947}"
72,rflbat,rflbat_cluster_filter,"[2, 45, 95, 46, 75, 17, 66, 43, 68, 99, 45, 95, 46, 75, 17, 66, 43, 68, 99]",[],"{""accepted_indices"": [0, 1, 2, 3, 4, 5, 6, 7, 8, 9, 1, 2, 3, 4, 5, 6, 7, 8, 9], ""num_clusters"": 1, ""cluster_scores"": [0.12795070510521936]}"
72,rflbat,rflbat_final_distance_filter,"[45, 95, 46, 75, 17, 66, 43, 68, 99]",[2],"{""accepted_indices"": [1, 2, 3, 4, 5, 6, 7, 8, 9, 1, 2, 3, 4, 5, 6, 7, 8, 9], ""eps2"": 6, ""distance_median"": 0.711885200271739}"
73,rflbat,rflbat_first_distance_filter,"[1, 41, 10, 4, 9, 80, 44, 72, 88, 13, 41, 10, 4, 9, 80, 44, 72, 88, 13]",[],"{""accepted_indices"": [0, 1, 2, 3, 4, 5, 6, 7, 8, 9, 1, 2, 3, 4, 5, 6, 7, 8, 9], ""eps1"": 10, ""distance_median"": 0.7706041061937835}"
73,rflbat,rflbat_cluster_filter,"[41, 10, 9, 80, 44, 72, 88, 13, 41, 10, 9, 80, 44, 72, 88, 13]","[1, 4]","{""accepted_indices"": [1, 2, 4, 5, 6, 7, 8, 9, 1, 2, 4, 5, 6, 7, 8, 9], ""num_clusters"": 3, ""cluster_scores"": [0.11603298217809513, 1.0000000000029219, 1]}"
73,rflbat,rflbat_final_distance_filter,"[41, 10, 9, 80, 44, 72, 88, 13]","[1, 4]","{""accepted_indices"": [1, 2, 4, 5, 6, 7, 8, 9, 1, 2, 4, 5, 6, 7, 8, 9], ""eps2"": 6, ""distance_median"": 0.18705843525466467}"
74,rflbat,rflbat_first_distance_filter,"[2, 36, 33, 30, 9, 23, 78, 91, 5, 58, 36, 33, 30, 9, 23, 78, 91, 5, 58]",[],"{""accepted_indices"": [0, 1, 2, 3, 4, 5, 6, 7, 8, 9, 1, 2, 3, 4, 5, 6, 7, 8, 9], ""eps1"": 10, ""distance_median"": 0.5315446615831545}"
74,rflbat,rflbat_cluster_filter,"[2, 36, 33, 30, 9, 23, 78, 91, 5, 58, 36, 33, 30, 9, 23, 78, 91, 5, 58]",[],"{""accepted_indices"": [0, 1, 2, 3, 4, 5, 6, 7, 8, 9, 1, 2, 3, 4, 5, 6, 7, 8, 9], ""num_clusters"": 1, ""cluster_scores"": [0.13315318208683505]}"
74,rflbat,rflbat_final_distance_filter,"[36, 33, 30, 9, 23, 78, 91, 5, 58]",[2],"{""accepted_indices"": [1, 2, 3, 4, 5, 6, 7, 8, 9, 1, 2, 3, 4, 5, 6, 7, 8, 9], ""eps2"": 6, ""distance_median"": 0.6544128151887986}"
75,rflbat,rflbat_first_distance_filter,"[2, 59, 38, 97, 20, 91, 86, 14, 54, 16, 59, 38, 97, 20, 91, 86, 14, 54, 16]",[],"{""accepted_indices"": [0, 1, 2, 3, 4, 5, 6, 7, 8, 9, 1, 2, 3, 4, 5, 6, 7, 8, 9], ""eps1"": 10, ""distance_median"": 0.5375673570800965}"
75,rflbat,rflbat_cluster_filter,"[2, 59, 38, 97, 20, 91, 86, 14, 54, 16, 59, 38, 97, 20, 91, 86, 14, 54, 16]",[],"{""accepted_indices"": [0, 1, 2, 3, 4, 5, 6, 7, 8, 9, 1, 2, 3, 4, 5, 6, 7, 8, 9], ""num_clusters"": 1, ""cluster_scores"": [0.12248515281780004]}"
75,rflbat,rflbat_final_distance_filter,"[59, 38, 97, 20, 91, 86, 14, 54, 16]",[2],"{""accepted_indices"": [1, 2, 3, 4, 5, 6, 7, 8, 9, 1, 2, 3, 4, 5, 6, 7, 8, 9], ""eps2"": 6, ""distance_median"": 0.6647027060222312}"
76,rflbat,rflbat_first_distance_filter,"[4, 43, 36, 57, 98, 38, 95, 16, 66, 62, 43, 36, 57, 98, 38, 95, 16, 66, 62]",[],"{""accepted_indices"": [0, 1, 2, 3, 4, 5, 6, 7, 8, 9, 1, 2, 3, 4, 5, 6, 7, 8, 9], ""eps1"": 10, ""distance_median"": 0.5190981508557946}"
76,rflbat,rflbat_cluster_filter,"[4, 43, 36, 57, 98, 38, 95, 16, 66, 62, 43, 36, 57, 98, 38, 95, 16, 66, 62]",[],"{""accepted_indices"": [0, 1, 2, 3, 4, 5, 6, 7, 8, 9, 1, 2, 3, 4, 5, 6, 7, 8, 9], ""num_clusters"": 1, ""cluster_scores"": [0.1050690352399735]}"
76,rflbat,rflbat_final_distance_filter,"[43, 36, 57, 98, 38, 95, 16, 66, 62]",[4],"{""accepted_indices"": [1, 2, 3, 4, 5, 6, 7, 8, 9, 1, 2, 3, 4, 5, 6, 7, 8, 9], ""eps2"": 6, ""distance_median"": 0.6177353128050516}"
77,rflbat,rflbat_first_distance_filter,"[0, 33, 25, 93, 88, 56, 84, 24, 46, 64, 33, 25, 93, 88, 56, 84, 24, 46, 64]",[],"{""accepted_indices"": [0, 1, 2, 3, 4, 5, 6, 7, 8, 9, 1, 2, 3, 4, 5, 6, 7, 8, 9], ""eps1"": 10, ""distance_median"": 0.9611547564070517}"
77,rflbat,rflbat_cluster_filter,"[33, 25, 93, 88, 56, 84, 24, 46, 64, 33, 25, 93, 88, 56, 84, 24, 46, 64]",[0],"{""accepted_indices"": [1, 2, 3, 4, 5, 6, 7, 8, 9, 1, 2, 3, 4, 5, 6, 7, 8, 9], ""num_clusters"": 2, ""cluster_scores"": [0.13724255674627447, 1]}"
77,rflbat,rflbat_final_distance_filter,"[33, 25, 93, 88, 56, 84, 24, 46, 64]",[0],"{""accepted_indices"": [1, 2, 3, 4, 5, 6, 7, 8, 9, 1, 2, 3, 4, 5, 6, 7, 8, 9], ""eps2"": 6, ""distance_median"": 0.33520583290944717}"
78,rflbat,rflbat_first_distance_filter,"[3, 72, 90, 33, 46, 95, 71, 5, 62, 55, 72, 90, 33, 46, 95, 71, 5, 62, 55]",[],"{""accepted_indices"": [0, 1, 2, 3, 4, 5, 6, 7, 8, 9, 1, 2, 3, 4, 5, 6, 7, 8, 9], ""eps1"": 10, ""distance_median"": 0.4907776822063178}"
78,rflbat,rflbat_cluster_filter,"[3, 72, 90, 33, 46, 95, 71, 5, 62, 55, 72, 90, 33, 46, 95, 71, 5, 62, 55]",[],"{""accepted_indices"": [0, 1, 2, 3, 4, 5, 6, 7, 8, 9, 1, 2, 3, 4, 5, 6, 7, 8, 9], ""num_clusters"": 1, ""cluster_scores"": [0.11014736693734768]}"
78,rflbat,rflbat_final_distance_filter,"[72, 90, 33, 46, 95, 71, 5, 62, 55]",[3],"{""accepted_indices"": [1, 2, 3, 4, 5, 6, 7, 8, 9, 1, 2, 3, 4, 5, 6, 7, 8, 9], ""eps2"": 6, ""distance_median"": 0.5899275965553404}"
79,rflbat,rflbat_first_distance_filter,"[3, 15, 38, 45, 61, 9, 73, 51, 90, 79, 15, 38, 45, 61, 9, 73, 51, 90, 79]",[],"{""accepted_indices"": [0, 1, 2, 3, 4, 5, 6, 7, 8, 9, 1, 2, 3, 4, 5, 6, 7, 8, 9], ""eps1"": 10, ""distance_median"": 0.659730571852015}"
79,rflbat,rflbat_cluster_filter,"[3, 15, 38, 45, 61, 9, 73, 51, 90, 79, 15, 38, 45, 61, 9, 73, 51, 90, 79]",[],"{""accepted_indices"": [0, 1, 2, 3, 4, 5, 6, 7, 8, 9, 1, 2, 3, 4, 5, 6, 7, 8, 9], ""num_clusters"": 1, ""cluster_scores"": [0.11726678006838002]}"
79,rflbat,rflbat_final_distance_filter,"[15, 38, 45, 61, 9, 73, 51, 90, 79]",[3],"{""accepted_indices"": [1, 2, 3, 4, 5, 6, 7, 8, 9, 1, 2, 3, 4, 5, 6, 7, 8, 9], ""eps2"": 6, ""distance_median"": 0.8903466583009428}"
80,rflbat,rflbat_first_distance_filter,"[2, 14, 79, 71, 26, 27, 97, 13, 78, 17, 14, 79, 71, 26, 27, 97, 13, 78, 17]",[],"{""accepted_indices"": [0, 1, 2, 3, 4, 5, 6, 7, 8, 9, 1, 2, 3, 4, 5, 6, 7, 8, 9], ""eps1"": 10, ""distance_median"": 0.5574193409356718}"
80,rflbat,rflbat_cluster_filter,"[2, 14, 79, 71, 26, 27, 97, 13, 78, 17, 14, 79, 71, 26, 27, 97, 13, 78, 17]",[],"{""accepted_indices"": [0, 1, 2, 3, 4, 5, 6, 7, 8, 9, 1, 2, 3, 4, 5, 6, 7, 8, 9], ""num_clusters"": 1, ""cluster_scores"": [0.1717236164778846]}"
80,rflbat,rflbat_final_distance_filter,"[14, 79, 71, 26, 27, 97, 13, 78, 17]",[2],"{""accepted_indices"": [1, 2, 3, 4, 5, 6, 7, 8, 9, 1, 2, 3, 4, 5, 6, 7, 8, 9], ""eps2"": 6, ""distance_median"": 0.6900782230785601}"
81,rflbat,rflbat_first_distance_filter,"[3, 30, 62, 93, 34, 46, 23, 2, 97, 63, 30, 62, 93, 34, 46, 23, 2, 97, 63]",[],"{""accepted_indices"": [0, 1, 2, 3, 4, 5, 6, 7, 8, 9, 1, 2, 3, 4, 5, 6, 7, 8, 9], ""eps1"": 10, ""distance_median"": 0.9000676693576761}"
81,rflbat,rflbat_cluster_filter,"[30, 62, 93, 34, 46, 23, 97, 63, 30, 62, 93, 34, 46, 23, 97, 63]","[3, 2]","{""accepted_indices"": [1, 2, 3, 4, 5, 6, 8, 9, 1, 2, 3, 4, 5, 6, 8, 9], ""num_clusters"": 3, ""cluster_scores"": [1.0000000000011828, 0.14502522831453252, 1]}"
81,rflbat,rflbat_final_distance_filter,"[30, 62, 93, 34, 46, 23, 97, 63]","[3, 2]","{""accepted_indices"": [1, 2, 3, 4, 5, 6, 8, 9, 1, 2, 3, 4, 5, 6, 8, 9], ""eps2"": 6, ""distance_median"": 0.05794513383264439}"
82,rflbat,rflbat_first_distance_filter,"[1, 62, 69, 63, 39, 93, 98, 99, 46, 43, 62, 69, 63, 39, 93, 98, 99, 46, 43]",[],"{""accepted_indices"": [0, 1, 2, 3, 4, 5, 6, 7, 8, 9, 1, 2, 3, 4, 5, 6, 7, 8, 9], ""eps1"": 10, ""distance_median"": 0.5347053963588854}"
82,rflbat,rflbat_cluster_filter,"[62, 69, 63, 39, 93, 98, 99, 46, 43, 62, 69, 63, 39, 93, 98, 99, 46, 43]",[1],"{""accepted_indices"": [1, 2, 3, 4, 5, 6, 7, 8, 9, 1, 2, 3, 4, 5, 6, 7, 8, 9], ""num_clusters"": 2, ""cluster_scores"": [0.1609486278286829, 1]}"
82,rflbat,rflbat_final_distance_filter,"[62, 69, 63, 39, 93, 98, 99, 46, 43]",[1],"{""accepted_indices"": [1, 2, 3, 4, 5, 6, 7, 8, 9, 1, 2, 3, 4, 5, 6, 7, 8, 9], ""eps2"": 6, ""distance_median"": 0.26541487451400053}"
83,rflbat,rflbat_first_distance_filter,"[2, 65, 13, 68, 82, 66, 44, 29, 49, 91, 65, 13, 68, 82, 66, 44, 29, 49, 91]",[],"{""accepted_indices"": [0, 1, 2, 3, 4, 5, 6, 7, 8, 9, 1, 2, 3, 4, 5, 6, 7, 8, 9], ""eps1"": 10, ""distance_median"": 0.5579907620886869}"
83,rflbat,rflbat_cluster_filter,"[2, 65, 13, 68, 82, 66, 44, 29, 49, 91, 65, 13, 68, 82, 66, 44, 29, 49, 91]",[],"{""accepted_indices"": [0, 1, 2, 3, 4, 5, 6, 7, 8, 9, 1, 2, 3, 4, 5, 6, 7, 8, 9], ""num_clusters"": 1, ""cluster_scores"": [0.08314580049558477]}"
83,rflbat,rflbat_final_distance_filter,"[65, 13, 68, 82, 66, 44, 29, 49, 91]",[2],"{""accepted_indices"": [1, 2, 3, 4, 5, 6, 7, 8, 9, 1, 2, 3, 4, 5, 6, 7, 8, 9], ""eps2"": 6, ""distance_median"": 0.6633814421122575}"
84,rflbat,rflbat_first_distance_filter,"[1, 63, 6, 15, 20, 61, 88, 22, 53, 39, 63, 6, 15, 20, 61, 88, 22, 53, 39]",[],"{""accepted_indices"": [0, 1, 2, 3, 4, 5, 6, 7, 8, 9, 1, 2, 3, 4, 5, 6, 7, 8, 9], ""eps1"": 10, ""distance_median"": 0.5765050621207992}"
84,rflbat,rflbat_cluster_filter,"[1, 63, 6, 15, 20, 61, 88, 22, 53, 39, 63, 6, 15, 20, 61, 88, 22, 53, 39]",[],"{""accepted_indices"": [0, 1, 2, 3, 4, 5, 6, 7, 8, 9, 1, 2, 3, 4, 5, 6, 7, 8, 9], ""num_clusters"": 1, ""cluster_scores"": [0.18559336991949474]}"
84,rflbat,rflbat_final_distance_filter,"[63, 6, 15, 20, 61, 88, 22, 53, 39]",[1],"{""accepted_indices"": [1, 2, 3, 4, 5, 6, 7, 8, 9, 1, 2, 3, 4, 5, 6, 7, 8, 9], ""eps2"": 6, ""distance_median"": 0.714824344905856}"
85,rflbat,rflbat_first_distance_filter,"[0, 31, 23, 81, 51, 90, 83, 21, 3, 5, 31, 23, 81, 51, 90, 83, 21, 3, 5]",[],"{""accepted_indices"": [0, 1, 2, 3, 4, 5, 6, 7, 8, 9, 1, 2, 3, 4, 5, 6, 7, 8, 9], ""eps1"": 10, ""distance_median"": 1.1741131177606834}"
85,rflbat,rflbat_cluster_filter,"[31, 23, 81, 51, 90, 83, 21, 5, 31, 23, 81, 51, 90, 83, 21, 5]","[0, 3]","{""accepted_indices"": [1, 2, 3, 4, 5, 6, 7, 9, 1, 2, 3, 4, 5, 6, 7, 9], ""num_clusters"": 3, ""cluster_scores"": [0.10981540499725409, 1, 1.0000000000012037]}"
85,rflbat,rflbat_final_distance_filter,"[31, 23, 81, 51, 90, 83, 21, 5]","[0, 3]","{""accepted_indices"": [1, 2, 3, 4, 5, 6, 7, 9, 1, 2, 3, 4, 5, 6, 7, 9], ""eps2"": 6, ""distance_median"": 0.03980802022279122}"
86,rflbat,rflbat_first_distance_filter,"[4, 66, 52, 9, 41, 59, 17, 78, 34, 58, 66, 52, 9, 41, 59, 17, 78, 34, 58]",[],"{""accepted_indices"": [0, 1, 2, 3, 4, 5, 6, 7, 8, 9, 1, 2, 3, 4, 5, 6, 7, 8, 9], ""eps1"": 10, ""distance_median"": 0.5659275432670701}"
86,rflbat,rflbat_cluster_filter,"[4, 66, 52, 9, 41, 59, 17, 78, 34, 58, 66, 52, 9, 41, 59, 17, 78, 34, 58]",[],"{""accepted_indices"": [0, 1, 2, 3, 4, 5, 6, 7, 8, 9, 1, 2, 3, 4, 5, 6, 7, 8, 9], ""num_clusters"": 1, ""cluster_scores"": [0.1378394027534057]}"
86,rflbat,rflbat_final_distance_filter,"[66, 52, 9, 41, 59, 17, 78, 34, 58]",[4],"{""accepted_indices"": [1, 2, 3, 4, 5, 6, 7, 8, 9, 1, 2, 3, 4, 5, 6, 7, 8, 9], ""eps2"": 6, ""distance_median"": 0.7044359223913684}"
87,rflbat,rflbat_first_distance_filter,"[0, 44, 68, 57, 83, 17, 35, 66, 71, 63, 44, 68, 57, 83, 17, 35, 66, 71, 63]",[],"{""accepted_indices"": [0, 1, 2, 3, 4, 5, 6, 7, 8, 9, 1, 2, 3, 4, 5, 6, 7, 8, 9], ""eps1"": 10, ""distance_median"": 0.9541072444011285}"
87,rflbat,rflbat_cluster_filter,"[0, 44, 68, 57, 83, 17, 35, 66, 71, 63, 44, 68, 57, 83, 17, 35, 66, 71, 63]",[],"{""accepted_indices"": [0, 1, 2, 3, 4, 5, 6, 7, 8, 9, 1, 2, 3, 4, 5, 6, 7, 8, 9], ""num_clusters"": 1, ""cluster_scores"": [0.0916500043376295]}"
87,rflbat,rflbat_final_distance_filter,"[44, 68, 57, 83, 17, 35, 66, 71, 63]",[0],"{""accepted_indices"": [1, 2, 3, 4, 5, 6, 7, 8, 9, 1, 2, 3, 4, 5, 6, 7, 8, 9], ""eps2"": 6, ""distance_median"": 1.083838536481442}"
88,rflbat,rflbat_first_distance_filter,"[1, 13, 91, 2, 81, 20, 24, 88, 41, 18, 13, 91, 2, 81, 20, 24, 88, 41, 18]",[],"{""accepted_indices"": [0, 1, 2, 3, 4, 5, 6, 7, 8, 9, 1, 2, 3, 4, 5, 6, 7, 8, 9], ""eps1"": 10, ""distance_median"": 0.9445664717007225}"
88,rflbat,rflbat_cluster_filter,"[91, 81, 24, 88, 18, 91, 81, 24, 88, 18]","[1, 13, 2, 20, 41]","{""accepted_indices"": [2, 4, 6, 7, 9, 2, 4, 6, 7, 9], ""num_clusters"": 5, ""cluster_scores"": [0.1967557898710263, 1.0000000000009914, 1, 0.3913242281735744, 1.0000000000013933]}"
88,rflbat,rflbat_final_distance_filter,"[91, 81, 24, 88, 18]","[1, 13, 2, 20, 41]","{""accepted_indices"": [2, 4, 6, 7, 9, 2, 4, 6, 7, 9], ""eps2"": 6, ""distance_median"": 0.021195131347198602}"
89,rflbat,rflbat_first_distance_filter,"[3, 27, 78, 39, 84, 17, 40, 68, 48, 9, 27, 78, 39, 84, 17, 40, 68, 48, 9]",[],"{""accepted_indices"": [0, 1, 2, 3, 4, 5, 6, 7, 8, 9, 1, 2, 3, 4, 5, 6, 7, 8, 9], ""eps1"": 10, ""distance_median"": 0.6252242554975833}"
89,rflbat,rflbat_cluster_filter,"[3, 27, 78, 39, 84, 17, 40, 68, 48, 9, 27, 78, 39, 84, 17, 40, 68, 48, 9]",[],"{""accepted_indices"": [0, 1, 2, 3, 4, 5, 6, 7, 8, 9, 1, 2, 3, 4, 5, 6, 7, 8, 9], ""num_clusters"": 1, ""cluster_scores"": [0.11718958744790502]}"
89,rflbat,rflbat_final_distance_filter,"[27, 78, 39, 84, 17, 40, 68, 48, 9]",[3],"{""accepted_indices"": [1, 2, 3, 4, 5, 6, 7, 8, 9, 1, 2, 3, 4, 5, 6, 7, 8, 9], ""eps2"": 6, ""distance_median"": 0.7680396233651459}"
90,rflbat,rflbat_first_distance_filter,"[0, 89, 48, 47, 6, 55, 45, 27, 69, 37, 89, 48, 47, 6, 55, 45, 27, 69, 37]",[],"{""accepted_indices"": [0, 1, 2, 3, 4, 5, 6, 7, 8, 9, 1, 2, 3, 4, 5, 6, 7, 8, 9], ""eps1"": 10, ""distance_median"": 0.9851089190531713}"
90,rflbat,rflbat_cluster_filter,"[0, 89, 48, 47, 6, 55, 45, 27, 69, 37, 89, 48, 47, 6, 55, 45, 27, 69, 37]",[],"{""accepted_indices"": [0, 1, 2, 3, 4, 5, 6, 7, 8, 9, 1, 2, 3, 4, 5, 6, 7, 8, 9], ""num_clusters"": 1, ""cluster_scores"": [0.10250649750290183]}"
90,rflbat,rflbat_final_distance_filter,"[89, 48, 47, 6, 55, 45, 27, 69, 37]",[0],"{""accepted_indices"": [1, 2, 3, 4, 5, 6, 7, 8, 9, 1, 2, 3, 4, 5, 6, 7, 8, 9], ""eps2"": 6, ""distance_median"": 1.1203576427838025}"
91,rflbat,rflbat_first_distance_filter,"[1, 2, 13, 88, 6, 74, 8, 52, 89, 99, 2, 13, 88, 6, 74, 8, 52, 89, 99]",[],"{""accepted_indices"": [0, 1, 2, 3, 4, 5, 6, 7, 8, 9, 1, 2, 3, 4, 5, 6, 7, 8, 9], ""eps1"": 10, ""distance_median"": 0.9726000453608381}"
91,rflbat,rflbat_cluster_filter,"[1, 2, 13, 88, 6, 74, 8, 52, 89, 99, 2, 13, 88, 6, 74, 8, 52, 89, 99]",[],"{""accepted_indices"": [0, 1, 2, 3, 4, 5, 6, 7, 8, 9, 1, 2, 3, 4, 5, 6, 7, 8, 9], ""num_clusters"": 1, ""cluster_scores"": [0.13749993642280955]}"
91,rflbat,rflbat_final_distance_filter,"[1, 2, 13, 88, 6, 74, 8, 52, 89, 99]",[],"{""accepted_indices"": [0, 1, 2, 3, 4, 5, 6, 7, 8, 9, 1, 2, 3, 4, 5, 6, 7, 8, 9], ""eps2"": 6, ""distance_median"": 1.4926040745445992}"
92,rflbat,rflbat_first_distance_filter,"[3, 9, 73, 39, 38, 87, 14, 27, 49, 24, 9, 73, 39, 38, 87, 14, 27, 49, 24]",[],"{""accepted_indices"": [0, 1, 2, 3, 4, 5, 6, 7, 8, 9, 1, 2, 3, 4, 5, 6, 7, 8, 9], ""eps1"": 10, ""distance_median"": 0.47664131263656445}"
92,rflbat,rflbat_cluster_filter,"[3, 9, 73, 39, 38, 87, 14, 27, 49, 24, 9, 73, 39, 38, 87, 14, 27, 49, 24]",[],"{""accepted_indices"": [0, 1, 2, 3, 4, 5, 6, 7, 8, 9, 1, 2, 3, 4, 5, 6, 7, 8, 9], ""num_clusters"": 1, ""cluster_scores"": [0.25460274629756147]}"
92,rflbat,rflbat_final_distance_filter,"[3, 9, 73, 39, 38, 87, 14, 27, 49, 24]",[],"{""accepted_indices"": [0, 1, 2, 3, 4, 5, 6, 7, 8, 9, 1, 2, 3, 4, 5, 6, 7, 8, 9], ""eps2"": 6, ""distance_median"": 0.7181423535402384}"
93,rflbat,rflbat_first_distance_filter,"[0, 85, 6, 20, 49, 9, 71, 43, 2, 29, 85, 6, 20, 49, 9, 71, 43, 2, 29]",[],"{""accepted_indices"": [0, 1, 2, 3, 4, 5, 6, 7, 8, 9, 1, 2, 3, 4, 5, 6, 7, 8, 9], ""eps1"": 10, ""distance_median"": 0.9927672044065704}"
93,rflbat,rflbat_cluster_filter,"[0, 85, 6, 20, 49, 9, 71, 43, 2, 29, 85, 6, 20, 49, 9, 71, 43, 2, 29]",[],"{""accepted_indices"": [0, 1, 2, 3, 4, 5, 6, 7, 8, 9, 1, 2, 3, 4, 5, 6, 7, 8, 9], ""num_clusters"": 1, ""cluster_scores"": [0.10535994176985004]}"
93,rflbat,rflbat_final_distance_filter,"[85, 6, 20, 49, 9, 71, 43, 2, 29]",[0],"{""accepted_indices"": [1, 2, 3, 4, 5, 6, 7, 8, 9, 1, 2, 3, 4, 5, 6, 7, 8, 9], ""eps2"": 6, ""distance_median"": 1.3229295896741737}"
94,rflbat,rflbat_first_distance_filter,"[2, 14, 97, 20, 12, 35, 41, 74, 80, 92, 14, 97, 20, 12, 35, 41, 74, 80, 92]",[],"{""accepted_indices"": [0, 1, 2, 3, 4, 5, 6, 7, 8, 9, 1, 2, 3, 4, 5, 6, 7, 8, 9], ""eps1"": 10, ""distance_median"": 0.3536911854253971}"
94,rflbat,rflbat_cluster_filter,"[14, 97, 20, 12, 35, 41, 74, 80, 92, 14, 97, 20, 12, 35, 41, 74, 80, 92]",[2],"{""accepted_indices"": [1, 2, 3, 4, 5, 6, 7, 8, 9, 1, 2, 3, 4, 5, 6, 7, 8, 9], ""num_clusters"": 2, ""cluster_scores"": [0.2838226748499227, 1]}"
94,rflbat,rflbat_final_distance_filter,"[14, 97, 20, 12, 35, 41, 74, 80, 92]",[2],"{""accepted_indices"": [1, 2, 3, 4, 5, 6, 7, 8, 9, 1, 2, 3, 4, 5, 6, 7, 8, 9], ""eps2"": 6, ""distance_median"": 0.3234805244434015}"
95,rflbat,rflbat_first_distance_filter,"[4, 31, 46, 29, 77, 97, 21, 67, 18, 7, 31, 46, 29, 77, 97, 21, 67, 18, 7]",[],"{""accepted_indices"": [0, 1, 2, 3, 4, 5, 6, 7, 8, 9, 1, 2, 3, 4, 5, 6, 7, 8, 9], ""eps1"": 10, ""distance_median"": 0.3926511574214071}"
95,rflbat,rflbat_cluster_filter,"[4, 31, 46, 29, 77, 97, 21, 67, 18, 7, 31, 46, 29, 77, 97, 21, 67, 18, 7]",[],"{""accepted_indices"": [0, 1, 2, 3, 4, 5, 6, 7, 8, 9, 1, 2, 3, 4, 5, 6, 7, 8, 9], ""num_clusters"": 1, ""cluster_scores"": [0.2060264396756677]}"
95,rflbat,rflbat_final_distance_filter,"[4, 31, 46, 29, 77, 97, 21, 67, 18, 7]",[],"{""accepted_indices"": [0, 1, 2, 3, 4, 5, 6, 7, 8, 9, 1, 2, 3, 4, 5, 6, 7, 8, 9], ""eps2"": 6, ""distance_median"": 0.6093757745602397}"
96,rflbat,rflbat_first_distance_filter,"[1, 95, 83, 47, 60, 52, 76, 93, 34, 62, 95, 83, 47, 60, 52, 76, 93, 34, 62]",[],"{""accepted_indices"": [0, 1, 2, 3, 4, 5, 6, 7, 8, 9, 1, 2, 3, 4, 5, 6, 7, 8, 9], ""eps1"": 10, ""distance_median"": 0.36309687751261926}"
96,rflbat,rflbat_cluster_filter,"[83, 60, 52, 76, 93, 34, 83, 60, 52, 76, 93, 34]","[1, 95, 47, 62]","{""accepted_indices"": [2, 4, 5, 6, 7, 8, 2, 4, 5, 6, 7, 8], ""num_clusters"": 5, ""cluster_scores"": [0.2130884508302554, 1, 1.0000000000029035, 1.0000000000024127, 1.0000000000015612]}"
96,rflbat,rflbat_final_distance_filter,"[83, 60, 52, 76, 93, 34]","[1, 95, 47, 62]","{""accepted_indices"": [2, 4, 5, 6, 7, 8, 2, 4, 5, 6, 7, 8], ""eps2"": 6, ""distance_median"": 0.034048967605255984}"
97,rflbat,rflbat_first_distance_filter,"[2, 69, 82, 0, 96, 78, 46, 54, 49, 87, 69, 82, 0, 96, 78, 46, 54, 49, 87]",[],"{""accepted_indices"": [0, 1, 2, 3, 4, 5, 6, 7, 8, 9, 1, 2, 3, 4, 5, 6, 7, 8, 9], ""eps1"": 10, ""distance_median"": 1.0744847810441616}"
97,rflbat,rflbat_cluster_filter,"[2, 69, 82, 0, 96, 78, 46, 54, 49, 87, 69, 82, 0, 96, 78, 46, 54, 49, 87]",[],"{""accepted_indices"": [0, 1, 2, 3, 4, 5, 6, 7, 8, 9, 1, 2, 3, 4, 5, 6, 7, 8, 9], ""num_clusters"": 1, ""cluster_scores"": [0.12071642669676046]}"
97,rflbat,rflbat_final_distance_filter,"[2, 69, 82, 96, 78, 46, 54, 49, 87]",[0],"{""accepted_indices"": [0, 1, 2, 4, 5, 6, 7, 8, 9, 1, 2, 4, 5, 6, 7, 8, 9], ""eps2"": 6, ""distance_median"": 1.8891548674287764}"
98,rflbat,rflbat_first_distance_filter,"[0, 39, 92, 47, 55, 38, 83, 64, 56, 27, 39, 92, 47, 55, 38, 83, 64, 56, 27]",[],"{""accepted_indices"": [0, 1, 2, 3, 4, 5, 6, 7, 8, 9, 1, 2, 3, 4, 5, 6, 7, 8, 9], ""eps1"": 10, ""distance_median"": 0.833588749843255}"
98,rflbat,rflbat_cluster_filter,"[0, 39, 92, 47, 55, 38, 83, 64, 56, 27, 39, 92, 47, 55, 38, 83, 64, 56, 27]",[],"{""accepted_indices"": [0, 1, 2, 3, 4, 5, 6, 7, 8, 9, 1, 2, 3, 4, 5, 6, 7, 8, 9], ""num_clusters"": 1, ""cluster_scores"": [0.20346968983944103]}"
98,rflbat,rflbat_final_distance_filter,"[39, 92, 47, 55, 38, 83, 64, 56, 27]",[0],"{""accepted_indices"": [1, 2, 3, 4, 5, 6, 7, 8, 9, 1, 2, 3, 4, 5, 6, 7, 8, 9], ""eps2"": 6, ""distance_median"": 0.958989898143687}"
99,rflbat,rflbat_first_distance_filter,"[3, 61, 58, 89, 32, 71, 17, 31, 80, 37, 61, 58, 89, 32, 71, 17, 31, 80, 37]",[],"{""accepted_indices"": [0, 1, 2, 3, 4, 5, 6, 7, 8, 9, 1, 2, 3, 4, 5, 6, 7, 8, 9], ""eps1"": 10, ""distance_median"": 0.3840077381398237}"
99,rflbat,rflbat_cluster_filter,"[3, 61, 58, 89, 32, 71, 17, 31, 80, 37, 61, 58, 89, 32, 71, 17, 31, 80, 37]",[],"{""accepted_indices"": [0, 1, 2, 3, 4, 5, 6, 7, 8, 9, 1, 2, 3, 4, 5, 6, 7, 8, 9], ""num_clusters"": 1, ""cluster_scores"": [0.1268401795828801]}"
99,rflbat,rflbat_final_distance_filter,"[61, 58, 89, 32, 71, 17, 31, 80, 37]",[3],"{""accepted_indices"": [1, 2, 3, 4, 5, 6, 7, 8, 9, 1, 2, 3, 4, 5, 6, 7, 8, 9], ""eps2"": 6, ""distance_median"": 0.5299082998993432}"
100,rflbat,rflbat_first_distance_filter,"[3, 30, 36, 18, 7, 46, 55, 70, 68, 85, 30, 36, 18, 7, 46, 55, 70, 68, 85]",[],"{""accepted_indices"": [0, 1, 2, 3, 4, 5, 6, 7, 8, 9, 1, 2, 3, 4, 5, 6, 7, 8, 9], ""eps1"": 10, ""distance_median"": 0.3596846808789679}"
100,rflbat,rflbat_cluster_filter,"[3, 30, 36, 18, 7, 46, 55, 70, 68, 85, 30, 36, 18, 7, 46, 55, 70, 68, 85]",[],"{""accepted_indices"": [0, 1, 2, 3, 4, 5, 6, 7, 8, 9, 1, 2, 3, 4, 5, 6, 7, 8, 9], ""num_clusters"": 1, ""cluster_scores"": [0.10716150104125678]}"
100,rflbat,rflbat_final_distance_filter,"[3, 30, 36, 18, 7, 46, 55, 70, 68, 85]",[],"{""accepted_indices"": [0, 1, 2, 3, 4, 5, 6, 7, 8, 9, 1, 2, 3, 4, 5, 6, 7, 8, 9], ""eps2"": 6, ""distance_median"": 0.5909863005246936}"
101,rflbat,rflbat_first_distance_filter,"[1, 79, 80, 98, 67, 84, 69, 24, 16, 81, 79, 80, 98, 67, 84, 69, 24, 16, 81]",[],"{""accepted_indices"": [0, 1, 2, 3, 4, 5, 6, 7, 8, 9, 1, 2, 3, 4, 5, 6, 7, 8, 9], ""eps1"": 10, ""distance_median"": 0.16889246217545434}"
101,rflbat,rflbat_cluster_filter,"[1, 79, 80, 98, 67, 84, 69, 24, 16, 81, 79, 80, 98, 67, 84, 69, 24, 16, 81]",[],"{""accepted_indices"": [0, 1, 2, 3, 4, 5, 6, 7, 8, 9, 1, 2, 3, 4, 5, 6, 7, 8, 9], ""num_clusters"": 1, ""cluster_scores"": [0.15339529453393855]}"
101,rflbat,rflbat_final_distance_filter,"[1, 79, 80, 98, 67, 84, 69, 24, 16, 81]",[],"{""accepted_indices"": [0, 1, 2, 3, 4, 5, 6, 7, 8, 9, 1, 2, 3, 4, 5, 6, 7, 8, 9], ""eps2"": 6, ""distance_median"": 0.2791911757310457}"
102,rflbat,rflbat_first_distance_filter,"[4, 35, 22, 89, 21, 3, 5, 82, 94, 91, 35, 22, 89, 21, 3, 5, 82, 94, 91]",[],"{""accepted_indices"": [0, 1, 2, 3, 4, 5, 6, 7, 8, 9, 1, 2, 3, 4, 5, 6, 7, 8, 9], ""eps1"": 10, ""distance_median"": 0.14357525206215668}"
102,rflbat,rflbat_cluster_filter,"[4, 35, 22, 89, 21, 3, 5, 82, 94, 91, 35, 22, 89, 21, 3, 5, 82, 94, 91]",[],"{""accepted_indices"": [0, 1, 2, 3, 4, 5, 6, 7, 8, 9, 1, 2, 3, 4, 5, 6, 7, 8, 9], ""num_clusters"": 1, ""cluster_scores"": [0.168688266662465]}"
102,rflbat,rflbat_final_distance_filter,"[4, 35, 22, 89, 21, 3, 5, 82, 94, 91]",[],"{""accepted_indices"": [0, 1, 2, 3, 4, 5, 6, 7, 8, 9, 1, 2, 3, 4, 5, 6, 7, 8, 9], ""eps2"": 6, ""distance_median"": 0.2694597826725321}"
103,rflbat,rflbat_first_distance_filter,"[3, 30, 72, 93, 5, 54, 64, 58, 81, 34, 30, 72, 93, 5, 54, 64, 58, 81, 34]",[],"{""accepted_indices"": [0, 1, 2, 3, 4, 5, 6, 7, 8, 9, 1, 2, 3, 4, 5, 6, 7, 8, 9], ""eps1"": 10, ""distance_median"": 0.1889923716217643}"
103,rflbat,rflbat_cluster_filter,"[3, 30, 72, 93, 5, 54, 64, 58, 81, 34, 30, 72, 93, 5, 54, 64, 58, 81, 34]",[],"{""accepted_indices"": [0, 1, 2, 3, 4, 5, 6, 7, 8, 9, 1, 2, 3, 4, 5, 6, 7, 8, 9], ""num_clusters"": 1, ""cluster_scores"": [0.10811171544233153]}"
103,rflbat,rflbat_final_distance_filter,"[3, 30, 72, 93, 5, 54, 64, 58, 81, 34]",[],"{""accepted_indices"": [0, 1, 2, 3, 4, 5, 6, 7, 8, 9, 1, 2, 3, 4, 5, 6, 7, 8, 9], ""eps2"": 6, ""distance_median"": 0.3719206621885567}"
104,rflbat,rflbat_first_distance_filter,"[1, 73, 27, 80, 99, 44, 43, 60, 29, 14, 73, 27, 80, 99, 44, 43, 60, 29, 14]",[],"{""accepted_indices"": [0, 1, 2, 3, 4, 5, 6, 7, 8, 9, 1, 2, 3, 4, 5, 6, 7, 8, 9], ""eps1"": 10, ""distance_median"": 0.32409796590452933}"
104,rflbat,rflbat_cluster_filter,"[1, 73, 27, 80, 99, 44, 43, 60, 29, 14, 73, 27, 80, 99, 44, 43, 60, 29, 14]",[],"{""accepted_indices"": [0, 1, 2, 3, 4, 5, 6, 7, 8, 9, 1, 2, 3, 4, 5, 6, 7, 8, 9], ""num_clusters"": 1, ""cluster_scores"": [0.11477334413304754]}"
104,rflbat,rflbat_final_distance_filter,"[1, 73, 27, 80, 99, 44, 43, 60, 29, 14]",[],"{""accepted_indices"": [0, 1, 2, 3, 4, 5, 6, 7, 8, 9, 1, 2, 3, 4, 5, 6, 7, 8, 9], ""eps2"": 6, ""distance_median"": 0.6390323856183562}"
105,rflbat,rflbat_first_distance_filter,"[1, 64, 31, 84, 60, 10, 40, 83, 26, 89, 64, 31, 84, 60, 10, 40, 83, 26, 89]",[],"{""accepted_indices"": [0, 1, 2, 3, 4, 5, 6, 7, 8, 9, 1, 2, 3, 4, 5, 6, 7, 8, 9], ""eps1"": 10, ""distance_median"": 0.2782779255401657}"
105,rflbat,rflbat_cluster_filter,"[1, 64, 31, 84, 60, 10, 40, 83, 26, 89, 64, 31, 84, 60, 10, 40, 83, 26, 89]",[],"{""accepted_indices"": [0, 1, 2, 3, 4, 5, 6, 7, 8, 9, 1, 2, 3, 4, 5, 6, 7, 8, 9], ""num_clusters"": 1, ""cluster_scores"": [0.11226873981525735]}"
105,rflbat,rflbat_final_distance_filter,"[1, 64, 31, 84, 60, 10, 40, 83, 26, 89]",[],"{""accepted_indices"": [0, 1, 2, 3, 4, 5, 6, 7, 8, 9, 1, 2, 3, 4, 5, 6, 7, 8, 9], ""eps2"": 6, ""distance_median"": 0.5474193173811747}"
106,rflbat,rflbat_first_distance_filter,"[0, 66, 40, 3, 91, 32, 44, 8, 39, 42, 66, 40, 3, 91, 32, 44, 8, 39, 42]",[],"{""accepted_indices"": [0, 1, 2, 3, 4, 5, 6, 7, 8, 9, 1, 2, 3, 4, 5, 6, 7, 8, 9], ""eps1"": 10, ""distance_median"": 0.4949322189053368}"
106,rflbat,rflbat_cluster_filter,"[40, 3, 91, 32, 44, 8, 39, 40, 3, 91, 32, 44, 8, 39]","[0, 66, 42]","{""accepted_indices"": [2, 3, 4, 5, 6, 7, 8, 2, 3, 4, 5, 6, 7, 8], ""num_clusters"": 3, ""cluster_scores"": [0.2581065086820246, 1, 0.6866564644623155]}"
106,rflbat,rflbat_final_distance_filter,"[40, 3, 91, 32, 44, 8, 39]","[0, 66, 42]","{""accepted_indices"": [2, 3, 4, 5, 6, 7, 8, 2, 3, 4, 5, 6, 7, 8], ""eps2"": 6, ""distance_median"": 0.30096416657450076}"
107,rflbat,rflbat_first_distance_filter,"[0, 54, 25, 36, 8, 59, 62, 77, 78, 4, 54, 25, 36, 8, 59, 62, 77, 78, 4]",[],"{""accepted_indices"": [0, 1, 2, 3, 4, 5, 6, 7, 8, 9, 1, 2, 3, 4, 5, 6, 7, 8, 9], ""eps1"": 10, ""distance_median"": 0.3970774636071709}"
107,rflbat,rflbat_cluster_filter,"[0, 54, 25, 36, 8, 59, 62, 77, 78, 4, 54, 25, 36, 8, 59, 62, 77, 78, 4]",[],"{""accepted_indices"": [0, 1, 2, 3, 4, 5, 6, 7, 8, 9, 1, 2, 3, 4, 5, 6, 7, 8, 9], ""num_clusters"": 1, ""cluster_scores"": [0.1275305485350677]}"
107,rflbat,rflbat_final_distance_filter,"[54, 25, 36, 8, 59, 62, 77, 78, 4]",[0],"{""accepted_indices"": [1, 2, 3, 4, 5, 6, 7, 8, 9, 1, 2, 3, 4, 5, 6, 7, 8, 9], ""eps2"": 6, ""distance_median"": 0.557317587234304}"
108,rflbat,rflbat_first_distance_filter,"[0, 45, 56, 38, 18, 23, 67, 78, 2, 1, 45, 56, 38, 18, 23, 67, 78, 2, 1]",[],"{""accepted_indices"": [0, 1, 2, 3, 4, 5, 6, 7, 8, 9, 1, 2, 3, 4, 5, 6, 7, 8, 9], ""eps1"": 10, ""distance_median"": 0.31375501107545056}"
108,rflbat,rflbat_cluster_filter,"[0, 45, 56, 38, 18, 23, 67, 78, 2, 1, 45, 56, 38, 18, 23, 67, 78, 2, 1]",[],"{""accepted_indices"": [0, 1, 2, 3, 4, 5, 6, 7, 8, 9, 1, 2, 3, 4, 5, 6, 7, 8, 9], ""num_clusters"": 1, ""cluster_scores"": [0.1055520333651166]}"
108,rflbat,rflbat_final_distance_filter,"[45, 56, 38, 18, 23, 67, 78, 2, 1]",[0],"{""accepted_indices"": [1, 2, 3, 4, 5, 6, 7, 8, 9, 1, 2, 3, 4, 5, 6, 7, 8, 9], ""eps2"": 6, ""distance_median"": 0.4133281830575717}"
109,rflbat,rflbat_first_distance_filter,"[3, 6, 45, 53, 71, 95, 97, 67, 43, 26, 6, 45, 53, 71, 95, 97, 67, 43, 26]",[],"{""accepted_indices"": [0, 1, 2, 3, 4, 5, 6, 7, 8, 9, 1, 2, 3, 4, 5, 6, 7, 8, 9], ""eps1"": 10, ""distance_median"": 0.23922291029315831}"
109,rflbat,rflbat_cluster_filter,"[3, 6, 45, 53, 71, 95, 97, 67, 43, 26, 6, 45, 53, 71, 95, 97, 67, 43, 26]",[],"{""accepted_indices"": [0, 1, 2, 3, 4, 5, 6, 7, 8, 9, 1, 2, 3, 4, 5, 6, 7, 8, 9], ""num_clusters"": 1, ""cluster_scores"": [0.10760060868336598]}"
109,rflbat,rflbat_final_distance_filter,"[3, 6, 45, 53, 71, 95, 97, 67, 43, 26]",[],"{""accepted_indices"": [0, 1, 2, 3, 4, 5, 6, 7, 8, 9, 1, 2, 3, 4, 5, 6, 7, 8, 9], ""eps2"": 6, ""distance_median"": 0.43649532182561507}"
110,rflbat,rflbat_first_distance_filter,"[0, 67, 43, 68, 4, 19, 9, 80, 17, 25, 67, 43, 68, 4, 19, 9, 80, 17, 25]",[],"{""accepted_indices"": [0, 1, 2, 3, 4, 5, 6, 7, 8, 9, 1, 2, 3, 4, 5, 6, 7, 8, 9], ""eps1"": 10, ""distance_median"": 0.36174622968679526}"
110,rflbat,rflbat_cluster_filter,"[67, 43, 4, 19, 9, 80, 17, 25, 67, 43, 4, 19, 9, 80, 17, 25]","[0, 68]","{""accepted_indices"": [1, 2, 4, 5, 6, 7, 8, 9, 1, 2, 4, 5, 6, 7, 8, 9], ""num_clusters"": 3, ""cluster_scores"": [1.0000000000012124, 1, 0.10793951908959509]}"
110,rflbat,rflbat_final_distance_filter,"[67, 43, 4, 19, 9, 80, 17, 25]","[0, 68]","{""accepted_indices"": [1, 2, 4, 5, 6, 7, 8, 9, 1, 2, 4, 5, 6, 7, 8, 9], ""eps2"": 6, ""distance_median"": 0.10524577532909274}"
111,rflbat,rflbat_first_distance_filter,"[1, 74, 80, 55, 44, 21, 0, 66, 79, 52, 74, 80, 55, 44, 21, 0, 66, 79, 52]",[],"{""accepted_indices"": [0, 1, 2, 3, 4, 5, 6, 7, 8, 9, 1, 2, 3, 4, 5, 6, 7, 8, 9], ""eps1"": 10, ""distance_median"": 0.33140543972063913}"
111,rflbat,rflbat_cluster_filter,"[1, 74, 80, 55, 44, 21, 0, 66, 79, 52, 74, 80, 55, 44, 21, 0, 66, 79, 52]",[],"{""accepted_indices"": [0, 1, 2, 3, 4, 5, 6, 7, 8, 9, 1, 2, 3, 4, 5, 6, 7, 8, 9], ""num_clusters"": 1, ""cluster_scores"": [0.12431488789195445]}"
111,rflbat,rflbat_final_distance_filter,"[1, 74, 80, 55, 44, 21, 0, 66, 79, 52]",[],"{""accepted_indices"": [0, 1, 2, 3, 4, 5, 6, 7, 8, 9, 1, 2, 3, 4, 5, 6, 7, 8, 9], ""eps2"": 6, ""distance_median"": 0.6410247826578461}"
112,rflbat,rflbat_first_distance_filter,"[4, 95, 60, 61, 52, 36, 67, 48, 44, 56, 95, 60, 61, 52, 36, 67, 48, 44, 56]",[],"{""accepted_indices"": [0, 1, 2, 3, 4, 5, 6, 7, 8, 9, 1, 2, 3, 4, 5, 6, 7, 8, 9], ""eps1"": 10, ""distance_median"": 0.26375185227892295}"
112,rflbat,rflbat_cluster_filter,"[4, 95, 60, 61, 52, 36, 67, 48, 44, 56, 95, 60, 61, 52, 36, 67, 48, 44, 56]",[],"{""accepted_indices"": [0, 1, 2, 3, 4, 5, 6, 7, 8, 9, 1, 2, 3, 4, 5, 6, 7, 8, 9], ""num_clusters"": 1, ""cluster_scores"": [0.07528295224843516]}"
112,rflbat,rflbat_final_distance_filter,"[4, 95, 60, 61, 52, 36, 67, 48, 44, 56]",[],"{""accepted_indices"": [0, 1, 2, 3, 4, 5, 6, 7, 8, 9, 1, 2, 3, 4, 5, 6, 7, 8, 9], ""eps2"": 6, ""distance_median"": 0.41340665881974314}"
113,rflbat,rflbat_first_distance_filter,"[2, 48, 8, 9, 27, 45, 31, 92, 67, 75, 48, 8, 9, 27, 45, 31, 92, 67, 75]",[],"{""accepted_indices"": [0, 1, 2, 3, 4, 5, 6, 7, 8, 9, 1, 2, 3, 4, 5, 6, 7, 8, 9], ""eps1"": 10, ""distance_median"": 0.33578757755104977}"
113,rflbat,rflbat_cluster_filter,"[2, 8, 9, 27, 45, 31, 92, 67, 75, 8, 9, 27, 45, 31, 92, 67, 75]",[48],"{""accepted_indices"": [0, 2, 3, 4, 5, 6, 7, 8, 9, 2, 3, 4, 5, 6, 7, 8, 9], ""num_clusters"": 2, ""cluster_scores"": [0.12204149635766433, 1.0000000000026381]}"
113,rflbat,rflbat_final_distance_filter,"[2, 8, 9, 27, 45, 31, 92, 67, 75]",[48],"{""accepted_indices"": [0, 2, 3, 4, 5, 6, 7, 8, 9, 2, 3, 4, 5, 6, 7, 8, 9], ""eps2"": 6, ""distance_median"": 0.4286828900562462}"
114,rflbat,rflbat_first_distance_filter,"[0, 12, 75, 66, 88, 19, 27, 68, 28, 82, 12, 75, 66, 88, 19, 27, 68, 28, 82]",[],"{""accepted_indices"": [0, 1, 2, 3, 4, 5, 6, 7, 8, 9, 1, 2, 3, 4, 5, 6, 7, 8, 9], ""eps1"": 10, ""distance_median"": 0.3433641868347711}"
114,rflbat,rflbat_cluster_filter,"[0, 12, 75, 66, 88, 19, 27, 68, 28, 82, 12, 75, 66, 88, 19, 27, 68, 28, 82]",[],"{""accepted_indices"": [0, 1, 2, 3, 4, 5, 6, 7, 8, 9, 1, 2, 3, 4, 5, 6, 7, 8, 9], ""num_clusters"": 1, ""cluster_scores"": [0.1531217946642106]}"
114,rflbat,rflbat_final_distance_filter,"[12, 75, 66, 88, 19, 27, 68, 28, 82]",[0],"{""accepted_indices"": [1, 2, 3, 4, 5, 6, 7, 8, 9, 1, 2, 3, 4, 5, 6, 7, 8, 9], ""eps2"": 6, ""distance_median"": 0.49563862497702327}"
115,rflbat,rflbat_first_distance_filter,"[4, 21, 48, 7, 32, 8, 56, 31, 99, 84, 21, 48, 7, 32, 8, 56, 31, 99, 84]",[],"{""accepted_indices"": [0, 1, 2, 3, 4, 5, 6, 7, 8, 9, 1, 2, 3, 4, 5, 6, 7, 8, 9], ""eps1"": 10, ""distance_median"": 0.23483420541718397}"
115,rflbat,rflbat_cluster_filter,"[4, 21, 48, 7, 32, 8, 56, 31, 99, 84, 21, 48, 7, 32, 8, 56, 31, 99, 84]",[],"{""accepted_indices"": [0, 1, 2, 3, 4, 5, 6, 7, 8, 9, 1, 2, 3, 4, 5, 6, 7, 8, 9], ""num_clusters"": 1, ""cluster_scores"": [0.2765318787311405]}"
115,rflbat,rflbat_final_distance_filter,"[4, 21, 48, 7, 32, 8, 56, 31, 99, 84]",[],"{""accepted_indices"": [0, 1, 2, 3, 4, 5, 6, 7, 8, 9, 1, 2, 3, 4, 5, 6, 7, 8, 9], ""eps2"": 6, ""distance_median"": 0.39455100736769244}"
116,rflbat,rflbat_first_distance_filter,"[4, 16, 83, 50, 89, 63, 93, 65, 14, 24, 16, 83, 50, 89, 63, 93, 65, 14, 24]",[],"{""accepted_indices"": [0, 1, 2, 3, 4, 5, 6, 7, 8, 9, 1, 2, 3, 4, 5, 6, 7, 8, 9], ""eps1"": 10, ""distance_median"": 0.1564107747394147}"
116,rflbat,rflbat_cluster_filter,"[4, 16, 83, 50, 89, 63, 93, 65, 14, 24, 16, 83, 50, 89, 63, 93, 65, 14, 24]",[],"{""accepted_indices"": [0, 1, 2, 3, 4, 5, 6, 7, 8, 9, 1, 2, 3, 4, 5, 6, 7, 8, 9], ""num_clusters"": 1, ""cluster_scores"": [0.15140201227474226]}"
116,rflbat,rflbat_final_distance_filter,"[4, 16, 83, 50, 89, 63, 93, 65, 14, 24]",[],"{""accepted_indices"": [0, 1, 2, 3, 4, 5, 6, 7, 8, 9, 1, 2, 3, 4, 5, 6, 7, 8, 9], ""eps2"": 6, ""distance_median"": 0.2875668394190196}"
117,rflbat,rflbat_first_distance_filter,"[1, 87, 54, 75, 84, 74, 99, 30, 69, 91, 87, 54, 75, 84, 74, 99, 30, 69, 91]",[],"{""accepted_indices"": [0, 1, 2, 3, 4, 5, 6, 7, 8, 9, 1, 2, 3, 4, 5, 6, 7, 8, 9], ""eps1"": 10, ""distance_median"": 0.22449201134167787}"
117,rflbat,rflbat_cluster_filter,"[1, 87, 54, 75, 84, 74, 99, 30, 69, 91, 87, 54, 75, 84, 74, 99, 30, 69, 91]",[],"{""accepted_indices"": [0, 1, 2, 3, 4, 5, 6, 7, 8, 9, 1, 2, 3, 4, 5, 6, 7, 8, 9], ""num_clusters"": 1, ""cluster_scores"": [0.10961155804289235]}"
117,rflbat,rflbat_final_distance_filter,"[1, 87, 54, 75, 84, 74, 99, 30, 69, 91]",[],"{""accepted_indices"": [0, 1, 2, 3, 4, 5, 6, 7, 8, 9, 1, 2, 3, 4, 5, 6, 7, 8, 9], ""eps2"": 6, ""distance_median"": 0.4282384530520498}"
118,rflbat,rflbat_first_distance_filter,"[3, 0, 45, 80, 99, 96, 26, 33, 67, 11, 0, 45, 80, 99, 96, 26, 33, 67, 11]",[],"{""accepted_indices"": [0, 1, 2, 3, 4, 5, 6, 7, 8, 9, 1, 2, 3, 4, 5, 6, 7, 8, 9], ""eps1"": 10, ""distance_median"": 0.4090901736365198}"
118,rflbat,rflbat_cluster_filter,"[3, 0, 45, 80, 99, 96, 26, 33, 67, 11, 0, 45, 80, 99, 96, 26, 33, 67, 11]",[],"{""accepted_indices"": [0, 1, 2, 3, 4, 5, 6, 7, 8, 9, 1, 2, 3, 4, 5, 6, 7, 8, 9], ""num_clusters"": 1, ""cluster_scores"": [0.07804381745710448]}"
118,rflbat,rflbat_final_distance_filter,"[3, 0, 45, 80, 99, 96, 26, 33, 67, 11]",[],"{""accepted_indices"": [0, 1, 2, 3, 4, 5, 6, 7, 8, 9, 1, 2, 3, 4, 5, 6, 7, 8, 9], ""eps2"": 6, ""distance_median"": 0.805984830999557}"
119,rflbat,rflbat_first_distance_filter,"[2, 62, 11, 58, 0, 70, 61, 74, 76, 32, 62, 11, 58, 0, 70, 61, 74, 76, 32]",[],"{""accepted_indices"": [0, 1, 2, 3, 4, 5, 6, 7, 8, 9, 1, 2, 3, 4, 5, 6, 7, 8, 9], ""eps1"": 10, ""distance_median"": 0.29834168554494056}"
119,rflbat,rflbat_cluster_filter,"[2, 62, 11, 58, 0, 70, 61, 74, 76, 32, 62, 11, 58, 0, 70, 61, 74, 76, 32]",[],"{""accepted_indices"": [0, 1, 2, 3, 4, 5, 6, 7, 8, 9, 1, 2, 3, 4, 5, 6, 7, 8, 9], ""num_clusters"": 1, ""cluster_scores"": [0.12114556109101605]}"
119,rflbat,rflbat_final_distance_filter,"[2, 62, 11, 58, 0, 70, 61, 74, 76, 32]",[],"{""accepted_indices"": [0, 1, 2, 3, 4, 5, 6, 7, 8, 9, 1, 2, 3, 4, 5, 6, 7, 8, 9], ""eps2"": 6, ""distance_median"": 0.5303849238089522}"
120,rflbat,rflbat_first_distance_filter,"[2, 69, 5, 74, 38, 76, 61, 33, 19, 77, 69, 5, 74, 38, 76, 61, 33, 19, 77]",[],"{""accepted_indices"": [0, 1, 2, 3, 4, 5, 6, 7, 8, 9, 1, 2, 3, 4, 5, 6, 7, 8, 9], ""eps1"": 10, ""distance_median"": 0.23824240056972318}"
120,rflbat,rflbat_cluster_filter,"[2, 69, 5, 74, 38, 76, 61, 33, 19, 77, 69, 5, 74, 38, 76, 61, 33, 19, 77]",[],"{""accepted_indices"": [0, 1, 2, 3, 4, 5, 6, 7, 8, 9, 1, 2, 3, 4, 5, 6, 7, 8, 9], ""num_clusters"": 1, ""cluster_scores"": [0.14914660487350678]}"
120,rflbat,rflbat_final_distance_filter,"[2, 69, 5, 74, 38, 76, 61, 33, 19, 77]",[],"{""accepted_indices"": [0, 1, 2, 3, 4, 5, 6, 7, 8, 9, 1, 2, 3, 4, 5, 6, 7, 8, 9], ""eps2"": 6, ""distance_median"": 0.4088218059405233}"
121,rflbat,rflbat_first_distance_filter,"[2, 93, 89, 83, 87, 77, 74, 84, 60, 6, 93, 89, 83, 87, 77, 74, 84, 60, 6]",[],"{""accepted_indices"": [0, 1, 2, 3, 4, 5, 6, 7, 8, 9, 1, 2, 3, 4, 5, 6, 7, 8, 9], ""eps1"": 10, ""distance_median"": 0.12036604572215849}"
121,rflbat,rflbat_cluster_filter,"[93, 89, 83, 87, 77, 74, 84, 60, 6, 93, 89, 83, 87, 77, 74, 84, 60, 6]",[2],"{""accepted_indices"": [1, 2, 3, 4, 5, 6, 7, 8, 9, 1, 2, 3, 4, 5, 6, 7, 8, 9], ""num_clusters"": 2, ""cluster_scores"": [0.15939627537371664, 1]}"
121,rflbat,rflbat_final_distance_filter,"[93, 89, 83, 87, 77, 74, 84, 60, 6]",[2],"{""accepted_indices"": [1, 2, 3, 4, 5, 6, 7, 8, 9, 1, 2, 3, 4, 5, 6, 7, 8, 9], ""eps2"": 6, ""distance_median"": 0.14456949072542596}"
122,rflbat,rflbat_first_distance_filter,"[0, 87, 15, 83, 40, 92, 71, 30, 44, 4, 87, 15, 83, 40, 92, 71, 30, 44, 4]",[],"{""accepted_indices"": [0, 1, 2, 3, 4, 5, 6, 7, 8, 9, 1, 2, 3, 4, 5, 6, 7, 8, 9], ""eps1"": 10, ""distance_median"": 0.2944424210804895}"
122,rflbat,rflbat_cluster_filter,"[0, 87, 15, 83, 40, 92, 71, 30, 44, 4, 87, 15, 83, 40, 92, 71, 30, 44, 4]",[],"{""accepted_indices"": [0, 1, 2, 3, 4, 5, 6, 7, 8, 9, 1, 2, 3, 4, 5, 6, 7, 8, 9], ""num_clusters"": 1, ""cluster_scores"": [0.1259426101113427]}"
122,rflbat,rflbat_final_distance_filter,"[0, 87, 15, 83, 40, 92, 71, 30, 44, 4]",[],"{""accepted_indices"": [0, 1, 2, 3, 4, 5, 6, 7, 8, 9, 1, 2, 3, 4, 5, 6, 7, 8, 9], ""eps2"": 6, ""distance_median"": 0.4362135076035155}"
123,rflbat,rflbat_first_distance_filter,"[0, 49, 64, 61, 93, 9, 66, 35, 6, 67, 49, 64, 61, 93, 9, 66, 35, 6, 67]",[],"{""accepted_indices"": [0, 1, 2, 3, 4, 5, 6, 7, 8, 9, 1, 2, 3, 4, 5, 6, 7, 8, 9], ""eps1"": 10, ""distance_median"": 0.24486805919770116}"
123,rflbat,rflbat_cluster_filter,"[0, 49, 64, 61, 93, 9, 66, 35, 6, 67, 49, 64, 61, 93, 9, 66, 35, 6, 67]",[],"{""accepted_indices"": [0, 1, 2, 3, 4, 5, 6, 7, 8, 9, 1, 2, 3, 4, 5, 6, 7, 8, 9], ""num_clusters"": 1, ""cluster_scores"": [0.18532895171628647]}"
123,rflbat,rflbat_final_distance_filter,"[49, 64, 61, 93, 9, 66, 35, 6, 67]",[0],"{""accepted_indices"": [1, 2, 3, 4, 5, 6, 7, 8, 9, 1, 2, 3, 4, 5, 6, 7, 8, 9], ""eps2"": 6, ""distance_median"": 0.3615920245901519}"
124,rflbat,rflbat_first_distance_filter,"[0, 37, 25, 89, 77, 52, 29, 93, 98, 26, 37, 25, 89, 77, 52, 29, 93, 98, 26]",[],"{""accepted_indices"": [0, 1, 2, 3, 4, 5, 6, 7, 8, 9, 1, 2, 3, 4, 5, 6, 7, 8, 9], ""eps1"": 10, ""distance_median"": 0.2107346408333107}"
124,rflbat,rflbat_cluster_filter,"[0, 37, 25, 89, 77, 52, 29, 93, 98, 26, 37, 25, 89, 77, 52, 29, 93, 98, 26]",[],"{""accepted_indices"": [0, 1, 2, 3, 4, 5, 6, 7, 8, 9, 1, 2, 3, 4, 5, 6, 7, 8, 9], ""num_clusters"": 1, ""cluster_scores"": [0.16388200143552817]}"
124,rflbat,rflbat_final_distance_filter,"[37, 25, 89, 77, 52, 29, 93, 98, 26]",[0],"{""accepted_indices"": [1, 2, 3, 4, 5, 6, 7, 8, 9, 1, 2, 3, 4, 5, 6, 7, 8, 9], ""eps2"": 6, ""distance_median"": 0.30006768610009765}"
125,rflbat,rflbat_first_distance_filter,"[3, 31, 59, 81, 36, 29, 10, 44, 7, 83, 31, 59, 81, 36, 29, 10, 44, 7, 83]",[],"{""accepted_indices"": [0, 1, 2, 3, 4, 5, 6, 7, 8, 9, 1, 2, 3, 4, 5, 6, 7, 8, 9], ""eps1"": 10, ""distance_median"": 0.21571384935708515}"
125,rflbat,rflbat_cluster_filter,"[3, 31, 59, 81, 36, 29, 44, 7, 83, 31, 59, 81, 36, 29, 44, 7, 83]",[10],"{""accepted_indices"": [0, 1, 2, 3, 4, 5, 7, 8, 9, 1, 2, 3, 4, 5, 7, 8, 9], ""num_clusters"": 2, ""cluster_scores"": [1.0000000000026104, 0.08589835997299554]}"
125,rflbat,rflbat_final_distance_filter,"[3, 31, 59, 81, 36, 29, 44, 7, 83]",[10],"{""accepted_indices"": [0, 1, 2, 3, 4, 5, 7, 8, 9, 1, 2, 3, 4, 5, 7, 8, 9], ""eps2"": 6, ""distance_median"": 0.20327291361168168}"
126,rflbat,rflbat_first_distance_filter,"[2, 64, 33, 19, 18, 76, 90, 0, 50, 11, 64, 33, 19, 18, 76, 90, 0, 50, 11]",[],"{""accepted_indices"": [0, 1, 2, 3, 4, 5, 6, 7, 8, 9, 1, 2, 3, 4, 5, 6, 7, 8, 9], ""eps1"": 10, ""distance_median"": 0.23844261549300572}"
126,rflbat,rflbat_cluster_filter,"[2, 64, 33, 19, 18, 76, 90, 0, 50, 11, 64, 33, 19, 18, 76, 90, 0, 50, 11]",[],"{""accepted_indices"": [0, 1, 2, 3, 4, 5, 6, 7, 8, 9, 1, 2, 3, 4, 5, 6, 7, 8, 9], ""num_clusters"": 1, ""cluster_scores"": [0.09842749714683356]}"
126,rflbat,rflbat_final_distance_filter,"[2, 64, 33, 19, 18, 76, 90, 0, 50, 11]",[],"{""accepted_indices"": [0, 1, 2, 3, 4, 5, 6, 7, 8, 9, 1, 2, 3, 4, 5, 6, 7, 8, 9], ""eps2"": 6, ""distance_median"": 0.4249420423092551}"
127,rflbat,rflbat_first_distance_filter,"[1, 38, 75, 66, 11, 17, 83, 56, 29, 79, 38, 75, 66, 11, 17, 83, 56, 29, 79]",[],"{""accepted_indices"": [0, 1, 2, 3, 4, 5, 6, 7, 8, 9, 1, 2, 3, 4, 5, 6, 7, 8, 9], ""eps1"": 10, ""distance_median"": 0.21284958037603405}"
127,rflbat,rflbat_cluster_filter,"[1, 38, 75, 66, 11, 17, 83, 56, 29, 79, 38, 75, 66, 11, 17, 83, 56, 29, 79]",[],"{""accepted_indices"": [0, 1, 2, 3, 4, 5, 6, 7, 8, 9, 1, 2, 3, 4, 5, 6, 7, 8, 9], ""num_clusters"": 1, ""cluster_scores"": [0.21554548714867572]}"
127,rflbat,rflbat_final_distance_filter,"[1, 38, 75, 66, 11, 17, 83, 56, 29, 79]",[],"{""accepted_indices"": [0, 1, 2, 3, 4, 5, 6, 7, 8, 9, 1, 2, 3, 4, 5, 6, 7, 8, 9], ""eps2"": 6, ""distance_median"": 0.34301544749678925}"
128,rflbat,rflbat_first_distance_filter,"[1, 20, 35, 59, 21, 12, 95, 61, 71, 7, 20, 35, 59, 21, 12, 95, 61, 71, 7]",[],"{""accepted_indices"": [0, 1, 2, 3, 4, 5, 6, 7, 8, 9, 1, 2, 3, 4, 5, 6, 7, 8, 9], ""eps1"": 10, ""distance_median"": 0.17064855102999577}"
128,rflbat,rflbat_cluster_filter,"[1, 20, 35, 59, 21, 12, 95, 61, 71, 7, 20, 35, 59, 21, 12, 95, 61, 71, 7]",[],"{""accepted_indices"": [0, 1, 2, 3, 4, 5, 6, 7, 8, 9, 1, 2, 3, 4, 5, 6, 7, 8, 9], ""num_clusters"": 1, ""cluster_scores"": [0.15547932043184748]}"
128,rflbat,rflbat_final_distance_filter,"[1, 20, 35, 59, 21, 12, 95, 61, 71, 7]",[],"{""accepted_indices"": [0, 1, 2, 3, 4, 5, 6, 7, 8, 9, 1, 2, 3, 4, 5, 6, 7, 8, 9], ""eps2"": 6, ""distance_median"": 0.3379196779224158}"
129,rflbat,rflbat_first_distance_filter,"[1, 88, 18, 39, 55, 65, 96, 84, 52, 42, 88, 18, 39, 55, 65, 96, 84, 52, 42]",[],"{""accepted_indices"": [0, 1, 2, 3, 4, 5, 6, 7, 8, 9, 1, 2, 3, 4, 5, 6, 7, 8, 9], ""eps1"": 10, ""distance_median"": 0.2944700128354205}"
129,rflbat,rflbat_cluster_filter,"[1, 88, 18, 39, 55, 65, 84, 52, 42, 88, 18, 39, 55, 65, 84, 52, 42]",[96],"{""accepted_indices"": [0, 1, 2, 3, 4, 5, 7, 8, 9, 1, 2, 3, 4, 5, 7, 8, 9], ""num_clusters"": 2, ""cluster_scores"": [0.1297620655561761, 1.0000000000029812]}"
129,rflbat,rflbat_final_distance_filter,"[1, 88, 18, 39, 55, 65, 84, 52, 42]",[96],"{""accepted_indices"": [0, 1, 2, 3, 4, 5, 7, 8, 9, 1, 2, 3, 4, 5, 7, 8, 9], ""eps2"": 6, ""distance_median"": 0.4535259264503846}"
130,rflbat,rflbat_first_distance_filter,"[3, 8, 46, 92, 22, 14, 86, 62, 21, 39, 8, 46, 92, 22, 14, 86, 62, 21, 39]",[],"{""accepted_indices"": [0, 1, 2, 3, 4, 5, 6, 7, 8, 9, 1, 2, 3, 4, 5, 6, 7, 8, 9], ""eps1"": 10, ""distance_median"": 0.21397238927985024}"
130,rflbat,rflbat_cluster_filter,"[3, 8, 46, 92, 22, 14, 86, 62, 21, 39, 8, 46, 92, 22, 14, 86, 62, 21, 39]",[],"{""accepted_indices"": [0, 1, 2, 3, 4, 5, 6, 7, 8, 9, 1, 2, 3, 4, 5, 6, 7, 8, 9], ""num_clusters"": 1, ""cluster_scores"": [0.1211551996752439]}"
130,rflbat,rflbat_final_distance_filter,"[3, 8, 46, 92, 22, 14, 86, 62, 21, 39]",[],"{""accepted_indices"": [0, 1, 2, 3, 4, 5, 6, 7, 8, 9, 1, 2, 3, 4, 5, 6, 7, 8, 9], ""eps2"": 6, ""distance_median"": 0.35188807315455967}"
131,rflbat,rflbat_first_distance_filter,"[2, 69, 24, 75, 17, 77, 47, 1, 21, 94, 69, 24, 75, 17, 77, 47, 1, 21, 94]",[],"{""accepted_indices"": [0, 1, 2, 3, 4, 5, 6, 7, 8, 9, 1, 2, 3, 4, 5, 6, 7, 8, 9], ""eps1"": 10, ""distance_median"": 0.24315444147069618}"
131,rflbat,rflbat_cluster_filter,"[2, 69, 24, 75, 17, 77, 47, 1, 21, 94, 69, 24, 75, 17, 77, 47, 1, 21, 94]",[],"{""accepted_indices"": [0, 1, 2, 3, 4, 5, 6, 7, 8, 9, 1, 2, 3, 4, 5, 6, 7, 8, 9], ""num_clusters"": 1, ""cluster_scores"": [0.10588146272469269]}"
131,rflbat,rflbat_final_distance_filter,"[2, 69, 24, 75, 17, 77, 47, 1, 21, 94]",[],"{""accepted_indices"": [0, 1, 2, 3, 4, 5, 6, 7, 8, 9, 1, 2, 3, 4, 5, 6, 7, 8, 9], ""eps2"": 6, ""distance_median"": 0.432337507711686}"
132,rflbat,rflbat_first_distance_filter,"[0, 33, 30, 54, 57, 64, 53, 26, 24, 35, 33, 30, 54, 57, 64, 53, 26, 24, 35]",[],"{""accepted_indices"": [0, 1, 2, 3, 4, 5, 6, 7, 8, 9, 1, 2, 3, 4, 5, 6, 7, 8, 9], ""eps1"": 10, ""distance_median"": 0.4459667004719585}"
132,rflbat,rflbat_cluster_filter,"[0, 33, 30, 54, 57, 64, 53, 26, 24, 35, 33, 30, 54, 57, 64, 53, 26, 24, 35]",[],"{""accepted_indices"": [0, 1, 2, 3, 4, 5, 6, 7, 8, 9, 1, 2, 3, 4, 5, 6, 7, 8, 9], ""num_clusters"": 1, ""cluster_scores"": [0.10589327578987269]}"
132,rflbat,rflbat_final_distance_filter,"[0, 33, 30, 54, 57, 64, 53, 26, 24, 35]",[],"{""accepted_indices"": [0, 1, 2, 3, 4, 5, 6, 7, 8, 9, 1, 2, 3, 4, 5, 6, 7, 8, 9], ""eps2"": 6, ""distance_median"": 0.6834846396021397}"
133,rflbat,rflbat_first_distance_filter,"[1, 66, 14, 46, 8, 37, 40, 63, 31, 30, 66, 14, 46, 8, 37, 40, 63, 31, 30]",[],"{""accepted_indices"": [0, 1, 2, 3, 4, 5, 6, 7, 8, 9, 1, 2, 3, 4, 5, 6, 7, 8, 9], ""eps1"": 10, ""distance_median"": 0.25174890340221756}"
133,rflbat,rflbat_cluster_filter,"[1, 66, 14, 46, 8, 37, 40, 63, 31, 30, 66, 14, 46, 8, 37, 40, 63, 31, 30]",[],"{""accepted_indices"": [0, 1, 2, 3, 4, 5, 6, 7, 8, 9, 1, 2, 3, 4, 5, 6, 7, 8, 9], ""num_clusters"": 1, ""cluster_scores"": [0.13183225104227692]}"
133,rflbat,rflbat_final_distance_filter,"[1, 66, 14, 46, 8, 37, 40, 63, 31, 30]",[],"{""accepted_indices"": [0, 1, 2, 3, 4, 5, 6, 7, 8, 9, 1, 2, 3, 4, 5, 6, 7, 8, 9], ""eps2"": 6, ""distance_median"": 0.5131112775941776}"
134,rflbat,rflbat_first_distance_filter,"[0, 78, 39, 74, 40, 21, 14, 83, 2, 16, 78, 39, 74, 40, 21, 14, 83, 2, 16]",[],"{""accepted_indices"": [0, 1, 2, 3, 4, 5, 6, 7, 8, 9, 1, 2, 3, 4, 5, 6, 7, 8, 9], ""eps1"": 10, ""distance_median"": 0.19135069248712822}"
134,rflbat,rflbat_cluster_filter,"[0, 78, 39, 74, 40, 21, 14, 83, 2, 16, 78, 39, 74, 40, 21, 14, 83, 2, 16]",[],"{""accepted_indices"": [0, 1, 2, 3, 4, 5, 6, 7, 8, 9, 1, 2, 3, 4, 5, 6, 7, 8, 9], ""num_clusters"": 1, ""cluster_scores"": [0.10568651853270694]}"
134,rflbat,rflbat_final_distance_filter,"[78, 39, 74, 40, 21, 14, 83, 2, 16]",[0],"{""accepted_indices"": [1, 2, 3, 4, 5, 6, 7, 8, 9, 1, 2, 3, 4, 5, 6, 7, 8, 9], ""eps2"": 6, ""distance_median"": 0.26198419373154447}"
135,rflbat,rflbat_first_distance_filter,"[4, 44, 96, 33, 18, 19, 95, 49, 55, 37, 44, 96, 33, 18, 19, 95, 49, 55, 37]",[],"{""accepted_indices"": [0, 1, 2, 3, 4, 5, 6, 7, 8, 9, 1, 2, 3, 4, 5, 6, 7, 8, 9], ""eps1"": 10, ""distance_median"": 0.16741147530685685}"
135,rflbat,rflbat_cluster_filter,"[4, 44, 96, 33, 18, 19, 95, 49, 55, 37, 44, 96, 33, 18, 19, 95, 49, 55, 37]",[],"{""accepted_indices"": [0, 1, 2, 3, 4, 5, 6, 7, 8, 9, 1, 2, 3, 4, 5, 6, 7, 8, 9], ""num_clusters"": 1, ""cluster_scores"": [0.11477748052787802]}"
135,rflbat,rflbat_final_distance_filter,"[4, 44, 96, 33, 18, 19, 95, 49, 55, 37]",[],"{""accepted_indices"": [0, 1, 2, 3, 4, 5, 6, 7, 8, 9, 1, 2, 3, 4, 5, 6, 7, 8, 9], ""eps2"": 6, ""distance_median"": 0.3407733699750842}"
136,rflbat,rflbat_first_distance_filter,"[3, 88, 43, 72, 45, 37, 50, 44, 27, 62, 88, 43, 72, 45, 37, 50, 44, 27, 62]",[],"{""accepted_indices"": [0, 1, 2, 3, 4, 5, 6, 7, 8, 9, 1, 2, 3, 4, 5, 6, 7, 8, 9], ""eps1"": 10, ""distance_median"": 0.22734117066367235}"
136,rflbat,rflbat_cluster_filter,"[3, 43, 72, 45, 37, 50, 44, 27, 62, 43, 72, 45, 37, 50, 44, 27, 62]",[88],"{""accepted_indices"": [0, 2, 3, 4, 5, 6, 7, 8, 9, 2, 3, 4, 5, 6, 7, 8, 9], ""num_clusters"": 2, ""cluster_scores"": [0.1174452034542065, 1.0000000000023719]}"
136,rflbat,rflbat_final_distance_filter,"[3, 43, 72, 45, 37, 50, 44, 27, 62]",[88],"{""accepted_indices"": [0, 2, 3, 4, 5, 6, 7, 8, 9, 2, 3, 4, 5, 6, 7, 8, 9], ""eps2"": 6, ""distance_median"": 0.2547692907468903}"
137,rflbat,rflbat_first_distance_filter,"[0, 50, 48, 55, 89, 68, 45, 73, 17, 75, 50, 48, 55, 89, 68, 45, 73, 17, 75]",[],"{""accepted_indices"": [0, 1, 2, 3, 4, 5, 6, 7, 8, 9, 1, 2, 3, 4, 5, 6, 7, 8, 9], ""eps1"": 10, ""distance_median"": 0.4292276963115683}"
137,rflbat,rflbat_cluster_filter,"[0, 50, 48, 55, 89, 68, 45, 73, 17, 75, 50, 48, 55, 89, 68, 45, 73, 17, 75]",[],"{""accepted_indices"": [0, 1, 2, 3, 4, 5, 6, 7, 8, 9, 1, 2, 3, 4, 5, 6, 7, 8, 9], ""num_clusters"": 1, ""cluster_scores"": [0.13366600632996248]}"
137,rflbat,rflbat_final_distance_filter,"[0, 50, 48, 55, 89, 68, 45, 73, 17, 75]",[],"{""accepted_indices"": [0, 1, 2, 3, 4, 5, 6, 7, 8, 9, 1, 2, 3, 4, 5, 6, 7, 8, 9], ""eps2"": 6, ""distance_median"": 0.6899878904787516}"
138,rflbat,rflbat_first_distance_filter,"[4, 78, 56, 12, 61, 10, 19, 14, 15, 82, 78, 56, 12, 61, 10, 19, 14, 15, 82]",[],"{""accepted_indices"": [0, 1, 2, 3, 4, 5, 6, 7, 8, 9, 1, 2, 3, 4, 5, 6, 7, 8, 9], ""eps1"": 10, ""distance_median"": 0.20916664942236168}"
138,rflbat,rflbat_cluster_filter,"[4, 78, 56, 12, 61, 10, 19, 14, 15, 82, 78, 56, 12, 61, 10, 19, 14, 15, 82]",[],"{""accepted_indices"": [0, 1, 2, 3, 4, 5, 6, 7, 8, 9, 1, 2, 3, 4, 5, 6, 7, 8, 9], ""num_clusters"": 1, ""cluster_scores"": [0.13078071605167457]}"
138,rflbat,rflbat_final_distance_filter,"[4, 78, 56, 12, 61, 10, 19, 14, 15, 82]",[],"{""accepted_indices"": [0, 1, 2, 3, 4, 5, 6, 7, 8, 9, 1, 2, 3, 4, 5, 6, 7, 8, 9], ""eps2"": 6, ""distance_median"": 0.42719250037696593}"
139,rflbat,rflbat_first_distance_filter,"[4, 30, 6, 14, 89, 45, 76, 52, 25, 88, 30, 6, 14, 89, 45, 76, 52, 25, 88]",[],"{""accepted_indices"": [0, 1, 2, 3, 4, 5, 6, 7, 8, 9, 1, 2, 3, 4, 5, 6, 7, 8, 9], ""eps1"": 10, ""distance_median"": 0.2099974997271244}"
139,rflbat,rflbat_cluster_filter,"[4, 6, 14, 89, 45, 76, 52, 88, 6, 14, 89, 45, 76, 52, 88]","[30, 25]","{""accepted_indices"": [0, 2, 3, 4, 5, 6, 7, 9, 2, 3, 4, 5, 6, 7, 9], ""num_clusters"": 2, ""cluster_scores"": [0.15369910030946102, 0.6570738352964982]}"
139,rflbat,rflbat_final_distance_filter,"[4, 6, 14, 89, 45, 76, 52, 88]","[30, 25]","{""accepted_indices"": [0, 2, 3, 4, 5, 6, 7, 9, 2, 3, 4, 5, 6, 7, 9], ""eps2"": 6, ""distance_median"": 0.23952670238607388}"
140,rflbat,rflbat_first_distance_filter,"[0, 10, 27, 82, 43, 50, 97, 18, 17, 55, 10, 27, 82, 43, 50, 97, 18, 17, 55]",[],"{""accepted_indices"": [0, 1, 2, 3, 4, 5, 6, 7, 8, 9, 1, 2, 3, 4, 5, 6, 7, 8, 9], ""eps1"": 10, ""distance_median"": 0.2882625650366084}"
140,rflbat,rflbat_cluster_filter,"[0, 10, 27, 82, 43, 50, 97, 18, 17, 55, 10, 27, 82, 43, 50, 97, 18, 17, 55]",[],"{""accepted_indices"": [0, 1, 2, 3, 4, 5, 6, 7, 8, 9, 1, 2, 3, 4, 5, 6, 7, 8, 9], ""num_clusters"": 1, ""cluster_scores"": [0.10586252611832461]}"
140,rflbat,rflbat_final_distance_filter,"[0, 10, 27, 82, 43, 50, 97, 18, 17, 55]",[],"{""accepted_indices"": [0, 1, 2, 3, 4, 5, 6, 7, 8, 9, 1, 2, 3, 4, 5, 6, 7, 8, 9], ""eps2"": 6, ""distance_median"": 0.42927282549947676}"
141,rflbat,rflbat_first_distance_filter,"[3, 30, 8, 51, 47, 4, 73, 54, 59, 55, 30, 8, 51, 47, 4, 73, 54, 59, 55]",[],"{""accepted_indices"": [0, 1, 2, 3, 4, 5, 6, 7, 8, 9, 1, 2, 3, 4, 5, 6, 7, 8, 9], ""eps1"": 10, ""distance_median"": 0.34274440322059746}"
141,rflbat,rflbat_cluster_filter,"[3, 30, 8, 51, 47, 4, 73, 54, 59, 55, 30, 8, 51, 47, 4, 73, 54, 59, 55]",[],"{""accepted_indices"": [0, 1, 2, 3, 4, 5, 6, 7, 8, 9, 1, 2, 3, 4, 5, 6, 7, 8, 9], ""num_clusters"": 1, ""cluster_scores"": [0.07509879658611694]}"
141,rflbat,rflbat_final_distance_filter,"[3, 30, 8, 51, 47, 4, 73, 54, 59, 55]",[],"{""accepted_indices"": [0, 1, 2, 3, 4, 5, 6, 7, 8, 9, 1, 2, 3, 4, 5, 6, 7, 8, 9], ""eps2"": 6, ""distance_median"": 0.6256701408071316}"
142,rflbat,rflbat_first_distance_filter,"[0, 96, 16, 1, 26, 33, 64, 48, 90, 46, 96, 16, 1, 26, 33, 64, 48, 90, 46]",[],"{""accepted_indices"": [0, 1, 2, 3, 4, 5, 6, 7, 8, 9, 1, 2, 3, 4, 5, 6, 7, 8, 9], ""eps1"": 10, ""distance_median"": 0.27421728054478467}"
142,rflbat,rflbat_cluster_filter,"[0, 96, 16, 1, 26, 33, 64, 48, 90, 46, 96, 16, 1, 26, 33, 64, 48, 90, 46]",[],"{""accepted_indices"": [0, 1, 2, 3, 4, 5, 6, 7, 8, 9, 1, 2, 3, 4, 5, 6, 7, 8, 9], ""num_clusters"": 1, ""cluster_scores"": [0.15719611611131595]}"
142,rflbat,rflbat_final_distance_filter,"[0, 96, 16, 1, 26, 33, 64, 48, 90, 46]",[],"{""accepted_indices"": [0, 1, 2, 3, 4, 5, 6, 7, 8, 9, 1, 2, 3, 4, 5, 6, 7, 8, 9], ""eps2"": 6, ""distance_median"": 0.42147459037028123}"
143,rflbat,rflbat_first_distance_filter,"[2, 70, 47, 32, 69, 58, 63, 79, 80, 49, 70, 47, 32, 69, 58, 63, 79, 80, 49]",[],"{""accepted_indices"": [0, 1, 2, 3, 4, 5, 6, 7, 8, 9, 1, 2, 3, 4, 5, 6, 7, 8, 9], ""eps1"": 10, ""distance_median"": 0.1901567408224057}"
143,rflbat,rflbat_cluster_filter,"[2, 70, 47, 32, 69, 58, 63, 79, 80, 49, 70, 47, 32, 69, 58, 63, 79, 80, 49]",[],"{""accepted_indices"": [0, 1, 2, 3, 4, 5, 6, 7, 8, 9, 1, 2, 3, 4, 5, 6, 7, 8, 9], ""num_clusters"": 1, ""cluster_scores"": [0.1258933923800268]}"
143,rflbat,rflbat_final_distance_filter,"[2, 70, 47, 32, 69, 58, 63, 79, 80, 49]",[],"{""accepted_indices"": [0, 1, 2, 3, 4, 5, 6, 7, 8, 9, 1, 2, 3, 4, 5, 6, 7, 8, 9], ""eps2"": 6, ""distance_median"": 0.356901463629978}"
144,rflbat,rflbat_first_distance_filter,"[0, 2, 45, 31, 92, 63, 75, 83, 7, 40, 2, 45, 31, 92, 63, 75, 83, 7, 40]",[],"{""accepted_indices"": [0, 1, 2, 3, 4, 5, 6, 7, 8, 9, 1, 2, 3, 4, 5, 6, 7, 8, 9], ""eps1"": 10, ""distance_median"": 0.2077661266585818}"
144,rflbat,rflbat_cluster_filter,"[0, 2, 45, 31, 92, 63, 75, 83, 7, 40, 2, 45, 31, 92, 63, 75, 83, 7, 40]",[],"{""accepted_indices"": [0, 1, 2, 3, 4, 5, 6, 7, 8, 9, 1, 2, 3, 4, 5, 6, 7, 8, 9], ""num_clusters"": 1, ""cluster_scores"": [0.09927045409971313]}"
144,rflbat,rflbat_final_distance_filter,"[0, 2, 45, 31, 92, 63, 75, 83, 7, 40]",[],"{""accepted_indices"": [0, 1, 2, 3, 4, 5, 6, 7, 8, 9, 1, 2, 3, 4, 5, 6, 7, 8, 9], ""eps2"": 6, ""distance_median"": 0.313213898164086}"
145,rflbat,rflbat_first_distance_filter,"[3, 31, 13, 6, 32, 52, 70, 0, 94, 38, 31, 13, 6, 32, 52, 70, 0, 94, 38]",[],"{""accepted_indices"": [0, 1, 2, 3, 4, 5, 6, 7, 8, 9, 1, 2, 3, 4, 5, 6, 7, 8, 9], ""eps1"": 10, ""distance_median"": 0.24927721795251162}"
145,rflbat,rflbat_cluster_filter,"[3, 31, 13, 6, 32, 52, 70, 0, 94, 38, 31, 13, 6, 32, 52, 70, 0, 94, 38]",[],"{""accepted_indices"": [0, 1, 2, 3, 4, 5, 6, 7, 8, 9, 1, 2, 3, 4, 5, 6, 7, 8, 9], ""num_clusters"": 1, ""cluster_scores"": [0.1315510660114377]}"
145,rflbat,rflbat_final_distance_filter,"[3, 31, 13, 6, 32, 52, 70, 0, 94, 38]",[],"{""accepted_indices"": [0, 1, 2, 3, 4, 5, 6, 7, 8, 9, 1, 2, 3, 4, 5, 6, 7, 8, 9], ""eps2"": 6, ""distance_median"": 0.48485672328324325}"
146,rflbat,rflbat_first_distance_filter,"[2, 84, 81, 3, 78, 97, 88, 7, 6, 52, 84, 81, 3, 78, 97, 88, 7, 6, 52]",[],"{""accepted_indices"": [0, 1, 2, 3, 4, 5, 6, 7, 8, 9, 1, 2, 3, 4, 5, 6, 7, 8, 9], ""eps1"": 10, ""distance_median"": 0.2039506275148542}"
146,rflbat,rflbat_cluster_filter,"[2, 84, 81, 3, 78, 97, 88, 7, 6, 52, 84, 81, 3, 78, 97, 88, 7, 6, 52]",[],"{""accepted_indices"": [0, 1, 2, 3, 4, 5, 6, 7, 8, 9, 1, 2, 3, 4, 5, 6, 7, 8, 9], ""num_clusters"": 1, ""cluster_scores"": [0.14287488755445538]}"
146,rflbat,rflbat_final_distance_filter,"[2, 84, 81, 3, 78, 97, 88, 7, 6, 52]",[],"{""accepted_indices"": [0, 1, 2, 3, 4, 5, 6, 7, 8, 9, 1, 2, 3, 4, 5, 6, 7, 8, 9], ""eps2"": 6, ""distance_median"": 0.39754911315385083}"
147,rflbat,rflbat_first_distance_filter,"[1, 21, 13, 8, 39, 40, 74, 10, 96, 26, 21, 13, 8, 39, 40, 74, 10, 96, 26]",[],"{""accepted_indices"": [0, 1, 2, 3, 4, 5, 6, 7, 8, 9, 1, 2, 3, 4, 5, 6, 7, 8, 9], ""eps1"": 10, ""distance_median"": 0.349888147882635}"
147,rflbat,rflbat_cluster_filter,"[1, 21, 13, 8, 39, 40, 74, 10, 96, 26, 21, 13, 8, 39, 40, 74, 10, 96, 26]",[],"{""accepted_indices"": [0, 1, 2, 3, 4, 5, 6, 7, 8, 9, 1, 2, 3, 4, 5, 6, 7, 8, 9], ""num_clusters"": 1, ""cluster_scores"": [0.10869240864845214]}"
147,rflbat,rflbat_final_distance_filter,"[1, 21, 13, 8, 39, 40, 74, 10, 96, 26]",[],"{""accepted_indices"": [0, 1, 2, 3, 4, 5, 6, 7, 8, 9, 1, 2, 3, 4, 5, 6, 7, 8, 9], ""eps2"": 6, ""distance_median"": 0.7005866436480417}"
148,rflbat,rflbat_first_distance_filter,"[1, 68, 34, 78, 19, 52, 15, 96, 83, 35, 68, 34, 78, 19, 52, 15, 96, 83, 35]",[],"{""accepted_indices"": [0, 1, 2, 3, 4, 5, 6, 7, 8, 9, 1, 2, 3, 4, 5, 6, 7, 8, 9], ""eps1"": 10, ""distance_median"": 0.21789353820228144}"
148,rflbat,rflbat_cluster_filter,"[1, 68, 34, 78, 19, 52, 15, 96, 83, 35, 68, 34, 78, 19, 52, 15, 96, 83, 35]",[],"{""accepted_indices"": [0, 1, 2, 3, 4, 5, 6, 7, 8, 9, 1, 2, 3, 4, 5, 6, 7, 8, 9], ""num_clusters"": 1, ""cluster_scores"": [0.15942354587886348]}"
148,rflbat,rflbat_final_distance_filter,"[1, 68, 34, 78, 19, 52, 15, 96, 83, 35]",[],"{""accepted_indices"": [0, 1, 2, 3, 4, 5, 6, 7, 8, 9, 1, 2, 3, 4, 5, 6, 7, 8, 9], ""eps2"": 6, ""distance_median"": 0.4239988148267298}"
149,rflbat,rflbat_first_distance_filter,"[4, 74, 72, 97, 80, 27, 7, 56, 19, 79, 74, 72, 97, 80, 27, 7, 56, 19, 79]",[],"{""accepted_indices"": [0, 1, 2, 3, 4, 5, 6, 7, 8, 9, 1, 2, 3, 4, 5, 6, 7, 8, 9], ""eps1"": 10, ""distance_median"": 0.16333590399860465}"
149,rflbat,rflbat_cluster_filter,"[4, 74, 7, 56, 19, 79, 74, 7, 56, 19, 79]","[72, 97, 80, 27]","{""accepted_indices"": [0, 1, 6, 7, 8, 9, 1, 6, 7, 8, 9], ""num_clusters"": 4, ""cluster_scores"": [0.17467119017718952, 1.000000000001048, 1.0000000000014495, 0.5623867776568704]}"
149,rflbat,rflbat_final_distance_filter,"[4, 74, 7, 56, 19, 79]","[72, 97, 80, 27]","{""accepted_indices"": [0, 1, 6, 7, 8, 9, 1, 6, 7, 8, 9], ""eps2"": 6, ""distance_median"": 0.038729814703926634}"
150,rflbat,rflbat_first_distance_filter,"[3, 4, 84, 82, 64, 39, 31, 2, 44, 25, 4, 84, 82, 64, 39, 31, 2, 44, 25]",[],"{""accepted_indices"": [0, 1, 2, 3, 4, 5, 6, 7, 8, 9, 1, 2, 3, 4, 5, 6, 7, 8, 9], ""eps1"": 10, ""distance_median"": 0.20842074932729576}"
150,rflbat,rflbat_cluster_filter,"[3, 4, 84, 82, 64, 39, 31, 2, 44, 25, 4, 84, 82, 64, 39, 31, 2, 44, 25]",[],"{""accepted_indices"": [0, 1, 2, 3, 4, 5, 6, 7, 8, 9, 1, 2, 3, 4, 5, 6, 7, 8, 9], ""num_clusters"": 1, ""cluster_scores"": [0.09634226621052683]}"
150,rflbat,rflbat_final_distance_filter,"[3, 4, 84, 82, 64, 39, 31, 2, 44, 25]",[],"{""accepted_indices"": [0, 1, 2, 3, 4, 5, 6, 7, 8, 9, 1, 2, 3, 4, 5, 6, 7, 8, 9], ""eps2"": 6, ""distance_median"": 0.3820996806009527}"
151,rflbat,rflbat_first_distance_filter,"[1, 19, 64, 40, 15, 26, 49, 30, 10, 36, 19, 64, 40, 15, 26, 49, 30, 10, 36]",[],"{""accepted_indices"": [0, 1, 2, 3, 4, 5, 6, 7, 8, 9, 1, 2, 3, 4, 5, 6, 7, 8, 9], ""eps1"": 10, ""distance_median"": 0.22969865678069395}"
151,rflbat,rflbat_cluster_filter,"[19, 64, 40, 19, 64, 40]","[1, 15, 26, 49, 30, 10, 36]","{""accepted_indices"": [1, 2, 3, 1, 2, 3], ""num_clusters"": 4, ""cluster_scores"": [0.5269220962233842, 1.0000000000027116, 0.4394735125714034, 0.26676034455466385]}"
151,rflbat,rflbat_final_distance_filter,"[19, 64, 40]","[1, 15, 26, 49, 30, 10, 36]","{""accepted_indices"": [1, 2, 3, 1, 2, 3], ""eps2"": 6, ""distance_median"": 0.015087295505562509}"
152,rflbat,rflbat_first_distance_filter,"[2, 11, 52, 5, 60, 56, 37, 47, 48, 86, 11, 52, 5, 60, 56, 37, 47, 48, 86]",[],"{""accepted_indices"": [0, 1, 2, 3, 4, 5, 6, 7, 8, 9, 1, 2, 3, 4, 5, 6, 7, 8, 9], ""eps1"": 10, ""distance_median"": 0.2787940208000383}"
152,rflbat,rflbat_cluster_filter,"[2, 11, 52, 5, 60, 56, 37, 47, 48, 86, 11, 52, 5, 60, 56, 37, 47, 48, 86]",[],"{""accepted_indices"": [0, 1, 2, 3, 4, 5, 6, 7, 8, 9, 1, 2, 3, 4, 5, 6, 7, 8, 9], ""num_clusters"": 1, ""cluster_scores"": [0.11736290543141865]}"
152,rflbat,rflbat_final_distance_filter,"[2, 11, 52, 5, 60, 56, 37, 47, 48, 86]",[],"{""accepted_indices"": [0, 1, 2, 3, 4, 5, 6, 7, 8, 9, 1, 2, 3, 4, 5, 6, 7, 8, 9], ""eps2"": 6, ""distance_median"": 0.54360754317242}"
153,rflbat,rflbat_first_distance_filter,"[3, 73, 59, 96, 24, 41, 52, 83, 86, 64, 73, 59, 96, 24, 41, 52, 83, 86, 64]",[],"{""accepted_indices"": [0, 1, 2, 3, 4, 5, 6, 7, 8, 9, 1, 2, 3, 4, 5, 6, 7, 8, 9], ""eps1"": 10, ""distance_median"": 0.29694886314951563}"
153,rflbat,rflbat_cluster_filter,"[3, 73, 59, 96, 24, 41, 52, 83, 86, 64, 73, 59, 96, 24, 41, 52, 83, 86, 64]",[],"{""accepted_indices"": [0, 1, 2, 3, 4, 5, 6, 7, 8, 9, 1, 2, 3, 4, 5, 6, 7, 8, 9], ""num_clusters"": 1, ""cluster_scores"": [0.1593651328802853]}"
153,rflbat,rflbat_final_distance_filter,"[3, 73, 59, 96, 24, 41, 52, 83, 86, 64]",[],"{""accepted_indices"": [0, 1, 2, 3, 4, 5, 6, 7, 8, 9, 1, 2, 3, 4, 5, 6, 7, 8, 9], ""eps2"": 6, ""distance_median"": 0.5559748779483917}"
154,rflbat,rflbat_first_distance_filter,"[1, 24, 51, 23, 61, 21, 49, 11, 7, 90, 24, 51, 23, 61, 21, 49, 11, 7, 90]",[],"{""accepted_indices"": [0, 1, 2, 3, 4, 5, 6, 7, 8, 9, 1, 2, 3, 4, 5, 6, 7, 8, 9], ""eps1"": 10, ""distance_median"": 0.16044195945207448}"
154,rflbat,rflbat_cluster_filter,"[1, 24, 51, 23, 61, 21, 49, 11, 7, 90, 24, 51, 23, 61, 21, 49, 11, 7, 90]",[],"{""accepted_indices"": [0, 1, 2, 3, 4, 5, 6, 7, 8, 9, 1, 2, 3, 4, 5, 6, 7, 8, 9], ""num_clusters"": 1, ""cluster_scores"": [0.11192164035906234]}"
154,rflbat,rflbat_final_distance_filter,"[1, 24, 51, 23, 61, 21, 49, 11, 7, 90]",[],"{""accepted_indices"": [0, 1, 2, 3, 4, 5, 6, 7, 8, 9, 1, 2, 3, 4, 5, 6, 7, 8, 9], ""eps2"": 6, ""distance_median"": 0.3195401201208991}"
155,rflbat,rflbat_first_distance_filter,"[3, 95, 98, 6, 52, 96, 27, 90, 34, 9, 95, 98, 6, 52, 96, 27, 90, 34, 9]",[],"{""accepted_indices"": [0, 1, 2, 3, 4, 5, 6, 7, 8, 9, 1, 2, 3, 4, 5, 6, 7, 8, 9], ""eps1"": 10, ""distance_median"": 0.1478427321432907}"
155,rflbat,rflbat_cluster_filter,"[3, 95, 98, 6, 52, 96, 27, 90, 34, 9, 95, 98, 6, 52, 96, 27, 90, 34, 9]",[],"{""accepted_indices"": [0, 1, 2, 3, 4, 5, 6, 7, 8, 9, 1, 2, 3, 4, 5, 6, 7, 8, 9], ""num_clusters"": 1, ""cluster_scores"": [0.11161415769115192]}"
155,rflbat,rflbat_final_distance_filter,"[3, 95, 98, 6, 52, 96, 27, 90, 34, 9]",[],"{""accepted_indices"": [0, 1, 2, 3, 4, 5, 6, 7, 8, 9, 1, 2, 3, 4, 5, 6, 7, 8, 9], ""eps2"": 6, ""distance_median"": 0.2965742087346202}"
156,rflbat,rflbat_first_distance_filter,"[4, 60, 16, 81, 6, 58, 85, 95, 90, 27, 60, 16, 81, 6, 58, 85, 95, 90, 27]",[],"{""accepted_indices"": [0, 1, 2, 3, 4, 5, 6, 7, 8, 9, 1, 2, 3, 4, 5, 6, 7, 8, 9], ""eps1"": 10, ""distance_median"": 0.2624197835169968}"
156,rflbat,rflbat_cluster_filter,"[60, 16, 81, 6, 58, 85, 95, 90, 27, 60, 16, 81, 6, 58, 85, 95, 90, 27]",[4],"{""accepted_indices"": [1, 2, 3, 4, 5, 6, 7, 8, 9, 1, 2, 3, 4, 5, 6, 7, 8, 9], ""num_clusters"": 2, ""cluster_scores"": [0.12098056805121808, 1]}"
156,rflbat,rflbat_final_distance_filter,"[60, 16, 81, 6, 58, 85, 95, 90, 27]",[4],"{""accepted_indices"": [1, 2, 3, 4, 5, 6, 7, 8, 9, 1, 2, 3, 4, 5, 6, 7, 8, 9], ""eps2"": 6, ""distance_median"": 0.21834325944727634}"
157,rflbat,rflbat_first_distance_filter,"[0, 33, 57, 81, 1, 24, 30, 72, 14, 79, 33, 57, 81, 1, 24, 30, 72, 14, 79]",[],"{""accepted_indices"": [0, 1, 2, 3, 4, 5, 6, 7, 8, 9, 1, 2, 3, 4, 5, 6, 7, 8, 9], ""eps1"": 10, ""distance_median"": 0.2457471163183775}"
157,rflbat,rflbat_cluster_filter,"[33, 57, 1, 72, 14, 79, 33, 57, 1, 72, 14, 79]","[0, 81, 24, 30]","{""accepted_indices"": [1, 2, 4, 7, 8, 9, 1, 2, 4, 7, 8, 9], ""num_clusters"": 4, ""cluster_scores"": [0.1816487591744799, 1, 1.0000000000017109, 0.5716510699540742]}"
157,rflbat,rflbat_final_distance_filter,"[33, 57, 1, 72, 14, 79]","[0, 81, 24, 30]","{""accepted_indices"": [1, 2, 4, 7, 8, 9, 1, 2, 4, 7, 8, 9], ""eps2"": 6, ""distance_median"": 0.042092484677026636}"
158,rflbat,rflbat_first_distance_filter,"[4, 98, 51, 17, 81, 85, 31, 13, 50, 49, 98, 51, 17, 81, 85, 31, 13, 50, 49]",[],"{""accepted_indices"": [0, 1, 2, 3, 4, 5, 6, 7, 8, 9, 1, 2, 3, 4, 5, 6, 7, 8, 9], ""eps1"": 10, ""distance_median"": 0.24401328398521824}"
158,rflbat,rflbat_cluster_filter,"[4, 98, 51, 17, 81, 85, 31, 13, 50, 49, 98, 51, 17, 81, 85, 31, 13, 50, 49]",[],"{""accepted_indices"": [0, 1, 2, 3, 4, 5, 6, 7, 8, 9, 1, 2, 3, 4, 5, 6, 7, 8, 9], ""num_clusters"": 1, ""cluster_scores"": [0.1565819113671249]}"
158,rflbat,rflbat_final_distance_filter,"[4, 98, 51, 17, 81, 85, 31, 13, 50, 49]",[],"{""accepted_indices"": [0, 1, 2, 3, 4, 5, 6, 7, 8, 9, 1, 2, 3, 4, 5, 6, 7, 8, 9], ""eps2"": 6, ""distance_median"": 0.4842214567780464}"
159,rflbat,rflbat_first_distance_filter,"[4, 36, 59, 46, 83, 53, 67, 47, 39, 52, 36, 59, 46, 83, 53, 67, 47, 39, 52]",[],"{""accepted_indices"": [0, 1, 2, 3, 4, 5, 6, 7, 8, 9, 1, 2, 3, 4, 5, 6, 7, 8, 9], ""eps1"": 10, ""distance_median"": 0.17854867761139243}"
159,rflbat,rflbat_cluster_filter,"[4, 36, 59, 83, 53, 67, 47, 39, 52, 36, 59, 83, 53, 67, 47, 39, 52]",[46],"{""accepted_indices"": [0, 1, 2, 4, 5, 6, 7, 8, 9, 1, 2, 4, 5, 6, 7, 8, 9], ""num_clusters"": 2, ""cluster_scores"": [0.2118594216175802, 1.0000000000011153]}"
159,rflbat,rflbat_final_distance_filter,"[4, 36, 59, 83, 53, 67, 47, 39, 52]",[46],"{""accepted_indices"": [0, 1, 2, 4, 5, 6, 7, 8, 9, 1, 2, 4, 5, 6, 7, 8, 9], ""eps2"": 6, ""distance_median"": 0.21835004282290482}"
160,rflbat,rflbat_first_distance_filter,"[2, 86, 51, 25, 74, 63, 23, 13, 87, 91, 86, 51, 25, 74, 63, 23, 13, 87, 91]",[],"{""accepted_indices"": [0, 1, 2, 3, 4, 5, 6, 7, 8, 9, 1, 2, 3, 4, 5, 6, 7, 8, 9], ""eps1"": 10, ""distance_median"": 0.18340297788530668}"
160,rflbat,rflbat_cluster_filter,"[2, 86, 51, 25, 74, 63, 23, 13, 87, 91, 86, 51, 25, 74, 63, 23, 13, 87, 91]",[],"{""accepted_indices"": [0, 1, 2, 3, 4, 5, 6, 7, 8, 9, 1, 2, 3, 4, 5, 6, 7, 8, 9], ""num_clusters"": 1, ""cluster_scores"": [0.12690654990985287]}"
160,rflbat,rflbat_final_distance_filter,"[2, 86, 51, 25, 74, 63, 23, 13, 87, 91]",[],"{""accepted_indices"": [0, 1, 2, 3, 4, 5, 6, 7, 8, 9, 1, 2, 3, 4, 5, 6, 7, 8, 9], ""eps2"": 6, ""distance_median"": 0.3399604708311761}"
161,rflbat,rflbat_first_distance_filter,"[2, 19, 17, 25, 65, 26, 7, 61, 24, 15, 19, 17, 25, 65, 26, 7, 61, 24, 15]",[],"{""accepted_indices"": [0, 1, 2, 3, 4, 5, 6, 7, 8, 9, 1, 2, 3, 4, 5, 6, 7, 8, 9], ""eps1"": 10, ""distance_median"": 0.17212377727425493}"
161,rflbat,rflbat_cluster_filter,"[2, 19, 17, 25, 65, 26, 7, 61, 24, 15, 19, 17, 25, 65, 26, 7, 61, 24, 15]",[],"{""accepted_indices"": [0, 1, 2, 3, 4, 5, 6, 7, 8, 9, 1, 2, 3, 4, 5, 6, 7, 8, 9], ""num_clusters"": 1, ""cluster_scores"": [0.1192934643409034]}"
161,rflbat,rflbat_final_distance_filter,"[2, 19, 17, 25, 65, 26, 7, 61, 24, 15]",[],"{""accepted_indices"": [0, 1, 2, 3, 4, 5, 6, 7, 8, 9, 1, 2, 3, 4, 5, 6, 7, 8, 9], ""eps2"": 6, ""distance_median"": 0.3530288365781532}"
162,rflbat,rflbat_first_distance_filter,"[4, 5, 36, 29, 81, 68, 2, 43, 32, 0, 5, 36, 29, 81, 68, 2, 43, 32, 0]",[],"{""accepted_indices"": [0, 1, 2, 3, 4, 5, 6, 7, 8, 9, 1, 2, 3, 4, 5, 6, 7, 8, 9], ""eps1"": 10, ""distance_median"": 0.3654748700373972}"
162,rflbat,rflbat_cluster_filter,"[4, 5, 36, 29, 81, 68, 2, 43, 32, 0, 5, 36, 29, 81, 68, 2, 43, 32, 0]",[],"{""accepted_indices"": [0, 1, 2, 3, 4, 5, 6, 7, 8, 9, 1, 2, 3, 4, 5, 6, 7, 8, 9], ""num_clusters"": 1, ""cluster_scores"": [0.10495830858448896]}"
162,rflbat,rflbat_final_distance_filter,"[4, 5, 36, 29, 81, 68, 2, 43, 32, 0]",[],"{""accepted_indices"": [0, 1, 2, 3, 4, 5, 6, 7, 8, 9, 1, 2, 3, 4, 5, 6, 7, 8, 9], ""eps2"": 6, ""distance_median"": 0.6795847598977731}"
163,rflbat,rflbat_first_distance_filter,"[4, 27, 7, 10, 63, 90, 8, 46, 71, 78, 27, 7, 10, 63, 90, 8, 46, 71, 78]",[],"{""accepted_indices"": [0, 1, 2, 3, 4, 5, 6, 7, 8, 9, 1, 2, 3, 4, 5, 6, 7, 8, 9], ""eps1"": 10, ""distance_median"": 0.32650311705248847}"
163,rflbat,rflbat_cluster_filter,"[4, 27, 7, 10, 63, 90, 8, 46, 71, 78, 27, 7, 10, 63, 90, 8, 46, 71, 78]",[],"{""accepted_indices"": [0, 1, 2, 3, 4, 5, 6, 7, 8, 9, 1, 2, 3, 4, 5, 6, 7, 8, 9], ""num_clusters"": 1, ""cluster_scores"": [0.14383219711020118]}"
163,rflbat,rflbat_final_distance_filter,"[4, 27, 7, 10, 63, 90, 8, 46, 71, 78]",[],"{""accepted_indices"": [0, 1, 2, 3, 4, 5, 6, 7, 8, 9, 1, 2, 3, 4, 5, 6, 7, 8, 9], ""eps2"": 6, ""distance_median"": 0.512936102196881}"
164,rflbat,rflbat_first_distance_filter,"[1, 61, 75, 28, 45, 59, 83, 78, 72, 66, 61, 75, 28, 45, 59, 83, 78, 72, 66]",[],"{""accepted_indices"": [0, 1, 2, 3, 4, 5, 6, 7, 8, 9, 1, 2, 3, 4, 5, 6, 7, 8, 9], ""eps1"": 10, ""distance_median"": 0.17852347503882526}"
164,rflbat,rflbat_cluster_filter,"[1, 61, 75, 28, 45, 59, 83, 78, 72, 66, 61, 75, 28, 45, 59, 83, 78, 72, 66]",[],"{""accepted_indices"": [0, 1, 2, 3, 4, 5, 6, 7, 8, 9, 1, 2, 3, 4, 5, 6, 7, 8, 9], ""num_clusters"": 1, ""cluster_scores"": [0.14882995061877125]}"
164,rflbat,rflbat_final_distance_filter,"[1, 61, 75, 28, 45, 59, 83, 78, 72, 66]",[],"{""accepted_indices"": [0, 1, 2, 3, 4, 5, 6, 7, 8, 9, 1, 2, 3, 4, 5, 6, 7, 8, 9], ""eps2"": 6, ""distance_median"": 0.29290328307816765}"
165,rflbat,rflbat_first_distance_filter,"[1, 58, 73, 25, 46, 40, 50, 7, 75, 72, 58, 73, 25, 46, 40, 50, 7, 75, 72]",[],"{""accepted_indices"": [0, 1, 2, 3, 4, 5, 6, 7, 8, 9, 1, 2, 3, 4, 5, 6, 7, 8, 9], ""eps1"": 10, ""distance_median"": 0.2618307857095489}"
165,rflbat,rflbat_cluster_filter,"[1, 58, 73, 25, 46, 40, 50, 7, 75, 72, 58, 73, 25, 46, 40, 50, 7, 75, 72]",[],"{""accepted_indices"": [0, 1, 2, 3, 4, 5, 6, 7, 8, 9, 1, 2, 3, 4, 5, 6, 7, 8, 9], ""num_clusters"": 1, ""cluster_scores"": [0.10666916155460565]}"
165,rflbat,rflbat_final_distance_filter,"[1, 58, 73, 25, 46, 40, 50, 7, 75, 72]",[],"{""accepted_indices"": [0, 1, 2, 3, 4, 5, 6, 7, 8, 9, 1, 2, 3, 4, 5, 6, 7, 8, 9], ""eps2"": 6, ""distance_median"": 0.5092723247076918}"
166,rflbat,rflbat_first_distance_filter,"[0, 67, 49, 18, 28, 37, 69, 46, 40, 29, 67, 49, 18, 28, 37, 69, 46, 40, 29]",[],"{""accepted_indices"": [0, 1, 2, 3, 4, 5, 6, 7, 8, 9, 1, 2, 3, 4, 5, 6, 7, 8, 9], ""eps1"": 10, ""distance_median"": 0.27947059366934734}"
166,rflbat,rflbat_cluster_filter,"[0, 67, 49, 18, 28, 37, 69, 46, 40, 29, 67, 49, 18, 28, 37, 69, 46, 40, 29]",[],"{""accepted_indices"": [0, 1, 2, 3, 4, 5, 6, 7, 8, 9, 1, 2, 3, 4, 5, 6, 7, 8, 9], ""num_clusters"": 1, ""cluster_scores"": [0.1816561393064787]}"
166,rflbat,rflbat_final_distance_filter,"[0, 67, 49, 18, 28, 37, 69, 46, 40, 29]",[],"{""accepted_indices"": [0, 1, 2, 3, 4, 5, 6, 7, 8, 9, 1, 2, 3, 4, 5, 6, 7, 8, 9], ""eps2"": 6, ""distance_median"": 0.41808694737668955}"
167,rflbat,rflbat_first_distance_filter,"[1, 72, 87, 96, 48, 16, 21, 63, 25, 23, 72, 87, 96, 48, 16, 21, 63, 25, 23]",[],"{""accepted_indices"": [0, 1, 2, 3, 4, 5, 6, 7, 8, 9, 1, 2, 3, 4, 5, 6, 7, 8, 9], ""eps1"": 10, ""distance_median"": 0.1781615095859569}"
167,rflbat,rflbat_cluster_filter,"[1, 72, 87, 96, 48, 16, 21, 63, 25, 23, 72, 87, 96, 48, 16, 21, 63, 25, 23]",[],"{""accepted_indices"": [0, 1, 2, 3, 4, 5, 6, 7, 8, 9, 1, 2, 3, 4, 5, 6, 7, 8, 9], ""num_clusters"": 1, ""cluster_scores"": [0.15310299639639427]}"
167,rflbat,rflbat_final_distance_filter,"[1, 72, 87, 96, 48, 16, 21, 63, 25, 23]",[],"{""accepted_indices"": [0, 1, 2, 3, 4, 5, 6, 7, 8, 9, 1, 2, 3, 4, 5, 6, 7, 8, 9], ""eps2"": 6, ""distance_median"": 0.3563032196080608}"
168,rflbat,rflbat_first_distance_filter,"[3, 89, 84, 17, 32, 16, 9, 35, 72, 12, 89, 84, 17, 32, 16, 9, 35, 72, 12]",[],"{""accepted_indices"": [0, 1, 2, 3, 4, 5, 6, 7, 8, 9, 1, 2, 3, 4, 5, 6, 7, 8, 9], ""eps1"": 10, ""distance_median"": 0.15508256218669203}"
168,rflbat,rflbat_cluster_filter,"[89, 16, 35, 72, 12, 89, 16, 35, 72, 12]","[3, 84, 17, 32, 9]","{""accepted_indices"": [1, 5, 7, 8, 9, 1, 5, 7, 8, 9], ""num_clusters"": 4, ""cluster_scores"": [0.5154413349520696, 1.0000000000036267, 0.7436831020804787, 0.23247658298105497]}"
168,rflbat,rflbat_final_distance_filter,"[89, 16, 35, 72, 12]","[3, 84, 17, 32, 9]","{""accepted_indices"": [1, 5, 7, 8, 9, 1, 5, 7, 8, 9], ""eps2"": 6, ""distance_median"": 0.021061840177348627}"
169,rflbat,rflbat_first_distance_filter,"[1, 86, 89, 95, 60, 85, 17, 6, 32, 75, 86, 89, 95, 60, 85, 17, 6, 32, 75]",[],"{""accepted_indices"": [0, 1, 2, 3, 4, 5, 6, 7, 8, 9, 1, 2, 3, 4, 5, 6, 7, 8, 9], ""eps1"": 10, ""distance_median"": 0.2457787374724048}"
169,rflbat,rflbat_cluster_filter,"[1, 86, 89, 95, 60, 85, 17, 6, 75, 86, 89, 95, 60, 85, 17, 6, 75]",[32],"{""accepted_indices"": [0, 1, 2, 3, 4, 5, 6, 7, 9, 1, 2, 3, 4, 5, 6, 7, 9], ""num_clusters"": 2, ""cluster_scores"": [0.11998926817580487, 1.0000000000017724]}"
169,rflbat,rflbat_final_distance_filter,"[1, 86, 89, 95, 60, 85, 17, 6, 75]",[32],"{""accepted_indices"": [0, 1, 2, 3, 4, 5, 6, 7, 9, 1, 2, 3, 4, 5, 6, 7, 9], ""eps2"": 6, ""distance_median"": 0.2571961173799235}"
170,rflbat,rflbat_first_distance_filter,"[3, 63, 15, 62, 51, 47, 31, 20, 33, 25, 63, 15, 62, 51, 47, 31, 20, 33, 25]",[],"{""accepted_indices"": [0, 1, 2, 3, 4, 5, 6, 7, 8, 9, 1, 2, 3, 4, 5, 6, 7, 8, 9], ""eps1"": 10, ""distance_median"": 0.21295112631286198}"
170,rflbat,rflbat_cluster_filter,"[3, 63, 15, 62, 51, 47, 31, 20, 33, 25, 63, 15, 62, 51, 47, 31, 20, 33, 25]",[],"{""accepted_indices"": [0, 1, 2, 3, 4, 5, 6, 7, 8, 9, 1, 2, 3, 4, 5, 6, 7, 8, 9], ""num_clusters"": 1, ""cluster_scores"": [0.14811946451566693]}"
170,rflbat,rflbat_final_distance_filter,"[3, 63, 15, 62, 51, 47, 31, 20, 33, 25]",[],"{""accepted_indices"": [0, 1, 2, 3, 4, 5, 6, 7, 8, 9, 1, 2, 3, 4, 5, 6, 7, 8, 9], ""eps2"": 6, ""distance_median"": 0.40997656763265705}"
171,rflbat,rflbat_first_distance_filter,"[0, 59, 22, 14, 93, 11, 38, 31, 71, 85, 59, 22, 14, 93, 11, 38, 31, 71, 85]",[],"{""accepted_indices"": [0, 1, 2, 3, 4, 5, 6, 7, 8, 9, 1, 2, 3, 4, 5, 6, 7, 8, 9], ""eps1"": 10, ""distance_median"": 0.268312531846577}"
171,rflbat,rflbat_cluster_filter,"[59, 22, 14, 93, 11, 38, 31, 71, 85, 59, 22, 14, 93, 11, 38, 31, 71, 85]",[0],"{""accepted_indices"": [1, 2, 3, 4, 5, 6, 7, 8, 9, 1, 2, 3, 4, 5, 6, 7, 8, 9], ""num_clusters"": 2, ""cluster_scores"": [0.13882253734962582, 1]}"
171,rflbat,rflbat_final_distance_filter,"[59, 22, 14, 93, 11, 38, 31, 71, 85]",[0],"{""accepted_indices"": [1, 2, 3, 4, 5, 6, 7, 8, 9, 1, 2, 3, 4, 5, 6, 7, 8, 9], ""eps2"": 6, ""distance_median"": 0.26319810294327795}"
172,rflbat,rflbat_first_distance_filter,"[0, 93, 23, 12, 78, 41, 29, 79, 97, 82, 93, 23, 12, 78, 41, 29, 79, 97, 82]",[],"{""accepted_indices"": [0, 1, 2, 3, 4, 5, 6, 7, 8, 9, 1, 2, 3, 4, 5, 6, 7, 8, 9], ""eps1"": 10, ""distance_median"": 0.2931865976799863}"
172,rflbat,rflbat_cluster_filter,"[93, 23, 12, 78, 41, 29, 79, 97, 82, 93, 23, 12, 78, 41, 29, 79, 97, 82]",[0],"{""accepted_indices"": [1, 2, 3, 4, 5, 6, 7, 8, 9, 1, 2, 3, 4, 5, 6, 7, 8, 9], ""num_clusters"": 2, ""cluster_scores"": [0.12334184520489215, 1]}"
172,rflbat,rflbat_final_distance_filter,"[93, 23, 12, 78, 41, 29, 79, 97, 82]",[0],"{""accepted_indices"": [1, 2, 3, 4, 5, 6, 7, 8, 9, 1, 2, 3, 4, 5, 6, 7, 8, 9], ""eps2"": 6, ""distance_median"": 0.24706644770654942}"
173,rflbat,rflbat_first_distance_filter,"[2, 31, 9, 69, 65, 32, 33, 70, 8, 49, 31, 9, 69, 65, 32, 33, 70, 8, 49]",[],"{""accepted_indices"": [0, 1, 2, 3, 4, 5, 6, 7, 8, 9, 1, 2, 3, 4, 5, 6, 7, 8, 9], ""eps1"": 10, ""distance_median"": 0.21942784172724256}"
173,rflbat,rflbat_cluster_filter,"[2, 31, 9, 69, 65, 32, 33, 70, 8, 49, 31, 9, 69, 65, 32, 33, 70, 8, 49]",[],"{""accepted_indices"": [0, 1, 2, 3, 4, 5, 6, 7, 8, 9, 1, 2, 3, 4, 5, 6, 7, 8, 9], ""num_clusters"": 1, ""cluster_scores"": [0.1379111664300705]}"
173,rflbat,rflbat_final_distance_filter,"[2, 31, 9, 69, 65, 32, 33, 70, 8, 49]",[],"{""accepted_indices"": [0, 1, 2, 3, 4, 5, 6, 7, 8, 9, 1, 2, 3, 4, 5, 6, 7, 8, 9], ""eps2"": 6, ""distance_median"": 0.3636773488358386}"
174,rflbat,rflbat_first_distance_filter,"[0, 89, 97, 70, 37, 10, 91, 82, 98, 77, 89, 97, 70, 37, 10, 91, 82, 98, 77]",[],"{""accepted_indices"": [0, 1, 2, 3, 4, 5, 6, 7, 8, 9, 1, 2, 3, 4, 5, 6, 7, 8, 9], ""eps1"": 10, ""distance_median"": 0.29442528056419526}"
174,rflbat,rflbat_cluster_filter,"[0, 89, 97, 70, 37, 10, 91, 82, 98, 77, 89, 97, 70, 37, 10, 91, 82, 98, 77]",[],"{""accepted_indices"": [0, 1, 2, 3, 4, 5, 6, 7, 8, 9, 1, 2, 3, 4, 5, 6, 7, 8, 9], ""num_clusters"": 1, ""cluster_scores"": [0.10675918384910482]}"
174,rflbat,rflbat_final_distance_filter,"[89, 97, 70, 37, 10, 91, 82, 98, 77]",[0],"{""accepted_indices"": [1, 2, 3, 4, 5, 6, 7, 8, 9, 1, 2, 3, 4, 5, 6, 7, 8, 9], ""eps2"": 6, ""distance_median"": 0.420093487369024}"
175,rflbat,rflbat_first_distance_filter,"[3, 4, 38, 9, 20, 81, 94, 55, 52, 47, 4, 38, 9, 20, 81, 94, 55, 52, 47]",[],"{""accepted_indices"": [0, 1, 2, 3, 4, 5, 6, 7, 8, 9, 1, 2, 3, 4, 5, 6, 7, 8, 9], ""eps1"": 10, ""distance_median"": 0.2110916690789026}"
175,rflbat,rflbat_cluster_filter,"[3, 4, 38, 9, 20, 81, 94, 55, 52, 47, 4, 38, 9, 20, 81, 94, 55, 52, 47]",[],"{""accepted_indices"": [0, 1, 2, 3, 4, 5, 6, 7, 8, 9, 1, 2, 3, 4, 5, 6, 7, 8, 9], ""num_clusters"": 1, ""cluster_scores"": [0.08728235728041811]}"
175,rflbat,rflbat_final_distance_filter,"[3, 4, 38, 9, 20, 81, 94, 55, 52, 47]",[],"{""accepted_indices"": [0, 1, 2, 3, 4, 5, 6, 7, 8, 9, 1, 2, 3, 4, 5, 6, 7, 8, 9], ""eps2"": 6, ""distance_median"": 0.42137055597161804}"
176,rflbat,rflbat_first_distance_filter,"[2, 52, 37, 23, 12, 68, 28, 90, 83, 64, 52, 37, 23, 12, 68, 28, 90, 83, 64]",[],"{""accepted_indices"": [0, 1, 2, 3, 4, 5, 6, 7, 8, 9, 1, 2, 3, 4, 5, 6, 7, 8, 9], ""eps1"": 10, ""distance_median"": 0.18968975807628258}"
176,rflbat,rflbat_cluster_filter,"[2, 52, 37, 23, 12, 68, 28, 90, 83, 64, 52, 37, 23, 12, 68, 28, 90, 83, 64]",[],"{""accepted_indices"": [0, 1, 2, 3, 4, 5, 6, 7, 8, 9, 1, 2, 3, 4, 5, 6, 7, 8, 9], ""num_clusters"": 1, ""cluster_scores"": [0.15941963266649686]}"
176,rflbat,rflbat_final_distance_filter,"[2, 52, 37, 23, 12, 68, 28, 90, 83, 64]",[],"{""accepted_indices"": [0, 1, 2, 3, 4, 5, 6, 7, 8, 9, 1, 2, 3, 4, 5, 6, 7, 8, 9], ""eps2"": 6, ""distance_median"": 0.3292396602938202}"
177,rflbat,rflbat_first_distance_filter,"[1, 8, 9, 91, 62, 45, 16, 15, 40, 28, 8, 9, 91, 62, 45, 16, 15, 40, 28]",[],"{""accepted_indices"": [0, 1, 2, 3, 4, 5, 6, 7, 8, 9, 1, 2, 3, 4, 5, 6, 7, 8, 9], ""eps1"": 10, ""distance_median"": 0.22523895503196234}"
177,rflbat,rflbat_cluster_filter,"[1, 8, 9, 91, 62, 45, 16, 15, 40, 28, 8, 9, 91, 62, 45, 16, 15, 40, 28]",[],"{""accepted_indices"": [0, 1, 2, 3, 4, 5, 6, 7, 8, 9, 1, 2, 3, 4, 5, 6, 7, 8, 9], ""num_clusters"": 1, ""cluster_scores"": [0.14442805820403484]}"
177,rflbat,rflbat_final_distance_filter,"[1, 8, 9, 91, 62, 45, 16, 15, 40, 28]",[],"{""accepted_indices"": [0, 1, 2, 3, 4, 5, 6, 7, 8, 9, 1, 2, 3, 4, 5, 6, 7, 8, 9], ""eps2"": 6, ""distance_median"": 0.45221975452213425}"
178,rflbat,rflbat_first_distance_filter,"[2, 18, 34, 94, 55, 37, 8, 97, 92, 72, 18, 34, 94, 55, 37, 8, 97, 92, 72]",[],"{""accepted_indices"": [0, 1, 2, 3, 4, 5, 6, 7, 8, 9, 1, 2, 3, 4, 5, 6, 7, 8, 9], ""eps1"": 10, ""distance_median"": 0.16233803033195016}"
178,rflbat,rflbat_cluster_filter,"[2, 18, 34, 94, 55, 37, 8, 97, 92, 72, 18, 34, 94, 55, 37, 8, 97, 92, 72]",[],"{""accepted_indices"": [0, 1, 2, 3, 4, 5, 6, 7, 8, 9, 1, 2, 3, 4, 5, 6, 7, 8, 9], ""num_clusters"": 1, ""cluster_scores"": [0.07123076307499294]}"
178,rflbat,rflbat_final_distance_filter,"[2, 18, 34, 94, 55, 37, 8, 97, 92, 72]",[],"{""accepted_indices"": [0, 1, 2, 3, 4, 5, 6, 7, 8, 9, 1, 2, 3, 4, 5, 6, 7, 8, 9], ""eps2"": 6, ""distance_median"": 0.28644073383139596}"
179,rflbat,rflbat_first_distance_filter,"[3, 71, 10, 32, 33, 96, 0, 9, 29, 35, 71, 10, 32, 33, 96, 0, 9, 29, 35]",[],"{""accepted_indices"": [0, 1, 2, 3, 4, 5, 6, 7, 8, 9, 1, 2, 3, 4, 5, 6, 7, 8, 9], ""eps1"": 10, ""distance_median"": 0.3498162024507613}"
179,rflbat,rflbat_cluster_filter,"[3, 71, 10, 32, 33, 96, 9, 29, 35, 71, 10, 32, 33, 96, 9, 29, 35]",[0],"{""accepted_indices"": [0, 1, 2, 3, 4, 5, 7, 8, 9, 1, 2, 3, 4, 5, 7, 8, 9], ""num_clusters"": 2, ""cluster_scores"": [0.13749635274795508, 1.0000000000029454]}"
179,rflbat,rflbat_final_distance_filter,"[3, 71, 10, 32, 33, 96, 9, 29, 35]",[0],"{""accepted_indices"": [0, 1, 2, 3, 4, 5, 7, 8, 9, 1, 2, 3, 4, 5, 7, 8, 9], ""eps2"": 6, ""distance_median"": 0.3660081032733312}"
180,rflbat,rflbat_first_distance_filter,"[1, 88, 87, 58, 13, 64, 11, 81, 40, 61, 88, 87, 58, 13, 64, 11, 81, 40, 61]",[],"{""accepted_indices"": [0, 1, 2, 3, 4, 5, 6, 7, 8, 9, 1, 2, 3, 4, 5, 6, 7, 8, 9], ""eps1"": 10, ""distance_median"": 0.1860070931318191}"
180,rflbat,rflbat_cluster_filter,"[1, 88, 87, 58, 13, 64, 11, 81, 40, 61, 88, 87, 58, 13, 64, 11, 81, 40, 61]",[],"{""accepted_indices"": [0, 1, 2, 3, 4, 5, 6, 7, 8, 9, 1, 2, 3, 4, 5, 6, 7, 8, 9], ""num_clusters"": 1, ""cluster_scores"": [0.09616878958061773]}"
180,rflbat,rflbat_final_distance_filter,"[1, 88, 87, 58, 13, 64, 11, 81, 40, 61]",[],"{""accepted_indices"": [0, 1, 2, 3, 4, 5, 6, 7, 8, 9, 1, 2, 3, 4, 5, 6, 7, 8, 9], ""eps2"": 6, ""distance_median"": 0.3725480304224413}"
181,rflbat,rflbat_first_distance_filter,"[4, 68, 83, 64, 15, 34, 92, 18, 26, 90, 68, 83, 64, 15, 34, 92, 18, 26, 90]",[],"{""accepted_indices"": [0, 1, 2, 3, 4, 5, 6, 7, 8, 9, 1, 2, 3, 4, 5, 6, 7, 8, 9], ""eps1"": 10, ""distance_median"": 0.14386989514314463}"
181,rflbat,rflbat_cluster_filter,"[4, 68, 83, 64, 15, 34, 92, 18, 26, 90, 68, 83, 64, 15, 34, 92, 18, 26, 90]",[],"{""accepted_indices"": [0, 1, 2, 3, 4, 5, 6, 7, 8, 9, 1, 2, 3, 4, 5, 6, 7, 8, 9], ""num_clusters"": 1, ""cluster_scores"": [0.11089728979773393]}"
181,rflbat,rflbat_final_distance_filter,"[4, 68, 83, 64, 15, 34, 92, 18, 26, 90]",[],"{""accepted_indices"": [0, 1, 2, 3, 4, 5, 6, 7, 8, 9, 1, 2, 3, 4, 5, 6, 7, 8, 9], ""eps2"": 6, ""distance_median"": 0.28425561275692574}"
182,rflbat,rflbat_first_distance_filter,"[4, 94, 85, 76, 24, 73, 39, 8, 32, 35, 94, 85, 76, 24, 73, 39, 8, 32, 35]",[],"{""accepted_indices"": [0, 1, 2, 3, 4, 5, 6, 7, 8, 9, 1, 2, 3, 4, 5, 6, 7, 8, 9], ""eps1"": 10, ""distance_median"": 0.3158469616520499}"
182,rflbat,rflbat_cluster_filter,"[4, 94, 85, 76, 24, 39, 8, 32, 35, 94, 85, 76, 24, 39, 8, 32, 35]",[73],"{""accepted_indices"": [0, 1, 2, 3, 4, 6, 7, 8, 9, 1, 2, 3, 4, 6, 7, 8, 9], ""num_clusters"": 2, ""cluster_scores"": [1.0000000000014566, 0.08434108899769291]}"
182,rflbat,rflbat_final_distance_filter,"[4, 94, 85, 76, 24, 39, 8, 32, 35]",[73],"{""accepted_indices"": [0, 1, 2, 3, 4, 6, 7, 8, 9, 1, 2, 3, 4, 6, 7, 8, 9], ""eps2"": 6, ""distance_median"": 0.3426297232805321}"
183,rflbat,rflbat_first_distance_filter,"[4, 18, 61, 12, 10, 74, 1, 78, 39, 50, 18, 61, 12, 10, 74, 1, 78, 39, 50]",[],"{""accepted_indices"": [0, 1, 2, 3, 4, 5, 6, 7, 8, 9, 1, 2, 3, 4, 5, 6, 7, 8, 9], ""eps1"": 10, ""distance_median"": 0.15071363703908033}"
183,rflbat,rflbat_cluster_filter,"[4, 18, 61, 12, 10, 74, 1, 78, 39, 50, 18, 61, 12, 10, 74, 1, 78, 39, 50]",[],"{""accepted_indices"": [0, 1, 2, 3, 4, 5, 6, 7, 8, 9, 1, 2, 3, 4, 5, 6, 7, 8, 9], ""num_clusters"": 1, ""cluster_scores"": [0.11443031176224194]}"
183,rflbat,rflbat_final_distance_filter,"[4, 18, 61, 12, 10, 74, 1, 78, 39, 50]",[],"{""accepted_indices"": [0, 1, 2, 3, 4, 5, 6, 7, 8, 9, 1, 2, 3, 4, 5, 6, 7, 8, 9], ""eps2"": 6, ""distance_median"": 0.29951865091287116}"
184,rflbat,rflbat_first_distance_filter,"[2, 77, 3, 44, 67, 70, 26, 30, 79, 16, 77, 3, 44, 67, 70, 26, 30, 79, 16]",[],"{""accepted_indices"": [0, 1, 2, 3, 4, 5, 6, 7, 8, 9, 1, 2, 3, 4, 5, 6, 7, 8, 9], ""eps1"": 10, ""distance_median"": 0.17659668474128093}"
184,rflbat,rflbat_cluster_filter,"[2, 77, 3, 44, 67, 70, 26, 30, 79, 16, 77, 3, 44, 67, 70, 26, 30, 79, 16]",[],"{""accepted_indices"": [0, 1, 2, 3, 4, 5, 6, 7, 8, 9, 1, 2, 3, 4, 5, 6, 7, 8, 9], ""num_clusters"": 1, ""cluster_scores"": [0.14592924315067748]}"
184,rflbat,rflbat_final_distance_filter,"[2, 77, 3, 44, 67, 70, 26, 30, 79, 16]",[],"{""accepted_indices"": [0, 1, 2, 3, 4, 5, 6, 7, 8, 9, 1, 2, 3, 4, 5, 6, 7, 8, 9], ""eps2"": 6, ""distance_median"": 0.2938380369691972}"
185,rflbat,rflbat_first_distance_filter,"[3, 72, 36, 34, 16, 70, 19, 46, 67, 57, 72, 36, 34, 16, 70, 19, 46, 67, 57]",[],"{""accepted_indices"": [0, 1, 2, 3, 4, 5, 6, 7, 8, 9, 1, 2, 3, 4, 5, 6, 7, 8, 9], ""eps1"": 10, ""distance_median"": 0.16782780438066947}"
185,rflbat,rflbat_cluster_filter,"[3, 72, 36, 34, 16, 70, 19, 46, 67, 57, 72, 36, 34, 16, 70, 19, 46, 67, 57]",[],"{""accepted_indices"": [0, 1, 2, 3, 4, 5, 6, 7, 8, 9, 1, 2, 3, 4, 5, 6, 7, 8, 9], ""num_clusters"": 1, ""cluster_scores"": [0.09538916294424055]}"
185,rflbat,rflbat_final_distance_filter,"[3, 72, 36, 34, 16, 70, 19, 46, 67, 57]",[],"{""accepted_indices"": [0, 1, 2, 3, 4, 5, 6, 7, 8, 9, 1, 2, 3, 4, 5, 6, 7, 8, 9], ""eps2"": 6, ""distance_median"": 0.310944714270604}"
186,rflbat,rflbat_first_distance_filter,"[2, 24, 59, 35, 20, 50, 79, 93, 4, 26, 24, 59, 35, 20, 50, 79, 93, 4, 26]",[],"{""accepted_indices"": [0, 1, 2, 3, 4, 5, 6, 7, 8, 9, 1, 2, 3, 4, 5, 6, 7, 8, 9], ""eps1"": 10, ""distance_median"": 0.19162955103289714}"
186,rflbat,rflbat_cluster_filter,"[2, 24, 59, 35, 20, 50, 79, 93, 4, 26, 24, 59, 35, 20, 50, 79, 93, 4, 26]",[],"{""accepted_indices"": [0, 1, 2, 3, 4, 5, 6, 7, 8, 9, 1, 2, 3, 4, 5, 6, 7, 8, 9], ""num_clusters"": 1, ""cluster_scores"": [0.13502551032402832]}"
186,rflbat,rflbat_final_distance_filter,"[2, 24, 59, 35, 20, 50, 79, 93, 4, 26]",[],"{""accepted_indices"": [0, 1, 2, 3, 4, 5, 6, 7, 8, 9, 1, 2, 3, 4, 5, 6, 7, 8, 9], ""eps2"": 6, ""distance_median"": 0.3484450611967611}"
187,rflbat,rflbat_first_distance_filter,"[1, 34, 63, 70, 37, 33, 98, 90, 11, 45, 34, 63, 70, 37, 33, 98, 90, 11, 45]",[],"{""accepted_indices"": [0, 1, 2, 3, 4, 5, 6, 7, 8, 9, 1, 2, 3, 4, 5, 6, 7, 8, 9], ""eps1"": 10, ""distance_median"": 0.12189861974473322}"
187,rflbat,rflbat_cluster_filter,"[1, 34, 63, 70, 37, 33, 98, 90, 11, 45, 34, 63, 70, 37, 33, 98, 90, 11, 45]",[],"{""accepted_indices"": [0, 1, 2, 3, 4, 5, 6, 7, 8, 9, 1, 2, 3, 4, 5, 6, 7, 8, 9], ""num_clusters"": 1, ""cluster_scores"": [0.11901868062343866]}"
187,rflbat,rflbat_final_distance_filter,"[1, 34, 63, 70, 37, 33, 98, 90, 11, 45]",[],"{""accepted_indices"": [0, 1, 2, 3, 4, 5, 6, 7, 8, 9, 1, 2, 3, 4, 5, 6, 7, 8, 9], ""eps2"": 6, ""distance_median"": 0.23967622301660968}"
188,rflbat,rflbat_first_distance_filter,"[2, 96, 20, 82, 54, 18, 50, 99, 84, 51, 96, 20, 82, 54, 18, 50, 99, 84, 51]",[],"{""accepted_indices"": [0, 1, 2, 3, 4, 5, 6, 7, 8, 9, 1, 2, 3, 4, 5, 6, 7, 8, 9], ""eps1"": 10, ""distance_median"": 0.34708237343971615}"
188,rflbat,rflbat_cluster_filter,"[2, 96, 20, 82, 54, 18, 50, 99, 84, 51, 96, 20, 82, 54, 18, 50, 99, 84, 51]",[],"{""accepted_indices"": [0, 1, 2, 3, 4, 5, 6, 7, 8, 9, 1, 2, 3, 4, 5, 6, 7, 8, 9], ""num_clusters"": 1, ""cluster_scores"": [0.10154363171546307]}"
188,rflbat,rflbat_final_distance_filter,"[2, 96, 20, 82, 54, 18, 50, 99, 84, 51]",[],"{""accepted_indices"": [0, 1, 2, 3, 4, 5, 6, 7, 8, 9, 1, 2, 3, 4, 5, 6, 7, 8, 9], ""eps2"": 6, ""distance_median"": 0.6696353829177716}"
189,rflbat,rflbat_first_distance_filter,"[2, 26, 24, 94, 0, 65, 90, 89, 67, 58, 26, 24, 94, 0, 65, 90, 89, 67, 58]",[],"{""accepted_indices"": [0, 1, 2, 3, 4, 5, 6, 7, 8, 9, 1, 2, 3, 4, 5, 6, 7, 8, 9], ""eps1"": 10, ""distance_median"": 0.235787146075569}"
189,rflbat,rflbat_cluster_filter,"[2, 26, 24, 94, 0, 65, 90, 89, 67, 58, 26, 24, 94, 0, 65, 90, 89, 67, 58]",[],"{""accepted_indices"": [0, 1, 2, 3, 4, 5, 6, 7, 8, 9, 1, 2, 3, 4, 5, 6, 7, 8, 9], ""num_clusters"": 1, ""cluster_scores"": [0.12204662824458763]}"
189,rflbat,rflbat_final_distance_filter,"[2, 26, 24, 94, 0, 65, 90, 89, 67, 58]",[],"{""accepted_indices"": [0, 1, 2, 3, 4, 5, 6, 7, 8, 9, 1, 2, 3, 4, 5, 6, 7, 8, 9], ""eps2"": 6, ""distance_median"": 0.4643738289096069}"
190,rflbat,rflbat_first_distance_filter,"[4, 9, 35, 10, 76, 63, 41, 97, 5, 96, 9, 35, 10, 76, 63, 41, 97, 5, 96]",[],"{""accepted_indices"": [0, 1, 2, 3, 4, 5, 6, 7, 8, 9, 1, 2, 3, 4, 5, 6, 7, 8, 9], ""eps1"": 10, ""distance_median"": 0.18513297513778448}"
190,rflbat,rflbat_cluster_filter,"[4, 9, 35, 10, 76, 63, 41, 97, 5, 96, 9, 35, 10, 76, 63, 41, 97, 5, 96]",[],"{""accepted_indices"": [0, 1, 2, 3, 4, 5, 6, 7, 8, 9, 1, 2, 3, 4, 5, 6, 7, 8, 9], ""num_clusters"": 1, ""cluster_scores"": [0.13618919521454032]}"
190,rflbat,rflbat_final_distance_filter,"[4, 9, 35, 10, 76, 63, 41, 97, 5, 96]",[],"{""accepted_indices"": [0, 1, 2, 3, 4, 5, 6, 7, 8, 9, 1, 2, 3, 4, 5, 6, 7, 8, 9], ""eps2"": 6, ""distance_median"": 0.36860621688523204}"
191,rflbat,rflbat_first_distance_filter,"[1, 97, 94, 6, 11, 47, 84, 51, 76, 71, 97, 94, 6, 11, 47, 84, 51, 76, 71]",[],"{""accepted_indices"": [0, 1, 2, 3, 4, 5, 6, 7, 8, 9, 1, 2, 3, 4, 5, 6, 7, 8, 9], ""eps1"": 10, ""distance_median"": 0.16736004180135194}"
191,rflbat,rflbat_cluster_filter,"[1, 97, 94, 6, 11, 47, 84, 51, 76, 71, 97, 94, 6, 11, 47, 84, 51, 76, 71]",[],"{""accepted_indices"": [0, 1, 2, 3, 4, 5, 6, 7, 8, 9, 1, 2, 3, 4, 5, 6, 7, 8, 9], ""num_clusters"": 1, ""cluster_scores"": [0.14691332410261584]}"
191,rflbat,rflbat_final_distance_filter,"[1, 97, 94, 6, 11, 47, 84, 51, 76, 71]",[],"{""accepted_indices"": [0, 1, 2, 3, 4, 5, 6, 7, 8, 9, 1, 2, 3, 4, 5, 6, 7, 8, 9], ""eps2"": 6, ""distance_median"": 0.31313445930924}"
192,rflbat,rflbat_first_distance_filter,"[4, 42, 20, 76, 81, 70, 69, 21, 18, 16, 42, 20, 76, 81, 70, 69, 21, 18, 16]",[],"{""accepted_indices"": [0, 1, 2, 3, 4, 5, 6, 7, 8, 9, 1, 2, 3, 4, 5, 6, 7, 8, 9], ""eps1"": 10, ""distance_median"": 0.19749837120948838}"
192,rflbat,rflbat_cluster_filter,"[4, 42, 20, 76, 81, 70, 69, 21, 18, 16, 42, 20, 76, 81, 70, 69, 21, 18, 16]",[],"{""accepted_indices"": [0, 1, 2, 3, 4, 5, 6, 7, 8, 9, 1, 2, 3, 4, 5, 6, 7, 8, 9], ""num_clusters"": 1, ""cluster_scores"": [0.13639764365641752]}"
192,rflbat,rflbat_final_distance_filter,"[4, 42, 20, 76, 81, 70, 69, 21, 18, 16]",[],"{""accepted_indices"": [0, 1, 2, 3, 4, 5, 6, 7, 8, 9, 1, 2, 3, 4, 5, 6, 7, 8, 9], ""eps2"": 6, ""distance_median"": 0.3284543304889613}"
193,rflbat,rflbat_first_distance_filter,"[0, 60, 37, 52, 3, 92, 62, 56, 41, 96, 60, 37, 52, 3, 92, 62, 56, 41, 96]",[],"{""accepted_indices"": [0, 1, 2, 3, 4, 5, 6, 7, 8, 9, 1, 2, 3, 4, 5, 6, 7, 8, 9], ""eps1"": 10, ""distance_median"": 0.23025958199018956}"
193,rflbat,rflbat_cluster_filter,"[0, 60, 37, 52, 3, 92, 62, 56, 41, 96, 60, 37, 52, 3, 92, 62, 56, 41, 96]",[],"{""accepted_indices"": [0, 1, 2, 3, 4, 5, 6, 7, 8, 9, 1, 2, 3, 4, 5, 6, 7, 8, 9], ""num_clusters"": 1, ""cluster_scores"": [0.1521983933733587]}"
193,rflbat,rflbat_final_distance_filter,"[60, 37, 52, 3, 92, 62, 56, 41, 96]",[0],"{""accepted_indices"": [1, 2, 3, 4, 5, 6, 7, 8, 9, 1, 2, 3, 4, 5, 6, 7, 8, 9], ""eps2"": 6, ""distance_median"": 0.3280439460153304}"
194,rflbat,rflbat_first_distance_filter,"[3, 80, 85, 29, 94, 75, 18, 77, 66, 21, 80, 85, 29, 94, 75, 18, 77, 66, 21]",[],"{""accepted_indices"": [0, 1, 2, 3, 4, 5, 6, 7, 8, 9, 1, 2, 3, 4, 5, 6, 7, 8, 9], ""eps1"": 10, ""distance_median"": 0.19260801600056213}"
194,rflbat,rflbat_cluster_filter,"[3, 80, 85, 29, 94, 75, 18, 77, 66, 21, 80, 85, 29, 94, 75, 18, 77, 66, 21]",[],"{""accepted_indices"": [0, 1, 2, 3, 4, 5, 6, 7, 8, 9, 1, 2, 3, 4, 5, 6, 7, 8, 9], ""num_clusters"": 1, ""cluster_scores"": [0.0893829009100581]}"
194,rflbat,rflbat_final_distance_filter,"[3, 80, 85, 29, 94, 75, 18, 77, 66, 21]",[],"{""accepted_indices"": [0, 1, 2, 3, 4, 5, 6, 7, 8, 9, 1, 2, 3, 4, 5, 6, 7, 8, 9], ""eps2"": 6, ""distance_median"": 0.34203456148436284}"
195,rflbat,rflbat_first_distance_filter,"[3, 43, 32, 86, 55, 97, 33, 21, 81, 20, 43, 32, 86, 55, 97, 33, 21, 81, 20]",[],"{""accepted_indices"": [0, 1, 2, 3, 4, 5, 6, 7, 8, 9, 1, 2, 3, 4, 5, 6, 7, 8, 9], ""eps1"": 10, ""distance_median"": 0.20329024972046736}"
195,rflbat,rflbat_cluster_filter,"[3, 43, 32, 86, 55, 97, 33, 21, 81, 20, 43, 32, 86, 55, 97, 33, 21, 81, 20]",[],"{""accepted_indices"": [0, 1, 2, 3, 4, 5, 6, 7, 8, 9, 1, 2, 3, 4, 5, 6, 7, 8, 9], ""num_clusters"": 1, ""cluster_scores"": [0.1010686878282616]}"
195,rflbat,rflbat_final_distance_filter,"[3, 43, 32, 86, 55, 97, 33, 21, 81, 20]",[],"{""accepted_indices"": [0, 1, 2, 3, 4, 5, 6, 7, 8, 9, 1, 2, 3, 4, 5, 6, 7, 8, 9], ""eps2"": 6, ""distance_median"": 0.3925933469074685}"
196,rflbat,rflbat_first_distance_filter,"[4, 43, 29, 48, 0, 70, 99, 92, 10, 73, 43, 29, 48, 0, 70, 99, 92, 10, 73]",[],"{""accepted_indices"": [0, 1, 2, 3, 4, 5, 6, 7, 8, 9, 1, 2, 3, 4, 5, 6, 7, 8, 9], ""eps1"": 10, ""distance_median"": 0.42390453721174565}"
196,rflbat,rflbat_cluster_filter,"[4, 43, 29, 48, 0, 70, 99, 92, 10, 73, 43, 29, 48, 0, 70, 99, 92, 10, 73]",[],"{""accepted_indices"": [0, 1, 2, 3, 4, 5, 6, 7, 8, 9, 1, 2, 3, 4, 5, 6, 7, 8, 9], ""num_clusters"": 1, ""cluster_scores"": [0.0905476287924563]}"
196,rflbat,rflbat_final_distance_filter,"[4, 43, 29, 48, 0, 70, 99, 92, 10, 73]",[],"{""accepted_indices"": [0, 1, 2, 3, 4, 5, 6, 7, 8, 9, 1, 2, 3, 4, 5, 6, 7, 8, 9], ""eps2"": 6, ""distance_median"": 0.8538317773895916}"
197,rflbat,rflbat_first_distance_filter,"[4, 3, 41, 98, 14, 2, 48, 95, 89, 61, 3, 41, 98, 14, 2, 48, 95, 89, 61]",[],"{""accepted_indices"": [0, 1, 2, 3, 4, 5, 6, 7, 8, 9, 1, 2, 3, 4, 5, 6, 7, 8, 9], ""eps1"": 10, ""distance_median"": 0.22254199423828463}"
197,rflbat,rflbat_cluster_filter,"[4, 3, 41, 98, 14, 2, 48, 95, 89, 61, 3, 41, 98, 14, 2, 48, 95, 89, 61]",[],"{""accepted_indices"": [0, 1, 2, 3, 4, 5, 6, 7, 8, 9, 1, 2, 3, 4, 5, 6, 7, 8, 9], ""num_clusters"": 1, ""cluster_scores"": [0.17267341693137822]}"
197,rflbat,rflbat_final_distance_filter,"[4, 3, 41, 98, 14, 2, 48, 95, 89, 61]",[],"{""accepted_indices"": [0, 1, 2, 3, 4, 5, 6, 7, 8, 9, 1, 2, 3, 4, 5, 6, 7, 8, 9], ""eps2"": 6, ""distance_median"": 0.4093078628852553}"
198,rflbat,rflbat_first_distance_filter,"[1, 16, 3, 4, 57, 46, 68, 18, 34, 81, 16, 3, 4, 57, 46, 68, 18, 34, 81]",[],"{""accepted_indices"": [0, 1, 2, 3, 4, 5, 6, 7, 8, 9, 1, 2, 3, 4, 5, 6, 7, 8, 9], ""eps1"": 10, ""distance_median"": 0.1284411990509169}"
198,rflbat,rflbat_cluster_filter,"[1, 16, 3, 4, 57, 46, 68, 18, 34, 81, 16, 3, 4, 57, 46, 68, 18, 34, 81]",[],"{""accepted_indices"": [0, 1, 2, 3, 4, 5, 6, 7, 8, 9, 1, 2, 3, 4, 5, 6, 7, 8, 9], ""num_clusters"": 1, ""cluster_scores"": [0.1296757120311649]}"
198,rflbat,rflbat_final_distance_filter,"[1, 16, 3, 4, 57, 46, 68, 18, 34, 81]",[],"{""accepted_indices"": [0, 1, 2, 3, 4, 5, 6, 7, 8, 9, 1, 2, 3, 4, 5, 6, 7, 8, 9], ""eps2"": 6, ""distance_median"": 0.23992888968164175}"
199,rflbat,rflbat_first_distance_filter,"[3, 29, 7, 70, 46, 12, 74, 48, 27, 81, 29, 7, 70, 46, 12, 74, 48, 27, 81]",[],"{""accepted_indices"": [0, 1, 2, 3, 4, 5, 6, 7, 8, 9, 1, 2, 3, 4, 5, 6, 7, 8, 9], ""eps1"": 10, ""distance_median"": 0.18739212690352386}"
199,rflbat,rflbat_cluster_filter,"[3, 29, 7, 70, 46, 12, 74, 48, 27, 81, 29, 7, 70, 46, 12, 74, 48, 27, 81]",[],"{""accepted_indices"": [0, 1, 2, 3, 4, 5, 6, 7, 8, 9, 1, 2, 3, 4, 5, 6, 7, 8, 9], ""num_clusters"": 1, ""cluster_scores"": [0.09766817690756675]}"
199,rflbat,rflbat_final_distance_filter,"[3, 29, 7, 70, 46, 12, 74, 48, 27, 81]",[],"{""accepted_indices"": [0, 1, 2, 3, 4, 5, 6, 7, 8, 9, 1, 2, 3, 4, 5, 6, 7, 8, 9], ""eps2"": 6, ""distance_median"": 0.3675828425420736}"
200,rflbat,rflbat_first_distance_filter,"[0, 25, 51, 65, 83, 95, 53, 78, 11, 8, 25, 51, 65, 83, 95, 53, 78, 11, 8]",[],"{""accepted_indices"": [0, 1, 2, 3, 4, 5, 6, 7, 8, 9, 1, 2, 3, 4, 5, 6, 7, 8, 9], ""eps1"": 10, ""distance_median"": 0.2514780228762629}"
200,rflbat,rflbat_cluster_filter,"[0, 25, 51, 65, 83, 95, 53, 78, 11, 8, 25, 51, 65, 83, 95, 53, 78, 11, 8]",[],"{""accepted_indices"": [0, 1, 2, 3, 4, 5, 6, 7, 8, 9, 1, 2, 3, 4, 5, 6, 7, 8, 9], ""num_clusters"": 1, ""cluster_scores"": [0.10618248414880549]}"
200,rflbat,rflbat_final_distance_filter,"[25, 51, 65, 83, 95, 53, 78, 11, 8]",[0],"{""accepted_indices"": [1, 2, 3, 4, 5, 6, 7, 8, 9, 1, 2, 3, 4, 5, 6, 7, 8, 9], ""eps2"": 6, ""distance_median"": 0.366686068123614}"
201,rflbat,rflbat_first_distance_filter,"[0, 38, 8, 73, 40, 99, 81, 47, 84, 97, 38, 8, 73, 40, 99, 81, 47, 84, 97]",[],"{""accepted_indices"": [0, 1, 2, 3, 4, 5, 6, 7, 8, 9, 1, 2, 3, 4, 5, 6, 7, 8, 9], ""eps1"": 10, ""distance_median"": 0.38536169225301803}"
201,rflbat,rflbat_cluster_filter,"[38, 8, 40, 99, 81, 47, 84, 97, 38, 8, 40, 99, 81, 47, 84, 97]","[0, 73]","{""accepted_indices"": [1, 2, 4, 5, 6, 7, 8, 9, 1, 2, 4, 5, 6, 7, 8, 9], ""num_clusters"": 3, ""cluster_scores"": [0.14529427663374572, 1.0000000000013922, 1]}"
201,rflbat,rflbat_final_distance_filter,"[38, 8, 40, 99, 81, 47, 84, 97]","[0, 73]","{""accepted_indices"": [1, 2, 4, 5, 6, 7, 8, 9, 1, 2, 4, 5, 6, 7, 8, 9], ""eps2"": 6, ""distance_median"": 0.18060643500853424}"
202,rflbat,rflbat_first_distance_filter,"[2, 62, 37, 43, 64, 4, 54, 66, 17, 35, 62, 37, 43, 64, 4, 54, 66, 17, 35]",[],"{""accepted_indices"": [0, 1, 2, 3, 4, 5, 6, 7, 8, 9, 1, 2, 3, 4, 5, 6, 7, 8, 9], ""eps1"": 10, ""distance_median"": 0.1815116957196824}"
202,rflbat,rflbat_cluster_filter,"[2, 62, 37, 43, 64, 4, 54, 66, 17, 35, 62, 37, 43, 64, 4, 54, 66, 17, 35]",[],"{""accepted_indices"": [0, 1, 2, 3, 4, 5, 6, 7, 8, 9, 1, 2, 3, 4, 5, 6, 7, 8, 9], ""num_clusters"": 1, ""cluster_scores"": [0.11124801693591417]}"
202,rflbat,rflbat_final_distance_filter,"[2, 62, 37, 43, 64, 4, 54, 66, 17, 35]",[],"{""accepted_indices"": [0, 1, 2, 3, 4, 5, 6, 7, 8, 9, 1, 2, 3, 4, 5, 6, 7, 8, 9], ""eps2"": 6, ""distance_median"": 0.3215503539104829}"
203,rflbat,rflbat_first_distance_filter,"[0, 78, 33, 96, 55, 42, 91, 58, 15, 11, 78, 33, 96, 55, 42, 91, 58, 15, 11]",[],"{""accepted_indices"": [0, 1, 2, 3, 4, 5, 6, 7, 8, 9, 1, 2, 3, 4, 5, 6, 7, 8, 9], ""eps1"": 10, ""distance_median"": 0.2755294547700794}"
203,rflbat,rflbat_cluster_filter,"[0, 78, 33, 96, 55, 42, 91, 58, 15, 11, 78, 33, 96, 55, 42, 91, 58, 15, 11]",[],"{""accepted_indices"": [0, 1, 2, 3, 4, 5, 6, 7, 8, 9, 1, 2, 3, 4, 5, 6, 7, 8, 9], ""num_clusters"": 1, ""cluster_scores"": [0.1292084978250859]}"
203,rflbat,rflbat_final_distance_filter,"[78, 33, 96, 55, 42, 91, 58, 15, 11]",[0],"{""accepted_indices"": [1, 2, 3, 4, 5, 6, 7, 8, 9, 1, 2, 3, 4, 5, 6, 7, 8, 9], ""eps2"": 6, ""distance_median"": 0.39939917182702556}"
204,rflbat,rflbat_first_distance_filter,"[4, 63, 0, 78, 40, 87, 76, 8, 38, 16, 63, 0, 78, 40, 87, 76, 8, 38, 16]",[],"{""accepted_indices"": [0, 1, 2, 3, 4, 5, 6, 7, 8, 9, 1, 2, 3, 4, 5, 6, 7, 8, 9], ""eps1"": 10, ""distance_median"": 0.22493676604289575}"
204,rflbat,rflbat_cluster_filter,"[4, 63, 0, 78, 40, 87, 76, 8, 38, 16, 63, 0, 78, 40, 87, 76, 8, 38, 16]",[],"{""accepted_indices"": [0, 1, 2, 3, 4, 5, 6, 7, 8, 9, 1, 2, 3, 4, 5, 6, 7, 8, 9], ""num_clusters"": 1, ""cluster_scores"": [0.12956821588795625]}"
204,rflbat,rflbat_final_distance_filter,"[4, 63, 0, 78, 40, 87, 76, 8, 38, 16]",[],"{""accepted_indices"": [0, 1, 2, 3, 4, 5, 6, 7, 8, 9, 1, 2, 3, 4, 5, 6, 7, 8, 9], ""eps2"": 6, ""distance_median"": 0.4169194645072931}"
205,rflbat,rflbat_first_distance_filter,"[0, 80, 60, 96, 66, 78, 1, 5, 30, 56, 80, 60, 96, 66, 78, 1, 5, 30, 56]",[],"{""accepted_indices"": [0, 1, 2, 3, 4, 5, 6, 7, 8, 9, 1, 2, 3, 4, 5, 6, 7, 8, 9], ""eps1"": 10, ""distance_median"": 0.27388968096706207}"
205,rflbat,rflbat_cluster_filter,"[0, 80, 60, 96, 66, 78, 1, 5, 30, 56, 80, 60, 96, 66, 78, 1, 5, 30, 56]",[],"{""accepted_indices"": [0, 1, 2, 3, 4, 5, 6, 7, 8, 9, 1, 2, 3, 4, 5, 6, 7, 8, 9], ""num_clusters"": 1, ""cluster_scores"": [0.09675887987635874]}"
205,rflbat,rflbat_final_distance_filter,"[80, 60, 96, 66, 78, 1, 5, 30, 56]",[0],"{""accepted_indices"": [1, 2, 3, 4, 5, 6, 7, 8, 9, 1, 2, 3, 4, 5, 6, 7, 8, 9], ""eps2"": 6, ""distance_median"": 0.4049904386849298}"
206,rflbat,rflbat_first_distance_filter,"[0, 36, 74, 99, 70, 52, 26, 43, 61, 16, 36, 74, 99, 70, 52, 26, 43, 61, 16]",[],"{""accepted_indices"": [0, 1, 2, 3, 4, 5, 6, 7, 8, 9, 1, 2, 3, 4, 5, 6, 7, 8, 9], ""eps1"": 10, ""distance_median"": 0.32994574020584}"
206,rflbat,rflbat_cluster_filter,"[0, 36, 74, 99, 70, 52, 26, 43, 61, 16, 36, 74, 99, 70, 52, 26, 43, 61, 16]",[],"{""accepted_indices"": [0, 1, 2, 3, 4, 5, 6, 7, 8, 9, 1, 2, 3, 4, 5, 6, 7, 8, 9], ""num_clusters"": 1, ""cluster_scores"": [0.11755544432371884]}"
206,rflbat,rflbat_final_distance_filter,"[0, 36, 74, 99, 70, 52, 26, 43, 61, 16]",[],"{""accepted_indices"": [0, 1, 2, 3, 4, 5, 6, 7, 8, 9, 1, 2, 3, 4, 5, 6, 7, 8, 9], ""eps2"": 6, ""distance_median"": 0.5546451673865956}"
207,rflbat,rflbat_first_distance_filter,"[1, 60, 18, 33, 15, 88, 98, 68, 20, 66, 60, 18, 33, 15, 88, 98, 68, 20, 66]",[],"{""accepted_indices"": [0, 1, 2, 3, 4, 5, 6, 7, 8, 9, 1, 2, 3, 4, 5, 6, 7, 8, 9], ""eps1"": 10, ""distance_median"": 0.26454541748949983}"
207,rflbat,rflbat_cluster_filter,"[1, 60, 18, 33, 15, 88, 98, 68, 20, 66, 60, 18, 33, 15, 88, 98, 68, 20, 66]",[],"{""accepted_indices"": [0, 1, 2, 3, 4, 5, 6, 7, 8, 9, 1, 2, 3, 4, 5, 6, 7, 8, 9], ""num_clusters"": 1, ""cluster_scores"": [0.14933917350227602]}"
207,rflbat,rflbat_final_distance_filter,"[1, 60, 18, 33, 15, 88, 98, 68, 20, 66]",[],"{""accepted_indices"": [0, 1, 2, 3, 4, 5, 6, 7, 8, 9, 1, 2, 3, 4, 5, 6, 7, 8, 9], ""eps2"": 6, ""distance_median"": 0.5216744720316987}"
208,rflbat,rflbat_first_distance_filter,"[1, 96, 24, 26, 0, 10, 84, 66, 97, 89, 96, 24, 26, 0, 10, 84, 66, 97, 89]",[],"{""accepted_indices"": [0, 1, 2, 3, 4, 5, 6, 7, 8, 9, 1, 2, 3, 4, 5, 6, 7, 8, 9], ""eps1"": 10, ""distance_median"": 0.2524655343576982}"
208,rflbat,rflbat_cluster_filter,"[1, 96, 24, 26, 0, 10, 84, 66, 97, 89, 96, 24, 26, 0, 10, 84, 66, 97, 89]",[],"{""accepted_indices"": [0, 1, 2, 3, 4, 5, 6, 7, 8, 9, 1, 2, 3, 4, 5, 6, 7, 8, 9], ""num_clusters"": 1, ""cluster_scores"": [0.15156011896830482]}"
208,rflbat,rflbat_final_distance_filter,"[1, 96, 24, 26, 0, 10, 84, 66, 97, 89]",[],"{""accepted_indices"": [0, 1, 2, 3, 4, 5, 6, 7, 8, 9, 1, 2, 3, 4, 5, 6, 7, 8, 9], ""eps2"": 6, ""distance_median"": 0.49911340603191146}"
209,rflbat,rflbat_first_distance_filter,"[4, 97, 65, 46, 11, 57, 77, 40, 70, 73, 97, 65, 46, 11, 57, 77, 40, 70, 73]",[],"{""accepted_indices"": [0, 1, 2, 3, 4, 5, 6, 7, 8, 9, 1, 2, 3, 4, 5, 6, 7, 8, 9], ""eps1"": 10, ""distance_median"": 0.27344354918561686}"
209,rflbat,rflbat_cluster_filter,"[4, 97, 65, 46, 11, 57, 77, 40, 70, 97, 65, 46, 11, 57, 77, 40, 70]",[73],"{""accepted_indices"": [0, 1, 2, 3, 4, 5, 6, 7, 8, 1, 2, 3, 4, 5, 6, 7, 8], ""num_clusters"": 2, ""cluster_scores"": [0.11878479521568709, 1.0000000000015388]}"
209,rflbat,rflbat_final_distance_filter,"[4, 97, 65, 46, 11, 57, 77, 40, 70]",[73],"{""accepted_indices"": [0, 1, 2, 3, 4, 5, 6, 7, 8, 1, 2, 3, 4, 5, 6, 7, 8], ""eps2"": 6, ""distance_median"": 0.22160531544088047}"
210,rflbat,rflbat_first_distance_filter,"[2, 46, 7, 95, 15, 10, 85, 82, 96, 88, 46, 7, 95, 15, 10, 85, 82, 96, 88]",[],"{""accepted_indices"": [0, 1, 2, 3, 4, 5, 6, 7, 8, 9, 1, 2, 3, 4, 5, 6, 7, 8, 9], ""eps1"": 10, ""distance_median"": 0.26072513510972195}"
210,rflbat,rflbat_cluster_filter,"[2, 46, 7, 95, 15, 10, 85, 82, 96, 88, 46, 7, 95, 15, 10, 85, 82, 96, 88]",[],"{""accepted_indices"": [0, 1, 2, 3, 4, 5, 6, 7, 8, 9, 1, 2, 3, 4, 5, 6, 7, 8, 9], ""num_clusters"": 1, ""cluster_scores"": [0.08387018249814629]}"
210,rflbat,rflbat_final_distance_filter,"[2, 46, 7, 95, 15, 10, 85, 82, 96, 88]",[],"{""accepted_indices"": [0, 1, 2, 3, 4, 5, 6, 7, 8, 9, 1, 2, 3, 4, 5, 6, 7, 8, 9], ""eps2"": 6, ""distance_median"": 0.5544367691113861}"
211,rflbat,rflbat_first_distance_filter,"[2, 65, 20, 60, 31, 50, 97, 26, 99, 52, 65, 20, 60, 31, 50, 97, 26, 99, 52]",[],"{""accepted_indices"": [0, 1, 2, 3, 4, 5, 6, 7, 8, 9, 1, 2, 3, 4, 5, 6, 7, 8, 9], ""eps1"": 10, ""distance_median"": 0.43096525675871517}"
211,rflbat,rflbat_cluster_filter,"[2, 65, 20, 60, 31, 50, 97, 26, 99, 52, 65, 20, 60, 31, 50, 97, 26, 99, 52]",[],"{""accepted_indices"": [0, 1, 2, 3, 4, 5, 6, 7, 8, 9, 1, 2, 3, 4, 5, 6, 7, 8, 9], ""num_clusters"": 1, ""cluster_scores"": [0.15365208435143454]}"
211,rflbat,rflbat_final_distance_filter,"[2, 65, 20, 60, 31, 50, 97, 26, 99, 52]",[],"{""accepted_indices"": [0, 1, 2, 3, 4, 5, 6, 7, 8, 9, 1, 2, 3, 4, 5, 6, 7, 8, 9], ""eps2"": 6, ""distance_median"": 0.8542452506861237}"
212,rflbat,rflbat_first_distance_filter,"[3, 82, 63, 72, 46, 81, 6, 56, 31, 45, 82, 63, 72, 46, 81, 6, 56, 31, 45]",[],"{""accepted_indices"": [0, 1, 2, 3, 4, 5, 6, 7, 8, 9, 1, 2, 3, 4, 5, 6, 7, 8, 9], ""eps1"": 10, ""distance_median"": 0.19400686674764883}"
212,rflbat,rflbat_cluster_filter,"[3, 82, 63, 72, 46, 81, 6, 56, 31, 45, 82, 63, 72, 46, 81, 6, 56, 31, 45]",[],"{""accepted_indices"": [0, 1, 2, 3, 4, 5, 6, 7, 8, 9, 1, 2, 3, 4, 5, 6, 7, 8, 9], ""num_clusters"": 1, ""cluster_scores"": [0.11447058935271724]}"
212,rflbat,rflbat_final_distance_filter,"[3, 82, 63, 72, 46, 81, 6, 56, 31, 45]",[],"{""accepted_indices"": [0, 1, 2, 3, 4, 5, 6, 7, 8, 9, 1, 2, 3, 4, 5, 6, 7, 8, 9], ""eps2"": 6, ""distance_median"": 0.40318539127330855}"
213,rflbat,rflbat_first_distance_filter,"[0, 91, 15, 39, 3, 7, 79, 61, 17, 4, 91, 15, 39, 3, 7, 79, 61, 17, 4]",[],"{""accepted_indices"": [0, 1, 2, 3, 4, 5, 6, 7, 8, 9, 1, 2, 3, 4, 5, 6, 7, 8, 9], ""eps1"": 10, ""distance_median"": 0.2560416440994555}"
213,rflbat,rflbat_cluster_filter,"[0, 91, 15, 39, 3, 7, 79, 61, 17, 4, 91, 15, 39, 3, 7, 79, 61, 17, 4]",[],"{""accepted_indices"": [0, 1, 2, 3, 4, 5, 6, 7, 8, 9, 1, 2, 3, 4, 5, 6, 7, 8, 9], ""num_clusters"": 1, ""cluster_scores"": [0.14348165028685256]}"
213,rflbat,rflbat_final_distance_filter,"[91, 15, 39, 3, 7, 79, 61, 17, 4]",[0],"{""accepted_indices"": [1, 2, 3, 4, 5, 6, 7, 8, 9, 1, 2, 3, 4, 5, 6, 7, 8, 9], ""eps2"": 6, ""distance_median"": 0.34174180044756813}"
214,rflbat,rflbat_first_distance_filter,"[3, 64, 55, 59, 20, 53, 48, 24, 90, 49, 64, 55, 59, 20, 53, 48, 24, 90, 49]",[],"{""accepted_indices"": [0, 1, 2, 3, 4, 5, 6, 7, 8, 9, 1, 2, 3, 4, 5, 6, 7, 8, 9], ""eps1"": 10, ""distance_median"": 0.22505574282413682}"
214,rflbat,rflbat_cluster_filter,"[3, 64, 55, 59, 20, 53, 24, 90, 49, 64, 55, 59, 20, 53, 24, 90, 49]",[48],"{""accepted_indices"": [0, 1, 2, 3, 4, 5, 7, 8, 9, 1, 2, 3, 4, 5, 7, 8, 9], ""num_clusters"": 2, ""cluster_scores"": [0.10822878372822449, 1.0000000000027789]}"
214,rflbat,rflbat_final_distance_filter,"[3, 64, 55, 59, 20, 53, 24, 90, 49]",[48],"{""accepted_indices"": [0, 1, 2, 3, 4, 5, 7, 8, 9, 1, 2, 3, 4, 5, 7, 8, 9], ""eps2"": 6, ""distance_median"": 0.2532686751434746}"
215,rflbat,rflbat_first_distance_filter,"[1, 72, 2, 46, 13, 23, 68, 73, 38, 4, 72, 2, 46, 13, 23, 68, 73, 38, 4]",[],"{""accepted_indices"": [0, 1, 2, 3, 4, 5, 6, 7, 8, 9, 1, 2, 3, 4, 5, 6, 7, 8, 9], ""eps1"": 10, ""distance_median"": 0.29067156807733674}"
215,rflbat,rflbat_cluster_filter,"[1, 72, 2, 46, 13, 23, 68, 73, 38, 4, 72, 2, 46, 13, 23, 68, 73, 38, 4]",[],"{""accepted_indices"": [0, 1, 2, 3, 4, 5, 6, 7, 8, 9, 1, 2, 3, 4, 5, 6, 7, 8, 9], ""num_clusters"": 1, ""cluster_scores"": [0.1447246909174459]}"
215,rflbat,rflbat_final_distance_filter,"[1, 72, 2, 46, 13, 23, 68, 73, 38, 4]",[],"{""accepted_indices"": [0, 1, 2, 3, 4, 5, 6, 7, 8, 9, 1, 2, 3, 4, 5, 6, 7, 8, 9], ""eps2"": 6, ""distance_median"": 0.5803436198766996}"
216,rflbat,rflbat_first_distance_filter,"[4, 94, 18, 57, 48, 47, 11, 74, 37, 38, 94, 18, 57, 48, 47, 11, 74, 37, 38]",[],"{""accepted_indices"": [0, 1, 2, 3, 4, 5, 6, 7, 8, 9, 1, 2, 3, 4, 5, 6, 7, 8, 9], ""eps1"": 10, ""distance_median"": 0.18040397334255565}"
216,rflbat,rflbat_cluster_filter,"[4, 94, 18, 57, 48, 47, 11, 74, 37, 38, 94, 18, 57, 48, 47, 11, 74, 37, 38]",[],"{""accepted_indices"": [0, 1, 2, 3, 4, 5, 6, 7, 8, 9, 1, 2, 3, 4, 5, 6, 7, 8, 9], ""num_clusters"": 1, ""cluster_scores"": [0.13501881691040685]}"
216,rflbat,rflbat_final_distance_filter,"[4, 94, 18, 57, 48, 47, 11, 74, 37, 38]",[],"{""accepted_indices"": [0, 1, 2, 3, 4, 5, 6, 7, 8, 9, 1, 2, 3, 4, 5, 6, 7, 8, 9], ""eps2"": 6, ""distance_median"": 0.3589412002367291}"
217,rflbat,rflbat_first_distance_filter,"[4, 12, 57, 54, 19, 84, 81, 5, 40, 21, 12, 57, 54, 19, 84, 81, 5, 40, 21]",[],"{""accepted_indices"": [0, 1, 2, 3, 4, 5, 6, 7, 8, 9, 1, 2, 3, 4, 5, 6, 7, 8, 9], ""eps1"": 10, ""distance_median"": 0.4526520918632782}"
217,rflbat,rflbat_cluster_filter,"[4, 12, 57, 54, 19, 84, 81, 5, 40, 21, 12, 57, 54, 19, 84, 81, 5, 40, 21]",[],"{""accepted_indices"": [0, 1, 2, 3, 4, 5, 6, 7, 8, 9, 1, 2, 3, 4, 5, 6, 7, 8, 9], ""num_clusters"": 1, ""cluster_scores"": [0.10231182589867896]}"
217,rflbat,rflbat_final_distance_filter,"[4, 12, 57, 54, 19, 84, 81, 40, 21]",[5],"{""accepted_indices"": [0, 1, 2, 3, 4, 5, 6, 8, 9, 1, 2, 3, 4, 5, 6, 8, 9], ""eps2"": 6, ""distance_median"": 0.8883497115558079}"
218,rflbat,rflbat_first_distance_filter,"[4, 74, 91, 54, 69, 37, 94, 41, 59, 1, 74, 91, 54, 69, 37, 94, 41, 59, 1]",[],"{""accepted_indices"": [0, 1, 2, 3, 4, 5, 6, 7, 8, 9, 1, 2, 3, 4, 5, 6, 7, 8, 9], ""eps1"": 10, ""distance_median"": 0.20879279047568944}"
218,rflbat,rflbat_cluster_filter,"[4, 74, 91, 54, 69, 37, 94, 41, 59, 1, 74, 91, 54, 69, 37, 94, 41, 59, 1]",[],"{""accepted_indices"": [0, 1, 2, 3, 4, 5, 6, 7, 8, 9, 1, 2, 3, 4, 5, 6, 7, 8, 9], ""num_clusters"": 1, ""cluster_scores"": [0.18762293484658982]}"
218,rflbat,rflbat_final_distance_filter,"[4, 74, 91, 54, 69, 37, 94, 41, 59, 1]",[],"{""accepted_indices"": [0, 1, 2, 3, 4, 5, 6, 7, 8, 9, 1, 2, 3, 4, 5, 6, 7, 8, 9], ""eps2"": 6, ""distance_median"": 0.43530308470487183}"
219,rflbat,rflbat_first_distance_filter,"[1, 73, 51, 16, 26, 93, 91, 44, 77, 95, 73, 51, 16, 26, 93, 91, 44, 77, 95]",[],"{""accepted_indices"": [0, 1, 2, 3, 4, 5, 6, 7, 8, 9, 1, 2, 3, 4, 5, 6, 7, 8, 9], ""eps1"": 10, ""distance_median"": 0.25654728247221226}"
219,rflbat,rflbat_cluster_filter,"[1, 73, 51, 16, 26, 93, 91, 44, 77, 95, 73, 51, 16, 26, 93, 91, 44, 77, 95]",[],"{""accepted_indices"": [0, 1, 2, 3, 4, 5, 6, 7, 8, 9, 1, 2, 3, 4, 5, 6, 7, 8, 9], ""num_clusters"": 1, ""cluster_scores"": [0.10661508889984204]}"
219,rflbat,rflbat_final_distance_filter,"[1, 73, 51, 16, 26, 93, 91, 44, 77, 95]",[],"{""accepted_indices"": [0, 1, 2, 3, 4, 5, 6, 7, 8, 9, 1, 2, 3, 4, 5, 6, 7, 8, 9], ""eps2"": 6, ""distance_median"": 0.5315042210403166}"
220,rflbat,rflbat_first_distance_filter,"[0, 47, 96, 84, 18, 29, 76, 72, 57, 8, 47, 96, 84, 18, 29, 76, 72, 57, 8]",[],"{""accepted_indices"": [0, 1, 2, 3, 4, 5, 6, 7, 8, 9, 1, 2, 3, 4, 5, 6, 7, 8, 9], ""eps1"": 10, ""distance_median"": 0.2515752555447859}"
220,rflbat,rflbat_cluster_filter,"[47, 96, 84, 18, 29, 76, 72, 57, 8, 47, 96, 84, 18, 29, 76, 72, 57, 8]",[0],"{""accepted_indices"": [1, 2, 3, 4, 5, 6, 7, 8, 9, 1, 2, 3, 4, 5, 6, 7, 8, 9], ""num_clusters"": 2, ""cluster_scores"": [0.08423829856060039, 1]}"
220,rflbat,rflbat_final_distance_filter,"[47, 96, 84, 18, 29, 76, 72, 57, 8]",[0],"{""accepted_indices"": [1, 2, 3, 4, 5, 6, 7, 8, 9, 1, 2, 3, 4, 5, 6, 7, 8, 9], ""eps2"": 6, ""distance_median"": 0.2255627024705374}"
221,rflbat,rflbat_first_distance_filter,"[3, 83, 44, 49, 23, 58, 9, 33, 11, 61, 83, 44, 49, 23, 58, 9, 33, 11, 61]",[],"{""accepted_indices"": [0, 1, 2, 3, 4, 5, 6, 7, 8, 9, 1, 2, 3, 4, 5, 6, 7, 8, 9], ""eps1"": 10, ""distance_median"": 0.13018490191180954}"
221,rflbat,rflbat_cluster_filter,"[3, 83, 44, 49, 23, 58, 9, 33, 11, 61, 83, 44, 49, 23, 58, 9, 33, 11, 61]",[],"{""accepted_indices"": [0, 1, 2, 3, 4, 5, 6, 7, 8, 9, 1, 2, 3, 4, 5, 6, 7, 8, 9], ""num_clusters"": 1, ""cluster_scores"": [0.09286807930898788]}"
221,rflbat,rflbat_final_distance_filter,"[3, 83, 44, 49, 23, 58, 9, 33, 11, 61]",[],"{""accepted_indices"": [0, 1, 2, 3, 4, 5, 6, 7, 8, 9, 1, 2, 3, 4, 5, 6, 7, 8, 9], ""eps2"": 6, ""distance_median"": 0.22818564273732425}"
222,rflbat,rflbat_first_distance_filter,"[0, 2, 91, 50, 23, 31, 58, 80, 68, 37, 2, 91, 50, 23, 31, 58, 80, 68, 37]",[],"{""accepted_indices"": [0, 1, 2, 3, 4, 5, 6, 7, 8, 9, 1, 2, 3, 4, 5, 6, 7, 8, 9], ""eps1"": 10, ""distance_median"": 0.23089491825343766}"
222,rflbat,rflbat_cluster_filter,"[0, 2, 91, 50, 23, 31, 58, 80, 68, 37, 2, 91, 50, 23, 31, 58, 80, 68, 37]",[],"{""accepted_indices"": [0, 1, 2, 3, 4, 5, 6, 7, 8, 9, 1, 2, 3, 4, 5, 6, 7, 8, 9], ""num_clusters"": 1, ""cluster_scores"": [0.10443609812832427]}"
222,rflbat,rflbat_final_distance_filter,"[2, 91, 50, 23, 31, 58, 80, 68, 37]",[0],"{""accepted_indices"": [1, 2, 3, 4, 5, 6, 7, 8, 9, 1, 2, 3, 4, 5, 6, 7, 8, 9], ""eps2"": 6, ""distance_median"": 0.3369032895886695}"
223,rflbat,rflbat_first_distance_filter,"[1, 11, 26, 14, 13, 0, 32, 94, 99, 35, 11, 26, 14, 13, 0, 32, 94, 99, 35]",[],"{""accepted_indices"": [0, 1, 2, 3, 4, 5, 6, 7, 8, 9, 1, 2, 3, 4, 5, 6, 7, 8, 9], ""eps1"": 10, ""distance_median"": 0.34860976010667266}"
223,rflbat,rflbat_cluster_filter,"[1, 11, 26, 14, 13, 0, 32, 94, 99, 35, 11, 26, 14, 13, 0, 32, 94, 99, 35]",[],"{""accepted_indices"": [0, 1, 2, 3, 4, 5, 6, 7, 8, 9, 1, 2, 3, 4, 5, 6, 7, 8, 9], ""num_clusters"": 1, ""cluster_scores"": [0.10236779590810144]}"
223,rflbat,rflbat_final_distance_filter,"[1, 11, 26, 14, 13, 0, 32, 94, 99, 35]",[],"{""accepted_indices"": [0, 1, 2, 3, 4, 5, 6, 7, 8, 9, 1, 2, 3, 4, 5, 6, 7, 8, 9], ""eps2"": 6, ""distance_median"": 0.7022994990710184}"
224,rflbat,rflbat_first_distance_filter,"[1, 4, 25, 34, 45, 96, 21, 48, 36, 3, 4, 25, 34, 45, 96, 21, 48, 36, 3]",[],"{""accepted_indices"": [0, 1, 2, 3, 4, 5, 6, 7, 8, 9, 1, 2, 3, 4, 5, 6, 7, 8, 9], ""eps1"": 10, ""distance_median"": 0.215084134081365}"
224,rflbat,rflbat_cluster_filter,"[1, 4, 25, 34, 45, 96, 21, 48, 36, 3, 4, 25, 34, 45, 96, 21, 48, 36, 3]",[],"{""accepted_indices"": [0, 1, 2, 3, 4, 5, 6, 7, 8, 9, 1, 2, 3, 4, 5, 6, 7, 8, 9], ""num_clusters"": 1, ""cluster_scores"": [0.09710710882547108]}"
224,rflbat,rflbat_final_distance_filter,"[1, 4, 25, 34, 45, 96, 21, 48, 36, 3]",[],"{""accepted_indices"": [0, 1, 2, 3, 4, 5, 6, 7, 8, 9, 1, 2, 3, 4, 5, 6, 7, 8, 9], ""eps2"": 6, ""distance_median"": 0.4356768139190044}"
225,rflbat,rflbat_first_distance_filter,"[2, 81, 72, 68, 36, 32, 11, 54, 75, 83, 81, 72, 68, 36, 32, 11, 54, 75, 83]",[],"{""accepted_indices"": [0, 1, 2, 3, 4, 5, 6, 7, 8, 9, 1, 2, 3, 4, 5, 6, 7, 8, 9], ""eps1"": 10, ""distance_median"": 0.20887395028699182}"
225,rflbat,rflbat_cluster_filter,"[2, 81, 72, 68, 36, 32, 11, 54, 75, 83, 81, 72, 68, 36, 32, 11, 54, 75, 83]",[],"{""accepted_indices"": [0, 1, 2, 3, 4, 5, 6, 7, 8, 9, 1, 2, 3, 4, 5, 6, 7, 8, 9], ""num_clusters"": 1, ""cluster_scores"": [0.10725184176643732]}"
225,rflbat,rflbat_final_distance_filter,"[2, 81, 72, 68, 36, 32, 11, 54, 75, 83]",[],"{""accepted_indices"": [0, 1, 2, 3, 4, 5, 6, 7, 8, 9, 1, 2, 3, 4, 5, 6, 7, 8, 9], ""eps2"": 6, ""distance_median"": 0.380305828358691}"
226,rflbat,rflbat_first_distance_filter,"[0, 72, 25, 57, 32, 85, 30, 35, 15, 8, 72, 25, 57, 32, 85, 30, 35, 15, 8]",[],"{""accepted_indices"": [0, 1, 2, 3, 4, 5, 6, 7, 8, 9, 1, 2, 3, 4, 5, 6, 7, 8, 9], ""eps1"": 10, ""distance_median"": 0.30711538328054255}"
226,rflbat,rflbat_cluster_filter,"[0, 72, 25, 57, 32, 85, 30, 35, 15, 8, 72, 25, 57, 32, 85, 30, 35, 15, 8]",[],"{""accepted_indices"": [0, 1, 2, 3, 4, 5, 6, 7, 8, 9, 1, 2, 3, 4, 5, 6, 7, 8, 9], ""num_clusters"": 1, ""cluster_scores"": [0.11352744132741319]}"
226,rflbat,rflbat_final_distance_filter,"[0, 72, 25, 57, 32, 85, 30, 35, 15, 8]",[],"{""accepted_indices"": [0, 1, 2, 3, 4, 5, 6, 7, 8, 9, 1, 2, 3, 4, 5, 6, 7, 8, 9], ""eps2"": 6, ""distance_median"": 0.4971441101725563}"
227,rflbat,rflbat_first_distance_filter,"[2, 39, 7, 6, 52, 25, 64, 99, 18, 57, 39, 7, 6, 52, 25, 64, 99, 18, 57]",[],"{""accepted_indices"": [0, 1, 2, 3, 4, 5, 6, 7, 8, 9, 1, 2, 3, 4, 5, 6, 7, 8, 9], ""eps1"": 10, ""distance_median"": 0.13543222486005813}"
227,rflbat,rflbat_cluster_filter,"[2, 39, 7, 6, 52, 25, 64, 99, 18, 57, 39, 7, 6, 52, 25, 64, 99, 18, 57]",[],"{""accepted_indices"": [0, 1, 2, 3, 4, 5, 6, 7, 8, 9, 1, 2, 3, 4, 5, 6, 7, 8, 9], ""num_clusters"": 1, ""cluster_scores"": [0.16829146839304288]}"
227,rflbat,rflbat_final_distance_filter,"[2, 39, 7, 6, 52, 25, 64, 99, 18, 57]",[],"{""accepted_indices"": [0, 1, 2, 3, 4, 5, 6, 7, 8, 9, 1, 2, 3, 4, 5, 6, 7, 8, 9], ""eps2"": 6, ""distance_median"": 0.2346928583407688}"
228,rflbat,rflbat_first_distance_filter,"[4, 59, 32, 43, 49, 60, 45, 63, 80, 35, 59, 32, 43, 49, 60, 45, 63, 80, 35]",[],"{""accepted_indices"": [0, 1, 2, 3, 4, 5, 6, 7, 8, 9, 1, 2, 3, 4, 5, 6, 7, 8, 9], ""eps1"": 10, ""distance_median"": 0.17228088378453776}"
228,rflbat,rflbat_cluster_filter,"[4, 59, 32, 43, 49, 60, 45, 63, 80, 35, 59, 32, 43, 49, 60, 45, 63, 80, 35]",[],"{""accepted_indices"": [0, 1, 2, 3, 4, 5, 6, 7, 8, 9, 1, 2, 3, 4, 5, 6, 7, 8, 9], ""num_clusters"": 1, ""cluster_scores"": [0.1158862622323151]}"
228,rflbat,rflbat_final_distance_filter,"[4, 59, 32, 43, 49, 60, 45, 63, 80, 35]",[],"{""accepted_indices"": [0, 1, 2, 3, 4, 5, 6, 7, 8, 9, 1, 2, 3, 4, 5, 6, 7, 8, 9], ""eps2"": 6, ""distance_median"": 0.26508380588724334}"
229,rflbat,rflbat_first_distance_filter,"[4, 66, 85, 57, 39, 25, 47, 77, 92, 31, 66, 85, 57, 39, 25, 47, 77, 92, 31]",[],"{""accepted_indices"": [0, 1, 2, 3, 4, 5, 6, 7, 8, 9, 1, 2, 3, 4, 5, 6, 7, 8, 9], ""eps1"": 10, ""distance_median"": 0.18789592224749008}"
229,rflbat,rflbat_cluster_filter,"[4, 66, 85, 57, 39, 25, 47, 77, 92, 31, 66, 85, 57, 39, 25, 47, 77, 92, 31]",[],"{""accepted_indices"": [0, 1, 2, 3, 4, 5, 6, 7, 8, 9, 1, 2, 3, 4, 5, 6, 7, 8, 9], ""num_clusters"": 1, ""cluster_scores"": [0.19324198374142645]}"
229,rflbat,rflbat_final_distance_filter,"[4, 66, 85, 57, 39, 25, 47, 77, 92, 31]",[],"{""accepted_indices"": [0, 1, 2, 3, 4, 5, 6, 7, 8, 9, 1, 2, 3, 4, 5, 6, 7, 8, 9], ""eps2"": 6, ""distance_median"": 0.3707064500558812}"
230,rflbat,rflbat_first_distance_filter,"[2, 61, 12, 42, 24, 8, 67, 19, 75, 1, 61, 12, 42, 24, 8, 67, 19, 75, 1]",[],"{""accepted_indices"": [0, 1, 2, 3, 4, 5, 6, 7, 8, 9, 1, 2, 3, 4, 5, 6, 7, 8, 9], ""eps1"": 10, ""distance_median"": 0.22029925393147792}"
230,rflbat,rflbat_cluster_filter,"[2, 61, 12, 42, 24, 8, 67, 19, 75, 1, 61, 12, 42, 24, 8, 67, 19, 75, 1]",[],"{""accepted_indices"": [0, 1, 2, 3, 4, 5, 6, 7, 8, 9, 1, 2, 3, 4, 5, 6, 7, 8, 9], ""num_clusters"": 1, ""cluster_scores"": [0.11867897106051903]}"
230,rflbat,rflbat_final_distance_filter,"[2, 61, 12, 42, 24, 8, 67, 19, 75, 1]",[],"{""accepted_indices"": [0, 1, 2, 3, 4, 5, 6, 7, 8, 9, 1, 2, 3, 4, 5, 6, 7, 8, 9], ""eps2"": 6, ""distance_median"": 0.3616048917681455}"
231,rflbat,rflbat_first_distance_filter,"[0, 31, 68, 60, 85, 43, 44, 79, 32, 17, 31, 68, 60, 85, 43, 44, 79, 32, 17]",[],"{""accepted_indices"": [0, 1, 2, 3, 4, 5, 6, 7, 8, 9, 1, 2, 3, 4, 5, 6, 7, 8, 9], ""eps1"": 10, ""distance_median"": 0.3117263296003291}"
231,rflbat,rflbat_cluster_filter,"[0, 31, 68, 60, 85, 43, 44, 79, 32, 17, 31, 68, 60, 85, 43, 44, 79, 32, 17]",[],"{""accepted_indices"": [0, 1, 2, 3, 4, 5, 6, 7, 8, 9, 1, 2, 3, 4, 5, 6, 7, 8, 9], ""num_clusters"": 1, ""cluster_scores"": [0.1126067877425971]}"
231,rflbat,rflbat_final_distance_filter,"[0, 31, 68, 60, 85, 43, 44, 79, 32, 17]",[],"{""accepted_indices"": [0, 1, 2, 3, 4, 5, 6, 7, 8, 9, 1, 2, 3, 4, 5, 6, 7, 8, 9], ""eps2"": 6, ""distance_median"": 0.574475199722741}"
232,rflbat,rflbat_first_distance_filter,"[2, 25, 69, 39, 84, 92, 20, 15, 57, 62, 25, 69, 39, 84, 92, 20, 15, 57, 62]",[],"{""accepted_indices"": [0, 1, 2, 3, 4, 5, 6, 7, 8, 9, 1, 2, 3, 4, 5, 6, 7, 8, 9], ""eps1"": 10, ""distance_median"": 0.1617504121728291}"
232,rflbat,rflbat_cluster_filter,"[2, 25, 69, 39, 84, 92, 20, 15, 57, 62, 25, 69, 39, 84, 92, 20, 15, 57, 62]",[],"{""accepted_indices"": [0, 1, 2, 3, 4, 5, 6, 7, 8, 9, 1, 2, 3, 4, 5, 6, 7, 8, 9], ""num_clusters"": 1, ""cluster_scores"": [0.11797939434802175]}"
232,rflbat,rflbat_final_distance_filter,"[2, 25, 69, 39, 84, 92, 20, 15, 57, 62]",[],"{""accepted_indices"": [0, 1, 2, 3, 4, 5, 6, 7, 8, 9, 1, 2, 3, 4, 5, 6, 7, 8, 9], ""eps2"": 6, ""distance_median"": 0.3242665203399986}"
233,rflbat,rflbat_first_distance_filter,"[3, 8, 84, 14, 13, 69, 88, 41, 66, 89, 8, 84, 14, 13, 69, 88, 41, 66, 89]",[],"{""accepted_indices"": [0, 1, 2, 3, 4, 5, 6, 7, 8, 9, 1, 2, 3, 4, 5, 6, 7, 8, 9], ""eps1"": 10, ""distance_median"": 0.2581032821855506}"
233,rflbat,rflbat_cluster_filter,"[3, 8, 84, 14, 13, 69, 88, 41, 66, 89, 8, 84, 14, 13, 69, 88, 41, 66, 89]",[],"{""accepted_indices"": [0, 1, 2, 3, 4, 5, 6, 7, 8, 9, 1, 2, 3, 4, 5, 6, 7, 8, 9], ""num_clusters"": 1, ""cluster_scores"": [0.07241576704603676]}"
233,rflbat,rflbat_final_distance_filter,"[3, 8, 84, 14, 13, 69, 88, 41, 66, 89]",[],"{""accepted_indices"": [0, 1, 2, 3, 4, 5, 6, 7, 8, 9, 1, 2, 3, 4, 5, 6, 7, 8, 9], ""eps2"": 6, ""distance_median"": 0.48732246223667836}"
234,rflbat,rflbat_first_distance_filter,"[1, 8, 19, 39, 33, 23, 67, 98, 64, 29, 8, 19, 39, 33, 23, 67, 98, 64, 29]",[],"{""accepted_indices"": [0, 1, 2, 3, 4, 5, 6, 7, 8, 9, 1, 2, 3, 4, 5, 6, 7, 8, 9], ""eps1"": 10, ""distance_median"": 0.13089131086725175}"
234,rflbat,rflbat_cluster_filter,"[1, 8, 19, 39, 33, 23, 67, 98, 64, 29, 8, 19, 39, 33, 23, 67, 98, 64, 29]",[],"{""accepted_indices"": [0, 1, 2, 3, 4, 5, 6, 7, 8, 9, 1, 2, 3, 4, 5, 6, 7, 8, 9], ""num_clusters"": 1, ""cluster_scores"": [0.13949668327794554]}"
234,rflbat,rflbat_final_distance_filter,"[1, 8, 19, 39, 33, 23, 67, 98, 64, 29]",[],"{""accepted_indices"": [0, 1, 2, 3, 4, 5, 6, 7, 8, 9, 1, 2, 3, 4, 5, 6, 7, 8, 9], ""eps2"": 6, ""distance_median"": 0.24627821857435647}"
235,rflbat,rflbat_first_distance_filter,"[2, 33, 45, 79, 74, 76, 21, 70, 96, 62, 33, 45, 79, 74, 76, 21, 70, 96, 62]",[],"{""accepted_indices"": [0, 1, 2, 3, 4, 5, 6, 7, 8, 9, 1, 2, 3, 4, 5, 6, 7, 8, 9], ""eps1"": 10, ""distance_median"": 0.11708000718092146}"
235,rflbat,rflbat_cluster_filter,"[2, 33, 45, 79, 74, 76, 21, 70, 96, 62, 33, 45, 79, 74, 76, 21, 70, 96, 62]",[],"{""accepted_indices"": [0, 1, 2, 3, 4, 5, 6, 7, 8, 9, 1, 2, 3, 4, 5, 6, 7, 8, 9], ""num_clusters"": 1, ""cluster_scores"": [0.1109924215276226]}"
235,rflbat,rflbat_final_distance_filter,"[2, 33, 45, 79, 74, 76, 21, 70, 96, 62]",[],"{""accepted_indices"": [0, 1, 2, 3, 4, 5, 6, 7, 8, 9, 1, 2, 3, 4, 5, 6, 7, 8, 9], ""eps2"": 6, ""distance_median"": 0.21180203694194283}"
236,rflbat,rflbat_first_distance_filter,"[3, 31, 95, 65, 78, 46, 71, 81, 94, 91, 31, 95, 65, 78, 46, 71, 81, 94, 91]",[],"{""accepted_indices"": [0, 1, 2, 3, 4, 5, 6, 7, 8, 9, 1, 2, 3, 4, 5, 6, 7, 8, 9], ""eps1"": 10, ""distance_median"": 0.19729463120939428}"
236,rflbat,rflbat_cluster_filter,"[3, 31, 95, 65, 78, 46, 71, 81, 94, 91, 31, 95, 65, 78, 46, 71, 81, 94, 91]",[],"{""accepted_indices"": [0, 1, 2, 3, 4, 5, 6, 7, 8, 9, 1, 2, 3, 4, 5, 6, 7, 8, 9], ""num_clusters"": 1, ""cluster_scores"": [0.10469252501336836]}"
236,rflbat,rflbat_final_distance_filter,"[3, 31, 95, 65, 78, 46, 71, 81, 94, 91]",[],"{""accepted_indices"": [0, 1, 2, 3, 4, 5, 6, 7, 8, 9, 1, 2, 3, 4, 5, 6, 7, 8, 9], ""eps2"": 6, ""distance_median"": 0.3736741654155625}"
237,rflbat,rflbat_first_distance_filter,"[1, 51, 74, 11, 96, 13, 9, 43, 58, 66, 51, 74, 11, 96, 13, 9, 43, 58, 66]",[],"{""accepted_indices"": [0, 1, 2, 3, 4, 5, 6, 7, 8, 9, 1, 2, 3, 4, 5, 6, 7, 8, 9], ""eps1"": 10, ""distance_median"": 0.24650080832248525}"
237,rflbat,rflbat_cluster_filter,"[1, 51, 74, 11, 96, 13, 9, 43, 58, 66, 51, 74, 11, 96, 13, 9, 43, 58, 66]",[],"{""accepted_indices"": [0, 1, 2, 3, 4, 5, 6, 7, 8, 9, 1, 2, 3, 4, 5, 6, 7, 8, 9], ""num_clusters"": 1, ""cluster_scores"": [0.1211435751780505]}"
237,rflbat,rflbat_final_distance_filter,"[1, 51, 74, 11, 96, 13, 9, 43, 58, 66]",[],"{""accepted_indices"": [0, 1, 2, 3, 4, 5, 6, 7, 8, 9, 1, 2, 3, 4, 5, 6, 7, 8, 9], ""eps2"": 6, ""distance_median"": 0.5005272325190546}"
238,rflbat,rflbat_first_distance_filter,"[0, 49, 35, 1, 61, 19, 59, 69, 86, 58, 49, 35, 1, 61, 19, 59, 69, 86, 58]",[],"{""accepted_indices"": [0, 1, 2, 3, 4, 5, 6, 7, 8, 9, 1, 2, 3, 4, 5, 6, 7, 8, 9], ""eps1"": 10, ""distance_median"": 0.2511404674056899}"
238,rflbat,rflbat_cluster_filter,"[0, 49, 35, 1, 61, 19, 59, 69, 86, 58, 49, 35, 1, 61, 19, 59, 69, 86, 58]",[],"{""accepted_indices"": [0, 1, 2, 3, 4, 5, 6, 7, 8, 9, 1, 2, 3, 4, 5, 6, 7, 8, 9], ""num_clusters"": 1, ""cluster_scores"": [0.16919036887566796]}"
238,rflbat,rflbat_final_distance_filter,"[0, 49, 35, 1, 61, 19, 59, 69, 86, 58]",[],"{""accepted_indices"": [0, 1, 2, 3, 4, 5, 6, 7, 8, 9, 1, 2, 3, 4, 5, 6, 7, 8, 9], ""eps2"": 6, ""distance_median"": 0.37941577672064714}"
239,rflbat,rflbat_first_distance_filter,"[4, 83, 21, 90, 96, 5, 33, 46, 48, 64, 83, 21, 90, 96, 5, 33, 46, 48, 64]",[],"{""accepted_indices"": [0, 1, 2, 3, 4, 5, 6, 7, 8, 9, 1, 2, 3, 4, 5, 6, 7, 8, 9], ""eps1"": 10, ""distance_median"": 0.1712435888881445}"
239,rflbat,rflbat_cluster_filter,"[4, 83, 21, 90, 96, 5, 33, 64, 83, 21, 90, 96, 5, 33, 64]","[46, 48]","{""accepted_indices"": [0, 1, 2, 3, 4, 5, 6, 9, 1, 2, 3, 4, 5, 6, 9], ""num_clusters"": 3, ""cluster_scores"": [1.000000000002802, 0.1775853990152874, 1.0000000000014437]}"
239,rflbat,rflbat_final_distance_filter,"[4, 83, 21, 90, 96, 5, 33, 64]","[46, 48]","{""accepted_indices"": [0, 1, 2, 3, 4, 5, 6, 9, 1, 2, 3, 4, 5, 6, 9], ""eps2"": 6, ""distance_median"": 0.09943579886209351}"
240,rflbat,rflbat_first_distance_filter,"[1, 18, 98, 38, 42, 96, 43, 91, 23, 97, 18, 98, 38, 42, 96, 43, 91, 23, 97]",[],"{""accepted_indices"": [0, 1, 2, 3, 4, 5, 6, 7, 8, 9, 1, 2, 3, 4, 5, 6, 7, 8, 9], ""eps1"": 10, ""distance_median"": 0.19535378758572136}"
240,rflbat,rflbat_cluster_filter,"[1, 18, 98, 38, 42, 96, 43, 91, 23, 97, 18, 98, 38, 42, 96, 43, 91, 23, 97]",[],"{""accepted_indices"": [0, 1, 2, 3, 4, 5, 6, 7, 8, 9, 1, 2, 3, 4, 5, 6, 7, 8, 9], ""num_clusters"": 1, ""cluster_scores"": [0.0998485972692801]}"
240,rflbat,rflbat_final_distance_filter,"[1, 18, 98, 38, 42, 96, 43, 91, 23, 97]",[],"{""accepted_indices"": [0, 1, 2, 3, 4, 5, 6, 7, 8, 9, 1, 2, 3, 4, 5, 6, 7, 8, 9], ""eps2"": 6, ""distance_median"": 0.4029596912454928}"
241,rflbat,rflbat_first_distance_filter,"[2, 66, 1, 69, 80, 21, 16, 40, 52, 81, 66, 1, 69, 80, 21, 16, 40, 52, 81]",[],"{""accepted_indices"": [0, 1, 2, 3, 4, 5, 6, 7, 8, 9, 1, 2, 3, 4, 5, 6, 7, 8, 9], ""eps1"": 10, ""distance_median"": 0.1125343731505876}"
241,rflbat,rflbat_cluster_filter,"[2, 66, 1, 69, 80, 21, 16, 40, 52, 81, 66, 1, 69, 80, 21, 16, 40, 52, 81]",[],"{""accepted_indices"": [0, 1, 2, 3, 4, 5, 6, 7, 8, 9, 1, 2, 3, 4, 5, 6, 7, 8, 9], ""num_clusters"": 1, ""cluster_scores"": [0.09742854738888913]}"
241,rflbat,rflbat_final_distance_filter,"[2, 66, 1, 69, 80, 21, 16, 40, 52, 81]",[],"{""accepted_indices"": [0, 1, 2, 3, 4, 5, 6, 7, 8, 9, 1, 2, 3, 4, 5, 6, 7, 8, 9], ""eps2"": 6, ""distance_median"": 0.21290093810214145}"
242,rflbat,rflbat_first_distance_filter,"[3, 80, 38, 23, 68, 99, 52, 69, 35, 45, 80, 38, 23, 68, 99, 52, 69, 35, 45]",[],"{""accepted_indices"": [0, 1, 2, 3, 4, 5, 6, 7, 8, 9, 1, 2, 3, 4, 5, 6, 7, 8, 9], ""eps1"": 10, ""distance_median"": 0.1818836921068987}"
242,rflbat,rflbat_cluster_filter,"[3, 80, 38, 23, 68, 99, 52, 69, 35, 80, 38, 23, 68, 99, 52, 69, 35]",[45],"{""accepted_indices"": [0, 1, 2, 3, 4, 5, 6, 7, 8, 1, 2, 3, 4, 5, 6, 7, 8], ""num_clusters"": 2, ""cluster_scores"": [0.1445507130848159, 1.000000000002037]}"
242,rflbat,rflbat_final_distance_filter,"[3, 80, 38, 23, 68, 99, 52, 69, 35]",[45],"{""accepted_indices"": [0, 1, 2, 3, 4, 5, 6, 7, 8, 1, 2, 3, 4, 5, 6, 7, 8], ""eps2"": 6, ""distance_median"": 0.1390415150349015}"
243,rflbat,rflbat_first_distance_filter,"[4, 1, 13, 11, 84, 15, 42, 12, 27, 89, 1, 13, 11, 84, 15, 42, 12, 27, 89]",[],"{""accepted_indices"": [0, 1, 2, 3, 4, 5, 6, 7, 8, 9, 1, 2, 3, 4, 5, 6, 7, 8, 9], ""eps1"": 10, ""distance_median"": 0.19690716556606835}"
243,rflbat,rflbat_cluster_filter,"[4, 1, 13, 11, 84, 15, 42, 12, 27, 89, 1, 13, 11, 84, 15, 42, 12, 27, 89]",[],"{""accepted_indices"": [0, 1, 2, 3, 4, 5, 6, 7, 8, 9, 1, 2, 3, 4, 5, 6, 7, 8, 9], ""num_clusters"": 1, ""cluster_scores"": [0.15911105661516364]}"
243,rflbat,rflbat_final_distance_filter,"[4, 1, 13, 11, 84, 15, 42, 12, 27, 89]",[],"{""accepted_indices"": [0, 1, 2, 3, 4, 5, 6, 7, 8, 9, 1, 2, 3, 4, 5, 6, 7, 8, 9], ""eps2"": 6, ""distance_median"": 0.3585418646978511}"
244,rflbat,rflbat_first_distance_filter,"[0, 64, 82, 46, 70, 77, 16, 43, 2, 28, 64, 82, 46, 70, 77, 16, 43, 2, 28]",[],"{""accepted_indices"": [0, 1, 2, 3, 4, 5, 6, 7, 8, 9, 1, 2, 3, 4, 5, 6, 7, 8, 9], ""eps1"": 10, ""distance_median"": 0.20790600256372896}"
244,rflbat,rflbat_cluster_filter,"[0, 64, 82, 46, 70, 77, 16, 43, 2, 28, 64, 82, 46, 70, 77, 16, 43, 2, 28]",[],"{""accepted_indices"": [0, 1, 2, 3, 4, 5, 6, 7, 8, 9, 1, 2, 3, 4, 5, 6, 7, 8, 9], ""num_clusters"": 1, ""cluster_scores"": [0.19061246509665306]}"
244,rflbat,rflbat_final_distance_filter,"[0, 64, 82, 46, 70, 77, 16, 43, 2, 28]",[],"{""accepted_indices"": [0, 1, 2, 3, 4, 5, 6, 7, 8, 9, 1, 2, 3, 4, 5, 6, 7, 8, 9], ""eps2"": 6, ""distance_median"": 0.30882923760367803}"
245,rflbat,rflbat_first_distance_filter,"[4, 1, 67, 90, 3, 83, 40, 52, 0, 72, 1, 67, 90, 3, 83, 40, 52, 0, 72]",[],"{""accepted_indices"": [0, 1, 2, 3, 4, 5, 6, 7, 8, 9, 1, 2, 3, 4, 5, 6, 7, 8, 9], ""eps1"": 10, ""distance_median"": 0.2282507811205995}"
245,rflbat,rflbat_cluster_filter,"[4, 1, 67, 90, 3, 83, 40, 52, 0, 72, 1, 67, 90, 3, 83, 40, 52, 0, 72]",[],"{""accepted_indices"": [0, 1, 2, 3, 4, 5, 6, 7, 8, 9, 1, 2, 3, 4, 5, 6, 7, 8, 9], ""num_clusters"": 1, ""cluster_scores"": [0.14277719399559535]}"
245,rflbat,rflbat_final_distance_filter,"[4, 1, 67, 90, 3, 83, 40, 52, 0, 72]",[],"{""accepted_indices"": [0, 1, 2, 3, 4, 5, 6, 7, 8, 9, 1, 2, 3, 4, 5, 6, 7, 8, 9], ""eps2"": 6, ""distance_median"": 0.4422805005240322}"
246,rflbat,rflbat_first_distance_filter,"[1, 29, 22, 84, 58, 57, 94, 4, 99, 20, 29, 22, 84, 58, 57, 94, 4, 99, 20]",[],"{""accepted_indices"": [0, 1, 2, 3, 4, 5, 6, 7, 8, 9, 1, 2, 3, 4, 5, 6, 7, 8, 9], ""eps1"": 10, ""distance_median"": 0.1415130943360034}"
246,rflbat,rflbat_cluster_filter,"[1, 29, 22, 84, 58, 57, 94, 4, 99, 20, 29, 22, 84, 58, 57, 94, 4, 99, 20]",[],"{""accepted_indices"": [0, 1, 2, 3, 4, 5, 6, 7, 8, 9, 1, 2, 3, 4, 5, 6, 7, 8, 9], ""num_clusters"": 1, ""cluster_scores"": [0.11682509070062802]}"
246,rflbat,rflbat_final_distance_filter,"[1, 29, 22, 84, 58, 57, 94, 4, 99, 20]",[],"{""accepted_indices"": [0, 1, 2, 3, 4, 5, 6, 7, 8, 9, 1, 2, 3, 4, 5, 6, 7, 8, 9], ""eps2"": 6, ""distance_median"": 0.27512396231954916}"
247,rflbat,rflbat_first_distance_filter,"[2, 49, 54, 39, 91, 52, 79, 43, 35, 67, 49, 54, 39, 91, 52, 79, 43, 35, 67]",[],"{""accepted_indices"": [0, 1, 2, 3, 4, 5, 6, 7, 8, 9, 1, 2, 3, 4, 5, 6, 7, 8, 9], ""eps1"": 10, ""distance_median"": 0.15323486181577506}"
247,rflbat,rflbat_cluster_filter,"[2, 49, 54, 39, 91, 52, 79, 43, 35, 67, 49, 54, 39, 91, 52, 79, 43, 35, 67]",[],"{""accepted_indices"": [0, 1, 2, 3, 4, 5, 6, 7, 8, 9, 1, 2, 3, 4, 5, 6, 7, 8, 9], ""num_clusters"": 1, ""cluster_scores"": [0.11892771103907858]}"
247,rflbat,rflbat_final_distance_filter,"[2, 49, 54, 39, 91, 52, 79, 43, 35, 67]",[],"{""accepted_indices"": [0, 1, 2, 3, 4, 5, 6, 7, 8, 9, 1, 2, 3, 4, 5, 6, 7, 8, 9], ""eps2"": 6, ""distance_median"": 0.294002041762858}"
248,rflbat,rflbat_first_distance_filter,"[1, 13, 45, 63, 22, 69, 70, 92, 52, 77, 13, 45, 63, 22, 69, 70, 92, 52, 77]",[],"{""accepted_indices"": [0, 1, 2, 3, 4, 5, 6, 7, 8, 9, 1, 2, 3, 4, 5, 6, 7, 8, 9], ""eps1"": 10, ""distance_median"": 0.13196203089343456}"
248,rflbat,rflbat_cluster_filter,"[1, 13, 45, 63, 22, 69, 70, 92, 52, 77, 13, 45, 63, 22, 69, 70, 92, 52, 77]",[],"{""accepted_indices"": [0, 1, 2, 3, 4, 5, 6, 7, 8, 9, 1, 2, 3, 4, 5, 6, 7, 8, 9], ""num_clusters"": 1, ""cluster_scores"": [0.15924733723880075]}"
248,rflbat,rflbat_final_distance_filter,"[1, 13, 45, 63, 22, 69, 70, 92, 52, 77]",[],"{""accepted_indices"": [0, 1, 2, 3, 4, 5, 6, 7, 8, 9, 1, 2, 3, 4, 5, 6, 7, 8, 9], ""eps2"": 6, ""distance_median"": 0.26978200070970243}"
249,rflbat,rflbat_first_distance_filter,"[4, 81, 74, 25, 78, 70, 95, 77, 62, 27, 81, 74, 25, 78, 70, 95, 77, 62, 27]",[],"{""accepted_indices"": [0, 1, 2, 3, 4, 5, 6, 7, 8, 9, 1, 2, 3, 4, 5, 6, 7, 8, 9], ""eps1"": 10, ""distance_median"": 0.16146292254122036}"
249,rflbat,rflbat_cluster_filter,"[4, 81, 74, 25, 78, 70, 77, 62, 27, 81, 74, 25, 78, 70, 77, 62, 27]",[95],"{""accepted_indices"": [0, 1, 2, 3, 4, 5, 7, 8, 9, 1, 2, 3, 4, 5, 7, 8, 9], ""num_clusters"": 2, ""cluster_scores"": [0.11241152998534878, 1.0000000000013263]}"
249,rflbat,rflbat_final_distance_filter,"[81, 74, 25, 78, 70, 77, 62, 27]","[4, 95]","{""accepted_indices"": [1, 2, 3, 4, 5, 7, 8, 9, 1, 2, 3, 4, 5, 7, 8, 9], ""eps2"": 6, ""distance_median"": 0.14275493874604606}"
250,rflbat,rflbat_first_distance_filter,"[3, 2, 61, 66, 16, 63, 25, 30, 50, 26, 2, 61, 66, 16, 63, 25, 30, 50, 26]",[],"{""accepted_indices"": [0, 1, 2, 3, 4, 5, 6, 7, 8, 9, 1, 2, 3, 4, 5, 6, 7, 8, 9], ""eps1"": 10, ""distance_median"": 0.15014264571158345}"
250,rflbat,rflbat_cluster_filter,"[3, 2, 61, 66, 16, 63, 25, 30, 50, 26, 2, 61, 66, 16, 63, 25, 30, 50, 26]",[],"{""accepted_indices"": [0, 1, 2, 3, 4, 5, 6, 7, 8, 9, 1, 2, 3, 4, 5, 6, 7, 8, 9], ""num_clusters"": 1, ""cluster_scores"": [0.09170361149755564]}"
250,rflbat,rflbat_final_distance_filter,"[3, 2, 61, 66, 16, 63, 25, 30, 50, 26]",[],"{""accepted_indices"": [0, 1, 2, 3, 4, 5, 6, 7, 8, 9, 1, 2, 3, 4, 5, 6, 7, 8, 9], ""eps2"": 6, ""distance_median"": 0.2848897512072822}"
251,rflbat,rflbat_first_distance_filter,"[1, 91, 76, 92, 87, 78, 57, 86, 70, 34, 91, 76, 92, 87, 78, 57, 86, 70, 34]",[],"{""accepted_indices"": [0, 1, 2, 3, 4, 5, 6, 7, 8, 9, 1, 2, 3, 4, 5, 6, 7, 8, 9], ""eps1"": 10, ""distance_median"": 0.0739170960118187}"
251,rflbat,rflbat_cluster_filter,"[1, 91, 76, 92, 87, 78, 57, 86, 70, 34, 91, 76, 92, 87, 78, 57, 86, 70, 34]",[],"{""accepted_indices"": [0, 1, 2, 3, 4, 5, 6, 7, 8, 9, 1, 2, 3, 4, 5, 6, 7, 8, 9], ""num_clusters"": 1, ""cluster_scores"": [0.09028884965879382]}"
251,rflbat,rflbat_final_distance_filter,"[1, 91, 76, 92, 87, 78, 57, 86, 70, 34]",[],"{""accepted_indices"": [0, 1, 2, 3, 4, 5, 6, 7, 8, 9, 1, 2, 3, 4, 5, 6, 7, 8, 9], ""eps2"": 6, ""distance_median"": 0.1430117588600609}"
252,rflbat,rflbat_first_distance_filter,"[4, 27, 90, 91, 55, 65, 52, 68, 51, 43, 27, 90, 91, 55, 65, 52, 68, 51, 43]",[],"{""accepted_indices"": [0, 1, 2, 3, 4, 5, 6, 7, 8, 9, 1, 2, 3, 4, 5, 6, 7, 8, 9], ""eps1"": 10, ""distance_median"": 0.15936076604529079}"
252,rflbat,rflbat_cluster_filter,"[4, 27, 90, 91, 55, 65, 52, 68, 51, 43, 27, 90, 91, 55, 65, 52, 68, 51, 43]",[],"{""accepted_indices"": [0, 1, 2, 3, 4, 5, 6, 7, 8, 9, 1, 2, 3, 4, 5, 6, 7, 8, 9], ""num_clusters"": 1, ""cluster_scores"": [0.09697526060800774]}"
252,rflbat,rflbat_final_distance_filter,"[4, 27, 90, 91, 55, 65, 52, 68, 51, 43]",[],"{""accepted_indices"": [0, 1, 2, 3, 4, 5, 6, 7, 8, 9, 1, 2, 3, 4, 5, 6, 7, 8, 9], ""eps2"": 6, ""distance_median"": 0.279213753837279}"
253,rflbat,rflbat_first_distance_filter,"[2, 78, 98, 90, 66, 93, 99, 30, 29, 25, 78, 98, 90, 66, 93, 99, 30, 29, 25]",[],"{""accepted_indices"": [0, 1, 2, 3, 4, 5, 6, 7, 8, 9, 1, 2, 3, 4, 5, 6, 7, 8, 9], ""eps1"": 10, ""distance_median"": 0.11991788599145942}"
253,rflbat,rflbat_cluster_filter,"[2, 78, 98, 90, 66, 93, 99, 30, 29, 25, 78, 98, 90, 66, 93, 99, 30, 29, 25]",[],"{""accepted_indices"": [0, 1, 2, 3, 4, 5, 6, 7, 8, 9, 1, 2, 3, 4, 5, 6, 7, 8, 9], ""num_clusters"": 1, ""cluster_scores"": [0.09977260330389834]}"
253,rflbat,rflbat_final_distance_filter,"[2, 78, 98, 90, 66, 93, 99, 30, 29, 25]",[],"{""accepted_indices"": [0, 1, 2, 3, 4, 5, 6, 7, 8, 9, 1, 2, 3, 4, 5, 6, 7, 8, 9], ""eps2"": 6, ""distance_median"": 0.22670524153063612}"
254,rflbat,rflbat_first_distance_filter,"[1, 92, 34, 78, 33, 94, 99, 45, 89, 37, 92, 34, 78, 33, 94, 99, 45, 89, 37]",[],"{""accepted_indices"": [0, 1, 2, 3, 4, 5, 6, 7, 8, 9, 1, 2, 3, 4, 5, 6, 7, 8, 9], ""eps1"": 10, ""distance_median"": 0.1654966847223117}"
254,rflbat,rflbat_cluster_filter,"[1, 92, 34, 78, 33, 94, 99, 45, 89, 37, 92, 34, 78, 33, 94, 99, 45, 89, 37]",[],"{""accepted_indices"": [0, 1, 2, 3, 4, 5, 6, 7, 8, 9, 1, 2, 3, 4, 5, 6, 7, 8, 9], ""num_clusters"": 1, ""cluster_scores"": [0.12985905146444843]}"
254,rflbat,rflbat_final_distance_filter,"[1, 92, 34, 78, 33, 94, 99, 45, 89, 37]",[],"{""accepted_indices"": [0, 1, 2, 3, 4, 5, 6, 7, 8, 9, 1, 2, 3, 4, 5, 6, 7, 8, 9], ""eps2"": 6, ""distance_median"": 0.3231495583568622}"
255,rflbat,rflbat_first_distance_filter,"[4, 32, 92, 55, 57, 7, 64, 93, 76, 31, 32, 92, 55, 57, 7, 64, 93, 76, 31]",[],"{""accepted_indices"": [0, 1, 2, 3, 4, 5, 6, 7, 8, 9, 1, 2, 3, 4, 5, 6, 7, 8, 9], ""eps1"": 10, ""distance_median"": 0.17582275962897087}"
255,rflbat,rflbat_cluster_filter,"[4, 32, 92, 55, 57, 7, 64, 93, 76, 31, 32, 92, 55, 57, 7, 64, 93, 76, 31]",[],"{""accepted_indices"": [0, 1, 2, 3, 4, 5, 6, 7, 8, 9, 1, 2, 3, 4, 5, 6, 7, 8, 9], ""num_clusters"": 1, ""cluster_scores"": [0.10448326697773043]}"
255,rflbat,rflbat_final_distance_filter,"[4, 32, 92, 55, 57, 7, 64, 93, 76, 31]",[],"{""accepted_indices"": [0, 1, 2, 3, 4, 5, 6, 7, 8, 9, 1, 2, 3, 4, 5, 6, 7, 8, 9], ""eps2"": 6, ""distance_median"": 0.34647562481565397}"
256,rflbat,rflbat_first_distance_filter,"[1, 71, 37, 31, 35, 85, 86, 16, 59, 47, 71, 37, 31, 35, 85, 86, 16, 59, 47]",[],"{""accepted_indices"": [0, 1, 2, 3, 4, 5, 6, 7, 8, 9, 1, 2, 3, 4, 5, 6, 7, 8, 9], ""eps1"": 10, ""distance_median"": 0.17318810825094422}"
256,rflbat,rflbat_cluster_filter,"[1, 71, 37, 31, 35, 85, 86, 16, 59, 47, 71, 37, 31, 35, 85, 86, 16, 59, 47]",[],"{""accepted_indices"": [0, 1, 2, 3, 4, 5, 6, 7, 8, 9, 1, 2, 3, 4, 5, 6, 7, 8, 9], ""num_clusters"": 1, ""cluster_scores"": [0.14009827306217185]}"
256,rflbat,rflbat_final_distance_filter,"[1, 71, 37, 31, 35, 85, 86, 16, 59, 47]",[],"{""accepted_indices"": [0, 1, 2, 3, 4, 5, 6, 7, 8, 9, 1, 2, 3, 4, 5, 6, 7, 8, 9], ""eps2"": 6, ""distance_median"": 0.3519958008975832}"
257,rflbat,rflbat_first_distance_filter,"[1, 82, 45, 15, 8, 97, 83, 0, 66, 40, 82, 45, 15, 8, 97, 83, 0, 66, 40]",[],"{""accepted_indices"": [0, 1, 2, 3, 4, 5, 6, 7, 8, 9, 1, 2, 3, 4, 5, 6, 7, 8, 9], ""eps1"": 10, ""distance_median"": 0.2293146415901459}"
257,rflbat,rflbat_cluster_filter,"[1, 82, 45, 15, 8, 97, 83, 0, 66, 40, 82, 45, 15, 8, 97, 83, 0, 66, 40]",[],"{""accepted_indices"": [0, 1, 2, 3, 4, 5, 6, 7, 8, 9, 1, 2, 3, 4, 5, 6, 7, 8, 9], ""num_clusters"": 1, ""cluster_scores"": [0.07893376299886376]}"
257,rflbat,rflbat_final_distance_filter,"[1, 82, 45, 15, 8, 97, 83, 0, 66, 40]",[],"{""accepted_indices"": [0, 1, 2, 3, 4, 5, 6, 7, 8, 9, 1, 2, 3, 4, 5, 6, 7, 8, 9], ""eps2"": 6, ""distance_median"": 0.46119672346937823}"
258,rflbat,rflbat_first_distance_filter,"[2, 72, 77, 46, 67, 80, 51, 59, 81, 28, 72, 77, 46, 67, 80, 51, 59, 81, 28]",[],"{""accepted_indices"": [0, 1, 2, 3, 4, 5, 6, 7, 8, 9, 1, 2, 3, 4, 5, 6, 7, 8, 9], ""eps1"": 10, ""distance_median"": 0.15574804870879674}"
258,rflbat,rflbat_cluster_filter,"[2, 72, 77, 46, 67, 80, 51, 59, 81, 28, 72, 77, 46, 67, 80, 51, 59, 81, 28]",[],"{""accepted_indices"": [0, 1, 2, 3, 4, 5, 6, 7, 8, 9, 1, 2, 3, 4, 5, 6, 7, 8, 9], ""num_clusters"": 1, ""cluster_scores"": [0.1224976050294387]}"
258,rflbat,rflbat_final_distance_filter,"[2, 72, 77, 46, 67, 80, 51, 59, 81, 28]",[],"{""accepted_indices"": [0, 1, 2, 3, 4, 5, 6, 7, 8, 9, 1, 2, 3, 4, 5, 6, 7, 8, 9], ""eps2"": 6, ""distance_median"": 0.28513637067515935}"
259,rflbat,rflbat_first_distance_filter,"[1, 14, 87, 68, 31, 92, 54, 33, 39, 53, 14, 87, 68, 31, 92, 54, 33, 39, 53]",[],"{""accepted_indices"": [0, 1, 2, 3, 4, 5, 6, 7, 8, 9, 1, 2, 3, 4, 5, 6, 7, 8, 9], ""eps1"": 10, ""distance_median"": 0.15679920281901336}"
259,rflbat,rflbat_cluster_filter,"[1, 14, 87, 68, 31, 92, 54, 33, 39, 53, 14, 87, 68, 31, 92, 54, 33, 39, 53]",[],"{""accepted_indices"": [0, 1, 2, 3, 4, 5, 6, 7, 8, 9, 1, 2, 3, 4, 5, 6, 7, 8, 9], ""num_clusters"": 1, ""cluster_scores"": [0.13950027826531006]}"
259,rflbat,rflbat_final_distance_filter,"[1, 14, 87, 68, 31, 92, 54, 33, 39, 53]",[],"{""accepted_indices"": [0, 1, 2, 3, 4, 5, 6, 7, 8, 9, 1, 2, 3, 4, 5, 6, 7, 8, 9], ""eps2"": 6, ""distance_median"": 0.30132483976593766}"
260,rflbat,rflbat_first_distance_filter,"[2, 46, 14, 42, 93, 17, 62, 85, 60, 23, 46, 14, 42, 93, 17, 62, 85, 60, 23]",[],"{""accepted_indices"": [0, 1, 2, 3, 4, 5, 6, 7, 8, 9, 1, 2, 3, 4, 5, 6, 7, 8, 9], ""eps1"": 10, ""distance_median"": 0.3136875917766601}"
260,rflbat,rflbat_cluster_filter,"[2, 46, 14, 42, 93, 17, 62, 85, 60, 23, 46, 14, 42, 93, 17, 62, 85, 60, 23]",[],"{""accepted_indices"": [0, 1, 2, 3, 4, 5, 6, 7, 8, 9, 1, 2, 3, 4, 5, 6, 7, 8, 9], ""num_clusters"": 1, ""cluster_scores"": [0.11233418706863454]}"
260,rflbat,rflbat_final_distance_filter,"[2, 46, 14, 42, 93, 17, 62, 85, 60, 23]",[],"{""accepted_indices"": [0, 1, 2, 3, 4, 5, 6, 7, 8, 9, 1, 2, 3, 4, 5, 6, 7, 8, 9], ""eps2"": 6, ""distance_median"": 0.6256056178262437}"
261,rflbat,rflbat_first_distance_filter,"[3, 68, 46, 31, 22, 16, 98, 26, 9, 67, 68, 46, 31, 22, 16, 98, 26, 9, 67]",[],"{""accepted_indices"": [0, 1, 2, 3, 4, 5, 6, 7, 8, 9, 1, 2, 3, 4, 5, 6, 7, 8, 9], ""eps1"": 10, ""distance_median"": 0.20238293307644753}"
261,rflbat,rflbat_cluster_filter,"[3, 46, 31, 22, 16, 98, 26, 9, 67, 46, 31, 22, 16, 98, 26, 9, 67]",[68],"{""accepted_indices"": [0, 2, 3, 4, 5, 6, 7, 8, 9, 2, 3, 4, 5, 6, 7, 8, 9], ""num_clusters"": 2, ""cluster_scores"": [0.1545037028808603, 1.0000000000020393]}"
261,rflbat,rflbat_final_distance_filter,"[3, 46, 31, 22, 16, 98, 26, 9, 67]",[68],"{""accepted_indices"": [0, 2, 3, 4, 5, 6, 7, 8, 9, 2, 3, 4, 5, 6, 7, 8, 9], ""eps2"": 6, ""distance_median"": 0.17292574783441894}"
262,rflbat,rflbat_first_distance_filter,"[3, 0, 28, 44, 8, 53, 45, 1, 49, 7, 0, 28, 44, 8, 53, 45, 1, 49, 7]",[],"{""accepted_indices"": [0, 1, 2, 3, 4, 5, 6, 7, 8, 9, 1, 2, 3, 4, 5, 6, 7, 8, 9], ""eps1"": 10, ""distance_median"": 0.2299169806101109}"
262,rflbat,rflbat_cluster_filter,"[3, 0, 28, 44, 8, 53, 45, 1, 49, 7, 0, 28, 44, 8, 53, 45, 1, 49, 7]",[],"{""accepted_indices"": [0, 1, 2, 3, 4, 5, 6, 7, 8, 9, 1, 2, 3, 4, 5, 6, 7, 8, 9], ""num_clusters"": 1, ""cluster_scores"": [0.14189414985018467]}"
262,rflbat,rflbat_final_distance_filter,"[3, 0, 28, 44, 8, 53, 45, 1, 49, 7]",[],"{""accepted_indices"": [0, 1, 2, 3, 4, 5, 6, 7, 8, 9, 1, 2, 3, 4, 5, 6, 7, 8, 9], ""eps2"": 6, ""distance_median"": 0.4539043669556989}"
263,rflbat,rflbat_first_distance_filter,"[4, 87, 33, 45, 64, 68, 61, 99, 85, 10, 87, 33, 45, 64, 68, 61, 99, 85, 10]",[],"{""accepted_indices"": [0, 1, 2, 3, 4, 5, 6, 7, 8, 9, 1, 2, 3, 4, 5, 6, 7, 8, 9], ""eps1"": 10, ""distance_median"": 0.21806099770686557}"
263,rflbat,rflbat_cluster_filter,"[4, 87, 33, 45, 64, 68, 61, 99, 85, 87, 33, 45, 64, 68, 61, 99, 85]",[10],"{""accepted_indices"": [0, 1, 2, 3, 4, 5, 6, 7, 8, 1, 2, 3, 4, 5, 6, 7, 8], ""num_clusters"": 2, ""cluster_scores"": [0.10293793949446652, 1.0000000000029179]}"
263,rflbat,rflbat_final_distance_filter,"[87, 33, 45, 64, 68, 61, 99, 85]","[4, 10]","{""accepted_indices"": [1, 2, 3, 4, 5, 6, 7, 8, 1, 2, 3, 4, 5, 6, 7, 8], ""eps2"": 6, ""distance_median"": 0.17611341092769586}"
264,rflbat,rflbat_first_distance_filter,"[0, 84, 57, 59, 91, 28, 75, 24, 22, 51, 84, 57, 59, 91, 28, 75, 24, 22, 51]",[],"{""accepted_indices"": [0, 1, 2, 3, 4, 5, 6, 7, 8, 9, 1, 2, 3, 4, 5, 6, 7, 8, 9], ""eps1"": 10, ""distance_median"": 0.2041461656064474}"
264,rflbat,rflbat_cluster_filter,"[84, 57, 59, 91, 28, 75, 24, 22, 84, 57, 59, 91, 28, 75, 24, 22]","[0, 51]","{""accepted_indices"": [1, 2, 3, 4, 5, 6, 7, 8, 1, 2, 3, 4, 5, 6, 7, 8], ""num_clusters"": 3, ""cluster_scores"": [1.0000000000035665, 0.11717369796811627, 1]}"
264,rflbat,rflbat_final_distance_filter,"[84, 57, 59, 91, 28, 75, 24, 22]","[0, 51]","{""accepted_indices"": [1, 2, 3, 4, 5, 6, 7, 8, 1, 2, 3, 4, 5, 6, 7, 8], ""eps2"": 6, ""distance_median"": 0.10118438214849253}"
265,rflbat,rflbat_first_distance_filter,"[4, 22, 21, 15, 53, 18, 42, 57, 37, 11, 22, 21, 15, 53, 18, 42, 57, 37, 11]",[],"{""accepted_indices"": [0, 1, 2, 3, 4, 5, 6, 7, 8, 9, 1, 2, 3, 4, 5, 6, 7, 8, 9], ""eps1"": 10, ""distance_median"": 0.2705285561598359}"
265,rflbat,rflbat_cluster_filter,"[4, 22, 21, 15, 53, 18, 42, 57, 37, 11, 22, 21, 15, 53, 18, 42, 57, 37, 11]",[],"{""accepted_indices"": [0, 1, 2, 3, 4, 5, 6, 7, 8, 9, 1, 2, 3, 4, 5, 6, 7, 8, 9], ""num_clusters"": 1, ""cluster_scores"": [0.10170702140996475]}"
265,rflbat,rflbat_final_distance_filter,"[4, 22, 21, 15, 53, 18, 57, 37, 11]",[42],"{""accepted_indices"": [0, 1, 2, 3, 4, 5, 7, 8, 9, 1, 2, 3, 4, 5, 7, 8, 9], ""eps2"": 6, ""distance_median"": 0.4934531984911227}"
266,rflbat,rflbat_first_distance_filter,"[1, 20, 54, 29, 23, 17, 13, 78, 44, 38, 20, 54, 29, 23, 17, 13, 78, 44, 38]",[],"{""accepted_indices"": [0, 1, 2, 3, 4, 5, 6, 7, 8, 9, 1, 2, 3, 4, 5, 6, 7, 8, 9], ""eps1"": 10, ""distance_median"": 0.1700017087937206}"
266,rflbat,rflbat_cluster_filter,"[1, 20, 29, 23, 17, 13, 78, 44, 38, 20, 29, 23, 17, 13, 78, 44, 38]",[54],"{""accepted_indices"": [0, 1, 3, 4, 5, 6, 7, 8, 9, 1, 3, 4, 5, 6, 7, 8, 9], ""num_clusters"": 2, ""cluster_scores"": [0.11872119417088858, 1.0000000000030727]}"
266,rflbat,rflbat_final_distance_filter,"[1, 20, 29, 23, 17, 13, 78, 44, 38]",[54],"{""accepted_indices"": [0, 1, 3, 4, 5, 6, 7, 8, 9, 1, 3, 4, 5, 6, 7, 8, 9], ""eps2"": 6, ""distance_median"": 0.17822655444176685}"
267,rflbat,rflbat_first_distance_filter,"[4, 81, 53, 66, 52, 91, 86, 27, 87, 74, 81, 53, 66, 52, 91, 86, 27, 87, 74]",[],"{""accepted_indices"": [0, 1, 2, 3, 4, 5, 6, 7, 8, 9, 1, 2, 3, 4, 5, 6, 7, 8, 9], ""eps1"": 10, ""distance_median"": 0.14597773732756425}"
267,rflbat,rflbat_cluster_filter,"[4, 81, 53, 66, 52, 91, 86, 27, 87, 74, 81, 53, 66, 52, 91, 86, 27, 87, 74]",[],"{""accepted_indices"": [0, 1, 2, 3, 4, 5, 6, 7, 8, 9, 1, 2, 3, 4, 5, 6, 7, 8, 9], ""num_clusters"": 1, ""cluster_scores"": [0.13502538384240814]}"
267,rflbat,rflbat_final_distance_filter,"[4, 81, 53, 66, 52, 91, 86, 27, 87, 74]",[],"{""accepted_indices"": [0, 1, 2, 3, 4, 5, 6, 7, 8, 9, 1, 2, 3, 4, 5, 6, 7, 8, 9], ""eps2"": 6, ""distance_median"": 0.24428492950651756}"
268,rflbat,rflbat_first_distance_filter,"[4, 0, 86, 64, 34, 9, 20, 87, 58, 18, 0, 86, 64, 34, 9, 20, 87, 58, 18]",[],"{""accepted_indices"": [0, 1, 2, 3, 4, 5, 6, 7, 8, 9, 1, 2, 3, 4, 5, 6, 7, 8, 9], ""eps1"": 10, ""distance_median"": 0.19525657043772188}"
268,rflbat,rflbat_cluster_filter,"[4, 86, 64, 34, 9, 20, 87, 58, 18, 86, 64, 34, 9, 20, 87, 58, 18]",[0],"{""accepted_indices"": [0, 2, 3, 4, 5, 6, 7, 8, 9, 2, 3, 4, 5, 6, 7, 8, 9], ""num_clusters"": 2, ""cluster_scores"": [1.0000000000013454, 0.10725950814486393]}"
268,rflbat,rflbat_final_distance_filter,"[4, 86, 64, 34, 9, 20, 87, 58, 18]",[0],"{""accepted_indices"": [0, 2, 3, 4, 5, 6, 7, 8, 9, 2, 3, 4, 5, 6, 7, 8, 9], ""eps2"": 6, ""distance_median"": 0.17070577181671404}"
269,rflbat,rflbat_first_distance_filter,"[4, 36, 27, 14, 37, 82, 48, 58, 12, 61, 36, 27, 14, 37, 82, 48, 58, 12, 61]",[],"{""accepted_indices"": [0, 1, 2, 3, 4, 5, 6, 7, 8, 9, 1, 2, 3, 4, 5, 6, 7, 8, 9], ""eps1"": 10, ""distance_median"": 0.20477317776964482}"
269,rflbat,rflbat_cluster_filter,"[4, 36, 27, 14, 37, 82, 48, 58, 12, 61, 36, 27, 14, 37, 82, 48, 58, 12, 61]",[],"{""accepted_indices"": [0, 1, 2, 3, 4, 5, 6, 7, 8, 9, 1, 2, 3, 4, 5, 6, 7, 8, 9], ""num_clusters"": 1, ""cluster_scores"": [0.11396316911413462]}"
269,rflbat,rflbat_final_distance_filter,"[4, 36, 27, 14, 37, 82, 48, 58, 12, 61]",[],"{""accepted_indices"": [0, 1, 2, 3, 4, 5, 6, 7, 8, 9, 1, 2, 3, 4, 5, 6, 7, 8, 9], ""eps2"": 6, ""distance_median"": 0.34146913127247996}"
270,rflbat,rflbat_first_distance_filter,"[2, 32, 92, 28, 59, 53, 23, 47, 99, 82, 32, 92, 28, 59, 53, 23, 47, 99, 82]",[],"{""accepted_indices"": [0, 1, 2, 3, 4, 5, 6, 7, 8, 9, 1, 2, 3, 4, 5, 6, 7, 8, 9], ""eps1"": 10, ""distance_median"": 0.1716406371456903}"
270,rflbat,rflbat_cluster_filter,"[2, 32, 92, 28, 59, 53, 23, 47, 99, 82, 32, 92, 28, 59, 53, 23, 47, 99, 82]",[],"{""accepted_indices"": [0, 1, 2, 3, 4, 5, 6, 7, 8, 9, 1, 2, 3, 4, 5, 6, 7, 8, 9], ""num_clusters"": 1, ""cluster_scores"": [0.09687364379015245]}"
270,rflbat,rflbat_final_distance_filter,"[2, 32, 92, 28, 59, 53, 23, 47, 99, 82]",[],"{""accepted_indices"": [0, 1, 2, 3, 4, 5, 6, 7, 8, 9, 1, 2, 3, 4, 5, 6, 7, 8, 9], ""eps2"": 6, ""distance_median"": 0.3438866209991067}"
271,rflbat,rflbat_first_distance_filter,"[1, 22, 66, 4, 34, 52, 96, 29, 47, 68, 22, 66, 4, 34, 52, 96, 29, 47, 68]",[],"{""accepted_indices"": [0, 1, 2, 3, 4, 5, 6, 7, 8, 9, 1, 2, 3, 4, 5, 6, 7, 8, 9], ""eps1"": 10, ""distance_median"": 0.13819706363869394}"
271,rflbat,rflbat_cluster_filter,"[1, 22, 66, 4, 34, 52, 96, 29, 22, 66, 4, 34, 52, 96, 29]","[47, 68]","{""accepted_indices"": [0, 1, 2, 3, 4, 5, 6, 7, 1, 2, 3, 4, 5, 6, 7], ""num_clusters"": 3, ""cluster_scores"": [1.0000000000015585, 0.1665997149530771, 1.000000000001568]}"
271,rflbat,rflbat_final_distance_filter,"[1, 22, 66, 4, 34, 52, 96, 29]","[47, 68]","{""accepted_indices"": [0, 1, 2, 3, 4, 5, 6, 7, 1, 2, 3, 4, 5, 6, 7], ""eps2"": 6, ""distance_median"": 0.0777758190232144}"
272,rflbat,rflbat_first_distance_filter,"[1, 94, 20, 71, 91, 23, 2, 5, 44, 39, 94, 20, 71, 91, 23, 2, 5, 44, 39]",[],"{""accepted_indices"": [0, 1, 2, 3, 4, 5, 6, 7, 8, 9, 1, 2, 3, 4, 5, 6, 7, 8, 9], ""eps1"": 10, ""distance_median"": 0.17960791740857565}"
272,rflbat,rflbat_cluster_filter,"[1, 94, 20, 71, 91, 23, 2, 5, 44, 39, 94, 20, 71, 91, 23, 2, 5, 44, 39]",[],"{""accepted_indices"": [0, 1, 2, 3, 4, 5, 6, 7, 8, 9, 1, 2, 3, 4, 5, 6, 7, 8, 9], ""num_clusters"": 1, ""cluster_scores"": [0.09116777507123265]}"
272,rflbat,rflbat_final_distance_filter,"[1, 94, 20, 71, 91, 23, 2, 5, 44, 39]",[],"{""accepted_indices"": [0, 1, 2, 3, 4, 5, 6, 7, 8, 9, 1, 2, 3, 4, 5, 6, 7, 8, 9], ""eps2"": 6, ""distance_median"": 0.36222071405436096}"
273,rflbat,rflbat_first_distance_filter,"[2, 60, 5, 4, 69, 15, 19, 23, 98, 0, 60, 5, 4, 69, 15, 19, 23, 98, 0]",[],"{""accepted_indices"": [0, 1, 2, 3, 4, 5, 6, 7, 8, 9, 1, 2, 3, 4, 5, 6, 7, 8, 9], ""eps1"": 10, ""distance_median"": 0.24913444385885375}"
273,rflbat,rflbat_cluster_filter,"[2, 60, 5, 4, 69, 15, 19, 23, 98, 0, 60, 5, 4, 69, 15, 19, 23, 98, 0]",[],"{""accepted_indices"": [0, 1, 2, 3, 4, 5, 6, 7, 8, 9, 1, 2, 3, 4, 5, 6, 7, 8, 9], ""num_clusters"": 1, ""cluster_scores"": [0.09618048801899365]}"
273,rflbat,rflbat_final_distance_filter,"[2, 60, 5, 4, 69, 15, 19, 23, 98, 0]",[],"{""accepted_indices"": [0, 1, 2, 3, 4, 5, 6, 7, 8, 9, 1, 2, 3, 4, 5, 6, 7, 8, 9], ""eps2"": 6, ""distance_median"": 0.49709789707385504}"
274,rflbat,rflbat_first_distance_filter,"[3, 71, 26, 0, 68, 98, 78, 47, 6, 2, 71, 26, 0, 68, 98, 78, 47, 6, 2]",[],"{""accepted_indices"": [0, 1, 2, 3, 4, 5, 6, 7, 8, 9, 1, 2, 3, 4, 5, 6, 7, 8, 9], ""eps1"": 10, ""distance_median"": 0.21799211912289637}"
274,rflbat,rflbat_cluster_filter,"[3, 71, 26, 0, 68, 98, 78, 47, 6, 2, 71, 26, 0, 68, 98, 78, 47, 6, 2]",[],"{""accepted_indices"": [0, 1, 2, 3, 4, 5, 6, 7, 8, 9, 1, 2, 3, 4, 5, 6, 7, 8, 9], ""num_clusters"": 1, ""cluster_scores"": [0.08448620503622765]}"
274,rflbat,rflbat_final_distance_filter,"[3, 71, 26, 0, 68, 98, 78, 47, 6, 2]",[],"{""accepted_indices"": [0, 1, 2, 3, 4, 5, 6, 7, 8, 9, 1, 2, 3, 4, 5, 6, 7, 8, 9], ""eps2"": 6, ""distance_median"": 0.4179693915753623}"
275,rflbat,rflbat_first_distance_filter,"[2, 49, 26, 1, 60, 57, 54, 91, 58, 51, 49, 26, 1, 60, 57, 54, 91, 58, 51]",[],"{""accepted_indices"": [0, 1, 2, 3, 4, 5, 6, 7, 8, 9, 1, 2, 3, 4, 5, 6, 7, 8, 9], ""eps1"": 10, ""distance_median"": 0.16137138098879134}"
275,rflbat,rflbat_cluster_filter,"[2, 49, 26, 1, 60, 57, 54, 91, 58, 51, 49, 26, 1, 60, 57, 54, 91, 58, 51]",[],"{""accepted_indices"": [0, 1, 2, 3, 4, 5, 6, 7, 8, 9, 1, 2, 3, 4, 5, 6, 7, 8, 9], ""num_clusters"": 1, ""cluster_scores"": [0.10412745718846306]}"
275,rflbat,rflbat_final_distance_filter,"[2, 49, 26, 1, 60, 57, 54, 91, 58, 51]",[],"{""accepted_indices"": [0, 1, 2, 3, 4, 5, 6, 7, 8, 9, 1, 2, 3, 4, 5, 6, 7, 8, 9], ""eps2"": 6, ""distance_median"": 0.3027882798523468}"
276,rflbat,rflbat_first_distance_filter,"[1, 45, 78, 70, 51, 40, 41, 2, 3, 75, 45, 78, 70, 51, 40, 41, 2, 3, 75]",[],"{""accepted_indices"": [0, 1, 2, 3, 4, 5, 6, 7, 8, 9, 1, 2, 3, 4, 5, 6, 7, 8, 9], ""eps1"": 10, ""distance_median"": 0.19914735643292752}"
276,rflbat,rflbat_cluster_filter,"[1, 45, 78, 70, 51, 40, 41, 2, 3, 75, 45, 78, 70, 51, 40, 41, 2, 3, 75]",[],"{""accepted_indices"": [0, 1, 2, 3, 4, 5, 6, 7, 8, 9, 1, 2, 3, 4, 5, 6, 7, 8, 9], ""num_clusters"": 1, ""cluster_scores"": [0.08518530659021457]}"
276,rflbat,rflbat_final_distance_filter,"[1, 45, 78, 70, 51, 40, 41, 2, 3, 75]",[],"{""accepted_indices"": [0, 1, 2, 3, 4, 5, 6, 7, 8, 9, 1, 2, 3, 4, 5, 6, 7, 8, 9], ""eps2"": 6, ""distance_median"": 0.3963356044472019}"
277,rflbat,rflbat_first_distance_filter,"[1, 62, 25, 42, 4, 63, 18, 36, 54, 12, 62, 25, 42, 4, 63, 18, 36, 54, 12]",[],"{""accepted_indices"": [0, 1, 2, 3, 4, 5, 6, 7, 8, 9, 1, 2, 3, 4, 5, 6, 7, 8, 9], ""eps1"": 10, ""distance_median"": 0.15031203950730887}"
277,rflbat,rflbat_cluster_filter,"[1, 62, 25, 42, 4, 63, 18, 36, 54, 12, 62, 25, 42, 4, 63, 18, 36, 54, 12]",[],"{""accepted_indices"": [0, 1, 2, 3, 4, 5, 6, 7, 8, 9, 1, 2, 3, 4, 5, 6, 7, 8, 9], ""num_clusters"": 1, ""cluster_scores"": [0.12673607374723309]}"
277,rflbat,rflbat_final_distance_filter,"[1, 62, 25, 42, 4, 63, 18, 36, 54, 12]",[],"{""accepted_indices"": [0, 1, 2, 3, 4, 5, 6, 7, 8, 9, 1, 2, 3, 4, 5, 6, 7, 8, 9], ""eps2"": 6, ""distance_median"": 0.296527363781674}"
278,rflbat,rflbat_first_distance_filter,"[0, 55, 39, 76, 99, 17, 96, 41, 52, 9, 55, 39, 76, 99, 17, 96, 41, 52, 9]",[],"{""accepted_indices"": [0, 1, 2, 3, 4, 5, 6, 7, 8, 9, 1, 2, 3, 4, 5, 6, 7, 8, 9], ""eps1"": 10, ""distance_median"": 0.3123542887925691}"
278,rflbat,rflbat_cluster_filter,"[0, 55, 39, 76, 99, 17, 96, 41, 52, 9, 55, 39, 76, 99, 17, 96, 41, 52, 9]",[],"{""accepted_indices"": [0, 1, 2, 3, 4, 5, 6, 7, 8, 9, 1, 2, 3, 4, 5, 6, 7, 8, 9], ""num_clusters"": 1, ""cluster_scores"": [0.12040520489421438]}"
278,rflbat,rflbat_final_distance_filter,"[55, 39, 76, 99, 17, 96, 41, 52, 9]",[0],"{""accepted_indices"": [1, 2, 3, 4, 5, 6, 7, 8, 9, 1, 2, 3, 4, 5, 6, 7, 8, 9], ""eps2"": 6, ""distance_median"": 0.41117423536454606}"
279,rflbat,rflbat_first_distance_filter,"[4, 90, 76, 20, 5, 38, 1, 70, 83, 29, 90, 76, 20, 5, 38, 1, 70, 83, 29]",[],"{""accepted_indices"": [0, 1, 2, 3, 4, 5, 6, 7, 8, 9, 1, 2, 3, 4, 5, 6, 7, 8, 9], ""eps1"": 10, ""distance_median"": 0.10572309857476839}"
279,rflbat,rflbat_cluster_filter,"[4, 90, 76, 20, 5, 38, 1, 70, 83, 29, 90, 76, 20, 5, 38, 1, 70, 83, 29]",[],"{""accepted_indices"": [0, 1, 2, 3, 4, 5, 6, 7, 8, 9, 1, 2, 3, 4, 5, 6, 7, 8, 9], ""num_clusters"": 1, ""cluster_scores"": [0.15486352465583134]}"
279,rflbat,rflbat_final_distance_filter,"[4, 90, 76, 20, 5, 38, 1, 70, 83, 29]",[],"{""accepted_indices"": [0, 1, 2, 3, 4, 5, 6, 7, 8, 9, 1, 2, 3, 4, 5, 6, 7, 8, 9], ""eps2"": 6, ""distance_median"": 0.18587981885555446}"
280,rflbat,rflbat_first_distance_filter,"[1, 81, 4, 31, 0, 97, 33, 73, 84, 34, 81, 4, 31, 0, 97, 33, 73, 84, 34]",[],"{""accepted_indices"": [0, 1, 2, 3, 4, 5, 6, 7, 8, 9, 1, 2, 3, 4, 5, 6, 7, 8, 9], ""eps1"": 10, ""distance_median"": 0.354134501521973}"
280,rflbat,rflbat_cluster_filter,"[1, 81, 4, 31, 0, 97, 33, 73, 84, 34, 81, 4, 31, 0, 97, 33, 73, 84, 34]",[],"{""accepted_indices"": [0, 1, 2, 3, 4, 5, 6, 7, 8, 9, 1, 2, 3, 4, 5, 6, 7, 8, 9], ""num_clusters"": 1, ""cluster_scores"": [0.15000156938738787]}"
280,rflbat,rflbat_final_distance_filter,"[1, 81, 4, 31, 0, 97, 33, 73, 84, 34]",[],"{""accepted_indices"": [0, 1, 2, 3, 4, 5, 6, 7, 8, 9, 1, 2, 3, 4, 5, 6, 7, 8, 9], ""eps2"": 6, ""distance_median"": 0.6969175856950418}"
281,rflbat,rflbat_first_distance_filter,"[4, 99, 27, 97, 61, 95, 98, 89, 67, 85, 99, 27, 97, 61, 95, 98, 89, 67, 85]",[],"{""accepted_indices"": [0, 1, 2, 3, 4, 5, 6, 7, 8, 9, 1, 2, 3, 4, 5, 6, 7, 8, 9], ""eps1"": 10, ""distance_median"": 0.22651331483227372}"
281,rflbat,rflbat_cluster_filter,"[4, 99, 27, 97, 61, 95, 98, 89, 67, 85, 99, 27, 97, 61, 95, 98, 89, 67, 85]",[],"{""accepted_indices"": [0, 1, 2, 3, 4, 5, 6, 7, 8, 9, 1, 2, 3, 4, 5, 6, 7, 8, 9], ""num_clusters"": 1, ""cluster_scores"": [0.1453488027929851]}"
281,rflbat,rflbat_final_distance_filter,"[4, 99, 27, 97, 61, 95, 98, 89, 67, 85]",[],"{""accepted_indices"": [0, 1, 2, 3, 4, 5, 6, 7, 8, 9, 1, 2, 3, 4, 5, 6, 7, 8, 9], ""eps2"": 6, ""distance_median"": 0.4421393606016048}"
282,rflbat,rflbat_first_distance_filter,"[2, 75, 40, 83, 77, 66, 48, 9, 46, 8, 75, 40, 83, 77, 66, 48, 9, 46, 8]",[],"{""accepted_indices"": [0, 1, 2, 3, 4, 5, 6, 7, 8, 9, 1, 2, 3, 4, 5, 6, 7, 8, 9], ""eps1"": 10, ""distance_median"": 0.22043376661004638}"
282,rflbat,rflbat_cluster_filter,"[40, 83, 77, 9, 8, 40, 83, 77, 9, 8]","[2, 75, 66, 48, 46]","{""accepted_indices"": [2, 3, 4, 7, 9, 2, 3, 4, 7, 9], ""num_clusters"": 4, ""cluster_scores"": [0.27538653807132824, 1.0000000000024472, 1.0000000000015394, 0.6062829370674171]}"
282,rflbat,rflbat_final_distance_filter,"[40, 83, 77, 9, 8]","[2, 75, 66, 48, 46]","{""accepted_indices"": [2, 3, 4, 7, 9, 2, 3, 4, 7, 9], ""eps2"": 6, ""distance_median"": 0.07392733728056491}"
283,rflbat,rflbat_first_distance_filter,"[3, 84, 76, 90, 89, 81, 69, 79, 12, 77, 84, 76, 90, 89, 81, 69, 79, 12, 77]",[],"{""accepted_indices"": [0, 1, 2, 3, 4, 5, 6, 7, 8, 9, 1, 2, 3, 4, 5, 6, 7, 8, 9], ""eps1"": 10, ""distance_median"": 0.124301052928244}"
283,rflbat,rflbat_cluster_filter,"[3, 84, 76, 90, 89, 81, 69, 79, 12, 77, 84, 76, 90, 89, 81, 69, 79, 12, 77]",[],"{""accepted_indices"": [0, 1, 2, 3, 4, 5, 6, 7, 8, 9, 1, 2, 3, 4, 5, 6, 7, 8, 9], ""num_clusters"": 1, ""cluster_scores"": [0.12779542108328593]}"
283,rflbat,rflbat_final_distance_filter,"[3, 84, 76, 90, 89, 81, 69, 79, 12, 77]",[],"{""accepted_indices"": [0, 1, 2, 3, 4, 5, 6, 7, 8, 9, 1, 2, 3, 4, 5, 6, 7, 8, 9], ""eps2"": 6, ""distance_median"": 0.21381959927202296}"
284,rflbat,rflbat_first_distance_filter,"[4, 98, 94, 8, 62, 73, 78, 33, 80, 20, 98, 94, 8, 62, 73, 78, 33, 80, 20]",[],"{""accepted_indices"": [0, 1, 2, 3, 4, 5, 6, 7, 8, 9, 1, 2, 3, 4, 5, 6, 7, 8, 9], ""eps1"": 10, ""distance_median"": 0.27822019917723223}"
284,rflbat,rflbat_cluster_filter,"[4, 98, 94, 8, 62, 73, 78, 33, 80, 20, 98, 94, 8, 62, 73, 78, 33, 80, 20]",[],"{""accepted_indices"": [0, 1, 2, 3, 4, 5, 6, 7, 8, 9, 1, 2, 3, 4, 5, 6, 7, 8, 9], ""num_clusters"": 1, ""cluster_scores"": [0.10490442579438265]}"
284,rflbat,rflbat_final_distance_filter,"[4, 98, 94, 8, 62, 73, 78, 33, 80, 20]",[],"{""accepted_indices"": [0, 1, 2, 3, 4, 5, 6, 7, 8, 9, 1, 2, 3, 4, 5, 6, 7, 8, 9], ""eps2"": 6, ""distance_median"": 0.539697046294046}"
285,rflbat,rflbat_first_distance_filter,"[2, 37, 5, 51, 19, 0, 28, 8, 49, 10, 37, 5, 51, 19, 0, 28, 8, 49, 10]",[],"{""accepted_indices"": [0, 1, 2, 3, 4, 5, 6, 7, 8, 9, 1, 2, 3, 4, 5, 6, 7, 8, 9], ""eps1"": 10, ""distance_median"": 0.243626825431971}"
285,rflbat,rflbat_cluster_filter,"[2, 37, 5, 51, 19, 0, 28, 8, 49, 10, 37, 5, 51, 19, 0, 28, 8, 49, 10]",[],"{""accepted_indices"": [0, 1, 2, 3, 4, 5, 6, 7, 8, 9, 1, 2, 3, 4, 5, 6, 7, 8, 9], ""num_clusters"": 1, ""cluster_scores"": [0.09971296022846309]}"
285,rflbat,rflbat_final_distance_filter,"[2, 37, 5, 51, 19, 0, 28, 8, 49, 10]",[],"{""accepted_indices"": [0, 1, 2, 3, 4, 5, 6, 7, 8, 9, 1, 2, 3, 4, 5, 6, 7, 8, 9], ""eps2"": 6, ""distance_median"": 0.4922973501495945}"
286,rflbat,rflbat_first_distance_filter,"[1, 10, 36, 51, 8, 3, 53, 86, 61, 26, 10, 36, 51, 8, 3, 53, 86, 61, 26]",[],"{""accepted_indices"": [0, 1, 2, 3, 4, 5, 6, 7, 8, 9, 1, 2, 3, 4, 5, 6, 7, 8, 9], ""eps1"": 10, ""distance_median"": 0.40230871443304267}"
286,rflbat,rflbat_cluster_filter,"[1, 10, 36, 51, 8, 3, 53, 86, 61, 26, 10, 36, 51, 8, 3, 53, 86, 61, 26]",[],"{""accepted_indices"": [0, 1, 2, 3, 4, 5, 6, 7, 8, 9, 1, 2, 3, 4, 5, 6, 7, 8, 9], ""num_clusters"": 1, ""cluster_scores"": [0.09307380006140513]}"
286,rflbat,rflbat_final_distance_filter,"[1, 10, 36, 51, 8, 3, 53, 86, 61, 26]",[],"{""accepted_indices"": [0, 1, 2, 3, 4, 5, 6, 7, 8, 9, 1, 2, 3, 4, 5, 6, 7, 8, 9], ""eps2"": 6, ""distance_median"": 0.8101062059168874}"
287,rflbat,rflbat_first_distance_filter,"[2, 82, 14, 98, 35, 96, 58, 55, 84, 56, 82, 14, 98, 35, 96, 58, 55, 84, 56]",[],"{""accepted_indices"": [0, 1, 2, 3, 4, 5, 6, 7, 8, 9, 1, 2, 3, 4, 5, 6, 7, 8, 9], ""eps1"": 10, ""distance_median"": 0.2300793085841228}"
287,rflbat,rflbat_cluster_filter,"[2, 82, 14, 98, 35, 96, 58, 55, 84, 56, 82, 14, 98, 35, 96, 58, 55, 84, 56]",[],"{""accepted_indices"": [0, 1, 2, 3, 4, 5, 6, 7, 8, 9, 1, 2, 3, 4, 5, 6, 7, 8, 9], ""num_clusters"": 1, ""cluster_scores"": [0.12885848252533424]}"
287,rflbat,rflbat_final_distance_filter,"[2, 82, 14, 98, 35, 96, 58, 55, 84, 56]",[],"{""accepted_indices"": [0, 1, 2, 3, 4, 5, 6, 7, 8, 9, 1, 2, 3, 4, 5, 6, 7, 8, 9], ""eps2"": 6, ""distance_median"": 0.45954270222134913}"
288,rflbat,rflbat_first_distance_filter,"[2, 75, 32, 97, 8, 7, 93, 28, 74, 85, 75, 32, 97, 8, 7, 93, 28, 74, 85]",[],"{""accepted_indices"": [0, 1, 2, 3, 4, 5, 6, 7, 8, 9, 1, 2, 3, 4, 5, 6, 7, 8, 9], ""eps1"": 10, ""distance_median"": 0.2086666953285073}"
288,rflbat,rflbat_cluster_filter,"[2, 75, 32, 97, 8, 7, 93, 28, 74, 85, 75, 32, 97, 8, 7, 93, 28, 74, 85]",[],"{""accepted_indices"": [0, 1, 2, 3, 4, 5, 6, 7, 8, 9, 1, 2, 3, 4, 5, 6, 7, 8, 9], ""num_clusters"": 1, ""cluster_scores"": [0.100970705383805]}"
288,rflbat,rflbat_final_distance_filter,"[2, 75, 32, 97, 8, 7, 93, 28, 74, 85]",[],"{""accepted_indices"": [0, 1, 2, 3, 4, 5, 6, 7, 8, 9, 1, 2, 3, 4, 5, 6, 7, 8, 9], ""eps2"": 6, ""distance_median"": 0.4144947241003932}"
289,rflbat,rflbat_first_distance_filter,"[2, 1, 35, 8, 39, 46, 11, 69, 36, 86, 1, 35, 8, 39, 46, 11, 69, 36, 86]",[],"{""accepted_indices"": [0, 1, 2, 3, 4, 5, 6, 7, 8, 9, 1, 2, 3, 4, 5, 6, 7, 8, 9], ""eps1"": 10, ""distance_median"": 0.1353649906264398}"
289,rflbat,rflbat_cluster_filter,"[2, 1, 35, 8, 39, 46, 11, 69, 36, 86, 1, 35, 8, 39, 46, 11, 69, 36, 86]",[],"{""accepted_indices"": [0, 1, 2, 3, 4, 5, 6, 7, 8, 9, 1, 2, 3, 4, 5, 6, 7, 8, 9], ""num_clusters"": 1, ""cluster_scores"": [0.10908039392064621]}"
289,rflbat,rflbat_final_distance_filter,"[2, 1, 35, 8, 39, 46, 11, 69, 36, 86]",[],"{""accepted_indices"": [0, 1, 2, 3, 4, 5, 6, 7, 8, 9, 1, 2, 3, 4, 5, 6, 7, 8, 9], ""eps2"": 6, ""distance_median"": 0.27025039313316224}"
290,rflbat,rflbat_first_distance_filter,"[1, 46, 35, 81, 53, 84, 29, 88, 21, 99, 46, 35, 81, 53, 84, 29, 88, 21, 99]",[],"{""accepted_indices"": [0, 1, 2, 3, 4, 5, 6, 7, 8, 9, 1, 2, 3, 4, 5, 6, 7, 8, 9], ""eps1"": 10, ""distance_median"": 0.1944102477121838}"
290,rflbat,rflbat_cluster_filter,"[1, 46, 35, 81, 53, 84, 29, 88, 21, 99, 46, 35, 81, 53, 84, 29, 88, 21, 99]",[],"{""accepted_indices"": [0, 1, 2, 3, 4, 5, 6, 7, 8, 9, 1, 2, 3, 4, 5, 6, 7, 8, 9], ""num_clusters"": 1, ""cluster_scores"": [0.12448851829979728]}"
290,rflbat,rflbat_final_distance_filter,"[1, 46, 35, 81, 53, 84, 29, 88, 21, 99]",[],"{""accepted_indices"": [0, 1, 2, 3, 4, 5, 6, 7, 8, 9, 1, 2, 3, 4, 5, 6, 7, 8, 9], ""eps2"": 6, ""distance_median"": 0.38482926451064137}"
291,rflbat,rflbat_first_distance_filter,"[4, 15, 71, 54, 80, 70, 6, 82, 46, 83, 15, 71, 54, 80, 70, 6, 82, 46, 83]",[],"{""accepted_indices"": [0, 1, 2, 3, 4, 5, 6, 7, 8, 9, 1, 2, 3, 4, 5, 6, 7, 8, 9], ""eps1"": 10, ""distance_median"": 0.16047284019832853}"
291,rflbat,rflbat_cluster_filter,"[4, 15, 71, 54, 80, 70, 6, 82, 46, 83, 15, 71, 54, 80, 70, 6, 82, 46, 83]",[],"{""accepted_indices"": [0, 1, 2, 3, 4, 5, 6, 7, 8, 9, 1, 2, 3, 4, 5, 6, 7, 8, 9], ""num_clusters"": 1, ""cluster_scores"": [0.10238980061913061]}"
291,rflbat,rflbat_final_distance_filter,"[4, 15, 71, 54, 80, 70, 6, 82, 46, 83]",[],"{""accepted_indices"": [0, 1, 2, 3, 4, 5, 6, 7, 8, 9, 1, 2, 3, 4, 5, 6, 7, 8, 9], ""eps2"": 6, ""distance_median"": 0.3249411775241279}"
292,rflbat,rflbat_first_distance_filter,"[2, 49, 36, 91, 94, 97, 51, 88, 76, 62, 49, 36, 91, 94, 97, 51, 88, 76, 62]",[],"{""accepted_indices"": [0, 1, 2, 3, 4, 5, 6, 7, 8, 9, 1, 2, 3, 4, 5, 6, 7, 8, 9], ""eps1"": 10, ""distance_median"": 0.20663461825995058}"
292,rflbat,rflbat_cluster_filter,"[2, 49, 36, 91, 94, 97, 51, 88, 76, 62, 49, 36, 91, 94, 97, 51, 88, 76, 62]",[],"{""accepted_indices"": [0, 1, 2, 3, 4, 5, 6, 7, 8, 9, 1, 2, 3, 4, 5, 6, 7, 8, 9], ""num_clusters"": 1, ""cluster_scores"": [0.08663448177018478]}"
292,rflbat,rflbat_final_distance_filter,"[2, 49, 36, 91, 94, 97, 51, 88, 76, 62]",[],"{""accepted_indices"": [0, 1, 2, 3, 4, 5, 6, 7, 8, 9, 1, 2, 3, 4, 5, 6, 7, 8, 9], ""eps2"": 6, ""distance_median"": 0.4184404445154505}"
293,rflbat,rflbat_first_distance_filter,"[1, 40, 71, 11, 49, 17, 27, 60, 55, 91, 40, 71, 11, 49, 17, 27, 60, 55, 91]",[],"{""accepted_indices"": [0, 1, 2, 3, 4, 5, 6, 7, 8, 9, 1, 2, 3, 4, 5, 6, 7, 8, 9], ""eps1"": 10, ""distance_median"": 0.159115324291214}"
293,rflbat,rflbat_cluster_filter,"[1, 40, 71, 11, 49, 17, 27, 60, 55, 91, 40, 71, 11, 49, 17, 27, 60, 55, 91]",[],"{""accepted_indices"": [0, 1, 2, 3, 4, 5, 6, 7, 8, 9, 1, 2, 3, 4, 5, 6, 7, 8, 9], ""num_clusters"": 1, ""cluster_scores"": [0.13207499366604086]}"
293,rflbat,rflbat_final_distance_filter,"[1, 40, 71, 11, 49, 17, 27, 60, 55, 91]",[],"{""accepted_indices"": [0, 1, 2, 3, 4, 5, 6, 7, 8, 9, 1, 2, 3, 4, 5, 6, 7, 8, 9], ""eps2"": 6, ""distance_median"": 0.3112909192631851}"
294,rflbat,rflbat_first_distance_filter,"[0, 57, 56, 24, 81, 78, 25, 98, 21, 12, 57, 56, 24, 81, 78, 25, 98, 21, 12]",[],"{""accepted_indices"": [0, 1, 2, 3, 4, 5, 6, 7, 8, 9, 1, 2, 3, 4, 5, 6, 7, 8, 9], ""eps1"": 10, ""distance_median"": 0.20408969691595308}"
294,rflbat,rflbat_cluster_filter,"[0, 57, 56, 24, 81, 78, 25, 98, 21, 12, 57, 56, 24, 81, 78, 25, 98, 21, 12]",[],"{""accepted_indices"": [0, 1, 2, 3, 4, 5, 6, 7, 8, 9, 1, 2, 3, 4, 5, 6, 7, 8, 9], ""num_clusters"": 1, ""cluster_scores"": [0.10221867342486368]}"
294,rflbat,rflbat_final_distance_filter,"[57, 56, 24, 81, 78, 25, 98, 21, 12]",[0],"{""accepted_indices"": [1, 2, 3, 4, 5, 6, 7, 8, 9, 1, 2, 3, 4, 5, 6, 7, 8, 9], ""eps2"": 6, ""distance_median"": 0.28661542320842986}"
295,rflbat,rflbat_first_distance_filter,"[1, 89, 85, 81, 45, 71, 37, 70, 33, 22, 89, 85, 81, 45, 71, 37, 70, 33, 22]",[],"{""accepted_indices"": [0, 1, 2, 3, 4, 5, 6, 7, 8, 9, 1, 2, 3, 4, 5, 6, 7, 8, 9], ""eps1"": 10, ""distance_median"": 0.1335676236441688}"
295,rflbat,rflbat_cluster_filter,"[1, 89, 85, 81, 45, 71, 37, 70, 33, 22, 89, 85, 81, 45, 71, 37, 70, 33, 22]",[],"{""accepted_indices"": [0, 1, 2, 3, 4, 5, 6, 7, 8, 9, 1, 2, 3, 4, 5, 6, 7, 8, 9], ""num_clusters"": 1, ""cluster_scores"": [0.12276795460963345]}"
295,rflbat,rflbat_final_distance_filter,"[1, 89, 85, 81, 45, 71, 37, 70, 33, 22]",[],"{""accepted_indices"": [0, 1, 2, 3, 4, 5, 6, 7, 8, 9, 1, 2, 3, 4, 5, 6, 7, 8, 9], ""eps2"": 6, ""distance_median"": 0.2711832439500259}"
296,rflbat,rflbat_first_distance_filter,"[2, 36, 26, 92, 78, 73, 24, 88, 30, 81, 36, 26, 92, 78, 73, 24, 88, 30, 81]",[],"{""accepted_indices"": [0, 1, 2, 3, 4, 5, 6, 7, 8, 9, 1, 2, 3, 4, 5, 6, 7, 8, 9], ""eps1"": 10, ""distance_median"": 0.33724561776100276}"
296,rflbat,rflbat_cluster_filter,"[2, 36, 26, 92, 78, 73, 24, 88, 30, 81, 36, 26, 92, 78, 73, 24, 88, 30, 81]",[],"{""accepted_indices"": [0, 1, 2, 3, 4, 5, 6, 7, 8, 9, 1, 2, 3, 4, 5, 6, 7, 8, 9], ""num_clusters"": 1, ""cluster_scores"": [0.09120979778680241]}"
296,rflbat,rflbat_final_distance_filter,"[2, 36, 26, 92, 78, 73, 24, 88, 30, 81]",[],"{""accepted_indices"": [0, 1, 2, 3, 4, 5, 6, 7, 8, 9, 1, 2, 3, 4, 5, 6, 7, 8, 9], ""eps2"": 6, ""distance_median"": 0.6763931907627504}"
297,rflbat,rflbat_first_distance_filter,"[1, 23, 95, 28, 10, 14, 60, 77, 27, 3, 23, 95, 28, 10, 14, 60, 77, 27, 3]",[],"{""accepted_indices"": [0, 1, 2, 3, 4, 5, 6, 7, 8, 9, 1, 2, 3, 4, 5, 6, 7, 8, 9], ""eps1"": 10, ""distance_median"": 0.27194624899531494}"
297,rflbat,rflbat_cluster_filter,"[1, 23, 95, 28, 10, 14, 60, 77, 27, 3, 23, 95, 28, 10, 14, 60, 77, 27, 3]",[],"{""accepted_indices"": [0, 1, 2, 3, 4, 5, 6, 7, 8, 9, 1, 2, 3, 4, 5, 6, 7, 8, 9], ""num_clusters"": 1, ""cluster_scores"": [0.11611370683367997]}"
297,rflbat,rflbat_final_distance_filter,"[1, 23, 95, 28, 10, 14, 60, 77, 27, 3]",[],"{""accepted_indices"": [0, 1, 2, 3, 4, 5, 6, 7, 8, 9, 1, 2, 3, 4, 5, 6, 7, 8, 9], ""eps2"": 6, ""distance_median"": 0.5422918018461542}"
298,rflbat,rflbat_first_distance_filter,"[3, 69, 49, 61, 76, 30, 10, 38, 45, 17, 69, 49, 61, 76, 30, 10, 38, 45, 17]",[],"{""accepted_indices"": [0, 1, 2, 3, 4, 5, 6, 7, 8, 9, 1, 2, 3, 4, 5, 6, 7, 8, 9], ""eps1"": 10, ""distance_median"": 0.17616702023062775}"
298,rflbat,rflbat_cluster_filter,"[3, 69, 49, 61, 76, 30, 10, 38, 45, 17, 69, 49, 61, 76, 30, 10, 38, 45, 17]",[],"{""accepted_indices"": [0, 1, 2, 3, 4, 5, 6, 7, 8, 9, 1, 2, 3, 4, 5, 6, 7, 8, 9], ""num_clusters"": 1, ""cluster_scores"": [0.11732963163881606]}"
298,rflbat,rflbat_final_distance_filter,"[3, 69, 49, 61, 76, 30, 10, 38, 45, 17]",[],"{""accepted_indices"": [0, 1, 2, 3, 4, 5, 6, 7, 8, 9, 1, 2, 3, 4, 5, 6, 7, 8, 9], ""eps2"": 6, ""distance_median"": 0.33433302189133607}"
299,rflbat,rflbat_first_distance_filter,"[3, 13, 84, 96, 77, 75, 35, 8, 26, 23, 13, 84, 96, 77, 75, 35, 8, 26, 23]",[],"{""accepted_indices"": [0, 1, 2, 3, 4, 5, 6, 7, 8, 9, 1, 2, 3, 4, 5, 6, 7, 8, 9], ""eps1"": 10, ""distance_median"": 0.16996305924343624}"
299,rflbat,rflbat_cluster_filter,"[3, 13, 84, 96, 77, 75, 35, 8, 26, 23, 13, 84, 96, 77, 75, 35, 8, 26, 23]",[],"{""accepted_indices"": [0, 1, 2, 3, 4, 5, 6, 7, 8, 9, 1, 2, 3, 4, 5, 6, 7, 8, 9], ""num_clusters"": 1, ""cluster_scores"": [0.08711550070524568]}"
299,rflbat,rflbat_final_distance_filter,"[3, 13, 84, 96, 77, 75, 35, 8, 26, 23]",[],"{""accepted_indices"": [0, 1, 2, 3, 4, 5, 6, 7, 8, 9, 1, 2, 3, 4, 5, 6, 7, 8, 9], ""eps2"": 6, ""distance_median"": 0.3138514569236635}"
300,rflbat,rflbat_first_distance_filter,"[3, 40, 96, 63, 82, 5, 97, 45, 24, 41, 40, 96, 63, 82, 5, 97, 45, 24, 41]",[],"{""accepted_indices"": [0, 1, 2, 3, 4, 5, 6, 7, 8, 9, 1, 2, 3, 4, 5, 6, 7, 8, 9], ""eps1"": 10, ""distance_median"": 0.29583039157886337}"
300,rflbat,rflbat_cluster_filter,"[3, 40, 96, 63, 82, 5, 97, 45, 24, 41, 40, 96, 63, 82, 5, 97, 45, 24, 41]",[],"{""accepted_indices"": [0, 1, 2, 3, 4, 5, 6, 7, 8, 9, 1, 2, 3, 4, 5, 6, 7, 8, 9], ""num_clusters"": 1, ""cluster_scores"": [0.10994960710237325]}"
300,rflbat,rflbat_final_distance_filter,"[3, 40, 96, 63, 82, 5, 97, 45, 24, 41]",[],"{""accepted_indices"": [0, 1, 2, 3, 4, 5, 6, 7, 8, 9, 1, 2, 3, 4, 5, 6, 7, 8, 9], ""eps2"": 6, ""distance_median"": 0.586494561343698}"
301,rflbat,rflbat_first_distance_filter,"[0, 90, 93, 2, 50, 6, 30, 54, 35, 27, 90, 93, 2, 50, 6, 30, 54, 35, 27]",[],"{""accepted_indices"": [0, 1, 2, 3, 4, 5, 6, 7, 8, 9, 1, 2, 3, 4, 5, 6, 7, 8, 9], ""eps1"": 10, ""distance_median"": 0.2772592606777755}"
301,rflbat,rflbat_cluster_filter,"[0, 90, 93, 2, 50, 6, 30, 54, 35, 27, 90, 93, 2, 50, 6, 30, 54, 35, 27]",[],"{""accepted_indices"": [0, 1, 2, 3, 4, 5, 6, 7, 8, 9, 1, 2, 3, 4, 5, 6, 7, 8, 9], ""num_clusters"": 1, ""cluster_scores"": [0.10633734714528206]}"
301,rflbat,rflbat_final_distance_filter,"[0, 90, 93, 2, 50, 6, 30, 54, 35, 27]",[],"{""accepted_indices"": [0, 1, 2, 3, 4, 5, 6, 7, 8, 9, 1, 2, 3, 4, 5, 6, 7, 8, 9], ""eps2"": 6, ""distance_median"": 0.43926764455258005}"
302,rflbat,rflbat_first_distance_filter,"[0, 98, 51, 77, 33, 15, 1, 14, 60, 44, 98, 51, 77, 33, 15, 1, 14, 60, 44]",[],"{""accepted_indices"": [0, 1, 2, 3, 4, 5, 6, 7, 8, 9, 1, 2, 3, 4, 5, 6, 7, 8, 9], ""eps1"": 10, ""distance_median"": 0.24023421792721422}"
302,rflbat,rflbat_cluster_filter,"[0, 98, 51, 77, 33, 15, 1, 14, 60, 44, 98, 51, 77, 33, 15, 1, 14, 60, 44]",[],"{""accepted_indices"": [0, 1, 2, 3, 4, 5, 6, 7, 8, 9, 1, 2, 3, 4, 5, 6, 7, 8, 9], ""num_clusters"": 1, ""cluster_scores"": [0.12323539153179351]}"
302,rflbat,rflbat_final_distance_filter,"[0, 98, 51, 77, 33, 15, 1, 14, 60, 44]",[],"{""accepted_indices"": [0, 1, 2, 3, 4, 5, 6, 7, 8, 9, 1, 2, 3, 4, 5, 6, 7, 8, 9], ""eps2"": 6, ""distance_median"": 0.39224049223576307}"
303,rflbat,rflbat_first_distance_filter,"[1, 49, 15, 72, 39, 19, 54, 21, 55, 4, 49, 15, 72, 39, 19, 54, 21, 55, 4]",[],"{""accepted_indices"": [0, 1, 2, 3, 4, 5, 6, 7, 8, 9, 1, 2, 3, 4, 5, 6, 7, 8, 9], ""eps1"": 10, ""distance_median"": 0.15472083569461964}"
303,rflbat,rflbat_cluster_filter,"[1, 49, 15, 72, 39, 19, 21, 55, 4, 49, 15, 72, 39, 19, 21, 55, 4]",[54],"{""accepted_indices"": [0, 1, 2, 3, 4, 5, 7, 8, 9, 1, 2, 3, 4, 5, 7, 8, 9], ""num_clusters"": 2, ""cluster_scores"": [1.0000000000009965, 0.14115926682635008]}"
303,rflbat,rflbat_final_distance_filter,"[1, 49, 15, 72, 39, 19, 21, 55, 4]",[54],"{""accepted_indices"": [0, 1, 2, 3, 4, 5, 7, 8, 9, 1, 2, 3, 4, 5, 7, 8, 9], ""eps2"": 6, ""distance_median"": 0.17579948746391807}"
304,rflbat,rflbat_first_distance_filter,"[0, 12, 99, 56, 58, 77, 37, 64, 78, 42, 12, 99, 56, 58, 77, 37, 64, 78, 42]",[],"{""accepted_indices"": [0, 1, 2, 3, 4, 5, 6, 7, 8, 9, 1, 2, 3, 4, 5, 6, 7, 8, 9], ""eps1"": 10, ""distance_median"": 0.15927934436700164}"
304,rflbat,rflbat_cluster_filter,"[0, 12, 99, 56, 58, 77, 37, 64, 78, 42, 12, 99, 56, 58, 77, 37, 64, 78, 42]",[],"{""accepted_indices"": [0, 1, 2, 3, 4, 5, 6, 7, 8, 9, 1, 2, 3, 4, 5, 6, 7, 8, 9], ""num_clusters"": 1, ""cluster_scores"": [0.17663692468978442]}"
304,rflbat,rflbat_final_distance_filter,"[0, 12, 99, 56, 58, 77, 37, 64, 78, 42]",[],"{""accepted_indices"": [0, 1, 2, 3, 4, 5, 6, 7, 8, 9, 1, 2, 3, 4, 5, 6, 7, 8, 9], ""eps2"": 6, ""distance_median"": 0.25645467518781706}"
305,rflbat,rflbat_first_distance_filter,"[0, 49, 65, 55, 18, 87, 63, 61, 92, 94, 49, 65, 55, 18, 87, 63, 61, 92, 94]",[],"{""accepted_indices"": [0, 1, 2, 3, 4, 5, 6, 7, 8, 9, 1, 2, 3, 4, 5, 6, 7, 8, 9], ""eps1"": 10, ""distance_median"": 0.20470242425865315}"
305,rflbat,rflbat_cluster_filter,"[0, 49, 65, 55, 18, 87, 63, 61, 92, 94, 49, 65, 55, 18, 87, 63, 61, 92, 94]",[],"{""accepted_indices"": [0, 1, 2, 3, 4, 5, 6, 7, 8, 9, 1, 2, 3, 4, 5, 6, 7, 8, 9], ""num_clusters"": 1, ""cluster_scores"": [0.17893289865283274]}"
305,rflbat,rflbat_final_distance_filter,"[0, 49, 65, 55, 18, 87, 63, 61, 92, 94]",[],"{""accepted_indices"": [0, 1, 2, 3, 4, 5, 6, 7, 8, 9, 1, 2, 3, 4, 5, 6, 7, 8, 9], ""eps2"": 6, ""distance_median"": 0.2866141232389674}"
306,rflbat,rflbat_first_distance_filter,"[4, 27, 81, 93, 68, 54, 98, 76, 40, 21, 27, 81, 93, 68, 54, 98, 76, 40, 21]",[],"{""accepted_indices"": [0, 1, 2, 3, 4, 5, 6, 7, 8, 9, 1, 2, 3, 4, 5, 6, 7, 8, 9], ""eps1"": 10, ""distance_median"": 0.13905281166454708}"
306,rflbat,rflbat_cluster_filter,"[4, 27, 81, 93, 68, 54, 98, 76, 40, 21, 27, 81, 93, 68, 54, 98, 76, 40, 21]",[],"{""accepted_indices"": [0, 1, 2, 3, 4, 5, 6, 7, 8, 9, 1, 2, 3, 4, 5, 6, 7, 8, 9], ""num_clusters"": 1, ""cluster_scores"": [0.16087582318231783]}"
306,rflbat,rflbat_final_distance_filter,"[4, 27, 81, 93, 68, 54, 98, 76, 40, 21]",[],"{""accepted_indices"": [0, 1, 2, 3, 4, 5, 6, 7, 8, 9, 1, 2, 3, 4, 5, 6, 7, 8, 9], ""eps2"": 6, ""distance_median"": 0.2598597056448743}"
307,rflbat,rflbat_first_distance_filter,"[2, 98, 91, 39, 62, 97, 53, 30, 28, 5, 98, 91, 39, 62, 97, 53, 30, 28, 5]",[],"{""accepted_indices"": [0, 1, 2, 3, 4, 5, 6, 7, 8, 9, 1, 2, 3, 4, 5, 6, 7, 8, 9], ""eps1"": 10, ""distance_median"": 0.13797561609041264}"
307,rflbat,rflbat_cluster_filter,"[2, 98, 91, 39, 62, 97, 53, 30, 28, 5, 98, 91, 39, 62, 97, 53, 30, 28, 5]",[],"{""accepted_indices"": [0, 1, 2, 3, 4, 5, 6, 7, 8, 9, 1, 2, 3, 4, 5, 6, 7, 8, 9], ""num_clusters"": 1, ""cluster_scores"": [0.09868910225564435]}"
307,rflbat,rflbat_final_distance_filter,"[2, 98, 91, 39, 62, 97, 53, 30, 28, 5]",[],"{""accepted_indices"": [0, 1, 2, 3, 4, 5, 6, 7, 8, 9, 1, 2, 3, 4, 5, 6, 7, 8, 9], ""eps2"": 6, ""distance_median"": 0.27718023796760355}"
308,rflbat,rflbat_first_distance_filter,"[4, 0, 74, 89, 9, 76, 16, 6, 25, 85, 0, 74, 89, 9, 76, 16, 6, 25, 85]",[],"{""accepted_indices"": [0, 1, 2, 3, 4, 5, 6, 7, 8, 9, 1, 2, 3, 4, 5, 6, 7, 8, 9], ""eps1"": 10, ""distance_median"": 0.1825675450518834}"
308,rflbat,rflbat_cluster_filter,"[4, 74, 89, 9, 76, 16, 6, 25, 85, 74, 89, 9, 76, 16, 6, 25, 85]",[0],"{""accepted_indices"": [0, 2, 3, 4, 5, 6, 7, 8, 9, 2, 3, 4, 5, 6, 7, 8, 9], ""num_clusters"": 2, ""cluster_scores"": [0.10957310515425576, 1.000000000001282]}"
308,rflbat,rflbat_final_distance_filter,"[4, 74, 89, 9, 76, 16, 6, 25, 85]",[0],"{""accepted_indices"": [0, 2, 3, 4, 5, 6, 7, 8, 9, 2, 3, 4, 5, 6, 7, 8, 9], ""eps2"": 6, ""distance_median"": 0.1957645030411889}"
309,rflbat,rflbat_first_distance_filter,"[1, 66, 37, 20, 59, 18, 86, 71, 74, 69, 66, 37, 20, 59, 18, 86, 71, 74, 69]",[],"{""accepted_indices"": [0, 1, 2, 3, 4, 5, 6, 7, 8, 9, 1, 2, 3, 4, 5, 6, 7, 8, 9], ""eps1"": 10, ""distance_median"": 0.22226405470125105}"
309,rflbat,rflbat_cluster_filter,"[1, 66, 37, 20, 59, 18, 86, 71, 74, 69, 66, 37, 20, 59, 18, 86, 71, 74, 69]",[],"{""accepted_indices"": [0, 1, 2, 3, 4, 5, 6, 7, 8, 9, 1, 2, 3, 4, 5, 6, 7, 8, 9], ""num_clusters"": 1, ""cluster_scores"": [0.10095426149418557]}"
309,rflbat,rflbat_final_distance_filter,"[1, 66, 37, 20, 59, 18, 86, 71, 74, 69]",[],"{""accepted_indices"": [0, 1, 2, 3, 4, 5, 6, 7, 8, 9, 1, 2, 3, 4, 5, 6, 7, 8, 9], ""eps2"": 6, ""distance_median"": 0.47377588749257515}"
310,rflbat,rflbat_first_distance_filter,"[0, 88, 73, 81, 24, 79, 26, 16, 89, 92, 88, 73, 81, 24, 79, 26, 16, 89, 92]",[],"{""accepted_indices"": [0, 1, 2, 3, 4, 5, 6, 7, 8, 9, 1, 2, 3, 4, 5, 6, 7, 8, 9], ""eps1"": 10, ""distance_median"": 0.2738925878710091}"
310,rflbat,rflbat_cluster_filter,"[0, 88, 73, 81, 24, 79, 26, 16, 89, 92, 88, 73, 81, 24, 79, 26, 16, 89, 92]",[],"{""accepted_indices"": [0, 1, 2, 3, 4, 5, 6, 7, 8, 9, 1, 2, 3, 4, 5, 6, 7, 8, 9], ""num_clusters"": 1, ""cluster_scores"": [0.10874396209400798]}"
310,rflbat,rflbat_final_distance_filter,"[0, 88, 73, 81, 24, 79, 26, 16, 89, 92]",[],"{""accepted_indices"": [0, 1, 2, 3, 4, 5, 6, 7, 8, 9, 1, 2, 3, 4, 5, 6, 7, 8, 9], ""eps2"": 6, ""distance_median"": 0.5061898832504704}"
311,rflbat,rflbat_first_distance_filter,"[3, 19, 23, 74, 95, 34, 39, 46, 82, 91, 19, 23, 74, 95, 34, 39, 46, 82, 91]",[],"{""accepted_indices"": [0, 1, 2, 3, 4, 5, 6, 7, 8, 9, 1, 2, 3, 4, 5, 6, 7, 8, 9], ""eps1"": 10, ""distance_median"": 0.17917148959773427}"
311,rflbat,rflbat_cluster_filter,"[3, 19, 23, 74, 34, 39, 46, 82, 91, 19, 23, 74, 34, 39, 46, 82, 91]",[95],"{""accepted_indices"": [0, 1, 2, 3, 5, 6, 7, 8, 9, 1, 2, 3, 5, 6, 7, 8, 9], ""num_clusters"": 2, ""cluster_scores"": [0.2130636989616156, 1.0000000000011149]}"
311,rflbat,rflbat_final_distance_filter,"[3, 19, 23, 74, 34, 39, 46, 82, 91]",[95],"{""accepted_indices"": [0, 1, 2, 3, 5, 6, 7, 8, 9, 1, 2, 3, 5, 6, 7, 8, 9], ""eps2"": 6, ""distance_median"": 0.2347537209197508}"
312,rflbat,rflbat_first_distance_filter,"[2, 62, 65, 52, 12, 67, 61, 72, 58, 93, 62, 65, 52, 12, 67, 61, 72, 58, 93]",[],"{""accepted_indices"": [0, 1, 2, 3, 4, 5, 6, 7, 8, 9, 1, 2, 3, 4, 5, 6, 7, 8, 9], ""eps1"": 10, ""distance_median"": 0.15528475253295027}"
312,rflbat,rflbat_cluster_filter,"[2, 62, 65, 52, 12, 67, 61, 72, 58, 93, 62, 65, 52, 12, 67, 61, 72, 58, 93]",[],"{""accepted_indices"": [0, 1, 2, 3, 4, 5, 6, 7, 8, 9, 1, 2, 3, 4, 5, 6, 7, 8, 9], ""num_clusters"": 1, ""cluster_scores"": [0.13482033884556124]}"
312,rflbat,rflbat_final_distance_filter,"[2, 62, 65, 52, 12, 67, 61, 72, 58, 93]",[],"{""accepted_indices"": [0, 1, 2, 3, 4, 5, 6, 7, 8, 9, 1, 2, 3, 4, 5, 6, 7, 8, 9], ""eps2"": 6, ""distance_median"": 0.26679098217499425}"
313,rflbat,rflbat_first_distance_filter,"[3, 49, 43, 89, 0, 96, 52, 60, 83, 97, 49, 43, 89, 0, 96, 52, 60, 83, 97]",[],"{""accepted_indices"": [0, 1, 2, 3, 4, 5, 6, 7, 8, 9, 1, 2, 3, 4, 5, 6, 7, 8, 9], ""eps1"": 10, ""distance_median"": 0.13753949068152577}"
313,rflbat,rflbat_cluster_filter,"[3, 49, 43, 89, 96, 52, 60, 83, 49, 43, 89, 96, 52, 60, 83]","[0, 97]","{""accepted_indices"": [0, 1, 2, 3, 5, 6, 7, 8, 1, 2, 3, 5, 6, 7, 8], ""num_clusters"": 3, ""cluster_scores"": [0.18015855573435238, 1.0000000000015852, 1.0000000000004745]}"
313,rflbat,rflbat_final_distance_filter,"[3, 49, 43, 89, 96, 52, 60, 83]","[0, 97]","{""accepted_indices"": [0, 1, 2, 3, 5, 6, 7, 8, 1, 2, 3, 5, 6, 7, 8], ""eps2"": 6, ""distance_median"": 0.043191096279734165}"
314,rflbat,rflbat_first_distance_filter,"[2, 91, 85, 75, 81, 16, 31, 88, 15, 68, 91, 85, 75, 81, 16, 31, 88, 15, 68]",[],"{""accepted_indices"": [0, 1, 2, 3, 4, 5, 6, 7, 8, 9, 1, 2, 3, 4, 5, 6, 7, 8, 9], ""eps1"": 10, ""distance_median"": 0.23548549770422134}"
314,rflbat,rflbat_cluster_filter,"[2, 91, 85, 75, 81, 16, 31, 88, 15, 68, 91, 85, 75, 81, 16, 31, 88, 15, 68]",[],"{""accepted_indices"": [0, 1, 2, 3, 4, 5, 6, 7, 8, 9, 1, 2, 3, 4, 5, 6, 7, 8, 9], ""num_clusters"": 1, ""cluster_scores"": [0.1374515256369466]}"
314,rflbat,rflbat_final_distance_filter,"[2, 91, 85, 75, 81, 16, 31, 88, 15, 68]",[],"{""accepted_indices"": [0, 1, 2, 3, 4, 5, 6, 7, 8, 9, 1, 2, 3, 4, 5, 6, 7, 8, 9], ""eps2"": 6, ""distance_median"": 0.4692060762253091}"
315,rflbat,rflbat_first_distance_filter,"[0, 43, 34, 56, 99, 79, 72, 96, 98, 36, 43, 34, 56, 99, 79, 72, 96, 98, 36]",[],"{""accepted_indices"": [0, 1, 2, 3, 4, 5, 6, 7, 8, 9, 1, 2, 3, 4, 5, 6, 7, 8, 9], ""eps1"": 10, ""distance_median"": 0.2599747539469342}"
315,rflbat,rflbat_cluster_filter,"[43, 34, 56, 99, 79, 72, 98, 36, 43, 34, 56, 99, 79, 72, 98, 36]","[0, 96]","{""accepted_indices"": [1, 2, 3, 4, 5, 6, 8, 9, 1, 2, 3, 4, 5, 6, 8, 9], ""num_clusters"": 3, ""cluster_scores"": [0.14075111546652774, 1.0000000000018963, 1]}"
315,rflbat,rflbat_final_distance_filter,"[43, 34, 56, 99, 79, 72, 98, 36]","[0, 96]","{""accepted_indices"": [1, 2, 3, 4, 5, 6, 8, 9, 1, 2, 3, 4, 5, 6, 8, 9], ""eps2"": 6, ""distance_median"": 0.07447041162426751}"
316,rflbat,rflbat_first_distance_filter,"[2, 57, 35, 96, 6, 64, 8, 84, 7, 1, 57, 35, 96, 6, 64, 8, 84, 7, 1]",[],"{""accepted_indices"": [0, 1, 2, 3, 4, 5, 6, 7, 8, 9, 1, 2, 3, 4, 5, 6, 7, 8, 9], ""eps1"": 10, ""distance_median"": 0.12996462106264633}"
316,rflbat,rflbat_cluster_filter,"[2, 57, 35, 96, 6, 64, 8, 84, 7, 1, 57, 35, 96, 6, 64, 8, 84, 7, 1]",[],"{""accepted_indices"": [0, 1, 2, 3, 4, 5, 6, 7, 8, 9, 1, 2, 3, 4, 5, 6, 7, 8, 9], ""num_clusters"": 1, ""cluster_scores"": [0.1325012534832771]}"
316,rflbat,rflbat_final_distance_filter,"[2, 57, 35, 96, 6, 64, 8, 84, 7, 1]",[],"{""accepted_indices"": [0, 1, 2, 3, 4, 5, 6, 7, 8, 9, 1, 2, 3, 4, 5, 6, 7, 8, 9], ""eps2"": 6, ""distance_median"": 0.2589800423663987}"
317,rflbat,rflbat_first_distance_filter,"[1, 59, 64, 54, 92, 83, 25, 52, 60, 28, 59, 64, 54, 92, 83, 25, 52, 60, 28]",[],"{""accepted_indices"": [0, 1, 2, 3, 4, 5, 6, 7, 8, 9, 1, 2, 3, 4, 5, 6, 7, 8, 9], ""eps1"": 10, ""distance_median"": 0.1399661320385141}"
317,rflbat,rflbat_cluster_filter,"[1, 59, 64, 54, 92, 83, 25, 52, 60, 28, 59, 64, 54, 92, 83, 25, 52, 60, 28]",[],"{""accepted_indices"": [0, 1, 2, 3, 4, 5, 6, 7, 8, 9, 1, 2, 3, 4, 5, 6, 7, 8, 9], ""num_clusters"": 1, ""cluster_scores"": [0.106109469951973]}"
317,rflbat,rflbat_final_distance_filter,"[1, 59, 64, 54, 92, 83, 25, 52, 60, 28]",[],"{""accepted_indices"": [0, 1, 2, 3, 4, 5, 6, 7, 8, 9, 1, 2, 3, 4, 5, 6, 7, 8, 9], ""eps2"": 6, ""distance_median"": 0.2562435100603992}"
318,rflbat,rflbat_first_distance_filter,"[3, 21, 19, 40, 37, 25, 89, 29, 42, 58, 21, 19, 40, 37, 25, 89, 29, 42, 58]",[],"{""accepted_indices"": [0, 1, 2, 3, 4, 5, 6, 7, 8, 9, 1, 2, 3, 4, 5, 6, 7, 8, 9], ""eps1"": 10, ""distance_median"": 0.22033446016224867}"
318,rflbat,rflbat_cluster_filter,"[3, 21, 19, 40, 37, 25, 89, 29, 42, 58, 21, 19, 40, 37, 25, 89, 29, 42, 58]",[],"{""accepted_indices"": [0, 1, 2, 3, 4, 5, 6, 7, 8, 9, 1, 2, 3, 4, 5, 6, 7, 8, 9], ""num_clusters"": 1, ""cluster_scores"": [0.11495286394354538]}"
318,rflbat,rflbat_final_distance_filter,"[3, 21, 19, 40, 37, 25, 89, 29, 58]",[42],"{""accepted_indices"": [0, 1, 2, 3, 4, 5, 6, 7, 9, 1, 2, 3, 4, 5, 6, 7, 9], ""eps2"": 6, ""distance_median"": 0.4380954883549363}"
319,rflbat,rflbat_first_distance_filter,"[0, 40, 56, 88, 19, 45, 14, 72, 8, 32, 40, 56, 88, 19, 45, 14, 72, 8, 32]",[],"{""accepted_indices"": [0, 1, 2, 3, 4, 5, 6, 7, 8, 9, 1, 2, 3, 4, 5, 6, 7, 8, 9], ""eps1"": 10, ""distance_median"": 0.21799879458721017}"
319,rflbat,rflbat_cluster_filter,"[0, 40, 56, 19, 45, 14, 72, 8, 32, 40, 56, 19, 45, 14, 72, 8, 32]",[88],"{""accepted_indices"": [0, 1, 2, 4, 5, 6, 7, 8, 9, 1, 2, 4, 5, 6, 7, 8, 9], ""num_clusters"": 2, ""cluster_scores"": [0.13100781135739364, 1.0000000000032683]}"
319,rflbat,rflbat_final_distance_filter,"[40, 56, 19, 45, 14, 72, 8, 32]","[0, 88]","{""accepted_indices"": [1, 2, 4, 5, 6, 7, 8, 9, 1, 2, 4, 5, 6, 7, 8, 9], ""eps2"": 6, ""distance_median"": 0.20254024911448054}"
320,rflbat,rflbat_first_distance_filter,"[2, 53, 65, 68, 87, 31, 20, 27, 67, 84, 53, 65, 68, 87, 31, 20, 27, 67, 84]",[],"{""accepted_indices"": [0, 1, 2, 3, 4, 5, 6, 7, 8, 9, 1, 2, 3, 4, 5, 6, 7, 8, 9], ""eps1"": 10, ""distance_median"": 0.1900510260977076}"
320,rflbat,rflbat_cluster_filter,"[2, 53, 65, 68, 87, 31, 20, 27, 67, 84, 53, 65, 68, 87, 31, 20, 27, 67, 84]",[],"{""accepted_indices"": [0, 1, 2, 3, 4, 5, 6, 7, 8, 9, 1, 2, 3, 4, 5, 6, 7, 8, 9], ""num_clusters"": 1, ""cluster_scores"": [0.10985540691249741]}"
320,rflbat,rflbat_final_distance_filter,"[2, 53, 65, 68, 87, 31, 20, 27, 67, 84]",[],"{""accepted_indices"": [0, 1, 2, 3, 4, 5, 6, 7, 8, 9, 1, 2, 3, 4, 5, 6, 7, 8, 9], ""eps2"": 6, ""distance_median"": 0.37991459500093727}"
321,rflbat,rflbat_first_distance_filter,"[2, 9, 36, 80, 48, 6, 81, 16, 89, 73, 9, 36, 80, 48, 6, 81, 16, 89, 73]",[],"{""accepted_indices"": [0, 1, 2, 3, 4, 5, 6, 7, 8, 9, 1, 2, 3, 4, 5, 6, 7, 8, 9], ""eps1"": 10, ""distance_median"": 0.25676441275137163}"
321,rflbat,rflbat_cluster_filter,"[2, 9, 36, 80, 48, 6, 81, 16, 89, 73, 9, 36, 80, 48, 6, 81, 16, 89, 73]",[],"{""accepted_indices"": [0, 1, 2, 3, 4, 5, 6, 7, 8, 9, 1, 2, 3, 4, 5, 6, 7, 8, 9], ""num_clusters"": 1, ""cluster_scores"": [0.10455606900907131]}"
321,rflbat,rflbat_final_distance_filter,"[2, 9, 36, 80, 48, 6, 81, 16, 89, 73]",[],"{""accepted_indices"": [0, 1, 2, 3, 4, 5, 6, 7, 8, 9, 1, 2, 3, 4, 5, 6, 7, 8, 9], ""eps2"": 6, ""distance_median"": 0.4906738334991877}"
322,rflbat,rflbat_first_distance_filter,"[3, 20, 74, 91, 6, 18, 16, 38, 42, 54, 20, 74, 91, 6, 18, 16, 38, 42, 54]",[],"{""accepted_indices"": [0, 1, 2, 3, 4, 5, 6, 7, 8, 9, 1, 2, 3, 4, 5, 6, 7, 8, 9], ""eps1"": 10, ""distance_median"": 0.16400426577122257}"
322,rflbat,rflbat_cluster_filter,"[3, 20, 74, 91, 6, 18, 16, 38, 42, 54, 20, 74, 91, 6, 18, 16, 38, 42, 54]",[],"{""accepted_indices"": [0, 1, 2, 3, 4, 5, 6, 7, 8, 9, 1, 2, 3, 4, 5, 6, 7, 8, 9], ""num_clusters"": 1, ""cluster_scores"": [0.123604403542924]}"
322,rflbat,rflbat_final_distance_filter,"[3, 20, 74, 91, 6, 18, 16, 38, 42, 54]",[],"{""accepted_indices"": [0, 1, 2, 3, 4, 5, 6, 7, 8, 9, 1, 2, 3, 4, 5, 6, 7, 8, 9], ""eps2"": 6, ""distance_median"": 0.3173974666876487}"
323,rflbat,rflbat_first_distance_filter,"[4, 82, 35, 52, 1, 7, 89, 46, 73, 61, 82, 35, 52, 1, 7, 89, 46, 73, 61]",[],"{""accepted_indices"": [0, 1, 2, 3, 4, 5, 6, 7, 8, 9, 1, 2, 3, 4, 5, 6, 7, 8, 9], ""eps1"": 10, ""distance_median"": 0.20528682974372986}"
323,rflbat,rflbat_cluster_filter,"[4, 82, 35, 52, 1, 7, 89, 46, 73, 61, 82, 35, 52, 1, 7, 89, 46, 73, 61]",[],"{""accepted_indices"": [0, 1, 2, 3, 4, 5, 6, 7, 8, 9, 1, 2, 3, 4, 5, 6, 7, 8, 9], ""num_clusters"": 1, ""cluster_scores"": [0.14978734671411084]}"
323,rflbat,rflbat_final_distance_filter,"[4, 82, 35, 52, 1, 7, 89, 46, 73, 61]",[],"{""accepted_indices"": [0, 1, 2, 3, 4, 5, 6, 7, 8, 9, 1, 2, 3, 4, 5, 6, 7, 8, 9], ""eps2"": 6, ""distance_median"": 0.408095531515679}"
324,rflbat,rflbat_first_distance_filter,"[1, 99, 12, 90, 68, 89, 18, 48, 83, 47, 99, 12, 90, 68, 89, 18, 48, 83, 47]",[],"{""accepted_indices"": [0, 1, 2, 3, 4, 5, 6, 7, 8, 9, 1, 2, 3, 4, 5, 6, 7, 8, 9], ""eps1"": 10, ""distance_median"": 0.23123096447158573}"
324,rflbat,rflbat_cluster_filter,"[1, 99, 12, 90, 68, 89, 18, 48, 83, 47, 99, 12, 90, 68, 89, 18, 48, 83, 47]",[],"{""accepted_indices"": [0, 1, 2, 3, 4, 5, 6, 7, 8, 9, 1, 2, 3, 4, 5, 6, 7, 8, 9], ""num_clusters"": 1, ""cluster_scores"": [0.26791838379075567]}"
324,rflbat,rflbat_final_distance_filter,"[1, 99, 12, 90, 68, 89, 18, 48, 83, 47]",[],"{""accepted_indices"": [0, 1, 2, 3, 4, 5, 6, 7, 8, 9, 1, 2, 3, 4, 5, 6, 7, 8, 9], ""eps2"": 6, ""distance_median"": 0.4468067946491878}"
325,rflbat,rflbat_first_distance_filter,"[2, 55, 9, 47, 3, 99, 74, 54, 80, 64, 55, 9, 47, 3, 99, 74, 54, 80, 64]",[],"{""accepted_indices"": [0, 1, 2, 3, 4, 5, 6, 7, 8, 9, 1, 2, 3, 4, 5, 6, 7, 8, 9], ""eps1"": 10, ""distance_median"": 0.18338464010207303}"
325,rflbat,rflbat_cluster_filter,"[2, 55, 9, 47, 3, 99, 74, 54, 80, 64, 55, 9, 47, 3, 99, 74, 54, 80, 64]",[],"{""accepted_indices"": [0, 1, 2, 3, 4, 5, 6, 7, 8, 9, 1, 2, 3, 4, 5, 6, 7, 8, 9], ""num_clusters"": 1, ""cluster_scores"": [0.07477095213012229]}"
325,rflbat,rflbat_final_distance_filter,"[2, 55, 9, 47, 3, 99, 74, 54, 80, 64]",[],"{""accepted_indices"": [0, 1, 2, 3, 4, 5, 6, 7, 8, 9, 1, 2, 3, 4, 5, 6, 7, 8, 9], ""eps2"": 6, ""distance_median"": 0.3410732069053012}"
326,rflbat,rflbat_first_distance_filter,"[2, 59, 92, 66, 35, 20, 10, 49, 26, 54, 59, 92, 66, 35, 20, 10, 49, 26, 54]",[],"{""accepted_indices"": [0, 1, 2, 3, 4, 5, 6, 7, 8, 9, 1, 2, 3, 4, 5, 6, 7, 8, 9], ""eps1"": 10, ""distance_median"": 0.4000105034481791}"
326,rflbat,rflbat_cluster_filter,"[2, 59, 92, 66, 35, 20, 10, 49, 54, 59, 92, 66, 35, 20, 10, 49, 54]",[26],"{""accepted_indices"": [0, 1, 2, 3, 4, 5, 6, 7, 9, 1, 2, 3, 4, 5, 6, 7, 9], ""num_clusters"": 2, ""cluster_scores"": [0.11210934549195678, 1.0000000000009344]}"
326,rflbat,rflbat_final_distance_filter,"[2, 59, 92, 66, 35, 20, 10, 49, 54]",[26],"{""accepted_indices"": [0, 1, 2, 3, 4, 5, 6, 7, 9, 1, 2, 3, 4, 5, 6, 7, 9], ""eps2"": 6, ""distance_median"": 0.25586091874611805}"
327,rflbat,rflbat_first_distance_filter,"[3, 99, 97, 84, 43, 67, 7, 92, 58, 19, 99, 97, 84, 43, 67, 7, 92, 58, 19]",[],"{""accepted_indices"": [0, 1, 2, 3, 4, 5, 6, 7, 8, 9, 1, 2, 3, 4, 5, 6, 7, 8, 9], ""eps1"": 10, ""distance_median"": 0.13301458793452836}"
327,rflbat,rflbat_cluster_filter,"[3, 99, 97, 84, 43, 67, 7, 92, 58, 19, 99, 97, 84, 43, 67, 7, 92, 58, 19]",[],"{""accepted_indices"": [0, 1, 2, 3, 4, 5, 6, 7, 8, 9, 1, 2, 3, 4, 5, 6, 7, 8, 9], ""num_clusters"": 1, ""cluster_scores"": [0.14324850124563113]}"
327,rflbat,rflbat_final_distance_filter,"[3, 99, 97, 84, 43, 67, 7, 92, 58, 19]",[],"{""accepted_indices"": [0, 1, 2, 3, 4, 5, 6, 7, 8, 9, 1, 2, 3, 4, 5, 6, 7, 8, 9], ""eps2"": 6, ""distance_median"": 0.2712513154568108}"
328,rflbat,rflbat_first_distance_filter,"[1, 37, 91, 11, 65, 56, 63, 7, 87, 58, 37, 91, 11, 65, 56, 63, 7, 87, 58]",[],"{""accepted_indices"": [0, 1, 2, 3, 4, 5, 6, 7, 8, 9, 1, 2, 3, 4, 5, 6, 7, 8, 9], ""eps1"": 10, ""distance_median"": 0.14598042793463134}"
328,rflbat,rflbat_cluster_filter,"[1, 37, 91, 11, 65, 56, 63, 7, 87, 58, 37, 91, 11, 65, 56, 63, 7, 87, 58]",[],"{""accepted_indices"": [0, 1, 2, 3, 4, 5, 6, 7, 8, 9, 1, 2, 3, 4, 5, 6, 7, 8, 9], ""num_clusters"": 1, ""cluster_scores"": [0.164534970750939]}"
328,rflbat,rflbat_final_distance_filter,"[1, 37, 91, 11, 65, 56, 63, 7, 87, 58]",[],"{""accepted_indices"": [0, 1, 2, 3, 4, 5, 6, 7, 8, 9, 1, 2, 3, 4, 5, 6, 7, 8, 9], ""eps2"": 6, ""distance_median"": 0.2792889464089997}"
329,rflbat,rflbat_first_distance_filter,"[0, 50, 6, 45, 86, 7, 48, 95, 31, 77, 50, 6, 45, 86, 7, 48, 95, 31, 77]",[],"{""accepted_indices"": [0, 1, 2, 3, 4, 5, 6, 7, 8, 9, 1, 2, 3, 4, 5, 6, 7, 8, 9], ""eps1"": 10, ""distance_median"": 0.320697406357435}"
329,rflbat,rflbat_cluster_filter,"[0, 50, 6, 45, 86, 7, 48, 95, 31, 77, 50, 6, 45, 86, 7, 48, 95, 31, 77]",[],"{""accepted_indices"": [0, 1, 2, 3, 4, 5, 6, 7, 8, 9, 1, 2, 3, 4, 5, 6, 7, 8, 9], ""num_clusters"": 1, ""cluster_scores"": [0.10354740978021075]}"
329,rflbat,rflbat_final_distance_filter,"[0, 50, 6, 45, 86, 7, 48, 95, 31, 77]",[],"{""accepted_indices"": [0, 1, 2, 3, 4, 5, 6, 7, 8, 9, 1, 2, 3, 4, 5, 6, 7, 8, 9], ""eps2"": 6, ""distance_median"": 0.47272051360381573}"
330,rflbat,rflbat_first_distance_filter,"[3, 75, 33, 29, 43, 49, 32, 38, 34, 15, 75, 33, 29, 43, 49, 32, 38, 34, 15]",[],"{""accepted_indices"": [0, 1, 2, 3, 4, 5, 6, 7, 8, 9, 1, 2, 3, 4, 5, 6, 7, 8, 9], ""eps1"": 10, ""distance_median"": 0.1507714078974389}"
330,rflbat,rflbat_cluster_filter,"[3, 75, 33, 29, 43, 49, 32, 38, 34, 15, 75, 33, 29, 43, 49, 32, 38, 34, 15]",[],"{""accepted_indices"": [0, 1, 2, 3, 4, 5, 6, 7, 8, 9, 1, 2, 3, 4, 5, 6, 7, 8, 9], ""num_clusters"": 1, ""cluster_scores"": [0.11415850685673601]}"
330,rflbat,rflbat_final_distance_filter,"[3, 75, 33, 29, 43, 49, 32, 38, 34, 15]",[],"{""accepted_indices"": [0, 1, 2, 3, 4, 5, 6, 7, 8, 9, 1, 2, 3, 4, 5, 6, 7, 8, 9], ""eps2"": 6, ""distance_median"": 0.2770998634066614}"
331,rflbat,rflbat_first_distance_filter,"[3, 98, 48, 82, 2, 18, 66, 53, 94, 35, 98, 48, 82, 2, 18, 66, 53, 94, 35]",[],"{""accepted_indices"": [0, 1, 2, 3, 4, 5, 6, 7, 8, 9, 1, 2, 3, 4, 5, 6, 7, 8, 9], ""eps1"": 10, ""distance_median"": 0.16920219698893246}"
331,rflbat,rflbat_cluster_filter,"[3, 98, 48, 82, 2, 18, 66, 53, 94, 35, 98, 48, 82, 2, 18, 66, 53, 94, 35]",[],"{""accepted_indices"": [0, 1, 2, 3, 4, 5, 6, 7, 8, 9, 1, 2, 3, 4, 5, 6, 7, 8, 9], ""num_clusters"": 1, ""cluster_scores"": [0.10252572414930311]}"
331,rflbat,rflbat_final_distance_filter,"[3, 98, 48, 82, 2, 18, 66, 53, 94, 35]",[],"{""accepted_indices"": [0, 1, 2, 3, 4, 5, 6, 7, 8, 9, 1, 2, 3, 4, 5, 6, 7, 8, 9], ""eps2"": 6, ""distance_median"": 0.3465118694032119}"
332,rflbat,rflbat_first_distance_filter,"[0, 44, 36, 2, 51, 46, 66, 5, 84, 65, 44, 36, 2, 51, 46, 66, 5, 84, 65]",[],"{""accepted_indices"": [0, 1, 2, 3, 4, 5, 6, 7, 8, 9, 1, 2, 3, 4, 5, 6, 7, 8, 9], ""eps1"": 10, ""distance_median"": 0.22920187027508448}"
332,rflbat,rflbat_cluster_filter,"[44, 36, 2, 51, 46, 66, 5, 84, 65, 44, 36, 2, 51, 46, 66, 5, 84, 65]",[0],"{""accepted_indices"": [1, 2, 3, 4, 5, 6, 7, 8, 9, 1, 2, 3, 4, 5, 6, 7, 8, 9], ""num_clusters"": 2, ""cluster_scores"": [0.15465640236527836, 1]}"
332,rflbat,rflbat_final_distance_filter,"[44, 36, 2, 51, 46, 66, 5, 84, 65]",[0],"{""accepted_indices"": [1, 2, 3, 4, 5, 6, 7, 8, 9, 1, 2, 3, 4, 5, 6, 7, 8, 9], ""eps2"": 6, ""distance_median"": 0.27277763563079876}"
333,rflbat,rflbat_first_distance_filter,"[1, 63, 73, 47, 64, 9, 92, 31, 93, 20, 63, 73, 47, 64, 9, 92, 31, 93, 20]",[],"{""accepted_indices"": [0, 1, 2, 3, 4, 5, 6, 7, 8, 9, 1, 2, 3, 4, 5, 6, 7, 8, 9], ""eps1"": 10, ""distance_median"": 0.2731420065164507}"
333,rflbat,rflbat_cluster_filter,"[1, 63, 73, 47, 64, 9, 92, 31, 93, 20, 63, 73, 47, 64, 9, 92, 31, 93, 20]",[],"{""accepted_indices"": [0, 1, 2, 3, 4, 5, 6, 7, 8, 9, 1, 2, 3, 4, 5, 6, 7, 8, 9], ""num_clusters"": 1, ""cluster_scores"": [0.11179390133248673]}"
333,rflbat,rflbat_final_distance_filter,"[1, 63, 73, 47, 64, 9, 92, 31, 93, 20]",[],"{""accepted_indices"": [0, 1, 2, 3, 4, 5, 6, 7, 8, 9, 1, 2, 3, 4, 5, 6, 7, 8, 9], ""eps2"": 6, ""distance_median"": 0.5651333242506478}"
334,rflbat,rflbat_first_distance_filter,"[1, 79, 46, 96, 7, 30, 98, 66, 34, 69, 79, 46, 96, 7, 30, 98, 66, 34, 69]",[],"{""accepted_indices"": [0, 1, 2, 3, 4, 5, 6, 7, 8, 9, 1, 2, 3, 4, 5, 6, 7, 8, 9], ""eps1"": 10, ""distance_median"": 0.1484872368706136}"
334,rflbat,rflbat_cluster_filter,"[1, 79, 46, 7, 30, 98, 66, 34, 69, 79, 46, 7, 30, 98, 66, 34, 69]",[96],"{""accepted_indices"": [0, 1, 2, 4, 5, 6, 7, 8, 9, 1, 2, 4, 5, 6, 7, 8, 9], ""num_clusters"": 2, ""cluster_scores"": [0.10454129295035429, 1.0000000000013707]}"
334,rflbat,rflbat_final_distance_filter,"[1, 79, 46, 7, 30, 98, 66, 34, 69]",[96],"{""accepted_indices"": [0, 1, 2, 4, 5, 6, 7, 8, 9, 1, 2, 4, 5, 6, 7, 8, 9], ""eps2"": 6, ""distance_median"": 0.16973593020365757}"
335,rflbat,rflbat_first_distance_filter,"[2, 72, 73, 32, 69, 34, 89, 37, 59, 90, 72, 73, 32, 69, 34, 89, 37, 59, 90]",[],"{""accepted_indices"": [0, 1, 2, 3, 4, 5, 6, 7, 8, 9, 1, 2, 3, 4, 5, 6, 7, 8, 9], ""eps1"": 10, ""distance_median"": 0.2058413159488478}"
335,rflbat,rflbat_cluster_filter,"[2, 72, 73, 32, 69, 34, 89, 37, 59, 90, 72, 73, 32, 69, 34, 89, 37, 59, 90]",[],"{""accepted_indices"": [0, 1, 2, 3, 4, 5, 6, 7, 8, 9, 1, 2, 3, 4, 5, 6, 7, 8, 9], ""num_clusters"": 1, ""cluster_scores"": [0.09217159476217943]}"
335,rflbat,rflbat_final_distance_filter,"[2, 72, 73, 32, 69, 34, 89, 37, 59, 90]",[],"{""accepted_indices"": [0, 1, 2, 3, 4, 5, 6, 7, 8, 9, 1, 2, 3, 4, 5, 6, 7, 8, 9], ""eps2"": 6, ""distance_median"": 0.4148081121619184}"
336,rflbat,rflbat_first_distance_filter,"[1, 91, 76, 60, 37, 48, 33, 43, 71, 35, 91, 76, 60, 37, 48, 33, 43, 71, 35]",[],"{""accepted_indices"": [0, 1, 2, 3, 4, 5, 6, 7, 8, 9, 1, 2, 3, 4, 5, 6, 7, 8, 9], ""eps1"": 10, ""distance_median"": 0.15066117585392957}"
336,rflbat,rflbat_cluster_filter,"[1, 91, 76, 60, 37, 48, 33, 43, 71, 35, 91, 76, 60, 37, 48, 33, 43, 71, 35]",[],"{""accepted_indices"": [0, 1, 2, 3, 4, 5, 6, 7, 8, 9, 1, 2, 3, 4, 5, 6, 7, 8, 9], ""num_clusters"": 1, ""cluster_scores"": [0.10651457540070987]}"
336,rflbat,rflbat_final_distance_filter,"[1, 91, 76, 60, 37, 48, 33, 43, 71, 35]",[],"{""accepted_indices"": [0, 1, 2, 3, 4, 5, 6, 7, 8, 9, 1, 2, 3, 4, 5, 6, 7, 8, 9], ""eps2"": 6, ""distance_median"": 0.2820220330282308}"
337,rflbat,rflbat_first_distance_filter,"[4, 65, 93, 48, 43, 1, 94, 54, 23, 79, 65, 93, 48, 43, 1, 94, 54, 23, 79]",[],"{""accepted_indices"": [0, 1, 2, 3, 4, 5, 6, 7, 8, 9, 1, 2, 3, 4, 5, 6, 7, 8, 9], ""eps1"": 10, ""distance_median"": 0.19044625818110417}"
337,rflbat,rflbat_cluster_filter,"[4, 65, 93, 48, 43, 1, 94, 54, 23, 79, 65, 93, 48, 43, 1, 94, 54, 23, 79]",[],"{""accepted_indices"": [0, 1, 2, 3, 4, 5, 6, 7, 8, 9, 1, 2, 3, 4, 5, 6, 7, 8, 9], ""num_clusters"": 1, ""cluster_scores"": [0.1027840186111058]}"
337,rflbat,rflbat_final_distance_filter,"[4, 65, 93, 48, 43, 1, 94, 54, 23, 79]",[],"{""accepted_indices"": [0, 1, 2, 3, 4, 5, 6, 7, 8, 9, 1, 2, 3, 4, 5, 6, 7, 8, 9], ""eps2"": 6, ""distance_median"": 0.4017379217529098}"
338,rflbat,rflbat_first_distance_filter,"[4, 12, 81, 68, 46, 20, 66, 15, 18, 49, 12, 81, 68, 46, 20, 66, 15, 18, 49]",[],"{""accepted_indices"": [0, 1, 2, 3, 4, 5, 6, 7, 8, 9, 1, 2, 3, 4, 5, 6, 7, 8, 9], ""eps1"": 10, ""distance_median"": 0.15035139157147265}"
338,rflbat,rflbat_cluster_filter,"[4, 12, 81, 68, 46, 20, 66, 15, 18, 49, 12, 81, 68, 46, 20, 66, 15, 18, 49]",[],"{""accepted_indices"": [0, 1, 2, 3, 4, 5, 6, 7, 8, 9, 1, 2, 3, 4, 5, 6, 7, 8, 9], ""num_clusters"": 1, ""cluster_scores"": [0.09404735571000344]}"
338,rflbat,rflbat_final_distance_filter,"[4, 12, 81, 68, 46, 20, 66, 15, 18, 49]",[],"{""accepted_indices"": [0, 1, 2, 3, 4, 5, 6, 7, 8, 9, 1, 2, 3, 4, 5, 6, 7, 8, 9], ""eps2"": 6, ""distance_median"": 0.24373445703638738}"
339,rflbat,rflbat_first_distance_filter,"[0, 77, 93, 43, 55, 98, 62, 49, 7, 66, 77, 93, 43, 55, 98, 62, 49, 7, 66]",[],"{""accepted_indices"": [0, 1, 2, 3, 4, 5, 6, 7, 8, 9, 1, 2, 3, 4, 5, 6, 7, 8, 9], ""eps1"": 10, ""distance_median"": 0.24364997970603586}"
339,rflbat,rflbat_cluster_filter,"[77, 93, 43, 55, 98, 49, 7, 66, 77, 93, 43, 55, 98, 49, 7, 66]","[0, 62]","{""accepted_indices"": [1, 2, 3, 4, 5, 7, 8, 9, 1, 2, 3, 4, 5, 7, 8, 9], ""num_clusters"": 3, ""cluster_scores"": [1, 0.1468275491543522, 1.0000000000016738]}"
339,rflbat,rflbat_final_distance_filter,"[77, 93, 43, 55, 98, 49, 7, 66]","[0, 62]","{""accepted_indices"": [1, 2, 3, 4, 5, 7, 8, 9, 1, 2, 3, 4, 5, 7, 8, 9], ""eps2"": 6, ""distance_median"": 0.05828419954422106}"
340,rflbat,rflbat_first_distance_filter,"[2, 50, 30, 12, 38, 58, 54, 56, 22, 20, 50, 30, 12, 38, 58, 54, 56, 22, 20]",[],"{""accepted_indices"": [0, 1, 2, 3, 4, 5, 6, 7, 8, 9, 1, 2, 3, 4, 5, 6, 7, 8, 9], ""eps1"": 10, ""distance_median"": 0.33317311686961937}"
340,rflbat,rflbat_cluster_filter,"[2, 50, 12, 38, 58, 54, 56, 22, 20, 50, 12, 38, 58, 54, 56, 22, 20]",[30],"{""accepted_indices"": [0, 1, 3, 4, 5, 6, 7, 8, 9, 1, 3, 4, 5, 6, 7, 8, 9], ""num_clusters"": 2, ""cluster_scores"": [0.16130239714964575, 1.0000000000008702]}"
340,rflbat,rflbat_final_distance_filter,"[2, 50, 12, 38, 58, 54, 56, 22, 20]",[30],"{""accepted_indices"": [0, 1, 3, 4, 5, 6, 7, 8, 9, 1, 3, 4, 5, 6, 7, 8, 9], ""eps2"": 6, ""distance_median"": 0.1582237417308044}"
341,rflbat,rflbat_first_distance_filter,"[3, 62, 17, 31, 96, 26, 91, 98, 39, 25, 62, 17, 31, 96, 26, 91, 98, 39, 25]",[],"{""accepted_indices"": [0, 1, 2, 3, 4, 5, 6, 7, 8, 9, 1, 2, 3, 4, 5, 6, 7, 8, 9], ""eps1"": 10, ""distance_median"": 0.3762338241091502}"
341,rflbat,rflbat_cluster_filter,"[3, 62, 17, 31, 96, 26, 91, 98, 39, 25, 62, 17, 31, 96, 26, 91, 98, 39, 25]",[],"{""accepted_indices"": [0, 1, 2, 3, 4, 5, 6, 7, 8, 9, 1, 2, 3, 4, 5, 6, 7, 8, 9], ""num_clusters"": 1, ""cluster_scores"": [0.10670585368295003]}"
341,rflbat,rflbat_final_distance_filter,"[3, 62, 17, 31, 96, 26, 91, 98, 39, 25]",[],"{""accepted_indices"": [0, 1, 2, 3, 4, 5, 6, 7, 8, 9, 1, 2, 3, 4, 5, 6, 7, 8, 9], ""eps2"": 6, ""distance_median"": 0.7423518980441983}"
342,rflbat,rflbat_first_distance_filter,"[0, 99, 76, 79, 62, 27, 72, 49, 46, 43, 99, 76, 79, 62, 27, 72, 49, 46, 43]",[],"{""accepted_indices"": [0, 1, 2, 3, 4, 5, 6, 7, 8, 9, 1, 2, 3, 4, 5, 6, 7, 8, 9], ""eps1"": 10, ""distance_median"": 0.21612263430739023}"
342,rflbat,rflbat_cluster_filter,"[99, 76, 79, 62, 27, 72, 49, 43, 99, 76, 79, 62, 27, 72, 49, 43]","[0, 46]","{""accepted_indices"": [1, 2, 3, 4, 5, 6, 7, 9, 1, 2, 3, 4, 5, 6, 7, 9], ""num_clusters"": 3, ""cluster_scores"": [0.14976983102929037, 1, 1.0000000000017926]}"
342,rflbat,rflbat_final_distance_filter,"[99, 76, 79, 62, 27, 72, 49, 43]","[0, 46]","{""accepted_indices"": [1, 2, 3, 4, 5, 6, 7, 9, 1, 2, 3, 4, 5, 6, 7, 9], ""eps2"": 6, ""distance_median"": 0.09105300340689236}"
343,rflbat,rflbat_first_distance_filter,"[3, 36, 26, 39, 7, 20, 76, 48, 49, 45, 36, 26, 39, 7, 20, 76, 48, 49, 45]",[],"{""accepted_indices"": [0, 1, 2, 3, 4, 5, 6, 7, 8, 9, 1, 2, 3, 4, 5, 6, 7, 8, 9], ""eps1"": 10, ""distance_median"": 0.21294189953575862}"
343,rflbat,rflbat_cluster_filter,"[3, 36, 39, 7, 20, 76, 48, 49, 45, 36, 39, 7, 20, 76, 48, 49, 45]",[26],"{""accepted_indices"": [0, 1, 3, 4, 5, 6, 7, 8, 9, 1, 3, 4, 5, 6, 7, 8, 9], ""num_clusters"": 2, ""cluster_scores"": [1.0000000000015659, 0.07662255238037183]}"
343,rflbat,rflbat_final_distance_filter,"[3, 36, 39, 7, 20, 76, 48, 49, 45]",[26],"{""accepted_indices"": [0, 1, 3, 4, 5, 6, 7, 8, 9, 1, 3, 4, 5, 6, 7, 8, 9], ""eps2"": 6, ""distance_median"": 0.1637317839158903}"
344,rflbat,rflbat_first_distance_filter,"[1, 65, 53, 3, 10, 66, 8, 75, 49, 99, 65, 53, 3, 10, 66, 8, 75, 49, 99]",[],"{""accepted_indices"": [0, 1, 2, 3, 4, 5, 6, 7, 8, 9, 1, 2, 3, 4, 5, 6, 7, 8, 9], ""eps1"": 10, ""distance_median"": 0.19429949705956528}"
344,rflbat,rflbat_cluster_filter,"[1, 65, 53, 3, 10, 66, 8, 75, 49, 99, 65, 53, 3, 10, 66, 8, 75, 49, 99]",[],"{""accepted_indices"": [0, 1, 2, 3, 4, 5, 6, 7, 8, 9, 1, 2, 3, 4, 5, 6, 7, 8, 9], ""num_clusters"": 1, ""cluster_scores"": [0.10364402924081038]}"
344,rflbat,rflbat_final_distance_filter,"[1, 65, 53, 3, 10, 66, 8, 75, 49, 99]",[],"{""accepted_indices"": [0, 1, 2, 3, 4, 5, 6, 7, 8, 9, 1, 2, 3, 4, 5, 6, 7, 8, 9], ""eps2"": 6, ""distance_median"": 0.3867185962512827}"
345,rflbat,rflbat_first_distance_filter,"[1, 68, 12, 53, 23, 82, 97, 9, 64, 38, 68, 12, 53, 23, 82, 97, 9, 64, 38]",[],"{""accepted_indices"": [0, 1, 2, 3, 4, 5, 6, 7, 8, 9, 1, 2, 3, 4, 5, 6, 7, 8, 9], ""eps1"": 10, ""distance_median"": 0.2803045773985169}"
345,rflbat,rflbat_cluster_filter,"[1, 68, 12, 53, 23, 82, 97, 9, 64, 38, 68, 12, 53, 23, 82, 97, 9, 64, 38]",[],"{""accepted_indices"": [0, 1, 2, 3, 4, 5, 6, 7, 8, 9, 1, 2, 3, 4, 5, 6, 7, 8, 9], ""num_clusters"": 1, ""cluster_scores"": [0.13716500967557435]}"
345,rflbat,rflbat_final_distance_filter,"[1, 68, 12, 53, 23, 82, 97, 9, 64, 38]",[],"{""accepted_indices"": [0, 1, 2, 3, 4, 5, 6, 7, 8, 9, 1, 2, 3, 4, 5, 6, 7, 8, 9], ""eps2"": 6, ""distance_median"": 0.5578998023860242}"
346,rflbat,rflbat_first_distance_filter,"[1, 83, 60, 55, 58, 18, 98, 59, 30, 67, 83, 60, 55, 58, 18, 98, 59, 30, 67]",[],"{""accepted_indices"": [0, 1, 2, 3, 4, 5, 6, 7, 8, 9, 1, 2, 3, 4, 5, 6, 7, 8, 9], ""eps1"": 10, ""distance_median"": 0.14223828784267895}"
346,rflbat,rflbat_cluster_filter,"[1, 83, 60, 55, 58, 18, 98, 59, 30, 67, 83, 60, 55, 58, 18, 98, 59, 30, 67]",[],"{""accepted_indices"": [0, 1, 2, 3, 4, 5, 6, 7, 8, 9, 1, 2, 3, 4, 5, 6, 7, 8, 9], ""num_clusters"": 1, ""cluster_scores"": [0.11046346130498866]}"
346,rflbat,rflbat_final_distance_filter,"[1, 83, 60, 55, 58, 18, 98, 59, 30, 67]",[],"{""accepted_indices"": [0, 1, 2, 3, 4, 5, 6, 7, 8, 9, 1, 2, 3, 4, 5, 6, 7, 8, 9], ""eps2"": 6, ""distance_median"": 0.27711519131756324}"
347,rflbat,rflbat_first_distance_filter,"[4, 14, 77, 95, 15, 9, 46, 91, 58, 92, 14, 77, 95, 15, 9, 46, 91, 58, 92]",[],"{""accepted_indices"": [0, 1, 2, 3, 4, 5, 6, 7, 8, 9, 1, 2, 3, 4, 5, 6, 7, 8, 9], ""eps1"": 10, ""distance_median"": 0.29120063154777037}"
347,rflbat,rflbat_cluster_filter,"[4, 14, 77, 95, 15, 9, 46, 91, 58, 92, 14, 77, 95, 15, 9, 46, 91, 58, 92]",[],"{""accepted_indices"": [0, 1, 2, 3, 4, 5, 6, 7, 8, 9, 1, 2, 3, 4, 5, 6, 7, 8, 9], ""num_clusters"": 1, ""cluster_scores"": [0.10012952934286029]}"
347,rflbat,rflbat_final_distance_filter,"[14, 77, 95, 15, 9, 46, 91, 58, 92]",[4],"{""accepted_indices"": [1, 2, 3, 4, 5, 6, 7, 8, 9, 1, 2, 3, 4, 5, 6, 7, 8, 9], ""eps2"": 6, ""distance_median"": 0.4300989544947986}"
348,rflbat,rflbat_first_distance_filter,"[4, 45, 89, 27, 20, 44, 5, 81, 46, 66, 45, 89, 27, 20, 44, 5, 81, 46, 66]",[],"{""accepted_indices"": [0, 1, 2, 3, 4, 5, 6, 7, 8, 9, 1, 2, 3, 4, 5, 6, 7, 8, 9], ""eps1"": 10, ""distance_median"": 0.22335589329895353}"
348,rflbat,rflbat_cluster_filter,"[4, 45, 89, 27, 20, 44, 5, 81, 46, 66, 45, 89, 27, 20, 44, 5, 81, 46, 66]",[],"{""accepted_indices"": [0, 1, 2, 3, 4, 5, 6, 7, 8, 9, 1, 2, 3, 4, 5, 6, 7, 8, 9], ""num_clusters"": 1, ""cluster_scores"": [0.11101880588416173]}"
348,rflbat,rflbat_final_distance_filter,"[4, 45, 89, 27, 20, 44, 5, 81, 46, 66]",[],"{""accepted_indices"": [0, 1, 2, 3, 4, 5, 6, 7, 8, 9, 1, 2, 3, 4, 5, 6, 7, 8, 9], ""eps2"": 6, ""distance_median"": 0.36378194502131306}"
349,rflbat,rflbat_first_distance_filter,"[2, 97, 60, 50, 96, 48, 49, 67, 62, 47, 97, 60, 50, 96, 48, 49, 67, 62, 47]",[],"{""accepted_indices"": [0, 1, 2, 3, 4, 5, 6, 7, 8, 9, 1, 2, 3, 4, 5, 6, 7, 8, 9], ""eps1"": 10, ""distance_median"": 0.17212788793797867}"
349,rflbat,rflbat_cluster_filter,"[2, 97, 60, 50, 96, 48, 49, 67, 62, 47, 97, 60, 50, 96, 48, 49, 67, 62, 47]",[],"{""accepted_indices"": [0, 1, 2, 3, 4, 5, 6, 7, 8, 9, 1, 2, 3, 4, 5, 6, 7, 8, 9], ""num_clusters"": 1, ""cluster_scores"": [0.07247014538833034]}"
349,rflbat,rflbat_final_distance_filter,"[2, 97, 60, 50, 96, 48, 49, 67, 62, 47]",[],"{""accepted_indices"": [0, 1, 2, 3, 4, 5, 6, 7, 8, 9, 1, 2, 3, 4, 5, 6, 7, 8, 9], ""eps2"": 6, ""distance_median"": 0.29796097307898317}"
350,rflbat,rflbat_first_distance_filter,"[1, 65, 99, 28, 30, 80, 12, 92, 62, 39, 65, 99, 28, 30, 80, 12, 92, 62, 39]",[],"{""accepted_indices"": [0, 1, 2, 3, 4, 5, 6, 7, 8, 9, 1, 2, 3, 4, 5, 6, 7, 8, 9], ""eps1"": 10, ""distance_median"": 0.24977130393715202}"
350,rflbat,rflbat_cluster_filter,"[1, 65, 99, 28, 80, 12, 92, 62, 39, 65, 99, 28, 80, 12, 92, 62, 39]",[30],"{""accepted_indices"": [0, 1, 2, 3, 5, 6, 7, 8, 9, 1, 2, 3, 5, 6, 7, 8, 9], ""num_clusters"": 2, ""cluster_scores"": [0.13230338865916758, 1.0000000000019493]}"
350,rflbat,rflbat_final_distance_filter,"[1, 65, 99, 28, 80, 12, 92, 62, 39]",[30],"{""accepted_indices"": [0, 1, 2, 3, 5, 6, 7, 8, 9, 1, 2, 3, 5, 6, 7, 8, 9], ""eps2"": 6, ""distance_median"": 0.11793431740654282}"
351,rflbat,rflbat_first_distance_filter,"[2, 68, 1, 22, 50, 35, 92, 19, 74, 98, 68, 1, 22, 50, 35, 92, 19, 74, 98]",[],"{""accepted_indices"": [0, 1, 2, 3, 4, 5, 6, 7, 8, 9, 1, 2, 3, 4, 5, 6, 7, 8, 9], ""eps1"": 10, ""distance_median"": 0.14583416232110352}"
351,rflbat,rflbat_cluster_filter,"[2, 68, 1, 22, 50, 35, 92, 19, 74, 98, 68, 1, 22, 50, 35, 92, 19, 74, 98]",[],"{""accepted_indices"": [0, 1, 2, 3, 4, 5, 6, 7, 8, 9, 1, 2, 3, 4, 5, 6, 7, 8, 9], ""num_clusters"": 1, ""cluster_scores"": [0.12729262463983695]}"
351,rflbat,rflbat_final_distance_filter,"[2, 68, 1, 22, 50, 35, 92, 19, 74, 98]",[],"{""accepted_indices"": [0, 1, 2, 3, 4, 5, 6, 7, 8, 9, 1, 2, 3, 4, 5, 6, 7, 8, 9], ""eps2"": 6, ""distance_median"": 0.2869551125662401}"
352,rflbat,rflbat_first_distance_filter,"[1, 23, 61, 29, 84, 71, 0, 79, 65, 38, 23, 61, 29, 84, 71, 0, 79, 65, 38]",[],"{""accepted_indices"": [0, 1, 2, 3, 4, 5, 6, 7, 8, 9, 1, 2, 3, 4, 5, 6, 7, 8, 9], ""eps1"": 10, ""distance_median"": 0.2145741234791058}"
352,rflbat,rflbat_cluster_filter,"[1, 23, 61, 29, 84, 71, 0, 79, 65, 38, 23, 61, 29, 84, 71, 0, 79, 65, 38]",[],"{""accepted_indices"": [0, 1, 2, 3, 4, 5, 6, 7, 8, 9, 1, 2, 3, 4, 5, 6, 7, 8, 9], ""num_clusters"": 1, ""cluster_scores"": [0.11733385421779917]}"
352,rflbat,rflbat_final_distance_filter,"[1, 23, 61, 29, 84, 71, 0, 79, 65, 38]",[],"{""accepted_indices"": [0, 1, 2, 3, 4, 5, 6, 7, 8, 9, 1, 2, 3, 4, 5, 6, 7, 8, 9], ""eps2"": 6, ""distance_median"": 0.4379242535970449}"
353,rflbat,rflbat_first_distance_filter,"[4, 52, 78, 56, 87, 82, 41, 94, 29, 80, 52, 78, 56, 87, 82, 41, 94, 29, 80]",[],"{""accepted_indices"": [0, 1, 2, 3, 4, 5, 6, 7, 8, 9, 1, 2, 3, 4, 5, 6, 7, 8, 9], ""eps1"": 10, ""distance_median"": 0.12157020995613754}"
353,rflbat,rflbat_cluster_filter,"[4, 52, 78, 56, 87, 82, 41, 94, 29, 80, 52, 78, 56, 87, 82, 41, 94, 29, 80]",[],"{""accepted_indices"": [0, 1, 2, 3, 4, 5, 6, 7, 8, 9, 1, 2, 3, 4, 5, 6, 7, 8, 9], ""num_clusters"": 1, ""cluster_scores"": [0.11705049116539397]}"
353,rflbat,rflbat_final_distance_filter,"[4, 52, 78, 56, 87, 82, 41, 94, 29, 80]",[],"{""accepted_indices"": [0, 1, 2, 3, 4, 5, 6, 7, 8, 9, 1, 2, 3, 4, 5, 6, 7, 8, 9], ""eps2"": 6, ""distance_median"": 0.24040235607249902}"
354,rflbat,rflbat_first_distance_filter,"[2, 3, 63, 52, 76, 47, 38, 19, 50, 77, 3, 63, 52, 76, 47, 38, 19, 50, 77]",[],"{""accepted_indices"": [0, 1, 2, 3, 4, 5, 6, 7, 8, 9, 1, 2, 3, 4, 5, 6, 7, 8, 9], ""eps1"": 10, ""distance_median"": 0.1133505984170561}"
354,rflbat,rflbat_cluster_filter,"[2, 3, 63, 52, 76, 47, 38, 19, 50, 77, 3, 63, 52, 76, 47, 38, 19, 50, 77]",[],"{""accepted_indices"": [0, 1, 2, 3, 4, 5, 6, 7, 8, 9, 1, 2, 3, 4, 5, 6, 7, 8, 9], ""num_clusters"": 1, ""cluster_scores"": [0.10060197035801068]}"
354,rflbat,rflbat_final_distance_filter,"[2, 3, 63, 52, 76, 47, 38, 19, 50, 77]",[],"{""accepted_indices"": [0, 1, 2, 3, 4, 5, 6, 7, 8, 9, 1, 2, 3, 4, 5, 6, 7, 8, 9], ""eps2"": 6, ""distance_median"": 0.21625548160148053}"
355,rflbat,rflbat_first_distance_filter,"[0, 34, 62, 24, 75, 6, 22, 88, 43, 87, 34, 62, 24, 75, 6, 22, 88, 43, 87]",[],"{""accepted_indices"": [0, 1, 2, 3, 4, 5, 6, 7, 8, 9, 1, 2, 3, 4, 5, 6, 7, 8, 9], ""eps1"": 10, ""distance_median"": 0.2173492798301666}"
355,rflbat,rflbat_cluster_filter,"[0, 34, 62, 24, 75, 6, 22, 88, 43, 87, 34, 62, 24, 75, 6, 22, 88, 43, 87]",[],"{""accepted_indices"": [0, 1, 2, 3, 4, 5, 6, 7, 8, 9, 1, 2, 3, 4, 5, 6, 7, 8, 9], ""num_clusters"": 1, ""cluster_scores"": [0.10816253934144052]}"
355,rflbat,rflbat_final_distance_filter,"[0, 34, 62, 24, 75, 6, 22, 88, 43, 87]",[],"{""accepted_indices"": [0, 1, 2, 3, 4, 5, 6, 7, 8, 9, 1, 2, 3, 4, 5, 6, 7, 8, 9], ""eps2"": 6, ""distance_median"": 0.33619896628648616}"
356,rflbat,rflbat_first_distance_filter,"[3, 95, 28, 36, 13, 30, 23, 63, 44, 45, 95, 28, 36, 13, 30, 23, 63, 44, 45]",[],"{""accepted_indices"": [0, 1, 2, 3, 4, 5, 6, 7, 8, 9, 1, 2, 3, 4, 5, 6, 7, 8, 9], ""eps1"": 10, ""distance_median"": 0.15660488323182503}"
356,rflbat,rflbat_cluster_filter,"[3, 95, 28, 36, 13, 30, 23, 63, 44, 45, 95, 28, 36, 13, 30, 23, 63, 44, 45]",[],"{""accepted_indices"": [0, 1, 2, 3, 4, 5, 6, 7, 8, 9, 1, 2, 3, 4, 5, 6, 7, 8, 9], ""num_clusters"": 1, ""cluster_scores"": [0.11144448358753334]}"
356,rflbat,rflbat_final_distance_filter,"[3, 95, 28, 36, 13, 30, 23, 63, 44, 45]",[],"{""accepted_indices"": [0, 1, 2, 3, 4, 5, 6, 7, 8, 9, 1, 2, 3, 4, 5, 6, 7, 8, 9], ""eps2"": 6, ""distance_median"": 0.3008810523810321}"
357,rflbat,rflbat_first_distance_filter,"[0, 89, 60, 25, 1, 36, 71, 12, 57, 44, 89, 60, 25, 1, 36, 71, 12, 57, 44]",[],"{""accepted_indices"": [0, 1, 2, 3, 4, 5, 6, 7, 8, 9, 1, 2, 3, 4, 5, 6, 7, 8, 9], ""eps1"": 10, ""distance_median"": 0.1855602687271739}"
357,rflbat,rflbat_cluster_filter,"[0, 89, 60, 25, 1, 36, 71, 12, 57, 44, 89, 60, 25, 1, 36, 71, 12, 57, 44]",[],"{""accepted_indices"": [0, 1, 2, 3, 4, 5, 6, 7, 8, 9, 1, 2, 3, 4, 5, 6, 7, 8, 9], ""num_clusters"": 1, ""cluster_scores"": [0.10512058921514927]}"
357,rflbat,rflbat_final_distance_filter,"[0, 89, 60, 25, 1, 36, 71, 12, 57, 44]",[],"{""accepted_indices"": [0, 1, 2, 3, 4, 5, 6, 7, 8, 9, 1, 2, 3, 4, 5, 6, 7, 8, 9], ""eps2"": 6, ""distance_median"": 0.30419424800553363}"
358,rflbat,rflbat_first_distance_filter,"[4, 64, 39, 97, 41, 52, 15, 89, 75, 80, 64, 39, 97, 41, 52, 15, 89, 75, 80]",[],"{""accepted_indices"": [0, 1, 2, 3, 4, 5, 6, 7, 8, 9, 1, 2, 3, 4, 5, 6, 7, 8, 9], ""eps1"": 10, ""distance_median"": 0.14629654389743224}"
358,rflbat,rflbat_cluster_filter,"[4, 64, 39, 97, 41, 52, 15, 89, 75, 80, 64, 39, 97, 41, 52, 15, 89, 75, 80]",[],"{""accepted_indices"": [0, 1, 2, 3, 4, 5, 6, 7, 8, 9, 1, 2, 3, 4, 5, 6, 7, 8, 9], ""num_clusters"": 1, ""cluster_scores"": [0.11989152704920883]}"
358,rflbat,rflbat_final_distance_filter,"[4, 64, 39, 97, 41, 52, 15, 89, 75, 80]",[],"{""accepted_indices"": [0, 1, 2, 3, 4, 5, 6, 7, 8, 9, 1, 2, 3, 4, 5, 6, 7, 8, 9], ""eps2"": 6, ""distance_median"": 0.2879087860197497}"
359,rflbat,rflbat_first_distance_filter,"[3, 79, 69, 76, 5, 31, 55, 99, 53, 85, 79, 69, 76, 5, 31, 55, 99, 53, 85]",[],"{""accepted_indices"": [0, 1, 2, 3, 4, 5, 6, 7, 8, 9, 1, 2, 3, 4, 5, 6, 7, 8, 9], ""eps1"": 10, ""distance_median"": 0.4428720627126934}"
359,rflbat,rflbat_cluster_filter,"[3, 79, 69, 76, 5, 31, 55, 99, 53, 85, 79, 69, 76, 5, 31, 55, 99, 53, 85]",[],"{""accepted_indices"": [0, 1, 2, 3, 4, 5, 6, 7, 8, 9, 1, 2, 3, 4, 5, 6, 7, 8, 9], ""num_clusters"": 1, ""cluster_scores"": [0.10088814324512663]}"
359,rflbat,rflbat_final_distance_filter,"[3, 79, 69, 76, 5, 31, 55, 99, 53, 85]",[],"{""accepted_indices"": [0, 1, 2, 3, 4, 5, 6, 7, 8, 9, 1, 2, 3, 4, 5, 6, 7, 8, 9], ""eps2"": 6, ""distance_median"": 0.9083336793441633}"
360,rflbat,rflbat_first_distance_filter,"[3, 62, 51, 28, 92, 82, 37, 2, 8, 75, 62, 51, 28, 92, 82, 37, 2, 8, 75]",[],"{""accepted_indices"": [0, 1, 2, 3, 4, 5, 6, 7, 8, 9, 1, 2, 3, 4, 5, 6, 7, 8, 9], ""eps1"": 10, ""distance_median"": 0.24743820709767775}"
360,rflbat,rflbat_cluster_filter,"[3, 62, 51, 28, 92, 82, 37, 2, 8, 75, 62, 51, 28, 92, 82, 37, 2, 8, 75]",[],"{""accepted_indices"": [0, 1, 2, 3, 4, 5, 6, 7, 8, 9, 1, 2, 3, 4, 5, 6, 7, 8, 9], ""num_clusters"": 1, ""cluster_scores"": [0.08907584172539962]}"
360,rflbat,rflbat_final_distance_filter,"[3, 62, 51, 28, 92, 82, 37, 2, 8, 75]",[],"{""accepted_indices"": [0, 1, 2, 3, 4, 5, 6, 7, 8, 9, 1, 2, 3, 4, 5, 6, 7, 8, 9], ""eps2"": 6, ""distance_median"": 0.48969743993332115}"
361,rflbat,rflbat_first_distance_filter,"[1, 70, 17, 86, 16, 12, 39, 48, 5, 18, 70, 17, 86, 16, 12, 39, 48, 5, 18]",[],"{""accepted_indices"": [0, 1, 2, 3, 4, 5, 6, 7, 8, 9, 1, 2, 3, 4, 5, 6, 7, 8, 9], ""eps1"": 10, ""distance_median"": 0.17505111212128144}"
361,rflbat,rflbat_cluster_filter,"[1, 70, 17, 86, 16, 12, 39, 48, 5, 18, 70, 17, 86, 16, 12, 39, 48, 5, 18]",[],"{""accepted_indices"": [0, 1, 2, 3, 4, 5, 6, 7, 8, 9, 1, 2, 3, 4, 5, 6, 7, 8, 9], ""num_clusters"": 1, ""cluster_scores"": [0.18581210303720375]}"
361,rflbat,rflbat_final_distance_filter,"[1, 70, 17, 86, 16, 12, 39, 48, 5, 18]",[],"{""accepted_indices"": [0, 1, 2, 3, 4, 5, 6, 7, 8, 9, 1, 2, 3, 4, 5, 6, 7, 8, 9], ""eps2"": 6, ""distance_median"": 0.3497651208493004}"
362,rflbat,rflbat_first_distance_filter,"[0, 6, 66, 17, 92, 43, 32, 82, 40, 14, 6, 66, 17, 92, 43, 32, 82, 40, 14]",[],"{""accepted_indices"": [0, 1, 2, 3, 4, 5, 6, 7, 8, 9, 1, 2, 3, 4, 5, 6, 7, 8, 9], ""eps1"": 10, ""distance_median"": 0.19623911162981078}"
362,rflbat,rflbat_cluster_filter,"[0, 6, 66, 17, 92, 43, 32, 82, 40, 14, 6, 66, 17, 92, 43, 32, 82, 40, 14]",[],"{""accepted_indices"": [0, 1, 2, 3, 4, 5, 6, 7, 8, 9, 1, 2, 3, 4, 5, 6, 7, 8, 9], ""num_clusters"": 1, ""cluster_scores"": [0.0953682574929079]}"
362,rflbat,rflbat_final_distance_filter,"[6, 66, 17, 92, 43, 32, 82, 40, 14]",[0],"{""accepted_indices"": [1, 2, 3, 4, 5, 6, 7, 8, 9, 1, 2, 3, 4, 5, 6, 7, 8, 9], ""eps2"": 6, ""distance_median"": 0.27700557986802343}"
363,rflbat,rflbat_first_distance_filter,"[3, 45, 36, 34, 50, 57, 60, 85, 0, 68, 45, 36, 34, 50, 57, 60, 85, 0, 68]",[],"{""accepted_indices"": [0, 1, 2, 3, 4, 5, 6, 7, 8, 9, 1, 2, 3, 4, 5, 6, 7, 8, 9], ""eps1"": 10, ""distance_median"": 0.17377552877176164}"
363,rflbat,rflbat_cluster_filter,"[3, 45, 36, 34, 50, 57, 60, 85, 0, 68, 45, 36, 34, 50, 57, 60, 85, 0, 68]",[],"{""accepted_indices"": [0, 1, 2, 3, 4, 5, 6, 7, 8, 9, 1, 2, 3, 4, 5, 6, 7, 8, 9], ""num_clusters"": 1, ""cluster_scores"": [0.1297498760224569]}"
363,rflbat,rflbat_final_distance_filter,"[3, 45, 36, 34, 50, 57, 60, 85, 0, 68]",[],"{""accepted_indices"": [0, 1, 2, 3, 4, 5, 6, 7, 8, 9, 1, 2, 3, 4, 5, 6, 7, 8, 9], ""eps2"": 6, ""distance_median"": 0.343062440164713}"
364,rflbat,rflbat_first_distance_filter,"[3, 74, 60, 30, 75, 39, 61, 26, 53, 96, 74, 60, 30, 75, 39, 61, 26, 53, 96]",[],"{""accepted_indices"": [0, 1, 2, 3, 4, 5, 6, 7, 8, 9, 1, 2, 3, 4, 5, 6, 7, 8, 9], ""eps1"": 10, ""distance_median"": 0.13614726358058812}"
364,rflbat,rflbat_cluster_filter,"[3, 74, 60, 30, 39, 61, 26, 53, 96, 74, 60, 30, 39, 61, 26, 53, 96]",[75],"{""accepted_indices"": [0, 1, 2, 3, 5, 6, 7, 8, 9, 1, 2, 3, 5, 6, 7, 8, 9], ""num_clusters"": 2, ""cluster_scores"": [0.14095447770068584, 1.000000000000642]}"
364,rflbat,rflbat_final_distance_filter,"[3, 74, 60, 30, 39, 61, 26, 53, 96]",[75],"{""accepted_indices"": [0, 1, 2, 3, 5, 6, 7, 8, 9, 1, 2, 3, 5, 6, 7, 8, 9], ""eps2"": 6, ""distance_median"": 0.19960348835198863}"
365,rflbat,rflbat_first_distance_filter,"[1, 39, 36, 72, 68, 9, 51, 33, 91, 47, 39, 36, 72, 68, 9, 51, 33, 91, 47]",[],"{""accepted_indices"": [0, 1, 2, 3, 4, 5, 6, 7, 8, 9, 1, 2, 3, 4, 5, 6, 7, 8, 9], ""eps1"": 10, ""distance_median"": 0.17874402021918945}"
365,rflbat,rflbat_cluster_filter,"[1, 39, 36, 72, 68, 9, 51, 33, 91, 47, 39, 36, 72, 68, 9, 51, 33, 91, 47]",[],"{""accepted_indices"": [0, 1, 2, 3, 4, 5, 6, 7, 8, 9, 1, 2, 3, 4, 5, 6, 7, 8, 9], ""num_clusters"": 1, ""cluster_scores"": [0.10847744028356873]}"
365,rflbat,rflbat_final_distance_filter,"[1, 39, 36, 72, 68, 9, 51, 33, 91, 47]",[],"{""accepted_indices"": [0, 1, 2, 3, 4, 5, 6, 7, 8, 9, 1, 2, 3, 4, 5, 6, 7, 8, 9], ""eps2"": 6, ""distance_median"": 0.3533929278407162}"
366,rflbat,rflbat_first_distance_filter,"[2, 19, 28, 74, 47, 36, 30, 55, 82, 40, 19, 28, 74, 47, 36, 30, 55, 82, 40]",[],"{""accepted_indices"": [0, 1, 2, 3, 4, 5, 6, 7, 8, 9, 1, 2, 3, 4, 5, 6, 7, 8, 9], ""eps1"": 10, ""distance_median"": 0.1330233508224334}"
366,rflbat,rflbat_cluster_filter,"[2, 19, 28, 74, 47, 36, 30, 55, 82, 40, 19, 28, 74, 47, 36, 30, 55, 82, 40]",[],"{""accepted_indices"": [0, 1, 2, 3, 4, 5, 6, 7, 8, 9, 1, 2, 3, 4, 5, 6, 7, 8, 9], ""num_clusters"": 1, ""cluster_scores"": [0.10882869862439433]}"
366,rflbat,rflbat_final_distance_filter,"[2, 19, 28, 74, 47, 36, 30, 55, 82, 40]",[],"{""accepted_indices"": [0, 1, 2, 3, 4, 5, 6, 7, 8, 9, 1, 2, 3, 4, 5, 6, 7, 8, 9], ""eps2"": 6, ""distance_median"": 0.26445052564275356}"
367,rflbat,rflbat_first_distance_filter,"[1, 27, 9, 55, 80, 52, 37, 13, 85, 59, 27, 9, 55, 80, 52, 37, 13, 85, 59]",[],"{""accepted_indices"": [0, 1, 2, 3, 4, 5, 6, 7, 8, 9, 1, 2, 3, 4, 5, 6, 7, 8, 9], ""eps1"": 10, ""distance_median"": 0.22771979382228977}"
367,rflbat,rflbat_cluster_filter,"[1, 27, 9, 55, 80, 52, 37, 13, 85, 59, 27, 9, 55, 80, 52, 37, 13, 85, 59]",[],"{""accepted_indices"": [0, 1, 2, 3, 4, 5, 6, 7, 8, 9, 1, 2, 3, 4, 5, 6, 7, 8, 9], ""num_clusters"": 1, ""cluster_scores"": [0.19418261702505313]}"
367,rflbat,rflbat_final_distance_filter,"[1, 27, 9, 55, 80, 52, 37, 13, 85, 59]",[],"{""accepted_indices"": [0, 1, 2, 3, 4, 5, 6, 7, 8, 9, 1, 2, 3, 4, 5, 6, 7, 8, 9], ""eps2"": 6, ""distance_median"": 0.46058039869946377}"
368,rflbat,rflbat_first_distance_filter,"[2, 85, 61, 46, 79, 83, 68, 40, 96, 13, 85, 61, 46, 79, 83, 68, 40, 96, 13]",[],"{""accepted_indices"": [0, 1, 2, 3, 4, 5, 6, 7, 8, 9, 1, 2, 3, 4, 5, 6, 7, 8, 9], ""eps1"": 10, ""distance_median"": 0.17055677228899252}"
368,rflbat,rflbat_cluster_filter,"[2, 85, 61, 46, 79, 83, 68, 40, 96, 13, 85, 61, 46, 79, 83, 68, 40, 96, 13]",[],"{""accepted_indices"": [0, 1, 2, 3, 4, 5, 6, 7, 8, 9, 1, 2, 3, 4, 5, 6, 7, 8, 9], ""num_clusters"": 1, ""cluster_scores"": [0.14675751072911822]}"
368,rflbat,rflbat_final_distance_filter,"[2, 85, 61, 46, 79, 83, 68, 40, 96, 13]",[],"{""accepted_indices"": [0, 1, 2, 3, 4, 5, 6, 7, 8, 9, 1, 2, 3, 4, 5, 6, 7, 8, 9], ""eps2"": 6, ""distance_median"": 0.3231132877068337}"
369,rflbat,rflbat_first_distance_filter,"[4, 80, 74, 38, 97, 65, 41, 14, 11, 83, 80, 74, 38, 97, 65, 41, 14, 11, 83]",[],"{""accepted_indices"": [0, 1, 2, 3, 4, 5, 6, 7, 8, 9, 1, 2, 3, 4, 5, 6, 7, 8, 9], ""eps1"": 10, ""distance_median"": 0.14197930557765703}"
369,rflbat,rflbat_cluster_filter,"[4, 80, 74, 38, 97, 65, 14, 11, 83, 80, 74, 38, 97, 65, 14, 11, 83]",[41],"{""accepted_indices"": [0, 1, 2, 3, 4, 5, 7, 8, 9, 1, 2, 3, 4, 5, 7, 8, 9], ""num_clusters"": 2, ""cluster_scores"": [0.15099961151217192, 1.000000000001676]}"
369,rflbat,rflbat_final_distance_filter,"[4, 80, 74, 38, 97, 65, 14, 11, 83]",[41],"{""accepted_indices"": [0, 1, 2, 3, 4, 5, 7, 8, 9, 1, 2, 3, 4, 5, 7, 8, 9], ""eps2"": 6, ""distance_median"": 0.1660397773268469}"
370,rflbat,rflbat_first_distance_filter,"[3, 37, 78, 46, 89, 1, 28, 68, 80, 48, 37, 78, 46, 89, 1, 28, 68, 80, 48]",[],"{""accepted_indices"": [0, 1, 2, 3, 4, 5, 6, 7, 8, 9, 1, 2, 3, 4, 5, 6, 7, 8, 9], ""eps1"": 10, ""distance_median"": 0.1577882520219721}"
370,rflbat,rflbat_cluster_filter,"[3, 37, 78, 46, 89, 1, 28, 68, 80, 48, 37, 78, 46, 89, 1, 28, 68, 80, 48]",[],"{""accepted_indices"": [0, 1, 2, 3, 4, 5, 6, 7, 8, 9, 1, 2, 3, 4, 5, 6, 7, 8, 9], ""num_clusters"": 1, ""cluster_scores"": [0.14559932239300574]}"
370,rflbat,rflbat_final_distance_filter,"[3, 37, 78, 46, 89, 1, 28, 68, 80, 48]",[],"{""accepted_indices"": [0, 1, 2, 3, 4, 5, 6, 7, 8, 9, 1, 2, 3, 4, 5, 6, 7, 8, 9], ""eps2"": 6, ""distance_median"": 0.30164912116986975}"
371,rflbat,rflbat_first_distance_filter,"[1, 7, 80, 25, 19, 22, 36, 45, 16, 61, 7, 80, 25, 19, 22, 36, 45, 16, 61]",[],"{""accepted_indices"": [0, 1, 2, 3, 4, 5, 6, 7, 8, 9, 1, 2, 3, 4, 5, 6, 7, 8, 9], ""eps1"": 10, ""distance_median"": 0.12304416270615134}"
371,rflbat,rflbat_cluster_filter,"[1, 7, 80, 25, 19, 22, 36, 45, 16, 61, 7, 80, 25, 19, 22, 36, 45, 16, 61]",[],"{""accepted_indices"": [0, 1, 2, 3, 4, 5, 6, 7, 8, 9, 1, 2, 3, 4, 5, 6, 7, 8, 9], ""num_clusters"": 1, ""cluster_scores"": [0.15101556246292916]}"
371,rflbat,rflbat_final_distance_filter,"[1, 7, 80, 25, 19, 22, 36, 45, 16, 61]",[],"{""accepted_indices"": [0, 1, 2, 3, 4, 5, 6, 7, 8, 9, 1, 2, 3, 4, 5, 6, 7, 8, 9], ""eps2"": 6, ""distance_median"": 0.2733076537935043}"
372,rflbat,rflbat_first_distance_filter,"[1, 32, 58, 59, 19, 75, 53, 86, 36, 16, 32, 58, 59, 19, 75, 53, 86, 36, 16]",[],"{""accepted_indices"": [0, 1, 2, 3, 4, 5, 6, 7, 8, 9, 1, 2, 3, 4, 5, 6, 7, 8, 9], ""eps1"": 10, ""distance_median"": 0.15487475206444945}"
372,rflbat,rflbat_cluster_filter,"[1, 32, 58, 59, 19, 75, 53, 86, 36, 16, 32, 58, 59, 19, 75, 53, 86, 36, 16]",[],"{""accepted_indices"": [0, 1, 2, 3, 4, 5, 6, 7, 8, 9, 1, 2, 3, 4, 5, 6, 7, 8, 9], ""num_clusters"": 1, ""cluster_scores"": [0.08404487882317371]}"
372,rflbat,rflbat_final_distance_filter,"[1, 32, 58, 59, 19, 75, 53, 86, 36, 16]",[],"{""accepted_indices"": [0, 1, 2, 3, 4, 5, 6, 7, 8, 9, 1, 2, 3, 4, 5, 6, 7, 8, 9], ""eps2"": 6, ""distance_median"": 0.3210011433947977}"
373,rflbat,rflbat_first_distance_filter,"[2, 78, 24, 16, 64, 20, 86, 14, 80, 68, 78, 24, 16, 64, 20, 86, 14, 80, 68]",[],"{""accepted_indices"": [0, 1, 2, 3, 4, 5, 6, 7, 8, 9, 1, 2, 3, 4, 5, 6, 7, 8, 9], ""eps1"": 10, ""distance_median"": 0.10050361123714148}"
373,rflbat,rflbat_cluster_filter,"[2, 78, 24, 16, 64, 20, 86, 14, 80, 68, 78, 24, 16, 64, 20, 86, 14, 80, 68]",[],"{""accepted_indices"": [0, 1, 2, 3, 4, 5, 6, 7, 8, 9, 1, 2, 3, 4, 5, 6, 7, 8, 9], ""num_clusters"": 1, ""cluster_scores"": [0.11470260049821887]}"
373,rflbat,rflbat_final_distance_filter,"[2, 78, 24, 16, 64, 20, 86, 14, 80, 68]",[],"{""accepted_indices"": [0, 1, 2, 3, 4, 5, 6, 7, 8, 9, 1, 2, 3, 4, 5, 6, 7, 8, 9], ""eps2"": 6, ""distance_median"": 0.16889892057752953}"
374,rflbat,rflbat_first_distance_filter,"[0, 16, 95, 11, 30, 9, 80, 10, 19, 55, 16, 95, 11, 30, 9, 80, 10, 19, 55]",[],"{""accepted_indices"": [0, 1, 2, 3, 4, 5, 6, 7, 8, 9, 1, 2, 3, 4, 5, 6, 7, 8, 9], ""eps1"": 10, ""distance_median"": 0.32181870621321945}"
374,rflbat,rflbat_cluster_filter,"[0, 16, 95, 11, 30, 9, 80, 10, 19, 55, 16, 95, 11, 30, 9, 80, 10, 19, 55]",[],"{""accepted_indices"": [0, 1, 2, 3, 4, 5, 6, 7, 8, 9, 1, 2, 3, 4, 5, 6, 7, 8, 9], ""num_clusters"": 1, ""cluster_scores"": [0.10608773180763519]}"
374,rflbat,rflbat_final_distance_filter,"[0, 16, 95, 11, 30, 9, 80, 10, 19, 55]",[],"{""accepted_indices"": [0, 1, 2, 3, 4, 5, 6, 7, 8, 9, 1, 2, 3, 4, 5, 6, 7, 8, 9], ""eps2"": 6, ""distance_median"": 0.5737718816131312}"
375,rflbat,rflbat_first_distance_filter,"[3, 25, 50, 51, 52, 24, 36, 82, 91, 92, 25, 50, 51, 52, 24, 36, 82, 91, 92]",[],"{""accepted_indices"": [0, 1, 2, 3, 4, 5, 6, 7, 8, 9, 1, 2, 3, 4, 5, 6, 7, 8, 9], ""eps1"": 10, ""distance_median"": 0.11838149449611984}"
375,rflbat,rflbat_cluster_filter,"[3, 25, 50, 51, 52, 24, 36, 82, 91, 92, 25, 50, 51, 52, 24, 36, 82, 91, 92]",[],"{""accepted_indices"": [0, 1, 2, 3, 4, 5, 6, 7, 8, 9, 1, 2, 3, 4, 5, 6, 7, 8, 9], ""num_clusters"": 1, ""cluster_scores"": [0.11617061380877812]}"
375,rflbat,rflbat_final_distance_filter,"[3, 25, 50, 51, 52, 24, 36, 82, 91, 92]",[],"{""accepted_indices"": [0, 1, 2, 3, 4, 5, 6, 7, 8, 9, 1, 2, 3, 4, 5, 6, 7, 8, 9], ""eps2"": 6, ""distance_median"": 0.23030385257189556}"
376,rflbat,rflbat_first_distance_filter,"[1, 74, 52, 82, 32, 18, 72, 7, 36, 96, 74, 52, 82, 32, 18, 72, 7, 36, 96]",[],"{""accepted_indices"": [0, 1, 2, 3, 4, 5, 6, 7, 8, 9, 1, 2, 3, 4, 5, 6, 7, 8, 9], ""eps1"": 10, ""distance_median"": 0.13506641414902737}"
376,rflbat,rflbat_cluster_filter,"[1, 74, 52, 82, 32, 18, 72, 7, 36, 96, 74, 52, 82, 32, 18, 72, 7, 36, 96]",[],"{""accepted_indices"": [0, 1, 2, 3, 4, 5, 6, 7, 8, 9, 1, 2, 3, 4, 5, 6, 7, 8, 9], ""num_clusters"": 1, ""cluster_scores"": [0.11037754112829547]}"
376,rflbat,rflbat_final_distance_filter,"[1, 74, 52, 82, 32, 18, 72, 7, 36, 96]",[],"{""accepted_indices"": [0, 1, 2, 3, 4, 5, 6, 7, 8, 9, 1, 2, 3, 4, 5, 6, 7, 8, 9], ""eps2"": 6, ""distance_median"": 0.2457790464312128}"
377,rflbat,rflbat_first_distance_filter,"[1, 4, 95, 81, 43, 11, 78, 98, 26, 52, 4, 95, 81, 43, 11, 78, 98, 26, 52]",[],"{""accepted_indices"": [0, 1, 2, 3, 4, 5, 6, 7, 8, 9, 1, 2, 3, 4, 5, 6, 7, 8, 9], ""eps1"": 10, ""distance_median"": 0.35386965000793846}"
377,rflbat,rflbat_cluster_filter,"[1, 4, 95, 81, 43, 11, 78, 98, 26, 52, 4, 95, 81, 43, 11, 78, 98, 26, 52]",[],"{""accepted_indices"": [0, 1, 2, 3, 4, 5, 6, 7, 8, 9, 1, 2, 3, 4, 5, 6, 7, 8, 9], ""num_clusters"": 1, ""cluster_scores"": [0.11736432506161441]}"
377,rflbat,rflbat_final_distance_filter,"[1, 4, 95, 81, 43, 11, 78, 98, 52]",[26],"{""accepted_indices"": [0, 1, 2, 3, 4, 5, 6, 7, 9, 1, 2, 3, 4, 5, 6, 7, 9], ""eps2"": 6, ""distance_median"": 0.7107129676865817}"
378,rflbat,rflbat_first_distance_filter,"[0, 94, 8, 35, 50, 43, 64, 44, 56, 23, 94, 8, 35, 50, 43, 64, 44, 56, 23]",[],"{""accepted_indices"": [0, 1, 2, 3, 4, 5, 6, 7, 8, 9, 1, 2, 3, 4, 5, 6, 7, 8, 9], ""eps1"": 10, ""distance_median"": 0.1547031459466216}"
378,rflbat,rflbat_cluster_filter,"[0, 94, 8, 35, 50, 43, 64, 44, 56, 23, 94, 8, 35, 50, 43, 64, 44, 56, 23]",[],"{""accepted_indices"": [0, 1, 2, 3, 4, 5, 6, 7, 8, 9, 1, 2, 3, 4, 5, 6, 7, 8, 9], ""num_clusters"": 1, ""cluster_scores"": [0.13231440765782806]}"
378,rflbat,rflbat_final_distance_filter,"[0, 94, 8, 35, 50, 43, 64, 44, 56, 23]",[],"{""accepted_indices"": [0, 1, 2, 3, 4, 5, 6, 7, 8, 9, 1, 2, 3, 4, 5, 6, 7, 8, 9], ""eps2"": 6, ""distance_median"": 0.22611483465424848}"
379,rflbat,rflbat_first_distance_filter,"[4, 91, 42, 50, 93, 74, 8, 28, 19, 31, 91, 42, 50, 93, 74, 8, 28, 19, 31]",[],"{""accepted_indices"": [0, 1, 2, 3, 4, 5, 6, 7, 8, 9, 1, 2, 3, 4, 5, 6, 7, 8, 9], ""eps1"": 10, ""distance_median"": 0.15809282730112148}"
379,rflbat,rflbat_cluster_filter,"[4, 91, 42, 50, 93, 74, 8, 28, 19, 31, 91, 42, 50, 93, 74, 8, 28, 19, 31]",[],"{""accepted_indices"": [0, 1, 2, 3, 4, 5, 6, 7, 8, 9, 1, 2, 3, 4, 5, 6, 7, 8, 9], ""num_clusters"": 1, ""cluster_scores"": [0.14489056022581667]}"
379,rflbat,rflbat_final_distance_filter,"[4, 91, 42, 50, 93, 74, 8, 28, 19, 31]",[],"{""accepted_indices"": [0, 1, 2, 3, 4, 5, 6, 7, 8, 9, 1, 2, 3, 4, 5, 6, 7, 8, 9], ""eps2"": 6, ""distance_median"": 0.3048970291831833}"
380,rflbat,rflbat_first_distance_filter,"[3, 17, 87, 46, 75, 51, 76, 86, 7, 2, 17, 87, 46, 75, 51, 76, 86, 7, 2]",[],"{""accepted_indices"": [0, 1, 2, 3, 4, 5, 6, 7, 8, 9, 1, 2, 3, 4, 5, 6, 7, 8, 9], ""eps1"": 10, ""distance_median"": 0.14935516581656377}"
380,rflbat,rflbat_cluster_filter,"[3, 17, 87, 46, 75, 51, 76, 86, 7, 2, 17, 87, 46, 75, 51, 76, 86, 7, 2]",[],"{""accepted_indices"": [0, 1, 2, 3, 4, 5, 6, 7, 8, 9, 1, 2, 3, 4, 5, 6, 7, 8, 9], ""num_clusters"": 1, ""cluster_scores"": [0.13220927246948233]}"
380,rflbat,rflbat_final_distance_filter,"[3, 17, 87, 46, 75, 51, 76, 86, 7, 2]",[],"{""accepted_indices"": [0, 1, 2, 3, 4, 5, 6, 7, 8, 9, 1, 2, 3, 4, 5, 6, 7, 8, 9], ""eps2"": 6, ""distance_median"": 0.2759221497969985}"
381,rflbat,rflbat_first_distance_filter,"[2, 48, 52, 63, 45, 4, 11, 85, 28, 61, 48, 52, 63, 45, 4, 11, 85, 28, 61]",[],"{""accepted_indices"": [0, 1, 2, 3, 4, 5, 6, 7, 8, 9, 1, 2, 3, 4, 5, 6, 7, 8, 9], ""eps1"": 10, ""distance_median"": 0.160042423021739}"
381,rflbat,rflbat_cluster_filter,"[2, 52, 63, 45, 4, 11, 85, 28, 61, 52, 63, 45, 4, 11, 85, 28, 61]",[48],"{""accepted_indices"": [0, 2, 3, 4, 5, 6, 7, 8, 9, 2, 3, 4, 5, 6, 7, 8, 9], ""num_clusters"": 2, ""cluster_scores"": [0.0963664942037617, 1.0000000000008822]}"
381,rflbat,rflbat_final_distance_filter,"[2, 52, 63, 45, 4, 11, 85, 28, 61]",[48],"{""accepted_indices"": [0, 2, 3, 4, 5, 6, 7, 8, 9, 2, 3, 4, 5, 6, 7, 8, 9], ""eps2"": 6, ""distance_median"": 0.17610920523216494}"
382,rflbat,rflbat_first_distance_filter,"[3, 73, 18, 31, 30, 25, 63, 33, 95, 5, 73, 18, 31, 30, 25, 63, 33, 95, 5]",[],"{""accepted_indices"": [0, 1, 2, 3, 4, 5, 6, 7, 8, 9, 1, 2, 3, 4, 5, 6, 7, 8, 9], ""eps1"": 10, ""distance_median"": 0.20899305351648356}"
382,rflbat,rflbat_cluster_filter,"[3, 18, 31, 30, 25, 63, 33, 95, 5, 18, 31, 30, 25, 63, 33, 95, 5]",[73],"{""accepted_indices"": [0, 2, 3, 4, 5, 6, 7, 8, 9, 2, 3, 4, 5, 6, 7, 8, 9], ""num_clusters"": 2, ""cluster_scores"": [0.15856286633972905, 1.0000000000020004]}"
382,rflbat,rflbat_final_distance_filter,"[3, 18, 31, 30, 25, 63, 33, 95, 5]",[73],"{""accepted_indices"": [0, 2, 3, 4, 5, 6, 7, 8, 9, 2, 3, 4, 5, 6, 7, 8, 9], ""eps2"": 6, ""distance_median"": 0.18946092832954953}"
383,rflbat,rflbat_first_distance_filter,"[2, 10, 45, 27, 3, 75, 29, 61, 39, 18, 10, 45, 27, 3, 75, 29, 61, 39, 18]",[],"{""accepted_indices"": [0, 1, 2, 3, 4, 5, 6, 7, 8, 9, 1, 2, 3, 4, 5, 6, 7, 8, 9], ""eps1"": 10, ""distance_median"": 0.2358839023588854}"
383,rflbat,rflbat_cluster_filter,"[2, 10, 45, 27, 3, 75, 29, 61, 39, 18, 10, 45, 27, 3, 75, 29, 61, 39, 18]",[],"{""accepted_indices"": [0, 1, 2, 3, 4, 5, 6, 7, 8, 9, 1, 2, 3, 4, 5, 6, 7, 8, 9], ""num_clusters"": 1, ""cluster_scores"": [0.11003445159116729]}"
383,rflbat,rflbat_final_distance_filter,"[2, 10, 45, 27, 3, 75, 29, 61, 39, 18]",[],"{""accepted_indices"": [0, 1, 2, 3, 4, 5, 6, 7, 8, 9, 1, 2, 3, 4, 5, 6, 7, 8, 9], ""eps2"": 6, ""distance_median"": 0.47181900843107194}"
384,rflbat,rflbat_first_distance_filter,"[0, 69, 85, 65, 33, 13, 14, 18, 43, 89, 69, 85, 65, 33, 13, 14, 18, 43, 89]",[],"{""accepted_indices"": [0, 1, 2, 3, 4, 5, 6, 7, 8, 9, 1, 2, 3, 4, 5, 6, 7, 8, 9], ""eps1"": 10, ""distance_median"": 0.20842312036940058}"
384,rflbat,rflbat_cluster_filter,"[0, 69, 85, 65, 33, 13, 14, 18, 43, 89, 69, 85, 65, 33, 13, 14, 18, 43, 89]",[],"{""accepted_indices"": [0, 1, 2, 3, 4, 5, 6, 7, 8, 9, 1, 2, 3, 4, 5, 6, 7, 8, 9], ""num_clusters"": 1, ""cluster_scores"": [0.09369624929698703]}"
384,rflbat,rflbat_final_distance_filter,"[0, 69, 85, 65, 33, 13, 14, 18, 43, 89]",[],"{""accepted_indices"": [0, 1, 2, 3, 4, 5, 6, 7, 8, 9, 1, 2, 3, 4, 5, 6, 7, 8, 9], ""eps2"": 6, ""distance_median"": 0.3227016774666731}"
385,rflbat,rflbat_first_distance_filter,"[1, 55, 94, 46, 48, 71, 92, 51, 85, 95, 55, 94, 46, 48, 71, 92, 51, 85, 95]",[],"{""accepted_indices"": [0, 1, 2, 3, 4, 5, 6, 7, 8, 9, 1, 2, 3, 4, 5, 6, 7, 8, 9], ""eps1"": 10, ""distance_median"": 0.19583250051845058}"
385,rflbat,rflbat_cluster_filter,"[1, 55, 94, 46, 48, 71, 92, 51, 85, 95, 55, 94, 46, 48, 71, 92, 51, 85, 95]",[],"{""accepted_indices"": [0, 1, 2, 3, 4, 5, 6, 7, 8, 9, 1, 2, 3, 4, 5, 6, 7, 8, 9], ""num_clusters"": 1, ""cluster_scores"": [0.10431561021609963]}"
385,rflbat,rflbat_final_distance_filter,"[1, 55, 94, 46, 48, 71, 92, 51, 85, 95]",[],"{""accepted_indices"": [0, 1, 2, 3, 4, 5, 6, 7, 8, 9, 1, 2, 3, 4, 5, 6, 7, 8, 9], ""eps2"": 6, ""distance_median"": 0.3854816277883603}"
386,rflbat,rflbat_first_distance_filter,"[2, 20, 22, 45, 28, 63, 30, 89, 33, 81, 20, 22, 45, 28, 63, 30, 89, 33, 81]",[],"{""accepted_indices"": [0, 1, 2, 3, 4, 5, 6, 7, 8, 9, 1, 2, 3, 4, 5, 6, 7, 8, 9], ""eps1"": 10, ""distance_median"": 0.2762127852655045}"
386,rflbat,rflbat_cluster_filter,"[2, 20, 22, 45, 28, 63, 30, 89, 33, 81, 20, 22, 45, 28, 63, 30, 89, 33, 81]",[],"{""accepted_indices"": [0, 1, 2, 3, 4, 5, 6, 7, 8, 9, 1, 2, 3, 4, 5, 6, 7, 8, 9], ""num_clusters"": 1, ""cluster_scores"": [0.1270014220796198]}"
386,rflbat,rflbat_final_distance_filter,"[2, 20, 22, 45, 28, 63, 30, 89, 33, 81]",[],"{""accepted_indices"": [0, 1, 2, 3, 4, 5, 6, 7, 8, 9, 1, 2, 3, 4, 5, 6, 7, 8, 9], ""eps2"": 6, ""distance_median"": 0.5605903310627649}"
387,rflbat,rflbat_first_distance_filter,"[2, 89, 65, 85, 30, 73, 11, 64, 12, 23, 89, 65, 85, 30, 73, 11, 64, 12, 23]",[],"{""accepted_indices"": [0, 1, 2, 3, 4, 5, 6, 7, 8, 9, 1, 2, 3, 4, 5, 6, 7, 8, 9], ""eps1"": 10, ""distance_median"": 0.20246285851386486}"
387,rflbat,rflbat_cluster_filter,"[2, 89, 65, 85, 30, 73, 11, 64, 12, 23, 89, 65, 85, 30, 73, 11, 64, 12, 23]",[],"{""accepted_indices"": [0, 1, 2, 3, 4, 5, 6, 7, 8, 9, 1, 2, 3, 4, 5, 6, 7, 8, 9], ""num_clusters"": 1, ""cluster_scores"": [0.09695283561427238]}"
387,rflbat,rflbat_final_distance_filter,"[2, 89, 65, 85, 30, 73, 11, 64, 12, 23]",[],"{""accepted_indices"": [0, 1, 2, 3, 4, 5, 6, 7, 8, 9, 1, 2, 3, 4, 5, 6, 7, 8, 9], ""eps2"": 6, ""distance_median"": 0.4072839077450628}"
388,rflbat,rflbat_first_distance_filter,"[1, 51, 94, 98, 47, 76, 68, 40, 39, 87, 51, 94, 98, 47, 76, 68, 40, 39, 87]",[],"{""accepted_indices"": [0, 1, 2, 3, 4, 5, 6, 7, 8, 9, 1, 2, 3, 4, 5, 6, 7, 8, 9], ""eps1"": 10, ""distance_median"": 0.08513347458854378}"
388,rflbat,rflbat_cluster_filter,"[1, 51, 94, 98, 47, 76, 68, 40, 39, 87, 51, 94, 98, 47, 76, 68, 40, 39, 87]",[],"{""accepted_indices"": [0, 1, 2, 3, 4, 5, 6, 7, 8, 9, 1, 2, 3, 4, 5, 6, 7, 8, 9], ""num_clusters"": 1, ""cluster_scores"": [0.1169963477943505]}"
388,rflbat,rflbat_final_distance_filter,"[1, 51, 94, 98, 47, 76, 68, 40, 39, 87]",[],"{""accepted_indices"": [0, 1, 2, 3, 4, 5, 6, 7, 8, 9, 1, 2, 3, 4, 5, 6, 7, 8, 9], ""eps2"": 6, ""distance_median"": 0.16668034023690637}"
389,rflbat,rflbat_first_distance_filter,"[4, 52, 3, 59, 48, 78, 49, 54, 61, 76, 52, 3, 59, 48, 78, 49, 54, 61, 76]",[],"{""accepted_indices"": [0, 1, 2, 3, 4, 5, 6, 7, 8, 9, 1, 2, 3, 4, 5, 6, 7, 8, 9], ""eps1"": 10, ""distance_median"": 0.17561152270427594}"
389,rflbat,rflbat_cluster_filter,"[4, 52, 3, 59, 48, 78, 49, 54, 61, 76, 52, 3, 59, 48, 78, 49, 54, 61, 76]",[],"{""accepted_indices"": [0, 1, 2, 3, 4, 5, 6, 7, 8, 9, 1, 2, 3, 4, 5, 6, 7, 8, 9], ""num_clusters"": 1, ""cluster_scores"": [0.1355738727355416]}"
389,rflbat,rflbat_final_distance_filter,"[4, 52, 3, 59, 48, 78, 49, 54, 61, 76]",[],"{""accepted_indices"": [0, 1, 2, 3, 4, 5, 6, 7, 8, 9, 1, 2, 3, 4, 5, 6, 7, 8, 9], ""eps2"": 6, ""distance_median"": 0.3367176830096057}"
390,rflbat,rflbat_first_distance_filter,"[2, 66, 13, 14, 34, 96, 61, 85, 33, 40, 66, 13, 14, 34, 96, 61, 85, 33, 40]",[],"{""accepted_indices"": [0, 1, 2, 3, 4, 5, 6, 7, 8, 9, 1, 2, 3, 4, 5, 6, 7, 8, 9], ""eps1"": 10, ""distance_median"": 0.1467019092841862}"
390,rflbat,rflbat_cluster_filter,"[2, 14, 34, 96, 61, 33, 40, 14, 34, 96, 61, 33, 40]","[66, 13, 85]","{""accepted_indices"": [0, 3, 4, 5, 6, 8, 9, 3, 4, 5, 6, 8, 9], ""num_clusters"": 2, ""cluster_scores"": [0.12815711134912275, 0.6877042430184724]}"
390,rflbat,rflbat_final_distance_filter,"[2, 14, 34, 96, 61, 33, 40]","[66, 13, 85]","{""accepted_indices"": [0, 3, 4, 5, 6, 8, 9, 3, 4, 5, 6, 8, 9], ""eps2"": 6, ""distance_median"": 0.11495281152375321}"
391,rflbat,rflbat_first_distance_filter,"[3, 88, 79, 23, 82, 66, 27, 7, 13, 92, 88, 79, 23, 82, 66, 27, 7, 13, 92]",[],"{""accepted_indices"": [0, 1, 2, 3, 4, 5, 6, 7, 8, 9, 1, 2, 3, 4, 5, 6, 7, 8, 9], ""eps1"": 10, ""distance_median"": 0.21851301802531475}"
391,rflbat,rflbat_cluster_filter,"[3, 88, 79, 23, 82, 66, 27, 7, 13, 92, 88, 79, 23, 82, 66, 27, 7, 13, 92]",[],"{""accepted_indices"": [0, 1, 2, 3, 4, 5, 6, 7, 8, 9, 1, 2, 3, 4, 5, 6, 7, 8, 9], ""num_clusters"": 1, ""cluster_scores"": [0.11311071676782088]}"
391,rflbat,rflbat_final_distance_filter,"[3, 88, 79, 23, 82, 66, 27, 7, 13, 92]",[],"{""accepted_indices"": [0, 1, 2, 3, 4, 5, 6, 7, 8, 9, 1, 2, 3, 4, 5, 6, 7, 8, 9], ""eps2"": 6, ""distance_median"": 0.39975055669143145}"
392,rflbat,rflbat_first_distance_filter,"[1, 30, 78, 35, 5, 92, 96, 74, 12, 95, 30, 78, 35, 5, 92, 96, 74, 12, 95]",[],"{""accepted_indices"": [0, 1, 2, 3, 4, 5, 6, 7, 8, 9, 1, 2, 3, 4, 5, 6, 7, 8, 9], ""eps1"": 10, ""distance_median"": 0.11232724688512488}"
392,rflbat,rflbat_cluster_filter,"[1, 30, 78, 35, 5, 92, 96, 74, 12, 95, 30, 78, 35, 5, 92, 96, 74, 12, 95]",[],"{""accepted_indices"": [0, 1, 2, 3, 4, 5, 6, 7, 8, 9, 1, 2, 3, 4, 5, 6, 7, 8, 9], ""num_clusters"": 1, ""cluster_scores"": [0.15775012539435276]}"
392,rflbat,rflbat_final_distance_filter,"[1, 30, 78, 35, 5, 92, 96, 74, 12, 95]",[],"{""accepted_indices"": [0, 1, 2, 3, 4, 5, 6, 7, 8, 9, 1, 2, 3, 4, 5, 6, 7, 8, 9], ""eps2"": 6, ""distance_median"": 0.22259869538241397}"
393,rflbat,rflbat_first_distance_filter,"[2, 41, 27, 97, 16, 24, 57, 34, 91, 80, 41, 27, 97, 16, 24, 57, 34, 91, 80]",[],"{""accepted_indices"": [0, 1, 2, 3, 4, 5, 6, 7, 8, 9, 1, 2, 3, 4, 5, 6, 7, 8, 9], ""eps1"": 10, ""distance_median"": 0.13528948931827317}"
393,rflbat,rflbat_cluster_filter,"[2, 41, 27, 97, 16, 24, 57, 34, 91, 80, 41, 27, 97, 16, 24, 57, 34, 91, 80]",[],"{""accepted_indices"": [0, 1, 2, 3, 4, 5, 6, 7, 8, 9, 1, 2, 3, 4, 5, 6, 7, 8, 9], ""num_clusters"": 1, ""cluster_scores"": [0.15020470336835756]}"
393,rflbat,rflbat_final_distance_filter,"[2, 41, 27, 97, 16, 24, 57, 34, 91, 80]",[],"{""accepted_indices"": [0, 1, 2, 3, 4, 5, 6, 7, 8, 9, 1, 2, 3, 4, 5, 6, 7, 8, 9], ""eps2"": 6, ""distance_median"": 0.2494321337286613}"
394,rflbat,rflbat_first_distance_filter,"[2, 84, 37, 16, 11, 82, 45, 75, 20, 3, 84, 37, 16, 11, 82, 45, 75, 20, 3]",[],"{""accepted_indices"": [0, 1, 2, 3, 4, 5, 6, 7, 8, 9, 1, 2, 3, 4, 5, 6, 7, 8, 9], ""eps1"": 10, ""distance_median"": 0.14676480755301569}"
394,rflbat,rflbat_cluster_filter,"[2, 84, 37, 16, 11, 82, 45, 75, 20, 3, 84, 37, 16, 11, 82, 45, 75, 20, 3]",[],"{""accepted_indices"": [0, 1, 2, 3, 4, 5, 6, 7, 8, 9, 1, 2, 3, 4, 5, 6, 7, 8, 9], ""num_clusters"": 1, ""cluster_scores"": [0.11611764402847898]}"
394,rflbat,rflbat_final_distance_filter,"[2, 84, 37, 16, 11, 82, 45, 75, 20, 3]",[],"{""accepted_indices"": [0, 1, 2, 3, 4, 5, 6, 7, 8, 9, 1, 2, 3, 4, 5, 6, 7, 8, 9], ""eps2"": 6, ""distance_median"": 0.2785357361389366}"
395,rflbat,rflbat_first_distance_filter,"[2, 12, 22, 17, 52, 59, 31, 43, 49, 30, 12, 22, 17, 52, 59, 31, 43, 49, 30]",[],"{""accepted_indices"": [0, 1, 2, 3, 4, 5, 6, 7, 8, 9, 1, 2, 3, 4, 5, 6, 7, 8, 9], ""eps1"": 10, ""distance_median"": 0.18478754635067615}"
395,rflbat,rflbat_cluster_filter,"[2, 12, 22, 17, 52, 59, 31, 43, 49, 30, 12, 22, 17, 52, 59, 31, 43, 49, 30]",[],"{""accepted_indices"": [0, 1, 2, 3, 4, 5, 6, 7, 8, 9, 1, 2, 3, 4, 5, 6, 7, 8, 9], ""num_clusters"": 1, ""cluster_scores"": [0.14678790588994176]}"
395,rflbat,rflbat_final_distance_filter,"[2, 12, 22, 17, 52, 59, 31, 43, 49, 30]",[],"{""accepted_indices"": [0, 1, 2, 3, 4, 5, 6, 7, 8, 9, 1, 2, 3, 4, 5, 6, 7, 8, 9], ""eps2"": 6, ""distance_median"": 0.3764629255836018}"
396,rflbat,rflbat_first_distance_filter,"[0, 35, 24, 17, 98, 76, 64, 32, 30, 74, 35, 24, 17, 98, 76, 64, 32, 30, 74]",[],"{""accepted_indices"": [0, 1, 2, 3, 4, 5, 6, 7, 8, 9, 1, 2, 3, 4, 5, 6, 7, 8, 9], ""eps1"": 10, ""distance_median"": 0.1637589266468099}"
396,rflbat,rflbat_cluster_filter,"[0, 35, 24, 17, 98, 76, 64, 32, 30, 74, 35, 24, 17, 98, 76, 64, 32, 30, 74]",[],"{""accepted_indices"": [0, 1, 2, 3, 4, 5, 6, 7, 8, 9, 1, 2, 3, 4, 5, 6, 7, 8, 9], ""num_clusters"": 1, ""cluster_scores"": [0.10400844055963966]}"
396,rflbat,rflbat_final_distance_filter,"[0, 35, 24, 17, 98, 76, 64, 32, 30, 74]",[],"{""accepted_indices"": [0, 1, 2, 3, 4, 5, 6, 7, 8, 9, 1, 2, 3, 4, 5, 6, 7, 8, 9], ""eps2"": 6, ""distance_median"": 0.22339100265242715}"
397,rflbat,rflbat_first_distance_filter,"[0, 9, 1, 69, 22, 31, 72, 14, 84, 44, 9, 1, 69, 22, 31, 72, 14, 84, 44]",[],"{""accepted_indices"": [0, 1, 2, 3, 4, 5, 6, 7, 8, 9, 1, 2, 3, 4, 5, 6, 7, 8, 9], ""eps1"": 10, ""distance_median"": 0.16455403285059733}"
397,rflbat,rflbat_cluster_filter,"[0, 9, 1, 69, 22, 31, 72, 14, 84, 44, 9, 1, 69, 22, 31, 72, 14, 84, 44]",[],"{""accepted_indices"": [0, 1, 2, 3, 4, 5, 6, 7, 8, 9, 1, 2, 3, 4, 5, 6, 7, 8, 9], ""num_clusters"": 1, ""cluster_scores"": [0.11135417813421898]}"
397,rflbat,rflbat_final_distance_filter,"[9, 1, 69, 22, 31, 72, 14, 84, 44]",[0],"{""accepted_indices"": [1, 2, 3, 4, 5, 6, 7, 8, 9, 1, 2, 3, 4, 5, 6, 7, 8, 9], ""eps2"": 6, ""distance_median"": 0.21679077321388687}"
398,rflbat,rflbat_first_distance_filter,"[0, 97, 63, 91, 30, 12, 94, 28, 83, 80, 97, 63, 91, 30, 12, 94, 28, 83, 80]",[],"{""accepted_indices"": [0, 1, 2, 3, 4, 5, 6, 7, 8, 9, 1, 2, 3, 4, 5, 6, 7, 8, 9], ""eps1"": 10, ""distance_median"": 0.14337683522151262}"
398,rflbat,rflbat_cluster_filter,"[0, 97, 63, 91, 30, 12, 94, 28, 83, 80, 97, 63, 91, 30, 12, 94, 28, 83, 80]",[],"{""accepted_indices"": [0, 1, 2, 3, 4, 5, 6, 7, 8, 9, 1, 2, 3, 4, 5, 6, 7, 8, 9], ""num_clusters"": 1, ""cluster_scores"": [0.10979834062830904]}"
398,rflbat,rflbat_final_distance_filter,"[97, 63, 91, 30, 12, 94, 28, 83, 80]",[0],"{""accepted_indices"": [1, 2, 3, 4, 5, 6, 7, 8, 9, 1, 2, 3, 4, 5, 6, 7, 8, 9], ""eps2"": 6, ""distance_median"": 0.20069928303541507}"
399,rflbat,rflbat_first_distance_filter,"[3, 62, 89, 45, 34, 10, 61, 23, 83, 38, 62, 89, 45, 34, 10, 61, 23, 83, 38]",[],"{""accepted_indices"": [0, 1, 2, 3, 4, 5, 6, 7, 8, 9, 1, 2, 3, 4, 5, 6, 7, 8, 9], ""eps1"": 10, ""distance_median"": 0.17474455214805845}"
399,rflbat,rflbat_cluster_filter,"[3, 62, 89, 45, 34, 10, 61, 23, 83, 38, 62, 89, 45, 34, 10, 61, 23, 83, 38]",[],"{""accepted_indices"": [0, 1, 2, 3, 4, 5, 6, 7, 8, 9, 1, 2, 3, 4, 5, 6, 7, 8, 9], ""num_clusters"": 1, ""cluster_scores"": [0.16839677243704562]}"
399,rflbat,rflbat_final_distance_filter,"[3, 62, 89, 45, 34, 10, 61, 23, 83, 38]",[],"{""accepted_indices"": [0, 1, 2, 3, 4, 5, 6, 7, 8, 9, 1, 2, 3, 4, 5, 6, 7, 8, 9], ""eps2"": 6, ""distance_median"": 0.3314385150456001}"
400,rflbat,rflbat_first_distance_filter,"[4, 16, 50, 28, 82, 20, 2, 95, 21, 81, 16, 50, 28, 82, 20, 2, 95, 21, 81]",[],"{""accepted_indices"": [0, 1, 2, 3, 4, 5, 6, 7, 8, 9, 1, 2, 3, 4, 5, 6, 7, 8, 9], ""eps1"": 10, ""distance_median"": 0.1166942582681702}"
400,rflbat,rflbat_cluster_filter,"[4, 16, 50, 28, 82, 20, 2, 95, 21, 81, 16, 50, 28, 82, 20, 2, 95, 21, 81]",[],"{""accepted_indices"": [0, 1, 2, 3, 4, 5, 6, 7, 8, 9, 1, 2, 3, 4, 5, 6, 7, 8, 9], ""num_clusters"": 1, ""cluster_scores"": [0.12354186144904561]}"
400,rflbat,rflbat_final_distance_filter,"[4, 16, 50, 28, 82, 20, 2, 95, 21, 81]",[],"{""accepted_indices"": [0, 1, 2, 3, 4, 5, 6, 7, 8, 9, 1, 2, 3, 4, 5, 6, 7, 8, 9], ""eps2"": 6, ""distance_median"": 0.21551802104712622}"
401,rflbat,rflbat_first_distance_filter,"[0, 68, 12, 87, 76, 10, 48, 30, 33, 63, 68, 12, 87, 76, 10, 48, 30, 33, 63]",[],"{""accepted_indices"": [0, 1, 2, 3, 4, 5, 6, 7, 8, 9, 1, 2, 3, 4, 5, 6, 7, 8, 9], ""eps1"": 10, ""distance_median"": 0.28252509162716233}"
401,rflbat,rflbat_cluster_filter,"[0, 68, 12, 87, 76, 10, 48, 30, 33, 63, 68, 12, 87, 76, 10, 48, 30, 33, 63]",[],"{""accepted_indices"": [0, 1, 2, 3, 4, 5, 6, 7, 8, 9, 1, 2, 3, 4, 5, 6, 7, 8, 9], ""num_clusters"": 1, ""cluster_scores"": [0.10115950014041863]}"
401,rflbat,rflbat_final_distance_filter,"[0, 68, 12, 87, 76, 10, 48, 30, 33, 63]",[],"{""accepted_indices"": [0, 1, 2, 3, 4, 5, 6, 7, 8, 9, 1, 2, 3, 4, 5, 6, 7, 8, 9], ""eps2"": 6, ""distance_median"": 0.493936770746824}"
402,rflbat,rflbat_first_distance_filter,"[4, 19, 97, 54, 33, 72, 91, 39, 87, 96, 19, 97, 54, 33, 72, 91, 39, 87, 96]",[],"{""accepted_indices"": [0, 1, 2, 3, 4, 5, 6, 7, 8, 9, 1, 2, 3, 4, 5, 6, 7, 8, 9], ""eps1"": 10, ""distance_median"": 0.15831913116129545}"
402,rflbat,rflbat_cluster_filter,"[4, 19, 97, 54, 33, 72, 91, 39, 87, 96, 19, 97, 54, 33, 72, 91, 39, 87, 96]",[],"{""accepted_indices"": [0, 1, 2, 3, 4, 5, 6, 7, 8, 9, 1, 2, 3, 4, 5, 6, 7, 8, 9], ""num_clusters"": 1, ""cluster_scores"": [0.12280615041208434]}"
402,rflbat,rflbat_final_distance_filter,"[4, 19, 97, 54, 33, 72, 91, 39, 87, 96]",[],"{""accepted_indices"": [0, 1, 2, 3, 4, 5, 6, 7, 8, 9, 1, 2, 3, 4, 5, 6, 7, 8, 9], ""eps2"": 6, ""distance_median"": 0.26127389294284953}"
403,rflbat,rflbat_first_distance_filter,"[2, 96, 28, 35, 10, 64, 25, 72, 36, 40, 96, 28, 35, 10, 64, 25, 72, 36, 40]",[],"{""accepted_indices"": [0, 1, 2, 3, 4, 5, 6, 7, 8, 9, 1, 2, 3, 4, 5, 6, 7, 8, 9], ""eps1"": 10, ""distance_median"": 0.1571281616186599}"
403,rflbat,rflbat_cluster_filter,"[2, 96, 28, 35, 10, 64, 25, 72, 36, 40, 96, 28, 35, 10, 64, 25, 72, 36, 40]",[],"{""accepted_indices"": [0, 1, 2, 3, 4, 5, 6, 7, 8, 9, 1, 2, 3, 4, 5, 6, 7, 8, 9], ""num_clusters"": 1, ""cluster_scores"": [0.08547198332520363]}"
403,rflbat,rflbat_final_distance_filter,"[2, 96, 28, 35, 10, 64, 25, 72, 36, 40]",[],"{""accepted_indices"": [0, 1, 2, 3, 4, 5, 6, 7, 8, 9, 1, 2, 3, 4, 5, 6, 7, 8, 9], ""eps2"": 6, ""distance_median"": 0.31536224511914634}"
404,rflbat,rflbat_first_distance_filter,"[3, 44, 36, 92, 6, 88, 27, 68, 93, 11, 44, 36, 92, 6, 88, 27, 68, 93, 11]",[],"{""accepted_indices"": [0, 1, 2, 3, 4, 5, 6, 7, 8, 9, 1, 2, 3, 4, 5, 6, 7, 8, 9], ""eps1"": 10, ""distance_median"": 0.17627876728177647}"
404,rflbat,rflbat_cluster_filter,"[3, 44, 36, 92, 6, 88, 27, 68, 93, 11, 44, 36, 92, 6, 88, 27, 68, 93, 11]",[],"{""accepted_indices"": [0, 1, 2, 3, 4, 5, 6, 7, 8, 9, 1, 2, 3, 4, 5, 6, 7, 8, 9], ""num_clusters"": 1, ""cluster_scores"": [0.12081801274995119]}"
404,rflbat,rflbat_final_distance_filter,"[3, 44, 36, 92, 6, 88, 27, 68, 93, 11]",[],"{""accepted_indices"": [0, 1, 2, 3, 4, 5, 6, 7, 8, 9, 1, 2, 3, 4, 5, 6, 7, 8, 9], ""eps2"": 6, ""distance_median"": 0.34673185514155846}"
405,rflbat,rflbat_first_distance_filter,"[3, 76, 86, 56, 64, 71, 32, 90, 7, 2, 76, 86, 56, 64, 71, 32, 90, 7, 2]",[],"{""accepted_indices"": [0, 1, 2, 3, 4, 5, 6, 7, 8, 9, 1, 2, 3, 4, 5, 6, 7, 8, 9], ""eps1"": 10, ""distance_median"": 0.14567668374848436}"
405,rflbat,rflbat_cluster_filter,"[3, 76, 86, 56, 64, 71, 32, 90, 7, 2, 76, 86, 56, 64, 71, 32, 90, 7, 2]",[],"{""accepted_indices"": [0, 1, 2, 3, 4, 5, 6, 7, 8, 9, 1, 2, 3, 4, 5, 6, 7, 8, 9], ""num_clusters"": 1, ""cluster_scores"": [0.09681190892706565]}"
405,rflbat,rflbat_final_distance_filter,"[3, 76, 86, 56, 64, 71, 32, 90, 7, 2]",[],"{""accepted_indices"": [0, 1, 2, 3, 4, 5, 6, 7, 8, 9, 1, 2, 3, 4, 5, 6, 7, 8, 9], ""eps2"": 6, ""distance_median"": 0.26660973877340377}"
406,rflbat,rflbat_first_distance_filter,"[2, 6, 36, 99, 41, 13, 60, 51, 37, 61, 6, 36, 99, 41, 13, 60, 51, 37, 61]",[],"{""accepted_indices"": [0, 1, 2, 3, 4, 5, 6, 7, 8, 9, 1, 2, 3, 4, 5, 6, 7, 8, 9], ""eps1"": 10, ""distance_median"": 0.14764757889141455}"
406,rflbat,rflbat_cluster_filter,"[2, 6, 36, 99, 41, 60, 51, 37, 61, 6, 36, 99, 41, 60, 51, 37, 61]",[13],"{""accepted_indices"": [0, 1, 2, 3, 4, 6, 7, 8, 9, 1, 2, 3, 4, 6, 7, 8, 9], ""num_clusters"": 2, ""cluster_scores"": [0.10822695364658395, 1.0000000000017562]}"
406,rflbat,rflbat_final_distance_filter,"[2, 6, 36, 99, 41, 60, 51, 37, 61]",[13],"{""accepted_indices"": [0, 1, 2, 3, 4, 6, 7, 8, 9, 1, 2, 3, 4, 6, 7, 8, 9], ""eps2"": 6, ""distance_median"": 0.19918535928037132}"
407,rflbat,rflbat_first_distance_filter,"[0, 14, 43, 80, 50, 97, 99, 23, 37, 12, 14, 43, 80, 50, 97, 99, 23, 37, 12]",[],"{""accepted_indices"": [0, 1, 2, 3, 4, 5, 6, 7, 8, 9, 1, 2, 3, 4, 5, 6, 7, 8, 9], ""eps1"": 10, ""distance_median"": 0.18848748692196488}"
407,rflbat,rflbat_cluster_filter,"[0, 14, 43, 80, 50, 97, 99, 23, 37, 12, 14, 43, 80, 50, 97, 99, 23, 37, 12]",[],"{""accepted_indices"": [0, 1, 2, 3, 4, 5, 6, 7, 8, 9, 1, 2, 3, 4, 5, 6, 7, 8, 9], ""num_clusters"": 1, ""cluster_scores"": [0.14767728576121963]}"
407,rflbat,rflbat_final_distance_filter,"[14, 43, 80, 50, 97, 99, 23, 37, 12]",[0],"{""accepted_indices"": [1, 2, 3, 4, 5, 6, 7, 8, 9, 1, 2, 3, 4, 5, 6, 7, 8, 9], ""eps2"": 6, ""distance_median"": 0.2643831213481888}"
408,rflbat,rflbat_first_distance_filter,"[2, 20, 83, 24, 89, 70, 93, 42, 41, 53, 20, 83, 24, 89, 70, 93, 42, 41, 53]",[],"{""accepted_indices"": [0, 1, 2, 3, 4, 5, 6, 7, 8, 9, 1, 2, 3, 4, 5, 6, 7, 8, 9], ""eps1"": 10, ""distance_median"": 0.213315128038024}"
408,rflbat,rflbat_cluster_filter,"[2, 20, 83, 24, 89, 70, 93, 42, 41, 53, 20, 83, 24, 89, 70, 93, 42, 41, 53]",[],"{""accepted_indices"": [0, 1, 2, 3, 4, 5, 6, 7, 8, 9, 1, 2, 3, 4, 5, 6, 7, 8, 9], ""num_clusters"": 1, ""cluster_scores"": [0.11410792469730038]}"
408,rflbat,rflbat_final_distance_filter,"[2, 20, 83, 24, 89, 70, 93, 42, 41, 53]",[],"{""accepted_indices"": [0, 1, 2, 3, 4, 5, 6, 7, 8, 9, 1, 2, 3, 4, 5, 6, 7, 8, 9], ""eps2"": 6, ""distance_median"": 0.4163786863800537}"
409,rflbat,rflbat_first_distance_filter,"[0, 47, 3, 28, 16, 56, 24, 87, 9, 8, 47, 3, 28, 16, 56, 24, 87, 9, 8]",[],"{""accepted_indices"": [0, 1, 2, 3, 4, 5, 6, 7, 8, 9, 1, 2, 3, 4, 5, 6, 7, 8, 9], ""eps1"": 10, ""distance_median"": 0.19405196841187805}"
409,rflbat,rflbat_cluster_filter,"[0, 47, 3, 28, 16, 56, 24, 87, 9, 8, 47, 3, 28, 16, 56, 24, 87, 9, 8]",[],"{""accepted_indices"": [0, 1, 2, 3, 4, 5, 6, 7, 8, 9, 1, 2, 3, 4, 5, 6, 7, 8, 9], ""num_clusters"": 1, ""cluster_scores"": [0.1111846766424516]}"
409,rflbat,rflbat_final_distance_filter,"[0, 47, 3, 28, 16, 56, 24, 87, 9, 8]",[],"{""accepted_indices"": [0, 1, 2, 3, 4, 5, 6, 7, 8, 9, 1, 2, 3, 4, 5, 6, 7, 8, 9], ""eps2"": 6, ""distance_median"": 0.2961910804138775}"
410,rflbat,rflbat_first_distance_filter,"[3, 89, 70, 27, 17, 31, 14, 32, 83, 82, 89, 70, 27, 17, 31, 14, 32, 83, 82]",[],"{""accepted_indices"": [0, 1, 2, 3, 4, 5, 6, 7, 8, 9, 1, 2, 3, 4, 5, 6, 7, 8, 9], ""eps1"": 10, ""distance_median"": 0.15944434256192214}"
410,rflbat,rflbat_cluster_filter,"[3, 89, 70, 27, 17, 31, 14, 32, 83, 82, 89, 70, 27, 17, 31, 14, 32, 83, 82]",[],"{""accepted_indices"": [0, 1, 2, 3, 4, 5, 6, 7, 8, 9, 1, 2, 3, 4, 5, 6, 7, 8, 9], ""num_clusters"": 1, ""cluster_scores"": [0.15757805521385382]}"
410,rflbat,rflbat_final_distance_filter,"[3, 89, 70, 27, 17, 31, 14, 32, 83, 82]",[],"{""accepted_indices"": [0, 1, 2, 3, 4, 5, 6, 7, 8, 9, 1, 2, 3, 4, 5, 6, 7, 8, 9], ""eps2"": 6, ""distance_median"": 0.31626648390547774}"
411,rflbat,rflbat_first_distance_filter,"[0, 25, 58, 63, 45, 1, 86, 85, 17, 10, 25, 58, 63, 45, 1, 86, 85, 17, 10]",[],"{""accepted_indices"": [0, 1, 2, 3, 4, 5, 6, 7, 8, 9, 1, 2, 3, 4, 5, 6, 7, 8, 9], ""eps1"": 10, ""distance_median"": 0.18907033723426261}"
411,rflbat,rflbat_cluster_filter,"[25, 58, 63, 45, 1, 86, 85, 17, 25, 58, 63, 45, 1, 86, 85, 17]","[0, 10]","{""accepted_indices"": [1, 2, 3, 4, 5, 6, 7, 8, 1, 2, 3, 4, 5, 6, 7, 8], ""num_clusters"": 3, ""cluster_scores"": [0.119894311710078, 1.0000000000009108, 1]}"
411,rflbat,rflbat_final_distance_filter,"[25, 58, 63, 45, 1, 86, 85, 17]","[0, 10]","{""accepted_indices"": [1, 2, 3, 4, 5, 6, 7, 8, 1, 2, 3, 4, 5, 6, 7, 8], ""eps2"": 6, ""distance_median"": 0.0821347707003123}"
412,rflbat,rflbat_first_distance_filter,"[1, 4, 54, 70, 64, 73, 41, 5, 28, 18, 4, 54, 70, 64, 73, 41, 5, 28, 18]",[],"{""accepted_indices"": [0, 1, 2, 3, 4, 5, 6, 7, 8, 9, 1, 2, 3, 4, 5, 6, 7, 8, 9], ""eps1"": 10, ""distance_median"": 0.23736081686646404}"
412,rflbat,rflbat_cluster_filter,"[1, 4, 54, 70, 64, 41, 5, 28, 18, 4, 54, 70, 64, 41, 5, 28, 18]",[73],"{""accepted_indices"": [0, 1, 2, 3, 4, 6, 7, 8, 9, 1, 2, 3, 4, 6, 7, 8, 9], ""num_clusters"": 2, ""cluster_scores"": [0.1931185524405851, 1.00000000000171]}"
412,rflbat,rflbat_final_distance_filter,"[1, 4, 54, 70, 64, 41, 5, 28, 18]",[73],"{""accepted_indices"": [0, 1, 2, 3, 4, 6, 7, 8, 9, 1, 2, 3, 4, 6, 7, 8, 9], ""eps2"": 6, ""distance_median"": 0.22778958281846023}"
413,rflbat,rflbat_first_distance_filter,"[4, 71, 68, 57, 52, 33, 0, 55, 84, 19, 71, 68, 57, 52, 33, 0, 55, 84, 19]",[],"{""accepted_indices"": [0, 1, 2, 3, 4, 5, 6, 7, 8, 9, 1, 2, 3, 4, 5, 6, 7, 8, 9], ""eps1"": 10, ""distance_median"": 0.16601528713340535}"
413,rflbat,rflbat_cluster_filter,"[4, 71, 68, 57, 52, 33, 0, 55, 84, 19, 71, 68, 57, 52, 33, 0, 55, 84, 19]",[],"{""accepted_indices"": [0, 1, 2, 3, 4, 5, 6, 7, 8, 9, 1, 2, 3, 4, 5, 6, 7, 8, 9], ""num_clusters"": 1, ""cluster_scores"": [0.15696675821706113]}"
413,rflbat,rflbat_final_distance_filter,"[4, 71, 68, 57, 52, 33, 0, 55, 84, 19]",[],"{""accepted_indices"": [0, 1, 2, 3, 4, 5, 6, 7, 8, 9, 1, 2, 3, 4, 5, 6, 7, 8, 9], ""eps2"": 6, ""distance_median"": 0.32874080651859094}"
414,rflbat,rflbat_first_distance_filter,"[0, 78, 68, 98, 49, 67, 96, 23, 21, 41, 78, 68, 98, 49, 67, 96, 23, 21, 41]",[],"{""accepted_indices"": [0, 1, 2, 3, 4, 5, 6, 7, 8, 9, 1, 2, 3, 4, 5, 6, 7, 8, 9], ""eps1"": 10, ""distance_median"": 0.22836735967176386}"
414,rflbat,rflbat_cluster_filter,"[0, 78, 98, 49, 67, 96, 23, 21, 41, 78, 98, 49, 67, 96, 23, 21, 41]",[68],"{""accepted_indices"": [0, 1, 3, 4, 5, 6, 7, 8, 9, 1, 3, 4, 5, 6, 7, 8, 9], ""num_clusters"": 2, ""cluster_scores"": [0.11502859060729717, 1.0000000000029328]}"
414,rflbat,rflbat_final_distance_filter,"[78, 98, 49, 67, 96, 23, 21, 41]","[0, 68]","{""accepted_indices"": [1, 3, 4, 5, 6, 7, 8, 9, 1, 3, 4, 5, 6, 7, 8, 9], ""eps2"": 6, ""distance_median"": 0.1826689936018003}"
415,rflbat,rflbat_first_distance_filter,"[4, 13, 43, 24, 28, 91, 1, 51, 50, 42, 13, 43, 24, 28, 91, 1, 51, 50, 42]",[],"{""accepted_indices"": [0, 1, 2, 3, 4, 5, 6, 7, 8, 9, 1, 2, 3, 4, 5, 6, 7, 8, 9], ""eps1"": 10, ""distance_median"": 0.2540263120977017}"
415,rflbat,rflbat_cluster_filter,"[4, 13, 43, 24, 28, 91, 1, 51, 50, 42, 13, 43, 24, 28, 91, 1, 51, 50, 42]",[],"{""accepted_indices"": [0, 1, 2, 3, 4, 5, 6, 7, 8, 9, 1, 2, 3, 4, 5, 6, 7, 8, 9], ""num_clusters"": 1, ""cluster_scores"": [0.10396847789208226]}"
415,rflbat,rflbat_final_distance_filter,"[4, 13, 43, 24, 28, 91, 1, 51, 50, 42]",[],"{""accepted_indices"": [0, 1, 2, 3, 4, 5, 6, 7, 8, 9, 1, 2, 3, 4, 5, 6, 7, 8, 9], ""eps2"": 6, ""distance_median"": 0.5018353862016134}"
416,rflbat,rflbat_first_distance_filter,"[1, 59, 72, 14, 49, 45, 80, 34, 10, 12, 59, 72, 14, 49, 45, 80, 34, 10, 12]",[],"{""accepted_indices"": [0, 1, 2, 3, 4, 5, 6, 7, 8, 9, 1, 2, 3, 4, 5, 6, 7, 8, 9], ""eps1"": 10, ""distance_median"": 0.1410865851008471}"
416,rflbat,rflbat_cluster_filter,"[1, 59, 72, 14, 49, 45, 80, 34, 10, 12, 59, 72, 14, 49, 45, 80, 34, 10, 12]",[],"{""accepted_indices"": [0, 1, 2, 3, 4, 5, 6, 7, 8, 9, 1, 2, 3, 4, 5, 6, 7, 8, 9], ""num_clusters"": 1, ""cluster_scores"": [0.1344585024681174]}"
416,rflbat,rflbat_final_distance_filter,"[1, 59, 72, 14, 49, 45, 80, 34, 10, 12]",[],"{""accepted_indices"": [0, 1, 2, 3, 4, 5, 6, 7, 8, 9, 1, 2, 3, 4, 5, 6, 7, 8, 9], ""eps2"": 6, ""distance_median"": 0.26995349665147217}"
417,rflbat,rflbat_first_distance_filter,"[1, 32, 66, 85, 50, 62, 34, 57, 54, 68, 32, 66, 85, 50, 62, 34, 57, 54, 68]",[],"{""accepted_indices"": [0, 1, 2, 3, 4, 5, 6, 7, 8, 9, 1, 2, 3, 4, 5, 6, 7, 8, 9], ""eps1"": 10, ""distance_median"": 0.20912224122881728}"
417,rflbat,rflbat_cluster_filter,"[1, 32, 66, 85, 50, 62, 34, 57, 54, 68, 32, 66, 85, 50, 62, 34, 57, 54, 68]",[],"{""accepted_indices"": [0, 1, 2, 3, 4, 5, 6, 7, 8, 9, 1, 2, 3, 4, 5, 6, 7, 8, 9], ""num_clusters"": 1, ""cluster_scores"": [0.10114956787997315]}"
417,rflbat,rflbat_final_distance_filter,"[1, 32, 66, 85, 50, 62, 34, 57, 54, 68]",[],"{""accepted_indices"": [0, 1, 2, 3, 4, 5, 6, 7, 8, 9, 1, 2, 3, 4, 5, 6, 7, 8, 9], ""eps2"": 6, ""distance_median"": 0.41587941047374677}"
418,rflbat,rflbat_first_distance_filter,"[4, 85, 38, 17, 52, 65, 45, 8, 42, 19, 85, 38, 17, 52, 65, 45, 8, 42, 19]",[],"{""accepted_indices"": [0, 1, 2, 3, 4, 5, 6, 7, 8, 9, 1, 2, 3, 4, 5, 6, 7, 8, 9], ""eps1"": 10, ""distance_median"": 0.14024994783321026}"
418,rflbat,rflbat_cluster_filter,"[4, 85, 38, 17, 52, 65, 45, 8, 42, 19, 85, 38, 17, 52, 65, 45, 8, 42, 19]",[],"{""accepted_indices"": [0, 1, 2, 3, 4, 5, 6, 7, 8, 9, 1, 2, 3, 4, 5, 6, 7, 8, 9], ""num_clusters"": 1, ""cluster_scores"": [0.08860541802060407]}"
418,rflbat,rflbat_final_distance_filter,"[4, 85, 38, 17, 52, 65, 45, 8, 42, 19]",[],"{""accepted_indices"": [0, 1, 2, 3, 4, 5, 6, 7, 8, 9, 1, 2, 3, 4, 5, 6, 7, 8, 9], ""eps2"": 6, ""distance_median"": 0.2919304650192484}"
419,rflbat,rflbat_first_distance_filter,"[1, 71, 78, 75, 98, 45, 66, 72, 95, 76, 71, 78, 75, 98, 45, 66, 72, 95, 76]",[],"{""accepted_indices"": [0, 1, 2, 3, 4, 5, 6, 7, 8, 9, 1, 2, 3, 4, 5, 6, 7, 8, 9], ""eps1"": 10, ""distance_median"": 0.184407815253856}"
419,rflbat,rflbat_cluster_filter,"[1, 71, 78, 75, 98, 45, 66, 72, 95, 76, 71, 78, 75, 98, 45, 66, 72, 95, 76]",[],"{""accepted_indices"": [0, 1, 2, 3, 4, 5, 6, 7, 8, 9, 1, 2, 3, 4, 5, 6, 7, 8, 9], ""num_clusters"": 1, ""cluster_scores"": [0.16902584794308365]}"
419,rflbat,rflbat_final_distance_filter,"[1, 71, 78, 75, 98, 45, 66, 72, 95, 76]",[],"{""accepted_indices"": [0, 1, 2, 3, 4, 5, 6, 7, 8, 9, 1, 2, 3, 4, 5, 6, 7, 8, 9], ""eps2"": 6, ""distance_median"": 0.35744049382589743}"
420,rflbat,rflbat_first_distance_filter,"[2, 36, 24, 83, 52, 43, 93, 1, 73, 95, 36, 24, 83, 52, 43, 93, 1, 73, 95]",[],"{""accepted_indices"": [0, 1, 2, 3, 4, 5, 6, 7, 8, 9, 1, 2, 3, 4, 5, 6, 7, 8, 9], ""eps1"": 10, ""distance_median"": 0.21451249423052204}"
420,rflbat,rflbat_cluster_filter,"[2, 36, 24, 83, 52, 43, 93, 1, 73, 95, 36, 24, 83, 52, 43, 93, 1, 73, 95]",[],"{""accepted_indices"": [0, 1, 2, 3, 4, 5, 6, 7, 8, 9, 1, 2, 3, 4, 5, 6, 7, 8, 9], ""num_clusters"": 1, ""cluster_scores"": [0.11356108000059911]}"
420,rflbat,rflbat_final_distance_filter,"[2, 36, 24, 83, 52, 43, 93, 1, 73, 95]",[],"{""accepted_indices"": [0, 1, 2, 3, 4, 5, 6, 7, 8, 9, 1, 2, 3, 4, 5, 6, 7, 8, 9], ""eps2"": 6, ""distance_median"": 0.4249964708028386}"
421,rflbat,rflbat_first_distance_filter,"[4, 80, 47, 31, 45, 61, 43, 23, 87, 2, 80, 47, 31, 45, 61, 43, 23, 87, 2]",[],"{""accepted_indices"": [0, 1, 2, 3, 4, 5, 6, 7, 8, 9, 1, 2, 3, 4, 5, 6, 7, 8, 9], ""eps1"": 10, ""distance_median"": 0.23731602812612546}"
421,rflbat,rflbat_cluster_filter,"[4, 80, 47, 31, 45, 61, 43, 23, 87, 2, 80, 47, 31, 45, 61, 43, 23, 87, 2]",[],"{""accepted_indices"": [0, 1, 2, 3, 4, 5, 6, 7, 8, 9, 1, 2, 3, 4, 5, 6, 7, 8, 9], ""num_clusters"": 1, ""cluster_scores"": [0.1599083872810363]}"
421,rflbat,rflbat_final_distance_filter,"[4, 80, 47, 45, 61, 43, 23, 87, 2]",[31],"{""accepted_indices"": [0, 1, 2, 4, 5, 6, 7, 8, 9, 1, 2, 4, 5, 6, 7, 8, 9], ""eps2"": 6, ""distance_median"": 0.421806008427685}"
422,rflbat,rflbat_first_distance_filter,"[1, 58, 46, 65, 89, 62, 29, 53, 18, 11, 58, 46, 65, 89, 62, 29, 53, 18, 11]",[],"{""accepted_indices"": [0, 1, 2, 3, 4, 5, 6, 7, 8, 9, 1, 2, 3, 4, 5, 6, 7, 8, 9], ""eps1"": 10, ""distance_median"": 0.1727572611742207}"
422,rflbat,rflbat_cluster_filter,"[1, 58, 46, 65, 89, 62, 29, 53, 18, 11, 58, 46, 65, 89, 62, 29, 53, 18, 11]",[],"{""accepted_indices"": [0, 1, 2, 3, 4, 5, 6, 7, 8, 9, 1, 2, 3, 4, 5, 6, 7, 8, 9], ""num_clusters"": 1, ""cluster_scores"": [0.2436138299663602]}"
422,rflbat,rflbat_final_distance_filter,"[1, 58, 46, 65, 89, 62, 29, 53, 18, 11]",[],"{""accepted_indices"": [0, 1, 2, 3, 4, 5, 6, 7, 8, 9, 1, 2, 3, 4, 5, 6, 7, 8, 9], ""eps2"": 6, ""distance_median"": 0.34195622662934383}"
423,rflbat,rflbat_first_distance_filter,"[0, 26, 90, 74, 49, 17, 84, 69, 54, 30, 26, 90, 74, 49, 17, 84, 69, 54, 30]",[],"{""accepted_indices"": [0, 1, 2, 3, 4, 5, 6, 7, 8, 9, 1, 2, 3, 4, 5, 6, 7, 8, 9], ""eps1"": 10, ""distance_median"": 0.3392038522955302}"
423,rflbat,rflbat_cluster_filter,"[0, 26, 90, 74, 49, 17, 84, 69, 54, 30, 26, 90, 74, 49, 17, 84, 69, 54, 30]",[],"{""accepted_indices"": [0, 1, 2, 3, 4, 5, 6, 7, 8, 9, 1, 2, 3, 4, 5, 6, 7, 8, 9], ""num_clusters"": 1, ""cluster_scores"": [0.10603092679024906]}"
423,rflbat,rflbat_final_distance_filter,"[0, 90, 74, 49, 17, 84, 69, 54, 30]",[26],"{""accepted_indices"": [0, 2, 3, 4, 5, 6, 7, 8, 9, 2, 3, 4, 5, 6, 7, 8, 9], ""eps2"": 6, ""distance_median"": 0.5997673898239397}"
424,rflbat,rflbat_first_distance_filter,"[1, 83, 70, 69, 4, 39, 23, 53, 97, 85, 83, 70, 69, 4, 39, 23, 53, 97, 85]",[],"{""accepted_indices"": [0, 1, 2, 3, 4, 5, 6, 7, 8, 9, 1, 2, 3, 4, 5, 6, 7, 8, 9], ""eps1"": 10, ""distance_median"": 0.1470378406098375}"
424,rflbat,rflbat_cluster_filter,"[1, 83, 70, 69, 4, 39, 23, 53, 97, 85, 83, 70, 69, 4, 39, 23, 53, 97, 85]",[],"{""accepted_indices"": [0, 1, 2, 3, 4, 5, 6, 7, 8, 9, 1, 2, 3, 4, 5, 6, 7, 8, 9], ""num_clusters"": 1, ""cluster_scores"": [0.12062204370776385]}"
424,rflbat,rflbat_final_distance_filter,"[1, 83, 70, 69, 4, 39, 23, 53, 97, 85]",[],"{""accepted_indices"": [0, 1, 2, 3, 4, 5, 6, 7, 8, 9, 1, 2, 3, 4, 5, 6, 7, 8, 9], ""eps2"": 6, ""distance_median"": 0.28708427717557533}"
425,rflbat,rflbat_first_distance_filter,"[0, 12, 19, 89, 93, 95, 35, 14, 4, 25, 12, 19, 89, 93, 95, 35, 14, 4, 25]",[],"{""accepted_indices"": [0, 1, 2, 3, 4, 5, 6, 7, 8, 9, 1, 2, 3, 4, 5, 6, 7, 8, 9], ""eps1"": 10, ""distance_median"": 0.21851106317191982}"
425,rflbat,rflbat_cluster_filter,"[12, 19, 89, 93, 95, 35, 14, 25, 12, 19, 89, 93, 95, 35, 14, 25]","[0, 4]","{""accepted_indices"": [1, 2, 3, 4, 5, 6, 7, 9, 1, 2, 3, 4, 5, 6, 7, 9], ""num_clusters"": 3, ""cluster_scores"": [0.12876754400749738, 1.0000000000016944, 1]}"
425,rflbat,rflbat_final_distance_filter,"[12, 19, 89, 93, 95, 35, 14, 25]","[0, 4]","{""accepted_indices"": [1, 2, 3, 4, 5, 6, 7, 9, 1, 2, 3, 4, 5, 6, 7, 9], ""eps2"": 6, ""distance_median"": 0.06629480539174956}"
426,rflbat,rflbat_first_distance_filter,"[2, 86, 29, 78, 26, 79, 80, 95, 30, 40, 86, 29, 78, 26, 79, 80, 95, 30, 40]",[],"{""accepted_indices"": [0, 1, 2, 3, 4, 5, 6, 7, 8, 9, 1, 2, 3, 4, 5, 6, 7, 8, 9], ""eps1"": 10, ""distance_median"": 0.11193271681908028}"
426,rflbat,rflbat_cluster_filter,"[2, 86, 29, 78, 26, 79, 80, 95, 30, 40, 86, 29, 78, 26, 79, 80, 95, 30, 40]",[],"{""accepted_indices"": [0, 1, 2, 3, 4, 5, 6, 7, 8, 9, 1, 2, 3, 4, 5, 6, 7, 8, 9], ""num_clusters"": 1, ""cluster_scores"": [0.09216550487099678]}"
426,rflbat,rflbat_final_distance_filter,"[2, 86, 29, 78, 26, 79, 80, 95, 30, 40]",[],"{""accepted_indices"": [0, 1, 2, 3, 4, 5, 6, 7, 8, 9, 1, 2, 3, 4, 5, 6, 7, 8, 9], ""eps2"": 6, ""distance_median"": 0.21579015533363002}"
427,rflbat,rflbat_first_distance_filter,"[2, 76, 96, 19, 29, 89, 49, 37, 14, 79, 76, 96, 19, 29, 89, 49, 37, 14, 79]",[],"{""accepted_indices"": [0, 1, 2, 3, 4, 5, 6, 7, 8, 9, 1, 2, 3, 4, 5, 6, 7, 8, 9], ""eps1"": 10, ""distance_median"": 0.0717381691644833}"
427,rflbat,rflbat_cluster_filter,"[2, 76, 96, 19, 29, 89, 49, 37, 14, 79, 76, 96, 19, 29, 89, 49, 37, 14, 79]",[],"{""accepted_indices"": [0, 1, 2, 3, 4, 5, 6, 7, 8, 9, 1, 2, 3, 4, 5, 6, 7, 8, 9], ""num_clusters"": 1, ""cluster_scores"": [0.11383605621744057]}"
427,rflbat,rflbat_final_distance_filter,"[2, 76, 96, 19, 29, 89, 49, 37, 14, 79]",[],"{""accepted_indices"": [0, 1, 2, 3, 4, 5, 6, 7, 8, 9, 1, 2, 3, 4, 5, 6, 7, 8, 9], ""eps2"": 6, ""distance_median"": 0.13623519204744022}"
428,rflbat,rflbat_first_distance_filter,"[3, 28, 29, 37, 50, 97, 98, 63, 71, 23, 28, 29, 37, 50, 97, 98, 63, 71, 23]",[],"{""accepted_indices"": [0, 1, 2, 3, 4, 5, 6, 7, 8, 9, 1, 2, 3, 4, 5, 6, 7, 8, 9], ""eps1"": 10, ""distance_median"": 0.18399528369301793}"
428,rflbat,rflbat_cluster_filter,"[3, 28, 29, 37, 50, 97, 98, 63, 71, 23, 28, 29, 37, 50, 97, 98, 63, 71, 23]",[],"{""accepted_indices"": [0, 1, 2, 3, 4, 5, 6, 7, 8, 9, 1, 2, 3, 4, 5, 6, 7, 8, 9], ""num_clusters"": 1, ""cluster_scores"": [0.09662649945254388]}"
428,rflbat,rflbat_final_distance_filter,"[3, 28, 29, 37, 50, 97, 98, 63, 71, 23]",[],"{""accepted_indices"": [0, 1, 2, 3, 4, 5, 6, 7, 8, 9, 1, 2, 3, 4, 5, 6, 7, 8, 9], ""eps2"": 6, ""distance_median"": 0.3700925449421674}"
429,rflbat,rflbat_first_distance_filter,"[1, 4, 86, 88, 25, 5, 61, 64, 20, 48, 4, 86, 88, 25, 5, 61, 64, 20, 48]",[],"{""accepted_indices"": [0, 1, 2, 3, 4, 5, 6, 7, 8, 9, 1, 2, 3, 4, 5, 6, 7, 8, 9], ""eps1"": 10, ""distance_median"": 0.21159869571740952}"
429,rflbat,rflbat_cluster_filter,"[1, 4, 86, 88, 25, 5, 61, 64, 20, 48, 4, 86, 88, 25, 5, 61, 64, 20, 48]",[],"{""accepted_indices"": [0, 1, 2, 3, 4, 5, 6, 7, 8, 9, 1, 2, 3, 4, 5, 6, 7, 8, 9], ""num_clusters"": 1, ""cluster_scores"": [0.11231070180125698]}"
429,rflbat,rflbat_final_distance_filter,"[1, 4, 86, 88, 25, 5, 61, 64, 20, 48]",[],"{""accepted_indices"": [0, 1, 2, 3, 4, 5, 6, 7, 8, 9, 1, 2, 3, 4, 5, 6, 7, 8, 9], ""eps2"": 6, ""distance_median"": 0.42393834268922276}"
430,rflbat,rflbat_first_distance_filter,"[3, 35, 68, 49, 21, 82, 23, 67, 45, 57, 35, 68, 49, 21, 82, 23, 67, 45, 57]",[],"{""accepted_indices"": [0, 1, 2, 3, 4, 5, 6, 7, 8, 9, 1, 2, 3, 4, 5, 6, 7, 8, 9], ""eps1"": 10, ""distance_median"": 0.12399056742242562}"
430,rflbat,rflbat_cluster_filter,"[3, 35, 68, 49, 21, 82, 23, 67, 45, 57, 35, 68, 49, 21, 82, 23, 67, 45, 57]",[],"{""accepted_indices"": [0, 1, 2, 3, 4, 5, 6, 7, 8, 9, 1, 2, 3, 4, 5, 6, 7, 8, 9], ""num_clusters"": 1, ""cluster_scores"": [0.09706637853587435]}"
430,rflbat,rflbat_final_distance_filter,"[3, 35, 68, 49, 21, 82, 23, 67, 45, 57]",[],"{""accepted_indices"": [0, 1, 2, 3, 4, 5, 6, 7, 8, 9, 1, 2, 3, 4, 5, 6, 7, 8, 9], ""eps2"": 6, ""distance_median"": 0.24487825769404117}"
431,rflbat,rflbat_first_distance_filter,"[2, 0, 9, 37, 38, 69, 7, 11, 28, 6, 0, 9, 37, 38, 69, 7, 11, 28, 6]",[],"{""accepted_indices"": [0, 1, 2, 3, 4, 5, 6, 7, 8, 9, 1, 2, 3, 4, 5, 6, 7, 8, 9], ""eps1"": 10, ""distance_median"": 0.20317856801376522}"
431,rflbat,rflbat_cluster_filter,"[2, 0, 9, 37, 38, 69, 7, 11, 28, 6, 0, 9, 37, 38, 69, 7, 11, 28, 6]",[],"{""accepted_indices"": [0, 1, 2, 3, 4, 5, 6, 7, 8, 9, 1, 2, 3, 4, 5, 6, 7, 8, 9], ""num_clusters"": 1, ""cluster_scores"": [0.12234564725046937]}"
431,rflbat,rflbat_final_distance_filter,"[2, 0, 9, 37, 38, 69, 7, 11, 28, 6]",[],"{""accepted_indices"": [0, 1, 2, 3, 4, 5, 6, 7, 8, 9, 1, 2, 3, 4, 5, 6, 7, 8, 9], ""eps2"": 6, ""distance_median"": 0.4026478677943134}"
432,rflbat,rflbat_first_distance_filter,"[0, 9, 30, 36, 58, 1, 99, 86, 78, 48, 9, 30, 36, 58, 1, 99, 86, 78, 48]",[],"{""accepted_indices"": [0, 1, 2, 3, 4, 5, 6, 7, 8, 9, 1, 2, 3, 4, 5, 6, 7, 8, 9], ""eps1"": 10, ""distance_median"": 0.2431782168159557}"
432,rflbat,rflbat_cluster_filter,"[0, 9, 30, 36, 58, 1, 99, 86, 78, 48, 9, 30, 36, 58, 1, 99, 86, 78, 48]",[],"{""accepted_indices"": [0, 1, 2, 3, 4, 5, 6, 7, 8, 9, 1, 2, 3, 4, 5, 6, 7, 8, 9], ""num_clusters"": 1, ""cluster_scores"": [0.1056609616964998]}"
432,rflbat,rflbat_final_distance_filter,"[0, 9, 30, 36, 58, 1, 99, 86, 78, 48]",[],"{""accepted_indices"": [0, 1, 2, 3, 4, 5, 6, 7, 8, 9, 1, 2, 3, 4, 5, 6, 7, 8, 9], ""eps2"": 6, ""distance_median"": 0.38749343973191835}"
433,rflbat,rflbat_first_distance_filter,"[1, 71, 97, 0, 27, 40, 24, 77, 23, 8, 71, 97, 0, 27, 40, 24, 77, 23, 8]",[],"{""accepted_indices"": [0, 1, 2, 3, 4, 5, 6, 7, 8, 9, 1, 2, 3, 4, 5, 6, 7, 8, 9], ""eps1"": 10, ""distance_median"": 0.18315761387562518}"
433,rflbat,rflbat_cluster_filter,"[1, 71, 97, 0, 27, 40, 24, 77, 23, 8, 71, 97, 0, 27, 40, 24, 77, 23, 8]",[],"{""accepted_indices"": [0, 1, 2, 3, 4, 5, 6, 7, 8, 9, 1, 2, 3, 4, 5, 6, 7, 8, 9], ""num_clusters"": 1, ""cluster_scores"": [0.09616096965350657]}"
433,rflbat,rflbat_final_distance_filter,"[1, 71, 97, 0, 27, 40, 24, 77, 23, 8]",[],"{""accepted_indices"": [0, 1, 2, 3, 4, 5, 6, 7, 8, 9, 1, 2, 3, 4, 5, 6, 7, 8, 9], ""eps2"": 6, ""distance_median"": 0.3625090164805861}"
434,rflbat,rflbat_first_distance_filter,"[4, 80, 6, 87, 24, 1, 7, 76, 79, 70, 80, 6, 87, 24, 1, 7, 76, 79, 70]",[],"{""accepted_indices"": [0, 1, 2, 3, 4, 5, 6, 7, 8, 9, 1, 2, 3, 4, 5, 6, 7, 8, 9], ""eps1"": 10, ""distance_median"": 0.08341676402162967}"
434,rflbat,rflbat_cluster_filter,"[4, 80, 6, 87, 24, 1, 7, 76, 79, 70, 80, 6, 87, 24, 1, 7, 76, 79, 70]",[],"{""accepted_indices"": [0, 1, 2, 3, 4, 5, 6, 7, 8, 9, 1, 2, 3, 4, 5, 6, 7, 8, 9], ""num_clusters"": 1, ""cluster_scores"": [0.13053903945067857]}"
434,rflbat,rflbat_final_distance_filter,"[4, 80, 6, 87, 24, 1, 7, 76, 79, 70]",[],"{""accepted_indices"": [0, 1, 2, 3, 4, 5, 6, 7, 8, 9, 1, 2, 3, 4, 5, 6, 7, 8, 9], ""eps2"": 6, ""distance_median"": 0.1686517208937283}"
435,rflbat,rflbat_first_distance_filter,"[2, 0, 98, 99, 58, 89, 34, 92, 91, 20, 0, 98, 99, 58, 89, 34, 92, 91, 20]",[],"{""accepted_indices"": [0, 1, 2, 3, 4, 5, 6, 7, 8, 9, 1, 2, 3, 4, 5, 6, 7, 8, 9], ""eps1"": 10, ""distance_median"": 0.12881910740168545}"
435,rflbat,rflbat_cluster_filter,"[2, 0, 98, 99, 58, 89, 34, 92, 91, 20, 0, 98, 99, 58, 89, 34, 92, 91, 20]",[],"{""accepted_indices"": [0, 1, 2, 3, 4, 5, 6, 7, 8, 9, 1, 2, 3, 4, 5, 6, 7, 8, 9], ""num_clusters"": 1, ""cluster_scores"": [0.13384615486499732]}"
435,rflbat,rflbat_final_distance_filter,"[2, 0, 98, 99, 58, 89, 34, 92, 91, 20]",[],"{""accepted_indices"": [0, 1, 2, 3, 4, 5, 6, 7, 8, 9, 1, 2, 3, 4, 5, 6, 7, 8, 9], ""eps2"": 6, ""distance_median"": 0.2525039078775614}"
436,rflbat,rflbat_first_distance_filter,"[3, 23, 62, 41, 60, 18, 97, 58, 31, 57, 23, 62, 41, 60, 18, 97, 58, 31, 57]",[],"{""accepted_indices"": [0, 1, 2, 3, 4, 5, 6, 7, 8, 9, 1, 2, 3, 4, 5, 6, 7, 8, 9], ""eps1"": 10, ""distance_median"": 0.14330810681910078}"
436,rflbat,rflbat_cluster_filter,"[3, 23, 41, 60, 18, 97, 58, 31, 57, 23, 41, 60, 18, 97, 58, 31, 57]",[62],"{""accepted_indices"": [0, 1, 3, 4, 5, 6, 7, 8, 9, 1, 3, 4, 5, 6, 7, 8, 9], ""num_clusters"": 2, ""cluster_scores"": [0.1236829844267181, 1.0000000000014786]}"
436,rflbat,rflbat_final_distance_filter,"[3, 23, 41, 60, 18, 97, 58, 31, 57]",[62],"{""accepted_indices"": [0, 1, 3, 4, 5, 6, 7, 8, 9, 1, 3, 4, 5, 6, 7, 8, 9], ""eps2"": 6, ""distance_median"": 0.18339873580515414}"
437,rflbat,rflbat_first_distance_filter,"[2, 51, 23, 28, 72, 15, 83, 55, 30, 31, 51, 23, 28, 72, 15, 83, 55, 30, 31]",[],"{""accepted_indices"": [0, 1, 2, 3, 4, 5, 6, 7, 8, 9, 1, 2, 3, 4, 5, 6, 7, 8, 9], ""eps1"": 10, ""distance_median"": 0.2749599870386108}"
437,rflbat,rflbat_cluster_filter,"[2, 51, 23, 28, 72, 15, 83, 55, 30, 31, 51, 23, 28, 72, 15, 83, 55, 30, 31]",[],"{""accepted_indices"": [0, 1, 2, 3, 4, 5, 6, 7, 8, 9, 1, 2, 3, 4, 5, 6, 7, 8, 9], ""num_clusters"": 1, ""cluster_scores"": [0.11429225264754614]}"
437,rflbat,rflbat_final_distance_filter,"[2, 51, 23, 28, 72, 15, 83, 55, 30, 31]",[],"{""accepted_indices"": [0, 1, 2, 3, 4, 5, 6, 7, 8, 9, 1, 2, 3, 4, 5, 6, 7, 8, 9], ""eps2"": 6, ""distance_median"": 0.5477286950823727}"
438,rflbat,rflbat_first_distance_filter,"[3, 81, 51, 31, 20, 2, 94, 34, 39, 89, 81, 51, 31, 20, 2, 94, 34, 39, 89]",[],"{""accepted_indices"": [0, 1, 2, 3, 4, 5, 6, 7, 8, 9, 1, 2, 3, 4, 5, 6, 7, 8, 9], ""eps1"": 10, ""distance_median"": 0.1598284384896944}"
438,rflbat,rflbat_cluster_filter,"[3, 81, 51, 31, 20, 2, 94, 34, 39, 89, 81, 51, 31, 20, 2, 94, 34, 39, 89]",[],"{""accepted_indices"": [0, 1, 2, 3, 4, 5, 6, 7, 8, 9, 1, 2, 3, 4, 5, 6, 7, 8, 9], ""num_clusters"": 1, ""cluster_scores"": [0.11869266610244004]}"
438,rflbat,rflbat_final_distance_filter,"[3, 81, 51, 31, 20, 2, 94, 34, 39, 89]",[],"{""accepted_indices"": [0, 1, 2, 3, 4, 5, 6, 7, 8, 9, 1, 2, 3, 4, 5, 6, 7, 8, 9], ""eps2"": 6, ""distance_median"": 0.30908219454787667}"
439,rflbat,rflbat_first_distance_filter,"[1, 47, 11, 81, 71, 84, 86, 27, 63, 26, 47, 11, 81, 71, 84, 86, 27, 63, 26]",[],"{""accepted_indices"": [0, 1, 2, 3, 4, 5, 6, 7, 8, 9, 1, 2, 3, 4, 5, 6, 7, 8, 9], ""eps1"": 10, ""distance_median"": 0.15864314594458617}"
439,rflbat,rflbat_cluster_filter,"[1, 47, 11, 81, 71, 84, 86, 27, 63, 26, 47, 11, 81, 71, 84, 86, 27, 63, 26]",[],"{""accepted_indices"": [0, 1, 2, 3, 4, 5, 6, 7, 8, 9, 1, 2, 3, 4, 5, 6, 7, 8, 9], ""num_clusters"": 1, ""cluster_scores"": [0.17661287687557337]}"
439,rflbat,rflbat_final_distance_filter,"[1, 47, 11, 81, 71, 84, 86, 27, 63, 26]",[],"{""accepted_indices"": [0, 1, 2, 3, 4, 5, 6, 7, 8, 9, 1, 2, 3, 4, 5, 6, 7, 8, 9], ""eps2"": 6, ""distance_median"": 0.3125706178145628}"
440,rflbat,rflbat_first_distance_filter,"[4, 60, 14, 81, 22, 93, 82, 67, 89, 16, 60, 14, 81, 22, 93, 82, 67, 89, 16]",[],"{""accepted_indices"": [0, 1, 2, 3, 4, 5, 6, 7, 8, 9, 1, 2, 3, 4, 5, 6, 7, 8, 9], ""eps1"": 10, ""distance_median"": 0.19128089908878626}"
440,rflbat,rflbat_cluster_filter,"[4, 60, 14, 81, 22, 93, 82, 67, 89, 16, 60, 14, 81, 22, 93, 82, 67, 89, 16]",[],"{""accepted_indices"": [0, 1, 2, 3, 4, 5, 6, 7, 8, 9, 1, 2, 3, 4, 5, 6, 7, 8, 9], ""num_clusters"": 1, ""cluster_scores"": [0.11194645896179842]}"
440,rflbat,rflbat_final_distance_filter,"[60, 14, 81, 22, 93, 82, 67, 89, 16]",[4],"{""accepted_indices"": [1, 2, 3, 4, 5, 6, 7, 8, 9, 1, 2, 3, 4, 5, 6, 7, 8, 9], ""eps2"": 6, ""distance_median"": 0.2765386249759004}"
441,rflbat,rflbat_first_distance_filter,"[3, 11, 75, 69, 57, 8, 33, 27, 26, 97, 11, 75, 69, 57, 8, 33, 27, 26, 97]",[],"{""accepted_indices"": [0, 1, 2, 3, 4, 5, 6, 7, 8, 9, 1, 2, 3, 4, 5, 6, 7, 8, 9], ""eps1"": 10, ""distance_median"": 0.1938446084548561}"
441,rflbat,rflbat_cluster_filter,"[3, 11, 75, 69, 57, 8, 33, 27, 26, 97, 11, 75, 69, 57, 8, 33, 27, 26, 97]",[],"{""accepted_indices"": [0, 1, 2, 3, 4, 5, 6, 7, 8, 9, 1, 2, 3, 4, 5, 6, 7, 8, 9], ""num_clusters"": 1, ""cluster_scores"": [0.1084036483806868]}"
441,rflbat,rflbat_final_distance_filter,"[3, 11, 75, 69, 57, 8, 33, 27, 26, 97]",[],"{""accepted_indices"": [0, 1, 2, 3, 4, 5, 6, 7, 8, 9, 1, 2, 3, 4, 5, 6, 7, 8, 9], ""eps2"": 6, ""distance_median"": 0.3675762937521836}"
442,rflbat,rflbat_first_distance_filter,"[2, 76, 54, 82, 31, 17, 35, 1, 27, 7, 76, 54, 82, 31, 17, 35, 1, 27, 7]",[],"{""accepted_indices"": [0, 1, 2, 3, 4, 5, 6, 7, 8, 9, 1, 2, 3, 4, 5, 6, 7, 8, 9], ""eps1"": 10, ""distance_median"": 0.14107708648685857}"
442,rflbat,rflbat_cluster_filter,"[2, 76, 54, 82, 31, 17, 35, 1, 27, 7, 76, 54, 82, 31, 17, 35, 1, 27, 7]",[],"{""accepted_indices"": [0, 1, 2, 3, 4, 5, 6, 7, 8, 9, 1, 2, 3, 4, 5, 6, 7, 8, 9], ""num_clusters"": 1, ""cluster_scores"": [0.09884771409554562]}"
442,rflbat,rflbat_final_distance_filter,"[2, 76, 54, 82, 31, 17, 35, 1, 27, 7]",[],"{""accepted_indices"": [0, 1, 2, 3, 4, 5, 6, 7, 8, 9, 1, 2, 3, 4, 5, 6, 7, 8, 9], ""eps2"": 6, ""distance_median"": 0.2601885785620164}"
443,rflbat,rflbat_first_distance_filter,"[3, 98, 66, 5, 58, 87, 29, 75, 41, 18, 98, 66, 5, 58, 87, 29, 75, 41, 18]",[],"{""accepted_indices"": [0, 1, 2, 3, 4, 5, 6, 7, 8, 9, 1, 2, 3, 4, 5, 6, 7, 8, 9], ""eps1"": 10, ""distance_median"": 0.1419687507977807}"
443,rflbat,rflbat_cluster_filter,"[3, 98, 66, 5, 58, 87, 29, 75, 41, 18, 98, 66, 5, 58, 87, 29, 75, 41, 18]",[],"{""accepted_indices"": [0, 1, 2, 3, 4, 5, 6, 7, 8, 9, 1, 2, 3, 4, 5, 6, 7, 8, 9], ""num_clusters"": 1, ""cluster_scores"": [0.09940238465078557]}"
443,rflbat,rflbat_final_distance_filter,"[3, 98, 66, 5, 58, 87, 29, 75, 41, 18]",[],"{""accepted_indices"": [0, 1, 2, 3, 4, 5, 6, 7, 8, 9, 1, 2, 3, 4, 5, 6, 7, 8, 9], ""eps2"": 6, ""distance_median"": 0.2592103761635137}"
444,rflbat,rflbat_first_distance_filter,"[4, 60, 3, 61, 6, 22, 52, 90, 70, 82, 60, 3, 61, 6, 22, 52, 90, 70, 82]",[],"{""accepted_indices"": [0, 1, 2, 3, 4, 5, 6, 7, 8, 9, 1, 2, 3, 4, 5, 6, 7, 8, 9], ""eps1"": 10, ""distance_median"": 0.08643297912536115}"
444,rflbat,rflbat_cluster_filter,"[4, 60, 3, 61, 6, 22, 52, 90, 70, 82, 60, 3, 61, 6, 22, 52, 90, 70, 82]",[],"{""accepted_indices"": [0, 1, 2, 3, 4, 5, 6, 7, 8, 9, 1, 2, 3, 4, 5, 6, 7, 8, 9], ""num_clusters"": 1, ""cluster_scores"": [0.17368951033910834]}"
444,rflbat,rflbat_final_distance_filter,"[4, 60, 3, 61, 6, 22, 52, 90, 70, 82]",[],"{""accepted_indices"": [0, 1, 2, 3, 4, 5, 6, 7, 8, 9, 1, 2, 3, 4, 5, 6, 7, 8, 9], ""eps2"": 6, ""distance_median"": 0.1554450042406302}"
445,rflbat,rflbat_first_distance_filter,"[4, 23, 92, 64, 44, 8, 71, 98, 27, 99, 23, 92, 64, 44, 8, 71, 98, 27, 99]",[],"{""accepted_indices"": [0, 1, 2, 3, 4, 5, 6, 7, 8, 9, 1, 2, 3, 4, 5, 6, 7, 8, 9], ""eps1"": 10, ""distance_median"": 0.2758397622590828}"
445,rflbat,rflbat_cluster_filter,"[4, 92, 64, 44, 8, 71, 98, 27, 99, 92, 64, 44, 8, 71, 98, 27, 99]",[23],"{""accepted_indices"": [0, 2, 3, 4, 5, 6, 7, 8, 9, 2, 3, 4, 5, 6, 7, 8, 9], ""num_clusters"": 2, ""cluster_scores"": [0.12418390483245746, 1.0000000000028388]}"
445,rflbat,rflbat_final_distance_filter,"[4, 92, 64, 44, 8, 71, 98, 27, 99]",[23],"{""accepted_indices"": [0, 2, 3, 4, 5, 6, 7, 8, 9, 2, 3, 4, 5, 6, 7, 8, 9], ""eps2"": 6, ""distance_median"": 0.18486252444418122}"
446,rflbat,rflbat_first_distance_filter,"[4, 97, 87, 6, 76, 36, 11, 56, 12, 55, 97, 87, 6, 76, 36, 11, 56, 12, 55]",[],"{""accepted_indices"": [0, 1, 2, 3, 4, 5, 6, 7, 8, 9, 1, 2, 3, 4, 5, 6, 7, 8, 9], ""eps1"": 10, ""distance_median"": 0.08783440392686918}"
446,rflbat,rflbat_cluster_filter,"[4, 97, 87, 6, 76, 36, 11, 56, 12, 97, 87, 6, 76, 36, 11, 56, 12]",[55],"{""accepted_indices"": [0, 1, 2, 3, 4, 5, 6, 7, 8, 1, 2, 3, 4, 5, 6, 7, 8], ""num_clusters"": 2, ""cluster_scores"": [1.0000000000006535, 0.10025418313781202]}"
446,rflbat,rflbat_final_distance_filter,"[4, 97, 87, 6, 76, 36, 11, 56, 12]",[55],"{""accepted_indices"": [0, 1, 2, 3, 4, 5, 6, 7, 8, 1, 2, 3, 4, 5, 6, 7, 8], ""eps2"": 6, ""distance_median"": 0.11158201920018782}"
447,rflbat,rflbat_first_distance_filter,"[1, 24, 12, 57, 18, 35, 8, 10, 2, 68, 24, 12, 57, 18, 35, 8, 10, 2, 68]",[],"{""accepted_indices"": [0, 1, 2, 3, 4, 5, 6, 7, 8, 9, 1, 2, 3, 4, 5, 6, 7, 8, 9], ""eps1"": 10, ""distance_median"": 0.14922985761470978}"
447,rflbat,rflbat_cluster_filter,"[1, 24, 12, 57, 18, 35, 8, 10, 2, 68, 24, 12, 57, 18, 35, 8, 10, 2, 68]",[],"{""accepted_indices"": [0, 1, 2, 3, 4, 5, 6, 7, 8, 9, 1, 2, 3, 4, 5, 6, 7, 8, 9], ""num_clusters"": 1, ""cluster_scores"": [0.10818462064210238]}"
447,rflbat,rflbat_final_distance_filter,"[1, 24, 12, 57, 18, 35, 8, 10, 2, 68]",[],"{""accepted_indices"": [0, 1, 2, 3, 4, 5, 6, 7, 8, 9, 1, 2, 3, 4, 5, 6, 7, 8, 9], ""eps2"": 6, ""distance_median"": 0.2997030335449094}"
448,rflbat,rflbat_first_distance_filter,"[4, 68, 57, 96, 46, 7, 12, 94, 8, 88, 68, 57, 96, 46, 7, 12, 94, 8, 88]",[],"{""accepted_indices"": [0, 1, 2, 3, 4, 5, 6, 7, 8, 9, 1, 2, 3, 4, 5, 6, 7, 8, 9], ""eps1"": 10, ""distance_median"": 0.14727564101482438}"
448,rflbat,rflbat_cluster_filter,"[4, 68, 57, 96, 46, 7, 12, 94, 8, 88, 68, 57, 96, 46, 7, 12, 94, 8, 88]",[],"{""accepted_indices"": [0, 1, 2, 3, 4, 5, 6, 7, 8, 9, 1, 2, 3, 4, 5, 6, 7, 8, 9], ""num_clusters"": 1, ""cluster_scores"": [0.08880710793769657]}"
448,rflbat,rflbat_final_distance_filter,"[4, 68, 57, 96, 46, 7, 12, 94, 8, 88]",[],"{""accepted_indices"": [0, 1, 2, 3, 4, 5, 6, 7, 8, 9, 1, 2, 3, 4, 5, 6, 7, 8, 9], ""eps2"": 6, ""distance_median"": 0.2855465211352453}"
449,rflbat,rflbat_first_distance_filter,"[0, 66, 67, 24, 69, 81, 47, 58, 95, 82, 66, 67, 24, 69, 81, 47, 58, 95, 82]",[],"{""accepted_indices"": [0, 1, 2, 3, 4, 5, 6, 7, 8, 9, 1, 2, 3, 4, 5, 6, 7, 8, 9], ""eps1"": 10, ""distance_median"": 0.20779998778114092}"
449,rflbat,rflbat_cluster_filter,"[0, 66, 67, 24, 69, 81, 47, 58, 95, 82, 66, 67, 24, 69, 81, 47, 58, 95, 82]",[],"{""accepted_indices"": [0, 1, 2, 3, 4, 5, 6, 7, 8, 9, 1, 2, 3, 4, 5, 6, 7, 8, 9], ""num_clusters"": 1, ""cluster_scores"": [0.1463215974675547]}"
449,rflbat,rflbat_final_distance_filter,"[0, 66, 67, 24, 69, 81, 47, 58, 95, 82]",[],"{""accepted_indices"": [0, 1, 2, 3, 4, 5, 6, 7, 8, 9, 1, 2, 3, 4, 5, 6, 7, 8, 9], ""eps2"": 6, ""distance_median"": 0.3110166501890969}"
450,rflbat,rflbat_first_distance_filter,"[4, 48, 57, 38, 75, 56, 92, 6, 46, 74, 48, 57, 38, 75, 56, 92, 6, 46, 74]",[],"{""accepted_indices"": [0, 1, 2, 3, 4, 5, 6, 7, 8, 9, 1, 2, 3, 4, 5, 6, 7, 8, 9], ""eps1"": 10, ""distance_median"": 0.15640034899947686}"
450,rflbat,rflbat_cluster_filter,"[4, 48, 57, 38, 75, 56, 92, 6, 46, 74, 48, 57, 38, 75, 56, 92, 6, 46, 74]",[],"{""accepted_indices"": [0, 1, 2, 3, 4, 5, 6, 7, 8, 9, 1, 2, 3, 4, 5, 6, 7, 8, 9], ""num_clusters"": 1, ""cluster_scores"": [0.11915313282268294]}"
450,rflbat,rflbat_final_distance_filter,"[4, 48, 57, 38, 75, 56, 92, 6, 46, 74]",[],"{""accepted_indices"": [0, 1, 2, 3, 4, 5, 6, 7, 8, 9, 1, 2, 3, 4, 5, 6, 7, 8, 9], ""eps2"": 6, ""distance_median"": 0.3205098129904718}"
451,rflbat,rflbat_first_distance_filter,"[2, 12, 62, 11, 54, 39, 97, 27, 58, 86, 12, 62, 11, 54, 39, 97, 27, 58, 86]",[],"{""accepted_indices"": [0, 1, 2, 3, 4, 5, 6, 7, 8, 9, 1, 2, 3, 4, 5, 6, 7, 8, 9], ""eps1"": 10, ""distance_median"": 0.18754173838927518}"
451,rflbat,rflbat_cluster_filter,"[2, 12, 62, 11, 54, 39, 97, 27, 58, 86, 12, 62, 11, 54, 39, 97, 27, 58, 86]",[],"{""accepted_indices"": [0, 1, 2, 3, 4, 5, 6, 7, 8, 9, 1, 2, 3, 4, 5, 6, 7, 8, 9], ""num_clusters"": 1, ""cluster_scores"": [0.11482976416802443]}"
451,rflbat,rflbat_final_distance_filter,"[2, 12, 62, 11, 54, 39, 97, 27, 58, 86]",[],"{""accepted_indices"": [0, 1, 2, 3, 4, 5, 6, 7, 8, 9, 1, 2, 3, 4, 5, 6, 7, 8, 9], ""eps2"": 6, ""distance_median"": 0.34528692437115927}"
452,rflbat,rflbat_first_distance_filter,"[3, 21, 86, 81, 55, 98, 33, 73, 36, 6, 21, 86, 81, 55, 98, 33, 73, 36, 6]",[],"{""accepted_indices"": [0, 1, 2, 3, 4, 5, 6, 7, 8, 9, 1, 2, 3, 4, 5, 6, 7, 8, 9], ""eps1"": 10, ""distance_median"": 0.18703315378476554}"
452,rflbat,rflbat_cluster_filter,"[3, 21, 86, 81, 55, 98, 33, 73, 36, 6, 21, 86, 81, 55, 98, 33, 73, 36, 6]",[],"{""accepted_indices"": [0, 1, 2, 3, 4, 5, 6, 7, 8, 9, 1, 2, 3, 4, 5, 6, 7, 8, 9], ""num_clusters"": 1, ""cluster_scores"": [0.10318291348322749]}"
452,rflbat,rflbat_final_distance_filter,"[3, 21, 86, 81, 55, 98, 33, 73, 36, 6]",[],"{""accepted_indices"": [0, 1, 2, 3, 4, 5, 6, 7, 8, 9, 1, 2, 3, 4, 5, 6, 7, 8, 9], ""eps2"": 6, ""distance_median"": 0.3533047138059227}"
453,rflbat,rflbat_first_distance_filter,"[4, 45, 31, 91, 9, 76, 59, 38, 13, 67, 45, 31, 91, 9, 76, 59, 38, 13, 67]",[],"{""accepted_indices"": [0, 1, 2, 3, 4, 5, 6, 7, 8, 9, 1, 2, 3, 4, 5, 6, 7, 8, 9], ""eps1"": 10, ""distance_median"": 0.12095766858658405}"
453,rflbat,rflbat_cluster_filter,"[4, 45, 31, 91, 9, 76, 59, 38, 13, 67, 45, 31, 91, 9, 76, 59, 38, 13, 67]",[],"{""accepted_indices"": [0, 1, 2, 3, 4, 5, 6, 7, 8, 9, 1, 2, 3, 4, 5, 6, 7, 8, 9], ""num_clusters"": 1, ""cluster_scores"": [0.12720001282886373]}"
453,rflbat,rflbat_final_distance_filter,"[4, 45, 31, 91, 9, 76, 59, 38, 13, 67]",[],"{""accepted_indices"": [0, 1, 2, 3, 4, 5, 6, 7, 8, 9, 1, 2, 3, 4, 5, 6, 7, 8, 9], ""eps2"": 6, ""distance_median"": 0.19611690895943856}"
454,rflbat,rflbat_first_distance_filter,"[3, 24, 13, 38, 36, 74, 12, 9, 66, 46, 24, 13, 38, 36, 74, 12, 9, 66, 46]",[],"{""accepted_indices"": [0, 1, 2, 3, 4, 5, 6, 7, 8, 9, 1, 2, 3, 4, 5, 6, 7, 8, 9], ""eps1"": 10, ""distance_median"": 0.23244123776532094}"
454,rflbat,rflbat_cluster_filter,"[3, 24, 13, 38, 36, 74, 12, 9, 66, 46, 24, 13, 38, 36, 74, 12, 9, 66, 46]",[],"{""accepted_indices"": [0, 1, 2, 3, 4, 5, 6, 7, 8, 9, 1, 2, 3, 4, 5, 6, 7, 8, 9], ""num_clusters"": 1, ""cluster_scores"": [0.07529605423764657]}"
454,rflbat,rflbat_final_distance_filter,"[3, 24, 13, 38, 36, 74, 12, 9, 66, 46]",[],"{""accepted_indices"": [0, 1, 2, 3, 4, 5, 6, 7, 8, 9, 1, 2, 3, 4, 5, 6, 7, 8, 9], ""eps2"": 6, ""distance_median"": 0.41211404554787584}"
455,rflbat,rflbat_first_distance_filter,"[3, 26, 69, 89, 0, 35, 92, 83, 12, 78, 26, 69, 89, 0, 35, 92, 83, 12, 78]",[],"{""accepted_indices"": [0, 1, 2, 3, 4, 5, 6, 7, 8, 9, 1, 2, 3, 4, 5, 6, 7, 8, 9], ""eps1"": 10, ""distance_median"": 0.32054297801793125}"
455,rflbat,rflbat_cluster_filter,"[3, 26, 69, 89, 0, 35, 92, 83, 12, 78, 26, 69, 89, 0, 35, 92, 83, 12, 78]",[],"{""accepted_indices"": [0, 1, 2, 3, 4, 5, 6, 7, 8, 9, 1, 2, 3, 4, 5, 6, 7, 8, 9], ""num_clusters"": 1, ""cluster_scores"": [0.15673387595063087]}"
455,rflbat,rflbat_final_distance_filter,"[3, 69, 89, 0, 35, 92, 83, 12, 78]",[26],"{""accepted_indices"": [0, 2, 3, 4, 5, 6, 7, 8, 9, 2, 3, 4, 5, 6, 7, 8, 9], ""eps2"": 6, ""distance_median"": 0.6377033557422724}"
456,rflbat,rflbat_first_distance_filter,"[0, 49, 33, 53, 64, 54, 96, 9, 45, 52, 49, 33, 53, 64, 54, 96, 9, 45, 52]",[],"{""accepted_indices"": [0, 1, 2, 3, 4, 5, 6, 7, 8, 9, 1, 2, 3, 4, 5, 6, 7, 8, 9], ""eps1"": 10, ""distance_median"": 0.19506135258290744}"
456,rflbat,rflbat_cluster_filter,"[0, 49, 33, 53, 64, 54, 96, 9, 45, 52, 49, 33, 53, 64, 54, 96, 9, 45, 52]",[],"{""accepted_indices"": [0, 1, 2, 3, 4, 5, 6, 7, 8, 9, 1, 2, 3, 4, 5, 6, 7, 8, 9], ""num_clusters"": 1, ""cluster_scores"": [0.10479045993264174]}"
456,rflbat,rflbat_final_distance_filter,"[0, 49, 33, 53, 64, 54, 96, 9, 45, 52]",[],"{""accepted_indices"": [0, 1, 2, 3, 4, 5, 6, 7, 8, 9, 1, 2, 3, 4, 5, 6, 7, 8, 9], ""eps2"": 6, ""distance_median"": 0.34262948983458696}"
457,rflbat,rflbat_first_distance_filter,"[1, 49, 18, 19, 98, 48, 39, 25, 40, 71, 49, 18, 19, 98, 48, 39, 25, 40, 71]",[],"{""accepted_indices"": [0, 1, 2, 3, 4, 5, 6, 7, 8, 9, 1, 2, 3, 4, 5, 6, 7, 8, 9], ""eps1"": 10, ""distance_median"": 0.16672415459172713}"
457,rflbat,rflbat_cluster_filter,"[1, 49, 18, 19, 98, 39, 25, 40, 71, 49, 18, 19, 98, 39, 25, 40, 71]",[48],"{""accepted_indices"": [0, 1, 2, 3, 4, 6, 7, 8, 9, 1, 2, 3, 4, 6, 7, 8, 9], ""num_clusters"": 2, ""cluster_scores"": [0.11750331910997615, 1.0000000000009253]}"
457,rflbat,rflbat_final_distance_filter,"[1, 49, 18, 19, 98, 39, 25, 40, 71]",[48],"{""accepted_indices"": [0, 1, 2, 3, 4, 6, 7, 8, 9, 1, 2, 3, 4, 6, 7, 8, 9], ""eps2"": 6, ""distance_median"": 0.21763346925849592}"
458,rflbat,rflbat_first_distance_filter,"[3, 53, 31, 67, 5, 30, 78, 18, 83, 1, 53, 31, 67, 5, 30, 78, 18, 83, 1]",[],"{""accepted_indices"": [0, 1, 2, 3, 4, 5, 6, 7, 8, 9, 1, 2, 3, 4, 5, 6, 7, 8, 9], ""eps1"": 10, ""distance_median"": 0.07873297033143822}"
458,rflbat,rflbat_cluster_filter,"[3, 53, 31, 67, 5, 30, 78, 18, 83, 1, 53, 31, 67, 5, 30, 78, 18, 83, 1]",[],"{""accepted_indices"": [0, 1, 2, 3, 4, 5, 6, 7, 8, 9, 1, 2, 3, 4, 5, 6, 7, 8, 9], ""num_clusters"": 1, ""cluster_scores"": [0.17406890309162645]}"
458,rflbat,rflbat_final_distance_filter,"[3, 53, 31, 67, 5, 30, 78, 18, 83, 1]",[],"{""accepted_indices"": [0, 1, 2, 3, 4, 5, 6, 7, 8, 9, 1, 2, 3, 4, 5, 6, 7, 8, 9], ""eps2"": 6, ""distance_median"": 0.1552147108027858}"
459,rflbat,rflbat_first_distance_filter,"[2, 37, 65, 94, 15, 81, 71, 33, 23, 59, 37, 65, 94, 15, 81, 71, 33, 23, 59]",[],"{""accepted_indices"": [0, 1, 2, 3, 4, 5, 6, 7, 8, 9, 1, 2, 3, 4, 5, 6, 7, 8, 9], ""eps1"": 10, ""distance_median"": 0.1324634929244684}"
459,rflbat,rflbat_cluster_filter,"[2, 37, 65, 94, 15, 81, 33, 23, 59, 37, 65, 94, 15, 81, 33, 23, 59]",[71],"{""accepted_indices"": [0, 1, 2, 3, 4, 5, 7, 8, 9, 1, 2, 3, 4, 5, 7, 8, 9], ""num_clusters"": 2, ""cluster_scores"": [1.0000000000018505, 0.11138552015480577]}"
459,rflbat,rflbat_final_distance_filter,"[2, 37, 65, 94, 15, 81, 33, 23, 59]",[71],"{""accepted_indices"": [0, 1, 2, 3, 4, 5, 7, 8, 9, 1, 2, 3, 4, 5, 7, 8, 9], ""eps2"": 6, ""distance_median"": 0.18688544574742558}"
460,rflbat,rflbat_first_distance_filter,"[0, 20, 45, 92, 80, 18, 94, 59, 36, 78, 20, 45, 92, 80, 18, 94, 59, 36, 78]",[],"{""accepted_indices"": [0, 1, 2, 3, 4, 5, 6, 7, 8, 9, 1, 2, 3, 4, 5, 6, 7, 8, 9], ""eps1"": 10, ""distance_median"": 0.16683201415124788}"
460,rflbat,rflbat_cluster_filter,"[0, 20, 45, 92, 80, 18, 94, 59, 36, 78, 20, 45, 92, 80, 18, 94, 59, 36, 78]",[],"{""accepted_indices"": [0, 1, 2, 3, 4, 5, 6, 7, 8, 9, 1, 2, 3, 4, 5, 6, 7, 8, 9], ""num_clusters"": 1, ""cluster_scores"": [0.11407321038367337]}"
460,rflbat,rflbat_final_distance_filter,"[0, 20, 45, 92, 80, 18, 94, 59, 36, 78]",[],"{""accepted_indices"": [0, 1, 2, 3, 4, 5, 6, 7, 8, 9, 1, 2, 3, 4, 5, 6, 7, 8, 9], ""eps2"": 6, ""distance_median"": 0.2613824651077368}"
461,rflbat,rflbat_first_distance_filter,"[3, 14, 85, 84, 1, 86, 97, 58, 15, 38, 14, 85, 84, 1, 86, 97, 58, 15, 38]",[],"{""accepted_indices"": [0, 1, 2, 3, 4, 5, 6, 7, 8, 9, 1, 2, 3, 4, 5, 6, 7, 8, 9], ""eps1"": 10, ""distance_median"": 0.1379855340535225}"
461,rflbat,rflbat_cluster_filter,"[3, 14, 85, 84, 1, 86, 97, 58, 15, 38, 14, 85, 84, 1, 86, 97, 58, 15, 38]",[],"{""accepted_indices"": [0, 1, 2, 3, 4, 5, 6, 7, 8, 9, 1, 2, 3, 4, 5, 6, 7, 8, 9], ""num_clusters"": 1, ""cluster_scores"": [0.18928274018616245]}"
461,rflbat,rflbat_final_distance_filter,"[3, 14, 85, 84, 1, 86, 97, 58, 15, 38]",[],"{""accepted_indices"": [0, 1, 2, 3, 4, 5, 6, 7, 8, 9, 1, 2, 3, 4, 5, 6, 7, 8, 9], ""eps2"": 6, ""distance_median"": 0.250335188196259}"
462,rflbat,rflbat_first_distance_filter,"[3, 64, 76, 43, 9, 69, 80, 74, 77, 16, 64, 76, 43, 9, 69, 80, 74, 77, 16]",[],"{""accepted_indices"": [0, 1, 2, 3, 4, 5, 6, 7, 8, 9, 1, 2, 3, 4, 5, 6, 7, 8, 9], ""eps1"": 10, ""distance_median"": 0.08740605764660017}"
462,rflbat,rflbat_cluster_filter,"[3, 64, 76, 43, 9, 69, 80, 74, 77, 16, 64, 76, 43, 9, 69, 80, 74, 77, 16]",[],"{""accepted_indices"": [0, 1, 2, 3, 4, 5, 6, 7, 8, 9, 1, 2, 3, 4, 5, 6, 7, 8, 9], ""num_clusters"": 1, ""cluster_scores"": [0.12375307226847314]}"
462,rflbat,rflbat_final_distance_filter,"[3, 64, 76, 43, 9, 69, 80, 74, 77, 16]",[],"{""accepted_indices"": [0, 1, 2, 3, 4, 5, 6, 7, 8, 9, 1, 2, 3, 4, 5, 6, 7, 8, 9], ""eps2"": 6, ""distance_median"": 0.16416448418121565}"
463,rflbat,rflbat_first_distance_filter,"[4, 77, 0, 92, 82, 47, 98, 2, 23, 74, 77, 0, 92, 82, 47, 98, 2, 23, 74]",[],"{""accepted_indices"": [0, 1, 2, 3, 4, 5, 6, 7, 8, 9, 1, 2, 3, 4, 5, 6, 7, 8, 9], ""eps1"": 10, ""distance_median"": 0.19862949687176298}"
463,rflbat,rflbat_cluster_filter,"[4, 77, 0, 92, 82, 47, 98, 2, 23, 74, 77, 0, 92, 82, 47, 98, 2, 23, 74]",[],"{""accepted_indices"": [0, 1, 2, 3, 4, 5, 6, 7, 8, 9, 1, 2, 3, 4, 5, 6, 7, 8, 9], ""num_clusters"": 1, ""cluster_scores"": [0.10281407840585337]}"
463,rflbat,rflbat_final_distance_filter,"[4, 77, 0, 92, 82, 47, 98, 2, 23, 74]",[],"{""accepted_indices"": [0, 1, 2, 3, 4, 5, 6, 7, 8, 9, 1, 2, 3, 4, 5, 6, 7, 8, 9], ""eps2"": 6, ""distance_median"": 0.36486979356902854}"
464,rflbat,rflbat_first_distance_filter,"[0, 84, 4, 12, 13, 33, 89, 11, 99, 67, 84, 4, 12, 13, 33, 89, 11, 99, 67]",[],"{""accepted_indices"": [0, 1, 2, 3, 4, 5, 6, 7, 8, 9, 1, 2, 3, 4, 5, 6, 7, 8, 9], ""eps1"": 10, ""distance_median"": 0.15116416814548908}"
464,rflbat,rflbat_cluster_filter,"[0, 84, 4, 12, 13, 33, 89, 11, 99, 67, 84, 4, 12, 13, 33, 89, 11, 99, 67]",[],"{""accepted_indices"": [0, 1, 2, 3, 4, 5, 6, 7, 8, 9, 1, 2, 3, 4, 5, 6, 7, 8, 9], ""num_clusters"": 1, ""cluster_scores"": [0.12671537148696882]}"
464,rflbat,rflbat_final_distance_filter,"[0, 84, 4, 12, 13, 33, 89, 11, 99, 67]",[],"{""accepted_indices"": [0, 1, 2, 3, 4, 5, 6, 7, 8, 9, 1, 2, 3, 4, 5, 6, 7, 8, 9], ""eps2"": 6, ""distance_median"": 0.23773197394856996}"
465,rflbat,rflbat_first_distance_filter,"[1, 91, 25, 24, 72, 82, 12, 35, 30, 81, 91, 25, 24, 72, 82, 12, 35, 30, 81]",[],"{""accepted_indices"": [0, 1, 2, 3, 4, 5, 6, 7, 8, 9, 1, 2, 3, 4, 5, 6, 7, 8, 9], ""eps1"": 10, ""distance_median"": 0.1220195916954459}"
465,rflbat,rflbat_cluster_filter,"[1, 91, 25, 24, 72, 82, 12, 35, 30, 81, 91, 25, 24, 72, 82, 12, 35, 30, 81]",[],"{""accepted_indices"": [0, 1, 2, 3, 4, 5, 6, 7, 8, 9, 1, 2, 3, 4, 5, 6, 7, 8, 9], ""num_clusters"": 1, ""cluster_scores"": [0.12519139769341636]}"
465,rflbat,rflbat_final_distance_filter,"[1, 91, 25, 24, 72, 82, 12, 35, 30, 81]",[],"{""accepted_indices"": [0, 1, 2, 3, 4, 5, 6, 7, 8, 9, 1, 2, 3, 4, 5, 6, 7, 8, 9], ""eps2"": 6, ""distance_median"": 0.24587628174646858}"
466,rflbat,rflbat_first_distance_filter,"[1, 63, 92, 38, 77, 14, 32, 84, 87, 15, 63, 92, 38, 77, 14, 32, 84, 87, 15]",[],"{""accepted_indices"": [0, 1, 2, 3, 4, 5, 6, 7, 8, 9, 1, 2, 3, 4, 5, 6, 7, 8, 9], ""eps1"": 10, ""distance_median"": 0.09236422604136818}"
466,rflbat,rflbat_cluster_filter,"[1, 63, 92, 38, 77, 14, 32, 84, 87, 15, 63, 92, 38, 77, 14, 32, 84, 87, 15]",[],"{""accepted_indices"": [0, 1, 2, 3, 4, 5, 6, 7, 8, 9, 1, 2, 3, 4, 5, 6, 7, 8, 9], ""num_clusters"": 1, ""cluster_scores"": [0.12023034766668574]}"
466,rflbat,rflbat_final_distance_filter,"[1, 63, 92, 38, 77, 14, 32, 84, 87, 15]",[],"{""accepted_indices"": [0, 1, 2, 3, 4, 5, 6, 7, 8, 9, 1, 2, 3, 4, 5, 6, 7, 8, 9], ""eps2"": 6, ""distance_median"": 0.18561082429392012}"
467,rflbat,rflbat_first_distance_filter,"[3, 6, 77, 94, 83, 63, 88, 26, 68, 84, 6, 77, 94, 83, 63, 88, 26, 68, 84]",[],"{""accepted_indices"": [0, 1, 2, 3, 4, 5, 6, 7, 8, 9, 1, 2, 3, 4, 5, 6, 7, 8, 9], ""eps1"": 10, ""distance_median"": 0.15207438008126475}"
467,rflbat,rflbat_cluster_filter,"[3, 6, 77, 94, 83, 63, 88, 26, 68, 84, 6, 77, 94, 83, 63, 88, 26, 68, 84]",[],"{""accepted_indices"": [0, 1, 2, 3, 4, 5, 6, 7, 8, 9, 1, 2, 3, 4, 5, 6, 7, 8, 9], ""num_clusters"": 1, ""cluster_scores"": [0.14681833550033604]}"
467,rflbat,rflbat_final_distance_filter,"[3, 6, 77, 94, 83, 63, 88, 26, 68, 84]",[],"{""accepted_indices"": [0, 1, 2, 3, 4, 5, 6, 7, 8, 9, 1, 2, 3, 4, 5, 6, 7, 8, 9], ""eps2"": 6, ""distance_median"": 0.30162932564635786}"
468,rflbat,rflbat_first_distance_filter,"[3, 92, 82, 26, 42, 23, 48, 14, 22, 73, 92, 82, 26, 42, 23, 48, 14, 22, 73]",[],"{""accepted_indices"": [0, 1, 2, 3, 4, 5, 6, 7, 8, 9, 1, 2, 3, 4, 5, 6, 7, 8, 9], ""eps1"": 10, ""distance_median"": 0.40401510836608534}"
468,rflbat,rflbat_cluster_filter,"[3, 92, 82, 26, 42, 23, 48, 14, 22, 73, 92, 82, 26, 42, 23, 48, 14, 22, 73]",[],"{""accepted_indices"": [0, 1, 2, 3, 4, 5, 6, 7, 8, 9, 1, 2, 3, 4, 5, 6, 7, 8, 9], ""num_clusters"": 1, ""cluster_scores"": [0.11710422379517171]}"
468,rflbat,rflbat_final_distance_filter,"[3, 92, 82, 26, 42, 23, 48, 14, 22, 73]",[],"{""accepted_indices"": [0, 1, 2, 3, 4, 5, 6, 7, 8, 9, 1, 2, 3, 4, 5, 6, 7, 8, 9], ""eps2"": 6, ""distance_median"": 0.8028131192501915}"
469,rflbat,rflbat_first_distance_filter,"[4, 25, 68, 42, 40, 15, 28, 50, 26, 48, 25, 68, 42, 40, 15, 28, 50, 26, 48]",[],"{""accepted_indices"": [0, 1, 2, 3, 4, 5, 6, 7, 8, 9, 1, 2, 3, 4, 5, 6, 7, 8, 9], ""eps1"": 10, ""distance_median"": 0.2800784560380817}"
469,rflbat,rflbat_cluster_filter,"[4, 25, 68, 42, 40, 15, 28, 50, 26, 48, 25, 68, 42, 40, 15, 28, 50, 26, 48]",[],"{""accepted_indices"": [0, 1, 2, 3, 4, 5, 6, 7, 8, 9, 1, 2, 3, 4, 5, 6, 7, 8, 9], ""num_clusters"": 1, ""cluster_scores"": [0.1695806310073426]}"
469,rflbat,rflbat_final_distance_filter,"[4, 25, 68, 42, 40, 15, 28, 50, 26, 48]",[],"{""accepted_indices"": [0, 1, 2, 3, 4, 5, 6, 7, 8, 9, 1, 2, 3, 4, 5, 6, 7, 8, 9], ""eps2"": 6, ""distance_median"": 0.5704935741970938}"
470,rflbat,rflbat_first_distance_filter,"[2, 84, 91, 83, 68, 16, 93, 15, 82, 6, 84, 91, 83, 68, 16, 93, 15, 82, 6]",[],"{""accepted_indices"": [0, 1, 2, 3, 4, 5, 6, 7, 8, 9, 1, 2, 3, 4, 5, 6, 7, 8, 9], ""eps1"": 10, ""distance_median"": 0.13073023324262317}"
470,rflbat,rflbat_cluster_filter,"[2, 84, 91, 83, 68, 16, 93, 15, 82, 6, 84, 91, 83, 68, 16, 93, 15, 82, 6]",[],"{""accepted_indices"": [0, 1, 2, 3, 4, 5, 6, 7, 8, 9, 1, 2, 3, 4, 5, 6, 7, 8, 9], ""num_clusters"": 1, ""cluster_scores"": [0.13911278504166555]}"
470,rflbat,rflbat_final_distance_filter,"[2, 84, 91, 83, 68, 16, 93, 15, 82, 6]",[],"{""accepted_indices"": [0, 1, 2, 3, 4, 5, 6, 7, 8, 9, 1, 2, 3, 4, 5, 6, 7, 8, 9], ""eps2"": 6, ""distance_median"": 0.2443938532763223}"
471,rflbat,rflbat_first_distance_filter,"[2, 96, 40, 29, 75, 62, 46, 33, 98, 57, 96, 40, 29, 75, 62, 46, 33, 98, 57]",[],"{""accepted_indices"": [0, 1, 2, 3, 4, 5, 6, 7, 8, 9, 1, 2, 3, 4, 5, 6, 7, 8, 9], ""eps1"": 10, ""distance_median"": 0.12912636393518023}"
471,rflbat,rflbat_cluster_filter,"[2, 96, 40, 29, 75, 62, 46, 33, 98, 57, 96, 40, 29, 75, 62, 46, 33, 98, 57]",[],"{""accepted_indices"": [0, 1, 2, 3, 4, 5, 6, 7, 8, 9, 1, 2, 3, 4, 5, 6, 7, 8, 9], ""num_clusters"": 1, ""cluster_scores"": [0.09241156687848222]}"
471,rflbat,rflbat_final_distance_filter,"[2, 96, 40, 29, 75, 62, 46, 33, 98, 57]",[],"{""accepted_indices"": [0, 1, 2, 3, 4, 5, 6, 7, 8, 9, 1, 2, 3, 4, 5, 6, 7, 8, 9], ""eps2"": 6, ""distance_median"": 0.2472901601107302}"
472,rflbat,rflbat_first_distance_filter,"[3, 12, 1, 93, 76, 87, 42, 34, 20, 51, 12, 1, 93, 76, 87, 42, 34, 20, 51]",[],"{""accepted_indices"": [0, 1, 2, 3, 4, 5, 6, 7, 8, 9, 1, 2, 3, 4, 5, 6, 7, 8, 9], ""eps1"": 10, ""distance_median"": 0.22447157934119683}"
472,rflbat,rflbat_cluster_filter,"[3, 12, 1, 93, 76, 87, 42, 34, 20, 51, 12, 1, 93, 76, 87, 42, 34, 20, 51]",[],"{""accepted_indices"": [0, 1, 2, 3, 4, 5, 6, 7, 8, 9, 1, 2, 3, 4, 5, 6, 7, 8, 9], ""num_clusters"": 1, ""cluster_scores"": [0.09201842118441635]}"
472,rflbat,rflbat_final_distance_filter,"[3, 12, 1, 93, 76, 87, 42, 34, 20, 51]",[],"{""accepted_indices"": [0, 1, 2, 3, 4, 5, 6, 7, 8, 9, 1, 2, 3, 4, 5, 6, 7, 8, 9], ""eps2"": 6, ""distance_median"": 0.4447069987250347}"
473,rflbat,rflbat_first_distance_filter,"[4, 83, 3, 73, 24, 65, 61, 86, 92, 26, 83, 3, 73, 24, 65, 61, 86, 92, 26]",[],"{""accepted_indices"": [0, 1, 2, 3, 4, 5, 6, 7, 8, 9, 1, 2, 3, 4, 5, 6, 7, 8, 9], ""eps1"": 10, ""distance_median"": 0.22305421855401864}"
473,rflbat,rflbat_cluster_filter,"[4, 83, 3, 73, 24, 65, 61, 86, 92, 26, 83, 3, 73, 24, 65, 61, 86, 92, 26]",[],"{""accepted_indices"": [0, 1, 2, 3, 4, 5, 6, 7, 8, 9, 1, 2, 3, 4, 5, 6, 7, 8, 9], ""num_clusters"": 1, ""cluster_scores"": [0.13370283995837243]}"
473,rflbat,rflbat_final_distance_filter,"[4, 83, 3, 73, 24, 65, 61, 86, 92, 26]",[],"{""accepted_indices"": [0, 1, 2, 3, 4, 5, 6, 7, 8, 9, 1, 2, 3, 4, 5, 6, 7, 8, 9], ""eps2"": 6, ""distance_median"": 0.3709170202402673}"
474,rflbat,rflbat_first_distance_filter,"[1, 16, 94, 31, 13, 71, 30, 60, 68, 55, 16, 94, 31, 13, 71, 30, 60, 68, 55]",[],"{""accepted_indices"": [0, 1, 2, 3, 4, 5, 6, 7, 8, 9, 1, 2, 3, 4, 5, 6, 7, 8, 9], ""eps1"": 10, ""distance_median"": 0.1394716987986882}"
474,rflbat,rflbat_cluster_filter,"[1, 16, 94, 31, 13, 71, 30, 60, 68, 55, 16, 94, 31, 13, 71, 30, 60, 68, 55]",[],"{""accepted_indices"": [0, 1, 2, 3, 4, 5, 6, 7, 8, 9, 1, 2, 3, 4, 5, 6, 7, 8, 9], ""num_clusters"": 1, ""cluster_scores"": [0.1167045665094365]}"
474,rflbat,rflbat_final_distance_filter,"[1, 16, 94, 31, 13, 71, 30, 60, 68, 55]",[],"{""accepted_indices"": [0, 1, 2, 3, 4, 5, 6, 7, 8, 9, 1, 2, 3, 4, 5, 6, 7, 8, 9], ""eps2"": 6, ""distance_median"": 0.2740104369216984}"
475,rflbat,rflbat_first_distance_filter,"[1, 29, 64, 19, 15, 24, 48, 21, 86, 3, 29, 64, 19, 15, 24, 48, 21, 86, 3]",[],"{""accepted_indices"": [0, 1, 2, 3, 4, 5, 6, 7, 8, 9, 1, 2, 3, 4, 5, 6, 7, 8, 9], ""eps1"": 10, ""distance_median"": 0.13197415149995823}"
475,rflbat,rflbat_cluster_filter,"[1, 29, 64, 19, 15, 24, 21, 86, 3, 29, 64, 19, 15, 24, 21, 86, 3]",[48],"{""accepted_indices"": [0, 1, 2, 3, 4, 5, 7, 8, 9, 1, 2, 3, 4, 5, 7, 8, 9], ""num_clusters"": 2, ""cluster_scores"": [1.0000000000017284, 0.15395621147944039]}"
475,rflbat,rflbat_final_distance_filter,"[1, 29, 64, 19, 15, 24, 21, 86, 3]",[48],"{""accepted_indices"": [0, 1, 2, 3, 4, 5, 7, 8, 9, 1, 2, 3, 4, 5, 7, 8, 9], ""eps2"": 6, ""distance_median"": 0.12212535901679523}"
476,rflbat,rflbat_first_distance_filter,"[2, 50, 20, 13, 53, 40, 24, 74, 96, 58, 50, 20, 13, 53, 40, 24, 74, 96, 58]",[],"{""accepted_indices"": [0, 1, 2, 3, 4, 5, 6, 7, 8, 9, 1, 2, 3, 4, 5, 6, 7, 8, 9], ""eps1"": 10, ""distance_median"": 0.30956349952715073}"
476,rflbat,rflbat_cluster_filter,"[2, 50, 20, 13, 53, 40, 24, 74, 96, 58, 50, 20, 13, 53, 40, 24, 74, 96, 58]",[],"{""accepted_indices"": [0, 1, 2, 3, 4, 5, 6, 7, 8, 9, 1, 2, 3, 4, 5, 6, 7, 8, 9], ""num_clusters"": 1, ""cluster_scores"": [0.12961395415814342]}"
476,rflbat,rflbat_final_distance_filter,"[2, 50, 20, 13, 53, 40, 24, 74, 58]",[96],"{""accepted_indices"": [0, 1, 2, 3, 4, 5, 6, 7, 9, 1, 2, 3, 4, 5, 6, 7, 9], ""eps2"": 6, ""distance_median"": 0.6126473597070277}"
477,rflbat,rflbat_first_distance_filter,"[0, 98, 34, 44, 29, 18, 6, 23, 86, 26, 98, 34, 44, 29, 18, 6, 23, 86, 26]",[],"{""accepted_indices"": [0, 1, 2, 3, 4, 5, 6, 7, 8, 9, 1, 2, 3, 4, 5, 6, 7, 8, 9], ""eps1"": 10, ""distance_median"": 0.43252797355949524}"
477,rflbat,rflbat_cluster_filter,"[0, 98, 34, 44, 29, 18, 6, 23, 86, 26, 98, 34, 44, 29, 18, 6, 23, 86, 26]",[],"{""accepted_indices"": [0, 1, 2, 3, 4, 5, 6, 7, 8, 9, 1, 2, 3, 4, 5, 6, 7, 8, 9], ""num_clusters"": 1, ""cluster_scores"": [0.10410652069509946]}"
477,rflbat,rflbat_final_distance_filter,"[0, 98, 34, 44, 29, 18, 6, 23, 86]",[26],"{""accepted_indices"": [0, 1, 2, 3, 4, 5, 6, 7, 8, 1, 2, 3, 4, 5, 6, 7, 8], ""eps2"": 6, ""distance_median"": 0.7824382171231056}"
478,rflbat,rflbat_first_distance_filter,"[2, 3, 92, 33, 63, 10, 90, 17, 95, 13, 3, 92, 33, 63, 10, 90, 17, 95, 13]",[],"{""accepted_indices"": [0, 1, 2, 3, 4, 5, 6, 7, 8, 9, 1, 2, 3, 4, 5, 6, 7, 8, 9], ""eps1"": 10, ""distance_median"": 0.1828414122611403}"
478,rflbat,rflbat_cluster_filter,"[2, 3, 92, 33, 63, 10, 90, 17, 95, 13, 3, 92, 33, 63, 10, 90, 17, 95, 13]",[],"{""accepted_indices"": [0, 1, 2, 3, 4, 5, 6, 7, 8, 9, 1, 2, 3, 4, 5, 6, 7, 8, 9], ""num_clusters"": 1, ""cluster_scores"": [0.11120854536656269]}"
478,rflbat,rflbat_final_distance_filter,"[2, 3, 92, 33, 63, 10, 90, 17, 95, 13]",[],"{""accepted_indices"": [0, 1, 2, 3, 4, 5, 6, 7, 8, 9, 1, 2, 3, 4, 5, 6, 7, 8, 9], ""eps2"": 6, ""distance_median"": 0.36766295843750746}"
479,rflbat,rflbat_first_distance_filter,"[0, 76, 78, 9, 69, 10, 42, 85, 65, 94, 76, 78, 9, 69, 10, 42, 85, 65, 94]",[],"{""accepted_indices"": [0, 1, 2, 3, 4, 5, 6, 7, 8, 9, 1, 2, 3, 4, 5, 6, 7, 8, 9], ""eps1"": 10, ""distance_median"": 0.3448874644904234}"
479,rflbat,rflbat_cluster_filter,"[0, 76, 78, 9, 69, 10, 42, 85, 65, 94, 76, 78, 9, 69, 10, 42, 85, 65, 94]",[],"{""accepted_indices"": [0, 1, 2, 3, 4, 5, 6, 7, 8, 9, 1, 2, 3, 4, 5, 6, 7, 8, 9], ""num_clusters"": 1, ""cluster_scores"": [0.10138595371500751]}"
479,rflbat,rflbat_final_distance_filter,"[0, 76, 78, 9, 69, 10, 42, 85, 65, 94]",[],"{""accepted_indices"": [0, 1, 2, 3, 4, 5, 6, 7, 8, 9, 1, 2, 3, 4, 5, 6, 7, 8, 9], ""eps2"": 6, ""distance_median"": 0.5558086511497878}"
480,rflbat,rflbat_first_distance_filter,"[4, 56, 71, 57, 34, 51, 86, 60, 39, 94, 56, 71, 57, 34, 51, 86, 60, 39, 94]",[],"{""accepted_indices"": [0, 1, 2, 3, 4, 5, 6, 7, 8, 9, 1, 2, 3, 4, 5, 6, 7, 8, 9], ""eps1"": 10, ""distance_median"": 0.15842005107140653}"
480,rflbat,rflbat_cluster_filter,"[56, 71, 57, 34, 51, 86, 60, 39, 94, 56, 71, 57, 34, 51, 86, 60, 39, 94]",[4],"{""accepted_indices"": [1, 2, 3, 4, 5, 6, 7, 8, 9, 1, 2, 3, 4, 5, 6, 7, 8, 9], ""num_clusters"": 2, ""cluster_scores"": [0.12502987505638055, 1]}"
480,rflbat,rflbat_final_distance_filter,"[56, 71, 57, 34, 51, 86, 60, 39, 94]",[4],"{""accepted_indices"": [1, 2, 3, 4, 5, 6, 7, 8, 9, 1, 2, 3, 4, 5, 6, 7, 8, 9], ""eps2"": 6, ""distance_median"": 0.13823206442843378}"
481,rflbat,rflbat_first_distance_filter,"[2, 14, 71, 84, 66, 13, 37, 23, 93, 75, 14, 71, 84, 66, 13, 37, 23, 93, 75]",[],"{""accepted_indices"": [0, 1, 2, 3, 4, 5, 6, 7, 8, 9, 1, 2, 3, 4, 5, 6, 7, 8, 9], ""eps1"": 10, ""distance_median"": 0.12984945554882782}"
481,rflbat,rflbat_cluster_filter,"[2, 14, 71, 84, 66, 13, 75, 14, 71, 84, 66, 13, 75]","[37, 23, 93]","{""accepted_indices"": [0, 1, 2, 3, 4, 5, 9, 1, 2, 3, 4, 5, 9], ""num_clusters"": 2, ""cluster_scores"": [0.3937967356151811, 0.2927233086996225]}"
481,rflbat,rflbat_final_distance_filter,"[2, 14, 71, 84, 66, 13, 75]","[37, 23, 93]","{""accepted_indices"": [0, 1, 2, 3, 4, 5, 9, 1, 2, 3, 4, 5, 9], ""eps2"": 6, ""distance_median"": 0.13360470010801306}"
482,rflbat,rflbat_first_distance_filter,"[3, 0, 98, 83, 39, 44, 16, 18, 48, 86, 0, 98, 83, 39, 44, 16, 18, 48, 86]",[],"{""accepted_indices"": [0, 1, 2, 3, 4, 5, 6, 7, 8, 9, 1, 2, 3, 4, 5, 6, 7, 8, 9], ""eps1"": 10, ""distance_median"": 0.19116113641541627}"
482,rflbat,rflbat_cluster_filter,"[3, 0, 98, 83, 39, 44, 16, 18, 48, 86, 0, 98, 83, 39, 44, 16, 18, 48, 86]",[],"{""accepted_indices"": [0, 1, 2, 3, 4, 5, 6, 7, 8, 9, 1, 2, 3, 4, 5, 6, 7, 8, 9], ""num_clusters"": 1, ""cluster_scores"": [0.182443394833146]}"
482,rflbat,rflbat_final_distance_filter,"[3, 0, 98, 83, 39, 44, 16, 18, 48, 86]",[],"{""accepted_indices"": [0, 1, 2, 3, 4, 5, 6, 7, 8, 9, 1, 2, 3, 4, 5, 6, 7, 8, 9], ""eps2"": 6, ""distance_median"": 0.3495825235731195}"
483,rflbat,rflbat_first_distance_filter,"[4, 64, 35, 40, 82, 98, 14, 25, 10, 70, 64, 35, 40, 82, 98, 14, 25, 10, 70]",[],"{""accepted_indices"": [0, 1, 2, 3, 4, 5, 6, 7, 8, 9, 1, 2, 3, 4, 5, 6, 7, 8, 9], ""eps1"": 10, ""distance_median"": 0.15378711130371037}"
483,rflbat,rflbat_cluster_filter,"[4, 64, 35, 40, 82, 98, 14, 25, 10, 70, 64, 35, 40, 82, 98, 14, 25, 10, 70]",[],"{""accepted_indices"": [0, 1, 2, 3, 4, 5, 6, 7, 8, 9, 1, 2, 3, 4, 5, 6, 7, 8, 9], ""num_clusters"": 1, ""cluster_scores"": [0.10279480043710637]}"
483,rflbat,rflbat_final_distance_filter,"[4, 64, 35, 40, 82, 98, 14, 25, 10, 70]",[],"{""accepted_indices"": [0, 1, 2, 3, 4, 5, 6, 7, 8, 9, 1, 2, 3, 4, 5, 6, 7, 8, 9], ""eps2"": 6, ""distance_median"": 0.3052214866054908}"
484,rflbat,rflbat_first_distance_filter,"[1, 34, 37, 81, 57, 55, 27, 7, 16, 9, 34, 37, 81, 57, 55, 27, 7, 16, 9]",[],"{""accepted_indices"": [0, 1, 2, 3, 4, 5, 6, 7, 8, 9, 1, 2, 3, 4, 5, 6, 7, 8, 9], ""eps1"": 10, ""distance_median"": 0.11591965169646161}"
484,rflbat,rflbat_cluster_filter,"[1, 34, 37, 81, 57, 55, 27, 7, 16, 9, 34, 37, 81, 57, 55, 27, 7, 16, 9]",[],"{""accepted_indices"": [0, 1, 2, 3, 4, 5, 6, 7, 8, 9, 1, 2, 3, 4, 5, 6, 7, 8, 9], ""num_clusters"": 1, ""cluster_scores"": [0.15178805831936512]}"
484,rflbat,rflbat_final_distance_filter,"[1, 34, 37, 81, 57, 55, 27, 7, 16, 9]",[],"{""accepted_indices"": [0, 1, 2, 3, 4, 5, 6, 7, 8, 9, 1, 2, 3, 4, 5, 6, 7, 8, 9], ""eps2"": 6, ""distance_median"": 0.23242145197247815}"
485,rflbat,rflbat_first_distance_filter,"[1, 28, 44, 82, 55, 10, 87, 3, 20, 69, 28, 44, 82, 55, 10, 87, 3, 20, 69]",[],"{""accepted_indices"": [0, 1, 2, 3, 4, 5, 6, 7, 8, 9, 1, 2, 3, 4, 5, 6, 7, 8, 9], ""eps1"": 10, ""distance_median"": 0.16103267431214646}"
485,rflbat,rflbat_cluster_filter,"[1, 28, 44, 82, 55, 10, 87, 3, 20, 69, 28, 44, 82, 55, 10, 87, 3, 20, 69]",[],"{""accepted_indices"": [0, 1, 2, 3, 4, 5, 6, 7, 8, 9, 1, 2, 3, 4, 5, 6, 7, 8, 9], ""num_clusters"": 1, ""cluster_scores"": [0.10541440260009154]}"
485,rflbat,rflbat_final_distance_filter,"[1, 28, 44, 82, 55, 10, 87, 3, 20, 69]",[],"{""accepted_indices"": [0, 1, 2, 3, 4, 5, 6, 7, 8, 9, 1, 2, 3, 4, 5, 6, 7, 8, 9], ""eps2"": 6, ""distance_median"": 0.31943094425191226}"
486,rflbat,rflbat_first_distance_filter,"[3, 70, 49, 67, 56, 54, 73, 12, 31, 59, 70, 49, 67, 56, 54, 73, 12, 31, 59]",[],"{""accepted_indices"": [0, 1, 2, 3, 4, 5, 6, 7, 8, 9, 1, 2, 3, 4, 5, 6, 7, 8, 9], ""eps1"": 10, ""distance_median"": 0.20657779662589676}"
486,rflbat,rflbat_cluster_filter,"[3, 70, 49, 67, 56, 54, 73, 12, 31, 59, 70, 49, 67, 56, 54, 73, 12, 31, 59]",[],"{""accepted_indices"": [0, 1, 2, 3, 4, 5, 6, 7, 8, 9, 1, 2, 3, 4, 5, 6, 7, 8, 9], ""num_clusters"": 1, ""cluster_scores"": [0.12039142341595843]}"
486,rflbat,rflbat_final_distance_filter,"[3, 70, 49, 67, 56, 54, 73, 12, 31, 59]",[],"{""accepted_indices"": [0, 1, 2, 3, 4, 5, 6, 7, 8, 9, 1, 2, 3, 4, 5, 6, 7, 8, 9], ""eps2"": 6, ""distance_median"": 0.41002033702056306}"
487,rflbat,rflbat_first_distance_filter,"[4, 69, 11, 7, 76, 40, 96, 29, 92, 55, 69, 11, 7, 76, 40, 96, 29, 92, 55]",[],"{""accepted_indices"": [0, 1, 2, 3, 4, 5, 6, 7, 8, 9, 1, 2, 3, 4, 5, 6, 7, 8, 9], ""eps1"": 10, ""distance_median"": 0.18194836369633602}"
487,rflbat,rflbat_cluster_filter,"[4, 69, 11, 7, 76, 40, 96, 29, 92, 55, 69, 11, 7, 76, 40, 96, 29, 92, 55]",[],"{""accepted_indices"": [0, 1, 2, 3, 4, 5, 6, 7, 8, 9, 1, 2, 3, 4, 5, 6, 7, 8, 9], ""num_clusters"": 1, ""cluster_scores"": [0.09629060156472043]}"
487,rflbat,rflbat_final_distance_filter,"[69, 11, 7, 76, 40, 96, 29, 92, 55]",[4],"{""accepted_indices"": [1, 2, 3, 4, 5, 6, 7, 8, 9, 1, 2, 3, 4, 5, 6, 7, 8, 9], ""eps2"": 6, ""distance_median"": 0.2663946982999889}"
488,rflbat,rflbat_first_distance_filter,"[3, 59, 64, 41, 90, 18, 28, 73, 32, 44, 59, 64, 41, 90, 18, 28, 73, 32, 44]",[],"{""accepted_indices"": [0, 1, 2, 3, 4, 5, 6, 7, 8, 9, 1, 2, 3, 4, 5, 6, 7, 8, 9], ""eps1"": 10, ""distance_median"": 0.19607650201426316}"
488,rflbat,rflbat_cluster_filter,"[3, 59, 64, 41, 90, 18, 28, 73, 32, 44, 59, 64, 41, 90, 18, 28, 73, 32, 44]",[],"{""accepted_indices"": [0, 1, 2, 3, 4, 5, 6, 7, 8, 9, 1, 2, 3, 4, 5, 6, 7, 8, 9], ""num_clusters"": 1, ""cluster_scores"": [0.1562747463090688]}"
488,rflbat,rflbat_final_distance_filter,"[3, 59, 64, 41, 90, 18, 28, 73, 32, 44]",[],"{""accepted_indices"": [0, 1, 2, 3, 4, 5, 6, 7, 8, 9, 1, 2, 3, 4, 5, 6, 7, 8, 9], ""eps2"": 6, ""distance_median"": 0.40056241472528914}"
489,rflbat,rflbat_first_distance_filter,"[1, 41, 72, 28, 30, 25, 40, 14, 76, 86, 41, 72, 28, 30, 25, 40, 14, 76, 86]",[],"{""accepted_indices"": [0, 1, 2, 3, 4, 5, 6, 7, 8, 9, 1, 2, 3, 4, 5, 6, 7, 8, 9], ""eps1"": 10, ""distance_median"": 0.10571673434801733}"
489,rflbat,rflbat_cluster_filter,"[1, 41, 72, 28, 30, 25, 40, 14, 76, 86, 41, 72, 28, 30, 25, 40, 14, 76, 86]",[],"{""accepted_indices"": [0, 1, 2, 3, 4, 5, 6, 7, 8, 9, 1, 2, 3, 4, 5, 6, 7, 8, 9], ""num_clusters"": 1, ""cluster_scores"": [0.1296674975088771]}"
489,rflbat,rflbat_final_distance_filter,"[1, 41, 72, 28, 30, 25, 40, 14, 76, 86]",[],"{""accepted_indices"": [0, 1, 2, 3, 4, 5, 6, 7, 8, 9, 1, 2, 3, 4, 5, 6, 7, 8, 9], ""eps2"": 6, ""distance_median"": 0.21081903490780493}"
490,rflbat,rflbat_first_distance_filter,"[1, 78, 30, 14, 81, 9, 36, 94, 25, 60, 78, 30, 14, 81, 9, 36, 94, 25, 60]",[],"{""accepted_indices"": [0, 1, 2, 3, 4, 5, 6, 7, 8, 9, 1, 2, 3, 4, 5, 6, 7, 8, 9], ""eps1"": 10, ""distance_median"": 0.08940484974211232}"
490,rflbat,rflbat_cluster_filter,"[1, 78, 30, 14, 81, 9, 36, 94, 25, 60, 78, 30, 14, 81, 9, 36, 94, 25, 60]",[],"{""accepted_indices"": [0, 1, 2, 3, 4, 5, 6, 7, 8, 9, 1, 2, 3, 4, 5, 6, 7, 8, 9], ""num_clusters"": 1, ""cluster_scores"": [0.09680333078316856]}"
490,rflbat,rflbat_final_distance_filter,"[1, 78, 30, 14, 81, 9, 36, 94, 25, 60]",[],"{""accepted_indices"": [0, 1, 2, 3, 4, 5, 6, 7, 8, 9, 1, 2, 3, 4, 5, 6, 7, 8, 9], ""eps2"": 6, ""distance_median"": 0.15754779544307224}"
491,rflbat,rflbat_first_distance_filter,"[0, 38, 48, 69, 52, 2, 83, 46, 61, 26, 38, 48, 69, 52, 2, 83, 46, 61, 26]",[],"{""accepted_indices"": [0, 1, 2, 3, 4, 5, 6, 7, 8, 9, 1, 2, 3, 4, 5, 6, 7, 8, 9], ""eps1"": 10, ""distance_median"": 0.21280155906247705}"
491,rflbat,rflbat_cluster_filter,"[0, 38, 48, 69, 52, 2, 83, 46, 61, 26, 38, 48, 69, 52, 2, 83, 46, 61, 26]",[],"{""accepted_indices"": [0, 1, 2, 3, 4, 5, 6, 7, 8, 9, 1, 2, 3, 4, 5, 6, 7, 8, 9], ""num_clusters"": 1, ""cluster_scores"": [0.13412078651009254]}"
491,rflbat,rflbat_final_distance_filter,"[0, 38, 48, 69, 52, 2, 83, 46, 61, 26]",[],"{""accepted_indices"": [0, 1, 2, 3, 4, 5, 6, 7, 8, 9, 1, 2, 3, 4, 5, 6, 7, 8, 9], ""eps2"": 6, ""distance_median"": 0.40533130033745357}"
492,rflbat,rflbat_first_distance_filter,"[3, 89, 87, 78, 93, 92, 32, 12, 66, 63, 89, 87, 78, 93, 92, 32, 12, 66, 63]",[],"{""accepted_indices"": [0, 1, 2, 3, 4, 5, 6, 7, 8, 9, 1, 2, 3, 4, 5, 6, 7, 8, 9], ""eps1"": 10, ""distance_median"": 0.09722860501884026}"
492,rflbat,rflbat_cluster_filter,"[3, 89, 87, 78, 93, 92, 32, 12, 66, 63, 89, 87, 78, 93, 92, 32, 12, 66, 63]",[],"{""accepted_indices"": [0, 1, 2, 3, 4, 5, 6, 7, 8, 9, 1, 2, 3, 4, 5, 6, 7, 8, 9], ""num_clusters"": 1, ""cluster_scores"": [0.12371417714305123]}"
492,rflbat,rflbat_final_distance_filter,"[3, 89, 87, 78, 93, 92, 32, 12, 66, 63]",[],"{""accepted_indices"": [0, 1, 2, 3, 4, 5, 6, 7, 8, 9, 1, 2, 3, 4, 5, 6, 7, 8, 9], ""eps2"": 6, ""distance_median"": 0.19194150537129961}"
493,rflbat,rflbat_first_distance_filter,"[4, 86, 25, 23, 52, 41, 38, 26, 31, 51, 86, 25, 23, 52, 41, 38, 26, 31, 51]",[],"{""accepted_indices"": [0, 1, 2, 3, 4, 5, 6, 7, 8, 9, 1, 2, 3, 4, 5, 6, 7, 8, 9], ""eps1"": 10, ""distance_median"": 0.2574477056936608}"
493,rflbat,rflbat_cluster_filter,"[4, 86, 25, 23, 52, 41, 38, 26, 31, 51, 86, 25, 23, 52, 41, 38, 26, 31, 51]",[],"{""accepted_indices"": [0, 1, 2, 3, 4, 5, 6, 7, 8, 9, 1, 2, 3, 4, 5, 6, 7, 8, 9], ""num_clusters"": 1, ""cluster_scores"": [0.11005831459673672]}"
493,rflbat,rflbat_final_distance_filter,"[4, 86, 25, 23, 52, 41, 38, 26, 31, 51]",[],"{""accepted_indices"": [0, 1, 2, 3, 4, 5, 6, 7, 8, 9, 1, 2, 3, 4, 5, 6, 7, 8, 9], ""eps2"": 6, ""distance_median"": 0.5132097299144898}"
494,rflbat,rflbat_first_distance_filter,"[4, 96, 37, 85, 89, 77, 1, 98, 40, 32, 96, 37, 85, 89, 77, 1, 98, 40, 32]",[],"{""accepted_indices"": [0, 1, 2, 3, 4, 5, 6, 7, 8, 9, 1, 2, 3, 4, 5, 6, 7, 8, 9], ""eps1"": 10, ""distance_median"": 0.21209381892722534}"
494,rflbat,rflbat_cluster_filter,"[4, 96, 37, 85, 89, 77, 1, 98, 40, 32, 96, 37, 85, 89, 77, 1, 98, 40, 32]",[],"{""accepted_indices"": [0, 1, 2, 3, 4, 5, 6, 7, 8, 9, 1, 2, 3, 4, 5, 6, 7, 8, 9], ""num_clusters"": 1, ""cluster_scores"": [0.13161226896255138]}"
494,rflbat,rflbat_final_distance_filter,"[4, 96, 37, 85, 89, 77, 1, 98, 40, 32]",[],"{""accepted_indices"": [0, 1, 2, 3, 4, 5, 6, 7, 8, 9, 1, 2, 3, 4, 5, 6, 7, 8, 9], ""eps2"": 6, ""distance_median"": 0.4247383172524739}"
495,rflbat,rflbat_first_distance_filter,"[1, 15, 59, 79, 19, 0, 61, 14, 60, 36, 15, 59, 79, 19, 0, 61, 14, 60, 36]",[],"{""accepted_indices"": [0, 1, 2, 3, 4, 5, 6, 7, 8, 9, 1, 2, 3, 4, 5, 6, 7, 8, 9], ""eps1"": 10, ""distance_median"": 0.1436288211400806}"
495,rflbat,rflbat_cluster_filter,"[1, 15, 59, 79, 19, 0, 61, 14, 60, 36, 15, 59, 79, 19, 0, 61, 14, 60, 36]",[],"{""accepted_indices"": [0, 1, 2, 3, 4, 5, 6, 7, 8, 9, 1, 2, 3, 4, 5, 6, 7, 8, 9], ""num_clusters"": 1, ""cluster_scores"": [0.12497449682204789]}"
495,rflbat,rflbat_final_distance_filter,"[1, 15, 59, 79, 19, 0, 61, 14, 60, 36]",[],"{""accepted_indices"": [0, 1, 2, 3, 4, 5, 6, 7, 8, 9, 1, 2, 3, 4, 5, 6, 7, 8, 9], ""eps2"": 6, ""distance_median"": 0.29192549587891425}"
496,rflbat,rflbat_first_distance_filter,"[2, 85, 88, 39, 47, 40, 68, 16, 22, 24, 85, 88, 39, 47, 40, 68, 16, 22, 24]",[],"{""accepted_indices"": [0, 1, 2, 3, 4, 5, 6, 7, 8, 9, 1, 2, 3, 4, 5, 6, 7, 8, 9], ""eps1"": 10, ""distance_median"": 0.17394100202941398}"
496,rflbat,rflbat_cluster_filter,"[2, 85, 88, 39, 47, 40, 68, 16, 22, 24, 85, 88, 39, 47, 40, 68, 16, 22, 24]",[],"{""accepted_indices"": [0, 1, 2, 3, 4, 5, 6, 7, 8, 9, 1, 2, 3, 4, 5, 6, 7, 8, 9], ""num_clusters"": 1, ""cluster_scores"": [0.14214190970056273]}"
496,rflbat,rflbat_final_distance_filter,"[2, 85, 88, 39, 47, 40, 68, 16, 22, 24]",[],"{""accepted_indices"": [0, 1, 2, 3, 4, 5, 6, 7, 8, 9, 1, 2, 3, 4, 5, 6, 7, 8, 9], ""eps2"": 6, ""distance_median"": 0.3226850790839632}"
497,rflbat,rflbat_first_distance_filter,"[3, 70, 60, 68, 32, 95, 9, 98, 77, 80, 70, 60, 68, 32, 95, 9, 98, 77, 80]",[],"{""accepted_indices"": [0, 1, 2, 3, 4, 5, 6, 7, 8, 9, 1, 2, 3, 4, 5, 6, 7, 8, 9], ""eps1"": 10, ""distance_median"": 0.1217646772858719}"
497,rflbat,rflbat_cluster_filter,"[3, 70, 60, 68, 32, 95, 9, 98, 77, 80, 70, 60, 68, 32, 95, 9, 98, 77, 80]",[],"{""accepted_indices"": [0, 1, 2, 3, 4, 5, 6, 7, 8, 9, 1, 2, 3, 4, 5, 6, 7, 8, 9], ""num_clusters"": 1, ""cluster_scores"": [0.15433821413520282]}"
497,rflbat,rflbat_final_distance_filter,"[3, 70, 60, 68, 32, 95, 9, 98, 77, 80]",[],"{""accepted_indices"": [0, 1, 2, 3, 4, 5, 6, 7, 8, 9, 1, 2, 3, 4, 5, 6, 7, 8, 9], ""eps2"": 6, ""distance_median"": 0.241422220254711}"
498,rflbat,rflbat_first_distance_filter,"[3, 77, 11, 55, 94, 63, 66, 34, 74, 97, 77, 11, 55, 94, 63, 66, 34, 74, 97]",[],"{""accepted_indices"": [0, 1, 2, 3, 4, 5, 6, 7, 8, 9, 1, 2, 3, 4, 5, 6, 7, 8, 9], ""eps1"": 10, ""distance_median"": 0.15165412925637553}"
498,rflbat,rflbat_cluster_filter,"[3, 77, 11, 55, 94, 63, 66, 34, 74, 97, 77, 11, 55, 94, 63, 66, 34, 74, 97]",[],"{""accepted_indices"": [0, 1, 2, 3, 4, 5, 6, 7, 8, 9, 1, 2, 3, 4, 5, 6, 7, 8, 9], ""num_clusters"": 1, ""cluster_scores"": [0.1422621757259895]}"
498,rflbat,rflbat_final_distance_filter,"[3, 77, 11, 55, 94, 63, 66, 34, 74, 97]",[],"{""accepted_indices"": [0, 1, 2, 3, 4, 5, 6, 7, 8, 9, 1, 2, 3, 4, 5, 6, 7, 8, 9], ""eps2"": 6, ""distance_median"": 0.29546577296278653}"
499,rflbat,rflbat_first_distance_filter,"[4, 99, 70, 64, 2, 57, 80, 27, 9, 18, 99, 70, 64, 2, 57, 80, 27, 9, 18]",[],"{""accepted_indices"": [0, 1, 2, 3, 4, 5, 6, 7, 8, 9, 1, 2, 3, 4, 5, 6, 7, 8, 9], ""eps1"": 10, ""distance_median"": 0.1269886292539168}"
499,rflbat,rflbat_cluster_filter,"[4, 99, 70, 64, 2, 57, 80, 27, 9, 18, 99, 70, 64, 2, 57, 80, 27, 9, 18]",[],"{""accepted_indices"": [0, 1, 2, 3, 4, 5, 6, 7, 8, 9, 1, 2, 3, 4, 5, 6, 7, 8, 9], ""num_clusters"": 1, ""cluster_scores"": [0.09819745253029254]}"
499,rflbat,rflbat_final_distance_filter,"[4, 99, 70, 64, 2, 57, 80, 27, 9, 18]",[],"{""accepted_indices"": [0, 1, 2, 3, 4, 5, 6, 7, 8, 9, 1, 2, 3, 4, 5, 6, 7, 8, 9], ""eps2"": 6, ""distance_median"": 0.20361244345802607}"
500,rflbat,rflbat_first_distance_filter,"[0, 85, 63, 12, 71, 80, 70, 26, 14, 75, 85, 63, 12, 71, 80, 70, 26, 14, 75]",[],"{""accepted_indices"": [0, 1, 2, 3, 4, 5, 6, 7, 8, 9, 1, 2, 3, 4, 5, 6, 7, 8, 9], ""eps1"": 10, ""distance_median"": 0.17065008646422425}"
500,rflbat,rflbat_cluster_filter,"[63, 12, 80, 70, 14, 63, 12, 80, 70, 14]","[0, 85, 71, 26, 75]","{""accepted_indices"": [2, 3, 5, 6, 8, 2, 3, 5, 6, 8], ""num_clusters"": 4, ""cluster_scores"": [0.6675560186541825, 1.0000000000012375, 1, 0.21847420797172318]}"
500,rflbat,rflbat_final_distance_filter,"[63, 12, 80, 70, 14]","[0, 85, 71, 26, 75]","{""accepted_indices"": [2, 3, 5, 6, 8, 2, 3, 5, 6, 8], ""eps2"": 6, ""distance_median"": 0.015467522502479063}"
