epoch,method,stage,selected,rejected,human
1,foolsgold,foolsgold,"[71, 32, 58, 67, 43, 29]","[3, 4, 24, 62]","{""layer_name"": ""linear"", ""weights_by_client"": {""3"": 0.0, ""71"": 1.0, ""32"": 0.2988820588227298, ""58"": 0.2988820588227298, ""4"": 0.0, ""24"": 0.0, ""62"": 0.0, ""67"": 1.0, ""43"": 0.8819246326586903, ""29"": 0.3999941757237427}}"
2,foolsgold,foolsgold,"[73, 99, 15, 37, 93, 22]","[3, 72, 20, 74]","{""layer_name"": ""linear"", ""weights_by_client"": {""3"": 0.0, ""73"": 1.0, ""72"": 0.0, ""99"": 0.16055425900834475, ""20"": 0.0, ""15"": 0.9338030054247821, ""37"": 1.0, ""93"": 1.0, ""74"": 0.0, ""22"": 0.16055425900834475}}"
3,foolsgold,foolsgold,"[11, 29, 61, 62, 31, 89]","[2, 14, 0, 55]","{""layer_name"": ""linear"", ""weights_by_client"": {""2"": 0.0, ""11"": 1.0, ""29"": 0.4470681609995547, ""61"": 0.8718341480665508, ""14"": 0.0, ""62"": 0.4264930534547081, ""31"": 1.0, ""0"": 0.0, ""55"": 0.0, ""89"": 0.4264930534547081}}"
4,foolsgold,foolsgold,"[1, 73, 68, 53, 34, 88]","[5, 48, 28, 72]","{""layer_name"": ""linear"", ""weights_by_client"": {""1"": 1.0, ""73"": 1.0, ""5"": 0.0, ""68"": 1.0, ""48"": 0.0, ""28"": 0.0, ""53"": 1.0, ""72"": 0.0, ""34"": 1.0, ""88"": 1.0}}"
5,foolsgold,foolsgold,"[4, 55, 67, 16, 21, 26, 69]","[27, 98, 57]","{""layer_name"": ""linear"", ""weights_by_client"": {""4"": 0.2952115578886942, ""27"": 0.0, ""55"": 0.20924975062065782, ""98"": 0.0, ""67"": 1.0, ""16"": 0.2952115578886942, ""57"": 0.0, ""21"": 1.0, ""26"": 1.0, ""69"": 1.0}}"
6,foolsgold,foolsgold,"[55, 53, 6, 52, 61, 48]","[3, 44, 86, 62]","{""layer_name"": ""linear"", ""weights_by_client"": {""3"": 0.0, ""55"": 1.0, ""44"": 0.0, ""86"": 0.0, ""53"": 0.2283438590234183, ""6"": 0.1542928694139013, ""52"": 0.7511769871163843, ""61"": 0.1542928694139013, ""62"": 0.0, ""48"": 1.0}}"
7,foolsgold,foolsgold,"[2, 46, 58, 32, 95, 97, 38]","[73, 42, 13]","{""layer_name"": ""linear"", ""weights_by_client"": {""2"": 1.0, ""73"": 0.0, ""46"": 0.5826821537520507, ""58"": 0.728167106758616, ""32"": 0.728167106758616, ""95"": 1.0, ""97"": 1.0, ""42"": 0.0, ""38"": 0.5826821537520507, ""13"": 0.0}}"
8,foolsgold,foolsgold,[0],"[41, 96, 97, 82, 86, 57, 62, 85, 17]","{""layer_name"": ""linear"", ""weights_by_client"": {""0"": 1.0, ""41"": 0.0, ""96"": 0.0, ""97"": 0.0, ""82"": 0.0, ""86"": 0.0, ""57"": 0.0, ""62"": 0.0, ""85"": 0.0, ""17"": 0.0}}"
9,foolsgold,foolsgold,"[23, 43, 96, 69, 84]","[2, 1, 38, 6, 89]","{""layer_name"": ""linear"", ""weights_by_client"": {""2"": 0.0, ""1"": 0.0, ""38"": 0.0, ""6"": 0.0, ""23"": 0.9602258920030486, ""43"": 1.0, ""89"": 0.0, ""96"": 1.0, ""69"": 1.0, ""84"": 0.9602258920030486}}"
10,foolsgold,foolsgold,"[81, 70]","[4, 95, 65, 71, 9, 3, 41, 42]","{""layer_name"": ""linear"", ""weights_by_client"": {""4"": 0.0, ""95"": 0.0, ""65"": 0.0, ""71"": 0.0, ""9"": 0.0, ""3"": 0.0, ""81"": 1.0, ""70"": 1.0, ""41"": 0.0, ""42"": 0.0}}"
11,foolsgold,foolsgold,"[58, 20, 38, 97]","[4, 28, 44, 63, 65, 47]","{""layer_name"": ""linear"", ""weights_by_client"": {""4"": 0.0, ""58"": 1.0, ""20"": 0.7395729579965038, ""28"": 0.0, ""44"": 0.0, ""63"": 0.0, ""65"": 0.0, ""38"": 0.011935215531458487, ""97"": 1.0, ""47"": 0.0}}"
12,foolsgold,foolsgold,"[81, 20, 37, 15, 11, 48]","[3, 6, 68, 2]","{""layer_name"": ""linear"", ""weights_by_client"": {""3"": 0.0, ""81"": 1.0, ""20"": 0.2831146533363899, ""6"": 0.0, ""68"": 0.0, ""2"": 0.0, ""37"": 1.0, ""15"": 0.6061993652347044, ""11"": 1.0, ""48"": 1.0}}"
13,foolsgold,foolsgold,"[95, 39]","[0, 60, 98, 75, 32, 15, 52, 49]","{""layer_name"": ""linear"", ""weights_by_client"": {""0"": 0.0, ""60"": 0.0, ""95"": 1.0, ""98"": 0.0, ""39"": 1.0, ""75"": 0.0, ""32"": 0.0, ""15"": 0.0, ""52"": 0.0, ""49"": 0.0}}"
14,foolsgold,foolsgold,"[67, 86, 16, 55, 88, 15]","[0, 99, 12, 44]","{""layer_name"": ""linear"", ""weights_by_client"": {""0"": 0.0, ""67"": 1.0, ""86"": 1.0, ""16"": 0.9385731671177381, ""55"": 1.0, ""99"": 0.0, ""88"": 1.0, ""15"": 1.0, ""12"": 0.0, ""44"": 0.0}}"
15,foolsgold,foolsgold,"[81, 49, 56, 12, 30, 83, 37, 91]","[2, 3]","{""layer_name"": ""linear"", ""weights_by_client"": {""2"": 0.0, ""81"": 0.6859957197916164, ""49"": 0.6859957197916164, ""56"": 1.0, ""12"": 1.0, ""30"": 1.0, ""83"": 1.0, ""37"": 1.0, ""3"": 0.0, ""91"": 1.0}}"
16,foolsgold,foolsgold,"[2, 84, 40, 43, 39]","[57, 85, 46, 6, 71]","{""layer_name"": ""linear"", ""weights_by_client"": {""2"": 1.0, ""57"": 0.0, ""85"": 0.0, ""84"": 1.0, ""46"": 0.0, ""6"": 0.0, ""40"": 0.9670233128681525, ""43"": 0.9670233128681525, ""71"": 0.0, ""39"": 1.0}}"
17,foolsgold,foolsgold,"[83, 71, 76, 18, 17, 81, 62, 52]","[0, 3]","{""layer_name"": ""linear"", ""weights_by_client"": {""0"": 0.0, ""83"": 1.0, ""71"": 1.0, ""76"": 1.0, ""18"": 1.0, ""17"": 0.6467037055736466, ""81"": 1.0, ""62"": 0.6467037055736466, ""3"": 0.0, ""52"": 1.0}}"
18,foolsgold,foolsgold,"[4, 80, 5, 84, 50, 40, 78, 43]","[88, 31]","{""layer_name"": ""linear"", ""weights_by_client"": {""4"": 1.0, ""80"": 1.0, ""88"": 0.0, ""5"": 0.326156966401115, ""84"": 1.0, ""50"": 0.326156966401115, ""40"": 0.5365765184663916, ""78"": 0.5068084544068415, ""31"": 0.0, ""43"": 1.0}}"
19,foolsgold,foolsgold,"[84, 45, 95, 90, 87, 51]","[3, 65, 6, 29]","{""layer_name"": ""linear"", ""weights_by_client"": {""3"": 0.0, ""84"": 1.0, ""45"": 0.26288562155067907, ""95"": 1.0, ""90"": 0.21993112612930388, ""65"": 0.0, ""6"": 0.0, ""87"": 0.17593767863238718, ""29"": 0.0, ""51"": 1.0}}"
20,foolsgold,foolsgold,"[1, 52, 38, 22, 39, 47]","[72, 28, 63, 18]","{""layer_name"": ""linear"", ""weights_by_client"": {""1"": 1.0, ""72"": 0.0, ""28"": 0.0, ""52"": 0.8636105400665974, ""38"": 0.2296667580043168, ""63"": 0.0, ""18"": 0.0, ""22"": 1.0, ""39"": 1.0, ""47"": 0.5528705829035895}}"
21,foolsgold,foolsgold,"[2, 99, 96, 5, 68, 29]","[66, 13, 63, 94]","{""layer_name"": ""linear"", ""weights_by_client"": {""2"": 0.3683322244055353, ""99"": 1.0, ""66"": 0.0, ""96"": 1.0, ""13"": 0.0, ""63"": 0.0, ""5"": 1.0, ""68"": 1.0, ""94"": 0.0, ""29"": 0.3683322244055353}}"
22,foolsgold,foolsgold,"[1, 45, 9, 98, 99]","[38, 83, 86, 24, 34]","{""layer_name"": ""linear"", ""weights_by_client"": {""1"": 1.0, ""45"": 1.0, ""9"": 1.0, ""98"": 0.9553247800451822, ""99"": 1.0, ""38"": 0.0, ""83"": 0.0, ""86"": 0.0, ""24"": 0.0, ""34"": 0.0}}"
23,foolsgold,foolsgold,"[2, 82, 79, 81, 91, 53, 52, 32]","[83, 90]","{""layer_name"": ""linear"", ""weights_by_client"": {""2"": 1.0, ""83"": 0.0, ""82"": 1.0, ""79"": 1.0, ""81"": 1.0, ""91"": 1.0, ""53"": 1.0, ""52"": 1.0, ""90"": 0.0, ""32"": 1.0}}"
24,foolsgold,foolsgold,"[4, 5, 99, 34, 28, 76, 91]","[6, 94, 46]","{""layer_name"": ""linear"", ""weights_by_client"": {""4"": 1.0, ""5"": 0.6565048166536733, ""99"": 0.7469178222801064, ""6"": 0.0, ""94"": 0.0, ""34"": 0.4906674578490559, ""46"": 0.0, ""28"": 0.958233415826863, ""76"": 0.4906674578490559, ""91"": 0.6565048166536733}}"
25,foolsgold,foolsgold,"[35, 90, 93, 70, 95, 54]","[4, 2, 71, 98]","{""layer_name"": ""linear"", ""weights_by_client"": {""4"": 0.0, ""2"": 0.0, ""35"": 1.0, ""90"": 1.0, ""93"": 1.0, ""71"": 0.0, ""98"": 0.0, ""70"": 1.0, ""95"": 0.38752852512769226, ""54"": 0.38752852512769226}}"
26,foolsgold,foolsgold,"[22, 41, 39, 88, 74, 49]","[3, 81, 14, 1]","{""layer_name"": ""linear"", ""weights_by_client"": {""3"": 0.0, ""81"": 0.0, ""22"": 1.0, ""41"": 0.2450489979288223, ""14"": 0.0, ""39"": 0.2450489979288223, ""1"": 0.0, ""88"": 1.0, ""74"": 1.0, ""49"": 0.19426105716260283}}"
27,foolsgold,foolsgold,"[0, 95, 7, 65, 58]","[57, 73, 75, 27, 10]","{""layer_name"": ""linear"", ""weights_by_client"": {""0"": 1.0, ""95"": 1.0, ""57"": 0.0, ""7"": 1.0, ""73"": 0.0, ""75"": 0.0, ""65"": 1.0, ""58"": 1.0, ""27"": 0.0, ""10"": 0.0}}"
28,foolsgold,foolsgold,"[76, 15, 51, 69, 72, 14]","[3, 1, 65, 53]","{""layer_name"": ""linear"", ""weights_by_client"": {""3"": 0.0, ""1"": 0.0, ""76"": 1.0, ""65"": 0.0, ""15"": 1.0, ""51"": 0.19288002535162135, ""53"": 0.0, ""69"": 1.0, ""72"": 1.0, ""14"": 0.19288002535162135}}"
29,foolsgold,foolsgold,"[30, 81, 70, 38, 49, 78, 14, 87]","[1, 3]","{""layer_name"": ""linear"", ""weights_by_client"": {""1"": 0.0, ""3"": 0.0, ""30"": 1.0, ""81"": 0.3654523494500139, ""70"": 1.0, ""38"": 0.6724578053372705, ""49"": 0.6724578053372705, ""78"": 1.0, ""14"": 0.3654523494500139, ""87"": 1.0}}"
30,foolsgold,foolsgold,"[1, 47, 7, 49, 33, 34, 53]","[71, 13, 42]","{""layer_name"": ""linear"", ""weights_by_client"": {""1"": 1.0, ""71"": 0.0, ""13"": 0.0, ""47"": 1.0, ""7"": 1.0, ""49"": 0.8040841889210566, ""33"": 1.0, ""42"": 0.0, ""34"": 0.49645241403194756, ""53"": 1.0}}"
31,foolsgold,foolsgold,"[48, 45, 54]","[3, 20, 57, 30, 15, 29, 14]","{""layer_name"": ""linear"", ""weights_by_client"": {""3"": 0.0, ""20"": 0.0, ""48"": 1.0, ""57"": 0.0, ""30"": 0.0, ""15"": 0.0, ""45"": 1.0, ""29"": 0.0, ""54"": 1.0, ""14"": 0.0}}"
32,foolsgold,foolsgold,"[1, 52, 76, 65, 58, 23, 99, 21]","[57, 51]","{""layer_name"": ""linear"", ""weights_by_client"": {""1"": 1.0, ""57"": 0.0, ""52"": 1.0, ""76"": 0.46132917543580243, ""65"": 0.5941516439164116, ""58"": 0.02857732461254403, ""51"": 0.0, ""23"": 0.45462954270713196, ""99"": 0.02857732461254403, ""21"": 0.45462954270713196}}"
33,foolsgold,foolsgold,"[96, 82, 75, 40, 47]","[4, 46, 64, 63, 36]","{""layer_name"": ""linear"", ""weights_by_client"": {""4"": 0.0, ""46"": 0.0, ""64"": 0.0, ""96"": 1.0, ""82"": 1.0, ""75"": 1.0, ""40"": 1.0, ""63"": 0.0, ""36"": 0.0, ""47"": 1.0}}"
34,foolsgold,foolsgold,"[0, 72, 8, 81, 73, 83, 65, 79, 58, 16]",[],"{""layer_name"": ""linear"", ""weights_by_client"": {""0"": 0.611167956148863, ""72"": 0.3138245881402585, ""8"": 1.0, ""81"": 1.0, ""73"": 1.0, ""83"": 0.8102775669588045, ""65"": 1.0, ""79"": 0.8102775669588045, ""58"": 0.3138245881402585, ""16"": 0.611167956148863}}"
35,foolsgold,foolsgold,"[84, 29, 12, 64]","[3, 30, 98, 44, 13, 55]","{""layer_name"": ""linear"", ""weights_by_client"": {""3"": 0.0, ""30"": 0.0, ""84"": 1.0, ""29"": 0.1847370288316627, ""12"": 1.0, ""98"": 0.0, ""44"": 0.0, ""64"": 1.0, ""13"": 0.0, ""55"": 0.0}}"
36,foolsgold,foolsgold,"[23, 49, 11, 34, 33, 58]","[0, 36, 99, 12]","{""layer_name"": ""linear"", ""weights_by_client"": {""0"": 0.0, ""36"": 0.0, ""23"": 1.0, ""49"": 1.0, ""11"": 0.30539050374555676, ""34"": 0.30539050374555676, ""99"": 0.0, ""33"": 1.0, ""58"": 0.9086617200488433, ""12"": 0.0}}"
37,foolsgold,foolsgold,"[43, 5, 14, 37]","[3, 34, 99, 48, 24, 56]","{""layer_name"": ""linear"", ""weights_by_client"": {""3"": 0.0, ""43"": 1.0, ""5"": 1.0, ""34"": 0.0, ""99"": 0.0, ""14"": 0.7872037737571959, ""48"": 0.0, ""24"": 0.0, ""56"": 0.0, ""37"": 1.0}}"
38,foolsgold,foolsgold,"[2, 88, 85, 19, 37]","[65, 95, 82, 77, 54]","{""layer_name"": ""linear"", ""weights_by_client"": {""2"": 1.0, ""88"": 1.0, ""85"": 1.0, ""65"": 0.0, ""95"": 0.0, ""82"": 0.0, ""19"": 1.0, ""77"": 0.0, ""54"": 0.0, ""37"": 1.0}}"
39,foolsgold,foolsgold,"[2, 33, 85, 87, 74, 15, 29, 94]","[12, 60]","{""layer_name"": ""linear"", ""weights_by_client"": {""2"": 0.0560194014996766, ""33"": 1.0, ""12"": 0.0, ""85"": 1.0, ""87"": 0.8406970875119144, ""74"": 1.0, ""15"": 0.0560194014996766, ""29"": 0.3645709423990099, ""94"": 0.3645709423990099, ""60"": 0.0}}"
40,foolsgold,foolsgold,"[33, 55]","[4, 6, 77, 65, 63, 18, 2, 78]","{""layer_name"": ""linear"", ""weights_by_client"": {""4"": 0.0, ""6"": 0.0, ""33"": 1.0, ""77"": 0.0, ""65"": 0.0, ""63"": 0.0, ""55"": 1.0, ""18"": 0.0, ""2"": 0.0, ""78"": 0.0}}"
41,foolsgold,foolsgold,"[57, 32, 77, 95, 22]","[1, 71, 25, 51, 42]","{""layer_name"": ""linear"", ""weights_by_client"": {""1"": 0.0, ""71"": 0.0, ""25"": 0.0, ""57"": 0.34827614192089784, ""32"": 0.7403808170001327, ""77"": 1.0, ""51"": 0.0, ""42"": 0.0, ""95"": 1.0, ""22"": 0.7403808170001327}}"
42,foolsgold,foolsgold,"[61, 86, 54, 91, 85]","[2, 23, 0, 63, 37]","{""layer_name"": ""linear"", ""weights_by_client"": {""2"": 0.0, ""23"": 0.0, ""61"": 0.07175113128003463, ""86"": 1.0, ""54"": 1.0, ""0"": 0.0, ""91"": 1.0, ""63"": 0.0, ""37"": 0.0, ""85"": 1.0}}"
43,foolsgold,foolsgold,"[35, 22, 89, 16]","[0, 40, 56, 34, 98, 1]","{""layer_name"": ""linear"", ""weights_by_client"": {""0"": 0.0, ""40"": 0.0, ""56"": 0.0, ""34"": 0.0, ""98"": 0.0, ""35"": 1.0, ""1"": 0.0, ""22"": 1.0, ""89"": 1.0, ""16"": 1.0}}"
44,foolsgold,foolsgold,"[46, 37, 20, 42, 50, 12, 72]","[1, 25, 44]","{""layer_name"": ""linear"", ""weights_by_client"": {""1"": 0.0, ""46"": 0.21904505039955963, ""25"": 0.0, ""37"": 0.21904505039955963, ""20"": 0.19093788791242083, ""42"": 1.0, ""44"": 0.0, ""50"": 0.28690155911158927, ""12"": 0.3780740263923771, ""72"": 1.0}}"
45,foolsgold,foolsgold,"[1, 93, 12, 27, 33, 16]","[19, 56, 20, 69]","{""layer_name"": ""linear"", ""weights_by_client"": {""1"": 0.18481857726451695, ""19"": 0.0, ""56"": 0.0, ""93"": 0.8777555187147178, ""20"": 0.0, ""12"": 0.8777555187147178, ""27"": 1.0, ""69"": 0.0, ""33"": 1.0, ""16"": 0.18481857726451695}}"
46,foolsgold,foolsgold,"[10, 46, 35, 17]","[2, 45, 1, 74, 86, 81]","{""layer_name"": ""linear"", ""weights_by_client"": {""2"": 0.0, ""45"": 0.0, ""10"": 1.0, ""1"": 0.0, ""74"": 0.0, ""86"": 0.0, ""46"": 1.0, ""35"": 1.0, ""17"": 1.0, ""81"": 0.0}}"
47,foolsgold,foolsgold,"[19, 62, 52, 70, 65]","[2, 99, 44, 0, 48]","{""layer_name"": ""linear"", ""weights_by_client"": {""2"": 0.0, ""99"": 0.0, ""19"": 0.1594351292327088, ""62"": 0.1412015562419372, ""44"": 0.0, ""0"": 0.0, ""48"": 0.0, ""52"": 0.1412015562419372, ""70"": 0.1594351292327088, ""65"": 1.0}}"
48,foolsgold,foolsgold,"[66, 83, 68, 23, 90, 57, 21]","[0, 36, 2]","{""layer_name"": ""linear"", ""weights_by_client"": {""0"": 0.0, ""66"": 0.4027701035549386, ""36"": 0.0, ""83"": 1.0, ""68"": 1.0, ""23"": 1.0, ""90"": 1.0, ""2"": 0.0, ""57"": 0.4027701035549386, ""21"": 1.0}}"
49,foolsgold,foolsgold,"[40, 5, 89]","[3, 10, 20, 51, 25, 27, 85]","{""layer_name"": ""linear"", ""weights_by_client"": {""3"": 0.0, ""10"": 0.0, ""20"": 0.0, ""51"": 0.0, ""25"": 0.0, ""27"": 0.0, ""40"": 0.8201241872412761, ""5"": 1.0, ""89"": 1.0, ""85"": 0.0}}"
50,foolsgold,foolsgold,"[1, 80, 28, 68]","[85, 63, 14, 94, 32, 20]","{""layer_name"": ""linear"", ""weights_by_client"": {""1"": 1.0, ""85"": 0.0, ""80"": 1.0, ""28"": 1.0, ""63"": 0.0, ""68"": 1.0, ""14"": 0.0, ""94"": 0.0, ""32"": 0.0, ""20"": 0.0}}"
51,foolsgold,foolsgold,"[58, 53, 17, 93, 55]","[3, 61, 21, 32, 20]","{""layer_name"": ""linear"", ""weights_by_client"": {""3"": 0.0, ""61"": 0.0, ""21"": 0.0, ""58"": 1.0, ""32"": 0.0, ""20"": 0.0, ""53"": 1.0, ""17"": 1.0, ""93"": 1.0, ""55"": 1.0}}"
52,foolsgold,foolsgold,"[43, 65, 16, 82]","[3, 38, 56, 79, 66, 75]","{""layer_name"": ""linear"", ""weights_by_client"": {""3"": 0.0, ""38"": 0.0, ""56"": 0.0, ""79"": 0.0, ""43"": 1.0, ""65"": 0.8542657622791529, ""66"": 0.0, ""16"": 0.7819607194424361, ""75"": 0.0, ""82"": 1.0}}"
53,foolsgold,foolsgold,"[2, 98, 50, 69, 38]","[58, 82, 91, 59, 97]","{""layer_name"": ""linear"", ""weights_by_client"": {""2"": 1.0, ""98"": 1.0, ""50"": 1.0, ""69"": 1.0, ""58"": 0.0, ""82"": 0.0, ""91"": 0.0, ""59"": 0.0, ""97"": 0.0, ""38"": 1.0}}"
54,foolsgold,foolsgold,"[74, 10]","[4, 88, 20, 38, 35, 78, 79, 25]","{""layer_name"": ""linear"", ""weights_by_client"": {""4"": 0.0, ""88"": 0.0, ""20"": 0.0, ""74"": 1.0, ""38"": 0.0, ""35"": 0.0, ""78"": 0.0, ""79"": 0.0, ""25"": 0.0, ""10"": 1.0}}"
55,foolsgold,foolsgold,"[1, 54, 45, 52]","[63, 82, 64, 21, 94, 97]","{""layer_name"": ""linear"", ""weights_by_client"": {""1"": 1.0, ""54"": 1.0, ""63"": 0.0, ""45"": 1.0, ""82"": 0.0, ""64"": 0.0, ""21"": 0.0, ""94"": 0.0, ""97"": 0.0, ""52"": 1.0}}"
56,foolsgold,foolsgold,"[65, 34, 91, 78, 88, 43, 52]","[3, 0, 30]","{""layer_name"": ""linear"", ""weights_by_client"": {""3"": 0.0, ""65"": 1.0, ""34"": 1.0, ""91"": 1.0, ""78"": 1.0, ""0"": 0.0, ""88"": 1.0, ""43"": 0.8847423506024674, ""30"": 0.0, ""52"": 0.9243963245865303}}"
57,foolsgold,foolsgold,"[83, 65, 24, 5]","[3, 57, 27, 98, 25, 10]","{""layer_name"": ""linear"", ""weights_by_client"": {""3"": 0.0, ""57"": 0.0, ""83"": 1.0, ""65"": 1.0, ""27"": 0.0, ""98"": 0.0, ""24"": 1.0, ""5"": 1.0, ""25"": 0.0, ""10"": 0.0}}"
58,foolsgold,foolsgold,"[16, 92, 62, 58, 77]","[3, 27, 14, 1, 44]","{""layer_name"": ""linear"", ""weights_by_client"": {""3"": 0.0, ""16"": 0.6229470294765733, ""92"": 1.0, ""27"": 0.0, ""14"": 0.0, ""62"": 1.0, ""58"": 1.0, ""77"": 1.0, ""1"": 0.0, ""44"": 0.0}}"
59,foolsgold,foolsgold,"[39, 6, 88, 69, 29, 26]","[1, 27, 71, 25]","{""layer_name"": ""linear"", ""weights_by_client"": {""1"": 0.0, ""39"": 1.0, ""6"": 1.0, ""27"": 0.0, ""71"": 0.0, ""88"": 1.0, ""69"": 1.0, ""29"": 0.7768163456717487, ""25"": 0.0, ""26"": 1.0}}"
60,foolsgold,foolsgold,"[84, 41, 86, 94]","[0, 13, 66, 3, 14, 51]","{""layer_name"": ""linear"", ""weights_by_client"": {""0"": 0.0, ""84"": 1.0, ""41"": 1.0, ""86"": 1.0, ""94"": 1.0, ""13"": 0.0, ""66"": 0.0, ""3"": 0.0, ""14"": 0.0, ""51"": 0.0}}"
61,foolsgold,foolsgold,"[70, 55, 69]","[3, 36, 1, 21, 32, 18, 8]","{""layer_name"": ""linear"", ""weights_by_client"": {""3"": 0.0, ""36"": 0.0, ""70"": 0.20146665112489487, ""1"": 0.0, ""21"": 0.0, ""32"": 0.0, ""55"": 1.0, ""18"": 0.0, ""69"": 0.317756495901647, ""8"": 0.0}}"
62,foolsgold,foolsgold,"[0, 29, 65, 95, 47]","[77, 68, 89, 79, 83]","{""layer_name"": ""linear"", ""weights_by_client"": {""0"": 0.08150612330762586, ""77"": 0.0, ""29"": 0.08150612330762586, ""65"": 0.20138094173430093, ""68"": 0.0, ""89"": 0.0, ""95"": 1.0, ""79"": 0.0, ""83"": 0.0, ""47"": 1.0}}"
63,foolsgold,foolsgold,"[15, 46, 31, 70]","[1, 10, 36, 86, 73, 62]","{""layer_name"": ""linear"", ""weights_by_client"": {""1"": 0.0, ""10"": 0.0, ""15"": 0.4314045226224078, ""46"": 1.0, ""36"": 0.0, ""86"": 0.0, ""31"": 1.0, ""73"": 0.0, ""62"": 0.0, ""70"": 1.0}}"
64,foolsgold,foolsgold,"[47, 63, 41, 75]","[0, 32, 34, 12, 11, 3]","{""layer_name"": ""linear"", ""weights_by_client"": {""0"": 0.0, ""47"": 1.0, ""63"": 1.0, ""32"": 0.0, ""34"": 0.0, ""12"": 0.0, ""41"": 1.0, ""75"": 0.19675774807790192, ""11"": 0.0, ""3"": 0.0}}"
65,foolsgold,foolsgold,"[55, 65, 54, 46]","[3, 1, 24, 31, 92, 49]","{""layer_name"": ""linear"", ""weights_by_client"": {""3"": 0.0, ""55"": 1.0, ""1"": 0.0, ""65"": 0.48335582681102907, ""54"": 1.0, ""24"": 0.0, ""31"": 0.0, ""92"": 0.0, ""49"": 0.0, ""46"": 0.48335582681102907}}"
66,foolsgold,foolsgold,"[0, 38, 51, 5, 19, 53, 84, 40]","[23, 64]","{""layer_name"": ""linear"", ""weights_by_client"": {""0"": 1.0, ""38"": 0.8073837660317187, ""51"": 1.0, ""5"": 1.0, ""19"": 1.0, ""53"": 1.0, ""84"": 1.0, ""23"": 0.0, ""40"": 1.0, ""64"": 0.0}}"
67,foolsgold,foolsgold,"[82, 78, 19]","[4, 17, 44, 14, 71, 90, 55]","{""layer_name"": ""linear"", ""weights_by_client"": {""4"": 0.0, ""82"": 1.0, ""78"": 1.0, ""17"": 0.0, ""19"": 1.0, ""44"": 0.0, ""14"": 0.0, ""71"": 0.0, ""90"": 0.0, ""55"": 0.0}}"
68,foolsgold,foolsgold,"[6, 54, 17, 9, 68, 38]","[0, 32, 44, 8]","{""layer_name"": ""linear"", ""weights_by_client"": {""0"": 0.0, ""32"": 0.0, ""44"": 0.0, ""6"": 1.0, ""54"": 1.0, ""17"": 1.0, ""9"": 1.0, ""8"": 0.0, ""68"": 0.6342399091773894, ""38"": 0.6342399091773894}}"
69,foolsgold,foolsgold,"[62, 84]","[0, 10, 42, 79, 75, 64, 3, 51]","{""layer_name"": ""linear"", ""weights_by_client"": {""0"": 0.0, ""10"": 0.0, ""42"": 0.0, ""62"": 1.0, ""79"": 0.0, ""75"": 0.0, ""64"": 0.0, ""84"": 1.0, ""3"": 0.0, ""51"": 0.0}}"
70,foolsgold,foolsgold,"[1, 9, 5, 73, 62, 83]","[91, 79, 68, 46]","{""layer_name"": ""linear"", ""weights_by_client"": {""1"": 1.0, ""91"": 0.0, ""79"": 0.0, ""68"": 0.0, ""9"": 1.0, ""5"": 1.0, ""73"": 1.0, ""62"": 0.39566719640093523, ""83"": 0.6699882391647904, ""46"": 0.0}}"
71,foolsgold,foolsgold,"[1, 68, 51, 54, 48, 7]","[55, 69, 28, 71]","{""layer_name"": ""linear"", ""weights_by_client"": {""1"": 1.0, ""55"": 0.0, ""68"": 0.6914650782879006, ""51"": 0.07888571700124497, ""54"": 1.0, ""48"": 0.6914650782879006, ""7"": 1.0, ""69"": 0.0, ""28"": 0.0, ""71"": 0.0}}"
72,foolsgold,foolsgold,"[0, 51, 72, 15, 38]","[98, 87, 21, 6, 57]","{""layer_name"": ""linear"", ""weights_by_client"": {""0"": 0.12606905675263536, ""98"": 0.0, ""51"": 0.8768194899328137, ""72"": 1.0, ""87"": 0.0, ""21"": 0.0, ""15"": 0.12606905675263536, ""38"": 0.4078275578054842, ""6"": 0.0, ""57"": 0.0}}"
73,foolsgold,foolsgold,"[7, 68, 88, 11]","[1, 61, 26, 59, 36, 97]","{""layer_name"": ""linear"", ""weights_by_client"": {""1"": 0.0, ""61"": 0.0, ""26"": 0.0, ""7"": 0.6898763425101384, ""68"": 1.0, ""88"": 1.0, ""59"": 0.0, ""11"": 0.6898763425101384, ""36"": 0.0, ""97"": 0.0}}"
74,foolsgold,foolsgold,"[75, 80, 7]","[1, 3, 25, 2, 78, 20, 4]","{""layer_name"": ""linear"", ""weights_by_client"": {""1"": 0.0, ""75"": 1.0, ""3"": 0.0, ""25"": 0.0, ""80"": 1.0, ""2"": 0.0, ""78"": 0.0, ""20"": 0.0, ""4"": 0.0, ""7"": 1.0}}"
75,foolsgold,foolsgold,"[95, 51, 84]","[2, 86, 23, 6, 62, 0, 81]","{""layer_name"": ""linear"", ""weights_by_client"": {""2"": 0.0, ""95"": 1.0, ""86"": 0.0, ""51"": 1.0, ""23"": 0.0, ""6"": 0.0, ""62"": 0.0, ""0"": 0.0, ""81"": 0.0, ""84"": 1.0}}"
76,foolsgold,foolsgold,"[2, 37, 84, 58, 80, 92]","[64, 66, 42, 67]","{""layer_name"": ""linear"", ""weights_by_client"": {""2"": 1.0, ""64"": 0.0, ""37"": 0.014538144393462737, ""66"": 0.0, ""42"": 0.0, ""84"": 1.0, ""58"": 1.0, ""80"": 0.014538144393462737, ""67"": 0.0, ""92"": 1.0}}"
77,foolsgold,foolsgold,"[68, 79, 9, 69, 43]","[4, 22, 30, 60, 16]","{""layer_name"": ""linear"", ""weights_by_client"": {""4"": 0.0, ""68"": 0.05252086300424813, ""79"": 0.05252086300424813, ""22"": 0.0, ""9"": 1.0, ""30"": 0.0, ""60"": 0.0, ""69"": 1.0, ""16"": 0.0, ""43"": 1.0}}"
78,foolsgold,foolsgold,"[1, 20, 27, 74, 59, 86, 87]","[77, 23, 18]","{""layer_name"": ""linear"", ""weights_by_client"": {""1"": 1.0, ""20"": 0.9130515488383554, ""77"": 0.0, ""27"": 1.0, ""23"": 0.0, ""18"": 0.0, ""74"": 0.7489123593033425, ""59"": 1.0, ""86"": 1.0, ""87"": 0.8859308874893981}}"
79,foolsgold,foolsgold,"[1, 99, 42, 33, 5, 15, 38, 76, 86, 87]",[],"{""layer_name"": ""linear"", ""weights_by_client"": {""1"": 0.9501980812121966, ""99"": 1.0, ""42"": 0.2661750506572488, ""33"": 1.0, ""5"": 1.0, ""15"": 0.9501980812121966, ""38"": 0.1901325190562183, ""76"": 0.2661750506572488, ""86"": 0.1901325190562183, ""87"": 1.0}}"
80,foolsgold,foolsgold,"[1, 71, 63, 11]","[88, 38, 99, 48, 31, 83]","{""layer_name"": ""linear"", ""weights_by_client"": {""1"": 1.0, ""71"": 1.0, ""88"": 0.0, ""38"": 0.0, ""63"": 0.4804835038809268, ""99"": 0.0, ""48"": 0.0, ""31"": 0.0, ""83"": 0.0, ""11"": 1.0}}"
81,foolsgold,foolsgold,"[4, 69, 52, 40, 47, 77, 35, 59, 70, 7]",[],"{""layer_name"": ""linear"", ""weights_by_client"": {""4"": 1.0, ""69"": 0.7110695806132481, ""52"": 1.0, ""40"": 1.0, ""47"": 0.9160346649007346, ""77"": 0.5051108993492351, ""35"": 0.9160346649007346, ""59"": 1.0, ""70"": 0.5051108993492351, ""7"": 1.0}}"
82,foolsgold,foolsgold,"[0, 61, 23, 95, 35, 97]","[81, 74, 55, 28]","{""layer_name"": ""linear"", ""weights_by_client"": {""0"": 1.0, ""61"": 0.3103749963881598, ""81"": 0.0, ""74"": 0.0, ""23"": 1.0, ""95"": 1.0, ""35"": 0.3103749963881598, ""97"": 1.0, ""55"": 0.0, ""28"": 0.0}}"
83,foolsgold,foolsgold,"[3, 53, 77, 67, 31, 62, 82, 84]","[45, 47]","{""layer_name"": ""linear"", ""weights_by_client"": {""3"": 1.0, ""53"": 1.0, ""77"": 0.9624823620867915, ""67"": 0.720900966819594, ""31"": 1.0, ""62"": 1.0, ""45"": 0.0, ""47"": 0.0, ""82"": 1.0, ""84"": 0.720900966819594}}"
84,foolsgold,foolsgold,"[83, 3, 70, 32, 64, 47, 5]","[2, 36, 44]","{""layer_name"": ""linear"", ""weights_by_client"": {""2"": 0.0, ""83"": 1.0, ""3"": 0.12780277965979608, ""36"": 0.0, ""44"": 0.0, ""70"": 0.1592875730107961, ""32"": 1.0, ""64"": 1.0, ""47"": 1.0, ""5"": 0.1592875730107961}}"
85,foolsgold,foolsgold,"[0, 60, 5, 75, 7]","[95, 64, 96, 79, 94]","{""layer_name"": ""linear"", ""weights_by_client"": {""0"": 1.0, ""95"": 0.0, ""64"": 0.0, ""96"": 0.0, ""60"": 0.9177971584748462, ""5"": 0.9177971584748462, ""79"": 0.0, ""75"": 1.0, ""7"": 1.0, ""94"": 0.0}}"
86,foolsgold,foolsgold,"[19, 81, 99, 47]","[1, 15, 57, 13, 10, 30]","{""layer_name"": ""linear"", ""weights_by_client"": {""1"": 0.0, ""15"": 0.0, ""57"": 0.0, ""19"": 0.21761342611774642, ""13"": 0.0, ""81"": 1.0, ""10"": 0.0, ""30"": 0.0, ""99"": 1.0, ""47"": 0.21761342611774642}}"
87,foolsgold,foolsgold,"[91, 65, 37, 27, 31, 15, 97]","[4, 0, 25]","{""layer_name"": ""linear"", ""weights_by_client"": {""4"": 0.0, ""91"": 1.0, ""65"": 1.0, ""0"": 0.0, ""37"": 1.0, ""25"": 0.0, ""27"": 0.1945829793064197, ""31"": 1.0, ""15"": 1.0, ""97"": 0.1945829793064197}}"
88,foolsgold,foolsgold,"[87, 54, 75, 15, 7, 40]","[2, 34, 3, 11]","{""layer_name"": ""linear"", ""weights_by_client"": {""2"": 0.0, ""87"": 1.0, ""54"": 1.0, ""75"": 0.09940216305517696, ""34"": 0.0, ""3"": 0.0, ""15"": 0.557649388701686, ""7"": 1.0, ""11"": 0.0, ""40"": 0.8176069988855985}}"
89,foolsgold,foolsgold,"[12, 87, 24]","[3, 4, 80, 26, 27, 42, 0]","{""layer_name"": ""linear"", ""weights_by_client"": {""3"": 0.0, ""4"": 0.0, ""12"": 0.8501532743380408, ""80"": 0.0, ""87"": 0.8501532743380408, ""26"": 0.0, ""27"": 0.0, ""42"": 0.0, ""24"": 1.0, ""0"": 0.0}}"
90,foolsgold,foolsgold,"[3, 22, 23, 50, 7, 88, 96]","[73, 27, 10]","{""layer_name"": ""linear"", ""weights_by_client"": {""3"": 1.0, ""22"": 0.8003280866937655, ""23"": 0.9846269842499693, ""50"": 0.4270963859161425, ""7"": 0.8003280866937655, ""88"": 0.4270963859161425, ""73"": 0.0, ""27"": 0.0, ""10"": 0.0, ""96"": 1.0}}"
91,foolsgold,foolsgold,"[50, 15, 38]","[2, 17, 98, 52, 30, 49, 13]","{""layer_name"": ""linear"", ""weights_by_client"": {""2"": 0.0, ""17"": 0.0, ""98"": 0.0, ""50"": 1.0, ""52"": 0.0, ""30"": 0.0, ""15"": 0.20973150964638448, ""49"": 0.0, ""13"": 0.0, ""38"": 0.2542549574240003}}"
92,foolsgold,foolsgold,"[20, 9, 61, 11, 89]","[0, 71, 25, 14, 1]","{""layer_name"": ""linear"", ""weights_by_client"": {""0"": 0.0, ""71"": 0.0, ""20"": 0.3925156529876771, ""25"": 0.0, ""14"": 0.0, ""1"": 0.0, ""9"": 1.0, ""61"": 0.6131472219539298, ""11"": 1.0, ""89"": 0.6131472219539298}}"
93,foolsgold,foolsgold,"[3, 75, 41, 60, 95, 33]","[16, 78, 38, 6]","{""layer_name"": ""linear"", ""weights_by_client"": {""3"": 0.1729592022845748, ""16"": 0.0, ""78"": 0.0, ""75"": 1.0, ""38"": 0.0, ""41"": 0.608236715480555, ""60"": 1.0, ""95"": 0.608236715480555, ""33"": 1.0, ""6"": 0.0}}"
94,foolsgold,foolsgold,"[15, 78, 86, 82, 74, 47]","[2, 98, 4, 71]","{""layer_name"": ""linear"", ""weights_by_client"": {""2"": 0.0, ""98"": 0.0, ""15"": 0.6593959393419832, ""78"": 1.0, ""86"": 1.0, ""82"": 1.0, ""74"": 0.4566649592312343, ""47"": 0.4566649592312343, ""4"": 0.0, ""71"": 0.0}}"
95,foolsgold,foolsgold,"[77, 91, 97, 43, 53, 99, 57]","[0, 2, 1]","{""layer_name"": ""linear"", ""weights_by_client"": {""0"": 0.0, ""77"": 0.48041127813992063, ""91"": 0.48041127813992063, ""2"": 0.0, ""1"": 0.0, ""97"": 0.6585906241883238, ""43"": 1.0, ""53"": 1.0, ""99"": 1.0, ""57"": 0.6585906241883238}}"
96,foolsgold,foolsgold,"[1, 82, 54, 29, 47]","[46, 21, 77, 48, 12]","{""layer_name"": ""linear"", ""weights_by_client"": {""1"": 0.05175930788605293, ""82"": 1.0, ""46"": 0.0, ""21"": 0.0, ""54"": 1.0, ""29"": 0.05175930788605293, ""47"": 1.0, ""77"": 0.0, ""48"": 0.0, ""12"": 0.0}}"
97,foolsgold,foolsgold,"[56, 31, 47, 15, 84, 4]","[3, 24, 34, 20]","{""layer_name"": ""linear"", ""weights_by_client"": {""3"": 0.0, ""56"": 0.10981391546814911, ""31"": 1.0, ""47"": 1.0, ""24"": 0.0, ""34"": 0.0, ""15"": 1.0, ""84"": 1.0, ""4"": 0.24087074152238785, ""20"": 0.0}}"
98,foolsgold,foolsgold,"[1, 68, 97, 7, 54]","[49, 62, 13, 51, 42]","{""layer_name"": ""linear"", ""weights_by_client"": {""1"": 1.0, ""68"": 0.9357498231898735, ""97"": 1.0, ""49"": 0.0, ""62"": 0.0, ""13"": 0.0, ""7"": 1.0, ""51"": 0.0, ""54"": 1.0, ""42"": 0.0}}"
99,foolsgold,foolsgold,"[2, 22, 38, 75, 47, 58, 57, 37]","[3, 25]","{""layer_name"": ""linear"", ""weights_by_client"": {""3"": 0.0, ""2"": 1.0, ""22"": 1.0, ""38"": 1.0, ""75"": 0.3804262266128907, ""25"": 0.0, ""47"": 1.0, ""58"": 1.0, ""57"": 0.3804262266128907, ""37"": 1.0}}"
100,foolsgold,foolsgold,"[86, 39, 75, 48, 11]","[0, 6, 61, 64, 44]","{""layer_name"": ""linear"", ""weights_by_client"": {""0"": 0.0, ""86"": 1.0, ""39"": 0.5330609973808254, ""75"": 0.7338146102766017, ""6"": 0.0, ""48"": 1.0, ""61"": 0.0, ""11"": 0.5330609973808254, ""64"": 0.0, ""44"": 0.0}}"
101,foolsgold,foolsgold,"[1, 20, 64, 80, 87, 99]","[17, 92, 88, 89]","{""layer_name"": ""linear"", ""weights_by_client"": {""1"": 1.0, ""20"": 1.0, ""17"": 0.0, ""92"": 0.0, ""64"": 0.9470058350352739, ""88"": 0.0, ""80"": 1.0, ""89"": 0.0, ""87"": 1.0, ""99"": 1.0}}"
102,foolsgold,foolsgold,"[2, 21, 51, 16, 41, 67, 80]","[68, 60, 91]","{""layer_name"": ""linear"", ""weights_by_client"": {""2"": 1.0, ""21"": 0.6703476204147696, ""51"": 1.0, ""16"": 1.0, ""41"": 1.0, ""68"": 0.0, ""60"": 0.0, ""67"": 1.0, ""80"": 1.0, ""91"": 0.0}}"
103,foolsgold,foolsgold,"[4, 77, 92, 15, 52, 94, 32, 62]","[71, 13]","{""layer_name"": ""linear"", ""weights_by_client"": {""4"": 1.0, ""77"": 0.42410557676004657, ""92"": 1.0, ""15"": 1.0, ""52"": 0.21553465523239307, ""94"": 0.42410557676004657, ""71"": 0.0, ""32"": 1.0, ""13"": 0.0, ""62"": 0.21553465523239307}}"
104,foolsgold,foolsgold,"[0, 41, 15, 12, 34, 21, 38, 90]","[9, 93]","{""layer_name"": ""linear"", ""weights_by_client"": {""0"": 0.31057817711273916, ""41"": 1.0, ""15"": 0.31057817711273916, ""12"": 0.2943951580532399, ""9"": 0.0, ""34"": 0.9073032404571693, ""21"": 0.2943951580532399, ""93"": 0.0, ""38"": 0.9073032404571693, ""90"": 1.0}}"
105,foolsgold,foolsgold,"[4, 40, 47, 28, 87]","[54, 57, 10, 27, 95]","{""layer_name"": ""linear"", ""weights_by_client"": {""4"": 1.0, ""40"": 1.0, ""47"": 0.23985292202381736, ""54"": 0.0, ""57"": 0.0, ""28"": 0.23985292202381736, ""10"": 0.0, ""87"": 1.0, ""27"": 0.0, ""95"": 0.0}}"
106,foolsgold,foolsgold,"[34, 12, 53, 52]","[3, 92, 74, 0, 88, 77]","{""layer_name"": ""linear"", ""weights_by_client"": {""3"": 0.0, ""92"": 0.0, ""34"": 1.0, ""12"": 1.0, ""74"": 0.0, ""0"": 0.0, ""88"": 0.0, ""53"": 1.0, ""52"": 1.0, ""77"": 0.0}}"
107,foolsgold,foolsgold,"[40, 41, 70, 95]","[2, 84, 7, 46, 61, 0]","{""layer_name"": ""linear"", ""weights_by_client"": {""2"": 0.0, ""40"": 1.0, ""41"": 0.9376659082131584, ""84"": 0.0, ""7"": 0.0, ""70"": 1.0, ""46"": 0.0, ""61"": 0.0, ""95"": 0.9376659082131584, ""0"": 0.0}}"
108,foolsgold,foolsgold,"[33, 84, 64, 52]","[1, 0, 16, 12, 60, 4]","{""layer_name"": ""linear"", ""weights_by_client"": {""1"": 0.0, ""33"": 0.8564642303913603, ""0"": 0.0, ""16"": 0.0, ""84"": 0.8564642303913603, ""12"": 0.0, ""64"": 1.0, ""52"": 1.0, ""60"": 0.0, ""4"": 0.0}}"
109,foolsgold,foolsgold,"[3, 84, 5, 15, 87, 17, 58, 28]","[14, 27]","{""layer_name"": ""linear"", ""weights_by_client"": {""3"": 1.0, ""14"": 0.0, ""27"": 0.0, ""84"": 1.0, ""5"": 0.8904365946719, ""15"": 1.0, ""87"": 0.8904365946719, ""17"": 1.0, ""58"": 1.0, ""28"": 1.0}}"
110,foolsgold,foolsgold,"[4, 12, 67, 84, 59, 21]","[29, 86, 81, 3]","{""layer_name"": ""linear"", ""weights_by_client"": {""4"": 0.22869199002293616, ""29"": 0.0, ""12"": 0.15907661065551953, ""86"": 0.0, ""67"": 0.9137931820422641, ""81"": 0.0, ""84"": 1.0, ""59"": 1.0, ""21"": 0.15907661065551953, ""3"": 0.0}}"
111,foolsgold,foolsgold,"[41, 76, 49]","[1, 61, 46, 55, 34, 2, 4]","{""layer_name"": ""linear"", ""weights_by_client"": {""1"": 0.0, ""41"": 1.0, ""61"": 0.0, ""76"": 0.6185476127594607, ""49"": 1.0, ""46"": 0.0, ""55"": 0.0, ""34"": 0.0, ""2"": 0.0, ""4"": 0.0}}"
112,foolsgold,foolsgold,"[0, 73, 86, 84, 41, 52]","[9, 95, 38, 17]","{""layer_name"": ""linear"", ""weights_by_client"": {""0"": 1.0, ""73"": 1.0, ""9"": 0.0, ""86"": 0.0757149415189427, ""84"": 1.0, ""95"": 0.0, ""41"": 1.0, ""38"": 0.0, ""17"": 0.0, ""52"": 0.03162827862136691}}"
113,foolsgold,foolsgold,"[91, 20, 38, 16, 54]","[0, 57, 71, 10, 36]","{""layer_name"": ""linear"", ""weights_by_client"": {""0"": 0.0, ""91"": 1.0, ""57"": 0.0, ""71"": 0.0, ""20"": 0.8089928521026115, ""38"": 1.0, ""10"": 0.0, ""16"": 0.7324159966187381, ""54"": 1.0, ""36"": 0.0}}"
114,foolsgold,foolsgold,"[1, 35, 39, 91, 9, 16]","[98, 89, 23, 85]","{""layer_name"": ""linear"", ""weights_by_client"": {""1"": 0.25681042489877004, ""35"": 1.0, ""98"": 0.0, ""89"": 0.0, ""23"": 0.0, ""39"": 1.0, ""85"": 0.0, ""91"": 0.9794492606743408, ""9"": 1.0, ""16"": 0.25681042489877004}}"
115,foolsgold,foolsgold,"[61, 41, 38, 56, 19, 97]","[2, 85, 51, 36]","{""layer_name"": ""linear"", ""weights_by_client"": {""2"": 0.0, ""61"": 1.0, ""41"": 1.0, ""38"": 1.0, ""85"": 0.0, ""51"": 0.0, ""56"": 1.0, ""19"": 1.0, ""36"": 0.0, ""97"": 0.799317330470409}}"
116,foolsgold,foolsgold,"[19, 8, 83, 96]","[4, 17, 30, 55, 38, 10]","{""layer_name"": ""linear"", ""weights_by_client"": {""4"": 0.0, ""19"": 1.0, ""17"": 0.0, ""30"": 0.0, ""8"": 1.0, ""83"": 0.1922571651047792, ""55"": 0.0, ""38"": 0.0, ""96"": 1.0, ""10"": 0.0}}"
117,foolsgold,foolsgold,"[0, 52, 8, 29, 67, 77, 45]","[55, 66, 34]","{""layer_name"": ""linear"", ""weights_by_client"": {""0"": 0.4610694158952592, ""55"": 0.0, ""66"": 0.0, ""34"": 0.0, ""52"": 1.0, ""8"": 1.0, ""29"": 0.4610694158952592, ""67"": 1.0, ""77"": 1.0, ""45"": 1.0}}"
118,foolsgold,foolsgold,"[90, 79, 20, 31, 89]","[0, 81, 44, 36, 55]","{""layer_name"": ""linear"", ""weights_by_client"": {""0"": 0.0, ""81"": 0.0, ""90"": 0.9176256688109687, ""44"": 0.0, ""79"": 0.17986941551067986, ""20"": 0.8872313398833116, ""31"": 1.0, ""36"": 0.0, ""89"": 0.17986941551067986, ""55"": 0.0}}"
119,foolsgold,foolsgold,"[3, 41, 19, 9, 97, 64, 37, 33]","[55, 42]","{""layer_name"": ""linear"", ""weights_by_client"": {""3"": 1.0, ""41"": 1.0, ""19"": 1.0, ""9"": 0.1004637427094987, ""97"": 0.1004637427094987, ""64"": 0.5474695629747545, ""37"": 0.5474695629747545, ""55"": 0.0, ""33"": 1.0, ""42"": 0.0}}"
120,foolsgold,foolsgold,"[56, 97, 35, 41]","[1, 98, 30, 13, 75, 2]","{""layer_name"": ""linear"", ""weights_by_client"": {""1"": 0.0, ""98"": 0.0, ""30"": 0.0, ""13"": 0.0, ""56"": 1.0, ""97"": 1.0, ""35"": 1.0, ""75"": 0.0, ""41"": 1.0, ""2"": 0.0}}"
121,foolsgold,foolsgold,"[3, 5, 28, 61]","[42, 83, 37, 14, 13, 89]","{""layer_name"": ""linear"", ""weights_by_client"": {""3"": 1.0, ""5"": 0.408903669793125, ""42"": 0.0, ""83"": 0.0, ""37"": 0.0, ""14"": 0.0, ""13"": 0.0, ""89"": 0.0, ""28"": 1.0, ""61"": 0.35708955607927906}}"
122,foolsgold,foolsgold,"[0, 29, 83, 87, 38, 96, 31]","[55, 81, 14]","{""layer_name"": ""linear"", ""weights_by_client"": {""0"": 0.20401414345908087, ""29"": 0.20401414345908087, ""83"": 0.01442384447235684, ""87"": 0.31739579184771016, ""38"": 0.01442384447235684, ""55"": 0.0, ""96"": 1.0, ""31"": 1.0, ""81"": 0.0, ""14"": 0.0}}"
123,foolsgold,foolsgold,"[0, 70, 88, 82, 62, 69, 55]","[64, 77, 6]","{""layer_name"": ""linear"", ""weights_by_client"": {""0"": 1.0, ""64"": 0.0, ""70"": 0.15509543167328504, ""77"": 0.0, ""88"": 1.0, ""6"": 0.0, ""82"": 1.0, ""62"": 0.38424559266920205, ""69"": 0.15509543167328504, ""55"": 0.38424559266920205}}"
124,foolsgold,foolsgold,"[4, 88, 96, 42, 49, 7, 15, 99]","[58, 72]","{""layer_name"": ""linear"", ""weights_by_client"": {""4"": 0.6143443446995713, ""88"": 0.6143443446995713, ""96"": 1.0, ""42"": 1.0, ""58"": 0.0, ""49"": 1.0, ""7"": 1.0, ""15"": 1.0, ""72"": 0.0, ""99"": 0.21275573353518928}}"
125,foolsgold,foolsgold,"[4, 14, 90, 87, 42, 82, 37]","[30, 1, 36]","{""layer_name"": ""linear"", ""weights_by_client"": {""4"": 0.9761663260839457, ""30"": 0.0, ""1"": 0.0, ""36"": 0.0, ""14"": 0.4001860617352885, ""90"": 1.0, ""87"": 1.0, ""42"": 0.4001860617352885, ""82"": 1.0, ""37"": 1.0}}"
126,foolsgold,foolsgold,"[64, 31, 35, 90, 84, 78]","[3, 40, 29, 48]","{""layer_name"": ""linear"", ""weights_by_client"": {""3"": 0.0, ""40"": 0.0, ""64"": 1.0, ""31"": 0.10813822427216102, ""35"": 0.10813822427216102, ""90"": 1.0, ""29"": 0.0, ""48"": 0.0, ""84"": 1.0, ""78"": 0.6863798782938038}}"
127,foolsgold,foolsgold,"[78, 5]","[3, 32, 56, 98, 62, 13, 86, 55]","{""layer_name"": ""linear"", ""weights_by_client"": {""3"": 0.0, ""32"": 0.0, ""56"": 0.0, ""98"": 0.0, ""78"": 0.14763980994236575, ""62"": 0.0, ""5"": 1.0, ""13"": 0.0, ""86"": 0.0, ""55"": 0.0}}"
128,foolsgold,foolsgold,"[4, 99, 47, 20, 31, 10, 90, 41]","[86, 62]","{""layer_name"": ""linear"", ""weights_by_client"": {""4"": 0.31976615380426343, ""99"": 1.0, ""47"": 0.6291520009620415, ""20"": 1.0, ""31"": 0.31976615380426343, ""10"": 0.6291520009620415, ""86"": 0.0, ""90"": 1.0, ""62"": 0.0, ""41"": 1.0}}"
129,foolsgold,foolsgold,"[33, 73, 28, 61, 11, 96, 15]","[0, 1, 3]","{""layer_name"": ""linear"", ""weights_by_client"": {""0"": 0.0, ""33"": 1.0, ""1"": 0.0, ""73"": 0.49003642109041234, ""28"": 1.0, ""61"": 1.0, ""3"": 0.0, ""11"": 0.49003642109041234, ""96"": 1.0, ""15"": 0.7918785908758946}}"
130,foolsgold,foolsgold,"[4, 80, 90, 58, 35, 83]","[42, 51, 72, 74]","{""layer_name"": ""linear"", ""weights_by_client"": {""4"": 1.0, ""42"": 0.0, ""80"": 1.0, ""51"": 0.0, ""72"": 0.0, ""74"": 0.0, ""90"": 1.0, ""58"": 0.9127689999996809, ""35"": 1.0, ""83"": 1.0}}"
131,foolsgold,foolsgold,"[95, 46, 22]","[0, 80, 73, 3, 42, 93, 85]","{""layer_name"": ""linear"", ""weights_by_client"": {""0"": 0.0, ""95"": 1.0, ""80"": 0.0, ""46"": 1.0, ""22"": 1.0, ""73"": 0.0, ""3"": 0.0, ""42"": 0.0, ""93"": 0.0, ""85"": 0.0}}"
132,foolsgold,foolsgold,"[2, 5, 77, 62, 20, 65, 9, 68]","[45, 74]","{""layer_name"": ""linear"", ""weights_by_client"": {""2"": 1.0, ""5"": 0.13217940729424504, ""77"": 0.25983697281457313, ""45"": 0.0, ""62"": 0.10181104476474023, ""74"": 0.0, ""20"": 1.0, ""65"": 1.0, ""9"": 1.0, ""68"": 0.10181104476474023}}"
133,foolsgold,foolsgold,"[2, 58, 94, 20, 50, 65, 7, 95]","[51, 27]","{""layer_name"": ""linear"", ""weights_by_client"": {""2"": 1.0, ""58"": 1.0, ""94"": 0.4452115460469045, ""20"": 0.4896235223479128, ""50"": 0.5456143974000162, ""51"": 0.0, ""65"": 0.4452115460469045, ""7"": 1.0, ""27"": 0.0, ""95"": 1.0}}"
134,foolsgold,foolsgold,"[4, 78, 82, 23, 37, 12, 77]","[10, 55, 13]","{""layer_name"": ""linear"", ""weights_by_client"": {""4"": 1.0, ""78"": 1.0, ""82"": 1.0, ""23"": 1.0, ""37"": 1.0, ""10"": 0.0, ""55"": 0.0, ""13"": 0.0, ""12"": 1.0, ""77"": 1.0}}"
135,foolsgold,foolsgold,"[2, 89, 49, 95]","[35, 5, 93, 82, 23, 63]","{""layer_name"": ""linear"", ""weights_by_client"": {""2"": 1.0, ""35"": 0.0, ""5"": 0.0, ""89"": 0.08042053119622528, ""93"": 0.0, ""82"": 0.0, ""49"": 0.24698906422955735, ""23"": 0.0, ""95"": 0.45636611872125893, ""63"": 0.0}}"
136,foolsgold,foolsgold,"[4, 83, 79, 3, 66, 69, 95, 96]","[84, 7]","{""layer_name"": ""linear"", ""weights_by_client"": {""4"": 0.3061226022201893, ""83"": 1.0, ""79"": 1.0, ""3"": 0.3061226022201893, ""66"": 1.0, ""69"": 1.0, ""95"": 0.15949038277441013, ""96"": 0.15949038277441013, ""84"": 0.0, ""7"": 0.0}}"
137,foolsgold,foolsgold,"[65, 12, 16, 86]","[3, 26, 98, 20, 59, 75]","{""layer_name"": ""linear"", ""weights_by_client"": {""3"": 0.0, ""65"": 1.0, ""26"": 0.0, ""12"": 1.0, ""98"": 0.0, ""16"": 1.0, ""20"": 0.0, ""86"": 1.0, ""59"": 0.0, ""75"": 0.0}}"
138,foolsgold,foolsgold,"[2, 78, 20, 31, 11, 24]","[18, 71, 21, 27]","{""layer_name"": ""linear"", ""weights_by_client"": {""2"": 1.0, ""78"": 0.029579390627394064, ""18"": 0.0, ""71"": 0.0, ""20"": 0.029579390627394064, ""21"": 0.0, ""27"": 0.0, ""31"": 1.0, ""11"": 1.0, ""24"": 1.0}}"
139,foolsgold,foolsgold,"[50, 18, 89, 91]","[2, 63, 64, 45, 0, 28]","{""layer_name"": ""linear"", ""weights_by_client"": {""2"": 0.0, ""50"": 1.0, ""63"": 0.0, ""64"": 0.0, ""18"": 0.41676292814813043, ""45"": 0.0, ""0"": 0.0, ""89"": 0.41676292814813043, ""91"": 1.0, ""28"": 0.0}}"
140,foolsgold,foolsgold,"[45, 55, 23, 89, 90, 15]","[4, 97, 16, 59]","{""layer_name"": ""linear"", ""weights_by_client"": {""4"": 0.0, ""45"": 1.0, ""97"": 0.0, ""55"": 1.0, ""16"": 0.0, ""23"": 0.1402621911614686, ""89"": 0.1402621911614686, ""59"": 0.0, ""90"": 1.0, ""15"": 1.0}}"
141,foolsgold,foolsgold,"[2, 84, 19, 26]","[12, 25, 36, 23, 64, 91]","{""layer_name"": ""linear"", ""weights_by_client"": {""2"": 0.08415052377626203, ""12"": 0.0, ""25"": 0.0, ""36"": 0.0, ""23"": 0.0, ""64"": 0.0, ""84"": 1.0, ""91"": 0.0, ""19"": 1.0, ""26"": 1.0}}"
142,foolsgold,foolsgold,"[84, 63, 90, 33, 24, 13, 87, 40]","[2, 30]","{""layer_name"": ""linear"", ""weights_by_client"": {""2"": 0.0, ""84"": 0.8475576062689381, ""63"": 0.2069099242045498, ""30"": 0.0, ""90"": 0.9675199055043651, ""33"": 0.8475576062689381, ""24"": 0.9675199055043651, ""13"": 1.0, ""87"": 0.2069099242045498, ""40"": 1.0}}"
143,foolsgold,foolsgold,"[1, 2, 78, 5, 57, 77]","[33, 24, 31, 62]","{""layer_name"": ""linear"", ""weights_by_client"": {""1"": 0.0277843411319324, ""2"": 0.0277843411319324, ""78"": 0.802636352035557, ""33"": 0.0, ""24"": 0.0, ""5"": 0.6804020201576885, ""57"": 1.0, ""77"": 0.6804020201576885, ""31"": 0.0, ""62"": 0.0}}"
144,foolsgold,foolsgold,"[2, 15, 48, 84, 66, 9, 91, 79]","[59, 80]","{""layer_name"": ""linear"", ""weights_by_client"": {""2"": 1.0, ""15"": 1.0, ""48"": 0.9608998051026154, ""84"": 1.0, ""66"": 1.0, ""59"": 0.0, ""9"": 1.0, ""80"": 0.0, ""91"": 0.9608998051026154, ""79"": 1.0}}"
145,foolsgold,foolsgold,"[19, 7, 43, 18, 29, 83]","[2, 44, 85, 73]","{""layer_name"": ""linear"", ""weights_by_client"": {""2"": 0.0, ""19"": 1.0, ""44"": 0.0, ""7"": 1.0, ""85"": 0.0, ""43"": 1.0, ""73"": 0.0, ""18"": 0.9611589430879832, ""29"": 1.0, ""83"": 0.9611589430879832}}"
146,foolsgold,foolsgold,"[0, 99, 74, 47, 89, 95, 88, 71]","[46, 63]","{""layer_name"": ""linear"", ""weights_by_client"": {""0"": 1.0, ""99"": 1.0, ""74"": 0.4061223253383941, ""47"": 0.4061223253383941, ""46"": 0.0, ""89"": 0.5470488115764963, ""95"": 1.0, ""88"": 1.0, ""71"": 1.0, ""63"": 0.0}}"
147,foolsgold,foolsgold,"[78, 91, 51, 63, 27]","[3, 29, 38, 86, 24]","{""layer_name"": ""linear"", ""weights_by_client"": {""3"": 0.0, ""78"": 0.26298391075779315, ""91"": 1.0, ""29"": 0.0, ""51"": 0.2610700608339266, ""38"": 0.0, ""86"": 0.0, ""24"": 0.0, ""63"": 0.36613806241593444, ""27"": 0.2610700608339266}}"
148,foolsgold,foolsgold,"[45, 67, 81]","[3, 75, 59, 20, 29, 93, 13]","{""layer_name"": ""linear"", ""weights_by_client"": {""3"": 0.0, ""75"": 0.0, ""45"": 1.0, ""59"": 0.0, ""20"": 0.0, ""29"": 0.0, ""67"": 1.0, ""93"": 0.0, ""81"": 1.0, ""13"": 0.0}}"
149,foolsgold,foolsgold,"[17, 11, 14]","[3, 88, 10, 75, 20, 31, 42]","{""layer_name"": ""linear"", ""weights_by_client"": {""3"": 0.0, ""88"": 0.0, ""10"": 0.0, ""17"": 1.0, ""75"": 0.0, ""20"": 0.0, ""11"": 0.9172973260171537, ""31"": 0.0, ""42"": 0.0, ""14"": 0.050041250673772464}}"
150,foolsgold,foolsgold,"[0, 82, 31, 4]","[85, 10, 84, 27, 7, 14]","{""layer_name"": ""linear"", ""weights_by_client"": {""0"": 0.0809218770229142, ""85"": 0.0, ""82"": 1.0, ""10"": 0.0, ""31"": 0.24325398538425425, ""84"": 0.0, ""27"": 0.0, ""7"": 0.0, ""14"": 0.0, ""4"": 0.0809218770229142}}"
151,foolsgold,foolsgold,"[43, 48, 98, 87, 34, 52]","[3, 25, 6, 23]","{""layer_name"": ""linear"", ""weights_by_client"": {""3"": 0.0, ""43"": 1.0, ""25"": 0.0, ""48"": 1.0, ""98"": 0.03129994819158788, ""87"": 0.7987184803543912, ""6"": 0.0, ""23"": 0.0, ""34"": 0.03129994819158788, ""52"": 1.0}}"
152,foolsgold,foolsgold,"[4, 36, 68, 37, 92, 94, 14, 22, 28, 18]",[],"{""layer_name"": ""linear"", ""weights_by_client"": {""4"": 0.1445705450954513, ""36"": 0.1445705450954513, ""68"": 0.4250087128849264, ""37"": 0.04069531577980856, ""92"": 0.7354865408347635, ""94"": 0.04069531577980856, ""14"": 1.0, ""22"": 1.0, ""28"": 1.0, ""18"": 0.41650855127770836}}"
153,foolsgold,foolsgold,"[22, 5, 72, 32, 68, 97]","[1, 24, 30, 62]","{""layer_name"": ""linear"", ""weights_by_client"": {""1"": 0.0, ""24"": 0.0, ""30"": 0.0, ""22"": 1.0, ""5"": 1.0, ""72"": 1.0, ""62"": 0.0, ""32"": 1.0, ""68"": 0.07262160824067754, ""97"": 1.0}}"
154,foolsgold,foolsgold,"[2, 91, 61, 98, 74, 39]","[8, 99, 97, 93]","{""layer_name"": ""linear"", ""weights_by_client"": {""2"": 1.0, ""91"": 0.5549004565051409, ""61"": 1.0, ""8"": 0.0, ""99"": 0.0, ""97"": 0.0, ""98"": 0.9111100712722524, ""93"": 0.0, ""74"": 0.6360294814268677, ""39"": 1.0}}"
155,foolsgold,foolsgold,"[1, 75, 32, 62, 2, 68, 46, 72]","[14, 57]","{""layer_name"": ""linear"", ""weights_by_client"": {""1"": 0.5067738032285339, ""75"": 0.4612659479001379, ""14"": 0.0, ""32"": 1.0, ""62"": 0.19150392057080168, ""2"": 0.5067738032285339, ""68"": 0.19150392057080168, ""46"": 1.0, ""72"": 1.0, ""57"": 0.0}}"
156,foolsgold,foolsgold,"[62, 80, 22, 29, 15, 95]","[4, 27, 16, 55]","{""layer_name"": ""linear"", ""weights_by_client"": {""4"": 0.0, ""27"": 0.0, ""62"": 1.0, ""80"": 0.8447167585229876, ""22"": 1.0, ""16"": 0.0, ""29"": 1.0, ""15"": 1.0, ""55"": 0.0, ""95"": 0.8447167585229876}}"
157,foolsgold,foolsgold,"[67, 80]","[4, 24, 18, 49, 84, 7, 0, 77]","{""layer_name"": ""linear"", ""weights_by_client"": {""4"": 0.0, ""24"": 0.0, ""18"": 0.0, ""49"": 0.0, ""84"": 0.0, ""7"": 0.0, ""67"": 1.0, ""0"": 0.0, ""80"": 1.0, ""77"": 0.0}}"
158,foolsgold,foolsgold,"[58, 48, 70, 39]","[1, 9, 14, 80, 30, 10]","{""layer_name"": ""linear"", ""weights_by_client"": {""1"": 0.0, ""58"": 0.42023901793137425, ""9"": 0.0, ""48"": 0.42023901793137425, ""14"": 0.0, ""80"": 0.0, ""30"": 0.0, ""10"": 0.0, ""70"": 1.0, ""39"": 1.0}}"
159,foolsgold,foolsgold,"[92, 77, 70, 72, 26, 57]","[2, 99, 32, 0]","{""layer_name"": ""linear"", ""weights_by_client"": {""2"": 0.0, ""92"": 1.0, ""77"": 0.4658452680294091, ""70"": 0.036846771644509335, ""72"": 0.036846771644509335, ""99"": 0.0, ""32"": 0.0, ""0"": 0.0, ""26"": 1.0, ""57"": 1.0}}"
160,foolsgold,foolsgold,"[84, 95, 70, 29]","[2, 57, 30, 16, 13, 27]","{""layer_name"": ""linear"", ""weights_by_client"": {""2"": 0.0, ""84"": 1.0, ""57"": 0.0, ""95"": 1.0, ""30"": 0.0, ""70"": 1.0, ""16"": 0.0, ""13"": 0.0, ""29"": 1.0, ""27"": 0.0}}"
161,foolsgold,foolsgold,"[3, 86, 33, 74, 35, 51, 22, 47]","[8, 40]","{""layer_name"": ""linear"", ""weights_by_client"": {""3"": 0.4712099658236941, ""8"": 0.0, ""86"": 1.0, ""33"": 1.0, ""74"": 0.5368805473063453, ""35"": 0.26411579427875453, ""51"": 1.0, ""22"": 1.0, ""40"": 0.0, ""47"": 0.26411579427875453}}"
162,foolsgold,foolsgold,"[2, 40, 4, 57, 42, 84]","[63, 1, 30, 46]","{""layer_name"": ""linear"", ""weights_by_client"": {""2"": 0.07357303272689736, ""40"": 1.0, ""4"": 0.670941319961003, ""57"": 0.06395855398272327, ""63"": 0.0, ""1"": 0.0, ""42"": 0.06395855398272327, ""30"": 0.0, ""46"": 0.0, ""84"": 1.0}}"
163,foolsgold,foolsgold,"[67, 34, 93]","[4, 17, 27, 71, 13, 86, 16]","{""layer_name"": ""linear"", ""weights_by_client"": {""4"": 0.0, ""67"": 1.0, ""17"": 0.0, ""27"": 0.0, ""34"": 0.23086940028340797, ""71"": 0.0, ""93"": 1.0, ""13"": 0.0, ""86"": 0.0, ""16"": 0.0}}"
164,foolsgold,foolsgold,"[3, 86, 72, 73, 84, 96]","[4, 23, 30, 67]","{""layer_name"": ""linear"", ""weights_by_client"": {""4"": 0.0, ""3"": 0.389321733361809, ""86"": 1.0, ""72"": 1.0, ""23"": 0.0, ""73"": 1.0, ""84"": 1.0, ""96"": 1.0, ""30"": 0.0, ""67"": 0.0}}"
165,foolsgold,foolsgold,"[8, 18, 69, 62]","[2, 94, 36, 63, 76, 71]","{""layer_name"": ""linear"", ""weights_by_client"": {""2"": 0.0, ""8"": 0.7603906187919753, ""18"": 0.4686763378256185, ""94"": 0.0, ""69"": 1.0, ""36"": 0.0, ""63"": 0.0, ""62"": 1.0, ""76"": 0.0, ""71"": 0.0}}"
166,foolsgold,foolsgold,"[66, 29]","[1, 44, 63, 95, 46, 60, 9, 48]","{""layer_name"": ""linear"", ""weights_by_client"": {""1"": 0.0, ""44"": 0.0, ""66"": 1.0, ""63"": 0.0, ""95"": 0.0, ""46"": 0.0, ""29"": 0.9014201522719807, ""60"": 0.0, ""9"": 0.0, ""48"": 0.0}}"
167,foolsgold,foolsgold,"[3, 99, 38, 31, 28, 96, 5, 58]","[13, 42]","{""layer_name"": ""linear"", ""weights_by_client"": {""3"": 1.0, ""99"": 0.11970812103745138, ""38"": 1.0, ""13"": 0.0, ""42"": 0.0, ""31"": 1.0, ""28"": 0.9390661830654707, ""96"": 1.0, ""5"": 0.9390661830654707, ""58"": 0.11970812103745138}}"
168,foolsgold,foolsgold,"[0, 88, 64, 8, 83, 85]","[49, 53, 54, 90]","{""layer_name"": ""linear"", ""weights_by_client"": {""0"": 0.6821088347519647, ""49"": 0.0, ""53"": 0.0, ""54"": 0.0, ""88"": 1.0, ""64"": 0.9027101364797576, ""8"": 0.6821088347519647, ""83"": 0.7149691722136028, ""85"": 1.0, ""90"": 0.0}}"
169,foolsgold,foolsgold,"[3, 30, 12, 9, 92, 56]","[28, 98, 13, 74]","{""layer_name"": ""linear"", ""weights_by_client"": {""3"": 0.0037043869830763465, ""28"": 0.0, ""98"": 0.0, ""30"": 0.640914260127076, ""12"": 1.0, ""13"": 0.0, ""74"": 0.0, ""9"": 1.0, ""92"": 1.0, ""56"": 0.0037043869830763465}}"
170,foolsgold,foolsgold,"[14, 76, 43, 96, 29, 4, 77, 32]","[0, 44]","{""layer_name"": ""linear"", ""weights_by_client"": {""0"": 0.0, ""14"": 0.8697692311621956, ""76"": 0.8697692311621956, ""43"": 0.7429844180617968, ""44"": 0.0, ""96"": 1.0, ""29"": 1.0, ""4"": 1.0, ""77"": 0.7429844180617968, ""32"": 1.0}}"
171,foolsgold,foolsgold,"[27, 93, 15, 8, 63]","[3, 25, 33, 88, 30]","{""layer_name"": ""linear"", ""weights_by_client"": {""3"": 0.0, ""27"": 1.0, ""93"": 1.0, ""15"": 0.20678954011725248, ""25"": 0.0, ""33"": 0.0, ""88"": 0.0, ""8"": 0.37008217666455523, ""30"": 0.0, ""63"": 1.0}}"
172,foolsgold,foolsgold,"[80, 10, 60, 63, 81, 84]","[3, 1, 28, 74]","{""layer_name"": ""linear"", ""weights_by_client"": {""3"": 0.0, ""80"": 1.0, ""10"": 1.0, ""60"": 1.0, ""1"": 0.0, ""28"": 0.0, ""63"": 1.0, ""74"": 0.0, ""81"": 1.0, ""84"": 1.0}}"
173,foolsgold,foolsgold,"[1, 4, 54, 69, 18, 7, 2, 37]","[13, 75]","{""layer_name"": ""linear"", ""weights_by_client"": {""1"": 0.2630244619635221, ""4"": 0.2630244619635221, ""54"": 1.0, ""13"": 0.0, ""69"": 1.0, ""75"": 0.0, ""18"": 1.0, ""7"": 1.0, ""2"": 0.5105326808175636, ""37"": 1.0}}"
174,foolsgold,foolsgold,"[2, 67, 6, 19, 35]","[17, 62, 13, 51, 24]","{""layer_name"": ""linear"", ""weights_by_client"": {""2"": 1.0, ""67"": 0.26325336827467244, ""17"": 0.0, ""6"": 0.26325336827467244, ""62"": 0.0, ""19"": 1.0, ""13"": 0.0, ""51"": 0.0, ""24"": 0.0, ""35"": 1.0}}"
175,foolsgold,foolsgold,"[3, 39, 35]","[89, 17, 56, 72, 62, 32, 19]","{""layer_name"": ""linear"", ""weights_by_client"": {""3"": 0.5459263479942376, ""89"": 0.0, ""39"": 1.0, ""17"": 0.0, ""56"": 0.0, ""72"": 0.0, ""35"": 1.0, ""62"": 0.0, ""32"": 0.0, ""19"": 0.0}}"
176,foolsgold,foolsgold,"[2, 8, 99, 43, 18, 74, 78]","[42, 55, 85]","{""layer_name"": ""linear"", ""weights_by_client"": {""2"": 1.0, ""42"": 0.0, ""8"": 0.0031920044262140346, ""99"": 0.0031920044262140346, ""55"": 0.0, ""43"": 0.2013390591240346, ""18"": 0.7479506298080166, ""74"": 0.2013390591240346, ""85"": 0.0, ""78"": 1.0}}"
177,foolsgold,foolsgold,"[0, 43, 92, 29, 50, 57, 16, 17]","[80, 82]","{""layer_name"": ""linear"", ""weights_by_client"": {""0"": 0.1213666558342763, ""43"": 0.8953599215411105, ""92"": 0.5864723392672996, ""29"": 0.6438997876540613, ""50"": 0.5864723392672996, ""57"": 1.0, ""80"": 0.0, ""82"": 0.0, ""16"": 0.1213666558342763, ""17"": 0.8953599215411105}}"
178,foolsgold,foolsgold,"[0, 58, 96, 80, 62, 71]","[21, 94, 5, 45]","{""layer_name"": ""linear"", ""weights_by_client"": {""0"": 1.0, ""58"": 1.0, ""21"": 0.0, ""96"": 1.0, ""94"": 0.0, ""5"": 0.0, ""80"": 1.0, ""45"": 0.0, ""62"": 1.0, ""71"": 1.0}}"
179,foolsgold,foolsgold,"[4, 2, 41, 90, 69]","[30, 42, 1, 13, 73]","{""layer_name"": ""linear"", ""weights_by_client"": {""4"": 1.0, ""2"": 0.394543700630847, ""30"": 0.0, ""41"": 1.0, ""90"": 1.0, ""42"": 0.0, ""1"": 0.0, ""69"": 1.0, ""13"": 0.0, ""73"": 0.0}}"
180,foolsgold,foolsgold,"[4, 97, 70, 34, 36, 42, 56, 91]","[54, 96]","{""layer_name"": ""linear"", ""weights_by_client"": {""4"": 0.47170864891604847, ""97"": 1.0, ""54"": 0.0, ""70"": 0.8583870581259516, ""96"": 0.0, ""34"": 0.4845025318931133, ""36"": 0.2867293638472511, ""42"": 0.4845025318931133, ""56"": 0.2867293638472511, ""91"": 0.8583870581259516}}"
181,foolsgold,foolsgold,"[3, 96, 90, 93, 69, 94, 58, 38]","[11, 34]","{""layer_name"": ""linear"", ""weights_by_client"": {""3"": 0.985541580396766, ""96"": 1.0, ""90"": 1.0, ""93"": 1.0, ""69"": 1.0, ""11"": 0.0, ""94"": 0.985541580396766, ""58"": 1.0, ""34"": 0.0, ""38"": 1.0}}"
182,foolsgold,foolsgold,"[1, 5, 41, 8, 82, 47, 48, 89]","[34, 11]","{""layer_name"": ""linear"", ""weights_by_client"": {""1"": 1.0, ""5"": 0.973178017174444, ""41"": 1.0, ""34"": 0.0, ""8"": 0.024451001917708992, ""82"": 1.0, ""47"": 0.973178017174444, ""11"": 0.0, ""48"": 0.024451001917708992, ""89"": 1.0}}"
183,foolsgold,foolsgold,"[2, 54, 62, 73, 7, 15]","[36, 1, 23, 94]","{""layer_name"": ""linear"", ""weights_by_client"": {""2"": 0.2797999228083087, ""54"": 1.0, ""62"": 1.0, ""36"": 0.0, ""1"": 0.0, ""73"": 1.0, ""23"": 0.0, ""7"": 1.0, ""15"": 0.4662449246137239, ""94"": 0.0}}"
184,foolsgold,foolsgold,"[3, 83, 64, 41, 77, 95, 87, 32, 5, 4]",[],"{""layer_name"": ""linear"", ""weights_by_client"": {""3"": 0.42885580347734487, ""83"": 1.0, ""64"": 1.0, ""41"": 1.0, ""77"": 0.43859188442368824, ""95"": 1.0, ""87"": 0.43859188442368824, ""32"": 0.42885580347734487, ""5"": 1.0, ""4"": 1.0}}"
185,foolsgold,foolsgold,"[0, 29, 33, 81, 11, 39, 5, 95]","[45, 69]","{""layer_name"": ""linear"", ""weights_by_client"": {""0"": 0.5853166009085259, ""29"": 0.5853166009085259, ""33"": 1.0, ""81"": 1.0, ""11"": 0.8348467895418326, ""39"": 0.8348467895418326, ""5"": 0.9475112317769112, ""45"": 0.0, ""95"": 1.0, ""69"": 0.0}}"
186,foolsgold,foolsgold,"[0, 3, 74, 10, 33, 56]","[50, 81, 62, 35]","{""layer_name"": ""linear"", ""weights_by_client"": {""0"": 0.11749311615135194, ""50"": 0.0, ""81"": 0.0, ""62"": 0.0, ""3"": 0.09926167674044573, ""74"": 1.0, ""10"": 1.0, ""33"": 1.0, ""35"": 0.0, ""56"": 0.09926167674044573}}"
187,foolsgold,foolsgold,"[40, 67, 33, 7, 6, 38, 5]","[2, 0, 1]","{""layer_name"": ""linear"", ""weights_by_client"": {""2"": 0.0, ""40"": 1.0, ""67"": 0.5908925661849482, ""33"": 0.786865479776781, ""0"": 0.0, ""7"": 1.0, ""1"": 0.0, ""6"": 0.1024259380731618, ""38"": 0.1024259380731618, ""5"": 1.0}}"
188,foolsgold,foolsgold,"[0, 92, 53, 33, 46, 80, 60, 50]","[38, 68]","{""layer_name"": ""linear"", ""weights_by_client"": {""0"": 1.0, ""38"": 0.0, ""92"": 0.234211108632511, ""53"": 1.0, ""33"": 0.234211108632511, ""46"": 1.0, ""80"": 1.0, ""60"": 1.0, ""50"": 0.5201764595446081, ""68"": 0.0}}"
189,foolsgold,foolsgold,"[38, 94, 57, 22, 53]","[1, 69, 45, 47, 3]","{""layer_name"": ""linear"", ""weights_by_client"": {""1"": 0.0, ""38"": 1.0, ""94"": 0.9088578098119514, ""69"": 0.0, ""57"": 1.0, ""45"": 0.0, ""22"": 1.0, ""47"": 0.0, ""53"": 1.0, ""3"": 0.0}}"
190,foolsgold,foolsgold,"[2, 78, 19, 37, 18, 41]","[71, 75, 51, 55]","{""layer_name"": ""linear"", ""weights_by_client"": {""2"": 1.0, ""71"": 0.0, ""75"": 0.0, ""78"": 0.38858028691731095, ""19"": 1.0, ""37"": 0.38858028691731095, ""51"": 0.0, ""55"": 0.0, ""18"": 1.0, ""41"": 1.0}}"
191,foolsgold,foolsgold,"[55, 8, 11, 68, 6, 90, 61, 78]","[3, 25]","{""layer_name"": ""linear"", ""weights_by_client"": {""3"": 0.0, ""55"": 1.0, ""8"": 0.45656150767380016, ""11"": 1.0, ""25"": 0.0, ""68"": 1.0, ""6"": 0.5958862829857593, ""90"": 1.0, ""61"": 0.5958862829857593, ""78"": 0.6720925627829212}}"
192,foolsgold,foolsgold,"[2, 95, 11, 12, 65, 15, 22, 86, 14, 50]",[],"{""layer_name"": ""linear"", ""weights_by_client"": {""2"": 0.4934524863343543, ""95"": 1.0, ""11"": 1.0, ""12"": 0.16897833166205206, ""65"": 1.0, ""15"": 0.4934524863343543, ""22"": 0.16897833166205206, ""86"": 1.0, ""14"": 1.0, ""50"": 1.0}}"
193,foolsgold,foolsgold,"[2, 23, 88, 72, 87, 16]","[85, 48, 8, 73]","{""layer_name"": ""linear"", ""weights_by_client"": {""2"": 1.0, ""23"": 0.9014449444448015, ""88"": 1.0, ""85"": 0.0, ""48"": 0.0, ""8"": 0.0, ""72"": 1.0, ""87"": 0.9014449444448015, ""16"": 1.0, ""73"": 0.0}}"
194,foolsgold,foolsgold,"[40, 31, 64]","[2, 78, 3, 14, 44, 57, 10]","{""layer_name"": ""linear"", ""weights_by_client"": {""2"": 0.0, ""78"": 0.0, ""3"": 0.0, ""40"": 0.9715857627432468, ""31"": 1.0, ""14"": 0.0, ""44"": 0.0, ""57"": 0.0, ""10"": 0.0, ""64"": 1.0}}"
195,foolsgold,foolsgold,"[56, 88, 99, 93]","[2, 10, 81, 36, 62, 85]","{""layer_name"": ""linear"", ""weights_by_client"": {""2"": 0.0, ""10"": 0.0, ""81"": 0.0, ""56"": 0.05394304798475441, ""88"": 1.0, ""36"": 0.0, ""62"": 0.0, ""99"": 0.05394304798475441, ""93"": 1.0, ""85"": 0.0}}"
196,foolsgold,foolsgold,"[99, 13, 81, 90]","[3, 25, 6, 89, 30, 21]","{""layer_name"": ""linear"", ""weights_by_client"": {""3"": 0.0, ""25"": 0.0, ""99"": 1.0, ""13"": 0.8353242131505287, ""81"": 0.8353242131505287, ""6"": 0.0, ""89"": 0.0, ""30"": 0.0, ""21"": 0.0, ""90"": 1.0}}"
197,foolsgold,foolsgold,"[1, 16, 75, 59, 52, 47]","[61, 8, 21, 40]","{""layer_name"": ""linear"", ""weights_by_client"": {""1"": 0.3994592888740426, ""16"": 0.3994592888740426, ""75"": 1.0, ""59"": 1.0, ""52"": 1.0, ""61"": 0.0, ""8"": 0.0, ""21"": 0.0, ""47"": 1.0, ""40"": 0.0}}"
198,foolsgold,foolsgold,[33],"[3, 13, 53, 66, 38, 36, 49, 76, 54]","{""layer_name"": ""linear"", ""weights_by_client"": {""3"": 0.0, ""13"": 0.0, ""53"": 0.0, ""66"": 0.0, ""33"": 1.0, ""38"": 0.0, ""36"": 0.0, ""49"": 0.0, ""76"": 0.0, ""54"": 0.0}}"
199,foolsgold,foolsgold,"[2, 47, 98, 83, 65, 78, 24, 40]","[33, 88]","{""layer_name"": ""linear"", ""weights_by_client"": {""2"": 1.0, ""47"": 1.0, ""98"": 1.0, ""83"": 1.0, ""65"": 1.0, ""78"": 1.0, ""24"": 1.0, ""33"": 0.0, ""88"": 0.0, ""40"": 1.0}}"
200,foolsgold,foolsgold,"[70, 66, 9, 31]","[0, 86, 30, 24, 99, 12]","{""layer_name"": ""linear"", ""weights_by_client"": {""0"": 0.0, ""86"": 0.0, ""70"": 1.0, ""30"": 0.0, ""24"": 0.0, ""66"": 1.0, ""99"": 0.0, ""9"": 1.0, ""12"": 0.0, ""31"": 1.0}}"
201,foolsgold,foolsgold,"[81, 17, 96, 99, 64]","[3, 35, 88, 36, 92]","{""layer_name"": ""linear"", ""weights_by_client"": {""3"": 0.0, ""81"": 0.6124697621835556, ""17"": 0.6124697621835556, ""35"": 0.0, ""96"": 1.0, ""88"": 0.0, ""36"": 0.0, ""99"": 1.0, ""64"": 1.0, ""92"": 0.0}}"
202,foolsgold,foolsgold,"[21, 59, 96, 74]","[4, 91, 75, 92, 42, 12]","{""layer_name"": ""linear"", ""weights_by_client"": {""4"": 0.0, ""91"": 0.0, ""21"": 0.4930984084889325, ""75"": 0.0, ""59"": 1.0, ""96"": 1.0, ""92"": 0.0, ""42"": 0.0, ""74"": 1.0, ""12"": 0.0}}"
203,foolsgold,foolsgold,"[2, 39, 68, 74, 40, 3, 85, 50]","[0, 44]","{""layer_name"": ""linear"", ""weights_by_client"": {""2"": 0.12664367178437907, ""39"": 1.0, ""68"": 1.0, ""74"": 1.0, ""40"": 0.6797018509807491, ""3"": 0.4070390021445364, ""0"": 0.0, ""85"": 1.0, ""50"": 0.8122780555208834, ""44"": 0.0}}"
204,foolsgold,foolsgold,"[52, 75, 20, 83, 96, 38, 72]","[4, 33, 31]","{""layer_name"": ""linear"", ""weights_by_client"": {""4"": 0.0, ""33"": 0.0, ""52"": 0.9070535139573488, ""31"": 0.0, ""75"": 1.0, ""20"": 1.0, ""83"": 0.026695779855760937, ""96"": 1.0, ""38"": 0.026695779855760937, ""72"": 1.0}}"
205,foolsgold,foolsgold,"[4, 64, 72, 2, 83, 97, 32, 51]","[62, 86]","{""layer_name"": ""linear"", ""weights_by_client"": {""4"": 1.0, ""64"": 1.0, ""72"": 1.0, ""2"": 1.0, ""83"": 1.0, ""62"": 0.0, ""97"": 1.0, ""32"": 1.0, ""51"": 1.0, ""86"": 0.0}}"
206,foolsgold,foolsgold,"[3, 54, 33, 74, 61, 58, 68, 6]","[27, 42]","{""layer_name"": ""linear"", ""weights_by_client"": {""3"": 1.0, ""54"": 1.0, ""33"": 1.0, ""74"": 0.9370464029894398, ""61"": 0.05300203304133527, ""27"": 0.0, ""58"": 0.3341815417749759, ""68"": 0.3341815417749759, ""6"": 0.05300203304133527, ""42"": 0.0}}"
207,foolsgold,foolsgold,"[15, 69, 59, 16]","[1, 36, 19, 45, 73, 13]","{""layer_name"": ""linear"", ""weights_by_client"": {""1"": 0.0, ""36"": 0.0, ""19"": 0.0, ""45"": 0.0, ""15"": 1.0, ""73"": 0.0, ""13"": 0.0, ""69"": 0.6007672367791799, ""59"": 1.0, ""16"": 1.0}}"
208,foolsgold,foolsgold,"[3, 17, 69, 74, 58, 59]","[40, 57, 56, 55]","{""layer_name"": ""linear"", ""weights_by_client"": {""3"": 1.0, ""17"": 1.0, ""69"": 0.9251932680966797, ""74"": 0.9251932680966797, ""58"": 1.0, ""40"": 0.0, ""57"": 0.0, ""56"": 0.0, ""59"": 1.0, ""55"": 0.0}}"
209,foolsgold,foolsgold,"[97, 76, 16]","[3, 8, 89, 79, 11, 77, 25]","{""layer_name"": ""linear"", ""weights_by_client"": {""3"": 0.0, ""97"": 1.0, ""8"": 0.0, ""89"": 0.0, ""79"": 0.0, ""11"": 0.0, ""76"": 0.15440658223312514, ""16"": 1.0, ""77"": 0.0, ""25"": 0.0}}"
210,foolsgold,foolsgold,"[21, 33, 74, 85, 84, 79]","[2, 49, 17, 44]","{""layer_name"": ""linear"", ""weights_by_client"": {""2"": 0.0, ""21"": 1.0, ""49"": 0.0, ""33"": 0.8968690057134102, ""17"": 0.0, ""44"": 0.0, ""74"": 1.0, ""85"": 1.0, ""84"": 0.8968690057134102, ""79"": 1.0}}"
211,foolsgold,foolsgold,"[1, 15, 58, 56, 75, 2, 68, 54]","[64, 46]","{""layer_name"": ""linear"", ""weights_by_client"": {""1"": 0.8811031872126649, ""15"": 0.49770205078259977, ""58"": 0.42534048769512367, ""56"": 0.8980180440737506, ""75"": 1.0, ""64"": 0.0, ""2"": 0.49770205078259977, ""68"": 0.42534048769512367, ""46"": 0.0, ""54"": 1.0}}"
212,foolsgold,foolsgold,"[3, 41, 74, 15, 4, 81, 48, 84, 56, 94]",[],"{""layer_name"": ""linear"", ""weights_by_client"": {""3"": 0.013523584169284009, ""41"": 1.0, ""74"": 1.0, ""15"": 1.0, ""4"": 1.0, ""81"": 1.0, ""48"": 0.48992553322264637, ""84"": 1.0, ""56"": 0.013523584169284009, ""94"": 0.7004958174612768}}"
213,foolsgold,foolsgold,"[1, 84, 86, 54]","[94, 76, 63, 6, 85, 39]","{""layer_name"": ""linear"", ""weights_by_client"": {""1"": 1.0, ""94"": 0.0, ""76"": 0.0, ""84"": 1.0, ""86"": 1.0, ""54"": 1.0, ""63"": 0.0, ""6"": 0.0, ""85"": 0.0, ""39"": 0.0}}"
214,foolsgold,foolsgold,"[2, 62, 15, 46, 8, 18]","[58, 35, 5, 60]","{""layer_name"": ""linear"", ""weights_by_client"": {""2"": 0.43885370124400974, ""58"": 0.0, ""62"": 1.0, ""15"": 0.43885370124400974, ""35"": 0.0, ""5"": 0.0, ""46"": 0.1305172420412326, ""60"": 0.0, ""8"": 0.755845115642703, ""18"": 0.1305172420412326}}"
215,foolsgold,foolsgold,"[2, 96, 3, 90, 11, 47, 48, 37, 33, 80]",[],"{""layer_name"": ""linear"", ""weights_by_client"": {""2"": 1.0, ""96"": 1.0, ""3"": 1.0, ""90"": 1.0, ""11"": 1.0, ""47"": 1.0, ""48"": 1.0, ""37"": 0.12467697743657452, ""33"": 1.0, ""80"": 0.12467697743657452}}"
216,foolsgold,foolsgold,"[2, 5, 69, 42, 48]","[82, 80, 89, 59, 17]","{""layer_name"": ""linear"", ""weights_by_client"": {""2"": 1.0, ""5"": 1.0, ""82"": 0.0, ""80"": 0.0, ""89"": 0.0, ""69"": 1.0, ""42"": 1.0, ""59"": 0.0, ""17"": 0.0, ""48"": 1.0}}"
217,foolsgold,foolsgold,"[3, 81, 28, 34, 35, 96, 71, 44]","[63, 46]","{""layer_name"": ""linear"", ""weights_by_client"": {""3"": 1.0, ""81"": 0.30578984228137723, ""28"": 1.0, ""63"": 0.0, ""34"": 0.30578984228137723, ""35"": 1.0, ""96"": 1.0, ""71"": 1.0, ""46"": 0.0, ""44"": 1.0}}"
218,foolsgold,foolsgold,"[2, 91, 86, 84, 61, 50, 87, 53]","[97, 27]","{""layer_name"": ""linear"", ""weights_by_client"": {""2"": 1.0, ""91"": 1.0, ""86"": 1.0, ""84"": 1.0, ""61"": 0.45263803988038165, ""50"": 0.7885648797787692, ""97"": 0.0, ""87"": 0.45263803988038165, ""53"": 1.0, ""27"": 0.0}}"
219,foolsgold,foolsgold,"[35, 91, 43, 4, 73]","[1, 44, 89, 24, 0]","{""layer_name"": ""linear"", ""weights_by_client"": {""1"": 0.0, ""44"": 0.0, ""89"": 0.0, ""35"": 0.5167273641885803, ""24"": 0.0, ""0"": 0.0, ""91"": 1.0, ""43"": 1.0, ""4"": 0.35410743091047947, ""73"": 1.0}}"
220,foolsgold,foolsgold,"[2, 28, 1, 88, 58, 17, 68]","[21, 61, 94]","{""layer_name"": ""linear"", ""weights_by_client"": {""2"": 0.823873064757735, ""28"": 1.0, ""1"": 0.823873064757735, ""88"": 1.0, ""58"": 0.34677832213687343, ""21"": 0.0, ""61"": 0.0, ""94"": 0.0, ""17"": 0.3172665398609267, ""68"": 0.3172665398609267}}"
221,foolsgold,foolsgold,"[1, 50, 42, 87, 65, 8]","[61, 74, 72, 64]","{""layer_name"": ""linear"", ""weights_by_client"": {""1"": 1.0, ""61"": 0.0, ""50"": 0.49561896220856894, ""74"": 0.0, ""42"": 1.0, ""87"": 0.35655181324889373, ""65"": 0.44824280879809786, ""72"": 0.0, ""64"": 0.0, ""8"": 1.0}}"
222,foolsgold,foolsgold,"[35, 95, 52, 2]","[4, 75, 21, 83, 55, 31]","{""layer_name"": ""linear"", ""weights_by_client"": {""4"": 0.0, ""75"": 0.0, ""35"": 0.1356428642526531, ""21"": 0.0, ""95"": 1.0, ""83"": 0.0, ""55"": 0.0, ""52"": 1.0, ""2"": 1.0, ""31"": 0.0}}"
223,foolsgold,foolsgold,"[3, 55, 79, 70, 82, 24, 60, 56]","[4, 88]","{""layer_name"": ""linear"", ""weights_by_client"": {""3"": 0.30540937365595583, ""55"": 0.7378814779429854, ""79"": 0.3483005912891023, ""70"": 1.0, ""4"": 0.0, ""82"": 1.0, ""24"": 0.3483005912891023, ""60"": 1.0, ""56"": 0.30540937365595583, ""88"": 0.0}}"
224,foolsgold,foolsgold,"[2, 34, 70, 23, 99]","[83, 77, 37, 26, 89]","{""layer_name"": ""linear"", ""weights_by_client"": {""2"": 1.0, ""34"": 1.0, ""70"": 0.5465091822104389, ""23"": 0.0615751072958311, ""83"": 0.0, ""99"": 1.0, ""77"": 0.0, ""37"": 0.0, ""26"": 0.0, ""89"": 0.0}}"
225,foolsgold,foolsgold,"[2, 62, 78, 51, 14, 29]","[6, 8, 56, 46]","{""layer_name"": ""linear"", ""weights_by_client"": {""2"": 1.0, ""6"": 0.0, ""8"": 0.0, ""62"": 1.0, ""78"": 0.5388001244180944, ""51"": 1.0, ""14"": 1.0, ""56"": 0.0, ""46"": 0.0, ""29"": 0.5388001244180944}}"
226,foolsgold,foolsgold,"[3, 60, 68, 18, 36, 14]","[64, 88, 33, 63]","{""layer_name"": ""linear"", ""weights_by_client"": {""3"": 0.10159325392833385, ""64"": 0.0, ""60"": 0.4292245964233764, ""88"": 0.0, ""68"": 0.5162644775104641, ""33"": 0.0, ""18"": 0.30103488997871464, ""36"": 0.10159325392833385, ""63"": 0.0, ""14"": 1.0}}"
227,foolsgold,foolsgold,"[37, 9, 15, 50, 88]","[3, 73, 76, 25, 55]","{""layer_name"": ""linear"", ""weights_by_client"": {""3"": 0.0, ""37"": 1.0, ""73"": 0.0, ""9"": 1.0, ""76"": 0.0, ""15"": 1.0, ""50"": 0.42886646512464754, ""25"": 0.0, ""88"": 0.42886646512464754, ""55"": 0.0}}"
228,foolsgold,foolsgold,"[4, 43, 2, 88, 61, 23, 44, 78, 45, 5]",[],"{""layer_name"": ""linear"", ""weights_by_client"": {""4"": 0.21798420161261606, ""43"": 1.0, ""2"": 0.8520091172275254, ""88"": 0.21798420161261606, ""61"": 1.0, ""23"": 1.0, ""44"": 0.8520091172275254, ""78"": 1.0, ""45"": 1.0, ""5"": 1.0}}"
229,foolsgold,foolsgold,"[0, 50, 78, 45, 61, 8]","[10, 55, 79, 68]","{""layer_name"": ""linear"", ""weights_by_client"": {""0"": 0.443892275468325, ""50"": 1.0, ""78"": 0.443892275468325, ""10"": 0.0, ""45"": 1.0, ""55"": 0.0, ""79"": 0.0, ""61"": 0.3863915495032568, ""68"": 0.0, ""8"": 0.705169675447303}}"
230,foolsgold,foolsgold,"[3, 80, 19, 7, 6, 2]","[66, 27, 62, 86]","{""layer_name"": ""linear"", ""weights_by_client"": {""3"": 0.8080947490314806, ""80"": 1.0, ""66"": 0.0, ""19"": 1.0, ""27"": 0.0, ""7"": 1.0, ""62"": 0.0, ""86"": 0.0, ""6"": 0.8080947490314806, ""2"": 1.0}}"
231,foolsgold,foolsgold,"[4, 28, 96, 40, 75, 2]","[9, 26, 97, 95]","{""layer_name"": ""linear"", ""weights_by_client"": {""4"": 1.0, ""9"": 0.0, ""26"": 0.0, ""28"": 1.0, ""97"": 0.0, ""96"": 1.0, ""40"": 1.0, ""95"": 0.0, ""75"": 1.0, ""2"": 1.0}}"
232,foolsgold,foolsgold,"[27, 99, 62, 39, 23, 56, 74, 92]","[1, 30]","{""layer_name"": ""linear"", ""weights_by_client"": {""1"": 0.0, ""27"": 1.0, ""99"": 0.13637185902571913, ""62"": 1.0, ""39"": 1.0, ""30"": 0.0, ""23"": 1.0, ""56"": 0.13637185902571913, ""74"": 1.0, ""92"": 1.0}}"
233,foolsgold,foolsgold,"[12, 90]","[1, 98, 36, 80, 37, 13, 71, 0]","{""layer_name"": ""linear"", ""weights_by_client"": {""1"": 0.0, ""98"": 0.0, ""36"": 0.0, ""80"": 0.0, ""37"": 0.0, ""13"": 0.0, ""71"": 0.0, ""0"": 0.0, ""12"": 1.0, ""90"": 1.0}}"
234,foolsgold,foolsgold,"[3, 87, 74, 82, 16]","[46, 79, 83, 89, 23]","{""layer_name"": ""linear"", ""weights_by_client"": {""3"": 1.0, ""87"": 0.8698636657366242, ""74"": 1.0, ""82"": 1.0, ""46"": 0.0, ""79"": 0.0, ""16"": 1.0, ""83"": 0.0, ""89"": 0.0, ""23"": 0.0}}"
235,foolsgold,foolsgold,"[4, 39, 54, 34, 6, 9, 14, 70]","[32, 20]","{""layer_name"": ""linear"", ""weights_by_client"": {""4"": 1.0, ""39"": 0.9140850863463895, ""54"": 0.9140850863463895, ""34"": 0.45219204045054207, ""6"": 1.0, ""32"": 0.0, ""9"": 1.0, ""14"": 0.45219204045054207, ""70"": 1.0, ""20"": 0.0}}"
236,foolsgold,foolsgold,"[4, 60, 77, 34, 56, 46, 45, 11]","[13, 76]","{""layer_name"": ""linear"", ""weights_by_client"": {""4"": 1.0, ""60"": 1.0, ""77"": 0.541052740032451, ""13"": 0.0, ""34"": 0.12612159965227648, ""56"": 1.0, ""46"": 0.541052740032451, ""76"": 0.0, ""45"": 1.0, ""11"": 0.12612159965227648}}"
237,foolsgold,foolsgold,"[4, 73, 96, 78, 50]","[1, 25, 30, 8, 48]","{""layer_name"": ""linear"", ""weights_by_client"": {""1"": 0.0, ""4"": 0.2606776921042876, ""25"": 0.0, ""30"": 0.0, ""73"": 1.0, ""96"": 1.0, ""8"": 0.0, ""48"": 0.0, ""78"": 0.02454218789213214, ""50"": 0.2606776921042876}}"
238,foolsgold,foolsgold,"[56, 83, 75, 38]","[3, 88, 33, 20, 28, 74]","{""layer_name"": ""linear"", ""weights_by_client"": {""3"": 0.0, ""88"": 0.0, ""56"": 0.050462744586565245, ""83"": 0.1063213592140253, ""75"": 1.0, ""33"": 0.0, ""20"": 0.0, ""28"": 0.0, ""74"": 0.0, ""38"": 0.1063213592140253}}"
239,foolsgold,foolsgold,"[1, 72, 27, 93, 62, 96, 37]","[87, 46, 21]","{""layer_name"": ""linear"", ""weights_by_client"": {""1"": 0.7742552841475243, ""72"": 1.0, ""87"": 0.0, ""27"": 1.0, ""93"": 1.0, ""62"": 1.0, ""46"": 0.0, ""96"": 1.0, ""37"": 0.47928485016548583, ""21"": 0.0}}"
240,foolsgold,foolsgold,"[65, 39, 50, 61, 93, 62]","[4, 32, 31, 40]","{""layer_name"": ""linear"", ""weights_by_client"": {""4"": 0.0, ""65"": 0.43847478745331137, ""39"": 0.43847478745331137, ""50"": 0.6744337244813514, ""32"": 0.0, ""61"": 1.0, ""93"": 1.0, ""62"": 1.0, ""31"": 0.0, ""40"": 0.0}}"
241,foolsgold,foolsgold,"[4, 81, 42, 7, 95, 32, 1, 58]","[94, 23]","{""layer_name"": ""linear"", ""weights_by_client"": {""4"": 0.7983095173632334, ""81"": 1.0, ""42"": 1.0, ""7"": 1.0, ""95"": 1.0, ""32"": 1.0, ""1"": 0.7983095173632334, ""94"": 0.0, ""23"": 0.0, ""58"": 1.0}}"
242,foolsgold,foolsgold,"[88, 11, 59, 74, 52]","[3, 18, 27, 10, 21]","{""layer_name"": ""linear"", ""weights_by_client"": {""3"": 0.0, ""18"": 0.0, ""88"": 1.0, ""11"": 0.605548629279175, ""59"": 1.0, ""74"": 1.0, ""27"": 0.0, ""10"": 0.0, ""52"": 1.0, ""21"": 0.0}}"
243,foolsgold,foolsgold,"[2, 43, 21, 78]","[6, 46, 26, 55, 57, 80]","{""layer_name"": ""linear"", ""weights_by_client"": {""2"": 1.0, ""6"": 0.0, ""43"": 1.0, ""46"": 0.0, ""26"": 0.0, ""21"": 0.018341323520917774, ""55"": 0.0, ""57"": 0.0, ""80"": 0.0, ""78"": 1.0}}"
244,foolsgold,foolsgold,"[84, 82, 87, 90, 66, 89]","[1, 36, 40, 32]","{""layer_name"": ""linear"", ""weights_by_client"": {""1"": 0.0, ""36"": 0.0, ""84"": 0.6881800716714337, ""82"": 1.0, ""40"": 0.0, ""87"": 0.9572316925385125, ""90"": 0.2906557702925548, ""66"": 0.6881800716714337, ""32"": 0.0, ""89"": 0.2906557702925548}}"
245,foolsgold,foolsgold,"[3, 51, 92, 63]","[19, 72, 60, 98, 91, 76]","{""layer_name"": ""linear"", ""weights_by_client"": {""3"": 0.43284577187594364, ""19"": 0.0, ""51"": 0.5622478456830077, ""72"": 0.0, ""92"": 1.0, ""60"": 0.0, ""98"": 0.0, ""91"": 0.0, ""63"": 0.43284577187594364, ""76"": 0.0}}"
246,foolsgold,foolsgold,"[1, 94, 86, 68, 35, 77, 11, 22]","[66, 73]","{""layer_name"": ""linear"", ""weights_by_client"": {""1"": 1.0, ""94"": 0.17395623348132894, ""66"": 0.0, ""86"": 0.5639560550626392, ""68"": 0.5639560550626392, ""73"": 0.0, ""35"": 1.0, ""77"": 0.17395623348132894, ""11"": 0.6161371399818667, ""22"": 1.0}}"
247,foolsgold,foolsgold,"[4, 56, 57, 22, 65, 62, 33, 69]","[63, 64]","{""layer_name"": ""linear"", ""weights_by_client"": {""4"": 0.41813940291185736, ""56"": 1.0, ""57"": 1.0, ""22"": 1.0, ""65"": 0.5942661918134282, ""63"": 0.0, ""62"": 1.0, ""33"": 0.41813940291185736, ""64"": 0.0, ""69"": 1.0}}"
248,foolsgold,foolsgold,"[3, 79, 11, 7, 38, 2, 57, 49, 91, 22]",[],"{""layer_name"": ""linear"", ""weights_by_client"": {""3"": 1.0, ""79"": 0.2482043771332343, ""11"": 0.2482043771332343, ""7"": 1.0, ""38"": 0.00507244567964954, ""2"": 1.0, ""57"": 1.0, ""49"": 0.00507244567964954, ""91"": 1.0, ""22"": 1.0}}"
249,foolsgold,foolsgold,"[4, 13, 29]","[49, 80, 41, 24, 96, 37, 63]","{""layer_name"": ""linear"", ""weights_by_client"": {""4"": 1.0, ""49"": 0.0, ""80"": 0.0, ""41"": 0.0, ""24"": 0.0, ""96"": 0.0, ""37"": 0.0, ""13"": 1.0, ""63"": 0.0, ""29"": 0.8173205821649572}}"
250,foolsgold,foolsgold,"[0, 86, 7, 19, 3, 37, 91]","[66, 34, 10]","{""layer_name"": ""linear"", ""weights_by_client"": {""0"": 0.4810515434440761, ""86"": 0.8742949389178082, ""66"": 0.0, ""7"": 1.0, ""19"": 1.0, ""3"": 0.4810515434440761, ""37"": 0.8266841634949605, ""34"": 0.0, ""10"": 0.0, ""91"": 1.0}}"
251,foolsgold,foolsgold,"[59, 14, 73, 9, 18, 77, 32, 89]","[0, 36]","{""layer_name"": ""linear"", ""weights_by_client"": {""0"": 0.0, ""59"": 1.0, ""14"": 1.0, ""73"": 1.0, ""9"": 1.0, ""18"": 1.0, ""77"": 1.0, ""36"": 0.0, ""32"": 1.0, ""89"": 1.0}}"
252,foolsgold,foolsgold,"[1, 59, 8, 47, 68]","[24, 55, 57, 13, 38]","{""layer_name"": ""linear"", ""weights_by_client"": {""1"": 1.0, ""59"": 1.0, ""8"": 1.0, ""24"": 0.0, ""55"": 0.0, ""47"": 1.0, ""57"": 0.0, ""68"": 0.5796691778972979, ""13"": 0.0, ""38"": 0.0}}"
253,foolsgold,foolsgold,"[4, 46, 41, 11, 48]","[51, 29, 3, 75, 27]","{""layer_name"": ""linear"", ""weights_by_client"": {""4"": 1.0, ""51"": 0.0, ""29"": 0.0, ""46"": 1.0, ""41"": 1.0, ""3"": 0.0, ""11"": 1.0, ""75"": 0.0, ""27"": 0.0, ""48"": 1.0}}"
254,foolsgold,foolsgold,"[1, 9, 11, 4, 15, 93, 42, 39]","[85, 66]","{""layer_name"": ""linear"", ""weights_by_client"": {""1"": 1.0, ""9"": 0.48865468306654125, ""85"": 0.0, ""11"": 1.0, ""4"": 1.0, ""15"": 1.0, ""93"": 0.48865468306654125, ""42"": 0.11415265149187875, ""66"": 0.0, ""39"": 1.0}}"
255,foolsgold,foolsgold,"[2, 51, 57, 29, 12, 62, 8, 93]","[89, 6]","{""layer_name"": ""linear"", ""weights_by_client"": {""2"": 1.0, ""51"": 0.8906224639798328, ""57"": 0.8906224639798328, ""29"": 1.0, ""12"": 1.0, ""62"": 1.0, ""8"": 1.0, ""89"": 0.0, ""6"": 0.0, ""93"": 1.0}}"
256,foolsgold,foolsgold,"[86, 89, 73, 58, 47]","[0, 60, 36, 25, 12]","{""layer_name"": ""linear"", ""weights_by_client"": {""0"": 0.0, ""86"": 1.0, ""89"": 1.0, ""60"": 0.0, ""36"": 0.0, ""73"": 1.0, ""25"": 0.0, ""12"": 0.0, ""58"": 0.3193228106197854, ""47"": 1.0}}"
257,foolsgold,foolsgold,"[3, 4, 64, 24, 91, 90]","[30, 0, 14, 57]","{""layer_name"": ""linear"", ""weights_by_client"": {""3"": 1.0, ""4"": 1.0, ""64"": 1.0, ""30"": 0.0, ""0"": 0.0, ""24"": 1.0, ""14"": 0.0, ""91"": 1.0, ""90"": 1.0, ""57"": 0.0}}"
258,foolsgold,foolsgold,"[1, 28, 31, 62, 85, 11]","[59, 77, 82, 6]","{""layer_name"": ""linear"", ""weights_by_client"": {""1"": 1.0, ""59"": 0.0, ""28"": 1.0, ""31"": 1.0, ""77"": 0.0, ""62"": 1.0, ""82"": 0.0, ""85"": 1.0, ""6"": 0.0, ""11"": 1.0}}"
259,foolsgold,foolsgold,"[0, 38, 22, 53, 21]","[13, 85, 73, 10, 71]","{""layer_name"": ""linear"", ""weights_by_client"": {""0"": 1.0, ""13"": 0.0, ""85"": 0.0, ""38"": 1.0, ""73"": 0.0, ""22"": 1.0, ""53"": 1.0, ""21"": 1.0, ""10"": 0.0, ""71"": 0.0}}"
260,foolsgold,foolsgold,"[4, 93, 54]","[21, 87, 34, 1, 0, 10, 27]","{""layer_name"": ""linear"", ""weights_by_client"": {""4"": 1.0, ""21"": 0.0, ""93"": 1.0, ""87"": 0.0, ""34"": 0.0, ""1"": 0.0, ""0"": 0.0, ""54"": 1.0, ""10"": 0.0, ""27"": 0.0}}"
261,foolsgold,foolsgold,"[4, 43, 35, 89, 76, 55, 7, 22]","[49, 52]","{""layer_name"": ""linear"", ""weights_by_client"": {""4"": 0.6141741218807215, ""49"": 0.0, ""43"": 1.0, ""35"": 0.6141741218807215, ""89"": 1.0, ""76"": 0.34015506850939864, ""55"": 0.34015506850939864, ""52"": 0.0, ""7"": 1.0, ""22"": 1.0}}"
262,foolsgold,foolsgold,"[2, 11, 35, 32, 70, 93, 6, 61]","[44, 36]","{""layer_name"": ""linear"", ""weights_by_client"": {""2"": 0.8945008425839032, ""11"": 1.0, ""35"": 0.555238936770847, ""32"": 1.0, ""44"": 0.0, ""70"": 1.0, ""93"": 1.0, ""6"": 0.09268857347032261, ""36"": 0.0, ""61"": 0.09268857347032261}}"
263,foolsgold,foolsgold,"[9, 72, 5, 39, 7, 11]","[0, 92, 4, 44]","{""layer_name"": ""linear"", ""weights_by_client"": {""0"": 0.0, ""9"": 1.0, ""72"": 1.0, ""92"": 0.0, ""4"": 0.0, ""5"": 0.9583015471714388, ""39"": 0.7277072815909538, ""44"": 0.0, ""7"": 1.0, ""11"": 0.7277072815909538}}"
264,foolsgold,foolsgold,"[2, 96, 32, 9, 91, 15, 74, 42, 79, 81]",[],"{""layer_name"": ""linear"", ""weights_by_client"": {""2"": 0.6096983328367436, ""96"": 1.0, ""32"": 0.6909071574051688, ""9"": 1.0, ""91"": 0.6909071574051688, ""15"": 0.6096983328367436, ""74"": 0.7860663178275553, ""42"": 1.0, ""79"": 0.9876839574727394, ""81"": 1.0}}"
265,foolsgold,foolsgold,"[62, 52, 77, 90, 97]","[3, 8, 20, 25, 36]","{""layer_name"": ""linear"", ""weights_by_client"": {""3"": 0.0, ""8"": 0.0, ""20"": 0.0, ""62"": 0.20166113670463054, ""52"": 0.20166113670463054, ""77"": 0.46475281525492185, ""25"": 0.0, ""90"": 0.39043780769667225, ""36"": 0.0, ""97"": 1.0}}"
266,foolsgold,foolsgold,"[63, 56, 54, 7, 42, 33, 65, 43]","[3, 78]","{""layer_name"": ""linear"", ""weights_by_client"": {""3"": 0.0, ""63"": 0.13089550299023583, ""78"": 0.0, ""56"": 0.38736432673578014, ""54"": 0.980396314708773, ""7"": 0.8980312362081646, ""42"": 1.0, ""33"": 1.0, ""65"": 0.13089550299023583, ""43"": 1.0}}"
267,foolsgold,foolsgold,"[41, 61, 45, 1, 35, 22, 23, 40]","[3, 20]","{""layer_name"": ""linear"", ""weights_by_client"": {""3"": 0.0, ""20"": 0.0, ""41"": 1.0, ""61"": 0.34124643969216784, ""45"": 1.0, ""1"": 0.8052430120684112, ""35"": 0.34124643969216784, ""22"": 1.0, ""23"": 0.9717207289988699, ""40"": 0.7856103204852662}}"
268,foolsgold,foolsgold,"[3, 34, 97, 8, 50, 76, 85, 96, 89, 65]",[],"{""layer_name"": ""linear"", ""weights_by_client"": {""3"": 0.26044860776978807, ""34"": 1.0, ""97"": 1.0, ""8"": 0.26044860776978807, ""50"": 1.0, ""76"": 0.24601794596416887, ""85"": 0.24601794596416887, ""96"": 1.0, ""89"": 0.7670609331162188, ""65"": 0.7670609331162188}}"
269,foolsgold,foolsgold,"[3, 97, 34, 95]","[15, 94, 98, 63, 44, 14]","{""layer_name"": ""linear"", ""weights_by_client"": {""3"": 0.7605267006690648, ""97"": 0.5829746976603323, ""15"": 0.0, ""94"": 0.0, ""98"": 0.0, ""63"": 0.0, ""44"": 0.0, ""34"": 0.8835826148549285, ""14"": 0.0, ""95"": 1.0}}"
270,foolsgold,foolsgold,"[4, 15, 39, 72, 49, 8]","[21, 64, 14, 13]","{""layer_name"": ""linear"", ""weights_by_client"": {""4"": 1.0, ""21"": 0.0, ""64"": 0.0, ""14"": 0.0, ""15"": 0.7122658496615233, ""39"": 1.0, ""72"": 1.0, ""13"": 0.0, ""49"": 1.0, ""8"": 0.7122658496615233}}"
271,foolsgold,foolsgold,"[2, 72, 3, 86, 43]","[10, 73, 64, 46, 63]","{""layer_name"": ""linear"", ""weights_by_client"": {""2"": 1.0, ""72"": 0.8487959447998972, ""3"": 1.0, ""10"": 0.0, ""73"": 0.0, ""64"": 0.0, ""86"": 1.0, ""43"": 0.8487959447998972, ""46"": 0.0, ""63"": 0.0}}"
272,foolsgold,foolsgold,"[0, 72, 22, 95]","[52, 63, 71, 49, 42, 6]","{""layer_name"": ""linear"", ""weights_by_client"": {""0"": 1.0, ""72"": 1.0, ""22"": 1.0, ""52"": 0.0, ""63"": 0.0, ""95"": 1.0, ""71"": 0.0, ""49"": 0.0, ""42"": 0.0, ""6"": 0.0}}"
273,foolsgold,foolsgold,"[2, 35, 94, 38, 39, 36, 96, 80]","[12, 18]","{""layer_name"": ""linear"", ""weights_by_client"": {""2"": 0.052414252133406614, ""35"": 1.0, ""94"": 0.5674236371791983, ""38"": 1.0, ""12"": 0.0, ""39"": 0.1720455871696006, ""36"": 0.052414252133406614, ""96"": 0.1720455871696006, ""18"": 0.0, ""80"": 1.0}}"
274,foolsgold,foolsgold,"[2, 99, 96, 52, 64, 81, 3, 68]","[19, 69]","{""layer_name"": ""linear"", ""weights_by_client"": {""2"": 1.0, ""99"": 1.0, ""19"": 0.0, ""96"": 1.0, ""52"": 1.0, ""64"": 0.8702545983685657, ""81"": 0.8106737890680242, ""3"": 0.8702545983685657, ""68"": 0.8106737890680242, ""69"": 0.0}}"
275,foolsgold,foolsgold,"[45, 6, 9, 16, 57, 86]","[0, 90, 43, 30]","{""layer_name"": ""linear"", ""weights_by_client"": {""0"": 0.0, ""90"": 0.0, ""45"": 1.0, ""6"": 1.0, ""9"": 1.0, ""43"": 0.0, ""16"": 0.5735161049380518, ""30"": 0.0, ""57"": 1.0, ""86"": 1.0}}"
276,foolsgold,foolsgold,"[4, 99, 23, 33, 80]","[85, 54, 53, 66, 57]","{""layer_name"": ""linear"", ""weights_by_client"": {""4"": 0.34727607215392886, ""85"": 0.0, ""54"": 0.0, ""99"": 1.0, ""23"": 1.0, ""53"": 0.0, ""66"": 0.0, ""33"": 0.34727607215392886, ""80"": 1.0, ""57"": 0.0}}"
277,foolsgold,foolsgold,"[0, 38, 19, 33, 73, 86]","[9, 53, 93, 65]","{""layer_name"": ""linear"", ""weights_by_client"": {""0"": 1.0, ""38"": 0.022182787564411888, ""19"": 1.0, ""33"": 1.0, ""9"": 0.0, ""53"": 0.0, ""93"": 0.0, ""73"": 1.0, ""86"": 0.022182787564411888, ""65"": 0.0}}"
278,foolsgold,foolsgold,"[38, 20, 49, 69, 11, 84]","[0, 1, 57, 85]","{""layer_name"": ""linear"", ""weights_by_client"": {""0"": 0.0, ""38"": 0.0377555924861433, ""20"": 1.0, ""1"": 0.0, ""57"": 0.0, ""49"": 0.0377555924861433, ""85"": 0.0, ""69"": 1.0, ""11"": 0.5478611803198681, ""84"": 0.5478611803198681}}"
279,foolsgold,foolsgold,"[0, 6, 69, 10, 29, 47, 74, 61]","[55, 34]","{""layer_name"": ""linear"", ""weights_by_client"": {""0"": 1.0, ""6"": 1.0, ""55"": 0.0, ""69"": 1.0, ""10"": 0.5685284004329951, ""34"": 0.0, ""29"": 1.0, ""47"": 1.0, ""74"": 1.0, ""61"": 1.0}}"
280,foolsgold,foolsgold,"[1, 86, 29, 77, 96, 84, 60, 51, 53, 95]",[],"{""layer_name"": ""linear"", ""weights_by_client"": {""1"": 0.5426971638952802, ""86"": 1.0, ""29"": 0.0912003269016684, ""77"": 1.0, ""96"": 0.309500431806798, ""84"": 1.0, ""60"": 1.0, ""51"": 1.0, ""53"": 0.0912003269016684, ""95"": 0.3270562909050031}}"
281,foolsgold,foolsgold,"[0, 7, 41, 16, 59, 11, 42, 5]","[88, 33]","{""layer_name"": ""linear"", ""weights_by_client"": {""0"": 0.0061976212510118645, ""88"": 0.0, ""7"": 1.0, ""41"": 1.0, ""33"": 0.0, ""16"": 0.0061976212510118645, ""59"": 1.0, ""11"": 0.9135880675110145, ""42"": 0.9135880675110145, ""5"": 1.0}}"
282,foolsgold,foolsgold,"[56, 11, 45]","[0, 64, 2, 89, 59, 97, 15]","{""layer_name"": ""linear"", ""weights_by_client"": {""0"": 0.0, ""64"": 0.0, ""56"": 0.6978486566014769, ""2"": 0.0, ""11"": 1.0, ""89"": 0.0, ""59"": 0.0, ""45"": 1.0, ""97"": 0.0, ""15"": 0.0}}"
283,foolsgold,foolsgold,"[4, 0, 58, 71, 33, 23, 65, 48]","[61, 37]","{""layer_name"": ""linear"", ""weights_by_client"": {""4"": 0.3342845498495048, ""0"": 1.0, ""58"": 0.1971653401483246, ""61"": 0.0, ""71"": 1.0, ""33"": 0.3342845498495048, ""23"": 0.5511826576166375, ""65"": 0.5511826576166375, ""37"": 0.0, ""48"": 0.1971653401483246}}"
284,foolsgold,foolsgold,"[2, 59, 56, 68]","[14, 81, 55, 62, 6, 63]","{""layer_name"": ""linear"", ""weights_by_client"": {""2"": 1.0, ""59"": 1.0, ""56"": 1.0, ""14"": 0.0, ""68"": 0.5818000933038227, ""81"": 0.0, ""55"": 0.0, ""62"": 0.0, ""6"": 0.0, ""63"": 0.0}}"
285,foolsgold,foolsgold,"[89, 12, 78, 93, 21, 23]","[1, 71, 98, 30]","{""layer_name"": ""linear"", ""weights_by_client"": {""1"": 0.0, ""89"": 0.6143694566011385, ""12"": 1.0, ""78"": 0.8223577157740312, ""93"": 1.0, ""21"": 0.2837084523509375, ""23"": 0.2837084523509375, ""71"": 0.0, ""98"": 0.0, ""30"": 0.0}}"
286,foolsgold,foolsgold,"[2, 76, 16, 34, 27, 1, 82, 20, 15, 47]",[],"{""layer_name"": ""linear"", ""weights_by_client"": {""2"": 0.7411103549693785, ""76"": 0.28143996752107314, ""16"": 0.597809828131139, ""34"": 0.28143996752107314, ""27"": 0.7162905025493803, ""1"": 0.597809828131139, ""82"": 1.0, ""20"": 0.7996037666624214, ""15"": 0.7411103549693785, ""47"": 1.0}}"
287,foolsgold,foolsgold,"[1, 58, 96, 47, 69, 29]","[23, 80, 63, 26]","{""layer_name"": ""linear"", ""weights_by_client"": {""1"": 0.6297643440166235, ""58"": 1.0, ""23"": 0.0, ""96"": 1.0, ""47"": 1.0, ""80"": 0.0, ""63"": 0.0, ""69"": 1.0, ""29"": 0.6297643440166235, ""26"": 0.0}}"
288,foolsgold,foolsgold,"[3, 36, 89, 7, 68, 87, 74, 14]","[60, 22]","{""layer_name"": ""linear"", ""weights_by_client"": {""3"": 0.39680541252163454, ""60"": 0.0, ""36"": 0.39680541252163454, ""89"": 0.25087306542202437, ""7"": 1.0, ""68"": 0.25087306542202437, ""87"": 0.6610658593392855, ""74"": 0.6610658593392855, ""14"": 1.0, ""22"": 0.0}}"
289,foolsgold,foolsgold,"[0, 45, 35, 37, 89, 81]","[76, 75, 60, 99]","{""layer_name"": ""linear"", ""weights_by_client"": {""0"": 1.0, ""45"": 1.0, ""76"": 0.0, ""75"": 0.0, ""35"": 1.0, ""37"": 0.9936990174168392, ""89"": 0.9936990174168392, ""60"": 0.0, ""81"": 1.0, ""99"": 0.0}}"
290,foolsgold,foolsgold,"[3, 76, 95, 69, 70, 4, 23, 86]","[12, 22]","{""layer_name"": ""linear"", ""weights_by_client"": {""3"": 0.6835521848478894, ""76"": 1.0, ""95"": 1.0, ""69"": 0.27210392111722614, ""70"": 0.27210392111722614, ""4"": 1.0, ""12"": 0.0, ""23"": 0.5169675615594673, ""86"": 1.0, ""22"": 0.0}}"
291,foolsgold,foolsgold,"[2, 97, 52, 17, 8, 13]","[69, 28, 54, 96]","{""layer_name"": ""linear"", ""weights_by_client"": {""2"": 1.0, ""97"": 1.0, ""52"": 0.35086645220884505, ""17"": 0.35086645220884505, ""8"": 1.0, ""69"": 0.0, ""28"": 0.0, ""54"": 0.0, ""13"": 1.0, ""96"": 0.0}}"
292,foolsgold,foolsgold,"[0, 72, 20, 85, 9, 52]","[70, 5, 46, 63]","{""layer_name"": ""linear"", ""weights_by_client"": {""0"": 0.008219757388901405, ""72"": 0.5571494792672065, ""70"": 0.0, ""5"": 0.0, ""20"": 0.008219757388901405, ""46"": 0.0, ""63"": 0.0, ""85"": 1.0, ""9"": 1.0, ""52"": 1.0}}"
293,foolsgold,foolsgold,"[1, 95, 51, 59, 8, 29]","[92, 7, 84, 31]","{""layer_name"": ""linear"", ""weights_by_client"": {""1"": 0.31250188912072446, ""92"": 0.0, ""7"": 0.0, ""95"": 0.8913380867486083, ""84"": 0.0, ""51"": 1.0, ""31"": 0.0, ""59"": 0.7308666146323771, ""8"": 1.0, ""29"": 0.31250188912072446}}"
294,foolsgold,foolsgold,"[2, 80, 46, 41, 51, 49]","[44, 14, 16, 57]","{""layer_name"": ""linear"", ""weights_by_client"": {""2"": 0.6807815990609678, ""44"": 0.0, ""80"": 1.0, ""46"": 1.0, ""14"": 0.0, ""41"": 1.0, ""16"": 0.0, ""51"": 1.0, ""57"": 0.0, ""49"": 1.0}}"
295,foolsgold,foolsgold,"[0, 91, 53, 52, 51]","[56, 20, 74, 45, 70]","{""layer_name"": ""linear"", ""weights_by_client"": {""0"": 0.7524169611173227, ""56"": 0.0, ""91"": 1.0, ""53"": 1.0, ""20"": 0.0, ""74"": 0.0, ""52"": 1.0, ""45"": 0.0, ""70"": 0.0, ""51"": 1.0}}"
296,foolsgold,foolsgold,"[50, 7, 47, 32, 66, 63]","[1, 17, 49, 25]","{""layer_name"": ""linear"", ""weights_by_client"": {""1"": 0.0, ""50"": 1.0, ""7"": 1.0, ""17"": 0.0, ""47"": 1.0, ""32"": 1.0, ""49"": 0.0, ""66"": 1.0, ""63"": 1.0, ""25"": 0.0}}"
297,foolsgold,foolsgold,"[8, 80, 19, 47]","[1, 23, 42, 36, 6, 71]","{""layer_name"": ""linear"", ""weights_by_client"": {""1"": 0.0, ""8"": 1.0, ""80"": 1.0, ""19"": 1.0, ""23"": 0.0, ""42"": 0.0, ""36"": 0.0, ""47"": 1.0, ""6"": 0.0, ""71"": 0.0}}"
298,foolsgold,foolsgold,"[0, 79, 3, 84]","[50, 35, 57, 72, 60, 27]","{""layer_name"": ""linear"", ""weights_by_client"": {""0"": 1.0, ""50"": 0.0, ""79"": 1.0, ""35"": 0.0, ""3"": 0.9756860349304097, ""57"": 0.0, ""72"": 0.0, ""60"": 0.0, ""27"": 0.0, ""84"": 1.0}}"
299,foolsgold,foolsgold,"[64, 13, 69, 8]","[4, 26, 82, 37, 16, 97]","{""layer_name"": ""linear"", ""weights_by_client"": {""4"": 0.0, ""64"": 1.0, ""13"": 1.0, ""69"": 1.0, ""26"": 0.0, ""82"": 0.0, ""37"": 0.0, ""16"": 0.0, ""97"": 0.0, ""8"": 1.0}}"
300,foolsgold,foolsgold,"[82, 56, 50, 70, 38, 37]","[0, 1, 42, 66]","{""layer_name"": ""linear"", ""weights_by_client"": {""0"": 0.0, ""82"": 1.0, ""1"": 0.0, ""56"": 1.0, ""50"": 1.0, ""42"": 0.0, ""70"": 1.0, ""38"": 1.0, ""66"": 0.0, ""37"": 1.0}}"
301,foolsgold,foolsgold,"[92, 97, 73, 4]","[1, 30, 0, 36, 56, 8]","{""layer_name"": ""linear"", ""weights_by_client"": {""1"": 0.0, ""92"": 0.16531421559974607, ""97"": 1.0, ""73"": 1.0, ""30"": 0.0, ""4"": 0.16531421559974607, ""0"": 0.0, ""36"": 0.0, ""56"": 0.0, ""8"": 0.0}}"
302,foolsgold,foolsgold,"[90, 84, 92, 91, 69, 78]","[1, 41, 54, 0]","{""layer_name"": ""linear"", ""weights_by_client"": {""1"": 0.0, ""90"": 1.0, ""41"": 0.0, ""84"": 1.0, ""92"": 1.0, ""54"": 0.0, ""0"": 0.0, ""91"": 1.0, ""69"": 1.0, ""78"": 0.3550041236390322}}"
303,foolsgold,foolsgold,"[3, 36, 73, 88, 61, 80]","[5, 50, 32, 48]","{""layer_name"": ""linear"", ""weights_by_client"": {""3"": 0.11045829492283571, ""5"": 0.0, ""50"": 0.0, ""36"": 0.7794082526838615, ""73"": 1.0, ""88"": 0.31139205455842456, ""32"": 0.0, ""61"": 1.0, ""48"": 0.0, ""80"": 1.0}}"
304,foolsgold,foolsgold,"[0, 37, 79, 7, 82, 71]","[60, 41, 96, 32]","{""layer_name"": ""linear"", ""weights_by_client"": {""0"": 1.0, ""37"": 0.8077199574128124, ""60"": 0.0, ""79"": 1.0, ""7"": 1.0, ""82"": 0.8077199574128124, ""41"": 0.0, ""96"": 0.0, ""71"": 1.0, ""32"": 0.0}}"
305,foolsgold,foolsgold,"[34, 61, 17, 63, 84, 68, 74, 4]","[0, 2]","{""layer_name"": ""linear"", ""weights_by_client"": {""0"": 0.0, ""34"": 0.7475778635054557, ""61"": 0.266157876464153, ""2"": 0.0, ""17"": 0.31611804857607795, ""63"": 0.266157876464153, ""84"": 1.0, ""68"": 0.31611804857607795, ""74"": 1.0, ""4"": 1.0}}"
306,foolsgold,foolsgold,"[59, 15, 88]","[1, 55, 34, 48, 25, 0, 99]","{""layer_name"": ""linear"", ""weights_by_client"": {""1"": 0.0, ""59"": 1.0, ""55"": 0.0, ""34"": 0.0, ""48"": 0.0, ""15"": 0.19630857718706757, ""25"": 0.0, ""0"": 0.0, ""88"": 1.0, ""99"": 0.0}}"
307,foolsgold,foolsgold,"[0, 42, 81, 7, 16, 80, 70, 63, 43, 39]",[],"{""layer_name"": ""linear"", ""weights_by_client"": {""0"": 0.5485147532578047, ""42"": 1.0, ""81"": 1.0, ""7"": 1.0, ""16"": 0.5485147532578047, ""80"": 1.0, ""70"": 1.0, ""63"": 1.0, ""43"": 1.0, ""39"": 1.0}}"
308,foolsgold,foolsgold,"[3, 70, 0, 24, 40, 4]","[27, 66, 37, 63]","{""layer_name"": ""linear"", ""weights_by_client"": {""3"": 0.5791364438834452, ""27"": 0.0, ""70"": 1.0, ""66"": 0.0, ""0"": 1.0, ""37"": 0.0, ""24"": 1.0, ""63"": 0.0, ""40"": 0.8858145546685564, ""4"": 1.0}}"
309,foolsgold,foolsgold,"[22, 0, 45]","[3, 21, 66, 65, 42, 57, 41]","{""layer_name"": ""linear"", ""weights_by_client"": {""3"": 0.0, ""21"": 0.0, ""66"": 0.0, ""22"": 1.0, ""65"": 0.0, ""42"": 0.0, ""0"": 1.0, ""57"": 0.0, ""45"": 1.0, ""41"": 0.0}}"
310,foolsgold,foolsgold,"[1, 24, 2, 48, 89, 18, 69, 47, 10, 41]",[],"{""layer_name"": ""linear"", ""weights_by_client"": {""1"": 1.0, ""24"": 0.8050649778429235, ""2"": 1.0, ""48"": 0.9363784220017244, ""89"": 0.3685914104292942, ""18"": 0.3685914104292942, ""69"": 1.0, ""47"": 1.0, ""10"": 1.0, ""41"": 1.0}}"
311,foolsgold,foolsgold,"[2, 8, 15, 25, 43, 21, 33, 11]","[60, 12]","{""layer_name"": ""linear"", ""weights_by_client"": {""2"": 1.0, ""8"": 0.42748962271586705, ""15"": 0.7494792173049194, ""25"": 0.42748962271586705, ""43"": 1.0, ""21"": 1.0, ""33"": 1.0, ""60"": 0.0, ""11"": 1.0, ""12"": 0.0}}"
312,foolsgold,foolsgold,"[3, 61, 87, 1, 93]","[71, 66, 98, 45, 47]","{""layer_name"": ""linear"", ""weights_by_client"": {""3"": 0.2547226291564231, ""71"": 0.0, ""66"": 0.0, ""61"": 0.2714979606767032, ""87"": 0.2714979606767032, ""98"": 0.0, ""45"": 0.0, ""1"": 0.2547226291564231, ""93"": 1.0, ""47"": 0.0}}"
313,foolsgold,foolsgold,"[0, 27, 96, 89, 16, 68, 35, 12]","[80, 82]","{""layer_name"": ""linear"", ""weights_by_client"": {""0"": 0.056939177369088934, ""27"": 1.0, ""80"": 0.0, ""96"": 1.0, ""89"": 0.0995870685220458, ""16"": 0.056939177369088934, ""68"": 0.0995870685220458, ""82"": 0.0, ""35"": 1.0, ""12"": 0.6434181924630742}}"
314,foolsgold,foolsgold,"[3, 46, 96, 12, 14, 2]","[4, 38, 17, 92]","{""layer_name"": ""linear"", ""weights_by_client"": {""4"": 0.0, ""3"": 0.34481901339121757, ""46"": 0.34481901339121757, ""96"": 0.7490133446179892, ""12"": 1.0, ""38"": 0.0, ""14"": 1.0, ""17"": 0.0, ""2"": 0.7490133446179892, ""92"": 0.0}}"
315,foolsgold,foolsgold,"[34, 81, 48, 43]","[0, 64, 6, 36, 95, 9]","{""layer_name"": ""linear"", ""weights_by_client"": {""0"": 0.0, ""64"": 0.0, ""34"": 0.0927229962077421, ""81"": 0.0927229962077421, ""6"": 0.0, ""36"": 0.0, ""95"": 0.0, ""48"": 1.0, ""9"": 0.0, ""43"": 1.0}}"
316,foolsgold,foolsgold,"[75, 78, 28, 99, 61, 53, 90, 80]","[3, 20]","{""layer_name"": ""linear"", ""weights_by_client"": {""3"": 0.0, ""75"": 1.0, ""78"": 0.10885190872528039, ""28"": 1.0, ""99"": 1.0, ""20"": 0.0, ""61"": 1.0, ""53"": 1.0, ""90"": 1.0, ""80"": 1.0}}"
317,foolsgold,foolsgold,"[1, 49, 34, 29]","[72, 74, 75, 58, 66, 60]","{""layer_name"": ""linear"", ""weights_by_client"": {""1"": 1.0, ""49"": 1.0, ""72"": 0.0, ""74"": 0.0, ""75"": 0.0, ""34"": 0.9409015362135227, ""58"": 0.0, ""29"": 1.0, ""66"": 0.0, ""60"": 0.0}}"
318,foolsgold,foolsgold,"[4, 26, 87, 48]","[6, 73, 20, 23, 27, 78]","{""layer_name"": ""linear"", ""weights_by_client"": {""4"": 1.0, ""26"": 1.0, ""6"": 0.0, ""73"": 0.0, ""20"": 0.0, ""87"": 0.37392787756520973, ""48"": 1.0, ""23"": 0.0, ""27"": 0.0, ""78"": 0.0}}"
319,foolsgold,foolsgold,"[0, 49, 7, 47, 53, 26, 6, 57, 11, 20]",[],"{""layer_name"": ""linear"", ""weights_by_client"": {""0"": 0.10307964049794155, ""49"": 1.0, ""7"": 1.0, ""47"": 0.9206870551249388, ""53"": 0.530690690820181, ""26"": 1.0, ""6"": 0.530690690820181, ""57"": 0.9206870551249388, ""11"": 1.0, ""20"": 0.10307964049794155}}"
320,foolsgold,foolsgold,"[2, 16, 27, 62, 79, 39, 83, 41]","[12, 18]","{""layer_name"": ""linear"", ""weights_by_client"": {""2"": 1.0, ""16"": 1.0, ""27"": 1.0, ""62"": 0.4502427855422723, ""79"": 1.0, ""39"": 0.14267501724860232, ""12"": 0.0, ""18"": 0.0, ""83"": 0.4502427855422723, ""41"": 0.14267501724860232}}"
321,foolsgold,foolsgold,"[4, 9, 29, 50, 37, 39]","[73, 56, 75, 25]","{""layer_name"": ""linear"", ""weights_by_client"": {""4"": 0.12367026616724924, ""9"": 1.0, ""73"": 0.0, ""29"": 0.5639197464072865, ""56"": 0.0, ""50"": 0.12367026616724924, ""75"": 0.0, ""37"": 0.8886405864363303, ""25"": 0.0, ""39"": 1.0}}"
322,foolsgold,foolsgold,"[45, 87, 89, 11, 40, 95]","[1, 55, 25, 85]","{""layer_name"": ""linear"", ""weights_by_client"": {""1"": 0.0, ""55"": 0.0, ""45"": 1.0, ""87"": 0.557927047917499, ""89"": 0.557927047917499, ""25"": 0.0, ""11"": 1.0, ""85"": 0.0, ""40"": 1.0, ""95"": 1.0}}"
323,foolsgold,foolsgold,"[2, 89, 77, 36, 48, 54, 16, 5]","[71, 98]","{""layer_name"": ""linear"", ""weights_by_client"": {""2"": 1.0, ""89"": 0.18686577277108934, ""77"": 0.18686577277108934, ""36"": 0.3053871734259923, ""48"": 1.0, ""54"": 1.0, ""71"": 0.0, ""98"": 0.0, ""16"": 0.3053871734259923, ""5"": 1.0}}"
324,foolsgold,foolsgold,"[4, 41, 90, 30, 84, 69]","[75, 14, 38, 49]","{""layer_name"": ""linear"", ""weights_by_client"": {""4"": 0.9750132921279243, ""75"": 0.0, ""41"": 1.0, ""14"": 0.0, ""38"": 0.0, ""49"": 0.0, ""90"": 0.39511843269971253, ""30"": 0.9750132921279243, ""84"": 1.0, ""69"": 1.0}}"
325,foolsgold,foolsgold,"[3, 80, 62, 53, 30, 31, 87]","[71, 75, 98]","{""layer_name"": ""linear"", ""weights_by_client"": {""3"": 0.8103824133519668, ""80"": 1.0, ""71"": 0.0, ""75"": 0.0, ""62"": 1.0, ""53"": 1.0, ""30"": 1.0, ""31"": 1.0, ""87"": 0.8103824133519668, ""98"": 0.0}}"
326,foolsgold,foolsgold,"[26, 2, 27, 31]","[0, 17, 36, 20, 29, 89]","{""layer_name"": ""linear"", ""weights_by_client"": {""0"": 0.0, ""17"": 0.0, ""26"": 1.0, ""2"": 0.8017254422990376, ""36"": 0.0, ""20"": 0.0, ""27"": 1.0, ""31"": 1.0, ""29"": 0.0, ""89"": 0.0}}"
327,foolsgold,foolsgold,"[68, 81, 50, 0]","[4, 98, 31, 14, 85, 73]","{""layer_name"": ""linear"", ""weights_by_client"": {""4"": 0.0, ""68"": 1.0, ""81"": 0.670097996325814, ""98"": 0.0, ""31"": 0.0, ""14"": 0.0, ""85"": 0.0, ""73"": 0.0, ""50"": 1.0, ""0"": 1.0}}"
328,foolsgold,foolsgold,"[1, 93]","[42, 4, 79, 92, 85, 20, 64, 3]","{""layer_name"": ""linear"", ""weights_by_client"": {""1"": 1.0, ""42"": 0.0, ""4"": 0.0, ""79"": 0.0, ""93"": 1.0, ""92"": 0.0, ""85"": 0.0, ""20"": 0.0, ""64"": 0.0, ""3"": 0.0}}"
329,foolsgold,foolsgold,"[2, 0, 4, 70, 49]","[40, 32, 56, 55, 66]","{""layer_name"": ""linear"", ""weights_by_client"": {""2"": 5.25960966462069e-05, ""0"": 5.25960966462069e-05, ""4"": 1.0, ""40"": 0.0, ""32"": 0.0, ""70"": 1.0, ""56"": 0.0, ""49"": 1.0, ""55"": 0.0, ""66"": 0.0}}"
330,foolsgold,foolsgold,"[2, 60, 84, 20, 50, 95, 41]","[6, 64, 21]","{""layer_name"": ""linear"", ""weights_by_client"": {""2"": 0.6736478742352083, ""60"": 1.0, ""6"": 0.0, ""64"": 0.0, ""84"": 1.0, ""20"": 0.585050801862409, ""50"": 0.5075451320440061, ""95"": 0.8732712704613097, ""21"": 0.0, ""41"": 0.6736478742352083}}"
331,foolsgold,foolsgold,"[54, 55, 26, 4]","[3, 94, 65, 78, 53, 46]","{""layer_name"": ""linear"", ""weights_by_client"": {""3"": 0.0, ""94"": 0.0, ""65"": 0.0, ""78"": 0.0, ""54"": 0.27301140694732173, ""55"": 1.0, ""26"": 1.0, ""53"": 0.0, ""4"": 1.0, ""46"": 0.0}}"
332,foolsgold,foolsgold,"[68, 8, 26, 73]","[1, 63, 25, 72, 19, 6]","{""layer_name"": ""linear"", ""weights_by_client"": {""1"": 0.0, ""63"": 0.0, ""25"": 0.0, ""68"": 1.0, ""8"": 0.6719310328683399, ""72"": 0.0, ""19"": 0.0, ""26"": 1.0, ""6"": 0.0, ""73"": 1.0}}"
333,foolsgold,foolsgold,"[4, 75, 70, 22, 38, 64]","[3, 12, 78, 60]","{""layer_name"": ""linear"", ""weights_by_client"": {""3"": 0.0, ""4"": 1.0, ""12"": 0.0, ""78"": 0.0, ""75"": 1.0, ""70"": 1.0, ""22"": 0.34466054555393943, ""38"": 0.5443459990078139, ""60"": 0.0, ""64"": 0.5024876061718847}}"
334,foolsgold,foolsgold,"[0, 81, 88, 60, 47, 13, 68, 51]","[89, 18]","{""layer_name"": ""linear"", ""weights_by_client"": {""0"": 1.0, ""81"": 1.0, ""88"": 1.0, ""60"": 1.0, ""47"": 1.0, ""13"": 0.00468446757927915, ""68"": 0.7721510133847221, ""89"": 0.0, ""51"": 0.00468446757927915, ""18"": 0.0}}"
335,foolsgold,foolsgold,"[81, 84, 52]","[0, 1, 73, 65, 85, 53, 25]","{""layer_name"": ""linear"", ""weights_by_client"": {""0"": 0.0, ""1"": 0.0, ""73"": 0.0, ""65"": 0.0, ""85"": 0.0, ""81"": 1.0, ""84"": 1.0, ""53"": 0.0, ""25"": 0.0, ""52"": 1.0}}"
336,foolsgold,foolsgold,"[3, 68, 88, 23, 65, 84, 9, 55]","[70, 74]","{""layer_name"": ""linear"", ""weights_by_client"": {""3"": 0.45716200319222783, ""68"": 0.7371015073935925, ""88"": 1.0, ""23"": 0.45716200319222783, ""65"": 0.7656631288539595, ""84"": 1.0, ""9"": 1.0, ""55"": 0.8092522955417677, ""70"": 0.0, ""74"": 0.0}}"
337,foolsgold,foolsgold,"[1, 65, 88, 68, 9]","[3, 49, 52, 21, 63]","{""layer_name"": ""linear"", ""weights_by_client"": {""3"": 0.0, ""1"": 0.8518234236976732, ""49"": 0.0, ""52"": 0.0, ""65"": 0.4051976233288866, ""88"": 1.0, ""68"": 0.7571921708785893, ""9"": 1.0, ""21"": 0.0, ""63"": 0.0}}"
338,foolsgold,foolsgold,"[4, 7, 22, 70, 35]","[40, 94, 21, 48, 87]","{""layer_name"": ""linear"", ""weights_by_client"": {""4"": 0.15357601225946643, ""7"": 1.0, ""40"": 0.0, ""94"": 0.0, ""21"": 0.0, ""48"": 0.0, ""22"": 0.3362965126136077, ""70"": 0.5814907595227411, ""87"": 0.0, ""35"": 0.15357601225946643}}"
339,foolsgold,foolsgold,"[3, 65, 2, 70, 58]","[42, 55, 10, 87, 77]","{""layer_name"": ""linear"", ""weights_by_client"": {""3"": 0.6622319186709661, ""42"": 0.0, ""65"": 0.6950692888065522, ""2"": 1.0, ""55"": 0.0, ""70"": 0.0025138343743859037, ""10"": 0.0, ""87"": 0.0, ""58"": 1.0, ""77"": 0.0}}"
340,foolsgold,foolsgold,"[1, 21, 37, 79, 59, 78]","[81, 13, 86, 57]","{""layer_name"": ""linear"", ""weights_by_client"": {""1"": 0.4820810509313487, ""21"": 1.0, ""81"": 0.0, ""37"": 0.5124540780362762, ""13"": 0.0, ""86"": 0.0, ""79"": 1.0, ""59"": 0.5124540780362762, ""78"": 0.4820810509313487, ""57"": 0.0}}"
341,foolsgold,foolsgold,"[28, 16, 6, 72, 8, 68, 34, 93]","[0, 1]","{""layer_name"": ""linear"", ""weights_by_client"": {""0"": 0.0, ""28"": 0.023465942818193253, ""16"": 0.6920431117690565, ""6"": 1.0, ""72"": 0.023465942818193253, ""8"": 1.0, ""68"": 0.3233100845382477, ""34"": 0.3233100845382477, ""93"": 1.0, ""1"": 0.0}}"
342,foolsgold,foolsgold,"[4, 70, 45, 34, 33, 68, 71, 74]","[93, 59]","{""layer_name"": ""linear"", ""weights_by_client"": {""4"": 1.0, ""70"": 0.20236597395892653, ""45"": 1.0, ""93"": 0.0, ""34"": 1.0, ""33"": 1.0, ""68"": 1.0, ""59"": 0.0, ""71"": 1.0, ""74"": 0.20236597395892653}}"
343,foolsgold,foolsgold,"[35, 69, 32, 33, 70, 49]","[0, 25, 54, 41]","{""layer_name"": ""linear"", ""weights_by_client"": {""0"": 0.0, ""35"": 1.0, ""69"": 0.5525087947686854, ""32"": 1.0, ""25"": 0.0, ""33"": 1.0, ""54"": 0.0, ""41"": 0.0, ""70"": 0.5525087947686854, ""49"": 1.0}}"
344,foolsgold,foolsgold,"[50, 24, 13, 28]","[3, 95, 82, 18, 8, 9]","{""layer_name"": ""linear"", ""weights_by_client"": {""3"": 0.0, ""95"": 0.0, ""82"": 0.0, ""18"": 0.0, ""50"": 0.5511198709788074, ""8"": 0.0, ""24"": 1.0, ""13"": 1.0, ""28"": 1.0, ""9"": 0.0}}"
345,foolsgold,foolsgold,"[4, 89, 55, 91, 39]","[3, 96, 94, 54, 8]","{""layer_name"": ""linear"", ""weights_by_client"": {""4"": 1.0, ""89"": 0.3213311069848491, ""3"": 0.0, ""55"": 1.0, ""91"": 1.0, ""96"": 0.0, ""94"": 0.0, ""54"": 0.0, ""39"": 0.9123873847712476, ""8"": 0.0}}"
346,foolsgold,foolsgold,"[2, 82, 78, 74, 61, 39, 29, 68]","[88, 4]","{""layer_name"": ""linear"", ""weights_by_client"": {""2"": 1.0, ""82"": 1.0, ""78"": 0.32163458995239647, ""74"": 1.0, ""61"": 1.0, ""88"": 0.0, ""39"": 1.0, ""29"": 0.32163458995239647, ""4"": 0.0, ""68"": 1.0}}"
347,foolsgold,foolsgold,"[3, 93, 72, 1, 90, 28, 57, 68, 23, 83]",[],"{""layer_name"": ""linear"", ""weights_by_client"": {""3"": 0.5851353188529059, ""93"": 1.0, ""72"": 0.1755256752107877, ""1"": 0.5990927483694443, ""90"": 0.7897361005503418, ""28"": 0.1755256752107877, ""57"": 1.0, ""68"": 1.0, ""23"": 0.5851353188529059, ""83"": 0.7436832977216531}}"
348,foolsgold,foolsgold,"[2, 31, 17, 64]","[91, 57, 14, 54, 95, 68]","{""layer_name"": ""linear"", ""weights_by_client"": {""2"": 0.9023992526949345, ""91"": 0.0, ""31"": 1.0, ""57"": 0.0, ""14"": 0.0, ""17"": 0.5089890437974514, ""54"": 0.0, ""95"": 0.0, ""68"": 0.0, ""64"": 1.0}}"
349,foolsgold,foolsgold,"[0, 11, 43, 41, 70, 82, 13, 31]","[37, 63]","{""layer_name"": ""linear"", ""weights_by_client"": {""0"": 1.0, ""37"": 0.0, ""11"": 0.9118815148496696, ""43"": 0.7538336915097341, ""41"": 1.0, ""63"": 0.0, ""70"": 0.7538336915097341, ""82"": 1.0, ""13"": 0.9118815148496696, ""31"": 1.0}}"
350,foolsgold,foolsgold,"[3, 92, 10, 22]","[26, 37, 16, 62, 86, 44]","{""layer_name"": ""linear"", ""weights_by_client"": {""3"": 1.0, ""26"": 0.0, ""92"": 1.0, ""10"": 1.0, ""37"": 0.0, ""22"": 1.0, ""16"": 0.0, ""62"": 0.0, ""86"": 0.0, ""44"": 0.0}}"
351,foolsgold,foolsgold,"[35, 62, 93, 33]","[3, 18, 77, 78, 36, 32]","{""layer_name"": ""linear"", ""weights_by_client"": {""3"": 0.0, ""18"": 0.0, ""35"": 1.0, ""62"": 1.0, ""77"": 0.0, ""78"": 0.0, ""36"": 0.0, ""93"": 1.0, ""33"": 1.0, ""32"": 0.0}}"
352,foolsgold,foolsgold,"[1, 15, 21, 58, 29, 93]","[64, 70, 5, 46]","{""layer_name"": ""linear"", ""weights_by_client"": {""1"": 0.4975645829223475, ""15"": 1.0, ""64"": 0.0, ""70"": 0.0, ""21"": 0.13873359192295048, ""58"": 1.0, ""29"": 0.3933912659494544, ""93"": 1.0, ""5"": 0.0, ""46"": 0.0}}"
353,foolsgold,foolsgold,"[4, 53, 18, 5, 1, 57]","[62, 56, 68, 40]","{""layer_name"": ""linear"", ""weights_by_client"": {""4"": 1.0, ""62"": 0.0, ""53"": 1.0, ""56"": 0.0, ""18"": 0.7398106164810003, ""5"": 0.8315410900881532, ""68"": 0.0, ""40"": 0.0, ""1"": 1.0, ""57"": 1.0}}"
354,foolsgold,foolsgold,"[4, 36, 92, 52, 33, 1, 98, 15, 43, 57]",[],"{""layer_name"": ""linear"", ""weights_by_client"": {""4"": 1.0, ""36"": 0.0027826204041696, ""92"": 1.0, ""52"": 1.0, ""33"": 1.0, ""1"": 0.0027826204041696, ""98"": 0.36728983520824776, ""15"": 1.0, ""43"": 1.0, ""57"": 0.36728983520824776}}"
355,foolsgold,foolsgold,"[53, 50, 15, 90, 63]","[3, 38, 18, 77, 79]","{""layer_name"": ""linear"", ""weights_by_client"": {""3"": 0.0, ""38"": 0.0, ""53"": 1.0, ""50"": 0.6096376405978409, ""18"": 0.0, ""15"": 1.0, ""77"": 0.0, ""79"": 0.0, ""90"": 0.8130195239360585, ""63"": 0.10813769859174083}}"
356,foolsgold,foolsgold,"[4, 85, 41, 44, 81, 17, 39, 20]","[55, 34]","{""layer_name"": ""linear"", ""weights_by_client"": {""4"": 1.0, ""85"": 0.31499333992404926, ""41"": 0.5860707895614605, ""55"": 0.0, ""44"": 1.0, ""81"": 0.27539523102148245, ""17"": 1.0, ""39"": 0.5860707895614605, ""20"": 1.0, ""34"": 0.0}}"
357,foolsgold,foolsgold,"[2, 55, 52, 59, 78, 8]","[72, 23, 79, 74]","{""layer_name"": ""linear"", ""weights_by_client"": {""2"": 1.0, ""72"": 0.0, ""55"": 1.0, ""52"": 1.0, ""59"": 1.0, ""23"": 0.0, ""79"": 0.0, ""74"": 0.0, ""78"": 0.6316783138463657, ""8"": 0.6316783138463657}}"
358,foolsgold,foolsgold,"[54, 79, 56]","[3, 21, 18, 92, 61, 35, 6]","{""layer_name"": ""linear"", ""weights_by_client"": {""3"": 0.0, ""21"": 0.0, ""18"": 0.0, ""92"": 0.0, ""54"": 1.0, ""61"": 0.0, ""79"": 0.28651081866903577, ""35"": 0.0, ""6"": 0.0, ""56"": 1.0}}"
359,foolsgold,foolsgold,"[41, 34, 67, 21, 92]","[0, 13, 14, 30, 57]","{""layer_name"": ""linear"", ""weights_by_client"": {""0"": 0.0, ""13"": 0.0, ""41"": 1.0, ""34"": 1.0, ""14"": 0.0, ""30"": 0.0, ""67"": 1.0, ""21"": 1.0, ""57"": 0.0, ""92"": 1.0}}"
360,foolsgold,foolsgold,"[1, 72, 53, 86, 31, 18]","[69, 68, 28, 79]","{""layer_name"": ""linear"", ""weights_by_client"": {""1"": 1.0, ""72"": 0.6191156066452677, ""53"": 1.0, ""86"": 0.6331444321007647, ""69"": 0.0, ""68"": 0.0, ""28"": 0.0, ""31"": 1.0, ""79"": 0.0, ""18"": 0.7712683068539397}}"
361,foolsgold,foolsgold,"[1, 69, 86, 97, 68, 50, 18, 46]","[78, 20]","{""layer_name"": ""linear"", ""weights_by_client"": {""1"": 0.5650375290325901, ""69"": 1.0, ""86"": 0.9501805501180942, ""97"": 1.0, ""78"": 0.0, ""68"": 0.9501805501180942, ""50"": 1.0, ""18"": 0.40499344287166256, ""20"": 0.0, ""46"": 0.40499344287166256}}"
362,foolsgold,foolsgold,"[2, 84, 95, 24, 56]","[55, 65, 54, 73, 53]","{""layer_name"": ""linear"", ""weights_by_client"": {""2"": 1.0, ""55"": 0.0, ""84"": 1.0, ""65"": 0.0, ""95"": 0.030636528368639615, ""54"": 0.0, ""24"": 0.7206026549906914, ""73"": 0.0, ""53"": 0.0, ""56"": 1.0}}"
363,foolsgold,foolsgold,"[8, 47, 52, 48, 64, 35, 83, 71]","[0, 30]","{""layer_name"": ""linear"", ""weights_by_client"": {""0"": 0.0, ""8"": 0.04473214117180907, ""30"": 0.0, ""47"": 0.9626526675853895, ""52"": 1.0, ""48"": 0.04473214117180907, ""64"": 1.0, ""35"": 0.9626526675853895, ""83"": 1.0, ""71"": 1.0}}"
364,foolsgold,foolsgold,"[0, 72, 26, 63, 84, 11, 91, 75]","[40, 99]","{""layer_name"": ""linear"", ""weights_by_client"": {""0"": 1.0, ""72"": 0.08332318324927185, ""40"": 0.0, ""26"": 1.0, ""63"": 1.0, ""84"": 0.3993666868690918, ""11"": 0.3993666868690918, ""91"": 0.08332318324927185, ""99"": 0.0, ""75"": 1.0}}"
365,foolsgold,foolsgold,"[53, 19, 47, 83, 52]","[1, 62, 30, 81, 0]","{""layer_name"": ""linear"", ""weights_by_client"": {""1"": 0.0, ""53"": 1.0, ""19"": 0.45811956414644533, ""62"": 0.0, ""30"": 0.0, ""81"": 0.0, ""47"": 0.45811956414644533, ""0"": 0.0, ""83"": 1.0, ""52"": 1.0}}"
366,foolsgold,foolsgold,"[0, 7, 20, 53, 50, 82]","[94, 10, 55, 37]","{""layer_name"": ""linear"", ""weights_by_client"": {""0"": 0.06888858415184479, ""7"": 1.0, ""94"": 0.0, ""10"": 0.0, ""20"": 0.06888858415184479, ""55"": 0.0, ""53"": 0.8845549115725102, ""37"": 0.0, ""50"": 0.8217720556685513, ""82"": 1.0}}"
367,foolsgold,foolsgold,"[56, 37, 78, 5, 11]","[0, 75, 10, 73, 1]","{""layer_name"": ""linear"", ""weights_by_client"": {""0"": 0.0, ""75"": 0.0, ""56"": 1.0, ""10"": 0.0, ""37"": 0.5426055409391911, ""78"": 0.23814944190419535, ""5"": 1.0, ""73"": 0.0, ""11"": 1.0, ""1"": 0.0}}"
368,foolsgold,foolsgold,"[0, 77, 14, 46, 86, 76]","[56, 51, 42, 40]","{""layer_name"": ""linear"", ""weights_by_client"": {""0"": 1.0, ""77"": 0.5718794448326227, ""14"": 0.7898824254385725, ""56"": 0.0, ""51"": 0.0, ""46"": 0.5718794448326227, ""86"": 1.0, ""76"": 0.008470164387636314, ""42"": 0.0, ""40"": 0.0}}"
369,foolsgold,foolsgold,"[2, 93, 7, 13, 61, 67]","[40, 32, 5, 35]","{""layer_name"": ""linear"", ""weights_by_client"": {""2"": 1.0, ""40"": 0.0, ""93"": 1.0, ""32"": 0.0, ""5"": 0.0, ""7"": 1.0, ""13"": 1.0, ""61"": 0.42833295815533196, ""67"": 0.5821374512955456, ""35"": 0.0}}"
370,foolsgold,foolsgold,"[84, 95, 39, 98]","[3, 17, 63, 94, 89, 21]","{""layer_name"": ""linear"", ""weights_by_client"": {""3"": 0.0, ""17"": 0.0, ""84"": 1.0, ""95"": 1.0, ""63"": 0.0, ""94"": 0.0, ""39"": 1.0, ""98"": 1.0, ""89"": 0.0, ""21"": 0.0}}"
371,foolsgold,foolsgold,"[83, 41, 92, 87, 71]","[0, 24, 17, 44, 86]","{""layer_name"": ""linear"", ""weights_by_client"": {""0"": 0.0, ""83"": 0.05112543078709386, ""41"": 1.0, ""24"": 0.0, ""92"": 1.0, ""17"": 0.0, ""44"": 0.0, ""86"": 0.0, ""87"": 0.05112543078709386, ""71"": 1.0}}"
372,foolsgold,foolsgold,"[8, 14]","[4, 65, 59, 88, 26, 64, 21, 53]","{""layer_name"": ""linear"", ""weights_by_client"": {""4"": 0.0, ""65"": 0.0, ""59"": 0.0, ""88"": 0.0, ""26"": 0.0, ""8"": 1.0, ""64"": 0.0, ""21"": 0.0, ""14"": 1.0, ""53"": 0.0}}"
373,foolsgold,foolsgold,"[52, 6, 96, 58]","[3, 48, 73, 14, 8, 81]","{""layer_name"": ""linear"", ""weights_by_client"": {""3"": 0.0, ""48"": 0.0, ""52"": 1.0, ""73"": 0.0, ""14"": 0.0, ""6"": 0.33208668123727025, ""96"": 1.0, ""58"": 0.5147855560520038, ""8"": 0.0, ""81"": 0.0}}"
374,foolsgold,foolsgold,"[87, 86, 52, 97, 9, 64, 12, 28]","[4, 16]","{""layer_name"": ""linear"", ""weights_by_client"": {""4"": 0.0, ""87"": 0.976959585502528, ""86"": 0.6463227392209828, ""52"": 0.6463227392209828, ""97"": 0.6095499664526915, ""9"": 0.6095499664526915, ""16"": 0.0, ""64"": 0.976959585502528, ""12"": 1.0, ""28"": 1.0}}"
375,foolsgold,foolsgold,"[2, 0, 82, 19, 5, 3, 53, 35]","[46, 23]","{""layer_name"": ""linear"", ""weights_by_client"": {""2"": 0.09893996949753131, ""0"": 0.09893996949753131, ""82"": 1.0, ""19"": 1.0, ""46"": 0.0, ""5"": 0.235166717808185, ""3"": 0.987713115348156, ""53"": 1.0, ""35"": 0.235166717808185, ""23"": 0.0}}"
376,foolsgold,foolsgold,"[1, 59, 54, 33, 74, 83, 98, 86]","[32, 40]","{""layer_name"": ""linear"", ""weights_by_client"": {""1"": 0.28842588637321487, ""59"": 0.28842588637321487, ""54"": 1.0, ""33"": 1.0, ""32"": 0.0, ""40"": 0.0, ""74"": 1.0, ""83"": 1.0, ""98"": 0.6298748173309295, ""86"": 0.6298748173309295}}"
377,foolsgold,foolsgold,"[87, 88, 46, 41]","[3, 44, 18, 56, 8, 25]","{""layer_name"": ""linear"", ""weights_by_client"": {""3"": 0.0, ""44"": 0.0, ""18"": 0.0, ""56"": 0.0, ""87"": 0.4727573622680582, ""88"": 1.0, ""46"": 0.20629626824029818, ""8"": 0.0, ""41"": 1.0, ""25"": 0.0}}"
378,foolsgold,foolsgold,"[2, 11, 53, 1]","[64, 63, 87, 34, 21, 66]","{""layer_name"": ""linear"", ""weights_by_client"": {""2"": 0.9451183036866266, ""64"": 0.0, ""63"": 0.0, ""87"": 0.0, ""34"": 0.0, ""11"": 0.271153913928448, ""53"": 0.9451183036866266, ""1"": 1.0, ""21"": 0.0, ""66"": 0.0}}"
379,foolsgold,foolsgold,"[2, 90, 74, 25, 92, 71, 69, 93]","[46, 64]","{""layer_name"": ""linear"", ""weights_by_client"": {""2"": 1.0, ""90"": 0.6944624772213993, ""74"": 0.6593824375732993, ""46"": 0.0, ""25"": 1.0, ""92"": 1.0, ""71"": 1.0, ""69"": 0.6593824375732993, ""93"": 1.0, ""64"": 0.0}}"
380,foolsgold,foolsgold,"[2, 77, 72, 41, 73, 24]","[46, 82, 64, 95]","{""layer_name"": ""linear"", ""weights_by_client"": {""2"": 0.5767264285676029, ""46"": 0.0, ""77"": 0.929510685240032, ""82"": 0.0, ""72"": 1.0, ""64"": 0.0, ""41"": 0.5767264285676029, ""73"": 1.0, ""95"": 0.0, ""24"": 1.0}}"
381,foolsgold,foolsgold,"[0, 34, 93, 45, 42, 68]","[9, 87, 21, 95]","{""layer_name"": ""linear"", ""weights_by_client"": {""0"": 1.0, ""34"": 0.2670232686710338, ""93"": 0.3964174365447801, ""9"": 0.0, ""87"": 0.0, ""45"": 1.0, ""42"": 0.48297065011582063, ""21"": 0.0, ""68"": 0.2670232686710338, ""95"": 0.0}}"
382,foolsgold,foolsgold,"[1, 7, 52, 94, 3]","[98, 30, 13, 36, 85]","{""layer_name"": ""linear"", ""weights_by_client"": {""1"": 0.5346513486802096, ""98"": 0.0, ""30"": 0.0, ""7"": 1.0, ""13"": 0.0, ""52"": 1.0, ""36"": 0.0, ""94"": 0.6136085178778288, ""3"": 0.6136085178778288, ""85"": 0.0}}"
383,foolsgold,foolsgold,"[81, 18, 78, 64, 59, 91, 38, 83]","[1, 36]","{""layer_name"": ""linear"", ""weights_by_client"": {""1"": 0.0, ""81"": 1.0, ""18"": 0.7938512110121743, ""78"": 1.0, ""64"": 1.0, ""59"": 1.0, ""91"": 0.7938512110121743, ""36"": 0.0, ""38"": 1.0, ""83"": 1.0}}"
384,foolsgold,foolsgold,"[2, 30, 92, 76, 90, 40, 87, 59]","[19, 45]","{""layer_name"": ""linear"", ""weights_by_client"": {""2"": 0.3684963299220737, ""30"": 0.3684963299220737, ""92"": 1.0, ""19"": 0.0, ""76"": 1.0, ""90"": 1.0, ""40"": 1.0, ""45"": 0.0, ""87"": 0.7768240730845528, ""59"": 1.0}}"
385,foolsgold,foolsgold,"[4, 55, 91, 7]","[64, 89, 83, 94, 37, 38]","{""layer_name"": ""linear"", ""weights_by_client"": {""4"": 1.0, ""55"": 1.0, ""64"": 0.0, ""89"": 0.0, ""83"": 0.0, ""94"": 0.0, ""37"": 0.0, ""91"": 1.0, ""7"": 1.0, ""38"": 0.0}}"
386,foolsgold,foolsgold,"[3, 17, 34, 98, 51, 36]","[59, 82, 93, 80]","{""layer_name"": ""linear"", ""weights_by_client"": {""3"": 1.0, ""59"": 0.0, ""17"": 1.0, ""34"": 0.18084814097363872, ""82"": 0.0, ""98"": 0.18084814097363872, ""51"": 1.0, ""93"": 0.0, ""36"": 1.0, ""80"": 0.0}}"
387,foolsgold,foolsgold,"[95, 28, 38, 1]","[3, 20, 66, 85, 14, 73]","{""layer_name"": ""linear"", ""weights_by_client"": {""3"": 0.0, ""20"": 0.0, ""95"": 1.0, ""66"": 0.0, ""28"": 1.0, ""85"": 0.0, ""38"": 1.0, ""14"": 0.0, ""73"": 0.0, ""1"": 1.0}}"
388,foolsgold,foolsgold,"[3, 58, 81, 2, 5]","[85, 10, 77, 74, 57]","{""layer_name"": ""linear"", ""weights_by_client"": {""3"": 0.5771322221750415, ""58"": 1.0, ""81"": 1.0, ""85"": 0.0, ""10"": 0.0, ""2"": 1.0, ""5"": 0.2867851306769248, ""77"": 0.0, ""74"": 0.0, ""57"": 0.0}}"
389,foolsgold,foolsgold,"[4, 38, 22, 32, 9]","[23, 79, 66, 75, 73]","{""layer_name"": ""linear"", ""weights_by_client"": {""4"": 1.0, ""38"": 0.10934514966309744, ""23"": 0.0, ""79"": 0.0, ""66"": 0.0, ""22"": 1.0, ""75"": 0.0, ""73"": 0.0, ""32"": 1.0, ""9"": 1.0}}"
390,foolsgold,foolsgold,"[82, 17, 16, 45]","[3, 34, 65, 55, 46, 78]","{""layer_name"": ""linear"", ""weights_by_client"": {""3"": 0.0, ""82"": 1.0, ""34"": 0.0, ""17"": 1.0, ""16"": 0.02724673904728997, ""65"": 0.0, ""55"": 0.0, ""46"": 0.0, ""45"": 1.0, ""78"": 0.0}}"
391,foolsgold,foolsgold,"[3, 7, 99, 24, 37, 67]","[76, 10, 0, 44]","{""layer_name"": ""linear"", ""weights_by_client"": {""3"": 0.5127600739535101, ""7"": 1.0, ""99"": 1.0, ""24"": 1.0, ""37"": 0.5127600739535101, ""67"": 1.0, ""76"": 0.0, ""10"": 0.0, ""0"": 0.0, ""44"": 0.0}}"
392,foolsgold,foolsgold,"[2, 61, 74, 47, 68, 96]","[73, 12, 99, 34]","{""layer_name"": ""linear"", ""weights_by_client"": {""2"": 0.9616206318767587, ""61"": 1.0, ""73"": 0.0, ""74"": 0.8645087217911274, ""12"": 0.0, ""47"": 0.8645087217911274, ""99"": 0.0, ""68"": 1.0, ""96"": 0.9616206318767587, ""34"": 0.0}}"
393,foolsgold,foolsgold,"[1, 34, 87, 49, 15, 84, 99, 29]","[45, 19]","{""layer_name"": ""linear"", ""weights_by_client"": {""1"": 0.41000533521313437, ""34"": 0.7886218807969813, ""87"": 1.0, ""45"": 0.0, ""49"": 0.7886218807969813, ""15"": 1.0, ""84"": 1.0, ""19"": 0.0, ""99"": 1.0, ""29"": 0.41000533521313437}}"
394,foolsgold,foolsgold,"[2, 36, 8, 60, 89]","[27, 34, 92, 4, 66]","{""layer_name"": ""linear"", ""weights_by_client"": {""2"": 0.39408282703256325, ""27"": 0.0, ""34"": 0.0, ""36"": 0.39408282703256325, ""8"": 0.2497561275535512, ""92"": 0.0, ""60"": 0.2497561275535512, ""89"": 1.0, ""4"": 0.0, ""66"": 0.0}}"
395,foolsgold,foolsgold,"[0, 54, 84, 28, 31, 43]","[10, 94, 76, 79]","{""layer_name"": ""linear"", ""weights_by_client"": {""0"": 1.0, ""54"": 1.0, ""84"": 1.0, ""28"": 0.535002356972776, ""10"": 0.0, ""94"": 0.0, ""31"": 1.0, ""76"": 0.0, ""43"": 0.535002356972776, ""79"": 0.0}}"
396,foolsgold,foolsgold,"[2, 42, 58, 70, 96, 84, 80, 3]","[31, 35]","{""layer_name"": ""linear"", ""weights_by_client"": {""2"": 0.6599263381212754, ""31"": 0.0, ""42"": 1.0, ""58"": 1.0, ""70"": 0.9394257155625296, ""96"": 0.6599263381212754, ""84"": 1.0, ""35"": 0.0, ""80"": 1.0, ""3"": 0.9394257155625296}}"
397,foolsgold,foolsgold,"[89, 16, 67, 82]","[3, 27, 94, 20, 21, 10]","{""layer_name"": ""linear"", ""weights_by_client"": {""3"": 0.0, ""27"": 0.0, ""89"": 0.9514469372161543, ""94"": 0.0, ""16"": 1.0, ""20"": 0.0, ""67"": 0.6595113012028778, ""21"": 0.0, ""10"": 0.0, ""82"": 1.0}}"
398,foolsgold,foolsgold,"[0, 24, 51, 40, 82, 20]","[10, 13, 85, 66]","{""layer_name"": ""linear"", ""weights_by_client"": {""0"": 0.05778458361200012, ""10"": 0.0, ""24"": 1.0, ""51"": 0.17967926373489734, ""40"": 0.19555492364001004, ""82"": 1.0, ""20"": 0.05778458361200012, ""13"": 0.0, ""85"": 0.0, ""66"": 0.0}}"
399,foolsgold,foolsgold,"[0, 33, 34, 99, 64, 28]","[41, 71, 65, 75]","{""layer_name"": ""linear"", ""weights_by_client"": {""0"": 1.0, ""41"": 0.0, ""33"": 1.0, ""34"": 0.7928220231425702, ""99"": 1.0, ""64"": 0.2039628919869963, ""71"": 0.0, ""65"": 0.0, ""75"": 0.0, ""28"": 1.0}}"
400,foolsgold,foolsgold,"[7, 4, 57]","[3, 82, 59, 63, 8, 48, 80]","{""layer_name"": ""linear"", ""weights_by_client"": {""3"": 0.0, ""82"": 0.0, ""59"": 0.0, ""7"": 1.0, ""63"": 0.0, ""8"": 0.0, ""48"": 0.0, ""4"": 1.0, ""57"": 1.0, ""80"": 0.0}}"
401,foolsgold,foolsgold,"[2, 83, 3, 52, 17, 50, 86, 28]","[93, 82]","{""layer_name"": ""linear"", ""weights_by_client"": {""2"": 1.0, ""83"": 0.5908927688387129, ""93"": 0.0, ""3"": 0.11188996475755453, ""82"": 0.0, ""52"": 0.08082804983202335, ""17"": 0.010087232493020792, ""50"": 0.11188996475755453, ""86"": 0.010087232493020792, ""28"": 1.0}}"
402,foolsgold,foolsgold,"[1, 57, 52, 23, 33, 92, 26, 17]","[85, 98]","{""layer_name"": ""linear"", ""weights_by_client"": {""1"": 1.0, ""57"": 0.18722240877896718, ""52"": 0.44382566075964225, ""23"": 1.0, ""33"": 1.0, ""92"": 1.0, ""85"": 0.0, ""98"": 0.0, ""26"": 1.0, ""17"": 0.44382566075964225}}"
403,foolsgold,foolsgold,"[43, 58, 0, 99, 64, 78, 68, 7]","[3, 20]","{""layer_name"": ""linear"", ""weights_by_client"": {""3"": 0.0, ""43"": 1.0, ""58"": 0.29552674491805775, ""20"": 0.0, ""0"": 1.0, ""99"": 0.29552674491805775, ""64"": 1.0, ""78"": 0.35605678327967755, ""68"": 1.0, ""7"": 1.0}}"
404,foolsgold,foolsgold,"[2, 95, 62, 66, 80, 96, 83, 31]","[63, 6]","{""layer_name"": ""linear"", ""weights_by_client"": {""2"": 0.8942064144675527, ""95"": 0.12109502665190808, ""63"": 0.0, ""6"": 0.0, ""62"": 0.6756160138333162, ""66"": 1.0, ""80"": 0.9012191180430011, ""96"": 0.12109502665190808, ""83"": 0.39799318832176733, ""31"": 1.0}}"
405,foolsgold,foolsgold,"[85, 84]","[3, 78, 67, 64, 43, 21, 90, 25]","{""layer_name"": ""linear"", ""weights_by_client"": {""3"": 0.0, ""78"": 0.0, ""67"": 0.0, ""64"": 0.0, ""85"": 1.0, ""43"": 0.0, ""21"": 0.0, ""90"": 0.0, ""84"": 1.0, ""25"": 0.0}}"
406,foolsgold,foolsgold,"[4, 80, 50, 67, 39]","[76, 56, 25, 73, 14]","{""layer_name"": ""linear"", ""weights_by_client"": {""4"": 0.176649371074117, ""76"": 0.0, ""80"": 1.0, ""56"": 0.0, ""25"": 0.0, ""50"": 0.176649371074117, ""73"": 0.0, ""14"": 0.0, ""67"": 1.0, ""39"": 1.0}}"
407,foolsgold,foolsgold,"[2, 36, 35, 14, 87, 76, 70, 29, 65, 47]",[],"{""layer_name"": ""linear"", ""weights_by_client"": {""2"": 1.0, ""36"": 1.0, ""35"": 1.0, ""14"": 1.0, ""87"": 1.0, ""76"": 1.0, ""70"": 1.0, ""29"": 1.0, ""65"": 1.0, ""47"": 1.0}}"
408,foolsgold,foolsgold,"[92, 73, 68, 22, 52, 19, 96]","[3, 20, 78]","{""layer_name"": ""linear"", ""weights_by_client"": {""3"": 0.0, ""92"": 1.0, ""73"": 1.0, ""20"": 0.0, ""68"": 1.0, ""22"": 1.0, ""52"": 1.0, ""19"": 1.0, ""96"": 1.0, ""78"": 0.0}}"
409,foolsgold,foolsgold,"[0, 46, 78, 93, 74, 22]","[13, 54, 14, 41]","{""layer_name"": ""linear"", ""weights_by_client"": {""0"": 0.3643788162302385, ""13"": 0.0, ""54"": 0.0, ""46"": 1.0, ""14"": 0.0, ""41"": 0.0, ""78"": 0.3643788162302385, ""93"": 0.10786784984797115, ""74"": 1.0, ""22"": 0.10786784984797115}}"
410,foolsgold,foolsgold,"[3, 58, 70, 95, 64, 13, 47, 43]","[37, 83]","{""layer_name"": ""linear"", ""weights_by_client"": {""3"": 0.9819351362349524, ""37"": 0.0, ""58"": 1.0, ""70"": 1.0, ""95"": 1.0, ""64"": 0.9819351362349524, ""13"": 1.0, ""47"": 1.0, ""83"": 0.0, ""43"": 1.0}}"
411,foolsgold,foolsgold,"[83, 58, 30, 86]","[1, 25, 27, 10, 74, 28]","{""layer_name"": ""linear"", ""weights_by_client"": {""1"": 0.0, ""25"": 0.0, ""27"": 0.0, ""10"": 0.0, ""83"": 1.0, ""58"": 1.0, ""74"": 0.0, ""30"": 0.0989161152428249, ""86"": 1.0, ""28"": 0.0}}"
412,foolsgold,foolsgold,"[2, 43, 50, 9, 96, 60]","[64, 79, 55, 13]","{""layer_name"": ""linear"", ""weights_by_client"": {""2"": 1.0, ""64"": 0.0, ""43"": 1.0, ""50"": 1.0, ""9"": 1.0, ""79"": 0.0, ""55"": 0.0, ""96"": 1.0, ""13"": 0.0, ""60"": 1.0}}"
413,foolsgold,foolsgold,"[3, 47, 81, 7, 19, 15, 2, 22]","[6, 64]","{""layer_name"": ""linear"", ""weights_by_client"": {""3"": 0.35758801848972105, ""47"": 0.23040777375467586, ""81"": 1.0, ""7"": 0.9598634803048454, ""19"": 0.23040777375467586, ""15"": 0.6054828197436372, ""2"": 0.6054828197436372, ""6"": 0.0, ""22"": 1.0, ""64"": 0.0}}"
414,foolsgold,foolsgold,"[4, 86]","[55, 40, 85, 79, 99, 73, 46, 67]","{""layer_name"": ""linear"", ""weights_by_client"": {""4"": 1.0, ""55"": 0.0, ""40"": 0.0, ""85"": 0.0, ""79"": 0.0, ""99"": 0.0, ""73"": 0.0, ""46"": 0.0, ""67"": 0.0, ""86"": 0.41538397619960965}}"
415,foolsgold,foolsgold,"[3, 45, 16, 82, 17, 42]","[8, 99, 0, 30]","{""layer_name"": ""linear"", ""weights_by_client"": {""3"": 0.015725537686132163, ""8"": 0.0, ""99"": 0.0, ""0"": 0.0, ""45"": 1.0, ""16"": 0.5198554340811569, ""82"": 1.0, ""17"": 1.0, ""42"": 1.0, ""30"": 0.0}}"
416,foolsgold,foolsgold,"[4, 54, 13, 79]","[84, 7, 25, 90, 0, 43]","{""layer_name"": ""linear"", ""weights_by_client"": {""4"": 1.0, ""84"": 0.0, ""7"": 0.0, ""54"": 1.0, ""25"": 0.0, ""13"": 1.0, ""79"": 1.0, ""90"": 0.0, ""0"": 0.0, ""43"": 0.0}}"
417,foolsgold,foolsgold,"[1, 50, 77, 27, 22, 82]","[64, 94, 72, 60]","{""layer_name"": ""linear"", ""weights_by_client"": {""1"": 1.0, ""64"": 0.0, ""50"": 1.0, ""77"": 1.0, ""27"": 1.0, ""22"": 0.3524534139491609, ""94"": 0.0, ""72"": 0.0, ""60"": 0.0, ""82"": 1.0}}"
418,foolsgold,foolsgold,"[22, 91, 37, 87, 50, 24]","[4, 88, 64, 23]","{""layer_name"": ""linear"", ""weights_by_client"": {""4"": 0.0, ""88"": 0.0, ""22"": 1.0, ""91"": 1.0, ""64"": 0.0, ""37"": 1.0, ""87"": 0.8913788656138217, ""50"": 0.9104758900237271, ""24"": 1.0, ""23"": 0.0}}"
419,foolsgold,foolsgold,"[3, 87, 79, 61, 25, 12]","[66, 41, 10, 96]","{""layer_name"": ""linear"", ""weights_by_client"": {""3"": 1.0, ""66"": 0.0, ""87"": 1.0, ""79"": 0.8975915056167382, ""61"": 0.8975915056167382, ""41"": 0.0, ""25"": 1.0, ""12"": 1.0, ""10"": 0.0, ""96"": 0.0}}"
420,foolsgold,foolsgold,"[2, 86, 34, 69]","[21, 98, 27, 63, 18, 85]","{""layer_name"": ""linear"", ""weights_by_client"": {""2"": 1.0, ""21"": 0.0, ""86"": 0.30422617261595936, ""34"": 0.08465285156981311, ""98"": 0.0, ""27"": 0.0, ""69"": 1.0, ""63"": 0.0, ""18"": 0.0, ""85"": 0.0}}"
421,foolsgold,foolsgold,"[57, 58, 94, 40, 84]","[0, 42, 78, 25, 13]","{""layer_name"": ""linear"", ""weights_by_client"": {""0"": 0.0, ""57"": 0.001827899595431448, ""42"": 0.0, ""58"": 0.6602357887783765, ""78"": 0.0, ""25"": 0.0, ""94"": 0.8677618786828172, ""13"": 0.0, ""40"": 0.5715729557290271, ""84"": 1.0}}"
422,foolsgold,foolsgold,"[2, 33, 84, 78, 35, 15, 91, 49]","[76, 73]","{""layer_name"": ""linear"", ""weights_by_client"": {""2"": 0.6457564648577151, ""33"": 0.6844300926836564, ""84"": 0.6844300926836564, ""78"": 0.5824396580464772, ""35"": 1.0, ""15"": 0.5824396580464772, ""76"": 0.0, ""91"": 1.0, ""73"": 0.0, ""49"": 1.0}}"
423,foolsgold,foolsgold,"[2, 41, 87, 74, 84, 50, 23, 82]","[98, 34]","{""layer_name"": ""linear"", ""weights_by_client"": {""2"": 0.49233945823018793, ""41"": 0.49233945823018793, ""87"": 0.1985120841165956, ""74"": 0.8008097123852247, ""98"": 0.0, ""84"": 1.0, ""50"": 0.7911136547922635, ""23"": 0.1985120841165956, ""82"": 1.0, ""34"": 0.0}}"
424,foolsgold,foolsgold,"[71, 92, 64]","[1, 36, 0, 74, 19, 99, 58]","{""layer_name"": ""linear"", ""weights_by_client"": {""1"": 0.0, ""71"": 1.0, ""36"": 0.0, ""0"": 0.0, ""74"": 0.0, ""92"": 1.0, ""19"": 0.0, ""99"": 0.0, ""64"": 1.0, ""58"": 0.0}}"
425,foolsgold,foolsgold,"[46, 58, 86, 82, 53, 68, 43, 1]","[0, 30]","{""layer_name"": ""linear"", ""weights_by_client"": {""0"": 0.0, ""46"": 1.0, ""58"": 0.42007580568940406, ""30"": 0.0, ""86"": 0.35224363306667683, ""82"": 1.0, ""53"": 0.8936607303807655, ""68"": 0.35224363306667683, ""43"": 0.8936607303807655, ""1"": 0.020386169592059633}}"
426,foolsgold,foolsgold,"[42, 15, 45, 12, 83]","[3, 8, 87, 70, 20]","{""layer_name"": ""linear"", ""weights_by_client"": {""3"": 0.0, ""8"": 0.0, ""42"": 1.0, ""87"": 0.0, ""15"": 1.0, ""70"": 0.0, ""20"": 0.0, ""45"": 0.1401320091323896, ""12"": 1.0, ""83"": 0.18487720327397866}}"
427,foolsgold,foolsgold,"[4, 12, 84, 69, 56, 58, 17, 3]","[0, 25]","{""layer_name"": ""linear"", ""weights_by_client"": {""0"": 0.0, ""4"": 1.0, ""25"": 0.0, ""12"": 0.5344042257149397, ""84"": 1.0, ""69"": 1.0, ""56"": 0.0008390442027968459, ""58"": 0.5431936259633721, ""17"": 1.0, ""3"": 0.5255765187288038}}"
428,foolsgold,foolsgold,"[3, 46, 36, 95, 48, 54]","[75, 14, 55, 10]","{""layer_name"": ""linear"", ""weights_by_client"": {""3"": 0.4636801832595344, ""46"": 0.4636801832595344, ""75"": 0.0, ""14"": 0.0, ""36"": 1.0, ""95"": 0.4567488882243135, ""48"": 1.0, ""54"": 0.4567488882243135, ""55"": 0.0, ""10"": 0.0}}"
429,foolsgold,foolsgold,"[53, 94, 1, 12]","[4, 52, 59, 88, 49, 93]","{""layer_name"": ""linear"", ""weights_by_client"": {""4"": 0.0, ""53"": 1.0, ""52"": 0.0, ""94"": 1.0, ""59"": 0.0, ""88"": 0.0, ""49"": 0.0, ""1"": 1.0, ""12"": 1.0, ""93"": 0.0}}"
430,foolsgold,foolsgold,"[2, 7, 0, 99, 11, 24, 51]","[92, 35, 31]","{""layer_name"": ""linear"", ""weights_by_client"": {""2"": 0.3180644242506173, ""7"": 1.0, ""92"": 0.0, ""35"": 0.0, ""31"": 0.0, ""0"": 0.3180644242506173, ""99"": 1.0, ""11"": 0.9280499368566693, ""24"": 1.0, ""51"": 0.9280499368566693}}"
431,foolsgold,foolsgold,"[2, 44, 59, 49, 89, 39, 54, 83]","[60, 48]","{""layer_name"": ""linear"", ""weights_by_client"": {""2"": 1.0, ""44"": 1.0, ""59"": 1.0, ""49"": 1.0, ""89"": 0.03302727674727679, ""39"": 0.9154466876687242, ""60"": 0.0, ""48"": 0.0, ""54"": 0.9154466876687242, ""83"": 0.03302727674727679}}"
432,foolsgold,foolsgold,"[47, 96, 25, 76, 83, 62]","[3, 59, 93, 18]","{""layer_name"": ""linear"", ""weights_by_client"": {""3"": 0.0, ""47"": 1.0, ""96"": 1.0, ""59"": 0.0, ""25"": 1.0, ""93"": 0.0, ""18"": 0.0, ""76"": 1.0, ""83"": 1.0, ""62"": 1.0}}"
433,foolsgold,foolsgold,"[3, 39, 11, 98, 67, 42]","[8, 44, 0, 56]","{""layer_name"": ""linear"", ""weights_by_client"": {""3"": 1.0, ""39"": 1.0, ""11"": 1.0, ""98"": 0.4646153827909242, ""8"": 0.0, ""44"": 0.0, ""0"": 0.0, ""56"": 0.0, ""67"": 1.0, ""42"": 0.4646153827909242}}"
434,foolsgold,foolsgold,"[2, 7, 79, 39]","[4, 97, 93, 20, 31, 32]","{""layer_name"": ""linear"", ""weights_by_client"": {""4"": 0.0, ""2"": 1.0, ""97"": 0.0, ""93"": 0.0, ""20"": 0.0, ""31"": 0.0, ""32"": 0.0, ""7"": 1.0, ""79"": 1.0, ""39"": 1.0}}"
435,foolsgold,foolsgold,"[98, 90, 24, 16, 40, 82, 2, 54]","[3, 63]","{""layer_name"": ""linear"", ""weights_by_client"": {""3"": 0.0, ""98"": 1.0, ""90"": 1.0, ""24"": 1.0, ""16"": 1.0, ""40"": 1.0, ""63"": 0.0, ""82"": 1.0, ""2"": 0.514227236689583, ""54"": 0.514227236689583}}"
436,foolsgold,foolsgold,"[0, 49, 43, 29, 60, 2, 42, 27, 38, 22]",[],"{""layer_name"": ""linear"", ""weights_by_client"": {""0"": 1.0, ""49"": 0.325822634134041, ""43"": 1.0, ""29"": 1.0, ""60"": 0.4649285094025483, ""2"": 1.0, ""42"": 0.40129620837350194, ""27"": 0.40129620837350194, ""38"": 0.325822634134041, ""22"": 0.4649285094025483}}"
437,foolsgold,foolsgold,"[4, 77, 0, 63, 54, 20]","[91, 68, 9, 82]","{""layer_name"": ""linear"", ""weights_by_client"": {""4"": 1.0, ""77"": 0.8034114292848495, ""0"": 0.39502770645408425, ""63"": 1.0, ""91"": 0.0, ""68"": 0.0, ""9"": 0.0, ""82"": 0.0, ""54"": 1.0, ""20"": 0.39502770645408425}}"
438,foolsgold,foolsgold,"[4, 26, 8, 74, 15, 46]","[84, 49, 62, 7]","{""layer_name"": ""linear"", ""weights_by_client"": {""4"": 1.0, ""26"": 1.0, ""8"": 0.6920762132894142, ""74"": 1.0, ""84"": 0.0, ""49"": 0.0, ""15"": 0.6920762132894142, ""46"": 1.0, ""62"": 0.0, ""7"": 0.0}}"
439,foolsgold,foolsgold,"[51, 7, 59, 43]","[3, 16, 78, 29, 56, 8]","{""layer_name"": ""linear"", ""weights_by_client"": {""3"": 0.0, ""51"": 1.0, ""16"": 0.0, ""78"": 0.0, ""7"": 1.0, ""29"": 0.0, ""56"": 0.0, ""59"": 1.0, ""8"": 0.0, ""43"": 1.0}}"
440,foolsgold,foolsgold,"[8, 16, 85, 74, 61]","[4, 35, 59, 82, 88]","{""layer_name"": ""linear"", ""weights_by_client"": {""4"": 0.0, ""8"": 1.0, ""35"": 0.0, ""16"": 0.196702988763218, ""59"": 0.0, ""85"": 1.0, ""74"": 1.0, ""82"": 0.0, ""88"": 0.0, ""61"": 0.9295540675847251}}"
441,foolsgold,foolsgold,"[56, 14, 53]","[3, 78, 87, 26, 77, 74, 37]","{""layer_name"": ""linear"", ""weights_by_client"": {""3"": 0.0, ""78"": 0.0, ""56"": 1.0, ""87"": 0.0, ""26"": 0.0, ""14"": 1.0, ""77"": 0.0, ""74"": 0.0, ""37"": 0.0, ""53"": 1.0}}"
442,foolsgold,foolsgold,"[3, 5, 80, 87, 7, 60]","[73, 50, 71, 35]","{""layer_name"": ""linear"", ""weights_by_client"": {""3"": 0.4231225561234193, ""5"": 0.18570382003504537, ""73"": 0.0, ""80"": 1.0, ""50"": 0.0, ""87"": 0.4025691926254493, ""7"": 1.0, ""71"": 0.0, ""60"": 1.0, ""35"": 0.0}}"
443,foolsgold,foolsgold,"[4, 54, 9, 66, 2, 86, 97]","[20, 78, 29]","{""layer_name"": ""linear"", ""weights_by_client"": {""4"": 1.0, ""54"": 0.5219998443984772, ""9"": 0.3889989567452349, ""20"": 0.0, ""78"": 0.0, ""66"": 1.0, ""29"": 0.0, ""2"": 0.5219998443984772, ""86"": 1.0, ""97"": 0.3889989567452349}}"
444,foolsgold,foolsgold,"[3, 70, 67, 40, 92, 61, 58, 65]","[73, 66]","{""layer_name"": ""linear"", ""weights_by_client"": {""3"": 1.0, ""70"": 1.0, ""67"": 0.7614072797505702, ""40"": 0.8719541531127235, ""92"": 1.0, ""61"": 0.7614072797505702, ""58"": 0.8719541531127235, ""73"": 0.0, ""66"": 0.0, ""65"": 0.767065434557747}}"
445,foolsgold,foolsgold,"[1, 33, 52, 68, 95, 51]","[28, 59, 45, 80]","{""layer_name"": ""linear"", ""weights_by_client"": {""1"": 1.0, ""33"": 1.0, ""28"": 0.0, ""59"": 0.0, ""45"": 0.0, ""80"": 0.0, ""52"": 1.0, ""68"": 1.0, ""95"": 1.0, ""51"": 1.0}}"
446,foolsgold,foolsgold,"[56, 23, 58, 33, 65, 24, 90, 30]","[4, 88]","{""layer_name"": ""linear"", ""weights_by_client"": {""4"": 0.0, ""88"": 0.0, ""56"": 0.6029166328510076, ""23"": 0.9541482631352176, ""58"": 1.0, ""33"": 0.3768843118315779, ""65"": 0.9541482631352176, ""24"": 1.0, ""90"": 1.0, ""30"": 0.6029166328510076}}"
447,foolsgold,foolsgold,"[0, 5, 92, 57, 9, 33, 63, 43]","[73, 42]","{""layer_name"": ""linear"", ""weights_by_client"": {""0"": 1.0, ""5"": 0.49053747816232307, ""73"": 0.0, ""92"": 0.49053747816232307, ""57"": 0.46816780495944443, ""9"": 1.0, ""42"": 0.0, ""33"": 0.5575082788789184, ""63"": 1.0, ""43"": 1.0}}"
448,foolsgold,foolsgold,"[4, 46, 2, 15, 98, 28, 50, 58]","[25, 20]","{""layer_name"": ""linear"", ""weights_by_client"": {""4"": 0.48175814078221607, ""46"": 1.0, ""2"": 1.0, ""15"": 1.0, ""25"": 0.0, ""98"": 1.0, ""28"": 1.0, ""50"": 0.48175814078221607, ""58"": 1.0, ""20"": 0.0}}"
449,foolsgold,foolsgold,"[9, 49, 58, 67]","[0, 42, 98, 94, 36, 3]","{""layer_name"": ""linear"", ""weights_by_client"": {""0"": 0.0, ""9"": 1.0, ""42"": 0.0, ""49"": 1.0, ""58"": 1.0, ""98"": 0.0, ""94"": 0.0, ""67"": 0.22321637734591115, ""36"": 0.0, ""3"": 0.0}}"
450,foolsgold,foolsgold,"[4, 21, 69, 97, 52, 40, 78, 83]","[24, 38]","{""layer_name"": ""linear"", ""weights_by_client"": {""4"": 1.0, ""21"": 0.08002276324594082, ""69"": 1.0, ""24"": 0.0, ""38"": 0.0, ""97"": 1.0, ""52"": 1.0, ""40"": 1.0, ""78"": 0.8406877613406889, ""83"": 0.08002276324594082}}"
451,foolsgold,foolsgold,"[83, 31, 58, 11, 54, 8]","[0, 42, 73, 36]","{""layer_name"": ""linear"", ""weights_by_client"": {""0"": 0.0, ""83"": 1.0, ""31"": 1.0, ""58"": 1.0, ""11"": 1.0, ""54"": 1.0, ""42"": 0.0, ""8"": 1.0, ""73"": 0.0, ""36"": 0.0}}"
452,foolsgold,foolsgold,"[1, 28, 48, 53, 82, 31, 61]","[85, 14, 73]","{""layer_name"": ""linear"", ""weights_by_client"": {""1"": 1.0, ""85"": 0.0, ""28"": 1.0, ""14"": 0.0, ""48"": 1.0, ""73"": 0.0, ""53"": 1.0, ""82"": 1.0, ""31"": 1.0, ""61"": 1.0}}"
453,foolsgold,foolsgold,"[29, 84, 79, 9, 47]","[4, 11, 16, 14, 66]","{""layer_name"": ""linear"", ""weights_by_client"": {""4"": 0.0, ""11"": 0.0, ""29"": 1.0, ""16"": 0.0, ""84"": 0.43143188511972447, ""79"": 0.012738254235375779, ""9"": 1.0, ""47"": 1.0, ""14"": 0.0, ""66"": 0.0}}"
454,foolsgold,foolsgold,"[91, 49, 3, 77]","[0, 31, 75, 4, 36, 57]","{""layer_name"": ""linear"", ""weights_by_client"": {""0"": 0.0, ""91"": 0.39428264940734103, ""31"": 0.0, ""49"": 1.0, ""75"": 0.0, ""3"": 0.15910995724487687, ""4"": 0.0, ""36"": 0.0, ""57"": 0.0, ""77"": 0.15910995724487687}}"
455,foolsgold,foolsgold,"[0, 39, 94, 37, 77, 34, 99]","[56, 40, 8]","{""layer_name"": ""linear"", ""weights_by_client"": {""0"": 1.0, ""39"": 1.0, ""56"": 0.0, ""94"": 0.1229407342520159, ""40"": 0.0, ""37"": 0.1229407342520159, ""77"": 0.6980579758073945, ""34"": 1.0, ""8"": 0.0, ""99"": 0.41335567284818475}}"
456,foolsgold,foolsgold,"[2, 88, 70, 9, 43, 79]","[13, 78, 98, 29]","{""layer_name"": ""linear"", ""weights_by_client"": {""2"": 1.0, ""88"": 1.0, ""70"": 0.7273617100050898, ""9"": 1.0, ""43"": 0.7273617100050898, ""13"": 0.0, ""78"": 0.0, ""98"": 0.0, ""29"": 0.0, ""79"": 1.0}}"
457,foolsgold,foolsgold,"[2, 20, 64, 72, 81, 80]","[73, 12, 91, 10]","{""layer_name"": ""linear"", ""weights_by_client"": {""2"": 1.0, ""20"": 1.0, ""64"": 1.0, ""72"": 0.43524825746939333, ""73"": 0.0, ""12"": 0.0, ""91"": 0.0, ""81"": 1.0, ""10"": 0.0, ""80"": 1.0}}"
458,foolsgold,foolsgold,"[1, 56, 69, 7, 3, 80, 65, 55]","[77, 87]","{""layer_name"": ""linear"", ""weights_by_client"": {""1"": 0.12618536024404103, ""56"": 0.9703954921952448, ""69"": 0.9528235325770602, ""77"": 0.0, ""7"": 1.0, ""3"": 0.18492777104576785, ""80"": 0.12618536024404103, ""65"": 0.6596291106767631, ""55"": 1.0, ""87"": 0.0}}"
459,foolsgold,foolsgold,"[0, 67, 38, 40, 11, 50]","[82, 55, 10, 93]","{""layer_name"": ""linear"", ""weights_by_client"": {""0"": 1.0, ""82"": 0.0, ""55"": 0.0, ""67"": 0.611298730908808, ""10"": 0.0, ""38"": 1.0, ""40"": 1.0, ""11"": 0.4982303464283008, ""93"": 0.0, ""50"": 1.0}}"
460,foolsgold,foolsgold,"[62, 60, 88, 21]","[0, 14, 98, 20, 78, 36]","{""layer_name"": ""linear"", ""weights_by_client"": {""0"": 0.0, ""14"": 0.0, ""62"": 1.0, ""98"": 0.0, ""60"": 1.0, ""88"": 1.0, ""20"": 0.0, ""78"": 0.0, ""36"": 0.0, ""21"": 0.5438556439480917}}"
461,foolsgold,foolsgold,"[53, 61, 7, 72, 4, 95, 67, 96]","[0, 44]","{""layer_name"": ""linear"", ""weights_by_client"": {""0"": 0.0, ""53"": 0.45093578472362245, ""61"": 0.3900043804368163, ""7"": 1.0, ""72"": 1.0, ""4"": 1.0, ""44"": 0.0, ""95"": 0.13388203234741147, ""67"": 0.3900043804368163, ""96"": 0.13388203234741147}}"
462,foolsgold,foolsgold,"[2, 71, 20, 87, 33, 80, 83, 62]","[36, 1]","{""layer_name"": ""linear"", ""weights_by_client"": {""2"": 1.0, ""71"": 1.0, ""20"": 0.15838232112393358, ""36"": 0.0, ""87"": 0.06291653375663858, ""1"": 0.0, ""33"": 1.0, ""80"": 0.7506192311084381, ""83"": 0.06291653375663858, ""62"": 0.8518276596806346}}"
463,foolsgold,foolsgold,"[3, 90, 62, 23, 37, 0]","[92, 88, 76, 42]","{""layer_name"": ""linear"", ""weights_by_client"": {""3"": 0.1877349443846939, ""92"": 0.0, ""88"": 0.0, ""76"": 0.0, ""90"": 0.582627900795808, ""42"": 0.0, ""62"": 0.582627900795808, ""23"": 0.1877349443846939, ""37"": 0.9865278691173915, ""0"": 1.0}}"
464,foolsgold,foolsgold,"[8, 26, 11, 47, 9, 96, 67, 53]","[0, 30]","{""layer_name"": ""linear"", ""weights_by_client"": {""0"": 0.0, ""30"": 0.0, ""8"": 1.0, ""26"": 0.5203801416527977, ""11"": 0.20600682451873742, ""47"": 1.0, ""9"": 0.5203801416527977, ""96"": 0.3042110533269987, ""67"": 0.20600682451873742, ""53"": 0.3042110533269987}}"
465,foolsgold,foolsgold,"[0, 76, 23, 99]","[58, 45, 72, 78, 56, 20]","{""layer_name"": ""linear"", ""weights_by_client"": {""0"": 0.5275737943120815, ""58"": 0.0, ""45"": 0.0, ""76"": 1.0, ""72"": 0.0, ""78"": 0.0, ""56"": 0.0, ""23"": 1.0, ""99"": 0.11946249288194105, ""20"": 0.0}}"
466,foolsgold,foolsgold,"[2, 79, 39, 82, 60, 54, 83, 35]","[34, 13]","{""layer_name"": ""linear"", ""weights_by_client"": {""2"": 0.23997682873814336, ""79"": 1.0, ""39"": 0.3374800827189342, ""82"": 0.8949982492296842, ""60"": 1.0, ""54"": 0.23997682873814336, ""34"": 0.0, ""83"": 0.8949982492296842, ""13"": 0.0, ""35"": 1.0}}"
467,foolsgold,foolsgold,"[4, 65, 24, 47, 10, 5]","[45, 28, 77, 74]","{""layer_name"": ""linear"", ""weights_by_client"": {""4"": 1.0, ""45"": 0.0, ""65"": 0.6008417785853573, ""28"": 0.0, ""24"": 1.0, ""47"": 0.05004414531001006, ""10"": 1.0, ""77"": 0.0, ""74"": 0.0, ""5"": 0.34155275427495785}}"
468,foolsgold,foolsgold,"[2, 18, 52, 34, 80, 57]","[0, 30, 28, 19]","{""layer_name"": ""linear"", ""weights_by_client"": {""0"": 0.0, ""2"": 1.0, ""18"": 1.0, ""52"": 1.0, ""30"": 0.0, ""28"": 0.0, ""34"": 0.3207238303808343, ""80"": 1.0, ""19"": 0.0, ""57"": 0.3207238303808343}}"
469,foolsgold,foolsgold,"[3, 90, 98, 61, 69, 42, 74, 87]","[8, 40]","{""layer_name"": ""linear"", ""weights_by_client"": {""3"": 1.0, ""90"": 1.0, ""98"": 0.6981068512616004, ""61"": 1.0, ""8"": 0.0, ""69"": 1.0, ""42"": 0.6981068512616004, ""74"": 1.0, ""40"": 0.0, ""87"": 1.0}}"
470,foolsgold,foolsgold,"[1, 65, 31, 96, 47, 95]","[55, 23, 79, 85]","{""layer_name"": ""linear"", ""weights_by_client"": {""1"": 1.0, ""55"": 0.0, ""65"": 1.0, ""23"": 0.0, ""31"": 1.0, ""79"": 0.0, ""85"": 0.0, ""96"": 0.1277786730369706, ""47"": 1.0, ""95"": 0.1277786730369706}}"
471,foolsgold,foolsgold,"[2, 26, 89, 36, 69, 12]","[34, 33, 24, 31]","{""layer_name"": ""linear"", ""weights_by_client"": {""2"": 1.0, ""34"": 0.0, ""26"": 1.0, ""89"": 0.46364031663915206, ""36"": 1.0, ""33"": 0.0, ""69"": 1.0, ""24"": 0.0, ""12"": 1.0, ""31"": 0.0}}"
472,foolsgold,foolsgold,"[82, 41, 83, 62, 52, 78]","[4, 0, 16, 44]","{""layer_name"": ""linear"", ""weights_by_client"": {""4"": 0.0, ""82"": 1.0, ""0"": 0.0, ""16"": 0.0, ""41"": 1.0, ""83"": 0.8859193257201148, ""44"": 0.0, ""62"": 0.3787760770838785, ""52"": 0.3787760770838785, ""78"": 0.17748507675211384}}"
473,foolsgold,foolsgold,"[2, 48, 80, 47]","[13, 87, 14, 27, 70, 98]","{""layer_name"": ""linear"", ""weights_by_client"": {""2"": 1.0, ""13"": 0.0, ""87"": 0.0, ""48"": 1.0, ""14"": 0.0, ""27"": 0.0, ""80"": 1.0, ""70"": 0.0, ""98"": 0.0, ""47"": 1.0}}"
474,foolsgold,foolsgold,"[2, 32, 47, 1, 65, 28]","[21, 27, 61, 98]","{""layer_name"": ""linear"", ""weights_by_client"": {""2"": 1.0, ""32"": 1.0, ""21"": 0.0, ""27"": 0.0, ""61"": 0.0, ""47"": 0.20790864702099732, ""1"": 1.0, ""65"": 0.8695391924104963, ""98"": 0.0, ""28"": 0.20790864702099732}}"
475,foolsgold,foolsgold,"[64, 16, 41]","[4, 32, 60, 22, 20, 88, 92]","{""layer_name"": ""linear"", ""weights_by_client"": {""4"": 0.0, ""64"": 1.0, ""32"": 0.0, ""16"": 0.4203573851872814, ""60"": 0.0, ""41"": 1.0, ""22"": 0.0, ""20"": 0.0, ""88"": 0.0, ""92"": 0.0}}"
476,foolsgold,foolsgold,"[19, 90, 95]","[1, 36, 31, 33, 13, 27, 73]","{""layer_name"": ""linear"", ""weights_by_client"": {""1"": 0.0, ""19"": 1.0, ""36"": 0.0, ""31"": 0.0, ""33"": 0.0, ""90"": 1.0, ""13"": 0.0, ""95"": 1.0, ""27"": 0.0, ""73"": 0.0}}"
477,foolsgold,foolsgold,"[2, 95, 62, 74, 56, 22, 0, 63]","[42, 71]","{""layer_name"": ""linear"", ""weights_by_client"": {""2"": 0.34757117907104695, ""95"": 1.0, ""62"": 1.0, ""74"": 1.0, ""56"": 0.5017549848933156, ""42"": 0.0, ""22"": 1.0, ""71"": 0.0, ""0"": 0.34757117907104695, ""63"": 1.0}}"
478,foolsgold,foolsgold,"[1, 29, 48, 3, 2, 54, 91, 34, 89, 42]",[],"{""layer_name"": ""linear"", ""weights_by_client"": {""1"": 1.0, ""29"": 0.13703191015697042, ""48"": 0.5729677738301105, ""3"": 0.13703191015697042, ""2"": 1.0, ""54"": 1.0, ""91"": 0.5729677738301105, ""34"": 1.0, ""89"": 1.0, ""42"": 1.0}}"
479,foolsgold,foolsgold,"[2, 93, 40, 22, 38, 61]","[67, 6, 79, 87]","{""layer_name"": ""linear"", ""weights_by_client"": {""2"": 1.0, ""93"": 0.05848948532964959, ""67"": 0.0, ""6"": 0.0, ""40"": 1.0, ""22"": 0.05848948532964959, ""79"": 0.0, ""38"": 0.037010518933702274, ""61"": 0.09054816367829022, ""87"": 0.0}}"
480,foolsgold,foolsgold,"[4, 21, 67, 95, 57, 96]","[49, 24, 47, 45]","{""layer_name"": ""linear"", ""weights_by_client"": {""4"": 1.0, ""21"": 0.9585478164684589, ""67"": 0.9585478164684589, ""49"": 0.0, ""24"": 0.0, ""47"": 0.0, ""95"": 0.44109770453075653, ""45"": 0.0, ""57"": 1.0, ""96"": 0.44109770453075653}}"
481,foolsgold,foolsgold,"[74, 96, 55, 97]","[1, 25, 94, 58, 3, 99]","{""layer_name"": ""linear"", ""weights_by_client"": {""1"": 0.0, ""74"": 1.0, ""25"": 0.0, ""94"": 0.0, ""96"": 1.0, ""58"": 0.0, ""3"": 0.0, ""99"": 0.0, ""55"": 1.0, ""97"": 1.0}}"
482,foolsgold,foolsgold,"[1, 81, 47, 65, 60, 28, 49, 3]","[82, 93]","{""layer_name"": ""linear"", ""weights_by_client"": {""1"": 1.0, ""81"": 0.12342608724013954, ""82"": 0.0, ""47"": 0.5235195432320355, ""65"": 0.7962360274379403, ""60"": 1.0, ""93"": 0.0, ""28"": 0.5235195432320355, ""49"": 0.12342608724013954, ""3"": 0.7962360274379403}}"
483,foolsgold,foolsgold,"[4, 87, 54, 97]","[8, 48, 46, 69, 18, 19]","{""layer_name"": ""linear"", ""weights_by_client"": {""4"": 1.0, ""8"": 0.0, ""48"": 0.0, ""46"": 0.0, ""69"": 0.0, ""18"": 0.0, ""87"": 0.45834315188992775, ""54"": 1.0, ""19"": 0.0, ""97"": 1.0}}"
484,foolsgold,foolsgold,"[1, 86, 11, 53, 3, 9]","[91, 59, 48, 26]","{""layer_name"": ""linear"", ""weights_by_client"": {""1"": 0.7120338478676075, ""91"": 0.0, ""86"": 1.0, ""11"": 1.0, ""53"": 0.7191509054966265, ""59"": 0.0, ""48"": 0.0, ""3"": 0.7155951843552394, ""9"": 0.6204214812227076, ""26"": 0.0}}"
485,foolsgold,foolsgold,"[82, 96, 4, 28, 39, 13]","[1, 58, 99, 37]","{""layer_name"": ""linear"", ""weights_by_client"": {""1"": 0.0, ""82"": 1.0, ""58"": 0.0, ""96"": 0.029558616899239554, ""4"": 1.0, ""28"": 1.0, ""39"": 0.029558616899239554, ""99"": 0.0, ""13"": 1.0, ""37"": 0.0}}"
486,foolsgold,foolsgold,"[3, 44, 97, 90, 66, 54]","[62, 49, 70, 87]","{""layer_name"": ""linear"", ""weights_by_client"": {""3"": 0.8436335031910958, ""62"": 0.0, ""44"": 1.0, ""97"": 1.0, ""49"": 0.0, ""90"": 0.8705420659315282, ""70"": 0.0, ""66"": 1.0, ""87"": 0.0, ""54"": 1.0}}"
487,foolsgold,foolsgold,"[1, 95, 63, 12, 31, 57, 76, 69, 61, 2]",[],"{""layer_name"": ""linear"", ""weights_by_client"": {""1"": 0.696185490432768, ""95"": 1.0, ""63"": 0.08270279319808349, ""12"": 1.0, ""31"": 1.0, ""57"": 0.30943315026789775, ""76"": 0.30943315026789775, ""69"": 0.696185490432768, ""61"": 0.08270279319808349, ""2"": 1.0}}"
488,foolsgold,foolsgold,"[4, 43, 65, 70]","[3, 89, 32, 24, 75, 71]","{""layer_name"": ""linear"", ""weights_by_client"": {""4"": 1.0, ""3"": 0.0, ""89"": 0.0, ""43"": 0.8544785912150621, ""32"": 0.0, ""65"": 0.18692937431712053, ""24"": 0.0, ""70"": 0.8466081519880913, ""75"": 0.0, ""71"": 0.0}}"
489,foolsgold,foolsgold,"[0, 91, 84, 85, 50, 43]","[23, 20, 29, 79]","{""layer_name"": ""linear"", ""weights_by_client"": {""0"": 0.8363616795591045, ""23"": 0.0, ""91"": 1.0, ""20"": 0.0, ""84"": 1.0, ""29"": 0.0, ""85"": 1.0, ""79"": 0.0, ""50"": 1.0, ""43"": 1.0}}"
490,foolsgold,foolsgold,"[96, 47, 25, 98]","[3, 89, 83, 63, 50, 35]","{""layer_name"": ""linear"", ""weights_by_client"": {""3"": 0.0, ""89"": 0.0, ""96"": 1.0, ""47"": 1.0, ""25"": 0.9500828179360743, ""98"": 1.0, ""83"": 0.0, ""63"": 0.0, ""50"": 0.0, ""35"": 0.0}}"
491,foolsgold,foolsgold,"[2, 43, 15, 21, 81, 42, 50, 20, 22, 1]",[],"{""layer_name"": ""linear"", ""weights_by_client"": {""2"": 0.9127272175500138, ""43"": 1.0, ""15"": 0.7516158446971496, ""21"": 0.10346990973721293, ""81"": 1.0, ""42"": 1.0, ""50"": 0.10346990973721293, ""20"": 0.2242975135582333, ""22"": 1.0, ""1"": 0.9441988908217815}}"
492,foolsgold,foolsgold,"[36, 99, 53, 33, 87, 17]","[4, 85, 27, 35]","{""layer_name"": ""linear"", ""weights_by_client"": {""4"": 0.0, ""85"": 0.0, ""27"": 0.0, ""36"": 1.0, ""99"": 1.0, ""53"": 1.0, ""33"": 0.21599171109326404, ""87"": 1.0, ""35"": 0.0, ""17"": 1.0}}"
493,foolsgold,foolsgold,"[94, 50, 16, 67, 8, 58]","[4, 73, 88, 27]","{""layer_name"": ""linear"", ""weights_by_client"": {""4"": 0.0, ""73"": 0.0, ""88"": 0.0, ""94"": 0.37267774813865384, ""50"": 1.0, ""16"": 0.9387746415085969, ""27"": 0.0, ""67"": 0.37267774813865384, ""8"": 1.0, ""58"": 1.0}}"
494,foolsgold,foolsgold,"[0, 72, 87, 49, 56, 84]","[6, 94, 73, 76]","{""layer_name"": ""linear"", ""weights_by_client"": {""0"": 0.42587585620877766, ""72"": 1.0, ""87"": 0.24610963227963123, ""49"": 1.0, ""6"": 0.0, ""94"": 0.0, ""56"": 0.42587585620877766, ""73"": 0.0, ""76"": 0.0, ""84"": 1.0}}"
495,foolsgold,foolsgold,"[1, 78, 77, 34, 44, 5, 50, 68]","[10, 85]","{""layer_name"": ""linear"", ""weights_by_client"": {""1"": 0.2428910475201403, ""78"": 1.0, ""77"": 1.0, ""34"": 0.13491917666428105, ""44"": 0.2428910475201403, ""10"": 0.0, ""5"": 1.0, ""50"": 1.0, ""85"": 0.0, ""68"": 1.0}}"
496,foolsgold,foolsgold,"[1, 93, 20, 19, 49, 94]","[67, 79, 10, 75]","{""layer_name"": ""linear"", ""weights_by_client"": {""1"": 0.8119446768876992, ""67"": 0.0, ""93"": 1.0, ""20"": 0.6030324246764545, ""79"": 0.0, ""19"": 1.0, ""10"": 0.0, ""49"": 1.0, ""75"": 0.0, ""94"": 0.037736880208750045}}"
497,foolsgold,foolsgold,"[3, 1, 89, 24, 65, 90]","[40, 63, 48, 64]","{""layer_name"": ""linear"", ""weights_by_client"": {""3"": 0.42801996614478477, ""1"": 1.0, ""40"": 0.0, ""89"": 0.2976736029982381, ""24"": 0.3016238245709117, ""63"": 0.0, ""65"": 0.6215009704893271, ""48"": 0.0, ""90"": 1.0, ""64"": 0.0}}"
498,foolsgold,foolsgold,"[54, 84, 2, 47]","[0, 97, 8, 32, 25, 82]","{""layer_name"": ""linear"", ""weights_by_client"": {""0"": 0.0, ""97"": 0.0, ""8"": 0.0, ""32"": 0.0, ""54"": 0.15055983343497958, ""84"": 1.0, ""25"": 0.0, ""82"": 0.0, ""2"": 0.15055983343497958, ""47"": 1.0}}"
499,foolsgold,foolsgold,"[3, 77, 43, 84, 97, 23, 81, 5]","[54, 41]","{""layer_name"": ""linear"", ""weights_by_client"": {""3"": 0.18943726820264462, ""77"": 0.3721947321354657, ""43"": 0.8107552994009475, ""84"": 1.0, ""97"": 0.7605641046084062, ""54"": 0.0, ""23"": 0.18943726820264462, ""41"": 0.0, ""81"": 0.7605641046084062, ""5"": 1.0}}"
500,foolsgold,foolsgold,"[4, 50, 79, 39, 18, 28, 41, 22]","[10, 71]","{""layer_name"": ""linear"", ""weights_by_client"": {""4"": 0.1415330610012045, ""50"": 0.1415330610012045, ""79"": 1.0, ""39"": 0.14371912547309645, ""10"": 0.0, ""18"": 0.7117226243362391, ""28"": 1.0, ""41"": 0.14371912547309645, ""22"": 1.0, ""71"": 0.0}}"
