epoch,method,stage,selected,rejected,human
1,rflbat,rflbat_first_distance_filter,"[3, 71, 32, 58, 4, 24, 62, 67, 43, 29, 71, 32, 58, 4, 24, 62, 67, 43, 29]",[],"{""accepted_indices"": [0, 1, 2, 3, 4, 5, 6, 7, 8, 9, 1, 2, 3, 4, 5, 6, 7, 8, 9], ""eps1"": 10, ""distance_median"": 0.7308687409717379}"
1,rflbat,rflbat_cluster_filter,"[71, 32, 58, 24, 62, 67, 43, 29, 71, 32, 58, 24, 62, 67, 43, 29]","[3, 4]","{""accepted_indices"": [1, 2, 3, 5, 6, 7, 8, 9, 1, 2, 3, 5, 6, 7, 8, 9], ""num_clusters"": 3, ""cluster_scores"": [0.13833090982197493, 1.0000000000010294, 1]}"
1,rflbat,rflbat_final_distance_filter,"[71, 32, 58, 24, 62, 67, 43, 29]","[3, 4]","{""accepted_indices"": [1, 2, 3, 5, 6, 7, 8, 9, 1, 2, 3, 5, 6, 7, 8, 9], ""eps2"": 6, ""distance_median"": 0.0658078260670647}"
2,rflbat,rflbat_first_distance_filter,"[0, 30, 57, 86, 66, 85, 54, 99, 23, 53, 30, 57, 86, 66, 85, 54, 99, 23, 53]",[],"{""accepted_indices"": [0, 1, 2, 3, 4, 5, 6, 7, 8, 9, 1, 2, 3, 4, 5, 6, 7, 8, 9], ""eps1"": 10, ""distance_median"": 0.6604256031665781}"
2,rflbat,rflbat_cluster_filter,"[0, 30, 57, 86, 66, 85, 54, 99, 23, 53, 30, 57, 86, 66, 85, 54, 99, 23, 53]",[],"{""accepted_indices"": [0, 1, 2, 3, 4, 5, 6, 7, 8, 9, 1, 2, 3, 4, 5, 6, 7, 8, 9], ""num_clusters"": 1, ""cluster_scores"": [0.09126933429804408]}"
2,rflbat,rflbat_final_distance_filter,"[30, 57, 86, 66, 85, 54, 99, 23, 53]",[0],"{""accepted_indices"": [1, 2, 3, 4, 5, 6, 7, 8, 9, 1, 2, 3, 4, 5, 6, 7, 8, 9], ""eps2"": 6, ""distance_median"": 0.8683602761105168}"
3,rflbat,rflbat_first_distance_filter,"[2, 39, 9, 63, 48, 35, 87, 5, 13, 50, 39, 9, 63, 48, 35, 87, 5, 13, 50]",[],"{""accepted_indices"": [0, 1, 2, 3, 4, 5, 6, 7, 8, 9, 1, 2, 3, 4, 5, 6, 7, 8, 9], ""eps1"": 10, ""distance_median"": 0.4975402176724961}"
3,rflbat,rflbat_cluster_filter,"[2, 39, 9, 63, 48, 35, 87, 5, 13, 50, 39, 9, 63, 48, 35, 87, 5, 13, 50]",[],"{""accepted_indices"": [0, 1, 2, 3, 4, 5, 6, 7, 8, 9, 1, 2, 3, 4, 5, 6, 7, 8, 9], ""num_clusters"": 1, ""cluster_scores"": [0.1380282112650514]}"
3,rflbat,rflbat_final_distance_filter,"[39, 9, 63, 48, 35, 87, 5, 13, 50]",[2],"{""accepted_indices"": [1, 2, 3, 4, 5, 6, 7, 8, 9, 1, 2, 3, 4, 5, 6, 7, 8, 9], ""eps2"": 6, ""distance_median"": 0.6582312129575902}"
4,rflbat,rflbat_first_distance_filter,"[1, 98, 26, 62, 6, 55, 78, 43, 84, 14, 98, 26, 62, 6, 55, 78, 43, 84, 14]",[],"{""accepted_indices"": [0, 1, 2, 3, 4, 5, 6, 7, 8, 9, 1, 2, 3, 4, 5, 6, 7, 8, 9], ""eps1"": 10, ""distance_median"": 0.3968263112902022}"
4,rflbat,rflbat_cluster_filter,"[1, 98, 26, 62, 6, 55, 78, 43, 84, 14, 98, 26, 62, 6, 55, 78, 43, 84, 14]",[],"{""accepted_indices"": [0, 1, 2, 3, 4, 5, 6, 7, 8, 9, 1, 2, 3, 4, 5, 6, 7, 8, 9], ""num_clusters"": 1, ""cluster_scores"": [0.10886358875178936]}"
4,rflbat,rflbat_final_distance_filter,"[98, 26, 62, 6, 55, 78, 43, 84, 14]",[1],"{""accepted_indices"": [1, 2, 3, 4, 5, 6, 7, 8, 9, 1, 2, 3, 4, 5, 6, 7, 8, 9], ""eps2"": 6, ""distance_median"": 0.4977192799908225}"
5,rflbat,rflbat_first_distance_filter,"[1, 93, 34, 19, 5, 40, 81, 43, 63, 67, 93, 34, 19, 5, 40, 81, 43, 63, 67]",[],"{""accepted_indices"": [0, 1, 2, 3, 4, 5, 6, 7, 8, 9, 1, 2, 3, 4, 5, 6, 7, 8, 9], ""eps1"": 10, ""distance_median"": 0.38079592654485306}"
5,rflbat,rflbat_cluster_filter,"[1, 93, 34, 19, 5, 40, 81, 43, 63, 67, 93, 34, 19, 5, 40, 81, 43, 63, 67]",[],"{""accepted_indices"": [0, 1, 2, 3, 4, 5, 6, 7, 8, 9, 1, 2, 3, 4, 5, 6, 7, 8, 9], ""num_clusters"": 1, ""cluster_scores"": [0.09775345415451178]}"
5,rflbat,rflbat_final_distance_filter,"[93, 34, 19, 5, 40, 81, 43, 63, 67]",[1],"{""accepted_indices"": [1, 2, 3, 4, 5, 6, 7, 8, 9, 1, 2, 3, 4, 5, 6, 7, 8, 9], ""eps2"": 6, ""distance_median"": 0.4682108881436165}"
6,rflbat,rflbat_first_distance_filter,"[2, 38, 3, 97, 19, 60, 57, 50, 8, 15, 38, 3, 97, 19, 60, 57, 50, 8, 15]",[],"{""accepted_indices"": [0, 1, 2, 3, 4, 5, 6, 7, 8, 9, 1, 2, 3, 4, 5, 6, 7, 8, 9], ""eps1"": 10, ""distance_median"": 0.7308658586749978}"
6,rflbat,rflbat_cluster_filter,"[38, 97, 19, 60, 57, 50, 15, 38, 97, 19, 60, 57, 50, 15]","[2, 3, 8]","{""accepted_indices"": [1, 3, 4, 5, 6, 7, 9, 1, 3, 4, 5, 6, 7, 9], ""num_clusters"": 4, ""cluster_scores"": [0.12018325064442013, 1.0000000000008067, 1, 1.0000000000015103]}"
6,rflbat,rflbat_final_distance_filter,"[38, 97, 19, 60, 57, 50, 15]","[2, 3, 8]","{""accepted_indices"": [1, 3, 4, 5, 6, 7, 9, 1, 3, 4, 5, 6, 7, 9], ""eps2"": 6, ""distance_median"": 0.024873135931679686}"
7,rflbat,rflbat_first_distance_filter,"[3, 80, 92, 36, 93, 14, 37, 68, 67, 15, 80, 92, 36, 93, 14, 37, 68, 67, 15]",[],"{""accepted_indices"": [0, 1, 2, 3, 4, 5, 6, 7, 8, 9, 1, 2, 3, 4, 5, 6, 7, 8, 9], ""eps1"": 10, ""distance_median"": 0.48633160255487873}"
7,rflbat,rflbat_cluster_filter,"[3, 80, 92, 36, 93, 14, 37, 68, 67, 15, 80, 92, 36, 93, 14, 37, 68, 67, 15]",[],"{""accepted_indices"": [0, 1, 2, 3, 4, 5, 6, 7, 8, 9, 1, 2, 3, 4, 5, 6, 7, 8, 9], ""num_clusters"": 1, ""cluster_scores"": [0.0957922035127586]}"
7,rflbat,rflbat_final_distance_filter,"[80, 92, 36, 93, 14, 37, 68, 67, 15]",[3],"{""accepted_indices"": [1, 2, 3, 4, 5, 6, 7, 8, 9, 1, 2, 3, 4, 5, 6, 7, 8, 9], ""eps2"": 6, ""distance_median"": 0.5776887617248543}"
8,rflbat,rflbat_first_distance_filter,"[1, 39, 33, 92, 44, 95, 61, 42, 84, 78, 39, 33, 92, 44, 95, 61, 42, 84, 78]",[],"{""accepted_indices"": [0, 1, 2, 3, 4, 5, 6, 7, 8, 9, 1, 2, 3, 4, 5, 6, 7, 8, 9], ""eps1"": 10, ""distance_median"": 0.4660697423501843}"
8,rflbat,rflbat_cluster_filter,"[1, 39, 33, 92, 44, 95, 61, 42, 84, 78, 39, 33, 92, 44, 95, 61, 42, 84, 78]",[],"{""accepted_indices"": [0, 1, 2, 3, 4, 5, 6, 7, 8, 9, 1, 2, 3, 4, 5, 6, 7, 8, 9], ""num_clusters"": 1, ""cluster_scores"": [0.14339849006654964]}"
8,rflbat,rflbat_final_distance_filter,"[39, 33, 92, 44, 95, 61, 42, 84, 78]",[1],"{""accepted_indices"": [1, 2, 3, 4, 5, 6, 7, 8, 9, 1, 2, 3, 4, 5, 6, 7, 8, 9], ""eps2"": 6, ""distance_median"": 0.6347610409214213}"
9,rflbat,rflbat_first_distance_filter,"[2, 91, 18, 4, 6, 85, 82, 45, 7, 24, 91, 18, 4, 6, 85, 82, 45, 7, 24]",[],"{""accepted_indices"": [0, 1, 2, 3, 4, 5, 6, 7, 8, 9, 1, 2, 3, 4, 5, 6, 7, 8, 9], ""eps1"": 10, ""distance_median"": 0.7053116284871886}"
9,rflbat,rflbat_cluster_filter,"[91, 18, 6, 85, 82, 45, 7, 24, 91, 18, 6, 85, 82, 45, 7, 24]","[2, 4]","{""accepted_indices"": [1, 2, 4, 5, 6, 7, 8, 9, 1, 2, 4, 5, 6, 7, 8, 9], ""num_clusters"": 3, ""cluster_scores"": [0.12958865662283972, 1.000000000001013, 1]}"
9,rflbat,rflbat_final_distance_filter,"[91, 18, 6, 85, 82, 45, 7, 24]","[2, 4]","{""accepted_indices"": [1, 2, 4, 5, 6, 7, 8, 9, 1, 2, 4, 5, 6, 7, 8, 9], ""eps2"": 6, ""distance_median"": 0.048050865637293036}"
10,rflbat,rflbat_first_distance_filter,"[0, 50, 35, 20, 96, 84, 68, 21, 29, 47, 50, 35, 20, 96, 84, 68, 21, 29, 47]",[],"{""accepted_indices"": [0, 1, 2, 3, 4, 5, 6, 7, 8, 9, 1, 2, 3, 4, 5, 6, 7, 8, 9], ""eps1"": 10, ""distance_median"": 0.6165518215312401}"
10,rflbat,rflbat_cluster_filter,"[0, 50, 35, 20, 96, 84, 68, 21, 29, 47, 50, 35, 20, 96, 84, 68, 21, 29, 47]",[],"{""accepted_indices"": [0, 1, 2, 3, 4, 5, 6, 7, 8, 9, 1, 2, 3, 4, 5, 6, 7, 8, 9], ""num_clusters"": 1, ""cluster_scores"": [0.17604354751708082]}"
10,rflbat,rflbat_final_distance_filter,"[50, 35, 20, 96, 84, 68, 21, 29, 47]",[0],"{""accepted_indices"": [1, 2, 3, 4, 5, 6, 7, 8, 9, 1, 2, 3, 4, 5, 6, 7, 8, 9], ""eps2"": 6, ""distance_median"": 0.7549017780604691}"
11,rflbat,rflbat_first_distance_filter,"[4, 79, 55, 80, 75, 40, 51, 48, 20, 14, 79, 55, 80, 75, 40, 51, 48, 20, 14]",[],"{""accepted_indices"": [0, 1, 2, 3, 4, 5, 6, 7, 8, 9, 1, 2, 3, 4, 5, 6, 7, 8, 9], ""eps1"": 10, ""distance_median"": 0.44204559565452567}"
11,rflbat,rflbat_cluster_filter,"[4, 79, 55, 80, 75, 40, 51, 48, 20, 14, 79, 55, 80, 75, 40, 51, 48, 20, 14]",[],"{""accepted_indices"": [0, 1, 2, 3, 4, 5, 6, 7, 8, 9, 1, 2, 3, 4, 5, 6, 7, 8, 9], ""num_clusters"": 1, ""cluster_scores"": [0.10669582841968693]}"
11,rflbat,rflbat_final_distance_filter,"[79, 55, 80, 75, 40, 51, 48, 20, 14]",[4],"{""accepted_indices"": [1, 2, 3, 4, 5, 6, 7, 8, 9, 1, 2, 3, 4, 5, 6, 7, 8, 9], ""eps2"": 6, ""distance_median"": 0.6301476295895336}"
12,rflbat,rflbat_first_distance_filter,"[4, 97, 5, 42, 59, 69, 28, 98, 33, 12, 97, 5, 42, 59, 69, 28, 98, 33, 12]",[],"{""accepted_indices"": [0, 1, 2, 3, 4, 5, 6, 7, 8, 9, 1, 2, 3, 4, 5, 6, 7, 8, 9], ""eps1"": 10, ""distance_median"": 0.4745801419282021}"
12,rflbat,rflbat_cluster_filter,"[4, 97, 5, 42, 59, 69, 28, 98, 33, 12, 97, 5, 42, 59, 69, 28, 98, 33, 12]",[],"{""accepted_indices"": [0, 1, 2, 3, 4, 5, 6, 7, 8, 9, 1, 2, 3, 4, 5, 6, 7, 8, 9], ""num_clusters"": 1, ""cluster_scores"": [0.1414856687605916]}"
12,rflbat,rflbat_final_distance_filter,"[97, 5, 42, 59, 69, 28, 98, 33, 12]",[4],"{""accepted_indices"": [1, 2, 3, 4, 5, 6, 7, 8, 9, 1, 2, 3, 4, 5, 6, 7, 8, 9], ""eps2"": 6, ""distance_median"": 0.6624238708207744}"
13,rflbat,rflbat_first_distance_filter,"[4, 68, 1, 25, 34, 33, 7, 44, 69, 46, 68, 1, 25, 34, 33, 7, 44, 69, 46]",[],"{""accepted_indices"": [0, 1, 2, 3, 4, 5, 6, 7, 8, 9, 1, 2, 3, 4, 5, 6, 7, 8, 9], ""eps1"": 10, ""distance_median"": 0.6566913531380327}"
13,rflbat,rflbat_cluster_filter,"[25, 69, 46, 25, 69, 46]","[4, 68, 1, 34, 33, 7, 44]","{""accepted_indices"": [3, 8, 9, 3, 8, 9], ""num_clusters"": 6, ""cluster_scores"": [0.3352376263040817, 1.000000000001036, 1, 1.000000000003068, 1.0000000000017921, 0.3669548813426698]}"
13,rflbat,rflbat_final_distance_filter,"[25, 69, 46]","[4, 68, 1, 34, 33, 7, 44]","{""accepted_indices"": [3, 8, 9, 3, 8, 9], ""eps2"": 6, ""distance_median"": 0.014271964464376691}"
14,rflbat,rflbat_first_distance_filter,"[3, 72, 24, 35, 19, 32, 80, 82, 77, 61, 72, 24, 35, 19, 32, 80, 82, 77, 61]",[],"{""accepted_indices"": [0, 1, 2, 3, 4, 5, 6, 7, 8, 9, 1, 2, 3, 4, 5, 6, 7, 8, 9], ""eps1"": 10, ""distance_median"": 0.4691554162474022}"
14,rflbat,rflbat_cluster_filter,"[3, 72, 24, 35, 19, 32, 80, 82, 77, 61, 72, 24, 35, 19, 32, 80, 82, 77, 61]",[],"{""accepted_indices"": [0, 1, 2, 3, 4, 5, 6, 7, 8, 9, 1, 2, 3, 4, 5, 6, 7, 8, 9], ""num_clusters"": 1, ""cluster_scores"": [0.11251466051511072]}"
14,rflbat,rflbat_final_distance_filter,"[72, 24, 35, 19, 32, 80, 82, 77, 61]",[3],"{""accepted_indices"": [1, 2, 3, 4, 5, 6, 7, 8, 9, 1, 2, 3, 4, 5, 6, 7, 8, 9], ""eps2"": 6, ""distance_median"": 0.6004211258383809}"
15,rflbat,rflbat_first_distance_filter,"[4, 9, 95, 37, 44, 59, 66, 48, 80, 90, 9, 95, 37, 44, 59, 66, 48, 80, 90]",[],"{""accepted_indices"": [0, 1, 2, 3, 4, 5, 6, 7, 8, 9, 1, 2, 3, 4, 5, 6, 7, 8, 9], ""eps1"": 10, ""distance_median"": 0.45746169420612015}"
15,rflbat,rflbat_cluster_filter,"[4, 9, 95, 37, 44, 59, 66, 48, 80, 90, 9, 95, 37, 44, 59, 66, 48, 80, 90]",[],"{""accepted_indices"": [0, 1, 2, 3, 4, 5, 6, 7, 8, 9, 1, 2, 3, 4, 5, 6, 7, 8, 9], ""num_clusters"": 1, ""cluster_scores"": [0.14997329948486868]}"
15,rflbat,rflbat_final_distance_filter,"[9, 95, 37, 44, 59, 66, 48, 80, 90]",[4],"{""accepted_indices"": [1, 2, 3, 4, 5, 6, 7, 8, 9, 1, 2, 3, 4, 5, 6, 7, 8, 9], ""eps2"": 6, ""distance_median"": 0.625571658013508}"
16,rflbat,rflbat_first_distance_filter,"[1, 8, 79, 78, 88, 26, 43, 21, 47, 10, 8, 79, 78, 88, 26, 43, 21, 47, 10]",[],"{""accepted_indices"": [0, 1, 2, 3, 4, 5, 6, 7, 8, 9, 1, 2, 3, 4, 5, 6, 7, 8, 9], ""eps1"": 10, ""distance_median"": 0.5039997096932338}"
16,rflbat,rflbat_cluster_filter,"[1, 8, 79, 78, 88, 26, 43, 21, 47, 10, 8, 79, 78, 88, 26, 43, 21, 47, 10]",[],"{""accepted_indices"": [0, 1, 2, 3, 4, 5, 6, 7, 8, 9, 1, 2, 3, 4, 5, 6, 7, 8, 9], ""num_clusters"": 1, ""cluster_scores"": [0.11433385026323052]}"
16,rflbat,rflbat_final_distance_filter,"[8, 79, 78, 88, 26, 43, 21, 47, 10]",[1],"{""accepted_indices"": [1, 2, 3, 4, 5, 6, 7, 8, 9, 1, 2, 3, 4, 5, 6, 7, 8, 9], ""eps2"": 6, ""distance_median"": 0.7217786094981685}"
17,rflbat,rflbat_first_distance_filter,"[4, 17, 5, 45, 9, 8, 25, 33, 89, 10, 17, 5, 45, 9, 8, 25, 33, 89, 10]",[],"{""accepted_indices"": [0, 1, 2, 3, 4, 5, 6, 7, 8, 9, 1, 2, 3, 4, 5, 6, 7, 8, 9], ""eps1"": 10, ""distance_median"": 0.5216694394787889}"
17,rflbat,rflbat_cluster_filter,"[4, 17, 5, 45, 9, 8, 25, 33, 89, 10, 17, 5, 45, 9, 8, 25, 33, 89, 10]",[],"{""accepted_indices"": [0, 1, 2, 3, 4, 5, 6, 7, 8, 9, 1, 2, 3, 4, 5, 6, 7, 8, 9], ""num_clusters"": 1, ""cluster_scores"": [0.08411712908525451]}"
17,rflbat,rflbat_final_distance_filter,"[17, 5, 45, 9, 8, 25, 33, 89, 10]",[4],"{""accepted_indices"": [1, 2, 3, 4, 5, 6, 7, 8, 9, 1, 2, 3, 4, 5, 6, 7, 8, 9], ""eps2"": 6, ""distance_median"": 0.6985993787791314}"
18,rflbat,rflbat_first_distance_filter,"[4, 16, 3, 5, 10, 96, 48, 40, 59, 47, 16, 3, 5, 10, 96, 48, 40, 59, 47]",[],"{""accepted_indices"": [0, 1, 2, 3, 4, 5, 6, 7, 8, 9, 1, 2, 3, 4, 5, 6, 7, 8, 9], ""eps1"": 10, ""distance_median"": 0.6935512677582476}"
18,rflbat,rflbat_cluster_filter,"[4, 16, 3, 5, 10, 96, 48, 40, 59, 47, 16, 3, 5, 10, 96, 48, 40, 59, 47]",[],"{""accepted_indices"": [0, 1, 2, 3, 4, 5, 6, 7, 8, 9, 1, 2, 3, 4, 5, 6, 7, 8, 9], ""num_clusters"": 1, ""cluster_scores"": [0.07615233451814671]}"
18,rflbat,rflbat_final_distance_filter,"[4, 16, 3, 5, 10, 96, 48, 40, 59, 47]",[],"{""accepted_indices"": [0, 1, 2, 3, 4, 5, 6, 7, 8, 9, 1, 2, 3, 4, 5, 6, 7, 8, 9], ""eps2"": 6, ""distance_median"": 1.0811226435065615}"
19,rflbat,rflbat_first_distance_filter,"[2, 83, 76, 70, 10, 14, 82, 34, 48, 63, 83, 76, 70, 10, 14, 82, 34, 48, 63]",[],"{""accepted_indices"": [0, 1, 2, 3, 4, 5, 6, 7, 8, 9, 1, 2, 3, 4, 5, 6, 7, 8, 9], ""eps1"": 10, ""distance_median"": 0.36066377800916893}"
19,rflbat,rflbat_cluster_filter,"[83, 76, 70, 10, 14, 82, 34, 48, 63, 83, 76, 70, 10, 14, 82, 34, 48, 63]",[2],"{""accepted_indices"": [1, 2, 3, 4, 5, 6, 7, 8, 9, 1, 2, 3, 4, 5, 6, 7, 8, 9], ""num_clusters"": 2, ""cluster_scores"": [1, 0.16637403550309204]}"
19,rflbat,rflbat_final_distance_filter,"[83, 76, 70, 10, 14, 82, 34, 48, 63]",[2],"{""accepted_indices"": [1, 2, 3, 4, 5, 6, 7, 8, 9, 1, 2, 3, 4, 5, 6, 7, 8, 9], ""eps2"": 6, ""distance_median"": 0.3439209077702144}"
20,rflbat,rflbat_first_distance_filter,"[1, 81, 28, 39, 88, 92, 16, 79, 5, 12, 81, 28, 39, 88, 92, 16, 79, 5, 12]",[],"{""accepted_indices"": [0, 1, 2, 3, 4, 5, 6, 7, 8, 9, 1, 2, 3, 4, 5, 6, 7, 8, 9], ""eps1"": 10, ""distance_median"": 0.35174858888553584}"
20,rflbat,rflbat_cluster_filter,"[1, 81, 28, 39, 88, 92, 16, 79, 5, 12, 81, 28, 39, 88, 92, 16, 79, 5, 12]",[],"{""accepted_indices"": [0, 1, 2, 3, 4, 5, 6, 7, 8, 9, 1, 2, 3, 4, 5, 6, 7, 8, 9], ""num_clusters"": 1, ""cluster_scores"": [0.1034701759450385]}"
20,rflbat,rflbat_final_distance_filter,"[1, 81, 28, 39, 88, 92, 16, 79, 5, 12]",[],"{""accepted_indices"": [0, 1, 2, 3, 4, 5, 6, 7, 8, 9, 1, 2, 3, 4, 5, 6, 7, 8, 9], ""eps2"": 6, ""distance_median"": 0.5394049152268084}"
21,rflbat,rflbat_first_distance_filter,"[4, 19, 39, 24, 49, 17, 66, 11, 9, 42, 19, 39, 24, 49, 17, 66, 11, 9, 42]",[],"{""accepted_indices"": [0, 1, 2, 3, 4, 5, 6, 7, 8, 9, 1, 2, 3, 4, 5, 6, 7, 8, 9], ""eps1"": 10, ""distance_median"": 0.3246663445022212}"
21,rflbat,rflbat_cluster_filter,"[4, 19, 39, 24, 49, 17, 66, 11, 9, 42, 19, 39, 24, 49, 17, 66, 11, 9, 42]",[],"{""accepted_indices"": [0, 1, 2, 3, 4, 5, 6, 7, 8, 9, 1, 2, 3, 4, 5, 6, 7, 8, 9], ""num_clusters"": 1, ""cluster_scores"": [0.19217471458899005]}"
21,rflbat,rflbat_final_distance_filter,"[19, 39, 24, 49, 17, 66, 11, 9, 42]",[4],"{""accepted_indices"": [1, 2, 3, 4, 5, 6, 7, 8, 9, 1, 2, 3, 4, 5, 6, 7, 8, 9], ""eps2"": 6, ""distance_median"": 0.4792181642317723}"
22,rflbat,rflbat_first_distance_filter,"[0, 41, 83, 69, 8, 72, 19, 26, 4, 52, 41, 83, 69, 8, 72, 19, 26, 4, 52]",[],"{""accepted_indices"": [0, 1, 2, 3, 4, 5, 6, 7, 8, 9, 1, 2, 3, 4, 5, 6, 7, 8, 9], ""eps1"": 10, ""distance_median"": 0.5697515106056097}"
22,rflbat,rflbat_cluster_filter,"[0, 41, 83, 69, 8, 72, 19, 26, 4, 52, 41, 83, 69, 8, 72, 19, 26, 4, 52]",[],"{""accepted_indices"": [0, 1, 2, 3, 4, 5, 6, 7, 8, 9, 1, 2, 3, 4, 5, 6, 7, 8, 9], ""num_clusters"": 1, ""cluster_scores"": [0.14855594895563007]}"
22,rflbat,rflbat_final_distance_filter,"[41, 83, 69, 8, 72, 19, 26, 4, 52]",[0],"{""accepted_indices"": [1, 2, 3, 4, 5, 6, 7, 8, 9, 1, 2, 3, 4, 5, 6, 7, 8, 9], ""eps2"": 6, ""distance_median"": 0.736772748973852}"
23,rflbat,rflbat_first_distance_filter,"[4, 78, 92, 25, 12, 76, 24, 52, 89, 40, 78, 92, 25, 12, 76, 24, 52, 89, 40]",[],"{""accepted_indices"": [0, 1, 2, 3, 4, 5, 6, 7, 8, 9, 1, 2, 3, 4, 5, 6, 7, 8, 9], ""eps1"": 10, ""distance_median"": 0.21929336058388088}"
23,rflbat,rflbat_cluster_filter,"[4, 78, 92, 25, 12, 76, 24, 52, 89, 40, 78, 92, 25, 12, 76, 24, 52, 89, 40]",[],"{""accepted_indices"": [0, 1, 2, 3, 4, 5, 6, 7, 8, 9, 1, 2, 3, 4, 5, 6, 7, 8, 9], ""num_clusters"": 1, ""cluster_scores"": [0.1268983436536086]}"
23,rflbat,rflbat_final_distance_filter,"[78, 92, 25, 12, 76, 24, 52, 89, 40]",[4],"{""accepted_indices"": [1, 2, 3, 4, 5, 6, 7, 8, 9, 1, 2, 3, 4, 5, 6, 7, 8, 9], ""eps2"": 6, ""distance_median"": 0.31816077405735077}"
24,rflbat,rflbat_first_distance_filter,"[3, 6, 98, 54, 77, 5, 71, 59, 84, 15, 6, 98, 54, 77, 5, 71, 59, 84, 15]",[],"{""accepted_indices"": [0, 1, 2, 3, 4, 5, 6, 7, 8, 9, 1, 2, 3, 4, 5, 6, 7, 8, 9], ""eps1"": 10, ""distance_median"": 0.3195667564736608}"
24,rflbat,rflbat_cluster_filter,"[6, 98, 77, 5, 59, 84, 15, 6, 98, 77, 5, 59, 84, 15]","[3, 54, 71]","{""accepted_indices"": [1, 2, 4, 5, 7, 8, 9, 1, 2, 4, 5, 7, 8, 9], ""num_clusters"": 4, ""cluster_scores"": [0.1372538067783703, 1.0000000000017815, 1, 1.000000000001093]}"
24,rflbat,rflbat_final_distance_filter,"[6, 98, 77, 5, 59, 84, 15]","[3, 54, 71]","{""accepted_indices"": [1, 2, 4, 5, 7, 8, 9, 1, 2, 4, 5, 7, 8, 9], ""eps2"": 6, ""distance_median"": 0.07283632625679821}"
25,rflbat,rflbat_first_distance_filter,"[0, 33, 3, 97, 25, 99, 42, 35, 84, 34, 33, 3, 97, 25, 99, 42, 35, 84, 34]",[],"{""accepted_indices"": [0, 1, 2, 3, 4, 5, 6, 7, 8, 9, 1, 2, 3, 4, 5, 6, 7, 8, 9], ""eps1"": 10, ""distance_median"": 0.6111006339034175}"
25,rflbat,rflbat_cluster_filter,"[33, 97, 99, 42, 35, 84, 34, 33, 97, 99, 42, 35, 84, 34]","[0, 3, 25]","{""accepted_indices"": [1, 3, 5, 6, 7, 8, 9, 1, 3, 5, 6, 7, 8, 9], ""num_clusters"": 4, ""cluster_scores"": [1, 0.16334750329857378, 1.000000000002896, 1.000000000001682]}"
25,rflbat,rflbat_final_distance_filter,"[33, 97, 99, 42, 35, 84, 34]","[0, 3, 25]","{""accepted_indices"": [1, 3, 5, 6, 7, 8, 9, 1, 3, 5, 6, 7, 8, 9], ""eps2"": 6, ""distance_median"": 0.08081766550160545}"
26,rflbat,rflbat_first_distance_filter,"[4, 38, 66, 10, 58, 59, 33, 43, 41, 68, 38, 66, 10, 58, 59, 33, 43, 41, 68]",[],"{""accepted_indices"": [0, 1, 2, 3, 4, 5, 6, 7, 8, 9, 1, 2, 3, 4, 5, 6, 7, 8, 9], ""eps1"": 10, ""distance_median"": 0.29628136226740576}"
26,rflbat,rflbat_cluster_filter,"[38, 66, 10, 58, 59, 33, 43, 41, 68, 38, 66, 10, 58, 59, 33, 43, 41, 68]",[4],"{""accepted_indices"": [1, 2, 3, 4, 5, 6, 7, 8, 9, 1, 2, 3, 4, 5, 6, 7, 8, 9], ""num_clusters"": 2, ""cluster_scores"": [0.12580112310857075, 1]}"
26,rflbat,rflbat_final_distance_filter,"[38, 66, 10, 58, 59, 33, 43, 41, 68]",[4],"{""accepted_indices"": [1, 2, 3, 4, 5, 6, 7, 8, 9, 1, 2, 3, 4, 5, 6, 7, 8, 9], ""eps2"": 6, ""distance_median"": 0.31967344343904514}"
27,rflbat,rflbat_first_distance_filter,"[0, 89, 21, 47, 20, 72, 35, 29, 15, 73, 89, 21, 47, 20, 72, 35, 29, 15, 73]",[],"{""accepted_indices"": [0, 1, 2, 3, 4, 5, 6, 7, 8, 9, 1, 2, 3, 4, 5, 6, 7, 8, 9], ""eps1"": 10, ""distance_median"": 0.6317630123702961}"
27,rflbat,rflbat_cluster_filter,"[0, 89, 21, 47, 20, 72, 35, 29, 15, 73, 89, 21, 47, 20, 72, 35, 29, 15, 73]",[],"{""accepted_indices"": [0, 1, 2, 3, 4, 5, 6, 7, 8, 9, 1, 2, 3, 4, 5, 6, 7, 8, 9], ""num_clusters"": 1, ""cluster_scores"": [0.1334481541921603]}"
27,rflbat,rflbat_final_distance_filter,"[89, 21, 47, 20, 72, 35, 29, 15, 73]",[0],"{""accepted_indices"": [1, 2, 3, 4, 5, 6, 7, 8, 9, 1, 2, 3, 4, 5, 6, 7, 8, 9], ""eps2"": 6, ""distance_median"": 0.8673100587151338}"
28,rflbat,rflbat_first_distance_filter,"[0, 41, 83, 55, 18, 44, 6, 49, 71, 25, 41, 83, 55, 18, 44, 6, 49, 71, 25]",[],"{""accepted_indices"": [0, 1, 2, 3, 4, 5, 6, 7, 8, 9, 1, 2, 3, 4, 5, 6, 7, 8, 9], ""eps1"": 10, ""distance_median"": 0.5644462115179658}"
28,rflbat,rflbat_cluster_filter,"[0, 41, 83, 55, 18, 44, 6, 49, 71, 25, 41, 83, 55, 18, 44, 6, 49, 71, 25]",[],"{""accepted_indices"": [0, 1, 2, 3, 4, 5, 6, 7, 8, 9, 1, 2, 3, 4, 5, 6, 7, 8, 9], ""num_clusters"": 1, ""cluster_scores"": [0.1661250468003593]}"
28,rflbat,rflbat_final_distance_filter,"[41, 83, 55, 18, 44, 6, 49, 71, 25]",[0],"{""accepted_indices"": [1, 2, 3, 4, 5, 6, 7, 8, 9, 1, 2, 3, 4, 5, 6, 7, 8, 9], ""eps2"": 6, ""distance_median"": 0.7021738304473594}"
29,rflbat,rflbat_first_distance_filter,"[3, 62, 44, 68, 66, 58, 16, 37, 30, 89, 62, 44, 68, 66, 58, 16, 37, 30, 89]",[],"{""accepted_indices"": [0, 1, 2, 3, 4, 5, 6, 7, 8, 9, 1, 2, 3, 4, 5, 6, 7, 8, 9], ""eps1"": 10, ""distance_median"": 0.3220610966481763}"
29,rflbat,rflbat_cluster_filter,"[3, 62, 44, 68, 66, 58, 16, 37, 30, 89, 62, 44, 68, 66, 58, 16, 37, 30, 89]",[],"{""accepted_indices"": [0, 1, 2, 3, 4, 5, 6, 7, 8, 9, 1, 2, 3, 4, 5, 6, 7, 8, 9], ""num_clusters"": 1, ""cluster_scores"": [0.11228230596936646]}"
29,rflbat,rflbat_final_distance_filter,"[62, 44, 68, 66, 58, 16, 37, 30, 89]",[3],"{""accepted_indices"": [1, 2, 3, 4, 5, 6, 7, 8, 9, 1, 2, 3, 4, 5, 6, 7, 8, 9], ""eps2"": 6, ""distance_median"": 0.4458356274122737}"
30,rflbat,rflbat_first_distance_filter,"[3, 99, 4, 12, 64, 79, 40, 32, 34, 29, 99, 4, 12, 64, 79, 40, 32, 34, 29]",[],"{""accepted_indices"": [0, 1, 2, 3, 4, 5, 6, 7, 8, 9, 1, 2, 3, 4, 5, 6, 7, 8, 9], ""eps1"": 10, ""distance_median"": 0.34356938700466155}"
30,rflbat,rflbat_cluster_filter,"[64, 79, 34, 29, 64, 79, 34, 29]","[3, 99, 4, 12, 40, 32]","{""accepted_indices"": [4, 5, 8, 9, 4, 5, 8, 9], ""num_clusters"": 7, ""cluster_scores"": [0.3409036478049, 1.000000000003159, 1, 1.0000000000009097, 1.0000000000012896, 1.0000000000009375, 1.000000000000901]}"
30,rflbat,rflbat_final_distance_filter,"[64, 79, 34, 29]","[3, 99, 4, 12, 40, 32]","{""accepted_indices"": [4, 5, 8, 9, 4, 5, 8, 9], ""eps2"": 6, ""distance_median"": 0.004566970211798617}"
31,rflbat,rflbat_first_distance_filter,"[2, 26, 79, 14, 28, 24, 52, 10, 37, 47, 26, 79, 14, 28, 24, 52, 10, 37, 47]",[],"{""accepted_indices"": [0, 1, 2, 3, 4, 5, 6, 7, 8, 9, 1, 2, 3, 4, 5, 6, 7, 8, 9], ""eps1"": 10, ""distance_median"": 0.3298229366591659}"
31,rflbat,rflbat_cluster_filter,"[2, 26, 79, 14, 28, 24, 52, 10, 37, 47, 26, 79, 14, 28, 24, 52, 10, 37, 47]",[],"{""accepted_indices"": [0, 1, 2, 3, 4, 5, 6, 7, 8, 9, 1, 2, 3, 4, 5, 6, 7, 8, 9], ""num_clusters"": 1, ""cluster_scores"": [0.09985193448617964]}"
31,rflbat,rflbat_final_distance_filter,"[26, 79, 14, 28, 24, 52, 10, 37, 47]",[2],"{""accepted_indices"": [1, 2, 3, 4, 5, 6, 7, 8, 9, 1, 2, 3, 4, 5, 6, 7, 8, 9], ""eps2"": 6, ""distance_median"": 0.46923331275312974}"
32,rflbat,rflbat_first_distance_filter,"[3, 81, 83, 18, 79, 10, 32, 15, 94, 6, 81, 83, 18, 79, 10, 32, 15, 94, 6]",[],"{""accepted_indices"": [0, 1, 2, 3, 4, 5, 6, 7, 8, 9, 1, 2, 3, 4, 5, 6, 7, 8, 9], ""eps1"": 10, ""distance_median"": 0.35580547528374395}"
32,rflbat,rflbat_cluster_filter,"[3, 81, 83, 18, 79, 10, 32, 15, 94, 6, 81, 83, 18, 79, 10, 32, 15, 94, 6]",[],"{""accepted_indices"": [0, 1, 2, 3, 4, 5, 6, 7, 8, 9, 1, 2, 3, 4, 5, 6, 7, 8, 9], ""num_clusters"": 1, ""cluster_scores"": [0.14759423847543626]}"
32,rflbat,rflbat_final_distance_filter,"[81, 83, 18, 79, 10, 32, 15, 94, 6]",[3],"{""accepted_indices"": [1, 2, 3, 4, 5, 6, 7, 8, 9, 1, 2, 3, 4, 5, 6, 7, 8, 9], ""eps2"": 6, ""distance_median"": 0.5163772351488689}"
33,rflbat,rflbat_first_distance_filter,"[2, 68, 69, 85, 40, 96, 88, 53, 55, 3, 68, 69, 85, 40, 96, 88, 53, 55, 3]",[],"{""accepted_indices"": [0, 1, 2, 3, 4, 5, 6, 7, 8, 9, 1, 2, 3, 4, 5, 6, 7, 8, 9], ""eps1"": 10, ""distance_median"": 0.5608658880275121}"
33,rflbat,rflbat_cluster_filter,"[2, 68, 69, 85, 40, 96, 88, 53, 55, 3, 68, 69, 85, 40, 96, 88, 53, 55, 3]",[],"{""accepted_indices"": [0, 1, 2, 3, 4, 5, 6, 7, 8, 9, 1, 2, 3, 4, 5, 6, 7, 8, 9], ""num_clusters"": 1, ""cluster_scores"": [0.09288235294512251]}"
33,rflbat,rflbat_final_distance_filter,"[2, 68, 69, 85, 40, 96, 88, 53, 55, 3]",[],"{""accepted_indices"": [0, 1, 2, 3, 4, 5, 6, 7, 8, 9, 1, 2, 3, 4, 5, 6, 7, 8, 9], ""eps2"": 6, ""distance_median"": 0.9326045158851454}"
34,rflbat,rflbat_first_distance_filter,"[1, 16, 82, 92, 8, 24, 27, 9, 5, 31, 16, 82, 92, 8, 24, 27, 9, 5, 31]",[],"{""accepted_indices"": [0, 1, 2, 3, 4, 5, 6, 7, 8, 9, 1, 2, 3, 4, 5, 6, 7, 8, 9], ""eps1"": 10, ""distance_median"": 0.26445531639469383}"
34,rflbat,rflbat_cluster_filter,"[1, 16, 82, 92, 8, 24, 27, 9, 5, 31, 16, 82, 92, 8, 24, 27, 9, 5, 31]",[],"{""accepted_indices"": [0, 1, 2, 3, 4, 5, 6, 7, 8, 9, 1, 2, 3, 4, 5, 6, 7, 8, 9], ""num_clusters"": 1, ""cluster_scores"": [0.10158696553738493]}"
34,rflbat,rflbat_final_distance_filter,"[1, 16, 82, 92, 8, 24, 27, 9, 5, 31]",[],"{""accepted_indices"": [0, 1, 2, 3, 4, 5, 6, 7, 8, 9, 1, 2, 3, 4, 5, 6, 7, 8, 9], ""eps2"": 6, ""distance_median"": 0.4064870267468662}"
35,rflbat,rflbat_first_distance_filter,"[3, 5, 95, 25, 51, 90, 16, 62, 73, 17, 5, 95, 25, 51, 90, 16, 62, 73, 17]",[],"{""accepted_indices"": [0, 1, 2, 3, 4, 5, 6, 7, 8, 9, 1, 2, 3, 4, 5, 6, 7, 8, 9], ""eps1"": 10, ""distance_median"": 0.3256228947644282}"
35,rflbat,rflbat_cluster_filter,"[3, 5, 95, 25, 51, 90, 16, 62, 73, 17, 5, 95, 25, 51, 90, 16, 62, 73, 17]",[],"{""accepted_indices"": [0, 1, 2, 3, 4, 5, 6, 7, 8, 9, 1, 2, 3, 4, 5, 6, 7, 8, 9], ""num_clusters"": 1, ""cluster_scores"": [0.097063190846428]}"
35,rflbat,rflbat_final_distance_filter,"[3, 5, 95, 25, 51, 90, 16, 62, 73, 17]",[],"{""accepted_indices"": [0, 1, 2, 3, 4, 5, 6, 7, 8, 9, 1, 2, 3, 4, 5, 6, 7, 8, 9], ""eps2"": 6, ""distance_median"": 0.6128611384576892}"
36,rflbat,rflbat_first_distance_filter,"[2, 87, 66, 21, 58, 24, 1, 3, 56, 88, 87, 66, 21, 58, 24, 1, 3, 56, 88]",[],"{""accepted_indices"": [0, 1, 2, 3, 4, 5, 6, 7, 8, 9, 1, 2, 3, 4, 5, 6, 7, 8, 9], ""eps1"": 10, ""distance_median"": 0.34679245560051575}"
36,rflbat,rflbat_cluster_filter,"[2, 87, 66, 21, 58, 24, 1, 3, 56, 88, 87, 66, 21, 58, 24, 1, 3, 56, 88]",[],"{""accepted_indices"": [0, 1, 2, 3, 4, 5, 6, 7, 8, 9, 1, 2, 3, 4, 5, 6, 7, 8, 9], ""num_clusters"": 1, ""cluster_scores"": [0.1268286006671663]}"
36,rflbat,rflbat_final_distance_filter,"[2, 87, 66, 21, 58, 24, 1, 3, 56, 88]",[],"{""accepted_indices"": [0, 1, 2, 3, 4, 5, 6, 7, 8, 9, 1, 2, 3, 4, 5, 6, 7, 8, 9], ""eps2"": 6, ""distance_median"": 0.5933969078861121}"
37,rflbat,rflbat_first_distance_filter,"[2, 5, 8, 92, 3, 48, 53, 13, 52, 14, 5, 8, 92, 3, 48, 53, 13, 52, 14]",[],"{""accepted_indices"": [0, 1, 2, 3, 4, 5, 6, 7, 8, 9, 1, 2, 3, 4, 5, 6, 7, 8, 9], ""eps1"": 10, ""distance_median"": 0.34098294067559665}"
37,rflbat,rflbat_cluster_filter,"[2, 5, 8, 92, 3, 48, 53, 13, 52, 14, 5, 8, 92, 3, 48, 53, 13, 52, 14]",[],"{""accepted_indices"": [0, 1, 2, 3, 4, 5, 6, 7, 8, 9, 1, 2, 3, 4, 5, 6, 7, 8, 9], ""num_clusters"": 1, ""cluster_scores"": [0.10464523351279567]}"
37,rflbat,rflbat_final_distance_filter,"[2, 5, 8, 92, 3, 48, 53, 13, 52, 14]",[],"{""accepted_indices"": [0, 1, 2, 3, 4, 5, 6, 7, 8, 9, 1, 2, 3, 4, 5, 6, 7, 8, 9], ""eps2"": 6, ""distance_median"": 0.5114621398368769}"
38,rflbat,rflbat_first_distance_filter,"[0, 42, 39, 55, 90, 25, 77, 73, 78, 70, 42, 39, 55, 90, 25, 77, 73, 78, 70]",[],"{""accepted_indices"": [0, 1, 2, 3, 4, 5, 6, 7, 8, 9, 1, 2, 3, 4, 5, 6, 7, 8, 9], ""eps1"": 10, ""distance_median"": 0.6335341015547808}"
38,rflbat,rflbat_cluster_filter,"[42, 39, 55, 90, 25, 77, 73, 78, 70, 42, 39, 55, 90, 25, 77, 73, 78, 70]",[0],"{""accepted_indices"": [1, 2, 3, 4, 5, 6, 7, 8, 9, 1, 2, 3, 4, 5, 6, 7, 8, 9], ""num_clusters"": 2, ""cluster_scores"": [0.13035176101178447, 1]}"
38,rflbat,rflbat_final_distance_filter,"[42, 39, 55, 90, 25, 77, 73, 78, 70]",[0],"{""accepted_indices"": [1, 2, 3, 4, 5, 6, 7, 8, 9, 1, 2, 3, 4, 5, 6, 7, 8, 9], ""eps2"": 6, ""distance_median"": 0.5067461912084257}"
39,rflbat,rflbat_first_distance_filter,"[3, 46, 64, 88, 1, 68, 33, 14, 89, 25, 46, 64, 88, 1, 68, 33, 14, 89, 25]",[],"{""accepted_indices"": [0, 1, 2, 3, 4, 5, 6, 7, 8, 9, 1, 2, 3, 4, 5, 6, 7, 8, 9], ""eps1"": 10, ""distance_median"": 0.29438782304213285}"
39,rflbat,rflbat_cluster_filter,"[3, 46, 64, 1, 68, 33, 14, 89, 25, 46, 64, 1, 68, 33, 14, 89, 25]",[88],"{""accepted_indices"": [0, 1, 2, 4, 5, 6, 7, 8, 9, 1, 2, 4, 5, 6, 7, 8, 9], ""num_clusters"": 2, ""cluster_scores"": [0.18113951926225944, 1.0000000000014637]}"
39,rflbat,rflbat_final_distance_filter,"[3, 46, 64, 1, 68, 33, 14, 89, 25]",[88],"{""accepted_indices"": [0, 1, 2, 4, 5, 6, 7, 8, 9, 1, 2, 4, 5, 6, 7, 8, 9], ""eps2"": 6, ""distance_median"": 0.3231358854866818}"
40,rflbat,rflbat_first_distance_filter,"[1, 8, 55, 21, 82, 41, 99, 45, 23, 65, 8, 55, 21, 82, 41, 99, 45, 23, 65]",[],"{""accepted_indices"": [0, 1, 2, 3, 4, 5, 6, 7, 8, 9, 1, 2, 3, 4, 5, 6, 7, 8, 9], ""eps1"": 10, ""distance_median"": 0.38290884416872634}"
40,rflbat,rflbat_cluster_filter,"[1, 8, 55, 21, 82, 41, 99, 45, 23, 65, 8, 55, 21, 82, 41, 99, 45, 23, 65]",[],"{""accepted_indices"": [0, 1, 2, 3, 4, 5, 6, 7, 8, 9, 1, 2, 3, 4, 5, 6, 7, 8, 9], ""num_clusters"": 1, ""cluster_scores"": [0.13087636599577987]}"
40,rflbat,rflbat_final_distance_filter,"[1, 8, 55, 21, 82, 41, 99, 45, 23, 65]",[],"{""accepted_indices"": [0, 1, 2, 3, 4, 5, 6, 7, 8, 9, 1, 2, 3, 4, 5, 6, 7, 8, 9], ""eps2"": 6, ""distance_median"": 0.6882431815642246}"
41,rflbat,rflbat_first_distance_filter,"[1, 39, 50, 54, 28, 32, 67, 94, 75, 26, 39, 50, 54, 28, 32, 67, 94, 75, 26]",[],"{""accepted_indices"": [0, 1, 2, 3, 4, 5, 6, 7, 8, 9, 1, 2, 3, 4, 5, 6, 7, 8, 9], ""eps1"": 10, ""distance_median"": 0.22797654059262693}"
41,rflbat,rflbat_cluster_filter,"[1, 39, 50, 54, 28, 32, 67, 94, 75, 26, 39, 50, 54, 28, 32, 67, 94, 75, 26]",[],"{""accepted_indices"": [0, 1, 2, 3, 4, 5, 6, 7, 8, 9, 1, 2, 3, 4, 5, 6, 7, 8, 9], ""num_clusters"": 1, ""cluster_scores"": [0.10605812650313418]}"
41,rflbat,rflbat_final_distance_filter,"[1, 39, 50, 54, 28, 32, 67, 94, 75, 26]",[],"{""accepted_indices"": [0, 1, 2, 3, 4, 5, 6, 7, 8, 9, 1, 2, 3, 4, 5, 6, 7, 8, 9], ""eps2"": 6, ""distance_median"": 0.39503077933894615}"
42,rflbat,rflbat_first_distance_filter,"[1, 59, 29, 14, 47, 98, 70, 71, 92, 53, 59, 29, 14, 47, 98, 70, 71, 92, 53]",[],"{""accepted_indices"": [0, 1, 2, 3, 4, 5, 6, 7, 8, 9, 1, 2, 3, 4, 5, 6, 7, 8, 9], ""eps1"": 10, ""distance_median"": 0.1914712449029879}"
42,rflbat,rflbat_cluster_filter,"[1, 59, 29, 14, 47, 98, 70, 71, 92, 53, 59, 29, 14, 47, 98, 70, 71, 92, 53]",[],"{""accepted_indices"": [0, 1, 2, 3, 4, 5, 6, 7, 8, 9, 1, 2, 3, 4, 5, 6, 7, 8, 9], ""num_clusters"": 1, ""cluster_scores"": [0.13334323231594705]}"
42,rflbat,rflbat_final_distance_filter,"[1, 59, 29, 14, 47, 98, 70, 71, 92, 53]",[],"{""accepted_indices"": [0, 1, 2, 3, 4, 5, 6, 7, 8, 9, 1, 2, 3, 4, 5, 6, 7, 8, 9], ""eps2"": 6, ""distance_median"": 0.3459325751676841}"
43,rflbat,rflbat_first_distance_filter,"[2, 28, 44, 85, 19, 90, 11, 26, 47, 51, 28, 44, 85, 19, 90, 11, 26, 47, 51]",[],"{""accepted_indices"": [0, 1, 2, 3, 4, 5, 6, 7, 8, 9, 1, 2, 3, 4, 5, 6, 7, 8, 9], ""eps1"": 10, ""distance_median"": 0.2737322472373544}"
43,rflbat,rflbat_cluster_filter,"[28, 44, 85, 19, 90, 11, 47, 51, 28, 44, 85, 19, 90, 11, 47, 51]","[2, 26]","{""accepted_indices"": [1, 2, 3, 4, 5, 6, 8, 9, 1, 2, 3, 4, 5, 6, 8, 9], ""num_clusters"": 3, ""cluster_scores"": [0.14212881473347677, 1, 1.0000000000031994]}"
43,rflbat,rflbat_final_distance_filter,"[28, 44, 85, 19, 90, 11, 47, 51]","[2, 26]","{""accepted_indices"": [1, 2, 3, 4, 5, 6, 8, 9, 1, 2, 3, 4, 5, 6, 8, 9], ""eps2"": 6, ""distance_median"": 0.23465717234587252}"
44,rflbat,rflbat_first_distance_filter,"[2, 44, 68, 91, 7, 33, 39, 22, 69, 25, 44, 68, 91, 7, 33, 39, 22, 69, 25]",[],"{""accepted_indices"": [0, 1, 2, 3, 4, 5, 6, 7, 8, 9, 1, 2, 3, 4, 5, 6, 7, 8, 9], ""eps1"": 10, ""distance_median"": 0.1824180505466383}"
44,rflbat,rflbat_cluster_filter,"[2, 44, 68, 91, 7, 33, 39, 22, 69, 25, 44, 68, 91, 7, 33, 39, 22, 69, 25]",[],"{""accepted_indices"": [0, 1, 2, 3, 4, 5, 6, 7, 8, 9, 1, 2, 3, 4, 5, 6, 7, 8, 9], ""num_clusters"": 1, ""cluster_scores"": [0.128856425837697]}"
44,rflbat,rflbat_final_distance_filter,"[2, 44, 68, 91, 7, 33, 39, 22, 69, 25]",[],"{""accepted_indices"": [0, 1, 2, 3, 4, 5, 6, 7, 8, 9, 1, 2, 3, 4, 5, 6, 7, 8, 9], ""eps2"": 6, ""distance_median"": 0.28335978883505525}"
45,rflbat,rflbat_first_distance_filter,"[2, 6, 97, 58, 99, 13, 17, 78, 82, 27, 6, 97, 58, 99, 13, 17, 78, 82, 27]",[],"{""accepted_indices"": [0, 1, 2, 3, 4, 5, 6, 7, 8, 9, 1, 2, 3, 4, 5, 6, 7, 8, 9], ""eps1"": 10, ""distance_median"": 0.2961943964773572}"
45,rflbat,rflbat_cluster_filter,"[2, 6, 97, 58, 99, 13, 17, 78, 82, 27, 6, 97, 58, 99, 13, 17, 78, 82, 27]",[],"{""accepted_indices"": [0, 1, 2, 3, 4, 5, 6, 7, 8, 9, 1, 2, 3, 4, 5, 6, 7, 8, 9], ""num_clusters"": 1, ""cluster_scores"": [0.12554076898282263]}"
45,rflbat,rflbat_final_distance_filter,"[2, 6, 97, 58, 99, 13, 17, 78, 82, 27]",[],"{""accepted_indices"": [0, 1, 2, 3, 4, 5, 6, 7, 8, 9, 1, 2, 3, 4, 5, 6, 7, 8, 9], ""eps2"": 6, ""distance_median"": 0.48750985751671}"
46,rflbat,rflbat_first_distance_filter,"[3, 38, 85, 89, 29, 42, 54, 18, 40, 12, 38, 85, 89, 29, 42, 54, 18, 40, 12]",[],"{""accepted_indices"": [0, 1, 2, 3, 4, 5, 6, 7, 8, 9, 1, 2, 3, 4, 5, 6, 7, 8, 9], ""eps1"": 10, ""distance_median"": 0.26199110757570815}"
46,rflbat,rflbat_cluster_filter,"[3, 38, 85, 89, 29, 42, 54, 18, 40, 12, 38, 85, 89, 29, 42, 54, 18, 40, 12]",[],"{""accepted_indices"": [0, 1, 2, 3, 4, 5, 6, 7, 8, 9, 1, 2, 3, 4, 5, 6, 7, 8, 9], ""num_clusters"": 1, ""cluster_scores"": [0.15218543071339724]}"
46,rflbat,rflbat_final_distance_filter,"[3, 38, 85, 89, 29, 42, 54, 18, 40, 12]",[],"{""accepted_indices"": [0, 1, 2, 3, 4, 5, 6, 7, 8, 9, 1, 2, 3, 4, 5, 6, 7, 8, 9], ""eps2"": 6, ""distance_median"": 0.47439021151051225}"
47,rflbat,rflbat_first_distance_filter,"[0, 48, 76, 70, 57, 27, 13, 46, 83, 6, 48, 76, 70, 57, 27, 13, 46, 83, 6]",[],"{""accepted_indices"": [0, 1, 2, 3, 4, 5, 6, 7, 8, 9, 1, 2, 3, 4, 5, 6, 7, 8, 9], ""eps1"": 10, ""distance_median"": 0.47818910400407066}"
47,rflbat,rflbat_cluster_filter,"[0, 48, 76, 70, 57, 27, 13, 46, 83, 6, 48, 76, 70, 57, 27, 13, 46, 83, 6]",[],"{""accepted_indices"": [0, 1, 2, 3, 4, 5, 6, 7, 8, 9, 1, 2, 3, 4, 5, 6, 7, 8, 9], ""num_clusters"": 1, ""cluster_scores"": [0.14275594803985636]}"
47,rflbat,rflbat_final_distance_filter,"[48, 76, 70, 57, 27, 13, 46, 83, 6]",[0],"{""accepted_indices"": [1, 2, 3, 4, 5, 6, 7, 8, 9, 1, 2, 3, 4, 5, 6, 7, 8, 9], ""eps2"": 6, ""distance_median"": 0.6017838946202247}"
48,rflbat,rflbat_first_distance_filter,"[1, 27, 72, 38, 7, 54, 21, 12, 88, 77, 27, 72, 38, 7, 54, 21, 12, 88, 77]",[],"{""accepted_indices"": [0, 1, 2, 3, 4, 5, 6, 7, 8, 9, 1, 2, 3, 4, 5, 6, 7, 8, 9], ""eps1"": 10, ""distance_median"": 0.29077906620150135}"
48,rflbat,rflbat_cluster_filter,"[1, 27, 72, 38, 7, 54, 21, 12, 88, 77, 27, 72, 38, 7, 54, 21, 12, 88, 77]",[],"{""accepted_indices"": [0, 1, 2, 3, 4, 5, 6, 7, 8, 9, 1, 2, 3, 4, 5, 6, 7, 8, 9], ""num_clusters"": 1, ""cluster_scores"": [0.09597216397465322]}"
48,rflbat,rflbat_final_distance_filter,"[1, 27, 72, 38, 7, 54, 21, 12, 88, 77]",[],"{""accepted_indices"": [0, 1, 2, 3, 4, 5, 6, 7, 8, 9, 1, 2, 3, 4, 5, 6, 7, 8, 9], ""eps2"": 6, ""distance_median"": 0.558547380991482}"
49,rflbat,rflbat_first_distance_filter,"[3, 57, 34, 7, 60, 58, 65, 10, 12, 16, 57, 34, 7, 60, 58, 65, 10, 12, 16]",[],"{""accepted_indices"": [0, 1, 2, 3, 4, 5, 6, 7, 8, 9, 1, 2, 3, 4, 5, 6, 7, 8, 9], ""eps1"": 10, ""distance_median"": 0.172951411958013}"
49,rflbat,rflbat_cluster_filter,"[3, 57, 34, 7, 60, 58, 65, 10, 12, 16, 57, 34, 7, 60, 58, 65, 10, 12, 16]",[],"{""accepted_indices"": [0, 1, 2, 3, 4, 5, 6, 7, 8, 9, 1, 2, 3, 4, 5, 6, 7, 8, 9], ""num_clusters"": 1, ""cluster_scores"": [0.11367145351266932]}"
49,rflbat,rflbat_final_distance_filter,"[3, 57, 34, 7, 60, 58, 65, 10, 12, 16]",[],"{""accepted_indices"": [0, 1, 2, 3, 4, 5, 6, 7, 8, 9, 1, 2, 3, 4, 5, 6, 7, 8, 9], ""eps2"": 6, ""distance_median"": 0.2953117261250792}"
50,rflbat,rflbat_first_distance_filter,"[3, 56, 36, 31, 48, 94, 83, 81, 97, 42, 56, 36, 31, 48, 94, 83, 81, 97, 42]",[],"{""accepted_indices"": [0, 1, 2, 3, 4, 5, 6, 7, 8, 9, 1, 2, 3, 4, 5, 6, 7, 8, 9], ""eps1"": 10, ""distance_median"": 0.35879983761470535}"
50,rflbat,rflbat_cluster_filter,"[3, 56, 36, 31, 48, 94, 83, 81, 97, 42, 56, 36, 31, 48, 94, 83, 81, 97, 42]",[],"{""accepted_indices"": [0, 1, 2, 3, 4, 5, 6, 7, 8, 9, 1, 2, 3, 4, 5, 6, 7, 8, 9], ""num_clusters"": 1, ""cluster_scores"": [0.10488353385862599]}"
50,rflbat,rflbat_final_distance_filter,"[3, 56, 36, 31, 48, 94, 83, 81, 97, 42]",[],"{""accepted_indices"": [0, 1, 2, 3, 4, 5, 6, 7, 8, 9, 1, 2, 3, 4, 5, 6, 7, 8, 9], ""eps2"": 6, ""distance_median"": 0.6972571074680098}"
51,rflbat,rflbat_first_distance_filter,"[4, 23, 69, 8, 84, 3, 64, 32, 70, 95, 23, 69, 8, 84, 3, 64, 32, 70, 95]",[],"{""accepted_indices"": [0, 1, 2, 3, 4, 5, 6, 7, 8, 9, 1, 2, 3, 4, 5, 6, 7, 8, 9], ""eps1"": 10, ""distance_median"": 0.24212752583865582}"
51,rflbat,rflbat_cluster_filter,"[4, 23, 69, 8, 84, 3, 64, 32, 70, 95, 23, 69, 8, 84, 3, 64, 32, 70, 95]",[],"{""accepted_indices"": [0, 1, 2, 3, 4, 5, 6, 7, 8, 9, 1, 2, 3, 4, 5, 6, 7, 8, 9], ""num_clusters"": 1, ""cluster_scores"": [0.16822659142670804]}"
51,rflbat,rflbat_final_distance_filter,"[4, 23, 69, 8, 84, 3, 64, 32, 70, 95]",[],"{""accepted_indices"": [0, 1, 2, 3, 4, 5, 6, 7, 8, 9, 1, 2, 3, 4, 5, 6, 7, 8, 9], ""eps2"": 6, ""distance_median"": 0.4010598113461997}"
52,rflbat,rflbat_first_distance_filter,"[2, 99, 46, 88, 98, 23, 16, 47, 59, 56, 99, 46, 88, 98, 23, 16, 47, 59, 56]",[],"{""accepted_indices"": [0, 1, 2, 3, 4, 5, 6, 7, 8, 9, 1, 2, 3, 4, 5, 6, 7, 8, 9], ""eps1"": 10, ""distance_median"": 0.26338889108420904}"
52,rflbat,rflbat_cluster_filter,"[2, 99, 46, 88, 98, 23, 16, 47, 59, 56, 99, 46, 88, 98, 23, 16, 47, 59, 56]",[],"{""accepted_indices"": [0, 1, 2, 3, 4, 5, 6, 7, 8, 9, 1, 2, 3, 4, 5, 6, 7, 8, 9], ""num_clusters"": 1, ""cluster_scores"": [0.07727528749891921]}"
52,rflbat,rflbat_final_distance_filter,"[2, 99, 46, 88, 98, 23, 16, 47, 59, 56]",[],"{""accepted_indices"": [0, 1, 2, 3, 4, 5, 6, 7, 8, 9, 1, 2, 3, 4, 5, 6, 7, 8, 9], ""eps2"": 6, ""distance_median"": 0.45197008090080626}"
53,rflbat,rflbat_first_distance_filter,"[1, 67, 70, 92, 53, 68, 64, 31, 93, 87, 67, 70, 92, 53, 68, 64, 31, 93, 87]",[],"{""accepted_indices"": [0, 1, 2, 3, 4, 5, 6, 7, 8, 9, 1, 2, 3, 4, 5, 6, 7, 8, 9], ""eps1"": 10, ""distance_median"": 0.16607642056231176}"
53,rflbat,rflbat_cluster_filter,"[1, 67, 70, 92, 53, 64, 31, 93, 87, 67, 70, 92, 53, 64, 31, 93, 87]",[68],"{""accepted_indices"": [0, 1, 2, 3, 4, 6, 7, 8, 9, 1, 2, 3, 4, 6, 7, 8, 9], ""num_clusters"": 2, ""cluster_scores"": [0.11263467495472611, 1.000000000001656]}"
53,rflbat,rflbat_final_distance_filter,"[1, 67, 70, 92, 53, 64, 31, 93, 87]",[68],"{""accepted_indices"": [0, 1, 2, 3, 4, 6, 7, 8, 9, 1, 2, 3, 4, 6, 7, 8, 9], ""eps2"": 6, ""distance_median"": 0.20379352357321517}"
54,rflbat,rflbat_first_distance_filter,"[4, 8, 13, 41, 47, 91, 34, 33, 18, 20, 8, 13, 41, 47, 91, 34, 33, 18, 20]",[],"{""accepted_indices"": [0, 1, 2, 3, 4, 5, 6, 7, 8, 9, 1, 2, 3, 4, 5, 6, 7, 8, 9], ""eps1"": 10, ""distance_median"": 0.29200208715966913}"
54,rflbat,rflbat_cluster_filter,"[4, 8, 13, 41, 47, 91, 34, 33, 18, 20, 8, 13, 41, 47, 91, 34, 33, 18, 20]",[],"{""accepted_indices"": [0, 1, 2, 3, 4, 5, 6, 7, 8, 9, 1, 2, 3, 4, 5, 6, 7, 8, 9], ""num_clusters"": 1, ""cluster_scores"": [0.1082139406277266]}"
54,rflbat,rflbat_final_distance_filter,"[4, 8, 13, 41, 47, 91, 34, 33, 18, 20]",[],"{""accepted_indices"": [0, 1, 2, 3, 4, 5, 6, 7, 8, 9, 1, 2, 3, 4, 5, 6, 7, 8, 9], ""eps2"": 6, ""distance_median"": 0.46695004073158164}"
55,rflbat,rflbat_first_distance_filter,"[0, 43, 3, 92, 52, 85, 12, 99, 74, 77, 43, 3, 92, 52, 85, 12, 99, 74, 77]",[],"{""accepted_indices"": [0, 1, 2, 3, 4, 5, 6, 7, 8, 9, 1, 2, 3, 4, 5, 6, 7, 8, 9], ""eps1"": 10, ""distance_median"": 0.41888880328040945}"
55,rflbat,rflbat_cluster_filter,"[0, 43, 3, 92, 52, 85, 12, 99, 74, 77, 43, 3, 92, 52, 85, 12, 99, 74, 77]",[],"{""accepted_indices"": [0, 1, 2, 3, 4, 5, 6, 7, 8, 9, 1, 2, 3, 4, 5, 6, 7, 8, 9], ""num_clusters"": 1, ""cluster_scores"": [0.1388807017709354]}"
55,rflbat,rflbat_final_distance_filter,"[43, 3, 92, 52, 85, 12, 99, 74, 77]",[0],"{""accepted_indices"": [1, 2, 3, 4, 5, 6, 7, 8, 9, 1, 2, 3, 4, 5, 6, 7, 8, 9], ""eps2"": 6, ""distance_median"": 0.5123195633562303}"
56,rflbat,rflbat_first_distance_filter,"[4, 6, 37, 50, 40, 26, 17, 2, 87, 89, 6, 37, 50, 40, 26, 17, 2, 87, 89]",[],"{""accepted_indices"": [0, 1, 2, 3, 4, 5, 6, 7, 8, 9, 1, 2, 3, 4, 5, 6, 7, 8, 9], ""eps1"": 10, ""distance_median"": 0.25375576128519506}"
56,rflbat,rflbat_cluster_filter,"[4, 6, 37, 50, 40, 26, 17, 2, 87, 89, 6, 37, 50, 40, 26, 17, 2, 87, 89]",[],"{""accepted_indices"": [0, 1, 2, 3, 4, 5, 6, 7, 8, 9, 1, 2, 3, 4, 5, 6, 7, 8, 9], ""num_clusters"": 1, ""cluster_scores"": [0.13424266335519955]}"
56,rflbat,rflbat_final_distance_filter,"[4, 6, 37, 50, 40, 26, 17, 2, 87, 89]",[],"{""accepted_indices"": [0, 1, 2, 3, 4, 5, 6, 7, 8, 9, 1, 2, 3, 4, 5, 6, 7, 8, 9], ""eps2"": 6, ""distance_median"": 0.39064535577949966}"
57,rflbat,rflbat_first_distance_filter,"[1, 19, 9, 25, 59, 3, 55, 0, 31, 56, 19, 9, 25, 59, 3, 55, 0, 31, 56]",[],"{""accepted_indices"": [0, 1, 2, 3, 4, 5, 6, 7, 8, 9, 1, 2, 3, 4, 5, 6, 7, 8, 9], ""eps1"": 10, ""distance_median"": 0.4741242594922169}"
57,rflbat,rflbat_cluster_filter,"[1, 19, 9, 25, 59, 3, 55, 0, 31, 56, 19, 9, 25, 59, 3, 55, 0, 31, 56]",[],"{""accepted_indices"": [0, 1, 2, 3, 4, 5, 6, 7, 8, 9, 1, 2, 3, 4, 5, 6, 7, 8, 9], ""num_clusters"": 1, ""cluster_scores"": [0.14807598250697476]}"
57,rflbat,rflbat_final_distance_filter,"[1, 19, 9, 25, 59, 3, 55, 31, 56]",[0],"{""accepted_indices"": [0, 1, 2, 3, 4, 5, 6, 8, 9, 1, 2, 3, 4, 5, 6, 8, 9], ""eps2"": 6, ""distance_median"": 0.9277492325540794}"
58,rflbat,rflbat_first_distance_filter,"[0, 85, 57, 20, 76, 40, 35, 84, 29, 72, 85, 57, 20, 76, 40, 35, 84, 29, 72]",[],"{""accepted_indices"": [0, 1, 2, 3, 4, 5, 6, 7, 8, 9, 1, 2, 3, 4, 5, 6, 7, 8, 9], ""eps1"": 10, ""distance_median"": 0.4740917712372196}"
58,rflbat,rflbat_cluster_filter,"[0, 85, 57, 20, 76, 40, 35, 84, 29, 72, 85, 57, 20, 76, 40, 35, 84, 29, 72]",[],"{""accepted_indices"": [0, 1, 2, 3, 4, 5, 6, 7, 8, 9, 1, 2, 3, 4, 5, 6, 7, 8, 9], ""num_clusters"": 1, ""cluster_scores"": [0.11130349633566296]}"
58,rflbat,rflbat_final_distance_filter,"[85, 57, 20, 76, 40, 35, 84, 29, 72]",[0],"{""accepted_indices"": [1, 2, 3, 4, 5, 6, 7, 8, 9, 1, 2, 3, 4, 5, 6, 7, 8, 9], ""eps2"": 6, ""distance_median"": 0.6126458506352221}"
59,rflbat,rflbat_first_distance_filter,"[2, 57, 65, 72, 32, 69, 85, 19, 0, 31, 57, 65, 72, 32, 69, 85, 19, 0, 31]",[],"{""accepted_indices"": [0, 1, 2, 3, 4, 5, 6, 7, 8, 9, 1, 2, 3, 4, 5, 6, 7, 8, 9], ""eps1"": 10, ""distance_median"": 0.4966391796531259}"
59,rflbat,rflbat_cluster_filter,"[2, 57, 65, 72, 32, 69, 85, 19, 0, 31, 57, 65, 72, 32, 69, 85, 19, 0, 31]",[],"{""accepted_indices"": [0, 1, 2, 3, 4, 5, 6, 7, 8, 9, 1, 2, 3, 4, 5, 6, 7, 8, 9], ""num_clusters"": 1, ""cluster_scores"": [0.08152858153426454]}"
59,rflbat,rflbat_final_distance_filter,"[2, 57, 65, 72, 32, 69, 85, 19, 31]",[0],"{""accepted_indices"": [0, 1, 2, 3, 4, 5, 6, 7, 9, 1, 2, 3, 4, 5, 6, 7, 9], ""eps2"": 6, ""distance_median"": 0.9815489614843398}"
60,rflbat,rflbat_first_distance_filter,"[0, 50, 7, 63, 68, 58, 78, 15, 55, 76, 50, 7, 63, 68, 58, 78, 15, 55, 76]",[],"{""accepted_indices"": [0, 1, 2, 3, 4, 5, 6, 7, 8, 9, 1, 2, 3, 4, 5, 6, 7, 8, 9], ""eps1"": 10, ""distance_median"": 0.4488887111657822}"
60,rflbat,rflbat_cluster_filter,"[0, 50, 7, 63, 68, 58, 78, 15, 55, 76, 50, 7, 63, 68, 58, 78, 15, 55, 76]",[],"{""accepted_indices"": [0, 1, 2, 3, 4, 5, 6, 7, 8, 9, 1, 2, 3, 4, 5, 6, 7, 8, 9], ""num_clusters"": 1, ""cluster_scores"": [0.13637318694044379]}"
60,rflbat,rflbat_final_distance_filter,"[50, 7, 63, 68, 58, 78, 15, 55, 76]",[0],"{""accepted_indices"": [1, 2, 3, 4, 5, 6, 7, 8, 9, 1, 2, 3, 4, 5, 6, 7, 8, 9], ""eps2"": 6, ""distance_median"": 0.5763046157496788}"
61,rflbat,rflbat_first_distance_filter,"[1, 53, 35, 11, 69, 70, 42, 87, 51, 24, 53, 35, 11, 69, 70, 42, 87, 51, 24]",[],"{""accepted_indices"": [0, 1, 2, 3, 4, 5, 6, 7, 8, 9, 1, 2, 3, 4, 5, 6, 7, 8, 9], ""eps1"": 10, ""distance_median"": 0.23049481801403524}"
61,rflbat,rflbat_cluster_filter,"[1, 53, 35, 11, 69, 70, 42, 87, 51, 24, 53, 35, 11, 69, 70, 42, 87, 51, 24]",[],"{""accepted_indices"": [0, 1, 2, 3, 4, 5, 6, 7, 8, 9, 1, 2, 3, 4, 5, 6, 7, 8, 9], ""num_clusters"": 1, ""cluster_scores"": [0.10845190978224736]}"
61,rflbat,rflbat_final_distance_filter,"[1, 53, 35, 11, 69, 70, 42, 87, 51, 24]",[],"{""accepted_indices"": [0, 1, 2, 3, 4, 5, 6, 7, 8, 9, 1, 2, 3, 4, 5, 6, 7, 8, 9], ""eps2"": 6, ""distance_median"": 0.37903146255801623}"
62,rflbat,rflbat_first_distance_filter,"[2, 36, 47, 16, 76, 62, 23, 40, 48, 78, 36, 47, 16, 76, 62, 23, 40, 48, 78]",[],"{""accepted_indices"": [0, 1, 2, 3, 4, 5, 6, 7, 8, 9, 1, 2, 3, 4, 5, 6, 7, 8, 9], ""eps1"": 10, ""distance_median"": 0.28283464492614174}"
62,rflbat,rflbat_cluster_filter,"[2, 36, 47, 16, 76, 62, 23, 40, 48, 78, 36, 47, 16, 76, 62, 23, 40, 48, 78]",[],"{""accepted_indices"": [0, 1, 2, 3, 4, 5, 6, 7, 8, 9, 1, 2, 3, 4, 5, 6, 7, 8, 9], ""num_clusters"": 1, ""cluster_scores"": [0.10125117300668225]}"
62,rflbat,rflbat_final_distance_filter,"[2, 36, 47, 16, 76, 62, 23, 40, 48, 78]",[],"{""accepted_indices"": [0, 1, 2, 3, 4, 5, 6, 7, 8, 9, 1, 2, 3, 4, 5, 6, 7, 8, 9], ""eps2"": 6, ""distance_median"": 0.5374539559626204}"
63,rflbat,rflbat_first_distance_filter,"[2, 26, 69, 67, 54, 83, 33, 45, 60, 96, 26, 69, 67, 54, 83, 33, 45, 60, 96]",[],"{""accepted_indices"": [0, 1, 2, 3, 4, 5, 6, 7, 8, 9, 1, 2, 3, 4, 5, 6, 7, 8, 9], ""eps1"": 10, ""distance_median"": 0.442817214440327}"
63,rflbat,rflbat_cluster_filter,"[2, 69, 67, 54, 83, 33, 45, 60, 96, 69, 67, 54, 83, 33, 45, 60, 96]",[26],"{""accepted_indices"": [0, 2, 3, 4, 5, 6, 7, 8, 9, 2, 3, 4, 5, 6, 7, 8, 9], ""num_clusters"": 2, ""cluster_scores"": [0.1118695730282836, 1.0000000000009468]}"
63,rflbat,rflbat_final_distance_filter,"[2, 69, 67, 54, 83, 33, 45, 60, 96]",[26],"{""accepted_indices"": [0, 2, 3, 4, 5, 6, 7, 8, 9, 2, 3, 4, 5, 6, 7, 8, 9], ""eps2"": 6, ""distance_median"": 0.33001252740021825}"
64,rflbat,rflbat_first_distance_filter,"[4, 92, 24, 26, 34, 59, 9, 58, 39, 23, 92, 24, 26, 34, 59, 9, 58, 39, 23]",[],"{""accepted_indices"": [0, 1, 2, 3, 4, 5, 6, 7, 8, 9, 1, 2, 3, 4, 5, 6, 7, 8, 9], ""eps1"": 10, ""distance_median"": 0.20701363660049615}"
64,rflbat,rflbat_cluster_filter,"[4, 92, 24, 26, 34, 59, 9, 58, 39, 23, 92, 24, 26, 34, 59, 9, 58, 39, 23]",[],"{""accepted_indices"": [0, 1, 2, 3, 4, 5, 6, 7, 8, 9, 1, 2, 3, 4, 5, 6, 7, 8, 9], ""num_clusters"": 1, ""cluster_scores"": [0.10629282866139024]}"
64,rflbat,rflbat_final_distance_filter,"[4, 92, 24, 26, 34, 59, 9, 58, 39, 23]",[],"{""accepted_indices"": [0, 1, 2, 3, 4, 5, 6, 7, 8, 9, 1, 2, 3, 4, 5, 6, 7, 8, 9], ""eps2"": 6, ""distance_median"": 0.3122210970304628}"
65,rflbat,rflbat_first_distance_filter,"[2, 72, 69, 79, 28, 64, 86, 52, 19, 84, 72, 69, 79, 28, 64, 86, 52, 19, 84]",[],"{""accepted_indices"": [0, 1, 2, 3, 4, 5, 6, 7, 8, 9, 1, 2, 3, 4, 5, 6, 7, 8, 9], ""eps1"": 10, ""distance_median"": 0.20428161854640364}"
65,rflbat,rflbat_cluster_filter,"[2, 72, 79, 64, 86, 52, 84, 72, 79, 64, 86, 52, 84]","[69, 28, 19]","{""accepted_indices"": [0, 1, 3, 5, 6, 7, 9, 1, 3, 5, 6, 7, 9], ""num_clusters"": 2, ""cluster_scores"": [0.5090887676904082, 0.15445281480971434]}"
65,rflbat,rflbat_final_distance_filter,"[2, 72, 79, 64, 86, 52, 84]","[69, 28, 19]","{""accepted_indices"": [0, 1, 3, 5, 6, 7, 9, 1, 3, 5, 6, 7, 9], ""eps2"": 6, ""distance_median"": 0.14092752090051844}"
66,rflbat,rflbat_first_distance_filter,"[4, 32, 88, 85, 57, 15, 76, 6, 65, 22, 32, 88, 85, 57, 15, 76, 6, 65, 22]",[],"{""accepted_indices"": [0, 1, 2, 3, 4, 5, 6, 7, 8, 9, 1, 2, 3, 4, 5, 6, 7, 8, 9], ""eps1"": 10, ""distance_median"": 0.2624055049521429}"
66,rflbat,rflbat_cluster_filter,"[4, 32, 85, 57, 15, 76, 6, 65, 22, 32, 85, 57, 15, 76, 6, 65, 22]",[88],"{""accepted_indices"": [0, 1, 3, 4, 5, 6, 7, 8, 9, 1, 3, 4, 5, 6, 7, 8, 9], ""num_clusters"": 2, ""cluster_scores"": [0.09017501689293447, 1.0000000000015836]}"
66,rflbat,rflbat_final_distance_filter,"[4, 32, 85, 57, 15, 76, 6, 65, 22]",[88],"{""accepted_indices"": [0, 1, 3, 4, 5, 6, 7, 8, 9, 1, 3, 4, 5, 6, 7, 8, 9], ""eps2"": 6, ""distance_median"": 0.1972758212019048}"
67,rflbat,rflbat_first_distance_filter,"[1, 46, 53, 49, 70, 72, 92, 66, 99, 91, 46, 53, 49, 70, 72, 92, 66, 99, 91]",[],"{""accepted_indices"": [0, 1, 2, 3, 4, 5, 6, 7, 8, 9, 1, 2, 3, 4, 5, 6, 7, 8, 9], ""eps1"": 10, ""distance_median"": 0.156570867162774}"
67,rflbat,rflbat_cluster_filter,"[1, 46, 53, 49, 70, 72, 92, 66, 99, 91, 46, 53, 49, 70, 72, 92, 66, 99, 91]",[],"{""accepted_indices"": [0, 1, 2, 3, 4, 5, 6, 7, 8, 9, 1, 2, 3, 4, 5, 6, 7, 8, 9], ""num_clusters"": 1, ""cluster_scores"": [0.098981498501964]}"
67,rflbat,rflbat_final_distance_filter,"[1, 46, 53, 49, 70, 72, 92, 66, 99, 91]",[],"{""accepted_indices"": [0, 1, 2, 3, 4, 5, 6, 7, 8, 9, 1, 2, 3, 4, 5, 6, 7, 8, 9], ""eps2"": 6, ""distance_median"": 0.26356594392828847}"
68,rflbat,rflbat_first_distance_filter,"[0, 94, 39, 35, 87, 56, 88, 27, 30, 81, 94, 39, 35, 87, 56, 88, 27, 30, 81]",[],"{""accepted_indices"": [0, 1, 2, 3, 4, 5, 6, 7, 8, 9, 1, 2, 3, 4, 5, 6, 7, 8, 9], ""eps1"": 10, ""distance_median"": 0.529208275936734}"
68,rflbat,rflbat_cluster_filter,"[94, 39, 35, 87, 56, 27, 30, 81, 94, 39, 35, 87, 56, 27, 30, 81]","[0, 88]","{""accepted_indices"": [1, 2, 3, 4, 5, 7, 8, 9, 1, 2, 3, 4, 5, 7, 8, 9], ""num_clusters"": 3, ""cluster_scores"": [0.12477274884973052, 1, 1.0000000000015778]}"
68,rflbat,rflbat_final_distance_filter,"[94, 39, 35, 87, 56, 27, 30, 81]","[0, 88]","{""accepted_indices"": [1, 2, 3, 4, 5, 7, 8, 9, 1, 2, 3, 4, 5, 7, 8, 9], ""eps2"": 6, ""distance_median"": 0.11742187583606817}"
69,rflbat,rflbat_first_distance_filter,"[1, 96, 7, 22, 54, 95, 32, 82, 88, 41, 96, 7, 22, 54, 95, 32, 82, 88, 41]",[],"{""accepted_indices"": [0, 1, 2, 3, 4, 5, 6, 7, 8, 9, 1, 2, 3, 4, 5, 6, 7, 8, 9], ""eps1"": 10, ""distance_median"": 0.40008963376644535}"
69,rflbat,rflbat_cluster_filter,"[1, 96, 7, 22, 54, 95, 32, 82, 88, 41, 96, 7, 22, 54, 95, 32, 82, 88, 41]",[],"{""accepted_indices"": [0, 1, 2, 3, 4, 5, 6, 7, 8, 9, 1, 2, 3, 4, 5, 6, 7, 8, 9], ""num_clusters"": 1, ""cluster_scores"": [0.1468842180565951]}"
69,rflbat,rflbat_final_distance_filter,"[1, 96, 7, 22, 54, 95, 32, 82, 88, 41]",[],"{""accepted_indices"": [0, 1, 2, 3, 4, 5, 6, 7, 8, 9, 1, 2, 3, 4, 5, 6, 7, 8, 9], ""eps2"": 6, ""distance_median"": 0.7565937661000116}"
70,rflbat,rflbat_first_distance_filter,"[3, 48, 96, 27, 54, 98, 61, 42, 0, 49, 48, 96, 27, 54, 98, 61, 42, 0, 49]",[],"{""accepted_indices"": [0, 1, 2, 3, 4, 5, 6, 7, 8, 9, 1, 2, 3, 4, 5, 6, 7, 8, 9], ""eps1"": 10, ""distance_median"": 0.5287017914469848}"
70,rflbat,rflbat_cluster_filter,"[3, 48, 96, 27, 54, 98, 61, 42, 49, 48, 96, 27, 54, 98, 61, 42, 49]",[0],"{""accepted_indices"": [0, 1, 2, 3, 4, 5, 6, 7, 9, 1, 2, 3, 4, 5, 6, 7, 9], ""num_clusters"": 2, ""cluster_scores"": [0.11663078366341673, 1.000000000000747]}"
70,rflbat,rflbat_final_distance_filter,"[3, 48, 96, 27, 54, 98, 61, 42, 49]",[0],"{""accepted_indices"": [0, 1, 2, 3, 4, 5, 6, 7, 9, 1, 2, 3, 4, 5, 6, 7, 9], ""eps2"": 6, ""distance_median"": 0.3038333325503172}"
71,rflbat,rflbat_first_distance_filter,"[3, 17, 99, 89, 46, 64, 52, 39, 37, 55, 17, 99, 89, 46, 64, 52, 39, 37, 55]",[],"{""accepted_indices"": [0, 1, 2, 3, 4, 5, 6, 7, 8, 9, 1, 2, 3, 4, 5, 6, 7, 8, 9], ""eps1"": 10, ""distance_median"": 0.20201481317821698}"
71,rflbat,rflbat_cluster_filter,"[3, 17, 99, 89, 52, 39, 37, 55, 17, 99, 89, 52, 39, 37, 55]","[46, 64]","{""accepted_indices"": [0, 1, 2, 3, 6, 7, 8, 9, 1, 2, 3, 6, 7, 8, 9], ""num_clusters"": 2, ""cluster_scores"": [0.7599364202477324, 0.14348700221792948]}"
71,rflbat,rflbat_final_distance_filter,"[3, 17, 99, 89, 52, 39, 37, 55]","[46, 64]","{""accepted_indices"": [0, 1, 2, 3, 6, 7, 8, 9, 1, 2, 3, 6, 7, 8, 9], ""eps2"": 6, ""distance_median"": 0.19874373464668774}"
72,rflbat,rflbat_first_distance_filter,"[2, 45, 95, 46, 75, 17, 66, 43, 68, 99, 45, 95, 46, 75, 17, 66, 43, 68, 99]",[],"{""accepted_indices"": [0, 1, 2, 3, 4, 5, 6, 7, 8, 9, 1, 2, 3, 4, 5, 6, 7, 8, 9], ""eps1"": 10, ""distance_median"": 0.2276754806431479}"
72,rflbat,rflbat_cluster_filter,"[2, 45, 95, 46, 75, 17, 66, 43, 68, 99, 45, 95, 46, 75, 17, 66, 43, 68, 99]",[],"{""accepted_indices"": [0, 1, 2, 3, 4, 5, 6, 7, 8, 9, 1, 2, 3, 4, 5, 6, 7, 8, 9], ""num_clusters"": 1, ""cluster_scores"": [0.10916510678499529]}"
72,rflbat,rflbat_final_distance_filter,"[2, 45, 95, 46, 75, 17, 66, 43, 68, 99]",[],"{""accepted_indices"": [0, 1, 2, 3, 4, 5, 6, 7, 8, 9, 1, 2, 3, 4, 5, 6, 7, 8, 9], ""eps2"": 6, ""distance_median"": 0.37223040862203505}"
73,rflbat,rflbat_first_distance_filter,"[1, 41, 10, 4, 9, 80, 44, 72, 88, 13, 41, 10, 4, 9, 80, 44, 72, 88, 13]",[],"{""accepted_indices"": [0, 1, 2, 3, 4, 5, 6, 7, 8, 9, 1, 2, 3, 4, 5, 6, 7, 8, 9], ""eps1"": 10, ""distance_median"": 0.3261779741520999}"
73,rflbat,rflbat_cluster_filter,"[1, 41, 10, 4, 9, 80, 44, 72, 88, 13, 41, 10, 4, 9, 80, 44, 72, 88, 13]",[],"{""accepted_indices"": [0, 1, 2, 3, 4, 5, 6, 7, 8, 9, 1, 2, 3, 4, 5, 6, 7, 8, 9], ""num_clusters"": 1, ""cluster_scores"": [0.11748315943696855]}"
73,rflbat,rflbat_final_distance_filter,"[1, 41, 10, 4, 9, 80, 44, 72, 88, 13]",[],"{""accepted_indices"": [0, 1, 2, 3, 4, 5, 6, 7, 8, 9, 1, 2, 3, 4, 5, 6, 7, 8, 9], ""eps2"": 6, ""distance_median"": 0.6804537994249465}"
74,rflbat,rflbat_first_distance_filter,"[2, 36, 33, 30, 9, 23, 78, 91, 5, 58, 36, 33, 30, 9, 23, 78, 91, 5, 58]",[],"{""accepted_indices"": [0, 1, 2, 3, 4, 5, 6, 7, 8, 9, 1, 2, 3, 4, 5, 6, 7, 8, 9], ""eps1"": 10, ""distance_median"": 0.1683516565907204}"
74,rflbat,rflbat_cluster_filter,"[2, 36, 33, 30, 9, 23, 78, 91, 5, 58, 36, 33, 30, 9, 23, 78, 91, 5, 58]",[],"{""accepted_indices"": [0, 1, 2, 3, 4, 5, 6, 7, 8, 9, 1, 2, 3, 4, 5, 6, 7, 8, 9], ""num_clusters"": 1, ""cluster_scores"": [0.1284163207904211]}"
74,rflbat,rflbat_final_distance_filter,"[2, 36, 33, 30, 9, 23, 78, 91, 5, 58]",[],"{""accepted_indices"": [0, 1, 2, 3, 4, 5, 6, 7, 8, 9, 1, 2, 3, 4, 5, 6, 7, 8, 9], ""eps2"": 6, ""distance_median"": 0.28765692046345687}"
75,rflbat,rflbat_first_distance_filter,"[2, 59, 38, 97, 20, 91, 86, 14, 54, 16, 59, 38, 97, 20, 91, 86, 14, 54, 16]",[],"{""accepted_indices"": [0, 1, 2, 3, 4, 5, 6, 7, 8, 9, 1, 2, 3, 4, 5, 6, 7, 8, 9], ""eps1"": 10, ""distance_median"": 0.26658864461801685}"
75,rflbat,rflbat_cluster_filter,"[2, 59, 38, 97, 20, 91, 86, 14, 16, 59, 38, 97, 20, 91, 86, 14, 16]",[54],"{""accepted_indices"": [0, 1, 2, 3, 4, 5, 6, 7, 9, 1, 2, 3, 4, 5, 6, 7, 9], ""num_clusters"": 2, ""cluster_scores"": [0.15466865122196147, 1.0000000000029594]}"
75,rflbat,rflbat_final_distance_filter,"[2, 59, 38, 97, 20, 91, 86, 14, 16]",[54],"{""accepted_indices"": [0, 1, 2, 3, 4, 5, 6, 7, 9, 1, 2, 3, 4, 5, 6, 7, 9], ""eps2"": 6, ""distance_median"": 0.2771474997509938}"
76,rflbat,rflbat_first_distance_filter,"[4, 43, 36, 57, 98, 38, 95, 16, 66, 62, 43, 36, 57, 98, 38, 95, 16, 66, 62]",[],"{""accepted_indices"": [0, 1, 2, 3, 4, 5, 6, 7, 8, 9, 1, 2, 3, 4, 5, 6, 7, 8, 9], ""eps1"": 10, ""distance_median"": 0.22717685237451216}"
76,rflbat,rflbat_cluster_filter,"[4, 43, 36, 57, 98, 38, 95, 16, 66, 62, 43, 36, 57, 98, 38, 95, 16, 66, 62]",[],"{""accepted_indices"": [0, 1, 2, 3, 4, 5, 6, 7, 8, 9, 1, 2, 3, 4, 5, 6, 7, 8, 9], ""num_clusters"": 1, ""cluster_scores"": [0.10678393799453421]}"
76,rflbat,rflbat_final_distance_filter,"[43, 36, 57, 98, 38, 95, 16, 66, 62]",[4],"{""accepted_indices"": [1, 2, 3, 4, 5, 6, 7, 8, 9, 1, 2, 3, 4, 5, 6, 7, 8, 9], ""eps2"": 6, ""distance_median"": 0.31926538425505746}"
77,rflbat,rflbat_first_distance_filter,"[0, 33, 25, 93, 88, 56, 84, 24, 46, 64, 33, 25, 93, 88, 56, 84, 24, 46, 64]",[],"{""accepted_indices"": [0, 1, 2, 3, 4, 5, 6, 7, 8, 9, 1, 2, 3, 4, 5, 6, 7, 8, 9], ""eps1"": 10, ""distance_median"": 0.516072423990426}"
77,rflbat,rflbat_cluster_filter,"[0, 33, 25, 93, 88, 56, 84, 24, 46, 64, 33, 25, 93, 88, 56, 84, 24, 46, 64]",[],"{""accepted_indices"": [0, 1, 2, 3, 4, 5, 6, 7, 8, 9, 1, 2, 3, 4, 5, 6, 7, 8, 9], ""num_clusters"": 1, ""cluster_scores"": [0.11622886589628957]}"
77,rflbat,rflbat_final_distance_filter,"[33, 25, 93, 88, 56, 84, 24, 46, 64]",[0],"{""accepted_indices"": [1, 2, 3, 4, 5, 6, 7, 8, 9, 1, 2, 3, 4, 5, 6, 7, 8, 9], ""eps2"": 6, ""distance_median"": 0.6762332794258276}"
78,rflbat,rflbat_first_distance_filter,"[3, 72, 90, 33, 46, 95, 71, 5, 62, 55, 72, 90, 33, 46, 95, 71, 5, 62, 55]",[],"{""accepted_indices"": [0, 1, 2, 3, 4, 5, 6, 7, 8, 9, 1, 2, 3, 4, 5, 6, 7, 8, 9], ""eps1"": 10, ""distance_median"": 0.4947272952559234}"
78,rflbat,rflbat_cluster_filter,"[3, 72, 90, 33, 46, 95, 71, 5, 62, 55, 72, 90, 33, 46, 95, 71, 5, 62, 55]",[],"{""accepted_indices"": [0, 1, 2, 3, 4, 5, 6, 7, 8, 9, 1, 2, 3, 4, 5, 6, 7, 8, 9], ""num_clusters"": 1, ""cluster_scores"": [0.11402680579101392]}"
78,rflbat,rflbat_final_distance_filter,"[3, 72, 90, 33, 46, 95, 71, 5, 62, 55]",[],"{""accepted_indices"": [0, 1, 2, 3, 4, 5, 6, 7, 8, 9, 1, 2, 3, 4, 5, 6, 7, 8, 9], ""eps2"": 6, ""distance_median"": 0.9576763978561812}"
79,rflbat,rflbat_first_distance_filter,"[3, 15, 38, 45, 61, 9, 73, 51, 90, 79, 15, 38, 45, 61, 9, 73, 51, 90, 79]",[],"{""accepted_indices"": [0, 1, 2, 3, 4, 5, 6, 7, 8, 9, 1, 2, 3, 4, 5, 6, 7, 8, 9], ""eps1"": 10, ""distance_median"": 0.32464449409389673}"
79,rflbat,rflbat_cluster_filter,"[3, 15, 38, 45, 61, 9, 73, 51, 90, 79, 15, 38, 45, 61, 9, 73, 51, 90, 79]",[],"{""accepted_indices"": [0, 1, 2, 3, 4, 5, 6, 7, 8, 9, 1, 2, 3, 4, 5, 6, 7, 8, 9], ""num_clusters"": 1, ""cluster_scores"": [0.10192048676361513]}"
79,rflbat,rflbat_final_distance_filter,"[3, 15, 38, 45, 61, 9, 73, 51, 90, 79]",[],"{""accepted_indices"": [0, 1, 2, 3, 4, 5, 6, 7, 8, 9, 1, 2, 3, 4, 5, 6, 7, 8, 9], ""eps2"": 6, ""distance_median"": 0.6293258715082679}"
80,rflbat,rflbat_first_distance_filter,"[2, 14, 79, 71, 26, 27, 97, 13, 78, 17, 14, 79, 71, 26, 27, 97, 13, 78, 17]",[],"{""accepted_indices"": [0, 1, 2, 3, 4, 5, 6, 7, 8, 9, 1, 2, 3, 4, 5, 6, 7, 8, 9], ""eps1"": 10, ""distance_median"": 0.4409136488327048}"
80,rflbat,rflbat_cluster_filter,"[2, 14, 79, 71, 26, 27, 97, 13, 78, 17, 14, 79, 71, 26, 27, 97, 13, 78, 17]",[],"{""accepted_indices"": [0, 1, 2, 3, 4, 5, 6, 7, 8, 9, 1, 2, 3, 4, 5, 6, 7, 8, 9], ""num_clusters"": 1, ""cluster_scores"": [0.13896413048312115]}"
80,rflbat,rflbat_final_distance_filter,"[2, 14, 79, 71, 26, 27, 97, 13, 78, 17]",[],"{""accepted_indices"": [0, 1, 2, 3, 4, 5, 6, 7, 8, 9, 1, 2, 3, 4, 5, 6, 7, 8, 9], ""eps2"": 6, ""distance_median"": 0.8540227970139886}"
81,rflbat,rflbat_first_distance_filter,"[3, 30, 62, 93, 34, 46, 23, 2, 97, 63, 30, 62, 93, 34, 46, 23, 2, 97, 63]",[],"{""accepted_indices"": [0, 1, 2, 3, 4, 5, 6, 7, 8, 9, 1, 2, 3, 4, 5, 6, 7, 8, 9], ""eps1"": 10, ""distance_median"": 0.2999359897204813}"
81,rflbat,rflbat_cluster_filter,"[3, 30, 62, 93, 34, 46, 23, 2, 97, 63, 30, 62, 93, 34, 46, 23, 2, 97, 63]",[],"{""accepted_indices"": [0, 1, 2, 3, 4, 5, 6, 7, 8, 9, 1, 2, 3, 4, 5, 6, 7, 8, 9], ""num_clusters"": 1, ""cluster_scores"": [0.09446071703011442]}"
81,rflbat,rflbat_final_distance_filter,"[3, 30, 62, 93, 34, 46, 23, 2, 97, 63]",[],"{""accepted_indices"": [0, 1, 2, 3, 4, 5, 6, 7, 8, 9, 1, 2, 3, 4, 5, 6, 7, 8, 9], ""eps2"": 6, ""distance_median"": 0.5061230257003114}"
82,rflbat,rflbat_first_distance_filter,"[1, 62, 69, 63, 39, 93, 98, 99, 46, 43, 62, 69, 63, 39, 93, 98, 99, 46, 43]",[],"{""accepted_indices"": [0, 1, 2, 3, 4, 5, 6, 7, 8, 9, 1, 2, 3, 4, 5, 6, 7, 8, 9], ""eps1"": 10, ""distance_median"": 0.2364009790104481}"
82,rflbat,rflbat_cluster_filter,"[1, 62, 69, 63, 39, 93, 98, 99, 46, 43, 62, 69, 63, 39, 93, 98, 99, 46, 43]",[],"{""accepted_indices"": [0, 1, 2, 3, 4, 5, 6, 7, 8, 9, 1, 2, 3, 4, 5, 6, 7, 8, 9], ""num_clusters"": 1, ""cluster_scores"": [0.09529747278516303]}"
82,rflbat,rflbat_final_distance_filter,"[1, 62, 69, 63, 39, 93, 98, 99, 46, 43]",[],"{""accepted_indices"": [0, 1, 2, 3, 4, 5, 6, 7, 8, 9, 1, 2, 3, 4, 5, 6, 7, 8, 9], ""eps2"": 6, ""distance_median"": 0.40725673237032006}"
83,rflbat,rflbat_first_distance_filter,"[2, 65, 13, 68, 82, 66, 44, 29, 49, 91, 65, 13, 68, 82, 66, 44, 29, 49, 91]",[],"{""accepted_indices"": [0, 1, 2, 3, 4, 5, 6, 7, 8, 9, 1, 2, 3, 4, 5, 6, 7, 8, 9], ""eps1"": 10, ""distance_median"": 0.2990431571201233}"
83,rflbat,rflbat_cluster_filter,"[2, 65, 13, 68, 82, 66, 44, 29, 49, 91, 65, 13, 68, 82, 66, 44, 29, 49, 91]",[],"{""accepted_indices"": [0, 1, 2, 3, 4, 5, 6, 7, 8, 9, 1, 2, 3, 4, 5, 6, 7, 8, 9], ""num_clusters"": 1, ""cluster_scores"": [0.0757882704135271]}"
83,rflbat,rflbat_final_distance_filter,"[2, 65, 13, 68, 82, 66, 44, 29, 49, 91]",[],"{""accepted_indices"": [0, 1, 2, 3, 4, 5, 6, 7, 8, 9, 1, 2, 3, 4, 5, 6, 7, 8, 9], ""eps2"": 6, ""distance_median"": 0.5340011671845742}"
84,rflbat,rflbat_first_distance_filter,"[1, 63, 6, 15, 20, 61, 88, 22, 53, 39, 63, 6, 15, 20, 61, 88, 22, 53, 39]",[],"{""accepted_indices"": [0, 1, 2, 3, 4, 5, 6, 7, 8, 9, 1, 2, 3, 4, 5, 6, 7, 8, 9], ""eps1"": 10, ""distance_median"": 0.21450499703579629}"
84,rflbat,rflbat_cluster_filter,"[1, 63, 6, 15, 20, 61, 88, 22, 53, 39, 63, 6, 15, 20, 61, 88, 22, 53, 39]",[],"{""accepted_indices"": [0, 1, 2, 3, 4, 5, 6, 7, 8, 9, 1, 2, 3, 4, 5, 6, 7, 8, 9], ""num_clusters"": 1, ""cluster_scores"": [0.16413960731974542]}"
84,rflbat,rflbat_final_distance_filter,"[1, 63, 6, 15, 20, 61, 88, 22, 53, 39]",[],"{""accepted_indices"": [0, 1, 2, 3, 4, 5, 6, 7, 8, 9, 1, 2, 3, 4, 5, 6, 7, 8, 9], ""eps2"": 6, ""distance_median"": 0.3794011596601321}"
85,rflbat,rflbat_first_distance_filter,"[0, 31, 23, 81, 51, 90, 83, 21, 3, 5, 31, 23, 81, 51, 90, 83, 21, 3, 5]",[],"{""accepted_indices"": [0, 1, 2, 3, 4, 5, 6, 7, 8, 9, 1, 2, 3, 4, 5, 6, 7, 8, 9], ""eps1"": 10, ""distance_median"": 0.5707736739996092}"
85,rflbat,rflbat_cluster_filter,"[0, 31, 23, 81, 51, 90, 83, 21, 3, 5, 31, 23, 81, 51, 90, 83, 21, 3, 5]",[],"{""accepted_indices"": [0, 1, 2, 3, 4, 5, 6, 7, 8, 9, 1, 2, 3, 4, 5, 6, 7, 8, 9], ""num_clusters"": 1, ""cluster_scores"": [0.11009342322872231]}"
85,rflbat,rflbat_final_distance_filter,"[31, 23, 81, 51, 90, 83, 21, 3, 5]",[0],"{""accepted_indices"": [1, 2, 3, 4, 5, 6, 7, 8, 9, 1, 2, 3, 4, 5, 6, 7, 8, 9], ""eps2"": 6, ""distance_median"": 0.8125247003381306}"
86,rflbat,rflbat_first_distance_filter,"[4, 66, 52, 9, 41, 59, 17, 78, 34, 58, 66, 52, 9, 41, 59, 17, 78, 34, 58]",[],"{""accepted_indices"": [0, 1, 2, 3, 4, 5, 6, 7, 8, 9, 1, 2, 3, 4, 5, 6, 7, 8, 9], ""eps1"": 10, ""distance_median"": 0.16995838630182963}"
86,rflbat,rflbat_cluster_filter,"[4, 66, 52, 9, 41, 59, 17, 78, 34, 58, 66, 52, 9, 41, 59, 17, 78, 34, 58]",[],"{""accepted_indices"": [0, 1, 2, 3, 4, 5, 6, 7, 8, 9, 1, 2, 3, 4, 5, 6, 7, 8, 9], ""num_clusters"": 1, ""cluster_scores"": [0.1652423642290985]}"
86,rflbat,rflbat_final_distance_filter,"[4, 66, 52, 9, 41, 59, 17, 78, 34, 58]",[],"{""accepted_indices"": [0, 1, 2, 3, 4, 5, 6, 7, 8, 9, 1, 2, 3, 4, 5, 6, 7, 8, 9], ""eps2"": 6, ""distance_median"": 0.269662144762612}"
87,rflbat,rflbat_first_distance_filter,"[0, 44, 68, 57, 83, 17, 35, 66, 71, 63, 44, 68, 57, 83, 17, 35, 66, 71, 63]",[],"{""accepted_indices"": [0, 1, 2, 3, 4, 5, 6, 7, 8, 9, 1, 2, 3, 4, 5, 6, 7, 8, 9], ""eps1"": 10, ""distance_median"": 0.47599552224786856}"
87,rflbat,rflbat_cluster_filter,"[0, 44, 68, 57, 83, 17, 35, 66, 71, 63, 44, 68, 57, 83, 17, 35, 66, 71, 63]",[],"{""accepted_indices"": [0, 1, 2, 3, 4, 5, 6, 7, 8, 9, 1, 2, 3, 4, 5, 6, 7, 8, 9], ""num_clusters"": 1, ""cluster_scores"": [0.10305275896755538]}"
87,rflbat,rflbat_final_distance_filter,"[44, 68, 57, 83, 17, 35, 66, 71, 63]",[0],"{""accepted_indices"": [1, 2, 3, 4, 5, 6, 7, 8, 9, 1, 2, 3, 4, 5, 6, 7, 8, 9], ""eps2"": 6, ""distance_median"": 0.5968210095133292}"
88,rflbat,rflbat_first_distance_filter,"[1, 13, 91, 2, 81, 20, 24, 88, 41, 18, 13, 91, 2, 81, 20, 24, 88, 41, 18]",[],"{""accepted_indices"": [0, 1, 2, 3, 4, 5, 6, 7, 8, 9, 1, 2, 3, 4, 5, 6, 7, 8, 9], ""eps1"": 10, ""distance_median"": 0.28864145884193065}"
88,rflbat,rflbat_cluster_filter,"[1, 13, 91, 2, 81, 20, 24, 88, 41, 18, 13, 91, 2, 81, 20, 24, 88, 41, 18]",[],"{""accepted_indices"": [0, 1, 2, 3, 4, 5, 6, 7, 8, 9, 1, 2, 3, 4, 5, 6, 7, 8, 9], ""num_clusters"": 1, ""cluster_scores"": [0.10544993600980435]}"
88,rflbat,rflbat_final_distance_filter,"[1, 13, 91, 2, 81, 20, 24, 88, 41, 18]",[],"{""accepted_indices"": [0, 1, 2, 3, 4, 5, 6, 7, 8, 9, 1, 2, 3, 4, 5, 6, 7, 8, 9], ""eps2"": 6, ""distance_median"": 0.5657708917000855}"
89,rflbat,rflbat_first_distance_filter,"[3, 27, 78, 39, 84, 17, 40, 68, 48, 9, 27, 78, 39, 84, 17, 40, 68, 48, 9]",[],"{""accepted_indices"": [0, 1, 2, 3, 4, 5, 6, 7, 8, 9, 1, 2, 3, 4, 5, 6, 7, 8, 9], ""eps1"": 10, ""distance_median"": 0.2929021789245538}"
89,rflbat,rflbat_cluster_filter,"[3, 27, 78, 39, 84, 17, 40, 68, 48, 9, 27, 78, 39, 84, 17, 40, 68, 48, 9]",[],"{""accepted_indices"": [0, 1, 2, 3, 4, 5, 6, 7, 8, 9, 1, 2, 3, 4, 5, 6, 7, 8, 9], ""num_clusters"": 1, ""cluster_scores"": [0.11595590727716748]}"
89,rflbat,rflbat_final_distance_filter,"[3, 27, 78, 39, 84, 17, 40, 68, 48, 9]",[],"{""accepted_indices"": [0, 1, 2, 3, 4, 5, 6, 7, 8, 9, 1, 2, 3, 4, 5, 6, 7, 8, 9], ""eps2"": 6, ""distance_median"": 0.5683552530483597}"
90,rflbat,rflbat_first_distance_filter,"[0, 89, 48, 47, 6, 55, 45, 27, 69, 37, 89, 48, 47, 6, 55, 45, 27, 69, 37]",[],"{""accepted_indices"": [0, 1, 2, 3, 4, 5, 6, 7, 8, 9, 1, 2, 3, 4, 5, 6, 7, 8, 9], ""eps1"": 10, ""distance_median"": 0.4841920574280607}"
90,rflbat,rflbat_cluster_filter,"[0, 89, 48, 47, 6, 55, 45, 27, 69, 37, 89, 48, 47, 6, 55, 45, 27, 69, 37]",[],"{""accepted_indices"": [0, 1, 2, 3, 4, 5, 6, 7, 8, 9, 1, 2, 3, 4, 5, 6, 7, 8, 9], ""num_clusters"": 1, ""cluster_scores"": [0.09903827826303403]}"
90,rflbat,rflbat_final_distance_filter,"[89, 48, 47, 6, 55, 45, 27, 69, 37]",[0],"{""accepted_indices"": [1, 2, 3, 4, 5, 6, 7, 8, 9, 1, 2, 3, 4, 5, 6, 7, 8, 9], ""eps2"": 6, ""distance_median"": 0.6364043116845243}"
91,rflbat,rflbat_first_distance_filter,"[1, 2, 13, 88, 6, 74, 8, 52, 89, 99, 2, 13, 88, 6, 74, 8, 52, 89, 99]",[],"{""accepted_indices"": [0, 1, 2, 3, 4, 5, 6, 7, 8, 9, 1, 2, 3, 4, 5, 6, 7, 8, 9], ""eps1"": 10, ""distance_median"": 0.23338077140708002}"
91,rflbat,rflbat_cluster_filter,"[1, 2, 13, 88, 6, 74, 8, 52, 89, 99, 2, 13, 88, 6, 74, 8, 52, 89, 99]",[],"{""accepted_indices"": [0, 1, 2, 3, 4, 5, 6, 7, 8, 9, 1, 2, 3, 4, 5, 6, 7, 8, 9], ""num_clusters"": 1, ""cluster_scores"": [0.11028107548482936]}"
91,rflbat,rflbat_final_distance_filter,"[1, 2, 13, 88, 6, 74, 8, 52, 89, 99]",[],"{""accepted_indices"": [0, 1, 2, 3, 4, 5, 6, 7, 8, 9, 1, 2, 3, 4, 5, 6, 7, 8, 9], ""eps2"": 6, ""distance_median"": 0.4647113786511397}"
92,rflbat,rflbat_first_distance_filter,"[3, 9, 73, 39, 38, 87, 14, 27, 49, 24, 9, 73, 39, 38, 87, 14, 27, 49, 24]",[],"{""accepted_indices"": [0, 1, 2, 3, 4, 5, 6, 7, 8, 9, 1, 2, 3, 4, 5, 6, 7, 8, 9], ""eps1"": 10, ""distance_median"": 0.2913431040346618}"
92,rflbat,rflbat_cluster_filter,"[3, 9, 73, 39, 38, 87, 14, 27, 49, 24, 9, 73, 39, 38, 87, 14, 27, 49, 24]",[],"{""accepted_indices"": [0, 1, 2, 3, 4, 5, 6, 7, 8, 9, 1, 2, 3, 4, 5, 6, 7, 8, 9], ""num_clusters"": 1, ""cluster_scores"": [0.15929402144687496]}"
92,rflbat,rflbat_final_distance_filter,"[3, 9, 73, 39, 38, 87, 14, 27, 49, 24]",[],"{""accepted_indices"": [0, 1, 2, 3, 4, 5, 6, 7, 8, 9, 1, 2, 3, 4, 5, 6, 7, 8, 9], ""eps2"": 6, ""distance_median"": 0.5531435081594333}"
93,rflbat,rflbat_first_distance_filter,"[0, 85, 6, 20, 49, 9, 71, 43, 2, 29, 85, 6, 20, 49, 9, 71, 43, 2, 29]",[],"{""accepted_indices"": [0, 1, 2, 3, 4, 5, 6, 7, 8, 9, 1, 2, 3, 4, 5, 6, 7, 8, 9], ""eps1"": 10, ""distance_median"": 0.5082736802517038}"
93,rflbat,rflbat_cluster_filter,"[0, 85, 6, 20, 49, 9, 71, 43, 2, 29, 85, 6, 20, 49, 9, 71, 43, 2, 29]",[],"{""accepted_indices"": [0, 1, 2, 3, 4, 5, 6, 7, 8, 9, 1, 2, 3, 4, 5, 6, 7, 8, 9], ""num_clusters"": 1, ""cluster_scores"": [0.09219064554373411]}"
93,rflbat,rflbat_final_distance_filter,"[85, 6, 20, 49, 9, 71, 43, 2, 29]",[0],"{""accepted_indices"": [1, 2, 3, 4, 5, 6, 7, 8, 9, 1, 2, 3, 4, 5, 6, 7, 8, 9], ""eps2"": 6, ""distance_median"": 0.6620598475851218}"
94,rflbat,rflbat_first_distance_filter,"[2, 14, 97, 20, 12, 35, 41, 74, 80, 92, 14, 97, 20, 12, 35, 41, 74, 80, 92]",[],"{""accepted_indices"": [0, 1, 2, 3, 4, 5, 6, 7, 8, 9, 1, 2, 3, 4, 5, 6, 7, 8, 9], ""eps1"": 10, ""distance_median"": 0.1852255913813009}"
94,rflbat,rflbat_cluster_filter,"[2, 14, 97, 20, 12, 35, 41, 74, 80, 92, 14, 97, 20, 12, 35, 41, 74, 80, 92]",[],"{""accepted_indices"": [0, 1, 2, 3, 4, 5, 6, 7, 8, 9, 1, 2, 3, 4, 5, 6, 7, 8, 9], ""num_clusters"": 1, ""cluster_scores"": [0.1322663180662563]}"
94,rflbat,rflbat_final_distance_filter,"[2, 14, 97, 20, 12, 35, 41, 74, 80, 92]",[],"{""accepted_indices"": [0, 1, 2, 3, 4, 5, 6, 7, 8, 9, 1, 2, 3, 4, 5, 6, 7, 8, 9], ""eps2"": 6, ""distance_median"": 0.3121807717609438}"
95,rflbat,rflbat_first_distance_filter,"[4, 31, 46, 29, 77, 97, 21, 67, 18, 7, 31, 46, 29, 77, 97, 21, 67, 18, 7]",[],"{""accepted_indices"": [0, 1, 2, 3, 4, 5, 6, 7, 8, 9, 1, 2, 3, 4, 5, 6, 7, 8, 9], ""eps1"": 10, ""distance_median"": 0.21062359484667184}"
95,rflbat,rflbat_cluster_filter,"[4, 31, 46, 29, 77, 97, 21, 67, 18, 7, 31, 46, 29, 77, 97, 21, 67, 18, 7]",[],"{""accepted_indices"": [0, 1, 2, 3, 4, 5, 6, 7, 8, 9, 1, 2, 3, 4, 5, 6, 7, 8, 9], ""num_clusters"": 1, ""cluster_scores"": [0.2202914249061022]}"
95,rflbat,rflbat_final_distance_filter,"[4, 31, 46, 29, 77, 97, 21, 67, 18, 7]",[],"{""accepted_indices"": [0, 1, 2, 3, 4, 5, 6, 7, 8, 9, 1, 2, 3, 4, 5, 6, 7, 8, 9], ""eps2"": 6, ""distance_median"": 0.36390030058220274}"
96,rflbat,rflbat_first_distance_filter,"[1, 95, 83, 47, 60, 52, 76, 93, 34, 62, 95, 83, 47, 60, 52, 76, 93, 34, 62]",[],"{""accepted_indices"": [0, 1, 2, 3, 4, 5, 6, 7, 8, 9, 1, 2, 3, 4, 5, 6, 7, 8, 9], ""eps1"": 10, ""distance_median"": 0.144322182682662}"
96,rflbat,rflbat_cluster_filter,"[1, 95, 83, 47, 60, 52, 76, 93, 34, 62, 95, 83, 47, 60, 52, 76, 93, 34, 62]",[],"{""accepted_indices"": [0, 1, 2, 3, 4, 5, 6, 7, 8, 9, 1, 2, 3, 4, 5, 6, 7, 8, 9], ""num_clusters"": 1, ""cluster_scores"": [0.08592527705663362]}"
96,rflbat,rflbat_final_distance_filter,"[1, 95, 83, 47, 60, 52, 76, 93, 34, 62]",[],"{""accepted_indices"": [0, 1, 2, 3, 4, 5, 6, 7, 8, 9, 1, 2, 3, 4, 5, 6, 7, 8, 9], ""eps2"": 6, ""distance_median"": 0.2847539226732418}"
97,rflbat,rflbat_first_distance_filter,"[2, 69, 82, 0, 96, 78, 46, 54, 49, 87, 69, 82, 0, 96, 78, 46, 54, 49, 87]",[],"{""accepted_indices"": [0, 1, 2, 3, 4, 5, 6, 7, 8, 9, 1, 2, 3, 4, 5, 6, 7, 8, 9], ""eps1"": 10, ""distance_median"": 0.5220844410530201}"
97,rflbat,rflbat_cluster_filter,"[2, 69, 82, 0, 96, 78, 46, 54, 49, 87, 69, 82, 0, 96, 78, 46, 54, 49, 87]",[],"{""accepted_indices"": [0, 1, 2, 3, 4, 5, 6, 7, 8, 9, 1, 2, 3, 4, 5, 6, 7, 8, 9], ""num_clusters"": 1, ""cluster_scores"": [0.1003218690779809]}"
97,rflbat,rflbat_final_distance_filter,"[2, 69, 82, 0, 96, 78, 46, 54, 49, 87]",[],"{""accepted_indices"": [0, 1, 2, 3, 4, 5, 6, 7, 8, 9, 1, 2, 3, 4, 5, 6, 7, 8, 9], ""eps2"": 6, ""distance_median"": 1.0096576065672611}"
98,rflbat,rflbat_first_distance_filter,"[0, 39, 92, 47, 55, 38, 83, 64, 56, 27, 39, 92, 47, 55, 38, 83, 64, 56, 27]",[],"{""accepted_indices"": [0, 1, 2, 3, 4, 5, 6, 7, 8, 9, 1, 2, 3, 4, 5, 6, 7, 8, 9], ""eps1"": 10, ""distance_median"": 0.42265284345789966}"
98,rflbat,rflbat_cluster_filter,"[0, 39, 92, 47, 55, 38, 83, 64, 56, 27, 39, 92, 47, 55, 38, 83, 64, 56, 27]",[],"{""accepted_indices"": [0, 1, 2, 3, 4, 5, 6, 7, 8, 9, 1, 2, 3, 4, 5, 6, 7, 8, 9], ""num_clusters"": 1, ""cluster_scores"": [0.1265404009130057]}"
98,rflbat,rflbat_final_distance_filter,"[39, 92, 47, 55, 38, 83, 64, 56, 27]",[0],"{""accepted_indices"": [1, 2, 3, 4, 5, 6, 7, 8, 9, 1, 2, 3, 4, 5, 6, 7, 8, 9], ""eps2"": 6, ""distance_median"": 0.5418867707567724}"
99,rflbat,rflbat_first_distance_filter,"[3, 61, 58, 89, 32, 71, 17, 31, 80, 37, 61, 58, 89, 32, 71, 17, 31, 80, 37]",[],"{""accepted_indices"": [0, 1, 2, 3, 4, 5, 6, 7, 8, 9, 1, 2, 3, 4, 5, 6, 7, 8, 9], ""eps1"": 10, ""distance_median"": 0.2512086510322112}"
99,rflbat,rflbat_cluster_filter,"[3, 61, 58, 89, 32, 71, 17, 31, 80, 37, 61, 58, 89, 32, 71, 17, 31, 80, 37]",[],"{""accepted_indices"": [0, 1, 2, 3, 4, 5, 6, 7, 8, 9, 1, 2, 3, 4, 5, 6, 7, 8, 9], ""num_clusters"": 1, ""cluster_scores"": [0.12405551134468623]}"
99,rflbat,rflbat_final_distance_filter,"[3, 61, 58, 89, 32, 71, 17, 31, 80, 37]",[],"{""accepted_indices"": [0, 1, 2, 3, 4, 5, 6, 7, 8, 9, 1, 2, 3, 4, 5, 6, 7, 8, 9], ""eps2"": 6, ""distance_median"": 0.47931145811451586}"
100,rflbat,rflbat_first_distance_filter,"[3, 30, 36, 18, 7, 46, 55, 70, 68, 85, 30, 36, 18, 7, 46, 55, 70, 68, 85]",[],"{""accepted_indices"": [0, 1, 2, 3, 4, 5, 6, 7, 8, 9, 1, 2, 3, 4, 5, 6, 7, 8, 9], ""eps1"": 10, ""distance_median"": 0.25453689103731525}"
100,rflbat,rflbat_cluster_filter,"[3, 30, 36, 18, 7, 46, 55, 70, 68, 85, 30, 36, 18, 7, 46, 55, 70, 68, 85]",[],"{""accepted_indices"": [0, 1, 2, 3, 4, 5, 6, 7, 8, 9, 1, 2, 3, 4, 5, 6, 7, 8, 9], ""num_clusters"": 1, ""cluster_scores"": [0.10090481469382886]}"
100,rflbat,rflbat_final_distance_filter,"[3, 30, 36, 18, 7, 46, 55, 70, 68, 85]",[],"{""accepted_indices"": [0, 1, 2, 3, 4, 5, 6, 7, 8, 9, 1, 2, 3, 4, 5, 6, 7, 8, 9], ""eps2"": 6, ""distance_median"": 0.4970675091111711}"
101,rflbat,rflbat_first_distance_filter,"[1, 79, 80, 98, 67, 84, 69, 24, 16, 81, 79, 80, 98, 67, 84, 69, 24, 16, 81]",[],"{""accepted_indices"": [0, 1, 2, 3, 4, 5, 6, 7, 8, 9, 1, 2, 3, 4, 5, 6, 7, 8, 9], ""eps1"": 10, ""distance_median"": 0.174627437132725}"
101,rflbat,rflbat_cluster_filter,"[1, 79, 80, 98, 67, 84, 69, 24, 16, 81, 79, 80, 98, 67, 84, 69, 24, 16, 81]",[],"{""accepted_indices"": [0, 1, 2, 3, 4, 5, 6, 7, 8, 9, 1, 2, 3, 4, 5, 6, 7, 8, 9], ""num_clusters"": 1, ""cluster_scores"": [0.1322009709218781]}"
101,rflbat,rflbat_final_distance_filter,"[1, 79, 80, 98, 67, 84, 69, 24, 16, 81]",[],"{""accepted_indices"": [0, 1, 2, 3, 4, 5, 6, 7, 8, 9, 1, 2, 3, 4, 5, 6, 7, 8, 9], ""eps2"": 6, ""distance_median"": 0.3704920294887213}"
102,rflbat,rflbat_first_distance_filter,"[4, 35, 22, 89, 21, 3, 5, 82, 94, 91, 35, 22, 89, 21, 3, 5, 82, 94, 91]",[],"{""accepted_indices"": [0, 1, 2, 3, 4, 5, 6, 7, 8, 9, 1, 2, 3, 4, 5, 6, 7, 8, 9], ""eps1"": 10, ""distance_median"": 0.3671818334061624}"
102,rflbat,rflbat_cluster_filter,"[4, 35, 22, 89, 21, 3, 5, 82, 94, 91, 35, 22, 89, 21, 3, 5, 82, 94, 91]",[],"{""accepted_indices"": [0, 1, 2, 3, 4, 5, 6, 7, 8, 9, 1, 2, 3, 4, 5, 6, 7, 8, 9], ""num_clusters"": 1, ""cluster_scores"": [0.14054237825896865]}"
102,rflbat,rflbat_final_distance_filter,"[4, 35, 22, 89, 21, 3, 82, 94, 91]",[5],"{""accepted_indices"": [0, 1, 2, 3, 4, 5, 7, 8, 9, 1, 2, 3, 4, 5, 7, 8, 9], ""eps2"": 6, ""distance_median"": 0.6823969635232996}"
103,rflbat,rflbat_first_distance_filter,"[3, 30, 72, 93, 5, 54, 64, 58, 81, 34, 30, 72, 93, 5, 54, 64, 58, 81, 34]",[],"{""accepted_indices"": [0, 1, 2, 3, 4, 5, 6, 7, 8, 9, 1, 2, 3, 4, 5, 6, 7, 8, 9], ""eps1"": 10, ""distance_median"": 0.42264916114774953}"
103,rflbat,rflbat_cluster_filter,"[3, 30, 72, 93, 54, 64, 58, 81, 34, 30, 72, 93, 54, 64, 58, 81, 34]",[5],"{""accepted_indices"": [0, 1, 2, 3, 5, 6, 7, 8, 9, 1, 2, 3, 5, 6, 7, 8, 9], ""num_clusters"": 2, ""cluster_scores"": [0.11596418879705545, 1.0000000000008973]}"
103,rflbat,rflbat_final_distance_filter,"[3, 30, 72, 93, 54, 64, 58, 81, 34]",[5],"{""accepted_indices"": [0, 1, 2, 3, 5, 6, 7, 8, 9, 1, 2, 3, 5, 6, 7, 8, 9], ""eps2"": 6, ""distance_median"": 0.3105989961640169}"
104,rflbat,rflbat_first_distance_filter,"[1, 73, 27, 80, 99, 44, 43, 60, 29, 14, 73, 27, 80, 99, 44, 43, 60, 29, 14]",[],"{""accepted_indices"": [0, 1, 2, 3, 4, 5, 6, 7, 8, 9, 1, 2, 3, 4, 5, 6, 7, 8, 9], ""eps1"": 10, ""distance_median"": 0.27178841040240775}"
104,rflbat,rflbat_cluster_filter,"[1, 73, 27, 80, 99, 44, 43, 60, 29, 14, 73, 27, 80, 99, 44, 43, 60, 29, 14]",[],"{""accepted_indices"": [0, 1, 2, 3, 4, 5, 6, 7, 8, 9, 1, 2, 3, 4, 5, 6, 7, 8, 9], ""num_clusters"": 1, ""cluster_scores"": [0.10778661641943069]}"
104,rflbat,rflbat_final_distance_filter,"[1, 73, 27, 80, 99, 44, 43, 60, 29, 14]",[],"{""accepted_indices"": [0, 1, 2, 3, 4, 5, 6, 7, 8, 9, 1, 2, 3, 4, 5, 6, 7, 8, 9], ""eps2"": 6, ""distance_median"": 0.5572512480577658}"
105,rflbat,rflbat_first_distance_filter,"[1, 64, 31, 84, 60, 10, 40, 83, 26, 89, 64, 31, 84, 60, 10, 40, 83, 26, 89]",[],"{""accepted_indices"": [0, 1, 2, 3, 4, 5, 6, 7, 8, 9, 1, 2, 3, 4, 5, 6, 7, 8, 9], ""eps1"": 10, ""distance_median"": 0.1700368252476584}"
105,rflbat,rflbat_cluster_filter,"[1, 64, 31, 84, 60, 10, 40, 83, 26, 89, 64, 31, 84, 60, 10, 40, 83, 26, 89]",[],"{""accepted_indices"": [0, 1, 2, 3, 4, 5, 6, 7, 8, 9, 1, 2, 3, 4, 5, 6, 7, 8, 9], ""num_clusters"": 1, ""cluster_scores"": [0.14845542566046727]}"
105,rflbat,rflbat_final_distance_filter,"[1, 64, 31, 84, 60, 10, 40, 83, 26, 89]",[],"{""accepted_indices"": [0, 1, 2, 3, 4, 5, 6, 7, 8, 9, 1, 2, 3, 4, 5, 6, 7, 8, 9], ""eps2"": 6, ""distance_median"": 0.33658171921635904}"
106,rflbat,rflbat_first_distance_filter,"[0, 66, 40, 3, 91, 32, 44, 8, 39, 42, 66, 40, 3, 91, 32, 44, 8, 39, 42]",[],"{""accepted_indices"": [0, 1, 2, 3, 4, 5, 6, 7, 8, 9, 1, 2, 3, 4, 5, 6, 7, 8, 9], ""eps1"": 10, ""distance_median"": 0.3331750430891057}"
106,rflbat,rflbat_cluster_filter,"[0, 66, 40, 3, 91, 32, 44, 8, 39, 42, 66, 40, 3, 91, 32, 44, 8, 39, 42]",[],"{""accepted_indices"": [0, 1, 2, 3, 4, 5, 6, 7, 8, 9, 1, 2, 3, 4, 5, 6, 7, 8, 9], ""num_clusters"": 1, ""cluster_scores"": [0.12529060392513217]}"
106,rflbat,rflbat_final_distance_filter,"[0, 66, 40, 3, 91, 32, 44, 8, 39, 42]",[],"{""accepted_indices"": [0, 1, 2, 3, 4, 5, 6, 7, 8, 9, 1, 2, 3, 4, 5, 6, 7, 8, 9], ""eps2"": 6, ""distance_median"": 0.5154506047516249}"
107,rflbat,rflbat_first_distance_filter,"[0, 54, 25, 36, 8, 59, 62, 77, 78, 4, 54, 25, 36, 8, 59, 62, 77, 78, 4]",[],"{""accepted_indices"": [0, 1, 2, 3, 4, 5, 6, 7, 8, 9, 1, 2, 3, 4, 5, 6, 7, 8, 9], ""eps1"": 10, ""distance_median"": 0.23406268668577748}"
107,rflbat,rflbat_cluster_filter,"[0, 54, 25, 36, 8, 59, 62, 77, 78, 4, 54, 25, 36, 8, 59, 62, 77, 78, 4]",[],"{""accepted_indices"": [0, 1, 2, 3, 4, 5, 6, 7, 8, 9, 1, 2, 3, 4, 5, 6, 7, 8, 9], ""num_clusters"": 1, ""cluster_scores"": [0.13518169243280773]}"
107,rflbat,rflbat_final_distance_filter,"[0, 54, 25, 36, 8, 59, 62, 77, 78, 4]",[],"{""accepted_indices"": [0, 1, 2, 3, 4, 5, 6, 7, 8, 9, 1, 2, 3, 4, 5, 6, 7, 8, 9], ""eps2"": 6, ""distance_median"": 0.37431805196764684}"
108,rflbat,rflbat_first_distance_filter,"[0, 45, 56, 38, 18, 23, 67, 78, 2, 1, 45, 56, 38, 18, 23, 67, 78, 2, 1]",[],"{""accepted_indices"": [0, 1, 2, 3, 4, 5, 6, 7, 8, 9, 1, 2, 3, 4, 5, 6, 7, 8, 9], ""eps1"": 10, ""distance_median"": 0.16163381905122598}"
108,rflbat,rflbat_cluster_filter,"[0, 45, 56, 38, 18, 23, 67, 78, 2, 1, 45, 56, 38, 18, 23, 67, 78, 2, 1]",[],"{""accepted_indices"": [0, 1, 2, 3, 4, 5, 6, 7, 8, 9, 1, 2, 3, 4, 5, 6, 7, 8, 9], ""num_clusters"": 1, ""cluster_scores"": [0.15391905684121127]}"
108,rflbat,rflbat_final_distance_filter,"[45, 56, 38, 18, 23, 67, 78, 2, 1]",[0],"{""accepted_indices"": [1, 2, 3, 4, 5, 6, 7, 8, 9, 1, 2, 3, 4, 5, 6, 7, 8, 9], ""eps2"": 6, ""distance_median"": 0.23149753845874785}"
109,rflbat,rflbat_first_distance_filter,"[3, 6, 45, 53, 71, 95, 97, 67, 43, 26, 6, 45, 53, 71, 95, 97, 67, 43, 26]",[],"{""accepted_indices"": [0, 1, 2, 3, 4, 5, 6, 7, 8, 9, 1, 2, 3, 4, 5, 6, 7, 8, 9], ""eps1"": 10, ""distance_median"": 0.1928851147259466}"
109,rflbat,rflbat_cluster_filter,"[3, 6, 45, 53, 71, 95, 97, 67, 43, 26, 6, 45, 53, 71, 95, 97, 67, 43, 26]",[],"{""accepted_indices"": [0, 1, 2, 3, 4, 5, 6, 7, 8, 9, 1, 2, 3, 4, 5, 6, 7, 8, 9], ""num_clusters"": 1, ""cluster_scores"": [0.1502343594500632]}"
109,rflbat,rflbat_final_distance_filter,"[3, 6, 45, 53, 71, 95, 97, 67, 43, 26]",[],"{""accepted_indices"": [0, 1, 2, 3, 4, 5, 6, 7, 8, 9, 1, 2, 3, 4, 5, 6, 7, 8, 9], ""eps2"": 6, ""distance_median"": 0.3844422727426733}"
110,rflbat,rflbat_first_distance_filter,"[0, 67, 43, 68, 4, 19, 9, 80, 17, 25, 67, 43, 68, 4, 19, 9, 80, 17, 25]",[],"{""accepted_indices"": [0, 1, 2, 3, 4, 5, 6, 7, 8, 9, 1, 2, 3, 4, 5, 6, 7, 8, 9], ""eps1"": 10, ""distance_median"": 0.3020999197846458}"
110,rflbat,rflbat_cluster_filter,"[0, 67, 43, 68, 4, 19, 9, 80, 17, 25, 67, 43, 68, 4, 19, 9, 80, 17, 25]",[],"{""accepted_indices"": [0, 1, 2, 3, 4, 5, 6, 7, 8, 9, 1, 2, 3, 4, 5, 6, 7, 8, 9], ""num_clusters"": 1, ""cluster_scores"": [0.10675163399147508]}"
110,rflbat,rflbat_final_distance_filter,"[0, 67, 43, 68, 4, 19, 9, 80, 17, 25]",[],"{""accepted_indices"": [0, 1, 2, 3, 4, 5, 6, 7, 8, 9, 1, 2, 3, 4, 5, 6, 7, 8, 9], ""eps2"": 6, ""distance_median"": 0.46450702649819325}"
111,rflbat,rflbat_first_distance_filter,"[1, 74, 80, 55, 44, 21, 0, 66, 79, 52, 74, 80, 55, 44, 21, 0, 66, 79, 52]",[],"{""accepted_indices"": [0, 1, 2, 3, 4, 5, 6, 7, 8, 9, 1, 2, 3, 4, 5, 6, 7, 8, 9], ""eps1"": 10, ""distance_median"": 0.17752952049614515}"
111,rflbat,rflbat_cluster_filter,"[1, 74, 80, 44, 21, 66, 79, 52, 74, 80, 44, 21, 66, 79, 52]","[55, 0]","{""accepted_indices"": [0, 1, 2, 4, 5, 7, 8, 9, 1, 2, 4, 5, 7, 8, 9], ""num_clusters"": 3, ""cluster_scores"": [0.1400183372734581, 1.0000000000027955, 1.00000000000108]}"
111,rflbat,rflbat_final_distance_filter,"[1, 74, 80, 44, 21, 66, 79, 52]","[55, 0]","{""accepted_indices"": [0, 1, 2, 4, 5, 7, 8, 9, 1, 2, 4, 5, 7, 8, 9], ""eps2"": 6, ""distance_median"": 0.055735555839708295}"
112,rflbat,rflbat_first_distance_filter,"[4, 95, 60, 61, 52, 36, 67, 48, 44, 56, 95, 60, 61, 52, 36, 67, 48, 44, 56]",[],"{""accepted_indices"": [0, 1, 2, 3, 4, 5, 6, 7, 8, 9, 1, 2, 3, 4, 5, 6, 7, 8, 9], ""eps1"": 10, ""distance_median"": 0.2268472162526008}"
112,rflbat,rflbat_cluster_filter,"[4, 95, 60, 61, 52, 36, 67, 48, 44, 56, 95, 60, 61, 52, 36, 67, 48, 44, 56]",[],"{""accepted_indices"": [0, 1, 2, 3, 4, 5, 6, 7, 8, 9, 1, 2, 3, 4, 5, 6, 7, 8, 9], ""num_clusters"": 1, ""cluster_scores"": [0.09700616530217059]}"
112,rflbat,rflbat_final_distance_filter,"[4, 95, 60, 61, 52, 36, 67, 48, 44, 56]",[],"{""accepted_indices"": [0, 1, 2, 3, 4, 5, 6, 7, 8, 9, 1, 2, 3, 4, 5, 6, 7, 8, 9], ""eps2"": 6, ""distance_median"": 0.4473621541741542}"
113,rflbat,rflbat_first_distance_filter,"[2, 48, 8, 9, 27, 45, 31, 92, 67, 75, 48, 8, 9, 27, 45, 31, 92, 67, 75]",[],"{""accepted_indices"": [0, 1, 2, 3, 4, 5, 6, 7, 8, 9, 1, 2, 3, 4, 5, 6, 7, 8, 9], ""eps1"": 10, ""distance_median"": 0.25548592979800067}"
113,rflbat,rflbat_cluster_filter,"[2, 48, 8, 9, 27, 45, 31, 92, 67, 75, 48, 8, 9, 27, 45, 31, 92, 67, 75]",[],"{""accepted_indices"": [0, 1, 2, 3, 4, 5, 6, 7, 8, 9, 1, 2, 3, 4, 5, 6, 7, 8, 9], ""num_clusters"": 1, ""cluster_scores"": [0.09706910455455124]}"
113,rflbat,rflbat_final_distance_filter,"[2, 48, 8, 9, 27, 45, 31, 92, 67, 75]",[],"{""accepted_indices"": [0, 1, 2, 3, 4, 5, 6, 7, 8, 9, 1, 2, 3, 4, 5, 6, 7, 8, 9], ""eps2"": 6, ""distance_median"": 0.5702922967604307}"
114,rflbat,rflbat_first_distance_filter,"[0, 12, 75, 66, 88, 19, 27, 68, 28, 82, 12, 75, 66, 88, 19, 27, 68, 28, 82]",[],"{""accepted_indices"": [0, 1, 2, 3, 4, 5, 6, 7, 8, 9, 1, 2, 3, 4, 5, 6, 7, 8, 9], ""eps1"": 10, ""distance_median"": 0.2626051758921797}"
114,rflbat,rflbat_cluster_filter,"[0, 12, 75, 66, 88, 19, 27, 68, 28, 82, 12, 75, 66, 88, 19, 27, 68, 28, 82]",[],"{""accepted_indices"": [0, 1, 2, 3, 4, 5, 6, 7, 8, 9, 1, 2, 3, 4, 5, 6, 7, 8, 9], ""num_clusters"": 1, ""cluster_scores"": [0.12268281686776321]}"
114,rflbat,rflbat_final_distance_filter,"[0, 12, 75, 66, 88, 19, 27, 68, 28, 82]",[],"{""accepted_indices"": [0, 1, 2, 3, 4, 5, 6, 7, 8, 9, 1, 2, 3, 4, 5, 6, 7, 8, 9], ""eps2"": 6, ""distance_median"": 0.43233714611904656}"
115,rflbat,rflbat_first_distance_filter,"[4, 21, 48, 7, 32, 8, 56, 31, 99, 84, 21, 48, 7, 32, 8, 56, 31, 99, 84]",[],"{""accepted_indices"": [0, 1, 2, 3, 4, 5, 6, 7, 8, 9, 1, 2, 3, 4, 5, 6, 7, 8, 9], ""eps1"": 10, ""distance_median"": 0.25191726819747845}"
115,rflbat,rflbat_cluster_filter,"[4, 21, 48, 7, 32, 8, 56, 31, 99, 84, 21, 48, 7, 32, 8, 56, 31, 99, 84]",[],"{""accepted_indices"": [0, 1, 2, 3, 4, 5, 6, 7, 8, 9, 1, 2, 3, 4, 5, 6, 7, 8, 9], ""num_clusters"": 1, ""cluster_scores"": [0.2882381006834923]}"
115,rflbat,rflbat_final_distance_filter,"[4, 21, 48, 7, 32, 8, 56, 31, 99, 84]",[],"{""accepted_indices"": [0, 1, 2, 3, 4, 5, 6, 7, 8, 9, 1, 2, 3, 4, 5, 6, 7, 8, 9], ""eps2"": 6, ""distance_median"": 0.4784482065924062}"
116,rflbat,rflbat_first_distance_filter,"[4, 16, 83, 50, 89, 63, 93, 65, 14, 24, 16, 83, 50, 89, 63, 93, 65, 14, 24]",[],"{""accepted_indices"": [0, 1, 2, 3, 4, 5, 6, 7, 8, 9, 1, 2, 3, 4, 5, 6, 7, 8, 9], ""eps1"": 10, ""distance_median"": 0.18476016206474966}"
116,rflbat,rflbat_cluster_filter,"[4, 16, 83, 50, 89, 63, 93, 65, 14, 24, 16, 83, 50, 89, 63, 93, 65, 14, 24]",[],"{""accepted_indices"": [0, 1, 2, 3, 4, 5, 6, 7, 8, 9, 1, 2, 3, 4, 5, 6, 7, 8, 9], ""num_clusters"": 1, ""cluster_scores"": [0.20559788440347912]}"
116,rflbat,rflbat_final_distance_filter,"[4, 16, 83, 50, 89, 63, 93, 65, 14, 24]",[],"{""accepted_indices"": [0, 1, 2, 3, 4, 5, 6, 7, 8, 9, 1, 2, 3, 4, 5, 6, 7, 8, 9], ""eps2"": 6, ""distance_median"": 0.36752293832484395}"
117,rflbat,rflbat_first_distance_filter,"[1, 87, 54, 75, 84, 74, 99, 30, 69, 91, 87, 54, 75, 84, 74, 99, 30, 69, 91]",[],"{""accepted_indices"": [0, 1, 2, 3, 4, 5, 6, 7, 8, 9, 1, 2, 3, 4, 5, 6, 7, 8, 9], ""eps1"": 10, ""distance_median"": 0.2721969835333411}"
117,rflbat,rflbat_cluster_filter,"[1, 87, 54, 75, 84, 74, 99, 30, 69, 91, 87, 54, 75, 84, 74, 99, 30, 69, 91]",[],"{""accepted_indices"": [0, 1, 2, 3, 4, 5, 6, 7, 8, 9, 1, 2, 3, 4, 5, 6, 7, 8, 9], ""num_clusters"": 1, ""cluster_scores"": [0.10102534903751666]}"
117,rflbat,rflbat_final_distance_filter,"[1, 87, 54, 75, 84, 74, 99, 30, 69, 91]",[],"{""accepted_indices"": [0, 1, 2, 3, 4, 5, 6, 7, 8, 9, 1, 2, 3, 4, 5, 6, 7, 8, 9], ""eps2"": 6, ""distance_median"": 0.5424161534936751}"
118,rflbat,rflbat_first_distance_filter,"[3, 0, 45, 80, 99, 96, 26, 33, 67, 11, 0, 45, 80, 99, 96, 26, 33, 67, 11]",[],"{""accepted_indices"": [0, 1, 2, 3, 4, 5, 6, 7, 8, 9, 1, 2, 3, 4, 5, 6, 7, 8, 9], ""eps1"": 10, ""distance_median"": 0.23585480435589287}"
118,rflbat,rflbat_cluster_filter,"[3, 0, 45, 80, 99, 96, 26, 33, 67, 11, 0, 45, 80, 99, 96, 26, 33, 67, 11]",[],"{""accepted_indices"": [0, 1, 2, 3, 4, 5, 6, 7, 8, 9, 1, 2, 3, 4, 5, 6, 7, 8, 9], ""num_clusters"": 1, ""cluster_scores"": [0.11510706610222253]}"
118,rflbat,rflbat_final_distance_filter,"[3, 0, 45, 80, 99, 96, 26, 33, 67, 11]",[],"{""accepted_indices"": [0, 1, 2, 3, 4, 5, 6, 7, 8, 9, 1, 2, 3, 4, 5, 6, 7, 8, 9], ""eps2"": 6, ""distance_median"": 0.46839053325610275}"
119,rflbat,rflbat_first_distance_filter,"[2, 62, 11, 58, 0, 70, 61, 74, 76, 32, 62, 11, 58, 0, 70, 61, 74, 76, 32]",[],"{""accepted_indices"": [0, 1, 2, 3, 4, 5, 6, 7, 8, 9, 1, 2, 3, 4, 5, 6, 7, 8, 9], ""eps1"": 10, ""distance_median"": 0.177895253422163}"
119,rflbat,rflbat_cluster_filter,"[2, 62, 11, 58, 0, 70, 61, 74, 76, 32, 62, 11, 58, 0, 70, 61, 74, 76, 32]",[],"{""accepted_indices"": [0, 1, 2, 3, 4, 5, 6, 7, 8, 9, 1, 2, 3, 4, 5, 6, 7, 8, 9], ""num_clusters"": 1, ""cluster_scores"": [0.11673558295326271]}"
119,rflbat,rflbat_final_distance_filter,"[2, 62, 11, 58, 0, 70, 61, 74, 76, 32]",[],"{""accepted_indices"": [0, 1, 2, 3, 4, 5, 6, 7, 8, 9, 1, 2, 3, 4, 5, 6, 7, 8, 9], ""eps2"": 6, ""distance_median"": 0.35684893241897736}"
120,rflbat,rflbat_first_distance_filter,"[2, 69, 5, 74, 38, 76, 61, 33, 19, 77, 69, 5, 74, 38, 76, 61, 33, 19, 77]",[],"{""accepted_indices"": [0, 1, 2, 3, 4, 5, 6, 7, 8, 9, 1, 2, 3, 4, 5, 6, 7, 8, 9], ""eps1"": 10, ""distance_median"": 0.09825750102649933}"
120,rflbat,rflbat_cluster_filter,"[2, 69, 5, 74, 38, 76, 61, 33, 19, 77, 69, 5, 74, 38, 76, 61, 33, 19, 77]",[],"{""accepted_indices"": [0, 1, 2, 3, 4, 5, 6, 7, 8, 9, 1, 2, 3, 4, 5, 6, 7, 8, 9], ""num_clusters"": 1, ""cluster_scores"": [0.19121139558786218]}"
120,rflbat,rflbat_final_distance_filter,"[2, 69, 5, 74, 38, 76, 61, 33, 19, 77]",[],"{""accepted_indices"": [0, 1, 2, 3, 4, 5, 6, 7, 8, 9, 1, 2, 3, 4, 5, 6, 7, 8, 9], ""eps2"": 6, ""distance_median"": 0.19207703840787724}"
121,rflbat,rflbat_first_distance_filter,"[2, 93, 89, 83, 87, 77, 74, 84, 60, 6, 93, 89, 83, 87, 77, 74, 84, 60, 6]",[],"{""accepted_indices"": [0, 1, 2, 3, 4, 5, 6, 7, 8, 9, 1, 2, 3, 4, 5, 6, 7, 8, 9], ""eps1"": 10, ""distance_median"": 0.13964801941221255}"
121,rflbat,rflbat_cluster_filter,"[2, 93, 89, 83, 87, 77, 74, 84, 60, 6, 93, 89, 83, 87, 77, 74, 84, 60, 6]",[],"{""accepted_indices"": [0, 1, 2, 3, 4, 5, 6, 7, 8, 9, 1, 2, 3, 4, 5, 6, 7, 8, 9], ""num_clusters"": 1, ""cluster_scores"": [0.2027138824594138]}"
121,rflbat,rflbat_final_distance_filter,"[2, 93, 89, 83, 87, 77, 74, 84, 60, 6]",[],"{""accepted_indices"": [0, 1, 2, 3, 4, 5, 6, 7, 8, 9, 1, 2, 3, 4, 5, 6, 7, 8, 9], ""eps2"": 6, ""distance_median"": 0.23169306305665252}"
122,rflbat,rflbat_first_distance_filter,"[0, 87, 15, 83, 40, 92, 71, 30, 44, 4, 87, 15, 83, 40, 92, 71, 30, 44, 4]",[],"{""accepted_indices"": [0, 1, 2, 3, 4, 5, 6, 7, 8, 9, 1, 2, 3, 4, 5, 6, 7, 8, 9], ""eps1"": 10, ""distance_median"": 0.18426457206883934}"
122,rflbat,rflbat_cluster_filter,"[0, 87, 15, 83, 40, 92, 71, 30, 44, 4, 87, 15, 83, 40, 92, 71, 30, 44, 4]",[],"{""accepted_indices"": [0, 1, 2, 3, 4, 5, 6, 7, 8, 9, 1, 2, 3, 4, 5, 6, 7, 8, 9], ""num_clusters"": 1, ""cluster_scores"": [0.1297923399837073]}"
122,rflbat,rflbat_final_distance_filter,"[0, 87, 15, 83, 40, 92, 71, 30, 44, 4]",[],"{""accepted_indices"": [0, 1, 2, 3, 4, 5, 6, 7, 8, 9, 1, 2, 3, 4, 5, 6, 7, 8, 9], ""eps2"": 6, ""distance_median"": 0.28006100464472966}"
123,rflbat,rflbat_first_distance_filter,"[0, 49, 64, 61, 93, 9, 66, 35, 6, 67, 49, 64, 61, 93, 9, 66, 35, 6, 67]",[],"{""accepted_indices"": [0, 1, 2, 3, 4, 5, 6, 7, 8, 9, 1, 2, 3, 4, 5, 6, 7, 8, 9], ""eps1"": 10, ""distance_median"": 0.23259663550968213}"
123,rflbat,rflbat_cluster_filter,"[0, 49, 64, 61, 93, 9, 66, 35, 6, 67, 49, 64, 61, 93, 9, 66, 35, 6, 67]",[],"{""accepted_indices"": [0, 1, 2, 3, 4, 5, 6, 7, 8, 9, 1, 2, 3, 4, 5, 6, 7, 8, 9], ""num_clusters"": 1, ""cluster_scores"": [0.15839632476599563]}"
123,rflbat,rflbat_final_distance_filter,"[0, 49, 64, 61, 93, 9, 66, 35, 6, 67]",[],"{""accepted_indices"": [0, 1, 2, 3, 4, 5, 6, 7, 8, 9, 1, 2, 3, 4, 5, 6, 7, 8, 9], ""eps2"": 6, ""distance_median"": 0.3957286801486313}"
124,rflbat,rflbat_first_distance_filter,"[0, 37, 25, 89, 77, 52, 29, 93, 98, 26, 37, 25, 89, 77, 52, 29, 93, 98, 26]",[],"{""accepted_indices"": [0, 1, 2, 3, 4, 5, 6, 7, 8, 9, 1, 2, 3, 4, 5, 6, 7, 8, 9], ""eps1"": 10, ""distance_median"": 0.3140434427649448}"
124,rflbat,rflbat_cluster_filter,"[0, 37, 25, 89, 77, 52, 29, 93, 98, 26, 37, 25, 89, 77, 52, 29, 93, 98, 26]",[],"{""accepted_indices"": [0, 1, 2, 3, 4, 5, 6, 7, 8, 9, 1, 2, 3, 4, 5, 6, 7, 8, 9], ""num_clusters"": 1, ""cluster_scores"": [0.1520508657338688]}"
124,rflbat,rflbat_final_distance_filter,"[0, 37, 25, 89, 77, 52, 29, 93, 98]",[26],"{""accepted_indices"": [0, 1, 2, 3, 4, 5, 6, 7, 8, 1, 2, 3, 4, 5, 6, 7, 8], ""eps2"": 6, ""distance_median"": 0.5404642947285836}"
125,rflbat,rflbat_first_distance_filter,"[3, 31, 59, 81, 36, 29, 10, 44, 7, 83, 31, 59, 81, 36, 29, 10, 44, 7, 83]",[],"{""accepted_indices"": [0, 1, 2, 3, 4, 5, 6, 7, 8, 9, 1, 2, 3, 4, 5, 6, 7, 8, 9], ""eps1"": 10, ""distance_median"": 0.22759014344415693}"
125,rflbat,rflbat_cluster_filter,"[3, 59, 36, 29, 44, 7, 83, 59, 36, 29, 44, 7, 83]","[31, 81, 10]","{""accepted_indices"": [0, 2, 4, 5, 7, 8, 9, 2, 4, 5, 7, 8, 9], ""num_clusters"": 4, ""cluster_scores"": [0.1606062647987496, 1.0000000000020606, 1.0000000000027616, 1.000000000000516]}"
125,rflbat,rflbat_final_distance_filter,"[3, 59, 36, 29, 44, 7, 83]","[31, 81, 10]","{""accepted_indices"": [0, 2, 4, 5, 7, 8, 9, 2, 4, 5, 7, 8, 9], ""eps2"": 6, ""distance_median"": 0.026387978047814294}"
126,rflbat,rflbat_first_distance_filter,"[2, 64, 33, 19, 18, 76, 90, 0, 50, 11, 64, 33, 19, 18, 76, 90, 0, 50, 11]",[],"{""accepted_indices"": [0, 1, 2, 3, 4, 5, 6, 7, 8, 9, 1, 2, 3, 4, 5, 6, 7, 8, 9], ""eps1"": 10, ""distance_median"": 0.1700359454031256}"
126,rflbat,rflbat_cluster_filter,"[2, 64, 33, 19, 18, 76, 90, 0, 50, 11, 64, 33, 19, 18, 76, 90, 0, 50, 11]",[],"{""accepted_indices"": [0, 1, 2, 3, 4, 5, 6, 7, 8, 9, 1, 2, 3, 4, 5, 6, 7, 8, 9], ""num_clusters"": 1, ""cluster_scores"": [0.10294990568245445]}"
126,rflbat,rflbat_final_distance_filter,"[2, 64, 33, 19, 18, 76, 90, 0, 50, 11]",[],"{""accepted_indices"": [0, 1, 2, 3, 4, 5, 6, 7, 8, 9, 1, 2, 3, 4, 5, 6, 7, 8, 9], ""eps2"": 6, ""distance_median"": 0.33424350039665596}"
127,rflbat,rflbat_first_distance_filter,"[1, 38, 75, 66, 11, 17, 83, 56, 29, 79, 38, 75, 66, 11, 17, 83, 56, 29, 79]",[],"{""accepted_indices"": [0, 1, 2, 3, 4, 5, 6, 7, 8, 9, 1, 2, 3, 4, 5, 6, 7, 8, 9], ""eps1"": 10, ""distance_median"": 0.1697994951814145}"
127,rflbat,rflbat_cluster_filter,"[1, 38, 83, 56, 29, 79, 38, 83, 56, 29, 79]","[75, 66, 11, 17]","{""accepted_indices"": [0, 1, 6, 7, 8, 9, 1, 6, 7, 8, 9], ""num_clusters"": 3, ""cluster_scores"": [0.23121931016915856, 0.731884416353943, 1.0000000000019191]}"
127,rflbat,rflbat_final_distance_filter,"[1, 38, 83, 56, 29, 79]","[75, 66, 11, 17]","{""accepted_indices"": [0, 1, 6, 7, 8, 9, 1, 6, 7, 8, 9], ""eps2"": 6, ""distance_median"": 0.03568136869106885}"
128,rflbat,rflbat_first_distance_filter,"[1, 20, 35, 59, 21, 12, 95, 61, 71, 7, 20, 35, 59, 21, 12, 95, 61, 71, 7]",[],"{""accepted_indices"": [0, 1, 2, 3, 4, 5, 6, 7, 8, 9, 1, 2, 3, 4, 5, 6, 7, 8, 9], ""eps1"": 10, ""distance_median"": 0.14696319455608503}"
128,rflbat,rflbat_cluster_filter,"[1, 20, 35, 59, 21, 12, 95, 61, 71, 7, 20, 35, 59, 21, 12, 95, 61, 71, 7]",[],"{""accepted_indices"": [0, 1, 2, 3, 4, 5, 6, 7, 8, 9, 1, 2, 3, 4, 5, 6, 7, 8, 9], ""num_clusters"": 1, ""cluster_scores"": [0.1497624414304208]}"
128,rflbat,rflbat_final_distance_filter,"[1, 20, 35, 59, 21, 12, 95, 61, 71, 7]",[],"{""accepted_indices"": [0, 1, 2, 3, 4, 5, 6, 7, 8, 9, 1, 2, 3, 4, 5, 6, 7, 8, 9], ""eps2"": 6, ""distance_median"": 0.2923732240074835}"
129,rflbat,rflbat_first_distance_filter,"[1, 88, 18, 39, 55, 65, 96, 84, 52, 42, 88, 18, 39, 55, 65, 96, 84, 52, 42]",[],"{""accepted_indices"": [0, 1, 2, 3, 4, 5, 6, 7, 8, 9, 1, 2, 3, 4, 5, 6, 7, 8, 9], ""eps1"": 10, ""distance_median"": 0.291626171990366}"
129,rflbat,rflbat_cluster_filter,"[1, 88, 18, 39, 55, 65, 96, 84, 52, 42, 88, 18, 39, 55, 65, 96, 84, 52, 42]",[],"{""accepted_indices"": [0, 1, 2, 3, 4, 5, 6, 7, 8, 9, 1, 2, 3, 4, 5, 6, 7, 8, 9], ""num_clusters"": 1, ""cluster_scores"": [0.1279299763851989]}"
129,rflbat,rflbat_final_distance_filter,"[1, 88, 18, 39, 55, 65, 96, 84, 52, 42]",[],"{""accepted_indices"": [0, 1, 2, 3, 4, 5, 6, 7, 8, 9, 1, 2, 3, 4, 5, 6, 7, 8, 9], ""eps2"": 6, ""distance_median"": 0.5787012970553345}"
130,rflbat,rflbat_first_distance_filter,"[3, 8, 46, 92, 22, 14, 86, 62, 21, 39, 8, 46, 92, 22, 14, 86, 62, 21, 39]",[],"{""accepted_indices"": [0, 1, 2, 3, 4, 5, 6, 7, 8, 9, 1, 2, 3, 4, 5, 6, 7, 8, 9], ""eps1"": 10, ""distance_median"": 0.15564941156848935}"
130,rflbat,rflbat_cluster_filter,"[3, 8, 46, 92, 22, 14, 86, 62, 21, 39, 8, 46, 92, 22, 14, 86, 62, 21, 39]",[],"{""accepted_indices"": [0, 1, 2, 3, 4, 5, 6, 7, 8, 9, 1, 2, 3, 4, 5, 6, 7, 8, 9], ""num_clusters"": 1, ""cluster_scores"": [0.11806806420611195]}"
130,rflbat,rflbat_final_distance_filter,"[3, 8, 46, 92, 22, 14, 86, 62, 21, 39]",[],"{""accepted_indices"": [0, 1, 2, 3, 4, 5, 6, 7, 8, 9, 1, 2, 3, 4, 5, 6, 7, 8, 9], ""eps2"": 6, ""distance_median"": 0.2828491594658134}"
131,rflbat,rflbat_first_distance_filter,"[2, 69, 24, 75, 17, 77, 47, 1, 21, 94, 69, 24, 75, 17, 77, 47, 1, 21, 94]",[],"{""accepted_indices"": [0, 1, 2, 3, 4, 5, 6, 7, 8, 9, 1, 2, 3, 4, 5, 6, 7, 8, 9], ""eps1"": 10, ""distance_median"": 0.17433332148188835}"
131,rflbat,rflbat_cluster_filter,"[2, 24, 75, 17, 77, 1, 21, 94, 24, 75, 17, 77, 1, 21, 94]","[69, 47]","{""accepted_indices"": [0, 2, 3, 4, 5, 7, 8, 9, 2, 3, 4, 5, 7, 8, 9], ""num_clusters"": 3, ""cluster_scores"": [0.15832106828910197, 1.000000000001655, 1.0000000000013474]}"
131,rflbat,rflbat_final_distance_filter,"[2, 24, 75, 17, 77, 1, 21, 94]","[69, 47]","{""accepted_indices"": [0, 2, 3, 4, 5, 7, 8, 9, 2, 3, 4, 5, 7, 8, 9], ""eps2"": 6, ""distance_median"": 0.11829576975236983}"
132,rflbat,rflbat_first_distance_filter,"[0, 33, 30, 54, 57, 64, 53, 26, 24, 35, 33, 30, 54, 57, 64, 53, 26, 24, 35]",[],"{""accepted_indices"": [0, 1, 2, 3, 4, 5, 6, 7, 8, 9, 1, 2, 3, 4, 5, 6, 7, 8, 9], ""eps1"": 10, ""distance_median"": 0.2559543202333433}"
132,rflbat,rflbat_cluster_filter,"[0, 33, 30, 57, 64, 53, 26, 24, 35, 33, 30, 57, 64, 53, 26, 24, 35]",[54],"{""accepted_indices"": [0, 1, 2, 4, 5, 6, 7, 8, 9, 1, 2, 4, 5, 6, 7, 8, 9], ""num_clusters"": 2, ""cluster_scores"": [0.10952355215499757, 1.0000000000026226]}"
132,rflbat,rflbat_final_distance_filter,"[0, 33, 30, 57, 64, 53, 26, 24, 35]",[54],"{""accepted_indices"": [0, 1, 2, 4, 5, 6, 7, 8, 9, 1, 2, 4, 5, 6, 7, 8, 9], ""eps2"": 6, ""distance_median"": 0.2529098078974498}"
133,rflbat,rflbat_first_distance_filter,"[1, 66, 14, 46, 8, 37, 40, 63, 31, 30, 66, 14, 46, 8, 37, 40, 63, 31, 30]",[],"{""accepted_indices"": [0, 1, 2, 3, 4, 5, 6, 7, 8, 9, 1, 2, 3, 4, 5, 6, 7, 8, 9], ""eps1"": 10, ""distance_median"": 0.24139704415265173}"
133,rflbat,rflbat_cluster_filter,"[1, 66, 14, 46, 8, 37, 40, 63, 31, 30, 66, 14, 46, 8, 37, 40, 63, 31, 30]",[],"{""accepted_indices"": [0, 1, 2, 3, 4, 5, 6, 7, 8, 9, 1, 2, 3, 4, 5, 6, 7, 8, 9], ""num_clusters"": 1, ""cluster_scores"": [0.08799087233464035]}"
133,rflbat,rflbat_final_distance_filter,"[1, 66, 14, 46, 8, 37, 40, 63, 31, 30]",[],"{""accepted_indices"": [0, 1, 2, 3, 4, 5, 6, 7, 8, 9, 1, 2, 3, 4, 5, 6, 7, 8, 9], ""eps2"": 6, ""distance_median"": 0.4952423453914789}"
134,rflbat,rflbat_first_distance_filter,"[0, 78, 39, 74, 40, 21, 14, 83, 2, 16, 78, 39, 74, 40, 21, 14, 83, 2, 16]",[],"{""accepted_indices"": [0, 1, 2, 3, 4, 5, 6, 7, 8, 9, 1, 2, 3, 4, 5, 6, 7, 8, 9], ""eps1"": 10, ""distance_median"": 0.11170261116306021}"
134,rflbat,rflbat_cluster_filter,"[0, 78, 39, 74, 40, 21, 14, 83, 2, 16, 78, 39, 74, 40, 21, 14, 83, 2, 16]",[],"{""accepted_indices"": [0, 1, 2, 3, 4, 5, 6, 7, 8, 9, 1, 2, 3, 4, 5, 6, 7, 8, 9], ""num_clusters"": 1, ""cluster_scores"": [0.1113582681494476]}"
134,rflbat,rflbat_final_distance_filter,"[78, 39, 74, 40, 21, 14, 83, 2, 16]",[0],"{""accepted_indices"": [1, 2, 3, 4, 5, 6, 7, 8, 9, 1, 2, 3, 4, 5, 6, 7, 8, 9], ""eps2"": 6, ""distance_median"": 0.16166443473419617}"
135,rflbat,rflbat_first_distance_filter,"[4, 44, 96, 33, 18, 19, 95, 49, 55, 37, 44, 96, 33, 18, 19, 95, 49, 55, 37]",[],"{""accepted_indices"": [0, 1, 2, 3, 4, 5, 6, 7, 8, 9, 1, 2, 3, 4, 5, 6, 7, 8, 9], ""eps1"": 10, ""distance_median"": 0.24122210269465033}"
135,rflbat,rflbat_cluster_filter,"[4, 44, 33, 18, 19, 49, 55, 37, 44, 33, 18, 19, 49, 55, 37]","[96, 95]","{""accepted_indices"": [0, 1, 3, 4, 5, 7, 8, 9, 1, 3, 4, 5, 7, 8, 9], ""num_clusters"": 3, ""cluster_scores"": [0.11263221812577433, 1.000000000003223, 1.000000000000968]}"
135,rflbat,rflbat_final_distance_filter,"[4, 44, 33, 18, 19, 49, 55, 37]","[96, 95]","{""accepted_indices"": [0, 1, 3, 4, 5, 7, 8, 9, 1, 3, 4, 5, 7, 8, 9], ""eps2"": 6, ""distance_median"": 0.042655791050064354}"
136,rflbat,rflbat_first_distance_filter,"[3, 88, 43, 72, 45, 37, 50, 44, 27, 62, 88, 43, 72, 45, 37, 50, 44, 27, 62]",[],"{""accepted_indices"": [0, 1, 2, 3, 4, 5, 6, 7, 8, 9, 1, 2, 3, 4, 5, 6, 7, 8, 9], ""eps1"": 10, ""distance_median"": 0.15917742974931576}"
136,rflbat,rflbat_cluster_filter,"[3, 88, 43, 72, 45, 37, 50, 44, 27, 62, 88, 43, 72, 45, 37, 50, 44, 27, 62]",[],"{""accepted_indices"": [0, 1, 2, 3, 4, 5, 6, 7, 8, 9, 1, 2, 3, 4, 5, 6, 7, 8, 9], ""num_clusters"": 1, ""cluster_scores"": [0.12295879085487553]}"
136,rflbat,rflbat_final_distance_filter,"[3, 88, 43, 72, 45, 37, 50, 44, 27, 62]",[],"{""accepted_indices"": [0, 1, 2, 3, 4, 5, 6, 7, 8, 9, 1, 2, 3, 4, 5, 6, 7, 8, 9], ""eps2"": 6, ""distance_median"": 0.3126740449197419}"
137,rflbat,rflbat_first_distance_filter,"[0, 50, 48, 55, 89, 68, 45, 73, 17, 75, 50, 48, 55, 89, 68, 45, 73, 17, 75]",[],"{""accepted_indices"": [0, 1, 2, 3, 4, 5, 6, 7, 8, 9, 1, 2, 3, 4, 5, 6, 7, 8, 9], ""eps1"": 10, ""distance_median"": 0.3379575844579939}"
137,rflbat,rflbat_cluster_filter,"[0, 50, 48, 55, 89, 68, 45, 73, 17, 75, 50, 48, 55, 89, 68, 45, 73, 17, 75]",[],"{""accepted_indices"": [0, 1, 2, 3, 4, 5, 6, 7, 8, 9, 1, 2, 3, 4, 5, 6, 7, 8, 9], ""num_clusters"": 1, ""cluster_scores"": [0.11305498213007914]}"
137,rflbat,rflbat_final_distance_filter,"[0, 50, 48, 55, 89, 68, 45, 73, 17, 75]",[],"{""accepted_indices"": [0, 1, 2, 3, 4, 5, 6, 7, 8, 9, 1, 2, 3, 4, 5, 6, 7, 8, 9], ""eps2"": 6, ""distance_median"": 0.612094583604553}"
138,rflbat,rflbat_first_distance_filter,"[4, 78, 56, 12, 61, 10, 19, 14, 15, 82, 78, 56, 12, 61, 10, 19, 14, 15, 82]",[],"{""accepted_indices"": [0, 1, 2, 3, 4, 5, 6, 7, 8, 9, 1, 2, 3, 4, 5, 6, 7, 8, 9], ""eps1"": 10, ""distance_median"": 0.18732040270364553}"
138,rflbat,rflbat_cluster_filter,"[4, 78, 56, 12, 61, 10, 19, 14, 15, 82, 78, 56, 12, 61, 10, 19, 14, 15, 82]",[],"{""accepted_indices"": [0, 1, 2, 3, 4, 5, 6, 7, 8, 9, 1, 2, 3, 4, 5, 6, 7, 8, 9], ""num_clusters"": 1, ""cluster_scores"": [0.12843007626046296]}"
138,rflbat,rflbat_final_distance_filter,"[4, 78, 56, 12, 61, 10, 19, 14, 15, 82]",[],"{""accepted_indices"": [0, 1, 2, 3, 4, 5, 6, 7, 8, 9, 1, 2, 3, 4, 5, 6, 7, 8, 9], ""eps2"": 6, ""distance_median"": 0.368409997935839}"
139,rflbat,rflbat_first_distance_filter,"[4, 30, 6, 14, 89, 45, 76, 52, 25, 88, 30, 6, 14, 89, 45, 76, 52, 25, 88]",[],"{""accepted_indices"": [0, 1, 2, 3, 4, 5, 6, 7, 8, 9, 1, 2, 3, 4, 5, 6, 7, 8, 9], ""eps1"": 10, ""distance_median"": 0.17626470981115921}"
139,rflbat,rflbat_cluster_filter,"[4, 30, 6, 14, 89, 45, 76, 52, 25, 88, 30, 6, 14, 89, 45, 76, 52, 25, 88]",[],"{""accepted_indices"": [0, 1, 2, 3, 4, 5, 6, 7, 8, 9, 1, 2, 3, 4, 5, 6, 7, 8, 9], ""num_clusters"": 1, ""cluster_scores"": [0.13590253827694915]}"
139,rflbat,rflbat_final_distance_filter,"[4, 30, 6, 14, 89, 45, 76, 52, 25, 88]",[],"{""accepted_indices"": [0, 1, 2, 3, 4, 5, 6, 7, 8, 9, 1, 2, 3, 4, 5, 6, 7, 8, 9], ""eps2"": 6, ""distance_median"": 0.3407167286407756}"
140,rflbat,rflbat_first_distance_filter,"[0, 10, 27, 82, 43, 50, 97, 18, 17, 55, 10, 27, 82, 43, 50, 97, 18, 17, 55]",[],"{""accepted_indices"": [0, 1, 2, 3, 4, 5, 6, 7, 8, 9, 1, 2, 3, 4, 5, 6, 7, 8, 9], ""eps1"": 10, ""distance_median"": 0.231417568979209}"
140,rflbat,rflbat_cluster_filter,"[0, 27, 82, 43, 50, 97, 18, 17, 55, 27, 82, 43, 50, 97, 18, 17, 55]",[10],"{""accepted_indices"": [0, 2, 3, 4, 5, 6, 7, 8, 9, 2, 3, 4, 5, 6, 7, 8, 9], ""num_clusters"": 2, ""cluster_scores"": [0.13538252592439592, 1.0000000000025664]}"
140,rflbat,rflbat_final_distance_filter,"[0, 27, 82, 43, 50, 97, 18, 17, 55]",[10],"{""accepted_indices"": [0, 2, 3, 4, 5, 6, 7, 8, 9, 2, 3, 4, 5, 6, 7, 8, 9], ""eps2"": 6, ""distance_median"": 0.24049046525350282}"
141,rflbat,rflbat_first_distance_filter,"[3, 30, 8, 51, 47, 4, 73, 54, 59, 55, 30, 8, 51, 47, 4, 73, 54, 59, 55]",[],"{""accepted_indices"": [0, 1, 2, 3, 4, 5, 6, 7, 8, 9, 1, 2, 3, 4, 5, 6, 7, 8, 9], ""eps1"": 10, ""distance_median"": 0.32834516444512185}"
141,rflbat,rflbat_cluster_filter,"[3, 30, 8, 51, 47, 4, 73, 54, 59, 55, 30, 8, 51, 47, 4, 73, 54, 59, 55]",[],"{""accepted_indices"": [0, 1, 2, 3, 4, 5, 6, 7, 8, 9, 1, 2, 3, 4, 5, 6, 7, 8, 9], ""num_clusters"": 1, ""cluster_scores"": [0.07711543484985121]}"
141,rflbat,rflbat_final_distance_filter,"[3, 30, 8, 51, 47, 4, 73, 54, 59, 55]",[],"{""accepted_indices"": [0, 1, 2, 3, 4, 5, 6, 7, 8, 9, 1, 2, 3, 4, 5, 6, 7, 8, 9], ""eps2"": 6, ""distance_median"": 0.6604719926294278}"
142,rflbat,rflbat_first_distance_filter,"[0, 96, 16, 1, 26, 33, 64, 48, 90, 46, 96, 16, 1, 26, 33, 64, 48, 90, 46]",[],"{""accepted_indices"": [0, 1, 2, 3, 4, 5, 6, 7, 8, 9, 1, 2, 3, 4, 5, 6, 7, 8, 9], ""eps1"": 10, ""distance_median"": 0.18869758668946873}"
142,rflbat,rflbat_cluster_filter,"[0, 96, 16, 1, 26, 33, 64, 48, 90, 46, 96, 16, 1, 26, 33, 64, 48, 90, 46]",[],"{""accepted_indices"": [0, 1, 2, 3, 4, 5, 6, 7, 8, 9, 1, 2, 3, 4, 5, 6, 7, 8, 9], ""num_clusters"": 1, ""cluster_scores"": [0.14830170183086744]}"
142,rflbat,rflbat_final_distance_filter,"[0, 96, 16, 1, 26, 33, 64, 48, 90, 46]",[],"{""accepted_indices"": [0, 1, 2, 3, 4, 5, 6, 7, 8, 9, 1, 2, 3, 4, 5, 6, 7, 8, 9], ""eps2"": 6, ""distance_median"": 0.30947189758430294}"
143,rflbat,rflbat_first_distance_filter,"[2, 70, 47, 32, 69, 58, 63, 79, 80, 49, 70, 47, 32, 69, 58, 63, 79, 80, 49]",[],"{""accepted_indices"": [0, 1, 2, 3, 4, 5, 6, 7, 8, 9, 1, 2, 3, 4, 5, 6, 7, 8, 9], ""eps1"": 10, ""distance_median"": 0.1725676062806809}"
143,rflbat,rflbat_cluster_filter,"[2, 70, 47, 32, 69, 58, 63, 79, 80, 49, 70, 47, 32, 69, 58, 63, 79, 80, 49]",[],"{""accepted_indices"": [0, 1, 2, 3, 4, 5, 6, 7, 8, 9, 1, 2, 3, 4, 5, 6, 7, 8, 9], ""num_clusters"": 1, ""cluster_scores"": [0.11197219032695782]}"
143,rflbat,rflbat_final_distance_filter,"[2, 70, 47, 32, 69, 58, 63, 79, 80, 49]",[],"{""accepted_indices"": [0, 1, 2, 3, 4, 5, 6, 7, 8, 9, 1, 2, 3, 4, 5, 6, 7, 8, 9], ""eps2"": 6, ""distance_median"": 0.3472976609713377}"
144,rflbat,rflbat_first_distance_filter,"[0, 2, 45, 31, 92, 63, 75, 83, 7, 40, 2, 45, 31, 92, 63, 75, 83, 7, 40]",[],"{""accepted_indices"": [0, 1, 2, 3, 4, 5, 6, 7, 8, 9, 1, 2, 3, 4, 5, 6, 7, 8, 9], ""eps1"": 10, ""distance_median"": 0.2051708963147929}"
144,rflbat,rflbat_cluster_filter,"[0, 2, 45, 31, 92, 63, 75, 83, 7, 40, 2, 45, 31, 92, 63, 75, 83, 7, 40]",[],"{""accepted_indices"": [0, 1, 2, 3, 4, 5, 6, 7, 8, 9, 1, 2, 3, 4, 5, 6, 7, 8, 9], ""num_clusters"": 1, ""cluster_scores"": [0.09113887062335609]}"
144,rflbat,rflbat_final_distance_filter,"[0, 2, 45, 31, 92, 63, 75, 83, 7, 40]",[],"{""accepted_indices"": [0, 1, 2, 3, 4, 5, 6, 7, 8, 9, 1, 2, 3, 4, 5, 6, 7, 8, 9], ""eps2"": 6, ""distance_median"": 0.34050309887555574}"
145,rflbat,rflbat_first_distance_filter,"[3, 31, 13, 6, 32, 52, 70, 0, 94, 38, 31, 13, 6, 32, 52, 70, 0, 94, 38]",[],"{""accepted_indices"": [0, 1, 2, 3, 4, 5, 6, 7, 8, 9, 1, 2, 3, 4, 5, 6, 7, 8, 9], ""eps1"": 10, ""distance_median"": 0.19385045395509148}"
145,rflbat,rflbat_cluster_filter,"[3, 31, 13, 6, 32, 52, 70, 0, 94, 38, 31, 13, 6, 32, 52, 70, 0, 94, 38]",[],"{""accepted_indices"": [0, 1, 2, 3, 4, 5, 6, 7, 8, 9, 1, 2, 3, 4, 5, 6, 7, 8, 9], ""num_clusters"": 1, ""cluster_scores"": [0.13029074668909524]}"
145,rflbat,rflbat_final_distance_filter,"[3, 31, 13, 6, 32, 52, 70, 0, 94, 38]",[],"{""accepted_indices"": [0, 1, 2, 3, 4, 5, 6, 7, 8, 9, 1, 2, 3, 4, 5, 6, 7, 8, 9], ""eps2"": 6, ""distance_median"": 0.38250036645039387}"
146,rflbat,rflbat_first_distance_filter,"[2, 84, 81, 3, 78, 97, 88, 7, 6, 52, 84, 81, 3, 78, 97, 88, 7, 6, 52]",[],"{""accepted_indices"": [0, 1, 2, 3, 4, 5, 6, 7, 8, 9, 1, 2, 3, 4, 5, 6, 7, 8, 9], ""eps1"": 10, ""distance_median"": 0.18608325339354495}"
146,rflbat,rflbat_cluster_filter,"[2, 84, 81, 3, 78, 97, 88, 7, 6, 52, 84, 81, 3, 78, 97, 88, 7, 6, 52]",[],"{""accepted_indices"": [0, 1, 2, 3, 4, 5, 6, 7, 8, 9, 1, 2, 3, 4, 5, 6, 7, 8, 9], ""num_clusters"": 1, ""cluster_scores"": [0.1540906953634261]}"
146,rflbat,rflbat_final_distance_filter,"[2, 84, 81, 3, 78, 97, 88, 7, 6, 52]",[],"{""accepted_indices"": [0, 1, 2, 3, 4, 5, 6, 7, 8, 9, 1, 2, 3, 4, 5, 6, 7, 8, 9], ""eps2"": 6, ""distance_median"": 0.3704374126481167}"
147,rflbat,rflbat_first_distance_filter,"[1, 21, 13, 8, 39, 40, 74, 10, 96, 26, 21, 13, 8, 39, 40, 74, 10, 96, 26]",[],"{""accepted_indices"": [0, 1, 2, 3, 4, 5, 6, 7, 8, 9, 1, 2, 3, 4, 5, 6, 7, 8, 9], ""eps1"": 10, ""distance_median"": 0.37154741099192995}"
147,rflbat,rflbat_cluster_filter,"[1, 21, 13, 8, 39, 40, 74, 10, 96, 26, 21, 13, 8, 39, 40, 74, 10, 96, 26]",[],"{""accepted_indices"": [0, 1, 2, 3, 4, 5, 6, 7, 8, 9, 1, 2, 3, 4, 5, 6, 7, 8, 9], ""num_clusters"": 1, ""cluster_scores"": [0.11686892680150472]}"
147,rflbat,rflbat_final_distance_filter,"[1, 21, 13, 8, 39, 40, 74, 10, 96, 26]",[],"{""accepted_indices"": [0, 1, 2, 3, 4, 5, 6, 7, 8, 9, 1, 2, 3, 4, 5, 6, 7, 8, 9], ""eps2"": 6, ""distance_median"": 0.7350474765996454}"
148,rflbat,rflbat_first_distance_filter,"[1, 68, 34, 78, 19, 52, 15, 96, 83, 35, 68, 34, 78, 19, 52, 15, 96, 83, 35]",[],"{""accepted_indices"": [0, 1, 2, 3, 4, 5, 6, 7, 8, 9, 1, 2, 3, 4, 5, 6, 7, 8, 9], ""eps1"": 10, ""distance_median"": 0.1371626724266511}"
148,rflbat,rflbat_cluster_filter,"[1, 68, 34, 78, 19, 52, 15, 96, 83, 35, 68, 34, 78, 19, 52, 15, 96, 83, 35]",[],"{""accepted_indices"": [0, 1, 2, 3, 4, 5, 6, 7, 8, 9, 1, 2, 3, 4, 5, 6, 7, 8, 9], ""num_clusters"": 1, ""cluster_scores"": [0.11366476399603667]}"
148,rflbat,rflbat_final_distance_filter,"[1, 68, 34, 78, 19, 52, 15, 96, 83, 35]",[],"{""accepted_indices"": [0, 1, 2, 3, 4, 5, 6, 7, 8, 9, 1, 2, 3, 4, 5, 6, 7, 8, 9], ""eps2"": 6, ""distance_median"": 0.2863572405978436}"
149,rflbat,rflbat_first_distance_filter,"[4, 74, 72, 97, 80, 27, 7, 56, 19, 79, 74, 72, 97, 80, 27, 7, 56, 19, 79]",[],"{""accepted_indices"": [0, 1, 2, 3, 4, 5, 6, 7, 8, 9, 1, 2, 3, 4, 5, 6, 7, 8, 9], ""eps1"": 10, ""distance_median"": 0.13435360268802293}"
149,rflbat,rflbat_cluster_filter,"[4, 74, 72, 7, 19, 79, 74, 72, 7, 19, 79]","[97, 80, 27, 56]","{""accepted_indices"": [0, 1, 2, 6, 8, 9, 1, 2, 6, 8, 9], ""num_clusters"": 3, ""cluster_scores"": [0.2576871812145417, 1.0000000000014164, 0.31539472772504]}"
149,rflbat,rflbat_final_distance_filter,"[4, 74, 72, 7, 19, 79]","[97, 80, 27, 56]","{""accepted_indices"": [0, 1, 2, 6, 8, 9, 1, 2, 6, 8, 9], ""eps2"": 6, ""distance_median"": 0.06801574326815794}"
150,rflbat,rflbat_first_distance_filter,"[3, 4, 84, 82, 64, 39, 31, 2, 44, 25, 4, 84, 82, 64, 39, 31, 2, 44, 25]",[],"{""accepted_indices"": [0, 1, 2, 3, 4, 5, 6, 7, 8, 9, 1, 2, 3, 4, 5, 6, 7, 8, 9], ""eps1"": 10, ""distance_median"": 0.2001769684045102}"
150,rflbat,rflbat_cluster_filter,"[3, 4, 84, 82, 64, 39, 2, 44, 25, 4, 84, 82, 64, 39, 2, 44, 25]",[31],"{""accepted_indices"": [0, 1, 2, 3, 4, 5, 7, 8, 9, 1, 2, 3, 4, 5, 7, 8, 9], ""num_clusters"": 2, ""cluster_scores"": [0.12169830025337254, 1.0000000000016114]}"
150,rflbat,rflbat_final_distance_filter,"[3, 4, 84, 82, 64, 39, 2, 44, 25]",[31],"{""accepted_indices"": [0, 1, 2, 3, 4, 5, 7, 8, 9, 1, 2, 3, 4, 5, 7, 8, 9], ""eps2"": 6, ""distance_median"": 0.13468793606964613}"
151,rflbat,rflbat_first_distance_filter,"[1, 19, 64, 40, 15, 26, 49, 30, 10, 36, 19, 64, 40, 15, 26, 49, 30, 10, 36]",[],"{""accepted_indices"": [0, 1, 2, 3, 4, 5, 6, 7, 8, 9, 1, 2, 3, 4, 5, 6, 7, 8, 9], ""eps1"": 10, ""distance_median"": 0.30152169481498126}"
151,rflbat,rflbat_cluster_filter,"[1, 19, 64, 40, 15, 26, 49, 30, 10, 36, 19, 64, 40, 15, 26, 49, 30, 10, 36]",[],"{""accepted_indices"": [0, 1, 2, 3, 4, 5, 6, 7, 8, 9, 1, 2, 3, 4, 5, 6, 7, 8, 9], ""num_clusters"": 1, ""cluster_scores"": [0.10120708460575029]}"
151,rflbat,rflbat_final_distance_filter,"[1, 19, 64, 40, 15, 26, 49, 30, 10, 36]",[],"{""accepted_indices"": [0, 1, 2, 3, 4, 5, 6, 7, 8, 9, 1, 2, 3, 4, 5, 6, 7, 8, 9], ""eps2"": 6, ""distance_median"": 0.6008147903139172}"
152,rflbat,rflbat_first_distance_filter,"[2, 11, 52, 5, 60, 56, 37, 47, 48, 86, 11, 52, 5, 60, 56, 37, 47, 48, 86]",[],"{""accepted_indices"": [0, 1, 2, 3, 4, 5, 6, 7, 8, 9, 1, 2, 3, 4, 5, 6, 7, 8, 9], ""eps1"": 10, ""distance_median"": 0.4027061658089053}"
152,rflbat,rflbat_cluster_filter,"[2, 11, 52, 5, 60, 56, 37, 47, 48, 86, 11, 52, 5, 60, 56, 37, 47, 48, 86]",[],"{""accepted_indices"": [0, 1, 2, 3, 4, 5, 6, 7, 8, 9, 1, 2, 3, 4, 5, 6, 7, 8, 9], ""num_clusters"": 1, ""cluster_scores"": [0.10806962232226631]}"
152,rflbat,rflbat_final_distance_filter,"[2, 11, 52, 5, 60, 56, 37, 47, 48, 86]",[],"{""accepted_indices"": [0, 1, 2, 3, 4, 5, 6, 7, 8, 9, 1, 2, 3, 4, 5, 6, 7, 8, 9], ""eps2"": 6, ""distance_median"": 0.8183443167355074}"
153,rflbat,rflbat_first_distance_filter,"[3, 73, 59, 96, 24, 41, 52, 83, 86, 64, 73, 59, 96, 24, 41, 52, 83, 86, 64]",[],"{""accepted_indices"": [0, 1, 2, 3, 4, 5, 6, 7, 8, 9, 1, 2, 3, 4, 5, 6, 7, 8, 9], ""eps1"": 10, ""distance_median"": 0.2661610150865827}"
153,rflbat,rflbat_cluster_filter,"[3, 73, 59, 96, 24, 41, 52, 83, 86, 64, 73, 59, 96, 24, 41, 52, 83, 86, 64]",[],"{""accepted_indices"": [0, 1, 2, 3, 4, 5, 6, 7, 8, 9, 1, 2, 3, 4, 5, 6, 7, 8, 9], ""num_clusters"": 1, ""cluster_scores"": [0.12735689470692985]}"
153,rflbat,rflbat_final_distance_filter,"[3, 73, 59, 96, 24, 41, 52, 83, 86, 64]",[],"{""accepted_indices"": [0, 1, 2, 3, 4, 5, 6, 7, 8, 9, 1, 2, 3, 4, 5, 6, 7, 8, 9], ""eps2"": 6, ""distance_median"": 0.5253082485744897}"
154,rflbat,rflbat_first_distance_filter,"[1, 24, 51, 23, 61, 21, 49, 11, 7, 90, 24, 51, 23, 61, 21, 49, 11, 7, 90]",[],"{""accepted_indices"": [0, 1, 2, 3, 4, 5, 6, 7, 8, 9, 1, 2, 3, 4, 5, 6, 7, 8, 9], ""eps1"": 10, ""distance_median"": 0.15849007629941025}"
154,rflbat,rflbat_cluster_filter,"[1, 24, 51, 23, 61, 21, 49, 11, 7, 90, 24, 51, 23, 61, 21, 49, 11, 7, 90]",[],"{""accepted_indices"": [0, 1, 2, 3, 4, 5, 6, 7, 8, 9, 1, 2, 3, 4, 5, 6, 7, 8, 9], ""num_clusters"": 1, ""cluster_scores"": [0.13905886404765908]}"
154,rflbat,rflbat_final_distance_filter,"[1, 24, 51, 23, 61, 21, 49, 11, 7, 90]",[],"{""accepted_indices"": [0, 1, 2, 3, 4, 5, 6, 7, 8, 9, 1, 2, 3, 4, 5, 6, 7, 8, 9], ""eps2"": 6, ""distance_median"": 0.3157458811684225}"
155,rflbat,rflbat_first_distance_filter,"[3, 95, 98, 6, 52, 96, 27, 90, 34, 9, 95, 98, 6, 52, 96, 27, 90, 34, 9]",[],"{""accepted_indices"": [0, 1, 2, 3, 4, 5, 6, 7, 8, 9, 1, 2, 3, 4, 5, 6, 7, 8, 9], ""eps1"": 10, ""distance_median"": 0.15914620361331921}"
155,rflbat,rflbat_cluster_filter,"[3, 95, 98, 6, 52, 96, 27, 90, 34, 9, 95, 98, 6, 52, 96, 27, 90, 34, 9]",[],"{""accepted_indices"": [0, 1, 2, 3, 4, 5, 6, 7, 8, 9, 1, 2, 3, 4, 5, 6, 7, 8, 9], ""num_clusters"": 1, ""cluster_scores"": [0.08765976011850898]}"
155,rflbat,rflbat_final_distance_filter,"[3, 95, 98, 6, 52, 96, 27, 90, 34, 9]",[],"{""accepted_indices"": [0, 1, 2, 3, 4, 5, 6, 7, 8, 9, 1, 2, 3, 4, 5, 6, 7, 8, 9], ""eps2"": 6, ""distance_median"": 0.3168110992965518}"
156,rflbat,rflbat_first_distance_filter,"[4, 60, 16, 81, 6, 58, 85, 95, 90, 27, 60, 16, 81, 6, 58, 85, 95, 90, 27]",[],"{""accepted_indices"": [0, 1, 2, 3, 4, 5, 6, 7, 8, 9, 1, 2, 3, 4, 5, 6, 7, 8, 9], ""eps1"": 10, ""distance_median"": 0.1805741330750466}"
156,rflbat,rflbat_cluster_filter,"[4, 60, 16, 81, 6, 58, 85, 95, 90, 27, 60, 16, 81, 6, 58, 85, 95, 90, 27]",[],"{""accepted_indices"": [0, 1, 2, 3, 4, 5, 6, 7, 8, 9, 1, 2, 3, 4, 5, 6, 7, 8, 9], ""num_clusters"": 1, ""cluster_scores"": [0.11483489966127255]}"
156,rflbat,rflbat_final_distance_filter,"[4, 60, 16, 81, 6, 58, 85, 95, 90, 27]",[],"{""accepted_indices"": [0, 1, 2, 3, 4, 5, 6, 7, 8, 9, 1, 2, 3, 4, 5, 6, 7, 8, 9], ""eps2"": 6, ""distance_median"": 0.35164114498867094}"
157,rflbat,rflbat_first_distance_filter,"[0, 33, 57, 81, 1, 24, 30, 72, 14, 79, 33, 57, 81, 1, 24, 30, 72, 14, 79]",[],"{""accepted_indices"": [0, 1, 2, 3, 4, 5, 6, 7, 8, 9, 1, 2, 3, 4, 5, 6, 7, 8, 9], ""eps1"": 10, ""distance_median"": 0.265776415278751}"
157,rflbat,rflbat_cluster_filter,"[0, 33, 57, 81, 1, 24, 30, 72, 14, 79, 33, 57, 81, 1, 24, 30, 72, 14, 79]",[],"{""accepted_indices"": [0, 1, 2, 3, 4, 5, 6, 7, 8, 9, 1, 2, 3, 4, 5, 6, 7, 8, 9], ""num_clusters"": 1, ""cluster_scores"": [0.10329315508568027]}"
157,rflbat,rflbat_final_distance_filter,"[0, 33, 57, 81, 1, 24, 72, 14, 79]",[30],"{""accepted_indices"": [0, 1, 2, 3, 4, 5, 7, 8, 9, 1, 2, 3, 4, 5, 7, 8, 9], ""eps2"": 6, ""distance_median"": 0.44238975152548454}"
158,rflbat,rflbat_first_distance_filter,"[4, 98, 51, 17, 81, 85, 31, 13, 50, 49, 98, 51, 17, 81, 85, 31, 13, 50, 49]",[],"{""accepted_indices"": [0, 1, 2, 3, 4, 5, 6, 7, 8, 9, 1, 2, 3, 4, 5, 6, 7, 8, 9], ""eps1"": 10, ""distance_median"": 0.22266246710540252}"
158,rflbat,rflbat_cluster_filter,"[4, 98, 51, 17, 81, 85, 31, 13, 50, 49, 98, 51, 17, 81, 85, 31, 13, 50, 49]",[],"{""accepted_indices"": [0, 1, 2, 3, 4, 5, 6, 7, 8, 9, 1, 2, 3, 4, 5, 6, 7, 8, 9], ""num_clusters"": 1, ""cluster_scores"": [0.1289604260522218]}"
158,rflbat,rflbat_final_distance_filter,"[4, 98, 51, 17, 81, 85, 31, 13, 50, 49]",[],"{""accepted_indices"": [0, 1, 2, 3, 4, 5, 6, 7, 8, 9, 1, 2, 3, 4, 5, 6, 7, 8, 9], ""eps2"": 6, ""distance_median"": 0.4301346884341378}"
159,rflbat,rflbat_first_distance_filter,"[4, 36, 59, 46, 83, 53, 67, 47, 39, 52, 36, 59, 46, 83, 53, 67, 47, 39, 52]",[],"{""accepted_indices"": [0, 1, 2, 3, 4, 5, 6, 7, 8, 9, 1, 2, 3, 4, 5, 6, 7, 8, 9], ""eps1"": 10, ""distance_median"": 0.2048790060187481}"
159,rflbat,rflbat_cluster_filter,"[4, 36, 59, 46, 83, 53, 67, 47, 39, 52, 36, 59, 46, 83, 53, 67, 47, 39, 52]",[],"{""accepted_indices"": [0, 1, 2, 3, 4, 5, 6, 7, 8, 9, 1, 2, 3, 4, 5, 6, 7, 8, 9], ""num_clusters"": 1, ""cluster_scores"": [0.18083591453416437]}"
159,rflbat,rflbat_final_distance_filter,"[4, 36, 59, 46, 83, 53, 67, 47, 39, 52]",[],"{""accepted_indices"": [0, 1, 2, 3, 4, 5, 6, 7, 8, 9, 1, 2, 3, 4, 5, 6, 7, 8, 9], ""eps2"": 6, ""distance_median"": 0.3268014904381096}"
160,rflbat,rflbat_first_distance_filter,"[2, 86, 51, 25, 74, 63, 23, 13, 87, 91, 86, 51, 25, 74, 63, 23, 13, 87, 91]",[],"{""accepted_indices"": [0, 1, 2, 3, 4, 5, 6, 7, 8, 9, 1, 2, 3, 4, 5, 6, 7, 8, 9], ""eps1"": 10, ""distance_median"": 0.14159359546339312}"
160,rflbat,rflbat_cluster_filter,"[2, 86, 51, 25, 74, 63, 23, 13, 87, 91, 86, 51, 25, 74, 63, 23, 13, 87, 91]",[],"{""accepted_indices"": [0, 1, 2, 3, 4, 5, 6, 7, 8, 9, 1, 2, 3, 4, 5, 6, 7, 8, 9], ""num_clusters"": 1, ""cluster_scores"": [0.1174383654564994]}"
160,rflbat,rflbat_final_distance_filter,"[2, 86, 51, 25, 74, 63, 23, 13, 87, 91]",[],"{""accepted_indices"": [0, 1, 2, 3, 4, 5, 6, 7, 8, 9, 1, 2, 3, 4, 5, 6, 7, 8, 9], ""eps2"": 6, ""distance_median"": 0.2758242034378104}"
161,rflbat,rflbat_first_distance_filter,"[2, 19, 17, 25, 65, 26, 7, 61, 24, 15, 19, 17, 25, 65, 26, 7, 61, 24, 15]",[],"{""accepted_indices"": [0, 1, 2, 3, 4, 5, 6, 7, 8, 9, 1, 2, 3, 4, 5, 6, 7, 8, 9], ""eps1"": 10, ""distance_median"": 0.1810739961091458}"
161,rflbat,rflbat_cluster_filter,"[2, 19, 17, 25, 65, 26, 7, 61, 24, 15, 19, 17, 25, 65, 26, 7, 61, 24, 15]",[],"{""accepted_indices"": [0, 1, 2, 3, 4, 5, 6, 7, 8, 9, 1, 2, 3, 4, 5, 6, 7, 8, 9], ""num_clusters"": 1, ""cluster_scores"": [0.12968815582125204]}"
161,rflbat,rflbat_final_distance_filter,"[2, 19, 17, 25, 65, 26, 7, 61, 24, 15]",[],"{""accepted_indices"": [0, 1, 2, 3, 4, 5, 6, 7, 8, 9, 1, 2, 3, 4, 5, 6, 7, 8, 9], ""eps2"": 6, ""distance_median"": 0.35691054430479024}"
162,rflbat,rflbat_first_distance_filter,"[4, 5, 36, 29, 81, 68, 2, 43, 32, 0, 5, 36, 29, 81, 68, 2, 43, 32, 0]",[],"{""accepted_indices"": [0, 1, 2, 3, 4, 5, 6, 7, 8, 9, 1, 2, 3, 4, 5, 6, 7, 8, 9], ""eps1"": 10, ""distance_median"": 0.2477744845585561}"
162,rflbat,rflbat_cluster_filter,"[4, 5, 36, 29, 81, 68, 2, 43, 32, 0, 5, 36, 29, 81, 68, 2, 43, 32, 0]",[],"{""accepted_indices"": [0, 1, 2, 3, 4, 5, 6, 7, 8, 9, 1, 2, 3, 4, 5, 6, 7, 8, 9], ""num_clusters"": 1, ""cluster_scores"": [0.1167216588042455]}"
162,rflbat,rflbat_final_distance_filter,"[4, 5, 36, 29, 81, 68, 2, 43, 32, 0]",[],"{""accepted_indices"": [0, 1, 2, 3, 4, 5, 6, 7, 8, 9, 1, 2, 3, 4, 5, 6, 7, 8, 9], ""eps2"": 6, ""distance_median"": 0.5091693433806751}"
163,rflbat,rflbat_first_distance_filter,"[4, 27, 7, 10, 63, 90, 8, 46, 71, 78, 27, 7, 10, 63, 90, 8, 46, 71, 78]",[],"{""accepted_indices"": [0, 1, 2, 3, 4, 5, 6, 7, 8, 9, 1, 2, 3, 4, 5, 6, 7, 8, 9], ""eps1"": 10, ""distance_median"": 0.32697249334426404}"
163,rflbat,rflbat_cluster_filter,"[4, 27, 7, 10, 63, 90, 8, 46, 71, 78, 27, 7, 10, 63, 90, 8, 46, 71, 78]",[],"{""accepted_indices"": [0, 1, 2, 3, 4, 5, 6, 7, 8, 9, 1, 2, 3, 4, 5, 6, 7, 8, 9], ""num_clusters"": 1, ""cluster_scores"": [0.1027655645614212]}"
163,rflbat,rflbat_final_distance_filter,"[4, 27, 7, 10, 63, 90, 8, 46, 71, 78]",[],"{""accepted_indices"": [0, 1, 2, 3, 4, 5, 6, 7, 8, 9, 1, 2, 3, 4, 5, 6, 7, 8, 9], ""eps2"": 6, ""distance_median"": 0.7251039557628135}"
164,rflbat,rflbat_first_distance_filter,"[1, 61, 75, 28, 45, 59, 83, 78, 72, 66, 61, 75, 28, 45, 59, 83, 78, 72, 66]",[],"{""accepted_indices"": [0, 1, 2, 3, 4, 5, 6, 7, 8, 9, 1, 2, 3, 4, 5, 6, 7, 8, 9], ""eps1"": 10, ""distance_median"": 0.15297607082289355}"
164,rflbat,rflbat_cluster_filter,"[1, 61, 75, 28, 45, 59, 83, 78, 72, 66, 61, 75, 28, 45, 59, 83, 78, 72, 66]",[],"{""accepted_indices"": [0, 1, 2, 3, 4, 5, 6, 7, 8, 9, 1, 2, 3, 4, 5, 6, 7, 8, 9], ""num_clusters"": 1, ""cluster_scores"": [0.16017674096915105]}"
164,rflbat,rflbat_final_distance_filter,"[1, 61, 75, 28, 45, 59, 83, 78, 72, 66]",[],"{""accepted_indices"": [0, 1, 2, 3, 4, 5, 6, 7, 8, 9, 1, 2, 3, 4, 5, 6, 7, 8, 9], ""eps2"": 6, ""distance_median"": 0.3151941356928598}"
165,rflbat,rflbat_first_distance_filter,"[1, 58, 73, 25, 46, 40, 50, 7, 75, 72, 58, 73, 25, 46, 40, 50, 7, 75, 72]",[],"{""accepted_indices"": [0, 1, 2, 3, 4, 5, 6, 7, 8, 9, 1, 2, 3, 4, 5, 6, 7, 8, 9], ""eps1"": 10, ""distance_median"": 0.2404900315116682}"
165,rflbat,rflbat_cluster_filter,"[1, 58, 73, 25, 46, 40, 50, 7, 75, 72, 58, 73, 25, 46, 40, 50, 7, 75, 72]",[],"{""accepted_indices"": [0, 1, 2, 3, 4, 5, 6, 7, 8, 9, 1, 2, 3, 4, 5, 6, 7, 8, 9], ""num_clusters"": 1, ""cluster_scores"": [0.10930420028203737]}"
165,rflbat,rflbat_final_distance_filter,"[1, 58, 73, 25, 46, 40, 50, 7, 75, 72]",[],"{""accepted_indices"": [0, 1, 2, 3, 4, 5, 6, 7, 8, 9, 1, 2, 3, 4, 5, 6, 7, 8, 9], ""eps2"": 6, ""distance_median"": 0.49076501353822294}"
166,rflbat,rflbat_first_distance_filter,"[0, 67, 49, 18, 28, 37, 69, 46, 40, 29, 67, 49, 18, 28, 37, 69, 46, 40, 29]",[],"{""accepted_indices"": [0, 1, 2, 3, 4, 5, 6, 7, 8, 9, 1, 2, 3, 4, 5, 6, 7, 8, 9], ""eps1"": 10, ""distance_median"": 0.1878995562068117}"
166,rflbat,rflbat_cluster_filter,"[67, 49, 18, 28, 37, 46, 40, 29, 67, 49, 18, 28, 37, 46, 40, 29]","[0, 69]","{""accepted_indices"": [1, 2, 3, 4, 5, 7, 8, 9, 1, 2, 3, 4, 5, 7, 8, 9], ""num_clusters"": 2, ""cluster_scores"": [0.7103402869740264, 0.22917132464115414]}"
166,rflbat,rflbat_final_distance_filter,"[67, 49, 18, 28, 37, 46, 40, 29]","[0, 69]","{""accepted_indices"": [1, 2, 3, 4, 5, 7, 8, 9, 1, 2, 3, 4, 5, 7, 8, 9], ""eps2"": 6, ""distance_median"": 0.20816190162672193}"
167,rflbat,rflbat_first_distance_filter,"[1, 72, 87, 96, 48, 16, 21, 63, 25, 23, 72, 87, 96, 48, 16, 21, 63, 25, 23]",[],"{""accepted_indices"": [0, 1, 2, 3, 4, 5, 6, 7, 8, 9, 1, 2, 3, 4, 5, 6, 7, 8, 9], ""eps1"": 10, ""distance_median"": 0.1502836953678758}"
167,rflbat,rflbat_cluster_filter,"[1, 72, 87, 96, 16, 21, 63, 25, 23, 72, 87, 96, 16, 21, 63, 25, 23]",[48],"{""accepted_indices"": [0, 1, 2, 3, 5, 6, 7, 8, 9, 1, 2, 3, 5, 6, 7, 8, 9], ""num_clusters"": 2, ""cluster_scores"": [0.13208326615102908, 1.000000000002414]}"
167,rflbat,rflbat_final_distance_filter,"[1, 72, 87, 96, 16, 21, 63, 25, 23]",[48],"{""accepted_indices"": [0, 1, 2, 3, 5, 6, 7, 8, 9, 1, 2, 3, 5, 6, 7, 8, 9], ""eps2"": 6, ""distance_median"": 0.1132119470124892}"
168,rflbat,rflbat_first_distance_filter,"[3, 89, 84, 17, 32, 16, 9, 35, 72, 12, 89, 84, 17, 32, 16, 9, 35, 72, 12]",[],"{""accepted_indices"": [0, 1, 2, 3, 4, 5, 6, 7, 8, 9, 1, 2, 3, 4, 5, 6, 7, 8, 9], ""eps1"": 10, ""distance_median"": 0.12817999841928435}"
168,rflbat,rflbat_cluster_filter,"[3, 89, 84, 17, 32, 16, 9, 35, 72, 12, 89, 84, 17, 32, 16, 9, 35, 72, 12]",[],"{""accepted_indices"": [0, 1, 2, 3, 4, 5, 6, 7, 8, 9, 1, 2, 3, 4, 5, 6, 7, 8, 9], ""num_clusters"": 1, ""cluster_scores"": [0.11910776551208324]}"
168,rflbat,rflbat_final_distance_filter,"[3, 89, 84, 17, 32, 16, 9, 35, 72, 12]",[],"{""accepted_indices"": [0, 1, 2, 3, 4, 5, 6, 7, 8, 9, 1, 2, 3, 4, 5, 6, 7, 8, 9], ""eps2"": 6, ""distance_median"": 0.2558051443038589}"
169,rflbat,rflbat_first_distance_filter,"[1, 86, 89, 95, 60, 85, 17, 6, 32, 75, 86, 89, 95, 60, 85, 17, 6, 32, 75]",[],"{""accepted_indices"": [0, 1, 2, 3, 4, 5, 6, 7, 8, 9, 1, 2, 3, 4, 5, 6, 7, 8, 9], ""eps1"": 10, ""distance_median"": 0.19647452844073487}"
169,rflbat,rflbat_cluster_filter,"[1, 86, 89, 95, 60, 85, 17, 6, 32, 75, 86, 89, 95, 60, 85, 17, 6, 32, 75]",[],"{""accepted_indices"": [0, 1, 2, 3, 4, 5, 6, 7, 8, 9, 1, 2, 3, 4, 5, 6, 7, 8, 9], ""num_clusters"": 1, ""cluster_scores"": [0.09183415190893145]}"
169,rflbat,rflbat_final_distance_filter,"[1, 86, 89, 95, 60, 85, 17, 6, 32, 75]",[],"{""accepted_indices"": [0, 1, 2, 3, 4, 5, 6, 7, 8, 9, 1, 2, 3, 4, 5, 6, 7, 8, 9], ""eps2"": 6, ""distance_median"": 0.38882837214404503}"
170,rflbat,rflbat_first_distance_filter,"[3, 63, 15, 62, 51, 47, 31, 20, 33, 25, 63, 15, 62, 51, 47, 31, 20, 33, 25]",[],"{""accepted_indices"": [0, 1, 2, 3, 4, 5, 6, 7, 8, 9, 1, 2, 3, 4, 5, 6, 7, 8, 9], ""eps1"": 10, ""distance_median"": 0.2586486096218194}"
170,rflbat,rflbat_cluster_filter,"[3, 63, 15, 62, 51, 47, 20, 33, 25, 63, 15, 62, 51, 47, 20, 33, 25]",[31],"{""accepted_indices"": [0, 1, 2, 3, 4, 5, 7, 8, 9, 1, 2, 3, 4, 5, 7, 8, 9], ""num_clusters"": 2, ""cluster_scores"": [0.136435367207016, 1.0000000000029807]}"
170,rflbat,rflbat_final_distance_filter,"[3, 63, 15, 62, 51, 47, 20, 33, 25]",[31],"{""accepted_indices"": [0, 1, 2, 3, 4, 5, 7, 8, 9, 1, 2, 3, 4, 5, 7, 8, 9], ""eps2"": 6, ""distance_median"": 0.18529233583743868}"
171,rflbat,rflbat_first_distance_filter,"[0, 59, 22, 14, 93, 11, 38, 31, 71, 85, 59, 22, 14, 93, 11, 38, 31, 71, 85]",[],"{""accepted_indices"": [0, 1, 2, 3, 4, 5, 6, 7, 8, 9, 1, 2, 3, 4, 5, 6, 7, 8, 9], ""eps1"": 10, ""distance_median"": 0.21992890390063946}"
171,rflbat,rflbat_cluster_filter,"[0, 59, 22, 14, 93, 11, 38, 31, 71, 85, 59, 22, 14, 93, 11, 38, 31, 71, 85]",[],"{""accepted_indices"": [0, 1, 2, 3, 4, 5, 6, 7, 8, 9, 1, 2, 3, 4, 5, 6, 7, 8, 9], ""num_clusters"": 1, ""cluster_scores"": [0.18572082275022087]}"
171,rflbat,rflbat_final_distance_filter,"[0, 59, 22, 14, 93, 11, 38, 31, 71, 85]",[],"{""accepted_indices"": [0, 1, 2, 3, 4, 5, 6, 7, 8, 9, 1, 2, 3, 4, 5, 6, 7, 8, 9], ""eps2"": 6, ""distance_median"": 0.3708647468316166}"
172,rflbat,rflbat_first_distance_filter,"[0, 93, 23, 12, 78, 41, 29, 79, 97, 82, 93, 23, 12, 78, 41, 29, 79, 97, 82]",[],"{""accepted_indices"": [0, 1, 2, 3, 4, 5, 6, 7, 8, 9, 1, 2, 3, 4, 5, 6, 7, 8, 9], ""eps1"": 10, ""distance_median"": 0.21409578275259214}"
172,rflbat,rflbat_cluster_filter,"[0, 93, 23, 12, 78, 41, 29, 79, 97, 82, 93, 23, 12, 78, 41, 29, 79, 97, 82]",[],"{""accepted_indices"": [0, 1, 2, 3, 4, 5, 6, 7, 8, 9, 1, 2, 3, 4, 5, 6, 7, 8, 9], ""num_clusters"": 1, ""cluster_scores"": [0.13050385070241252]}"
172,rflbat,rflbat_final_distance_filter,"[0, 93, 23, 12, 78, 41, 29, 79, 97, 82]",[],"{""accepted_indices"": [0, 1, 2, 3, 4, 5, 6, 7, 8, 9, 1, 2, 3, 4, 5, 6, 7, 8, 9], ""eps2"": 6, ""distance_median"": 0.34190439738746586}"
173,rflbat,rflbat_first_distance_filter,"[2, 31, 9, 69, 65, 32, 33, 70, 8, 49, 31, 9, 69, 65, 32, 33, 70, 8, 49]",[],"{""accepted_indices"": [0, 1, 2, 3, 4, 5, 6, 7, 8, 9, 1, 2, 3, 4, 5, 6, 7, 8, 9], ""eps1"": 10, ""distance_median"": 0.2612125559258052}"
173,rflbat,rflbat_cluster_filter,"[2, 31, 9, 69, 65, 32, 33, 70, 8, 49, 31, 9, 69, 65, 32, 33, 70, 8, 49]",[],"{""accepted_indices"": [0, 1, 2, 3, 4, 5, 6, 7, 8, 9, 1, 2, 3, 4, 5, 6, 7, 8, 9], ""num_clusters"": 1, ""cluster_scores"": [0.11376817485886596]}"
173,rflbat,rflbat_final_distance_filter,"[2, 31, 9, 69, 65, 32, 33, 70, 8, 49]",[],"{""accepted_indices"": [0, 1, 2, 3, 4, 5, 6, 7, 8, 9, 1, 2, 3, 4, 5, 6, 7, 8, 9], ""eps2"": 6, ""distance_median"": 0.5224467854897462}"
174,rflbat,rflbat_first_distance_filter,"[0, 89, 97, 70, 37, 10, 91, 82, 98, 77, 89, 97, 70, 37, 10, 91, 82, 98, 77]",[],"{""accepted_indices"": [0, 1, 2, 3, 4, 5, 6, 7, 8, 9, 1, 2, 3, 4, 5, 6, 7, 8, 9], ""eps1"": 10, ""distance_median"": 0.22461091608892486}"
174,rflbat,rflbat_cluster_filter,"[0, 89, 97, 70, 37, 10, 91, 82, 98, 77, 89, 97, 70, 37, 10, 91, 82, 98, 77]",[],"{""accepted_indices"": [0, 1, 2, 3, 4, 5, 6, 7, 8, 9, 1, 2, 3, 4, 5, 6, 7, 8, 9], ""num_clusters"": 1, ""cluster_scores"": [0.12177691434211939]}"
174,rflbat,rflbat_final_distance_filter,"[0, 89, 97, 70, 37, 10, 91, 82, 98, 77]",[],"{""accepted_indices"": [0, 1, 2, 3, 4, 5, 6, 7, 8, 9, 1, 2, 3, 4, 5, 6, 7, 8, 9], ""eps2"": 6, ""distance_median"": 0.35891437245771557}"
175,rflbat,rflbat_first_distance_filter,"[3, 4, 38, 9, 20, 81, 94, 55, 52, 47, 4, 38, 9, 20, 81, 94, 55, 52, 47]",[],"{""accepted_indices"": [0, 1, 2, 3, 4, 5, 6, 7, 8, 9, 1, 2, 3, 4, 5, 6, 7, 8, 9], ""eps1"": 10, ""distance_median"": 0.14819773393898472}"
175,rflbat,rflbat_cluster_filter,"[3, 4, 38, 9, 20, 81, 94, 55, 52, 47, 4, 38, 9, 20, 81, 94, 55, 52, 47]",[],"{""accepted_indices"": [0, 1, 2, 3, 4, 5, 6, 7, 8, 9, 1, 2, 3, 4, 5, 6, 7, 8, 9], ""num_clusters"": 1, ""cluster_scores"": [0.09828823203824949]}"
175,rflbat,rflbat_final_distance_filter,"[3, 4, 38, 9, 20, 81, 94, 55, 52, 47]",[],"{""accepted_indices"": [0, 1, 2, 3, 4, 5, 6, 7, 8, 9, 1, 2, 3, 4, 5, 6, 7, 8, 9], ""eps2"": 6, ""distance_median"": 0.2537056245328915}"
176,rflbat,rflbat_first_distance_filter,"[2, 52, 37, 23, 12, 68, 28, 90, 83, 64, 52, 37, 23, 12, 68, 28, 90, 83, 64]",[],"{""accepted_indices"": [0, 1, 2, 3, 4, 5, 6, 7, 8, 9, 1, 2, 3, 4, 5, 6, 7, 8, 9], ""eps1"": 10, ""distance_median"": 0.0911093636477027}"
176,rflbat,rflbat_cluster_filter,"[2, 52, 37, 23, 12, 68, 28, 90, 83, 64, 52, 37, 23, 12, 68, 28, 90, 83, 64]",[],"{""accepted_indices"": [0, 1, 2, 3, 4, 5, 6, 7, 8, 9, 1, 2, 3, 4, 5, 6, 7, 8, 9], ""num_clusters"": 1, ""cluster_scores"": [0.1379141891387085]}"
176,rflbat,rflbat_final_distance_filter,"[2, 52, 37, 23, 12, 68, 28, 90, 83, 64]",[],"{""accepted_indices"": [0, 1, 2, 3, 4, 5, 6, 7, 8, 9, 1, 2, 3, 4, 5, 6, 7, 8, 9], ""eps2"": 6, ""distance_median"": 0.16942010906493712}"
177,rflbat,rflbat_first_distance_filter,"[1, 8, 9, 91, 62, 45, 16, 15, 40, 28, 8, 9, 91, 62, 45, 16, 15, 40, 28]",[],"{""accepted_indices"": [0, 1, 2, 3, 4, 5, 6, 7, 8, 9, 1, 2, 3, 4, 5, 6, 7, 8, 9], ""eps1"": 10, ""distance_median"": 0.12574355475665405}"
177,rflbat,rflbat_cluster_filter,"[1, 8, 9, 91, 62, 45, 16, 15, 40, 28, 8, 9, 91, 62, 45, 16, 15, 40, 28]",[],"{""accepted_indices"": [0, 1, 2, 3, 4, 5, 6, 7, 8, 9, 1, 2, 3, 4, 5, 6, 7, 8, 9], ""num_clusters"": 1, ""cluster_scores"": [0.12347497159578602]}"
177,rflbat,rflbat_final_distance_filter,"[1, 8, 9, 91, 62, 45, 16, 15, 40, 28]",[],"{""accepted_indices"": [0, 1, 2, 3, 4, 5, 6, 7, 8, 9, 1, 2, 3, 4, 5, 6, 7, 8, 9], ""eps2"": 6, ""distance_median"": 0.25087581191929537}"
178,rflbat,rflbat_first_distance_filter,"[2, 18, 34, 94, 55, 37, 8, 97, 92, 72, 18, 34, 94, 55, 37, 8, 97, 92, 72]",[],"{""accepted_indices"": [0, 1, 2, 3, 4, 5, 6, 7, 8, 9, 1, 2, 3, 4, 5, 6, 7, 8, 9], ""eps1"": 10, ""distance_median"": 0.13731364989760908}"
178,rflbat,rflbat_cluster_filter,"[2, 18, 34, 94, 55, 37, 8, 92, 72, 18, 34, 94, 55, 37, 8, 92, 72]",[97],"{""accepted_indices"": [0, 1, 2, 3, 4, 5, 6, 8, 9, 1, 2, 3, 4, 5, 6, 8, 9], ""num_clusters"": 2, ""cluster_scores"": [1.00000000000139, 0.10516635519899538]}"
178,rflbat,rflbat_final_distance_filter,"[2, 18, 34, 94, 55, 37, 8, 92, 72]",[97],"{""accepted_indices"": [0, 1, 2, 3, 4, 5, 6, 8, 9, 1, 2, 3, 4, 5, 6, 8, 9], ""eps2"": 6, ""distance_median"": 0.15959105272744345}"
179,rflbat,rflbat_first_distance_filter,"[3, 71, 10, 32, 33, 96, 0, 9, 29, 35, 71, 10, 32, 33, 96, 0, 9, 29, 35]",[],"{""accepted_indices"": [0, 1, 2, 3, 4, 5, 6, 7, 8, 9, 1, 2, 3, 4, 5, 6, 7, 8, 9], ""eps1"": 10, ""distance_median"": 0.23949185855844352}"
179,rflbat,rflbat_cluster_filter,"[3, 71, 10, 32, 33, 96, 0, 9, 29, 35, 71, 10, 32, 33, 96, 0, 9, 29, 35]",[],"{""accepted_indices"": [0, 1, 2, 3, 4, 5, 6, 7, 8, 9, 1, 2, 3, 4, 5, 6, 7, 8, 9], ""num_clusters"": 1, ""cluster_scores"": [0.0994219018636096]}"
179,rflbat,rflbat_final_distance_filter,"[3, 71, 10, 32, 33, 96, 0, 9, 29, 35]",[],"{""accepted_indices"": [0, 1, 2, 3, 4, 5, 6, 7, 8, 9, 1, 2, 3, 4, 5, 6, 7, 8, 9], ""eps2"": 6, ""distance_median"": 0.46981189176071647}"
180,rflbat,rflbat_first_distance_filter,"[1, 88, 87, 58, 13, 64, 11, 81, 40, 61, 88, 87, 58, 13, 64, 11, 81, 40, 61]",[],"{""accepted_indices"": [0, 1, 2, 3, 4, 5, 6, 7, 8, 9, 1, 2, 3, 4, 5, 6, 7, 8, 9], ""eps1"": 10, ""distance_median"": 0.2166838540667132}"
180,rflbat,rflbat_cluster_filter,"[1, 88, 87, 58, 13, 64, 11, 81, 40, 61, 88, 87, 58, 13, 64, 11, 81, 40, 61]",[],"{""accepted_indices"": [0, 1, 2, 3, 4, 5, 6, 7, 8, 9, 1, 2, 3, 4, 5, 6, 7, 8, 9], ""num_clusters"": 1, ""cluster_scores"": [0.08186982997387161]}"
180,rflbat,rflbat_final_distance_filter,"[1, 88, 87, 58, 13, 64, 11, 81, 40, 61]",[],"{""accepted_indices"": [0, 1, 2, 3, 4, 5, 6, 7, 8, 9, 1, 2, 3, 4, 5, 6, 7, 8, 9], ""eps2"": 6, ""distance_median"": 0.4270418529959246}"
181,rflbat,rflbat_first_distance_filter,"[4, 68, 83, 64, 15, 34, 92, 18, 26, 90, 68, 83, 64, 15, 34, 92, 18, 26, 90]",[],"{""accepted_indices"": [0, 1, 2, 3, 4, 5, 6, 7, 8, 9, 1, 2, 3, 4, 5, 6, 7, 8, 9], ""eps1"": 10, ""distance_median"": 0.10734112398549214}"
181,rflbat,rflbat_cluster_filter,"[4, 68, 83, 64, 15, 34, 92, 18, 26, 90, 68, 83, 64, 15, 34, 92, 18, 26, 90]",[],"{""accepted_indices"": [0, 1, 2, 3, 4, 5, 6, 7, 8, 9, 1, 2, 3, 4, 5, 6, 7, 8, 9], ""num_clusters"": 1, ""cluster_scores"": [0.13928891201229]}"
181,rflbat,rflbat_final_distance_filter,"[4, 68, 83, 64, 15, 34, 92, 18, 26, 90]",[],"{""accepted_indices"": [0, 1, 2, 3, 4, 5, 6, 7, 8, 9, 1, 2, 3, 4, 5, 6, 7, 8, 9], ""eps2"": 6, ""distance_median"": 0.21181996731084562}"
182,rflbat,rflbat_first_distance_filter,"[4, 94, 85, 76, 24, 73, 39, 8, 32, 35, 94, 85, 76, 24, 73, 39, 8, 32, 35]",[],"{""accepted_indices"": [0, 1, 2, 3, 4, 5, 6, 7, 8, 9, 1, 2, 3, 4, 5, 6, 7, 8, 9], ""eps1"": 10, ""distance_median"": 0.29603845330072265}"
182,rflbat,rflbat_cluster_filter,"[4, 94, 85, 76, 24, 39, 8, 32, 35, 94, 85, 76, 24, 39, 8, 32, 35]",[73],"{""accepted_indices"": [0, 1, 2, 3, 4, 6, 7, 8, 9, 1, 2, 3, 4, 6, 7, 8, 9], ""num_clusters"": 2, ""cluster_scores"": [0.08519279863645532, 1.0000000000015836]}"
182,rflbat,rflbat_final_distance_filter,"[4, 94, 85, 76, 24, 39, 8, 32, 35]",[73],"{""accepted_indices"": [0, 1, 2, 3, 4, 6, 7, 8, 9, 1, 2, 3, 4, 6, 7, 8, 9], ""eps2"": 6, ""distance_median"": 0.24236508755110453}"
183,rflbat,rflbat_first_distance_filter,"[4, 18, 61, 12, 10, 74, 1, 78, 39, 50, 18, 61, 12, 10, 74, 1, 78, 39, 50]",[],"{""accepted_indices"": [0, 1, 2, 3, 4, 5, 6, 7, 8, 9, 1, 2, 3, 4, 5, 6, 7, 8, 9], ""eps1"": 10, ""distance_median"": 0.14496770037583148}"
183,rflbat,rflbat_cluster_filter,"[4, 18, 61, 12, 10, 74, 1, 78, 39, 50, 18, 61, 12, 10, 74, 1, 78, 39, 50]",[],"{""accepted_indices"": [0, 1, 2, 3, 4, 5, 6, 7, 8, 9, 1, 2, 3, 4, 5, 6, 7, 8, 9], ""num_clusters"": 1, ""cluster_scores"": [0.14599418484119903]}"
183,rflbat,rflbat_final_distance_filter,"[4, 18, 61, 12, 10, 74, 1, 78, 39, 50]",[],"{""accepted_indices"": [0, 1, 2, 3, 4, 5, 6, 7, 8, 9, 1, 2, 3, 4, 5, 6, 7, 8, 9], ""eps2"": 6, ""distance_median"": 0.29738147854231733}"
184,rflbat,rflbat_first_distance_filter,"[2, 77, 3, 44, 67, 70, 26, 30, 79, 16, 77, 3, 44, 67, 70, 26, 30, 79, 16]",[],"{""accepted_indices"": [0, 1, 2, 3, 4, 5, 6, 7, 8, 9, 1, 2, 3, 4, 5, 6, 7, 8, 9], ""eps1"": 10, ""distance_median"": 0.3132059146100046}"
184,rflbat,rflbat_cluster_filter,"[2, 77, 3, 44, 67, 70, 26, 30, 79, 16, 77, 3, 44, 67, 70, 26, 30, 79, 16]",[],"{""accepted_indices"": [0, 1, 2, 3, 4, 5, 6, 7, 8, 9, 1, 2, 3, 4, 5, 6, 7, 8, 9], ""num_clusters"": 1, ""cluster_scores"": [0.14370662675087514]}"
184,rflbat,rflbat_final_distance_filter,"[2, 77, 3, 44, 67, 70, 26, 30, 79, 16]",[],"{""accepted_indices"": [0, 1, 2, 3, 4, 5, 6, 7, 8, 9, 1, 2, 3, 4, 5, 6, 7, 8, 9], ""eps2"": 6, ""distance_median"": 0.6389887366343644}"
185,rflbat,rflbat_first_distance_filter,"[3, 72, 36, 34, 16, 70, 19, 46, 67, 57, 72, 36, 34, 16, 70, 19, 46, 67, 57]",[],"{""accepted_indices"": [0, 1, 2, 3, 4, 5, 6, 7, 8, 9, 1, 2, 3, 4, 5, 6, 7, 8, 9], ""eps1"": 10, ""distance_median"": 0.16711460648354615}"
185,rflbat,rflbat_cluster_filter,"[3, 72, 36, 34, 16, 70, 19, 46, 67, 57, 72, 36, 34, 16, 70, 19, 46, 67, 57]",[],"{""accepted_indices"": [0, 1, 2, 3, 4, 5, 6, 7, 8, 9, 1, 2, 3, 4, 5, 6, 7, 8, 9], ""num_clusters"": 1, ""cluster_scores"": [0.11258863212039377]}"
185,rflbat,rflbat_final_distance_filter,"[3, 72, 36, 34, 16, 70, 19, 46, 67, 57]",[],"{""accepted_indices"": [0, 1, 2, 3, 4, 5, 6, 7, 8, 9, 1, 2, 3, 4, 5, 6, 7, 8, 9], ""eps2"": 6, ""distance_median"": 0.36808674633882854}"
186,rflbat,rflbat_first_distance_filter,"[2, 24, 59, 35, 20, 50, 79, 93, 4, 26, 24, 59, 35, 20, 50, 79, 93, 4, 26]",[],"{""accepted_indices"": [0, 1, 2, 3, 4, 5, 6, 7, 8, 9, 1, 2, 3, 4, 5, 6, 7, 8, 9], ""eps1"": 10, ""distance_median"": 0.29458051899954196}"
186,rflbat,rflbat_cluster_filter,"[2, 24, 59, 35, 20, 50, 79, 93, 4, 26, 24, 59, 35, 20, 50, 79, 93, 4, 26]",[],"{""accepted_indices"": [0, 1, 2, 3, 4, 5, 6, 7, 8, 9, 1, 2, 3, 4, 5, 6, 7, 8, 9], ""num_clusters"": 1, ""cluster_scores"": [0.10562438005327414]}"
186,rflbat,rflbat_final_distance_filter,"[2, 24, 59, 35, 20, 50, 79, 93, 4]",[26],"{""accepted_indices"": [0, 1, 2, 3, 4, 5, 6, 7, 8, 1, 2, 3, 4, 5, 6, 7, 8], ""eps2"": 6, ""distance_median"": 0.5916747412989227}"
187,rflbat,rflbat_first_distance_filter,"[1, 34, 63, 70, 37, 33, 98, 90, 11, 45, 34, 63, 70, 37, 33, 98, 90, 11, 45]",[],"{""accepted_indices"": [0, 1, 2, 3, 4, 5, 6, 7, 8, 9, 1, 2, 3, 4, 5, 6, 7, 8, 9], ""eps1"": 10, ""distance_median"": 0.13235562786494282}"
187,rflbat,rflbat_cluster_filter,"[1, 34, 63, 70, 37, 33, 98, 90, 11, 45, 34, 63, 70, 37, 33, 98, 90, 11, 45]",[],"{""accepted_indices"": [0, 1, 2, 3, 4, 5, 6, 7, 8, 9, 1, 2, 3, 4, 5, 6, 7, 8, 9], ""num_clusters"": 1, ""cluster_scores"": [0.10961112597350747]}"
187,rflbat,rflbat_final_distance_filter,"[1, 34, 63, 70, 37, 33, 98, 90, 11, 45]",[],"{""accepted_indices"": [0, 1, 2, 3, 4, 5, 6, 7, 8, 9, 1, 2, 3, 4, 5, 6, 7, 8, 9], ""eps2"": 6, ""distance_median"": 0.27863970159385626}"
188,rflbat,rflbat_first_distance_filter,"[2, 96, 20, 82, 54, 18, 50, 99, 84, 51, 96, 20, 82, 54, 18, 50, 99, 84, 51]",[],"{""accepted_indices"": [0, 1, 2, 3, 4, 5, 6, 7, 8, 9, 1, 2, 3, 4, 5, 6, 7, 8, 9], ""eps1"": 10, ""distance_median"": 0.22738127691442941}"
188,rflbat,rflbat_cluster_filter,"[2, 96, 20, 82, 54, 18, 50, 99, 84, 51, 96, 20, 82, 54, 18, 50, 99, 84, 51]",[],"{""accepted_indices"": [0, 1, 2, 3, 4, 5, 6, 7, 8, 9, 1, 2, 3, 4, 5, 6, 7, 8, 9], ""num_clusters"": 1, ""cluster_scores"": [0.14261554102484164]}"
188,rflbat,rflbat_final_distance_filter,"[2, 96, 20, 82, 54, 18, 50, 99, 84, 51]",[],"{""accepted_indices"": [0, 1, 2, 3, 4, 5, 6, 7, 8, 9, 1, 2, 3, 4, 5, 6, 7, 8, 9], ""eps2"": 6, ""distance_median"": 0.4331424777564985}"
189,rflbat,rflbat_first_distance_filter,"[2, 26, 24, 94, 0, 65, 90, 89, 67, 58, 26, 24, 94, 0, 65, 90, 89, 67, 58]",[],"{""accepted_indices"": [0, 1, 2, 3, 4, 5, 6, 7, 8, 9, 1, 2, 3, 4, 5, 6, 7, 8, 9], ""eps1"": 10, ""distance_median"": 0.24678955825396232}"
189,rflbat,rflbat_cluster_filter,"[2, 26, 24, 94, 0, 65, 90, 89, 67, 58, 26, 24, 94, 0, 65, 90, 89, 67, 58]",[],"{""accepted_indices"": [0, 1, 2, 3, 4, 5, 6, 7, 8, 9, 1, 2, 3, 4, 5, 6, 7, 8, 9], ""num_clusters"": 1, ""cluster_scores"": [0.12935577600314108]}"
189,rflbat,rflbat_final_distance_filter,"[2, 26, 24, 94, 0, 65, 90, 89, 67, 58]",[],"{""accepted_indices"": [0, 1, 2, 3, 4, 5, 6, 7, 8, 9, 1, 2, 3, 4, 5, 6, 7, 8, 9], ""eps2"": 6, ""distance_median"": 0.49153302509154884}"
190,rflbat,rflbat_first_distance_filter,"[4, 9, 35, 10, 76, 63, 41, 97, 5, 96, 9, 35, 10, 76, 63, 41, 97, 5, 96]",[],"{""accepted_indices"": [0, 1, 2, 3, 4, 5, 6, 7, 8, 9, 1, 2, 3, 4, 5, 6, 7, 8, 9], ""eps1"": 10, ""distance_median"": 0.37071599718329384}"
190,rflbat,rflbat_cluster_filter,"[4, 9, 35, 10, 76, 63, 41, 97, 5, 96, 9, 35, 10, 76, 63, 41, 97, 5, 96]",[],"{""accepted_indices"": [0, 1, 2, 3, 4, 5, 6, 7, 8, 9, 1, 2, 3, 4, 5, 6, 7, 8, 9], ""num_clusters"": 1, ""cluster_scores"": [0.1088913773549939]}"
190,rflbat,rflbat_final_distance_filter,"[4, 9, 35, 10, 76, 63, 41, 97, 5, 96]",[],"{""accepted_indices"": [0, 1, 2, 3, 4, 5, 6, 7, 8, 9, 1, 2, 3, 4, 5, 6, 7, 8, 9], ""eps2"": 6, ""distance_median"": 0.704261604229596}"
191,rflbat,rflbat_first_distance_filter,"[1, 97, 94, 6, 11, 47, 84, 51, 76, 71, 97, 94, 6, 11, 47, 84, 51, 76, 71]",[],"{""accepted_indices"": [0, 1, 2, 3, 4, 5, 6, 7, 8, 9, 1, 2, 3, 4, 5, 6, 7, 8, 9], ""eps1"": 10, ""distance_median"": 0.19452626143004725}"
191,rflbat,rflbat_cluster_filter,"[1, 97, 94, 6, 11, 84, 76, 71, 97, 94, 6, 11, 84, 76, 71]","[47, 51]","{""accepted_indices"": [0, 1, 2, 3, 4, 6, 8, 9, 1, 2, 3, 4, 6, 8, 9], ""num_clusters"": 3, ""cluster_scores"": [0.17183773969262747, 1.0000000000024898, 1.000000000001458]}"
191,rflbat,rflbat_final_distance_filter,"[1, 97, 94, 6, 11, 84, 76, 71]","[47, 51]","{""accepted_indices"": [0, 1, 2, 3, 4, 6, 8, 9, 1, 2, 3, 4, 6, 8, 9], ""eps2"": 6, ""distance_median"": 0.09918826391239091}"
192,rflbat,rflbat_first_distance_filter,"[4, 42, 20, 76, 81, 70, 69, 21, 18, 16, 42, 20, 76, 81, 70, 69, 21, 18, 16]",[],"{""accepted_indices"": [0, 1, 2, 3, 4, 5, 6, 7, 8, 9, 1, 2, 3, 4, 5, 6, 7, 8, 9], ""eps1"": 10, ""distance_median"": 0.1691226330413375}"
192,rflbat,rflbat_cluster_filter,"[4, 42, 20, 76, 81, 21, 18, 16, 42, 20, 76, 81, 21, 18, 16]","[70, 69]","{""accepted_indices"": [0, 1, 2, 3, 4, 7, 8, 9, 1, 2, 3, 4, 7, 8, 9], ""num_clusters"": 2, ""cluster_scores"": [0.6382876755514248, 0.12413397567229187]}"
192,rflbat,rflbat_final_distance_filter,"[4, 42, 20, 76, 81, 21, 18, 16]","[70, 69]","{""accepted_indices"": [0, 1, 2, 3, 4, 7, 8, 9, 1, 2, 3, 4, 7, 8, 9], ""eps2"": 6, ""distance_median"": 0.17248820524642838}"
193,rflbat,rflbat_first_distance_filter,"[0, 60, 37, 52, 3, 92, 62, 56, 41, 96, 60, 37, 52, 3, 92, 62, 56, 41, 96]",[],"{""accepted_indices"": [0, 1, 2, 3, 4, 5, 6, 7, 8, 9, 1, 2, 3, 4, 5, 6, 7, 8, 9], ""eps1"": 10, ""distance_median"": 0.2609276420222093}"
193,rflbat,rflbat_cluster_filter,"[0, 60, 37, 52, 3, 92, 62, 56, 41, 96, 60, 37, 52, 3, 92, 62, 56, 41, 96]",[],"{""accepted_indices"": [0, 1, 2, 3, 4, 5, 6, 7, 8, 9, 1, 2, 3, 4, 5, 6, 7, 8, 9], ""num_clusters"": 1, ""cluster_scores"": [0.159956466154262]}"
193,rflbat,rflbat_final_distance_filter,"[0, 60, 37, 52, 3, 92, 62, 56, 41]",[96],"{""accepted_indices"": [0, 1, 2, 3, 4, 5, 6, 7, 8, 1, 2, 3, 4, 5, 6, 7, 8], ""eps2"": 6, ""distance_median"": 0.45080797365082437}"
194,rflbat,rflbat_first_distance_filter,"[3, 80, 85, 29, 94, 75, 18, 77, 66, 21, 80, 85, 29, 94, 75, 18, 77, 66, 21]",[],"{""accepted_indices"": [0, 1, 2, 3, 4, 5, 6, 7, 8, 9, 1, 2, 3, 4, 5, 6, 7, 8, 9], ""eps1"": 10, ""distance_median"": 0.21021952130869098}"
194,rflbat,rflbat_cluster_filter,"[3, 80, 85, 29, 94, 75, 18, 77, 66, 21, 80, 85, 29, 94, 75, 18, 77, 66, 21]",[],"{""accepted_indices"": [0, 1, 2, 3, 4, 5, 6, 7, 8, 9, 1, 2, 3, 4, 5, 6, 7, 8, 9], ""num_clusters"": 1, ""cluster_scores"": [0.0986132733195163]}"
194,rflbat,rflbat_final_distance_filter,"[3, 80, 85, 29, 94, 75, 18, 77, 66, 21]",[],"{""accepted_indices"": [0, 1, 2, 3, 4, 5, 6, 7, 8, 9, 1, 2, 3, 4, 5, 6, 7, 8, 9], ""eps2"": 6, ""distance_median"": 0.43168435063641014}"
195,rflbat,rflbat_first_distance_filter,"[3, 43, 32, 86, 55, 97, 33, 21, 81, 20, 43, 32, 86, 55, 97, 33, 21, 81, 20]",[],"{""accepted_indices"": [0, 1, 2, 3, 4, 5, 6, 7, 8, 9, 1, 2, 3, 4, 5, 6, 7, 8, 9], ""eps1"": 10, ""distance_median"": 0.16212580715020414}"
195,rflbat,rflbat_cluster_filter,"[3, 43, 32, 86, 55, 97, 33, 21, 81, 20, 43, 32, 86, 55, 97, 33, 21, 81, 20]",[],"{""accepted_indices"": [0, 1, 2, 3, 4, 5, 6, 7, 8, 9, 1, 2, 3, 4, 5, 6, 7, 8, 9], ""num_clusters"": 1, ""cluster_scores"": [0.10374869785920793]}"
195,rflbat,rflbat_final_distance_filter,"[3, 43, 32, 86, 55, 97, 33, 21, 81, 20]",[],"{""accepted_indices"": [0, 1, 2, 3, 4, 5, 6, 7, 8, 9, 1, 2, 3, 4, 5, 6, 7, 8, 9], ""eps2"": 6, ""distance_median"": 0.3263000700487497}"
196,rflbat,rflbat_first_distance_filter,"[4, 43, 29, 48, 0, 70, 99, 92, 10, 73, 43, 29, 48, 0, 70, 99, 92, 10, 73]",[],"{""accepted_indices"": [0, 1, 2, 3, 4, 5, 6, 7, 8, 9, 1, 2, 3, 4, 5, 6, 7, 8, 9], ""eps1"": 10, ""distance_median"": 0.39158883773930175}"
196,rflbat,rflbat_cluster_filter,"[4, 43, 29, 48, 0, 70, 99, 92, 10, 73, 43, 29, 48, 0, 70, 99, 92, 10, 73]",[],"{""accepted_indices"": [0, 1, 2, 3, 4, 5, 6, 7, 8, 9, 1, 2, 3, 4, 5, 6, 7, 8, 9], ""num_clusters"": 1, ""cluster_scores"": [0.0900207048580499]}"
196,rflbat,rflbat_final_distance_filter,"[4, 43, 29, 48, 0, 70, 99, 92, 10, 73]",[],"{""accepted_indices"": [0, 1, 2, 3, 4, 5, 6, 7, 8, 9, 1, 2, 3, 4, 5, 6, 7, 8, 9], ""eps2"": 6, ""distance_median"": 0.8108280188977324}"
197,rflbat,rflbat_first_distance_filter,"[4, 3, 41, 98, 14, 2, 48, 95, 89, 61, 3, 41, 98, 14, 2, 48, 95, 89, 61]",[],"{""accepted_indices"": [0, 1, 2, 3, 4, 5, 6, 7, 8, 9, 1, 2, 3, 4, 5, 6, 7, 8, 9], ""eps1"": 10, ""distance_median"": 0.19570851153190277}"
197,rflbat,rflbat_cluster_filter,"[4, 3, 41, 98, 14, 2, 48, 95, 89, 61, 3, 41, 98, 14, 2, 48, 95, 89, 61]",[],"{""accepted_indices"": [0, 1, 2, 3, 4, 5, 6, 7, 8, 9, 1, 2, 3, 4, 5, 6, 7, 8, 9], ""num_clusters"": 1, ""cluster_scores"": [0.16917103702283334]}"
197,rflbat,rflbat_final_distance_filter,"[4, 3, 41, 98, 14, 2, 48, 95, 89, 61]",[],"{""accepted_indices"": [0, 1, 2, 3, 4, 5, 6, 7, 8, 9, 1, 2, 3, 4, 5, 6, 7, 8, 9], ""eps2"": 6, ""distance_median"": 0.3701040162982703}"
