epoch,method,stage,selected,rejected,human
1,foolsgold,foolsgold,"[71, 32, 58, 67, 43, 29]","[3, 4, 24, 62]","{""layer_name"": ""linear"", ""weights_by_client"": {""3"": 0.0, ""71"": 1.0, ""32"": 0.2986502185980923, ""58"": 0.2986502185980923, ""4"": 0.0, ""24"": 0.0, ""62"": 0.0, ""67"": 1.0, ""43"": 0.9325955006849489, ""29"": 0.29879088852477403}}"
2,foolsgold,foolsgold,"[73, 99, 15, 37, 93, 22]","[3, 72, 20, 74]","{""layer_name"": ""linear"", ""weights_by_client"": {""3"": 0.0, ""73"": 1.0, ""72"": 0.0, ""99"": 0.14661567663495906, ""20"": 0.0, ""15"": 0.4115702529978553, ""37"": 1.0, ""93"": 1.0, ""74"": 0.0, ""22"": 0.14661567663495906}}"
3,foolsgold,foolsgold,"[11, 29, 61, 62, 31, 89]","[2, 14, 0, 55]","{""layer_name"": ""linear"", ""weights_by_client"": {""2"": 0.0, ""11"": 1.0, ""29"": 0.44917916250109186, ""61"": 0.8702016069359744, ""14"": 0.0, ""62"": 0.42689288821262533, ""31"": 1.0, ""0"": 0.0, ""55"": 0.0, ""89"": 0.42689288821262533}}"
4,foolsgold,foolsgold,"[1, 73, 68, 53, 34, 88]","[5, 48, 28, 72]","{""layer_name"": ""linear"", ""weights_by_client"": {""1"": 1.0, ""73"": 1.0, ""5"": 0.0, ""68"": 1.0, ""48"": 0.0, ""28"": 0.0, ""53"": 1.0, ""72"": 0.0, ""34"": 1.0, ""88"": 1.0}}"
5,foolsgold,foolsgold,"[4, 55, 67, 16, 21, 26, 69]","[27, 98, 57]","{""layer_name"": ""linear"", ""weights_by_client"": {""4"": 0.5883533544054007, ""27"": 0.0, ""55"": 0.1696724758600801, ""98"": 0.0, ""67"": 1.0, ""16"": 0.5883533544054007, ""57"": 0.0, ""21"": 1.0, ""26"": 1.0, ""69"": 1.0}}"
6,foolsgold,foolsgold,"[55, 53, 6, 52, 61, 48]","[3, 44, 86, 62]","{""layer_name"": ""linear"", ""weights_by_client"": {""3"": 0.0, ""55"": 1.0, ""44"": 0.0, ""86"": 0.0, ""53"": 0.21960446822822838, ""6"": 0.1672175361692464, ""52"": 0.7546561443004272, ""61"": 0.1672175361692464, ""62"": 0.0, ""48"": 1.0}}"
7,foolsgold,foolsgold,"[2, 46, 58, 32, 95, 97, 38]","[73, 42, 13]","{""layer_name"": ""linear"", ""weights_by_client"": {""2"": 1.0, ""73"": 0.0, ""46"": 0.5977720653472813, ""58"": 0.7295028911360038, ""32"": 0.7295028911360038, ""95"": 1.0, ""97"": 1.0, ""42"": 0.0, ""38"": 0.5977720653472813, ""13"": 0.0}}"
8,foolsgold,foolsgold,[0],"[41, 96, 97, 82, 86, 57, 62, 85, 17]","{""layer_name"": ""linear"", ""weights_by_client"": {""0"": 1.0, ""41"": 0.0, ""96"": 0.0, ""97"": 0.0, ""82"": 0.0, ""86"": 0.0, ""57"": 0.0, ""62"": 0.0, ""85"": 0.0, ""17"": 0.0}}"
9,foolsgold,foolsgold,"[23, 43, 96, 69, 84]","[2, 1, 38, 6, 89]","{""layer_name"": ""linear"", ""weights_by_client"": {""2"": 0.0, ""1"": 0.0, ""38"": 0.0, ""6"": 0.0, ""23"": 0.9884521575417666, ""43"": 1.0, ""89"": 0.0, ""96"": 1.0, ""69"": 1.0, ""84"": 0.9884521575417666}}"
10,foolsgold,foolsgold,"[81, 70]","[4, 95, 65, 71, 9, 3, 41, 42]","{""layer_name"": ""linear"", ""weights_by_client"": {""4"": 0.0, ""95"": 0.0, ""65"": 0.0, ""71"": 0.0, ""9"": 0.0, ""3"": 0.0, ""81"": 1.0, ""70"": 1.0, ""41"": 0.0, ""42"": 0.0}}"
11,foolsgold,foolsgold,"[58, 20, 38, 97]","[4, 28, 44, 63, 65, 47]","{""layer_name"": ""linear"", ""weights_by_client"": {""4"": 0.0, ""58"": 1.0, ""20"": 0.6848011982527542, ""28"": 0.0, ""44"": 0.0, ""63"": 0.0, ""65"": 0.0, ""38"": 0.035395421710648745, ""97"": 1.0, ""47"": 0.0}}"
12,foolsgold,foolsgold,"[81, 20, 37, 15, 11, 48]","[3, 6, 68, 2]","{""layer_name"": ""linear"", ""weights_by_client"": {""3"": 0.0, ""81"": 1.0, ""20"": 0.5316243068517245, ""6"": 0.0, ""68"": 0.0, ""2"": 0.0, ""37"": 1.0, ""15"": 0.539011004228328, ""11"": 1.0, ""48"": 1.0}}"
13,foolsgold,foolsgold,"[95, 39]","[0, 60, 98, 75, 32, 15, 52, 49]","{""layer_name"": ""linear"", ""weights_by_client"": {""0"": 0.0, ""60"": 0.0, ""95"": 1.0, ""98"": 0.0, ""39"": 1.0, ""75"": 0.0, ""32"": 0.0, ""15"": 0.0, ""52"": 0.0, ""49"": 0.0}}"
14,foolsgold,foolsgold,"[67, 86, 16, 55, 88, 15]","[0, 99, 12, 44]","{""layer_name"": ""linear"", ""weights_by_client"": {""0"": 0.0, ""67"": 1.0, ""86"": 1.0, ""16"": 0.999985285354059, ""55"": 1.0, ""99"": 0.0, ""88"": 1.0, ""15"": 1.0, ""12"": 0.0, ""44"": 0.0}}"
15,foolsgold,foolsgold,"[81, 49, 56, 12, 30, 83, 37, 91]","[2, 3]","{""layer_name"": ""linear"", ""weights_by_client"": {""2"": 0.0, ""81"": 0.623021484405584, ""49"": 0.623021484405584, ""56"": 1.0, ""12"": 1.0, ""30"": 1.0, ""83"": 1.0, ""37"": 1.0, ""3"": 0.0, ""91"": 1.0}}"
16,foolsgold,foolsgold,"[2, 84, 40, 43, 39]","[57, 85, 46, 6, 71]","{""layer_name"": ""linear"", ""weights_by_client"": {""2"": 1.0, ""57"": 0.0, ""85"": 0.0, ""84"": 1.0, ""46"": 0.0, ""6"": 0.0, ""40"": 0.9698522778637864, ""43"": 0.9698522778637864, ""71"": 0.0, ""39"": 1.0}}"
17,foolsgold,foolsgold,"[83, 71, 76, 18, 17, 81, 62, 52]","[0, 3]","{""layer_name"": ""linear"", ""weights_by_client"": {""0"": 0.0, ""83"": 1.0, ""71"": 1.0, ""76"": 1.0, ""18"": 1.0, ""17"": 0.5773559612685649, ""81"": 1.0, ""62"": 0.5773559612685649, ""3"": 0.0, ""52"": 1.0}}"
18,foolsgold,foolsgold,"[4, 80, 5, 84, 50, 40, 78, 43]","[88, 31]","{""layer_name"": ""linear"", ""weights_by_client"": {""4"": 1.0, ""80"": 1.0, ""88"": 0.0, ""5"": 0.2950758008288462, ""84"": 1.0, ""50"": 0.2950758008288462, ""40"": 0.5176943872009996, ""78"": 0.5176943872009996, ""31"": 0.0, ""43"": 1.0}}"
19,foolsgold,foolsgold,"[84, 45, 95, 90, 87, 51]","[3, 65, 6, 29]","{""layer_name"": ""linear"", ""weights_by_client"": {""3"": 0.0, ""84"": 1.0, ""45"": 0.19840293911892798, ""95"": 1.0, ""90"": 0.19429446075391743, ""65"": 0.0, ""6"": 0.0, ""87"": 0.19017649719392193, ""29"": 0.0, ""51"": 1.0}}"
20,foolsgold,foolsgold,"[1, 52, 38, 22, 39, 47]","[72, 28, 63, 18]","{""layer_name"": ""linear"", ""weights_by_client"": {""1"": 1.0, ""72"": 0.0, ""28"": 0.0, ""52"": 0.7215208644610487, ""38"": 0.2857759001501231, ""63"": 0.0, ""18"": 0.0, ""22"": 1.0, ""39"": 1.0, ""47"": 0.5364654178710578}}"
21,foolsgold,foolsgold,"[2, 99, 96, 5, 68, 29]","[66, 13, 63, 94]","{""layer_name"": ""linear"", ""weights_by_client"": {""2"": 0.3652487091868999, ""99"": 1.0, ""66"": 0.0, ""96"": 1.0, ""13"": 0.0, ""63"": 0.0, ""5"": 1.0, ""68"": 1.0, ""94"": 0.0, ""29"": 0.3652487091868999}}"
22,foolsgold,foolsgold,"[1, 45, 9, 98, 99]","[38, 83, 86, 24, 34]","{""layer_name"": ""linear"", ""weights_by_client"": {""1"": 1.0, ""45"": 1.0, ""9"": 1.0, ""98"": 0.9716216001259613, ""99"": 1.0, ""38"": 0.0, ""83"": 0.0, ""86"": 0.0, ""24"": 0.0, ""34"": 0.0}}"
23,foolsgold,foolsgold,"[2, 82, 79, 81, 91, 53, 52, 32]","[83, 90]","{""layer_name"": ""linear"", ""weights_by_client"": {""2"": 1.0, ""83"": 0.0, ""82"": 1.0, ""79"": 1.0, ""81"": 1.0, ""91"": 1.0, ""53"": 1.0, ""52"": 1.0, ""90"": 0.0, ""32"": 1.0}}"
24,foolsgold,foolsgold,"[4, 5, 99, 34, 28, 76, 91]","[6, 94, 46]","{""layer_name"": ""linear"", ""weights_by_client"": {""4"": 1.0, ""5"": 0.6762502226319473, ""99"": 0.6621466502869947, ""6"": 0.0, ""94"": 0.0, ""34"": 0.5715778430517338, ""46"": 0.0, ""28"": 0.8734207313003448, ""76"": 0.5715778430517338, ""91"": 0.6621466502869947}}"
25,foolsgold,foolsgold,"[35, 90, 93, 70, 95, 54]","[4, 2, 71, 98]","{""layer_name"": ""linear"", ""weights_by_client"": {""4"": 0.0, ""2"": 0.0, ""35"": 1.0, ""90"": 1.0, ""93"": 1.0, ""71"": 0.0, ""98"": 0.0, ""70"": 1.0, ""95"": 0.3399754621172172, ""54"": 0.3399754621172172}}"
26,foolsgold,foolsgold,"[22, 41, 39, 88, 74, 49]","[3, 81, 14, 1]","{""layer_name"": ""linear"", ""weights_by_client"": {""3"": 0.0, ""81"": 0.0, ""22"": 1.0, ""41"": 0.1887205594185744, ""14"": 0.0, ""39"": 0.1887205594185744, ""1"": 0.0, ""88"": 1.0, ""74"": 1.0, ""49"": 0.18743485738052923}}"
27,foolsgold,foolsgold,"[0, 95, 7, 65, 58]","[57, 73, 75, 27, 10]","{""layer_name"": ""linear"", ""weights_by_client"": {""0"": 1.0, ""95"": 1.0, ""57"": 0.0, ""7"": 1.0, ""73"": 0.0, ""75"": 0.0, ""65"": 1.0, ""58"": 1.0, ""27"": 0.0, ""10"": 0.0}}"
28,foolsgold,foolsgold,"[76, 15, 51, 69, 72, 14]","[3, 1, 65, 53]","{""layer_name"": ""linear"", ""weights_by_client"": {""3"": 0.0, ""1"": 0.0, ""76"": 1.0, ""65"": 0.0, ""15"": 1.0, ""51"": 0.006328046106025942, ""53"": 0.0, ""69"": 1.0, ""72"": 1.0, ""14"": 0.006328046106025942}}"
29,foolsgold,foolsgold,"[30, 81, 70, 38, 49, 78, 14, 87]","[1, 3]","{""layer_name"": ""linear"", ""weights_by_client"": {""1"": 0.0, ""3"": 0.0, ""30"": 1.0, ""81"": 0.29778654568958207, ""70"": 1.0, ""38"": 0.5110620036840936, ""49"": 0.5110620036840936, ""78"": 1.0, ""14"": 0.29778654568958207, ""87"": 1.0}}"
30,foolsgold,foolsgold,"[1, 47, 7, 49, 33, 34, 53]","[71, 13, 42]","{""layer_name"": ""linear"", ""weights_by_client"": {""1"": 1.0, ""71"": 0.0, ""13"": 0.0, ""47"": 1.0, ""7"": 1.0, ""49"": 0.7625047305231426, ""33"": 1.0, ""42"": 0.0, ""34"": 0.45379337517414, ""53"": 1.0}}"
31,foolsgold,foolsgold,"[3, 48, 45, 54]","[20, 57, 30, 15, 29, 14]","{""layer_name"": ""linear"", ""weights_by_client"": {""3"": 0.13025374353641422, ""20"": 0.0, ""48"": 1.0, ""57"": 0.0, ""30"": 0.0, ""15"": 0.0, ""45"": 1.0, ""29"": 0.0, ""54"": 1.0, ""14"": 0.0}}"
32,foolsgold,foolsgold,"[1, 52, 76, 65, 58, 23, 99, 21]","[57, 51]","{""layer_name"": ""linear"", ""weights_by_client"": {""1"": 1.0, ""57"": 0.0, ""52"": 1.0, ""76"": 0.30458442628937377, ""65"": 0.6389529533499072, ""58"": 0.0005986225972547388, ""51"": 0.0, ""23"": 0.4153010527350641, ""99"": 0.0005986225972547388, ""21"": 0.4153010527350641}}"
33,foolsgold,foolsgold,"[96, 82, 75, 40, 47]","[4, 46, 64, 63, 36]","{""layer_name"": ""linear"", ""weights_by_client"": {""4"": 0.0, ""46"": 0.0, ""64"": 0.0, ""96"": 1.0, ""82"": 1.0, ""75"": 1.0, ""40"": 1.0, ""63"": 0.0, ""36"": 0.0, ""47"": 1.0}}"
34,foolsgold,foolsgold,"[0, 72, 8, 81, 73, 83, 65, 79, 58, 16]",[],"{""layer_name"": ""linear"", ""weights_by_client"": {""0"": 0.5757356585492756, ""72"": 0.20491454257473535, ""8"": 1.0, ""81"": 1.0, ""73"": 1.0, ""83"": 0.8057714697113016, ""65"": 1.0, ""79"": 0.8057714697113016, ""58"": 0.20491454257473535, ""16"": 0.5757356585492756}}"
35,foolsgold,foolsgold,"[84, 29, 12, 64]","[3, 30, 98, 44, 13, 55]","{""layer_name"": ""linear"", ""weights_by_client"": {""3"": 0.0, ""30"": 0.0, ""84"": 1.0, ""29"": 0.5023270460783295, ""12"": 1.0, ""98"": 0.0, ""44"": 0.0, ""64"": 1.0, ""13"": 0.0, ""55"": 0.0}}"
36,foolsgold,foolsgold,"[23, 49, 11, 34, 33, 58]","[0, 36, 99, 12]","{""layer_name"": ""linear"", ""weights_by_client"": {""0"": 0.0, ""36"": 0.0, ""23"": 1.0, ""49"": 1.0, ""11"": 0.3687318091464979, ""34"": 0.3687318091464979, ""99"": 0.0, ""33"": 1.0, ""58"": 0.9241256813905527, ""12"": 0.0}}"
37,foolsgold,foolsgold,"[43, 5, 14, 37]","[3, 34, 99, 48, 24, 56]","{""layer_name"": ""linear"", ""weights_by_client"": {""3"": 0.0, ""43"": 1.0, ""5"": 1.0, ""34"": 0.0, ""99"": 0.0, ""14"": 0.7899986439178266, ""48"": 0.0, ""24"": 0.0, ""56"": 0.0, ""37"": 1.0}}"
38,foolsgold,foolsgold,"[2, 88, 85, 19, 37]","[65, 95, 82, 77, 54]","{""layer_name"": ""linear"", ""weights_by_client"": {""2"": 1.0, ""88"": 1.0, ""85"": 1.0, ""65"": 0.0, ""95"": 0.0, ""82"": 0.0, ""19"": 1.0, ""77"": 0.0, ""54"": 0.0, ""37"": 1.0}}"
39,foolsgold,foolsgold,"[2, 33, 85, 87, 74, 15, 29, 94]","[12, 60]","{""layer_name"": ""linear"", ""weights_by_client"": {""2"": 0.13778952889427465, ""33"": 1.0, ""12"": 0.0, ""85"": 1.0, ""87"": 0.8649551284720377, ""74"": 1.0, ""15"": 0.13778952889427465, ""29"": 0.3650792715144701, ""94"": 0.3650792715144701, ""60"": 0.0}}"
40,foolsgold,foolsgold,"[33, 55]","[4, 6, 77, 65, 63, 18, 2, 78]","{""layer_name"": ""linear"", ""weights_by_client"": {""4"": 0.0, ""6"": 0.0, ""33"": 1.0, ""77"": 0.0, ""65"": 0.0, ""63"": 0.0, ""55"": 1.0, ""18"": 0.0, ""2"": 0.0, ""78"": 0.0}}"
41,foolsgold,foolsgold,"[57, 32, 77, 95, 22]","[1, 71, 25, 51, 42]","{""layer_name"": ""linear"", ""weights_by_client"": {""1"": 0.0, ""71"": 0.0, ""25"": 0.0, ""57"": 0.2793208956744617, ""32"": 0.8063523892387761, ""77"": 1.0, ""51"": 0.0, ""42"": 0.0, ""95"": 1.0, ""22"": 0.8063523892387761}}"
42,foolsgold,foolsgold,"[61, 86, 54, 91, 85]","[2, 23, 0, 63, 37]","{""layer_name"": ""linear"", ""weights_by_client"": {""2"": 0.0, ""23"": 0.0, ""61"": 0.13804984025434225, ""86"": 1.0, ""54"": 1.0, ""0"": 0.0, ""91"": 1.0, ""63"": 0.0, ""37"": 0.0, ""85"": 1.0}}"
43,foolsgold,foolsgold,"[35, 22, 89, 16]","[0, 40, 56, 34, 98, 1]","{""layer_name"": ""linear"", ""weights_by_client"": {""0"": 0.0, ""40"": 0.0, ""56"": 0.0, ""34"": 0.0, ""98"": 0.0, ""35"": 1.0, ""1"": 0.0, ""22"": 1.0, ""89"": 1.0, ""16"": 1.0}}"
44,foolsgold,foolsgold,"[46, 37, 20, 42, 50, 12, 72]","[1, 25, 44]","{""layer_name"": ""linear"", ""weights_by_client"": {""1"": 0.0, ""46"": 0.23614943369437302, ""25"": 0.0, ""37"": 0.23614943369437302, ""20"": 0.23715322486887014, ""42"": 1.0, ""44"": 0.0, ""50"": 0.2748121030609688, ""12"": 0.31170467969535565, ""72"": 1.0}}"
45,foolsgold,foolsgold,"[1, 93, 12, 27, 33, 16]","[19, 56, 20, 69]","{""layer_name"": ""linear"", ""weights_by_client"": {""1"": 0.28897352299793777, ""19"": 0.0, ""56"": 0.0, ""93"": 0.8654895460200254, ""20"": 0.0, ""12"": 0.8654895460200254, ""27"": 1.0, ""69"": 0.0, ""33"": 1.0, ""16"": 0.28897352299793777}}"
46,foolsgold,foolsgold,"[10, 46, 35, 17]","[2, 45, 1, 74, 86, 81]","{""layer_name"": ""linear"", ""weights_by_client"": {""2"": 0.0, ""45"": 0.0, ""10"": 1.0, ""1"": 0.0, ""74"": 0.0, ""86"": 0.0, ""46"": 1.0, ""35"": 1.0, ""17"": 1.0, ""81"": 0.0}}"
47,foolsgold,foolsgold,"[19, 62, 52, 70, 65]","[2, 99, 44, 0, 48]","{""layer_name"": ""linear"", ""weights_by_client"": {""2"": 0.0, ""99"": 0.0, ""19"": 0.15036852384197025, ""62"": 0.13079513070172089, ""44"": 0.0, ""0"": 0.0, ""48"": 0.0, ""52"": 0.13079513070172089, ""70"": 0.15036852384197025, ""65"": 1.0}}"
48,foolsgold,foolsgold,"[66, 83, 68, 23, 90, 57, 21]","[0, 36, 2]","{""layer_name"": ""linear"", ""weights_by_client"": {""0"": 0.0, ""66"": 0.4458401807689095, ""36"": 0.0, ""83"": 1.0, ""68"": 1.0, ""23"": 1.0, ""90"": 1.0, ""2"": 0.0, ""57"": 0.4458401807689095, ""21"": 1.0}}"
49,foolsgold,foolsgold,"[20, 40, 5, 89]","[3, 10, 51, 25, 27, 85]","{""layer_name"": ""linear"", ""weights_by_client"": {""3"": 0.0, ""10"": 0.0, ""20"": 0.23252675725718203, ""51"": 0.0, ""25"": 0.0, ""27"": 0.0, ""40"": 0.5922963963310357, ""5"": 1.0, ""89"": 1.0, ""85"": 0.0}}"
50,foolsgold,foolsgold,"[1, 80, 28, 68]","[85, 63, 14, 94, 32, 20]","{""layer_name"": ""linear"", ""weights_by_client"": {""1"": 1.0, ""85"": 0.0, ""80"": 1.0, ""28"": 1.0, ""63"": 0.0, ""68"": 1.0, ""14"": 0.0, ""94"": 0.0, ""32"": 0.0, ""20"": 0.0}}"
51,foolsgold,foolsgold,"[58, 53, 17, 93, 55]","[3, 61, 21, 32, 20]","{""layer_name"": ""linear"", ""weights_by_client"": {""3"": 0.0, ""61"": 0.0, ""21"": 0.0, ""58"": 1.0, ""32"": 0.0, ""20"": 0.0, ""53"": 1.0, ""17"": 1.0, ""93"": 1.0, ""55"": 1.0}}"
52,foolsgold,foolsgold,"[43, 65, 16, 82]","[3, 38, 56, 79, 66, 75]","{""layer_name"": ""linear"", ""weights_by_client"": {""3"": 0.0, ""38"": 0.0, ""56"": 0.0, ""79"": 0.0, ""43"": 1.0, ""65"": 0.9251186523788879, ""66"": 0.0, ""16"": 0.524975632063313, ""75"": 0.0, ""82"": 1.0}}"
53,foolsgold,foolsgold,"[2, 98, 50, 69, 38]","[58, 82, 91, 59, 97]","{""layer_name"": ""linear"", ""weights_by_client"": {""2"": 1.0, ""98"": 1.0, ""50"": 1.0, ""69"": 1.0, ""58"": 0.0, ""82"": 0.0, ""91"": 0.0, ""59"": 0.0, ""97"": 0.0, ""38"": 1.0}}"
54,foolsgold,foolsgold,"[74, 10]","[4, 88, 20, 38, 35, 78, 79, 25]","{""layer_name"": ""linear"", ""weights_by_client"": {""4"": 0.0, ""88"": 0.0, ""20"": 0.0, ""74"": 1.0, ""38"": 0.0, ""35"": 0.0, ""78"": 0.0, ""79"": 0.0, ""25"": 0.0, ""10"": 1.0}}"
55,foolsgold,foolsgold,"[1, 54, 45, 52]","[63, 82, 64, 21, 94, 97]","{""layer_name"": ""linear"", ""weights_by_client"": {""1"": 1.0, ""54"": 1.0, ""63"": 0.0, ""45"": 1.0, ""82"": 0.0, ""64"": 0.0, ""21"": 0.0, ""94"": 0.0, ""97"": 0.0, ""52"": 1.0}}"
56,foolsgold,foolsgold,"[65, 34, 91, 78, 88, 43, 52]","[3, 0, 30]","{""layer_name"": ""linear"", ""weights_by_client"": {""3"": 0.0, ""65"": 1.0, ""34"": 1.0, ""91"": 1.0, ""78"": 1.0, ""0"": 0.0, ""88"": 1.0, ""43"": 0.9081875238595976, ""30"": 0.0, ""52"": 0.9545594933410797}}"
57,foolsgold,foolsgold,"[83, 65, 24, 5]","[3, 57, 27, 98, 25, 10]","{""layer_name"": ""linear"", ""weights_by_client"": {""3"": 0.0, ""57"": 0.0, ""83"": 1.0, ""65"": 1.0, ""27"": 0.0, ""98"": 0.0, ""24"": 1.0, ""5"": 1.0, ""25"": 0.0, ""10"": 0.0}}"
58,foolsgold,foolsgold,"[16, 92, 62, 58, 77]","[3, 27, 14, 1, 44]","{""layer_name"": ""linear"", ""weights_by_client"": {""3"": 0.0, ""16"": 0.6931224008935559, ""92"": 1.0, ""27"": 0.0, ""14"": 0.0, ""62"": 1.0, ""58"": 1.0, ""77"": 1.0, ""1"": 0.0, ""44"": 0.0}}"
59,foolsgold,foolsgold,"[39, 6, 88, 69, 29, 26]","[1, 27, 71, 25]","{""layer_name"": ""linear"", ""weights_by_client"": {""1"": 0.0, ""39"": 1.0, ""6"": 1.0, ""27"": 0.0, ""71"": 0.0, ""88"": 1.0, ""69"": 1.0, ""29"": 0.8209844285230176, ""25"": 0.0, ""26"": 1.0}}"
60,foolsgold,foolsgold,"[84, 41, 86, 94]","[0, 13, 66, 3, 14, 51]","{""layer_name"": ""linear"", ""weights_by_client"": {""0"": 0.0, ""84"": 1.0, ""41"": 1.0, ""86"": 1.0, ""94"": 1.0, ""13"": 0.0, ""66"": 0.0, ""3"": 0.0, ""14"": 0.0, ""51"": 0.0}}"
61,foolsgold,foolsgold,"[70, 55, 69]","[3, 36, 1, 21, 32, 18, 8]","{""layer_name"": ""linear"", ""weights_by_client"": {""3"": 0.0, ""36"": 0.0, ""70"": 0.23365761870573615, ""1"": 0.0, ""21"": 0.0, ""32"": 0.0, ""55"": 1.0, ""18"": 0.0, ""69"": 0.3551091979596087, ""8"": 0.0}}"
62,foolsgold,foolsgold,"[0, 29, 65, 95, 47]","[77, 68, 89, 79, 83]","{""layer_name"": ""linear"", ""weights_by_client"": {""0"": 0.09593614301810466, ""77"": 0.0, ""29"": 0.09593614301810466, ""65"": 0.2271515788938241, ""68"": 0.0, ""89"": 0.0, ""95"": 1.0, ""79"": 0.0, ""83"": 0.0, ""47"": 1.0}}"
63,foolsgold,foolsgold,"[15, 46, 31, 70]","[1, 10, 36, 86, 73, 62]","{""layer_name"": ""linear"", ""weights_by_client"": {""1"": 0.0, ""10"": 0.0, ""15"": 0.536750791296255, ""46"": 1.0, ""36"": 0.0, ""86"": 0.0, ""31"": 1.0, ""73"": 0.0, ""62"": 0.0, ""70"": 1.0}}"
64,foolsgold,foolsgold,"[47, 63, 41, 75]","[0, 32, 34, 12, 11, 3]","{""layer_name"": ""linear"", ""weights_by_client"": {""0"": 0.0, ""47"": 1.0, ""63"": 1.0, ""32"": 0.0, ""34"": 0.0, ""12"": 0.0, ""41"": 1.0, ""75"": 0.10661938341810462, ""11"": 0.0, ""3"": 0.0}}"
65,foolsgold,foolsgold,"[55, 65, 54, 46]","[3, 1, 24, 31, 92, 49]","{""layer_name"": ""linear"", ""weights_by_client"": {""3"": 0.0, ""55"": 1.0, ""1"": 0.0, ""65"": 0.5515938828599833, ""54"": 1.0, ""24"": 0.0, ""31"": 0.0, ""92"": 0.0, ""49"": 0.0, ""46"": 0.5515938828599833}}"
66,foolsgold,foolsgold,"[0, 38, 51, 5, 19, 53, 84, 40]","[23, 64]","{""layer_name"": ""linear"", ""weights_by_client"": {""0"": 1.0, ""38"": 0.6659074109305356, ""51"": 1.0, ""5"": 1.0, ""19"": 1.0, ""53"": 1.0, ""84"": 1.0, ""23"": 0.0, ""40"": 1.0, ""64"": 0.0}}"
67,foolsgold,foolsgold,"[82, 78, 19]","[4, 17, 44, 14, 71, 90, 55]","{""layer_name"": ""linear"", ""weights_by_client"": {""4"": 0.0, ""82"": 1.0, ""78"": 1.0, ""17"": 0.0, ""19"": 1.0, ""44"": 0.0, ""14"": 0.0, ""71"": 0.0, ""90"": 0.0, ""55"": 0.0}}"
68,foolsgold,foolsgold,"[6, 54, 17, 9, 68, 38]","[0, 32, 44, 8]","{""layer_name"": ""linear"", ""weights_by_client"": {""0"": 0.0, ""32"": 0.0, ""44"": 0.0, ""6"": 1.0, ""54"": 1.0, ""17"": 1.0, ""9"": 1.0, ""8"": 0.0, ""68"": 0.6090133047092046, ""38"": 0.6090133047092046}}"
69,foolsgold,foolsgold,"[62, 84]","[0, 10, 42, 79, 75, 64, 3, 51]","{""layer_name"": ""linear"", ""weights_by_client"": {""0"": 0.0, ""10"": 0.0, ""42"": 0.0, ""62"": 1.0, ""79"": 0.0, ""75"": 0.0, ""64"": 0.0, ""84"": 1.0, ""3"": 0.0, ""51"": 0.0}}"
70,foolsgold,foolsgold,"[1, 9, 5, 73, 62, 83]","[91, 79, 68, 46]","{""layer_name"": ""linear"", ""weights_by_client"": {""1"": 1.0, ""91"": 0.0, ""79"": 0.0, ""68"": 0.0, ""9"": 1.0, ""5"": 1.0, ""73"": 1.0, ""62"": 0.35453253937021845, ""83"": 0.5871004485109829, ""46"": 0.0}}"
71,foolsgold,foolsgold,"[1, 68, 51, 54, 48, 7]","[55, 69, 28, 71]","{""layer_name"": ""linear"", ""weights_by_client"": {""1"": 1.0, ""55"": 0.0, ""68"": 0.6552534458016582, ""51"": 0.006936718975107392, ""54"": 1.0, ""48"": 0.6552534458016582, ""7"": 1.0, ""69"": 0.0, ""28"": 0.0, ""71"": 0.0}}"
72,foolsgold,foolsgold,"[0, 51, 72, 15, 38]","[98, 87, 21, 6, 57]","{""layer_name"": ""linear"", ""weights_by_client"": {""0"": 0.2787680874997467, ""98"": 0.0, ""51"": 0.9263639890471207, ""72"": 1.0, ""87"": 0.0, ""21"": 0.0, ""15"": 0.2787680874997467, ""38"": 0.48088256763500775, ""6"": 0.0, ""57"": 0.0}}"
73,foolsgold,foolsgold,"[7, 68, 88, 11]","[1, 61, 26, 59, 36, 97]","{""layer_name"": ""linear"", ""weights_by_client"": {""1"": 0.0, ""61"": 0.0, ""26"": 0.0, ""7"": 0.6537762333493747, ""68"": 1.0, ""88"": 1.0, ""59"": 0.0, ""11"": 0.6537762333493747, ""36"": 0.0, ""97"": 0.0}}"
74,foolsgold,foolsgold,"[75, 80, 7]","[1, 3, 25, 2, 78, 20, 4]","{""layer_name"": ""linear"", ""weights_by_client"": {""1"": 0.0, ""75"": 1.0, ""3"": 0.0, ""25"": 0.0, ""80"": 1.0, ""2"": 0.0, ""78"": 0.0, ""20"": 0.0, ""4"": 0.0, ""7"": 1.0}}"
75,foolsgold,foolsgold,"[95, 51, 84]","[2, 86, 23, 6, 62, 0, 81]","{""layer_name"": ""linear"", ""weights_by_client"": {""2"": 0.0, ""95"": 1.0, ""86"": 0.0, ""51"": 1.0, ""23"": 0.0, ""6"": 0.0, ""62"": 0.0, ""0"": 0.0, ""81"": 0.0, ""84"": 1.0}}"
76,foolsgold,foolsgold,"[2, 37, 84, 58, 80, 92]","[64, 66, 42, 67]","{""layer_name"": ""linear"", ""weights_by_client"": {""2"": 1.0, ""64"": 0.0, ""37"": 0.015405818141604577, ""66"": 0.0, ""42"": 0.0, ""84"": 1.0, ""58"": 1.0, ""80"": 0.015405818141604577, ""67"": 0.0, ""92"": 1.0}}"
77,foolsgold,foolsgold,"[68, 79, 9, 69, 16, 43]","[4, 22, 30, 60]","{""layer_name"": ""linear"", ""weights_by_client"": {""4"": 0.0, ""68"": 0.1418213242354287, ""79"": 0.1418213242354287, ""22"": 0.0, ""9"": 1.0, ""30"": 0.0, ""60"": 0.0, ""69"": 1.0, ""16"": 0.22787494088638904, ""43"": 1.0}}"
78,foolsgold,foolsgold,"[1, 20, 27, 74, 59, 86, 87]","[77, 23, 18]","{""layer_name"": ""linear"", ""weights_by_client"": {""1"": 1.0, ""20"": 0.9249274144915123, ""77"": 0.0, ""27"": 1.0, ""23"": 0.0, ""18"": 0.0, ""74"": 0.7683996652359859, ""59"": 1.0, ""86"": 1.0, ""87"": 0.8978346394822021}}"
79,foolsgold,foolsgold,"[1, 99, 42, 33, 5, 15, 38, 76, 86, 87]",[],"{""layer_name"": ""linear"", ""weights_by_client"": {""1"": 1.0, ""99"": 1.0, ""42"": 0.26241939834927475, ""33"": 1.0, ""5"": 1.0, ""15"": 1.0, ""38"": 0.22535191341947247, ""76"": 0.26241939834927475, ""86"": 0.22535191341947247, ""87"": 1.0}}"
80,foolsgold,foolsgold,"[1, 71, 63, 11]","[88, 38, 99, 48, 31, 83]","{""layer_name"": ""linear"", ""weights_by_client"": {""1"": 1.0, ""71"": 1.0, ""88"": 0.0, ""38"": 0.0, ""63"": 0.5818359946693715, ""99"": 0.0, ""48"": 0.0, ""31"": 0.0, ""83"": 0.0, ""11"": 1.0}}"
81,foolsgold,foolsgold,"[4, 69, 52, 40, 47, 77, 35, 59, 70, 7]",[],"{""layer_name"": ""linear"", ""weights_by_client"": {""4"": 1.0, ""69"": 0.9197864953213493, ""52"": 1.0, ""40"": 1.0, ""47"": 1.0, ""77"": 0.6676719216708671, ""35"": 1.0, ""59"": 1.0, ""70"": 0.6676719216708671, ""7"": 1.0}}"
82,foolsgold,foolsgold,"[0, 61, 23, 95, 35, 97]","[81, 74, 55, 28]","{""layer_name"": ""linear"", ""weights_by_client"": {""0"": 1.0, ""61"": 0.28079899099405825, ""81"": 0.0, ""74"": 0.0, ""23"": 1.0, ""95"": 1.0, ""35"": 0.28079899099405825, ""97"": 1.0, ""55"": 0.0, ""28"": 0.0}}"
83,foolsgold,foolsgold,"[3, 53, 77, 67, 31, 62, 82, 84]","[45, 47]","{""layer_name"": ""linear"", ""weights_by_client"": {""3"": 1.0, ""53"": 1.0, ""77"": 0.9906858645447668, ""67"": 0.6727649048262228, ""31"": 1.0, ""62"": 1.0, ""45"": 0.0, ""47"": 0.0, ""82"": 1.0, ""84"": 0.6727649048262228}}"
84,foolsgold,foolsgold,"[83, 70, 32, 64, 47, 5]","[2, 3, 36, 44]","{""layer_name"": ""linear"", ""weights_by_client"": {""2"": 0.0, ""83"": 1.0, ""3"": 0.0, ""36"": 0.0, ""44"": 0.0, ""70"": 0.214730196505578, ""32"": 1.0, ""64"": 1.0, ""47"": 1.0, ""5"": 0.214730196505578}}"
85,foolsgold,foolsgold,"[0, 60, 5, 75, 7]","[95, 64, 96, 79, 94]","{""layer_name"": ""linear"", ""weights_by_client"": {""0"": 1.0, ""95"": 0.0, ""64"": 0.0, ""96"": 0.0, ""60"": 0.9160107667896953, ""5"": 0.9160107667896953, ""79"": 0.0, ""75"": 1.0, ""7"": 1.0, ""94"": 0.0}}"
86,foolsgold,foolsgold,"[19, 81, 99, 47]","[1, 15, 57, 13, 10, 30]","{""layer_name"": ""linear"", ""weights_by_client"": {""1"": 0.0, ""15"": 0.0, ""57"": 0.0, ""19"": 0.22636174998371578, ""13"": 0.0, ""81"": 1.0, ""10"": 0.0, ""30"": 0.0, ""99"": 1.0, ""47"": 0.22636174998371578}}"
87,foolsgold,foolsgold,"[91, 65, 37, 31, 15]","[4, 0, 25, 27, 97]","{""layer_name"": ""linear"", ""weights_by_client"": {""4"": 0.0, ""91"": 1.0, ""65"": 1.0, ""0"": 0.0, ""37"": 1.0, ""25"": 0.0, ""27"": 0.0, ""31"": 1.0, ""15"": 1.0, ""97"": 0.0}}"
88,foolsgold,foolsgold,"[87, 54, 75, 15, 7, 40]","[2, 34, 3, 11]","{""layer_name"": ""linear"", ""weights_by_client"": {""2"": 0.0, ""87"": 1.0, ""54"": 1.0, ""75"": 0.009977088189959182, ""34"": 0.0, ""3"": 0.0, ""15"": 0.7805721088408043, ""7"": 1.0, ""11"": 0.0, ""40"": 1.0}}"
89,foolsgold,foolsgold,"[12, 87, 24]","[3, 4, 80, 26, 27, 42, 0]","{""layer_name"": ""linear"", ""weights_by_client"": {""3"": 0.0, ""4"": 0.0, ""12"": 0.8365715546437077, ""80"": 0.0, ""87"": 0.8365715546437077, ""26"": 0.0, ""27"": 0.0, ""42"": 0.0, ""24"": 1.0, ""0"": 0.0}}"
90,foolsgold,foolsgold,"[3, 22, 23, 50, 7, 88, 96]","[73, 27, 10]","{""layer_name"": ""linear"", ""weights_by_client"": {""3"": 1.0, ""22"": 0.7841508986971745, ""23"": 1.0, ""50"": 0.36900854233301905, ""7"": 0.7841508986971745, ""88"": 0.36900854233301905, ""73"": 0.0, ""27"": 0.0, ""10"": 0.0, ""96"": 1.0}}"
91,foolsgold,foolsgold,"[50, 15, 38]","[2, 17, 98, 52, 30, 49, 13]","{""layer_name"": ""linear"", ""weights_by_client"": {""2"": 0.0, ""17"": 0.0, ""98"": 0.0, ""50"": 1.0, ""52"": 0.0, ""30"": 0.0, ""15"": 0.35292105173438654, ""49"": 0.0, ""13"": 0.0, ""38"": 0.26090385536865834}}"
92,foolsgold,foolsgold,"[20, 9, 61, 11, 89]","[0, 71, 25, 14, 1]","{""layer_name"": ""linear"", ""weights_by_client"": {""0"": 0.0, ""71"": 0.0, ""20"": 0.41294727413852406, ""25"": 0.0, ""14"": 0.0, ""1"": 0.0, ""9"": 1.0, ""61"": 0.636601966540448, ""11"": 1.0, ""89"": 0.636601966540448}}"
93,foolsgold,foolsgold,"[3, 16, 78, 75, 41, 60, 95, 33]","[38, 6]","{""layer_name"": ""linear"", ""weights_by_client"": {""3"": 0.48807036729547915, ""16"": 0.02508912014368736, ""78"": 0.02508912014368736, ""75"": 1.0, ""38"": 0.0, ""41"": 0.5820990050433428, ""60"": 1.0, ""95"": 0.5820990050433428, ""33"": 1.0, ""6"": 0.0}}"
94,foolsgold,foolsgold,"[15, 78, 86, 82, 74, 47]","[2, 98, 4, 71]","{""layer_name"": ""linear"", ""weights_by_client"": {""2"": 0.0, ""98"": 0.0, ""15"": 0.9369767858088653, ""78"": 1.0, ""86"": 1.0, ""82"": 1.0, ""74"": 0.4646804557573656, ""47"": 0.4646804557573656, ""4"": 0.0, ""71"": 0.0}}"
95,foolsgold,foolsgold,"[77, 91, 97, 43, 53, 99, 57]","[0, 2, 1]","{""layer_name"": ""linear"", ""weights_by_client"": {""0"": 0.0, ""77"": 0.49042187273659255, ""91"": 0.49042187273659255, ""2"": 0.0, ""1"": 0.0, ""97"": 0.6070157711293325, ""43"": 1.0, ""53"": 1.0, ""99"": 1.0, ""57"": 0.6070157711293325}}"
96,foolsgold,foolsgold,"[1, 82, 54, 29, 47]","[46, 21, 77, 48, 12]","{""layer_name"": ""linear"", ""weights_by_client"": {""1"": 0.03507406776639532, ""82"": 1.0, ""46"": 0.0, ""21"": 0.0, ""54"": 1.0, ""29"": 0.03507406776639532, ""47"": 1.0, ""77"": 0.0, ""48"": 0.0, ""12"": 0.0}}"
97,foolsgold,foolsgold,"[56, 31, 47, 15, 84]","[3, 24, 34, 4, 20]","{""layer_name"": ""linear"", ""weights_by_client"": {""3"": 0.0, ""56"": 0.06250745689589421, ""31"": 1.0, ""47"": 1.0, ""24"": 0.0, ""34"": 0.0, ""15"": 1.0, ""84"": 1.0, ""4"": 0.0, ""20"": 0.0}}"
98,foolsgold,foolsgold,"[1, 68, 97, 7, 54]","[49, 62, 13, 51, 42]","{""layer_name"": ""linear"", ""weights_by_client"": {""1"": 1.0, ""68"": 0.9389604011179193, ""97"": 1.0, ""49"": 0.0, ""62"": 0.0, ""13"": 0.0, ""7"": 1.0, ""51"": 0.0, ""54"": 1.0, ""42"": 0.0}}"
99,foolsgold,foolsgold,"[2, 22, 38, 75, 47, 58, 57, 37]","[3, 25]","{""layer_name"": ""linear"", ""weights_by_client"": {""3"": 0.0, ""2"": 0.7834818447940797, ""22"": 1.0, ""38"": 1.0, ""75"": 0.3495108000770471, ""25"": 0.0, ""47"": 1.0, ""58"": 1.0, ""57"": 0.3495108000770471, ""37"": 1.0}}"
100,foolsgold,foolsgold,"[86, 39, 75, 48, 11]","[0, 6, 61, 64, 44]","{""layer_name"": ""linear"", ""weights_by_client"": {""0"": 0.0, ""86"": 1.0, ""39"": 0.5579300025959898, ""75"": 0.7169214112861042, ""6"": 0.0, ""48"": 1.0, ""61"": 0.0, ""11"": 0.5579300025959898, ""64"": 0.0, ""44"": 0.0}}"
101,foolsgold,foolsgold,"[1, 20, 64, 80, 87, 99]","[17, 92, 88, 89]","{""layer_name"": ""linear"", ""weights_by_client"": {""1"": 1.0, ""20"": 1.0, ""17"": 0.0, ""92"": 0.0, ""64"": 1.0, ""88"": 0.0, ""80"": 1.0, ""89"": 0.0, ""87"": 1.0, ""99"": 1.0}}"
102,foolsgold,foolsgold,"[2, 21, 51, 16, 41, 67, 80]","[68, 60, 91]","{""layer_name"": ""linear"", ""weights_by_client"": {""2"": 1.0, ""21"": 0.728143523304122, ""51"": 1.0, ""16"": 1.0, ""41"": 1.0, ""68"": 0.0, ""60"": 0.0, ""67"": 1.0, ""80"": 1.0, ""91"": 0.0}}"
103,foolsgold,foolsgold,"[4, 77, 92, 15, 52, 94, 32, 62]","[71, 13]","{""layer_name"": ""linear"", ""weights_by_client"": {""4"": 1.0, ""77"": 0.5067225300735374, ""92"": 1.0, ""15"": 1.0, ""52"": 0.25161092923162365, ""94"": 0.5067225300735374, ""71"": 0.0, ""32"": 1.0, ""13"": 0.0, ""62"": 0.25161092923162365}}"
104,foolsgold,foolsgold,"[0, 41, 15, 12, 34, 21, 38, 90]","[9, 93]","{""layer_name"": ""linear"", ""weights_by_client"": {""0"": 0.4262608782308488, ""41"": 1.0, ""15"": 0.4262608782308488, ""12"": 0.32664172022510896, ""9"": 0.0, ""34"": 0.9337687134804722, ""21"": 0.32664172022510896, ""93"": 0.0, ""38"": 0.9337687134804722, ""90"": 1.0}}"
105,foolsgold,foolsgold,"[4, 40, 47, 28, 87]","[54, 57, 10, 27, 95]","{""layer_name"": ""linear"", ""weights_by_client"": {""4"": 1.0, ""40"": 1.0, ""47"": 0.2896090984225237, ""54"": 0.0, ""57"": 0.0, ""28"": 0.2896090984225237, ""10"": 0.0, ""87"": 1.0, ""27"": 0.0, ""95"": 0.0}}"
106,foolsgold,foolsgold,"[34, 12, 53, 52]","[3, 92, 74, 0, 88, 77]","{""layer_name"": ""linear"", ""weights_by_client"": {""3"": 0.0, ""92"": 0.0, ""34"": 1.0, ""12"": 1.0, ""74"": 0.0, ""0"": 0.0, ""88"": 0.0, ""53"": 1.0, ""52"": 1.0, ""77"": 0.0}}"
107,foolsgold,foolsgold,"[40, 41, 70, 95]","[2, 84, 7, 46, 61, 0]","{""layer_name"": ""linear"", ""weights_by_client"": {""2"": 0.0, ""40"": 1.0, ""41"": 0.8796382424872993, ""84"": 0.0, ""7"": 0.0, ""70"": 1.0, ""46"": 0.0, ""61"": 0.0, ""95"": 0.8796382424872993, ""0"": 0.0}}"
108,foolsgold,foolsgold,"[33, 16, 84, 64, 52]","[1, 0, 12, 60, 4]","{""layer_name"": ""linear"", ""weights_by_client"": {""1"": 0.0, ""33"": 0.74983085894489, ""0"": 0.0, ""16"": 0.09438297554213082, ""84"": 0.74983085894489, ""12"": 0.0, ""64"": 1.0, ""52"": 1.0, ""60"": 0.0, ""4"": 0.0}}"
109,foolsgold,foolsgold,"[3, 84, 5, 15, 87, 17, 58, 28]","[14, 27]","{""layer_name"": ""linear"", ""weights_by_client"": {""3"": 1.0, ""14"": 0.0, ""27"": 0.0, ""84"": 1.0, ""5"": 0.8772406443665781, ""15"": 1.0, ""87"": 0.8772406443665781, ""17"": 1.0, ""58"": 1.0, ""28"": 1.0}}"
110,foolsgold,foolsgold,"[12, 67, 84, 59, 21]","[4, 29, 86, 81, 3]","{""layer_name"": ""linear"", ""weights_by_client"": {""4"": 0.0, ""29"": 0.0, ""12"": 0.18241663269655906, ""86"": 0.0, ""67"": 0.8533441281021749, ""81"": 0.0, ""84"": 0.9533364840527705, ""59"": 1.0, ""21"": 0.18241663269655906, ""3"": 0.0}}"
111,foolsgold,foolsgold,"[41, 76, 49, 2]","[1, 61, 46, 55, 34, 4]","{""layer_name"": ""linear"", ""weights_by_client"": {""1"": 0.0, ""41"": 1.0, ""61"": 0.0, ""76"": 0.6582593683526362, ""49"": 1.0, ""46"": 0.0, ""55"": 0.0, ""34"": 0.0, ""2"": 0.12875679901206732, ""4"": 0.0}}"
112,foolsgold,foolsgold,"[0, 73, 86, 84, 41, 52]","[9, 95, 38, 17]","{""layer_name"": ""linear"", ""weights_by_client"": {""0"": 1.0, ""73"": 1.0, ""9"": 0.0, ""86"": 0.061565303490693335, ""84"": 1.0, ""95"": 0.0, ""41"": 1.0, ""38"": 0.0, ""17"": 0.0, ""52"": 0.03274609251340854}}"
113,foolsgold,foolsgold,"[91, 20, 38, 16, 54]","[0, 57, 71, 10, 36]","{""layer_name"": ""linear"", ""weights_by_client"": {""0"": 0.0, ""91"": 1.0, ""57"": 0.0, ""71"": 0.0, ""20"": 0.8689181724275272, ""38"": 1.0, ""10"": 0.0, ""16"": 0.8328453403580103, ""54"": 1.0, ""36"": 0.0}}"
114,foolsgold,foolsgold,"[1, 35, 39, 91, 9, 16]","[98, 89, 23, 85]","{""layer_name"": ""linear"", ""weights_by_client"": {""1"": 0.37710218800014905, ""35"": 1.0, ""98"": 0.0, ""89"": 0.0, ""23"": 0.0, ""39"": 1.0, ""85"": 0.0, ""91"": 0.9571373603729088, ""9"": 1.0, ""16"": 0.37710218800014905}}"
115,foolsgold,foolsgold,"[61, 41, 38, 56, 19, 97]","[2, 85, 51, 36]","{""layer_name"": ""linear"", ""weights_by_client"": {""2"": 0.0, ""61"": 1.0, ""41"": 1.0, ""38"": 1.0, ""85"": 0.0, ""51"": 0.0, ""56"": 1.0, ""19"": 1.0, ""36"": 0.0, ""97"": 0.8441737471679518}}"
116,foolsgold,foolsgold,"[19, 8, 83, 96]","[4, 17, 30, 55, 38, 10]","{""layer_name"": ""linear"", ""weights_by_client"": {""4"": 0.0, ""19"": 1.0, ""17"": 0.0, ""30"": 0.0, ""8"": 1.0, ""83"": 0.22132931785307336, ""55"": 0.0, ""38"": 0.0, ""96"": 1.0, ""10"": 0.0}}"
117,foolsgold,foolsgold,"[0, 52, 8, 29, 67, 77, 45]","[55, 66, 34]","{""layer_name"": ""linear"", ""weights_by_client"": {""0"": 0.44109638036424625, ""55"": 0.0, ""66"": 0.0, ""34"": 0.0, ""52"": 1.0, ""8"": 1.0, ""29"": 0.44109638036424625, ""67"": 1.0, ""77"": 1.0, ""45"": 1.0}}"
118,foolsgold,foolsgold,"[90, 79, 20, 31, 89]","[0, 81, 44, 36, 55]","{""layer_name"": ""linear"", ""weights_by_client"": {""0"": 0.0, ""81"": 0.0, ""90"": 0.9073195534295216, ""44"": 0.0, ""79"": 0.230665438657376, ""20"": 0.9308252747902508, ""31"": 1.0, ""36"": 0.0, ""89"": 0.230665438657376, ""55"": 0.0}}"
119,foolsgold,foolsgold,"[3, 41, 19, 9, 97, 64, 37, 33]","[55, 42]","{""layer_name"": ""linear"", ""weights_by_client"": {""3"": 1.0, ""41"": 1.0, ""19"": 1.0, ""9"": 0.07350163362558221, ""97"": 0.07350163362558221, ""64"": 0.5756259809062199, ""37"": 0.5756259809062199, ""55"": 0.0, ""33"": 1.0, ""42"": 0.0}}"
120,foolsgold,foolsgold,"[56, 97, 35, 41]","[1, 98, 30, 13, 75, 2]","{""layer_name"": ""linear"", ""weights_by_client"": {""1"": 0.0, ""98"": 0.0, ""30"": 0.0, ""13"": 0.0, ""56"": 1.0, ""97"": 1.0, ""35"": 1.0, ""75"": 0.0, ""41"": 1.0, ""2"": 0.0}}"
121,foolsgold,foolsgold,"[3, 5, 37, 28, 61]","[42, 83, 14, 13, 89]","{""layer_name"": ""linear"", ""weights_by_client"": {""3"": 1.0, ""5"": 0.4989486753875956, ""42"": 0.0, ""83"": 0.0, ""37"": 0.0016935288856269048, ""14"": 0.0, ""13"": 0.0, ""89"": 0.0, ""28"": 1.0, ""61"": 0.41337368904890825}}"
122,foolsgold,foolsgold,"[0, 29, 83, 87, 38, 96, 31]","[55, 81, 14]","{""layer_name"": ""linear"", ""weights_by_client"": {""0"": 0.21884235673978303, ""29"": 0.21884235673978303, ""83"": 0.02670322708300621, ""87"": 0.4698173505446541, ""38"": 0.02670322708300621, ""55"": 0.0, ""96"": 1.0, ""31"": 1.0, ""81"": 0.0, ""14"": 0.0}}"
123,foolsgold,foolsgold,"[0, 70, 88, 82, 62, 69, 55]","[64, 77, 6]","{""layer_name"": ""linear"", ""weights_by_client"": {""0"": 1.0, ""64"": 0.0, ""70"": 0.21450378454568791, ""77"": 0.0, ""88"": 1.0, ""6"": 0.0, ""82"": 1.0, ""62"": 0.36485804516226844, ""69"": 0.21450378454568791, ""55"": 0.36485804516226844}}"
124,foolsgold,foolsgold,"[4, 88, 96, 42, 49, 7, 15, 99]","[58, 72]","{""layer_name"": ""linear"", ""weights_by_client"": {""4"": 1.0, ""88"": 1.0, ""96"": 1.0, ""42"": 1.0, ""58"": 0.0, ""49"": 1.0, ""7"": 1.0, ""15"": 1.0, ""72"": 0.0, ""99"": 0.17395631179799492}}"
125,foolsgold,foolsgold,"[4, 14, 90, 87, 42, 82, 37]","[30, 1, 36]","{""layer_name"": ""linear"", ""weights_by_client"": {""4"": 0.218345532218171, ""30"": 0.0, ""1"": 0.0, ""36"": 0.0, ""14"": 0.3885482834081256, ""90"": 1.0, ""87"": 1.0, ""42"": 0.3885482834081256, ""82"": 1.0, ""37"": 1.0}}"
126,foolsgold,foolsgold,"[64, 31, 35, 90, 84, 78]","[3, 40, 29, 48]","{""layer_name"": ""linear"", ""weights_by_client"": {""3"": 0.0, ""40"": 0.0, ""64"": 1.0, ""31"": 0.1332269370374059, ""35"": 0.1332269370374059, ""90"": 1.0, ""29"": 0.0, ""48"": 0.0, ""84"": 1.0, ""78"": 0.9399153934943487}}"
127,foolsgold,foolsgold,"[3, 78, 5]","[32, 56, 98, 62, 13, 86, 55]","{""layer_name"": ""linear"", ""weights_by_client"": {""3"": 0.12419785886696577, ""32"": 0.0, ""56"": 0.0, ""98"": 0.0, ""78"": 0.3353502284812789, ""62"": 0.0, ""5"": 1.0, ""13"": 0.0, ""86"": 0.0, ""55"": 0.0}}"
128,foolsgold,foolsgold,"[4, 99, 47, 20, 31, 10, 90, 41]","[86, 62]","{""layer_name"": ""linear"", ""weights_by_client"": {""4"": 0.6064659147530637, ""99"": 1.0, ""47"": 0.6183444096999713, ""20"": 0.6064659147530637, ""31"": 1.0, ""10"": 0.6183444096999713, ""86"": 0.0, ""90"": 1.0, ""62"": 0.0, ""41"": 1.0}}"
129,foolsgold,foolsgold,"[33, 73, 28, 61, 11, 96, 15]","[0, 1, 3]","{""layer_name"": ""linear"", ""weights_by_client"": {""0"": 0.0, ""33"": 1.0, ""1"": 0.0, ""73"": 0.49590359301700865, ""28"": 1.0, ""61"": 1.0, ""3"": 0.0, ""11"": 0.49590359301700865, ""96"": 1.0, ""15"": 0.9022179887541087}}"
130,foolsgold,foolsgold,"[4, 80, 90, 58, 35, 83]","[42, 51, 72, 74]","{""layer_name"": ""linear"", ""weights_by_client"": {""4"": 1.0, ""42"": 0.0, ""80"": 1.0, ""51"": 0.0, ""72"": 0.0, ""74"": 0.0, ""90"": 0.8553484077535061, ""58"": 0.32503446640744005, ""35"": 1.0, ""83"": 0.8553484077535061}}"
131,foolsgold,foolsgold,"[95, 46, 22]","[0, 80, 73, 3, 42, 93, 85]","{""layer_name"": ""linear"", ""weights_by_client"": {""0"": 0.0, ""95"": 1.0, ""80"": 0.0, ""46"": 1.0, ""22"": 1.0, ""73"": 0.0, ""3"": 0.0, ""42"": 0.0, ""93"": 0.0, ""85"": 0.0}}"
132,foolsgold,foolsgold,"[2, 5, 77, 62, 20, 65, 9, 68]","[45, 74]","{""layer_name"": ""linear"", ""weights_by_client"": {""2"": 1.0, ""5"": 0.023718817182560192, ""77"": 0.27349341070622696, ""45"": 0.0, ""62"": 0.10392023122619548, ""74"": 0.0, ""20"": 1.0, ""65"": 1.0, ""9"": 1.0, ""68"": 0.10392023122619548}}"
133,foolsgold,foolsgold,"[2, 58, 94, 20, 50, 65, 7, 95]","[51, 27]","{""layer_name"": ""linear"", ""weights_by_client"": {""2"": 1.0, ""58"": 1.0, ""94"": 0.4624926659071632, ""20"": 0.5320263455913218, ""50"": 0.5789456274727878, ""51"": 0.0, ""65"": 0.4624926659071632, ""7"": 1.0, ""27"": 0.0, ""95"": 1.0}}"
134,foolsgold,foolsgold,"[4, 78, 82, 23, 37, 55, 12, 77]","[10, 13]","{""layer_name"": ""linear"", ""weights_by_client"": {""4"": 1.0, ""78"": 1.0, ""82"": 1.0, ""23"": 1.0, ""37"": 1.0, ""10"": 0.0, ""55"": 0.030346411168199194, ""13"": 0.0, ""12"": 1.0, ""77"": 1.0}}"
135,foolsgold,foolsgold,"[2, 89, 49, 95]","[35, 5, 93, 82, 23, 63]","{""layer_name"": ""linear"", ""weights_by_client"": {""2"": 1.0, ""35"": 0.0, ""5"": 0.0, ""89"": 0.05641627471636984, ""93"": 0.0, ""82"": 0.0, ""49"": 0.2029255506895234, ""23"": 0.0, ""95"": 0.4918311299919008, ""63"": 0.0}}"
136,foolsgold,foolsgold,"[83, 79, 66, 69, 95, 96]","[4, 3, 84, 7]","{""layer_name"": ""linear"", ""weights_by_client"": {""4"": 0.0, ""83"": 1.0, ""79"": 1.0, ""3"": 0.0, ""66"": 1.0, ""69"": 1.0, ""95"": 0.15583688564764198, ""96"": 0.15583688564764198, ""84"": 0.0, ""7"": 0.0}}"
137,foolsgold,foolsgold,"[65, 12, 16, 86]","[3, 26, 98, 20, 59, 75]","{""layer_name"": ""linear"", ""weights_by_client"": {""3"": 0.0, ""65"": 1.0, ""26"": 0.0, ""12"": 1.0, ""98"": 0.0, ""16"": 1.0, ""20"": 0.0, ""86"": 1.0, ""59"": 0.0, ""75"": 0.0}}"
138,foolsgold,foolsgold,"[2, 78, 20, 31, 11, 24]","[18, 71, 21, 27]","{""layer_name"": ""linear"", ""weights_by_client"": {""2"": 1.0, ""78"": 0.049168258432065626, ""18"": 0.0, ""71"": 0.0, ""20"": 0.049168258432065626, ""21"": 0.0, ""27"": 0.0, ""31"": 1.0, ""11"": 1.0, ""24"": 1.0}}"
139,foolsgold,foolsgold,"[50, 63, 64, 18, 89, 91]","[2, 45, 0, 28]","{""layer_name"": ""linear"", ""weights_by_client"": {""2"": 0.0, ""50"": 1.0, ""63"": 0.11924918253186167, ""64"": 0.11924918253186167, ""18"": 0.5294662710652867, ""45"": 0.0, ""0"": 0.0, ""89"": 0.5294662710652867, ""91"": 1.0, ""28"": 0.0}}"
140,foolsgold,foolsgold,"[45, 55, 23, 89, 90, 15]","[4, 97, 16, 59]","{""layer_name"": ""linear"", ""weights_by_client"": {""4"": 0.0, ""45"": 1.0, ""97"": 0.0, ""55"": 1.0, ""16"": 0.0, ""23"": 0.1256260721133357, ""89"": 0.1256260721133357, ""59"": 0.0, ""90"": 1.0, ""15"": 1.0}}"
141,foolsgold,foolsgold,"[84, 19, 26]","[2, 12, 25, 36, 23, 64, 91]","{""layer_name"": ""linear"", ""weights_by_client"": {""2"": 0.0, ""12"": 0.0, ""25"": 0.0, ""36"": 0.0, ""23"": 0.0, ""64"": 0.0, ""84"": 1.0, ""91"": 0.0, ""19"": 1.0, ""26"": 1.0}}"
142,foolsgold,foolsgold,"[84, 63, 90, 33, 24, 13, 87, 40]","[2, 30]","{""layer_name"": ""linear"", ""weights_by_client"": {""2"": 0.0, ""84"": 0.7463937680415149, ""63"": 0.26624981363366307, ""30"": 0.0, ""90"": 0.9581407497879517, ""33"": 0.7463937680415149, ""24"": 0.9581407497879517, ""13"": 1.0, ""87"": 0.26624981363366307, ""40"": 1.0}}"
143,foolsgold,foolsgold,"[78, 5, 57, 77]","[1, 2, 33, 24, 31, 62]","{""layer_name"": ""linear"", ""weights_by_client"": {""1"": 0.0, ""2"": 0.0, ""78"": 0.8663248540323273, ""33"": 0.0, ""24"": 0.0, ""5"": 0.6709313262570882, ""57"": 1.0, ""77"": 0.6709313262570882, ""31"": 0.0, ""62"": 0.0}}"
144,foolsgold,foolsgold,"[2, 15, 48, 84, 66, 9, 91, 79]","[59, 80]","{""layer_name"": ""linear"", ""weights_by_client"": {""2"": 1.0, ""15"": 1.0, ""48"": 0.8086466154037367, ""84"": 1.0, ""66"": 1.0, ""59"": 0.0, ""9"": 1.0, ""80"": 0.0, ""91"": 0.8086466154037367, ""79"": 1.0}}"
145,foolsgold,foolsgold,"[19, 7, 43, 18, 29, 83]","[2, 44, 85, 73]","{""layer_name"": ""linear"", ""weights_by_client"": {""2"": 0.0, ""19"": 1.0, ""44"": 0.0, ""7"": 1.0, ""85"": 0.0, ""43"": 1.0, ""73"": 0.0, ""18"": 0.9993791687594797, ""29"": 1.0, ""83"": 0.9993791687594797}}"
146,foolsgold,foolsgold,"[0, 99, 74, 47, 89, 95, 88, 71]","[46, 63]","{""layer_name"": ""linear"", ""weights_by_client"": {""0"": 1.0, ""99"": 1.0, ""74"": 0.43308475961326837, ""47"": 0.43308475961326837, ""46"": 0.0, ""89"": 0.561524268205865, ""95"": 1.0, ""88"": 1.0, ""71"": 1.0, ""63"": 0.0}}"
147,foolsgold,foolsgold,"[78, 91, 51, 63, 27]","[3, 29, 38, 86, 24]","{""layer_name"": ""linear"", ""weights_by_client"": {""3"": 0.0, ""78"": 0.2355314786928282, ""91"": 1.0, ""29"": 0.0, ""51"": 0.2347861587587204, ""38"": 0.0, ""86"": 0.0, ""24"": 0.0, ""63"": 0.26773307316215544, ""27"": 0.2347861587587204}}"
148,foolsgold,foolsgold,"[45, 67, 81]","[3, 75, 59, 20, 29, 93, 13]","{""layer_name"": ""linear"", ""weights_by_client"": {""3"": 0.0, ""75"": 0.0, ""45"": 1.0, ""59"": 0.0, ""20"": 0.0, ""29"": 0.0, ""67"": 1.0, ""93"": 0.0, ""81"": 1.0, ""13"": 0.0}}"
149,foolsgold,foolsgold,"[17, 11, 14]","[3, 88, 10, 75, 20, 31, 42]","{""layer_name"": ""linear"", ""weights_by_client"": {""3"": 0.0, ""88"": 0.0, ""10"": 0.0, ""17"": 1.0, ""75"": 0.0, ""20"": 0.0, ""11"": 0.9219739524237729, ""31"": 0.0, ""42"": 0.0, ""14"": 0.00614072961324913}}"
150,foolsgold,foolsgold,"[82, 31]","[0, 85, 10, 84, 27, 7, 14, 4]","{""layer_name"": ""linear"", ""weights_by_client"": {""0"": 0.0, ""85"": 0.0, ""82"": 1.0, ""10"": 0.0, ""31"": 1.0, ""84"": 0.0, ""27"": 0.0, ""7"": 0.0, ""14"": 0.0, ""4"": 0.0}}"
151,foolsgold,foolsgold,"[43, 48, 87, 52]","[3, 25, 98, 6, 23, 34]","{""layer_name"": ""linear"", ""weights_by_client"": {""3"": 0.0, ""43"": 1.0, ""25"": 0.0, ""48"": 1.0, ""98"": 0.0, ""87"": 0.8817130458586673, ""6"": 0.0, ""23"": 0.0, ""34"": 0.0, ""52"": 1.0}}"
152,foolsgold,foolsgold,"[68, 37, 92, 94, 14, 22, 28, 18]","[4, 36]","{""layer_name"": ""linear"", ""weights_by_client"": {""4"": 0.0, ""36"": 0.0, ""68"": 0.4157300011713288, ""37"": 0.06368322776522695, ""92"": 1.0, ""94"": 0.06368322776522695, ""14"": 1.0, ""22"": 1.0, ""28"": 1.0, ""18"": 0.4157300011713288}}"
153,foolsgold,foolsgold,"[22, 5, 72, 32, 68, 97]","[1, 24, 30, 62]","{""layer_name"": ""linear"", ""weights_by_client"": {""1"": 0.0, ""24"": 0.0, ""30"": 0.0, ""22"": 1.0, ""5"": 1.0, ""72"": 1.0, ""62"": 0.0, ""32"": 1.0, ""68"": 0.06567713167326655, ""97"": 1.0}}"
154,foolsgold,foolsgold,"[2, 91, 61, 98, 74, 39]","[8, 99, 97, 93]","{""layer_name"": ""linear"", ""weights_by_client"": {""2"": 1.0, ""91"": 0.5807246578529118, ""61"": 1.0, ""8"": 0.0, ""99"": 0.0, ""97"": 0.0, ""98"": 1.0, ""93"": 0.0, ""74"": 0.7193981314513311, ""39"": 1.0}}"
155,foolsgold,foolsgold,"[1, 75, 32, 62, 2, 68, 46, 72]","[14, 57]","{""layer_name"": ""linear"", ""weights_by_client"": {""1"": 0.44894358947245155, ""75"": 0.45835789151998046, ""14"": 0.0, ""32"": 1.0, ""62"": 0.19420781170085782, ""2"": 0.44894358947245155, ""68"": 0.19420781170085782, ""46"": 1.0, ""72"": 1.0, ""57"": 0.0}}"
156,foolsgold,foolsgold,"[62, 80, 22, 29, 15, 95]","[4, 27, 16, 55]","{""layer_name"": ""linear"", ""weights_by_client"": {""4"": 0.0, ""27"": 0.0, ""62"": 1.0, ""80"": 0.840888760125877, ""22"": 1.0, ""16"": 0.0, ""29"": 1.0, ""15"": 1.0, ""55"": 0.0, ""95"": 0.840888760125877}}"
157,foolsgold,foolsgold,"[67, 80]","[4, 24, 18, 49, 84, 7, 0, 77]","{""layer_name"": ""linear"", ""weights_by_client"": {""4"": 0.0, ""24"": 0.0, ""18"": 0.0, ""49"": 0.0, ""84"": 0.0, ""7"": 0.0, ""67"": 1.0, ""0"": 0.0, ""80"": 1.0, ""77"": 0.0}}"
158,foolsgold,foolsgold,"[58, 48, 70, 39]","[1, 9, 14, 80, 30, 10]","{""layer_name"": ""linear"", ""weights_by_client"": {""1"": 0.0, ""58"": 0.43105281582981825, ""9"": 0.0, ""48"": 0.43105281582981825, ""14"": 0.0, ""80"": 0.0, ""30"": 0.0, ""10"": 0.0, ""70"": 1.0, ""39"": 1.0}}"
159,foolsgold,foolsgold,"[92, 77, 70, 72, 26, 57]","[2, 99, 32, 0]","{""layer_name"": ""linear"", ""weights_by_client"": {""2"": 0.0, ""92"": 1.0, ""77"": 0.5373114976709643, ""70"": 0.003609059693845118, ""72"": 0.003609059693845118, ""99"": 0.0, ""32"": 0.0, ""0"": 0.0, ""26"": 1.0, ""57"": 1.0}}"
160,foolsgold,foolsgold,"[84, 95, 70, 16, 29]","[2, 57, 30, 13, 27]","{""layer_name"": ""linear"", ""weights_by_client"": {""2"": 0.0, ""84"": 1.0, ""57"": 0.0, ""95"": 1.0, ""30"": 0.0, ""70"": 1.0, ""16"": 0.1105022998142155, ""13"": 0.0, ""29"": 1.0, ""27"": 0.0}}"
161,foolsgold,foolsgold,"[3, 86, 33, 74, 35, 51, 22, 47]","[8, 40]","{""layer_name"": ""linear"", ""weights_by_client"": {""3"": 0.6943023423959932, ""8"": 0.0, ""86"": 1.0, ""33"": 1.0, ""74"": 0.5786957756431842, ""35"": 0.2938703658121983, ""51"": 1.0, ""22"": 1.0, ""40"": 0.0, ""47"": 0.2938703658121983}}"
162,foolsgold,foolsgold,"[40, 57, 42, 84]","[2, 4, 63, 1, 30, 46]","{""layer_name"": ""linear"", ""weights_by_client"": {""2"": 0.0, ""40"": 1.0, ""4"": 0.0, ""57"": 0.05420044431271692, ""63"": 0.0, ""1"": 0.0, ""42"": 0.05420044431271692, ""30"": 0.0, ""46"": 0.0, ""84"": 1.0}}"
163,foolsgold,foolsgold,"[67, 34, 93]","[4, 17, 27, 71, 13, 86, 16]","{""layer_name"": ""linear"", ""weights_by_client"": {""4"": 0.0, ""67"": 1.0, ""17"": 0.0, ""27"": 0.0, ""34"": 0.17422418335591744, ""71"": 0.0, ""93"": 1.0, ""13"": 0.0, ""86"": 0.0, ""16"": 0.0}}"
164,foolsgold,foolsgold,"[86, 72, 73, 84, 96]","[4, 3, 23, 30, 67]","{""layer_name"": ""linear"", ""weights_by_client"": {""4"": 0.0, ""3"": 0.0, ""86"": 1.0, ""72"": 1.0, ""23"": 0.0, ""73"": 1.0, ""84"": 1.0, ""96"": 1.0, ""30"": 0.0, ""67"": 0.0}}"
165,foolsgold,foolsgold,"[8, 18, 69, 62]","[2, 94, 36, 63, 76, 71]","{""layer_name"": ""linear"", ""weights_by_client"": {""2"": 0.0, ""8"": 0.7393440146925231, ""18"": 0.458545052268101, ""94"": 0.0, ""69"": 1.0, ""36"": 0.0, ""63"": 0.0, ""62"": 1.0, ""76"": 0.0, ""71"": 0.0}}"
166,foolsgold,foolsgold,"[66, 29]","[1, 44, 63, 95, 46, 60, 9, 48]","{""layer_name"": ""linear"", ""weights_by_client"": {""1"": 0.0, ""44"": 0.0, ""66"": 1.0, ""63"": 0.0, ""95"": 0.0, ""46"": 0.0, ""29"": 0.8447994828122503, ""60"": 0.0, ""9"": 0.0, ""48"": 0.0}}"
167,foolsgold,foolsgold,"[3, 99, 38, 31, 28, 96, 5, 58]","[13, 42]","{""layer_name"": ""linear"", ""weights_by_client"": {""3"": 1.0, ""99"": 0.15726795173108699, ""38"": 1.0, ""13"": 0.0, ""42"": 0.0, ""31"": 1.0, ""28"": 1.0, ""96"": 1.0, ""5"": 1.0, ""58"": 0.15726795173108699}}"
168,foolsgold,foolsgold,"[0, 88, 64, 8, 83, 85]","[49, 53, 54, 90]","{""layer_name"": ""linear"", ""weights_by_client"": {""0"": 0.7038822389066552, ""49"": 0.0, ""53"": 0.0, ""54"": 0.0, ""88"": 1.0, ""64"": 1.0, ""8"": 0.7038822389066552, ""83"": 0.7706741619976475, ""85"": 1.0, ""90"": 0.0}}"
169,foolsgold,foolsgold,"[12, 9, 92, 56]","[3, 28, 98, 30, 13, 74]","{""layer_name"": ""linear"", ""weights_by_client"": {""3"": 0.0, ""28"": 0.0, ""98"": 0.0, ""30"": 0.0, ""12"": 1.0, ""13"": 0.0, ""74"": 0.0, ""9"": 1.0, ""92"": 1.0, ""56"": 0.16740312384429834}}"
170,foolsgold,foolsgold,"[14, 76, 43, 96, 29, 4, 77, 32]","[0, 44]","{""layer_name"": ""linear"", ""weights_by_client"": {""0"": 0.0, ""14"": 0.7887174661263102, ""76"": 0.7887174661263102, ""43"": 0.7211492675154229, ""44"": 0.0, ""96"": 1.0, ""29"": 1.0, ""4"": 0.6753974085904, ""77"": 0.7211492675154229, ""32"": 1.0}}"
171,foolsgold,foolsgold,"[27, 93, 15, 8, 63]","[3, 25, 33, 88, 30]","{""layer_name"": ""linear"", ""weights_by_client"": {""3"": 0.0, ""27"": 1.0, ""93"": 1.0, ""15"": 0.16223045390673269, ""25"": 0.0, ""33"": 0.0, ""88"": 0.0, ""8"": 0.5797717771346276, ""30"": 0.0, ""63"": 1.0}}"
172,foolsgold,foolsgold,"[80, 10, 60, 63, 81, 84]","[3, 1, 28, 74]","{""layer_name"": ""linear"", ""weights_by_client"": {""3"": 0.0, ""80"": 1.0, ""10"": 1.0, ""60"": 1.0, ""1"": 0.0, ""28"": 0.0, ""63"": 1.0, ""74"": 0.0, ""81"": 1.0, ""84"": 1.0}}"
173,foolsgold,foolsgold,"[54, 69, 18, 7, 2, 37]","[1, 4, 13, 75]","{""layer_name"": ""linear"", ""weights_by_client"": {""1"": 0.0, ""4"": 0.0, ""54"": 1.0, ""13"": 0.0, ""69"": 1.0, ""75"": 0.0, ""18"": 1.0, ""7"": 1.0, ""2"": 0.7539146416181584, ""37"": 1.0}}"
174,foolsgold,foolsgold,"[2, 67, 6, 19, 35]","[17, 62, 13, 51, 24]","{""layer_name"": ""linear"", ""weights_by_client"": {""2"": 1.0, ""67"": 0.29832868592462497, ""17"": 0.0, ""6"": 0.29832868592462497, ""62"": 0.0, ""19"": 1.0, ""13"": 0.0, ""51"": 0.0, ""24"": 0.0, ""35"": 1.0}}"
175,foolsgold,foolsgold,"[3, 39, 35]","[89, 17, 56, 72, 62, 32, 19]","{""layer_name"": ""linear"", ""weights_by_client"": {""3"": 0.5855971487887992, ""89"": 0.0, ""39"": 1.0, ""17"": 0.0, ""56"": 0.0, ""72"": 0.0, ""35"": 1.0, ""62"": 0.0, ""32"": 0.0, ""19"": 0.0}}"
176,foolsgold,foolsgold,"[2, 8, 99, 43, 18, 74, 78]","[42, 55, 85]","{""layer_name"": ""linear"", ""weights_by_client"": {""2"": 1.0, ""42"": 0.0, ""8"": 0.020151153013409473, ""99"": 0.020151153013409473, ""55"": 0.0, ""43"": 0.2369050264937167, ""18"": 0.7557940298950445, ""74"": 0.2369050264937167, ""85"": 0.0, ""78"": 1.0}}"
177,foolsgold,foolsgold,"[0, 43, 92, 29, 50, 57, 16, 17]","[80, 82]","{""layer_name"": ""linear"", ""weights_by_client"": {""0"": 0.12508010630871275, ""43"": 0.8820767041329378, ""92"": 0.6801410148372002, ""29"": 0.6407983139122528, ""50"": 0.6801410148372002, ""57"": 1.0, ""80"": 0.0, ""82"": 0.0, ""16"": 0.12508010630871275, ""17"": 0.8820767041329378}}"
178,foolsgold,foolsgold,"[0, 58, 96, 80, 62, 71]","[21, 94, 5, 45]","{""layer_name"": ""linear"", ""weights_by_client"": {""0"": 1.0, ""58"": 1.0, ""21"": 0.0, ""96"": 1.0, ""94"": 0.0, ""5"": 0.0, ""80"": 1.0, ""45"": 0.0, ""62"": 1.0, ""71"": 1.0}}"
179,foolsgold,foolsgold,"[4, 2, 41, 90, 69]","[30, 42, 1, 13, 73]","{""layer_name"": ""linear"", ""weights_by_client"": {""4"": 0.3974866954079398, ""2"": 0.20874190246164714, ""30"": 0.0, ""41"": 1.0, ""90"": 1.0, ""42"": 0.0, ""1"": 0.0, ""69"": 1.0, ""13"": 0.0, ""73"": 0.0}}"
180,foolsgold,foolsgold,"[97, 70, 34, 42, 56, 91]","[4, 54, 96, 36]","{""layer_name"": ""linear"", ""weights_by_client"": {""4"": 0.0, ""97"": 1.0, ""54"": 0.0, ""70"": 0.8921815315488622, ""96"": 0.0, ""34"": 0.4358185663632952, ""36"": 0.0, ""42"": 0.4358185663632952, ""56"": 0.7219479945480366, ""91"": 0.8921815315488622}}"
181,foolsgold,foolsgold,"[3, 96, 90, 93, 69, 11, 94, 58, 34, 38]",[],"{""layer_name"": ""linear"", ""weights_by_client"": {""3"": 1.0, ""96"": 1.0, ""90"": 1.0, ""93"": 1.0, ""69"": 1.0, ""11"": 0.011875030025805922, ""94"": 1.0, ""58"": 1.0, ""34"": 0.011875030025805922, ""38"": 1.0}}"
182,foolsgold,foolsgold,"[1, 5, 41, 34, 8, 82, 47, 11, 48, 89]",[],"{""layer_name"": ""linear"", ""weights_by_client"": {""1"": 1.0, ""5"": 0.9720090962472339, ""41"": 1.0, ""34"": 0.003063314186193433, ""8"": 0.018718715403392816, ""82"": 1.0, ""47"": 0.9720090962472339, ""11"": 0.003063314186193433, ""48"": 0.018718715403392816, ""89"": 1.0}}"
183,foolsgold,foolsgold,"[2, 54, 62, 73, 7, 15]","[36, 1, 23, 94]","{""layer_name"": ""linear"", ""weights_by_client"": {""2"": 0.15254397947093118, ""54"": 1.0, ""62"": 1.0, ""36"": 0.0, ""1"": 0.0, ""73"": 1.0, ""23"": 0.0, ""7"": 1.0, ""15"": 0.5904540877670346, ""94"": 0.0}}"
184,foolsgold,foolsgold,"[3, 83, 64, 41, 77, 95, 87, 32, 5, 4]",[],"{""layer_name"": ""linear"", ""weights_by_client"": {""3"": 1.0, ""83"": 1.0, ""64"": 1.0, ""41"": 1.0, ""77"": 0.9512484511396233, ""95"": 1.0, ""87"": 0.9512484511396233, ""32"": 1.0, ""5"": 1.0, ""4"": 1.0}}"
185,foolsgold,foolsgold,"[0, 29, 33, 81, 11, 39, 5, 95]","[45, 69]","{""layer_name"": ""linear"", ""weights_by_client"": {""0"": 0.5657162226410788, ""29"": 0.5657162226410788, ""33"": 1.0, ""81"": 1.0, ""11"": 0.813713247922252, ""39"": 0.813713247922252, ""5"": 0.8874846122427231, ""45"": 0.0, ""95"": 1.0, ""69"": 0.0}}"
186,foolsgold,foolsgold,"[74, 10, 33, 56]","[0, 50, 81, 62, 3, 35]","{""layer_name"": ""linear"", ""weights_by_client"": {""0"": 0.0, ""50"": 0.0, ""81"": 0.0, ""62"": 0.0, ""3"": 0.0, ""74"": 1.0, ""10"": 1.0, ""33"": 1.0, ""35"": 0.0, ""56"": 0.5168013133122359}}"
187,foolsgold,foolsgold,"[40, 67, 33, 7, 6, 38, 5]","[2, 0, 1]","{""layer_name"": ""linear"", ""weights_by_client"": {""2"": 0.0, ""40"": 1.0, ""67"": 0.5440816876376552, ""33"": 0.6726910373535906, ""0"": 0.0, ""7"": 1.0, ""1"": 0.0, ""6"": 0.11509921498258091, ""38"": 0.11509921498258091, ""5"": 1.0}}"
188,foolsgold,foolsgold,"[0, 92, 53, 33, 46, 80, 60, 50]","[38, 68]","{""layer_name"": ""linear"", ""weights_by_client"": {""0"": 1.0, ""38"": 0.0, ""92"": 0.32831505762458274, ""53"": 1.0, ""33"": 0.32831505762458274, ""46"": 1.0, ""80"": 1.0, ""60"": 1.0, ""50"": 0.4688970662723335, ""68"": 0.0}}"
189,foolsgold,foolsgold,"[38, 94, 57, 22, 53]","[1, 69, 45, 47, 3]","{""layer_name"": ""linear"", ""weights_by_client"": {""1"": 0.0, ""38"": 1.0, ""94"": 0.9836521764945201, ""69"": 0.0, ""57"": 1.0, ""45"": 0.0, ""22"": 1.0, ""47"": 0.0, ""53"": 1.0, ""3"": 0.0}}"
190,foolsgold,foolsgold,"[2, 78, 19, 37, 18, 41]","[71, 75, 51, 55]","{""layer_name"": ""linear"", ""weights_by_client"": {""2"": 1.0, ""71"": 0.0, ""75"": 0.0, ""78"": 0.43592818234589026, ""19"": 1.0, ""37"": 0.43592818234589026, ""51"": 0.0, ""55"": 0.0, ""18"": 1.0, ""41"": 1.0}}"
191,foolsgold,foolsgold,"[55, 8, 11, 68, 6, 90, 61, 78]","[3, 25]","{""layer_name"": ""linear"", ""weights_by_client"": {""3"": 0.0, ""55"": 1.0, ""8"": 0.9928051807406255, ""11"": 1.0, ""25"": 0.0, ""68"": 1.0, ""6"": 0.6887535125764347, ""90"": 1.0, ""61"": 0.6887535125764347, ""78"": 1.0}}"
192,foolsgold,foolsgold,"[2, 95, 11, 12, 65, 15, 22, 86, 14, 50]",[],"{""layer_name"": ""linear"", ""weights_by_client"": {""2"": 0.5075097504268857, ""95"": 1.0, ""11"": 1.0, ""12"": 0.19871946124962075, ""65"": 1.0, ""15"": 0.5075097504268857, ""22"": 0.19871946124962075, ""86"": 1.0, ""14"": 1.0, ""50"": 1.0}}"
193,foolsgold,foolsgold,"[2, 23, 88, 48, 8, 72, 87, 16]","[85, 73]","{""layer_name"": ""linear"", ""weights_by_client"": {""2"": 1.0, ""23"": 0.9859830670328635, ""88"": 1.0, ""85"": 0.0, ""48"": 0.03462914044558574, ""8"": 0.03462914044558574, ""72"": 1.0, ""87"": 0.9859830670328635, ""16"": 1.0, ""73"": 0.0}}"
194,foolsgold,foolsgold,"[40, 31, 64]","[2, 78, 3, 14, 44, 57, 10]","{""layer_name"": ""linear"", ""weights_by_client"": {""2"": 0.0, ""78"": 0.0, ""3"": 0.0, ""40"": 1.0, ""31"": 1.0, ""14"": 0.0, ""44"": 0.0, ""57"": 0.0, ""10"": 0.0, ""64"": 1.0}}"
195,foolsgold,foolsgold,"[56, 88, 99, 93]","[2, 10, 81, 36, 62, 85]","{""layer_name"": ""linear"", ""weights_by_client"": {""2"": 0.0, ""10"": 0.0, ""81"": 0.0, ""56"": 0.0651350788616446, ""88"": 1.0, ""36"": 0.0, ""62"": 0.0, ""99"": 0.0651350788616446, ""93"": 1.0, ""85"": 0.0}}"
196,foolsgold,foolsgold,"[99, 13, 81, 90]","[3, 25, 6, 89, 30, 21]","{""layer_name"": ""linear"", ""weights_by_client"": {""3"": 0.0, ""25"": 0.0, ""99"": 1.0, ""13"": 0.8365355798477382, ""81"": 0.8365355798477382, ""6"": 0.0, ""89"": 0.0, ""30"": 0.0, ""21"": 0.0, ""90"": 1.0}}"
197,foolsgold,foolsgold,"[1, 16, 75, 59, 52, 47]","[61, 8, 21, 40]","{""layer_name"": ""linear"", ""weights_by_client"": {""1"": 0.46237398127962387, ""16"": 0.46237398127962387, ""75"": 1.0, ""59"": 1.0, ""52"": 1.0, ""61"": 0.0, ""8"": 0.0, ""21"": 0.0, ""47"": 1.0, ""40"": 0.0}}"
198,foolsgold,foolsgold,[33],"[3, 13, 53, 66, 38, 36, 49, 76, 54]","{""layer_name"": ""linear"", ""weights_by_client"": {""3"": 0.0, ""13"": 0.0, ""53"": 0.0, ""66"": 0.0, ""33"": 1.0, ""38"": 0.0, ""36"": 0.0, ""49"": 0.0, ""76"": 0.0, ""54"": 0.0}}"
199,foolsgold,foolsgold,"[2, 47, 98, 83, 65, 78, 24, 40]","[33, 88]","{""layer_name"": ""linear"", ""weights_by_client"": {""2"": 1.0, ""47"": 1.0, ""98"": 1.0, ""83"": 1.0, ""65"": 1.0, ""78"": 1.0, ""24"": 1.0, ""33"": 0.0, ""88"": 0.0, ""40"": 1.0}}"
200,foolsgold,foolsgold,"[70, 66, 9, 31]","[0, 86, 30, 24, 99, 12]","{""layer_name"": ""linear"", ""weights_by_client"": {""0"": 0.0, ""86"": 0.0, ""70"": 1.0, ""30"": 0.0, ""24"": 0.0, ""66"": 1.0, ""99"": 0.0, ""9"": 1.0, ""12"": 0.0, ""31"": 1.0}}"
201,foolsgold,foolsgold,"[81, 17, 96, 99, 64]","[3, 35, 88, 36, 92]","{""layer_name"": ""linear"", ""weights_by_client"": {""3"": 0.0, ""81"": 0.5595327187917993, ""17"": 0.5595327187917993, ""35"": 0.0, ""96"": 1.0, ""88"": 0.0, ""36"": 0.0, ""99"": 1.0, ""64"": 1.0, ""92"": 0.0}}"
202,foolsgold,foolsgold,"[4, 21, 59, 96, 92, 74]","[91, 75, 42, 12]","{""layer_name"": ""linear"", ""weights_by_client"": {""4"": 0.4267147162236694, ""91"": 0.0, ""21"": 0.541884855634041, ""75"": 0.0, ""59"": 1.0, ""96"": 1.0, ""92"": 0.4267147162236694, ""42"": 0.0, ""74"": 1.0, ""12"": 0.0}}"
203,foolsgold,foolsgold,"[2, 39, 68, 74, 40, 3, 85, 50]","[0, 44]","{""layer_name"": ""linear"", ""weights_by_client"": {""2"": 0.04586434029266123, ""39"": 1.0, ""68"": 1.0, ""74"": 1.0, ""40"": 1.0, ""3"": 0.275723687825352, ""0"": 0.0, ""85"": 1.0, ""50"": 1.0, ""44"": 0.0}}"
204,foolsgold,foolsgold,"[4, 52, 75, 20, 83, 96, 38, 72]","[33, 31]","{""layer_name"": ""linear"", ""weights_by_client"": {""4"": 0.5801944572651729, ""33"": 0.0, ""52"": 0.86682037460751, ""31"": 0.0, ""75"": 1.0, ""20"": 1.0, ""83"": 0.04453551833216174, ""96"": 1.0, ""38"": 0.04453551833216174, ""72"": 1.0}}"
205,foolsgold,foolsgold,"[4, 64, 72, 2, 83, 97, 32, 51]","[62, 86]","{""layer_name"": ""linear"", ""weights_by_client"": {""4"": 0.9571929109191484, ""64"": 1.0, ""72"": 1.0, ""2"": 0.9571929109191484, ""83"": 1.0, ""62"": 0.0, ""97"": 1.0, ""32"": 1.0, ""51"": 1.0, ""86"": 0.0}}"
206,foolsgold,foolsgold,"[3, 54, 33, 74, 61, 58, 68, 6]","[27, 42]","{""layer_name"": ""linear"", ""weights_by_client"": {""3"": 1.0, ""54"": 1.0, ""33"": 1.0, ""74"": 0.870844235493871, ""61"": 0.09567366464795407, ""27"": 0.0, ""58"": 0.30478748025914737, ""68"": 0.30478748025914737, ""6"": 0.09567366464795407, ""42"": 0.0}}"
207,foolsgold,foolsgold,"[15, 69, 59, 16]","[1, 36, 19, 45, 73, 13]","{""layer_name"": ""linear"", ""weights_by_client"": {""1"": 0.0, ""36"": 0.0, ""19"": 0.0, ""45"": 0.0, ""15"": 1.0, ""73"": 0.0, ""13"": 0.0, ""69"": 0.6050882417781918, ""59"": 1.0, ""16"": 1.0}}"
208,foolsgold,foolsgold,"[3, 17, 69, 74, 58, 59]","[40, 57, 56, 55]","{""layer_name"": ""linear"", ""weights_by_client"": {""3"": 1.0, ""17"": 1.0, ""69"": 0.9473862359326616, ""74"": 0.9473862359326616, ""58"": 1.0, ""40"": 0.0, ""57"": 0.0, ""56"": 0.0, ""59"": 1.0, ""55"": 0.0}}"
209,foolsgold,foolsgold,"[97, 8, 76, 16]","[3, 89, 79, 11, 77, 25]","{""layer_name"": ""linear"", ""weights_by_client"": {""3"": 0.0, ""97"": 1.0, ""8"": 0.23154376560113865, ""89"": 0.0, ""79"": 0.0, ""11"": 0.0, ""76"": 0.16624629855024348, ""16"": 1.0, ""77"": 0.0, ""25"": 0.0}}"
210,foolsgold,foolsgold,"[21, 33, 74, 85, 84, 79]","[2, 49, 17, 44]","{""layer_name"": ""linear"", ""weights_by_client"": {""2"": 0.0, ""21"": 0.9891614979811076, ""49"": 0.0, ""33"": 0.7812833830853932, ""17"": 0.0, ""44"": 0.0, ""74"": 1.0, ""85"": 1.0, ""84"": 0.7812833830853932, ""79"": 0.9891614979811076}}"
211,foolsgold,foolsgold,"[1, 15, 58, 56, 75, 2, 68, 54]","[64, 46]","{""layer_name"": ""linear"", ""weights_by_client"": {""1"": 0.9743327225535394, ""15"": 0.5079257399798107, ""58"": 0.4337745478227886, ""56"": 1.0, ""75"": 1.0, ""64"": 0.0, ""2"": 0.5079257399798107, ""68"": 0.4337745478227886, ""46"": 0.0, ""54"": 1.0}}"
212,foolsgold,foolsgold,"[41, 74, 15, 4, 81, 48, 84, 94]","[3, 56]","{""layer_name"": ""linear"", ""weights_by_client"": {""3"": 0.0, ""41"": 1.0, ""74"": 1.0, ""15"": 1.0, ""4"": 0.48255012980735773, ""81"": 1.0, ""48"": 0.5372286793356347, ""84"": 1.0, ""56"": 0.0, ""94"": 1.0}}"
213,foolsgold,foolsgold,"[1, 84, 86, 54, 39]","[94, 76, 63, 6, 85]","{""layer_name"": ""linear"", ""weights_by_client"": {""1"": 1.0, ""94"": 0.0, ""76"": 0.0, ""84"": 1.0, ""86"": 1.0, ""54"": 1.0, ""63"": 0.0, ""6"": 0.0, ""85"": 0.0, ""39"": 0.008005044307767994}}"
214,foolsgold,foolsgold,"[2, 62, 15, 46, 8, 18]","[58, 35, 5, 60]","{""layer_name"": ""linear"", ""weights_by_client"": {""2"": 0.4261347929707259, ""58"": 0.0, ""62"": 1.0, ""15"": 0.4261347929707259, ""35"": 0.0, ""5"": 0.0, ""46"": 0.1596765628996643, ""60"": 0.0, ""8"": 0.8085681491881876, ""18"": 0.1596765628996643}}"
215,foolsgold,foolsgold,"[2, 96, 3, 90, 11, 47, 48, 37, 33, 80]",[],"{""layer_name"": ""linear"", ""weights_by_client"": {""2"": 1.0, ""96"": 1.0, ""3"": 1.0, ""90"": 1.0, ""11"": 1.0, ""47"": 1.0, ""48"": 1.0, ""37"": 0.03690897542904081, ""33"": 1.0, ""80"": 0.03690897542904081}}"
216,foolsgold,foolsgold,"[2, 5, 69, 42, 48]","[82, 80, 89, 59, 17]","{""layer_name"": ""linear"", ""weights_by_client"": {""2"": 1.0, ""5"": 1.0, ""82"": 0.0, ""80"": 0.0, ""89"": 0.0, ""69"": 1.0, ""42"": 1.0, ""59"": 0.0, ""17"": 0.0, ""48"": 1.0}}"
217,foolsgold,foolsgold,"[3, 81, 28, 34, 35, 96, 71, 44]","[63, 46]","{""layer_name"": ""linear"", ""weights_by_client"": {""3"": 0.5577237882530229, ""81"": 0.2807097224710721, ""28"": 1.0, ""63"": 0.0, ""34"": 0.2807097224710721, ""35"": 1.0, ""96"": 1.0, ""71"": 1.0, ""46"": 0.0, ""44"": 0.5577237882530229}}"
218,foolsgold,foolsgold,"[2, 91, 86, 84, 61, 50, 87, 53]","[97, 27]","{""layer_name"": ""linear"", ""weights_by_client"": {""2"": 1.0, ""91"": 1.0, ""86"": 1.0, ""84"": 1.0, ""61"": 0.49566610394637634, ""50"": 0.9800370905844558, ""97"": 0.0, ""87"": 0.49566610394637634, ""53"": 1.0, ""27"": 0.0}}"
219,foolsgold,foolsgold,"[35, 91, 43, 4, 73]","[1, 44, 89, 24, 0]","{""layer_name"": ""linear"", ""weights_by_client"": {""1"": 0.0, ""44"": 0.0, ""89"": 0.0, ""35"": 1.0, ""24"": 0.0, ""0"": 0.0, ""91"": 1.0, ""43"": 1.0, ""4"": 0.4232255665993675, ""73"": 1.0}}"
220,foolsgold,foolsgold,"[2, 28, 1, 88, 58, 17, 68]","[21, 61, 94]","{""layer_name"": ""linear"", ""weights_by_client"": {""2"": 0.7632919833709353, ""28"": 1.0, ""1"": 0.7632919833709353, ""88"": 1.0, ""58"": 0.2970061849444833, ""21"": 0.0, ""61"": 0.0, ""94"": 0.0, ""17"": 0.32512784970672365, ""68"": 0.2970061849444833}}"
221,foolsgold,foolsgold,"[1, 50, 42, 87, 65, 8]","[61, 74, 72, 64]","{""layer_name"": ""linear"", ""weights_by_client"": {""1"": 1.0, ""61"": 0.0, ""50"": 0.6491420686235241, ""74"": 0.0, ""42"": 1.0, ""87"": 0.45708251209620865, ""65"": 0.4742552181381061, ""72"": 0.0, ""64"": 0.0, ""8"": 1.0}}"
222,foolsgold,foolsgold,"[4, 21, 95, 83, 52, 2]","[75, 35, 55, 31]","{""layer_name"": ""linear"", ""weights_by_client"": {""4"": 0.02262023482536568, ""75"": 0.0, ""35"": 0.0, ""21"": 0.04929987803214314, ""95"": 1.0, ""83"": 0.04929987803214314, ""55"": 0.0, ""52"": 1.0, ""2"": 1.0, ""31"": 0.0}}"
223,foolsgold,foolsgold,"[3, 55, 79, 70, 4, 82, 24, 60, 56, 88]",[],"{""layer_name"": ""linear"", ""weights_by_client"": {""3"": 0.23372075456774377, ""55"": 0.6455062161208037, ""79"": 0.3993241080927278, ""70"": 1.0, ""4"": 0.5204164841624567, ""82"": 1.0, ""24"": 0.3993241080927278, ""60"": 1.0, ""56"": 0.23372075456774377, ""88"": 0.5204164841624567}}"
224,foolsgold,foolsgold,"[2, 34, 70, 23, 99]","[83, 77, 37, 26, 89]","{""layer_name"": ""linear"", ""weights_by_client"": {""2"": 1.0, ""34"": 1.0, ""70"": 0.5732635709575502, ""23"": 0.0353997093467141, ""83"": 0.0, ""99"": 1.0, ""77"": 0.0, ""37"": 0.0, ""26"": 0.0, ""89"": 0.0}}"
225,foolsgold,foolsgold,"[2, 62, 78, 51, 14, 29]","[6, 8, 56, 46]","{""layer_name"": ""linear"", ""weights_by_client"": {""2"": 1.0, ""6"": 0.0, ""8"": 0.0, ""62"": 1.0, ""78"": 0.5742829937909212, ""51"": 1.0, ""14"": 1.0, ""56"": 0.0, ""46"": 0.0, ""29"": 0.5742829937909212}}"
226,foolsgold,foolsgold,"[60, 68, 18, 14]","[3, 64, 88, 33, 36, 63]","{""layer_name"": ""linear"", ""weights_by_client"": {""3"": 0.0, ""64"": 0.0, ""60"": 0.4531540539890991, ""88"": 0.0, ""68"": 0.5467627265787234, ""33"": 0.0, ""18"": 0.3269822747758037, ""36"": 0.0, ""63"": 0.0, ""14"": 1.0}}"
227,foolsgold,foolsgold,"[37, 9, 15, 50, 88]","[3, 73, 76, 25, 55]","{""layer_name"": ""linear"", ""weights_by_client"": {""3"": 0.0, ""37"": 1.0, ""73"": 0.0, ""9"": 1.0, ""76"": 0.0, ""15"": 1.0, ""50"": 0.5010347531896461, ""25"": 0.0, ""88"": 0.5010347531896461, ""55"": 0.0}}"
228,foolsgold,foolsgold,"[4, 43, 2, 88, 61, 23, 44, 78, 45, 5]",[],"{""layer_name"": ""linear"", ""weights_by_client"": {""4"": 0.3519770708547115, ""43"": 1.0, ""2"": 0.9034993431409327, ""88"": 1.0, ""61"": 1.0, ""23"": 1.0, ""44"": 0.3519770708547115, ""78"": 1.0, ""45"": 1.0, ""5"": 1.0}}"
229,foolsgold,foolsgold,"[0, 50, 78, 45, 79, 61, 68, 8]","[10, 55]","{""layer_name"": ""linear"", ""weights_by_client"": {""0"": 0.44750301969989326, ""50"": 1.0, ""78"": 0.44750301969989326, ""10"": 0.0, ""45"": 1.0, ""55"": 0.0, ""79"": 0.00452385683623896, ""61"": 0.3996497926720955, ""68"": 0.00452385683623896, ""8"": 0.8304586873231972}}"
230,foolsgold,foolsgold,"[3, 80, 19, 7, 6, 2]","[66, 27, 62, 86]","{""layer_name"": ""linear"", ""weights_by_client"": {""3"": 1.0, ""80"": 1.0, ""66"": 0.0, ""19"": 1.0, ""27"": 0.0, ""7"": 1.0, ""62"": 0.0, ""86"": 0.0, ""6"": 1.0, ""2"": 1.0}}"
231,foolsgold,foolsgold,"[4, 28, 96, 40, 75, 2]","[9, 26, 97, 95]","{""layer_name"": ""linear"", ""weights_by_client"": {""4"": 1.0, ""9"": 0.0, ""26"": 0.0, ""28"": 1.0, ""97"": 0.0, ""96"": 1.0, ""40"": 1.0, ""95"": 0.0, ""75"": 1.0, ""2"": 1.0}}"
232,foolsgold,foolsgold,"[27, 99, 62, 39, 23, 56, 74, 92]","[1, 30]","{""layer_name"": ""linear"", ""weights_by_client"": {""1"": 0.0, ""27"": 1.0, ""99"": 0.16640280024523607, ""62"": 1.0, ""39"": 1.0, ""30"": 0.0, ""23"": 1.0, ""56"": 0.16640280024523607, ""74"": 1.0, ""92"": 1.0}}"
233,foolsgold,foolsgold,"[12, 90]","[1, 98, 36, 80, 37, 13, 71, 0]","{""layer_name"": ""linear"", ""weights_by_client"": {""1"": 0.0, ""98"": 0.0, ""36"": 0.0, ""80"": 0.0, ""37"": 0.0, ""13"": 0.0, ""71"": 0.0, ""0"": 0.0, ""12"": 1.0, ""90"": 1.0}}"
234,foolsgold,foolsgold,"[3, 87, 74, 82, 16]","[46, 79, 83, 89, 23]","{""layer_name"": ""linear"", ""weights_by_client"": {""3"": 1.0, ""87"": 0.9895338352093265, ""74"": 1.0, ""82"": 1.0, ""46"": 0.0, ""79"": 0.0, ""16"": 1.0, ""83"": 0.0, ""89"": 0.0, ""23"": 0.0}}"
235,foolsgold,foolsgold,"[4, 39, 54, 34, 6, 9, 14, 70]","[32, 20]","{""layer_name"": ""linear"", ""weights_by_client"": {""4"": 1.0, ""39"": 1.0, ""54"": 1.0, ""34"": 0.6650349446772043, ""6"": 1.0, ""32"": 0.0, ""9"": 1.0, ""14"": 0.6650349446772043, ""70"": 1.0, ""20"": 0.0}}"
236,foolsgold,foolsgold,"[4, 60, 77, 34, 56, 46, 45, 11]","[13, 76]","{""layer_name"": ""linear"", ""weights_by_client"": {""4"": 1.0, ""60"": 1.0, ""77"": 0.5962691087606128, ""13"": 0.0, ""34"": 0.16921357750030874, ""56"": 1.0, ""46"": 0.5962691087606128, ""76"": 0.0, ""45"": 1.0, ""11"": 0.16921357750030874}}"
237,foolsgold,foolsgold,"[4, 73, 96, 78, 50]","[1, 25, 30, 8, 48]","{""layer_name"": ""linear"", ""weights_by_client"": {""1"": 0.0, ""4"": 0.4328770265692053, ""25"": 0.0, ""30"": 0.0, ""73"": 1.0, ""96"": 1.0, ""8"": 0.0, ""48"": 0.0, ""78"": 0.04579774410149329, ""50"": 0.7161765022091806}}"
238,foolsgold,foolsgold,"[56, 83, 75, 38]","[3, 88, 33, 20, 28, 74]","{""layer_name"": ""linear"", ""weights_by_client"": {""3"": 0.0, ""88"": 0.0, ""56"": 0.07961304883294884, ""83"": 0.11806023401841309, ""75"": 1.0, ""33"": 0.0, ""20"": 0.0, ""28"": 0.0, ""74"": 0.0, ""38"": 0.11806023401841309}}"
239,foolsgold,foolsgold,"[1, 72, 27, 93, 62, 96, 37]","[87, 46, 21]","{""layer_name"": ""linear"", ""weights_by_client"": {""1"": 0.6583811792708634, ""72"": 1.0, ""87"": 0.0, ""27"": 1.0, ""93"": 1.0, ""62"": 1.0, ""46"": 0.0, ""96"": 1.0, ""37"": 0.4549329134081459, ""21"": 0.0}}"
240,foolsgold,foolsgold,"[65, 39, 50, 61, 93, 62]","[4, 32, 31, 40]","{""layer_name"": ""linear"", ""weights_by_client"": {""4"": 0.0, ""65"": 0.5168842285570683, ""39"": 0.5168842285570683, ""50"": 0.670187167684275, ""32"": 0.0, ""61"": 1.0, ""93"": 1.0, ""62"": 1.0, ""31"": 0.0, ""40"": 0.0}}"
241,foolsgold,foolsgold,"[4, 81, 42, 7, 95, 32, 1, 58]","[94, 23]","{""layer_name"": ""linear"", ""weights_by_client"": {""4"": 0.29238661895916085, ""81"": 1.0, ""42"": 1.0, ""7"": 1.0, ""95"": 1.0, ""32"": 1.0, ""1"": 0.29238661895916085, ""94"": 0.0, ""23"": 0.0, ""58"": 1.0}}"
242,foolsgold,foolsgold,"[3, 88, 11, 59, 74, 52]","[18, 27, 10, 21]","{""layer_name"": ""linear"", ""weights_by_client"": {""3"": 0.5811199855523627, ""18"": 0.0, ""88"": 1.0, ""11"": 0.5796851849702257, ""59"": 1.0, ""74"": 1.0, ""27"": 0.0, ""10"": 0.0, ""52"": 1.0, ""21"": 0.0}}"
243,foolsgold,foolsgold,"[2, 43, 21, 78]","[6, 46, 26, 55, 57, 80]","{""layer_name"": ""linear"", ""weights_by_client"": {""2"": 1.0, ""6"": 0.0, ""43"": 1.0, ""46"": 0.0, ""26"": 0.0, ""21"": 0.0869252250387143, ""55"": 0.0, ""57"": 0.0, ""80"": 0.0, ""78"": 1.0}}"
244,foolsgold,foolsgold,"[84, 82, 87, 90, 66, 89]","[1, 36, 40, 32]","{""layer_name"": ""linear"", ""weights_by_client"": {""1"": 0.0, ""36"": 0.0, ""84"": 0.6807742337056605, ""82"": 1.0, ""40"": 0.0, ""87"": 1.0, ""90"": 0.2646848207281647, ""66"": 0.6807742337056605, ""32"": 0.0, ""89"": 0.2646848207281647}}"
245,foolsgold,foolsgold,"[3, 51, 92, 63]","[19, 72, 60, 98, 91, 76]","{""layer_name"": ""linear"", ""weights_by_client"": {""3"": 0.8002446587517801, ""19"": 0.0, ""51"": 0.43962623851874055, ""72"": 0.0, ""92"": 1.0, ""60"": 0.0, ""98"": 0.0, ""91"": 0.0, ""63"": 0.8002446587517801, ""76"": 0.0}}"
246,foolsgold,foolsgold,"[1, 94, 86, 68, 35, 77, 11, 22]","[66, 73]","{""layer_name"": ""linear"", ""weights_by_client"": {""1"": 1.0, ""94"": 0.20424663618016653, ""66"": 0.0, ""86"": 0.5569202875703846, ""68"": 0.5569202875703846, ""73"": 0.0, ""35"": 1.0, ""77"": 0.20424663618016653, ""11"": 0.5887098558903605, ""22"": 1.0}}"
247,foolsgold,foolsgold,"[4, 56, 57, 22, 65, 62, 33, 69]","[63, 64]","{""layer_name"": ""linear"", ""weights_by_client"": {""4"": 0.8673243806216788, ""56"": 1.0, ""57"": 1.0, ""22"": 1.0, ""65"": 0.6198626075221636, ""63"": 0.0, ""62"": 1.0, ""33"": 0.8673243806216788, ""64"": 0.0, ""69"": 1.0}}"
248,foolsgold,foolsgold,"[3, 79, 11, 7, 38, 2, 57, 49, 91, 22]",[],"{""layer_name"": ""linear"", ""weights_by_client"": {""3"": 1.0, ""79"": 0.2550724445663777, ""11"": 0.2550724445663777, ""7"": 1.0, ""38"": 0.007437208551339891, ""2"": 1.0, ""57"": 1.0, ""49"": 0.007437208551339891, ""91"": 1.0, ""22"": 1.0}}"
249,foolsgold,foolsgold,"[4, 13, 29]","[49, 80, 41, 24, 96, 37, 63]","{""layer_name"": ""linear"", ""weights_by_client"": {""4"": 1.0, ""49"": 0.0, ""80"": 0.0, ""41"": 0.0, ""24"": 0.0, ""96"": 0.0, ""37"": 0.0, ""13"": 1.0, ""63"": 0.0, ""29"": 0.8625417832286784}}"
250,foolsgold,foolsgold,"[86, 7, 19, 37, 91]","[0, 66, 3, 34, 10]","{""layer_name"": ""linear"", ""weights_by_client"": {""0"": 0.0, ""86"": 0.8037808053003157, ""66"": 0.0, ""7"": 1.0, ""19"": 1.0, ""3"": 0.0, ""37"": 1.0, ""34"": 0.0, ""10"": 0.0, ""91"": 1.0}}"
251,foolsgold,foolsgold,"[59, 14, 73, 9, 18, 77, 32, 89]","[0, 36]","{""layer_name"": ""linear"", ""weights_by_client"": {""0"": 0.0, ""59"": 1.0, ""14"": 1.0, ""73"": 1.0, ""9"": 1.0, ""18"": 1.0, ""77"": 1.0, ""36"": 0.0, ""32"": 1.0, ""89"": 1.0}}"
252,foolsgold,foolsgold,"[1, 59, 8, 47, 68]","[24, 55, 57, 13, 38]","{""layer_name"": ""linear"", ""weights_by_client"": {""1"": 1.0, ""59"": 1.0, ""8"": 1.0, ""24"": 0.0, ""55"": 0.0, ""47"": 1.0, ""57"": 0.0, ""68"": 0.5335562147175879, ""13"": 0.0, ""38"": 0.0}}"
253,foolsgold,foolsgold,"[4, 46, 41, 11, 48]","[51, 29, 3, 75, 27]","{""layer_name"": ""linear"", ""weights_by_client"": {""4"": 1.0, ""51"": 0.0, ""29"": 0.0, ""46"": 1.0, ""41"": 1.0, ""3"": 0.0, ""11"": 1.0, ""75"": 0.0, ""27"": 0.0, ""48"": 1.0}}"
254,foolsgold,foolsgold,"[1, 9, 11, 4, 15, 93, 39]","[85, 42, 66]","{""layer_name"": ""linear"", ""weights_by_client"": {""1"": 0.779727550975974, ""9"": 0.20968848170011906, ""85"": 0.0, ""11"": 1.0, ""4"": 0.779727550975974, ""15"": 1.0, ""93"": 0.20968848170011906, ""42"": 0.0, ""66"": 0.0, ""39"": 1.0}}"
255,foolsgold,foolsgold,"[2, 51, 57, 29, 12, 62, 8, 93]","[89, 6]","{""layer_name"": ""linear"", ""weights_by_client"": {""2"": 1.0, ""51"": 0.8770333703119941, ""57"": 0.8770333703119941, ""29"": 1.0, ""12"": 1.0, ""62"": 1.0, ""8"": 1.0, ""89"": 0.0, ""6"": 0.0, ""93"": 1.0}}"
256,foolsgold,foolsgold,"[86, 89, 73, 58, 47]","[0, 60, 36, 25, 12]","{""layer_name"": ""linear"", ""weights_by_client"": {""0"": 0.0, ""86"": 1.0, ""89"": 1.0, ""60"": 0.0, ""36"": 0.0, ""73"": 1.0, ""25"": 0.0, ""12"": 0.0, ""58"": 0.3383598942694185, ""47"": 1.0}}"
257,foolsgold,foolsgold,"[3, 4, 64, 24, 91, 90]","[30, 0, 14, 57]","{""layer_name"": ""linear"", ""weights_by_client"": {""3"": 1.0, ""4"": 1.0, ""64"": 1.0, ""30"": 0.0, ""0"": 0.0, ""24"": 1.0, ""14"": 0.0, ""91"": 1.0, ""90"": 1.0, ""57"": 0.0}}"
258,foolsgold,foolsgold,"[1, 28, 31, 62, 85, 11]","[59, 77, 82, 6]","{""layer_name"": ""linear"", ""weights_by_client"": {""1"": 1.0, ""59"": 0.0, ""28"": 1.0, ""31"": 1.0, ""77"": 0.0, ""62"": 1.0, ""82"": 0.0, ""85"": 1.0, ""6"": 0.0, ""11"": 1.0}}"
259,foolsgold,foolsgold,"[0, 38, 22, 53, 21]","[13, 85, 73, 10, 71]","{""layer_name"": ""linear"", ""weights_by_client"": {""0"": 1.0, ""13"": 0.0, ""85"": 0.0, ""38"": 1.0, ""73"": 0.0, ""22"": 1.0, ""53"": 1.0, ""21"": 1.0, ""10"": 0.0, ""71"": 0.0}}"
260,foolsgold,foolsgold,"[4, 93, 54]","[21, 87, 34, 1, 0, 10, 27]","{""layer_name"": ""linear"", ""weights_by_client"": {""4"": 0.7001000285559308, ""21"": 0.0, ""93"": 1.0, ""87"": 0.0, ""34"": 0.0, ""1"": 0.0, ""0"": 0.0, ""54"": 1.0, ""10"": 0.0, ""27"": 0.0}}"
261,foolsgold,foolsgold,"[4, 43, 35, 89, 76, 55, 7, 22]","[49, 52]","{""layer_name"": ""linear"", ""weights_by_client"": {""4"": 1.0, ""49"": 0.0, ""43"": 1.0, ""35"": 1.0, ""89"": 1.0, ""76"": 0.353026064104217, ""55"": 0.353026064104217, ""52"": 0.0, ""7"": 1.0, ""22"": 1.0}}"
262,foolsgold,foolsgold,"[2, 11, 35, 32, 70, 93, 6, 61]","[44, 36]","{""layer_name"": ""linear"", ""weights_by_client"": {""2"": 0.7846082978423523, ""11"": 1.0, ""35"": 0.45840842901571116, ""32"": 1.0, ""44"": 0.0, ""70"": 1.0, ""93"": 1.0, ""6"": 0.13411847947094285, ""36"": 0.0, ""61"": 0.13411847947094285}}"
263,foolsgold,foolsgold,"[9, 72, 92, 4, 5, 39, 7, 11]","[0, 44]","{""layer_name"": ""linear"", ""weights_by_client"": {""0"": 0.0, ""9"": 1.0, ""72"": 1.0, ""92"": 0.42219983338839817, ""4"": 0.2561623892178872, ""5"": 0.7123196338958462, ""39"": 0.7034908689886431, ""44"": 0.0, ""7"": 1.0, ""11"": 0.7034908689886431}}"
264,foolsgold,foolsgold,"[2, 96, 32, 9, 91, 15, 74, 42, 79, 81]",[],"{""layer_name"": ""linear"", ""weights_by_client"": {""2"": 0.5716907640078832, ""96"": 1.0, ""32"": 0.6932616623195322, ""9"": 1.0, ""91"": 0.6932616623195322, ""15"": 0.5716907640078832, ""74"": 0.9170566581723554, ""42"": 1.0, ""79"": 1.0, ""81"": 1.0}}"
265,foolsgold,foolsgold,"[62, 52, 77, 90, 97]","[3, 8, 20, 25, 36]","{""layer_name"": ""linear"", ""weights_by_client"": {""3"": 0.0, ""8"": 0.0, ""20"": 0.0, ""62"": 0.1605693203363714, ""52"": 0.1605693203363714, ""77"": 0.39984116826305255, ""25"": 0.0, ""90"": 0.3539588956653509, ""36"": 0.0, ""97"": 1.0}}"
266,foolsgold,foolsgold,"[63, 56, 54, 7, 42, 33, 65, 43]","[3, 78]","{""layer_name"": ""linear"", ""weights_by_client"": {""3"": 0.0, ""63"": 0.15679373987900685, ""78"": 0.0, ""56"": 0.24593409216273132, ""54"": 0.9184650067055258, ""7"": 0.8398453838909316, ""42"": 1.0, ""33"": 1.0, ""65"": 0.15679373987900685, ""43"": 1.0}}"
267,foolsgold,foolsgold,"[41, 61, 45, 1, 35, 22, 23, 40]","[3, 20]","{""layer_name"": ""linear"", ""weights_by_client"": {""3"": 0.0, ""20"": 0.0, ""41"": 1.0, ""61"": 0.3083259842204862, ""45"": 1.0, ""1"": 0.21478384569766068, ""35"": 0.3083259842204862, ""22"": 1.0, ""23"": 1.0, ""40"": 0.8098350560786746}}"
268,foolsgold,foolsgold,"[3, 34, 97, 8, 50, 76, 85, 96, 89, 65]",[],"{""layer_name"": ""linear"", ""weights_by_client"": {""3"": 0.29485342189079417, ""34"": 1.0, ""97"": 1.0, ""8"": 0.29485342189079417, ""50"": 1.0, ""76"": 0.18032414462974106, ""85"": 0.18032414462974106, ""96"": 1.0, ""89"": 0.7728707986699934, ""65"": 0.7728707986699934}}"
269,foolsgold,foolsgold,"[3, 97, 15, 44, 34, 95]","[94, 98, 63, 14]","{""layer_name"": ""linear"", ""weights_by_client"": {""3"": 1.0, ""97"": 0.6066968225051858, ""15"": 0.009471881263737603, ""94"": 0.0, ""98"": 0.0, ""63"": 0.0, ""44"": 0.009471881263737603, ""34"": 0.8005289231562162, ""14"": 0.0, ""95"": 1.0}}"
270,foolsgold,foolsgold,"[4, 15, 39, 72, 49, 8]","[21, 64, 14, 13]","{""layer_name"": ""linear"", ""weights_by_client"": {""4"": 1.0, ""21"": 0.0, ""64"": 0.0, ""14"": 0.0, ""15"": 0.7375420823493892, ""39"": 1.0, ""72"": 1.0, ""13"": 0.0, ""49"": 1.0, ""8"": 0.7375420823493892}}"
271,foolsgold,foolsgold,"[2, 72, 3, 86, 43]","[10, 73, 64, 46, 63]","{""layer_name"": ""linear"", ""weights_by_client"": {""2"": 1.0, ""72"": 1.0, ""3"": 1.0, ""10"": 0.0, ""73"": 0.0, ""64"": 0.0, ""86"": 1.0, ""43"": 1.0, ""46"": 0.0, ""63"": 0.0}}"
272,foolsgold,foolsgold,"[0, 72, 22, 95]","[52, 63, 71, 49, 42, 6]","{""layer_name"": ""linear"", ""weights_by_client"": {""0"": 1.0, ""72"": 1.0, ""22"": 1.0, ""52"": 0.0, ""63"": 0.0, ""95"": 1.0, ""71"": 0.0, ""49"": 0.0, ""42"": 0.0, ""6"": 0.0}}"
273,foolsgold,foolsgold,"[35, 94, 38, 39, 96, 80]","[2, 12, 36, 18]","{""layer_name"": ""linear"", ""weights_by_client"": {""2"": 0.0, ""35"": 1.0, ""94"": 0.5735020959095863, ""38"": 1.0, ""12"": 0.0, ""39"": 0.13157416264820182, ""36"": 0.0, ""96"": 0.13157416264820182, ""18"": 0.0, ""80"": 1.0}}"
274,foolsgold,foolsgold,"[2, 99, 96, 52, 64, 81, 3, 68]","[19, 69]","{""layer_name"": ""linear"", ""weights_by_client"": {""2"": 1.0, ""99"": 1.0, ""19"": 0.0, ""96"": 1.0, ""52"": 1.0, ""64"": 1.0, ""81"": 0.803499433969578, ""3"": 1.0, ""68"": 0.803499433969578, ""69"": 0.0}}"
275,foolsgold,foolsgold,"[45, 6, 9, 16, 57, 86]","[0, 90, 43, 30]","{""layer_name"": ""linear"", ""weights_by_client"": {""0"": 0.0, ""90"": 0.0, ""45"": 1.0, ""6"": 1.0, ""9"": 1.0, ""43"": 0.0, ""16"": 0.6034954930476455, ""30"": 0.0, ""57"": 1.0, ""86"": 1.0}}"
276,foolsgold,foolsgold,"[4, 99, 23, 33, 80]","[85, 54, 53, 66, 57]","{""layer_name"": ""linear"", ""weights_by_client"": {""4"": 0.7815120988735931, ""85"": 0.0, ""54"": 0.0, ""99"": 1.0, ""23"": 1.0, ""53"": 0.0, ""66"": 0.0, ""33"": 0.7815120988735931, ""80"": 1.0, ""57"": 0.0}}"
277,foolsgold,foolsgold,"[0, 19, 33, 73]","[38, 9, 53, 93, 86, 65]","{""layer_name"": ""linear"", ""weights_by_client"": {""0"": 1.0, ""38"": 0.0, ""19"": 1.0, ""33"": 1.0, ""9"": 0.0, ""53"": 0.0, ""93"": 0.0, ""73"": 1.0, ""86"": 0.0, ""65"": 0.0}}"
278,foolsgold,foolsgold,"[38, 20, 49, 69, 11, 84]","[0, 1, 57, 85]","{""layer_name"": ""linear"", ""weights_by_client"": {""0"": 0.0, ""38"": 0.00773851961035793, ""20"": 1.0, ""1"": 0.0, ""57"": 0.0, ""49"": 0.00773851961035793, ""85"": 0.0, ""69"": 1.0, ""11"": 0.5210838968189014, ""84"": 0.5210838968189014}}"
279,foolsgold,foolsgold,"[0, 6, 69, 10, 29, 47, 74, 61]","[55, 34]","{""layer_name"": ""linear"", ""weights_by_client"": {""0"": 1.0, ""6"": 1.0, ""55"": 0.0, ""69"": 1.0, ""10"": 0.5739302320221218, ""34"": 0.0, ""29"": 1.0, ""47"": 1.0, ""74"": 1.0, ""61"": 1.0}}"
280,foolsgold,foolsgold,"[1, 86, 29, 77, 96, 84, 60, 51, 53, 95]",[],"{""layer_name"": ""linear"", ""weights_by_client"": {""1"": 0.4483323822944268, ""86"": 1.0, ""29"": 0.13878951446989418, ""77"": 1.0, ""96"": 0.3073388929171802, ""84"": 1.0, ""60"": 1.0, ""51"": 1.0, ""53"": 0.13878951446989418, ""95"": 0.3541884816908776}}"
281,foolsgold,foolsgold,"[0, 7, 41, 16, 59, 11, 42, 5]","[88, 33]","{""layer_name"": ""linear"", ""weights_by_client"": {""0"": 0.004544578996434845, ""88"": 0.0, ""7"": 1.0, ""41"": 1.0, ""33"": 0.0, ""16"": 0.004544578996434845, ""59"": 1.0, ""11"": 0.8629995949558822, ""42"": 0.8629995949558822, ""5"": 1.0}}"
282,foolsgold,foolsgold,"[64, 56, 11, 89, 45, 15]","[0, 2, 59, 97]","{""layer_name"": ""linear"", ""weights_by_client"": {""0"": 0.0, ""64"": 0.03279079259800377, ""56"": 0.7593970635127836, ""2"": 0.0, ""11"": 1.0, ""89"": 0.03279079259800377, ""59"": 0.0, ""45"": 1.0, ""97"": 0.0, ""15"": 0.008957257012748188}}"
283,foolsgold,foolsgold,"[4, 0, 58, 71, 33, 23, 65, 48]","[61, 37]","{""layer_name"": ""linear"", ""weights_by_client"": {""4"": 0.2556677268978921, ""0"": 0.2556677268978921, ""58"": 0.20877400550972158, ""61"": 0.0, ""71"": 1.0, ""33"": 1.0, ""23"": 0.5845484432593612, ""65"": 0.5845484432593612, ""37"": 0.0, ""48"": 0.20877400550972158}}"
284,foolsgold,foolsgold,"[2, 59, 56, 68]","[14, 81, 55, 62, 6, 63]","{""layer_name"": ""linear"", ""weights_by_client"": {""2"": 1.0, ""59"": 1.0, ""56"": 1.0, ""14"": 0.0, ""68"": 0.578254330263498, ""81"": 0.0, ""55"": 0.0, ""62"": 0.0, ""6"": 0.0, ""63"": 0.0}}"
285,foolsgold,foolsgold,"[1, 89, 12, 78, 93, 21, 23, 30]","[71, 98]","{""layer_name"": ""linear"", ""weights_by_client"": {""1"": 0.0029698773169727355, ""89"": 0.5741169016590391, ""12"": 1.0, ""78"": 0.747619175401405, ""93"": 1.0, ""21"": 0.3324093216471856, ""23"": 0.3324093216471856, ""71"": 0.0, ""98"": 0.0, ""30"": 0.0029698773169727355}}"
286,foolsgold,foolsgold,"[2, 76, 16, 34, 27, 1, 82, 20, 15, 47]",[],"{""layer_name"": ""linear"", ""weights_by_client"": {""2"": 0.6747977964375561, ""76"": 0.2792411537327161, ""16"": 0.6690285659676383, ""34"": 0.2792411537327161, ""27"": 0.6499603447078418, ""1"": 0.6690285659676383, ""82"": 1.0, ""20"": 0.7413532914829408, ""15"": 0.6747977964375561, ""47"": 1.0}}"
287,foolsgold,foolsgold,"[1, 58, 96, 47, 69, 29]","[23, 80, 63, 26]","{""layer_name"": ""linear"", ""weights_by_client"": {""1"": 0.5934518814849132, ""58"": 1.0, ""23"": 0.0, ""96"": 1.0, ""47"": 1.0, ""80"": 0.0, ""63"": 0.0, ""69"": 1.0, ""29"": 0.5934518814849132, ""26"": 0.0}}"
288,foolsgold,foolsgold,"[60, 89, 7, 68, 87, 74, 14, 22]","[3, 36]","{""layer_name"": ""linear"", ""weights_by_client"": {""3"": 0.0, ""60"": 0.02483778292337907, ""36"": 0.0, ""89"": 0.3072606698663586, ""7"": 1.0, ""68"": 0.3072606698663586, ""87"": 0.6482874199689592, ""74"": 0.6482874199689592, ""14"": 1.0, ""22"": 0.02483778292337907}}"
289,foolsgold,foolsgold,"[0, 45, 35, 37, 89, 81]","[76, 75, 60, 99]","{""layer_name"": ""linear"", ""weights_by_client"": {""0"": 1.0, ""45"": 1.0, ""76"": 0.0, ""75"": 0.0, ""35"": 1.0, ""37"": 1.0, ""89"": 1.0, ""60"": 0.0, ""81"": 1.0, ""99"": 0.0}}"
290,foolsgold,foolsgold,"[3, 76, 95, 69, 70, 4, 23, 86]","[12, 22]","{""layer_name"": ""linear"", ""weights_by_client"": {""3"": 0.6299519699758152, ""76"": 1.0, ""95"": 1.0, ""69"": 0.29904957130917487, ""70"": 0.29904957130917487, ""4"": 0.6299519699758152, ""12"": 0.0, ""23"": 0.758113896179663, ""86"": 1.0, ""22"": 0.0}}"
291,foolsgold,foolsgold,"[2, 97, 52, 17, 8, 13]","[69, 28, 54, 96]","{""layer_name"": ""linear"", ""weights_by_client"": {""2"": 1.0, ""97"": 1.0, ""52"": 0.40563364214414577, ""17"": 0.40563364214414577, ""8"": 1.0, ""69"": 0.0, ""28"": 0.0, ""54"": 0.0, ""13"": 1.0, ""96"": 0.0}}"
292,foolsgold,foolsgold,"[72, 85, 9, 52]","[0, 70, 5, 20, 46, 63]","{""layer_name"": ""linear"", ""weights_by_client"": {""0"": 0.0, ""72"": 0.512514005183195, ""70"": 0.0, ""5"": 0.0, ""20"": 0.0, ""46"": 0.0, ""63"": 0.0, ""85"": 1.0, ""9"": 1.0, ""52"": 1.0}}"
293,foolsgold,foolsgold,"[1, 95, 51, 59, 8, 29]","[92, 7, 84, 31]","{""layer_name"": ""linear"", ""weights_by_client"": {""1"": 0.25098616533063256, ""92"": 0.0, ""7"": 0.0, ""95"": 0.8915938426602905, ""84"": 0.0, ""51"": 1.0, ""31"": 0.0, ""59"": 0.7093716089489371, ""8"": 1.0, ""29"": 0.25098616533063256}}"
294,foolsgold,foolsgold,"[2, 80, 46, 41, 51, 49]","[44, 14, 16, 57]","{""layer_name"": ""linear"", ""weights_by_client"": {""2"": 0.5372257873455231, ""44"": 0.0, ""80"": 1.0, ""46"": 1.0, ""14"": 0.0, ""41"": 1.0, ""16"": 0.0, ""51"": 1.0, ""57"": 0.0, ""49"": 1.0}}"
295,foolsgold,foolsgold,"[0, 91, 53, 52, 51]","[56, 20, 74, 45, 70]","{""layer_name"": ""linear"", ""weights_by_client"": {""0"": 0.6833637568662781, ""56"": 0.0, ""91"": 1.0, ""53"": 1.0, ""20"": 0.0, ""74"": 0.0, ""52"": 1.0, ""45"": 0.0, ""70"": 0.0, ""51"": 1.0}}"
296,foolsgold,foolsgold,"[50, 7, 47, 32, 66, 63]","[1, 17, 49, 25]","{""layer_name"": ""linear"", ""weights_by_client"": {""1"": 0.0, ""50"": 1.0, ""7"": 1.0, ""17"": 0.0, ""47"": 1.0, ""32"": 1.0, ""49"": 0.0, ""66"": 1.0, ""63"": 1.0, ""25"": 0.0}}"
297,foolsgold,foolsgold,"[8, 80, 19, 47]","[1, 23, 42, 36, 6, 71]","{""layer_name"": ""linear"", ""weights_by_client"": {""1"": 0.0, ""8"": 1.0, ""80"": 1.0, ""19"": 1.0, ""23"": 0.0, ""42"": 0.0, ""36"": 0.0, ""47"": 1.0, ""6"": 0.0, ""71"": 0.0}}"
298,foolsgold,foolsgold,"[0, 79, 3, 84]","[50, 35, 57, 72, 60, 27]","{""layer_name"": ""linear"", ""weights_by_client"": {""0"": 0.24644793818198624, ""50"": 0.0, ""79"": 1.0, ""35"": 0.0, ""3"": 0.24644793818198624, ""57"": 0.0, ""72"": 0.0, ""60"": 0.0, ""27"": 0.0, ""84"": 1.0}}"
299,foolsgold,foolsgold,"[64, 13, 69, 8]","[4, 26, 82, 37, 16, 97]","{""layer_name"": ""linear"", ""weights_by_client"": {""4"": 0.0, ""64"": 1.0, ""13"": 1.0, ""69"": 1.0, ""26"": 0.0, ""82"": 0.0, ""37"": 0.0, ""16"": 0.0, ""97"": 0.0, ""8"": 1.0}}"
300,foolsgold,foolsgold,"[82, 56, 50, 70, 38, 37]","[0, 1, 42, 66]","{""layer_name"": ""linear"", ""weights_by_client"": {""0"": 0.0, ""82"": 1.0, ""1"": 0.0, ""56"": 1.0, ""50"": 1.0, ""42"": 0.0, ""70"": 1.0, ""38"": 1.0, ""66"": 0.0, ""37"": 1.0}}"
301,foolsgold,foolsgold,"[92, 97, 73, 4]","[1, 30, 0, 36, 56, 8]","{""layer_name"": ""linear"", ""weights_by_client"": {""1"": 0.0, ""92"": 0.6162761390065942, ""97"": 1.0, ""73"": 1.0, ""30"": 0.0, ""4"": 0.6162761390065942, ""0"": 0.0, ""36"": 0.0, ""56"": 0.0, ""8"": 0.0}}"
302,foolsgold,foolsgold,"[90, 84, 92, 91, 69, 78]","[1, 41, 54, 0]","{""layer_name"": ""linear"", ""weights_by_client"": {""1"": 0.0, ""90"": 1.0, ""41"": 0.0, ""84"": 1.0, ""92"": 1.0, ""54"": 0.0, ""0"": 0.0, ""91"": 1.0, ""69"": 1.0, ""78"": 0.333005775200573}}"
303,foolsgold,foolsgold,"[73, 88, 61, 80]","[3, 5, 50, 36, 32, 48]","{""layer_name"": ""linear"", ""weights_by_client"": {""3"": 0.0, ""5"": 0.0, ""50"": 0.0, ""36"": 0.0, ""73"": 1.0, ""88"": 0.31336590437793377, ""32"": 0.0, ""61"": 1.0, ""48"": 0.0, ""80"": 1.0}}"
304,foolsgold,foolsgold,"[0, 37, 79, 7, 82, 71]","[60, 41, 96, 32]","{""layer_name"": ""linear"", ""weights_by_client"": {""0"": 1.0, ""37"": 0.7688597068840363, ""60"": 0.0, ""79"": 1.0, ""7"": 1.0, ""82"": 0.7688597068840363, ""41"": 0.0, ""96"": 0.0, ""71"": 1.0, ""32"": 0.0}}"
305,foolsgold,foolsgold,"[34, 61, 17, 63, 84, 68, 74, 4]","[0, 2]","{""layer_name"": ""linear"", ""weights_by_client"": {""0"": 0.0, ""34"": 0.7456708259825517, ""61"": 0.3037947256005756, ""2"": 0.0, ""17"": 0.2933215981345404, ""63"": 0.3037947256005756, ""84"": 1.0, ""68"": 0.2933215981345404, ""74"": 1.0, ""4"": 0.7836911153715893}}"
306,foolsgold,foolsgold,"[59, 15, 88]","[1, 55, 34, 48, 25, 0, 99]","{""layer_name"": ""linear"", ""weights_by_client"": {""1"": 0.0, ""59"": 1.0, ""55"": 0.0, ""34"": 0.0, ""48"": 0.0, ""15"": 0.26041223973122457, ""25"": 0.0, ""0"": 0.0, ""88"": 1.0, ""99"": 0.0}}"
307,foolsgold,foolsgold,"[0, 42, 81, 7, 16, 80, 70, 63, 43, 39]",[],"{""layer_name"": ""linear"", ""weights_by_client"": {""0"": 0.5752547658083976, ""42"": 1.0, ""81"": 1.0, ""7"": 1.0, ""16"": 0.5752547658083976, ""80"": 1.0, ""70"": 1.0, ""63"": 1.0, ""43"": 1.0, ""39"": 1.0}}"
308,foolsgold,foolsgold,"[3, 70, 0, 24, 40, 4]","[27, 66, 37, 63]","{""layer_name"": ""linear"", ""weights_by_client"": {""3"": 0.10311828151644836, ""27"": 0.0, ""70"": 1.0, ""66"": 0.0, ""0"": 0.10311828151644836, ""37"": 0.0, ""24"": 1.0, ""63"": 0.0, ""40"": 0.9581689746997322, ""4"": 0.5988025809968782}}"
309,foolsgold,foolsgold,"[22, 0, 45]","[3, 21, 66, 65, 42, 57, 41]","{""layer_name"": ""linear"", ""weights_by_client"": {""3"": 0.0, ""21"": 0.0, ""66"": 0.0, ""22"": 1.0, ""65"": 0.0, ""42"": 0.0, ""0"": 0.10023600957319811, ""57"": 0.0, ""45"": 1.0, ""41"": 0.0}}"
310,foolsgold,foolsgold,"[1, 24, 2, 48, 89, 18, 69, 47, 10, 41]",[],"{""layer_name"": ""linear"", ""weights_by_client"": {""1"": 1.0, ""24"": 0.8331922017697426, ""2"": 1.0, ""48"": 1.0, ""89"": 0.4207545772106982, ""18"": 0.4207545772106982, ""69"": 1.0, ""47"": 1.0, ""10"": 1.0, ""41"": 1.0}}"
311,foolsgold,foolsgold,"[2, 8, 15, 25, 43, 21, 33, 11]","[60, 12]","{""layer_name"": ""linear"", ""weights_by_client"": {""2"": 1.0, ""8"": 0.4403369902222915, ""15"": 0.8043455512115678, ""25"": 0.4403369902222915, ""43"": 1.0, ""21"": 1.0, ""33"": 1.0, ""60"": 0.0, ""11"": 1.0, ""12"": 0.0}}"
312,foolsgold,foolsgold,"[61, 87, 93]","[3, 71, 66, 98, 45, 1, 47]","{""layer_name"": ""linear"", ""weights_by_client"": {""3"": 0.0, ""71"": 0.0, ""66"": 0.0, ""61"": 0.3264266726915125, ""87"": 0.3264266726915125, ""98"": 0.0, ""45"": 0.0, ""1"": 0.0, ""93"": 1.0, ""47"": 0.0}}"
313,foolsgold,foolsgold,"[0, 27, 96, 89, 16, 68, 35, 12]","[80, 82]","{""layer_name"": ""linear"", ""weights_by_client"": {""0"": 0.0197563720051967, ""27"": 1.0, ""80"": 0.0, ""96"": 1.0, ""89"": 0.15173142452568927, ""16"": 0.0197563720051967, ""68"": 0.15173142452568927, ""82"": 0.0, ""35"": 1.0, ""12"": 0.7189285591193738}}"
314,foolsgold,foolsgold,"[4, 3, 46, 96, 12, 14, 2, 92]","[38, 17]","{""layer_name"": ""linear"", ""weights_by_client"": {""4"": 0.03791912623734106, ""3"": 0.8911965120881307, ""46"": 0.7356964675185322, ""96"": 0.7874009034091941, ""12"": 1.0, ""38"": 0.0, ""14"": 1.0, ""17"": 0.0, ""2"": 0.7874009034091941, ""92"": 0.03791912623734106}}"
315,foolsgold,foolsgold,"[34, 81, 48, 43]","[0, 64, 6, 36, 95, 9]","{""layer_name"": ""linear"", ""weights_by_client"": {""0"": 0.0, ""64"": 0.0, ""34"": 0.03158658377384177, ""81"": 0.03158658377384177, ""6"": 0.0, ""36"": 0.0, ""95"": 0.0, ""48"": 1.0, ""9"": 0.0, ""43"": 1.0}}"
316,foolsgold,foolsgold,"[75, 78, 28, 99, 61, 53, 90, 80]","[3, 20]","{""layer_name"": ""linear"", ""weights_by_client"": {""3"": 0.0, ""75"": 1.0, ""78"": 0.22765294861252522, ""28"": 1.0, ""99"": 1.0, ""20"": 0.0, ""61"": 1.0, ""53"": 1.0, ""90"": 1.0, ""80"": 1.0}}"
317,foolsgold,foolsgold,"[1, 49, 34, 29]","[72, 74, 75, 58, 66, 60]","{""layer_name"": ""linear"", ""weights_by_client"": {""1"": 0.9770194747362451, ""49"": 1.0, ""72"": 0.0, ""74"": 0.0, ""75"": 0.0, ""34"": 0.9320103614536259, ""58"": 0.0, ""29"": 0.9770194747362451, ""66"": 0.0, ""60"": 0.0}}"
318,foolsgold,foolsgold,"[4, 26, 87, 48]","[6, 73, 20, 23, 27, 78]","{""layer_name"": ""linear"", ""weights_by_client"": {""4"": 1.0, ""26"": 1.0, ""6"": 0.0, ""73"": 0.0, ""20"": 0.0, ""87"": 0.47999289949245355, ""48"": 1.0, ""23"": 0.0, ""27"": 0.0, ""78"": 0.0}}"
319,foolsgold,foolsgold,"[0, 49, 7, 47, 53, 26, 6, 57, 11, 20]",[],"{""layer_name"": ""linear"", ""weights_by_client"": {""0"": 0.0720982398541658, ""49"": 1.0, ""7"": 1.0, ""47"": 0.9074983657168931, ""53"": 0.6104264879196759, ""26"": 1.0, ""6"": 0.6104264879196759, ""57"": 0.9074983657168931, ""11"": 1.0, ""20"": 0.0720982398541658}}"
320,foolsgold,foolsgold,"[2, 16, 27, 62, 79, 39, 83, 41]","[12, 18]","{""layer_name"": ""linear"", ""weights_by_client"": {""2"": 1.0, ""16"": 1.0, ""27"": 1.0, ""62"": 0.43195220262258244, ""79"": 1.0, ""39"": 0.14252108324714602, ""12"": 0.0, ""18"": 0.0, ""83"": 0.43195220262258244, ""41"": 0.14252108324714602}}"
321,foolsgold,foolsgold,"[4, 9, 29, 50, 37, 39]","[73, 56, 75, 25]","{""layer_name"": ""linear"", ""weights_by_client"": {""4"": 0.2524162846309794, ""9"": 1.0, ""73"": 0.0, ""29"": 0.5793628815702699, ""56"": 0.0, ""50"": 0.2524162846309794, ""75"": 0.0, ""37"": 0.9796995779227822, ""25"": 0.0, ""39"": 1.0}}"
322,foolsgold,foolsgold,"[45, 87, 89, 11, 40, 95]","[1, 55, 25, 85]","{""layer_name"": ""linear"", ""weights_by_client"": {""1"": 0.0, ""55"": 0.0, ""45"": 1.0, ""87"": 0.633169639998487, ""89"": 0.633169639998487, ""25"": 0.0, ""11"": 1.0, ""85"": 0.0, ""40"": 1.0, ""95"": 1.0}}"
323,foolsgold,foolsgold,"[2, 89, 77, 36, 48, 54, 16, 5]","[71, 98]","{""layer_name"": ""linear"", ""weights_by_client"": {""2"": 1.0, ""89"": 0.20272657553692253, ""77"": 0.20272657553692253, ""36"": 0.24444516261912302, ""48"": 1.0, ""54"": 1.0, ""71"": 0.0, ""98"": 0.0, ""16"": 0.24444516261912302, ""5"": 1.0}}"
324,foolsgold,foolsgold,"[4, 41, 90, 30, 84, 69]","[75, 14, 38, 49]","{""layer_name"": ""linear"", ""weights_by_client"": {""4"": 0.4855418425248453, ""75"": 0.0, ""41"": 1.0, ""14"": 0.0, ""38"": 0.0, ""49"": 0.0, ""90"": 0.428666310679065, ""30"": 0.4855418425248453, ""84"": 1.0, ""69"": 1.0}}"
325,foolsgold,foolsgold,"[3, 80, 62, 53, 30, 31, 87]","[71, 75, 98]","{""layer_name"": ""linear"", ""weights_by_client"": {""3"": 0.5588460651198397, ""80"": 1.0, ""71"": 0.0, ""75"": 0.0, ""62"": 1.0, ""53"": 1.0, ""30"": 0.5588460651198397, ""31"": 1.0, ""87"": 1.0, ""98"": 0.0}}"
326,foolsgold,foolsgold,"[26, 2, 27, 31]","[0, 17, 36, 20, 29, 89]","{""layer_name"": ""linear"", ""weights_by_client"": {""0"": 0.0, ""17"": 0.0, ""26"": 1.0, ""2"": 0.711135454141933, ""36"": 0.0, ""20"": 0.0, ""27"": 1.0, ""31"": 1.0, ""29"": 0.0, ""89"": 0.0}}"
327,foolsgold,foolsgold,"[4, 68, 81, 31, 50, 0]","[98, 14, 85, 73]","{""layer_name"": ""linear"", ""weights_by_client"": {""4"": 0.06230560246385586, ""68"": 1.0, ""81"": 1.0, ""98"": 0.0, ""31"": 0.06230560246385586, ""14"": 0.0, ""85"": 0.0, ""73"": 0.0, ""50"": 1.0, ""0"": 1.0}}"
328,foolsgold,foolsgold,"[1, 4, 93, 92]","[42, 79, 85, 20, 64, 3]","{""layer_name"": ""linear"", ""weights_by_client"": {""1"": 0.5581394690371585, ""42"": 0.0, ""4"": 0.0872281428163722, ""79"": 0.0, ""93"": 1.0, ""92"": 0.0872281428163722, ""85"": 0.0, ""20"": 0.0, ""64"": 0.0, ""3"": 0.0}}"
329,foolsgold,foolsgold,"[4, 70, 49]","[2, 0, 40, 32, 56, 55, 66]","{""layer_name"": ""linear"", ""weights_by_client"": {""2"": 0.0, ""0"": 0.0, ""4"": 0.9758412267420797, ""40"": 0.0, ""32"": 0.0, ""70"": 1.0, ""56"": 0.0, ""49"": 1.0, ""55"": 0.0, ""66"": 0.0}}"
330,foolsgold,foolsgold,"[2, 60, 84, 20, 50, 95, 41]","[6, 64, 21]","{""layer_name"": ""linear"", ""weights_by_client"": {""2"": 0.6844671881996627, ""60"": 1.0, ""6"": 0.0, ""64"": 0.0, ""84"": 1.0, ""20"": 0.5754274312164354, ""50"": 0.5095344596091218, ""95"": 0.8492183397869637, ""21"": 0.0, ""41"": 0.6844671881996627}}"
331,foolsgold,foolsgold,"[54, 55, 26, 4]","[3, 94, 65, 78, 53, 46]","{""layer_name"": ""linear"", ""weights_by_client"": {""3"": 0.0, ""94"": 0.0, ""65"": 0.0, ""78"": 0.0, ""54"": 0.21697255121629944, ""55"": 1.0, ""26"": 1.0, ""53"": 0.0, ""4"": 1.0, ""46"": 0.0}}"
332,foolsgold,foolsgold,"[68, 8, 26, 73]","[1, 63, 25, 72, 19, 6]","{""layer_name"": ""linear"", ""weights_by_client"": {""1"": 0.0, ""63"": 0.0, ""25"": 0.0, ""68"": 1.0, ""8"": 0.6891309325883899, ""72"": 0.0, ""19"": 0.0, ""26"": 1.0, ""6"": 0.0, ""73"": 1.0}}"
333,foolsgold,foolsgold,"[4, 75, 70, 22, 38, 64]","[3, 12, 78, 60]","{""layer_name"": ""linear"", ""weights_by_client"": {""3"": 0.0, ""4"": 1.0, ""12"": 0.0, ""78"": 0.0, ""75"": 1.0, ""70"": 1.0, ""22"": 0.37435381732595374, ""38"": 0.5679272166267137, ""60"": 0.0, ""64"": 0.5679272166267137}}"
334,foolsgold,foolsgold,"[0, 81, 88, 60, 47, 68]","[13, 89, 51, 18]","{""layer_name"": ""linear"", ""weights_by_client"": {""0"": 1.0, ""81"": 0.9942799577307966, ""88"": 1.0, ""60"": 1.0, ""47"": 1.0, ""13"": 0.0, ""68"": 0.7225722697910668, ""89"": 0.0, ""51"": 0.0, ""18"": 0.0}}"
335,foolsgold,foolsgold,"[81, 84, 52]","[0, 1, 73, 65, 85, 53, 25]","{""layer_name"": ""linear"", ""weights_by_client"": {""0"": 0.0, ""1"": 0.0, ""73"": 0.0, ""65"": 0.0, ""85"": 0.0, ""81"": 1.0, ""84"": 1.0, ""53"": 0.0, ""25"": 0.0, ""52"": 1.0}}"
336,foolsgold,foolsgold,"[3, 68, 88, 23, 65, 84, 9, 55]","[70, 74]","{""layer_name"": ""linear"", ""weights_by_client"": {""3"": 1.0, ""68"": 0.7012695437735458, ""88"": 1.0, ""23"": 0.6447475375159526, ""65"": 0.6447475375159526, ""84"": 1.0, ""9"": 1.0, ""55"": 0.7341931409561719, ""70"": 0.0, ""74"": 0.0}}"
337,foolsgold,foolsgold,"[65, 88, 68, 9]","[3, 1, 49, 52, 21, 63]","{""layer_name"": ""linear"", ""weights_by_client"": {""3"": 0.0, ""1"": 0.0, ""49"": 0.0, ""52"": 0.0, ""65"": 0.43274829122836383, ""88"": 1.0, ""68"": 0.7581969610445404, ""9"": 1.0, ""21"": 0.0, ""63"": 0.0}}"
338,foolsgold,foolsgold,"[4, 7, 22, 70, 35]","[40, 94, 21, 48, 87]","{""layer_name"": ""linear"", ""weights_by_client"": {""4"": 0.4986522481464834, ""7"": 1.0, ""40"": 0.0, ""94"": 0.0, ""21"": 0.0, ""48"": 0.0, ""22"": 0.4367495254045567, ""70"": 0.5849865199604202, ""87"": 0.0, ""35"": 0.4986522481464834}}"
339,foolsgold,foolsgold,"[3, 65, 2, 70, 58]","[42, 55, 10, 87, 77]","{""layer_name"": ""linear"", ""weights_by_client"": {""3"": 1.0, ""42"": 0.0, ""65"": 0.9294894012252989, ""2"": 1.0, ""55"": 0.0, ""70"": 0.09979552740169784, ""10"": 0.0, ""87"": 0.0, ""58"": 1.0, ""77"": 0.0}}"
340,foolsgold,foolsgold,"[1, 21, 37, 79, 59, 78]","[81, 13, 86, 57]","{""layer_name"": ""linear"", ""weights_by_client"": {""1"": 0.41349314422621697, ""21"": 1.0, ""81"": 0.0, ""37"": 0.46751820383571957, ""13"": 0.0, ""86"": 0.0, ""79"": 1.0, ""59"": 0.46751820383571957, ""78"": 0.41349314422621697, ""57"": 0.0}}"
341,foolsgold,foolsgold,"[28, 16, 6, 72, 8, 68, 34, 93]","[0, 1]","{""layer_name"": ""linear"", ""weights_by_client"": {""0"": 0.0, ""28"": 0.036303957033255396, ""16"": 0.6094192943795139, ""6"": 1.0, ""72"": 0.036303957033255396, ""8"": 1.0, ""68"": 0.35760977018951223, ""34"": 0.35760977018951223, ""93"": 1.0, ""1"": 0.0}}"
342,foolsgold,foolsgold,"[4, 70, 45, 34, 33, 68, 71, 74]","[93, 59]","{""layer_name"": ""linear"", ""weights_by_client"": {""4"": 1.0, ""70"": 0.30136786544949334, ""45"": 1.0, ""93"": 0.0, ""34"": 1.0, ""33"": 1.0, ""68"": 1.0, ""59"": 0.0, ""71"": 1.0, ""74"": 0.30136786544949334}}"
343,foolsgold,foolsgold,"[35, 69, 32, 33, 70, 49]","[0, 25, 54, 41]","{""layer_name"": ""linear"", ""weights_by_client"": {""0"": 0.0, ""35"": 1.0, ""69"": 0.5264682686533368, ""32"": 1.0, ""25"": 0.0, ""33"": 1.0, ""54"": 0.0, ""41"": 0.0, ""70"": 0.5264682686533368, ""49"": 1.0}}"
344,foolsgold,foolsgold,"[18, 50, 24, 13, 28]","[3, 95, 82, 8, 9]","{""layer_name"": ""linear"", ""weights_by_client"": {""3"": 0.0, ""95"": 0.0, ""82"": 0.0, ""18"": 0.43736921721214883, ""50"": 0.6165885029611295, ""8"": 0.0, ""24"": 1.0, ""13"": 1.0, ""28"": 1.0, ""9"": 0.0}}"
345,foolsgold,foolsgold,"[4, 89, 55, 91, 94, 39]","[3, 96, 54, 8]","{""layer_name"": ""linear"", ""weights_by_client"": {""4"": 1.0, ""89"": 0.15903045742313832, ""3"": 0.0, ""55"": 1.0, ""91"": 1.0, ""96"": 0.0, ""94"": 0.09053263808949263, ""54"": 0.0, ""39"": 0.8804800018895698, ""8"": 0.0}}"
346,foolsgold,foolsgold,"[2, 82, 78, 74, 61, 39, 29, 68]","[88, 4]","{""layer_name"": ""linear"", ""weights_by_client"": {""2"": 1.0, ""82"": 1.0, ""78"": 0.32028148727006267, ""74"": 1.0, ""61"": 1.0, ""88"": 0.0, ""39"": 1.0, ""29"": 0.32028148727006267, ""4"": 0.0, ""68"": 1.0}}"
347,foolsgold,foolsgold,"[3, 93, 72, 1, 90, 28, 57, 68, 23, 83]",[],"{""layer_name"": ""linear"", ""weights_by_client"": {""3"": 0.08301478072551949, ""93"": 1.0, ""72"": 0.17866603247141627, ""1"": 0.08301478072551949, ""90"": 0.706476944104857, ""28"": 0.17866603247141627, ""57"": 1.0, ""68"": 0.9355550079637452, ""23"": 0.7316078107469144, ""83"": 0.706476944104857}}"
348,foolsgold,foolsgold,"[2, 31, 17, 64]","[91, 57, 14, 54, 95, 68]","{""layer_name"": ""linear"", ""weights_by_client"": {""2"": 1.0, ""91"": 0.0, ""31"": 1.0, ""57"": 0.0, ""14"": 0.0, ""17"": 0.5126672622098557, ""54"": 0.0, ""95"": 0.0, ""68"": 0.0, ""64"": 1.0}}"
349,foolsgold,foolsgold,"[0, 11, 43, 41, 70, 82, 13, 31]","[37, 63]","{""layer_name"": ""linear"", ""weights_by_client"": {""0"": 1.0, ""37"": 0.0, ""11"": 0.8678671210032454, ""43"": 0.7759230215225585, ""41"": 1.0, ""63"": 0.0, ""70"": 0.7759230215225585, ""82"": 1.0, ""13"": 0.8678671210032454, ""31"": 1.0}}"
350,foolsgold,foolsgold,"[3, 92, 10, 22]","[26, 37, 16, 62, 86, 44]","{""layer_name"": ""linear"", ""weights_by_client"": {""3"": 1.0, ""26"": 0.0, ""92"": 1.0, ""10"": 1.0, ""37"": 0.0, ""22"": 1.0, ""16"": 0.0, ""62"": 0.0, ""86"": 0.0, ""44"": 0.0}}"
351,foolsgold,foolsgold,"[35, 62, 93, 33]","[3, 18, 77, 78, 36, 32]","{""layer_name"": ""linear"", ""weights_by_client"": {""3"": 0.0, ""18"": 0.0, ""35"": 1.0, ""62"": 1.0, ""77"": 0.0, ""78"": 0.0, ""36"": 0.0, ""93"": 1.0, ""33"": 1.0, ""32"": 0.0}}"
352,foolsgold,foolsgold,"[1, 15, 21, 58, 29, 93]","[64, 70, 5, 46]","{""layer_name"": ""linear"", ""weights_by_client"": {""1"": 0.32789629554601246, ""15"": 1.0, ""64"": 0.0, ""70"": 0.0, ""21"": 0.19059313193354555, ""58"": 1.0, ""29"": 0.32789629554601246, ""93"": 1.0, ""5"": 0.0, ""46"": 0.0}}"
353,foolsgold,foolsgold,"[4, 53, 18, 5, 1, 57]","[62, 56, 68, 40]","{""layer_name"": ""linear"", ""weights_by_client"": {""4"": 0.7716714907114943, ""62"": 0.0, ""53"": 1.0, ""56"": 0.0, ""18"": 0.7765564435097438, ""5"": 0.8466267011308399, ""68"": 0.0, ""40"": 0.0, ""1"": 0.7716714907114943, ""57"": 1.0}}"
354,foolsgold,foolsgold,"[4, 92, 52, 33, 98, 15, 43, 57]","[36, 1]","{""layer_name"": ""linear"", ""weights_by_client"": {""4"": 1.0, ""36"": 0.0, ""92"": 1.0, ""52"": 1.0, ""33"": 1.0, ""1"": 0.0, ""98"": 0.0018159648818055762, ""15"": 1.0, ""43"": 1.0, ""57"": 0.0018159648818055762}}"
355,foolsgold,foolsgold,"[3, 38, 53, 50, 15, 79, 90, 63]","[18, 77]","{""layer_name"": ""linear"", ""weights_by_client"": {""3"": 0.592645936601458, ""38"": 0.13858648554613506, ""53"": 1.0, ""50"": 0.8041985277057565, ""18"": 0.0, ""15"": 1.0, ""77"": 0.0, ""79"": 0.13858648554613506, ""90"": 0.9772877801221863, ""63"": 0.2002016257742788}}"
356,foolsgold,foolsgold,"[4, 85, 41, 44, 81, 17, 39, 20]","[55, 34]","{""layer_name"": ""linear"", ""weights_by_client"": {""4"": 1.0, ""85"": 0.35861382647154966, ""41"": 0.6200724216870676, ""55"": 0.0, ""44"": 1.0, ""81"": 0.3048271659884707, ""17"": 1.0, ""39"": 0.6200724216870676, ""20"": 1.0, ""34"": 0.0}}"
357,foolsgold,foolsgold,"[2, 55, 52, 59, 78, 8]","[72, 23, 79, 74]","{""layer_name"": ""linear"", ""weights_by_client"": {""2"": 1.0, ""72"": 0.0, ""55"": 1.0, ""52"": 1.0, ""59"": 1.0, ""23"": 0.0, ""79"": 0.0, ""74"": 0.0, ""78"": 0.6772924159260383, ""8"": 0.6772924159260383}}"
358,foolsgold,foolsgold,"[3, 54, 79, 56]","[21, 18, 92, 61, 35, 6]","{""layer_name"": ""linear"", ""weights_by_client"": {""3"": 0.12209612684784366, ""21"": 0.0, ""18"": 0.0, ""92"": 0.0, ""54"": 1.0, ""61"": 0.0, ""79"": 0.29384243102976326, ""35"": 0.0, ""6"": 0.0, ""56"": 0.5847863850595714}}"
359,foolsgold,foolsgold,"[41, 34, 67, 21, 92]","[0, 13, 14, 30, 57]","{""layer_name"": ""linear"", ""weights_by_client"": {""0"": 0.0, ""13"": 0.0, ""41"": 1.0, ""34"": 1.0, ""14"": 0.0, ""30"": 0.0, ""67"": 1.0, ""21"": 1.0, ""57"": 0.0, ""92"": 1.0}}"
360,foolsgold,foolsgold,"[1, 72, 53, 86, 31, 18]","[69, 68, 28, 79]","{""layer_name"": ""linear"", ""weights_by_client"": {""1"": 1.0, ""72"": 0.63794389922271, ""53"": 1.0, ""86"": 0.5407661108926849, ""69"": 0.0, ""68"": 0.0, ""28"": 0.0, ""31"": 1.0, ""79"": 0.0, ""18"": 0.8370525325168414}}"
361,foolsgold,foolsgold,"[1, 69, 86, 97, 68, 50, 18, 46]","[78, 20]","{""layer_name"": ""linear"", ""weights_by_client"": {""1"": 0.412951157575456, ""69"": 1.0, ""86"": 0.894012215584645, ""97"": 1.0, ""78"": 0.0, ""68"": 0.894012215584645, ""50"": 1.0, ""18"": 0.4016837527937634, ""20"": 0.0, ""46"": 0.4016837527937634}}"
362,foolsgold,foolsgold,"[2, 84, 95, 24, 56]","[55, 65, 54, 73, 53]","{""layer_name"": ""linear"", ""weights_by_client"": {""2"": 1.0, ""55"": 0.0, ""84"": 1.0, ""65"": 0.0, ""95"": 0.02339700757334162, ""54"": 0.0, ""24"": 0.708309486425042, ""73"": 0.0, ""53"": 0.0, ""56"": 1.0}}"
363,foolsgold,foolsgold,"[8, 47, 52, 48, 64, 35, 83, 71]","[0, 30]","{""layer_name"": ""linear"", ""weights_by_client"": {""0"": 0.0, ""8"": 0.10790026005913128, ""30"": 0.0, ""47"": 1.0, ""52"": 1.0, ""48"": 0.10790026005913128, ""64"": 1.0, ""35"": 1.0, ""83"": 1.0, ""71"": 1.0}}"
364,foolsgold,foolsgold,"[0, 72, 26, 63, 84, 11, 91, 75]","[40, 99]","{""layer_name"": ""linear"", ""weights_by_client"": {""0"": 1.0, ""72"": 0.10575923144261473, ""40"": 0.0, ""26"": 1.0, ""63"": 1.0, ""84"": 0.3957063877818477, ""11"": 0.3957063877818477, ""91"": 0.10575923144261473, ""99"": 0.0, ""75"": 1.0}}"
365,foolsgold,foolsgold,"[53, 19, 47, 83, 52]","[1, 62, 30, 81, 0]","{""layer_name"": ""linear"", ""weights_by_client"": {""1"": 0.0, ""53"": 1.0, ""19"": 0.48256185956139086, ""62"": 0.0, ""30"": 0.0, ""81"": 0.0, ""47"": 0.48256185956139086, ""0"": 0.0, ""83"": 1.0, ""52"": 1.0}}"
366,foolsgold,foolsgold,"[0, 7, 20, 53, 50, 82]","[94, 10, 55, 37]","{""layer_name"": ""linear"", ""weights_by_client"": {""0"": 0.019206472816533593, ""7"": 1.0, ""94"": 0.0, ""10"": 0.0, ""20"": 0.019206472816533593, ""55"": 0.0, ""53"": 0.9169040960328653, ""37"": 0.0, ""50"": 0.8786333892088063, ""82"": 1.0}}"
367,foolsgold,foolsgold,"[56, 37, 78, 5, 11]","[0, 75, 10, 73, 1]","{""layer_name"": ""linear"", ""weights_by_client"": {""0"": 0.0, ""75"": 0.0, ""56"": 0.9563103274879055, ""10"": 0.0, ""37"": 0.4914118572957288, ""78"": 0.13836259560888864, ""5"": 1.0, ""73"": 0.0, ""11"": 1.0, ""1"": 0.0}}"
368,foolsgold,foolsgold,"[0, 77, 14, 46, 86]","[56, 51, 76, 42, 40]","{""layer_name"": ""linear"", ""weights_by_client"": {""0"": 1.0, ""77"": 0.5985347888904342, ""14"": 0.7654828689206801, ""56"": 0.0, ""51"": 0.0, ""46"": 0.5985347888904342, ""86"": 1.0, ""76"": 0.0, ""42"": 0.0, ""40"": 0.0}}"
369,foolsgold,foolsgold,"[2, 93, 7, 13, 61, 67]","[40, 32, 5, 35]","{""layer_name"": ""linear"", ""weights_by_client"": {""2"": 1.0, ""40"": 0.0, ""93"": 1.0, ""32"": 0.0, ""5"": 0.0, ""7"": 1.0, ""13"": 1.0, ""61"": 0.4905944443056366, ""67"": 0.6999028244533771, ""35"": 0.0}}"
370,foolsgold,foolsgold,"[3, 84, 95, 39, 98]","[17, 63, 94, 89, 21]","{""layer_name"": ""linear"", ""weights_by_client"": {""3"": 0.09947223436030855, ""17"": 0.0, ""84"": 1.0, ""95"": 1.0, ""63"": 0.0, ""94"": 0.0, ""39"": 1.0, ""98"": 1.0, ""89"": 0.0, ""21"": 0.0}}"
371,foolsgold,foolsgold,"[83, 41, 92, 87, 71]","[0, 24, 17, 44, 86]","{""layer_name"": ""linear"", ""weights_by_client"": {""0"": 0.0, ""83"": 0.124387413098002, ""41"": 1.0, ""24"": 0.0, ""92"": 1.0, ""17"": 0.0, ""44"": 0.0, ""86"": 0.0, ""87"": 0.124387413098002, ""71"": 1.0}}"
372,foolsgold,foolsgold,"[8, 14]","[4, 65, 59, 88, 26, 64, 21, 53]","{""layer_name"": ""linear"", ""weights_by_client"": {""4"": 0.0, ""65"": 0.0, ""59"": 0.0, ""88"": 0.0, ""26"": 0.0, ""8"": 1.0, ""64"": 0.0, ""21"": 0.0, ""14"": 1.0, ""53"": 0.0}}"
373,foolsgold,foolsgold,"[52, 6, 96, 58]","[3, 48, 73, 14, 8, 81]","{""layer_name"": ""linear"", ""weights_by_client"": {""3"": 0.0, ""48"": 0.0, ""52"": 1.0, ""73"": 0.0, ""14"": 0.0, ""6"": 1.0, ""96"": 1.0, ""58"": 0.5279422488848536, ""8"": 0.0, ""81"": 0.0}}"
374,foolsgold,foolsgold,"[87, 86, 52, 97, 9, 64, 12, 28]","[4, 16]","{""layer_name"": ""linear"", ""weights_by_client"": {""4"": 0.0, ""87"": 1.0, ""86"": 0.667207816323714, ""52"": 0.667207816323714, ""97"": 0.6380209142295576, ""9"": 0.6380209142295576, ""16"": 0.0, ""64"": 1.0, ""12"": 1.0, ""28"": 1.0}}"
375,foolsgold,foolsgold,"[2, 0, 82, 19, 5, 3, 53, 35]","[46, 23]","{""layer_name"": ""linear"", ""weights_by_client"": {""2"": 0.018949212494874468, ""0"": 0.018949212494874468, ""82"": 1.0, ""19"": 1.0, ""46"": 0.0, ""5"": 0.24762321012858562, ""3"": 0.7788109091088444, ""53"": 1.0, ""35"": 0.24762321012858562, ""23"": 0.0}}"
376,foolsgold,foolsgold,"[1, 59, 54, 33, 74, 83, 98, 86]","[32, 40]","{""layer_name"": ""linear"", ""weights_by_client"": {""1"": 0.25556833270685214, ""59"": 0.25556833270685214, ""54"": 1.0, ""33"": 1.0, ""32"": 0.0, ""40"": 0.0, ""74"": 1.0, ""83"": 1.0, ""98"": 0.5989050701914505, ""86"": 0.5989050701914505}}"
377,foolsgold,foolsgold,"[87, 88, 41]","[3, 44, 18, 56, 46, 8, 25]","{""layer_name"": ""linear"", ""weights_by_client"": {""3"": 0.0, ""44"": 0.0, ""18"": 0.0, ""56"": 0.0, ""87"": 0.5356387136043248, ""88"": 1.0, ""46"": 0.0, ""8"": 0.0, ""41"": 1.0, ""25"": 0.0}}"
378,foolsgold,foolsgold,"[2, 11, 53, 1]","[64, 63, 87, 34, 21, 66]","{""layer_name"": ""linear"", ""weights_by_client"": {""2"": 0.9360231029482633, ""64"": 0.0, ""63"": 0.0, ""87"": 0.0, ""34"": 0.0, ""11"": 0.28784795532402563, ""53"": 0.9360231029482633, ""1"": 1.0, ""21"": 0.0, ""66"": 0.0}}"
379,foolsgold,foolsgold,"[2, 90, 74, 25, 92, 71, 69, 93]","[46, 64]","{""layer_name"": ""linear"", ""weights_by_client"": {""2"": 1.0, ""90"": 0.6538286378134384, ""74"": 0.6538286378134384, ""46"": 0.0, ""25"": 1.0, ""92"": 1.0, ""71"": 1.0, ""69"": 0.664406968171616, ""93"": 1.0, ""64"": 0.0}}"
380,foolsgold,foolsgold,"[2, 77, 72, 41, 73, 24]","[46, 82, 64, 95]","{""layer_name"": ""linear"", ""weights_by_client"": {""2"": 0.6067218565137424, ""46"": 0.0, ""77"": 0.9300516669504743, ""82"": 0.0, ""72"": 1.0, ""64"": 0.0, ""41"": 0.6067218565137424, ""73"": 1.0, ""95"": 0.0, ""24"": 1.0}}"
381,foolsgold,foolsgold,"[0, 34, 93, 45, 42, 68]","[9, 87, 21, 95]","{""layer_name"": ""linear"", ""weights_by_client"": {""0"": 1.0, ""34"": 0.28930401175554366, ""93"": 0.3565311761848863, ""9"": 0.0, ""87"": 0.0, ""45"": 1.0, ""42"": 0.3410998245579295, ""21"": 0.0, ""68"": 0.28930401175554366, ""95"": 0.0}}"
382,foolsgold,foolsgold,"[1, 7, 52, 94, 3]","[98, 30, 13, 36, 85]","{""layer_name"": ""linear"", ""weights_by_client"": {""1"": 0.5783380772137267, ""98"": 0.0, ""30"": 0.0, ""7"": 1.0, ""13"": 0.0, ""52"": 1.0, ""36"": 0.0, ""94"": 0.9999975331954873, ""3"": 0.9999975331954873, ""85"": 0.0}}"
383,foolsgold,foolsgold,"[81, 18, 78, 64, 59, 91, 38, 83]","[1, 36]","{""layer_name"": ""linear"", ""weights_by_client"": {""1"": 0.0, ""81"": 1.0, ""18"": 0.8836622404892857, ""78"": 1.0, ""64"": 1.0, ""59"": 1.0, ""91"": 0.8836622404892857, ""36"": 0.0, ""38"": 1.0, ""83"": 1.0}}"
384,foolsgold,foolsgold,"[2, 30, 92, 76, 90, 40, 87, 59]","[19, 45]","{""layer_name"": ""linear"", ""weights_by_client"": {""2"": 0.2846178551268984, ""30"": 0.2846178551268984, ""92"": 1.0, ""19"": 0.0, ""76"": 1.0, ""90"": 1.0, ""40"": 1.0, ""45"": 0.0, ""87"": 0.8176281125952549, ""59"": 1.0}}"
385,foolsgold,foolsgold,"[4, 55, 91, 7]","[64, 89, 83, 94, 37, 38]","{""layer_name"": ""linear"", ""weights_by_client"": {""4"": 1.0, ""55"": 1.0, ""64"": 0.0, ""89"": 0.0, ""83"": 0.0, ""94"": 0.0, ""37"": 0.0, ""91"": 1.0, ""7"": 1.0, ""38"": 0.0}}"
386,foolsgold,foolsgold,"[3, 17, 34, 98, 51, 36]","[59, 82, 93, 80]","{""layer_name"": ""linear"", ""weights_by_client"": {""3"": 0.404326657673437, ""59"": 0.0, ""17"": 1.0, ""34"": 0.11088214415490794, ""82"": 0.0, ""98"": 0.11088214415490794, ""51"": 1.0, ""93"": 0.0, ""36"": 0.404326657673437, ""80"": 0.0}}"
387,foolsgold,foolsgold,"[95, 28, 38, 1]","[3, 20, 66, 85, 14, 73]","{""layer_name"": ""linear"", ""weights_by_client"": {""3"": 0.0, ""20"": 0.0, ""95"": 1.0, ""66"": 0.0, ""28"": 1.0, ""85"": 0.0, ""38"": 1.0, ""14"": 0.0, ""73"": 0.0, ""1"": 1.0}}"
388,foolsgold,foolsgold,"[3, 58, 81, 2, 5]","[85, 10, 77, 74, 57]","{""layer_name"": ""linear"", ""weights_by_client"": {""3"": 1.0, ""58"": 1.0, ""81"": 1.0, ""85"": 0.0, ""10"": 0.0, ""2"": 1.0, ""5"": 0.4066820647904971, ""77"": 0.0, ""74"": 0.0, ""57"": 0.0}}"
389,foolsgold,foolsgold,"[4, 38, 22, 32, 9]","[23, 79, 66, 75, 73]","{""layer_name"": ""linear"", ""weights_by_client"": {""4"": 1.0, ""38"": 0.24924656247461152, ""23"": 0.0, ""79"": 0.0, ""66"": 0.0, ""22"": 1.0, ""75"": 0.0, ""73"": 0.0, ""32"": 1.0, ""9"": 1.0}}"
390,foolsgold,foolsgold,"[82, 17, 16, 45]","[3, 34, 65, 55, 46, 78]","{""layer_name"": ""linear"", ""weights_by_client"": {""3"": 0.0, ""82"": 1.0, ""34"": 0.0, ""17"": 1.0, ""16"": 0.12497177055374659, ""65"": 0.0, ""55"": 0.0, ""46"": 0.0, ""45"": 1.0, ""78"": 0.0}}"
391,foolsgold,foolsgold,"[3, 7, 99, 24, 37, 67]","[76, 10, 0, 44]","{""layer_name"": ""linear"", ""weights_by_client"": {""3"": 0.6379423548923997, ""7"": 1.0, ""99"": 1.0, ""24"": 1.0, ""37"": 0.7286302215530134, ""67"": 1.0, ""76"": 0.0, ""10"": 0.0, ""0"": 0.0, ""44"": 0.0}}"
392,foolsgold,foolsgold,"[2, 61, 74, 47, 68, 96]","[73, 12, 99, 34]","{""layer_name"": ""linear"", ""weights_by_client"": {""2"": 0.9364955156689789, ""61"": 1.0, ""73"": 0.0, ""74"": 0.8333715959089165, ""12"": 0.0, ""47"": 0.8333715959089165, ""99"": 0.0, ""68"": 1.0, ""96"": 0.9364955156689789, ""34"": 0.0}}"
393,foolsgold,foolsgold,"[1, 34, 87, 49, 15, 84, 99, 29]","[45, 19]","{""layer_name"": ""linear"", ""weights_by_client"": {""1"": 0.3353045021710227, ""34"": 0.7563144814419613, ""87"": 1.0, ""45"": 0.0, ""49"": 0.7563144814419613, ""15"": 1.0, ""84"": 1.0, ""19"": 0.0, ""99"": 1.0, ""29"": 0.3353045021710227}}"
394,foolsgold,foolsgold,"[2, 36, 8, 60, 89]","[27, 34, 92, 4, 66]","{""layer_name"": ""linear"", ""weights_by_client"": {""2"": 0.3008155312603623, ""27"": 0.0, ""34"": 0.0, ""36"": 0.3008155312603623, ""8"": 0.2917660428525532, ""92"": 0.0, ""60"": 0.2917660428525532, ""89"": 1.0, ""4"": 0.0, ""66"": 0.0}}"
395,foolsgold,foolsgold,"[0, 54, 84, 28, 31, 43]","[10, 94, 76, 79]","{""layer_name"": ""linear"", ""weights_by_client"": {""0"": 1.0, ""54"": 1.0, ""84"": 1.0, ""28"": 0.5608510420604927, ""10"": 0.0, ""94"": 0.0, ""31"": 1.0, ""76"": 0.0, ""43"": 0.5608510420604927, ""79"": 0.0}}"
396,foolsgold,foolsgold,"[2, 42, 58, 70, 96, 84, 80, 3]","[31, 35]","{""layer_name"": ""linear"", ""weights_by_client"": {""2"": 0.7123115328793506, ""31"": 0.0, ""42"": 1.0, ""58"": 1.0, ""70"": 1.0, ""96"": 0.7123115328793506, ""84"": 1.0, ""35"": 0.0, ""80"": 1.0, ""3"": 1.0}}"
397,foolsgold,foolsgold,"[89, 16, 67, 82]","[3, 27, 94, 20, 21, 10]","{""layer_name"": ""linear"", ""weights_by_client"": {""3"": 0.0, ""27"": 0.0, ""89"": 0.9768950488100445, ""94"": 0.0, ""16"": 1.0, ""20"": 0.0, ""67"": 0.7099557797152933, ""21"": 0.0, ""10"": 0.0, ""82"": 1.0}}"
398,foolsgold,foolsgold,"[24, 51, 40, 82]","[0, 10, 20, 13, 85, 66]","{""layer_name"": ""linear"", ""weights_by_client"": {""0"": 0.0, ""10"": 0.0, ""24"": 1.0, ""51"": 0.11165944213471835, ""40"": 0.22822766619339446, ""82"": 1.0, ""20"": 0.0, ""13"": 0.0, ""85"": 0.0, ""66"": 0.0}}"
399,foolsgold,foolsgold,"[0, 33, 34, 99, 64, 28]","[41, 71, 65, 75]","{""layer_name"": ""linear"", ""weights_by_client"": {""0"": 1.0, ""41"": 0.0, ""33"": 1.0, ""34"": 0.7068599786883668, ""99"": 1.0, ""64"": 0.2579166231830339, ""71"": 0.0, ""65"": 0.0, ""75"": 0.0, ""28"": 1.0}}"
400,foolsgold,foolsgold,"[7, 63, 4, 57]","[3, 82, 59, 8, 48, 80]","{""layer_name"": ""linear"", ""weights_by_client"": {""3"": 0.0, ""82"": 0.0, ""59"": 0.0, ""7"": 1.0, ""63"": 0.5722460456859028, ""8"": 0.0, ""48"": 0.0, ""4"": 1.0, ""57"": 1.0, ""80"": 0.0}}"
401,foolsgold,foolsgold,"[2, 83, 3, 52, 17, 50, 86, 28]","[93, 82]","{""layer_name"": ""linear"", ""weights_by_client"": {""2"": 1.0, ""83"": 0.5359605999246787, ""93"": 0.0, ""3"": 0.30427016009086627, ""82"": 0.0, ""52"": 0.12171046156652265, ""17"": 0.012769900138272838, ""50"": 0.30427016009086627, ""86"": 0.012769900138272838, ""28"": 1.0}}"
402,foolsgold,foolsgold,"[1, 57, 52, 23, 33, 92, 26, 17]","[85, 98]","{""layer_name"": ""linear"", ""weights_by_client"": {""1"": 1.0, ""57"": 0.016524039161569914, ""52"": 0.4121975101890973, ""23"": 1.0, ""33"": 1.0, ""92"": 1.0, ""85"": 0.0, ""98"": 0.0, ""26"": 1.0, ""17"": 0.4121975101890973}}"
403,foolsgold,foolsgold,"[43, 58, 0, 99, 64, 78, 68, 7]","[3, 20]","{""layer_name"": ""linear"", ""weights_by_client"": {""3"": 0.0, ""43"": 1.0, ""58"": 0.3024248520268694, ""20"": 0.0, ""0"": 1.0, ""99"": 0.3024248520268694, ""64"": 1.0, ""78"": 0.5218817445967171, ""68"": 1.0, ""7"": 1.0}}"
404,foolsgold,foolsgold,"[2, 95, 62, 66, 80, 96, 83, 31]","[63, 6]","{""layer_name"": ""linear"", ""weights_by_client"": {""2"": 0.9439232295420616, ""95"": 0.12821041196662025, ""63"": 0.0, ""6"": 0.0, ""62"": 0.5902204154032614, ""66"": 1.0, ""80"": 0.8941703584447424, ""96"": 0.12821041196662025, ""83"": 0.37293965810454166, ""31"": 1.0}}"
405,foolsgold,foolsgold,"[85, 84]","[3, 78, 67, 64, 43, 21, 90, 25]","{""layer_name"": ""linear"", ""weights_by_client"": {""3"": 0.0, ""78"": 0.0, ""67"": 0.0, ""64"": 0.0, ""85"": 1.0, ""43"": 0.0, ""21"": 0.0, ""90"": 0.0, ""84"": 1.0, ""25"": 0.0}}"
406,foolsgold,foolsgold,"[4, 80, 50, 67, 39]","[76, 56, 25, 73, 14]","{""layer_name"": ""linear"", ""weights_by_client"": {""4"": 0.2255902314602739, ""76"": 0.0, ""80"": 1.0, ""56"": 0.0, ""25"": 0.0, ""50"": 0.2255902314602739, ""73"": 0.0, ""14"": 0.0, ""67"": 1.0, ""39"": 1.0}}"
407,foolsgold,foolsgold,"[2, 36, 35, 14, 87, 76, 70, 29, 65, 47]",[],"{""layer_name"": ""linear"", ""weights_by_client"": {""2"": 1.0, ""36"": 1.0, ""35"": 1.0, ""14"": 1.0, ""87"": 1.0, ""76"": 1.0, ""70"": 1.0, ""29"": 1.0, ""65"": 1.0, ""47"": 1.0}}"
408,foolsgold,foolsgold,"[92, 73, 68, 22, 52, 19, 96, 78]","[3, 20]","{""layer_name"": ""linear"", ""weights_by_client"": {""3"": 0.0, ""92"": 1.0, ""73"": 1.0, ""20"": 0.0, ""68"": 1.0, ""22"": 1.0, ""52"": 1.0, ""19"": 1.0, ""96"": 1.0, ""78"": 0.11753895203365772}}"
409,foolsgold,foolsgold,"[0, 46, 78, 93, 74, 22]","[13, 54, 14, 41]","{""layer_name"": ""linear"", ""weights_by_client"": {""0"": 0.259708581155632, ""13"": 0.0, ""54"": 0.0, ""46"": 1.0, ""14"": 0.0, ""41"": 0.0, ""78"": 0.259708581155632, ""93"": 0.12191326757302345, ""74"": 1.0, ""22"": 0.12191326757302345}}"
410,foolsgold,foolsgold,"[3, 58, 70, 95, 64, 13, 47, 43]","[37, 83]","{""layer_name"": ""linear"", ""weights_by_client"": {""3"": 1.0, ""37"": 0.0, ""58"": 1.0, ""70"": 1.0, ""95"": 1.0, ""64"": 1.0, ""13"": 1.0, ""47"": 1.0, ""83"": 0.0, ""43"": 1.0}}"
411,foolsgold,foolsgold,"[83, 58, 86]","[1, 25, 27, 10, 74, 30, 28]","{""layer_name"": ""linear"", ""weights_by_client"": {""1"": 0.0, ""25"": 0.0, ""27"": 0.0, ""10"": 0.0, ""83"": 1.0, ""58"": 1.0, ""74"": 0.0, ""30"": 0.0, ""86"": 1.0, ""28"": 0.0}}"
412,foolsgold,foolsgold,"[2, 43, 50, 9, 96, 60]","[64, 79, 55, 13]","{""layer_name"": ""linear"", ""weights_by_client"": {""2"": 0.969944576357336, ""64"": 0.0, ""43"": 1.0, ""50"": 1.0, ""9"": 1.0, ""79"": 0.0, ""55"": 0.0, ""96"": 0.969944576357336, ""13"": 0.0, ""60"": 1.0}}"
413,foolsgold,foolsgold,"[3, 47, 81, 7, 19, 15, 2, 22]","[6, 64]","{""layer_name"": ""linear"", ""weights_by_client"": {""3"": 0.9858659677638644, ""47"": 0.2616617392175305, ""81"": 1.0, ""7"": 1.0, ""19"": 0.2616617392175305, ""15"": 0.5225632540302421, ""2"": 0.5225632540302421, ""6"": 0.0, ""22"": 1.0, ""64"": 0.0}}"
414,foolsgold,foolsgold,"[4, 86]","[55, 40, 85, 79, 99, 73, 46, 67]","{""layer_name"": ""linear"", ""weights_by_client"": {""4"": 1.0, ""55"": 0.0, ""40"": 0.0, ""85"": 0.0, ""79"": 0.0, ""99"": 0.0, ""73"": 0.0, ""46"": 0.0, ""67"": 0.0, ""86"": 0.3542959997710847}}"
415,foolsgold,foolsgold,"[45, 16, 82, 17, 42]","[3, 8, 99, 0, 30]","{""layer_name"": ""linear"", ""weights_by_client"": {""3"": 0.0, ""8"": 0.0, ""99"": 0.0, ""0"": 0.0, ""45"": 1.0, ""16"": 0.47206238155911195, ""82"": 1.0, ""17"": 1.0, ""42"": 1.0, ""30"": 0.0}}"
416,foolsgold,foolsgold,"[4, 54, 13, 79]","[84, 7, 25, 90, 0, 43]","{""layer_name"": ""linear"", ""weights_by_client"": {""4"": 1.0, ""84"": 0.0, ""7"": 0.0, ""54"": 1.0, ""25"": 0.0, ""13"": 1.0, ""79"": 1.0, ""90"": 0.0, ""0"": 0.0, ""43"": 0.0}}"
417,foolsgold,foolsgold,"[1, 50, 77, 27, 22, 82]","[64, 94, 72, 60]","{""layer_name"": ""linear"", ""weights_by_client"": {""1"": 1.0, ""64"": 0.0, ""50"": 1.0, ""77"": 1.0, ""27"": 1.0, ""22"": 0.4765562332061985, ""94"": 0.0, ""72"": 0.0, ""60"": 0.0, ""82"": 1.0}}"
418,foolsgold,foolsgold,"[22, 91, 37, 87, 50, 24]","[4, 88, 64, 23]","{""layer_name"": ""linear"", ""weights_by_client"": {""4"": 0.0, ""88"": 0.0, ""22"": 1.0, ""91"": 1.0, ""64"": 0.0, ""37"": 1.0, ""87"": 0.9863046812902085, ""50"": 1.0, ""24"": 1.0, ""23"": 0.0}}"
419,foolsgold,foolsgold,"[3, 87, 79, 61, 25, 12]","[66, 41, 10, 96]","{""layer_name"": ""linear"", ""weights_by_client"": {""3"": 0.23064504674064262, ""66"": 0.0, ""87"": 1.0, ""79"": 0.5302801361575982, ""61"": 0.5302801361575982, ""41"": 0.0, ""25"": 0.23064504674064262, ""12"": 1.0, ""10"": 0.0, ""96"": 0.0}}"
420,foolsgold,foolsgold,"[2, 86, 34, 69]","[21, 98, 27, 63, 18, 85]","{""layer_name"": ""linear"", ""weights_by_client"": {""2"": 1.0, ""21"": 0.0, ""86"": 0.26479780943764986, ""34"": 0.041364909088484725, ""98"": 0.0, ""27"": 0.0, ""69"": 1.0, ""63"": 0.0, ""18"": 0.0, ""85"": 0.0}}"
421,foolsgold,foolsgold,"[58, 94, 40, 84]","[0, 57, 42, 78, 25, 13]","{""layer_name"": ""linear"", ""weights_by_client"": {""0"": 0.0, ""57"": 0.0, ""42"": 0.0, ""58"": 0.7078542112334113, ""78"": 0.0, ""25"": 0.0, ""94"": 0.9642326001976258, ""13"": 0.0, ""40"": 0.5897721912480189, ""84"": 1.0}}"
422,foolsgold,foolsgold,"[2, 33, 84, 78, 35, 15, 91, 49]","[76, 73]","{""layer_name"": ""linear"", ""weights_by_client"": {""2"": 0.5261411211570648, ""33"": 0.6080482015005118, ""84"": 0.6080482015005118, ""78"": 0.6207971632442574, ""35"": 1.0, ""15"": 0.5261411211570648, ""76"": 0.0, ""91"": 1.0, ""73"": 0.0, ""49"": 1.0}}"
423,foolsgold,foolsgold,"[2, 41, 87, 74, 84, 50, 23, 82]","[98, 34]","{""layer_name"": ""linear"", ""weights_by_client"": {""2"": 0.5086590456951766, ""41"": 0.5086590456951766, ""87"": 0.24742550873400093, ""74"": 0.787985654319897, ""98"": 0.0, ""84"": 1.0, ""50"": 0.9194811368450825, ""23"": 0.24742550873400093, ""82"": 1.0, ""34"": 0.0}}"
424,foolsgold,foolsgold,"[71, 92, 64]","[1, 36, 0, 74, 19, 99, 58]","{""layer_name"": ""linear"", ""weights_by_client"": {""1"": 0.0, ""71"": 1.0, ""36"": 0.0, ""0"": 0.0, ""74"": 0.0, ""92"": 1.0, ""19"": 0.0, ""99"": 0.0, ""64"": 1.0, ""58"": 0.0}}"
425,foolsgold,foolsgold,"[46, 58, 86, 82, 53, 68, 43, 1]","[0, 30]","{""layer_name"": ""linear"", ""weights_by_client"": {""0"": 0.0, ""46"": 1.0, ""58"": 0.45384481949442257, ""30"": 0.0, ""86"": 0.3306499766996637, ""82"": 1.0, ""53"": 0.9158489156619716, ""68"": 0.3306499766996637, ""43"": 0.9158489156619716, ""1"": 0.05335208603718916}}"
426,foolsgold,foolsgold,"[42, 15, 45, 12, 83]","[3, 8, 87, 70, 20]","{""layer_name"": ""linear"", ""weights_by_client"": {""3"": 0.0, ""8"": 0.0, ""42"": 1.0, ""87"": 0.0, ""15"": 1.0, ""70"": 0.0, ""20"": 0.0, ""45"": 0.15962183336308178, ""12"": 1.0, ""83"": 0.326942619501779}}"
427,foolsgold,foolsgold,"[4, 12, 84, 69, 56, 58, 17, 3]","[0, 25]","{""layer_name"": ""linear"", ""weights_by_client"": {""0"": 0.0, ""4"": 1.0, ""25"": 0.0, ""12"": 0.562297009749204, ""84"": 1.0, ""69"": 1.0, ""56"": 0.028338658250337434, ""58"": 0.562297009749204, ""17"": 1.0, ""3"": 0.19825330633844895}}"
428,foolsgold,foolsgold,"[3, 46, 36, 95, 48, 54]","[75, 14, 55, 10]","{""layer_name"": ""linear"", ""weights_by_client"": {""3"": 0.7097137239073634, ""46"": 0.7481225753426725, ""75"": 0.0, ""14"": 0.0, ""36"": 0.7097137239073634, ""95"": 0.28314791135527173, ""48"": 1.0, ""54"": 0.28314791135527173, ""55"": 0.0, ""10"": 0.0}}"
429,foolsgold,foolsgold,"[53, 94, 1, 12]","[4, 52, 59, 88, 49, 93]","{""layer_name"": ""linear"", ""weights_by_client"": {""4"": 0.0, ""53"": 1.0, ""52"": 0.0, ""94"": 1.0, ""59"": 0.0, ""88"": 0.0, ""49"": 0.0, ""1"": 1.0, ""12"": 1.0, ""93"": 0.0}}"
430,foolsgold,foolsgold,"[2, 7, 0, 99, 11, 24, 51]","[92, 35, 31]","{""layer_name"": ""linear"", ""weights_by_client"": {""2"": 0.2406145384715495, ""7"": 1.0, ""92"": 0.0, ""35"": 0.0, ""31"": 0.0, ""0"": 0.2406145384715495, ""99"": 1.0, ""11"": 0.898448224694705, ""24"": 1.0, ""51"": 0.898448224694705}}"
431,foolsgold,foolsgold,"[2, 44, 59, 49, 89, 39, 54, 83]","[60, 48]","{""layer_name"": ""linear"", ""weights_by_client"": {""2"": 1.0, ""44"": 1.0, ""59"": 1.0, ""49"": 1.0, ""89"": 0.055741664369713784, ""39"": 0.8805317181823473, ""60"": 0.0, ""48"": 0.0, ""54"": 0.8805317181823473, ""83"": 0.055741664369713784}}"
432,foolsgold,foolsgold,"[3, 47, 96, 25, 18, 76, 83, 62]","[59, 93]","{""layer_name"": ""linear"", ""weights_by_client"": {""3"": 0.5366455707365424, ""47"": 1.0, ""96"": 1.0, ""59"": 0.0, ""25"": 0.5366455707365424, ""93"": 0.0, ""18"": 0.6610007900506406, ""76"": 1.0, ""83"": 1.0, ""62"": 1.0}}"
433,foolsgold,foolsgold,"[3, 39, 11, 98, 67, 42]","[8, 44, 0, 56]","{""layer_name"": ""linear"", ""weights_by_client"": {""3"": 1.0, ""39"": 1.0, ""11"": 1.0, ""98"": 0.3883091954532661, ""8"": 0.0, ""44"": 0.0, ""0"": 0.0, ""56"": 0.0, ""67"": 1.0, ""42"": 0.3883091954532661}}"
434,foolsgold,foolsgold,"[2, 7, 79, 39]","[4, 97, 93, 20, 31, 32]","{""layer_name"": ""linear"", ""weights_by_client"": {""4"": 0.0, ""2"": 1.0, ""97"": 0.0, ""93"": 0.0, ""20"": 0.0, ""31"": 0.0, ""32"": 0.0, ""7"": 1.0, ""79"": 1.0, ""39"": 1.0}}"
435,foolsgold,foolsgold,"[3, 98, 90, 24, 16, 40, 63, 82, 2, 54]",[],"{""layer_name"": ""linear"", ""weights_by_client"": {""3"": 0.18750065627804957, ""98"": 1.0, ""90"": 1.0, ""24"": 1.0, ""16"": 1.0, ""40"": 1.0, ""63"": 0.18750065627804957, ""82"": 1.0, ""2"": 0.5516187662499376, ""54"": 0.5516187662499376}}"
436,foolsgold,foolsgold,"[0, 49, 43, 29, 60, 2, 42, 27, 38, 22]",[],"{""layer_name"": ""linear"", ""weights_by_client"": {""0"": 1.0, ""49"": 0.32773381219454617, ""43"": 1.0, ""29"": 1.0, ""60"": 0.5611943298211313, ""2"": 1.0, ""42"": 0.42715217635743463, ""27"": 0.42715217635743463, ""38"": 0.32773381219454617, ""22"": 0.5611943298211313}}"
437,foolsgold,foolsgold,"[4, 77, 0, 63, 54, 20]","[91, 68, 9, 82]","{""layer_name"": ""linear"", ""weights_by_client"": {""4"": 1.0, ""77"": 0.852144426299789, ""0"": 0.3173230670610413, ""63"": 1.0, ""91"": 0.0, ""68"": 0.0, ""9"": 0.0, ""82"": 0.0, ""54"": 1.0, ""20"": 0.3173230670610413}}"
438,foolsgold,foolsgold,"[4, 26, 8, 74, 15, 46]","[84, 49, 62, 7]","{""layer_name"": ""linear"", ""weights_by_client"": {""4"": 1.0, ""26"": 1.0, ""8"": 0.7789862953327248, ""74"": 1.0, ""84"": 0.0, ""49"": 0.0, ""15"": 0.7789862953327248, ""46"": 1.0, ""62"": 0.0, ""7"": 0.0}}"
439,foolsgold,foolsgold,"[51, 7, 59, 43]","[3, 16, 78, 29, 56, 8]","{""layer_name"": ""linear"", ""weights_by_client"": {""3"": 0.0, ""51"": 1.0, ""16"": 0.0, ""78"": 0.0, ""7"": 1.0, ""29"": 0.0, ""56"": 0.0, ""59"": 1.0, ""8"": 0.0, ""43"": 1.0}}"
440,foolsgold,foolsgold,"[8, 85, 74, 61]","[4, 35, 16, 59, 82, 88]","{""layer_name"": ""linear"", ""weights_by_client"": {""4"": 0.0, ""8"": 1.0, ""35"": 0.0, ""16"": 0.0, ""59"": 0.0, ""85"": 1.0, ""74"": 1.0, ""82"": 0.0, ""88"": 0.0, ""61"": 0.9033438399741831}}"
441,foolsgold,foolsgold,"[56, 14, 53]","[3, 78, 87, 26, 77, 74, 37]","{""layer_name"": ""linear"", ""weights_by_client"": {""3"": 0.0, ""78"": 0.0, ""56"": 0.8199065260079176, ""87"": 0.0, ""26"": 0.0, ""14"": 1.0, ""77"": 0.0, ""74"": 0.0, ""37"": 0.0, ""53"": 1.0}}"
442,foolsgold,foolsgold,"[3, 5, 80, 87, 7, 60]","[73, 50, 71, 35]","{""layer_name"": ""linear"", ""weights_by_client"": {""3"": 0.7595058061713102, ""5"": 0.20803245963579664, ""73"": 0.0, ""80"": 1.0, ""50"": 0.0, ""87"": 0.38953739556485356, ""7"": 1.0, ""71"": 0.0, ""60"": 1.0, ""35"": 0.0}}"
443,foolsgold,foolsgold,"[4, 54, 9, 66, 2, 86, 97]","[20, 78, 29]","{""layer_name"": ""linear"", ""weights_by_client"": {""4"": 1.0, ""54"": 0.6028280228457303, ""9"": 0.3662959587033823, ""20"": 0.0, ""78"": 0.0, ""66"": 1.0, ""29"": 0.0, ""2"": 0.6028280228457303, ""86"": 1.0, ""97"": 0.3662959587033823}}"
444,foolsgold,foolsgold,"[3, 70, 67, 40, 92, 61, 58, 65]","[73, 66]","{""layer_name"": ""linear"", ""weights_by_client"": {""3"": 1.0, ""70"": 1.0, ""67"": 0.8529998526597151, ""40"": 0.9237738456957816, ""92"": 1.0, ""61"": 0.8781756284021287, ""58"": 0.9237738456957816, ""73"": 0.0, ""66"": 0.0, ""65"": 0.8529998526597151}}"
445,foolsgold,foolsgold,"[1, 33, 52, 68, 95, 51]","[28, 59, 45, 80]","{""layer_name"": ""linear"", ""weights_by_client"": {""1"": 1.0, ""33"": 1.0, ""28"": 0.0, ""59"": 0.0, ""45"": 0.0, ""80"": 0.0, ""52"": 1.0, ""68"": 1.0, ""95"": 1.0, ""51"": 1.0}}"
446,foolsgold,foolsgold,"[56, 23, 58, 33, 65, 24, 90, 30]","[4, 88]","{""layer_name"": ""linear"", ""weights_by_client"": {""4"": 0.0, ""88"": 0.0, ""56"": 0.5412571339189999, ""23"": 0.9941737439163494, ""58"": 1.0, ""33"": 0.20607550433383465, ""65"": 0.9941737439163494, ""24"": 1.0, ""90"": 1.0, ""30"": 0.5412571339189999}}"
447,foolsgold,foolsgold,"[0, 5, 92, 57, 9, 33, 63, 43]","[73, 42]","{""layer_name"": ""linear"", ""weights_by_client"": {""0"": 1.0, ""5"": 0.48770275589232853, ""73"": 0.0, ""92"": 0.48770275589232853, ""57"": 0.35376423512572786, ""9"": 1.0, ""42"": 0.0, ""33"": 0.6729739337463333, ""63"": 1.0, ""43"": 1.0}}"
448,foolsgold,foolsgold,"[4, 46, 2, 15, 98, 28, 50, 58]","[25, 20]","{""layer_name"": ""linear"", ""weights_by_client"": {""4"": 0.4796158385537075, ""46"": 1.0, ""2"": 1.0, ""15"": 1.0, ""25"": 0.0, ""98"": 1.0, ""28"": 1.0, ""50"": 0.4796158385537075, ""58"": 1.0, ""20"": 0.0}}"
449,foolsgold,foolsgold,"[9, 49, 58, 67]","[0, 42, 98, 94, 36, 3]","{""layer_name"": ""linear"", ""weights_by_client"": {""0"": 0.0, ""9"": 1.0, ""42"": 0.0, ""49"": 1.0, ""58"": 1.0, ""98"": 0.0, ""94"": 0.0, ""67"": 0.13429129294671727, ""36"": 0.0, ""3"": 0.0}}"
450,foolsgold,foolsgold,"[4, 21, 69, 97, 52, 40, 78, 83]","[24, 38]","{""layer_name"": ""linear"", ""weights_by_client"": {""4"": 1.0, ""21"": 0.1675948832064169, ""69"": 1.0, ""24"": 0.0, ""38"": 0.0, ""97"": 1.0, ""52"": 1.0, ""40"": 1.0, ""78"": 0.9716160413135678, ""83"": 0.1675948832064169}}"
451,foolsgold,foolsgold,"[83, 31, 58, 11, 54, 8]","[0, 42, 73, 36]","{""layer_name"": ""linear"", ""weights_by_client"": {""0"": 0.0, ""83"": 1.0, ""31"": 1.0, ""58"": 1.0, ""11"": 1.0, ""54"": 1.0, ""42"": 0.0, ""8"": 1.0, ""73"": 0.0, ""36"": 0.0}}"
452,foolsgold,foolsgold,"[1, 28, 48, 53, 82, 31, 61]","[85, 14, 73]","{""layer_name"": ""linear"", ""weights_by_client"": {""1"": 1.0, ""85"": 0.0, ""28"": 1.0, ""14"": 0.0, ""48"": 1.0, ""73"": 0.0, ""53"": 1.0, ""82"": 1.0, ""31"": 1.0, ""61"": 1.0}}"
453,foolsgold,foolsgold,"[29, 84, 79, 9, 47]","[4, 11, 16, 14, 66]","{""layer_name"": ""linear"", ""weights_by_client"": {""4"": 0.0, ""11"": 0.0, ""29"": 1.0, ""16"": 0.0, ""84"": 0.3948133523882602, ""79"": 0.0015363880550128273, ""9"": 1.0, ""47"": 1.0, ""14"": 0.0, ""66"": 0.0}}"
454,foolsgold,foolsgold,"[91, 49, 3, 77]","[0, 31, 75, 4, 36, 57]","{""layer_name"": ""linear"", ""weights_by_client"": {""0"": 0.0, ""91"": 0.3609360802421808, ""31"": 0.0, ""49"": 1.0, ""75"": 0.0, ""3"": 0.5475954553527479, ""4"": 0.0, ""36"": 0.0, ""57"": 0.0, ""77"": 0.3609360802421808}}"
455,foolsgold,foolsgold,"[0, 39, 94, 37, 77, 34, 99]","[56, 40, 8]","{""layer_name"": ""linear"", ""weights_by_client"": {""0"": 1.0, ""39"": 1.0, ""56"": 0.0, ""94"": 0.17327499501695348, ""40"": 0.0, ""37"": 0.17327499501695348, ""77"": 0.7040476444407362, ""34"": 1.0, ""8"": 0.0, ""99"": 0.499405797612317}}"
456,foolsgold,foolsgold,"[2, 88, 70, 9, 43, 79]","[13, 78, 98, 29]","{""layer_name"": ""linear"", ""weights_by_client"": {""2"": 1.0, ""88"": 1.0, ""70"": 0.7417424861352637, ""9"": 1.0, ""43"": 0.7417424861352637, ""13"": 0.0, ""78"": 0.0, ""98"": 0.0, ""29"": 0.0, ""79"": 1.0}}"
457,foolsgold,foolsgold,"[2, 20, 64, 72, 81, 80]","[73, 12, 91, 10]","{""layer_name"": ""linear"", ""weights_by_client"": {""2"": 1.0, ""20"": 1.0, ""64"": 1.0, ""72"": 0.5046210286088846, ""73"": 0.0, ""12"": 0.0, ""91"": 0.0, ""81"": 1.0, ""10"": 0.0, ""80"": 1.0}}"
458,foolsgold,foolsgold,"[1, 56, 69, 7, 3, 80, 65, 55]","[77, 87]","{""layer_name"": ""linear"", ""weights_by_client"": {""1"": 0.08741666164654383, ""56"": 0.41018437848494205, ""69"": 0.9398642233368578, ""77"": 0.0, ""7"": 1.0, ""3"": 0.309792013091578, ""80"": 0.08741666164654383, ""65"": 0.7120446979788542, ""55"": 1.0, ""87"": 0.0}}"
459,foolsgold,foolsgold,"[0, 67, 38, 40, 11, 50]","[82, 55, 10, 93]","{""layer_name"": ""linear"", ""weights_by_client"": {""0"": 1.0, ""82"": 0.0, ""55"": 0.0, ""67"": 0.6162019656510931, ""10"": 0.0, ""38"": 1.0, ""40"": 1.0, ""11"": 0.49519609487783983, ""93"": 0.0, ""50"": 1.0}}"
460,foolsgold,foolsgold,"[62, 60, 88, 21]","[0, 14, 98, 20, 78, 36]","{""layer_name"": ""linear"", ""weights_by_client"": {""0"": 0.0, ""14"": 0.0, ""62"": 1.0, ""98"": 0.0, ""60"": 1.0, ""88"": 1.0, ""20"": 0.0, ""78"": 0.0, ""36"": 0.0, ""21"": 0.5989936266462418}}"
461,foolsgold,foolsgold,"[53, 61, 7, 72, 4, 95, 67, 96]","[0, 44]","{""layer_name"": ""linear"", ""weights_by_client"": {""0"": 0.0, ""53"": 0.45104690185108776, ""61"": 0.44011816105881446, ""7"": 1.0, ""72"": 1.0, ""4"": 1.0, ""44"": 0.0, ""95"": 0.14143555525257628, ""67"": 0.44011816105881446, ""96"": 0.14143555525257628}}"
462,foolsgold,foolsgold,"[2, 71, 20, 87, 33, 80, 83, 62]","[36, 1]","{""layer_name"": ""linear"", ""weights_by_client"": {""2"": 1.0, ""71"": 1.0, ""20"": 0.05500862407105128, ""36"": 0.0, ""87"": 0.11701593978361513, ""1"": 0.0, ""33"": 1.0, ""80"": 0.6833301232266293, ""83"": 0.11701593978361513, ""62"": 0.76222139986625}}"
463,foolsgold,foolsgold,"[3, 90, 62, 23, 37, 0]","[92, 88, 76, 42]","{""layer_name"": ""linear"", ""weights_by_client"": {""3"": 1.0, ""92"": 0.0, ""88"": 0.0, ""76"": 0.0, ""90"": 1.0, ""42"": 0.0, ""62"": 1.0, ""23"": 1.0, ""37"": 1.0, ""0"": 1.0}}"
464,foolsgold,foolsgold,"[8, 26, 11, 47, 9, 96, 67, 53]","[0, 30]","{""layer_name"": ""linear"", ""weights_by_client"": {""0"": 0.0, ""30"": 0.0, ""8"": 1.0, ""26"": 0.5292768544697478, ""11"": 0.20814919837063867, ""47"": 1.0, ""9"": 0.5292768544697478, ""96"": 0.3088715840670796, ""67"": 0.20814919837063867, ""53"": 0.3088715840670796}}"
465,foolsgold,foolsgold,"[0, 76, 23, 99]","[58, 45, 72, 78, 56, 20]","{""layer_name"": ""linear"", ""weights_by_client"": {""0"": 0.42134644017720124, ""58"": 0.0, ""45"": 0.0, ""76"": 1.0, ""72"": 0.0, ""78"": 0.0, ""56"": 0.0, ""23"": 1.0, ""99"": 0.14534694126273068, ""20"": 0.0}}"
466,foolsgold,foolsgold,"[2, 79, 39, 82, 60, 54, 83, 35]","[34, 13]","{""layer_name"": ""linear"", ""weights_by_client"": {""2"": 0.3406141939789232, ""79"": 1.0, ""39"": 0.2611059262677018, ""82"": 0.8906405520591975, ""60"": 1.0, ""54"": 0.2611059262677018, ""34"": 0.0, ""83"": 0.8906405520591975, ""13"": 0.0, ""35"": 1.0}}"
467,foolsgold,foolsgold,"[4, 65, 24, 47, 10, 5]","[45, 28, 77, 74]","{""layer_name"": ""linear"", ""weights_by_client"": {""4"": 1.0, ""45"": 0.0, ""65"": 0.6084940801430199, ""28"": 0.0, ""24"": 1.0, ""47"": 0.040859352305141816, ""10"": 1.0, ""77"": 0.0, ""74"": 0.0, ""5"": 0.35550078584002076}}"
468,foolsgold,foolsgold,"[2, 18, 52, 34, 80, 57]","[0, 30, 28, 19]","{""layer_name"": ""linear"", ""weights_by_client"": {""0"": 0.0, ""2"": 1.0, ""18"": 1.0, ""52"": 1.0, ""30"": 0.0, ""28"": 0.0, ""34"": 0.3052614276430371, ""80"": 1.0, ""19"": 0.0, ""57"": 0.3052614276430371}}"
469,foolsgold,foolsgold,"[3, 90, 98, 61, 69, 42, 74, 87]","[8, 40]","{""layer_name"": ""linear"", ""weights_by_client"": {""3"": 1.0, ""90"": 1.0, ""98"": 0.626092277832497, ""61"": 1.0, ""8"": 0.0, ""69"": 1.0, ""42"": 0.626092277832497, ""74"": 1.0, ""40"": 0.0, ""87"": 1.0}}"
470,foolsgold,foolsgold,"[1, 65, 31, 96, 47, 95]","[55, 23, 79, 85]","{""layer_name"": ""linear"", ""weights_by_client"": {""1"": 1.0, ""55"": 0.0, ""65"": 1.0, ""23"": 0.0, ""31"": 1.0, ""79"": 0.0, ""85"": 0.0, ""96"": 0.13903798465668926, ""47"": 1.0, ""95"": 0.13903798465668926}}"
471,foolsgold,foolsgold,"[2, 26, 89, 36, 69, 12]","[34, 33, 24, 31]","{""layer_name"": ""linear"", ""weights_by_client"": {""2"": 1.0, ""34"": 0.0, ""26"": 1.0, ""89"": 0.45561054428172154, ""36"": 1.0, ""33"": 0.0, ""69"": 1.0, ""24"": 0.0, ""12"": 1.0, ""31"": 0.0}}"
472,foolsgold,foolsgold,"[82, 41, 83, 62, 52, 78]","[4, 0, 16, 44]","{""layer_name"": ""linear"", ""weights_by_client"": {""4"": 0.0, ""82"": 1.0, ""0"": 0.0, ""16"": 0.0, ""41"": 1.0, ""83"": 0.867078330965827, ""44"": 0.0, ""62"": 0.35535215686748295, ""52"": 0.35535215686748295, ""78"": 0.24740551241206837}}"
473,foolsgold,foolsgold,"[2, 48, 80, 47]","[13, 87, 14, 27, 70, 98]","{""layer_name"": ""linear"", ""weights_by_client"": {""2"": 1.0, ""13"": 0.0, ""87"": 0.0, ""48"": 1.0, ""14"": 0.0, ""27"": 0.0, ""80"": 1.0, ""70"": 0.0, ""98"": 0.0, ""47"": 1.0}}"
474,foolsgold,foolsgold,"[2, 32, 47, 1, 65, 28]","[21, 27, 61, 98]","{""layer_name"": ""linear"", ""weights_by_client"": {""2"": 1.0, ""32"": 1.0, ""21"": 0.0, ""27"": 0.0, ""61"": 0.0, ""47"": 0.2900054743143793, ""1"": 1.0, ""65"": 0.9400845149216274, ""98"": 0.0, ""28"": 0.2900054743143793}}"
475,foolsgold,foolsgold,"[64, 41]","[4, 32, 16, 60, 22, 20, 88, 92]","{""layer_name"": ""linear"", ""weights_by_client"": {""4"": 0.0, ""64"": 1.0, ""32"": 0.0, ""16"": 0.0, ""60"": 0.0, ""41"": 1.0, ""22"": 0.0, ""20"": 0.0, ""88"": 0.0, ""92"": 0.0}}"
476,foolsgold,foolsgold,"[19, 90, 95]","[1, 36, 31, 33, 13, 27, 73]","{""layer_name"": ""linear"", ""weights_by_client"": {""1"": 0.0, ""19"": 1.0, ""36"": 0.0, ""31"": 0.0, ""33"": 0.0, ""90"": 1.0, ""13"": 0.0, ""95"": 1.0, ""27"": 0.0, ""73"": 0.0}}"
477,foolsgold,foolsgold,"[2, 95, 62, 74, 56, 22, 0, 63]","[42, 71]","{""layer_name"": ""linear"", ""weights_by_client"": {""2"": 0.2259420208935375, ""95"": 1.0, ""62"": 1.0, ""74"": 1.0, ""56"": 0.4680339560813687, ""42"": 0.0, ""22"": 1.0, ""71"": 0.0, ""0"": 0.2259420208935375, ""63"": 1.0}}"
478,foolsgold,foolsgold,"[1, 48, 2, 54, 91, 34, 89, 42]","[29, 3]","{""layer_name"": ""linear"", ""weights_by_client"": {""1"": 1.0, ""29"": 0.0, ""48"": 0.22003925179064326, ""3"": 0.0, ""2"": 0.8689039367396754, ""54"": 0.8689039367396754, ""91"": 0.22003925179064326, ""34"": 0.8174447182903697, ""89"": 1.0, ""42"": 0.8174447182903697}}"
479,foolsgold,foolsgold,"[2, 93, 40, 22, 38, 61]","[67, 6, 79, 87]","{""layer_name"": ""linear"", ""weights_by_client"": {""2"": 1.0, ""93"": 0.09736744897840177, ""67"": 0.0, ""6"": 0.0, ""40"": 1.0, ""22"": 0.09736744897840177, ""79"": 0.0, ""38"": 0.10356002880908444, ""61"": 0.18238380155919975, ""87"": 0.0}}"
480,foolsgold,foolsgold,"[4, 21, 67, 95, 57, 96]","[49, 24, 47, 45]","{""layer_name"": ""linear"", ""weights_by_client"": {""4"": 1.0, ""21"": 0.9260703576780172, ""67"": 0.9260703576780172, ""49"": 0.0, ""24"": 0.0, ""47"": 0.0, ""95"": 0.36772113810423346, ""45"": 0.0, ""57"": 1.0, ""96"": 0.36772113810423346}}"
481,foolsgold,foolsgold,"[74, 96, 55, 97]","[1, 25, 94, 58, 3, 99]","{""layer_name"": ""linear"", ""weights_by_client"": {""1"": 0.0, ""74"": 1.0, ""25"": 0.0, ""94"": 0.0, ""96"": 1.0, ""58"": 0.0, ""3"": 0.0, ""99"": 0.0, ""55"": 1.0, ""97"": 1.0}}"
482,foolsgold,foolsgold,"[1, 47, 65, 60, 28, 3]","[81, 82, 93, 49]","{""layer_name"": ""linear"", ""weights_by_client"": {""1"": 0.4006077961377735, ""81"": 0.0, ""82"": 0.0, ""47"": 0.40455166210787996, ""65"": 1.0, ""60"": 1.0, ""93"": 0.0, ""28"": 0.40455166210787996, ""49"": 0.0, ""3"": 0.4006077961377735}}"
483,foolsgold,foolsgold,"[4, 87, 54, 97]","[8, 48, 46, 69, 18, 19]","{""layer_name"": ""linear"", ""weights_by_client"": {""4"": 1.0, ""8"": 0.0, ""48"": 0.0, ""46"": 0.0, ""69"": 0.0, ""18"": 0.0, ""87"": 0.5323264582095029, ""54"": 1.0, ""19"": 0.0, ""97"": 1.0}}"
484,foolsgold,foolsgold,"[1, 86, 11, 53, 3, 9]","[91, 59, 48, 26]","{""layer_name"": ""linear"", ""weights_by_client"": {""1"": 0.2634831500876431, ""91"": 0.0, ""86"": 1.0, ""11"": 1.0, ""53"": 1.0, ""59"": 0.0, ""48"": 0.0, ""3"": 0.3899293650616178, ""9"": 0.5633042026748258, ""26"": 0.0}}"
485,foolsgold,foolsgold,"[82, 96, 4, 28, 39, 13]","[1, 58, 99, 37]","{""layer_name"": ""linear"", ""weights_by_client"": {""1"": 0.0, ""82"": 1.0, ""58"": 0.0, ""96"": 0.011275173150747664, ""4"": 1.0, ""28"": 1.0, ""39"": 0.011275173150747664, ""99"": 0.0, ""13"": 1.0, ""37"": 0.0}}"
486,foolsgold,foolsgold,"[3, 44, 97, 90, 70, 66, 87, 54]","[62, 49]","{""layer_name"": ""linear"", ""weights_by_client"": {""3"": 1.0, ""62"": 0.0, ""44"": 1.0, ""97"": 1.0, ""49"": 0.0, ""90"": 1.0, ""70"": 0.09030642106737152, ""66"": 1.0, ""87"": 0.09030642106737152, ""54"": 1.0}}"
487,foolsgold,foolsgold,"[1, 95, 63, 12, 31, 57, 76, 69, 61, 2]",[],"{""layer_name"": ""linear"", ""weights_by_client"": {""1"": 0.667628052234148, ""95"": 1.0, ""63"": 0.14621319731910803, ""12"": 1.0, ""31"": 1.0, ""57"": 0.2507317994533211, ""76"": 0.2507317994533211, ""69"": 0.667628052234148, ""61"": 0.14621319731910803, ""2"": 1.0}}"
488,foolsgold,foolsgold,"[4, 43, 65, 70]","[3, 89, 32, 24, 75, 71]","{""layer_name"": ""linear"", ""weights_by_client"": {""4"": 1.0, ""3"": 0.0, ""89"": 0.0, ""43"": 1.0, ""32"": 0.0, ""65"": 0.35644983563957555, ""24"": 0.0, ""70"": 1.0, ""75"": 0.0, ""71"": 0.0}}"
489,foolsgold,foolsgold,"[0, 91, 84, 85, 50, 43]","[23, 20, 29, 79]","{""layer_name"": ""linear"", ""weights_by_client"": {""0"": 0.7308158415538494, ""23"": 0.0, ""91"": 1.0, ""20"": 0.0, ""84"": 1.0, ""29"": 0.0, ""85"": 1.0, ""79"": 0.0, ""50"": 1.0, ""43"": 1.0}}"
490,foolsgold,foolsgold,"[96, 47, 25, 98]","[3, 89, 83, 63, 50, 35]","{""layer_name"": ""linear"", ""weights_by_client"": {""3"": 0.0, ""89"": 0.0, ""96"": 1.0, ""47"": 1.0, ""25"": 0.007086860089982883, ""98"": 1.0, ""83"": 0.0, ""63"": 0.0, ""50"": 0.0, ""35"": 0.0}}"
491,foolsgold,foolsgold,"[2, 43, 15, 21, 81, 42, 50, 20, 22, 1]",[],"{""layer_name"": ""linear"", ""weights_by_client"": {""2"": 0.7144268340289256, ""43"": 1.0, ""15"": 0.6544214027093036, ""21"": 0.17848992602973573, ""81"": 1.0, ""42"": 1.0, ""50"": 0.17848992602973573, ""20"": 0.23154587786298025, ""22"": 1.0, ""1"": 0.8475176558406496}}"
492,foolsgold,foolsgold,"[4, 36, 99, 53, 33, 87, 35, 17]","[85, 27]","{""layer_name"": ""linear"", ""weights_by_client"": {""4"": 0.11325057923257487, ""85"": 0.0, ""27"": 0.0, ""36"": 1.0, ""99"": 1.0, ""53"": 1.0, ""33"": 0.537436266600494, ""87"": 1.0, ""35"": 0.11325057923257487, ""17"": 1.0}}"
493,foolsgold,foolsgold,"[94, 50, 16, 67, 8, 58]","[4, 73, 88, 27]","{""layer_name"": ""linear"", ""weights_by_client"": {""4"": 0.0, ""73"": 0.0, ""88"": 0.0, ""94"": 0.41148207137949766, ""50"": 1.0, ""16"": 0.35696750285363144, ""27"": 0.0, ""67"": 0.41148207137949766, ""8"": 1.0, ""58"": 1.0}}"
494,foolsgold,foolsgold,"[0, 72, 87, 49, 56, 84]","[6, 94, 73, 76]","{""layer_name"": ""linear"", ""weights_by_client"": {""0"": 0.39613415036272837, ""72"": 1.0, ""87"": 0.31892900315092754, ""49"": 1.0, ""6"": 0.0, ""94"": 0.0, ""56"": 0.39613415036272837, ""73"": 0.0, ""76"": 0.0, ""84"": 1.0}}"
495,foolsgold,foolsgold,"[1, 78, 77, 34, 44, 5, 50, 68]","[10, 85]","{""layer_name"": ""linear"", ""weights_by_client"": {""1"": 0.22641313332855367, ""78"": 0.9209783976735937, ""77"": 1.0, ""34"": 0.11517398223942693, ""44"": 0.22641313332855367, ""10"": 0.0, ""5"": 1.0, ""50"": 1.0, ""85"": 0.0, ""68"": 1.0}}"
496,foolsgold,foolsgold,"[1, 93, 20, 19, 49, 94]","[67, 79, 10, 75]","{""layer_name"": ""linear"", ""weights_by_client"": {""1"": 0.7271577025272496, ""67"": 0.0, ""93"": 1.0, ""20"": 0.5722837828204417, ""79"": 0.0, ""19"": 1.0, ""10"": 0.0, ""49"": 1.0, ""75"": 0.0, ""94"": 0.13793443804023542}}"
497,foolsgold,foolsgold,"[3, 1, 40, 89, 24, 63, 65, 48, 90, 64]",[],"{""layer_name"": ""linear"", ""weights_by_client"": {""3"": 1.0, ""1"": 1.0, ""40"": 0.40538319289116675, ""89"": 1.0, ""24"": 1.0, ""63"": 0.12170878246802569, ""65"": 1.0, ""48"": 0.40538319289116675, ""90"": 1.0, ""64"": 0.12170878246802569}}"
498,foolsgold,foolsgold,"[54, 84, 2, 47]","[0, 97, 8, 32, 25, 82]","{""layer_name"": ""linear"", ""weights_by_client"": {""0"": 0.0, ""97"": 0.0, ""8"": 0.0, ""32"": 0.0, ""54"": 0.21466513765203854, ""84"": 1.0, ""25"": 0.0, ""82"": 0.0, ""2"": 0.21466513765203854, ""47"": 1.0}}"
499,foolsgold,foolsgold,"[3, 77, 43, 84, 97, 23, 81, 5]","[54, 41]","{""layer_name"": ""linear"", ""weights_by_client"": {""3"": 0.6699187304680226, ""77"": 0.6682242338274224, ""43"": 0.6682242338274224, ""84"": 1.0, ""97"": 0.8608135158220207, ""54"": 0.0, ""23"": 0.8485880852826484, ""41"": 0.0, ""81"": 0.8608135158220207, ""5"": 1.0}}"
500,foolsgold,foolsgold,"[4, 50, 79, 39, 18, 28, 41, 22]","[10, 71]","{""layer_name"": ""linear"", ""weights_by_client"": {""4"": 0.11409226858573207, ""50"": 0.11409226858573207, ""79"": 1.0, ""39"": 0.12920817658279232, ""10"": 0.0, ""18"": 0.8407176002266266, ""28"": 1.0, ""41"": 0.12920817658279232, ""22"": 1.0, ""71"": 0.0}}"
